phase,model,job_count,simplified_iters,collision_iters,runs,failures,valid_runs,valid_rate,mean_makespan,mean_feasible_makespan,std_feasible_makespan,mean_paired_makespan_ratio,mean_inference_time,mean_simplified_time,mean_collision_time,mean_postprocess_time,mean_total_time
tune,attention,20,0,0,30,0,30,1.000000000,175.100000000,175.100000000,14.286007140,1.000000000,0.100410059,0.000000000,0.000000000,0.000000000,0.100410059
tune,attention,20,0,10,30,0,30,1.000000000,168.600000000,168.600000000,14.952368820,0.963069974,0.100410059,0.000000000,0.061879874,0.061879874,0.162289933
tune,attention,20,0,25,30,0,30,1.000000000,165.133333333,165.133333333,16.231108677,0.942890468,0.100410059,0.000000000,0.152528776,0.152528776,0.252938836
tune,attention,20,0,50,30,0,30,1.000000000,161.766666667,161.766666667,15.173844455,0.924245099,0.100410059,0.000000000,0.296632072,0.296632072,0.397042131
tune,attention,20,0,100,30,0,30,1.000000000,157.133333333,157.133333333,14.157997347,0.898762292,0.100410059,0.000000000,0.593018485,0.593018485,0.693428544
tune,attention,20,0,200,30,0,30,1.000000000,152.433333333,152.433333333,13.780864350,0.872398955,0.100410059,0.000000000,1.183607258,1.183607258,1.284017318
tune,attention,20,100,0,30,0,30,1.000000000,162.266666667,162.266666667,14.608064744,0.927456390,0.100410059,0.017932201,0.000000000,0.017932201,0.118342261
tune,attention,20,100,10,30,0,30,1.000000000,160.100000000,160.100000000,13.780058055,0.915171293,0.100410059,0.017953139,0.067414786,0.085367925,0.185777984
tune,attention,20,100,25,30,0,30,1.000000000,159.433333333,159.433333333,13.693510223,0.911310907,0.100410059,0.017815917,0.165326492,0.183142408,0.283552468
tune,attention,20,100,50,30,0,30,1.000000000,158.333333333,158.333333333,13.758229860,0.905079800,0.100410059,0.017883557,0.316036535,0.333920092,0.434330151
tune,attention,20,100,100,30,0,30,1.000000000,154.600000000,154.600000000,14.618709473,0.883697065,0.100410059,0.017819869,0.644357846,0.662177714,0.762587774
tune,attention,20,100,200,30,0,30,1.000000000,150.900000000,150.900000000,15.319595295,0.862151042,0.100410059,0.017858914,1.255984834,1.273843748,1.374253807
tune,attention,20,250,0,30,0,30,1.000000000,155.933333333,155.933333333,13.251247321,0.891569961,0.100410059,0.044342112,0.000000000,0.044342112,0.144752171
tune,attention,20,250,10,30,0,30,1.000000000,155.033333333,155.033333333,12.828310705,0.886610436,0.100410059,0.044159427,0.066092451,0.110251878,0.210661938
tune,attention,20,250,25,30,0,30,1.000000000,153.900000000,153.900000000,12.480251066,0.880291404,0.100410059,0.044241541,0.156365468,0.200607008,0.301017068
tune,attention,20,250,50,30,0,30,1.000000000,152.733333333,152.733333333,12.540423526,0.873634785,0.100410059,0.044310487,0.316294517,0.360605003,0.461015063
tune,attention,20,250,100,30,0,30,1.000000000,151.566666667,151.566666667,11.825631296,0.867136153,0.100410059,0.044361639,0.620514040,0.664875679,0.765285739
tune,attention,20,250,200,30,0,30,1.000000000,149.233333333,149.233333333,13.050372494,0.853278932,0.100410059,0.044361163,1.224847837,1.269209000,1.369619059
tune,attention,20,500,0,30,0,30,1.000000000,151.433333333,151.433333333,11.623778311,0.867139315,0.100410059,0.087997638,0.000000000,0.087997638,0.188407697
tune,attention,20,500,10,30,0,30,1.000000000,150.833333333,150.833333333,11.162685858,0.863849516,0.100410059,0.087886777,0.063220077,0.151106854,0.251516914
tune,attention,20,500,25,30,0,30,1.000000000,150.800000000,150.800000000,11.175568591,0.863642477,0.100410059,0.087743124,0.152727674,0.240470798,0.340880857
tune,attention,20,500,50,30,0,30,1.000000000,150.166666667,150.166666667,10.918129673,0.860056066,0.100410059,0.087816580,0.308228107,0.396044686,0.496454746
tune,attention,20,500,100,30,0,30,1.000000000,149.233333333,149.233333333,10.704152880,0.854651282,0.100410059,0.087922576,0.602565219,0.690487795,0.790897855
tune,attention,20,500,200,30,0,30,1.000000000,147.900000000,147.900000000,11.112605455,0.846858021,0.100410059,0.087898981,1.193102191,1.281001172,1.381411231
tune,attention,20,1000,0,30,0,30,1.000000000,149.166666667,149.166666667,11.555902773,0.854175090,0.100410059,0.176089098,0.000000000,0.176089098,0.276499157
tune,attention,20,1000,10,30,0,30,1.000000000,148.566666667,148.566666667,11.403751819,0.850607243,0.100410059,0.175170665,0.064384975,0.239555640,0.339965699
tune,attention,20,1000,25,30,0,30,1.000000000,148.200000000,148.200000000,11.585623275,0.848403537,0.100410059,0.174846676,0.152774838,0.327621514,0.428031574
tune,attention,20,1000,50,30,0,30,1.000000000,147.933333333,147.933333333,11.675996270,0.846916520,0.100410059,0.175220893,0.307044082,0.482264975,0.582675034
tune,attention,20,1000,100,30,0,30,1.000000000,147.366666667,147.366666667,11.142959910,0.843851212,0.100410059,0.175271270,0.586461352,0.761732623,0.862142682
tune,attention,20,1000,200,30,0,30,1.000000000,146.833333333,146.833333333,11.316899850,0.840672519,0.100410059,0.175560880,1.148216075,1.323776955,1.424187015
tune,attention,20,2000,0,30,0,30,1.000000000,147.733333333,147.733333333,12.181771446,0.845414945,0.100410059,0.351976564,0.000000000,0.351976564,0.452386624
tune,attention,20,2000,10,30,0,30,1.000000000,147.166666667,147.166666667,11.952916892,0.842273272,0.100410059,0.351942385,0.066014165,0.417956549,0.518366609
tune,attention,20,2000,25,30,0,30,1.000000000,146.800000000,146.800000000,12.073110618,0.840045437,0.100410059,0.352478685,0.151154347,0.503633031,0.604043091
tune,attention,20,2000,50,30,0,30,1.000000000,146.600000000,146.600000000,12.004443622,0.838920874,0.100410059,0.352368463,0.284329537,0.636697999,0.737108059
tune,attention,20,2000,100,30,0,30,1.000000000,146.233333333,146.233333333,11.494008101,0.837005006,0.100410059,0.352951582,0.569830401,0.922781983,1.023192042
tune,attention,20,2000,200,30,0,30,1.000000000,145.933333333,145.933333333,11.546812932,0.835223368,0.100410059,0.353851067,1.123557446,1.477408513,1.577818573
tune,attention,40,0,0,30,0,24,0.800000000,332.600000000,317.375000000,12.409044081,1.000000000,0.134011216,0.000000000,0.000000000,0.000000000,0.134011216
tune,attention,40,0,10,30,0,30,1.000000000,317.033333333,317.033333333,19.324394485,0.957837234,0.134011216,0.000000000,0.183310747,0.183310747,0.317321963
tune,attention,40,0,25,30,0,30,1.000000000,313.133333333,313.133333333,16.261884543,0.947052141,0.134011216,0.000000000,0.388805744,0.388805744,0.522816960
tune,attention,40,0,50,30,0,30,1.000000000,307.366666667,307.366666667,16.592133344,0.929810603,0.134011216,0.000000000,0.718173899,0.718173899,0.852185115
tune,attention,40,0,100,30,0,30,1.000000000,302.333333333,302.333333333,17.115944483,0.914632689,0.134011216,0.000000000,1.338108468,1.338108468,1.472119684
tune,attention,40,0,200,30,0,30,1.000000000,297.066666667,297.066666667,16.572936439,0.899154477,0.134011216,0.000000000,2.509102481,2.509102481,2.643113697
tune,attention,40,100,0,30,0,29,0.966666667,306.533333333,304.206896552,16.826455587,0.927898741,0.134011216,0.042046416,0.000000000,0.042046416,0.176057632
tune,attention,40,100,10,30,0,30,1.000000000,302.333333333,302.333333333,16.154118842,0.916149987,0.134011216,0.041951439,0.139247110,0.181198549,0.315209765
tune,attention,40,100,25,30,0,30,1.000000000,301.133333333,301.133333333,16.134297492,0.912507978,0.134011216,0.042040978,0.335540064,0.377581043,0.511592259
tune,attention,40,100,50,30,0,30,1.000000000,298.866666667,298.866666667,16.362015632,0.905702445,0.134011216,0.042058624,0.642499467,0.684558090,0.818569306
tune,attention,40,100,100,30,0,30,1.000000000,296.533333333,296.533333333,15.991108641,0.898627155,0.134011216,0.042096142,1.241265946,1.283362089,1.417373305
tune,attention,40,100,200,30,0,30,1.000000000,292.366666667,292.366666667,16.168865830,0.885756320,0.134011216,0.042049281,2.394936333,2.436985615,2.570996831
tune,attention,40,250,0,30,0,29,0.966666667,297.966666667,295.344827586,16.047936514,0.902506023,0.134011216,0.104820983,0.000000000,0.104820983,0.238832199
tune,attention,40,250,10,30,0,30,1.000000000,294.800000000,294.800000000,16.289874155,0.893735474,0.134011216,0.104819786,0.130697203,0.235516989,0.369528205
tune,attention,40,250,25,30,0,30,1.000000000,293.900000000,293.900000000,16.533501343,0.890924326,0.134011216,0.104656757,0.322317048,0.426973805,0.560985021
tune,attention,40,250,50,30,0,30,1.000000000,293.000000000,293.000000000,16.548917387,0.888180258,0.134011216,0.104431208,0.608945852,0.713377061,0.847388277
tune,attention,40,250,100,30,0,30,1.000000000,291.166666667,291.166666667,16.510770895,0.882705149,0.134011216,0.104566112,1.187596081,1.292162193,1.426173409
tune,attention,40,250,200,30,0,30,1.000000000,288.833333333,288.833333333,17.391728558,0.875759307,0.134011216,0.104793917,2.272453503,2.377247420,2.511258636
tune,attention,40,500,0,30,0,29,0.966666667,290.966666667,288.137931034,17.331900304,0.880611896,0.134011216,0.208950087,0.000000000,0.208950087,0.342961303
tune,attention,40,500,10,30,0,30,1.000000000,288.366666667,288.366666667,17.221078815,0.873701607,0.134011216,0.207879922,0.115200007,0.323079928,0.457091144
tune,attention,40,500,25,30,0,30,1.000000000,287.966666667,287.966666667,17.363723359,0.872547521,0.134011216,0.207941329,0.290770464,0.498711793,0.632723009
tune,attention,40,500,50,30,0,30,1.000000000,286.533333333,286.533333333,17.448463797,0.868511801,0.134011216,0.208141684,0.550532180,0.758673864,0.892685080
tune,attention,40,500,100,30,0,30,1.000000000,285.033333333,285.033333333,17.327210457,0.863876636,0.134011216,0.208519296,1.077508886,1.286028181,1.420039397
tune,attention,40,500,200,30,0,30,1.000000000,282.100000000,282.100000000,17.855624697,0.855379905,0.134011216,0.208164033,2.067527937,2.275691970,2.409703186
tune,attention,40,1000,0,30,0,29,0.966666667,285.100000000,282.344827586,18.521703694,0.864518821,0.134011216,0.418461594,0.000000000,0.418461594,0.552472810
tune,attention,40,1000,10,30,0,30,1.000000000,282.533333333,282.533333333,18.165412801,0.856351613,0.134011216,0.417786443,0.111519728,0.529306171,0.663317387
tune,attention,40,1000,25,30,0,30,1.000000000,281.733333333,281.733333333,18.108806943,0.853825767,0.134011216,0.417199828,0.257225307,0.674425135,0.808436351
tune,attention,40,1000,50,30,0,30,1.000000000,280.933333333,280.933333333,17.841773704,0.851360459,0.134011216,0.417579033,0.509958830,0.927537863,1.061549079
tune,attention,40,1000,100,30,0,30,1.000000000,279.933333333,279.933333333,17.372263973,0.848294999,0.134011216,0.417161081,1.011141650,1.428302731,1.562313947
tune,attention,40,1000,200,30,0,30,1.000000000,278.733333333,278.733333333,17.738720986,0.844666030,0.134011216,0.416445699,1.967039129,2.383484827,2.517496043
tune,attention,40,2000,0,30,0,30,1.000000000,276.566666667,276.566666667,16.936515449,0.838039964,0.134011216,0.836154580,0.000000000,0.836154580,0.970165796
tune,attention,40,2000,10,30,0,30,1.000000000,276.300000000,276.300000000,17.025764789,0.837253795,0.134011216,0.837834297,0.107221466,0.945055763,1.079066979
tune,attention,40,2000,25,30,0,30,1.000000000,276.266666667,276.266666667,17.040996319,0.837149629,0.134011216,0.836641953,0.249878283,1.086520235,1.220531451
tune,attention,40,2000,50,30,0,30,1.000000000,275.166666667,275.166666667,16.536995562,0.833828430,0.134011216,0.839078130,0.491312196,1.330390326,1.464401542
tune,attention,40,2000,100,30,0,30,1.000000000,274.433333333,274.433333333,16.698669275,0.831592218,0.134011216,0.840047538,0.979542728,1.819590267,1.953601483
tune,attention,40,2000,200,30,0,30,1.000000000,272.733333333,272.733333333,16.472063893,0.826663298,0.134011216,0.839007858,1.936264299,2.775272157,2.909283373
tune,attention,60,0,0,30,0,27,0.900000000,469.700000000,460.555555556,26.621257634,1.000000000,0.199259217,0.000000000,0.000000000,0.000000000,0.199259217
tune,attention,60,0,10,30,0,30,1.000000000,463.933333333,463.933333333,30.359988289,0.988959900,0.199259217,0.000000000,0.217852974,0.217852974,0.417112191
tune,attention,60,0,25,30,0,30,1.000000000,460.466666667,460.466666667,25.989399548,0.982324120,0.199259217,0.000000000,0.507985766,0.507985766,0.707244983
tune,attention,60,0,50,30,0,30,1.000000000,456.033333333,456.033333333,22.960086140,0.973389243,0.199259217,0.000000000,0.980927918,0.980927918,1.180187135
tune,attention,60,0,100,30,0,30,1.000000000,452.200000000,452.200000000,23.893374256,0.965119333,0.199259217,0.000000000,1.887495584,1.887495584,2.086754801
tune,attention,60,0,200,30,0,30,1.000000000,445.300000000,445.300000000,22.764226321,0.950810346,0.199259217,0.000000000,3.686923394,3.686923394,3.886182611
tune,attention,60,100,0,30,0,28,0.933333333,455.566666667,448.821428571,23.456728507,0.970961425,0.199259217,0.075652905,0.000000000,0.075652905,0.274912122
tune,attention,60,100,10,30,0,30,1.000000000,451.700000000,451.700000000,26.257887704,0.963803446,0.199259217,0.075485522,0.195693933,0.271179456,0.470438673
tune,attention,60,100,25,30,0,30,1.000000000,448.600000000,448.600000000,23.794397100,0.957595782,0.199259217,0.075420895,0.479658909,0.555079804,0.754339021
tune,attention,60,100,50,30,0,30,1.000000000,446.500000000,446.500000000,22.601991063,0.953357864,0.199259217,0.075323349,0.921461412,0.996784762,1.196043979
tune,attention,60,100,100,30,0,30,1.000000000,443.433333333,443.433333333,20.508020111,0.947091543,0.199259217,0.075311828,1.770778469,1.846090297,2.045349514
tune,attention,60,100,200,30,0,30,1.000000000,438.266666667,438.266666667,16.802645294,0.936777750,0.199259217,0.075564941,3.425396929,3.500961870,3.700221087
tune,attention,60,250,0,30,0,27,0.900000000,450.666666667,439.296296296,18.902899669,0.960340055,0.199259217,0.186887773,0.000000000,0.186887773,0.386146990
tune,attention,60,250,10,30,0,30,1.000000000,446.666666667,446.666666667,31.182616240,0.952845475,0.199259217,0.187075745,0.207182710,0.394258454,0.593517671
tune,attention,60,250,25,30,0,30,1.000000000,442.566666667,442.566666667,23.574963179,0.944955910,0.199259217,0.186526030,0.478527365,0.665053396,0.864312613
tune,attention,60,250,50,30,0,30,1.000000000,441.033333333,441.033333333,22.656100478,0.941851536,0.199259217,0.186533309,0.925533125,1.112066434,1.311325651
tune,attention,60,250,100,30,0,30,1.000000000,438.633333333,438.633333333,22.127634809,0.936870064,0.199259217,0.186639017,1.783494962,1.970133978,2.169393195
tune,attention,60,250,200,30,0,30,1.000000000,436.466666667,436.466666667,21.426981952,0.932438131,0.199259217,0.186200101,3.400616467,3.586816568,3.786075785
tune,attention,60,500,0,30,0,28,0.933333333,441.100000000,434.428571429,18.906591011,0.940651070,0.199259217,0.369226500,0.000000000,0.369226500,0.568485717
tune,attention,60,500,10,30,0,30,1.000000000,436.766666667,436.766666667,21.780240790,0.932632469,0.199259217,0.368321632,0.192306470,0.560628102,0.759887319
tune,attention,60,500,25,30,0,30,1.000000000,435.600000000,435.600000000,21.618818962,0.930144506,0.199259217,0.368862195,0.453866605,0.822728800,1.021988017
tune,attention,60,500,50,30,0,30,1.000000000,434.633333333,434.633333333,21.624805715,0.928041131,0.199259217,0.369464525,0.862145508,1.231610033,1.430869250
tune,attention,60,500,100,30,0,30,1.000000000,431.966666667,431.966666667,18.939347636,0.922782392,0.199259217,0.369099001,1.649501774,2.018600775,2.217859992
tune,attention,60,500,200,30,0,30,1.000000000,428.633333333,428.633333333,18.863515638,0.915709352,0.199259217,0.369490523,3.190497353,3.559987877,3.759247093
tune,attention,60,1000,0,30,0,30,1.000000000,428.433333333,428.433333333,19.137543091,0.915293221,0.199259217,0.739898956,0.000000000,0.739898956,0.939158173
tune,attention,60,1000,10,30,0,30,1.000000000,427.266666667,427.266666667,18.467869997,0.912966380,0.199259217,0.739196157,0.188031581,0.927227738,1.126486955
tune,attention,60,1000,25,30,0,30,1.000000000,426.300000000,426.300000000,17.931629411,0.910950108,0.199259217,0.740554936,0.425739716,1.166294652,1.365553869
tune,attention,60,1000,50,30,0,30,1.000000000,425.833333333,425.833333333,17.618330101,0.909964426,0.199259217,0.742732010,0.827013345,1.569745355,1.769004572
tune,attention,60,1000,100,30,0,30,1.000000000,424.500000000,424.500000000,17.536153132,0.907087341,0.199259217,0.741988177,1.606848047,2.348836224,2.548095441
tune,attention,60,1000,200,30,0,30,1.000000000,422.266666667,422.266666667,16.516523713,0.902358247,0.199259217,0.739886105,3.106013718,3.845899823,4.045159040
tune,attention,60,2000,0,30,0,29,0.966666667,421.633333333,418.275862069,17.723735404,0.900941587,0.199259217,1.486938103,0.000000000,1.486938103,1.686197320
tune,attention,60,2000,10,30,0,30,1.000000000,419.300000000,419.300000000,19.328993766,0.896087195,0.199259217,1.476989201,0.173053611,1.650042813,1.849302030
tune,attention,60,2000,25,30,0,30,1.000000000,418.200000000,418.200000000,19.310446223,0.893687096,0.199259217,1.473017878,0.415293109,1.888310987,2.087570204
tune,attention,60,2000,50,30,0,30,1.000000000,418.100000000,418.100000000,19.300000000,0.893467793,0.199259217,1.477423180,0.784185644,2.261608823,2.460868040
tune,attention,60,2000,100,30,0,30,1.000000000,417.200000000,417.200000000,19.119623427,0.891547285,0.199259217,1.477984725,1.541509946,3.019494671,3.218753888
tune,attention,60,2000,200,30,0,30,1.000000000,415.800000000,415.800000000,19.218740854,0.888511459,0.199259217,1.480240972,3.077593997,4.557834968,4.757094185
tune,attention,80,0,0,30,0,27,0.900000000,640.600000000,627.888888889,20.267348916,1.000000000,0.265349174,0.000000000,0.000000000,0.000000000,0.265349174
tune,attention,80,0,10,30,0,29,0.966666667,631.333333333,627.862068966,25.382214976,0.986837501,0.265349174,0.000000000,0.414675166,0.414675166,0.680024340
tune,attention,80,0,25,30,0,30,1.000000000,626.733333333,626.733333333,26.209328280,0.980090153,0.265349174,0.000000000,0.937766224,0.937766224,1.203115398
tune,attention,80,0,50,30,0,30,1.000000000,622.433333333,622.433333333,24.064750616,0.973607146,0.265349174,0.000000000,1.751676805,1.751676805,2.017025979
tune,attention,80,0,100,30,0,30,1.000000000,616.000000000,616.000000000,24.558773042,0.963513574,0.265349174,0.000000000,3.339029080,3.339029080,3.604378254
tune,attention,80,0,200,30,0,30,1.000000000,606.866666667,606.866666667,23.570791718,0.949377688,0.265349174,0.000000000,6.196107797,6.196107797,6.461456971
tune,attention,80,100,0,30,0,27,0.900000000,626.066666667,613.962962963,23.118825873,0.977319729,0.265349174,0.115120028,0.000000000,0.115120028,0.380469202
tune,attention,80,100,10,30,0,30,1.000000000,618.400000000,618.400000000,27.055005698,0.966991183,0.265349174,0.115105710,0.377727113,0.492832822,0.758181996
tune,attention,80,100,25,30,0,30,1.000000000,615.833333333,615.833333333,26.286984528,0.963109807,0.265349174,0.115054200,0.842257681,0.957311881,1.222661055
tune,attention,80,100,50,30,0,30,1.000000000,613.000000000,613.000000000,25.285041691,0.958845005,0.265349174,0.115324517,1.626949245,1.742273762,2.007622936
tune,attention,80,100,100,30,0,30,1.000000000,609.400000000,609.400000000,23.714411933,0.953492572,0.265349174,0.115383956,3.118132954,3.233516911,3.498866085
tune,attention,80,100,200,30,0,30,1.000000000,600.866666667,600.866666667,22.943021210,0.940376011,0.265349174,0.115289466,5.939917034,6.055206500,6.320555674
tune,attention,80,250,0,30,0,29,0.966666667,610.700000000,607.241379310,24.738153100,0.954901808,0.265349174,0.287286603,0.000000000,0.287286603,0.552635777
tune,attention,80,250,10,30,0,30,1.000000000,607.933333333,607.933333333,26.159680596,0.950987225,0.265349174,0.286493130,0.346080939,0.632574069,0.897923243
tune,attention,80,250,25,30,0,30,1.000000000,605.400000000,605.400000000,25.510259374,0.947237659,0.265349174,0.286635139,0.813687399,1.100322537,1.365671711
tune,attention,80,250,50,30,0,30,1.000000000,602.700000000,602.700000000,24.949482293,0.943039860,0.265349174,0.286989648,1.554670660,1.841660309,2.107009483
tune,attention,80,250,100,30,0,30,1.000000000,599.733333333,599.733333333,25.336315614,0.938436682,0.265349174,0.286531799,2.998388730,3.284920528,3.550269702
tune,attention,80,250,200,30,0,30,1.000000000,594.300000000,594.300000000,25.629605277,0.929843552,0.265349174,0.286855559,5.752580416,6.039435975,6.304785149
tune,attention,80,500,0,30,0,28,0.933333333,604.666666667,599.357142857,25.264619934,0.945601392,0.265349174,0.573459187,0.000000000,0.573459187,0.838808361
tune,attention,80,500,10,30,0,29,0.966666667,602.500000000,601.000000000,26.891865197,0.942650518,0.265349174,0.574340012,0.341579038,0.915919050,1.181268224
tune,attention,80,500,25,30,0,30,1.000000000,599.466666667,599.466666667,26.063682694,0.937885831,0.265349174,0.574763925,0.783757777,1.358521703,1.623870877
tune,attention,80,500,50,30,0,30,1.000000000,597.800000000,597.800000000,25.754481811,0.935287956,0.265349174,0.574023672,1.494796093,2.068819765,2.334168939
tune,attention,80,500,100,30,0,30,1.000000000,593.400000000,593.400000000,26.560120482,0.928325477,0.265349174,0.572493231,2.895054315,3.467547546,3.732896720
tune,attention,80,500,200,30,0,30,1.000000000,589.333333333,589.333333333,24.319173963,0.922030573,0.265349174,0.573012233,5.611960508,6.184972741,6.450321915
tune,attention,80,1000,0,30,0,30,1.000000000,587.933333333,587.933333333,24.059555736,0.919960501,0.265349174,1.149380133,0.000000000,1.149380133,1.414729307
tune,attention,80,1000,10,30,0,30,1.000000000,587.300000000,587.300000000,24.630807268,0.918931956,0.265349174,1.148302983,0.292056171,1.440359154,1.705708328
tune,attention,80,1000,25,30,0,30,1.000000000,585.900000000,585.900000000,24.492651959,0.916773680,0.265349174,1.149769824,0.704167735,1.853937559,2.119286733
tune,attention,80,1000,50,30,0,30,1.000000000,585.133333333,585.133333333,24.327944609,0.915600659,0.265349174,1.150539198,1.356375246,2.506914443,2.772263617
tune,attention,80,1000,100,30,0,30,1.000000000,583.400000000,583.400000000,24.224780701,0.912923085,0.265349174,1.149991493,2.648972261,3.798963753,4.064312927
tune,attention,80,1000,200,30,0,30,1.000000000,578.700000000,578.700000000,23.584104817,0.905516091,0.265349174,1.150848326,5.174861512,6.325709837,6.591059011
tune,attention,80,2000,0,30,0,30,1.000000000,571.600000000,571.600000000,23.820999139,0.894468018,0.265349174,2.302191745,0.000000000,2.302191745,2.567540919
tune,attention,80,2000,10,30,0,30,1.000000000,571.066666667,571.066666667,24.157722483,0.893607416,0.265349174,2.304309066,0.269622334,2.573931400,2.839280574
tune,attention,80,2000,25,30,0,30,1.000000000,570.566666667,570.566666667,23.787508393,0.892908322,0.265349174,2.300962029,0.627600755,2.928562785,3.193911959
tune,attention,80,2000,50,30,0,30,1.000000000,570.200000000,570.200000000,23.861265683,0.892318086,0.265349174,2.295593148,1.210875521,3.506468669,3.771817843
tune,attention,80,2000,100,30,0,30,1.000000000,568.366666667,568.366666667,23.694561026,0.889461446,0.265349174,2.302527714,2.360074665,4.662602379,4.927951553
tune,attention,80,2000,200,30,0,30,1.000000000,567.133333333,567.133333333,23.470170193,0.887526658,0.265349174,2.306889602,4.675559668,6.982449270,7.247798444
tune,attention,100,0,0,30,0,30,1.000000000,793.100000000,793.100000000,39.287275294,1.000000000,0.335539101,0.000000000,0.000000000,0.000000000,0.335539101
tune,attention,100,0,10,30,0,30,1.000000000,788.866666667,788.866666667,36.640354195,0.994831653,0.335539101,0.000000000,0.519704653,0.519704653,0.855243754
tune,attention,100,0,25,30,0,30,1.000000000,783.233333333,783.233333333,34.320725841,0.987871678,0.335539101,0.000000000,1.194422461,1.194422461,1.529961562
tune,attention,100,0,50,30,0,30,1.000000000,777.966666667,777.966666667,34.111076728,0.981272705,0.335539101,0.000000000,2.242158107,2.242158107,2.577697208
tune,attention,100,0,100,30,0,30,1.000000000,770.033333333,770.033333333,32.129408474,0.971420695,0.335539101,0.000000000,4.184446194,4.184446194,4.519985295
tune,attention,100,0,200,30,0,30,1.000000000,760.266666667,760.266666667,32.417005140,0.959098896,0.335539101,0.000000000,7.828773866,7.828773866,8.164312967
tune,attention,100,100,0,30,0,30,1.000000000,771.300000000,771.300000000,30.135416595,0.973116604,0.335539101,0.161980294,0.000000000,0.161980294,0.497519395
tune,attention,100,100,10,30,0,30,1.000000000,769.500000000,769.500000000,30.307039886,0.970832086,0.335539101,0.161598909,0.461884024,0.623482933,0.959022034
tune,attention,100,100,25,30,0,30,1.000000000,766.866666667,766.866666667,28.221426061,0.967627629,0.335539101,0.161901262,1.038181281,1.200082544,1.535621645
tune,attention,100,100,50,30,0,30,1.000000000,763.733333333,763.733333333,28.865126980,0.963653721,0.335539101,0.161865980,2.018057029,2.179923009,2.515462110
tune,attention,100,100,100,30,0,30,1.000000000,760.566666667,760.566666667,27.934069203,0.959721080,0.335539101,0.162605575,3.898365918,4.060971493,4.396510594
tune,attention,100,100,200,30,0,30,1.000000000,754.866666667,754.866666667,27.478152938,0.952587151,0.335539101,0.162179524,7.525801892,7.687981416,8.023520517
tune,attention,100,250,0,30,0,30,1.000000000,761.733333333,761.733333333,28.684413112,0.961157363,0.335539101,0.404459750,0.000000000,0.404459750,0.739998851
tune,attention,100,250,10,30,0,30,1.000000000,761.200000000,761.200000000,28.914125729,0.960468306,0.335539101,0.404399766,0.436105211,0.840504978,1.176044079
tune,attention,100,250,25,30,0,30,1.000000000,760.266666667,760.266666667,28.975775323,0.959283630,0.335539101,0.403938670,0.987706472,1.391645142,1.727184243
tune,attention,100,250,50,30,0,30,1.000000000,758.366666667,758.366666667,29.263724226,0.956891408,0.335539101,0.403458352,1.943891522,2.347349874,2.682888975
tune,attention,100,250,100,30,0,30,1.000000000,754.833333333,754.833333333,28.857215543,0.952450954,0.335539101,0.404974236,3.796454632,4.201428868,4.536967969
tune,attention,100,250,200,30,0,30,1.000000000,751.400000000,751.400000000,29.336666477,0.948090209,0.335539101,0.403057969,7.451040450,7.854098419,8.189637520
tune,attention,100,500,0,30,0,30,1.000000000,756.966666667,756.966666667,27.863337122,0.955237776,0.335539101,0.805583432,0.000000000,0.805583432,1.141122533
tune,attention,100,500,10,30,0,30,1.000000000,756.533333333,756.533333333,28.138625095,0.954671716,0.335539101,0.805278921,0.428904403,1.234183324,1.569722425
tune,attention,100,500,25,30,0,30,1.000000000,755.700000000,755.700000000,28.022788346,0.953640487,0.335539101,0.802855755,0.982272784,1.785128539,2.120667640
tune,attention,100,500,50,30,0,30,1.000000000,754.233333333,754.233333333,28.089954709,0.951805989,0.335539101,0.801900193,1.912038896,2.713939090,3.049478191
tune,attention,100,500,100,30,0,30,1.000000000,751.900000000,751.900000000,28.423405848,0.948836274,0.335539101,0.804304611,3.751543636,4.555848248,4.891387349
tune,attention,100,500,200,30,0,30,1.000000000,747.533333333,747.533333333,27.614891313,0.943376121,0.335539101,0.806209718,7.387514794,8.193724511,8.529263612
tune,attention,100,1000,0,30,0,30,1.000000000,745.200000000,745.200000000,29.914767813,0.940313786,0.335539101,1.612446844,0.000000000,1.612446844,1.947985945
tune,attention,100,1000,10,30,0,30,1.000000000,744.966666667,744.966666667,30.079321062,0.940009159,0.335539101,1.609868296,0.389987545,1.999855841,2.335394942
tune,attention,100,1000,25,30,0,30,1.000000000,744.266666667,744.266666667,30.145130434,0.939103198,0.335539101,1.610520898,0.909487741,2.520008640,2.855547741
tune,attention,100,1000,50,30,0,30,1.000000000,743.200000000,743.200000000,29.751638610,0.937768286,0.335539101,1.613293097,1.761970530,3.375263627,3.710802728
tune,attention,100,1000,100,30,0,30,1.000000000,741.200000000,741.200000000,29.778515745,0.935260820,0.335539101,1.609348389,3.456018572,5.065366960,5.400906061
tune,attention,100,1000,200,30,0,30,1.000000000,738.233333333,738.233333333,30.120517186,0.931490357,0.335539101,1.612625507,6.916449181,8.529074688,8.864613789
tune,attention,100,2000,0,30,0,29,0.966666667,734.466666667,731.724137931,31.903838869,0.926535974,0.335539101,3.230038535,0.000000000,3.230038535,3.565577636
tune,attention,100,2000,10,30,0,30,1.000000000,731.666666667,731.666666667,31.470974281,0.923096705,0.335539101,3.236005134,0.362190215,3.598195349,3.933734450
tune,attention,100,2000,25,30,0,30,1.000000000,730.800000000,730.800000000,30.037088186,0.922064072,0.335539101,3.241579549,0.876254161,4.117833710,4.453372811
tune,attention,100,2000,50,30,0,30,1.000000000,730.233333333,730.233333333,29.712717068,0.921370983,0.335539101,3.236243209,1.722017243,4.958260452,5.293799553
tune,attention,100,2000,100,30,0,30,1.000000000,728.666666667,728.666666667,29.677526102,0.919377873,0.335539101,3.228143602,3.399759513,6.627903115,6.963442216
tune,attention,100,2000,200,30,0,30,1.000000000,726.100000000,726.100000000,29.639331976,0.916163735,0.335539101,3.233603317,6.686915808,9.920519126,10.256058227
tune,attention_precise,20,0,0,30,0,30,1.000000000,203.400000000,203.400000000,36.499863013,1.000000000,0.192449240,0.000000000,0.000000000,0.000000000,0.192449240
tune,attention_precise,20,0,10,30,0,30,1.000000000,189.033333333,189.033333333,26.580046819,0.936514910,0.192449240,0.000000000,0.106124507,0.106124507,0.298573747
tune,attention_precise,20,0,25,30,0,30,1.000000000,182.966666667,182.966666667,24.828053130,0.907421970,0.192449240,0.000000000,0.234039632,0.234039632,0.426488872
tune,attention_precise,20,0,50,30,0,30,1.000000000,175.633333333,175.633333333,24.187439348,0.871719838,0.192449240,0.000000000,0.424259562,0.424259562,0.616708801
tune,attention_precise,20,0,100,30,0,30,1.000000000,170.333333333,170.333333333,23.104593098,0.845511084,0.192449240,0.000000000,0.815459904,0.815459904,1.007909144
tune,attention_precise,20,0,200,30,0,30,1.000000000,162.933333333,162.933333333,22.016559424,0.809721519,0.192449240,0.000000000,1.515211954,1.515211954,1.707661194
tune,attention_precise,20,100,0,30,0,30,1.000000000,170.533333333,170.533333333,22.905215321,0.847279291,0.192449240,0.017881602,0.000000000,0.017881602,0.210330841
tune,attention_precise,20,100,10,30,0,30,1.000000000,169.866666667,169.866666667,22.899393490,0.843857740,0.192449240,0.017850458,0.089826651,0.107677109,0.300126349
tune,attention_precise,20,100,25,30,0,30,1.000000000,167.433333333,167.433333333,22.684331352,0.831657207,0.192449240,0.018008041,0.195306644,0.213314685,0.405763925
tune,attention_precise,20,100,50,30,0,30,1.000000000,165.933333333,165.933333333,22.534319505,0.824243900,0.192449240,0.017849598,0.362558385,0.380407984,0.572857223
tune,attention_precise,20,100,100,30,0,30,1.000000000,164.100000000,164.100000000,20.922635271,0.816924608,0.192449240,0.018040681,0.676084031,0.694124712,0.886573952
tune,attention_precise,20,100,200,30,0,30,1.000000000,160.966666667,160.966666667,21.179366269,0.801784033,0.192449240,0.017980896,1.291771387,1.309752283,1.502201523
tune,attention_precise,20,250,0,30,0,29,0.966666667,169.100000000,166.793103448,22.399783420,0.842081597,0.192449240,0.044735316,0.000000000,0.044735316,0.237184555
tune,attention_precise,20,250,10,30,0,30,1.000000000,165.066666667,165.066666667,21.330624828,0.821195200,0.192449240,0.044566743,0.079767166,0.124333910,0.316783149
tune,attention_precise,20,250,25,30,0,30,1.000000000,163.566666667,163.566666667,20.935907485,0.814041822,0.192449240,0.044507360,0.184964934,0.229472294,0.421921534
tune,attention_precise,20,250,50,30,0,30,1.000000000,162.566666667,162.566666667,20.593985098,0.809126102,0.192449240,0.044609302,0.340004041,0.384613343,0.577062583
tune,attention_precise,20,250,100,30,0,30,1.000000000,160.533333333,160.533333333,20.747262202,0.799014968,0.192449240,0.044552661,0.676609307,0.721161968,0.913611207
tune,attention_precise,20,250,200,30,0,30,1.000000000,158.466666667,158.466666667,20.366202941,0.789157171,0.192449240,0.044502844,1.325770448,1.370273293,1.562722532
tune,attention_precise,20,500,0,30,0,29,0.966666667,162.233333333,160.379310345,20.467659592,0.809096845,0.192449240,0.089184977,0.000000000,0.089184977,0.281634216
tune,attention_precise,20,500,10,30,0,30,1.000000000,160.233333333,160.233333333,20.075994510,0.798228003,0.192449240,0.089059159,0.072204121,0.161263280,0.353712520
tune,attention_precise,20,500,25,30,0,30,1.000000000,159.766666667,159.766666667,19.751258750,0.796072361,0.192449240,0.088781321,0.176764628,0.265545949,0.457995189
tune,attention_precise,20,500,50,30,0,30,1.000000000,159.466666667,159.466666667,19.607368230,0.794579942,0.192449240,0.088859358,0.327715953,0.416575311,0.609024551
tune,attention_precise,20,500,100,30,0,30,1.000000000,158.100000000,158.100000000,20.476571979,0.786779042,0.192449240,0.088734021,0.661154467,0.749888489,0.942337728
tune,attention_precise,20,500,200,30,0,30,1.000000000,156.700000000,156.700000000,20.251995786,0.780106697,0.192449240,0.088972042,1.276899022,1.365871064,1.558320304
tune,attention_precise,20,1000,0,30,0,29,0.966666667,159.433333333,157.241379310,20.508459436,0.795241021,0.192449240,0.178108591,0.000000000,0.178108591,0.370557830
tune,attention_precise,20,1000,10,30,0,30,1.000000000,157.166666667,157.166666667,20.001805474,0.783024837,0.192449240,0.177782040,0.073511679,0.251293719,0.443742959
tune,attention_precise,20,1000,25,30,0,30,1.000000000,156.233333333,156.233333333,19.806873106,0.778192309,0.192449240,0.178082891,0.169221488,0.347304379,0.539753619
tune,attention_precise,20,1000,50,30,0,30,1.000000000,156.100000000,156.100000000,19.774309933,0.777550526,0.192449240,0.177762707,0.323375616,0.501138323,0.693587563
tune,attention_precise,20,1000,100,30,0,30,1.000000000,155.466666667,155.466666667,20.081057962,0.774090022,0.192449240,0.178255050,0.641707355,0.819962405,1.012411645
tune,attention_precise,20,1000,200,30,0,30,1.000000000,154.866666667,154.866666667,20.282559558,0.770897114,0.192449240,0.178474248,1.252752918,1.431227166,1.623676406
tune,attention_precise,20,2000,0,30,0,29,0.966666667,157.466666667,155.206896552,19.990306807,0.784978079,0.192449240,0.358513782,0.000000000,0.358513782,0.550963021
tune,attention_precise,20,2000,10,30,0,30,1.000000000,155.133333333,155.133333333,19.367900133,0.772607843,0.192449240,0.357849799,0.068890977,0.426740776,0.619190016
tune,attention_precise,20,2000,25,30,0,30,1.000000000,154.233333333,154.233333333,19.059001956,0.767906429,0.192449240,0.358523384,0.161224152,0.519747536,0.712196775
tune,attention_precise,20,2000,50,30,0,30,1.000000000,154.033333333,154.033333333,19.126741025,0.766823145,0.192449240,0.358530459,0.310104194,0.668634653,0.861083892
tune,attention_precise,20,2000,100,30,0,30,1.000000000,153.300000000,153.300000000,19.372058917,0.763038399,0.192449240,0.358931013,0.625859334,0.984790347,1.177239586
tune,attention_precise,20,2000,200,30,0,30,1.000000000,153.100000000,153.100000000,19.461671734,0.761989515,0.192449240,0.358289338,1.208968138,1.567257475,1.759706715
tune,attention_precise,40,0,0,30,0,30,1.000000000,359.200000000,359.200000000,29.985996732,1.000000000,0.337070693,0.000000000,0.000000000,0.000000000,0.337070693
tune,attention_precise,40,0,10,30,0,30,1.000000000,342.233333333,342.233333333,23.131051761,0.954340742,0.337070693,0.000000000,0.187349371,0.187349371,0.524420064
tune,attention_precise,40,0,25,30,0,30,1.000000000,331.600000000,331.600000000,20.292198829,0.925186716,0.337070693,0.000000000,0.382390189,0.382390189,0.719460882
tune,attention_precise,40,0,50,30,0,30,1.000000000,322.266666667,322.266666667,19.527644223,0.899341773,0.337070693,0.000000000,0.731694418,0.731694418,1.068765111
tune,attention_precise,40,0,100,30,0,30,1.000000000,315.566666667,315.566666667,16.989571965,0.881350898,0.337070693,0.000000000,1.366182054,1.366182054,1.703252747
tune,attention_precise,40,0,200,30,0,30,1.000000000,306.900000000,306.900000000,14.733974345,0.857759932,0.337070693,0.000000000,2.508540890,2.508540890,2.845611583
tune,attention_precise,40,100,0,30,0,30,1.000000000,318.100000000,318.100000000,17.946866022,0.888236136,0.337070693,0.042381547,0.000000000,0.042381547,0.379452240
tune,attention_precise,40,100,10,30,0,30,1.000000000,315.666666667,315.666666667,16.979072086,0.881588547,0.337070693,0.042023881,0.139116125,0.181140006,0.518210699
tune,attention_precise,40,100,25,30,0,30,1.000000000,313.900000000,313.900000000,15.369558658,0.876959650,0.337070693,0.042033191,0.336250526,0.378283717,0.715354410
tune,attention_precise,40,100,50,30,0,30,1.000000000,311.533333333,311.533333333,16.237268517,0.870215515,0.337070693,0.042297898,0.647033397,0.689331295,1.026401988
tune,attention_precise,40,100,100,30,0,30,1.000000000,307.100000000,307.100000000,16.174774599,0.857627249,0.337070693,0.042215379,1.254117750,1.296333129,1.633403822
tune,attention_precise,40,100,200,30,0,30,1.000000000,300.866666667,300.866666667,16.638776664,0.840106976,0.337070693,0.042243687,2.436361778,2.478605465,2.815676158
tune,attention_precise,40,250,0,30,0,29,0.966666667,307.600000000,305.034482759,16.877822132,0.858894413,0.337070693,0.104841505,0.000000000,0.104841505,0.441912198
tune,attention_precise,40,250,10,30,0,30,1.000000000,304.566666667,304.566666667,16.152777539,0.850665256,0.337070693,0.104593536,0.130251064,0.234844599,0.571915292
tune,attention_precise,40,250,25,30,0,30,1.000000000,303.566666667,303.566666667,16.327243763,0.847806312,0.337070693,0.104589406,0.293812018,0.398401425,0.735472118
tune,attention_precise,40,250,50,30,0,30,1.000000000,301.700000000,301.700000000,15.485799947,0.842805924,0.337070693,0.104558284,0.569426576,0.673984860,1.011055553
tune,attention_precise,40,250,100,30,0,30,1.000000000,299.533333333,299.533333333,15.134361199,0.836762745,0.337070693,0.104831596,1.127880255,1.232711852,1.569782545
tune,attention_precise,40,250,200,30,0,30,1.000000000,297.100000000,297.100000000,15.300000000,0.829848148,0.337070693,0.104753263,2.208633798,2.313387061,2.650457754
tune,attention_precise,40,500,0,30,0,30,1.000000000,295.566666667,295.566666667,14.218962300,0.825945452,0.337070693,0.208504040,0.000000000,0.208504040,0.545574733
tune,attention_precise,40,500,10,30,0,30,1.000000000,295.300000000,295.300000000,14.287873646,0.825208120,0.337070693,0.207945235,0.123075971,0.331021206,0.668091899
tune,attention_precise,40,500,25,30,0,30,1.000000000,294.333333333,294.333333333,14.622661256,0.822421009,0.337070693,0.207910755,0.287554847,0.495465602,0.832536295
tune,attention_precise,40,500,50,30,0,30,1.000000000,293.400000000,293.400000000,14.865171823,0.819746687,0.337070693,0.208539642,0.553668247,0.762207889,1.099278582
tune,attention_precise,40,500,100,30,0,30,1.000000000,291.233333333,291.233333333,13.157211795,0.814046290,0.337070693,0.208038992,1.076471686,1.284510679,1.621581372
tune,attention_precise,40,500,200,30,0,30,1.000000000,289.033333333,289.033333333,12.947286288,0.807865156,0.337070693,0.207852433,2.121326879,2.329179312,2.666250005
tune,attention_precise,40,1000,0,30,0,30,1.000000000,287.633333333,287.633333333,14.506282164,0.803931356,0.337070693,0.417820641,0.000000000,0.417820641,0.754891334
tune,attention_precise,40,1000,10,30,0,30,1.000000000,286.766666667,286.766666667,14.414537415,0.801487567,0.337070693,0.417780716,0.113944947,0.531725663,0.868796356
tune,attention_precise,40,1000,25,30,0,30,1.000000000,286.366666667,286.366666667,14.421010906,0.800347644,0.337070693,0.417312671,0.264037350,0.681350021,1.018420714
tune,attention_precise,40,1000,50,30,0,30,1.000000000,285.366666667,285.366666667,14.584199974,0.797470435,0.337070693,0.419017214,0.508359408,0.927376622,1.264447315
tune,attention_precise,40,1000,100,30,0,30,1.000000000,283.933333333,283.933333333,15.342605892,0.793315135,0.337070693,0.419198165,0.992296203,1.411494368,1.748565061
tune,attention_precise,40,1000,200,30,0,30,1.000000000,282.600000000,282.600000000,14.534097839,0.789656332,0.337070693,0.419211330,1.945040234,2.364251563,2.701322256
tune,attention_precise,40,2000,0,30,0,30,1.000000000,279.233333333,279.233333333,13.867668233,0.780359273,0.337070693,0.839041483,0.000000000,0.839041483,1.176112176
tune,attention_precise,40,2000,10,30,0,30,1.000000000,278.466666667,278.466666667,13.882202835,0.778206161,0.337070693,0.839039873,0.095550356,0.934590229,1.271660922
tune,attention_precise,40,2000,25,30,0,30,1.000000000,277.800000000,277.800000000,13.548431644,0.776378440,0.337070693,0.839822606,0.226640605,1.066463211,1.403533904
tune,attention_precise,40,2000,50,30,0,30,1.000000000,277.466666667,277.466666667,13.737378045,0.775394398,0.337070693,0.838484106,0.462517288,1.301001394,1.638072087
tune,attention_precise,40,2000,100,30,0,30,1.000000000,276.333333333,276.333333333,13.900439641,0.772183978,0.337070693,0.839603432,0.918834001,1.758437433,2.095508126
tune,attention_precise,40,2000,200,30,0,30,1.000000000,275.433333333,275.433333333,14.101260779,0.769590707,0.337070693,0.841820758,1.818757745,2.660578503,2.997649196
tune,attention_precise,60,0,0,30,0,30,1.000000000,522.500000000,522.500000000,33.871079109,1.000000000,0.491400718,0.000000000,0.000000000,0.000000000,0.491400718
tune,attention_precise,60,0,10,30,0,30,1.000000000,511.300000000,511.300000000,29.002471159,0.979283950,0.491400718,0.000000000,0.307877703,0.307877703,0.799278422
tune,attention_precise,60,0,25,30,0,30,1.000000000,500.933333333,500.933333333,26.172419750,0.959787589,0.491400718,0.000000000,0.669704578,0.669704578,1.161105296
tune,attention_precise,60,0,50,30,0,30,1.000000000,490.000000000,490.000000000,21.250882335,0.939393625,0.491400718,0.000000000,1.227629583,1.227629583,1.719030302
tune,attention_precise,60,0,100,30,0,30,1.000000000,478.133333333,478.133333333,23.006858881,0.916662522,0.491400718,0.000000000,2.214066548,2.214066548,2.705467267
tune,attention_precise,60,0,200,30,0,30,1.000000000,467.033333333,467.033333333,22.719277179,0.895764232,0.491400718,0.000000000,4.093485817,4.093485817,4.584886535
tune,attention_precise,60,100,0,30,0,30,1.000000000,482.133333333,482.133333333,23.652671919,0.924234289,0.491400718,0.076710714,0.000000000,0.076710714,0.568111433
tune,attention_precise,60,100,10,30,0,30,1.000000000,480.966666667,480.966666667,23.638222343,0.921992447,0.491400718,0.076755260,0.226002160,0.302757421,0.794158139
tune,attention_precise,60,100,25,30,0,30,1.000000000,478.433333333,478.433333333,24.483577262,0.917158687,0.491400718,0.076541503,0.537778957,0.614320459,1.105721178
tune,attention_precise,60,100,50,30,0,30,1.000000000,475.133333333,475.133333333,23.624469424,0.910863193,0.491400718,0.076587514,1.049637240,1.126224753,1.617625472
tune,attention_precise,60,100,100,30,0,30,1.000000000,470.033333333,470.033333333,23.684711431,0.901000236,0.491400718,0.076694733,2.025162776,2.101857509,2.593258228
tune,attention_precise,60,100,200,30,0,30,1.000000000,462.633333333,462.633333333,23.178270475,0.886860923,0.491400718,0.076511224,3.913385115,3.989896339,4.481297058
tune,attention_precise,60,250,0,30,0,30,1.000000000,470.933333333,470.933333333,23.320853806,0.902869860,0.491400718,0.188968013,0.000000000,0.188968013,0.680368731
tune,attention_precise,60,250,10,30,0,30,1.000000000,470.666666667,470.666666667,23.372823725,0.902350407,0.491400718,0.188294735,0.212599769,0.400894504,0.892295223
tune,attention_precise,60,250,25,30,0,30,1.000000000,467.866666667,467.866666667,22.881919111,0.897074536,0.491400718,0.188720755,0.515366315,0.704087070,1.195487789
tune,attention_precise,60,250,50,30,0,30,1.000000000,466.100000000,466.100000000,22.279063415,0.893810124,0.491400718,0.188039615,1.009035817,1.197075432,1.688476150
tune,attention_precise,60,250,100,30,0,30,1.000000000,462.966666667,462.966666667,22.580940833,0.887732000,0.491400718,0.188215921,1.932694451,2.120910373,2.612311091
tune,attention_precise,60,250,200,30,0,30,1.000000000,458.300000000,458.300000000,22.308667972,0.878944115,0.491400718,0.188691143,3.729942205,3.918633348,4.410034066
tune,attention_precise,60,500,0,30,0,29,0.966666667,459.400000000,457.206896552,20.998159706,0.881645846,0.491400718,0.378553059,0.000000000,0.378553059,0.869953777
tune,attention_precise,60,500,10,30,0,30,1.000000000,457.633333333,457.633333333,21.098946788,0.878010071,0.491400718,0.377809583,0.204329143,0.582138725,1.073539444
tune,attention_precise,60,500,25,30,0,30,1.000000000,455.800000000,455.800000000,20.965686252,0.874491951,0.491400718,0.376890153,0.491460461,0.868350615,1.359751333
tune,attention_precise,60,500,50,30,0,30,1.000000000,454.933333333,454.933333333,20.869328904,0.872790787,0.491400718,0.376982323,0.955646892,1.332629215,1.824029933
tune,attention_precise,60,500,100,30,0,30,1.000000000,452.066666667,452.066666667,20.444939608,0.867266992,0.491400718,0.377452428,1.883230605,2.260683032,2.752083751
tune,attention_precise,60,500,200,30,0,30,1.000000000,448.433333333,448.433333333,20.942275160,0.860186653,0.491400718,0.378291097,3.674918086,4.053209183,4.544609902
tune,attention_precise,60,1000,0,30,0,30,1.000000000,443.966666667,443.966666667,19.348528511,0.851861232,0.491400718,0.757210894,0.000000000,0.757210894,1.248611612
tune,attention_precise,60,1000,10,30,0,30,1.000000000,443.733333333,443.733333333,19.249126964,0.851409678,0.491400718,0.753776688,0.185623830,0.939400518,1.430801237
tune,attention_precise,60,1000,25,30,0,30,1.000000000,442.700000000,442.700000000,19.094763680,0.849438109,0.491400718,0.754801792,0.448799384,1.203601176,1.695001895
tune,attention_precise,60,1000,50,30,0,30,1.000000000,442.066666667,442.066666667,18.820083835,0.848258063,0.491400718,0.754739317,0.875389021,1.630128338,2.121529057
tune,attention_precise,60,1000,100,30,0,30,1.000000000,440.800000000,440.800000000,18.820910357,0.845787393,0.491400718,0.755005852,1.734342161,2.489348013,2.980748732
tune,attention_precise,60,1000,200,30,0,30,1.000000000,438.366666667,438.366666667,18.164954048,0.841148275,0.491400718,0.756752975,3.430166441,4.186919417,4.678320135
tune,attention_precise,60,2000,0,30,0,30,1.000000000,432.666666667,432.666666667,21.522597943,0.830353025,0.491400718,1.514541249,0.000000000,1.514541249,2.005941968
tune,attention_precise,60,2000,10,30,0,30,1.000000000,432.233333333,432.233333333,21.853578400,0.829492936,0.491400718,1.514929183,0.180106945,1.695036128,2.186436846
tune,attention_precise,60,2000,25,30,0,30,1.000000000,431.500000000,431.500000000,21.745114394,0.828069585,0.491400718,1.515868898,0.423896145,1.939765042,2.431165761
tune,attention_precise,60,2000,50,30,0,30,1.000000000,430.766666667,430.766666667,21.369266612,0.826637532,0.491400718,1.515278661,0.844554432,2.359833093,2.851233811
tune,attention_precise,60,2000,100,30,0,30,1.000000000,429.366666667,429.366666667,21.550689600,0.823926687,0.491400718,1.515478770,1.692041939,3.207520709,3.698921427
tune,attention_precise,60,2000,200,30,0,30,1.000000000,426.800000000,426.800000000,20.992697143,0.818944955,0.491400718,1.514296169,3.358578177,4.872874346,5.364275064
tune,attention_precise,80,0,0,30,0,30,1.000000000,754.300000000,754.300000000,43.657874433,1.000000000,0.726719578,0.000000000,0.000000000,0.000000000,0.726719578
tune,attention_precise,80,0,10,30,0,30,1.000000000,731.700000000,731.700000000,32.375041828,0.971046237,0.726719578,0.000000000,0.484257141,0.484257141,1.210976719
tune,attention_precise,80,0,25,30,0,30,1.000000000,716.666666667,716.666666667,31.281872635,0.951221211,0.726719578,0.000000000,1.078915106,1.078915106,1.805634685
tune,attention_precise,80,0,50,30,0,30,1.000000000,702.333333333,702.333333333,28.521726611,0.932479996,0.726719578,0.000000000,1.956166986,1.956166986,2.682886564
tune,attention_precise,80,0,100,30,0,30,1.000000000,685.600000000,685.600000000,30.135914344,0.910450114,0.726719578,0.000000000,3.593873317,3.593873317,4.320592896
tune,attention_precise,80,0,200,30,0,30,1.000000000,665.366666667,665.366666667,25.808891663,0.883678958,0.726719578,0.000000000,6.558000345,6.558000345,7.284719923
tune,attention_precise,80,100,0,30,0,29,0.966666667,685.900000000,684.172413793,30.174285656,0.910335013,0.726719578,0.119026725,0.000000000,0.119026725,0.845746303
tune,attention_precise,80,100,10,30,0,30,1.000000000,680.466666667,680.466666667,30.364160160,0.903099658,0.726719578,0.118815886,0.365818239,0.484634125,1.211353703
tune,attention_precise,80,100,25,30,0,30,1.000000000,675.200000000,675.200000000,30.221846403,0.896145832,0.726719578,0.119110010,0.861473294,0.980583304,1.707302883
tune,attention_precise,80,100,50,30,0,30,1.000000000,670.466666667,670.466666667,28.844102035,0.889915786,0.726719578,0.119257133,1.674745797,1.794002930,2.520722509
tune,attention_precise,80,100,100,30,0,30,1.000000000,662.966666667,662.966666667,28.454037011,0.879974018,0.726719578,0.118889651,3.288395797,3.407285448,4.134005026
tune,attention_precise,80,100,200,30,0,30,1.000000000,652.400000000,652.400000000,27.014317192,0.866091834,0.726719578,0.118467369,6.236192696,6.354660065,7.081379644
tune,attention_precise,80,250,0,30,0,29,0.966666667,662.233333333,660.000000000,28.641662445,0.879134806,0.726719578,0.295458178,0.000000000,0.295458178,1.022177756
tune,attention_precise,80,250,10,30,0,30,1.000000000,658.566666667,658.566666667,27.905415643,0.874279390,0.726719578,0.295039047,0.356183968,0.651223015,1.377942593
tune,attention_precise,80,250,25,30,0,30,1.000000000,657.500000000,657.500000000,27.206310542,0.872874085,0.726719578,0.294606135,0.823627784,1.118233918,1.844953497
tune,attention_precise,80,250,50,30,0,30,1.000000000,654.700000000,654.700000000,27.123360165,0.869199776,0.726719578,0.295228767,1.596680407,1.891909174,2.618628752
tune,attention_precise,80,250,100,30,0,30,1.000000000,650.300000000,650.300000000,26.954467781,0.863344733,0.726719578,0.295420061,3.062879899,3.358299960,4.085019539
tune,attention_precise,80,250,200,30,0,30,1.000000000,643.366666667,643.366666667,26.656435537,0.854206345,0.726719578,0.295242839,5.843505228,6.138748067,6.865467645
tune,attention_precise,80,500,0,30,0,30,1.000000000,641.166666667,641.166666667,28.292617804,0.851276615,0.726719578,0.594404538,0.000000000,0.594404538,1.321124117
tune,attention_precise,80,500,10,30,0,30,1.000000000,640.066666667,640.066666667,27.549873966,0.849881028,0.726719578,0.593406249,0.317608253,0.911014502,1.637734080
tune,attention_precise,80,500,25,30,0,30,1.000000000,638.366666667,638.366666667,28.145435785,0.847627533,0.726719578,0.592494850,0.755550800,1.348045650,2.074765228
tune,attention_precise,80,500,50,30,0,30,1.000000000,636.200000000,636.200000000,27.334227628,0.844788832,0.726719578,0.592321625,1.466696892,2.059018517,2.785738095
tune,attention_precise,80,500,100,30,0,30,1.000000000,633.266666667,633.266666667,26.343795390,0.840914351,0.726719578,0.592934492,2.859137921,3.452072413,4.178791991
tune,attention_precise,80,500,200,30,0,30,1.000000000,629.300000000,629.300000000,26.135735434,0.835648096,0.726719578,0.590132201,5.468345161,6.058477362,6.785196940
tune,attention_precise,80,1000,0,30,0,30,1.000000000,623.533333333,623.533333333,28.644642703,0.827810977,0.726719578,1.191051463,0.000000000,1.191051463,1.917771042
tune,attention_precise,80,1000,10,30,0,30,1.000000000,622.466666667,622.466666667,28.973244362,0.826375435,0.726719578,1.189636555,0.303672798,1.493309352,2.220028931
tune,attention_precise,80,1000,25,30,0,30,1.000000000,621.666666667,621.666666667,28.432766700,0.825299723,0.726719578,1.191712537,0.711797267,1.903509804,2.630229382
tune,attention_precise,80,1000,50,30,0,30,1.000000000,620.766666667,620.766666667,28.421451210,0.824097520,0.726719578,1.188474707,1.367608284,2.556082991,3.282802569
tune,attention_precise,80,1000,100,30,0,30,1.000000000,619.166666667,619.166666667,29.146850411,0.821922400,0.726719578,1.188604285,2.670657145,3.859261430,4.585981008
tune,attention_precise,80,1000,200,30,0,30,1.000000000,614.866666667,614.866666667,27.419863036,0.816362216,0.726719578,1.192126369,5.180618113,6.372744482,7.099464060
tune,attention_precise,80,2000,0,30,0,29,0.966666667,607.700000000,604.827586207,31.073959566,0.806677032,0.726719578,2.400928598,0.000000000,2.400928598,3.127648177
tune,attention_precise,80,2000,10,30,0,29,0.966666667,607.600000000,604.724137931,31.134742266,0.806540046,0.726719578,2.397883518,0.286755257,2.684638775,3.411358353
tune,attention_precise,80,2000,25,30,0,30,1.000000000,606.633333333,606.633333333,33.544481248,0.805228716,0.726719578,2.391303590,0.690422206,3.081725797,3.808445375
tune,attention_precise,80,2000,50,30,0,30,1.000000000,605.833333333,605.833333333,33.663118625,0.804138411,0.726719578,2.393109006,1.322296692,3.715405698,4.442125276
tune,attention_precise,80,2000,100,30,0,30,1.000000000,603.700000000,603.700000000,32.709988281,0.801284372,0.726719578,2.399001960,2.592316621,4.991318581,5.718038160
tune,attention_precise,80,2000,200,30,0,30,1.000000000,600.466666667,600.466666667,31.357862739,0.797026737,0.726719578,2.398255175,5.113675340,7.511930516,8.238650094
tune,attention_precise,100,0,0,30,0,30,1.000000000,912.500000000,912.500000000,48.926986419,1.000000000,0.849204876,0.000000000,0.000000000,0.000000000,0.849204876
tune,attention_precise,100,0,10,30,0,30,1.000000000,893.600000000,893.600000000,45.873449111,0.979653367,0.849204876,0.000000000,0.543699443,0.543699443,1.392904318
tune,attention_precise,100,0,25,30,0,30,1.000000000,881.533333333,881.533333333,41.580230345,0.966590623,0.849204876,0.000000000,1.262303289,1.262303289,2.111508165
tune,attention_precise,100,0,50,30,0,30,1.000000000,865.566666667,865.566666667,38.981776369,0.949238229,0.849204876,0.000000000,2.426484642,2.426484642,3.275689517
tune,attention_precise,100,0,100,30,0,30,1.000000000,847.833333333,847.833333333,39.605625302,0.929840928,0.849204876,0.000000000,4.580217589,4.580217589,5.429422464
tune,attention_precise,100,0,200,30,0,30,1.000000000,828.933333333,828.933333333,35.457893652,0.909243893,0.849204876,0.000000000,8.696156445,8.696156445,9.545361321
tune,attention_precise,100,100,0,30,0,30,1.000000000,843.066666667,843.066666667,35.526453368,0.924744186,0.849204876,0.167054329,0.000000000,0.167054329,1.016259205
tune,attention_precise,100,100,10,30,0,30,1.000000000,840.000000000,840.000000000,34.716950711,0.921409298,0.849204876,0.166957869,0.486512308,0.653470177,1.502675053
tune,attention_precise,100,100,25,30,0,30,1.000000000,834.933333333,834.933333333,32.338762431,0.915917422,0.849204876,0.167475603,1.136695549,1.304171152,2.153376028
tune,attention_precise,100,100,50,30,0,30,1.000000000,829.733333333,829.733333333,32.739306991,0.910189281,0.849204876,0.167715876,2.185598649,2.353314525,3.202519400
tune,attention_precise,100,100,100,30,0,30,1.000000000,819.900000000,819.900000000,28.805497161,0.899620657,0.849204876,0.167882161,4.253700208,4.421582369,5.270787244
tune,attention_precise,100,100,200,30,0,30,1.000000000,806.366666667,806.366666667,27.482701630,0.884968096,0.849204876,0.168029660,8.268495207,8.436524868,9.285729744
tune,attention_precise,100,250,0,30,0,30,1.000000000,817.433333333,817.433333333,28.320408817,0.897021180,0.849204876,0.417245456,0.000000000,0.417245456,1.266450332
tune,attention_precise,100,250,10,30,0,30,1.000000000,816.133333333,816.133333333,27.773768600,0.895637881,0.849204876,0.418459939,0.423936705,0.842396643,1.691601519
tune,attention_precise,100,250,25,30,0,30,1.000000000,815.333333333,815.333333333,28.008728798,0.894727967,0.849204876,0.417707282,0.976603125,1.394310407,2.243515282
tune,attention_precise,100,250,50,30,0,30,1.000000000,811.433333333,811.433333333,28.094700963,0.890451278,0.849204876,0.417793692,1.930642661,2.348436353,3.197641228
tune,attention_precise,100,250,100,30,0,30,1.000000000,805.633333333,805.633333333,28.490329743,0.884079492,0.849204876,0.416774272,3.761099875,4.177874146,5.027079022
tune,attention_precise,100,250,200,30,0,30,1.000000000,798.133333333,798.133333333,28.112551566,0.875763573,0.849204876,0.416135272,7.414278594,7.830413866,8.679618741
tune,attention_precise,100,500,0,30,0,28,0.933333333,809.200000000,802.892857143,31.773011105,0.887844466,0.849204876,0.832365127,0.000000000,0.832365127,1.681570003
tune,attention_precise,100,500,10,30,0,30,1.000000000,804.966666667,804.966666667,32.270196088,0.883282416,0.849204876,0.831616427,0.421218954,1.252835382,2.102040258
tune,attention_precise,100,500,25,30,0,30,1.000000000,803.766666667,803.766666667,32.338504741,0.881942938,0.849204876,0.830811615,0.968590382,1.799401997,2.648606873
tune,attention_precise,100,500,50,30,0,30,1.000000000,799.800000000,799.800000000,30.984297098,0.877582881,0.849204876,0.833430824,1.914387312,2.747818135,3.597023011
tune,attention_precise,100,500,100,30,0,30,1.000000000,796.700000000,796.700000000,30.014607555,0.874199324,0.849204876,0.832654949,3.759921470,4.592576419,5.441781295
tune,attention_precise,100,500,200,30,0,30,1.000000000,791.800000000,791.800000000,29.111738755,0.868830451,0.849204876,0.835565686,7.388031474,8.223597161,9.072802036
tune,attention_precise,100,1000,0,30,0,28,0.933333333,790.433333333,786.107142857,32.222817210,0.867459896,0.849204876,1.676528519,0.000000000,1.676528519,2.525733395
tune,attention_precise,100,1000,10,30,0,30,1.000000000,786.433333333,786.433333333,32.729887802,0.862876687,0.849204876,1.673131165,0.413826511,2.086957676,2.936162552
tune,attention_precise,100,1000,25,30,0,30,1.000000000,785.300000000,785.300000000,32.964779184,0.861606168,0.849204876,1.669858950,0.943887553,2.613746503,3.462951379
tune,attention_precise,100,1000,50,30,0,30,1.000000000,783.600000000,783.600000000,31.832478174,0.859764296,0.849204876,1.676394370,1.845951369,3.522345740,4.371550616
tune,attention_precise,100,1000,100,30,0,30,1.000000000,782.366666667,782.366666667,32.199879227,0.858392704,0.849204876,1.668030877,3.628867435,5.296898312,6.146103188
tune,attention_precise,100,1000,200,30,0,30,1.000000000,780.033333333,780.033333333,32.337267802,0.855830385,0.849204876,1.678875765,7.215592688,8.894468453,9.743673329
tune,attention_precise,100,2000,0,30,0,29,0.966666667,766.733333333,765.413793103,29.738535596,0.841527997,0.849204876,3.369520283,0.000000000,3.369520283,4.218725159
tune,attention_precise,100,2000,10,30,0,30,1.000000000,764.900000000,764.900000000,29.111681504,0.839442097,0.849204876,3.368678122,0.391135855,3.759813977,4.609018852
tune,attention_precise,100,2000,25,30,0,30,1.000000000,764.066666667,764.066666667,28.779545205,0.838530989,0.849204876,3.356607996,0.910264781,4.266872777,5.116077653
tune,attention_precise,100,2000,50,30,0,30,1.000000000,763.066666667,763.066666667,28.636728553,0.837437010,0.849204876,3.363692524,1.770893258,5.134585782,5.983790658
tune,attention_precise,100,2000,100,30,0,30,1.000000000,761.533333333,761.533333333,28.859121416,0.835730410,0.849204876,3.357034460,3.473935332,6.830969792,7.680174668
tune,attention_precise,100,2000,200,30,0,30,1.000000000,757.200000000,757.200000000,27.644649874,0.831042134,0.849204876,3.363235985,6.914942758,10.278178743,11.127383618
tune,gnn,20,0,0,30,0,30,1.000000000,170.100000000,170.100000000,15.801582199,1.000000000,0.032636026,0.000000000,0.000000000,0.000000000,0.032636026
tune,gnn,20,0,10,30,0,30,1.000000000,165.866666667,165.866666667,15.255017390,0.975440758,0.032636026,0.000000000,0.073721877,0.073721877,0.106357903
tune,gnn,20,0,25,30,0,30,1.000000000,161.833333333,161.833333333,15.154940522,0.952194298,0.032636026,0.000000000,0.165032992,0.165032992,0.197669018
tune,gnn,20,0,50,30,0,30,1.000000000,159.000000000,159.000000000,14.612779795,0.935839766,0.032636026,0.000000000,0.316222909,0.316222909,0.348858935
tune,gnn,20,0,100,30,0,30,1.000000000,155.433333333,155.433333333,15.420080703,0.914147232,0.032636026,0.000000000,0.625424591,0.625424591,0.658060617
tune,gnn,20,0,200,30,0,30,1.000000000,152.166666667,152.166666667,15.703679682,0.894933955,0.032636026,0.000000000,1.218558366,1.218558366,1.251194392
tune,gnn,20,100,0,30,0,29,0.966666667,161.033333333,157.586206897,16.483047177,0.945719698,0.032636026,0.017790856,0.000000000,0.017790856,0.050426882
tune,gnn,20,100,10,30,0,30,1.000000000,157.100000000,157.100000000,16.519382555,0.923369838,0.032636026,0.018018879,0.061101342,0.079120221,0.111756247
tune,gnn,20,100,25,30,0,30,1.000000000,156.200000000,156.200000000,16.497272502,0.917988442,0.032636026,0.017691424,0.152146924,0.169838349,0.202474375
tune,gnn,20,100,50,30,0,30,1.000000000,154.600000000,154.600000000,15.587601911,0.909238348,0.032636026,0.017777667,0.299670835,0.317448502,0.350084528
tune,gnn,20,100,100,30,0,30,1.000000000,152.700000000,152.700000000,15.240625534,0.898335355,0.032636026,0.017777195,0.604267010,0.622044206,0.654680232
tune,gnn,20,100,200,30,0,30,1.000000000,151.533333333,151.533333333,15.600712234,0.891206313,0.032636026,0.017952346,1.169656531,1.187608877,1.220244903
tune,gnn,20,250,0,30,0,30,1.000000000,151.700000000,151.700000000,14.821493402,0.892652245,0.032636026,0.044289233,0.000000000,0.044289233,0.076925259
tune,gnn,20,250,10,30,0,30,1.000000000,150.666666667,150.666666667,14.672726021,0.886446656,0.032636026,0.044259368,0.060937804,0.105197172,0.137833198
tune,gnn,20,250,25,30,0,30,1.000000000,149.266666667,149.266666667,14.322321351,0.878180506,0.032636026,0.044321820,0.146507360,0.190829179,0.223465205
tune,gnn,20,250,50,30,0,30,1.000000000,148.700000000,148.700000000,14.373934743,0.874924977,0.032636026,0.044095649,0.285313757,0.329409407,0.362045433
tune,gnn,20,250,100,30,0,30,1.000000000,147.300000000,147.300000000,14.301864680,0.866686496,0.032636026,0.044193783,0.554281132,0.598474916,0.631110942
tune,gnn,20,250,200,30,0,30,1.000000000,145.900000000,145.900000000,14.257980222,0.858569785,0.032636026,0.044277477,1.071325222,1.115602699,1.148238725
tune,gnn,20,500,0,30,0,30,1.000000000,146.266666667,146.266666667,13.114707605,0.861582265,0.032636026,0.088765416,0.000000000,0.088765416,0.121401442
tune,gnn,20,500,10,30,0,30,1.000000000,146.000000000,146.000000000,13.086889113,0.859983380,0.032636026,0.088744231,0.061838432,0.150582663,0.183218690
tune,gnn,20,500,25,30,0,30,1.000000000,145.200000000,145.200000000,13.558269309,0.854885176,0.032636026,0.088658024,0.148366741,0.237024764,0.269660790
tune,gnn,20,500,50,30,0,30,1.000000000,144.566666667,144.566666667,13.428038659,0.851212232,0.032636026,0.088927161,0.289661082,0.378588242,0.411224268
tune,gnn,20,500,100,30,0,30,1.000000000,144.166666667,144.166666667,13.448874385,0.848934067,0.032636026,0.088494800,0.569248943,0.657743743,0.690379769
tune,gnn,20,500,200,30,0,30,1.000000000,143.133333333,143.133333333,13.465346470,0.842908143,0.032636026,0.088928307,1.088156059,1.177084366,1.209720392
tune,gnn,20,1000,0,30,0,30,1.000000000,144.666666667,144.666666667,13.528570591,0.852171483,0.032636026,0.177830916,0.000000000,0.177830916,0.210466942
tune,gnn,20,1000,10,30,0,30,1.000000000,144.033333333,144.033333333,13.267713527,0.848465319,0.032636026,0.177249223,0.061165033,0.238414256,0.271050282
tune,gnn,20,1000,25,30,0,30,1.000000000,143.633333333,143.633333333,13.327873882,0.846052894,0.032636026,0.177114476,0.152646883,0.329761358,0.362397384
tune,gnn,20,1000,50,30,0,30,1.000000000,143.266666667,143.266666667,13.539899885,0.843799282,0.032636026,0.177321505,0.288016968,0.465338473,0.497974499
tune,gnn,20,1000,100,30,0,30,1.000000000,142.866666667,142.866666667,13.615514027,0.841424665,0.032636026,0.177116887,0.557857316,0.734974203,0.767610229
tune,gnn,20,1000,200,30,0,30,1.000000000,142.266666667,142.266666667,13.800805129,0.837760014,0.032636026,0.177374904,1.090325325,1.267700229,1.300336255
tune,gnn,20,2000,0,30,0,30,1.000000000,142.766666667,142.766666667,14.988180529,0.840463476,0.032636026,0.354458142,0.000000000,0.354458142,0.387094168
tune,gnn,20,2000,10,30,0,30,1.000000000,142.300000000,142.300000000,14.924588213,0.837699106,0.032636026,0.353359379,0.066353352,0.419712731,0.452348757
tune,gnn,20,2000,25,30,0,30,1.000000000,141.866666667,141.866666667,14.878918718,0.835036533,0.032636026,0.353009499,0.149580097,0.502589596,0.535225622
tune,gnn,20,2000,50,30,0,30,1.000000000,141.500000000,141.500000000,14.937090301,0.832798980,0.032636026,0.353481598,0.284769996,0.638251594,0.670887620
tune,gnn,20,2000,100,30,0,30,1.000000000,141.200000000,141.200000000,14.900559274,0.831044881,0.032636026,0.353194761,0.568818581,0.922013342,0.954649368
tune,gnn,20,2000,200,30,0,30,1.000000000,140.833333333,140.833333333,14.701662793,0.828901650,0.032636026,0.354504194,1.112255229,1.466759424,1.499395450
tune,gnn,40,0,0,30,0,30,1.000000000,317.000000000,317.000000000,16.407315442,1.000000000,0.058313314,0.000000000,0.000000000,0.000000000,0.058313314
tune,gnn,40,0,10,30,0,30,1.000000000,314.733333333,314.733333333,17.852979832,0.992648570,0.058313314,0.000000000,0.142995747,0.142995747,0.201309061
tune,gnn,40,0,25,30,0,30,1.000000000,312.166666667,312.166666667,16.677496481,0.984740797,0.058313314,0.000000000,0.326154505,0.326154505,0.384467818
tune,gnn,40,0,50,30,0,30,1.000000000,307.666666667,307.666666667,16.815336915,0.970530434,0.058313314,0.000000000,0.621752182,0.621752182,0.680065495
tune,gnn,40,0,100,30,0,30,1.000000000,301.433333333,301.433333333,15.549240782,0.951093965,0.058313314,0.000000000,1.162115090,1.162115090,1.220428403
tune,gnn,40,0,200,30,0,30,1.000000000,296.433333333,296.433333333,15.329021133,0.935332388,0.058313314,0.000000000,2.183002546,2.183002546,2.241315859
tune,gnn,40,100,0,30,0,30,1.000000000,303.566666667,303.566666667,16.422917592,0.957866602,0.058313314,0.042150699,0.000000000,0.042150699,0.100464013
tune,gnn,40,100,10,30,0,30,1.000000000,301.933333333,301.933333333,16.350195378,0.952764188,0.058313314,0.042144572,0.116689653,0.158834226,0.217147539
tune,gnn,40,100,25,30,0,30,1.000000000,300.000000000,300.000000000,16.641314051,0.946605179,0.058313314,0.041891052,0.274434548,0.316325600,0.374638914
tune,gnn,40,100,50,30,0,30,1.000000000,298.100000000,298.100000000,16.137637167,0.940630634,0.058313314,0.041841740,0.528825234,0.570666974,0.628980288
tune,gnn,40,100,100,30,0,30,1.000000000,295.300000000,295.300000000,16.927590890,0.931729208,0.058313314,0.041776681,1.044767397,1.086544078,1.144857391
tune,gnn,40,100,200,30,0,30,1.000000000,291.566666667,291.566666667,16.825938970,0.919973207,0.058313314,0.041975973,2.053490333,2.095466306,2.153779620
tune,gnn,40,250,0,30,0,30,1.000000000,295.233333333,295.233333333,17.304495241,0.931391835,0.058313314,0.104849488,0.000000000,0.104849488,0.163162802
tune,gnn,40,250,10,30,0,30,1.000000000,294.433333333,294.433333333,17.089340407,0.928846788,0.058313314,0.104947856,0.113676634,0.218624490,0.276937803
tune,gnn,40,250,25,30,0,30,1.000000000,293.366666667,293.366666667,16.592133344,0.925537137,0.058313314,0.104531401,0.265618695,0.370150096,0.428463410
tune,gnn,40,250,50,30,0,30,1.000000000,291.900000000,291.900000000,16.805455463,0.920848508,0.058313314,0.105041232,0.520928059,0.625969290,0.684282604
tune,gnn,40,250,100,30,0,30,1.000000000,290.000000000,290.000000000,16.198765385,0.915013563,0.058313314,0.104742666,1.025378988,1.130121654,1.188434968
tune,gnn,40,250,200,30,0,30,1.000000000,287.733333333,287.733333333,15.558348956,0.907895327,0.058313314,0.104788564,2.012884599,2.117673163,2.175986476
tune,gnn,40,500,0,30,0,30,1.000000000,288.333333333,288.333333333,17.108152702,0.909680903,0.058313314,0.209718511,0.000000000,0.209718511,0.268031825
tune,gnn,40,500,10,30,0,30,1.000000000,287.566666667,287.566666667,16.865513795,0.907251365,0.058313314,0.209425744,0.109011963,0.318437707,0.376751021
tune,gnn,40,500,25,30,0,30,1.000000000,286.166666667,286.166666667,16.603379843,0.902847683,0.058313314,0.208992146,0.248788373,0.457780520,0.516093833
tune,gnn,40,500,50,30,0,30,1.000000000,284.733333333,284.733333333,17.194831265,0.898249001,0.058313314,0.208994030,0.501841405,0.710835435,0.769148748
tune,gnn,40,500,100,30,0,30,1.000000000,283.200000000,283.200000000,16.722041343,0.893445954,0.058313314,0.208736380,0.964920659,1.173657039,1.231970353
tune,gnn,40,500,200,30,0,30,1.000000000,280.233333333,280.233333333,16.228952181,0.884086217,0.058313314,0.209183769,1.877616871,2.086800640,2.145113954
tune,gnn,40,1000,0,30,0,30,1.000000000,281.800000000,281.800000000,16.851112723,0.889103146,0.058313314,0.416680888,0.000000000,0.416680888,0.474994202
tune,gnn,40,1000,10,30,0,30,1.000000000,280.966666667,280.966666667,16.882897329,0.886534801,0.058313314,0.415630893,0.106318792,0.521949685,0.580262998
tune,gnn,40,1000,25,30,0,30,1.000000000,279.600000000,279.600000000,16.654528914,0.882186211,0.058313314,0.415607964,0.233009921,0.648617885,0.706931199
tune,gnn,40,1000,50,30,0,30,1.000000000,279.233333333,279.233333333,16.388376640,0.881041184,0.058313314,0.415229274,0.472050365,0.887279639,0.945592952
tune,gnn,40,1000,100,30,0,30,1.000000000,277.966666667,277.966666667,16.652293803,0.876975065,0.058313314,0.414308202,0.909736814,1.324045016,1.382358329
tune,gnn,40,1000,200,30,0,30,1.000000000,276.800000000,276.800000000,16.038287523,0.873406308,0.058313314,0.414661837,1.773446044,2.188107881,2.246421195
tune,gnn,40,2000,0,30,0,30,1.000000000,273.466666667,273.466666667,15.224395627,0.863148064,0.058313314,0.832124335,0.000000000,0.832124335,0.890437649
tune,gnn,40,2000,10,30,0,30,1.000000000,272.800000000,272.800000000,15.619218931,0.860971037,0.058313314,0.832684714,0.091962318,0.924647032,0.982960345
tune,gnn,40,2000,25,30,0,30,1.000000000,272.233333333,272.233333333,15.551384361,0.859166682,0.058313314,0.832094560,0.216106172,1.048200732,1.106514045
tune,gnn,40,2000,50,30,0,30,1.000000000,271.666666667,271.666666667,15.704210334,0.857356006,0.058313314,0.828859131,0.435351428,1.264210560,1.322523873
tune,gnn,40,2000,100,30,0,30,1.000000000,270.866666667,270.866666667,15.753800247,0.854793224,0.058313314,0.829695289,0.861932001,1.691627290,1.749940603
tune,gnn,40,2000,200,30,0,30,1.000000000,270.000000000,270.000000000,15.379640221,0.852101272,0.058313314,0.829829655,1.697867704,2.527697359,2.586010672
tune,gnn,60,0,0,30,0,27,0.900000000,486.700000000,480.888888889,28.104742362,1.000000000,0.092958917,0.000000000,0.000000000,0.000000000,0.092958917
tune,gnn,60,0,10,30,0,30,1.000000000,476.300000000,476.300000000,26.998950597,0.980173120,0.092958917,0.000000000,0.258513706,0.258513706,0.351472624
tune,gnn,60,0,25,30,0,30,1.000000000,473.000000000,473.000000000,25.315344490,0.973511367,0.092958917,0.000000000,0.586338221,0.586338221,0.679297138
tune,gnn,60,0,50,30,0,30,1.000000000,469.833333333,469.833333333,24.630717046,0.967017013,0.092958917,0.000000000,1.147010425,1.147010425,1.239969342
tune,gnn,60,0,100,30,0,30,1.000000000,465.433333333,465.433333333,22.640205142,0.958088371,0.092958917,0.000000000,2.173838906,2.173838906,2.266797823
tune,gnn,60,0,200,30,0,30,1.000000000,458.700000000,458.700000000,19.296199971,0.944533641,0.092958917,0.000000000,4.053939471,4.053939471,4.146898388
tune,gnn,60,100,0,30,0,30,1.000000000,465.166666667,465.166666667,23.482026223,0.958007351,0.092958917,0.073657392,0.000000000,0.073657392,0.166616309
tune,gnn,60,100,10,30,0,30,1.000000000,463.933333333,463.933333333,23.440610534,0.955463530,0.092958917,0.073528518,0.227016658,0.300545176,0.393504093
tune,gnn,60,100,25,30,0,30,1.000000000,462.733333333,462.733333333,23.196168266,0.952983890,0.092958917,0.073616692,0.543285720,0.616902412,0.709861329
tune,gnn,60,100,50,30,0,30,1.000000000,460.366666667,460.366666667,22.567651382,0.948162441,0.092958917,0.073390674,1.047861122,1.121251796,1.214210713
tune,gnn,60,100,100,30,0,30,1.000000000,454.866666667,454.866666667,19.855701672,0.937058171,0.092958917,0.073678424,2.008193285,2.081871709,2.174830626
tune,gnn,60,100,200,30,0,30,1.000000000,449.966666667,449.966666667,18.660981277,0.926959848,0.092958917,0.073721674,3.874724442,3.948446115,4.041405033
tune,gnn,60,250,0,30,0,29,0.966666667,458.800000000,456.172413793,22.651891853,0.944425231,0.092958917,0.184205154,0.000000000,0.184205154,0.277164071
tune,gnn,60,250,10,30,0,30,1.000000000,455.166666667,455.166666667,21.916634981,0.937502620,0.092958917,0.184184266,0.207897384,0.392081650,0.485040567
tune,gnn,60,250,25,30,0,30,1.000000000,453.433333333,453.433333333,21.786361687,0.933854789,0.092958917,0.183923609,0.487867552,0.671791161,0.764750078
tune,gnn,60,250,50,30,0,30,1.000000000,451.400000000,451.400000000,20.336502485,0.929732918,0.092958917,0.183981871,0.948210012,1.132191883,1.225150800
tune,gnn,60,250,100,30,0,30,1.000000000,449.266666667,449.266666667,20.532792201,0.925300122,0.092958917,0.183818764,1.831063458,2.014882222,2.107841139
tune,gnn,60,250,200,30,0,30,1.000000000,445.566666667,445.566666667,18.771757746,0.917810024,0.092958917,0.183798270,3.531550989,3.715349259,3.808308176
tune,gnn,60,500,0,30,0,30,1.000000000,448.133333333,448.133333333,21.870426506,0.923397368,0.092958917,0.366771536,0.000000000,0.366771536,0.459730453
tune,gnn,60,500,10,30,0,30,1.000000000,447.633333333,447.633333333,21.678688972,0.922334383,0.092958917,0.366690863,0.207132755,0.573823618,0.666782535
tune,gnn,60,500,25,30,0,30,1.000000000,446.866666667,446.866666667,21.239481057,0.920741069,0.092958917,0.366328277,0.471462041,0.837790318,0.930749235
tune,gnn,60,500,50,30,0,30,1.000000000,445.933333333,445.933333333,21.096497866,0.918851400,0.092958917,0.367152826,0.917905959,1.285058785,1.378017702
tune,gnn,60,500,100,30,0,30,1.000000000,443.500000000,443.500000000,21.259899655,0.913759536,0.092958917,0.367004458,1.796505111,2.163509568,2.256468485
tune,gnn,60,500,200,30,0,30,1.000000000,439.700000000,439.700000000,20.386515151,0.905977680,0.092958917,0.367304323,3.464899548,3.832203871,3.925162788
tune,gnn,60,1000,0,30,0,29,0.966666667,440.966666667,438.448275862,21.728078460,0.908129732,0.092958917,0.733341284,0.000000000,0.733341284,0.826300201
tune,gnn,60,1000,10,30,0,30,1.000000000,437.966666667,437.966666667,20.938773179,0.902445523,0.092958917,0.732863281,0.179575479,0.912438760,1.005397677
tune,gnn,60,1000,25,30,0,30,1.000000000,437.233333333,437.233333333,21.002671788,0.900898672,0.092958917,0.734977162,0.424475351,1.159452514,1.252411431
tune,gnn,60,1000,50,30,0,30,1.000000000,436.666666667,436.666666667,21.152357368,0.899723544,0.092958917,0.735844644,0.838372022,1.574216666,1.667175583
tune,gnn,60,1000,100,30,0,30,1.000000000,435.333333333,435.333333333,21.071834809,0.896919340,0.092958917,0.734446146,1.641638603,2.376084748,2.469043666
tune,gnn,60,1000,200,30,0,30,1.000000000,433.033333333,433.033333333,21.171495512,0.892029005,0.092958917,0.732544867,3.217069314,3.949614181,4.042573098
tune,gnn,60,2000,0,30,0,30,1.000000000,427.166666667,427.166666667,21.618022317,0.880391776,0.092958917,1.470751808,0.000000000,1.470751808,1.563710725
tune,gnn,60,2000,10,30,0,30,1.000000000,426.966666667,426.966666667,21.606300521,0.879973965,0.092958917,1.470238679,0.171254605,1.641493284,1.734452201
tune,gnn,60,2000,25,30,0,30,1.000000000,426.766666667,426.766666667,21.637441829,0.879541227,0.092958917,1.470139517,0.417775095,1.887914612,1.980873529
tune,gnn,60,2000,50,30,0,30,1.000000000,426.000000000,426.000000000,20.620378270,0.878025515,0.092958917,1.469687344,0.787180524,2.256867869,2.349826786
tune,gnn,60,2000,100,30,0,30,1.000000000,424.900000000,424.900000000,20.435834540,0.875714011,0.092958917,1.472750314,1.558496463,3.031246776,3.124205693
tune,gnn,60,2000,200,30,0,30,1.000000000,423.166666667,423.166666667,20.691517317,0.872093767,0.092958917,1.470274353,3.064415300,4.534689653,4.627648570
tune,gnn,80,0,0,30,0,27,0.900000000,663.900000000,656.666666667,21.648710508,1.000000000,0.136527845,0.000000000,0.000000000,0.000000000,0.136527845
tune,gnn,80,0,10,30,0,30,1.000000000,655.466666667,655.466666667,22.468842625,0.987977554,0.136527845,0.000000000,0.406960663,0.406960663,0.543488508
tune,gnn,80,0,25,30,0,30,1.000000000,651.633333333,651.633333333,22.061253112,0.982274652,0.136527845,0.000000000,0.914836675,0.914836675,1.051364520
tune,gnn,80,0,50,30,0,30,1.000000000,646.733333333,646.733333333,22.842844734,0.974930598,0.136527845,0.000000000,1.761266693,1.761266693,1.897794538
tune,gnn,80,0,100,30,0,30,1.000000000,637.700000000,637.700000000,22.354939797,0.961433319,0.136527845,0.000000000,3.363229165,3.363229165,3.499757010
tune,gnn,80,0,200,30,0,30,1.000000000,625.800000000,625.800000000,18.547955862,0.943667669,0.136527845,0.000000000,6.281253544,6.281253544,6.417781389
tune,gnn,80,100,0,30,0,26,0.866666667,643.166666667,629.923076923,19.593804117,0.969079033,0.136527845,0.113445930,0.000000000,0.113445930,0.249973774
tune,gnn,80,100,10,30,0,30,1.000000000,633.266666667,633.266666667,24.691339012,0.954869269,0.136527845,0.113339688,0.327407048,0.440746735,0.577274580
tune,gnn,80,100,25,30,0,30,1.000000000,629.166666667,629.166666667,23.124421915,0.948785371,0.136527845,0.113819077,0.739564867,0.853383944,0.989911789
tune,gnn,80,100,50,30,0,30,1.000000000,624.200000000,624.200000000,23.611296731,0.941281765,0.136527845,0.113582004,1.414294759,1.527876763,1.664404608
tune,gnn,80,100,100,30,0,30,1.000000000,618.233333333,618.233333333,23.326213199,0.932303934,0.136527845,0.113516934,2.747343542,2.860860476,2.997388321
tune,gnn,80,100,200,30,0,30,1.000000000,609.866666667,609.866666667,22.162631212,0.919700944,0.136527845,0.113439547,5.256976513,5.370416060,5.506943905
tune,gnn,80,250,0,30,0,27,0.900000000,627.200000000,618.518518519,19.728472319,0.945130027,0.136527845,0.284435080,0.000000000,0.284435080,0.420962925
tune,gnn,80,250,10,30,0,30,1.000000000,619.866666667,619.866666667,19.643036651,0.934684583,0.136527845,0.284111029,0.286370861,0.570481891,0.707009735
tune,gnn,80,250,25,30,0,30,1.000000000,618.700000000,618.700000000,19.235643998,0.932924432,0.136527845,0.282940817,0.666117573,0.949058390,1.085586234
tune,gnn,80,250,50,30,0,30,1.000000000,615.166666667,615.166666667,20.523293000,0.927521949,0.136527845,0.283311674,1.294741455,1.578053129,1.714580974
tune,gnn,80,250,100,30,0,30,1.000000000,609.200000000,609.200000000,19.642470992,0.918652264,0.136527845,0.283228051,2.540749412,2.823977463,2.960505308
tune,gnn,80,250,200,30,0,30,1.000000000,603.966666667,603.966666667,19.578020556,0.910764501,0.136527845,0.282309278,4.920578288,5.202887566,5.339415411
tune,gnn,80,500,0,30,0,28,0.933333333,614.566666667,608.035714286,20.020493327,0.926364433,0.136527845,0.566181356,0.000000000,0.566181356,0.702709200
tune,gnn,80,500,10,30,0,30,1.000000000,608.900000000,608.900000000,19.727054181,0.918194385,0.136527845,0.566900026,0.274776574,0.841676600,0.978204445
tune,gnn,80,500,25,30,0,30,1.000000000,607.533333333,607.533333333,19.700648607,0.916134254,0.136527845,0.566809545,0.632421786,1.199231331,1.335759175
tune,gnn,80,500,50,30,0,30,1.000000000,606.533333333,606.533333333,19.832184841,0.914627413,0.136527845,0.564532437,1.255813282,1.820345719,1.956873564
tune,gnn,80,500,100,30,0,30,1.000000000,601.466666667,601.466666667,19.597165328,0.907107361,0.136527845,0.566306403,2.488766341,3.055072744,3.191600589
tune,gnn,80,500,200,30,0,30,1.000000000,597.333333333,597.333333333,18.490237664,0.900904842,0.136527845,0.564164571,4.835574301,5.399738871,5.536266716
tune,gnn,80,1000,0,30,0,30,1.000000000,596.933333333,596.933333333,18.420881871,0.900107404,0.136527845,1.130310151,0.000000000,1.130310151,1.266837996
tune,gnn,80,1000,10,30,0,30,1.000000000,596.033333333,596.033333333,18.227238469,0.898750807,0.136527845,1.129132642,0.275395029,1.404527671,1.541055516
tune,gnn,80,1000,25,30,0,30,1.000000000,594.966666667,594.966666667,18.017553170,0.897172524,0.136527845,1.126823921,0.627297329,1.754121250,1.890649095
tune,gnn,80,1000,50,30,0,30,1.000000000,593.466666667,593.466666667,17.886183370,0.894916184,0.136527845,1.129903378,1.221723615,2.351626993,2.488154838
tune,gnn,80,1000,100,30,0,30,1.000000000,590.566666667,590.566666667,18.338817362,0.890543244,0.136527845,1.130363545,2.383061056,3.513424601,3.649952446
tune,gnn,80,1000,200,30,0,30,1.000000000,587.300000000,587.300000000,18.003981041,0.885611490,0.136527845,1.129757536,4.605676977,5.735434512,5.871962357
tune,gnn,80,2000,0,30,0,30,1.000000000,579.366666667,579.366666667,18.944626913,0.873614822,0.136527845,2.261559302,0.000000000,2.261559302,2.398087147
tune,gnn,80,2000,10,30,0,30,1.000000000,578.966666667,578.966666667,19.128483706,0.873002795,0.136527845,2.263138911,0.238723262,2.501862173,2.638390018
tune,gnn,80,2000,25,30,0,30,1.000000000,578.733333333,578.733333333,19.001637356,0.872654369,0.136527845,2.255772382,0.545231410,2.801003792,2.937531637
tune,gnn,80,2000,50,30,0,30,1.000000000,578.066666667,578.066666667,18.834247765,0.871649337,0.136527845,2.256147189,1.095999051,3.352146240,3.488674085
tune,gnn,80,2000,100,30,0,30,1.000000000,577.100000000,577.100000000,18.303642625,0.870209377,0.136527845,2.253552376,2.175030322,4.428582699,4.565110544
tune,gnn,80,2000,200,30,0,30,1.000000000,575.800000000,575.800000000,18.035890145,0.868275567,0.136527845,2.258094911,4.274775179,6.532870091,6.669397935
tune,gnn,100,0,0,30,0,30,1.000000000,797.800000000,797.800000000,43.008836301,1.000000000,0.191415719,0.000000000,0.000000000,0.000000000,0.191415719
tune,gnn,100,0,10,30,0,30,1.000000000,796.633333333,796.633333333,42.921232767,0.998543311,0.191415719,0.000000000,0.498862061,0.498862061,0.690277780
tune,gnn,100,0,25,30,0,30,1.000000000,794.266666667,794.266666667,42.918475690,0.995580601,0.191415719,0.000000000,1.177083425,1.177083425,1.368499144
tune,gnn,100,0,50,30,0,30,1.000000000,789.766666667,789.766666667,42.134454099,0.989992850,0.191415719,0.000000000,2.256298838,2.256298838,2.447714557
tune,gnn,100,0,100,30,0,30,1.000000000,785.766666667,785.766666667,39.176254146,0.985193966,0.191415719,0.000000000,4.349681445,4.349681445,4.541097164
tune,gnn,100,0,200,30,0,30,1.000000000,778.366666667,778.366666667,35.755170566,0.976174576,0.191415719,0.000000000,8.360217485,8.360217485,8.551633204
tune,gnn,100,100,0,30,0,30,1.000000000,784.733333333,784.733333333,41.173562176,0.983815031,0.191415719,0.158849179,0.000000000,0.158849179,0.350264898
tune,gnn,100,100,10,30,0,30,1.000000000,783.933333333,783.933333333,41.191369107,0.982815463,0.191415719,0.159028180,0.450181647,0.609209827,0.800625546
tune,gnn,100,100,25,30,0,30,1.000000000,781.966666667,781.966666667,40.637817636,0.980398187,0.191415719,0.158447810,1.072696151,1.231143961,1.422559680
tune,gnn,100,100,50,30,0,30,1.000000000,779.533333333,779.533333333,40.237406588,0.977379285,0.191415719,0.159092719,2.060559776,2.219652495,2.411068214
tune,gnn,100,100,100,30,0,30,1.000000000,774.866666667,774.866666667,39.100497297,0.971616368,0.191415719,0.159190705,3.986069089,4.145259794,4.336675513
tune,gnn,100,100,200,30,0,30,1.000000000,769.566666667,769.566666667,36.404837896,0.965165745,0.191415719,0.159557815,7.770135967,7.929693782,8.121109501
tune,gnn,100,250,0,30,0,30,1.000000000,778.933333333,778.933333333,43.100605822,0.976402510,0.191415719,0.394229857,0.000000000,0.394229857,0.585645576
tune,gnn,100,250,10,30,0,30,1.000000000,777.700000000,777.700000000,42.599021898,0.974886626,0.191415719,0.393570295,0.444449123,0.838019418,1.029435137
tune,gnn,100,250,25,30,0,30,1.000000000,776.066666667,776.066666667,41.883117787,0.972886246,0.191415719,0.394447269,1.057671351,1.452118620,1.643534340
tune,gnn,100,250,50,30,0,30,1.000000000,773.866666667,773.866666667,41.955320150,0.970116450,0.191415719,0.394723062,2.045569544,2.440292605,2.631708324
tune,gnn,100,250,100,30,0,30,1.000000000,769.500000000,769.500000000,41.833598937,0.964692720,0.191415719,0.393684007,3.921454425,4.315138432,4.506554151
tune,gnn,100,250,200,30,0,30,1.000000000,765.600000000,765.600000000,40.059622232,0.959931982,0.191415719,0.394560087,7.567280560,7.961840647,8.153256366
tune,gnn,100,500,0,30,0,28,0.933333333,772.300000000,767.464285714,41.703444653,0.968229739,0.191415719,0.787360574,0.000000000,0.787360574,0.978776293
tune,gnn,100,500,10,30,0,30,1.000000000,769.000000000,769.000000000,43.166344915,0.964035105,0.191415719,0.787210095,0.408230514,1.195440609,1.386856328
tune,gnn,100,500,25,30,0,30,1.000000000,768.233333333,768.233333333,42.477196497,0.963114243,0.191415719,0.787049217,0.962264931,1.749314148,1.940729867
tune,gnn,100,500,50,30,0,30,1.000000000,766.333333333,766.333333333,43.048293294,0.960683443,0.191415719,0.789304821,1.894500553,2.683805374,2.875221094
tune,gnn,100,500,100,30,0,30,1.000000000,763.200000000,763.200000000,41.844473948,0.956831347,0.191415719,0.788559277,3.697329750,4.485889027,4.677304746
tune,gnn,100,500,200,30,0,30,1.000000000,759.000000000,759.000000000,40.490328063,0.951645458,0.191415719,0.786772023,7.140655151,7.927427174,8.118842894
tune,gnn,100,1000,0,30,0,27,0.900000000,761.400000000,754.888888889,36.597240670,0.955115059,0.191415719,1.571787590,0.000000000,1.571787590,1.763203309
tune,gnn,100,1000,10,30,0,30,1.000000000,756.800000000,756.800000000,38.641428545,0.949189857,0.191415719,1.569611832,0.392439125,1.962050956,2.153466675
tune,gnn,100,1000,25,30,0,30,1.000000000,755.366666667,755.366666667,37.128141468,0.947432543,0.191415719,1.574662876,0.891370453,2.466033328,2.657449048
tune,gnn,100,1000,50,30,0,30,1.000000000,753.366666667,753.366666667,37.058947038,0.944880558,0.191415719,1.569112839,1.749042189,3.318155028,3.509570748
tune,gnn,100,1000,100,30,0,30,1.000000000,750.800000000,750.800000000,36.163886222,0.941678885,0.191415719,1.570583589,3.445815552,5.016399141,5.207814860
tune,gnn,100,1000,200,30,0,30,1.000000000,747.400000000,747.400000000,35.995925695,0.937426051,0.191415719,1.570432859,6.789428414,8.359861273,8.551276992
tune,gnn,100,2000,0,30,0,27,0.900000000,749.366666667,743.407407407,35.180233570,0.940105713,0.191415719,3.164903595,0.000000000,3.164903595,3.356319314
tune,gnn,100,2000,10,30,0,30,1.000000000,746.033333333,746.033333333,36.345089841,0.935827604,0.191415719,3.163964166,0.359237553,3.523201719,3.714617438
tune,gnn,100,2000,25,30,0,30,1.000000000,744.866666667,744.866666667,36.032146141,0.934334098,0.191415719,3.158375570,0.849936376,4.008311946,4.199727665
tune,gnn,100,2000,50,30,0,30,1.000000000,743.600000000,743.600000000,36.209206932,0.932717865,0.191415719,3.162988966,1.676119448,4.839108413,5.030524132
tune,gnn,100,2000,100,30,0,30,1.000000000,741.666666667,741.666666667,34.774831256,0.930350615,0.191415719,3.163356695,3.293151025,6.456507720,6.647923439
tune,gnn,100,2000,200,30,0,30,1.000000000,738.633333333,738.633333333,33.528578192,0.926621231,0.191415719,3.166606907,6.493464892,9.660071799,9.851487518
tune,gnn_precise,20,0,0,30,0,30,1.000000000,179.400000000,179.400000000,12.682271090,1.000000000,0.153498565,0.000000000,0.000000000,0.000000000,0.153498565
tune,gnn_precise,20,0,10,30,0,30,1.000000000,173.233333333,173.233333333,12.352282740,0.966169752,0.153498565,0.000000000,0.068488598,0.068488598,0.221987163
tune,gnn_precise,20,0,25,30,0,30,1.000000000,166.700000000,166.700000000,13.555195806,0.929373205,0.153498565,0.000000000,0.145843416,0.145843416,0.299341981
tune,gnn_precise,20,0,50,30,0,30,1.000000000,163.566666667,163.566666667,14.023036603,0.911919022,0.153498565,0.000000000,0.281001302,0.281001302,0.434499867
tune,gnn_precise,20,0,100,30,0,30,1.000000000,158.900000000,158.900000000,12.872062772,0.886472811,0.153498565,0.000000000,0.560070023,0.560070023,0.713568588
tune,gnn_precise,20,0,200,30,0,30,1.000000000,154.100000000,154.100000000,12.663201280,0.860167246,0.153498565,0.000000000,1.074284629,1.074284629,1.227783194
tune,gnn_precise,20,100,0,30,0,30,1.000000000,162.800000000,162.800000000,13.018960532,0.908223202,0.153498565,0.017367555,0.000000000,0.017367555,0.170866120
tune,gnn_precise,20,100,10,30,0,30,1.000000000,161.066666667,161.066666667,12.192711849,0.898910976,0.153498565,0.017363644,0.058606617,0.075970261,0.229468826
tune,gnn_precise,20,100,25,30,0,30,1.000000000,159.966666667,159.966666667,12.437800806,0.892755777,0.153498565,0.017512967,0.138676079,0.156189045,0.309687610
tune,gnn_precise,20,100,50,30,0,30,1.000000000,157.133333333,157.133333333,11.960304716,0.877230673,0.153498565,0.017330194,0.263656017,0.280986212,0.434484777
tune,gnn_precise,20,100,100,30,0,30,1.000000000,154.166666667,154.166666667,12.620309910,0.860663843,0.153498565,0.017552608,0.503025203,0.520577811,0.674076377
tune,gnn_precise,20,100,200,30,0,30,1.000000000,151.366666667,151.366666667,12.541885380,0.845259693,0.153498565,0.017395383,0.985739711,1.003135094,1.156633659
tune,gnn_precise,20,250,0,30,0,30,1.000000000,156.166666667,156.166666667,14.870739352,0.871108027,0.153498565,0.043069461,0.000000000,0.043069461,0.196568026
tune,gnn_precise,20,250,10,30,0,30,1.000000000,155.300000000,155.300000000,13.947879170,0.866449169,0.153498565,0.042990182,0.056805630,0.099795812,0.253294377
tune,gnn_precise,20,250,25,30,0,30,1.000000000,154.000000000,154.000000000,14.193895401,0.859067742,0.153498565,0.042944729,0.140508342,0.183453071,0.336951636
tune,gnn_precise,20,250,50,30,0,30,1.000000000,153.066666667,153.066666667,13.338998796,0.854119923,0.153498565,0.042875789,0.262313377,0.305189166,0.458687731
tune,gnn_precise,20,250,100,30,0,30,1.000000000,150.300000000,150.300000000,12.662674810,0.838836819,0.153498565,0.043107578,0.504277029,0.547384607,0.700883172
tune,gnn_precise,20,250,200,30,0,30,1.000000000,148.500000000,148.500000000,12.766492601,0.828976087,0.153498565,0.042929582,0.964789073,1.007718655,1.161217220
tune,gnn_precise,20,500,0,30,0,30,1.000000000,151.633333333,151.633333333,13.340373142,0.845820352,0.153498565,0.085647409,0.000000000,0.085647409,0.239145974
tune,gnn_precise,20,500,10,30,0,30,1.000000000,151.200000000,151.200000000,13.234802605,0.843457314,0.153498565,0.085275104,0.059146407,0.144421511,0.297920076
tune,gnn_precise,20,500,25,30,0,30,1.000000000,150.666666667,150.666666667,13.282402728,0.840526175,0.153498565,0.085375821,0.133282004,0.218657824,0.372156389
tune,gnn_precise,20,500,50,30,0,30,1.000000000,149.766666667,149.766666667,12.459757444,0.835646417,0.153498565,0.085330029,0.266726360,0.352056388,0.505554954
tune,gnn_precise,20,500,100,30,0,30,1.000000000,147.600000000,147.600000000,10.870755877,0.823917645,0.153498565,0.085274917,0.521296948,0.606571865,0.760070430
tune,gnn_precise,20,500,200,30,0,30,1.000000000,146.733333333,146.733333333,10.392091010,0.819263344,0.153498565,0.085495427,1.014057628,1.099553055,1.253051620
tune,gnn_precise,20,1000,0,30,0,30,1.000000000,147.966666667,147.966666667,11.487626193,0.825999730,0.153498565,0.169763529,0.000000000,0.169763529,0.323262094
tune,gnn_precise,20,1000,10,30,0,30,1.000000000,147.333333333,147.333333333,11.163432367,0.822529876,0.153498565,0.169706218,0.061493027,0.231199245,0.384697810
tune,gnn_precise,20,1000,25,30,0,30,1.000000000,146.933333333,146.933333333,11.027037479,0.820266135,0.153498565,0.169433256,0.132894231,0.302327487,0.455826052
tune,gnn_precise,20,1000,50,30,0,30,1.000000000,146.433333333,146.433333333,11.035347248,0.817389748,0.153498565,0.169747605,0.264542222,0.434289828,0.587788393
tune,gnn_precise,20,1000,100,30,0,30,1.000000000,145.366666667,145.366666667,10.534018965,0.811527254,0.153498565,0.169732178,0.504548251,0.674280430,0.827778995
tune,gnn_precise,20,1000,200,30,0,30,1.000000000,144.833333333,144.833333333,10.456523748,0.808762362,0.153498565,0.169719545,1.000633939,1.170353484,1.323852049
tune,gnn_precise,20,2000,0,30,0,30,1.000000000,145.800000000,145.800000000,11.391224693,0.813810754,0.153498565,0.341431084,0.000000000,0.341431084,0.494929649
tune,gnn_precise,20,2000,10,30,0,30,1.000000000,145.466666667,145.466666667,11.179544813,0.812039570,0.153498565,0.341215258,0.056363933,0.397579191,0.551077756
tune,gnn_precise,20,2000,25,30,0,30,1.000000000,145.033333333,145.033333333,11.007522680,0.809663491,0.153498565,0.341194515,0.130969859,0.472164374,0.625662939
tune,gnn_precise,20,2000,50,30,0,30,1.000000000,144.800000000,144.800000000,10.937397619,0.808380558,0.153498565,0.341256416,0.249821161,0.591077578,0.744576143
tune,gnn_precise,20,2000,100,30,0,30,1.000000000,144.200000000,144.200000000,10.656453444,0.805123316,0.153498565,0.340554980,0.489299720,0.829854701,0.983353266
tune,gnn_precise,20,2000,200,30,0,30,1.000000000,144.100000000,144.100000000,10.687531676,0.804566528,0.153498565,0.340652505,0.958627632,1.299280137,1.452778702
tune,gnn_precise,40,0,0,30,0,30,1.000000000,350.000000000,350.000000000,31.314533367,1.000000000,0.348546437,0.000000000,0.000000000,0.000000000,0.348546437
tune,gnn_precise,40,0,10,30,0,30,1.000000000,344.400000000,344.400000000,28.373226817,0.984717468,0.348546437,0.000000000,0.156336083,0.156336083,0.504882520
tune,gnn_precise,40,0,25,30,0,30,1.000000000,337.333333333,337.333333333,27.170245163,0.964945817,0.348546437,0.000000000,0.335186557,0.335186557,0.683732994
tune,gnn_precise,40,0,50,30,0,30,1.000000000,329.166666667,329.166666667,23.647527472,0.942443244,0.348546437,0.000000000,0.656851000,0.656851000,1.005397437
tune,gnn_precise,40,0,100,30,0,30,1.000000000,322.566666667,322.566666667,22.219635961,0.923944270,0.348546437,0.000000000,1.236047761,1.236047761,1.584594199
tune,gnn_precise,40,0,200,30,0,30,1.000000000,314.866666667,314.866666667,18.878088415,0.902699612,0.348546437,0.000000000,2.361425136,2.361425136,2.709971573
tune,gnn_precise,40,100,0,30,0,30,1.000000000,327.000000000,327.000000000,21.799082550,0.936705326,0.348546437,0.042623471,0.000000000,0.042623471,0.391169908
tune,gnn_precise,40,100,10,30,0,30,1.000000000,324.833333333,324.833333333,22.679040740,0.930284657,0.348546437,0.042331311,0.131016364,0.173347675,0.521894112
tune,gnn_precise,40,100,25,30,0,30,1.000000000,321.866666667,321.866666667,22.041980149,0.921921429,0.348546437,0.042377659,0.305824376,0.348202035,0.696748472
tune,gnn_precise,40,100,50,30,0,30,1.000000000,319.733333333,319.733333333,21.634745717,0.915961237,0.348546437,0.042356263,0.588588380,0.630944643,0.979491080
tune,gnn_precise,40,100,100,30,0,30,1.000000000,317.733333333,317.733333333,21.627040687,0.910253606,0.348546437,0.042413133,1.154028544,1.196441677,1.544988114
tune,gnn_precise,40,100,200,30,0,30,1.000000000,310.933333333,310.933333333,22.543193109,0.890844588,0.348546437,0.042553662,2.285908031,2.328461693,2.677008130
tune,gnn_precise,40,250,0,30,0,30,1.000000000,314.733333333,314.733333333,23.693787278,0.901274132,0.348546437,0.106245904,0.000000000,0.106245904,0.454792341
tune,gnn_precise,40,250,10,30,0,30,1.000000000,313.466666667,313.466666667,23.604707628,0.897590306,0.348546437,0.105949207,0.124897268,0.230846475,0.579392912
tune,gnn_precise,40,250,25,30,0,30,1.000000000,311.566666667,311.566666667,22.373620380,0.892287195,0.348546437,0.106088472,0.281092938,0.387181410,0.735727847
tune,gnn_precise,40,250,50,30,0,30,1.000000000,309.866666667,309.866666667,22.685874215,0.887378373,0.348546437,0.105979965,0.551433270,0.657413235,1.005959672
tune,gnn_precise,40,250,100,30,0,30,1.000000000,308.033333333,308.033333333,20.600134843,0.882576307,0.348546437,0.106135046,1.075341844,1.181476890,1.530023327
tune,gnn_precise,40,250,200,30,0,30,1.000000000,303.200000000,303.200000000,21.171364308,0.868667737,0.348546437,0.106587924,2.132912177,2.239500101,2.588046538
tune,gnn_precise,40,500,0,30,0,30,1.000000000,305.166666667,305.166666667,20.866373800,0.874366540,0.348546437,0.212782213,0.000000000,0.212782213,0.561328651
tune,gnn_precise,40,500,10,30,0,30,1.000000000,304.333333333,304.333333333,20.656449087,0.872053691,0.348546437,0.212502403,0.123228975,0.335731378,0.684277816
tune,gnn_precise,40,500,25,30,0,30,1.000000000,303.000000000,303.000000000,20.668817092,0.868270558,0.348546437,0.212459521,0.273880420,0.486339941,0.834886378
tune,gnn_precise,40,500,50,30,0,30,1.000000000,301.900000000,301.900000000,20.817220436,0.865132766,0.348546437,0.212738706,0.541368246,0.754106952,1.102653389
tune,gnn_precise,40,500,100,30,0,30,1.000000000,300.066666667,300.066666667,20.830959865,0.859848646,0.348546437,0.212196047,1.031164839,1.243360886,1.591907324
tune,gnn_precise,40,500,200,30,0,30,1.000000000,298.366666667,298.366666667,21.157320771,0.854991883,0.348546437,0.211736919,2.037613460,2.249350379,2.597896816
tune,gnn_precise,40,1000,0,30,0,30,1.000000000,294.100000000,294.100000000,19.178720847,0.843851296,0.348546437,0.423502891,0.000000000,0.423502891,0.772049328
tune,gnn_precise,40,1000,10,30,0,30,1.000000000,292.966666667,292.966666667,18.792699528,0.840645146,0.348546437,0.423108242,0.109577542,0.532685784,0.881232222
tune,gnn_precise,40,1000,25,30,0,30,1.000000000,292.666666667,292.666666667,18.623163593,0.839795935,0.348546437,0.422156264,0.255997823,0.678154087,1.026700524
tune,gnn_precise,40,1000,50,30,0,30,1.000000000,291.500000000,291.500000000,18.700712999,0.836471425,0.348546437,0.420746159,0.502552725,0.923298885,1.271845322
tune,gnn_precise,40,1000,100,30,0,30,1.000000000,289.900000000,289.900000000,19.040920846,0.831749714,0.348546437,0.421027015,0.960341864,1.381368879,1.729915316
tune,gnn_precise,40,1000,200,30,0,30,1.000000000,289.000000000,289.000000000,19.202430402,0.829169517,0.348546437,0.421498259,1.886373357,2.307871616,2.656418053
tune,gnn_precise,40,2000,0,30,0,30,1.000000000,286.400000000,286.400000000,18.384051059,0.821482562,0.348546437,0.843515785,0.000000000,0.843515785,1.192062222
tune,gnn_precise,40,2000,10,30,0,30,1.000000000,285.733333333,285.733333333,18.377401582,0.819586627,0.348546437,0.843676278,0.097994415,0.941670693,1.290217130
tune,gnn_precise,40,2000,25,30,0,30,1.000000000,285.233333333,285.233333333,18.349719949,0.818200722,0.348546437,0.843498354,0.236098606,1.079596959,1.428143396
tune,gnn_precise,40,2000,50,30,0,30,1.000000000,284.933333333,284.933333333,18.480500234,0.817345781,0.348546437,0.843917204,0.461405281,1.305322484,1.653868922
tune,gnn_precise,40,2000,100,30,0,30,1.000000000,283.700000000,283.700000000,18.138632804,0.813866540,0.348546437,0.845480854,0.903384274,1.748865128,2.097411566
tune,gnn_precise,40,2000,200,30,0,30,1.000000000,282.966666667,282.966666667,18.347539950,0.811683344,0.348546437,0.844578260,1.806128734,2.650706994,2.999253431
tune,gnn_precise,60,0,0,30,0,30,1.000000000,499.900000000,499.900000000,18.046883387,1.000000000,0.466568538,0.000000000,0.000000000,0.000000000,0.466568538
tune,gnn_precise,60,0,10,30,0,30,1.000000000,493.966666667,493.966666667,18.203449002,0.988167565,0.466568538,0.000000000,0.203269197,0.203269197,0.669837736
tune,gnn_precise,60,0,25,30,0,30,1.000000000,489.966666667,489.966666667,17.213334624,0.980259386,0.466568538,0.000000000,0.485180235,0.485180235,0.951748773
tune,gnn_precise,60,0,50,30,0,30,1.000000000,481.966666667,481.966666667,17.478526508,0.964272752,0.466568538,0.000000000,0.913472058,0.913472058,1.380040597
tune,gnn_precise,60,0,100,30,0,30,1.000000000,473.033333333,473.033333333,18.650260648,0.946366837,0.466568538,0.000000000,1.751945971,1.751945971,2.218514509
tune,gnn_precise,60,0,200,30,0,30,1.000000000,463.766666667,463.766666667,18.467418757,0.927932238,0.466568538,0.000000000,3.325577354,3.325577354,3.792145893
tune,gnn_precise,60,100,0,30,0,30,1.000000000,478.333333333,478.333333333,16.833168316,0.957185877,0.466568538,0.074458084,0.000000000,0.074458084,0.541026622
tune,gnn_precise,60,100,10,30,0,30,1.000000000,475.000000000,475.000000000,17.597348285,0.950430742,0.466568538,0.074329697,0.183780664,0.258110361,0.724678900
tune,gnn_precise,60,100,25,30,0,30,1.000000000,473.300000000,473.300000000,17.724089069,0.947011595,0.466568538,0.074300684,0.451132938,0.525433622,0.992002161
tune,gnn_precise,60,100,50,30,0,30,1.000000000,469.866666667,469.866666667,17.878727273,0.940177012,0.466568538,0.074382360,0.859456722,0.933839082,1.400407620
tune,gnn_precise,60,100,100,30,0,30,1.000000000,465.466666667,465.466666667,18.564721622,0.931372965,0.466568538,0.074323884,1.686391307,1.760715191,2.227283730
tune,gnn_precise,60,100,200,30,0,30,1.000000000,459.266666667,459.266666667,19.904661654,0.918820553,0.466568538,0.074422699,3.307864546,3.382287244,3.848855783
tune,gnn_precise,60,250,0,30,0,30,1.000000000,466.266666667,466.266666667,18.057193088,0.933053413,0.466568538,0.184622358,0.000000000,0.184622358,0.651190896
tune,gnn_precise,60,250,10,30,0,30,1.000000000,465.566666667,465.566666667,18.247709141,0.931616058,0.466568538,0.184157707,0.183063080,0.367220788,0.833789326
tune,gnn_precise,60,250,25,30,0,30,1.000000000,463.900000000,463.900000000,18.140837908,0.928295715,0.466568538,0.183565735,0.438732087,0.622297822,1.088866361
tune,gnn_precise,60,250,50,30,0,30,1.000000000,461.866666667,461.866666667,17.698838631,0.924247257,0.466568538,0.183843013,0.854226418,1.038069432,1.504637970
tune,gnn_precise,60,250,100,30,0,30,1.000000000,460.000000000,460.000000000,16.759077142,0.920584807,0.466568538,0.183386803,1.677973939,1.861360743,2.327929281
tune,gnn_precise,60,250,200,30,0,30,1.000000000,454.766666667,454.766666667,18.714848531,0.909955533,0.466568538,0.183472918,3.269256304,3.452729223,3.919297761
tune,gnn_precise,60,500,0,30,0,29,0.966666667,457.700000000,455.206896552,20.334070797,0.915769700,0.466568538,0.365845538,0.000000000,0.365845538,0.832414076
tune,gnn_precise,60,500,10,30,0,30,1.000000000,454.166666667,454.166666667,20.751037457,0.908653949,0.466568538,0.364904548,0.183453611,0.548358159,1.014926697
tune,gnn_precise,60,500,25,30,0,30,1.000000000,453.000000000,453.000000000,20.832666656,0.906332299,0.466568538,0.365486046,0.426630485,0.792116531,1.258685070
tune,gnn_precise,60,500,50,30,0,30,1.000000000,451.600000000,451.600000000,20.460694025,0.903594665,0.466568538,0.365432930,0.811422836,1.176855766,1.643424304
tune,gnn_precise,60,500,100,30,0,30,1.000000000,448.666666667,448.666666667,20.471660629,0.897737766,0.466568538,0.365520590,1.575827931,1.941348521,2.407917059
tune,gnn_precise,60,500,200,30,0,30,1.000000000,443.900000000,443.900000000,21.111371343,0.888094040,0.466568538,0.365271445,3.082439256,3.447710701,3.914279239
tune,gnn_precise,60,1000,0,30,0,30,1.000000000,440.500000000,440.500000000,19.460644046,0.881364443,0.466568538,0.730859310,0.000000000,0.730859310,1.197427849
tune,gnn_precise,60,1000,10,30,0,30,1.000000000,440.066666667,440.066666667,19.330344597,0.880518691,0.466568538,0.732564494,0.170244278,0.902808773,1.369377311
tune,gnn_precise,60,1000,25,30,0,30,1.000000000,439.433333333,439.433333333,19.201880695,0.879277033,0.466568538,0.732850608,0.400467053,1.133317662,1.599886200
tune,gnn_precise,60,1000,50,30,0,30,1.000000000,437.866666667,437.866666667,17.966140994,0.876193989,0.466568538,0.734136229,0.767943992,1.502080220,1.968648759
tune,gnn_precise,60,1000,100,30,0,30,1.000000000,435.633333333,435.633333333,17.660659356,0.871780400,0.466568538,0.737224435,1.495116230,2.232340665,2.698909203
tune,gnn_precise,60,1000,200,30,0,30,1.000000000,431.700000000,431.700000000,16.458331224,0.863959024,0.466568538,0.735970350,2.964053314,3.700023664,4.166592203
tune,gnn_precise,60,2000,0,30,0,30,1.000000000,426.366666667,426.366666667,20.696993877,0.853173308,0.466568538,1.479413135,0.000000000,1.479413135,1.945981674
tune,gnn_precise,60,2000,10,30,0,30,1.000000000,426.100000000,426.100000000,20.751465812,0.852637586,0.466568538,1.476560315,0.165472765,1.642033080,2.108601618
tune,gnn_precise,60,2000,25,30,0,30,1.000000000,425.600000000,425.600000000,20.429716918,0.851648669,0.466568538,1.474609921,0.377557663,1.852167584,2.318736123
tune,gnn_precise,60,2000,50,30,0,30,1.000000000,425.266666667,425.266666667,20.574957810,0.850972161,0.466568538,1.473966452,0.724874346,2.198840797,2.665409336
tune,gnn_precise,60,2000,100,30,0,30,1.000000000,423.533333333,423.533333333,19.827141891,0.847532961,0.466568538,1.474203294,1.430182241,2.904385535,3.370954073
tune,gnn_precise,60,2000,200,30,0,30,1.000000000,421.766666667,421.766666667,19.996138516,0.843958178,0.466568538,1.475667853,2.845630102,4.321297956,4.787866494
tune,gnn_precise,80,0,0,30,0,30,1.000000000,686.400000000,686.400000000,39.560586447,1.000000000,0.621278442,0.000000000,0.000000000,0.000000000,0.621278442
tune,gnn_precise,80,0,10,30,0,30,1.000000000,675.533333333,675.533333333,34.093727022,0.984743198,0.621278442,0.000000000,0.327822243,0.327822243,0.949100685
tune,gnn_precise,80,0,25,30,0,30,1.000000000,664.966666667,664.966666667,31.428737734,0.969643285,0.621278442,0.000000000,0.742806852,0.742806852,1.364085294
tune,gnn_precise,80,0,50,30,0,30,1.000000000,656.900000000,656.900000000,29.144868045,0.958114794,0.621278442,0.000000000,1.389334207,1.389334207,2.010612649
tune,gnn_precise,80,0,100,30,0,30,1.000000000,646.233333333,646.233333333,27.135073654,0.942862769,0.621278442,0.000000000,2.606089341,2.606089341,3.227367783
tune,gnn_precise,80,0,200,30,0,30,1.000000000,634.933333333,634.933333333,23.116997114,0.926610536,0.621278442,0.000000000,4.994309726,4.994309726,5.615588168
tune,gnn_precise,80,100,0,30,0,30,1.000000000,648.400000000,648.400000000,27.876632987,0.945658366,0.621278442,0.114013368,0.000000000,0.114013368,0.735291810
tune,gnn_precise,80,100,10,30,0,30,1.000000000,646.700000000,646.700000000,27.088927627,0.943213203,0.621278442,0.113566607,0.279730531,0.393297138,1.014575581
tune,gnn_precise,80,100,25,30,0,30,1.000000000,644.300000000,644.300000000,27.097539864,0.939755692,0.621278442,0.113972158,0.660623613,0.774595771,1.395874213
tune,gnn_precise,80,100,50,30,0,30,1.000000000,640.300000000,640.300000000,27.813845473,0.933926216,0.621278442,0.113736398,1.268002821,1.381739219,2.003017661
tune,gnn_precise,80,100,100,30,0,30,1.000000000,636.633333333,636.633333333,26.873138178,0.928668180,0.621278442,0.113494998,2.479643258,2.593138256,3.214416698
tune,gnn_precise,80,100,200,30,0,30,1.000000000,627.900000000,627.900000000,24.621602981,0.916132799,0.621278442,0.113387124,4.833723243,4.947110367,5.568388810
tune,gnn_precise,80,250,0,30,0,27,0.900000000,644.300000000,634.000000000,27.616420236,0.939471627,0.621278442,0.281248014,0.000000000,0.281248014,0.902526456
tune,gnn_precise,80,250,10,30,0,30,1.000000000,636.966666667,636.966666667,32.067099789,0.928923847,0.621278442,0.280727583,0.280174421,0.560902005,1.182180447
tune,gnn_precise,80,250,25,30,0,30,1.000000000,635.866666667,635.866666667,31.856693000,0.927327057,0.621278442,0.280431423,0.640098354,0.920529777,1.541808219
tune,gnn_precise,80,250,50,30,0,30,1.000000000,632.366666667,632.366666667,30.224144138,0.922277496,0.621278442,0.280630874,1.235425387,1.516056261,2.137334703
tune,gnn_precise,80,250,100,30,0,30,1.000000000,628.300000000,628.300000000,29.269039387,0.916357974,0.621278442,0.281234853,2.417332918,2.698567771,3.319846213
tune,gnn_precise,80,250,200,30,0,30,1.000000000,622.666666667,622.666666667,27.286545321,0.908295716,0.621278442,0.281435784,4.704085381,4.985521166,5.606799608
tune,gnn_precise,80,500,0,30,0,29,0.966666667,627.800000000,624.482758621,29.443833954,0.915901028,0.621278442,0.564130015,0.000000000,0.564130015,1.185408457
tune,gnn_precise,80,500,10,30,0,30,1.000000000,624.533333333,624.533333333,29.735201735,0.911074729,0.621278442,0.564037888,0.272638627,0.836676515,1.457954957
tune,gnn_precise,80,500,25,30,0,30,1.000000000,623.433333333,623.433333333,29.891674798,0.909498180,0.621278442,0.564472591,0.609547603,1.174020194,1.795298636
tune,gnn_precise,80,500,50,30,0,30,1.000000000,620.733333333,620.733333333,28.367743810,0.905605508,0.621278442,0.564994378,1.165353981,1.730348359,2.351626801
tune,gnn_precise,80,500,100,30,0,30,1.000000000,618.633333333,618.633333333,27.536016818,0.902521279,0.621278442,0.563460861,2.305464934,2.868925795,3.490204238
tune,gnn_precise,80,500,200,30,0,30,1.000000000,615.066666667,615.066666667,26.444827261,0.897351312,0.621278442,0.562884824,4.558611945,5.121496770,5.742775212
tune,gnn_precise,80,1000,0,30,0,30,1.000000000,611.433333333,611.433333333,26.314360254,0.892169832,0.621278442,1.128126260,0.000000000,1.128126260,1.749404702
tune,gnn_precise,80,1000,10,30,0,30,1.000000000,610.433333333,610.433333333,26.235705102,0.890692200,0.621278442,1.129649044,0.246967888,1.376616932,1.997895374
tune,gnn_precise,80,1000,25,30,0,30,1.000000000,609.000000000,609.000000000,26.690822393,0.888596182,0.621278442,1.125886872,0.566457672,1.692344545,2.313622987
tune,gnn_precise,80,1000,50,30,0,30,1.000000000,607.866666667,607.866666667,26.506267603,0.886945189,0.621278442,1.126474903,1.087295864,2.213770767,2.835049209
tune,gnn_precise,80,1000,100,30,0,30,1.000000000,606.500000000,606.500000000,26.472312580,0.884933029,0.621278442,1.127808154,2.162374585,3.290182739,3.911461181
tune,gnn_precise,80,1000,200,30,0,30,1.000000000,604.600000000,604.600000000,26.412875648,0.882186587,0.621278442,1.128866727,4.326394023,5.455260750,6.076539192
tune,gnn_precise,80,2000,0,30,0,30,1.000000000,599.266666667,599.266666667,26.376673196,0.874613793,0.621278442,2.271053219,0.000000000,2.271053219,2.892331661
tune,gnn_precise,80,2000,10,30,0,30,1.000000000,598.266666667,598.266666667,26.369089648,0.873133852,0.621278442,2.272279265,0.236711791,2.508991056,3.130269498
tune,gnn_precise,80,2000,25,30,0,30,1.000000000,597.800000000,597.800000000,26.636316062,0.872441525,0.621278442,2.268942587,0.567248997,2.836191584,3.457470026
tune,gnn_precise,80,2000,50,30,0,30,1.000000000,596.633333333,596.633333333,25.489191609,0.870748802,0.621278442,2.273159343,1.103501708,3.376661050,3.997939493
tune,gnn_precise,80,2000,100,30,0,30,1.000000000,595.200000000,595.200000000,25.260509364,0.868658168,0.621278442,2.271785328,2.157957590,4.429742918,5.051021360
tune,gnn_precise,80,2000,200,30,0,30,1.000000000,592.966666667,592.966666667,24.155721659,0.865502380,0.621278442,2.260010733,4.228664422,6.488675155,7.109953597
tune,gnn_precise,100,0,0,30,0,30,1.000000000,856.500000000,856.500000000,58.969907580,1.000000000,0.766986976,0.000000000,0.000000000,0.000000000,0.766986976
tune,gnn_precise,100,0,10,30,0,30,1.000000000,841.900000000,841.900000000,52.260469446,0.983481432,0.766986976,0.000000000,0.442696889,0.442696889,1.209683866
tune,gnn_precise,100,0,25,30,0,30,1.000000000,831.733333333,831.733333333,48.411385254,0.971883577,0.766986976,0.000000000,1.009947351,1.009947351,1.776934327
tune,gnn_precise,100,0,50,30,0,30,1.000000000,820.933333333,820.933333333,43.793403867,0.959627270,0.766986976,0.000000000,1.901801057,1.901801057,2.668788033
tune,gnn_precise,100,0,100,30,0,30,1.000000000,812.300000000,812.300000000,41.358715325,0.949712187,0.766986976,0.000000000,3.695448460,3.695448460,4.462435437
tune,gnn_precise,100,0,200,30,0,30,1.000000000,796.433333333,796.433333333,35.752560126,0.931618974,0.766986976,0.000000000,7.017296775,7.017296775,7.784283751
tune,gnn_precise,100,100,0,30,0,30,1.000000000,810.133333333,810.133333333,42.192995733,0.947317062,0.766986976,0.159505372,0.000000000,0.159505372,0.926492348
tune,gnn_precise,100,100,10,30,0,30,1.000000000,807.566666667,807.566666667,40.028059603,0.944477300,0.766986976,0.159334449,0.394515033,0.553849482,1.320836458
tune,gnn_precise,100,100,25,30,0,30,1.000000000,803.733333333,803.733333333,37.775594708,0.940127008,0.766986976,0.159874541,0.898818913,1.058693454,1.825680430
tune,gnn_precise,100,100,50,30,0,30,1.000000000,800.700000000,800.700000000,37.940435773,0.936602696,0.766986976,0.159442157,1.743903589,1.903345746,2.670332722
tune,gnn_precise,100,100,100,30,0,30,1.000000000,795.000000000,795.000000000,37.215588132,0.929899969,0.766986976,0.159520607,3.428820989,3.588341597,4.355328573
tune,gnn_precise,100,100,200,30,0,30,1.000000000,784.366666667,784.366666667,36.284508479,0.917503602,0.766986976,0.159768676,6.773966542,6.933735218,7.700722194
tune,gnn_precise,100,250,0,30,0,30,1.000000000,792.200000000,792.200000000,41.911334982,0.926269818,0.766986976,0.397192048,0.000000000,0.397192048,1.164179024
tune,gnn_precise,100,250,10,30,0,30,1.000000000,790.166666667,790.166666667,42.190902126,0.923901593,0.766986976,0.397651012,0.371087184,0.768738196,1.535725172
tune,gnn_precise,100,250,25,30,0,30,1.000000000,787.600000000,787.600000000,41.812757224,0.920904211,0.766986976,0.396987542,0.859307731,1.256295273,2.023282249
tune,gnn_precise,100,250,50,30,0,30,1.000000000,785.000000000,785.000000000,41.879987265,0.917824598,0.766986976,0.397138259,1.679314244,2.076452503,2.843439479
tune,gnn_precise,100,250,100,30,0,30,1.000000000,780.966666667,780.966666667,40.732855971,0.913151302,0.766986976,0.397027210,3.310875689,3.707902899,4.474889875
tune,gnn_precise,100,250,200,30,0,30,1.000000000,775.066666667,775.066666667,41.704462857,0.906217329,0.766986976,0.398697398,6.476453806,6.875151204,7.642138181
tune,gnn_precise,100,500,0,30,0,30,1.000000000,773.433333333,773.433333333,36.998813795,0.904704257,0.766986976,0.793718977,0.000000000,0.793718977,1.560705954
tune,gnn_precise,100,500,10,30,0,30,1.000000000,772.033333333,772.033333333,37.082325829,0.903046273,0.766986976,0.792409002,0.349004199,1.141413201,1.908400178
tune,gnn_precise,100,500,25,30,0,30,1.000000000,771.033333333,771.033333333,36.933709384,0.901873363,0.766986976,0.790098932,0.805154765,1.595253697,2.362240673
tune,gnn_precise,100,500,50,30,0,30,1.000000000,769.100000000,769.100000000,35.865814736,0.899631842,0.766986976,0.790524714,1.550630909,2.341155623,3.108142599
tune,gnn_precise,100,500,100,30,0,30,1.000000000,766.500000000,766.500000000,35.397504620,0.896637520,0.766986976,0.790588507,3.065246347,3.855834854,4.622821831
tune,gnn_precise,100,500,200,30,0,30,1.000000000,761.833333333,761.833333333,33.709626057,0.891304951,0.766986976,0.791475523,6.005331323,6.796806846,7.563793823
tune,gnn_precise,100,1000,0,30,0,30,1.000000000,757.966666667,757.966666667,33.730780536,0.886827385,0.766986976,1.585626097,0.000000000,1.585626097,2.352613073
tune,gnn_precise,100,1000,10,30,0,30,1.000000000,757.633333333,757.633333333,33.554416831,0.886437428,0.766986976,1.587838016,0.328906928,1.916744943,2.683731920
tune,gnn_precise,100,1000,25,30,0,30,1.000000000,756.866666667,756.866666667,33.620165906,0.885510327,0.766986976,1.583350825,0.772667119,2.356017943,3.123004920
tune,gnn_precise,100,1000,50,30,0,30,1.000000000,755.100000000,755.100000000,32.352588768,0.883522958,0.766986976,1.590489603,1.509862902,3.100352505,3.867339482
tune,gnn_precise,100,1000,100,30,0,30,1.000000000,752.966666667,752.966666667,31.090709581,0.881131013,0.766986976,1.583039203,3.005997634,4.589036837,5.356023813
tune,gnn_precise,100,1000,200,30,0,30,1.000000000,749.700000000,749.700000000,29.827448209,0.877370446,0.766986976,1.588375352,5.904564404,7.492939756,8.259926732
tune,gnn_precise,100,2000,0,30,0,30,1.000000000,741.733333333,741.733333333,32.643461145,0.867768450,0.766986976,3.189823004,0.000000000,3.189823004,3.956809980
tune,gnn_precise,100,2000,10,30,0,30,1.000000000,741.333333333,741.333333333,32.611177361,0.867293575,0.766986976,3.195910326,0.315420064,3.511330390,4.278317366
tune,gnn_precise,100,2000,25,30,0,30,1.000000000,741.133333333,741.133333333,32.600340830,0.867061898,0.766986976,3.195298554,0.724019405,3.919317959,4.686304935
tune,gnn_precise,100,2000,50,30,0,30,1.000000000,740.000000000,740.000000000,32.613902966,0.865721024,0.766986976,3.198907447,1.435927728,4.634835175,5.401822152
tune,gnn_precise,100,2000,100,30,0,30,1.000000000,738.066666667,738.066666667,32.304729616,0.863459983,0.766986976,3.194290417,2.846658754,6.040949171,6.807936147
tune,gnn_precise,100,2000,200,30,0,30,1.000000000,736.266666667,736.266666667,32.702633261,0.861331221,0.766986976,3.193914301,5.659614179,8.853528480,9.620515457
validation,attention,20,0,0,270,0,270,1.000000000,169.522222222,169.522222222,14.640300375,1.000000000,0.059676748,0.000000000,0.000000000,0.000000000,0.059676748
validation,attention,20,100,0,270,0,269,0.996296296,157.051851852,156.728624535,12.466041544,0.928660975,0.059676748,0.017793789,0.000000000,0.017793789,0.077470538
validation,attention,20,1000,0,270,0,270,1.000000000,143.374074074,143.374074074,11.404875260,0.848694283,0.059676748,0.175659240,0.000000000,0.175659240,0.235335988
validation,attention,20,2000,200,270,0,270,1.000000000,138.348148148,138.348148148,11.297537272,0.819128003,0.059676748,0.352077652,0.943202371,1.295280022,1.354956770
validation,attention,40,0,0,270,0,264,0.977777778,325.477777778,323.284090909,18.353194460,1.000000000,0.122983091,0.000000000,0.000000000,0.000000000,0.122983091
validation,attention,40,100,0,270,0,267,0.988888889,308.096296296,307.089887640,17.094564339,0.948372502,0.122983091,0.042205927,0.000000000,0.042205927,0.165189018
validation,attention,40,1000,0,270,0,269,0.996296296,283.255555556,282.858736059,17.379926032,0.872291074,0.122983091,0.418949020,0.000000000,0.418949020,0.541932110
validation,attention,40,2000,200,270,0,270,1.000000000,272.081481481,272.081481481,16.266781353,0.838172988,0.122983091,0.839812826,1.858132611,2.697945437,2.820928528
validation,attention,60,0,0,270,0,270,1.000000000,468.277777778,468.277777778,25.200541342,1.000000000,0.190327459,0.000000000,0.000000000,0.000000000,0.190327459
validation,attention,60,100,0,270,0,269,0.996296296,452.525925926,452.375464684,21.932057817,0.966950382,0.190327459,0.074357329,0.000000000,0.074357329,0.264684788
validation,attention,60,1000,0,270,0,270,1.000000000,427.292592593,427.292592593,19.339260125,0.913462203,0.190327459,0.736237117,0.000000000,0.736237117,0.926564576
validation,attention,60,2000,200,270,0,270,1.000000000,412.962962963,412.962962963,18.458525043,0.882979593,0.190327459,1.473485381,2.970685118,4.444170498,4.634497957
validation,attention,80,0,0,270,0,267,0.988888889,627.011111111,626.146067416,26.992113106,1.000000000,0.267461618,0.000000000,0.000000000,0.000000000,0.267461618
validation,attention,80,100,0,270,0,268,0.992592593,609.203703704,608.354477612,25.027248183,0.971988201,0.267461618,0.114250020,0.000000000,0.114250020,0.381711638
validation,attention,80,1000,0,270,0,266,0.985185185,579.488888889,577.943609023,22.076605702,0.924855818,0.267461618,1.134138957,0.000000000,1.134138957,1.401600575
validation,attention,80,2000,200,270,0,270,1.000000000,562.733333333,562.733333333,21.596364577,0.898185207,0.267461618,2.278671728,4.419563436,6.698235164,6.965696782
validation,attention,100,0,0,270,0,261,0.966666667,797.477777778,794.954022989,36.297591208,1.000000000,0.339427978,0.000000000,0.000000000,0.000000000,0.339427978
validation,attention,100,100,0,270,0,261,0.966666667,778.281481481,775.348659004,29.711851940,0.976353875,0.339427978,0.162169183,0.000000000,0.162169183,0.501597161
validation,attention,100,1000,0,270,0,256,0.948148148,745.400000000,741.222656250,26.364801686,0.935413197,0.339427978,1.611847993,0.000000000,1.611847993,1.951275971
validation,attention,100,2000,200,270,0,270,1.000000000,724.137037037,724.137037037,25.665507162,0.908995285,0.339427978,3.235399431,6.237155421,9.472554852,9.811982830
validation,attention_precise,20,0,0,270,0,264,0.977777778,190.444444444,189.454545455,18.625440258,1.000000000,0.170640747,0.000000000,0.000000000,0.000000000,0.170640747
validation,attention_precise,20,0,10,270,0,270,1.000000000,179.218518519,179.218518519,16.395811051,0.943944745,0.170640747,0.000000000,0.085570552,0.085570552,0.256211299
validation,attention_precise,20,1000,10,270,0,270,1.000000000,148.559259259,148.559259259,13.106480141,0.785505766,0.170640747,0.175878555,0.058621436,0.234499991,0.405140738
validation,attention_precise,20,2000,200,270,0,270,1.000000000,144.418518519,144.418518519,12.982567715,0.763653808,0.170640747,0.353174671,1.003249037,1.356423709,1.527064456
validation,attention_precise,40,0,0,270,0,255,0.944444444,363.288888889,358.870588235,32.356029799,1.000000000,0.345332913,0.000000000,0.000000000,0.000000000,0.345332913
validation,attention_precise,40,0,10,270,0,269,0.996296296,346.981481481,346.802973978,27.039868515,0.958030071,0.345332913,0.000000000,0.188771340,0.188771340,0.534104252
validation,attention_precise,40,1000,10,270,0,270,1.000000000,288.477777778,288.477777778,18.799070768,0.798686844,0.345332913,0.421794072,0.119608875,0.541402947,0.886735860
validation,attention_precise,40,2000,200,270,0,270,1.000000000,275.944444444,275.944444444,17.727794317,0.764113561,0.345332913,0.844873162,2.009376813,2.854249975,3.199582888
validation,attention_precise,60,0,0,270,0,261,0.966666667,536.633333333,533.758620690,31.973396095,1.000000000,0.509433466,0.000000000,0.000000000,0.000000000,0.509433466
validation,attention_precise,60,0,10,270,0,269,0.996296296,522.240740741,521.955390335,28.691893904,0.974216221,0.509433466,0.000000000,0.318701286,0.318701286,0.828134752
validation,attention_precise,60,1000,10,270,0,270,1.000000000,448.966666667,448.966666667,21.053784739,0.838827278,0.509433466,0.753432342,0.205654743,0.959087085,1.468520551
validation,attention_precise,60,2000,200,270,0,270,1.000000000,430.833333333,430.833333333,20.195846658,0.805300251,0.509433466,1.509872736,3.456362546,4.966235283,5.475668748
validation,attention_precise,80,0,0,270,0,258,0.955555556,726.811111111,724.069767442,39.570893313,1.000000000,0.699985396,0.000000000,0.000000000,0.000000000,0.699985396
validation,attention_precise,80,0,10,270,0,269,0.996296296,710.322222222,710.148698885,36.244012557,0.977883727,0.699985396,0.000000000,0.471303357,0.471303357,1.171288753
validation,attention_precise,80,1000,10,270,0,270,1.000000000,616.262962963,616.262962963,26.117280332,0.849389216,0.699985396,1.175384310,0.306699831,1.482084141,2.182069537
validation,attention_precise,80,2000,200,270,0,270,1.000000000,593.633333333,593.633333333,23.749050663,0.818379326,0.699985396,2.362417785,5.048525993,7.410943778,8.110929174
validation,attention_precise,100,0,0,270,0,264,0.977777778,922.155555556,921.863636364,42.689199672,1.000000000,0.862266514,0.000000000,0.000000000,0.000000000,0.862266514
validation,attention_precise,100,0,10,270,0,270,1.000000000,903.811111111,903.811111111,39.673265869,0.980392085,0.862266514,0.000000000,0.630239677,0.630239677,1.492506191
validation,attention_precise,100,1000,10,270,0,270,1.000000000,786.922222222,786.922222222,28.097934988,0.854523653,0.862266514,1.685869914,0.414027550,2.099897464,2.962163978
validation,attention_precise,100,2000,200,270,0,270,1.000000000,759.370370370,759.370370370,25.311610786,0.824654111,0.862266514,3.388899392,6.888477423,10.277376815,11.139643329
validation,gnn,20,0,0,270,0,270,1.000000000,168.566666667,168.566666667,13.689452550,1.000000000,0.020855135,0.000000000,0.000000000,0.000000000,0.020855135
validation,gnn,20,100,0,270,0,269,0.996296296,154.655555556,154.271375465,11.940868809,0.919119158,0.020855135,0.017941960,0.000000000,0.017941960,0.038797095
validation,gnn,20,1000,0,270,0,270,1.000000000,141.977777778,141.977777778,11.472005648,0.845027232,0.020855135,0.176265810,0.000000000,0.176265810,0.197120945
validation,gnn,20,2000,200,270,0,270,1.000000000,137.374074074,137.374074074,10.905523323,0.817906601,0.020855135,0.352686695,0.872014316,1.224701012,1.245556146
validation,gnn,40,0,0,270,0,270,1.000000000,325.044444444,325.044444444,20.439564635,1.000000000,0.047189026,0.000000000,0.000000000,0.000000000,0.047189026
validation,gnn,40,100,0,270,0,266,0.985185185,312.485185185,311.000000000,18.662011593,0.961804341,0.047189026,0.042038129,0.000000000,0.042038129,0.089227155
validation,gnn,40,1000,0,270,0,268,0.992592593,287.622222222,286.985074627,16.766163987,0.886131536,0.047189026,0.415788218,0.000000000,0.415788218,0.462977245
validation,gnn,40,2000,200,270,0,270,1.000000000,274.455555556,274.455555556,16.417353812,0.845611699,0.047189026,0.832229928,1.800048790,2.632278718,2.679467744
validation,gnn,60,0,0,270,0,264,0.977777778,481.433333333,479.875000000,24.828874549,1.000000000,0.083386264,0.000000000,0.000000000,0.000000000,0.083386264
validation,gnn,60,100,0,270,0,266,0.985185185,468.585185185,467.101503759,21.764482638,0.973992032,0.083386264,0.074094339,0.000000000,0.074094339,0.157480603
validation,gnn,60,1000,0,270,0,269,0.996296296,438.762962963,438.494423792,18.699863987,0.912851190,0.083386264,0.732007542,0.000000000,0.732007542,0.815393806
validation,gnn,60,2000,200,270,0,270,1.000000000,421.966666667,421.966666667,19.075357382,0.877905250,0.083386264,1.465682556,3.032763131,4.498445686,4.581831950
validation,gnn,80,0,0,270,0,258,0.955555556,645.877777778,642.186046512,30.021121103,1.000000000,0.136538932,0.000000000,0.000000000,0.000000000,0.136538932
validation,gnn,80,100,0,270,0,265,0.981481481,631.592592593,630.271698113,27.198115760,0.978547581,0.136538932,0.113774845,0.000000000,0.113774845,0.250313777
validation,gnn,80,1000,0,270,0,263,0.974074074,599.525925926,597.296577947,24.434039938,0.929302000,0.136538932,1.127439877,0.000000000,1.127439877,1.263978809
validation,gnn,80,2000,200,270,0,270,1.000000000,579.885185185,579.885185185,22.652564301,0.899009974,0.136538932,2.257662862,4.633854169,6.891517031,7.028055963
validation,gnn,100,0,0,270,0,258,0.955555556,818.511111111,814.686046512,34.789487061,1.000000000,0.192284083,0.000000000,0.000000000,0.000000000,0.192284083
validation,gnn,100,100,0,270,0,256,0.948148148,806.355555556,801.652343750,32.546844761,0.985330509,0.192284083,0.160148454,0.000000000,0.160148454,0.352432538
validation,gnn,100,1000,0,270,0,262,0.970370370,766.351851852,763.473282443,27.345772450,0.937017619,0.192284083,1.588536789,0.000000000,1.588536789,1.780820872
validation,gnn,100,2000,200,270,0,270,1.000000000,742.603703704,742.603703704,26.615965433,0.908217555,0.192284083,3.195170883,6.477164796,9.672335679,9.864619762
validation,gnn_precise,20,0,0,270,0,270,1.000000000,178.300000000,178.300000000,16.050233643,1.000000000,0.160805927,0.000000000,0.000000000,0.000000000,0.160805927
validation,gnn_precise,20,100,0,270,0,270,1.000000000,161.355555556,161.355555556,13.556721261,0.907207215,0.160805927,0.017839979,0.000000000,0.017839979,0.178645905
validation,gnn_precise,20,1000,0,270,0,268,0.992592593,146.918518519,146.190298507,12.170323396,0.826802419,0.160805927,0.176093280,0.000000000,0.176093280,0.336899207
validation,gnn_precise,20,2000,200,270,0,270,1.000000000,141.777777778,141.777777778,12.049691354,0.797880862,0.160805927,0.352694708,0.939152602,1.291847309,1.452653236
validation,gnn_precise,40,0,0,270,0,270,1.000000000,341.022222222,341.022222222,21.842861930,1.000000000,0.300289022,0.000000000,0.000000000,0.000000000,0.300289022
validation,gnn_precise,40,100,0,270,0,270,1.000000000,318.014814815,318.014814815,15.813957822,0.934091908,0.300289022,0.042525053,0.000000000,0.042525053,0.342814075
validation,gnn_precise,40,1000,0,270,0,268,0.992592593,289.748148148,288.996268657,16.776960511,0.851071114,0.300289022,0.418998677,0.000000000,0.418998677,0.719287699
validation,gnn_precise,40,2000,200,270,0,270,1.000000000,275.537037037,275.537037037,16.394571101,0.809676860,0.300289022,0.838502773,1.821711525,2.660214298,2.960503320
validation,gnn_precise,60,0,0,270,0,267,0.988888889,504.666666667,503.955056180,29.685963131,1.000000000,0.466191060,0.000000000,0.000000000,0.000000000,0.466191060
validation,gnn_precise,60,100,0,270,0,267,0.988888889,477.970370370,476.760299625,23.383679700,0.948299730,0.466191060,0.074139434,0.000000000,0.074139434,0.540330494
validation,gnn_precise,60,1000,0,270,0,268,0.992592593,445.170370370,444.477611940,20.088875817,0.884024864,0.466191060,0.737382369,0.000000000,0.737382369,1.203573429
validation,gnn_precise,60,2000,200,270,0,270,1.000000000,426.329629630,426.329629630,19.180590398,0.846704256,0.466191060,1.478744736,2.907395352,4.386140087,4.852331147
validation,gnn_precise,80,0,0,270,0,267,0.988888889,671.888888889,670.876404494,37.863688165,1.000000000,0.623870928,0.000000000,0.000000000,0.000000000,0.623870928
validation,gnn_precise,80,100,0,270,0,266,0.985185185,638.874074074,637.665413534,29.965846587,0.951807754,0.623870928,0.113247467,0.000000000,0.113247467,0.737118395
validation,gnn_precise,80,1000,0,270,0,269,0.996296296,599.866666667,599.446096654,27.136750510,0.894107139,0.623870928,1.127457035,0.000000000,1.127457035,1.751327963
validation,gnn_precise,80,2000,200,270,0,270,1.000000000,580.251851852,580.251851852,25.576383354,0.865041092,0.623870928,2.263402474,4.172219513,6.435621987,7.059492915
validation,gnn_precise,100,0,0,270,0,264,0.977777778,860.855555556,859.761363636,44.486462271,1.000000000,0.791739562,0.000000000,0.000000000,0.000000000,0.791739562
validation,gnn_precise,100,100,0,270,0,258,0.955555556,818.981481481,815.670542636,33.703161361,0.952179376,0.791739562,0.159850421,0.000000000,0.159850421,0.951589983
validation,gnn_precise,100,1000,0,270,0,258,0.955555556,769.825925926,765.717054264,30.408609103,0.895238181,0.791739562,1.586383959,0.000000000,1.586383959,2.378123521
validation,gnn_precise,100,2000,200,270,0,270,1.000000000,742.451851852,742.451851852,29.441522333,0.863587724,0.791739562,3.189994200,5.691076982,8.881071182,9.672810744
tune,attention,overall,0,0,150,0,138,0.920000000,482.220000000,474.803888889,22.574186613,1.000000000,0.206913753,0.000000000,0.000000000,0.000000000,0.206913753
tune,attention,overall,0,10,150,0,149,0.993333333,473.953333333,473.259080460,25.331864153,0.978307253,0.206913753,0.000000000,0.279484683,0.279484683,0.486398436
tune,attention,overall,0,25,150,0,150,1.000000000,469.740000000,469.740000000,23.802489378,0.968045712,0.206913753,0.000000000,0.636301794,0.636301794,0.843215548
tune,attention,overall,0,50,150,0,150,1.000000000,465.113333333,465.113333333,22.580378257,0.956464959,0.206913753,0.000000000,1.197913760,1.197913760,1.404827514
tune,attention,overall,0,100,150,0,150,1.000000000,459.540000000,459.540000000,22.371099521,0.942689717,0.206913753,0.000000000,2.268419562,2.268419562,2.475333316
tune,attention,overall,0,200,150,0,150,1.000000000,452.386666667,452.386666667,21.821164794,0.926168072,0.206913753,0.000000000,4.280902959,4.280902959,4.487816713
tune,attention,overall,100,0,150,0,144,0.960000000,464.346666667,460.111590951,21.629098261,0.955350578,0.206913753,0.082546369,0.000000000,0.082546369,0.289460122
tune,attention,overall,100,10,150,0,150,1.000000000,460.406666667,460.406666667,22.710822037,0.946589599,0.206913753,0.082418944,0.248393393,0.330812337,0.537726090
tune,attention,overall,100,25,150,0,150,1.000000000,458.373333333,458.373333333,21.626123080,0.942430420,0.206913753,0.082446651,0.572192885,0.654639536,0.861553289
tune,attention,overall,100,50,150,0,150,1.000000000,456.086666667,456.086666667,21.374481045,0.937327767,0.206913753,0.082491205,1.105000738,1.187491943,1.394405696
tune,attention,overall,100,100,150,0,150,1.000000000,452.906666667,452.906666667,20.553263872,0.928525883,0.206913753,0.082643474,2.134580227,2.217223701,2.424137454
tune,attention,overall,100,200,150,0,150,1.000000000,447.453333333,447.453333333,19.742456113,0.915529655,0.206913753,0.082588425,4.108407404,4.190995830,4.397909583
tune,attention,overall,250,0,150,0,145,0.966666667,455.400000000,451.909833972,20.324929943,0.934095042,0.206913753,0.205559444,0.000000000,0.205559444,0.412473198
tune,attention,overall,250,10,150,0,150,1.000000000,453.126666667,453.126666667,23.074921485,0.928929383,0.206913753,0.205389571,0.237231703,0.442621274,0.649535027
tune,attention,overall,250,25,150,0,150,1.000000000,451.206666667,451.206666667,21.414950057,0.924538586,0.206913753,0.205199627,0.551720750,0.756920378,0.963834131
tune,attention,overall,250,50,150,0,150,1.000000000,449.566666667,449.566666667,21.191729582,0.920719570,0.206913753,0.205144601,1.069867135,1.275011736,1.481925490
tune,attention,overall,250,100,150,0,150,1.000000000,447.186666667,447.186666667,20.931513631,0.915519800,0.206913753,0.205414560,2.077289689,2.282704249,2.489618003
tune,attention,overall,250,200,150,0,150,1.000000000,444.046666667,444.046666667,21.367070951,0.907882027,0.206913753,0.205053742,4.020307735,4.225361476,4.432275230
tune,attention,overall,500,0,150,0,145,0.966666667,449.026666667,446.064729064,20.198045336,0.917848290,0.206913753,0.409043369,0.000000000,0.409043369,0.615957122
tune,attention,overall,500,10,150,0,149,0.993333333,447.000000000,446.700000000,21.038899151,0.913501165,0.206913753,0.408741453,0.228241999,0.636983452,0.843897205
tune,attention,overall,500,25,150,0,150,1.000000000,445.906666667,445.906666667,20.848916390,0.911572164,0.206913753,0.408433266,0.532679061,0.941112327,1.148026080
tune,attention,overall,500,50,150,0,150,1.000000000,444.673333333,444.673333333,20.767167141,0.908740589,0.206913753,0.408269331,1.025548157,1.433817488,1.640731241
tune,attention,overall,500,100,150,0,150,1.000000000,442.306666667,442.306666667,20.390847461,0.903694412,0.206913753,0.408467743,1.995234766,2.403702509,2.610616263
tune,attention,overall,500,200,150,0,150,1.000000000,439.100000000,439.100000000,19.953162213,0.896670794,0.206913753,0.408955098,3.890120557,4.299075654,4.505989408
tune,attention,overall,1000,0,150,0,149,0.993333333,439.166666667,438.615632184,20.637894621,0.898852284,0.206913753,0.819255325,0.000000000,0.819255325,1.026169079
tune,attention,overall,1000,10,150,0,150,1.000000000,438.126666667,438.126666667,20.549432589,0.895773270,0.206913753,0.818064909,0.209196000,1.027260909,1.234174662
tune,attention,overall,1000,25,150,0,150,1.000000000,437.280000000,437.280000000,20.452768404,0.893811258,0.206913753,0.818578433,0.489879067,1.308457500,1.515371254
tune,attention,overall,1000,50,150,0,150,1.000000000,436.606666667,436.606666667,20.243136659,0.892322070,0.206913753,0.819872846,0.952472407,1.772345253,1.979259006
tune,attention,overall,1000,100,150,0,150,1.000000000,435.280000000,435.280000000,20.010934692,0.889483492,0.206913753,0.818752082,1.861888376,2.680640458,2.887554212
tune,attention,overall,1000,200,150,0,150,1.000000000,432.953333333,432.953333333,19.855353310,0.884940649,0.206913753,0.819073303,3.662515923,4.481589226,4.688502980
tune,attention,overall,2000,0,150,0,148,0.986666667,430.400000000,429.180000000,20.513372062,0.881080098,0.206913753,1.641459905,0.000000000,1.641459905,1.848373659
tune,attention,overall,2000,10,150,0,150,1.000000000,429.100000000,429.100000000,20.787274442,0.878463676,0.206913753,1.641416017,0.195620358,1.837036375,2.043950128
tune,attention,overall,2000,25,150,0,150,1.000000000,428.526666667,428.526666667,20.449829948,0.877170911,0.206913753,1.640936019,0.464036131,2.104972150,2.311885903
tune,attention,overall,2000,50,150,0,150,1.000000000,428.060000000,428.060000000,20.283084387,0.875981233,0.206913753,1.640141226,0.898544028,2.538685254,2.745599007
tune,attention,overall,2000,100,150,0,150,1.000000000,426.980000000,426.980000000,20.136877586,0.873796766,0.206913753,1.640331032,1.770143451,3.410474483,3.617388236
tune,attention,overall,2000,200,150,0,150,1.000000000,425.540000000,425.540000000,20.069423970,0.870817704,0.206913753,1.642718563,3.499978244,5.142696807,5.349610560
tune,attention_precise,overall,0,0,150,0,150,1.000000000,550.380000000,550.380000000,38.588359941,1.000000000,0.519369021,0.000000000,0.000000000,0.000000000,0.519369021
tune,attention_precise,overall,0,10,150,0,150,1.000000000,533.573333333,533.573333333,31.392412135,0.964167841,0.519369021,0.000000000,0.325861633,0.325861633,0.845230654
tune,attention_precise,overall,0,25,150,0,150,1.000000000,522.740000000,522.740000000,28.830954938,0.942041622,0.519369021,0.000000000,0.725470559,0.725470559,1.244839580
tune,attention_precise,overall,0,50,150,0,150,1.000000000,511.160000000,511.160000000,26.493893777,0.918434692,0.519369021,0.000000000,1.353247038,1.353247038,1.872616059
tune,attention_precise,overall,0,100,150,0,150,1.000000000,499.493333333,499.493333333,26.568512718,0.896763109,0.519369021,0.000000000,2.513959882,2.513959882,3.033328904
tune,attention_precise,overall,0,200,150,0,150,1.000000000,486.233333333,486.233333333,24.147319253,0.871233707,0.519369021,0.000000000,4.674279090,4.674279090,5.193648111
tune,attention_precise,overall,100,0,150,0,149,0.993333333,499.946666667,499.601149425,26.041098457,0.898965783,0.519369021,0.084610983,0.000000000,0.084610983,0.603980004
tune,attention_precise,overall,100,10,150,0,150,1.000000000,497.393333333,497.393333333,25.719559758,0.894389538,0.519369021,0.084480671,0.261455097,0.345935768,0.865304789
tune,attention_precise,overall,100,25,150,0,150,1.000000000,493.980000000,493.980000000,25.019615221,0.887567760,0.519369021,0.084633669,0.613500994,0.698134664,1.217503685
tune,attention_precise,overall,100,50,150,0,150,1.000000000,490.560000000,490.560000000,24.795893294,0.881085535,0.519369021,0.084741604,1.183914694,1.268656297,1.788025318
tune,attention_precise,overall,100,100,150,0,150,1.000000000,484.820000000,484.820000000,23.608331094,0.871029354,0.519369021,0.084744521,2.299492112,2.384236633,2.903605654
tune,attention_precise,overall,100,200,150,0,150,1.000000000,476.646666667,476.646666667,23.098686446,0.855962372,0.519369021,0.084646567,4.429241237,4.513887804,5.033256825
tune,attention_precise,overall,250,0,150,0,147,0.980000000,485.460000000,484.038850575,23.912106124,0.876000371,0.519369021,0.210249693,0.000000000,0.210249693,0.729618715
tune,attention_precise,overall,250,10,150,0,150,1.000000000,483.000000000,483.000000000,23.307082067,0.868825627,0.519369021,0.210190800,0.240547734,0.450738534,0.970107555
tune,attention_precise,overall,250,25,150,0,150,1.000000000,481.566666667,481.566666667,23.072021940,0.865304945,0.519369021,0.210026188,0.558874835,0.768901023,1.288270044
tune,attention_precise,overall,250,50,150,0,150,1.000000000,479.300000000,479.300000000,22.715381918,0.861078641,0.519369021,0.210045932,1.089157900,1.299203832,1.818572853
tune,attention_precise,overall,250,100,150,0,150,1.000000000,475.793333333,475.793333333,22.781472351,0.854186787,0.519369021,0.209958902,2.112232757,2.322191660,2.841560681
tune,attention_precise,overall,250,200,150,0,150,1.000000000,471.073333333,471.073333333,22.548771603,0.845583871,0.519369021,0.209865072,4.104426054,4.314291127,4.833660148
tune,attention_precise,overall,500,0,150,0,146,0.973333333,473.513333333,471.442479475,23.150082102,0.851161845,0.519369021,0.420602348,0.000000000,0.420602348,0.939971369
tune,attention_precise,overall,500,10,150,0,150,1.000000000,471.640000000,471.640000000,23.056577000,0.846921928,0.519369021,0.419967331,0.227687288,0.647654619,1.167023640
tune,attention_precise,overall,500,25,150,0,150,1.000000000,470.406666667,470.406666667,23.164709357,0.844511159,0.519369021,0.419377739,0.535984224,0.955361963,1.474730984
tune,attention_precise,overall,500,50,150,0,150,1.000000000,468.760000000,468.760000000,22.732078736,0.841897826,0.519369021,0.420026754,1.043623059,1.463649813,1.983018834
tune,attention_precise,overall,500,100,150,0,150,1.000000000,466.273333333,466.273333333,22.087425265,0.836641200,0.519369021,0.419962977,2.047983230,2.467946206,2.987315227
tune,attention_precise,overall,500,200,150,0,150,1.000000000,463.053333333,463.053333333,21.877806285,0.830527411,0.519369021,0.420162692,3.985904124,4.406066816,4.925435837
tune,attention_precise,overall,1000,0,150,0,147,0.980000000,461.000000000,459.696371100,23.046146005,0.829260896,0.519369021,0.844144022,0.000000000,0.844144022,1.363513043
tune,attention_precise,overall,1000,10,150,0,150,1.000000000,459.313333333,459.313333333,23.073720404,0.825034841,0.519369021,0.842421433,0.218115953,1.060537386,1.579906407
tune,attention_precise,overall,1000,25,150,0,150,1.000000000,458.453333333,458.453333333,22.944038715,0.822976791,0.519369021,0.842353768,0.507548609,1.349902377,1.869271398
tune,attention_precise,overall,1000,50,150,0,150,1.000000000,457.580000000,457.580000000,22.686504625,0.821428168,0.519369021,0.843277663,0.984136740,1.827414403,2.346783424
tune,attention_precise,overall,1000,100,150,0,150,1.000000000,456.346666667,456.346666667,23.118260770,0.818701531,0.519369021,0.841818846,1.933574060,2.775392906,3.294761927
tune,attention_precise,overall,1000,200,150,0,150,1.000000000,454.146666667,454.146666667,22.547748456,0.814778864,0.519369021,0.845088137,3.804834079,4.649922216,5.169291237
tune,attention_precise,overall,2000,0,150,0,147,0.980000000,448.760000000,447.469655172,23.238613629,0.808779081,0.519369021,1.696509079,0.000000000,1.696509079,2.215878100
tune,attention_precise,overall,2000,10,150,0,149,0.993333333,447.666666667,447.091494253,23.070021028,0.805257817,0.519369021,1.695676099,0.204487878,1.900163977,2.419532998
tune,attention_precise,overall,2000,25,150,0,150,1.000000000,446.846666667,446.846666667,23.335314889,0.803222832,0.519369021,1.692425295,0.482489578,2.174914873,2.694283894
tune,attention_precise,overall,2000,50,150,0,150,1.000000000,446.233333333,446.233333333,23.306646572,0.802086099,0.519369021,1.693818951,0.942073173,2.635892124,3.155261145
tune,attention_precise,overall,2000,100,150,0,150,1.000000000,444.846666667,444.846666667,23.278459571,0.799232769,0.519369021,1.694009927,1.860597445,3.554607372,4.073976393
tune,attention_precise,overall,2000,200,150,0,150,1.000000000,442.600000000,442.600000000,22.711628454,0.795718810,0.519369021,1.695179485,3.682984432,5.378163916,5.897532938
tune,gnn,overall,0,0,150,0,144,0.960000000,487.100000000,484.491111111,24.994237362,1.000000000,0.102370364,0.000000000,0.000000000,0.000000000,0.102370364
tune,gnn,overall,0,10,150,0,150,1.000000000,481.800000000,481.800000000,25.099404642,0.986956663,0.102370364,0.000000000,0.276210811,0.276210811,0.378581175
tune,gnn,overall,0,25,150,0,150,1.000000000,478.580000000,478.580000000,24.425502059,0.977660343,0.102370364,0.000000000,0.633889164,0.633889164,0.736259528
tune,gnn,overall,0,50,150,0,150,1.000000000,474.600000000,474.600000000,24.207226518,0.967662132,0.102370364,0.000000000,1.220510209,1.220510209,1.322880573
tune,gnn,overall,0,100,150,0,150,1.000000000,469.153333333,469.153333333,23.028144114,0.953991371,0.102370364,0.000000000,2.334857839,2.334857839,2.437228203
tune,gnn,overall,0,200,150,0,150,1.000000000,462.293333333,462.293333333,20.926405443,0.938928446,0.102370364,0.000000000,4.419394282,4.419394282,4.521764646
tune,gnn,overall,100,0,150,0,145,0.966666667,471.533333333,468.195190097,23.431071457,0.962897543,0.102370364,0.081178811,0.000000000,0.081178811,0.183549175
tune,gnn,overall,100,10,150,0,150,1.000000000,468.033333333,468.033333333,24.438579317,0.953856458,0.102370364,0.081211968,0.236479270,0.317691237,0.420061601
tune,gnn,overall,100,25,150,0,150,1.000000000,466.013333333,466.013333333,24.019398874,0.949352214,0.102370364,0.081093211,0.556425642,0.637518853,0.739889217
tune,gnn,overall,100,50,150,0,150,1.000000000,463.360000000,463.360000000,23.628318756,0.943338495,0.102370364,0.081136961,1.070242345,1.151379306,1.253749670
tune,gnn,overall,100,100,150,0,150,1.000000000,459.193333333,459.193333333,22.890125718,0.934208607,0.102370364,0.081187988,2.078128065,2.159316052,2.261686416
tune,gnn,overall,100,200,150,0,150,1.000000000,454.500000000,454.500000000,21.931020318,0.924601211,0.102370364,0.081329471,4.024996757,4.106326228,4.208696592
tune,gnn,overall,250,0,150,0,146,0.973333333,462.373333333,460.111519796,23.521391727,0.938000369,0.102370364,0.202401763,0.000000000,0.202401763,0.304772127
tune,gnn,overall,250,10,150,0,150,1.000000000,459.566666667,459.566666667,23.184151992,0.932473455,0.102370364,0.202214563,0.222666361,0.424880924,0.527251288
tune,gnn,overall,250,25,150,0,150,1.000000000,458.166666667,458.166666667,22.763915633,0.928676622,0.102370364,0.202032983,0.524756506,0.726789489,0.829159853
tune,gnn,overall,250,50,150,0,150,1.000000000,456.206666667,456.206666667,22.798901168,0.924628961,0.102370364,0.202230697,1.018952565,1.221183263,1.323553627
tune,gnn,overall,250,100,150,0,150,1.000000000,453.053333333,453.053333333,22.501898439,0.918069033,0.102370364,0.201933454,1.974585483,2.176518937,2.278889301
tune,gnn,overall,250,200,150,0,150,1.000000000,449.753333333,449.753333333,21.645145942,0.910994324,0.102370364,0.201946735,3.820723932,4.022670667,4.125041031
tune,gnn,overall,500,0,150,0,146,0.973333333,453.920000000,451.646666667,22.763444959,0.917850942,0.102370364,0.403759479,0.000000000,0.403759479,0.506129843
tune,gnn,overall,500,10,150,0,150,1.000000000,451.820000000,451.820000000,22.904898195,0.914359724,0.102370364,0.403794192,0.212198048,0.615992239,0.718362604
tune,gnn,overall,500,25,150,0,150,1.000000000,450.800000000,450.800000000,22.715795063,0.911544485,0.102370364,0.403567442,0.492660774,0.896228216,0.998598580
tune,gnn,overall,500,50,150,0,150,1.000000000,449.620000000,449.620000000,22.919969185,0.908724698,0.102370364,0.403782255,0.971944456,1.375726711,1.478097075
tune,gnn,overall,500,100,150,0,150,1.000000000,447.106666667,447.106666667,22.574490932,0.904015653,0.102370364,0.403820263,1.903354161,2.307174424,2.409544788
tune,gnn,overall,500,200,150,0,150,1.000000000,443.880000000,443.880000000,21.812275906,0.897104468,0.102370364,0.403270599,3.681380386,4.084650985,4.187021349
tune,gnn,overall,1000,0,150,0,146,0.973333333,445.153333333,443.347432950,21.425176863,0.900925365,0.102370364,0.805990166,0.000000000,0.805990166,0.908360530
tune,gnn,overall,1000,10,150,0,150,1.000000000,443.160000000,443.160000000,21.591610210,0.897077261,0.102370364,0.804897574,0.202978691,1.007876266,1.110246630
tune,gnn,overall,1000,25,150,0,150,1.000000000,442.160000000,442.160000000,21.226153844,0.894748569,0.102370364,0.805837280,0.465759987,1.271597267,1.373967631
tune,gnn,overall,1000,50,150,0,150,1.000000000,441.200000000,441.200000000,21.205152860,0.892872150,0.102370364,0.805482328,0.913841032,1.719323360,1.821693724
tune,gnn,overall,1000,100,150,0,150,1.000000000,439.506666667,439.506666667,21.168469244,0.889508240,0.102370364,0.805363674,1.787621868,2.592985542,2.695355906
tune,gnn,overall,1000,200,150,0,150,1.000000000,437.360000000,437.360000000,21.002098980,0.885246574,0.102370364,0.804954401,3.495189215,4.300143615,4.402513979
tune,gnn,overall,2000,0,150,0,147,0.980000000,434.426666667,433.234814815,21.191091791,0.879544770,0.102370364,1.616759436,0.000000000,1.616759436,1.719129801
tune,gnn,overall,2000,10,150,0,150,1.000000000,433.413333333,433.413333333,21.524736242,0.877494901,0.102370364,1.616677170,0.185506218,1.802183388,1.904553752
tune,gnn,overall,2000,25,150,0,150,1.000000000,432.893333333,432.893333333,21.420305681,0.876146582,0.102370364,1.613878306,0.435725830,2.049604135,2.151974499
tune,gnn,overall,2000,50,150,0,150,1.000000000,432.166666667,432.166666667,21.261026721,0.874509541,0.102370364,1.614232846,0.855884089,2.470116935,2.572487299
tune,gnn,overall,2000,100,150,0,150,1.000000000,431.146666667,431.146666667,20.833733588,0.872422422,0.102370364,1.614509887,1.691485678,3.305995565,3.408365929
tune,gnn,overall,2000,200,150,0,150,1.000000000,429.686666667,429.686666667,20.467457734,0.869598697,0.102370364,1.615862004,3.328555661,4.944417665,5.046788029
tune,gnn_precise,overall,0,0,150,0,150,1.000000000,514.440000000,514.440000000,32.114836374,1.000000000,0.471375792,0.000000000,0.000000000,0.000000000,0.471375792
tune,gnn_precise,overall,0,10,150,0,150,1.000000000,505.806666667,505.806666667,29.056631005,0.981455883,0.471375792,0.000000000,0.239722602,0.239722602,0.711098394
tune,gnn_precise,overall,0,25,150,0,150,1.000000000,498.140000000,498.140000000,27.555779716,0.963221054,0.471375792,0.000000000,0.543792882,0.543792882,1.015168674
tune,gnn_precise,overall,0,50,150,0,150,1.000000000,490.506666667,490.506666667,25.617472499,0.947275416,0.471375792,0.000000000,1.028491925,1.028491925,1.499867717
tune,gnn_precise,overall,0,100,150,0,150,1.000000000,482.606666667,482.606666667,24.447149672,0.929871775,0.471375792,0.000000000,1.969920311,1.969920311,2.441296103
tune,gnn_precise,overall,0,200,150,0,150,1.000000000,472.820000000,472.820000000,21.775653139,0.909805721,0.471375792,0.000000000,3.754578724,3.754578724,4.225954516
tune,gnn_precise,overall,100,0,150,0,150,1.000000000,485.333333333,485.333333333,24.344168023,0.939017967,0.471375792,0.081593570,0.000000000,0.081593570,0.552969362
tune,gnn_precise,overall,100,10,150,0,150,1.000000000,483.033333333,483.033333333,23.917217621,0.933463376,0.471375792,0.081385142,0.209529842,0.290914983,0.762290775
tune,gnn_precise,overall,100,25,150,0,150,1.000000000,480.633333333,480.633333333,23.415400919,0.928314300,0.471375792,0.081607602,0.491015184,0.572622785,1.043998577
tune,gnn_precise,overall,100,50,150,0,150,1.000000000,477.546666667,477.546666667,23.445611790,0.920779567,0.471375792,0.081449474,0.944721506,1.026170980,1.497546772
tune,gnn_precise,overall,100,100,150,0,150,1.000000000,473.800000000,473.800000000,23.380159706,0.912171713,0.471375792,0.081461046,1.850381860,1.931842906,2.403218698
tune,gnn_precise,overall,100,200,150,0,150,1.000000000,466.766666667,466.766666667,23.179170321,0.897712247,0.471375792,0.081505509,3.637440415,3.718945923,4.190321715
tune,gnn_precise,overall,250,0,150,0,147,0.980000000,474.733333333,472.673333333,25.229894987,0.914235403,0.471375792,0.202475557,0.000000000,0.202475557,0.673851349
tune,gnn_precise,overall,250,10,150,0,150,1.000000000,472.293333333,472.293333333,26.011659571,0.909696195,0.471375792,0.202295138,0.203205517,0.405500655,0.876876447
tune,gnn_precise,overall,250,25,150,0,150,1.000000000,470.586666667,470.586666667,25.675560783,0.905576384,0.471375792,0.202003580,0.471947890,0.673951470,1.145327262
tune,gnn_precise,overall,250,50,150,0,150,1.000000000,468.433333333,468.433333333,25.165568609,0.901169529,0.471375792,0.202093580,0.916542539,1.118636119,1.590011911
tune,gnn_precise,overall,250,100,150,0,150,1.000000000,465.520000000,465.520000000,24.004756431,0.894301442,0.471375792,0.202178298,1.797160284,1.999338582,2.470714374
tune,gnn_precise,overall,250,200,150,0,150,1.000000000,460.840000000,460.840000000,24.328742724,0.884422480,0.471375792,0.202624721,3.509499348,3.712124070,4.183499862
tune,gnn_precise,overall,500,0,150,0,148,0.986666667,463.146666667,461.984597701,24.196693098,0.891312375,0.471375792,0.404424831,0.000000000,0.404424831,0.875800622
tune,gnn_precise,overall,500,10,150,0,150,1.000000000,461.253333333,461.253333333,24.291963343,0.887657191,0.471375792,0.403825789,0.197494364,0.601320153,1.072695945
tune,gnn_precise,overall,500,25,150,0,150,1.000000000,460.226666667,460.226666667,24.321854132,0.885300115,0.471375792,0.403578582,0.449699055,0.853277637,1.324653429
tune,gnn_precise,overall,500,50,150,0,150,1.000000000,458.620000000,458.620000000,23.594246090,0.881922239,0.471375792,0.403804151,0.867100466,1.270904618,1.742280410
tune,gnn_precise,overall,500,100,150,0,150,1.000000000,456.293333333,456.293333333,23.021379562,0.876132572,0.471375792,0.403408185,1.699800200,2.103208384,2.574584176
tune,gnn_precise,overall,500,200,150,0,150,1.000000000,453.180000000,453.180000000,22.563047289,0.870201106,0.471375792,0.403372828,3.339610723,3.742983550,4.214359342
tune,gnn_precise,overall,1000,0,150,0,150,1.000000000,450.393333333,450.393333333,22.034426375,0.866042537,0.471375792,0.807575617,0.000000000,0.807575617,1.278951409
tune,gnn_precise,overall,1000,10,150,0,150,1.000000000,449.686666667,449.686666667,21.815319685,0.864164668,0.471375792,0.808573203,0.183437933,0.992011136,1.463386927
tune,gnn_precise,overall,1000,25,150,0,150,1.000000000,448.980000000,448.980000000,21.832614013,0.862689122,0.471375792,0.806735565,0.425696780,1.232432345,1.703808137
tune,gnn_precise,overall,1000,50,150,0,150,1.000000000,447.753333333,447.753333333,21.312211522,0.860104662,0.471375792,0.808318900,0.826439541,1.634758441,2.106134233
tune,gnn_precise,overall,1000,100,150,0,150,1.000000000,446.073333333,446.073333333,20.959724266,0.856224282,0.471375792,0.807766197,1.625675713,2.433441910,2.904817702
tune,gnn_precise,overall,1000,200,150,0,150,1.000000000,443.966666667,443.966666667,20.471521846,0.852289587,0.471375792,0.808886047,3.216403807,4.025289854,4.496665646
tune,gnn_precise,overall,2000,0,150,0,150,1.000000000,439.913333333,439.913333333,21.898480794,0.846169773,0.471375792,1.625047246,0.000000000,1.625047246,2.096423037
tune,gnn_precise,overall,2000,10,150,0,150,1.000000000,439.380000000,439.380000000,21.857735843,0.844938242,0.471375792,1.625928288,0.174392593,1.800320882,2.271696674
tune,gnn_precise,overall,2000,25,150,0,150,1.000000000,438.960000000,438.960000000,21.804723288,0.843803261,0.471375792,1.624708786,0.407178906,2.031887692,2.503263484
tune,gnn_precise,overall,2000,50,150,0,150,1.000000000,438.326666667,438.326666667,21.619190047,0.842633665,0.471375792,1.626241372,0.795106045,2.421347417,2.892723209
tune,gnn_precise,overall,2000,100,150,0,150,1.000000000,436.940000000,436.940000000,21.237493424,0.839728194,0.471375792,1.625262975,1.565496516,3.190759491,3.662135282
tune,gnn_precise,overall,2000,200,150,0,150,1.000000000,435.613333333,435.613333333,21.177913013,0.837408330,0.471375792,1.622964731,3.099733014,4.722697744,5.194073536
validation,attention,overall,0,0,1350,0,1332,0.986666667,477.553333333,476.436836263,24.296748098,1.000000000,0.195975379,0.000000000,0.000000000,0.000000000,0.195975379
validation,attention,overall,100,0,1350,0,1334,0.988148148,461.031851852,459.979422695,21.246352765,0.958465187,0.195975379,0.082155250,0.000000000,0.082155250,0.278130629
validation,attention,overall,1000,0,1350,0,1331,0.985925926,435.762222222,434.538333600,19.313093761,0.898943315,0.195975379,0.815366466,0.000000000,0.815366466,1.011341844
validation,attention,overall,2000,200,1350,0,1350,1.000000000,422.052592593,422.052592593,18.656943082,0.869492215,0.195975379,1.635889403,3.285747791,4.921637195,5.117612574
validation,attention_precise,overall,0,0,1350,0,1302,0.964444444,547.866666667,545.603431637,33.042991827,1.000000000,0.517531807,0.000000000,0.000000000,0.000000000,0.517531807
validation,attention_precise,overall,0,10,1350,0,1347,0.997777778,532.514814815,532.387338565,29.608970379,0.966893370,0.517531807,0.000000000,0.338917243,0.338917243,0.856449050
validation,attention_precise,overall,1000,10,1350,0,1350,1.000000000,457.837777778,457.837777778,21.434910194,0.825386551,0.517531807,0.842471839,0.220922487,1.063394326,1.580926133
validation,attention_precise,overall,2000,200,1350,0,1350,1.000000000,440.840000000,440.840000000,19.993374028,0.795220211,0.517531807,1.691847549,3.681198362,5.373045912,5.890577719
validation,gnn,overall,0,0,1350,0,1320,0.977777778,487.886666667,486.071640827,24.753699979,1.000000000,0.096050688,0.000000000,0.000000000,0.000000000,0.096050688
validation,gnn,overall,100,0,1350,0,1322,0.979259259,474.734814815,472.859384217,22.422464712,0.963758724,0.096050688,0.081599546,0.000000000,0.081599546,0.177650234
validation,gnn,overall,1000,0,1350,0,1332,0.986666667,446.848148148,445.645427317,19.743569202,0.902065915,0.096050688,0.808007647,0.000000000,0.808007647,0.904058335
validation,gnn,overall,2000,200,1350,0,1350,1.000000000,431.257037037,431.257037037,19.133352850,0.869730216,0.096050688,1.620686585,3.363169040,4.983855625,5.079906313
validation,gnn_precise,overall,0,0,1350,0,1338,0.991111111,511.346666667,510.783009307,29.985841828,1.000000000,0.468579300,0.000000000,0.000000000,0.000000000,0.468579300
validation,gnn_precise,overall,100,0,1350,0,1331,0.985925926,483.039259259,481.893325233,23.284673346,0.938717197,0.468579300,0.081520471,0.000000000,0.081520471,0.550099771
validation,gnn_precise,overall,1000,0,1350,0,1331,0.985925926,450.305925926,448.965466004,21.316303868,0.870248743,0.468579300,0.809263064,0.000000000,0.809263064,1.277842364
validation,gnn_precise,overall,2000,200,1350,0,1350,1.000000000,433.269629630,433.269629630,20.528551708,0.836578159,0.468579300,1.624667778,3.106311195,4.730978973,5.199558273
