Training on: cuda
Run directory: /home/wei/Desktop/AMR-DFJSP/runs/20260827_083140_v10_B_s43
Loaded 5000 dispatch events from test_case/v3/train_60.jsonl
Loaded 40 dispatch events from test_case/v3/mix/val_mix_20.jsonl
Loaded 40 dispatch events from test_case/v3/mix/val_mix_40.jsonl
Loaded 40 dispatch events from test_case/v3/mix/val_mix_60.jsonl
Loaded 40 dispatch events from test_case/v3/mix/val_mix_80.jsonl
Loaded 40 dispatch events from test_case/v3/mix/val_mix_100.jsonl
Loaded 40 dispatch events from test_case/v3/mix/val_mix_120.jsonl
Loaded 40 dispatch events from test_case/v3/mix/val_mix_140.jsonl
Loaded 280 validation event(s).
Starting hybrid dock-aware extend_GNN PPO training with critic-based advantage.
Second checkpoint protocol: Val C~ selects checkpoints_v10/v10_B_s43_bestideal.pth
Epoch [1/4000] | Avg Makespan: 343.25 | Actor Loss: -0.0073 | Critic Loss: 0.8815 | Grad Norm: 1.6222 | Clipped: 3/4
   -> Validation | Samples: 280 | Makespan: 2658.40 | Invalid Jobs: 0.00 | Score: 2658.40
   -> Val Score 2658.40 (warming up 1/5, no selection yet)
   -> Val C~ 2251.24 (warming up 1/5, no selection yet)
   -> Saved updated training chart to /home/wei/Desktop/AMR-DFJSP/runs/20260827_083140_v10_B_s43/chart.png
Epoch [2/4000] | Avg Makespan: 328.50 | Actor Loss: -0.0020 | Critic Loss: 0.4089 | Grad Norm: 1.1595 | Clipped: 2/4
Epoch [3/4000] | Avg Makespan: 361.25 | Actor Loss: -0.0004 | Critic Loss: 0.6924 | Grad Norm: 1.8812 | Clipped: 3/4
Epoch [4/4000] | Avg Makespan: 370.00 | Actor Loss: -0.0029 | Critic Loss: 1.2363 | Grad Norm: 1.1090 | Clipped: 2/4
Epoch [5/4000] | Avg Makespan: 322.75 | Actor Loss: 0.0011 | Critic Loss: 0.4893 | Grad Norm: 3.0887 | Clipped: 4/4
Epoch [6/4000] | Avg Makespan: 342.00 | Actor Loss: -0.0009 | Critic Loss: 0.6802 | Grad Norm: 1.8552 | Clipped: 4/4
Epoch [7/4000] | Avg Makespan: 355.50 | Actor Loss: -0.0029 | Critic Loss: 1.2526 | Grad Norm: 1.1094 | Clipped: 2/4
Epoch [8/4000] | Avg Makespan: 333.50 | Actor Loss: -0.0012 | Critic Loss: 0.5887 | Grad Norm: 2.4430 | Clipped: 4/4
Epoch [9/4000] | Avg Makespan: 354.00 | Actor Loss: -0.0018 | Critic Loss: 0.4516 | Grad Norm: 0.3423 | Clipped: 0/4
Epoch [10/4000] | Avg Makespan: 355.25 | Actor Loss: -0.0010 | Critic Loss: 0.9984 | Grad Norm: 0.3155 | Clipped: 0/4
Epoch [11/4000] | Avg Makespan: 348.00 | Actor Loss: -0.0039 | Critic Loss: 0.6756 | Grad Norm: 0.5514 | Clipped: 0/4
Epoch [12/4000] | Avg Makespan: 321.75 | Actor Loss: -0.0003 | Critic Loss: 0.5740 | Grad Norm: 0.8861 | Clipped: 2/4
Epoch [13/4000] | Avg Makespan: 322.00 | Actor Loss: -0.0016 | Critic Loss: 0.3729 | Grad Norm: 0.4704 | Clipped: 0/4
Epoch [14/4000] | Avg Makespan: 345.75 | Actor Loss: -0.0004 | Critic Loss: 0.5988 | Grad Norm: 1.2563 | Clipped: 3/4
Epoch [15/4000] | Avg Makespan: 349.00 | Actor Loss: -0.0005 | Critic Loss: 1.1339 | Grad Norm: 0.7550 | Clipped: 1/4
Epoch [16/4000] | Avg Makespan: 329.00 | Actor Loss: -0.0009 | Critic Loss: 0.8029 | Grad Norm: 1.1637 | Clipped: 2/4
Epoch [17/4000] | Avg Makespan: 350.00 | Actor Loss: -0.0007 | Critic Loss: 0.6949 | Grad Norm: 0.9817 | Clipped: 2/4
Epoch [18/4000] | Avg Makespan: 303.75 | Actor Loss: -0.0014 | Critic Loss: 0.4483 | Grad Norm: 1.2770 | Clipped: 4/4
Epoch [19/4000] | Avg Makespan: 312.25 | Actor Loss: -0.0012 | Critic Loss: 0.2542 | Grad Norm: 0.2884 | Clipped: 0/4
Epoch [20/4000] | Avg Makespan: 329.75 | Actor Loss: -0.0014 | Critic Loss: 0.5933 | Grad Norm: 1.0152 | Clipped: 3/4
Epoch [21/4000] | Avg Makespan: 338.00 | Actor Loss: 0.0000 | Critic Loss: 1.2963 | Grad Norm: 0.7815 | Clipped: 1/4
Epoch [22/4000] | Avg Makespan: 350.25 | Actor Loss: -0.0010 | Critic Loss: 1.6264 | Grad Norm: 0.4183 | Clipped: 0/4
Epoch [23/4000] | Avg Makespan: 352.75 | Actor Loss: -0.0023 | Critic Loss: 2.1729 | Grad Norm: 0.5396 | Clipped: 0/4
Epoch [24/4000] | Avg Makespan: 334.00 | Actor Loss: -0.0014 | Critic Loss: 0.7748 | Grad Norm: 0.8082 | Clipped: 1/4
Epoch [25/4000] | Avg Makespan: 332.75 | Actor Loss: -0.0025 | Critic Loss: 0.6660 | Grad Norm: 0.4065 | Clipped: 0/4
Epoch [26/4000] | Avg Makespan: 340.75 | Actor Loss: -0.0019 | Critic Loss: 1.1631 | Grad Norm: 0.6165 | Clipped: 0/4
Epoch [27/4000] | Avg Makespan: 327.50 | Actor Loss: -0.0007 | Critic Loss: 0.6674 | Grad Norm: 0.3512 | Clipped: 0/4
Epoch [28/4000] | Avg Makespan: 328.75 | Actor Loss: -0.0014 | Critic Loss: 0.8452 | Grad Norm: 0.2052 | Clipped: 0/4
Epoch [29/4000] | Avg Makespan: 316.25 | Actor Loss: -0.0013 | Critic Loss: 0.5458 | Grad Norm: 0.3016 | Clipped: 0/4
Epoch [30/4000] | Avg Makespan: 341.50 | Actor Loss: 0.0000 | Critic Loss: 1.1779 | Grad Norm: 0.9857 | Clipped: 2/4
Epoch [31/4000] | Avg Makespan: 328.75 | Actor Loss: -0.0009 | Critic Loss: 0.6910 | Grad Norm: 0.2174 | Clipped: 0/4
Epoch [32/4000] | Avg Makespan: 350.00 | Actor Loss: -0.0009 | Critic Loss: 1.6395 | Grad Norm: 0.3689 | Clipped: 0/4
Epoch [33/4000] | Avg Makespan: 320.25 | Actor Loss: -0.0006 | Critic Loss: 1.2640 | Grad Norm: 1.4272 | Clipped: 4/4
Epoch [34/4000] | Avg Makespan: 314.25 | Actor Loss: -0.0018 | Critic Loss: 0.6950 | Grad Norm: 0.7975 | Clipped: 1/4
Epoch [35/4000] | Avg Makespan: 302.00 | Actor Loss: -0.0015 | Critic Loss: 0.2013 | Grad Norm: 0.4004 | Clipped: 0/4
Epoch [36/4000] | Avg Makespan: 340.25 | Actor Loss: -0.0017 | Critic Loss: 1.7600 | Grad Norm: 1.4698 | Clipped: 4/4
Epoch [37/4000] | Avg Makespan: 330.25 | Actor Loss: -0.0027 | Critic Loss: 0.5164 | Grad Norm: 0.6839 | Clipped: 0/4
Epoch [38/4000] | Avg Makespan: 316.25 | Actor Loss: -0.0017 | Critic Loss: 0.4174 | Grad Norm: 0.4309 | Clipped: 0/4
Epoch [39/4000] | Avg Makespan: 311.75 | Actor Loss: -0.0014 | Critic Loss: 0.8244 | Grad Norm: 0.3809 | Clipped: 0/4
Epoch [40/4000] | Avg Makespan: 336.25 | Actor Loss: -0.0025 | Critic Loss: 1.4489 | Grad Norm: 0.5621 | Clipped: 0/4
Epoch [41/4000] | Avg Makespan: 320.75 | Actor Loss: -0.0010 | Critic Loss: 0.5185 | Grad Norm: 0.0909 | Clipped: 0/4
Epoch [42/4000] | Avg Makespan: 318.25 | Actor Loss: -0.0014 | Critic Loss: 0.4544 | Grad Norm: 0.1965 | Clipped: 0/4
Epoch [43/4000] | Avg Makespan: 293.25 | Actor Loss: -0.0032 | Critic Loss: 0.3964 | Grad Norm: 0.7296 | Clipped: 0/4
Epoch [44/4000] | Avg Makespan: 329.00 | Actor Loss: 0.0002 | Critic Loss: 0.9037 | Grad Norm: 0.5615 | Clipped: 0/4
Epoch [45/4000] | Avg Makespan: 311.50 | Actor Loss: -0.0026 | Critic Loss: 0.1537 | Grad Norm: 0.2079 | Clipped: 0/4
Epoch [46/4000] | Avg Makespan: 321.50 | Actor Loss: -0.0016 | Critic Loss: 0.2224 | Grad Norm: 0.2408 | Clipped: 0/4
Epoch [47/4000] | Avg Makespan: 330.50 | Actor Loss: -0.0018 | Critic Loss: 0.6980 | Grad Norm: 0.2710 | Clipped: 0/4
Epoch [48/4000] | Avg Makespan: 303.75 | Actor Loss: -0.0016 | Critic Loss: 1.0485 | Grad Norm: 0.5031 | Clipped: 0/4
Epoch [49/4000] | Avg Makespan: 285.75 | Actor Loss: -0.0028 | Critic Loss: 0.9262 | Grad Norm: 0.8097 | Clipped: 0/4
Epoch [50/4000] | Avg Makespan: 282.75 | Actor Loss: -0.0011 | Critic Loss: 0.5643 | Grad Norm: 0.5856 | Clipped: 0/4
Epoch [51/4000] | Avg Makespan: 299.25 | Actor Loss: -0.0018 | Critic Loss: 0.4439 | Grad Norm: 0.2169 | Clipped: 0/4
Epoch [52/4000] | Avg Makespan: 291.25 | Actor Loss: -0.0051 | Critic Loss: 0.1429 | Grad Norm: 0.2775 | Clipped: 0/4
Epoch [53/4000] | Avg Makespan: 309.25 | Actor Loss: -0.0017 | Critic Loss: 0.5815 | Grad Norm: 0.4963 | Clipped: 0/4
Epoch [54/4000] | Avg Makespan: 290.00 | Actor Loss: -0.0041 | Critic Loss: 0.4610 | Grad Norm: 0.5552 | Clipped: 0/4
Epoch [55/4000] | Avg Makespan: 295.50 | Actor Loss: -0.0028 | Critic Loss: 0.3115 | Grad Norm: 0.2668 | Clipped: 0/4
Epoch [56/4000] | Avg Makespan: 292.00 | Actor Loss: -0.0015 | Critic Loss: 0.5556 | Grad Norm: 0.2460 | Clipped: 0/4
Epoch [57/4000] | Avg Makespan: 296.50 | Actor Loss: -0.0035 | Critic Loss: 0.7574 | Grad Norm: 0.2522 | Clipped: 0/4
Epoch [58/4000] | Avg Makespan: 295.50 | Actor Loss: -0.0034 | Critic Loss: 0.1615 | Grad Norm: 0.3059 | Clipped: 0/4
Epoch [59/4000] | Avg Makespan: 328.75 | Actor Loss: -0.0020 | Critic Loss: 0.8249 | Grad Norm: 0.7524 | Clipped: 0/4
Epoch [60/4000] | Avg Makespan: 304.50 | Actor Loss: -0.0000 | Critic Loss: 0.5158 | Grad Norm: 0.3108 | Clipped: 0/4
Epoch [61/4000] | Avg Makespan: 322.75 | Actor Loss: -0.0015 | Critic Loss: 0.9337 | Grad Norm: 0.3396 | Clipped: 0/4
Epoch [62/4000] | Avg Makespan: 295.00 | Actor Loss: -0.0015 | Critic Loss: 0.3974 | Grad Norm: 0.6747 | Clipped: 0/4
Epoch [63/4000] | Avg Makespan: 301.00 | Actor Loss: -0.0041 | Critic Loss: 0.3402 | Grad Norm: 0.3044 | Clipped: 0/4
Epoch [64/4000] | Avg Makespan: 302.00 | Actor Loss: -0.0010 | Critic Loss: 0.1960 | Grad Norm: 0.1844 | Clipped: 0/4
Epoch [65/4000] | Avg Makespan: 296.00 | Actor Loss: -0.0042 | Critic Loss: 0.4024 | Grad Norm: 0.2169 | Clipped: 0/4
Epoch [66/4000] | Avg Makespan: 316.00 | Actor Loss: -0.0020 | Critic Loss: 1.7063 | Grad Norm: 0.5017 | Clipped: 0/4
Epoch [67/4000] | Avg Makespan: 283.75 | Actor Loss: -0.0041 | Critic Loss: 0.4980 | Grad Norm: 0.4070 | Clipped: 0/4
Epoch [68/4000] | Avg Makespan: 304.00 | Actor Loss: -0.0014 | Critic Loss: 0.0346 | Grad Norm: 0.1436 | Clipped: 0/4
Epoch [69/4000] | Avg Makespan: 296.25 | Actor Loss: -0.0033 | Critic Loss: 0.0745 | Grad Norm: 0.1963 | Clipped: 0/4
Epoch [70/4000] | Avg Makespan: 319.25 | Actor Loss: -0.0037 | Critic Loss: 0.3613 | Grad Norm: 0.5064 | Clipped: 0/4
Epoch [71/4000] | Avg Makespan: 304.00 | Actor Loss: -0.0024 | Critic Loss: 0.4238 | Grad Norm: 0.1676 | Clipped: 0/4
Epoch [72/4000] | Avg Makespan: 291.50 | Actor Loss: -0.0032 | Critic Loss: 0.4468 | Grad Norm: 0.4017 | Clipped: 0/4
Epoch [73/4000] | Avg Makespan: 333.75 | Actor Loss: -0.0049 | Critic Loss: 0.8515 | Grad Norm: 0.7392 | Clipped: 0/4
Epoch [74/4000] | Avg Makespan: 310.25 | Actor Loss: -0.0024 | Critic Loss: 0.1647 | Grad Norm: 0.1715 | Clipped: 0/4
Epoch [75/4000] | Avg Makespan: 308.75 | Actor Loss: -0.0045 | Critic Loss: 0.5124 | Grad Norm: 0.2979 | Clipped: 0/4
Epoch [76/4000] | Avg Makespan: 303.75 | Actor Loss: -0.0043 | Critic Loss: 0.3725 | Grad Norm: 0.2833 | Clipped: 0/4
Epoch [77/4000] | Avg Makespan: 302.75 | Actor Loss: -0.0049 | Critic Loss: 0.1342 | Grad Norm: 0.2007 | Clipped: 0/4
Epoch [78/4000] | Avg Makespan: 298.50 | Actor Loss: -0.0042 | Critic Loss: 0.0750 | Grad Norm: 0.3391 | Clipped: 0/4
Epoch [79/4000] | Avg Makespan: 292.00 | Actor Loss: -0.0034 | Critic Loss: 0.5982 | Grad Norm: 0.2896 | Clipped: 0/4
Epoch [80/4000] | Avg Makespan: 291.25 | Actor Loss: -0.0019 | Critic Loss: 0.1254 | Grad Norm: 0.4158 | Clipped: 0/4
Epoch [81/4000] | Avg Makespan: 311.75 | Actor Loss: -0.0012 | Critic Loss: 0.6204 | Grad Norm: 0.6658 | Clipped: 0/4
Epoch [82/4000] | Avg Makespan: 292.25 | Actor Loss: -0.0037 | Critic Loss: 0.2427 | Grad Norm: 0.5664 | Clipped: 0/4
Epoch [83/4000] | Avg Makespan: 318.75 | Actor Loss: -0.0062 | Critic Loss: 0.7641 | Grad Norm: 0.7558 | Clipped: 0/4
Epoch [84/4000] | Avg Makespan: 296.50 | Actor Loss: -0.0031 | Critic Loss: 0.3272 | Grad Norm: 0.6061 | Clipped: 0/4
Epoch [85/4000] | Avg Makespan: 295.25 | Actor Loss: -0.0043 | Critic Loss: 0.1629 | Grad Norm: 0.5622 | Clipped: 0/4
Epoch [86/4000] | Avg Makespan: 285.00 | Actor Loss: -0.0053 | Critic Loss: 0.3158 | Grad Norm: 0.5312 | Clipped: 0/4
Epoch [87/4000] | Avg Makespan: 280.75 | Actor Loss: -0.0059 | Critic Loss: 0.2294 | Grad Norm: 0.7073 | Clipped: 0/4
Epoch [88/4000] | Avg Makespan: 309.50 | Actor Loss: -0.0022 | Critic Loss: 1.1612 | Grad Norm: 1.3553 | Clipped: 4/4
Epoch [89/4000] | Avg Makespan: 308.25 | Actor Loss: -0.0008 | Critic Loss: 0.3663 | Grad Norm: 1.0478 | Clipped: 3/4
Epoch [90/4000] | Avg Makespan: 289.00 | Actor Loss: -0.0037 | Critic Loss: 0.1823 | Grad Norm: 0.6253 | Clipped: 0/4
Epoch [91/4000] | Avg Makespan: 314.75 | Actor Loss: -0.0021 | Critic Loss: 0.6320 | Grad Norm: 0.4339 | Clipped: 0/4
Epoch [92/4000] | Avg Makespan: 296.75 | Actor Loss: -0.0046 | Critic Loss: 0.1957 | Grad Norm: 0.6462 | Clipped: 1/4
Epoch [93/4000] | Avg Makespan: 309.00 | Actor Loss: -0.0043 | Critic Loss: 0.3730 | Grad Norm: 0.6218 | Clipped: 1/4
Epoch [94/4000] | Avg Makespan: 302.50 | Actor Loss: -0.0056 | Critic Loss: 0.1964 | Grad Norm: 0.4534 | Clipped: 0/4
Epoch [95/4000] | Avg Makespan: 300.50 | Actor Loss: -0.0039 | Critic Loss: 0.5706 | Grad Norm: 0.5201 | Clipped: 0/4
Epoch [96/4000] | Avg Makespan: 307.00 | Actor Loss: -0.0021 | Critic Loss: 0.2137 | Grad Norm: 0.3737 | Clipped: 0/4
Epoch [97/4000] | Avg Makespan: 305.00 | Actor Loss: -0.0032 | Critic Loss: 0.5106 | Grad Norm: 0.3746 | Clipped: 0/4
Epoch [98/4000] | Avg Makespan: 295.75 | Actor Loss: -0.0024 | Critic Loss: 0.2581 | Grad Norm: 0.3681 | Clipped: 0/4
Epoch [99/4000] | Avg Makespan: 292.25 | Actor Loss: -0.0045 | Critic Loss: 0.3977 | Grad Norm: 0.2561 | Clipped: 0/4
Epoch [100/4000] | Avg Makespan: 289.00 | Actor Loss: -0.0038 | Critic Loss: 0.2728 | Grad Norm: 0.2825 | Clipped: 0/4
   -> Validation | Samples: 280 | Makespan: 540.39 | Invalid Jobs: 0.04 | Score: 576.11
   -> Val Score 576.11 (warming up 2/5, no selection yet)
   -> Val C~ 378.11 (warming up 2/5, no selection yet)
   -> Saved updated training chart to /home/wei/Desktop/AMR-DFJSP/runs/20260827_083140_v10_B_s43/chart.png
Epoch [101/4000] | Avg Makespan: 321.25 | Actor Loss: 0.0001 | Critic Loss: 1.0073 | Grad Norm: 1.0540 | Clipped: 3/4
Epoch [102/4000] | Avg Makespan: 300.50 | Actor Loss: -0.0020 | Critic Loss: 0.0436 | Grad Norm: 0.3874 | Clipped: 0/4
Epoch [103/4000] | Avg Makespan: 280.25 | Actor Loss: -0.0028 | Critic Loss: 0.5025 | Grad Norm: 0.6486 | Clipped: 0/4
Epoch [104/4000] | Avg Makespan: 297.50 | Actor Loss: -0.0035 | Critic Loss: 0.7622 | Grad Norm: 0.2759 | Clipped: 0/4
Epoch [105/4000] | Avg Makespan: 306.50 | Actor Loss: -0.0051 | Critic Loss: 0.2945 | Grad Norm: 0.5578 | Clipped: 0/4
Epoch [106/4000] | Avg Makespan: 292.75 | Actor Loss: -0.0018 | Critic Loss: 0.1162 | Grad Norm: 0.4288 | Clipped: 0/4
Epoch [107/4000] | Avg Makespan: 301.50 | Actor Loss: -0.0020 | Critic Loss: 0.3494 | Grad Norm: 0.3412 | Clipped: 0/4
Epoch [108/4000] | Avg Makespan: 306.50 | Actor Loss: -0.0031 | Critic Loss: 0.7781 | Grad Norm: 0.3373 | Clipped: 0/4
Epoch [109/4000] | Avg Makespan: 308.50 | Actor Loss: -0.0058 | Critic Loss: 0.7169 | Grad Norm: 0.4418 | Clipped: 0/4
Epoch [110/4000] | Avg Makespan: 304.00 | Actor Loss: -0.0036 | Critic Loss: 0.0997 | Grad Norm: 0.6084 | Clipped: 0/4
Epoch [111/4000] | Avg Makespan: 315.50 | Actor Loss: -0.0052 | Critic Loss: 0.7423 | Grad Norm: 0.6501 | Clipped: 0/4
Epoch [112/4000] | Avg Makespan: 307.00 | Actor Loss: -0.0019 | Critic Loss: 1.1249 | Grad Norm: 0.7871 | Clipped: 1/4
Epoch [113/4000] | Avg Makespan: 308.75 | Actor Loss: -0.0020 | Critic Loss: 0.2020 | Grad Norm: 1.0060 | Clipped: 2/4
Epoch [114/4000] | Avg Makespan: 288.25 | Actor Loss: -0.0010 | Critic Loss: 0.5804 | Grad Norm: 1.1405 | Clipped: 2/4
Epoch [115/4000] | Avg Makespan: 299.00 | Actor Loss: -0.0023 | Critic Loss: 0.3780 | Grad Norm: 0.7952 | Clipped: 1/4
Epoch [116/4000] | Avg Makespan: 295.75 | Actor Loss: -0.0019 | Critic Loss: 0.3487 | Grad Norm: 1.2843 | Clipped: 2/4
Epoch [117/4000] | Avg Makespan: 309.25 | Actor Loss: -0.0015 | Critic Loss: 0.5442 | Grad Norm: 0.7825 | Clipped: 1/4
Epoch [118/4000] | Avg Makespan: 283.50 | Actor Loss: -0.0034 | Critic Loss: 0.1134 | Grad Norm: 0.6615 | Clipped: 0/4
Epoch [119/4000] | Avg Makespan: 334.75 | Actor Loss: -0.0034 | Critic Loss: 1.4072 | Grad Norm: 1.3160 | Clipped: 4/4
Epoch [120/4000] | Avg Makespan: 311.25 | Actor Loss: 0.0187 | Critic Loss: 0.4274 | Grad Norm: 2.7746 | Clipped: 4/4
Epoch [121/4000] | Avg Makespan: 290.25 | Actor Loss: 0.0069 | Critic Loss: 0.2216 | Grad Norm: 1.1289 | Clipped: 3/4
Epoch [122/4000] | Avg Makespan: 287.50 | Actor Loss: 0.0010 | Critic Loss: 0.5799 | Grad Norm: 1.0352 | Clipped: 2/4
Epoch [123/4000] | Avg Makespan: 287.25 | Actor Loss: 0.0004 | Critic Loss: 0.4043 | Grad Norm: 0.6861 | Clipped: 1/4
Epoch [124/4000] | Avg Makespan: 289.50 | Actor Loss: -0.0037 | Critic Loss: 0.1586 | Grad Norm: 0.5622 | Clipped: 0/4
Epoch [125/4000] | Avg Makespan: 280.75 | Actor Loss: -0.0048 | Critic Loss: 0.1695 | Grad Norm: 0.6639 | Clipped: 1/4
Epoch [126/4000] | Avg Makespan: 298.75 | Actor Loss: -0.0024 | Critic Loss: 0.5201 | Grad Norm: 0.7389 | Clipped: 0/4
Epoch [127/4000] | Avg Makespan: 319.25 | Actor Loss: -0.0020 | Critic Loss: 1.5081 | Grad Norm: 0.9863 | Clipped: 2/4
Epoch [128/4000] | Avg Makespan: 300.00 | Actor Loss: -0.0053 | Critic Loss: 0.4525 | Grad Norm: 0.5196 | Clipped: 0/4
Epoch [129/4000] | Avg Makespan: 299.00 | Actor Loss: -0.0036 | Critic Loss: 0.1659 | Grad Norm: 0.5757 | Clipped: 0/4
Epoch [130/4000] | Avg Makespan: 290.00 | Actor Loss: -0.0038 | Critic Loss: 0.7691 | Grad Norm: 0.4001 | Clipped: 0/4
Epoch [131/4000] | Avg Makespan: 300.50 | Actor Loss: -0.0013 | Critic Loss: 0.4438 | Grad Norm: 0.6458 | Clipped: 0/4
Epoch [132/4000] | Avg Makespan: 295.00 | Actor Loss: -0.0065 | Critic Loss: 0.6811 | Grad Norm: 0.5108 | Clipped: 0/4
Epoch [133/4000] | Avg Makespan: 309.50 | Actor Loss: -0.0020 | Critic Loss: 0.2526 | Grad Norm: 0.4575 | Clipped: 0/4
Epoch [134/4000] | Avg Makespan: 306.25 | Actor Loss: -0.0028 | Critic Loss: 0.0827 | Grad Norm: 0.4868 | Clipped: 0/4
Epoch [135/4000] | Avg Makespan: 308.50 | Actor Loss: -0.0037 | Critic Loss: 1.6453 | Grad Norm: 0.8114 | Clipped: 2/4
Epoch [136/4000] | Avg Makespan: 281.75 | Actor Loss: -0.0002 | Critic Loss: 1.4636 | Grad Norm: 0.9686 | Clipped: 1/4
Epoch [137/4000] | Avg Makespan: 282.75 | Actor Loss: -0.0016 | Critic Loss: 0.2235 | Grad Norm: 0.5768 | Clipped: 0/4
Epoch [138/4000] | Avg Makespan: 288.25 | Actor Loss: -0.0029 | Critic Loss: 0.3451 | Grad Norm: 0.7020 | Clipped: 0/4
Epoch [139/4000] | Avg Makespan: 299.25 | Actor Loss: -0.0008 | Critic Loss: 1.3236 | Grad Norm: 0.6907 | Clipped: 0/4
Epoch [140/4000] | Avg Makespan: 315.50 | Actor Loss: -0.0028 | Critic Loss: 0.7622 | Grad Norm: 0.5918 | Clipped: 0/4
Epoch [141/4000] | Avg Makespan: 283.75 | Actor Loss: -0.0044 | Critic Loss: 0.4509 | Grad Norm: 0.7104 | Clipped: 0/4
Epoch [142/4000] | Avg Makespan: 288.75 | Actor Loss: -0.0039 | Critic Loss: 0.2195 | Grad Norm: 0.4116 | Clipped: 0/4
Epoch [143/4000] | Avg Makespan: 308.25 | Actor Loss: -0.0017 | Critic Loss: 0.7170 | Grad Norm: 0.9782 | Clipped: 2/4
Epoch [144/4000] | Avg Makespan: 316.75 | Actor Loss: -0.0012 | Critic Loss: 1.5115 | Grad Norm: 0.7757 | Clipped: 0/4
Epoch [145/4000] | Avg Makespan: 301.75 | Actor Loss: -0.0029 | Critic Loss: 0.4943 | Grad Norm: 0.5425 | Clipped: 0/4
Epoch [146/4000] | Avg Makespan: 298.50 | Actor Loss: -0.0017 | Critic Loss: 0.3481 | Grad Norm: 0.4924 | Clipped: 0/4
Epoch [147/4000] | Avg Makespan: 300.25 | Actor Loss: -0.0024 | Critic Loss: 0.0485 | Grad Norm: 0.3085 | Clipped: 0/4
Epoch [148/4000] | Avg Makespan: 295.25 | Actor Loss: -0.0018 | Critic Loss: 0.2091 | Grad Norm: 0.4259 | Clipped: 0/4
Epoch [149/4000] | Avg Makespan: 287.00 | Actor Loss: -0.0006 | Critic Loss: 0.1461 | Grad Norm: 0.3447 | Clipped: 0/4
Epoch [150/4000] | Avg Makespan: 301.50 | Actor Loss: -0.0029 | Critic Loss: 0.2870 | Grad Norm: 0.5963 | Clipped: 0/4
Epoch [151/4000] | Avg Makespan: 292.75 | Actor Loss: -0.0006 | Critic Loss: 0.3339 | Grad Norm: 0.3712 | Clipped: 0/4
Epoch [152/4000] | Avg Makespan: 307.25 | Actor Loss: -0.0021 | Critic Loss: 0.1734 | Grad Norm: 0.4269 | Clipped: 0/4
Epoch [153/4000] | Avg Makespan: 313.50 | Actor Loss: -0.0014 | Critic Loss: 0.4616 | Grad Norm: 0.4331 | Clipped: 0/4
Epoch [154/4000] | Avg Makespan: 323.50 | Actor Loss: -0.0037 | Critic Loss: 0.8777 | Grad Norm: 0.2827 | Clipped: 0/4
Epoch [155/4000] | Avg Makespan: 317.00 | Actor Loss: -0.0025 | Critic Loss: 0.6167 | Grad Norm: 0.6607 | Clipped: 0/4
Epoch [156/4000] | Avg Makespan: 307.25 | Actor Loss: -0.0014 | Critic Loss: 0.5111 | Grad Norm: 0.5451 | Clipped: 0/4
Epoch [157/4000] | Avg Makespan: 306.75 | Actor Loss: -0.0007 | Critic Loss: 0.3919 | Grad Norm: 0.4870 | Clipped: 0/4
Epoch [158/4000] | Avg Makespan: 314.75 | Actor Loss: 0.0002 | Critic Loss: 0.2698 | Grad Norm: 0.5631 | Clipped: 0/4
Epoch [159/4000] | Avg Makespan: 320.50 | Actor Loss: 0.0012 | Critic Loss: 0.5018 | Grad Norm: 0.7135 | Clipped: 2/4
Epoch [160/4000] | Avg Makespan: 313.00 | Actor Loss: 0.0035 | Critic Loss: 0.4999 | Grad Norm: 0.8044 | Clipped: 0/4
Epoch [161/4000] | Avg Makespan: 320.00 | Actor Loss: 0.0010 | Critic Loss: 0.3214 | Grad Norm: 0.7828 | Clipped: 0/4
Epoch [162/4000] | Avg Makespan: 328.75 | Actor Loss: 0.0006 | Critic Loss: 0.8376 | Grad Norm: 0.7286 | Clipped: 1/4
Epoch [163/4000] | Avg Makespan: 299.75 | Actor Loss: 0.0081 | Critic Loss: 0.6309 | Grad Norm: 2.0336 | Clipped: 4/4
Epoch [164/4000] | Avg Makespan: 305.00 | Actor Loss: 0.0014 | Critic Loss: 0.5087 | Grad Norm: 0.5986 | Clipped: 0/4
Epoch [165/4000] | Avg Makespan: 314.25 | Actor Loss: -0.0007 | Critic Loss: 0.4302 | Grad Norm: 0.4926 | Clipped: 0/4
Epoch [166/4000] | Avg Makespan: 331.50 | Actor Loss: -0.0016 | Critic Loss: 1.0550 | Grad Norm: 0.8461 | Clipped: 0/4
Epoch [167/4000] | Avg Makespan: 329.50 | Actor Loss: -0.0028 | Critic Loss: 1.0232 | Grad Norm: 0.5306 | Clipped: 0/4
Epoch [168/4000] | Avg Makespan: 336.50 | Actor Loss: -0.0005 | Critic Loss: 1.0471 | Grad Norm: 0.4528 | Clipped: 0/4
Epoch [169/4000] | Avg Makespan: 315.00 | Actor Loss: 0.0004 | Critic Loss: 0.8542 | Grad Norm: 1.3426 | Clipped: 4/4
Epoch [170/4000] | Avg Makespan: 310.25 | Actor Loss: -0.0026 | Critic Loss: 0.6250 | Grad Norm: 0.6820 | Clipped: 0/4
Epoch [171/4000] | Avg Makespan: 302.75 | Actor Loss: -0.0035 | Critic Loss: 0.3304 | Grad Norm: 0.4650 | Clipped: 0/4
Epoch [172/4000] | Avg Makespan: 301.75 | Actor Loss: -0.0015 | Critic Loss: 0.3785 | Grad Norm: 0.3767 | Clipped: 0/4
Epoch [173/4000] | Avg Makespan: 303.00 | Actor Loss: -0.0040 | Critic Loss: 0.2820 | Grad Norm: 0.2456 | Clipped: 0/4
Epoch [174/4000] | Avg Makespan: 314.25 | Actor Loss: -0.0026 | Critic Loss: 0.6508 | Grad Norm: 0.4740 | Clipped: 0/4
Epoch [175/4000] | Avg Makespan: 296.50 | Actor Loss: -0.0039 | Critic Loss: 0.4099 | Grad Norm: 0.6763 | Clipped: 0/4
Epoch [176/4000] | Avg Makespan: 293.75 | Actor Loss: -0.0051 | Critic Loss: 0.2971 | Grad Norm: 0.4140 | Clipped: 0/4
Epoch [177/4000] | Avg Makespan: 307.75 | Actor Loss: -0.0042 | Critic Loss: 0.5034 | Grad Norm: 0.5749 | Clipped: 0/4
Epoch [178/4000] | Avg Makespan: 319.75 | Actor Loss: -0.0032 | Critic Loss: 0.8210 | Grad Norm: 0.6553 | Clipped: 0/4
Epoch [179/4000] | Avg Makespan: 321.00 | Actor Loss: -0.0021 | Critic Loss: 0.7912 | Grad Norm: 0.3934 | Clipped: 0/4
Epoch [180/4000] | Avg Makespan: 330.75 | Actor Loss: -0.0049 | Critic Loss: 0.6781 | Grad Norm: 0.3717 | Clipped: 0/4
Epoch [181/4000] | Avg Makespan: 318.25 | Actor Loss: -0.0038 | Critic Loss: 1.1553 | Grad Norm: 0.4185 | Clipped: 0/4
Epoch [182/4000] | Avg Makespan: 333.25 | Actor Loss: -0.0027 | Critic Loss: 1.0731 | Grad Norm: 0.5126 | Clipped: 0/4
Epoch [183/4000] | Avg Makespan: 306.25 | Actor Loss: -0.0040 | Critic Loss: 1.1228 | Grad Norm: 1.0043 | Clipped: 2/4
Epoch [184/4000] | Avg Makespan: 306.25 | Actor Loss: -0.0023 | Critic Loss: 0.3595 | Grad Norm: 0.4540 | Clipped: 0/4
Epoch [185/4000] | Avg Makespan: 313.00 | Actor Loss: 0.0022 | Critic Loss: 0.8391 | Grad Norm: 0.6431 | Clipped: 0/4
Epoch [186/4000] | Avg Makespan: 318.75 | Actor Loss: -0.0037 | Critic Loss: 0.6965 | Grad Norm: 0.4973 | Clipped: 0/4
Epoch [187/4000] | Avg Makespan: 301.50 | Actor Loss: -0.0032 | Critic Loss: 0.4411 | Grad Norm: 0.5548 | Clipped: 0/4
Epoch [188/4000] | Avg Makespan: 303.75 | Actor Loss: -0.0028 | Critic Loss: 0.4238 | Grad Norm: 0.4394 | Clipped: 0/4
Epoch [189/4000] | Avg Makespan: 299.50 | Actor Loss: -0.0048 | Critic Loss: 0.3540 | Grad Norm: 0.3425 | Clipped: 0/4
Epoch [190/4000] | Avg Makespan: 314.25 | Actor Loss: -0.0010 | Critic Loss: 0.5573 | Grad Norm: 0.7334 | Clipped: 1/4
Epoch [191/4000] | Avg Makespan: 303.25 | Actor Loss: 0.0005 | Critic Loss: 0.4625 | Grad Norm: 0.6144 | Clipped: 1/4
Epoch [192/4000] | Avg Makespan: 303.25 | Actor Loss: -0.0008 | Critic Loss: 0.6984 | Grad Norm: 0.4867 | Clipped: 0/4
Epoch [193/4000] | Avg Makespan: 308.00 | Actor Loss: -0.0022 | Critic Loss: 0.3929 | Grad Norm: 0.5736 | Clipped: 0/4
Epoch [194/4000] | Avg Makespan: 303.25 | Actor Loss: -0.0062 | Critic Loss: 1.1832 | Grad Norm: 0.5709 | Clipped: 0/4
Epoch [195/4000] | Avg Makespan: 304.75 | Actor Loss: -0.0005 | Critic Loss: 0.3522 | Grad Norm: 0.5423 | Clipped: 0/4
Epoch [196/4000] | Avg Makespan: 305.50 | Actor Loss: -0.0001 | Critic Loss: 0.4678 | Grad Norm: 0.3120 | Clipped: 0/4
Epoch [197/4000] | Avg Makespan: 293.75 | Actor Loss: -0.0032 | Critic Loss: 0.3047 | Grad Norm: 0.3573 | Clipped: 0/4
Epoch [198/4000] | Avg Makespan: 297.00 | Actor Loss: -0.0018 | Critic Loss: 0.1791 | Grad Norm: 0.2991 | Clipped: 0/4
Epoch [199/4000] | Avg Makespan: 299.50 | Actor Loss: -0.0070 | Critic Loss: 0.7964 | Grad Norm: 0.5845 | Clipped: 0/4
Epoch [200/4000] | Avg Makespan: 302.00 | Actor Loss: 0.0007 | Critic Loss: 0.3589 | Grad Norm: 0.4745 | Clipped: 0/4
   -> Validation | Samples: 280 | Makespan: 532.33 | Invalid Jobs: 0.03 | Score: 560.90
   -> Val Score 560.90 (warming up 3/5, no selection yet)
   -> Val C~ 372.59 (warming up 3/5, no selection yet)
   -> Saved updated training chart to /home/wei/Desktop/AMR-DFJSP/runs/20260827_083140_v10_B_s43/chart.png
Epoch [201/4000] | Avg Makespan: 292.75 | Actor Loss: -0.0017 | Critic Loss: 0.2320 | Grad Norm: 0.4191 | Clipped: 0/4
Epoch [202/4000] | Avg Makespan: 292.50 | Actor Loss: -0.0003 | Critic Loss: 0.1439 | Grad Norm: 0.4225 | Clipped: 0/4
Epoch [203/4000] | Avg Makespan: 300.00 | Actor Loss: -0.0020 | Critic Loss: 0.3079 | Grad Norm: 0.5004 | Clipped: 0/4
Epoch [204/4000] | Avg Makespan: 307.00 | Actor Loss: -0.0002 | Critic Loss: 0.8206 | Grad Norm: 0.4884 | Clipped: 0/4
Epoch [205/4000] | Avg Makespan: 318.00 | Actor Loss: 0.0035 | Critic Loss: 1.2249 | Grad Norm: 0.6011 | Clipped: 0/4
Epoch [206/4000] | Avg Makespan: 292.00 | Actor Loss: 0.0058 | Critic Loss: 0.4176 | Grad Norm: 0.7475 | Clipped: 0/4
Epoch [207/4000] | Avg Makespan: 307.25 | Actor Loss: -0.0021 | Critic Loss: 0.7463 | Grad Norm: 0.2498 | Clipped: 0/4
Epoch [208/4000] | Avg Makespan: 299.50 | Actor Loss: -0.0030 | Critic Loss: 0.4742 | Grad Norm: 0.3275 | Clipped: 0/4
Epoch [209/4000] | Avg Makespan: 299.00 | Actor Loss: -0.0040 | Critic Loss: 0.2838 | Grad Norm: 0.4599 | Clipped: 0/4
Epoch [210/4000] | Avg Makespan: 299.75 | Actor Loss: -0.0035 | Critic Loss: 0.5124 | Grad Norm: 0.3281 | Clipped: 0/4
Epoch [211/4000] | Avg Makespan: 302.00 | Actor Loss: -0.0049 | Critic Loss: 0.6420 | Grad Norm: 0.3126 | Clipped: 0/4
Epoch [212/4000] | Avg Makespan: 297.25 | Actor Loss: -0.0038 | Critic Loss: 0.1545 | Grad Norm: 0.3570 | Clipped: 0/4
Epoch [213/4000] | Avg Makespan: 298.50 | Actor Loss: -0.0053 | Critic Loss: 0.3767 | Grad Norm: 0.5830 | Clipped: 0/4
Epoch [214/4000] | Avg Makespan: 308.00 | Actor Loss: -0.0053 | Critic Loss: 0.6607 | Grad Norm: 0.4689 | Clipped: 0/4
Epoch [215/4000] | Avg Makespan: 298.75 | Actor Loss: -0.0061 | Critic Loss: 0.2201 | Grad Norm: 0.3114 | Clipped: 0/4
Epoch [216/4000] | Avg Makespan: 302.75 | Actor Loss: -0.0031 | Critic Loss: 0.5301 | Grad Norm: 0.3454 | Clipped: 0/4
Epoch [217/4000] | Avg Makespan: 295.75 | Actor Loss: -0.0042 | Critic Loss: 0.2879 | Grad Norm: 0.3294 | Clipped: 0/4
Epoch [218/4000] | Avg Makespan: 318.75 | Actor Loss: -0.0042 | Critic Loss: 0.7720 | Grad Norm: 0.4144 | Clipped: 0/4
Epoch [219/4000] | Avg Makespan: 320.75 | Actor Loss: -0.0033 | Critic Loss: 0.9838 | Grad Norm: 0.4538 | Clipped: 0/4
Epoch [220/4000] | Avg Makespan: 317.00 | Actor Loss: -0.0016 | Critic Loss: 0.3246 | Grad Norm: 0.4273 | Clipped: 0/4
Epoch [221/4000] | Avg Makespan: 303.50 | Actor Loss: -0.0054 | Critic Loss: 0.8079 | Grad Norm: 0.3985 | Clipped: 0/4
Epoch [222/4000] | Avg Makespan: 289.50 | Actor Loss: -0.0030 | Critic Loss: 0.5644 | Grad Norm: 0.6189 | Clipped: 0/4
Epoch [223/4000] | Avg Makespan: 292.00 | Actor Loss: -0.0027 | Critic Loss: 0.3922 | Grad Norm: 0.3567 | Clipped: 0/4
Epoch [224/4000] | Avg Makespan: 297.50 | Actor Loss: -0.0037 | Critic Loss: 0.3927 | Grad Norm: 0.4024 | Clipped: 0/4
Epoch [225/4000] | Avg Makespan: 318.00 | Actor Loss: -0.0007 | Critic Loss: 0.9629 | Grad Norm: 1.0127 | Clipped: 2/4
Epoch [226/4000] | Avg Makespan: 304.50 | Actor Loss: -0.0017 | Critic Loss: 0.3863 | Grad Norm: 0.3313 | Clipped: 0/4
Epoch [227/4000] | Avg Makespan: 299.75 | Actor Loss: 0.0006 | Critic Loss: 0.1705 | Grad Norm: 0.5768 | Clipped: 0/4
Epoch [228/4000] | Avg Makespan: 312.50 | Actor Loss: 0.0014 | Critic Loss: 0.6979 | Grad Norm: 0.5761 | Clipped: 0/4
Epoch [229/4000] | Avg Makespan: 305.00 | Actor Loss: -0.0012 | Critic Loss: 0.3432 | Grad Norm: 0.4219 | Clipped: 0/4
Epoch [230/4000] | Avg Makespan: 311.25 | Actor Loss: -0.0036 | Critic Loss: 0.3306 | Grad Norm: 0.4064 | Clipped: 0/4
Epoch [231/4000] | Avg Makespan: 318.00 | Actor Loss: -0.0021 | Critic Loss: 0.9826 | Grad Norm: 0.4711 | Clipped: 0/4
Epoch [232/4000] | Avg Makespan: 301.00 | Actor Loss: -0.0024 | Critic Loss: 0.5233 | Grad Norm: 0.5673 | Clipped: 0/4
Epoch [233/4000] | Avg Makespan: 324.25 | Actor Loss: -0.0061 | Critic Loss: 0.9889 | Grad Norm: 0.5156 | Clipped: 0/4
Epoch [234/4000] | Avg Makespan: 312.75 | Actor Loss: -0.0048 | Critic Loss: 0.5766 | Grad Norm: 0.3742 | Clipped: 0/4
Epoch [235/4000] | Avg Makespan: 291.25 | Actor Loss: 0.0002 | Critic Loss: 0.4870 | Grad Norm: 0.8884 | Clipped: 1/4
Epoch [236/4000] | Avg Makespan: 300.75 | Actor Loss: -0.0013 | Critic Loss: 0.0493 | Grad Norm: 0.4762 | Clipped: 0/4
Epoch [237/4000] | Avg Makespan: 294.50 | Actor Loss: -0.0051 | Critic Loss: 0.2021 | Grad Norm: 0.4071 | Clipped: 0/4
Epoch [238/4000] | Avg Makespan: 293.25 | Actor Loss: 0.0042 | Critic Loss: 0.2599 | Grad Norm: 1.2935 | Clipped: 2/4
Epoch [239/4000] | Avg Makespan: 301.00 | Actor Loss: -0.0038 | Critic Loss: 0.2061 | Grad Norm: 0.8420 | Clipped: 2/4
Epoch [240/4000] | Avg Makespan: 319.00 | Actor Loss: 0.0082 | Critic Loss: 1.2116 | Grad Norm: 0.9950 | Clipped: 3/4
Epoch [241/4000] | Avg Makespan: 297.00 | Actor Loss: -0.0030 | Critic Loss: 0.4855 | Grad Norm: 0.7324 | Clipped: 1/4
Epoch [242/4000] | Avg Makespan: 291.25 | Actor Loss: -0.0016 | Critic Loss: 0.5644 | Grad Norm: 0.5632 | Clipped: 0/4
Epoch [243/4000] | Avg Makespan: 311.00 | Actor Loss: -0.0039 | Critic Loss: 0.5932 | Grad Norm: 0.5589 | Clipped: 0/4
Epoch [244/4000] | Avg Makespan: 293.75 | Actor Loss: -0.0059 | Critic Loss: 0.4857 | Grad Norm: 0.3952 | Clipped: 0/4
Epoch [245/4000] | Avg Makespan: 300.00 | Actor Loss: -0.0035 | Critic Loss: 0.0950 | Grad Norm: 0.4711 | Clipped: 0/4
Epoch [246/4000] | Avg Makespan: 311.00 | Actor Loss: -0.0070 | Critic Loss: 0.5530 | Grad Norm: 0.4964 | Clipped: 0/4
Epoch [247/4000] | Avg Makespan: 289.25 | Actor Loss: -0.0035 | Critic Loss: 0.2878 | Grad Norm: 0.3993 | Clipped: 0/4
Epoch [248/4000] | Avg Makespan: 296.25 | Actor Loss: -0.0049 | Critic Loss: 0.3910 | Grad Norm: 0.5110 | Clipped: 0/4
Epoch [249/4000] | Avg Makespan: 297.75 | Actor Loss: -0.0043 | Critic Loss: 0.1070 | Grad Norm: 0.4387 | Clipped: 0/4
Epoch [250/4000] | Avg Makespan: 312.00 | Actor Loss: -0.0036 | Critic Loss: 0.4345 | Grad Norm: 0.5678 | Clipped: 0/4
Epoch [251/4000] | Avg Makespan: 299.25 | Actor Loss: -0.0076 | Critic Loss: 0.7161 | Grad Norm: 0.3717 | Clipped: 0/4
Epoch [252/4000] | Avg Makespan: 314.00 | Actor Loss: -0.0038 | Critic Loss: 0.8405 | Grad Norm: 0.6514 | Clipped: 0/4
Epoch [253/4000] | Avg Makespan: 307.50 | Actor Loss: -0.0050 | Critic Loss: 0.6374 | Grad Norm: 0.5567 | Clipped: 0/4
Epoch [254/4000] | Avg Makespan: 298.50 | Actor Loss: -0.0046 | Critic Loss: 0.4446 | Grad Norm: 0.5716 | Clipped: 0/4
Epoch [255/4000] | Avg Makespan: 304.25 | Actor Loss: -0.0043 | Critic Loss: 0.1312 | Grad Norm: 0.5042 | Clipped: 0/4
Epoch [256/4000] | Avg Makespan: 290.75 | Actor Loss: -0.0026 | Critic Loss: 0.3568 | Grad Norm: 0.4679 | Clipped: 0/4
Epoch [257/4000] | Avg Makespan: 305.75 | Actor Loss: -0.0047 | Critic Loss: 0.2256 | Grad Norm: 0.4841 | Clipped: 0/4
Epoch [258/4000] | Avg Makespan: 308.50 | Actor Loss: -0.0042 | Critic Loss: 0.5068 | Grad Norm: 0.5106 | Clipped: 0/4
Epoch [259/4000] | Avg Makespan: 303.50 | Actor Loss: -0.0049 | Critic Loss: 0.4652 | Grad Norm: 0.5040 | Clipped: 0/4
Epoch [260/4000] | Avg Makespan: 293.75 | Actor Loss: -0.0049 | Critic Loss: 0.9043 | Grad Norm: 0.4080 | Clipped: 0/4
Epoch [261/4000] | Avg Makespan: 292.00 | Actor Loss: -0.0053 | Critic Loss: 0.1225 | Grad Norm: 0.4832 | Clipped: 0/4
Epoch [262/4000] | Avg Makespan: 302.25 | Actor Loss: -0.0046 | Critic Loss: 0.1795 | Grad Norm: 0.3536 | Clipped: 0/4
Epoch [263/4000] | Avg Makespan: 281.50 | Actor Loss: -0.0028 | Critic Loss: 0.2658 | Grad Norm: 0.5927 | Clipped: 0/4
Epoch [264/4000] | Avg Makespan: 303.25 | Actor Loss: -0.0027 | Critic Loss: 0.2986 | Grad Norm: 0.5409 | Clipped: 0/4
Epoch [265/4000] | Avg Makespan: 293.50 | Actor Loss: -0.0037 | Critic Loss: 0.2013 | Grad Norm: 0.4981 | Clipped: 0/4
Epoch [266/4000] | Avg Makespan: 303.25 | Actor Loss: -0.0039 | Critic Loss: 0.2095 | Grad Norm: 0.5857 | Clipped: 0/4
Epoch [267/4000] | Avg Makespan: 290.25 | Actor Loss: -0.0071 | Critic Loss: 0.2675 | Grad Norm: 0.5339 | Clipped: 0/4
Epoch [268/4000] | Avg Makespan: 289.25 | Actor Loss: -0.0037 | Critic Loss: 0.2508 | Grad Norm: 0.4974 | Clipped: 0/4
Epoch [269/4000] | Avg Makespan: 295.25 | Actor Loss: -0.0042 | Critic Loss: 0.0877 | Grad Norm: 0.4091 | Clipped: 0/4
Epoch [270/4000] | Avg Makespan: 293.25 | Actor Loss: -0.0028 | Critic Loss: 0.3161 | Grad Norm: 0.3009 | Clipped: 0/4
Epoch [271/4000] | Avg Makespan: 300.75 | Actor Loss: -0.0051 | Critic Loss: 0.3819 | Grad Norm: 0.4790 | Clipped: 0/4
Epoch [272/4000] | Avg Makespan: 281.25 | Actor Loss: -0.0055 | Critic Loss: 0.3236 | Grad Norm: 0.5110 | Clipped: 0/4
Epoch [273/4000] | Avg Makespan: 286.75 | Actor Loss: -0.0082 | Critic Loss: 0.4939 | Grad Norm: 0.5366 | Clipped: 0/4
Epoch [274/4000] | Avg Makespan: 290.50 | Actor Loss: -0.0029 | Critic Loss: 0.1393 | Grad Norm: 0.5619 | Clipped: 0/4
Epoch [275/4000] | Avg Makespan: 305.75 | Actor Loss: -0.0033 | Critic Loss: 0.8459 | Grad Norm: 0.6592 | Clipped: 0/4
Epoch [276/4000] | Avg Makespan: 307.75 | Actor Loss: -0.0003 | Critic Loss: 0.7013 | Grad Norm: 0.5162 | Clipped: 0/4
Epoch [277/4000] | Avg Makespan: 300.25 | Actor Loss: -0.0059 | Critic Loss: 0.1312 | Grad Norm: 0.5648 | Clipped: 0/4
Epoch [278/4000] | Avg Makespan: 282.75 | Actor Loss: -0.0024 | Critic Loss: 0.3527 | Grad Norm: 0.7916 | Clipped: 1/4
Epoch [279/4000] | Avg Makespan: 295.00 | Actor Loss: -0.0031 | Critic Loss: 0.7380 | Grad Norm: 0.4680 | Clipped: 0/4
Epoch [280/4000] | Avg Makespan: 318.25 | Actor Loss: -0.0046 | Critic Loss: 1.4233 | Grad Norm: 0.6224 | Clipped: 0/4
Epoch [281/4000] | Avg Makespan: 294.00 | Actor Loss: -0.0065 | Critic Loss: 0.7067 | Grad Norm: 0.4706 | Clipped: 0/4
Epoch [282/4000] | Avg Makespan: 297.50 | Actor Loss: -0.0040 | Critic Loss: 0.1876 | Grad Norm: 0.4038 | Clipped: 0/4
Epoch [283/4000] | Avg Makespan: 297.50 | Actor Loss: -0.0051 | Critic Loss: 0.1817 | Grad Norm: 0.5122 | Clipped: 0/4
Epoch [284/4000] | Avg Makespan: 285.00 | Actor Loss: -0.0037 | Critic Loss: 0.6099 | Grad Norm: 0.5779 | Clipped: 0/4
Epoch [285/4000] | Avg Makespan: 298.50 | Actor Loss: -0.0053 | Critic Loss: 0.4635 | Grad Norm: 0.4207 | Clipped: 0/4
Epoch [286/4000] | Avg Makespan: 301.75 | Actor Loss: -0.0041 | Critic Loss: 0.2304 | Grad Norm: 0.5915 | Clipped: 0/4
Epoch [287/4000] | Avg Makespan: 289.00 | Actor Loss: -0.0062 | Critic Loss: 0.1865 | Grad Norm: 0.5611 | Clipped: 0/4
Epoch [288/4000] | Avg Makespan: 310.00 | Actor Loss: -0.0058 | Critic Loss: 0.6044 | Grad Norm: 0.7461 | Clipped: 0/4
Epoch [289/4000] | Avg Makespan: 303.25 | Actor Loss: -0.0031 | Critic Loss: 0.3131 | Grad Norm: 0.5837 | Clipped: 0/4
Epoch [290/4000] | Avg Makespan: 291.75 | Actor Loss: -0.0080 | Critic Loss: 0.2836 | Grad Norm: 0.7510 | Clipped: 1/4
Epoch [291/4000] | Avg Makespan: 288.00 | Actor Loss: -0.0066 | Critic Loss: 0.2749 | Grad Norm: 0.6175 | Clipped: 0/4
Epoch [292/4000] | Avg Makespan: 281.00 | Actor Loss: -0.0050 | Critic Loss: 0.5140 | Grad Norm: 0.5824 | Clipped: 0/4
Epoch [293/4000] | Avg Makespan: 297.00 | Actor Loss: -0.0060 | Critic Loss: 0.3299 | Grad Norm: 0.5786 | Clipped: 0/4
Epoch [294/4000] | Avg Makespan: 293.25 | Actor Loss: 0.0012 | Critic Loss: 0.3439 | Grad Norm: 1.4542 | Clipped: 3/4
Epoch [295/4000] | Avg Makespan: 298.00 | Actor Loss: -0.0054 | Critic Loss: 0.2566 | Grad Norm: 0.6725 | Clipped: 0/4
Epoch [296/4000] | Avg Makespan: 285.00 | Actor Loss: -0.0049 | Critic Loss: 0.2644 | Grad Norm: 0.9338 | Clipped: 1/4
Epoch [297/4000] | Avg Makespan: 302.00 | Actor Loss: -0.0035 | Critic Loss: 0.3047 | Grad Norm: 0.6536 | Clipped: 1/4
Epoch [298/4000] | Avg Makespan: 304.25 | Actor Loss: -0.0035 | Critic Loss: 0.1589 | Grad Norm: 0.5524 | Clipped: 0/4
Epoch [299/4000] | Avg Makespan: 291.25 | Actor Loss: -0.0051 | Critic Loss: 0.2722 | Grad Norm: 0.7993 | Clipped: 0/4
Epoch [300/4000] | Avg Makespan: 294.25 | Actor Loss: -0.0014 | Critic Loss: 0.4326 | Grad Norm: 1.0709 | Clipped: 1/4
   -> Validation | Samples: 280 | Makespan: 507.24 | Invalid Jobs: 0.03 | Score: 532.24
   -> Val Score 532.24 (warming up 4/5, no selection yet)
   -> Val C~ 370.76 (warming up 4/5, no selection yet)
   -> Saved updated training chart to /home/wei/Desktop/AMR-DFJSP/runs/20260827_083140_v10_B_s43/chart.png
Epoch [301/4000] | Avg Makespan: 288.75 | Actor Loss: -0.0012 | Critic Loss: 0.2802 | Grad Norm: 0.9093 | Clipped: 1/4
Epoch [302/4000] | Avg Makespan: 272.50 | Actor Loss: 0.0082 | Critic Loss: 0.8436 | Grad Norm: 1.2129 | Clipped: 2/4
Epoch [303/4000] | Avg Makespan: 281.75 | Actor Loss: 0.0023 | Critic Loss: 0.7393 | Grad Norm: 0.8623 | Clipped: 1/4
Epoch [304/4000] | Avg Makespan: 295.00 | Actor Loss: -0.0031 | Critic Loss: 0.1980 | Grad Norm: 0.6669 | Clipped: 0/4
Epoch [305/4000] | Avg Makespan: 289.25 | Actor Loss: -0.0036 | Critic Loss: 0.2205 | Grad Norm: 0.5338 | Clipped: 0/4
Epoch [306/4000] | Avg Makespan: 292.50 | Actor Loss: -0.0049 | Critic Loss: 0.1410 | Grad Norm: 0.4542 | Clipped: 0/4
Epoch [307/4000] | Avg Makespan: 290.25 | Actor Loss: -0.0058 | Critic Loss: 0.5199 | Grad Norm: 0.3699 | Clipped: 0/4
Epoch [308/4000] | Avg Makespan: 287.00 | Actor Loss: -0.0051 | Critic Loss: 0.2933 | Grad Norm: 0.4050 | Clipped: 0/4
Epoch [309/4000] | Avg Makespan: 292.75 | Actor Loss: -0.0040 | Critic Loss: 0.3020 | Grad Norm: 0.3745 | Clipped: 0/4
Epoch [310/4000] | Avg Makespan: 283.75 | Actor Loss: -0.0054 | Critic Loss: 0.6007 | Grad Norm: 0.4006 | Clipped: 0/4
Epoch [311/4000] | Avg Makespan: 307.75 | Actor Loss: -0.0023 | Critic Loss: 0.3759 | Grad Norm: 0.6372 | Clipped: 0/4
Epoch [312/4000] | Avg Makespan: 298.00 | Actor Loss: -0.0034 | Critic Loss: 0.1140 | Grad Norm: 0.5111 | Clipped: 0/4
Epoch [313/4000] | Avg Makespan: 273.50 | Actor Loss: 0.0018 | Critic Loss: 0.9435 | Grad Norm: 0.7588 | Clipped: 0/4
Epoch [314/4000] | Avg Makespan: 282.25 | Actor Loss: -0.0017 | Critic Loss: 0.2598 | Grad Norm: 0.6124 | Clipped: 0/4
Epoch [315/4000] | Avg Makespan: 296.00 | Actor Loss: -0.0006 | Critic Loss: 0.3767 | Grad Norm: 0.5649 | Clipped: 0/4
Epoch [316/4000] | Avg Makespan: 294.25 | Actor Loss: -0.0038 | Critic Loss: 0.1246 | Grad Norm: 0.4512 | Clipped: 0/4
Epoch [317/4000] | Avg Makespan: 295.75 | Actor Loss: -0.0024 | Critic Loss: 0.5793 | Grad Norm: 0.5295 | Clipped: 0/4
Epoch [318/4000] | Avg Makespan: 289.00 | Actor Loss: -0.0035 | Critic Loss: 0.1435 | Grad Norm: 0.5569 | Clipped: 0/4
Epoch [319/4000] | Avg Makespan: 289.25 | Actor Loss: -0.0026 | Critic Loss: 0.1315 | Grad Norm: 0.4611 | Clipped: 0/4
Epoch [320/4000] | Avg Makespan: 294.25 | Actor Loss: -0.0044 | Critic Loss: 0.3344 | Grad Norm: 0.3891 | Clipped: 0/4
Epoch [321/4000] | Avg Makespan: 293.75 | Actor Loss: -0.0043 | Critic Loss: 0.5717 | Grad Norm: 0.4060 | Clipped: 0/4
Epoch [322/4000] | Avg Makespan: 298.00 | Actor Loss: -0.0045 | Critic Loss: 0.2083 | Grad Norm: 0.4031 | Clipped: 0/4
Epoch [323/4000] | Avg Makespan: 296.50 | Actor Loss: -0.0063 | Critic Loss: 0.8324 | Grad Norm: 0.5115 | Clipped: 0/4
Epoch [324/4000] | Avg Makespan: 286.50 | Actor Loss: -0.0081 | Critic Loss: 0.3378 | Grad Norm: 0.4018 | Clipped: 0/4
Epoch [325/4000] | Avg Makespan: 276.00 | Actor Loss: -0.0025 | Critic Loss: 0.5949 | Grad Norm: 0.6282 | Clipped: 0/4
Epoch [326/4000] | Avg Makespan: 291.25 | Actor Loss: -0.0039 | Critic Loss: 0.1175 | Grad Norm: 0.5557 | Clipped: 0/4
Epoch [327/4000] | Avg Makespan: 286.00 | Actor Loss: -0.0047 | Critic Loss: 0.3354 | Grad Norm: 0.4894 | Clipped: 0/4
Epoch [328/4000] | Avg Makespan: 280.25 | Actor Loss: -0.0041 | Critic Loss: 0.4551 | Grad Norm: 0.4920 | Clipped: 0/4
Epoch [329/4000] | Avg Makespan: 302.75 | Actor Loss: 0.0035 | Critic Loss: 0.6051 | Grad Norm: 0.9766 | Clipped: 2/4
Epoch [330/4000] | Avg Makespan: 290.50 | Actor Loss: -0.0029 | Critic Loss: 0.8544 | Grad Norm: 0.4852 | Clipped: 0/4
Epoch [331/4000] | Avg Makespan: 281.75 | Actor Loss: -0.0090 | Critic Loss: 0.4069 | Grad Norm: 0.7351 | Clipped: 0/4
Epoch [332/4000] | Avg Makespan: 298.75 | Actor Loss: -0.0058 | Critic Loss: 0.6219 | Grad Norm: 0.6989 | Clipped: 0/4
Epoch [333/4000] | Avg Makespan: 292.75 | Actor Loss: -0.0036 | Critic Loss: 0.3467 | Grad Norm: 0.4577 | Clipped: 0/4
Epoch [334/4000] | Avg Makespan: 284.75 | Actor Loss: -0.0039 | Critic Loss: 0.3653 | Grad Norm: 0.5427 | Clipped: 0/4
Epoch [335/4000] | Avg Makespan: 286.00 | Actor Loss: -0.0058 | Critic Loss: 0.7235 | Grad Norm: 0.5364 | Clipped: 0/4
Epoch [336/4000] | Avg Makespan: 285.50 | Actor Loss: -0.0055 | Critic Loss: 0.3304 | Grad Norm: 0.6113 | Clipped: 0/4
Epoch [337/4000] | Avg Makespan: 287.50 | Actor Loss: -0.0076 | Critic Loss: 0.2868 | Grad Norm: 0.5565 | Clipped: 0/4
Epoch [338/4000] | Avg Makespan: 290.75 | Actor Loss: -0.0040 | Critic Loss: 0.0928 | Grad Norm: 0.4826 | Clipped: 0/4
Epoch [339/4000] | Avg Makespan: 288.50 | Actor Loss: -0.0037 | Critic Loss: 0.2709 | Grad Norm: 0.5787 | Clipped: 0/4
Epoch [340/4000] | Avg Makespan: 284.50 | Actor Loss: 0.0033 | Critic Loss: 0.1772 | Grad Norm: 0.9508 | Clipped: 2/4
Epoch [341/4000] | Avg Makespan: 286.75 | Actor Loss: -0.0021 | Critic Loss: 0.0437 | Grad Norm: 0.8931 | Clipped: 2/4
Epoch [342/4000] | Avg Makespan: 288.00 | Actor Loss: -0.0055 | Critic Loss: 0.4975 | Grad Norm: 0.4239 | Clipped: 0/4
Epoch [343/4000] | Avg Makespan: 278.50 | Actor Loss: -0.0063 | Critic Loss: 0.1815 | Grad Norm: 0.6945 | Clipped: 1/4
Epoch [344/4000] | Avg Makespan: 294.25 | Actor Loss: 0.0060 | Critic Loss: 0.6698 | Grad Norm: 0.8623 | Clipped: 1/4
Epoch [345/4000] | Avg Makespan: 289.50 | Actor Loss: -0.0034 | Critic Loss: 0.3777 | Grad Norm: 0.4360 | Clipped: 0/4
Epoch [346/4000] | Avg Makespan: 279.25 | Actor Loss: -0.0021 | Critic Loss: 0.6143 | Grad Norm: 0.6499 | Clipped: 0/4
Epoch [347/4000] | Avg Makespan: 292.00 | Actor Loss: -0.0068 | Critic Loss: 0.4241 | Grad Norm: 0.4750 | Clipped: 0/4
Epoch [348/4000] | Avg Makespan: 286.50 | Actor Loss: -0.0071 | Critic Loss: 0.1307 | Grad Norm: 0.4723 | Clipped: 0/4
Epoch [349/4000] | Avg Makespan: 274.75 | Actor Loss: -0.0033 | Critic Loss: 0.3810 | Grad Norm: 0.6915 | Clipped: 0/4
Epoch [350/4000] | Avg Makespan: 279.00 | Actor Loss: -0.0051 | Critic Loss: 0.1908 | Grad Norm: 0.4214 | Clipped: 0/4
Epoch [351/4000] | Avg Makespan: 316.00 | Actor Loss: 0.0037 | Critic Loss: 2.0389 | Grad Norm: 1.7385 | Clipped: 4/4
Epoch [352/4000] | Avg Makespan: 304.00 | Actor Loss: 0.0049 | Critic Loss: 0.4291 | Grad Norm: 0.6986 | Clipped: 0/4
Epoch [353/4000] | Avg Makespan: 288.75 | Actor Loss: -0.0031 | Critic Loss: 1.0141 | Grad Norm: 0.8501 | Clipped: 0/4
Epoch [354/4000] | Avg Makespan: 303.00 | Actor Loss: -0.0050 | Critic Loss: 0.3812 | Grad Norm: 0.4755 | Clipped: 0/4
Epoch [355/4000] | Avg Makespan: 285.00 | Actor Loss: -0.0049 | Critic Loss: 0.3811 | Grad Norm: 0.5091 | Clipped: 0/4
Epoch [356/4000] | Avg Makespan: 293.50 | Actor Loss: -0.0029 | Critic Loss: 0.3515 | Grad Norm: 0.4322 | Clipped: 0/4
Epoch [357/4000] | Avg Makespan: 287.25 | Actor Loss: -0.0033 | Critic Loss: 0.1308 | Grad Norm: 0.3505 | Clipped: 0/4
Epoch [358/4000] | Avg Makespan: 293.50 | Actor Loss: -0.0033 | Critic Loss: 0.1275 | Grad Norm: 0.4465 | Clipped: 0/4
Epoch [359/4000] | Avg Makespan: 285.50 | Actor Loss: -0.0039 | Critic Loss: 0.3924 | Grad Norm: 0.4962 | Clipped: 0/4
Epoch [360/4000] | Avg Makespan: 273.00 | Actor Loss: 0.0005 | Critic Loss: 0.5809 | Grad Norm: 0.7678 | Clipped: 0/4
Epoch [361/4000] | Avg Makespan: 289.75 | Actor Loss: -0.0024 | Critic Loss: 0.3752 | Grad Norm: 0.8350 | Clipped: 0/4
Epoch [362/4000] | Avg Makespan: 292.00 | Actor Loss: -0.0054 | Critic Loss: 0.2208 | Grad Norm: 0.7096 | Clipped: 0/4
Epoch [363/4000] | Avg Makespan: 290.50 | Actor Loss: -0.0064 | Critic Loss: 0.5078 | Grad Norm: 0.4760 | Clipped: 0/4
Epoch [364/4000] | Avg Makespan: 295.00 | Actor Loss: -0.0045 | Critic Loss: 0.2085 | Grad Norm: 0.3795 | Clipped: 0/4
Epoch [365/4000] | Avg Makespan: 306.25 | Actor Loss: -0.0026 | Critic Loss: 0.9851 | Grad Norm: 0.9369 | Clipped: 2/4
Epoch [366/4000] | Avg Makespan: 303.00 | Actor Loss: -0.0036 | Critic Loss: 0.3706 | Grad Norm: 1.0877 | Clipped: 2/4
Epoch [367/4000] | Avg Makespan: 282.50 | Actor Loss: 0.0015 | Critic Loss: 0.3382 | Grad Norm: 0.7255 | Clipped: 1/4
Epoch [368/4000] | Avg Makespan: 285.00 | Actor Loss: -0.0053 | Critic Loss: 0.6943 | Grad Norm: 0.7570 | Clipped: 0/4
Epoch [369/4000] | Avg Makespan: 282.50 | Actor Loss: -0.0047 | Critic Loss: 0.2766 | Grad Norm: 0.7511 | Clipped: 1/4
Epoch [370/4000] | Avg Makespan: 279.25 | Actor Loss: -0.0046 | Critic Loss: 0.5770 | Grad Norm: 1.0199 | Clipped: 1/4
Epoch [371/4000] | Avg Makespan: 277.75 | Actor Loss: 0.0021 | Critic Loss: 0.6343 | Grad Norm: 1.4915 | Clipped: 3/4
Epoch [372/4000] | Avg Makespan: 298.00 | Actor Loss: -0.0034 | Critic Loss: 0.6943 | Grad Norm: 1.1292 | Clipped: 3/4
Epoch [373/4000] | Avg Makespan: 294.25 | Actor Loss: -0.0002 | Critic Loss: 0.5990 | Grad Norm: 1.0957 | Clipped: 3/4
Epoch [374/4000] | Avg Makespan: 283.50 | Actor Loss: -0.0031 | Critic Loss: 0.1103 | Grad Norm: 0.9638 | Clipped: 2/4
Epoch [375/4000] | Avg Makespan: 284.25 | Actor Loss: -0.0014 | Critic Loss: 0.4531 | Grad Norm: 0.5872 | Clipped: 0/4
Epoch [376/4000] | Avg Makespan: 276.75 | Actor Loss: -0.0056 | Critic Loss: 0.2257 | Grad Norm: 0.6466 | Clipped: 0/4
Epoch [377/4000] | Avg Makespan: 280.00 | Actor Loss: -0.0081 | Critic Loss: 0.1210 | Grad Norm: 0.5648 | Clipped: 0/4
Epoch [378/4000] | Avg Makespan: 291.75 | Actor Loss: -0.0005 | Critic Loss: 0.3456 | Grad Norm: 0.8337 | Clipped: 0/4
Epoch [379/4000] | Avg Makespan: 291.25 | Actor Loss: -0.0024 | Critic Loss: 0.8763 | Grad Norm: 0.5837 | Clipped: 0/4
Epoch [380/4000] | Avg Makespan: 289.25 | Actor Loss: -0.0054 | Critic Loss: 0.2048 | Grad Norm: 0.4944 | Clipped: 0/4
Epoch [381/4000] | Avg Makespan: 295.75 | Actor Loss: -0.0073 | Critic Loss: 0.3251 | Grad Norm: 0.4293 | Clipped: 0/4
Epoch [382/4000] | Avg Makespan: 299.75 | Actor Loss: -0.0038 | Critic Loss: 0.8262 | Grad Norm: 0.3897 | Clipped: 0/4
Epoch [383/4000] | Avg Makespan: 295.75 | Actor Loss: -0.0060 | Critic Loss: 0.5752 | Grad Norm: 0.5879 | Clipped: 0/4
Epoch [384/4000] | Avg Makespan: 288.75 | Actor Loss: -0.0074 | Critic Loss: 0.2801 | Grad Norm: 0.5908 | Clipped: 0/4
Epoch [385/4000] | Avg Makespan: 277.25 | Actor Loss: -0.0011 | Critic Loss: 0.2709 | Grad Norm: 0.7499 | Clipped: 1/4
Epoch [386/4000] | Avg Makespan: 297.00 | Actor Loss: -0.0044 | Critic Loss: 0.2308 | Grad Norm: 0.4386 | Clipped: 0/4
Epoch [387/4000] | Avg Makespan: 279.50 | Actor Loss: -0.0064 | Critic Loss: 0.2642 | Grad Norm: 0.4578 | Clipped: 0/4
Epoch [388/4000] | Avg Makespan: 297.50 | Actor Loss: -0.0047 | Critic Loss: 0.4214 | Grad Norm: 0.4426 | Clipped: 0/4
Epoch [389/4000] | Avg Makespan: 288.50 | Actor Loss: -0.0054 | Critic Loss: 0.1636 | Grad Norm: 0.4445 | Clipped: 0/4
Epoch [390/4000] | Avg Makespan: 304.00 | Actor Loss: -0.0071 | Critic Loss: 0.6395 | Grad Norm: 0.5083 | Clipped: 0/4
Epoch [391/4000] | Avg Makespan: 293.75 | Actor Loss: -0.0069 | Critic Loss: 0.2725 | Grad Norm: 0.4327 | Clipped: 0/4
Epoch [392/4000] | Avg Makespan: 287.75 | Actor Loss: -0.0059 | Critic Loss: 0.2249 | Grad Norm: 0.4677 | Clipped: 0/4
Epoch [393/4000] | Avg Makespan: 292.25 | Actor Loss: -0.0067 | Critic Loss: 0.2786 | Grad Norm: 0.4695 | Clipped: 0/4
Epoch [394/4000] | Avg Makespan: 284.75 | Actor Loss: -0.0041 | Critic Loss: 0.7142 | Grad Norm: 0.5212 | Clipped: 0/4
Epoch [395/4000] | Avg Makespan: 287.25 | Actor Loss: -0.0067 | Critic Loss: 0.3111 | Grad Norm: 0.4418 | Clipped: 0/4
Epoch [396/4000] | Avg Makespan: 279.50 | Actor Loss: -0.0013 | Critic Loss: 0.5996 | Grad Norm: 0.4821 | Clipped: 0/4
Epoch [397/4000] | Avg Makespan: 280.00 | Actor Loss: -0.0068 | Critic Loss: 0.4591 | Grad Norm: 0.6363 | Clipped: 0/4
Epoch [398/4000] | Avg Makespan: 291.25 | Actor Loss: -0.0027 | Critic Loss: 0.3830 | Grad Norm: 0.4995 | Clipped: 0/4
Epoch [399/4000] | Avg Makespan: 287.25 | Actor Loss: -0.0062 | Critic Loss: 0.4187 | Grad Norm: 0.5002 | Clipped: 0/4
Epoch [400/4000] | Avg Makespan: 291.50 | Actor Loss: -0.0043 | Critic Loss: 0.1370 | Grad Norm: 0.4188 | Clipped: 0/4
   -> Validation | Samples: 280 | Makespan: 581.44 | Invalid Jobs: 0.06 | Score: 642.15
   -> Saved new best model (Val Score mean of last 5: 993.96; this eval 642.15)
   -> Saved new best model (Val C~ mean of last 5: 752.98; this eval 392.20)
   -> Saved updated training chart to /home/wei/Desktop/AMR-DFJSP/runs/20260827_083140_v10_B_s43/chart.png
Epoch [401/4000] | Avg Makespan: 284.75 | Actor Loss: -0.0052 | Critic Loss: 0.4826 | Grad Norm: 0.3951 | Clipped: 0/4
Epoch [402/4000] | Avg Makespan: 290.25 | Actor Loss: -0.0065 | Critic Loss: 0.8385 | Grad Norm: 0.3455 | Clipped: 0/4
Epoch [403/4000] | Avg Makespan: 281.75 | Actor Loss: -0.0051 | Critic Loss: 0.8698 | Grad Norm: 0.6188 | Clipped: 0/4
Epoch [404/4000] | Avg Makespan: 279.25 | Actor Loss: -0.0040 | Critic Loss: 0.3237 | Grad Norm: 0.4496 | Clipped: 0/4
Epoch [405/4000] | Avg Makespan: 287.25 | Actor Loss: -0.0075 | Critic Loss: 0.3028 | Grad Norm: 0.4153 | Clipped: 0/4
Epoch [406/4000] | Avg Makespan: 268.75 | Actor Loss: -0.0070 | Critic Loss: 0.6789 | Grad Norm: 0.6611 | Clipped: 0/4
Epoch [407/4000] | Avg Makespan: 284.00 | Actor Loss: -0.0065 | Critic Loss: 0.3316 | Grad Norm: 0.8143 | Clipped: 1/4
Epoch [408/4000] | Avg Makespan: 291.75 | Actor Loss: 0.0055 | Critic Loss: 0.5910 | Grad Norm: 1.2740 | Clipped: 3/4
Epoch [409/4000] | Avg Makespan: 290.50 | Actor Loss: -0.0024 | Critic Loss: 0.7590 | Grad Norm: 0.5491 | Clipped: 0/4
Epoch [410/4000] | Avg Makespan: 286.00 | Actor Loss: -0.0061 | Critic Loss: 0.2727 | Grad Norm: 0.4910 | Clipped: 0/4
Epoch [411/4000] | Avg Makespan: 297.50 | Actor Loss: -0.0043 | Critic Loss: 0.4557 | Grad Norm: 0.5098 | Clipped: 0/4
Epoch [412/4000] | Avg Makespan: 282.75 | Actor Loss: -0.0056 | Critic Loss: 0.5675 | Grad Norm: 0.6335 | Clipped: 0/4
Epoch [413/4000] | Avg Makespan: 295.00 | Actor Loss: -0.0051 | Critic Loss: 0.4711 | Grad Norm: 0.5173 | Clipped: 0/4
Epoch [414/4000] | Avg Makespan: 283.00 | Actor Loss: -0.0016 | Critic Loss: 0.3508 | Grad Norm: 0.7568 | Clipped: 0/4
Epoch [415/4000] | Avg Makespan: 283.50 | Actor Loss: -0.0059 | Critic Loss: 0.3440 | Grad Norm: 0.6897 | Clipped: 0/4
Epoch [416/4000] | Avg Makespan: 289.00 | Actor Loss: -0.0059 | Critic Loss: 1.0762 | Grad Norm: 0.8683 | Clipped: 1/4
Epoch [417/4000] | Avg Makespan: 293.25 | Actor Loss: -0.0042 | Critic Loss: 0.1678 | Grad Norm: 0.6553 | Clipped: 0/4
Epoch [418/4000] | Avg Makespan: 273.75 | Actor Loss: -0.0062 | Critic Loss: 0.5172 | Grad Norm: 0.8322 | Clipped: 0/4
Epoch [419/4000] | Avg Makespan: 290.50 | Actor Loss: -0.0041 | Critic Loss: 0.2771 | Grad Norm: 0.5327 | Clipped: 0/4
Epoch [420/4000] | Avg Makespan: 283.75 | Actor Loss: -0.0058 | Critic Loss: 0.2427 | Grad Norm: 0.4162 | Clipped: 0/4
Epoch [421/4000] | Avg Makespan: 297.50 | Actor Loss: -0.0026 | Critic Loss: 0.4772 | Grad Norm: 0.8519 | Clipped: 1/4
Epoch [422/4000] | Avg Makespan: 281.00 | Actor Loss: -0.0016 | Critic Loss: 0.3722 | Grad Norm: 0.6477 | Clipped: 0/4
Epoch [423/4000] | Avg Makespan: 298.75 | Actor Loss: -0.0072 | Critic Loss: 0.9320 | Grad Norm: 0.6474 | Clipped: 0/4
Epoch [424/4000] | Avg Makespan: 292.75 | Actor Loss: -0.0097 | Critic Loss: 0.6577 | Grad Norm: 0.6571 | Clipped: 0/4
Epoch [425/4000] | Avg Makespan: 295.00 | Actor Loss: -0.0059 | Critic Loss: 0.2617 | Grad Norm: 0.4872 | Clipped: 0/4
Epoch [426/4000] | Avg Makespan: 275.50 | Actor Loss: -0.0032 | Critic Loss: 0.4272 | Grad Norm: 0.9596 | Clipped: 1/4
Epoch [427/4000] | Avg Makespan: 295.25 | Actor Loss: -0.0002 | Critic Loss: 0.3307 | Grad Norm: 0.9549 | Clipped: 2/4
Epoch [428/4000] | Avg Makespan: 280.25 | Actor Loss: -0.0066 | Critic Loss: 0.2660 | Grad Norm: 0.8715 | Clipped: 2/4
Epoch [429/4000] | Avg Makespan: 291.50 | Actor Loss: -0.0030 | Critic Loss: 0.1577 | Grad Norm: 0.7039 | Clipped: 0/4
Epoch [430/4000] | Avg Makespan: 283.25 | Actor Loss: -0.0020 | Critic Loss: 0.1816 | Grad Norm: 0.8153 | Clipped: 0/4
Epoch [431/4000] | Avg Makespan: 295.00 | Actor Loss: -0.0074 | Critic Loss: 0.3018 | Grad Norm: 0.5467 | Clipped: 0/4
Epoch [432/4000] | Avg Makespan: 294.50 | Actor Loss: -0.0083 | Critic Loss: 0.2308 | Grad Norm: 0.5334 | Clipped: 0/4
Epoch [433/4000] | Avg Makespan: 282.00 | Actor Loss: -0.0040 | Critic Loss: 0.2037 | Grad Norm: 0.5703 | Clipped: 0/4
Epoch [434/4000] | Avg Makespan: 293.75 | Actor Loss: -0.0058 | Critic Loss: 0.2784 | Grad Norm: 0.4539 | Clipped: 0/4
Epoch [435/4000] | Avg Makespan: 304.25 | Actor Loss: -0.0019 | Critic Loss: 0.4072 | Grad Norm: 0.7439 | Clipped: 0/4
Epoch [436/4000] | Avg Makespan: 285.00 | Actor Loss: -0.0036 | Critic Loss: 0.3301 | Grad Norm: 0.6642 | Clipped: 0/4
Epoch [437/4000] | Avg Makespan: 294.75 | Actor Loss: -0.0055 | Critic Loss: 0.3811 | Grad Norm: 0.5764 | Clipped: 0/4
Epoch [438/4000] | Avg Makespan: 288.25 | Actor Loss: -0.0025 | Critic Loss: 0.1445 | Grad Norm: 1.3347 | Clipped: 1/4
Epoch [439/4000] | Avg Makespan: 288.50 | Actor Loss: -0.0029 | Critic Loss: 0.2868 | Grad Norm: 0.8255 | Clipped: 2/4
Epoch [440/4000] | Avg Makespan: 293.00 | Actor Loss: -0.0012 | Critic Loss: 0.4297 | Grad Norm: 0.8491 | Clipped: 1/4
Epoch [441/4000] | Avg Makespan: 295.00 | Actor Loss: -0.0005 | Critic Loss: 0.2817 | Grad Norm: 1.1146 | Clipped: 1/4
Epoch [442/4000] | Avg Makespan: 293.25 | Actor Loss: -0.0029 | Critic Loss: 0.5951 | Grad Norm: 0.9907 | Clipped: 1/4
Epoch [443/4000] | Avg Makespan: 294.25 | Actor Loss: -0.0040 | Critic Loss: 0.4848 | Grad Norm: 0.5844 | Clipped: 0/4
Epoch [444/4000] | Avg Makespan: 291.75 | Actor Loss: -0.0072 | Critic Loss: 0.2383 | Grad Norm: 0.7611 | Clipped: 0/4
Epoch [445/4000] | Avg Makespan: 293.75 | Actor Loss: -0.0070 | Critic Loss: 0.9328 | Grad Norm: 0.6562 | Clipped: 0/4
Epoch [446/4000] | Avg Makespan: 291.00 | Actor Loss: -0.0067 | Critic Loss: 0.2370 | Grad Norm: 0.4813 | Clipped: 0/4
Epoch [447/4000] | Avg Makespan: 295.50 | Actor Loss: -0.0046 | Critic Loss: 0.4685 | Grad Norm: 0.6182 | Clipped: 0/4
Epoch [448/4000] | Avg Makespan: 279.00 | Actor Loss: -0.0045 | Critic Loss: 0.5265 | Grad Norm: 0.7961 | Clipped: 0/4
Epoch [449/4000] | Avg Makespan: 280.50 | Actor Loss: -0.0086 | Critic Loss: 0.1171 | Grad Norm: 0.6470 | Clipped: 0/4
Epoch [450/4000] | Avg Makespan: 277.25 | Actor Loss: -0.0044 | Critic Loss: 0.7257 | Grad Norm: 0.4951 | Clipped: 0/4
Epoch [451/4000] | Avg Makespan: 302.25 | Actor Loss: -0.0030 | Critic Loss: 0.5552 | Grad Norm: 1.3580 | Clipped: 4/4
Epoch [452/4000] | Avg Makespan: 290.50 | Actor Loss: 0.0001 | Critic Loss: 0.6145 | Grad Norm: 0.9246 | Clipped: 1/4
Epoch [453/4000] | Avg Makespan: 277.75 | Actor Loss: -0.0081 | Critic Loss: 0.3416 | Grad Norm: 0.8338 | Clipped: 0/4
Epoch [454/4000] | Avg Makespan: 282.75 | Actor Loss: -0.0099 | Critic Loss: 0.1530 | Grad Norm: 1.1428 | Clipped: 3/4
Epoch [455/4000] | Avg Makespan: 298.00 | Actor Loss: -0.0044 | Critic Loss: 0.4382 | Grad Norm: 1.2704 | Clipped: 3/4
Epoch [456/4000] | Avg Makespan: 291.25 | Actor Loss: -0.0023 | Critic Loss: 0.4069 | Grad Norm: 0.9503 | Clipped: 1/4
Epoch [457/4000] | Avg Makespan: 286.25 | Actor Loss: -0.0053 | Critic Loss: 0.5223 | Grad Norm: 1.0627 | Clipped: 1/4
Epoch [458/4000] | Avg Makespan: 292.00 | Actor Loss: -0.0065 | Critic Loss: 0.4145 | Grad Norm: 0.7016 | Clipped: 0/4
Epoch [459/4000] | Avg Makespan: 303.00 | Actor Loss: -0.0039 | Critic Loss: 0.5168 | Grad Norm: 0.9609 | Clipped: 2/4
Epoch [460/4000] | Avg Makespan: 301.50 | Actor Loss: -0.0055 | Critic Loss: 0.4786 | Grad Norm: 0.8760 | Clipped: 1/4
Epoch [461/4000] | Avg Makespan: 291.25 | Actor Loss: -0.0080 | Critic Loss: 0.3334 | Grad Norm: 0.5690 | Clipped: 0/4
Epoch [462/4000] | Avg Makespan: 288.50 | Actor Loss: -0.0067 | Critic Loss: 0.3159 | Grad Norm: 0.6981 | Clipped: 0/4
Epoch [463/4000] | Avg Makespan: 308.50 | Actor Loss: -0.0039 | Critic Loss: 0.6649 | Grad Norm: 0.6937 | Clipped: 0/4
Epoch [464/4000] | Avg Makespan: 294.50 | Actor Loss: -0.0077 | Critic Loss: 0.1256 | Grad Norm: 0.5622 | Clipped: 0/4
Epoch [465/4000] | Avg Makespan: 284.75 | Actor Loss: -0.0051 | Critic Loss: 0.1958 | Grad Norm: 0.7222 | Clipped: 0/4
Epoch [466/4000] | Avg Makespan: 296.25 | Actor Loss: -0.0062 | Critic Loss: 0.1441 | Grad Norm: 0.6602 | Clipped: 0/4
Epoch [467/4000] | Avg Makespan: 295.50 | Actor Loss: -0.0072 | Critic Loss: 0.1272 | Grad Norm: 0.7349 | Clipped: 1/4
Epoch [468/4000] | Avg Makespan: 292.50 | Actor Loss: -0.0071 | Critic Loss: 0.4079 | Grad Norm: 0.8307 | Clipped: 1/4
Epoch [469/4000] | Avg Makespan: 274.25 | Actor Loss: -0.0041 | Critic Loss: 0.6301 | Grad Norm: 1.0782 | Clipped: 2/4
Epoch [470/4000] | Avg Makespan: 303.00 | Actor Loss: -0.0022 | Critic Loss: 0.7091 | Grad Norm: 1.0268 | Clipped: 2/4
Epoch [471/4000] | Avg Makespan: 299.75 | Actor Loss: -0.0048 | Critic Loss: 0.3702 | Grad Norm: 0.8089 | Clipped: 1/4
Epoch [472/4000] | Avg Makespan: 295.50 | Actor Loss: -0.0059 | Critic Loss: 1.4930 | Grad Norm: 0.9223 | Clipped: 2/4
Epoch [473/4000] | Avg Makespan: 290.00 | Actor Loss: -0.0071 | Critic Loss: 0.4296 | Grad Norm: 0.5541 | Clipped: 0/4
Epoch [474/4000] | Avg Makespan: 300.25 | Actor Loss: -0.0067 | Critic Loss: 0.5571 | Grad Norm: 0.6541 | Clipped: 0/4
Epoch [475/4000] | Avg Makespan: 294.25 | Actor Loss: -0.0057 | Critic Loss: 0.2195 | Grad Norm: 0.5327 | Clipped: 0/4
Epoch [476/4000] | Avg Makespan: 296.75 | Actor Loss: -0.0067 | Critic Loss: 0.3124 | Grad Norm: 0.8031 | Clipped: 0/4
Epoch [477/4000] | Avg Makespan: 280.00 | Actor Loss: -0.0060 | Critic Loss: 0.4324 | Grad Norm: 0.7927 | Clipped: 0/4
Epoch [478/4000] | Avg Makespan: 283.00 | Actor Loss: -0.0078 | Critic Loss: 0.2707 | Grad Norm: 0.6317 | Clipped: 0/4
Epoch [479/4000] | Avg Makespan: 297.75 | Actor Loss: -0.0042 | Critic Loss: 1.0719 | Grad Norm: 0.7869 | Clipped: 1/4
Epoch [480/4000] | Avg Makespan: 289.50 | Actor Loss: -0.0019 | Critic Loss: 0.3289 | Grad Norm: 0.8234 | Clipped: 0/4
Epoch [481/4000] | Avg Makespan: 295.75 | Actor Loss: -0.0062 | Critic Loss: 0.7613 | Grad Norm: 0.7200 | Clipped: 0/4
Epoch [482/4000] | Avg Makespan: 301.75 | Actor Loss: -0.0067 | Critic Loss: 0.9208 | Grad Norm: 0.8093 | Clipped: 0/4
Epoch [483/4000] | Avg Makespan: 275.25 | Actor Loss: -0.0060 | Critic Loss: 0.5492 | Grad Norm: 1.0105 | Clipped: 2/4
Epoch [484/4000] | Avg Makespan: 293.50 | Actor Loss: -0.0063 | Critic Loss: 0.1982 | Grad Norm: 0.5320 | Clipped: 0/4
Epoch [485/4000] | Avg Makespan: 300.25 | Actor Loss: -0.0104 | Critic Loss: 0.6934 | Grad Norm: 0.7082 | Clipped: 0/4
Epoch [486/4000] | Avg Makespan: 289.50 | Actor Loss: -0.0045 | Critic Loss: 0.1536 | Grad Norm: 0.8310 | Clipped: 0/4
Epoch [487/4000] | Avg Makespan: 289.00 | Actor Loss: -0.0010 | Critic Loss: 0.0708 | Grad Norm: 1.4446 | Clipped: 4/4
Epoch [488/4000] | Avg Makespan: 286.75 | Actor Loss: -0.0055 | Critic Loss: 0.2814 | Grad Norm: 0.9005 | Clipped: 1/4
Epoch [489/4000] | Avg Makespan: 285.25 | Actor Loss: -0.0088 | Critic Loss: 0.5190 | Grad Norm: 0.8867 | Clipped: 1/4
Epoch [490/4000] | Avg Makespan: 289.25 | Actor Loss: -0.0089 | Critic Loss: 0.1326 | Grad Norm: 0.8498 | Clipped: 0/4
Epoch [491/4000] | Avg Makespan: 293.75 | Actor Loss: -0.0074 | Critic Loss: 0.1465 | Grad Norm: 0.9514 | Clipped: 2/4
Epoch [492/4000] | Avg Makespan: 289.75 | Actor Loss: -0.0050 | Critic Loss: 0.0868 | Grad Norm: 1.4580 | Clipped: 2/4
Epoch [493/4000] | Avg Makespan: 279.75 | Actor Loss: -0.0050 | Critic Loss: 0.2581 | Grad Norm: 0.8208 | Clipped: 1/4
Epoch [494/4000] | Avg Makespan: 285.25 | Actor Loss: -0.0065 | Critic Loss: 0.0579 | Grad Norm: 1.3098 | Clipped: 3/4
Epoch [495/4000] | Avg Makespan: 294.00 | Actor Loss: -0.0009 | Critic Loss: 0.1739 | Grad Norm: 0.9975 | Clipped: 1/4
Epoch [496/4000] | Avg Makespan: 284.75 | Actor Loss: 0.0060 | Critic Loss: 0.4377 | Grad Norm: 2.2618 | Clipped: 4/4
Epoch [497/4000] | Avg Makespan: 272.75 | Actor Loss: -0.0088 | Critic Loss: 0.5378 | Grad Norm: 1.0035 | Clipped: 2/4
Epoch [498/4000] | Avg Makespan: 271.50 | Actor Loss: -0.0052 | Critic Loss: 0.5961 | Grad Norm: 1.0742 | Clipped: 3/4
Epoch [499/4000] | Avg Makespan: 289.00 | Actor Loss: -0.0029 | Critic Loss: 0.6133 | Grad Norm: 1.2700 | Clipped: 4/4
Epoch [500/4000] | Avg Makespan: 296.25 | Actor Loss: -0.0029 | Critic Loss: 0.4875 | Grad Norm: 0.8987 | Clipped: 1/4
   -> Validation | Samples: 280 | Makespan: 594.65 | Invalid Jobs: 0.03 | Score: 623.22
   -> Saved new best model (Val Score mean of last 5: 586.92; this eval 623.22)
   -> Saved new best model (Val C~ mean of last 5: 380.08; this eval 386.75)
   -> Saved updated training chart to /home/wei/Desktop/AMR-DFJSP/runs/20260827_083140_v10_B_s43/chart.png
Epoch [501/4000] | Avg Makespan: 291.25 | Actor Loss: 0.0023 | Critic Loss: 0.1749 | Grad Norm: 1.2323 | Clipped: 2/4
Epoch [502/4000] | Avg Makespan: 291.50 | Actor Loss: 0.0000 | Critic Loss: 0.3199 | Grad Norm: 1.4072 | Clipped: 3/4
Epoch [503/4000] | Avg Makespan: 281.00 | Actor Loss: -0.0039 | Critic Loss: 0.2739 | Grad Norm: 1.0446 | Clipped: 2/4
Epoch [504/4000] | Avg Makespan: 301.00 | Actor Loss: -0.0055 | Critic Loss: 1.5343 | Grad Norm: 1.0460 | Clipped: 1/4
Epoch [505/4000] | Avg Makespan: 292.25 | Actor Loss: -0.0041 | Critic Loss: 1.5048 | Grad Norm: 0.6856 | Clipped: 0/4
Epoch [506/4000] | Avg Makespan: 289.25 | Actor Loss: -0.0076 | Critic Loss: 0.3100 | Grad Norm: 0.9935 | Clipped: 2/4
Epoch [507/4000] | Avg Makespan: 276.50 | Actor Loss: -0.0064 | Critic Loss: 0.2520 | Grad Norm: 0.7965 | Clipped: 0/4
Epoch [508/4000] | Avg Makespan: 285.25 | Actor Loss: -0.0053 | Critic Loss: 0.3178 | Grad Norm: 1.0295 | Clipped: 2/4
Epoch [509/4000] | Avg Makespan: 294.50 | Actor Loss: 0.0002 | Critic Loss: 0.3680 | Grad Norm: 1.3715 | Clipped: 4/4
Epoch [510/4000] | Avg Makespan: 283.25 | Actor Loss: -0.0077 | Critic Loss: 0.5757 | Grad Norm: 0.9395 | Clipped: 2/4
Epoch [511/4000] | Avg Makespan: 279.75 | Actor Loss: -0.0026 | Critic Loss: 0.2997 | Grad Norm: 1.2421 | Clipped: 2/4
Epoch [512/4000] | Avg Makespan: 289.50 | Actor Loss: -0.0090 | Critic Loss: 0.4140 | Grad Norm: 0.7083 | Clipped: 0/4
Epoch [513/4000] | Avg Makespan: 283.25 | Actor Loss: -0.0049 | Critic Loss: 1.0163 | Grad Norm: 1.1336 | Clipped: 3/4
Epoch [514/4000] | Avg Makespan: 293.25 | Actor Loss: -0.0036 | Critic Loss: 0.2781 | Grad Norm: 1.2544 | Clipped: 3/4
Epoch [515/4000] | Avg Makespan: 284.25 | Actor Loss: -0.0077 | Critic Loss: 0.1128 | Grad Norm: 1.0832 | Clipped: 2/4
Epoch [516/4000] | Avg Makespan: 296.25 | Actor Loss: -0.0070 | Critic Loss: 0.6650 | Grad Norm: 0.8219 | Clipped: 1/4
Epoch [517/4000] | Avg Makespan: 291.00 | Actor Loss: -0.0067 | Critic Loss: 0.2230 | Grad Norm: 0.8560 | Clipped: 1/4
Epoch [518/4000] | Avg Makespan: 295.00 | Actor Loss: -0.0072 | Critic Loss: 1.3250 | Grad Norm: 1.0218 | Clipped: 3/4
Epoch [519/4000] | Avg Makespan: 276.75 | Actor Loss: -0.0036 | Critic Loss: 0.4032 | Grad Norm: 1.5321 | Clipped: 4/4
Epoch [520/4000] | Avg Makespan: 286.50 | Actor Loss: -0.0054 | Critic Loss: 0.2055 | Grad Norm: 0.8654 | Clipped: 1/4
Epoch [521/4000] | Avg Makespan: 271.00 | Actor Loss: -0.0050 | Critic Loss: 0.3150 | Grad Norm: 0.8684 | Clipped: 1/4
Epoch [522/4000] | Avg Makespan: 289.25 | Actor Loss: -0.0052 | Critic Loss: 0.4453 | Grad Norm: 0.8078 | Clipped: 0/4
Epoch [523/4000] | Avg Makespan: 286.75 | Actor Loss: -0.0062 | Critic Loss: 0.4411 | Grad Norm: 0.7179 | Clipped: 0/4
Epoch [524/4000] | Avg Makespan: 286.75 | Actor Loss: -0.0082 | Critic Loss: 0.2284 | Grad Norm: 0.6001 | Clipped: 0/4
Epoch [525/4000] | Avg Makespan: 284.75 | Actor Loss: -0.0044 | Critic Loss: 0.0691 | Grad Norm: 1.2714 | Clipped: 4/4
Epoch [526/4000] | Avg Makespan: 294.25 | Actor Loss: -0.0052 | Critic Loss: 0.4098 | Grad Norm: 0.8784 | Clipped: 1/4
Epoch [527/4000] | Avg Makespan: 294.50 | Actor Loss: -0.0041 | Critic Loss: 0.3574 | Grad Norm: 0.6664 | Clipped: 0/4
Epoch [528/4000] | Avg Makespan: 300.25 | Actor Loss: -0.0034 | Critic Loss: 0.3308 | Grad Norm: 1.1927 | Clipped: 3/4
Epoch [529/4000] | Avg Makespan: 284.75 | Actor Loss: 0.0006 | Critic Loss: 0.4172 | Grad Norm: 1.1286 | Clipped: 4/4
Epoch [530/4000] | Avg Makespan: 290.50 | Actor Loss: -0.0056 | Critic Loss: 0.2448 | Grad Norm: 1.0985 | Clipped: 2/4
Epoch [531/4000] | Avg Makespan: 294.75 | Actor Loss: -0.0047 | Critic Loss: 0.3455 | Grad Norm: 0.9685 | Clipped: 1/4
Epoch [532/4000] | Avg Makespan: 301.50 | Actor Loss: 0.0053 | Critic Loss: 0.4804 | Grad Norm: 3.2953 | Clipped: 2/4
Epoch [533/4000] | Avg Makespan: 284.75 | Actor Loss: -0.0014 | Critic Loss: 0.4118 | Grad Norm: 1.9048 | Clipped: 3/4
Epoch [534/4000] | Avg Makespan: 285.75 | Actor Loss: -0.0072 | Critic Loss: 0.2283 | Grad Norm: 0.9399 | Clipped: 1/4
Epoch [535/4000] | Avg Makespan: 279.50 | Actor Loss: -0.0075 | Critic Loss: 0.3110 | Grad Norm: 0.8611 | Clipped: 1/4
Epoch [536/4000] | Avg Makespan: 271.50 | Actor Loss: -0.0082 | Critic Loss: 0.6638 | Grad Norm: 0.8552 | Clipped: 2/4
Epoch [537/4000] | Avg Makespan: 297.50 | Actor Loss: -0.0085 | Critic Loss: 0.6427 | Grad Norm: 0.8898 | Clipped: 1/4
Epoch [538/4000] | Avg Makespan: 293.00 | Actor Loss: -0.0084 | Critic Loss: 0.6541 | Grad Norm: 0.6632 | Clipped: 0/4
Epoch [539/4000] | Avg Makespan: 311.25 | Actor Loss: -0.0042 | Critic Loss: 1.1364 | Grad Norm: 0.9731 | Clipped: 2/4
Epoch [540/4000] | Avg Makespan: 289.50 | Actor Loss: -0.0072 | Critic Loss: 0.4114 | Grad Norm: 0.8297 | Clipped: 0/4
Epoch [541/4000] | Avg Makespan: 285.75 | Actor Loss: -0.0084 | Critic Loss: 0.6492 | Grad Norm: 0.6646 | Clipped: 0/4
Epoch [542/4000] | Avg Makespan: 289.50 | Actor Loss: -0.0087 | Critic Loss: 0.8600 | Grad Norm: 0.6778 | Clipped: 0/4
Epoch [543/4000] | Avg Makespan: 293.50 | Actor Loss: -0.0094 | Critic Loss: 0.3173 | Grad Norm: 0.5907 | Clipped: 0/4
Epoch [544/4000] | Avg Makespan: 290.75 | Actor Loss: -0.0078 | Critic Loss: 0.4361 | Grad Norm: 0.7356 | Clipped: 0/4
Epoch [545/4000] | Avg Makespan: 282.25 | Actor Loss: -0.0061 | Critic Loss: 0.3702 | Grad Norm: 0.7600 | Clipped: 0/4
Epoch [546/4000] | Avg Makespan: 276.75 | Actor Loss: -0.0063 | Critic Loss: 0.3033 | Grad Norm: 1.1427 | Clipped: 3/4
Epoch [547/4000] | Avg Makespan: 281.75 | Actor Loss: -0.0081 | Critic Loss: 0.1799 | Grad Norm: 0.7950 | Clipped: 0/4
Epoch [548/4000] | Avg Makespan: 288.00 | Actor Loss: -0.0061 | Critic Loss: 0.1865 | Grad Norm: 0.6685 | Clipped: 0/4
Epoch [549/4000] | Avg Makespan: 289.00 | Actor Loss: -0.0073 | Critic Loss: 0.2468 | Grad Norm: 0.6563 | Clipped: 0/4
Epoch [550/4000] | Avg Makespan: 280.50 | Actor Loss: -0.0054 | Critic Loss: 0.1639 | Grad Norm: 0.6826 | Clipped: 0/4
Epoch [551/4000] | Avg Makespan: 290.00 | Actor Loss: -0.0100 | Critic Loss: 0.1737 | Grad Norm: 0.5882 | Clipped: 0/4
Epoch [552/4000] | Avg Makespan: 302.50 | Actor Loss: -0.0056 | Critic Loss: 0.6192 | Grad Norm: 0.8288 | Clipped: 1/4
Epoch [553/4000] | Avg Makespan: 282.25 | Actor Loss: -0.0080 | Critic Loss: 0.1544 | Grad Norm: 0.6918 | Clipped: 0/4
Epoch [554/4000] | Avg Makespan: 295.50 | Actor Loss: -0.0098 | Critic Loss: 0.2780 | Grad Norm: 0.8570 | Clipped: 1/4
Epoch [555/4000] | Avg Makespan: 282.25 | Actor Loss: -0.0092 | Critic Loss: 0.2158 | Grad Norm: 0.7455 | Clipped: 0/4
Epoch [556/4000] | Avg Makespan: 290.25 | Actor Loss: -0.0048 | Critic Loss: 0.3880 | Grad Norm: 0.6522 | Clipped: 0/4
Epoch [557/4000] | Avg Makespan: 292.75 | Actor Loss: -0.0067 | Critic Loss: 0.2255 | Grad Norm: 0.9979 | Clipped: 2/4
Epoch [558/4000] | Avg Makespan: 299.25 | Actor Loss: -0.0077 | Critic Loss: 0.6092 | Grad Norm: 0.7146 | Clipped: 0/4
Epoch [559/4000] | Avg Makespan: 290.00 | Actor Loss: -0.0061 | Critic Loss: 0.4306 | Grad Norm: 0.6707 | Clipped: 0/4
Epoch [560/4000] | Avg Makespan: 275.00 | Actor Loss: -0.0077 | Critic Loss: 0.4712 | Grad Norm: 0.9218 | Clipped: 2/4
Epoch [561/4000] | Avg Makespan: 283.75 | Actor Loss: -0.0079 | Critic Loss: 0.1282 | Grad Norm: 0.7762 | Clipped: 0/4
Epoch [562/4000] | Avg Makespan: 296.25 | Actor Loss: -0.0081 | Critic Loss: 0.1788 | Grad Norm: 0.7734 | Clipped: 1/4
Epoch [563/4000] | Avg Makespan: 276.00 | Actor Loss: -0.0088 | Critic Loss: 0.3222 | Grad Norm: 0.7396 | Clipped: 0/4
Epoch [564/4000] | Avg Makespan: 279.00 | Actor Loss: -0.0093 | Critic Loss: 0.3460 | Grad Norm: 0.6184 | Clipped: 0/4
Epoch [565/4000] | Avg Makespan: 295.50 | Actor Loss: -0.0088 | Critic Loss: 0.4074 | Grad Norm: 0.8220 | Clipped: 1/4
Epoch [566/4000] | Avg Makespan: 290.75 | Actor Loss: -0.0036 | Critic Loss: 0.2198 | Grad Norm: 0.8276 | Clipped: 1/4
Epoch [567/4000] | Avg Makespan: 285.00 | Actor Loss: -0.0042 | Critic Loss: 0.2787 | Grad Norm: 0.7972 | Clipped: 1/4
Epoch [568/4000] | Avg Makespan: 295.25 | Actor Loss: -0.0056 | Critic Loss: 0.2884 | Grad Norm: 0.7114 | Clipped: 0/4
Epoch [569/4000] | Avg Makespan: 296.50 | Actor Loss: -0.0076 | Critic Loss: 0.2441 | Grad Norm: 0.6401 | Clipped: 0/4
Epoch [570/4000] | Avg Makespan: 293.75 | Actor Loss: -0.0069 | Critic Loss: 0.4768 | Grad Norm: 0.6343 | Clipped: 0/4
Epoch [571/4000] | Avg Makespan: 289.50 | Actor Loss: -0.0058 | Critic Loss: 0.3311 | Grad Norm: 0.5785 | Clipped: 0/4
Epoch [572/4000] | Avg Makespan: 282.00 | Actor Loss: -0.0080 | Critic Loss: 0.3765 | Grad Norm: 0.7405 | Clipped: 0/4
Epoch [573/4000] | Avg Makespan: 303.75 | Actor Loss: -0.0077 | Critic Loss: 0.6485 | Grad Norm: 0.6512 | Clipped: 0/4
Epoch [574/4000] | Avg Makespan: 287.50 | Actor Loss: -0.0075 | Critic Loss: 0.2507 | Grad Norm: 0.6685 | Clipped: 0/4
Epoch [575/4000] | Avg Makespan: 281.75 | Actor Loss: -0.0090 | Critic Loss: 0.6388 | Grad Norm: 0.7653 | Clipped: 1/4
Epoch [576/4000] | Avg Makespan: 301.50 | Actor Loss: -0.0116 | Critic Loss: 0.6844 | Grad Norm: 0.6913 | Clipped: 0/4
Epoch [577/4000] | Avg Makespan: 277.25 | Actor Loss: -0.0072 | Critic Loss: 0.4997 | Grad Norm: 0.7028 | Clipped: 0/4
Epoch [578/4000] | Avg Makespan: 295.25 | Actor Loss: -0.0084 | Critic Loss: 0.7654 | Grad Norm: 0.6852 | Clipped: 0/4
Epoch [579/4000] | Avg Makespan: 277.00 | Actor Loss: -0.0077 | Critic Loss: 0.4091 | Grad Norm: 0.5862 | Clipped: 0/4
Epoch [580/4000] | Avg Makespan: 283.25 | Actor Loss: -0.0095 | Critic Loss: 0.3732 | Grad Norm: 0.5313 | Clipped: 0/4
Epoch [581/4000] | Avg Makespan: 296.00 | Actor Loss: -0.0097 | Critic Loss: 0.4328 | Grad Norm: 0.5831 | Clipped: 0/4
Epoch [582/4000] | Avg Makespan: 296.50 | Actor Loss: -0.0060 | Critic Loss: 0.5059 | Grad Norm: 0.6110 | Clipped: 0/4
Epoch [583/4000] | Avg Makespan: 301.00 | Actor Loss: -0.0081 | Critic Loss: 0.2094 | Grad Norm: 0.7023 | Clipped: 0/4
Epoch [584/4000] | Avg Makespan: 286.00 | Actor Loss: -0.0087 | Critic Loss: 0.3394 | Grad Norm: 0.7796 | Clipped: 0/4
Epoch [585/4000] | Avg Makespan: 277.00 | Actor Loss: -0.0046 | Critic Loss: 0.3065 | Grad Norm: 0.6918 | Clipped: 0/4
Epoch [586/4000] | Avg Makespan: 289.25 | Actor Loss: -0.0084 | Critic Loss: 0.3693 | Grad Norm: 0.6471 | Clipped: 0/4
Epoch [587/4000] | Avg Makespan: 287.50 | Actor Loss: -0.0077 | Critic Loss: 0.6242 | Grad Norm: 0.5603 | Clipped: 0/4
Epoch [588/4000] | Avg Makespan: 280.00 | Actor Loss: -0.0078 | Critic Loss: 0.1283 | Grad Norm: 0.8963 | Clipped: 1/4
Epoch [589/4000] | Avg Makespan: 287.50 | Actor Loss: -0.0092 | Critic Loss: 0.2746 | Grad Norm: 0.8668 | Clipped: 0/4
Epoch [590/4000] | Avg Makespan: 294.25 | Actor Loss: -0.0026 | Critic Loss: 0.1844 | Grad Norm: 0.8995 | Clipped: 2/4
Epoch [591/4000] | Avg Makespan: 278.50 | Actor Loss: -0.0056 | Critic Loss: 0.2607 | Grad Norm: 0.6845 | Clipped: 0/4
Epoch [592/4000] | Avg Makespan: 300.25 | Actor Loss: -0.0042 | Critic Loss: 0.8543 | Grad Norm: 1.0279 | Clipped: 3/4
Epoch [593/4000] | Avg Makespan: 296.50 | Actor Loss: 0.0016 | Critic Loss: 0.3865 | Grad Norm: 1.2204 | Clipped: 3/4
Epoch [594/4000] | Avg Makespan: 287.00 | Actor Loss: -0.0105 | Critic Loss: 0.1756 | Grad Norm: 0.8032 | Clipped: 1/4
Epoch [595/4000] | Avg Makespan: 290.25 | Actor Loss: -0.0063 | Critic Loss: 0.2382 | Grad Norm: 0.9203 | Clipped: 1/4
Epoch [596/4000] | Avg Makespan: 292.00 | Actor Loss: -0.0066 | Critic Loss: 1.1076 | Grad Norm: 0.9216 | Clipped: 1/4
Epoch [597/4000] | Avg Makespan: 282.50 | Actor Loss: -0.0089 | Critic Loss: 0.2110 | Grad Norm: 0.7461 | Clipped: 0/4
Epoch [598/4000] | Avg Makespan: 302.25 | Actor Loss: -0.0090 | Critic Loss: 1.3666 | Grad Norm: 1.0606 | Clipped: 2/4
Epoch [599/4000] | Avg Makespan: 292.00 | Actor Loss: -0.0072 | Critic Loss: 0.2332 | Grad Norm: 0.6667 | Clipped: 0/4
Epoch [600/4000] | Avg Makespan: 281.25 | Actor Loss: -0.0080 | Critic Loss: 0.2275 | Grad Norm: 1.0037 | Clipped: 2/4
   -> Validation | Samples: 280 | Makespan: 530.77 | Invalid Jobs: 0.02 | Score: 548.62
   -> Saved new best model (Val Score mean of last 5: 581.43; this eval 548.62)
   -> Saved updated training chart to /home/wei/Desktop/AMR-DFJSP/runs/20260827_083140_v10_B_s43/chart.png
Epoch [601/4000] | Avg Makespan: 285.00 | Actor Loss: -0.0090 | Critic Loss: 0.3995 | Grad Norm: 0.8119 | Clipped: 0/4
Epoch [602/4000] | Avg Makespan: 287.50 | Actor Loss: -0.0117 | Critic Loss: 0.1147 | Grad Norm: 0.8627 | Clipped: 1/4
Epoch [603/4000] | Avg Makespan: 274.25 | Actor Loss: -0.0080 | Critic Loss: 0.1934 | Grad Norm: 1.1377 | Clipped: 2/4
Epoch [604/4000] | Avg Makespan: 284.75 | Actor Loss: -0.0113 | Critic Loss: 0.5402 | Grad Norm: 1.1719 | Clipped: 2/4
Epoch [605/4000] | Avg Makespan: 299.75 | Actor Loss: -0.0019 | Critic Loss: 0.7354 | Grad Norm: 1.3908 | Clipped: 4/4
Epoch [606/4000] | Avg Makespan: 290.75 | Actor Loss: -0.0102 | Critic Loss: 0.2931 | Grad Norm: 0.6770 | Clipped: 0/4
Epoch [607/4000] | Avg Makespan: 297.25 | Actor Loss: -0.0047 | Critic Loss: 1.1565 | Grad Norm: 0.8693 | Clipped: 1/4
Epoch [608/4000] | Avg Makespan: 293.50 | Actor Loss: -0.0079 | Critic Loss: 0.7906 | Grad Norm: 1.0201 | Clipped: 2/4
Epoch [609/4000] | Avg Makespan: 282.75 | Actor Loss: -0.0092 | Critic Loss: 0.5346 | Grad Norm: 0.7425 | Clipped: 0/4
Epoch [610/4000] | Avg Makespan: 277.50 | Actor Loss: -0.0080 | Critic Loss: 0.5179 | Grad Norm: 1.5546 | Clipped: 4/4
Epoch [611/4000] | Avg Makespan: 291.25 | Actor Loss: -0.0061 | Critic Loss: 0.1459 | Grad Norm: 0.9840 | Clipped: 1/4
Epoch [612/4000] | Avg Makespan: 278.75 | Actor Loss: -0.0048 | Critic Loss: 0.4152 | Grad Norm: 1.0772 | Clipped: 2/4
Epoch [613/4000] | Avg Makespan: 279.50 | Actor Loss: -0.0092 | Critic Loss: 0.4961 | Grad Norm: 0.7824 | Clipped: 0/4
Epoch [614/4000] | Avg Makespan: 277.25 | Actor Loss: -0.0075 | Critic Loss: 0.7898 | Grad Norm: 1.0095 | Clipped: 3/4
Epoch [615/4000] | Avg Makespan: 286.00 | Actor Loss: -0.0047 | Critic Loss: 0.1963 | Grad Norm: 1.1647 | Clipped: 3/4
Epoch [616/4000] | Avg Makespan: 282.75 | Actor Loss: -0.0070 | Critic Loss: 0.2445 | Grad Norm: 1.0510 | Clipped: 3/4
Epoch [617/4000] | Avg Makespan: 278.00 | Actor Loss: -0.0033 | Critic Loss: 0.1390 | Grad Norm: 1.0202 | Clipped: 2/4
Epoch [618/4000] | Avg Makespan: 288.00 | Actor Loss: -0.0040 | Critic Loss: 0.1368 | Grad Norm: 1.4584 | Clipped: 2/4
Epoch [619/4000] | Avg Makespan: 281.50 | Actor Loss: -0.0085 | Critic Loss: 0.5608 | Grad Norm: 0.7298 | Clipped: 1/4
Epoch [620/4000] | Avg Makespan: 289.00 | Actor Loss: -0.0103 | Critic Loss: 0.8748 | Grad Norm: 0.8342 | Clipped: 1/4
Epoch [621/4000] | Avg Makespan: 290.25 | Actor Loss: -0.0082 | Critic Loss: 0.1829 | Grad Norm: 0.7936 | Clipped: 0/4
Epoch [622/4000] | Avg Makespan: 277.00 | Actor Loss: -0.0071 | Critic Loss: 0.2391 | Grad Norm: 1.0028 | Clipped: 2/4
Epoch [623/4000] | Avg Makespan: 290.25 | Actor Loss: -0.0095 | Critic Loss: 0.2247 | Grad Norm: 0.6814 | Clipped: 0/4
Epoch [624/4000] | Avg Makespan: 289.00 | Actor Loss: -0.0094 | Critic Loss: 0.1813 | Grad Norm: 0.6573 | Clipped: 0/4
Epoch [625/4000] | Avg Makespan: 295.50 | Actor Loss: -0.0108 | Critic Loss: 0.4815 | Grad Norm: 0.8674 | Clipped: 1/4
Epoch [626/4000] | Avg Makespan: 289.50 | Actor Loss: -0.0076 | Critic Loss: 0.6279 | Grad Norm: 0.7815 | Clipped: 0/4
Epoch [627/4000] | Avg Makespan: 281.75 | Actor Loss: -0.0052 | Critic Loss: 0.4624 | Grad Norm: 0.8122 | Clipped: 1/4
Epoch [628/4000] | Avg Makespan: 281.25 | Actor Loss: -0.0040 | Critic Loss: 0.3456 | Grad Norm: 1.0723 | Clipped: 2/4
Epoch [629/4000] | Avg Makespan: 283.00 | Actor Loss: -0.0086 | Critic Loss: 0.5964 | Grad Norm: 0.7396 | Clipped: 1/4
Epoch [630/4000] | Avg Makespan: 282.75 | Actor Loss: -0.0065 | Critic Loss: 0.3513 | Grad Norm: 0.6725 | Clipped: 0/4
Epoch [631/4000] | Avg Makespan: 287.25 | Actor Loss: -0.0086 | Critic Loss: 0.1861 | Grad Norm: 0.7684 | Clipped: 0/4
Epoch [632/4000] | Avg Makespan: 278.75 | Actor Loss: -0.0062 | Critic Loss: 0.1437 | Grad Norm: 1.3401 | Clipped: 2/4
Epoch [633/4000] | Avg Makespan: 285.25 | Actor Loss: -0.0091 | Critic Loss: 0.2608 | Grad Norm: 1.0889 | Clipped: 3/4
Epoch [634/4000] | Avg Makespan: 284.00 | Actor Loss: -0.0040 | Critic Loss: 0.2834 | Grad Norm: 1.0596 | Clipped: 2/4
Epoch [635/4000] | Avg Makespan: 277.75 | Actor Loss: -0.0086 | Critic Loss: 0.3093 | Grad Norm: 0.8932 | Clipped: 0/4
Epoch [636/4000] | Avg Makespan: 280.50 | Actor Loss: -0.0052 | Critic Loss: 0.1944 | Grad Norm: 0.9787 | Clipped: 2/4
Epoch [637/4000] | Avg Makespan: 284.00 | Actor Loss: -0.0050 | Critic Loss: 0.4943 | Grad Norm: 1.0776 | Clipped: 3/4
Epoch [638/4000] | Avg Makespan: 287.75 | Actor Loss: -0.0015 | Critic Loss: 0.2495 | Grad Norm: 1.3889 | Clipped: 4/4
Epoch [639/4000] | Avg Makespan: 287.50 | Actor Loss: -0.0093 | Critic Loss: 0.5523 | Grad Norm: 0.9387 | Clipped: 1/4
Epoch [640/4000] | Avg Makespan: 270.50 | Actor Loss: -0.0069 | Critic Loss: 0.7070 | Grad Norm: 1.0890 | Clipped: 3/4
Epoch [641/4000] | Avg Makespan: 279.25 | Actor Loss: -0.0067 | Critic Loss: 0.2585 | Grad Norm: 0.6251 | Clipped: 0/4
Epoch [642/4000] | Avg Makespan: 280.00 | Actor Loss: -0.0102 | Critic Loss: 0.2743 | Grad Norm: 0.8842 | Clipped: 1/4
Epoch [643/4000] | Avg Makespan: 276.25 | Actor Loss: -0.0058 | Critic Loss: 0.1855 | Grad Norm: 0.6784 | Clipped: 0/4
Epoch [644/4000] | Avg Makespan: 277.25 | Actor Loss: -0.0081 | Critic Loss: 0.3824 | Grad Norm: 0.7628 | Clipped: 0/4
Epoch [645/4000] | Avg Makespan: 293.00 | Actor Loss: -0.0084 | Critic Loss: 0.9462 | Grad Norm: 0.9949 | Clipped: 2/4
Epoch [646/4000] | Avg Makespan: 289.00 | Actor Loss: -0.0073 | Critic Loss: 0.1498 | Grad Norm: 0.9387 | Clipped: 2/4
Epoch [647/4000] | Avg Makespan: 280.50 | Actor Loss: -0.0043 | Critic Loss: 0.3267 | Grad Norm: 0.8326 | Clipped: 0/4
Epoch [648/4000] | Avg Makespan: 269.75 | Actor Loss: -0.0036 | Critic Loss: 0.7897 | Grad Norm: 0.9970 | Clipped: 1/4
Epoch [649/4000] | Avg Makespan: 289.75 | Actor Loss: -0.0107 | Critic Loss: 0.2204 | Grad Norm: 0.9649 | Clipped: 1/4
Epoch [650/4000] | Avg Makespan: 272.50 | Actor Loss: -0.0069 | Critic Loss: 0.2904 | Grad Norm: 0.8677 | Clipped: 1/4
Epoch [651/4000] | Avg Makespan: 283.75 | Actor Loss: -0.0044 | Critic Loss: 0.2171 | Grad Norm: 1.0202 | Clipped: 3/4
Epoch [652/4000] | Avg Makespan: 280.75 | Actor Loss: -0.0093 | Critic Loss: 0.3749 | Grad Norm: 0.8974 | Clipped: 1/4
Epoch [653/4000] | Avg Makespan: 281.25 | Actor Loss: -0.0040 | Critic Loss: 0.5033 | Grad Norm: 1.4117 | Clipped: 4/4
Epoch [654/4000] | Avg Makespan: 270.75 | Actor Loss: -0.0084 | Critic Loss: 0.4051 | Grad Norm: 1.0041 | Clipped: 2/4
Epoch [655/4000] | Avg Makespan: 271.25 | Actor Loss: -0.0025 | Critic Loss: 0.3903 | Grad Norm: 0.6714 | Clipped: 0/4
Epoch [656/4000] | Avg Makespan: 294.75 | Actor Loss: -0.0086 | Critic Loss: 0.5671 | Grad Norm: 1.2160 | Clipped: 3/4
Epoch [657/4000] | Avg Makespan: 284.25 | Actor Loss: -0.0030 | Critic Loss: 0.2446 | Grad Norm: 1.0572 | Clipped: 2/4
Epoch [658/4000] | Avg Makespan: 270.25 | Actor Loss: -0.0040 | Critic Loss: 0.2009 | Grad Norm: 1.0024 | Clipped: 1/4
Epoch [659/4000] | Avg Makespan: 289.75 | Actor Loss: -0.0058 | Critic Loss: 0.2701 | Grad Norm: 0.9495 | Clipped: 1/4
Epoch [660/4000] | Avg Makespan: 294.00 | Actor Loss: -0.0035 | Critic Loss: 0.6919 | Grad Norm: 1.3694 | Clipped: 4/4
Epoch [661/4000] | Avg Makespan: 285.00 | Actor Loss: -0.0088 | Critic Loss: 0.8454 | Grad Norm: 1.2341 | Clipped: 3/4
Epoch [662/4000] | Avg Makespan: 279.25 | Actor Loss: -0.0101 | Critic Loss: 0.3003 | Grad Norm: 1.0343 | Clipped: 3/4
Epoch [663/4000] | Avg Makespan: 291.25 | Actor Loss: -0.0104 | Critic Loss: 0.1782 | Grad Norm: 0.8918 | Clipped: 1/4
Epoch [664/4000] | Avg Makespan: 284.75 | Actor Loss: -0.0034 | Critic Loss: 0.3843 | Grad Norm: 1.1446 | Clipped: 2/4
Epoch [665/4000] | Avg Makespan: 282.25 | Actor Loss: -0.0091 | Critic Loss: 0.1196 | Grad Norm: 1.0103 | Clipped: 2/4
Epoch [666/4000] | Avg Makespan: 294.75 | Actor Loss: -0.0068 | Critic Loss: 0.2688 | Grad Norm: 1.1094 | Clipped: 3/4
Epoch [667/4000] | Avg Makespan: 285.25 | Actor Loss: -0.0048 | Critic Loss: 0.4498 | Grad Norm: 1.3724 | Clipped: 3/4
Epoch [668/4000] | Avg Makespan: 293.00 | Actor Loss: -0.0061 | Critic Loss: 0.3041 | Grad Norm: 1.1493 | Clipped: 3/4
Epoch [669/4000] | Avg Makespan: 284.00 | Actor Loss: -0.0060 | Critic Loss: 0.4310 | Grad Norm: 1.1188 | Clipped: 2/4
Epoch [670/4000] | Avg Makespan: 281.75 | Actor Loss: -0.0066 | Critic Loss: 0.1779 | Grad Norm: 1.1937 | Clipped: 4/4
Epoch [671/4000] | Avg Makespan: 281.00 | Actor Loss: -0.0059 | Critic Loss: 0.1119 | Grad Norm: 1.1711 | Clipped: 2/4
Epoch [672/4000] | Avg Makespan: 288.75 | Actor Loss: -0.0068 | Critic Loss: 0.5170 | Grad Norm: 1.2779 | Clipped: 2/4
Epoch [673/4000] | Avg Makespan: 296.00 | Actor Loss: -0.0038 | Critic Loss: 0.3440 | Grad Norm: 1.2337 | Clipped: 4/4
Epoch [674/4000] | Avg Makespan: 287.50 | Actor Loss: -0.0098 | Critic Loss: 0.5203 | Grad Norm: 0.9635 | Clipped: 2/4
Epoch [675/4000] | Avg Makespan: 275.50 | Actor Loss: -0.0072 | Critic Loss: 0.1662 | Grad Norm: 1.3030 | Clipped: 3/4
Epoch [676/4000] | Avg Makespan: 273.50 | Actor Loss: -0.0078 | Critic Loss: 0.2235 | Grad Norm: 1.2618 | Clipped: 4/4
Epoch [677/4000] | Avg Makespan: 279.00 | Actor Loss: -0.0095 | Critic Loss: 1.2060 | Grad Norm: 1.2623 | Clipped: 4/4
Epoch [678/4000] | Avg Makespan: 277.00 | Actor Loss: -0.0095 | Critic Loss: 0.2401 | Grad Norm: 1.0525 | Clipped: 2/4
Epoch [679/4000] | Avg Makespan: 280.00 | Actor Loss: -0.0020 | Critic Loss: 0.2789 | Grad Norm: 1.8663 | Clipped: 4/4
Epoch [680/4000] | Avg Makespan: 279.50 | Actor Loss: -0.0102 | Critic Loss: 0.1172 | Grad Norm: 1.3725 | Clipped: 3/4
Epoch [681/4000] | Avg Makespan: 281.25 | Actor Loss: -0.0025 | Critic Loss: 0.0880 | Grad Norm: 1.4071 | Clipped: 4/4
Epoch [682/4000] | Avg Makespan: 271.75 | Actor Loss: -0.0061 | Critic Loss: 0.2141 | Grad Norm: 1.3375 | Clipped: 4/4
Epoch [683/4000] | Avg Makespan: 292.75 | Actor Loss: -0.0039 | Critic Loss: 0.6502 | Grad Norm: 1.6561 | Clipped: 4/4
Epoch [684/4000] | Avg Makespan: 278.50 | Actor Loss: -0.0038 | Critic Loss: 0.2685 | Grad Norm: 1.4791 | Clipped: 4/4
Epoch [685/4000] | Avg Makespan: 283.25 | Actor Loss: -0.0077 | Critic Loss: 0.1141 | Grad Norm: 0.8605 | Clipped: 1/4
Epoch [686/4000] | Avg Makespan: 285.00 | Actor Loss: -0.0068 | Critic Loss: 0.1467 | Grad Norm: 1.4622 | Clipped: 4/4
Epoch [687/4000] | Avg Makespan: 290.75 | Actor Loss: -0.0068 | Critic Loss: 0.4473 | Grad Norm: 1.0914 | Clipped: 2/4
Epoch [688/4000] | Avg Makespan: 287.25 | Actor Loss: -0.0080 | Critic Loss: 0.3863 | Grad Norm: 1.1376 | Clipped: 3/4
Epoch [689/4000] | Avg Makespan: 276.75 | Actor Loss: -0.0027 | Critic Loss: 0.1633 | Grad Norm: 1.8151 | Clipped: 4/4
Epoch [690/4000] | Avg Makespan: 277.25 | Actor Loss: -0.0052 | Critic Loss: 0.9657 | Grad Norm: 1.3145 | Clipped: 4/4
Epoch [691/4000] | Avg Makespan: 274.75 | Actor Loss: -0.0092 | Critic Loss: 0.3618 | Grad Norm: 1.1829 | Clipped: 4/4
Epoch [692/4000] | Avg Makespan: 280.25 | Actor Loss: -0.0046 | Critic Loss: 0.2372 | Grad Norm: 1.8479 | Clipped: 4/4
Epoch [693/4000] | Avg Makespan: 288.25 | Actor Loss: -0.0048 | Critic Loss: 0.1397 | Grad Norm: 1.4408 | Clipped: 4/4
Epoch [694/4000] | Avg Makespan: 284.50 | Actor Loss: -0.0035 | Critic Loss: 0.1233 | Grad Norm: 1.3481 | Clipped: 3/4
Epoch [695/4000] | Avg Makespan: 283.25 | Actor Loss: -0.0114 | Critic Loss: 0.1259 | Grad Norm: 0.9092 | Clipped: 1/4
Epoch [696/4000] | Avg Makespan: 277.00 | Actor Loss: -0.0052 | Critic Loss: 0.1059 | Grad Norm: 1.4766 | Clipped: 4/4
Epoch [697/4000] | Avg Makespan: 279.00 | Actor Loss: -0.0011 | Critic Loss: 0.4310 | Grad Norm: 1.9032 | Clipped: 4/4
Epoch [698/4000] | Avg Makespan: 269.00 | Actor Loss: -0.0065 | Critic Loss: 0.7897 | Grad Norm: 1.4725 | Clipped: 4/4
Epoch [699/4000] | Avg Makespan: 286.50 | Actor Loss: 0.0051 | Critic Loss: 0.1788 | Grad Norm: 1.9830 | Clipped: 4/4
Epoch [700/4000] | Avg Makespan: 274.00 | Actor Loss: -0.0025 | Critic Loss: 0.1452 | Grad Norm: 1.6969 | Clipped: 4/4
   -> Validation | Samples: 280 | Makespan: 549.02 | Invalid Jobs: 0.01 | Score: 563.30
   -> Saved updated training chart to /home/wei/Desktop/AMR-DFJSP/runs/20260827_083140_v10_B_s43/chart.png
Epoch [701/4000] | Avg Makespan: 283.25 | Actor Loss: -0.0037 | Critic Loss: 0.3363 | Grad Norm: 1.5957 | Clipped: 4/4
Epoch [702/4000] | Avg Makespan: 278.50 | Actor Loss: 0.0010 | Critic Loss: 0.3262 | Grad Norm: 1.6812 | Clipped: 4/4
Epoch [703/4000] | Avg Makespan: 270.00 | Actor Loss: -0.0014 | Critic Loss: 0.2637 | Grad Norm: 1.3725 | Clipped: 4/4
Epoch [704/4000] | Avg Makespan: 268.75 | Actor Loss: -0.0041 | Critic Loss: 0.5159 | Grad Norm: 1.9995 | Clipped: 4/4
Epoch [705/4000] | Avg Makespan: 281.75 | Actor Loss: -0.0033 | Critic Loss: 0.1199 | Grad Norm: 1.3935 | Clipped: 4/4
Epoch [706/4000] | Avg Makespan: 286.75 | Actor Loss: -0.0035 | Critic Loss: 0.7964 | Grad Norm: 1.4834 | Clipped: 4/4
Epoch [707/4000] | Avg Makespan: 281.50 | Actor Loss: -0.0068 | Critic Loss: 0.8179 | Grad Norm: 2.5376 | Clipped: 4/4
Epoch [708/4000] | Avg Makespan: 287.75 | Actor Loss: -0.0090 | Critic Loss: 0.4669 | Grad Norm: 1.4634 | Clipped: 3/4
Epoch [709/4000] | Avg Makespan: 285.50 | Actor Loss: -0.0059 | Critic Loss: 0.4641 | Grad Norm: 1.4849 | Clipped: 4/4
Epoch [710/4000] | Avg Makespan: 284.25 | Actor Loss: -0.0000 | Critic Loss: 0.3127 | Grad Norm: 1.6025 | Clipped: 3/4
Epoch [711/4000] | Avg Makespan: 282.00 | Actor Loss: -0.0070 | Critic Loss: 0.4709 | Grad Norm: 1.1341 | Clipped: 3/4
Epoch [712/4000] | Avg Makespan: 291.25 | Actor Loss: -0.0053 | Critic Loss: 0.9234 | Grad Norm: 1.2254 | Clipped: 3/4
Epoch [713/4000] | Avg Makespan: 278.75 | Actor Loss: -0.0033 | Critic Loss: 0.1572 | Grad Norm: 1.6777 | Clipped: 3/4
Epoch [714/4000] | Avg Makespan: 275.75 | Actor Loss: -0.0063 | Critic Loss: 0.2300 | Grad Norm: 1.3455 | Clipped: 4/4
Epoch [715/4000] | Avg Makespan: 273.50 | Actor Loss: -0.0076 | Critic Loss: 0.2124 | Grad Norm: 1.5778 | Clipped: 4/4
Epoch [716/4000] | Avg Makespan: 274.25 | Actor Loss: -0.0055 | Critic Loss: 0.1998 | Grad Norm: 1.0347 | Clipped: 2/4
Epoch [717/4000] | Avg Makespan: 278.00 | Actor Loss: -0.0103 | Critic Loss: 0.5392 | Grad Norm: 1.0691 | Clipped: 2/4
Epoch [718/4000] | Avg Makespan: 286.25 | Actor Loss: 0.0016 | Critic Loss: 0.4235 | Grad Norm: 1.9292 | Clipped: 4/4
Epoch [719/4000] | Avg Makespan: 278.50 | Actor Loss: -0.0065 | Critic Loss: 0.3148 | Grad Norm: 1.1553 | Clipped: 4/4
Epoch [720/4000] | Avg Makespan: 283.25 | Actor Loss: -0.0055 | Critic Loss: 0.1372 | Grad Norm: 1.7601 | Clipped: 4/4
Epoch [721/4000] | Avg Makespan: 269.75 | Actor Loss: 0.0016 | Critic Loss: 0.6862 | Grad Norm: 1.4596 | Clipped: 4/4
Epoch [722/4000] | Avg Makespan: 274.50 | Actor Loss: 0.0023 | Critic Loss: 0.2625 | Grad Norm: 2.0113 | Clipped: 4/4
Epoch [723/4000] | Avg Makespan: 285.50 | Actor Loss: -0.0077 | Critic Loss: 0.3022 | Grad Norm: 1.7497 | Clipped: 4/4
Epoch [724/4000] | Avg Makespan: 286.50 | Actor Loss: -0.0010 | Critic Loss: 0.6372 | Grad Norm: 1.2918 | Clipped: 3/4
Epoch [725/4000] | Avg Makespan: 285.25 | Actor Loss: -0.0064 | Critic Loss: 0.3115 | Grad Norm: 1.3096 | Clipped: 3/4
Epoch [726/4000] | Avg Makespan: 287.00 | Actor Loss: -0.0061 | Critic Loss: 0.4292 | Grad Norm: 1.5048 | Clipped: 4/4
Epoch [727/4000] | Avg Makespan: 291.50 | Actor Loss: 0.0009 | Critic Loss: 0.7648 | Grad Norm: 1.7258 | Clipped: 4/4
Epoch [728/4000] | Avg Makespan: 289.75 | Actor Loss: -0.0084 | Critic Loss: 0.5461 | Grad Norm: 1.2070 | Clipped: 2/4
Epoch [729/4000] | Avg Makespan: 292.00 | Actor Loss: -0.0104 | Critic Loss: 0.4106 | Grad Norm: 1.2221 | Clipped: 3/4
Epoch [730/4000] | Avg Makespan: 288.50 | Actor Loss: -0.0052 | Critic Loss: 0.4307 | Grad Norm: 1.2621 | Clipped: 4/4
Epoch [731/4000] | Avg Makespan: 294.75 | Actor Loss: -0.0022 | Critic Loss: 0.4784 | Grad Norm: 1.9734 | Clipped: 4/4
Epoch [732/4000] | Avg Makespan: 290.25 | Actor Loss: -0.0070 | Critic Loss: 0.2065 | Grad Norm: 1.0424 | Clipped: 3/4
Epoch [733/4000] | Avg Makespan: 281.00 | Actor Loss: -0.0052 | Critic Loss: 0.2522 | Grad Norm: 1.2469 | Clipped: 2/4
Epoch [734/4000] | Avg Makespan: 289.75 | Actor Loss: -0.0087 | Critic Loss: 0.4473 | Grad Norm: 1.2473 | Clipped: 3/4
Epoch [735/4000] | Avg Makespan: 281.25 | Actor Loss: -0.0057 | Critic Loss: 0.1407 | Grad Norm: 1.2943 | Clipped: 4/4
Epoch [736/4000] | Avg Makespan: 286.50 | Actor Loss: -0.0076 | Critic Loss: 0.1644 | Grad Norm: 1.1997 | Clipped: 3/4
Epoch [737/4000] | Avg Makespan: 293.75 | Actor Loss: -0.0084 | Critic Loss: 0.3668 | Grad Norm: 1.0956 | Clipped: 3/4
Epoch [738/4000] | Avg Makespan: 299.50 | Actor Loss: -0.0059 | Critic Loss: 0.5270 | Grad Norm: 1.7933 | Clipped: 4/4
Epoch [739/4000] | Avg Makespan: 280.00 | Actor Loss: -0.0085 | Critic Loss: 0.2395 | Grad Norm: 1.2034 | Clipped: 3/4
Epoch [740/4000] | Avg Makespan: 290.75 | Actor Loss: -0.0041 | Critic Loss: 0.4322 | Grad Norm: 2.1682 | Clipped: 4/4
Epoch [741/4000] | Avg Makespan: 272.00 | Actor Loss: -0.0040 | Critic Loss: 0.6604 | Grad Norm: 1.2341 | Clipped: 4/4
Epoch [742/4000] | Avg Makespan: 291.25 | Actor Loss: -0.0018 | Critic Loss: 0.7209 | Grad Norm: 1.4564 | Clipped: 3/4
Epoch [743/4000] | Avg Makespan: 284.25 | Actor Loss: -0.0036 | Critic Loss: 0.3904 | Grad Norm: 1.7246 | Clipped: 4/4
Epoch [744/4000] | Avg Makespan: 291.50 | Actor Loss: -0.0045 | Critic Loss: 0.3401 | Grad Norm: 1.4780 | Clipped: 4/4
Epoch [745/4000] | Avg Makespan: 291.25 | Actor Loss: -0.0028 | Critic Loss: 0.3218 | Grad Norm: 1.6582 | Clipped: 4/4
Epoch [746/4000] | Avg Makespan: 283.75 | Actor Loss: -0.0046 | Critic Loss: 0.2510 | Grad Norm: 1.5426 | Clipped: 4/4
Epoch [747/4000] | Avg Makespan: 277.00 | Actor Loss: -0.0112 | Critic Loss: 0.6724 | Grad Norm: 1.0442 | Clipped: 3/4
Epoch [748/4000] | Avg Makespan: 297.25 | Actor Loss: -0.0083 | Critic Loss: 0.8658 | Grad Norm: 1.2474 | Clipped: 4/4
Epoch [749/4000] | Avg Makespan: 274.00 | Actor Loss: -0.0083 | Critic Loss: 0.5199 | Grad Norm: 1.1505 | Clipped: 3/4
Epoch [750/4000] | Avg Makespan: 296.75 | Actor Loss: -0.0042 | Critic Loss: 0.6208 | Grad Norm: 1.4804 | Clipped: 3/4
Epoch [751/4000] | Avg Makespan: 283.25 | Actor Loss: -0.0070 | Critic Loss: 1.1536 | Grad Norm: 1.0983 | Clipped: 3/4
Epoch [752/4000] | Avg Makespan: 289.75 | Actor Loss: -0.0057 | Critic Loss: 0.2902 | Grad Norm: 1.2623 | Clipped: 3/4
Epoch [753/4000] | Avg Makespan: 276.75 | Actor Loss: -0.0077 | Critic Loss: 0.3536 | Grad Norm: 1.5288 | Clipped: 4/4
Epoch [754/4000] | Avg Makespan: 292.00 | Actor Loss: -0.0076 | Critic Loss: 0.6648 | Grad Norm: 1.3154 | Clipped: 4/4
Epoch [755/4000] | Avg Makespan: 275.00 | Actor Loss: -0.0076 | Critic Loss: 0.6584 | Grad Norm: 1.0414 | Clipped: 1/4
Epoch [756/4000] | Avg Makespan: 276.25 | Actor Loss: -0.0109 | Critic Loss: 0.1592 | Grad Norm: 1.3002 | Clipped: 3/4
Epoch [757/4000] | Avg Makespan: 272.25 | Actor Loss: -0.0046 | Critic Loss: 0.3602 | Grad Norm: 1.0474 | Clipped: 2/4
Epoch [758/4000] | Avg Makespan: 275.75 | Actor Loss: -0.0070 | Critic Loss: 0.5498 | Grad Norm: 1.4086 | Clipped: 4/4
Epoch [759/4000] | Avg Makespan: 277.75 | Actor Loss: -0.0069 | Critic Loss: 0.1095 | Grad Norm: 1.3882 | Clipped: 3/4
Epoch [760/4000] | Avg Makespan: 295.50 | Actor Loss: -0.0085 | Critic Loss: 0.9599 | Grad Norm: 1.3305 | Clipped: 3/4
Epoch [761/4000] | Avg Makespan: 289.00 | Actor Loss: -0.0035 | Critic Loss: 0.2402 | Grad Norm: 1.3358 | Clipped: 4/4
Epoch [762/4000] | Avg Makespan: 285.25 | Actor Loss: -0.0025 | Critic Loss: 0.1718 | Grad Norm: 1.4560 | Clipped: 4/4
Epoch [763/4000] | Avg Makespan: 288.50 | Actor Loss: -0.0086 | Critic Loss: 0.8035 | Grad Norm: 1.1048 | Clipped: 3/4
Epoch [764/4000] | Avg Makespan: 291.00 | Actor Loss: -0.0084 | Critic Loss: 0.2513 | Grad Norm: 1.2483 | Clipped: 2/4
Epoch [765/4000] | Avg Makespan: 289.75 | Actor Loss: -0.0061 | Critic Loss: 0.7717 | Grad Norm: 0.9349 | Clipped: 0/4
Epoch [766/4000] | Avg Makespan: 284.25 | Actor Loss: 0.0007 | Critic Loss: 0.2913 | Grad Norm: 1.8070 | Clipped: 4/4
Epoch [767/4000] | Avg Makespan: 284.75 | Actor Loss: -0.0053 | Critic Loss: 0.4460 | Grad Norm: 1.2185 | Clipped: 4/4
Epoch [768/4000] | Avg Makespan: 288.25 | Actor Loss: -0.0072 | Critic Loss: 0.7515 | Grad Norm: 1.3578 | Clipped: 3/4
Epoch [769/4000] | Avg Makespan: 279.00 | Actor Loss: -0.0059 | Critic Loss: 0.3519 | Grad Norm: 1.0455 | Clipped: 2/4
Epoch [770/4000] | Avg Makespan: 286.50 | Actor Loss: -0.0077 | Critic Loss: 0.2910 | Grad Norm: 1.1084 | Clipped: 3/4
Epoch [771/4000] | Avg Makespan: 282.75 | Actor Loss: -0.0086 | Critic Loss: 0.9336 | Grad Norm: 1.2742 | Clipped: 3/4
Epoch [772/4000] | Avg Makespan: 287.75 | Actor Loss: -0.0081 | Critic Loss: 0.2902 | Grad Norm: 0.8043 | Clipped: 0/4
Epoch [773/4000] | Avg Makespan: 279.25 | Actor Loss: -0.0078 | Critic Loss: 0.2716 | Grad Norm: 0.9325 | Clipped: 1/4
Epoch [774/4000] | Avg Makespan: 272.50 | Actor Loss: -0.0080 | Critic Loss: 0.7241 | Grad Norm: 1.5490 | Clipped: 4/4
Epoch [775/4000] | Avg Makespan: 286.50 | Actor Loss: 0.0022 | Critic Loss: 0.6570 | Grad Norm: 1.6089 | Clipped: 4/4
Epoch [776/4000] | Avg Makespan: 293.75 | Actor Loss: 0.0031 | Critic Loss: 0.2938 | Grad Norm: 1.3496 | Clipped: 4/4
Epoch [777/4000] | Avg Makespan: 274.75 | Actor Loss: -0.0040 | Critic Loss: 0.1737 | Grad Norm: 1.1905 | Clipped: 4/4
Epoch [778/4000] | Avg Makespan: 285.50 | Actor Loss: -0.0079 | Critic Loss: 0.4164 | Grad Norm: 1.5305 | Clipped: 4/4
Epoch [779/4000] | Avg Makespan: 293.75 | Actor Loss: -0.0067 | Critic Loss: 0.4913 | Grad Norm: 1.4187 | Clipped: 4/4
Epoch [780/4000] | Avg Makespan: 291.00 | Actor Loss: -0.0080 | Critic Loss: 0.1560 | Grad Norm: 1.2098 | Clipped: 3/4
Epoch [781/4000] | Avg Makespan: 293.75 | Actor Loss: -0.0050 | Critic Loss: 0.3730 | Grad Norm: 1.2229 | Clipped: 3/4
Epoch [782/4000] | Avg Makespan: 277.00 | Actor Loss: -0.0085 | Critic Loss: 0.5159 | Grad Norm: 1.2830 | Clipped: 2/4
Epoch [783/4000] | Avg Makespan: 285.25 | Actor Loss: -0.0084 | Critic Loss: 0.1215 | Grad Norm: 1.0186 | Clipped: 2/4
Epoch [784/4000] | Avg Makespan: 282.50 | Actor Loss: -0.0013 | Critic Loss: 0.2336 | Grad Norm: 1.4719 | Clipped: 4/4
Epoch [785/4000] | Avg Makespan: 286.00 | Actor Loss: -0.0063 | Critic Loss: 0.0586 | Grad Norm: 1.0362 | Clipped: 3/4
Epoch [786/4000] | Avg Makespan: 294.00 | Actor Loss: -0.0087 | Critic Loss: 0.1817 | Grad Norm: 1.0368 | Clipped: 3/4
Epoch [787/4000] | Avg Makespan: 275.50 | Actor Loss: -0.0062 | Critic Loss: 0.4312 | Grad Norm: 1.1893 | Clipped: 4/4
Epoch [788/4000] | Avg Makespan: 295.75 | Actor Loss: -0.0074 | Critic Loss: 0.6738 | Grad Norm: 1.2957 | Clipped: 4/4
Epoch [789/4000] | Avg Makespan: 272.75 | Actor Loss: -0.0077 | Critic Loss: 0.5370 | Grad Norm: 1.4669 | Clipped: 4/4
Epoch [790/4000] | Avg Makespan: 288.50 | Actor Loss: -0.0105 | Critic Loss: 0.3640 | Grad Norm: 0.9458 | Clipped: 1/4
Epoch [791/4000] | Avg Makespan: 285.00 | Actor Loss: -0.0078 | Critic Loss: 0.1495 | Grad Norm: 0.9936 | Clipped: 2/4
Epoch [792/4000] | Avg Makespan: 270.50 | Actor Loss: -0.0074 | Critic Loss: 1.4262 | Grad Norm: 1.2757 | Clipped: 3/4
Epoch [793/4000] | Avg Makespan: 280.75 | Actor Loss: -0.0081 | Critic Loss: 0.4943 | Grad Norm: 1.2450 | Clipped: 2/4
Epoch [794/4000] | Avg Makespan: 283.50 | Actor Loss: -0.0086 | Critic Loss: 0.3120 | Grad Norm: 1.2725 | Clipped: 3/4
Epoch [795/4000] | Avg Makespan: 275.00 | Actor Loss: -0.0040 | Critic Loss: 0.0469 | Grad Norm: 1.3077 | Clipped: 4/4
Epoch [796/4000] | Avg Makespan: 288.75 | Actor Loss: -0.0022 | Critic Loss: 0.2405 | Grad Norm: 1.6543 | Clipped: 4/4
Epoch [797/4000] | Avg Makespan: 287.50 | Actor Loss: 0.0009 | Critic Loss: 0.6270 | Grad Norm: 1.3750 | Clipped: 4/4
Epoch [798/4000] | Avg Makespan: 276.50 | Actor Loss: -0.0066 | Critic Loss: 0.2818 | Grad Norm: 1.2230 | Clipped: 4/4
Epoch [799/4000] | Avg Makespan: 286.00 | Actor Loss: -0.0070 | Critic Loss: 0.3134 | Grad Norm: 0.9293 | Clipped: 2/4
Epoch [800/4000] | Avg Makespan: 287.00 | Actor Loss: -0.0058 | Critic Loss: 0.7242 | Grad Norm: 1.7844 | Clipped: 4/4
   -> Validation | Samples: 280 | Makespan: 586.48 | Invalid Jobs: 0.03 | Score: 615.05
   -> Saved updated training chart to /home/wei/Desktop/AMR-DFJSP/runs/20260827_083140_v10_B_s43/chart.png
Epoch [801/4000] | Avg Makespan: 293.50 | Actor Loss: -0.0090 | Critic Loss: 0.8232 | Grad Norm: 1.2456 | Clipped: 3/4
Epoch [802/4000] | Avg Makespan: 282.50 | Actor Loss: -0.0065 | Critic Loss: 0.1118 | Grad Norm: 0.9994 | Clipped: 2/4
Epoch [803/4000] | Avg Makespan: 288.50 | Actor Loss: -0.0069 | Critic Loss: 0.1491 | Grad Norm: 1.4930 | Clipped: 3/4
Epoch [804/4000] | Avg Makespan: 295.75 | Actor Loss: -0.0039 | Critic Loss: 0.4531 | Grad Norm: 1.7096 | Clipped: 3/4
Epoch [805/4000] | Avg Makespan: 292.50 | Actor Loss: -0.0076 | Critic Loss: 0.8290 | Grad Norm: 0.9076 | Clipped: 1/4
Epoch [806/4000] | Avg Makespan: 272.75 | Actor Loss: -0.0091 | Critic Loss: 0.3255 | Grad Norm: 1.2417 | Clipped: 3/4
Epoch [807/4000] | Avg Makespan: 290.25 | Actor Loss: -0.0050 | Critic Loss: 0.4002 | Grad Norm: 1.1080 | Clipped: 3/4
Epoch [808/4000] | Avg Makespan: 282.75 | Actor Loss: -0.0091 | Critic Loss: 0.0752 | Grad Norm: 1.1849 | Clipped: 3/4
Epoch [809/4000] | Avg Makespan: 296.00 | Actor Loss: -0.0038 | Critic Loss: 0.8028 | Grad Norm: 1.4185 | Clipped: 4/4
Epoch [810/4000] | Avg Makespan: 275.25 | Actor Loss: -0.0053 | Critic Loss: 0.2237 | Grad Norm: 1.3092 | Clipped: 3/4
Epoch [811/4000] | Avg Makespan: 289.00 | Actor Loss: -0.0081 | Critic Loss: 1.1028 | Grad Norm: 1.5371 | Clipped: 4/4
Epoch [812/4000] | Avg Makespan: 276.75 | Actor Loss: -0.0061 | Critic Loss: 0.1767 | Grad Norm: 1.6013 | Clipped: 4/4
Epoch [813/4000] | Avg Makespan: 284.50 | Actor Loss: -0.0072 | Critic Loss: 1.0896 | Grad Norm: 1.5411 | Clipped: 4/4
Epoch [814/4000] | Avg Makespan: 271.50 | Actor Loss: -0.0049 | Critic Loss: 0.3938 | Grad Norm: 2.2318 | Clipped: 4/4
Epoch [815/4000] | Avg Makespan: 270.00 | Actor Loss: -0.0046 | Critic Loss: 0.5323 | Grad Norm: 1.9208 | Clipped: 4/4
Epoch [816/4000] | Avg Makespan: 278.75 | Actor Loss: -0.0071 | Critic Loss: 0.1643 | Grad Norm: 1.5732 | Clipped: 4/4
Epoch [817/4000] | Avg Makespan: 274.25 | Actor Loss: -0.0065 | Critic Loss: 0.6000 | Grad Norm: 1.5216 | Clipped: 4/4
Epoch [818/4000] | Avg Makespan: 272.75 | Actor Loss: -0.0111 | Critic Loss: 0.2985 | Grad Norm: 1.0814 | Clipped: 2/4
Epoch [819/4000] | Avg Makespan: 272.25 | Actor Loss: -0.0070 | Critic Loss: 0.4644 | Grad Norm: 1.0456 | Clipped: 2/4
Epoch [820/4000] | Avg Makespan: 287.25 | Actor Loss: -0.0038 | Critic Loss: 0.1771 | Grad Norm: 1.2616 | Clipped: 3/4
Epoch [821/4000] | Avg Makespan: 284.75 | Actor Loss: -0.0012 | Critic Loss: 0.4051 | Grad Norm: 2.4570 | Clipped: 4/4
Epoch [822/4000] | Avg Makespan: 271.25 | Actor Loss: -0.0066 | Critic Loss: 0.4335 | Grad Norm: 2.0578 | Clipped: 4/4
Epoch [823/4000] | Avg Makespan: 284.50 | Actor Loss: -0.0075 | Critic Loss: 0.3819 | Grad Norm: 1.5313 | Clipped: 4/4
Epoch [824/4000] | Avg Makespan: 285.25 | Actor Loss: -0.0067 | Critic Loss: 0.6106 | Grad Norm: 1.2195 | Clipped: 4/4
Epoch [825/4000] | Avg Makespan: 282.75 | Actor Loss: -0.0024 | Critic Loss: 0.1814 | Grad Norm: 2.4342 | Clipped: 4/4
Epoch [826/4000] | Avg Makespan: 276.50 | Actor Loss: -0.0030 | Critic Loss: 0.2016 | Grad Norm: 1.7735 | Clipped: 4/4
Epoch [827/4000] | Avg Makespan: 272.00 | Actor Loss: -0.0045 | Critic Loss: 0.6701 | Grad Norm: 1.7624 | Clipped: 4/4
Epoch [828/4000] | Avg Makespan: 279.75 | Actor Loss: 0.0015 | Critic Loss: 0.4285 | Grad Norm: 2.7125 | Clipped: 4/4
Epoch [829/4000] | Avg Makespan: 279.00 | Actor Loss: -0.0068 | Critic Loss: 0.2100 | Grad Norm: 1.4230 | Clipped: 4/4
Epoch [830/4000] | Avg Makespan: 273.00 | Actor Loss: -0.0076 | Critic Loss: 0.4208 | Grad Norm: 1.5836 | Clipped: 4/4
Epoch [831/4000] | Avg Makespan: 267.25 | Actor Loss: -0.0075 | Critic Loss: 0.1024 | Grad Norm: 1.4278 | Clipped: 4/4
Epoch [832/4000] | Avg Makespan: 277.00 | Actor Loss: -0.0065 | Critic Loss: 0.4299 | Grad Norm: 1.5847 | Clipped: 4/4
Epoch [833/4000] | Avg Makespan: 288.00 | Actor Loss: -0.0067 | Critic Loss: 0.7036 | Grad Norm: 1.3195 | Clipped: 4/4
Epoch [834/4000] | Avg Makespan: 276.00 | Actor Loss: -0.0089 | Critic Loss: 0.1654 | Grad Norm: 1.4899 | Clipped: 4/4
Epoch [835/4000] | Avg Makespan: 275.50 | Actor Loss: -0.0053 | Critic Loss: 0.2264 | Grad Norm: 1.4419 | Clipped: 4/4
Epoch [836/4000] | Avg Makespan: 299.75 | Actor Loss: -0.0086 | Critic Loss: 0.8296 | Grad Norm: 1.4876 | Clipped: 4/4
Epoch [837/4000] | Avg Makespan: 269.25 | Actor Loss: -0.0066 | Critic Loss: 0.3764 | Grad Norm: 1.2626 | Clipped: 4/4
Epoch [838/4000] | Avg Makespan: 275.25 | Actor Loss: -0.0054 | Critic Loss: 0.3261 | Grad Norm: 1.3577 | Clipped: 4/4
Epoch [839/4000] | Avg Makespan: 273.75 | Actor Loss: -0.0064 | Critic Loss: 0.5278 | Grad Norm: 1.9873 | Clipped: 4/4
Epoch [840/4000] | Avg Makespan: 280.75 | Actor Loss: -0.0059 | Critic Loss: 0.9271 | Grad Norm: 1.1811 | Clipped: 3/4
Epoch [841/4000] | Avg Makespan: 275.75 | Actor Loss: -0.0067 | Critic Loss: 0.1808 | Grad Norm: 1.1010 | Clipped: 2/4
Epoch [842/4000] | Avg Makespan: 275.50 | Actor Loss: -0.0091 | Critic Loss: 0.1675 | Grad Norm: 1.4269 | Clipped: 4/4
Epoch [843/4000] | Avg Makespan: 279.50 | Actor Loss: -0.0074 | Critic Loss: 0.2270 | Grad Norm: 1.3880 | Clipped: 4/4
Epoch [844/4000] | Avg Makespan: 266.75 | Actor Loss: -0.0064 | Critic Loss: 0.5943 | Grad Norm: 1.6418 | Clipped: 4/4
Epoch [845/4000] | Avg Makespan: 267.50 | Actor Loss: -0.0056 | Critic Loss: 0.5438 | Grad Norm: 1.0926 | Clipped: 3/4
Epoch [846/4000] | Avg Makespan: 272.25 | Actor Loss: -0.0085 | Critic Loss: 0.2557 | Grad Norm: 1.3066 | Clipped: 4/4
Epoch [847/4000] | Avg Makespan: 266.75 | Actor Loss: -0.0080 | Critic Loss: 0.2025 | Grad Norm: 1.0354 | Clipped: 2/4
Epoch [848/4000] | Avg Makespan: 269.75 | Actor Loss: -0.0039 | Critic Loss: 0.4039 | Grad Norm: 1.7787 | Clipped: 4/4
Epoch [849/4000] | Avg Makespan: 275.25 | Actor Loss: -0.0069 | Critic Loss: 0.3867 | Grad Norm: 1.3041 | Clipped: 3/4
Epoch [850/4000] | Avg Makespan: 253.75 | Actor Loss: -0.0070 | Critic Loss: 0.4500 | Grad Norm: 1.2922 | Clipped: 3/4
Epoch [851/4000] | Avg Makespan: 290.25 | Actor Loss: 0.0005 | Critic Loss: 1.0527 | Grad Norm: 2.3861 | Clipped: 4/4
Epoch [852/4000] | Avg Makespan: 281.25 | Actor Loss: -0.0055 | Critic Loss: 0.2891 | Grad Norm: 1.0202 | Clipped: 2/4
Epoch [853/4000] | Avg Makespan: 260.75 | Actor Loss: -0.0058 | Critic Loss: 0.7469 | Grad Norm: 1.8156 | Clipped: 4/4
Epoch [854/4000] | Avg Makespan: 277.75 | Actor Loss: -0.0060 | Critic Loss: 0.3059 | Grad Norm: 1.6390 | Clipped: 4/4
Epoch [855/4000] | Avg Makespan: 276.50 | Actor Loss: -0.0046 | Critic Loss: 0.3791 | Grad Norm: 1.2297 | Clipped: 3/4
Epoch [856/4000] | Avg Makespan: 285.25 | Actor Loss: -0.0057 | Critic Loss: 0.5226 | Grad Norm: 2.0775 | Clipped: 4/4
Epoch [857/4000] | Avg Makespan: 280.50 | Actor Loss: -0.0091 | Critic Loss: 0.1834 | Grad Norm: 1.4481 | Clipped: 4/4
Epoch [858/4000] | Avg Makespan: 286.25 | Actor Loss: -0.0107 | Critic Loss: 0.6577 | Grad Norm: 1.2990 | Clipped: 4/4
Epoch [859/4000] | Avg Makespan: 270.00 | Actor Loss: -0.0088 | Critic Loss: 0.2553 | Grad Norm: 1.6246 | Clipped: 4/4
Epoch [860/4000] | Avg Makespan: 269.00 | Actor Loss: -0.0066 | Critic Loss: 0.3852 | Grad Norm: 2.1176 | Clipped: 4/4
Epoch [861/4000] | Avg Makespan: 274.00 | Actor Loss: -0.0097 | Critic Loss: 0.4106 | Grad Norm: 1.3262 | Clipped: 3/4
Epoch [862/4000] | Avg Makespan: 278.25 | Actor Loss: -0.0057 | Critic Loss: 0.7975 | Grad Norm: 1.4365 | Clipped: 4/4
Epoch [863/4000] | Avg Makespan: 268.00 | Actor Loss: -0.0031 | Critic Loss: 0.2089 | Grad Norm: 1.9518 | Clipped: 4/4
Epoch [864/4000] | Avg Makespan: 275.50 | Actor Loss: -0.0107 | Critic Loss: 0.1932 | Grad Norm: 1.4092 | Clipped: 4/4
Epoch [865/4000] | Avg Makespan: 294.00 | Actor Loss: -0.0077 | Critic Loss: 1.9663 | Grad Norm: 1.9227 | Clipped: 4/4
Epoch [866/4000] | Avg Makespan: 274.00 | Actor Loss: -0.0055 | Critic Loss: 0.2065 | Grad Norm: 1.7484 | Clipped: 4/4
Epoch [867/4000] | Avg Makespan: 273.50 | Actor Loss: -0.0058 | Critic Loss: 0.4364 | Grad Norm: 1.3739 | Clipped: 3/4
Epoch [868/4000] | Avg Makespan: 278.25 | Actor Loss: -0.0033 | Critic Loss: 0.1536 | Grad Norm: 2.5024 | Clipped: 4/4
Epoch [869/4000] | Avg Makespan: 278.50 | Actor Loss: -0.0120 | Critic Loss: 0.2136 | Grad Norm: 1.1281 | Clipped: 1/4
Epoch [870/4000] | Avg Makespan: 271.75 | Actor Loss: -0.0062 | Critic Loss: 0.7059 | Grad Norm: 1.1645 | Clipped: 3/4
Epoch [871/4000] | Avg Makespan: 279.25 | Actor Loss: -0.0049 | Critic Loss: 0.1404 | Grad Norm: 1.9790 | Clipped: 4/4
Epoch [872/4000] | Avg Makespan: 271.75 | Actor Loss: -0.0039 | Critic Loss: 0.3232 | Grad Norm: 1.5144 | Clipped: 4/4
Epoch [873/4000] | Avg Makespan: 279.00 | Actor Loss: -0.0067 | Critic Loss: 0.3398 | Grad Norm: 1.9428 | Clipped: 4/4
Epoch [874/4000] | Avg Makespan: 288.75 | Actor Loss: -0.0070 | Critic Loss: 0.1983 | Grad Norm: 1.6904 | Clipped: 4/4
Epoch [875/4000] | Avg Makespan: 284.25 | Actor Loss: -0.0092 | Critic Loss: 0.1830 | Grad Norm: 1.1216 | Clipped: 2/4
Epoch [876/4000] | Avg Makespan: 284.75 | Actor Loss: -0.0054 | Critic Loss: 0.1183 | Grad Norm: 1.9376 | Clipped: 4/4
Epoch [877/4000] | Avg Makespan: 276.00 | Actor Loss: -0.0123 | Critic Loss: 0.7109 | Grad Norm: 1.3215 | Clipped: 3/4
Epoch [878/4000] | Avg Makespan: 282.25 | Actor Loss: -0.0057 | Critic Loss: 0.2481 | Grad Norm: 1.3643 | Clipped: 4/4
Epoch [879/4000] | Avg Makespan: 282.75 | Actor Loss: -0.0055 | Critic Loss: 0.2601 | Grad Norm: 1.9121 | Clipped: 3/4
Epoch [880/4000] | Avg Makespan: 271.00 | Actor Loss: -0.0061 | Critic Loss: 0.8043 | Grad Norm: 1.8170 | Clipped: 4/4
Epoch [881/4000] | Avg Makespan: 273.00 | Actor Loss: -0.0086 | Critic Loss: 0.1951 | Grad Norm: 1.6345 | Clipped: 4/4
Epoch [882/4000] | Avg Makespan: 279.75 | Actor Loss: -0.0047 | Critic Loss: 0.2091 | Grad Norm: 1.5027 | Clipped: 4/4
Epoch [883/4000] | Avg Makespan: 281.75 | Actor Loss: -0.0023 | Critic Loss: 0.9438 | Grad Norm: 2.5719 | Clipped: 4/4
Epoch [884/4000] | Avg Makespan: 269.75 | Actor Loss: -0.0030 | Critic Loss: 0.3472 | Grad Norm: 1.9473 | Clipped: 4/4
Epoch [885/4000] | Avg Makespan: 278.25 | Actor Loss: -0.0066 | Critic Loss: 0.7283 | Grad Norm: 1.7246 | Clipped: 4/4
Epoch [886/4000] | Avg Makespan: 291.50 | Actor Loss: -0.0071 | Critic Loss: 0.2793 | Grad Norm: 2.2314 | Clipped: 4/4
Epoch [887/4000] | Avg Makespan: 269.25 | Actor Loss: -0.0027 | Critic Loss: 0.7660 | Grad Norm: 1.3731 | Clipped: 3/4
Epoch [888/4000] | Avg Makespan: 278.50 | Actor Loss: -0.0060 | Critic Loss: 0.2782 | Grad Norm: 1.1078 | Clipped: 4/4
Epoch [889/4000] | Avg Makespan: 275.00 | Actor Loss: -0.0049 | Critic Loss: 0.1298 | Grad Norm: 1.5552 | Clipped: 3/4
Epoch [890/4000] | Avg Makespan: 286.75 | Actor Loss: -0.0052 | Critic Loss: 0.3180 | Grad Norm: 1.4582 | Clipped: 4/4
Epoch [891/4000] | Avg Makespan: 263.75 | Actor Loss: -0.0033 | Critic Loss: 0.5142 | Grad Norm: 1.5902 | Clipped: 4/4
Epoch [892/4000] | Avg Makespan: 278.00 | Actor Loss: -0.0056 | Critic Loss: 0.4481 | Grad Norm: 1.2580 | Clipped: 3/4
Epoch [893/4000] | Avg Makespan: 268.00 | Actor Loss: -0.0084 | Critic Loss: 0.3829 | Grad Norm: 1.2372 | Clipped: 4/4
Epoch [894/4000] | Avg Makespan: 287.75 | Actor Loss: 0.0012 | Critic Loss: 0.6446 | Grad Norm: 1.9976 | Clipped: 4/4
Epoch [895/4000] | Avg Makespan: 287.00 | Actor Loss: 0.0003 | Critic Loss: 0.4892 | Grad Norm: 1.4295 | Clipped: 4/4
Epoch [896/4000] | Avg Makespan: 277.50 | Actor Loss: -0.0096 | Critic Loss: 0.6489 | Grad Norm: 1.4811 | Clipped: 4/4
Epoch [897/4000] | Avg Makespan: 300.00 | Actor Loss: -0.0042 | Critic Loss: 0.6885 | Grad Norm: 1.7172 | Clipped: 4/4
Epoch [898/4000] | Avg Makespan: 283.75 | Actor Loss: -0.0077 | Critic Loss: 1.1782 | Grad Norm: 1.2593 | Clipped: 4/4
Epoch [899/4000] | Avg Makespan: 277.50 | Actor Loss: -0.0001 | Critic Loss: 0.2820 | Grad Norm: 3.3852 | Clipped: 4/4
Epoch [900/4000] | Avg Makespan: 277.75 | Actor Loss: -0.0040 | Critic Loss: 0.4098 | Grad Norm: 1.5478 | Clipped: 4/4
   -> Validation | Samples: 280 | Makespan: 585.07 | Invalid Jobs: 0.03 | Score: 613.64
   -> Saved updated training chart to /home/wei/Desktop/AMR-DFJSP/runs/20260827_083140_v10_B_s43/chart.png
Epoch [901/4000] | Avg Makespan: 276.00 | Actor Loss: -0.0010 | Critic Loss: 0.1485 | Grad Norm: 2.3542 | Clipped: 4/4
Epoch [902/4000] | Avg Makespan: 282.00 | Actor Loss: -0.0031 | Critic Loss: 0.4286 | Grad Norm: 1.6097 | Clipped: 4/4
Epoch [903/4000] | Avg Makespan: 290.00 | Actor Loss: -0.0011 | Critic Loss: 0.9320 | Grad Norm: 2.1398 | Clipped: 4/4
Epoch [904/4000] | Avg Makespan: 283.75 | Actor Loss: -0.0036 | Critic Loss: 0.2712 | Grad Norm: 1.5652 | Clipped: 4/4
Epoch [905/4000] | Avg Makespan: 282.50 | Actor Loss: -0.0051 | Critic Loss: 0.2621 | Grad Norm: 1.7841 | Clipped: 4/4
Epoch [906/4000] | Avg Makespan: 291.75 | Actor Loss: 0.0033 | Critic Loss: 0.9677 | Grad Norm: 2.1218 | Clipped: 4/4
Epoch [907/4000] | Avg Makespan: 286.00 | Actor Loss: -0.0061 | Critic Loss: 0.3258 | Grad Norm: 1.8385 | Clipped: 4/4
Epoch [908/4000] | Avg Makespan: 271.50 | Actor Loss: -0.0013 | Critic Loss: 0.4565 | Grad Norm: 2.6505 | Clipped: 4/4
Epoch [909/4000] | Avg Makespan: 291.50 | Actor Loss: -0.0052 | Critic Loss: 0.3823 | Grad Norm: 1.6924 | Clipped: 4/4
Epoch [910/4000] | Avg Makespan: 270.00 | Actor Loss: -0.0049 | Critic Loss: 0.6476 | Grad Norm: 1.9054 | Clipped: 4/4
Epoch [911/4000] | Avg Makespan: 283.75 | Actor Loss: -0.0075 | Critic Loss: 0.1896 | Grad Norm: 2.0464 | Clipped: 4/4
Epoch [912/4000] | Avg Makespan: 292.25 | Actor Loss: -0.0023 | Critic Loss: 0.1894 | Grad Norm: 1.6254 | Clipped: 4/4
Epoch [913/4000] | Avg Makespan: 285.50 | Actor Loss: 0.0004 | Critic Loss: 0.3207 | Grad Norm: 3.5619 | Clipped: 4/4
Epoch [914/4000] | Avg Makespan: 265.75 | Actor Loss: 0.0001 | Critic Loss: 0.7193 | Grad Norm: 2.6941 | Clipped: 4/4
Epoch [915/4000] | Avg Makespan: 276.00 | Actor Loss: -0.0056 | Critic Loss: 0.2202 | Grad Norm: 1.5290 | Clipped: 4/4
Epoch [916/4000] | Avg Makespan: 278.50 | Actor Loss: -0.0011 | Critic Loss: 0.5090 | Grad Norm: 2.1458 | Clipped: 4/4
Epoch [917/4000] | Avg Makespan: 287.00 | Actor Loss: -0.0042 | Critic Loss: 0.3371 | Grad Norm: 1.9703 | Clipped: 3/4
Epoch [918/4000] | Avg Makespan: 280.00 | Actor Loss: -0.0048 | Critic Loss: 0.2671 | Grad Norm: 1.9485 | Clipped: 4/4
Epoch [919/4000] | Avg Makespan: 282.25 | Actor Loss: -0.0068 | Critic Loss: 0.2847 | Grad Norm: 1.9406 | Clipped: 4/4
Epoch [920/4000] | Avg Makespan: 274.00 | Actor Loss: -0.0024 | Critic Loss: 0.3826 | Grad Norm: 3.1884 | Clipped: 4/4
Epoch [921/4000] | Avg Makespan: 283.25 | Actor Loss: -0.0051 | Critic Loss: 0.1918 | Grad Norm: 2.0683 | Clipped: 4/4
Epoch [922/4000] | Avg Makespan: 284.25 | Actor Loss: -0.0036 | Critic Loss: 0.3180 | Grad Norm: 1.5396 | Clipped: 4/4
Epoch [923/4000] | Avg Makespan: 285.25 | Actor Loss: -0.0029 | Critic Loss: 0.3982 | Grad Norm: 2.6463 | Clipped: 4/4
Epoch [924/4000] | Avg Makespan: 286.00 | Actor Loss: -0.0015 | Critic Loss: 0.1612 | Grad Norm: 2.3294 | Clipped: 4/4
Epoch [925/4000] | Avg Makespan: 288.75 | Actor Loss: -0.0071 | Critic Loss: 0.2611 | Grad Norm: 1.4214 | Clipped: 4/4
Epoch [926/4000] | Avg Makespan: 287.00 | Actor Loss: -0.0061 | Critic Loss: 0.6773 | Grad Norm: 2.1162 | Clipped: 4/4
Epoch [927/4000] | Avg Makespan: 290.75 | Actor Loss: -0.0056 | Critic Loss: 0.8532 | Grad Norm: 2.1336 | Clipped: 4/4
Epoch [928/4000] | Avg Makespan: 282.50 | Actor Loss: -0.0071 | Critic Loss: 0.6023 | Grad Norm: 1.7849 | Clipped: 4/4
Epoch [929/4000] | Avg Makespan: 281.25 | Actor Loss: -0.0069 | Critic Loss: 0.4043 | Grad Norm: 1.8677 | Clipped: 4/4
Epoch [930/4000] | Avg Makespan: 284.75 | Actor Loss: -0.0030 | Critic Loss: 0.5656 | Grad Norm: 2.2127 | Clipped: 4/4
Epoch [931/4000] | Avg Makespan: 287.25 | Actor Loss: -0.0105 | Critic Loss: 0.1237 | Grad Norm: 1.6061 | Clipped: 4/4
Epoch [932/4000] | Avg Makespan: 278.50 | Actor Loss: -0.0024 | Critic Loss: 0.4475 | Grad Norm: 1.7918 | Clipped: 4/4
Epoch [933/4000] | Avg Makespan: 286.25 | Actor Loss: -0.0065 | Critic Loss: 0.5644 | Grad Norm: 1.7391 | Clipped: 4/4
Epoch [934/4000] | Avg Makespan: 278.00 | Actor Loss: -0.0036 | Critic Loss: 0.3768 | Grad Norm: 2.1748 | Clipped: 4/4
Epoch [935/4000] | Avg Makespan: 291.25 | Actor Loss: -0.0081 | Critic Loss: 0.8645 | Grad Norm: 1.6097 | Clipped: 4/4
Epoch [936/4000] | Avg Makespan: 287.50 | Actor Loss: -0.0049 | Critic Loss: 0.1338 | Grad Norm: 1.9013 | Clipped: 3/4
Epoch [937/4000] | Avg Makespan: 279.00 | Actor Loss: -0.0072 | Critic Loss: 0.3505 | Grad Norm: 1.7498 | Clipped: 4/4
Epoch [938/4000] | Avg Makespan: 288.75 | Actor Loss: -0.0056 | Critic Loss: 0.4836 | Grad Norm: 1.8049 | Clipped: 4/4
Epoch [939/4000] | Avg Makespan: 282.75 | Actor Loss: 0.0032 | Critic Loss: 0.1972 | Grad Norm: 2.0243 | Clipped: 4/4
Epoch [940/4000] | Avg Makespan: 290.25 | Actor Loss: -0.0062 | Critic Loss: 0.1415 | Grad Norm: 1.6806 | Clipped: 4/4
Epoch [941/4000] | Avg Makespan: 277.00 | Actor Loss: -0.0073 | Critic Loss: 0.3865 | Grad Norm: 1.5363 | Clipped: 4/4
Epoch [942/4000] | Avg Makespan: 283.75 | Actor Loss: -0.0046 | Critic Loss: 0.4560 | Grad Norm: 2.4450 | Clipped: 4/4
Epoch [943/4000] | Avg Makespan: 285.00 | Actor Loss: -0.0074 | Critic Loss: 0.4292 | Grad Norm: 1.6588 | Clipped: 4/4
Epoch [944/4000] | Avg Makespan: 268.25 | Actor Loss: -0.0038 | Critic Loss: 0.5149 | Grad Norm: 2.3001 | Clipped: 4/4
Epoch [945/4000] | Avg Makespan: 276.50 | Actor Loss: -0.0059 | Critic Loss: 0.3406 | Grad Norm: 1.5202 | Clipped: 4/4
Epoch [946/4000] | Avg Makespan: 280.00 | Actor Loss: -0.0059 | Critic Loss: 0.3049 | Grad Norm: 1.5490 | Clipped: 4/4
Epoch [947/4000] | Avg Makespan: 272.25 | Actor Loss: -0.0011 | Critic Loss: 0.3133 | Grad Norm: 3.4045 | Clipped: 4/4
Epoch [948/4000] | Avg Makespan: 289.25 | Actor Loss: -0.0061 | Critic Loss: 0.6745 | Grad Norm: 1.8460 | Clipped: 4/4
Epoch [949/4000] | Avg Makespan: 286.50 | Actor Loss: -0.0051 | Critic Loss: 0.2676 | Grad Norm: 1.8201 | Clipped: 3/4
Epoch [950/4000] | Avg Makespan: 291.50 | Actor Loss: -0.0091 | Critic Loss: 0.2660 | Grad Norm: 1.2127 | Clipped: 3/4
Epoch [951/4000] | Avg Makespan: 270.75 | Actor Loss: 0.0002 | Critic Loss: 1.4079 | Grad Norm: 2.2228 | Clipped: 4/4
Epoch [952/4000] | Avg Makespan: 271.25 | Actor Loss: -0.0081 | Critic Loss: 0.6108 | Grad Norm: 2.3972 | Clipped: 4/4
Epoch [953/4000] | Avg Makespan: 284.50 | Actor Loss: 0.0008 | Critic Loss: 0.1029 | Grad Norm: 1.9703 | Clipped: 4/4
Epoch [954/4000] | Avg Makespan: 284.00 | Actor Loss: -0.0040 | Critic Loss: 0.7720 | Grad Norm: 1.6216 | Clipped: 4/4
Epoch [955/4000] | Avg Makespan: 276.25 | Actor Loss: -0.0024 | Critic Loss: 0.0623 | Grad Norm: 2.0686 | Clipped: 4/4
Epoch [956/4000] | Avg Makespan: 281.75 | Actor Loss: -0.0078 | Critic Loss: 0.3001 | Grad Norm: 1.2785 | Clipped: 3/4
Epoch [957/4000] | Avg Makespan: 280.50 | Actor Loss: -0.0051 | Critic Loss: 0.5981 | Grad Norm: 1.6946 | Clipped: 4/4
Epoch [958/4000] | Avg Makespan: 283.25 | Actor Loss: -0.0065 | Critic Loss: 0.4575 | Grad Norm: 1.5497 | Clipped: 4/4
Epoch [959/4000] | Avg Makespan: 278.00 | Actor Loss: -0.0042 | Critic Loss: 0.4250 | Grad Norm: 1.4507 | Clipped: 4/4
Epoch [960/4000] | Avg Makespan: 280.50 | Actor Loss: -0.0055 | Critic Loss: 0.2821 | Grad Norm: 1.3607 | Clipped: 3/4
Epoch [961/4000] | Avg Makespan: 279.25 | Actor Loss: -0.0091 | Critic Loss: 0.1313 | Grad Norm: 1.2114 | Clipped: 3/4
Epoch [962/4000] | Avg Makespan: 286.75 | Actor Loss: -0.0072 | Critic Loss: 0.1639 | Grad Norm: 1.3969 | Clipped: 4/4
Epoch [963/4000] | Avg Makespan: 283.25 | Actor Loss: -0.0059 | Critic Loss: 0.2012 | Grad Norm: 1.4633 | Clipped: 4/4
Epoch [964/4000] | Avg Makespan: 276.25 | Actor Loss: -0.0036 | Critic Loss: 0.4338 | Grad Norm: 2.5914 | Clipped: 4/4
Epoch [965/4000] | Avg Makespan: 292.75 | Actor Loss: -0.0087 | Critic Loss: 0.3333 | Grad Norm: 1.6540 | Clipped: 4/4
Epoch [966/4000] | Avg Makespan: 289.75 | Actor Loss: -0.0011 | Critic Loss: 0.4247 | Grad Norm: 1.4948 | Clipped: 4/4
Epoch [967/4000] | Avg Makespan: 286.50 | Actor Loss: -0.0071 | Critic Loss: 0.2302 | Grad Norm: 1.2504 | Clipped: 3/4
Epoch [968/4000] | Avg Makespan: 283.75 | Actor Loss: -0.0071 | Critic Loss: 0.4093 | Grad Norm: 1.4847 | Clipped: 1/4
Epoch [969/4000] | Avg Makespan: 270.50 | Actor Loss: -0.0066 | Critic Loss: 0.3025 | Grad Norm: 1.3702 | Clipped: 4/4
Epoch [970/4000] | Avg Makespan: 266.25 | Actor Loss: -0.0040 | Critic Loss: 0.2867 | Grad Norm: 1.7746 | Clipped: 4/4
Epoch [971/4000] | Avg Makespan: 280.75 | Actor Loss: -0.0065 | Critic Loss: 0.2295 | Grad Norm: 1.6141 | Clipped: 4/4
Epoch [972/4000] | Avg Makespan: 293.25 | Actor Loss: 0.0006 | Critic Loss: 0.4930 | Grad Norm: 1.7721 | Clipped: 4/4
Epoch [973/4000] | Avg Makespan: 288.75 | Actor Loss: -0.0024 | Critic Loss: 0.1887 | Grad Norm: 2.5296 | Clipped: 4/4
Epoch [974/4000] | Avg Makespan: 274.25 | Actor Loss: -0.0029 | Critic Loss: 0.1679 | Grad Norm: 2.2905 | Clipped: 4/4
Epoch [975/4000] | Avg Makespan: 279.00 | Actor Loss: -0.0017 | Critic Loss: 0.6236 | Grad Norm: 1.6814 | Clipped: 4/4
Epoch [976/4000] | Avg Makespan: 290.25 | Actor Loss: -0.0044 | Critic Loss: 0.3749 | Grad Norm: 1.3982 | Clipped: 4/4
Epoch [977/4000] | Avg Makespan: 281.75 | Actor Loss: -0.0072 | Critic Loss: 0.2535 | Grad Norm: 1.5514 | Clipped: 3/4
Epoch [978/4000] | Avg Makespan: 274.00 | Actor Loss: -0.0004 | Critic Loss: 0.5542 | Grad Norm: 1.7891 | Clipped: 4/4
Epoch [979/4000] | Avg Makespan: 282.25 | Actor Loss: -0.0064 | Critic Loss: 0.3830 | Grad Norm: 1.6152 | Clipped: 4/4
Epoch [980/4000] | Avg Makespan: 264.00 | Actor Loss: -0.0042 | Critic Loss: 0.4970 | Grad Norm: 3.3865 | Clipped: 4/4
Epoch [981/4000] | Avg Makespan: 291.75 | Actor Loss: -0.0020 | Critic Loss: 0.4878 | Grad Norm: 1.4071 | Clipped: 4/4
Epoch [982/4000] | Avg Makespan: 273.00 | Actor Loss: 0.0031 | Critic Loss: 0.5977 | Grad Norm: 1.7972 | Clipped: 4/4
Epoch [983/4000] | Avg Makespan: 278.25 | Actor Loss: -0.0061 | Critic Loss: 0.1802 | Grad Norm: 1.3520 | Clipped: 4/4
Epoch [984/4000] | Avg Makespan: 279.25 | Actor Loss: -0.0056 | Critic Loss: 0.2723 | Grad Norm: 0.9949 | Clipped: 1/4
Epoch [985/4000] | Avg Makespan: 278.50 | Actor Loss: -0.0087 | Critic Loss: 0.3900 | Grad Norm: 1.2161 | Clipped: 4/4
Epoch [986/4000] | Avg Makespan: 271.50 | Actor Loss: -0.0036 | Critic Loss: 0.2346 | Grad Norm: 2.4527 | Clipped: 4/4
Epoch [987/4000] | Avg Makespan: 288.25 | Actor Loss: -0.0069 | Critic Loss: 0.3513 | Grad Norm: 1.6855 | Clipped: 4/4
Epoch [988/4000] | Avg Makespan: 287.75 | Actor Loss: -0.0067 | Critic Loss: 0.6330 | Grad Norm: 1.5619 | Clipped: 4/4
Epoch [989/4000] | Avg Makespan: 268.25 | Actor Loss: -0.0065 | Critic Loss: 0.4057 | Grad Norm: 1.5414 | Clipped: 4/4
Epoch [990/4000] | Avg Makespan: 277.00 | Actor Loss: 0.0024 | Critic Loss: 0.7530 | Grad Norm: 2.1362 | Clipped: 4/4
Epoch [991/4000] | Avg Makespan: 278.25 | Actor Loss: -0.0076 | Critic Loss: 0.1958 | Grad Norm: 1.4818 | Clipped: 4/4
Epoch [992/4000] | Avg Makespan: 266.25 | Actor Loss: -0.0077 | Critic Loss: 0.1853 | Grad Norm: 2.0831 | Clipped: 4/4
Epoch [993/4000] | Avg Makespan: 279.25 | Actor Loss: -0.0054 | Critic Loss: 0.5843 | Grad Norm: 1.4088 | Clipped: 4/4
Epoch [994/4000] | Avg Makespan: 280.75 | Actor Loss: -0.0060 | Critic Loss: 0.2178 | Grad Norm: 1.5008 | Clipped: 4/4
Epoch [995/4000] | Avg Makespan: 291.50 | Actor Loss: -0.0074 | Critic Loss: 0.3192 | Grad Norm: 1.4369 | Clipped: 4/4
Epoch [996/4000] | Avg Makespan: 272.25 | Actor Loss: -0.0057 | Critic Loss: 0.3174 | Grad Norm: 1.4178 | Clipped: 3/4
Epoch [997/4000] | Avg Makespan: 284.00 | Actor Loss: -0.0005 | Critic Loss: 0.3123 | Grad Norm: 2.8129 | Clipped: 4/4
Epoch [998/4000] | Avg Makespan: 283.25 | Actor Loss: -0.0073 | Critic Loss: 0.1826 | Grad Norm: 1.5898 | Clipped: 4/4
Epoch [999/4000] | Avg Makespan: 288.25 | Actor Loss: 0.0012 | Critic Loss: 0.3093 | Grad Norm: 2.6061 | Clipped: 4/4
Epoch [1000/4000] | Avg Makespan: 281.50 | Actor Loss: 0.0035 | Critic Loss: 0.5147 | Grad Norm: 2.3200 | Clipped: 4/4
   -> Validation | Samples: 280 | Makespan: 618.71 | Invalid Jobs: 0.04 | Score: 654.42
   -> Saved updated training chart to /home/wei/Desktop/AMR-DFJSP/runs/20260827_083140_v10_B_s43/chart.png
Epoch [1001/4000] | Avg Makespan: 282.75 | Actor Loss: -0.0003 | Critic Loss: 0.1660 | Grad Norm: 1.9267 | Clipped: 4/4
Epoch [1002/4000] | Avg Makespan: 272.50 | Actor Loss: -0.0049 | Critic Loss: 0.6198 | Grad Norm: 2.3150 | Clipped: 4/4
Epoch [1003/4000] | Avg Makespan: 274.25 | Actor Loss: -0.0076 | Critic Loss: 0.2733 | Grad Norm: 1.5903 | Clipped: 4/4
Epoch [1004/4000] | Avg Makespan: 286.75 | Actor Loss: -0.0026 | Critic Loss: 0.6309 | Grad Norm: 3.8225 | Clipped: 4/4
Epoch [1005/4000] | Avg Makespan: 282.75 | Actor Loss: -0.0054 | Critic Loss: 0.6591 | Grad Norm: 1.9104 | Clipped: 4/4
Epoch [1006/4000] | Avg Makespan: 287.50 | Actor Loss: -0.0075 | Critic Loss: 0.3050 | Grad Norm: 1.4435 | Clipped: 4/4
Epoch [1007/4000] | Avg Makespan: 273.50 | Actor Loss: 0.0078 | Critic Loss: 0.4108 | Grad Norm: 4.2498 | Clipped: 4/4
Epoch [1008/4000] | Avg Makespan: 283.00 | Actor Loss: -0.0062 | Critic Loss: 0.6591 | Grad Norm: 1.6061 | Clipped: 4/4
Epoch [1009/4000] | Avg Makespan: 276.00 | Actor Loss: -0.0085 | Critic Loss: 0.3853 | Grad Norm: 1.6933 | Clipped: 4/4
Epoch [1010/4000] | Avg Makespan: 284.25 | Actor Loss: -0.0056 | Critic Loss: 0.1667 | Grad Norm: 1.7360 | Clipped: 4/4
Epoch [1011/4000] | Avg Makespan: 276.75 | Actor Loss: 0.0011 | Critic Loss: 0.5853 | Grad Norm: 2.1341 | Clipped: 4/4
Epoch [1012/4000] | Avg Makespan: 287.50 | Actor Loss: -0.0079 | Critic Loss: 1.1778 | Grad Norm: 2.3382 | Clipped: 4/4
Epoch [1013/4000] | Avg Makespan: 278.50 | Actor Loss: -0.0097 | Critic Loss: 0.5049 | Grad Norm: 1.7942 | Clipped: 3/4
Epoch [1014/4000] | Avg Makespan: 282.75 | Actor Loss: -0.0005 | Critic Loss: 0.2667 | Grad Norm: 2.0708 | Clipped: 4/4
Epoch [1015/4000] | Avg Makespan: 275.75 | Actor Loss: -0.0076 | Critic Loss: 0.3540 | Grad Norm: 1.6569 | Clipped: 4/4
Epoch [1016/4000] | Avg Makespan: 283.00 | Actor Loss: 0.0026 | Critic Loss: 0.1688 | Grad Norm: 4.1591 | Clipped: 4/4
Epoch [1017/4000] | Avg Makespan: 281.50 | Actor Loss: -0.0017 | Critic Loss: 0.0989 | Grad Norm: 2.0969 | Clipped: 4/4
Epoch [1018/4000] | Avg Makespan: 282.50 | Actor Loss: 0.0006 | Critic Loss: 0.2183 | Grad Norm: 1.6493 | Clipped: 4/4
Epoch [1019/4000] | Avg Makespan: 277.00 | Actor Loss: -0.0071 | Critic Loss: 0.3652 | Grad Norm: 1.4874 | Clipped: 4/4
Epoch [1020/4000] | Avg Makespan: 284.75 | Actor Loss: -0.0009 | Critic Loss: 0.2795 | Grad Norm: 1.6280 | Clipped: 4/4
Epoch [1021/4000] | Avg Makespan: 287.75 | Actor Loss: -0.0047 | Critic Loss: 0.1633 | Grad Norm: 1.7730 | Clipped: 4/4
Epoch [1022/4000] | Avg Makespan: 280.50 | Actor Loss: -0.0109 | Critic Loss: 0.4103 | Grad Norm: 1.4699 | Clipped: 3/4
Epoch [1023/4000] | Avg Makespan: 281.00 | Actor Loss: -0.0078 | Critic Loss: 0.5162 | Grad Norm: 1.6734 | Clipped: 4/4
Epoch [1024/4000] | Avg Makespan: 282.00 | Actor Loss: -0.0066 | Critic Loss: 0.4651 | Grad Norm: 1.6736 | Clipped: 4/4
Epoch [1025/4000] | Avg Makespan: 272.25 | Actor Loss: -0.0033 | Critic Loss: 0.2818 | Grad Norm: 1.5907 | Clipped: 4/4
Epoch [1026/4000] | Avg Makespan: 292.25 | Actor Loss: -0.0073 | Critic Loss: 0.5298 | Grad Norm: 1.3653 | Clipped: 4/4
Epoch [1027/4000] | Avg Makespan: 285.50 | Actor Loss: -0.0064 | Critic Loss: 0.6237 | Grad Norm: 1.4345 | Clipped: 4/4
Epoch [1028/4000] | Avg Makespan: 290.00 | Actor Loss: -0.0079 | Critic Loss: 1.0907 | Grad Norm: 1.4001 | Clipped: 2/4
Epoch [1029/4000] | Avg Makespan: 287.50 | Actor Loss: -0.0069 | Critic Loss: 0.4094 | Grad Norm: 1.1457 | Clipped: 2/4
Epoch [1030/4000] | Avg Makespan: 277.50 | Actor Loss: -0.0105 | Critic Loss: 0.5434 | Grad Norm: 1.5938 | Clipped: 4/4
Epoch [1031/4000] | Avg Makespan: 276.75 | Actor Loss: -0.0052 | Critic Loss: 0.3795 | Grad Norm: 1.6221 | Clipped: 4/4
Epoch [1032/4000] | Avg Makespan: 284.25 | Actor Loss: -0.0037 | Critic Loss: 0.3112 | Grad Norm: 1.7618 | Clipped: 3/4
Epoch [1033/4000] | Avg Makespan: 289.25 | Actor Loss: -0.0122 | Critic Loss: 0.4803 | Grad Norm: 1.5238 | Clipped: 4/4
Epoch [1034/4000] | Avg Makespan: 285.50 | Actor Loss: -0.0108 | Critic Loss: 0.3019 | Grad Norm: 1.4339 | Clipped: 4/4
Epoch [1035/4000] | Avg Makespan: 281.25 | Actor Loss: -0.0040 | Critic Loss: 0.2834 | Grad Norm: 2.0909 | Clipped: 4/4
Epoch [1036/4000] | Avg Makespan: 273.00 | Actor Loss: -0.0072 | Critic Loss: 0.3464 | Grad Norm: 2.4477 | Clipped: 4/4
Epoch [1037/4000] | Avg Makespan: 278.25 | Actor Loss: -0.0102 | Critic Loss: 0.4791 | Grad Norm: 1.4867 | Clipped: 4/4
Epoch [1038/4000] | Avg Makespan: 283.75 | Actor Loss: -0.0099 | Critic Loss: 0.3532 | Grad Norm: 1.2739 | Clipped: 4/4
Epoch [1039/4000] | Avg Makespan: 282.50 | Actor Loss: -0.0070 | Critic Loss: 0.5761 | Grad Norm: 1.6719 | Clipped: 4/4
Epoch [1040/4000] | Avg Makespan: 278.25 | Actor Loss: -0.0079 | Critic Loss: 0.1672 | Grad Norm: 1.4321 | Clipped: 3/4
Epoch [1041/4000] | Avg Makespan: 293.50 | Actor Loss: -0.0049 | Critic Loss: 0.5319 | Grad Norm: 1.5130 | Clipped: 4/4
Epoch [1042/4000] | Avg Makespan: 283.00 | Actor Loss: -0.0077 | Critic Loss: 0.0702 | Grad Norm: 1.7050 | Clipped: 4/4
Epoch [1043/4000] | Avg Makespan: 289.25 | Actor Loss: -0.0036 | Critic Loss: 0.1536 | Grad Norm: 1.9975 | Clipped: 4/4
Epoch [1044/4000] | Avg Makespan: 284.25 | Actor Loss: -0.0079 | Critic Loss: 0.2896 | Grad Norm: 1.4564 | Clipped: 4/4
Epoch [1045/4000] | Avg Makespan: 293.50 | Actor Loss: 0.0015 | Critic Loss: 0.1505 | Grad Norm: 3.0689 | Clipped: 4/4
Epoch [1046/4000] | Avg Makespan: 287.00 | Actor Loss: -0.0064 | Critic Loss: 0.5048 | Grad Norm: 1.7593 | Clipped: 4/4
Epoch [1047/4000] | Avg Makespan: 288.00 | Actor Loss: -0.0087 | Critic Loss: 0.1950 | Grad Norm: 1.2186 | Clipped: 3/4
Epoch [1048/4000] | Avg Makespan: 284.00 | Actor Loss: -0.0086 | Critic Loss: 0.1976 | Grad Norm: 1.3837 | Clipped: 4/4
Epoch [1049/4000] | Avg Makespan: 287.50 | Actor Loss: -0.0076 | Critic Loss: 0.2249 | Grad Norm: 1.1028 | Clipped: 2/4
Epoch [1050/4000] | Avg Makespan: 283.50 | Actor Loss: -0.0089 | Critic Loss: 0.0973 | Grad Norm: 1.4281 | Clipped: 4/4
Epoch [1051/4000] | Avg Makespan: 293.50 | Actor Loss: -0.0082 | Critic Loss: 0.5393 | Grad Norm: 1.3606 | Clipped: 4/4
Epoch [1052/4000] | Avg Makespan: 279.75 | Actor Loss: -0.0097 | Critic Loss: 0.6050 | Grad Norm: 1.4040 | Clipped: 3/4
Epoch [1053/4000] | Avg Makespan: 278.50 | Actor Loss: -0.0059 | Critic Loss: 0.7632 | Grad Norm: 1.8802 | Clipped: 4/4
Epoch [1054/4000] | Avg Makespan: 283.25 | Actor Loss: -0.0046 | Critic Loss: 0.4408 | Grad Norm: 2.4198 | Clipped: 4/4
Epoch [1055/4000] | Avg Makespan: 282.00 | Actor Loss: -0.0062 | Critic Loss: 0.4309 | Grad Norm: 1.9545 | Clipped: 4/4
Epoch [1056/4000] | Avg Makespan: 282.50 | Actor Loss: -0.0071 | Critic Loss: 0.3483 | Grad Norm: 1.7377 | Clipped: 4/4
Epoch [1057/4000] | Avg Makespan: 283.25 | Actor Loss: -0.0063 | Critic Loss: 0.4432 | Grad Norm: 1.6095 | Clipped: 4/4
Epoch [1058/4000] | Avg Makespan: 289.50 | Actor Loss: -0.0062 | Critic Loss: 0.2725 | Grad Norm: 1.7436 | Clipped: 4/4
Epoch [1059/4000] | Avg Makespan: 288.00 | Actor Loss: -0.0097 | Critic Loss: 0.4672 | Grad Norm: 1.3795 | Clipped: 3/4
Epoch [1060/4000] | Avg Makespan: 291.25 | Actor Loss: -0.0061 | Critic Loss: 0.4116 | Grad Norm: 1.8875 | Clipped: 4/4
Epoch [1061/4000] | Avg Makespan: 283.25 | Actor Loss: -0.0101 | Critic Loss: 0.6207 | Grad Norm: 1.1969 | Clipped: 2/4
Epoch [1062/4000] | Avg Makespan: 280.25 | Actor Loss: -0.0067 | Critic Loss: 0.6010 | Grad Norm: 1.6882 | Clipped: 4/4
Epoch [1063/4000] | Avg Makespan: 282.25 | Actor Loss: -0.0032 | Critic Loss: 0.4013 | Grad Norm: 2.1199 | Clipped: 4/4
Epoch [1064/4000] | Avg Makespan: 283.75 | Actor Loss: -0.0113 | Critic Loss: 0.2350 | Grad Norm: 1.3661 | Clipped: 4/4
Epoch [1065/4000] | Avg Makespan: 286.00 | Actor Loss: -0.0096 | Critic Loss: 0.1444 | Grad Norm: 1.9289 | Clipped: 4/4
Epoch [1066/4000] | Avg Makespan: 293.50 | Actor Loss: -0.0086 | Critic Loss: 0.2119 | Grad Norm: 1.6964 | Clipped: 4/4
Epoch [1067/4000] | Avg Makespan: 281.50 | Actor Loss: -0.0025 | Critic Loss: 0.4708 | Grad Norm: 2.0954 | Clipped: 4/4
Epoch [1068/4000] | Avg Makespan: 272.75 | Actor Loss: -0.0038 | Critic Loss: 0.3649 | Grad Norm: 1.4298 | Clipped: 3/4
Epoch [1069/4000] | Avg Makespan: 280.75 | Actor Loss: -0.0069 | Critic Loss: 0.4733 | Grad Norm: 1.0677 | Clipped: 2/4
Epoch [1070/4000] | Avg Makespan: 278.75 | Actor Loss: -0.0050 | Critic Loss: 0.1304 | Grad Norm: 1.5781 | Clipped: 3/4
Epoch [1071/4000] | Avg Makespan: 281.75 | Actor Loss: -0.0074 | Critic Loss: 0.4594 | Grad Norm: 1.4524 | Clipped: 4/4
Epoch [1072/4000] | Avg Makespan: 267.25 | Actor Loss: -0.0023 | Critic Loss: 0.6825 | Grad Norm: 2.7227 | Clipped: 4/4
Epoch [1073/4000] | Avg Makespan: 270.00 | Actor Loss: -0.0104 | Critic Loss: 0.9728 | Grad Norm: 1.3937 | Clipped: 3/4
Epoch [1074/4000] | Avg Makespan: 259.50 | Actor Loss: -0.0079 | Critic Loss: 0.3958 | Grad Norm: 2.0506 | Clipped: 4/4
Epoch [1075/4000] | Avg Makespan: 274.00 | Actor Loss: -0.0039 | Critic Loss: 0.1686 | Grad Norm: 1.5720 | Clipped: 4/4
Epoch [1076/4000] | Avg Makespan: 271.00 | Actor Loss: -0.0051 | Critic Loss: 0.6473 | Grad Norm: 1.5118 | Clipped: 4/4
Epoch [1077/4000] | Avg Makespan: 276.50 | Actor Loss: -0.0047 | Critic Loss: 0.3645 | Grad Norm: 1.5652 | Clipped: 4/4
Epoch [1078/4000] | Avg Makespan: 273.25 | Actor Loss: -0.0089 | Critic Loss: 0.3909 | Grad Norm: 1.2653 | Clipped: 4/4
Epoch [1079/4000] | Avg Makespan: 284.25 | Actor Loss: -0.0063 | Critic Loss: 0.3335 | Grad Norm: 1.3466 | Clipped: 4/4
Epoch [1080/4000] | Avg Makespan: 285.50 | Actor Loss: -0.0076 | Critic Loss: 0.5061 | Grad Norm: 1.1602 | Clipped: 2/4
Epoch [1081/4000] | Avg Makespan: 290.50 | Actor Loss: -0.0073 | Critic Loss: 0.3428 | Grad Norm: 1.4233 | Clipped: 2/4
Epoch [1082/4000] | Avg Makespan: 285.75 | Actor Loss: -0.0079 | Critic Loss: 0.3238 | Grad Norm: 2.3832 | Clipped: 4/4
Epoch [1083/4000] | Avg Makespan: 283.75 | Actor Loss: -0.0055 | Critic Loss: 0.5222 | Grad Norm: 1.3902 | Clipped: 4/4
Epoch [1084/4000] | Avg Makespan: 278.00 | Actor Loss: -0.0072 | Critic Loss: 0.3280 | Grad Norm: 1.1381 | Clipped: 2/4
Epoch [1085/4000] | Avg Makespan: 289.00 | Actor Loss: -0.0017 | Critic Loss: 0.6971 | Grad Norm: 2.5952 | Clipped: 4/4
Epoch [1086/4000] | Avg Makespan: 274.75 | Actor Loss: -0.0098 | Critic Loss: 0.7007 | Grad Norm: 1.2779 | Clipped: 4/4
Epoch [1087/4000] | Avg Makespan: 272.25 | Actor Loss: -0.0039 | Critic Loss: 0.5524 | Grad Norm: 1.6239 | Clipped: 3/4
Epoch [1088/4000] | Avg Makespan: 280.00 | Actor Loss: -0.0048 | Critic Loss: 0.2076 | Grad Norm: 1.9300 | Clipped: 3/4
Epoch [1089/4000] | Avg Makespan: 282.50 | Actor Loss: -0.0015 | Critic Loss: 0.1570 | Grad Norm: 2.3542 | Clipped: 4/4
Epoch [1090/4000] | Avg Makespan: 285.75 | Actor Loss: 0.0046 | Critic Loss: 0.8893 | Grad Norm: 2.3234 | Clipped: 4/4
Epoch [1091/4000] | Avg Makespan: 289.75 | Actor Loss: -0.0086 | Critic Loss: 0.4672 | Grad Norm: 1.5195 | Clipped: 4/4
Epoch [1092/4000] | Avg Makespan: 286.00 | Actor Loss: -0.0051 | Critic Loss: 0.1472 | Grad Norm: 1.8237 | Clipped: 4/4
Epoch [1093/4000] | Avg Makespan: 274.75 | Actor Loss: -0.0114 | Critic Loss: 0.6512 | Grad Norm: 1.2508 | Clipped: 4/4
Epoch [1094/4000] | Avg Makespan: 278.50 | Actor Loss: -0.0094 | Critic Loss: 0.7837 | Grad Norm: 1.5494 | Clipped: 4/4
Epoch [1095/4000] | Avg Makespan: 279.75 | Actor Loss: -0.0064 | Critic Loss: 0.6181 | Grad Norm: 1.1632 | Clipped: 3/4
Epoch [1096/4000] | Avg Makespan: 281.50 | Actor Loss: -0.0041 | Critic Loss: 0.1288 | Grad Norm: 1.6014 | Clipped: 4/4
Epoch [1097/4000] | Avg Makespan: 283.75 | Actor Loss: -0.0046 | Critic Loss: 0.4113 | Grad Norm: 1.5878 | Clipped: 4/4
Epoch [1098/4000] | Avg Makespan: 277.75 | Actor Loss: -0.0074 | Critic Loss: 0.5906 | Grad Norm: 1.4945 | Clipped: 4/4
Epoch [1099/4000] | Avg Makespan: 272.50 | Actor Loss: -0.0042 | Critic Loss: 0.4872 | Grad Norm: 1.9744 | Clipped: 4/4
Epoch [1100/4000] | Avg Makespan: 282.50 | Actor Loss: -0.0001 | Critic Loss: 0.0668 | Grad Norm: 2.7015 | Clipped: 4/4
   -> Validation | Samples: 280 | Makespan: 590.62 | Invalid Jobs: 0.03 | Score: 619.19
   -> Saved updated training chart to /home/wei/Desktop/AMR-DFJSP/runs/20260827_083140_v10_B_s43/chart.png
Epoch [1101/4000] | Avg Makespan: 284.75 | Actor Loss: -0.0051 | Critic Loss: 0.5737 | Grad Norm: 1.6941 | Clipped: 4/4
Epoch [1102/4000] | Avg Makespan: 288.00 | Actor Loss: -0.0070 | Critic Loss: 0.4829 | Grad Norm: 1.3386 | Clipped: 4/4
Epoch [1103/4000] | Avg Makespan: 274.75 | Actor Loss: -0.0043 | Critic Loss: 0.4750 | Grad Norm: 1.7616 | Clipped: 4/4
Epoch [1104/4000] | Avg Makespan: 268.75 | Actor Loss: -0.0027 | Critic Loss: 0.4751 | Grad Norm: 1.5325 | Clipped: 4/4
Epoch [1105/4000] | Avg Makespan: 288.00 | Actor Loss: -0.0040 | Critic Loss: 0.2279 | Grad Norm: 1.8423 | Clipped: 4/4
Epoch [1106/4000] | Avg Makespan: 272.50 | Actor Loss: -0.0071 | Critic Loss: 0.9471 | Grad Norm: 1.2902 | Clipped: 3/4
Epoch [1107/4000] | Avg Makespan: 274.25 | Actor Loss: -0.0072 | Critic Loss: 0.1930 | Grad Norm: 1.5864 | Clipped: 4/4
Epoch [1108/4000] | Avg Makespan: 278.75 | Actor Loss: -0.0069 | Critic Loss: 0.8598 | Grad Norm: 2.2143 | Clipped: 4/4
Epoch [1109/4000] | Avg Makespan: 282.50 | Actor Loss: -0.0052 | Critic Loss: 0.3611 | Grad Norm: 1.6190 | Clipped: 4/4
Epoch [1110/4000] | Avg Makespan: 271.25 | Actor Loss: 0.0034 | Critic Loss: 0.3588 | Grad Norm: 2.2443 | Clipped: 4/4
Epoch [1111/4000] | Avg Makespan: 273.50 | Actor Loss: -0.0031 | Critic Loss: 0.2777 | Grad Norm: 2.7336 | Clipped: 4/4
Epoch [1112/4000] | Avg Makespan: 288.25 | Actor Loss: -0.0043 | Critic Loss: 0.8416 | Grad Norm: 2.3817 | Clipped: 4/4
Epoch [1113/4000] | Avg Makespan: 264.25 | Actor Loss: -0.0103 | Critic Loss: 0.7866 | Grad Norm: 1.8973 | Clipped: 4/4
Epoch [1114/4000] | Avg Makespan: 280.75 | Actor Loss: -0.0075 | Critic Loss: 0.1660 | Grad Norm: 1.6178 | Clipped: 4/4
Epoch [1115/4000] | Avg Makespan: 273.25 | Actor Loss: -0.0070 | Critic Loss: 0.9921 | Grad Norm: 1.1758 | Clipped: 3/4
Epoch [1116/4000] | Avg Makespan: 278.00 | Actor Loss: -0.0063 | Critic Loss: 0.3856 | Grad Norm: 1.6860 | Clipped: 4/4
Epoch [1117/4000] | Avg Makespan: 283.00 | Actor Loss: -0.0006 | Critic Loss: 0.1866 | Grad Norm: 2.4362 | Clipped: 4/4
Epoch [1118/4000] | Avg Makespan: 268.50 | Actor Loss: -0.0064 | Critic Loss: 0.2069 | Grad Norm: 1.3324 | Clipped: 4/4
Epoch [1119/4000] | Avg Makespan: 280.00 | Actor Loss: -0.0060 | Critic Loss: 0.4632 | Grad Norm: 1.7315 | Clipped: 4/4
Epoch [1120/4000] | Avg Makespan: 280.00 | Actor Loss: -0.0013 | Critic Loss: 0.2809 | Grad Norm: 2.3676 | Clipped: 4/4
Epoch [1121/4000] | Avg Makespan: 283.50 | Actor Loss: -0.0050 | Critic Loss: 0.0831 | Grad Norm: 1.5002 | Clipped: 4/4
Epoch [1122/4000] | Avg Makespan: 288.00 | Actor Loss: -0.0034 | Critic Loss: 0.4517 | Grad Norm: 2.0304 | Clipped: 4/4
Epoch [1123/4000] | Avg Makespan: 281.75 | Actor Loss: -0.0067 | Critic Loss: 0.3601 | Grad Norm: 1.5026 | Clipped: 4/4
Epoch [1124/4000] | Avg Makespan: 285.25 | Actor Loss: -0.0009 | Critic Loss: 0.8235 | Grad Norm: 1.5704 | Clipped: 4/4
Epoch [1125/4000] | Avg Makespan: 289.25 | Actor Loss: -0.0001 | Critic Loss: 0.2824 | Grad Norm: 1.7864 | Clipped: 3/4
Epoch [1126/4000] | Avg Makespan: 280.00 | Actor Loss: -0.0035 | Critic Loss: 0.2913 | Grad Norm: 1.8014 | Clipped: 4/4
Epoch [1127/4000] | Avg Makespan: 262.50 | Actor Loss: -0.0034 | Critic Loss: 1.3074 | Grad Norm: 1.4265 | Clipped: 4/4
Epoch [1128/4000] | Avg Makespan: 265.00 | Actor Loss: -0.0016 | Critic Loss: 0.5212 | Grad Norm: 1.7617 | Clipped: 4/4
Epoch [1129/4000] | Avg Makespan: 280.50 | Actor Loss: -0.0044 | Critic Loss: 0.1848 | Grad Norm: 1.9406 | Clipped: 3/4
Epoch [1130/4000] | Avg Makespan: 272.75 | Actor Loss: 0.0020 | Critic Loss: 0.2028 | Grad Norm: 2.6132 | Clipped: 4/4
Epoch [1131/4000] | Avg Makespan: 272.25 | Actor Loss: -0.0029 | Critic Loss: 0.6228 | Grad Norm: 1.7503 | Clipped: 4/4
Epoch [1132/4000] | Avg Makespan: 281.75 | Actor Loss: -0.0024 | Critic Loss: 0.8881 | Grad Norm: 1.9438 | Clipped: 4/4
Epoch [1133/4000] | Avg Makespan: 273.75 | Actor Loss: -0.0036 | Critic Loss: 0.6958 | Grad Norm: 2.2470 | Clipped: 4/4
Epoch [1134/4000] | Avg Makespan: 279.75 | Actor Loss: -0.0032 | Critic Loss: 0.2640 | Grad Norm: 1.9807 | Clipped: 4/4
Epoch [1135/4000] | Avg Makespan: 267.50 | Actor Loss: -0.0064 | Critic Loss: 0.5942 | Grad Norm: 1.9102 | Clipped: 4/4
Epoch [1136/4000] | Avg Makespan: 283.00 | Actor Loss: -0.0051 | Critic Loss: 0.2420 | Grad Norm: 1.9297 | Clipped: 3/4
Epoch [1137/4000] | Avg Makespan: 284.75 | Actor Loss: -0.0026 | Critic Loss: 0.9051 | Grad Norm: 2.0358 | Clipped: 4/4
Epoch [1138/4000] | Avg Makespan: 277.00 | Actor Loss: -0.0109 | Critic Loss: 0.2892 | Grad Norm: 1.4651 | Clipped: 3/4
Epoch [1139/4000] | Avg Makespan: 273.00 | Actor Loss: -0.0076 | Critic Loss: 0.2358 | Grad Norm: 1.2801 | Clipped: 3/4
Epoch [1140/4000] | Avg Makespan: 276.75 | Actor Loss: -0.0056 | Critic Loss: 0.2337 | Grad Norm: 1.4937 | Clipped: 4/4
Epoch [1141/4000] | Avg Makespan: 279.75 | Actor Loss: -0.0131 | Critic Loss: 0.2474 | Grad Norm: 2.2168 | Clipped: 4/4
Epoch [1142/4000] | Avg Makespan: 261.75 | Actor Loss: -0.0032 | Critic Loss: 0.3081 | Grad Norm: 1.8766 | Clipped: 4/4
Epoch [1143/4000] | Avg Makespan: 272.00 | Actor Loss: -0.0068 | Critic Loss: 0.4101 | Grad Norm: 1.8839 | Clipped: 4/4
Epoch [1144/4000] | Avg Makespan: 284.25 | Actor Loss: -0.0073 | Critic Loss: 0.9539 | Grad Norm: 1.6936 | Clipped: 4/4
Epoch [1145/4000] | Avg Makespan: 275.00 | Actor Loss: -0.0088 | Critic Loss: 0.4010 | Grad Norm: 0.8912 | Clipped: 1/4
Epoch [1146/4000] | Avg Makespan: 257.75 | Actor Loss: -0.0053 | Critic Loss: 0.3496 | Grad Norm: 2.3581 | Clipped: 4/4
Epoch [1147/4000] | Avg Makespan: 276.75 | Actor Loss: -0.0092 | Critic Loss: 0.7654 | Grad Norm: 1.4823 | Clipped: 4/4
Epoch [1148/4000] | Avg Makespan: 264.25 | Actor Loss: -0.0013 | Critic Loss: 0.4165 | Grad Norm: 2.3661 | Clipped: 4/4
Epoch [1149/4000] | Avg Makespan: 267.00 | Actor Loss: -0.0029 | Critic Loss: 0.1725 | Grad Norm: 1.8735 | Clipped: 4/4
Epoch [1150/4000] | Avg Makespan: 271.25 | Actor Loss: -0.0043 | Critic Loss: 0.3894 | Grad Norm: 1.8488 | Clipped: 4/4
Epoch [1151/4000] | Avg Makespan: 274.00 | Actor Loss: -0.0071 | Critic Loss: 0.4871 | Grad Norm: 1.6801 | Clipped: 4/4
Epoch [1152/4000] | Avg Makespan: 284.50 | Actor Loss: -0.0039 | Critic Loss: 0.4711 | Grad Norm: 1.6920 | Clipped: 4/4
Epoch [1153/4000] | Avg Makespan: 268.00 | Actor Loss: -0.0078 | Critic Loss: 0.2312 | Grad Norm: 1.3334 | Clipped: 3/4
Epoch [1154/4000] | Avg Makespan: 270.25 | Actor Loss: -0.0082 | Critic Loss: 0.2168 | Grad Norm: 1.3214 | Clipped: 4/4
Epoch [1155/4000] | Avg Makespan: 281.50 | Actor Loss: -0.0087 | Critic Loss: 0.4325 | Grad Norm: 1.4231 | Clipped: 4/4
Epoch [1156/4000] | Avg Makespan: 270.25 | Actor Loss: -0.0087 | Critic Loss: 0.6160 | Grad Norm: 1.4475 | Clipped: 4/4
Epoch [1157/4000] | Avg Makespan: 286.25 | Actor Loss: -0.0050 | Critic Loss: 0.8447 | Grad Norm: 1.8842 | Clipped: 4/4
Epoch [1158/4000] | Avg Makespan: 258.50 | Actor Loss: -0.0069 | Critic Loss: 0.6488 | Grad Norm: 2.0474 | Clipped: 4/4
Epoch [1159/4000] | Avg Makespan: 266.00 | Actor Loss: -0.0045 | Critic Loss: 0.3150 | Grad Norm: 2.0929 | Clipped: 4/4
Epoch [1160/4000] | Avg Makespan: 286.25 | Actor Loss: 0.0073 | Critic Loss: 0.4857 | Grad Norm: 2.1095 | Clipped: 4/4
Epoch [1161/4000] | Avg Makespan: 282.50 | Actor Loss: -0.0046 | Critic Loss: 0.5312 | Grad Norm: 2.1573 | Clipped: 4/4
Epoch [1162/4000] | Avg Makespan: 281.25 | Actor Loss: -0.0064 | Critic Loss: 0.1146 | Grad Norm: 1.5561 | Clipped: 4/4
Epoch [1163/4000] | Avg Makespan: 287.50 | Actor Loss: -0.0076 | Critic Loss: 0.2032 | Grad Norm: 1.1917 | Clipped: 2/4
Epoch [1164/4000] | Avg Makespan: 267.25 | Actor Loss: -0.0055 | Critic Loss: 0.9563 | Grad Norm: 1.7012 | Clipped: 4/4
Epoch [1165/4000] | Avg Makespan: 278.00 | Actor Loss: -0.0095 | Critic Loss: 0.1429 | Grad Norm: 1.1614 | Clipped: 4/4
Epoch [1166/4000] | Avg Makespan: 271.75 | Actor Loss: -0.0079 | Critic Loss: 0.3092 | Grad Norm: 1.5425 | Clipped: 4/4
Epoch [1167/4000] | Avg Makespan: 271.25 | Actor Loss: -0.0045 | Critic Loss: 0.5654 | Grad Norm: 1.9070 | Clipped: 4/4
Epoch [1168/4000] | Avg Makespan: 271.00 | Actor Loss: -0.0063 | Critic Loss: 0.2287 | Grad Norm: 1.1818 | Clipped: 4/4
Epoch [1169/4000] | Avg Makespan: 273.25 | Actor Loss: -0.0044 | Critic Loss: 0.2672 | Grad Norm: 1.9319 | Clipped: 4/4
Epoch [1170/4000] | Avg Makespan: 275.25 | Actor Loss: -0.0062 | Critic Loss: 0.2100 | Grad Norm: 1.4715 | Clipped: 4/4
Epoch [1171/4000] | Avg Makespan: 281.50 | Actor Loss: -0.0091 | Critic Loss: 0.6267 | Grad Norm: 1.3110 | Clipped: 4/4
Epoch [1172/4000] | Avg Makespan: 278.75 | Actor Loss: -0.0053 | Critic Loss: 0.2411 | Grad Norm: 1.7683 | Clipped: 4/4
Epoch [1173/4000] | Avg Makespan: 285.25 | Actor Loss: -0.0068 | Critic Loss: 0.3479 | Grad Norm: 1.0949 | Clipped: 2/4
Epoch [1174/4000] | Avg Makespan: 275.50 | Actor Loss: 0.0002 | Critic Loss: 0.1578 | Grad Norm: 5.3689 | Clipped: 4/4
Epoch [1175/4000] | Avg Makespan: 274.75 | Actor Loss: -0.0081 | Critic Loss: 0.2133 | Grad Norm: 1.6783 | Clipped: 4/4
Epoch [1176/4000] | Avg Makespan: 277.50 | Actor Loss: -0.0033 | Critic Loss: 0.3219 | Grad Norm: 1.3596 | Clipped: 2/4
Epoch [1177/4000] | Avg Makespan: 291.75 | Actor Loss: -0.0041 | Critic Loss: 0.2817 | Grad Norm: 1.6856 | Clipped: 4/4
Epoch [1178/4000] | Avg Makespan: 278.75 | Actor Loss: -0.0073 | Critic Loss: 0.5979 | Grad Norm: 1.7331 | Clipped: 4/4
Epoch [1179/4000] | Avg Makespan: 276.00 | Actor Loss: -0.0046 | Critic Loss: 0.3469 | Grad Norm: 1.6704 | Clipped: 4/4
Epoch [1180/4000] | Avg Makespan: 279.00 | Actor Loss: -0.0049 | Critic Loss: 0.3370 | Grad Norm: 1.2748 | Clipped: 4/4
Epoch [1181/4000] | Avg Makespan: 267.25 | Actor Loss: -0.0079 | Critic Loss: 0.4676 | Grad Norm: 1.8628 | Clipped: 4/4
Epoch [1182/4000] | Avg Makespan: 283.75 | Actor Loss: -0.0123 | Critic Loss: 0.4056 | Grad Norm: 1.6344 | Clipped: 4/4
Epoch [1183/4000] | Avg Makespan: 281.75 | Actor Loss: -0.0002 | Critic Loss: 0.1194 | Grad Norm: 1.6199 | Clipped: 4/4
Epoch [1184/4000] | Avg Makespan: 280.75 | Actor Loss: -0.0118 | Critic Loss: 0.1541 | Grad Norm: 1.3767 | Clipped: 4/4
Epoch [1185/4000] | Avg Makespan: 290.25 | Actor Loss: -0.0042 | Critic Loss: 0.5706 | Grad Norm: 2.2028 | Clipped: 4/4
Epoch [1186/4000] | Avg Makespan: 272.50 | Actor Loss: -0.0069 | Critic Loss: 0.6688 | Grad Norm: 1.3910 | Clipped: 4/4
Epoch [1187/4000] | Avg Makespan: 274.25 | Actor Loss: -0.0030 | Critic Loss: 0.3076 | Grad Norm: 1.5292 | Clipped: 4/4
Epoch [1188/4000] | Avg Makespan: 278.00 | Actor Loss: -0.0051 | Critic Loss: 0.3446 | Grad Norm: 1.7253 | Clipped: 4/4
Epoch [1189/4000] | Avg Makespan: 277.50 | Actor Loss: 0.0058 | Critic Loss: 0.1912 | Grad Norm: 3.4661 | Clipped: 4/4
Epoch [1190/4000] | Avg Makespan: 276.75 | Actor Loss: -0.0020 | Critic Loss: 0.1093 | Grad Norm: 2.6336 | Clipped: 4/4
Epoch [1191/4000] | Avg Makespan: 269.50 | Actor Loss: -0.0071 | Critic Loss: 0.2549 | Grad Norm: 1.9408 | Clipped: 4/4
Epoch [1192/4000] | Avg Makespan: 281.75 | Actor Loss: -0.0062 | Critic Loss: 0.2770 | Grad Norm: 2.0024 | Clipped: 4/4
Epoch [1193/4000] | Avg Makespan: 278.75 | Actor Loss: -0.0039 | Critic Loss: 0.2010 | Grad Norm: 2.2654 | Clipped: 4/4
Epoch [1194/4000] | Avg Makespan: 277.00 | Actor Loss: -0.0083 | Critic Loss: 0.9644 | Grad Norm: 1.7096 | Clipped: 4/4
Epoch [1195/4000] | Avg Makespan: 291.00 | Actor Loss: -0.0076 | Critic Loss: 0.7249 | Grad Norm: 1.1713 | Clipped: 2/4
Epoch [1196/4000] | Avg Makespan: 271.50 | Actor Loss: -0.0089 | Critic Loss: 0.2420 | Grad Norm: 1.5742 | Clipped: 4/4
Epoch [1197/4000] | Avg Makespan: 283.25 | Actor Loss: -0.0085 | Critic Loss: 0.4359 | Grad Norm: 1.4903 | Clipped: 4/4
Epoch [1198/4000] | Avg Makespan: 281.00 | Actor Loss: -0.0065 | Critic Loss: 0.6597 | Grad Norm: 1.8118 | Clipped: 4/4
Epoch [1199/4000] | Avg Makespan: 278.00 | Actor Loss: -0.0028 | Critic Loss: 0.1724 | Grad Norm: 1.8638 | Clipped: 4/4
Epoch [1200/4000] | Avg Makespan: 281.00 | Actor Loss: -0.0071 | Critic Loss: 0.1850 | Grad Norm: 1.6507 | Clipped: 4/4
   -> Validation | Samples: 280 | Makespan: 598.79 | Invalid Jobs: 0.02 | Score: 616.65
   -> Saved updated training chart to /home/wei/Desktop/AMR-DFJSP/runs/20260827_083140_v10_B_s43/chart.png
Epoch [1201/4000] | Avg Makespan: 287.25 | Actor Loss: -0.0035 | Critic Loss: 0.3540 | Grad Norm: 2.4802 | Clipped: 4/4
Epoch [1202/4000] | Avg Makespan: 286.00 | Actor Loss: -0.0087 | Critic Loss: 0.4917 | Grad Norm: 1.6219 | Clipped: 4/4
Epoch [1203/4000] | Avg Makespan: 274.00 | Actor Loss: -0.0015 | Critic Loss: 0.2708 | Grad Norm: 2.0048 | Clipped: 4/4
Epoch [1204/4000] | Avg Makespan: 282.75 | Actor Loss: -0.0055 | Critic Loss: 0.1564 | Grad Norm: 1.7065 | Clipped: 4/4
Epoch [1205/4000] | Avg Makespan: 276.75 | Actor Loss: -0.0045 | Critic Loss: 0.3445 | Grad Norm: 1.7683 | Clipped: 4/4
Epoch [1206/4000] | Avg Makespan: 281.75 | Actor Loss: -0.0075 | Critic Loss: 0.4097 | Grad Norm: 1.2939 | Clipped: 4/4
Epoch [1207/4000] | Avg Makespan: 281.75 | Actor Loss: -0.0107 | Critic Loss: 0.3819 | Grad Norm: 1.6712 | Clipped: 4/4
Epoch [1208/4000] | Avg Makespan: 280.75 | Actor Loss: -0.0067 | Critic Loss: 0.2470 | Grad Norm: 2.0220 | Clipped: 4/4
Epoch [1209/4000] | Avg Makespan: 271.00 | Actor Loss: -0.0039 | Critic Loss: 0.6787 | Grad Norm: 2.0273 | Clipped: 4/4
Epoch [1210/4000] | Avg Makespan: 273.25 | Actor Loss: -0.0061 | Critic Loss: 0.3062 | Grad Norm: 2.0414 | Clipped: 4/4
Epoch [1211/4000] | Avg Makespan: 265.75 | Actor Loss: -0.0084 | Critic Loss: 0.3308 | Grad Norm: 1.7197 | Clipped: 4/4
Epoch [1212/4000] | Avg Makespan: 281.00 | Actor Loss: -0.0056 | Critic Loss: 0.2129 | Grad Norm: 1.6379 | Clipped: 4/4
Epoch [1213/4000] | Avg Makespan: 267.75 | Actor Loss: -0.0081 | Critic Loss: 0.2613 | Grad Norm: 1.7049 | Clipped: 4/4
Epoch [1214/4000] | Avg Makespan: 280.75 | Actor Loss: -0.0073 | Critic Loss: 0.4992 | Grad Norm: 1.4693 | Clipped: 4/4
Epoch [1215/4000] | Avg Makespan: 290.25 | Actor Loss: 0.0014 | Critic Loss: 0.7352 | Grad Norm: 1.6576 | Clipped: 4/4
Epoch [1216/4000] | Avg Makespan: 270.00 | Actor Loss: -0.0039 | Critic Loss: 0.6239 | Grad Norm: 1.6681 | Clipped: 4/4
Epoch [1217/4000] | Avg Makespan: 284.25 | Actor Loss: -0.0085 | Critic Loss: 0.2630 | Grad Norm: 1.4830 | Clipped: 3/4
Epoch [1218/4000] | Avg Makespan: 273.75 | Actor Loss: -0.0075 | Critic Loss: 0.2905 | Grad Norm: 1.1947 | Clipped: 4/4
Epoch [1219/4000] | Avg Makespan: 278.00 | Actor Loss: -0.0038 | Critic Loss: 0.2346 | Grad Norm: 1.3201 | Clipped: 4/4
Epoch [1220/4000] | Avg Makespan: 288.00 | Actor Loss: -0.0039 | Critic Loss: 0.4113 | Grad Norm: 1.6371 | Clipped: 4/4
Epoch [1221/4000] | Avg Makespan: 287.00 | Actor Loss: -0.0068 | Critic Loss: 0.0927 | Grad Norm: 1.4894 | Clipped: 3/4
Epoch [1222/4000] | Avg Makespan: 275.25 | Actor Loss: 0.0016 | Critic Loss: 0.2601 | Grad Norm: 2.0090 | Clipped: 4/4
Epoch [1223/4000] | Avg Makespan: 263.00 | Actor Loss: -0.0074 | Critic Loss: 0.6151 | Grad Norm: 1.7004 | Clipped: 3/4
Epoch [1224/4000] | Avg Makespan: 269.25 | Actor Loss: -0.0040 | Critic Loss: 0.5333 | Grad Norm: 1.5364 | Clipped: 4/4
Epoch [1225/4000] | Avg Makespan: 283.75 | Actor Loss: -0.0012 | Critic Loss: 0.5673 | Grad Norm: 2.0181 | Clipped: 4/4
Epoch [1226/4000] | Avg Makespan: 263.50 | Actor Loss: -0.0081 | Critic Loss: 0.4103 | Grad Norm: 1.5809 | Clipped: 4/4
Epoch [1227/4000] | Avg Makespan: 267.25 | Actor Loss: -0.0066 | Critic Loss: 0.1869 | Grad Norm: 1.6686 | Clipped: 4/4
Epoch [1228/4000] | Avg Makespan: 273.00 | Actor Loss: -0.0035 | Critic Loss: 0.1744 | Grad Norm: 2.1800 | Clipped: 4/4
Epoch [1229/4000] | Avg Makespan: 268.50 | Actor Loss: -0.0050 | Critic Loss: 0.3003 | Grad Norm: 2.0226 | Clipped: 4/4
Epoch [1230/4000] | Avg Makespan: 298.75 | Actor Loss: 0.0019 | Critic Loss: 0.3757 | Grad Norm: 1.3824 | Clipped: 3/4
Epoch [1231/4000] | Avg Makespan: 279.00 | Actor Loss: -0.0064 | Critic Loss: 0.1756 | Grad Norm: 1.3814 | Clipped: 4/4
Epoch [1232/4000] | Avg Makespan: 265.00 | Actor Loss: -0.0026 | Critic Loss: 0.4656 | Grad Norm: 1.8674 | Clipped: 4/4
Epoch [1233/4000] | Avg Makespan: 277.75 | Actor Loss: -0.0054 | Critic Loss: 0.4477 | Grad Norm: 1.4320 | Clipped: 4/4
Epoch [1234/4000] | Avg Makespan: 282.25 | Actor Loss: -0.0040 | Critic Loss: 0.5935 | Grad Norm: 1.9567 | Clipped: 4/4
Epoch [1235/4000] | Avg Makespan: 278.25 | Actor Loss: -0.0038 | Critic Loss: 1.7292 | Grad Norm: 2.6530 | Clipped: 4/4
Epoch [1236/4000] | Avg Makespan: 277.75 | Actor Loss: -0.0071 | Critic Loss: 0.2193 | Grad Norm: 1.5853 | Clipped: 4/4
Epoch [1237/4000] | Avg Makespan: 279.75 | Actor Loss: -0.0084 | Critic Loss: 0.5607 | Grad Norm: 1.9415 | Clipped: 4/4
Epoch [1238/4000] | Avg Makespan: 269.75 | Actor Loss: -0.0068 | Critic Loss: 0.6621 | Grad Norm: 2.0670 | Clipped: 4/4
Epoch [1239/4000] | Avg Makespan: 278.50 | Actor Loss: -0.0088 | Critic Loss: 0.2879 | Grad Norm: 1.4330 | Clipped: 4/4
Epoch [1240/4000] | Avg Makespan: 274.75 | Actor Loss: -0.0081 | Critic Loss: 0.2109 | Grad Norm: 1.4785 | Clipped: 4/4
Epoch [1241/4000] | Avg Makespan: 272.00 | Actor Loss: -0.0071 | Critic Loss: 0.2977 | Grad Norm: 1.5238 | Clipped: 3/4
Epoch [1242/4000] | Avg Makespan: 280.00 | Actor Loss: -0.0107 | Critic Loss: 0.6365 | Grad Norm: 1.4676 | Clipped: 3/4
Epoch [1243/4000] | Avg Makespan: 269.75 | Actor Loss: -0.0067 | Critic Loss: 0.5088 | Grad Norm: 2.6419 | Clipped: 4/4
Epoch [1244/4000] | Avg Makespan: 274.25 | Actor Loss: -0.0044 | Critic Loss: 0.4741 | Grad Norm: 2.1833 | Clipped: 4/4
Epoch [1245/4000] | Avg Makespan: 278.00 | Actor Loss: -0.0096 | Critic Loss: 0.4885 | Grad Norm: 1.5982 | Clipped: 4/4
Epoch [1246/4000] | Avg Makespan: 275.50 | Actor Loss: -0.0057 | Critic Loss: 0.4884 | Grad Norm: 1.7430 | Clipped: 4/4
Epoch [1247/4000] | Avg Makespan: 273.50 | Actor Loss: -0.0055 | Critic Loss: 0.1644 | Grad Norm: 1.8664 | Clipped: 4/4
Epoch [1248/4000] | Avg Makespan: 275.25 | Actor Loss: -0.0057 | Critic Loss: 0.1269 | Grad Norm: 1.8192 | Clipped: 4/4
Epoch [1249/4000] | Avg Makespan: 272.75 | Actor Loss: -0.0036 | Critic Loss: 0.1172 | Grad Norm: 2.2429 | Clipped: 4/4
Epoch [1250/4000] | Avg Makespan: 270.00 | Actor Loss: -0.0070 | Critic Loss: 0.3279 | Grad Norm: 1.5984 | Clipped: 3/4
Epoch [1251/4000] | Avg Makespan: 280.75 | Actor Loss: -0.0077 | Critic Loss: 0.3116 | Grad Norm: 1.7552 | Clipped: 4/4
Epoch [1252/4000] | Avg Makespan: 272.75 | Actor Loss: -0.0065 | Critic Loss: 0.2060 | Grad Norm: 1.9084 | Clipped: 4/4
Epoch [1253/4000] | Avg Makespan: 269.50 | Actor Loss: -0.0088 | Critic Loss: 0.1801 | Grad Norm: 1.5769 | Clipped: 4/4
Epoch [1254/4000] | Avg Makespan: 272.25 | Actor Loss: -0.0029 | Critic Loss: 0.6775 | Grad Norm: 2.2521 | Clipped: 4/4
Epoch [1255/4000] | Avg Makespan: 280.00 | Actor Loss: -0.0071 | Critic Loss: 0.1869 | Grad Norm: 1.6969 | Clipped: 4/4
Epoch [1256/4000] | Avg Makespan: 274.50 | Actor Loss: -0.0041 | Critic Loss: 0.4908 | Grad Norm: 2.5229 | Clipped: 4/4
Epoch [1257/4000] | Avg Makespan: 288.00 | Actor Loss: -0.0038 | Critic Loss: 0.7947 | Grad Norm: 2.1935 | Clipped: 4/4
Epoch [1258/4000] | Avg Makespan: 295.00 | Actor Loss: -0.0027 | Critic Loss: 1.4161 | Grad Norm: 3.4892 | Clipped: 4/4
Epoch [1259/4000] | Avg Makespan: 265.75 | Actor Loss: -0.0042 | Critic Loss: 0.9288 | Grad Norm: 2.2415 | Clipped: 4/4
Epoch [1260/4000] | Avg Makespan: 266.50 | Actor Loss: -0.0050 | Critic Loss: 0.6426 | Grad Norm: 2.2323 | Clipped: 4/4
Epoch [1261/4000] | Avg Makespan: 270.25 | Actor Loss: -0.0017 | Critic Loss: 0.2783 | Grad Norm: 1.8628 | Clipped: 4/4
Epoch [1262/4000] | Avg Makespan: 286.50 | Actor Loss: -0.0087 | Critic Loss: 0.6355 | Grad Norm: 2.0844 | Clipped: 4/4
Epoch [1263/4000] | Avg Makespan: 278.75 | Actor Loss: -0.0017 | Critic Loss: 0.3279 | Grad Norm: 2.0833 | Clipped: 4/4
Epoch [1264/4000] | Avg Makespan: 282.00 | Actor Loss: -0.0043 | Critic Loss: 0.3664 | Grad Norm: 1.8599 | Clipped: 4/4
Epoch [1265/4000] | Avg Makespan: 283.50 | Actor Loss: -0.0095 | Critic Loss: 0.1888 | Grad Norm: 1.6727 | Clipped: 4/4
Epoch [1266/4000] | Avg Makespan: 281.25 | Actor Loss: -0.0059 | Critic Loss: 0.4249 | Grad Norm: 1.9842 | Clipped: 4/4
Epoch [1267/4000] | Avg Makespan: 277.50 | Actor Loss: -0.0082 | Critic Loss: 0.3209 | Grad Norm: 1.7689 | Clipped: 4/4
Epoch [1268/4000] | Avg Makespan: 266.75 | Actor Loss: -0.0032 | Critic Loss: 0.3223 | Grad Norm: 2.0192 | Clipped: 4/4
Epoch [1269/4000] | Avg Makespan: 279.75 | Actor Loss: -0.0102 | Critic Loss: 0.3351 | Grad Norm: 2.0720 | Clipped: 4/4
Epoch [1270/4000] | Avg Makespan: 290.25 | Actor Loss: -0.0073 | Critic Loss: 0.2958 | Grad Norm: 1.5771 | Clipped: 4/4
Epoch [1271/4000] | Avg Makespan: 268.50 | Actor Loss: -0.0084 | Critic Loss: 0.4771 | Grad Norm: 1.6143 | Clipped: 4/4
Epoch [1272/4000] | Avg Makespan: 283.75 | Actor Loss: -0.0039 | Critic Loss: 2.1066 | Grad Norm: 1.9293 | Clipped: 4/4
Epoch [1273/4000] | Avg Makespan: 277.75 | Actor Loss: -0.0027 | Critic Loss: 0.2630 | Grad Norm: 2.0620 | Clipped: 4/4
Epoch [1274/4000] | Avg Makespan: 265.25 | Actor Loss: -0.0015 | Critic Loss: 0.3180 | Grad Norm: 1.7731 | Clipped: 4/4
Epoch [1275/4000] | Avg Makespan: 271.25 | Actor Loss: -0.0015 | Critic Loss: 0.5081 | Grad Norm: 2.7777 | Clipped: 4/4
Epoch [1276/4000] | Avg Makespan: 283.25 | Actor Loss: -0.0012 | Critic Loss: 0.2825 | Grad Norm: 2.5142 | Clipped: 4/4
Epoch [1277/4000] | Avg Makespan: 271.25 | Actor Loss: -0.0063 | Critic Loss: 0.1674 | Grad Norm: 1.5037 | Clipped: 3/4
Epoch [1278/4000] | Avg Makespan: 276.25 | Actor Loss: -0.0026 | Critic Loss: 0.2665 | Grad Norm: 2.1775 | Clipped: 4/4
Epoch [1279/4000] | Avg Makespan: 275.75 | Actor Loss: -0.0085 | Critic Loss: 0.1486 | Grad Norm: 1.4023 | Clipped: 4/4
Epoch [1280/4000] | Avg Makespan: 276.50 | Actor Loss: -0.0058 | Critic Loss: 0.2652 | Grad Norm: 2.0985 | Clipped: 4/4
Epoch [1281/4000] | Avg Makespan: 271.75 | Actor Loss: -0.0061 | Critic Loss: 0.5741 | Grad Norm: 1.7345 | Clipped: 4/4
Epoch [1282/4000] | Avg Makespan: 281.50 | Actor Loss: -0.0115 | Critic Loss: 0.1171 | Grad Norm: 1.7142 | Clipped: 4/4
Epoch [1283/4000] | Avg Makespan: 276.50 | Actor Loss: -0.0078 | Critic Loss: 1.1929 | Grad Norm: 1.2840 | Clipped: 3/4
Epoch [1284/4000] | Avg Makespan: 275.25 | Actor Loss: -0.0081 | Critic Loss: 0.7319 | Grad Norm: 1.9101 | Clipped: 4/4
Epoch [1285/4000] | Avg Makespan: 283.25 | Actor Loss: -0.0083 | Critic Loss: 0.4063 | Grad Norm: 1.3545 | Clipped: 4/4
Epoch [1286/4000] | Avg Makespan: 259.50 | Actor Loss: -0.0056 | Critic Loss: 0.7036 | Grad Norm: 1.9958 | Clipped: 4/4
Epoch [1287/4000] | Avg Makespan: 284.00 | Actor Loss: -0.0103 | Critic Loss: 0.3760 | Grad Norm: 1.7134 | Clipped: 4/4
Epoch [1288/4000] | Avg Makespan: 249.75 | Actor Loss: -0.0022 | Critic Loss: 0.7484 | Grad Norm: 1.9170 | Clipped: 4/4
Epoch [1289/4000] | Avg Makespan: 277.00 | Actor Loss: -0.0050 | Critic Loss: 0.3822 | Grad Norm: 2.1223 | Clipped: 4/4
Epoch [1290/4000] | Avg Makespan: 273.75 | Actor Loss: -0.0067 | Critic Loss: 0.7364 | Grad Norm: 1.7633 | Clipped: 4/4
Epoch [1291/4000] | Avg Makespan: 280.00 | Actor Loss: 0.0029 | Critic Loss: 0.2269 | Grad Norm: 3.3204 | Clipped: 4/4
Epoch [1292/4000] | Avg Makespan: 277.25 | Actor Loss: -0.0110 | Critic Loss: 0.1274 | Grad Norm: 1.4009 | Clipped: 4/4
Epoch [1293/4000] | Avg Makespan: 283.00 | Actor Loss: -0.0070 | Critic Loss: 0.1738 | Grad Norm: 1.3890 | Clipped: 3/4
Epoch [1294/4000] | Avg Makespan: 277.75 | Actor Loss: -0.0035 | Critic Loss: 0.3502 | Grad Norm: 1.9421 | Clipped: 4/4
Epoch [1295/4000] | Avg Makespan: 270.00 | Actor Loss: -0.0070 | Critic Loss: 0.6805 | Grad Norm: 1.7969 | Clipped: 4/4
Epoch [1296/4000] | Avg Makespan: 265.75 | Actor Loss: -0.0037 | Critic Loss: 0.6144 | Grad Norm: 2.1973 | Clipped: 4/4
Epoch [1297/4000] | Avg Makespan: 250.25 | Actor Loss: -0.0056 | Critic Loss: 0.7883 | Grad Norm: 2.1206 | Clipped: 4/4
Epoch [1298/4000] | Avg Makespan: 273.75 | Actor Loss: -0.0056 | Critic Loss: 0.1093 | Grad Norm: 1.6860 | Clipped: 4/4
Epoch [1299/4000] | Avg Makespan: 265.00 | Actor Loss: -0.0088 | Critic Loss: 0.1538 | Grad Norm: 1.7874 | Clipped: 4/4
Epoch [1300/4000] | Avg Makespan: 266.00 | Actor Loss: -0.0054 | Critic Loss: 0.6060 | Grad Norm: 2.1829 | Clipped: 4/4
   -> Validation | Samples: 280 | Makespan: 613.50 | Invalid Jobs: 0.01 | Score: 627.79
   -> Saved updated training chart to /home/wei/Desktop/AMR-DFJSP/runs/20260827_083140_v10_B_s43/chart.png
Epoch [1301/4000] | Avg Makespan: 276.75 | Actor Loss: -0.0078 | Critic Loss: 0.2949 | Grad Norm: 1.6073 | Clipped: 4/4
Epoch [1302/4000] | Avg Makespan: 275.00 | Actor Loss: -0.0055 | Critic Loss: 0.7271 | Grad Norm: 2.2289 | Clipped: 4/4
Epoch [1303/4000] | Avg Makespan: 262.00 | Actor Loss: -0.0042 | Critic Loss: 0.3743 | Grad Norm: 2.3532 | Clipped: 4/4
Epoch [1304/4000] | Avg Makespan: 275.25 | Actor Loss: -0.0105 | Critic Loss: 0.2235 | Grad Norm: 2.3092 | Clipped: 4/4
Epoch [1305/4000] | Avg Makespan: 301.00 | Actor Loss: -0.0062 | Critic Loss: 1.3207 | Grad Norm: 1.6392 | Clipped: 4/4
Epoch [1306/4000] | Avg Makespan: 274.75 | Actor Loss: -0.0062 | Critic Loss: 0.5080 | Grad Norm: 2.6431 | Clipped: 4/4
Epoch [1307/4000] | Avg Makespan: 272.50 | Actor Loss: -0.0071 | Critic Loss: 0.2953 | Grad Norm: 1.9222 | Clipped: 4/4
Epoch [1308/4000] | Avg Makespan: 274.75 | Actor Loss: -0.0082 | Critic Loss: 0.1824 | Grad Norm: 1.7566 | Clipped: 4/4
Epoch [1309/4000] | Avg Makespan: 281.75 | Actor Loss: -0.0095 | Critic Loss: 0.7442 | Grad Norm: 1.3645 | Clipped: 4/4
Epoch [1310/4000] | Avg Makespan: 249.00 | Actor Loss: 0.0018 | Critic Loss: 0.8529 | Grad Norm: 2.1742 | Clipped: 4/4
Epoch [1311/4000] | Avg Makespan: 292.75 | Actor Loss: 0.0053 | Critic Loss: 0.7460 | Grad Norm: 3.1945 | Clipped: 4/4
Epoch [1312/4000] | Avg Makespan: 281.75 | Actor Loss: 0.0040 | Critic Loss: 0.3388 | Grad Norm: 2.5413 | Clipped: 4/4
Epoch [1313/4000] | Avg Makespan: 284.00 | Actor Loss: -0.0010 | Critic Loss: 0.2848 | Grad Norm: 2.1183 | Clipped: 4/4
Epoch [1314/4000] | Avg Makespan: 268.50 | Actor Loss: -0.0090 | Critic Loss: 0.1566 | Grad Norm: 2.0872 | Clipped: 4/4
Epoch [1315/4000] | Avg Makespan: 276.50 | Actor Loss: -0.0053 | Critic Loss: 0.2936 | Grad Norm: 2.0840 | Clipped: 4/4
Epoch [1316/4000] | Avg Makespan: 285.75 | Actor Loss: -0.0033 | Critic Loss: 0.7824 | Grad Norm: 2.0320 | Clipped: 4/4
Epoch [1317/4000] | Avg Makespan: 275.50 | Actor Loss: -0.0000 | Critic Loss: 0.5321 | Grad Norm: 2.0328 | Clipped: 4/4
Epoch [1318/4000] | Avg Makespan: 267.50 | Actor Loss: -0.0029 | Critic Loss: 0.2351 | Grad Norm: 2.4411 | Clipped: 4/4
Epoch [1319/4000] | Avg Makespan: 271.00 | Actor Loss: -0.0084 | Critic Loss: 0.4231 | Grad Norm: 1.8335 | Clipped: 4/4
Epoch [1320/4000] | Avg Makespan: 260.50 | Actor Loss: -0.0033 | Critic Loss: 0.6970 | Grad Norm: 1.8637 | Clipped: 4/4
Epoch [1321/4000] | Avg Makespan: 253.00 | Actor Loss: -0.0066 | Critic Loss: 0.3906 | Grad Norm: 1.8713 | Clipped: 4/4
Epoch [1322/4000] | Avg Makespan: 269.25 | Actor Loss: -0.0086 | Critic Loss: 1.6849 | Grad Norm: 2.4724 | Clipped: 4/4
Epoch [1323/4000] | Avg Makespan: 281.00 | Actor Loss: -0.0015 | Critic Loss: 1.2652 | Grad Norm: 2.6039 | Clipped: 4/4
Epoch [1324/4000] | Avg Makespan: 266.25 | Actor Loss: 0.0012 | Critic Loss: 0.3819 | Grad Norm: 2.2785 | Clipped: 4/4
Epoch [1325/4000] | Avg Makespan: 265.25 | Actor Loss: -0.0039 | Critic Loss: 0.8878 | Grad Norm: 3.1735 | Clipped: 4/4
Epoch [1326/4000] | Avg Makespan: 275.75 | Actor Loss: -0.0060 | Critic Loss: 0.2408 | Grad Norm: 1.5809 | Clipped: 3/4
Epoch [1327/4000] | Avg Makespan: 279.75 | Actor Loss: -0.0091 | Critic Loss: 0.5777 | Grad Norm: 1.5839 | Clipped: 4/4
Epoch [1328/4000] | Avg Makespan: 267.25 | Actor Loss: -0.0061 | Critic Loss: 0.2322 | Grad Norm: 1.6172 | Clipped: 4/4
Epoch [1329/4000] | Avg Makespan: 273.25 | Actor Loss: -0.0053 | Critic Loss: 0.7118 | Grad Norm: 1.6025 | Clipped: 4/4
Epoch [1330/4000] | Avg Makespan: 283.00 | Actor Loss: -0.0073 | Critic Loss: 0.4084 | Grad Norm: 1.9154 | Clipped: 4/4
Epoch [1331/4000] | Avg Makespan: 275.25 | Actor Loss: -0.0078 | Critic Loss: 0.3858 | Grad Norm: 1.7213 | Clipped: 4/4
Epoch [1332/4000] | Avg Makespan: 279.00 | Actor Loss: -0.0058 | Critic Loss: 0.5193 | Grad Norm: 1.5747 | Clipped: 4/4
Epoch [1333/4000] | Avg Makespan: 255.25 | Actor Loss: -0.0069 | Critic Loss: 0.7537 | Grad Norm: 2.1214 | Clipped: 4/4
Epoch [1334/4000] | Avg Makespan: 270.00 | Actor Loss: -0.0025 | Critic Loss: 0.2905 | Grad Norm: 1.6362 | Clipped: 4/4
Epoch [1335/4000] | Avg Makespan: 274.75 | Actor Loss: -0.0054 | Critic Loss: 0.2962 | Grad Norm: 1.7357 | Clipped: 4/4
Epoch [1336/4000] | Avg Makespan: 289.00 | Actor Loss: -0.0055 | Critic Loss: 0.2942 | Grad Norm: 1.7629 | Clipped: 4/4
Epoch [1337/4000] | Avg Makespan: 262.00 | Actor Loss: -0.0036 | Critic Loss: 0.7135 | Grad Norm: 2.9516 | Clipped: 4/4
Epoch [1338/4000] | Avg Makespan: 265.75 | Actor Loss: -0.0073 | Critic Loss: 0.5553 | Grad Norm: 1.7982 | Clipped: 4/4
Epoch [1339/4000] | Avg Makespan: 275.25 | Actor Loss: -0.0084 | Critic Loss: 0.7443 | Grad Norm: 1.8567 | Clipped: 4/4
Epoch [1340/4000] | Avg Makespan: 278.00 | Actor Loss: 0.0010 | Critic Loss: 0.2926 | Grad Norm: 2.7626 | Clipped: 4/4
Epoch [1341/4000] | Avg Makespan: 278.25 | Actor Loss: -0.0100 | Critic Loss: 0.5359 | Grad Norm: 1.6834 | Clipped: 4/4
Epoch [1342/4000] | Avg Makespan: 277.00 | Actor Loss: -0.0056 | Critic Loss: 0.2877 | Grad Norm: 2.3375 | Clipped: 4/4
Epoch [1343/4000] | Avg Makespan: 261.00 | Actor Loss: -0.0106 | Critic Loss: 0.3899 | Grad Norm: 1.4796 | Clipped: 4/4
Epoch [1344/4000] | Avg Makespan: 268.00 | Actor Loss: -0.0043 | Critic Loss: 0.6005 | Grad Norm: 2.4952 | Clipped: 4/4
Epoch [1345/4000] | Avg Makespan: 270.25 | Actor Loss: -0.0034 | Critic Loss: 0.5596 | Grad Norm: 1.8926 | Clipped: 4/4
Epoch [1346/4000] | Avg Makespan: 274.50 | Actor Loss: -0.0029 | Critic Loss: 0.4500 | Grad Norm: 2.0645 | Clipped: 4/4
Epoch [1347/4000] | Avg Makespan: 267.50 | Actor Loss: -0.0062 | Critic Loss: 0.3641 | Grad Norm: 1.6801 | Clipped: 3/4
Epoch [1348/4000] | Avg Makespan: 280.25 | Actor Loss: -0.0102 | Critic Loss: 0.1205 | Grad Norm: 1.1547 | Clipped: 2/4
Epoch [1349/4000] | Avg Makespan: 281.00 | Actor Loss: -0.0089 | Critic Loss: 1.0620 | Grad Norm: 1.6158 | Clipped: 4/4
Epoch [1350/4000] | Avg Makespan: 280.75 | Actor Loss: -0.0055 | Critic Loss: 0.4296 | Grad Norm: 1.7301 | Clipped: 4/4
Epoch [1351/4000] | Avg Makespan: 267.75 | Actor Loss: -0.0079 | Critic Loss: 0.6331 | Grad Norm: 1.5550 | Clipped: 4/4
Epoch [1352/4000] | Avg Makespan: 268.50 | Actor Loss: -0.0025 | Critic Loss: 0.3401 | Grad Norm: 1.4137 | Clipped: 3/4
Epoch [1353/4000] | Avg Makespan: 273.75 | Actor Loss: -0.0064 | Critic Loss: 0.2424 | Grad Norm: 1.5116 | Clipped: 4/4
Epoch [1354/4000] | Avg Makespan: 272.75 | Actor Loss: -0.0064 | Critic Loss: 0.2869 | Grad Norm: 1.6464 | Clipped: 4/4
Epoch [1355/4000] | Avg Makespan: 277.75 | Actor Loss: -0.0037 | Critic Loss: 0.2313 | Grad Norm: 2.5248 | Clipped: 4/4
Epoch [1356/4000] | Avg Makespan: 244.25 | Actor Loss: -0.0026 | Critic Loss: 0.6680 | Grad Norm: 2.7434 | Clipped: 4/4
Epoch [1357/4000] | Avg Makespan: 278.25 | Actor Loss: -0.0032 | Critic Loss: 0.1426 | Grad Norm: 2.4813 | Clipped: 4/4
Epoch [1358/4000] | Avg Makespan: 274.75 | Actor Loss: -0.0053 | Critic Loss: 0.5197 | Grad Norm: 2.0819 | Clipped: 4/4
Epoch [1359/4000] | Avg Makespan: 265.50 | Actor Loss: -0.0035 | Critic Loss: 0.5220 | Grad Norm: 1.9980 | Clipped: 4/4
Epoch [1360/4000] | Avg Makespan: 274.00 | Actor Loss: -0.0039 | Critic Loss: 0.3010 | Grad Norm: 1.5796 | Clipped: 3/4
Epoch [1361/4000] | Avg Makespan: 291.50 | Actor Loss: -0.0033 | Critic Loss: 0.9181 | Grad Norm: 1.8782 | Clipped: 4/4
Epoch [1362/4000] | Avg Makespan: 269.75 | Actor Loss: -0.0076 | Critic Loss: 0.1669 | Grad Norm: 1.7188 | Clipped: 4/4
Epoch [1363/4000] | Avg Makespan: 273.50 | Actor Loss: -0.0096 | Critic Loss: 0.9574 | Grad Norm: 1.6476 | Clipped: 4/4
Epoch [1364/4000] | Avg Makespan: 272.50 | Actor Loss: -0.0066 | Critic Loss: 0.1321 | Grad Norm: 1.6422 | Clipped: 4/4
Epoch [1365/4000] | Avg Makespan: 284.25 | Actor Loss: -0.0049 | Critic Loss: 0.2865 | Grad Norm: 1.8880 | Clipped: 4/4
Epoch [1366/4000] | Avg Makespan: 278.75 | Actor Loss: -0.0094 | Critic Loss: 0.9961 | Grad Norm: 1.6133 | Clipped: 4/4
Epoch [1367/4000] | Avg Makespan: 268.50 | Actor Loss: -0.0079 | Critic Loss: 0.4078 | Grad Norm: 1.9073 | Clipped: 4/4
Epoch [1368/4000] | Avg Makespan: 253.50 | Actor Loss: -0.0058 | Critic Loss: 0.8875 | Grad Norm: 2.2506 | Clipped: 4/4
Epoch [1369/4000] | Avg Makespan: 266.75 | Actor Loss: -0.0080 | Critic Loss: 0.6309 | Grad Norm: 1.8497 | Clipped: 4/4
Epoch [1370/4000] | Avg Makespan: 260.25 | Actor Loss: -0.0077 | Critic Loss: 0.2573 | Grad Norm: 1.7196 | Clipped: 4/4
Epoch [1371/4000] | Avg Makespan: 273.75 | Actor Loss: -0.0060 | Critic Loss: 0.5582 | Grad Norm: 1.5151 | Clipped: 3/4
Epoch [1372/4000] | Avg Makespan: 273.75 | Actor Loss: -0.0055 | Critic Loss: 0.1717 | Grad Norm: 2.2689 | Clipped: 4/4
Epoch [1373/4000] | Avg Makespan: 279.00 | Actor Loss: -0.0085 | Critic Loss: 0.1629 | Grad Norm: 1.8324 | Clipped: 4/4
Epoch [1374/4000] | Avg Makespan: 278.25 | Actor Loss: -0.0031 | Critic Loss: 0.4166 | Grad Norm: 6.1943 | Clipped: 4/4
Epoch [1375/4000] | Avg Makespan: 270.50 | Actor Loss: -0.0082 | Critic Loss: 0.1819 | Grad Norm: 1.5551 | Clipped: 4/4
Epoch [1376/4000] | Avg Makespan: 256.75 | Actor Loss: -0.0025 | Critic Loss: 0.5214 | Grad Norm: 2.7161 | Clipped: 4/4
Epoch [1377/4000] | Avg Makespan: 272.50 | Actor Loss: -0.0076 | Critic Loss: 0.6322 | Grad Norm: 1.8164 | Clipped: 4/4
Epoch [1378/4000] | Avg Makespan: 279.00 | Actor Loss: -0.0018 | Critic Loss: 0.4916 | Grad Norm: 1.7998 | Clipped: 4/4
Epoch [1379/4000] | Avg Makespan: 251.00 | Actor Loss: -0.0053 | Critic Loss: 0.7840 | Grad Norm: 2.8721 | Clipped: 4/4
Epoch [1380/4000] | Avg Makespan: 268.25 | Actor Loss: -0.0083 | Critic Loss: 0.3386 | Grad Norm: 1.5017 | Clipped: 3/4
Epoch [1381/4000] | Avg Makespan: 272.00 | Actor Loss: -0.0090 | Critic Loss: 0.1764 | Grad Norm: 1.4252 | Clipped: 4/4
Epoch [1382/4000] | Avg Makespan: 274.50 | Actor Loss: -0.0013 | Critic Loss: 1.1383 | Grad Norm: 2.2689 | Clipped: 4/4
Epoch [1383/4000] | Avg Makespan: 282.00 | Actor Loss: -0.0009 | Critic Loss: 0.1102 | Grad Norm: 1.8416 | Clipped: 4/4
Epoch [1384/4000] | Avg Makespan: 262.75 | Actor Loss: -0.0049 | Critic Loss: 0.6093 | Grad Norm: 1.5744 | Clipped: 4/4
Epoch [1385/4000] | Avg Makespan: 270.00 | Actor Loss: -0.0048 | Critic Loss: 0.4595 | Grad Norm: 1.5687 | Clipped: 4/4
Epoch [1386/4000] | Avg Makespan: 272.75 | Actor Loss: -0.0052 | Critic Loss: 0.3816 | Grad Norm: 1.6452 | Clipped: 4/4
Epoch [1387/4000] | Avg Makespan: 280.50 | Actor Loss: -0.0065 | Critic Loss: 0.6978 | Grad Norm: 1.6131 | Clipped: 4/4
Epoch [1388/4000] | Avg Makespan: 265.25 | Actor Loss: -0.0065 | Critic Loss: 0.3572 | Grad Norm: 2.2270 | Clipped: 4/4
Epoch [1389/4000] | Avg Makespan: 276.50 | Actor Loss: -0.0040 | Critic Loss: 0.3148 | Grad Norm: 2.6567 | Clipped: 4/4
Epoch [1390/4000] | Avg Makespan: 283.50 | Actor Loss: -0.0012 | Critic Loss: 1.1293 | Grad Norm: 2.2687 | Clipped: 4/4
Epoch [1391/4000] | Avg Makespan: 266.00 | Actor Loss: -0.0088 | Critic Loss: 0.3317 | Grad Norm: 1.5689 | Clipped: 4/4
Epoch [1392/4000] | Avg Makespan: 266.50 | Actor Loss: -0.0058 | Critic Loss: 0.4434 | Grad Norm: 1.8777 | Clipped: 4/4
Epoch [1393/4000] | Avg Makespan: 261.00 | Actor Loss: -0.0034 | Critic Loss: 0.8425 | Grad Norm: 2.1713 | Clipped: 4/4
Epoch [1394/4000] | Avg Makespan: 274.50 | Actor Loss: -0.0024 | Critic Loss: 0.5702 | Grad Norm: 2.8992 | Clipped: 4/4
Epoch [1395/4000] | Avg Makespan: 266.00 | Actor Loss: -0.0080 | Critic Loss: 0.5247 | Grad Norm: 2.0426 | Clipped: 4/4
Epoch [1396/4000] | Avg Makespan: 269.50 | Actor Loss: -0.0013 | Critic Loss: 0.3155 | Grad Norm: 2.8430 | Clipped: 4/4
Epoch [1397/4000] | Avg Makespan: 272.50 | Actor Loss: -0.0062 | Critic Loss: 0.2113 | Grad Norm: 1.9056 | Clipped: 4/4
Epoch [1398/4000] | Avg Makespan: 274.75 | Actor Loss: -0.0067 | Critic Loss: 0.1592 | Grad Norm: 1.6585 | Clipped: 4/4
Epoch [1399/4000] | Avg Makespan: 267.75 | Actor Loss: -0.0069 | Critic Loss: 0.2324 | Grad Norm: 1.5812 | Clipped: 4/4
Epoch [1400/4000] | Avg Makespan: 284.00 | Actor Loss: -0.0080 | Critic Loss: 0.2959 | Grad Norm: 1.7848 | Clipped: 4/4
   -> Validation | Samples: 280 | Makespan: 582.00 | Invalid Jobs: 0.02 | Score: 599.85
   -> Saved updated training chart to /home/wei/Desktop/AMR-DFJSP/runs/20260827_083140_v10_B_s43/chart.png
Epoch [1401/4000] | Avg Makespan: 264.25 | Actor Loss: -0.0031 | Critic Loss: 0.4080 | Grad Norm: 2.0928 | Clipped: 4/4
Epoch [1402/4000] | Avg Makespan: 290.00 | Actor Loss: -0.0010 | Critic Loss: 1.1692 | Grad Norm: 2.9231 | Clipped: 4/4
Epoch [1403/4000] | Avg Makespan: 275.75 | Actor Loss: -0.0074 | Critic Loss: 0.3134 | Grad Norm: 1.3798 | Clipped: 4/4
Epoch [1404/4000] | Avg Makespan: 271.00 | Actor Loss: -0.0058 | Critic Loss: 0.2740 | Grad Norm: 1.5095 | Clipped: 4/4
Epoch [1405/4000] | Avg Makespan: 264.00 | Actor Loss: -0.0078 | Critic Loss: 0.2912 | Grad Norm: 1.3136 | Clipped: 4/4
Epoch [1406/4000] | Avg Makespan: 268.00 | Actor Loss: -0.0093 | Critic Loss: 0.6984 | Grad Norm: 1.5361 | Clipped: 3/4
Epoch [1407/4000] | Avg Makespan: 285.50 | Actor Loss: -0.0074 | Critic Loss: 0.2985 | Grad Norm: 1.4493 | Clipped: 4/4
Epoch [1408/4000] | Avg Makespan: 279.25 | Actor Loss: -0.0062 | Critic Loss: 0.2831 | Grad Norm: 1.5115 | Clipped: 4/4
Epoch [1409/4000] | Avg Makespan: 269.50 | Actor Loss: -0.0028 | Critic Loss: 0.1315 | Grad Norm: 2.2848 | Clipped: 4/4
Epoch [1410/4000] | Avg Makespan: 264.25 | Actor Loss: -0.0072 | Critic Loss: 0.4946 | Grad Norm: 1.7581 | Clipped: 4/4
Epoch [1411/4000] | Avg Makespan: 282.00 | Actor Loss: -0.0055 | Critic Loss: 0.4561 | Grad Norm: 1.5870 | Clipped: 4/4
Epoch [1412/4000] | Avg Makespan: 274.75 | Actor Loss: -0.0068 | Critic Loss: 0.2146 | Grad Norm: 2.0153 | Clipped: 3/4
Epoch [1413/4000] | Avg Makespan: 276.75 | Actor Loss: -0.0095 | Critic Loss: 0.7925 | Grad Norm: 1.2362 | Clipped: 3/4
Epoch [1414/4000] | Avg Makespan: 283.25 | Actor Loss: -0.0055 | Critic Loss: 0.2160 | Grad Norm: 1.3592 | Clipped: 4/4
Epoch [1415/4000] | Avg Makespan: 267.50 | Actor Loss: -0.0083 | Critic Loss: 0.4498 | Grad Norm: 1.1350 | Clipped: 3/4
Epoch [1416/4000] | Avg Makespan: 274.25 | Actor Loss: -0.0065 | Critic Loss: 0.1206 | Grad Norm: 1.3649 | Clipped: 4/4
Epoch [1417/4000] | Avg Makespan: 255.75 | Actor Loss: -0.0075 | Critic Loss: 0.2549 | Grad Norm: 1.7539 | Clipped: 4/4
Epoch [1418/4000] | Avg Makespan: 282.75 | Actor Loss: -0.0077 | Critic Loss: 1.0728 | Grad Norm: 1.5830 | Clipped: 4/4
Epoch [1419/4000] | Avg Makespan: 273.25 | Actor Loss: -0.0064 | Critic Loss: 0.2629 | Grad Norm: 1.5833 | Clipped: 4/4
Epoch [1420/4000] | Avg Makespan: 273.25 | Actor Loss: -0.0103 | Critic Loss: 0.2599 | Grad Norm: 1.8892 | Clipped: 4/4
Epoch [1421/4000] | Avg Makespan: 260.00 | Actor Loss: -0.0064 | Critic Loss: 0.3296 | Grad Norm: 1.7509 | Clipped: 4/4
Epoch [1422/4000] | Avg Makespan: 266.75 | Actor Loss: -0.0092 | Critic Loss: 0.2081 | Grad Norm: 1.2917 | Clipped: 4/4
Epoch [1423/4000] | Avg Makespan: 282.75 | Actor Loss: -0.0062 | Critic Loss: 0.4332 | Grad Norm: 2.1987 | Clipped: 4/4
Epoch [1424/4000] | Avg Makespan: 274.25 | Actor Loss: -0.0100 | Critic Loss: 0.2462 | Grad Norm: 1.9417 | Clipped: 4/4
Epoch [1425/4000] | Avg Makespan: 264.50 | Actor Loss: -0.0012 | Critic Loss: 0.4513 | Grad Norm: 2.6980 | Clipped: 4/4
Epoch [1426/4000] | Avg Makespan: 281.00 | Actor Loss: -0.0066 | Critic Loss: 0.2574 | Grad Norm: 2.2416 | Clipped: 4/4
Epoch [1427/4000] | Avg Makespan: 287.75 | Actor Loss: -0.0079 | Critic Loss: 0.2389 | Grad Norm: 1.9919 | Clipped: 4/4
Epoch [1428/4000] | Avg Makespan: 271.00 | Actor Loss: -0.0082 | Critic Loss: 0.5435 | Grad Norm: 1.2321 | Clipped: 4/4
Epoch [1429/4000] | Avg Makespan: 278.00 | Actor Loss: -0.0049 | Critic Loss: 0.5211 | Grad Norm: 1.7127 | Clipped: 4/4
Epoch [1430/4000] | Avg Makespan: 269.50 | Actor Loss: -0.0085 | Critic Loss: 0.1934 | Grad Norm: 1.6178 | Clipped: 4/4
Epoch [1431/4000] | Avg Makespan: 264.00 | Actor Loss: -0.0039 | Critic Loss: 0.3590 | Grad Norm: 2.2200 | Clipped: 4/4
Epoch [1432/4000] | Avg Makespan: 275.25 | Actor Loss: -0.0107 | Critic Loss: 0.3492 | Grad Norm: 1.5720 | Clipped: 4/4
Epoch [1433/4000] | Avg Makespan: 277.50 | Actor Loss: -0.0089 | Critic Loss: 0.0941 | Grad Norm: 1.4753 | Clipped: 3/4
Epoch [1434/4000] | Avg Makespan: 268.00 | Actor Loss: -0.0072 | Critic Loss: 0.1583 | Grad Norm: 1.5299 | Clipped: 4/4
Epoch [1435/4000] | Avg Makespan: 272.75 | Actor Loss: -0.0057 | Critic Loss: 0.4280 | Grad Norm: 2.1961 | Clipped: 4/4
Epoch [1436/4000] | Avg Makespan: 275.25 | Actor Loss: -0.0042 | Critic Loss: 0.4046 | Grad Norm: 2.2960 | Clipped: 4/4
Epoch [1437/4000] | Avg Makespan: 265.25 | Actor Loss: -0.0052 | Critic Loss: 0.3053 | Grad Norm: 1.5126 | Clipped: 4/4
Epoch [1438/4000] | Avg Makespan: 257.50 | Actor Loss: -0.0101 | Critic Loss: 0.5991 | Grad Norm: 1.7979 | Clipped: 4/4
Epoch [1439/4000] | Avg Makespan: 276.25 | Actor Loss: -0.0053 | Critic Loss: 0.2175 | Grad Norm: 1.6994 | Clipped: 4/4
Epoch [1440/4000] | Avg Makespan: 241.00 | Actor Loss: -0.0040 | Critic Loss: 0.3811 | Grad Norm: 2.0686 | Clipped: 4/4
Epoch [1441/4000] | Avg Makespan: 275.75 | Actor Loss: -0.0043 | Critic Loss: 0.9299 | Grad Norm: 4.0294 | Clipped: 4/4
Epoch [1442/4000] | Avg Makespan: 271.25 | Actor Loss: 0.0015 | Critic Loss: 0.4448 | Grad Norm: 2.2966 | Clipped: 4/4
Epoch [1443/4000] | Avg Makespan: 274.00 | Actor Loss: -0.0039 | Critic Loss: 0.4419 | Grad Norm: 2.1392 | Clipped: 4/4
Epoch [1444/4000] | Avg Makespan: 254.75 | Actor Loss: -0.0034 | Critic Loss: 0.7039 | Grad Norm: 2.4828 | Clipped: 4/4
Epoch [1445/4000] | Avg Makespan: 277.00 | Actor Loss: -0.0072 | Critic Loss: 0.3611 | Grad Norm: 2.1576 | Clipped: 4/4
Epoch [1446/4000] | Avg Makespan: 272.50 | Actor Loss: -0.0088 | Critic Loss: 0.0523 | Grad Norm: 1.4953 | Clipped: 4/4
Epoch [1447/4000] | Avg Makespan: 261.50 | Actor Loss: -0.0036 | Critic Loss: 0.3749 | Grad Norm: 2.2188 | Clipped: 4/4
Epoch [1448/4000] | Avg Makespan: 273.50 | Actor Loss: -0.0069 | Critic Loss: 0.2512 | Grad Norm: 1.5506 | Clipped: 4/4
Epoch [1449/4000] | Avg Makespan: 253.25 | Actor Loss: -0.0087 | Critic Loss: 0.5117 | Grad Norm: 1.7244 | Clipped: 4/4
Epoch [1450/4000] | Avg Makespan: 280.50 | Actor Loss: -0.0039 | Critic Loss: 0.1727 | Grad Norm: 1.7218 | Clipped: 4/4
Epoch [1451/4000] | Avg Makespan: 276.00 | Actor Loss: -0.0008 | Critic Loss: 0.7819 | Grad Norm: 1.9804 | Clipped: 3/4
Epoch [1452/4000] | Avg Makespan: 268.50 | Actor Loss: -0.0064 | Critic Loss: 0.3575 | Grad Norm: 1.6724 | Clipped: 4/4
Epoch [1453/4000] | Avg Makespan: 266.50 | Actor Loss: -0.0044 | Critic Loss: 0.5086 | Grad Norm: 1.4068 | Clipped: 3/4
Epoch [1454/4000] | Avg Makespan: 259.75 | Actor Loss: -0.0023 | Critic Loss: 0.3715 | Grad Norm: 1.2291 | Clipped: 4/4
Epoch [1455/4000] | Avg Makespan: 266.00 | Actor Loss: -0.0051 | Critic Loss: 0.2695 | Grad Norm: 1.5467 | Clipped: 4/4
Epoch [1456/4000] | Avg Makespan: 264.50 | Actor Loss: -0.0054 | Critic Loss: 0.1365 | Grad Norm: 1.5002 | Clipped: 3/4
Epoch [1457/4000] | Avg Makespan: 256.75 | Actor Loss: -0.0095 | Critic Loss: 0.2360 | Grad Norm: 1.8231 | Clipped: 4/4
Epoch [1458/4000] | Avg Makespan: 276.00 | Actor Loss: -0.0059 | Critic Loss: 0.4100 | Grad Norm: 1.7163 | Clipped: 4/4
Epoch [1459/4000] | Avg Makespan: 274.75 | Actor Loss: -0.0060 | Critic Loss: 0.6392 | Grad Norm: 1.7587 | Clipped: 3/4
Epoch [1460/4000] | Avg Makespan: 271.25 | Actor Loss: -0.0052 | Critic Loss: 0.6117 | Grad Norm: 1.9513 | Clipped: 4/4
Epoch [1461/4000] | Avg Makespan: 271.75 | Actor Loss: -0.0016 | Critic Loss: 0.0973 | Grad Norm: 2.5139 | Clipped: 4/4
Epoch [1462/4000] | Avg Makespan: 268.25 | Actor Loss: -0.0034 | Critic Loss: 0.3022 | Grad Norm: 2.6970 | Clipped: 4/4
Epoch [1463/4000] | Avg Makespan: 252.75 | Actor Loss: -0.0087 | Critic Loss: 0.7162 | Grad Norm: 1.8162 | Clipped: 4/4
Epoch [1464/4000] | Avg Makespan: 263.50 | Actor Loss: -0.0042 | Critic Loss: 0.4410 | Grad Norm: 1.7667 | Clipped: 4/4
Epoch [1465/4000] | Avg Makespan: 276.50 | Actor Loss: -0.0054 | Critic Loss: 0.3504 | Grad Norm: 1.7725 | Clipped: 4/4
Epoch [1466/4000] | Avg Makespan: 265.25 | Actor Loss: -0.0065 | Critic Loss: 0.2408 | Grad Norm: 1.6725 | Clipped: 3/4
Epoch [1467/4000] | Avg Makespan: 263.75 | Actor Loss: -0.0027 | Critic Loss: 0.3086 | Grad Norm: 1.5570 | Clipped: 4/4
Epoch [1468/4000] | Avg Makespan: 271.00 | Actor Loss: -0.0075 | Critic Loss: 0.9103 | Grad Norm: 1.9543 | Clipped: 4/4
Epoch [1469/4000] | Avg Makespan: 283.25 | Actor Loss: -0.0045 | Critic Loss: 0.3249 | Grad Norm: 1.6298 | Clipped: 4/4
Epoch [1470/4000] | Avg Makespan: 268.50 | Actor Loss: -0.0030 | Critic Loss: 0.2367 | Grad Norm: 1.8078 | Clipped: 4/4
Epoch [1471/4000] | Avg Makespan: 252.50 | Actor Loss: -0.0010 | Critic Loss: 1.0255 | Grad Norm: 2.7016 | Clipped: 4/4
Epoch [1472/4000] | Avg Makespan: 273.00 | Actor Loss: -0.0061 | Critic Loss: 0.8287 | Grad Norm: 1.9639 | Clipped: 4/4
Epoch [1473/4000] | Avg Makespan: 271.00 | Actor Loss: -0.0048 | Critic Loss: 0.2379 | Grad Norm: 1.3223 | Clipped: 3/4
Epoch [1474/4000] | Avg Makespan: 270.25 | Actor Loss: -0.0046 | Critic Loss: 0.1723 | Grad Norm: 1.2030 | Clipped: 3/4
Epoch [1475/4000] | Avg Makespan: 280.25 | Actor Loss: -0.0065 | Critic Loss: 0.6750 | Grad Norm: 2.0136 | Clipped: 4/4
Epoch [1476/4000] | Avg Makespan: 281.00 | Actor Loss: -0.0091 | Critic Loss: 0.4902 | Grad Norm: 1.7125 | Clipped: 4/4
Epoch [1477/4000] | Avg Makespan: 288.25 | Actor Loss: -0.0065 | Critic Loss: 0.6593 | Grad Norm: 1.9526 | Clipped: 4/4
Epoch [1478/4000] | Avg Makespan: 261.00 | Actor Loss: -0.0040 | Critic Loss: 0.5157 | Grad Norm: 1.7347 | Clipped: 4/4
Epoch [1479/4000] | Avg Makespan: 273.50 | Actor Loss: -0.0048 | Critic Loss: 0.2632 | Grad Norm: 1.8138 | Clipped: 4/4
Epoch [1480/4000] | Avg Makespan: 264.50 | Actor Loss: -0.0057 | Critic Loss: 0.4668 | Grad Norm: 1.5336 | Clipped: 4/4
Epoch [1481/4000] | Avg Makespan: 273.00 | Actor Loss: -0.0047 | Critic Loss: 0.6283 | Grad Norm: 1.8305 | Clipped: 4/4
Epoch [1482/4000] | Avg Makespan: 267.25 | Actor Loss: -0.0055 | Critic Loss: 0.2726 | Grad Norm: 1.5704 | Clipped: 4/4
Epoch [1483/4000] | Avg Makespan: 271.75 | Actor Loss: -0.0054 | Critic Loss: 0.2332 | Grad Norm: 2.0705 | Clipped: 4/4
Epoch [1484/4000] | Avg Makespan: 272.00 | Actor Loss: -0.0049 | Critic Loss: 0.4809 | Grad Norm: 2.0134 | Clipped: 4/4
Epoch [1485/4000] | Avg Makespan: 291.50 | Actor Loss: -0.0040 | Critic Loss: 0.3964 | Grad Norm: 1.7460 | Clipped: 4/4
Epoch [1486/4000] | Avg Makespan: 268.50 | Actor Loss: 0.0007 | Critic Loss: 0.2467 | Grad Norm: 2.4702 | Clipped: 4/4
Epoch [1487/4000] | Avg Makespan: 275.25 | Actor Loss: -0.0074 | Critic Loss: 0.2433 | Grad Norm: 1.2235 | Clipped: 4/4
Epoch [1488/4000] | Avg Makespan: 258.25 | Actor Loss: -0.0027 | Critic Loss: 0.4230 | Grad Norm: 2.6700 | Clipped: 4/4
Epoch [1489/4000] | Avg Makespan: 271.00 | Actor Loss: -0.0062 | Critic Loss: 0.3842 | Grad Norm: 1.6185 | Clipped: 4/4
Epoch [1490/4000] | Avg Makespan: 273.75 | Actor Loss: -0.0071 | Critic Loss: 0.6137 | Grad Norm: 1.7044 | Clipped: 4/4
Epoch [1491/4000] | Avg Makespan: 269.75 | Actor Loss: -0.0075 | Critic Loss: 0.2127 | Grad Norm: 2.3690 | Clipped: 4/4
Epoch [1492/4000] | Avg Makespan: 267.50 | Actor Loss: -0.0046 | Critic Loss: 0.4709 | Grad Norm: 2.6079 | Clipped: 4/4
Epoch [1493/4000] | Avg Makespan: 263.75 | Actor Loss: -0.0068 | Critic Loss: 0.1843 | Grad Norm: 2.2486 | Clipped: 4/4
Epoch [1494/4000] | Avg Makespan: 272.50 | Actor Loss: -0.0039 | Critic Loss: 0.3184 | Grad Norm: 2.4598 | Clipped: 4/4
Epoch [1495/4000] | Avg Makespan: 273.00 | Actor Loss: -0.0077 | Critic Loss: 0.3091 | Grad Norm: 1.7861 | Clipped: 3/4
Epoch [1496/4000] | Avg Makespan: 272.25 | Actor Loss: -0.0091 | Critic Loss: 0.3172 | Grad Norm: 2.3060 | Clipped: 4/4
Epoch [1497/4000] | Avg Makespan: 267.50 | Actor Loss: -0.0040 | Critic Loss: 0.2891 | Grad Norm: 1.8961 | Clipped: 4/4
Epoch [1498/4000] | Avg Makespan: 265.75 | Actor Loss: -0.0075 | Critic Loss: 0.3224 | Grad Norm: 2.3333 | Clipped: 4/4
Epoch [1499/4000] | Avg Makespan: 269.00 | Actor Loss: -0.0036 | Critic Loss: 0.1626 | Grad Norm: 1.7056 | Clipped: 4/4
Epoch [1500/4000] | Avg Makespan: 282.00 | Actor Loss: -0.0028 | Critic Loss: 0.3042 | Grad Norm: 3.5644 | Clipped: 4/4
   -> Validation | Samples: 280 | Makespan: 551.59 | Invalid Jobs: 0.02 | Score: 569.45
   -> Saved updated training chart to /home/wei/Desktop/AMR-DFJSP/runs/20260827_083140_v10_B_s43/chart.png
Epoch [1501/4000] | Avg Makespan: 268.00 | Actor Loss: -0.0058 | Critic Loss: 0.3497 | Grad Norm: 1.8027 | Clipped: 4/4
Epoch [1502/4000] | Avg Makespan: 275.75 | Actor Loss: 0.0019 | Critic Loss: 0.3173 | Grad Norm: 3.7782 | Clipped: 4/4
Epoch [1503/4000] | Avg Makespan: 280.75 | Actor Loss: -0.0051 | Critic Loss: 0.2891 | Grad Norm: 2.4483 | Clipped: 4/4
Epoch [1504/4000] | Avg Makespan: 271.75 | Actor Loss: -0.0090 | Critic Loss: 0.2188 | Grad Norm: 1.5304 | Clipped: 4/4
Epoch [1505/4000] | Avg Makespan: 270.75 | Actor Loss: -0.0088 | Critic Loss: 0.4627 | Grad Norm: 1.8976 | Clipped: 4/4
Epoch [1506/4000] | Avg Makespan: 276.50 | Actor Loss: -0.0072 | Critic Loss: 0.1532 | Grad Norm: 2.1520 | Clipped: 4/4
Epoch [1507/4000] | Avg Makespan: 290.25 | Actor Loss: -0.0067 | Critic Loss: 1.0708 | Grad Norm: 2.4242 | Clipped: 4/4
Epoch [1508/4000] | Avg Makespan: 255.00 | Actor Loss: -0.0089 | Critic Loss: 0.7888 | Grad Norm: 2.3714 | Clipped: 4/4
Epoch [1509/4000] | Avg Makespan: 273.25 | Actor Loss: -0.0026 | Critic Loss: 0.1032 | Grad Norm: 2.6083 | Clipped: 4/4
Epoch [1510/4000] | Avg Makespan: 282.75 | Actor Loss: 0.0007 | Critic Loss: 0.2231 | Grad Norm: 2.8003 | Clipped: 4/4
Epoch [1511/4000] | Avg Makespan: 287.50 | Actor Loss: -0.0063 | Critic Loss: 0.4005 | Grad Norm: 2.4872 | Clipped: 4/4
Epoch [1512/4000] | Avg Makespan: 254.00 | Actor Loss: -0.0089 | Critic Loss: 0.9361 | Grad Norm: 2.1845 | Clipped: 4/4
Epoch [1513/4000] | Avg Makespan: 269.75 | Actor Loss: -0.0082 | Critic Loss: 0.2919 | Grad Norm: 2.0768 | Clipped: 4/4
Epoch [1514/4000] | Avg Makespan: 273.50 | Actor Loss: -0.0074 | Critic Loss: 0.2080 | Grad Norm: 1.8098 | Clipped: 4/4
Epoch [1515/4000] | Avg Makespan: 257.25 | Actor Loss: -0.0046 | Critic Loss: 0.2507 | Grad Norm: 1.5318 | Clipped: 4/4
Epoch [1516/4000] | Avg Makespan: 267.50 | Actor Loss: -0.0067 | Critic Loss: 0.3530 | Grad Norm: 1.9040 | Clipped: 4/4
Epoch [1517/4000] | Avg Makespan: 271.00 | Actor Loss: -0.0037 | Critic Loss: 0.7349 | Grad Norm: 2.4767 | Clipped: 4/4
Epoch [1518/4000] | Avg Makespan: 260.50 | Actor Loss: -0.0063 | Critic Loss: 0.4396 | Grad Norm: 1.8834 | Clipped: 4/4
Epoch [1519/4000] | Avg Makespan: 273.25 | Actor Loss: -0.0052 | Critic Loss: 0.4451 | Grad Norm: 3.0412 | Clipped: 4/4
Epoch [1520/4000] | Avg Makespan: 274.75 | Actor Loss: -0.0071 | Critic Loss: 0.2119 | Grad Norm: 2.2490 | Clipped: 4/4
Epoch [1521/4000] | Avg Makespan: 260.25 | Actor Loss: 0.0001 | Critic Loss: 0.5907 | Grad Norm: 5.5559 | Clipped: 4/4
Epoch [1522/4000] | Avg Makespan: 272.25 | Actor Loss: -0.0039 | Critic Loss: 0.3940 | Grad Norm: 3.3466 | Clipped: 4/4
Epoch [1523/4000] | Avg Makespan: 276.25 | Actor Loss: -0.0039 | Critic Loss: 0.4038 | Grad Norm: 2.6046 | Clipped: 4/4
Epoch [1524/4000] | Avg Makespan: 275.25 | Actor Loss: -0.0024 | Critic Loss: 0.2937 | Grad Norm: 2.3594 | Clipped: 4/4
Epoch [1525/4000] | Avg Makespan: 288.75 | Actor Loss: -0.0033 | Critic Loss: 0.4220 | Grad Norm: 3.0132 | Clipped: 4/4
Epoch [1526/4000] | Avg Makespan: 265.75 | Actor Loss: -0.0070 | Critic Loss: 0.4322 | Grad Norm: 2.7253 | Clipped: 4/4
Epoch [1527/4000] | Avg Makespan: 264.50 | Actor Loss: -0.0077 | Critic Loss: 1.1090 | Grad Norm: 1.8131 | Clipped: 4/4
Epoch [1528/4000] | Avg Makespan: 281.75 | Actor Loss: -0.0028 | Critic Loss: 0.2004 | Grad Norm: 2.0524 | Clipped: 4/4
Epoch [1529/4000] | Avg Makespan: 261.50 | Actor Loss: -0.0058 | Critic Loss: 0.4868 | Grad Norm: 1.9542 | Clipped: 4/4
Epoch [1530/4000] | Avg Makespan: 265.50 | Actor Loss: -0.0067 | Critic Loss: 0.3235 | Grad Norm: 2.1436 | Clipped: 4/4
Epoch [1531/4000] | Avg Makespan: 280.00 | Actor Loss: -0.0022 | Critic Loss: 0.5964 | Grad Norm: 3.2008 | Clipped: 4/4
Epoch [1532/4000] | Avg Makespan: 278.00 | Actor Loss: -0.0050 | Critic Loss: 0.2461 | Grad Norm: 2.3963 | Clipped: 4/4
Epoch [1533/4000] | Avg Makespan: 260.25 | Actor Loss: -0.0076 | Critic Loss: 0.5191 | Grad Norm: 1.5713 | Clipped: 4/4
Epoch [1534/4000] | Avg Makespan: 242.75 | Actor Loss: -0.0044 | Critic Loss: 0.5332 | Grad Norm: 2.1224 | Clipped: 4/4
Epoch [1535/4000] | Avg Makespan: 273.75 | Actor Loss: -0.0075 | Critic Loss: 0.1928 | Grad Norm: 1.7859 | Clipped: 4/4
Epoch [1536/4000] | Avg Makespan: 287.75 | Actor Loss: -0.0041 | Critic Loss: 0.6352 | Grad Norm: 2.1585 | Clipped: 4/4
Epoch [1537/4000] | Avg Makespan: 259.00 | Actor Loss: -0.0051 | Critic Loss: 0.5370 | Grad Norm: 3.2665 | Clipped: 4/4
Epoch [1538/4000] | Avg Makespan: 255.75 | Actor Loss: -0.0065 | Critic Loss: 0.6124 | Grad Norm: 2.6222 | Clipped: 4/4
Epoch [1539/4000] | Avg Makespan: 273.75 | Actor Loss: -0.0063 | Critic Loss: 0.7551 | Grad Norm: 2.6763 | Clipped: 4/4
Epoch [1540/4000] | Avg Makespan: 274.75 | Actor Loss: -0.0069 | Critic Loss: 0.3728 | Grad Norm: 2.3011 | Clipped: 4/4
Epoch [1541/4000] | Avg Makespan: 267.75 | Actor Loss: -0.0018 | Critic Loss: 0.1846 | Grad Norm: 2.3868 | Clipped: 4/4
Epoch [1542/4000] | Avg Makespan: 249.25 | Actor Loss: -0.0021 | Critic Loss: 0.3474 | Grad Norm: 1.8946 | Clipped: 4/4
Epoch [1543/4000] | Avg Makespan: 259.25 | Actor Loss: -0.0045 | Critic Loss: 0.4108 | Grad Norm: 2.0129 | Clipped: 4/4
Epoch [1544/4000] | Avg Makespan: 265.25 | Actor Loss: -0.0030 | Critic Loss: 0.4730 | Grad Norm: 1.5036 | Clipped: 4/4
Epoch [1545/4000] | Avg Makespan: 252.50 | Actor Loss: -0.0049 | Critic Loss: 0.3962 | Grad Norm: 2.1246 | Clipped: 4/4
Epoch [1546/4000] | Avg Makespan: 278.50 | Actor Loss: -0.0102 | Critic Loss: 0.2427 | Grad Norm: 1.9063 | Clipped: 4/4
Epoch [1547/4000] | Avg Makespan: 275.25 | Actor Loss: -0.0069 | Critic Loss: 0.2402 | Grad Norm: 1.5970 | Clipped: 4/4
Epoch [1548/4000] | Avg Makespan: 260.50 | Actor Loss: 0.0028 | Critic Loss: 0.4635 | Grad Norm: 4.4415 | Clipped: 4/4
Epoch [1549/4000] | Avg Makespan: 266.50 | Actor Loss: -0.0035 | Critic Loss: 0.3370 | Grad Norm: 2.4335 | Clipped: 4/4
Epoch [1550/4000] | Avg Makespan: 284.25 | Actor Loss: -0.0051 | Critic Loss: 0.8978 | Grad Norm: 2.9368 | Clipped: 4/4
Epoch [1551/4000] | Avg Makespan: 283.00 | Actor Loss: -0.0030 | Critic Loss: 0.4715 | Grad Norm: 2.5233 | Clipped: 4/4
Epoch [1552/4000] | Avg Makespan: 271.00 | Actor Loss: -0.0057 | Critic Loss: 0.2995 | Grad Norm: 2.0013 | Clipped: 4/4
Epoch [1553/4000] | Avg Makespan: 268.75 | Actor Loss: -0.0056 | Critic Loss: 0.3693 | Grad Norm: 1.6267 | Clipped: 4/4
Epoch [1554/4000] | Avg Makespan: 272.00 | Actor Loss: -0.0027 | Critic Loss: 0.5453 | Grad Norm: 3.6041 | Clipped: 4/4
Epoch [1555/4000] | Avg Makespan: 273.00 | Actor Loss: -0.0093 | Critic Loss: 0.5345 | Grad Norm: 1.6291 | Clipped: 4/4
Epoch [1556/4000] | Avg Makespan: 276.25 | Actor Loss: 0.0002 | Critic Loss: 0.3433 | Grad Norm: 2.2037 | Clipped: 4/4
Epoch [1557/4000] | Avg Makespan: 262.75 | Actor Loss: -0.0049 | Critic Loss: 0.2636 | Grad Norm: 2.1369 | Clipped: 4/4
Epoch [1558/4000] | Avg Makespan: 272.25 | Actor Loss: -0.0067 | Critic Loss: 0.1195 | Grad Norm: 2.0468 | Clipped: 4/4
Epoch [1559/4000] | Avg Makespan: 261.75 | Actor Loss: -0.0027 | Critic Loss: 0.5669 | Grad Norm: 2.8841 | Clipped: 4/4
Epoch [1560/4000] | Avg Makespan: 268.25 | Actor Loss: -0.0042 | Critic Loss: 0.3992 | Grad Norm: 2.6128 | Clipped: 4/4
Epoch [1561/4000] | Avg Makespan: 278.25 | Actor Loss: -0.0032 | Critic Loss: 1.5905 | Grad Norm: 2.5078 | Clipped: 4/4
Epoch [1562/4000] | Avg Makespan: 282.25 | Actor Loss: -0.0074 | Critic Loss: 0.1171 | Grad Norm: 2.2891 | Clipped: 4/4
Epoch [1563/4000] | Avg Makespan: 282.75 | Actor Loss: -0.0071 | Critic Loss: 0.3750 | Grad Norm: 2.2704 | Clipped: 4/4
Epoch [1564/4000] | Avg Makespan: 273.25 | Actor Loss: -0.0084 | Critic Loss: 0.7438 | Grad Norm: 2.2750 | Clipped: 4/4
Epoch [1565/4000] | Avg Makespan: 275.25 | Actor Loss: -0.0104 | Critic Loss: 0.1914 | Grad Norm: 1.9102 | Clipped: 4/4
Epoch [1566/4000] | Avg Makespan: 271.75 | Actor Loss: -0.0078 | Critic Loss: 0.4314 | Grad Norm: 2.0163 | Clipped: 4/4
Epoch [1567/4000] | Avg Makespan: 278.50 | Actor Loss: -0.0065 | Critic Loss: 0.1505 | Grad Norm: 1.9189 | Clipped: 4/4
Epoch [1568/4000] | Avg Makespan: 259.75 | Actor Loss: -0.0104 | Critic Loss: 0.5699 | Grad Norm: 2.2934 | Clipped: 4/4
Epoch [1569/4000] | Avg Makespan: 272.25 | Actor Loss: -0.0060 | Critic Loss: 0.3936 | Grad Norm: 2.3236 | Clipped: 4/4
Epoch [1570/4000] | Avg Makespan: 272.75 | Actor Loss: -0.0103 | Critic Loss: 0.0995 | Grad Norm: 1.2693 | Clipped: 4/4
Epoch [1571/4000] | Avg Makespan: 277.75 | Actor Loss: -0.0078 | Critic Loss: 0.6086 | Grad Norm: 2.3745 | Clipped: 4/4
Epoch [1572/4000] | Avg Makespan: 274.25 | Actor Loss: -0.0076 | Critic Loss: 0.3414 | Grad Norm: 1.2239 | Clipped: 3/4
Epoch [1573/4000] | Avg Makespan: 278.25 | Actor Loss: -0.0055 | Critic Loss: 0.2746 | Grad Norm: 2.0415 | Clipped: 4/4
Epoch [1574/4000] | Avg Makespan: 268.25 | Actor Loss: -0.0092 | Critic Loss: 0.4917 | Grad Norm: 1.9119 | Clipped: 4/4
Epoch [1575/4000] | Avg Makespan: 276.50 | Actor Loss: -0.0042 | Critic Loss: 0.7229 | Grad Norm: 3.0516 | Clipped: 4/4
Epoch [1576/4000] | Avg Makespan: 275.50 | Actor Loss: -0.0060 | Critic Loss: 0.5137 | Grad Norm: 1.7180 | Clipped: 4/4
Epoch [1577/4000] | Avg Makespan: 266.50 | Actor Loss: -0.0037 | Critic Loss: 0.5344 | Grad Norm: 2.4462 | Clipped: 4/4
Epoch [1578/4000] | Avg Makespan: 274.50 | Actor Loss: -0.0060 | Critic Loss: 0.2893 | Grad Norm: 2.7778 | Clipped: 4/4
Epoch [1579/4000] | Avg Makespan: 267.50 | Actor Loss: -0.0036 | Critic Loss: 0.5567 | Grad Norm: 3.1149 | Clipped: 4/4
Epoch [1580/4000] | Avg Makespan: 269.75 | Actor Loss: -0.0086 | Critic Loss: 0.6277 | Grad Norm: 1.4321 | Clipped: 4/4
Epoch [1581/4000] | Avg Makespan: 279.50 | Actor Loss: -0.0063 | Critic Loss: 0.4156 | Grad Norm: 2.3870 | Clipped: 4/4
Epoch [1582/4000] | Avg Makespan: 279.00 | Actor Loss: -0.0078 | Critic Loss: 0.2148 | Grad Norm: 2.9050 | Clipped: 4/4
Epoch [1583/4000] | Avg Makespan: 259.25 | Actor Loss: -0.0055 | Critic Loss: 0.7569 | Grad Norm: 2.6463 | Clipped: 4/4
Epoch [1584/4000] | Avg Makespan: 279.75 | Actor Loss: -0.0040 | Critic Loss: 0.3093 | Grad Norm: 1.9317 | Clipped: 4/4
Epoch [1585/4000] | Avg Makespan: 262.75 | Actor Loss: -0.0019 | Critic Loss: 0.2782 | Grad Norm: 3.2746 | Clipped: 4/4
Epoch [1586/4000] | Avg Makespan: 277.00 | Actor Loss: -0.0048 | Critic Loss: 0.7985 | Grad Norm: 1.8930 | Clipped: 4/4
Epoch [1587/4000] | Avg Makespan: 274.50 | Actor Loss: -0.0062 | Critic Loss: 0.4638 | Grad Norm: 1.9727 | Clipped: 4/4
Epoch [1588/4000] | Avg Makespan: 278.50 | Actor Loss: -0.0067 | Critic Loss: 0.7863 | Grad Norm: 1.8250 | Clipped: 4/4
Epoch [1589/4000] | Avg Makespan: 291.25 | Actor Loss: -0.0060 | Critic Loss: 0.2150 | Grad Norm: 1.7839 | Clipped: 4/4
Epoch [1590/4000] | Avg Makespan: 280.75 | Actor Loss: -0.0071 | Critic Loss: 0.1928 | Grad Norm: 1.5101 | Clipped: 4/4
Epoch [1591/4000] | Avg Makespan: 266.75 | Actor Loss: -0.0033 | Critic Loss: 0.6407 | Grad Norm: 2.8917 | Clipped: 4/4
Epoch [1592/4000] | Avg Makespan: 263.75 | Actor Loss: -0.0048 | Critic Loss: 0.4194 | Grad Norm: 1.9759 | Clipped: 4/4
Epoch [1593/4000] | Avg Makespan: 272.25 | Actor Loss: -0.0024 | Critic Loss: 0.6242 | Grad Norm: 2.3021 | Clipped: 4/4
Epoch [1594/4000] | Avg Makespan: 268.00 | Actor Loss: -0.0055 | Critic Loss: 0.5999 | Grad Norm: 1.5621 | Clipped: 4/4
Epoch [1595/4000] | Avg Makespan: 257.25 | Actor Loss: -0.0059 | Critic Loss: 0.3536 | Grad Norm: 1.7296 | Clipped: 4/4
Epoch [1596/4000] | Avg Makespan: 257.25 | Actor Loss: -0.0054 | Critic Loss: 0.2628 | Grad Norm: 1.8058 | Clipped: 4/4
Epoch [1597/4000] | Avg Makespan: 269.75 | Actor Loss: -0.0049 | Critic Loss: 0.3022 | Grad Norm: 2.4724 | Clipped: 4/4
Epoch [1598/4000] | Avg Makespan: 279.00 | Actor Loss: -0.0017 | Critic Loss: 0.2777 | Grad Norm: 2.1820 | Clipped: 4/4
Epoch [1599/4000] | Avg Makespan: 265.50 | Actor Loss: -0.0039 | Critic Loss: 0.4970 | Grad Norm: 1.5598 | Clipped: 4/4
Epoch [1600/4000] | Avg Makespan: 289.00 | Actor Loss: -0.0008 | Critic Loss: 0.6274 | Grad Norm: 2.1098 | Clipped: 4/4
   -> Validation | Samples: 280 | Makespan: 560.02 | Invalid Jobs: 0.01 | Score: 570.74
   -> Saved new best model (Val C~ mean of last 5: 377.70; this eval 371.16)
   -> Saved updated training chart to /home/wei/Desktop/AMR-DFJSP/runs/20260827_083140_v10_B_s43/chart.png
Epoch [1601/4000] | Avg Makespan: 271.25 | Actor Loss: -0.0039 | Critic Loss: 0.4187 | Grad Norm: 2.4414 | Clipped: 4/4
Epoch [1602/4000] | Avg Makespan: 274.25 | Actor Loss: -0.0063 | Critic Loss: 0.2840 | Grad Norm: 2.3951 | Clipped: 4/4
Epoch [1603/4000] | Avg Makespan: 274.00 | Actor Loss: -0.0061 | Critic Loss: 0.8386 | Grad Norm: 2.6680 | Clipped: 4/4
Epoch [1604/4000] | Avg Makespan: 270.00 | Actor Loss: -0.0065 | Critic Loss: 0.3765 | Grad Norm: 1.8269 | Clipped: 4/4
Epoch [1605/4000] | Avg Makespan: 267.75 | Actor Loss: -0.0050 | Critic Loss: 0.3642 | Grad Norm: 3.2796 | Clipped: 4/4
Epoch [1606/4000] | Avg Makespan: 273.00 | Actor Loss: -0.0076 | Critic Loss: 0.2994 | Grad Norm: 1.8652 | Clipped: 4/4
Epoch [1607/4000] | Avg Makespan: 269.25 | Actor Loss: -0.0043 | Critic Loss: 0.2664 | Grad Norm: 1.5513 | Clipped: 4/4
Epoch [1608/4000] | Avg Makespan: 280.50 | Actor Loss: -0.0079 | Critic Loss: 0.0968 | Grad Norm: 2.1397 | Clipped: 4/4
Epoch [1609/4000] | Avg Makespan: 288.50 | Actor Loss: -0.0064 | Critic Loss: 0.2967 | Grad Norm: 1.8538 | Clipped: 4/4
Epoch [1610/4000] | Avg Makespan: 277.75 | Actor Loss: 0.0012 | Critic Loss: 0.2541 | Grad Norm: 4.5933 | Clipped: 4/4
Epoch [1611/4000] | Avg Makespan: 268.00 | Actor Loss: -0.0051 | Critic Loss: 0.3640 | Grad Norm: 2.7785 | Clipped: 4/4
Epoch [1612/4000] | Avg Makespan: 275.75 | Actor Loss: -0.0059 | Critic Loss: 0.2236 | Grad Norm: 3.6372 | Clipped: 4/4
Epoch [1613/4000] | Avg Makespan: 275.00 | Actor Loss: -0.0096 | Critic Loss: 0.3264 | Grad Norm: 2.8051 | Clipped: 4/4
Epoch [1614/4000] | Avg Makespan: 263.25 | Actor Loss: -0.0065 | Critic Loss: 0.4361 | Grad Norm: 1.9165 | Clipped: 4/4
Epoch [1615/4000] | Avg Makespan: 268.75 | Actor Loss: 0.0006 | Critic Loss: 0.3206 | Grad Norm: 2.9497 | Clipped: 4/4
Epoch [1616/4000] | Avg Makespan: 272.50 | Actor Loss: -0.0046 | Critic Loss: 0.2428 | Grad Norm: 2.7011 | Clipped: 4/4
Epoch [1617/4000] | Avg Makespan: 268.25 | Actor Loss: 0.0032 | Critic Loss: 0.6911 | Grad Norm: 2.9781 | Clipped: 4/4
Epoch [1618/4000] | Avg Makespan: 282.25 | Actor Loss: -0.0016 | Critic Loss: 0.2820 | Grad Norm: 2.9297 | Clipped: 4/4
Epoch [1619/4000] | Avg Makespan: 272.00 | Actor Loss: -0.0064 | Critic Loss: 0.2670 | Grad Norm: 2.5205 | Clipped: 4/4
Epoch [1620/4000] | Avg Makespan: 278.00 | Actor Loss: 0.0002 | Critic Loss: 0.3549 | Grad Norm: 3.3198 | Clipped: 4/4
Epoch [1621/4000] | Avg Makespan: 276.00 | Actor Loss: -0.0009 | Critic Loss: 0.3940 | Grad Norm: 3.3440 | Clipped: 4/4
Epoch [1622/4000] | Avg Makespan: 270.75 | Actor Loss: -0.0048 | Critic Loss: 0.3701 | Grad Norm: 1.7368 | Clipped: 4/4
Epoch [1623/4000] | Avg Makespan: 274.75 | Actor Loss: -0.0063 | Critic Loss: 0.2506 | Grad Norm: 1.6374 | Clipped: 4/4
Epoch [1624/4000] | Avg Makespan: 264.25 | Actor Loss: -0.0004 | Critic Loss: 0.1606 | Grad Norm: 2.8705 | Clipped: 4/4
Epoch [1625/4000] | Avg Makespan: 276.25 | Actor Loss: -0.0066 | Critic Loss: 0.1929 | Grad Norm: 1.9827 | Clipped: 4/4
Epoch [1626/4000] | Avg Makespan: 272.00 | Actor Loss: -0.0053 | Critic Loss: 0.3042 | Grad Norm: 1.8734 | Clipped: 4/4
Epoch [1627/4000] | Avg Makespan: 278.25 | Actor Loss: -0.0067 | Critic Loss: 0.2381 | Grad Norm: 2.0820 | Clipped: 4/4
Epoch [1628/4000] | Avg Makespan: 286.25 | Actor Loss: -0.0034 | Critic Loss: 0.3981 | Grad Norm: 2.0174 | Clipped: 4/4
Epoch [1629/4000] | Avg Makespan: 270.25 | Actor Loss: -0.0064 | Critic Loss: 0.2521 | Grad Norm: 2.0843 | Clipped: 4/4
Epoch [1630/4000] | Avg Makespan: 266.00 | Actor Loss: -0.0011 | Critic Loss: 0.2483 | Grad Norm: 2.5191 | Clipped: 4/4
Epoch [1631/4000] | Avg Makespan: 268.75 | Actor Loss: -0.0056 | Critic Loss: 0.1025 | Grad Norm: 2.0179 | Clipped: 4/4
Epoch [1632/4000] | Avg Makespan: 275.25 | Actor Loss: -0.0072 | Critic Loss: 0.2284 | Grad Norm: 2.8372 | Clipped: 4/4
Epoch [1633/4000] | Avg Makespan: 275.50 | Actor Loss: -0.0084 | Critic Loss: 0.2771 | Grad Norm: 2.0863 | Clipped: 4/4
Epoch [1634/4000] | Avg Makespan: 271.50 | Actor Loss: -0.0009 | Critic Loss: 0.5842 | Grad Norm: 2.8582 | Clipped: 4/4
Epoch [1635/4000] | Avg Makespan: 267.50 | Actor Loss: -0.0050 | Critic Loss: 0.6769 | Grad Norm: 3.1574 | Clipped: 4/4
Epoch [1636/4000] | Avg Makespan: 260.00 | Actor Loss: -0.0061 | Critic Loss: 0.2798 | Grad Norm: 2.1826 | Clipped: 4/4
Epoch [1637/4000] | Avg Makespan: 271.00 | Actor Loss: -0.0100 | Critic Loss: 1.0616 | Grad Norm: 2.0063 | Clipped: 4/4
Epoch [1638/4000] | Avg Makespan: 265.00 | Actor Loss: -0.0064 | Critic Loss: 0.5181 | Grad Norm: 1.8690 | Clipped: 4/4
Epoch [1639/4000] | Avg Makespan: 282.50 | Actor Loss: -0.0050 | Critic Loss: 0.2551 | Grad Norm: 2.5688 | Clipped: 4/4
Epoch [1640/4000] | Avg Makespan: 271.75 | Actor Loss: -0.0047 | Critic Loss: 0.2578 | Grad Norm: 2.5802 | Clipped: 4/4
Epoch [1641/4000] | Avg Makespan: 269.75 | Actor Loss: -0.0066 | Critic Loss: 0.2862 | Grad Norm: 3.3670 | Clipped: 4/4
Epoch [1642/4000] | Avg Makespan: 263.75 | Actor Loss: -0.0084 | Critic Loss: 0.2016 | Grad Norm: 1.9916 | Clipped: 4/4
Epoch [1643/4000] | Avg Makespan: 269.00 | Actor Loss: -0.0044 | Critic Loss: 0.2598 | Grad Norm: 2.3063 | Clipped: 4/4
Epoch [1644/4000] | Avg Makespan: 294.00 | Actor Loss: -0.0042 | Critic Loss: 0.8253 | Grad Norm: 2.4876 | Clipped: 4/4
Epoch [1645/4000] | Avg Makespan: 255.50 | Actor Loss: -0.0060 | Critic Loss: 0.5544 | Grad Norm: 2.6194 | Clipped: 4/4
Epoch [1646/4000] | Avg Makespan: 272.50 | Actor Loss: -0.0023 | Critic Loss: 0.1687 | Grad Norm: 2.3659 | Clipped: 4/4
Epoch [1647/4000] | Avg Makespan: 271.75 | Actor Loss: -0.0059 | Critic Loss: 0.4315 | Grad Norm: 1.5840 | Clipped: 4/4
Epoch [1648/4000] | Avg Makespan: 275.25 | Actor Loss: -0.0094 | Critic Loss: 0.2419 | Grad Norm: 2.0625 | Clipped: 4/4
Epoch [1649/4000] | Avg Makespan: 284.75 | Actor Loss: -0.0082 | Critic Loss: 0.1772 | Grad Norm: 2.1722 | Clipped: 4/4
Epoch [1650/4000] | Avg Makespan: 271.00 | Actor Loss: -0.0038 | Critic Loss: 0.3888 | Grad Norm: 3.2338 | Clipped: 4/4
Epoch [1651/4000] | Avg Makespan: 269.00 | Actor Loss: -0.0012 | Critic Loss: 0.2325 | Grad Norm: 3.3244 | Clipped: 4/4
Epoch [1652/4000] | Avg Makespan: 264.25 | Actor Loss: -0.0067 | Critic Loss: 0.8646 | Grad Norm: 2.6174 | Clipped: 4/4
Epoch [1653/4000] | Avg Makespan: 249.00 | Actor Loss: -0.0060 | Critic Loss: 0.4347 | Grad Norm: 2.3698 | Clipped: 4/4
Epoch [1654/4000] | Avg Makespan: 269.75 | Actor Loss: -0.0068 | Critic Loss: 0.2645 | Grad Norm: 1.9407 | Clipped: 4/4
Epoch [1655/4000] | Avg Makespan: 269.25 | Actor Loss: -0.0077 | Critic Loss: 0.3644 | Grad Norm: 1.9394 | Clipped: 4/4
Epoch [1656/4000] | Avg Makespan: 287.25 | Actor Loss: -0.0013 | Critic Loss: 0.4094 | Grad Norm: 3.0037 | Clipped: 4/4
Epoch [1657/4000] | Avg Makespan: 282.00 | Actor Loss: -0.0017 | Critic Loss: 0.8145 | Grad Norm: 2.2035 | Clipped: 4/4
Epoch [1658/4000] | Avg Makespan: 291.25 | Actor Loss: -0.0007 | Critic Loss: 0.6135 | Grad Norm: 2.7158 | Clipped: 4/4
Epoch [1659/4000] | Avg Makespan: 270.00 | Actor Loss: -0.0019 | Critic Loss: 0.3229 | Grad Norm: 2.7772 | Clipped: 4/4
Epoch [1660/4000] | Avg Makespan: 274.00 | Actor Loss: -0.0055 | Critic Loss: 0.8889 | Grad Norm: 1.8604 | Clipped: 4/4
Epoch [1661/4000] | Avg Makespan: 277.75 | Actor Loss: -0.0035 | Critic Loss: 0.3881 | Grad Norm: 2.9875 | Clipped: 4/4
Epoch [1662/4000] | Avg Makespan: 267.75 | Actor Loss: 0.0017 | Critic Loss: 0.3184 | Grad Norm: 2.7545 | Clipped: 4/4
Epoch [1663/4000] | Avg Makespan: 265.50 | Actor Loss: -0.0033 | Critic Loss: 0.4809 | Grad Norm: 1.9764 | Clipped: 4/4
Epoch [1664/4000] | Avg Makespan: 272.75 | Actor Loss: -0.0083 | Critic Loss: 0.3482 | Grad Norm: 2.6174 | Clipped: 4/4
Epoch [1665/4000] | Avg Makespan: 267.50 | Actor Loss: -0.0064 | Critic Loss: 0.3013 | Grad Norm: 2.2491 | Clipped: 4/4
Epoch [1666/4000] | Avg Makespan: 276.00 | Actor Loss: -0.0075 | Critic Loss: 0.3856 | Grad Norm: 2.5898 | Clipped: 4/4
Epoch [1667/4000] | Avg Makespan: 258.25 | Actor Loss: -0.0084 | Critic Loss: 0.5212 | Grad Norm: 2.0166 | Clipped: 4/4
Epoch [1668/4000] | Avg Makespan: 269.50 | Actor Loss: -0.0065 | Critic Loss: 0.5763 | Grad Norm: 1.9368 | Clipped: 4/4
Epoch [1669/4000] | Avg Makespan: 277.25 | Actor Loss: -0.0058 | Critic Loss: 0.4180 | Grad Norm: 1.6798 | Clipped: 4/4
Epoch [1670/4000] | Avg Makespan: 258.25 | Actor Loss: -0.0058 | Critic Loss: 0.2370 | Grad Norm: 2.1889 | Clipped: 4/4
Epoch [1671/4000] | Avg Makespan: 276.75 | Actor Loss: 0.0066 | Critic Loss: 0.5514 | Grad Norm: 2.8738 | Clipped: 4/4
Epoch [1672/4000] | Avg Makespan: 275.00 | Actor Loss: -0.0074 | Critic Loss: 0.2999 | Grad Norm: 1.4155 | Clipped: 4/4
Epoch [1673/4000] | Avg Makespan: 275.00 | Actor Loss: -0.0046 | Critic Loss: 0.3017 | Grad Norm: 2.0683 | Clipped: 4/4
Epoch [1674/4000] | Avg Makespan: 253.25 | Actor Loss: -0.0058 | Critic Loss: 0.7431 | Grad Norm: 4.1545 | Clipped: 4/4
Epoch [1675/4000] | Avg Makespan: 273.50 | Actor Loss: -0.0082 | Critic Loss: 0.2514 | Grad Norm: 2.0896 | Clipped: 4/4
Epoch [1676/4000] | Avg Makespan: 269.00 | Actor Loss: -0.0057 | Critic Loss: 0.5342 | Grad Norm: 2.2451 | Clipped: 4/4
Epoch [1677/4000] | Avg Makespan: 265.50 | Actor Loss: 0.0006 | Critic Loss: 0.2939 | Grad Norm: 3.8345 | Clipped: 4/4
Epoch [1678/4000] | Avg Makespan: 267.75 | Actor Loss: -0.0065 | Critic Loss: 0.5850 | Grad Norm: 2.2123 | Clipped: 4/4
Epoch [1679/4000] | Avg Makespan: 263.25 | Actor Loss: -0.0030 | Critic Loss: 0.3206 | Grad Norm: 2.0700 | Clipped: 4/4
Epoch [1680/4000] | Avg Makespan: 271.75 | Actor Loss: -0.0108 | Critic Loss: 0.3819 | Grad Norm: 2.3763 | Clipped: 4/4
Epoch [1681/4000] | Avg Makespan: 280.75 | Actor Loss: 0.0008 | Critic Loss: 0.8117 | Grad Norm: 3.0399 | Clipped: 4/4
Epoch [1682/4000] | Avg Makespan: 263.00 | Actor Loss: 0.0043 | Critic Loss: 0.2583 | Grad Norm: 4.0681 | Clipped: 4/4
Epoch [1683/4000] | Avg Makespan: 278.75 | Actor Loss: -0.0072 | Critic Loss: 0.1171 | Grad Norm: 2.1102 | Clipped: 4/4
Epoch [1684/4000] | Avg Makespan: 255.50 | Actor Loss: -0.0037 | Critic Loss: 0.3115 | Grad Norm: 2.8527 | Clipped: 4/4
Epoch [1685/4000] | Avg Makespan: 267.00 | Actor Loss: -0.0061 | Critic Loss: 0.4603 | Grad Norm: 2.3354 | Clipped: 4/4
Epoch [1686/4000] | Avg Makespan: 261.50 | Actor Loss: -0.0053 | Critic Loss: 0.1055 | Grad Norm: 1.7960 | Clipped: 4/4
Epoch [1687/4000] | Avg Makespan: 275.25 | Actor Loss: -0.0058 | Critic Loss: 0.2357 | Grad Norm: 2.4115 | Clipped: 4/4
Epoch [1688/4000] | Avg Makespan: 267.00 | Actor Loss: -0.0049 | Critic Loss: 1.2483 | Grad Norm: 3.4994 | Clipped: 4/4
Epoch [1689/4000] | Avg Makespan: 271.25 | Actor Loss: -0.0043 | Critic Loss: 0.3360 | Grad Norm: 2.4882 | Clipped: 4/4
Epoch [1690/4000] | Avg Makespan: 272.50 | Actor Loss: -0.0077 | Critic Loss: 0.2994 | Grad Norm: 2.1249 | Clipped: 4/4
Epoch [1691/4000] | Avg Makespan: 285.50 | Actor Loss: -0.0071 | Critic Loss: 0.3169 | Grad Norm: 2.7357 | Clipped: 4/4
Epoch [1692/4000] | Avg Makespan: 261.50 | Actor Loss: -0.0056 | Critic Loss: 0.5921 | Grad Norm: 2.5180 | Clipped: 4/4
Epoch [1693/4000] | Avg Makespan: 268.25 | Actor Loss: -0.0002 | Critic Loss: 0.3869 | Grad Norm: 2.5986 | Clipped: 4/4
Epoch [1694/4000] | Avg Makespan: 266.75 | Actor Loss: -0.0050 | Critic Loss: 0.1285 | Grad Norm: 1.6978 | Clipped: 4/4
Epoch [1695/4000] | Avg Makespan: 259.00 | Actor Loss: -0.0091 | Critic Loss: 0.5261 | Grad Norm: 2.1790 | Clipped: 4/4
Epoch [1696/4000] | Avg Makespan: 274.50 | Actor Loss: -0.0065 | Critic Loss: 0.2757 | Grad Norm: 1.8060 | Clipped: 4/4
Epoch [1697/4000] | Avg Makespan: 276.75 | Actor Loss: -0.0095 | Critic Loss: 0.2271 | Grad Norm: 1.9882 | Clipped: 4/4
Epoch [1698/4000] | Avg Makespan: 266.00 | Actor Loss: -0.0038 | Critic Loss: 0.2786 | Grad Norm: 2.8589 | Clipped: 4/4
Epoch [1699/4000] | Avg Makespan: 264.25 | Actor Loss: -0.0025 | Critic Loss: 0.7709 | Grad Norm: 4.1063 | Clipped: 4/4
Epoch [1700/4000] | Avg Makespan: 273.25 | Actor Loss: -0.0069 | Critic Loss: 0.4203 | Grad Norm: 1.9788 | Clipped: 4/4
   -> Validation | Samples: 280 | Makespan: 585.20 | Invalid Jobs: 0.01 | Score: 595.91
   -> Saved new best model (Val C~ mean of last 5: 375.76; this eval 373.57)
   -> Saved updated training chart to /home/wei/Desktop/AMR-DFJSP/runs/20260827_083140_v10_B_s43/chart.png
Epoch [1701/4000] | Avg Makespan: 278.50 | Actor Loss: 0.0029 | Critic Loss: 0.9872 | Grad Norm: 4.4317 | Clipped: 4/4
Epoch [1702/4000] | Avg Makespan: 272.00 | Actor Loss: -0.0079 | Critic Loss: 0.3612 | Grad Norm: 1.8395 | Clipped: 4/4
Epoch [1703/4000] | Avg Makespan: 261.50 | Actor Loss: -0.0087 | Critic Loss: 0.2988 | Grad Norm: 1.8503 | Clipped: 4/4
Epoch [1704/4000] | Avg Makespan: 263.00 | Actor Loss: -0.0064 | Critic Loss: 0.3305 | Grad Norm: 2.8823 | Clipped: 4/4
Epoch [1705/4000] | Avg Makespan: 261.50 | Actor Loss: -0.0029 | Critic Loss: 0.1566 | Grad Norm: 1.9812 | Clipped: 4/4
Epoch [1706/4000] | Avg Makespan: 272.50 | Actor Loss: -0.0077 | Critic Loss: 0.2236 | Grad Norm: 2.3129 | Clipped: 4/4
Epoch [1707/4000] | Avg Makespan: 276.75 | Actor Loss: -0.0058 | Critic Loss: 0.3049 | Grad Norm: 2.1976 | Clipped: 4/4
Epoch [1708/4000] | Avg Makespan: 270.50 | Actor Loss: -0.0048 | Critic Loss: 0.7032 | Grad Norm: 2.4451 | Clipped: 4/4
Epoch [1709/4000] | Avg Makespan: 261.25 | Actor Loss: -0.0079 | Critic Loss: 0.4400 | Grad Norm: 2.0183 | Clipped: 4/4
Epoch [1710/4000] | Avg Makespan: 264.25 | Actor Loss: -0.0014 | Critic Loss: 0.3218 | Grad Norm: 2.2883 | Clipped: 4/4
Epoch [1711/4000] | Avg Makespan: 273.25 | Actor Loss: -0.0022 | Critic Loss: 0.3417 | Grad Norm: 2.2929 | Clipped: 4/4
Epoch [1712/4000] | Avg Makespan: 276.75 | Actor Loss: -0.0051 | Critic Loss: 0.3037 | Grad Norm: 2.3338 | Clipped: 4/4
Epoch [1713/4000] | Avg Makespan: 253.75 | Actor Loss: -0.0061 | Critic Loss: 0.3354 | Grad Norm: 3.0082 | Clipped: 4/4
Epoch [1714/4000] | Avg Makespan: 276.50 | Actor Loss: -0.0082 | Critic Loss: 0.2802 | Grad Norm: 2.7310 | Clipped: 4/4
Epoch [1715/4000] | Avg Makespan: 274.00 | Actor Loss: -0.0025 | Critic Loss: 0.4112 | Grad Norm: 2.7634 | Clipped: 4/4
Epoch [1716/4000] | Avg Makespan: 275.75 | Actor Loss: -0.0090 | Critic Loss: 0.5053 | Grad Norm: 1.7608 | Clipped: 4/4
Epoch [1717/4000] | Avg Makespan: 266.25 | Actor Loss: -0.0076 | Critic Loss: 0.3832 | Grad Norm: 2.1304 | Clipped: 4/4
Epoch [1718/4000] | Avg Makespan: 271.50 | Actor Loss: -0.0069 | Critic Loss: 0.8763 | Grad Norm: 2.3978 | Clipped: 4/4
Epoch [1719/4000] | Avg Makespan: 281.50 | Actor Loss: -0.0053 | Critic Loss: 0.7187 | Grad Norm: 2.2517 | Clipped: 4/4
Epoch [1720/4000] | Avg Makespan: 253.25 | Actor Loss: -0.0007 | Critic Loss: 0.5125 | Grad Norm: 3.1065 | Clipped: 4/4
Epoch [1721/4000] | Avg Makespan: 285.75 | Actor Loss: -0.0090 | Critic Loss: 0.5440 | Grad Norm: 1.9706 | Clipped: 4/4
Epoch [1722/4000] | Avg Makespan: 287.00 | Actor Loss: -0.0034 | Critic Loss: 0.5008 | Grad Norm: 3.5468 | Clipped: 4/4
Epoch [1723/4000] | Avg Makespan: 278.50 | Actor Loss: -0.0082 | Critic Loss: 0.2265 | Grad Norm: 1.8351 | Clipped: 4/4
Epoch [1724/4000] | Avg Makespan: 279.75 | Actor Loss: -0.0090 | Critic Loss: 0.5796 | Grad Norm: 1.4723 | Clipped: 4/4
Epoch [1725/4000] | Avg Makespan: 287.00 | Actor Loss: -0.0032 | Critic Loss: 0.6859 | Grad Norm: 3.2482 | Clipped: 4/4
Epoch [1726/4000] | Avg Makespan: 274.50 | Actor Loss: -0.0082 | Critic Loss: 0.5337 | Grad Norm: 1.8274 | Clipped: 4/4
Epoch [1727/4000] | Avg Makespan: 270.50 | Actor Loss: -0.0069 | Critic Loss: 0.3594 | Grad Norm: 1.7330 | Clipped: 3/4
Epoch [1728/4000] | Avg Makespan: 278.00 | Actor Loss: -0.0072 | Critic Loss: 0.2466 | Grad Norm: 2.0900 | Clipped: 4/4
Epoch [1729/4000] | Avg Makespan: 275.75 | Actor Loss: -0.0004 | Critic Loss: 0.3824 | Grad Norm: 1.8064 | Clipped: 4/4
Epoch [1730/4000] | Avg Makespan: 270.25 | Actor Loss: -0.0078 | Critic Loss: 0.3093 | Grad Norm: 2.1003 | Clipped: 4/4
Epoch [1731/4000] | Avg Makespan: 259.25 | Actor Loss: -0.0051 | Critic Loss: 0.3880 | Grad Norm: 1.6338 | Clipped: 4/4
Epoch [1732/4000] | Avg Makespan: 273.75 | Actor Loss: -0.0023 | Critic Loss: 0.3231 | Grad Norm: 4.0810 | Clipped: 4/4
Epoch [1733/4000] | Avg Makespan: 283.75 | Actor Loss: 0.0006 | Critic Loss: 0.7139 | Grad Norm: 4.9343 | Clipped: 4/4
Epoch [1734/4000] | Avg Makespan: 280.00 | Actor Loss: 0.0003 | Critic Loss: 0.4483 | Grad Norm: 2.3414 | Clipped: 4/4
Epoch [1735/4000] | Avg Makespan: 280.50 | Actor Loss: -0.0029 | Critic Loss: 0.6060 | Grad Norm: 1.9260 | Clipped: 4/4
Epoch [1736/4000] | Avg Makespan: 276.50 | Actor Loss: -0.0056 | Critic Loss: 0.4282 | Grad Norm: 2.7762 | Clipped: 4/4
Epoch [1737/4000] | Avg Makespan: 282.50 | Actor Loss: -0.0066 | Critic Loss: 0.3064 | Grad Norm: 2.5209 | Clipped: 4/4
Epoch [1738/4000] | Avg Makespan: 272.75 | Actor Loss: -0.0051 | Critic Loss: 0.3058 | Grad Norm: 2.6414 | Clipped: 4/4
Epoch [1739/4000] | Avg Makespan: 285.00 | Actor Loss: -0.0042 | Critic Loss: 0.9400 | Grad Norm: 2.3804 | Clipped: 4/4
Epoch [1740/4000] | Avg Makespan: 284.25 | Actor Loss: -0.0062 | Critic Loss: 0.5261 | Grad Norm: 1.9490 | Clipped: 4/4
Epoch [1741/4000] | Avg Makespan: 278.75 | Actor Loss: -0.0089 | Critic Loss: 0.0910 | Grad Norm: 2.2554 | Clipped: 4/4
Epoch [1742/4000] | Avg Makespan: 270.25 | Actor Loss: -0.0006 | Critic Loss: 0.7115 | Grad Norm: 1.8992 | Clipped: 4/4
Epoch [1743/4000] | Avg Makespan: 275.75 | Actor Loss: -0.0034 | Critic Loss: 0.4111 | Grad Norm: 3.3309 | Clipped: 4/4
Epoch [1744/4000] | Avg Makespan: 277.25 | Actor Loss: -0.0028 | Critic Loss: 0.0932 | Grad Norm: 2.7234 | Clipped: 4/4
Epoch [1745/4000] | Avg Makespan: 278.50 | Actor Loss: -0.0066 | Critic Loss: 0.7072 | Grad Norm: 2.2874 | Clipped: 4/4
Epoch [1746/4000] | Avg Makespan: 276.75 | Actor Loss: 0.0025 | Critic Loss: 0.2419 | Grad Norm: 2.6833 | Clipped: 4/4
Epoch [1747/4000] | Avg Makespan: 273.00 | Actor Loss: -0.0109 | Critic Loss: 0.4205 | Grad Norm: 2.1617 | Clipped: 4/4
Epoch [1748/4000] | Avg Makespan: 284.25 | Actor Loss: -0.0049 | Critic Loss: 0.4193 | Grad Norm: 3.3561 | Clipped: 4/4
Epoch [1749/4000] | Avg Makespan: 274.25 | Actor Loss: -0.0087 | Critic Loss: 0.2754 | Grad Norm: 2.3065 | Clipped: 4/4
Epoch [1750/4000] | Avg Makespan: 265.00 | Actor Loss: -0.0053 | Critic Loss: 0.2939 | Grad Norm: 2.4839 | Clipped: 4/4
Epoch [1751/4000] | Avg Makespan: 265.75 | Actor Loss: -0.0077 | Critic Loss: 0.3640 | Grad Norm: 1.6644 | Clipped: 4/4
Epoch [1752/4000] | Avg Makespan: 279.25 | Actor Loss: -0.0027 | Critic Loss: 1.2520 | Grad Norm: 2.7614 | Clipped: 4/4
Epoch [1753/4000] | Avg Makespan: 286.00 | Actor Loss: -0.0052 | Critic Loss: 0.6012 | Grad Norm: 1.9887 | Clipped: 4/4
Epoch [1754/4000] | Avg Makespan: 261.50 | Actor Loss: 0.0044 | Critic Loss: 0.3933 | Grad Norm: 3.3485 | Clipped: 4/4
Epoch [1755/4000] | Avg Makespan: 268.25 | Actor Loss: -0.0029 | Critic Loss: 0.5933 | Grad Norm: 2.7729 | Clipped: 4/4
Epoch [1756/4000] | Avg Makespan: 278.50 | Actor Loss: -0.0081 | Critic Loss: 0.5518 | Grad Norm: 1.8107 | Clipped: 4/4
Epoch [1757/4000] | Avg Makespan: 272.75 | Actor Loss: -0.0064 | Critic Loss: 0.2073 | Grad Norm: 2.5324 | Clipped: 4/4
Epoch [1758/4000] | Avg Makespan: 285.00 | Actor Loss: -0.0029 | Critic Loss: 0.1644 | Grad Norm: 3.5819 | Clipped: 4/4
Epoch [1759/4000] | Avg Makespan: 272.25 | Actor Loss: -0.0076 | Critic Loss: 0.2820 | Grad Norm: 1.6868 | Clipped: 4/4
Epoch [1760/4000] | Avg Makespan: 286.00 | Actor Loss: -0.0101 | Critic Loss: 0.5723 | Grad Norm: 2.5554 | Clipped: 4/4
Epoch [1761/4000] | Avg Makespan: 267.25 | Actor Loss: -0.0084 | Critic Loss: 0.7607 | Grad Norm: 2.0563 | Clipped: 4/4
Epoch [1762/4000] | Avg Makespan: 272.25 | Actor Loss: -0.0062 | Critic Loss: 0.2337 | Grad Norm: 1.7302 | Clipped: 4/4
Epoch [1763/4000] | Avg Makespan: 268.75 | Actor Loss: -0.0066 | Critic Loss: 0.3230 | Grad Norm: 1.9130 | Clipped: 4/4
Epoch [1764/4000] | Avg Makespan: 272.00 | Actor Loss: -0.0089 | Critic Loss: 0.3826 | Grad Norm: 1.9750 | Clipped: 4/4
Epoch [1765/4000] | Avg Makespan: 286.00 | Actor Loss: -0.0066 | Critic Loss: 0.4184 | Grad Norm: 1.8736 | Clipped: 4/4
Epoch [1766/4000] | Avg Makespan: 268.25 | Actor Loss: -0.0032 | Critic Loss: 0.2567 | Grad Norm: 2.3096 | Clipped: 4/4
Epoch [1767/4000] | Avg Makespan: 281.50 | Actor Loss: -0.0076 | Critic Loss: 0.3023 | Grad Norm: 1.3839 | Clipped: 4/4
Epoch [1768/4000] | Avg Makespan: 265.25 | Actor Loss: -0.0101 | Critic Loss: 0.4995 | Grad Norm: 1.4483 | Clipped: 4/4
Epoch [1769/4000] | Avg Makespan: 275.00 | Actor Loss: -0.0023 | Critic Loss: 0.3949 | Grad Norm: 2.6615 | Clipped: 4/4
Epoch [1770/4000] | Avg Makespan: 276.00 | Actor Loss: -0.0022 | Critic Loss: 0.2245 | Grad Norm: 1.8105 | Clipped: 3/4
Epoch [1771/4000] | Avg Makespan: 279.50 | Actor Loss: -0.0084 | Critic Loss: 0.1659 | Grad Norm: 2.0418 | Clipped: 4/4
Epoch [1772/4000] | Avg Makespan: 262.75 | Actor Loss: -0.0086 | Critic Loss: 0.3995 | Grad Norm: 1.6834 | Clipped: 4/4
Epoch [1773/4000] | Avg Makespan: 251.75 | Actor Loss: -0.0043 | Critic Loss: 0.8516 | Grad Norm: 2.2586 | Clipped: 4/4
Epoch [1774/4000] | Avg Makespan: 261.75 | Actor Loss: -0.0073 | Critic Loss: 0.3388 | Grad Norm: 1.9477 | Clipped: 4/4
Epoch [1775/4000] | Avg Makespan: 265.75 | Actor Loss: -0.0071 | Critic Loss: 0.5466 | Grad Norm: 2.1210 | Clipped: 4/4
Epoch [1776/4000] | Avg Makespan: 275.75 | Actor Loss: -0.0012 | Critic Loss: 0.4959 | Grad Norm: 1.9837 | Clipped: 4/4
Epoch [1777/4000] | Avg Makespan: 272.50 | Actor Loss: -0.0058 | Critic Loss: 0.4463 | Grad Norm: 1.9570 | Clipped: 4/4
Epoch [1778/4000] | Avg Makespan: 273.50 | Actor Loss: 0.0028 | Critic Loss: 0.3574 | Grad Norm: 3.4255 | Clipped: 4/4
Epoch [1779/4000] | Avg Makespan: 274.25 | Actor Loss: -0.0048 | Critic Loss: 0.5641 | Grad Norm: 2.9185 | Clipped: 4/4
Epoch [1780/4000] | Avg Makespan: 273.50 | Actor Loss: -0.0063 | Critic Loss: 0.3607 | Grad Norm: 3.0280 | Clipped: 4/4
Epoch [1781/4000] | Avg Makespan: 273.50 | Actor Loss: -0.0040 | Critic Loss: 0.8335 | Grad Norm: 2.1432 | Clipped: 4/4
Epoch [1782/4000] | Avg Makespan: 270.75 | Actor Loss: -0.0080 | Critic Loss: 0.5296 | Grad Norm: 2.1550 | Clipped: 4/4
Epoch [1783/4000] | Avg Makespan: 269.75 | Actor Loss: -0.0046 | Critic Loss: 0.7092 | Grad Norm: 2.8987 | Clipped: 4/4
Epoch [1784/4000] | Avg Makespan: 278.00 | Actor Loss: -0.0109 | Critic Loss: 0.1314 | Grad Norm: 1.9452 | Clipped: 4/4
Epoch [1785/4000] | Avg Makespan: 272.00 | Actor Loss: -0.0042 | Critic Loss: 0.2074 | Grad Norm: 2.5534 | Clipped: 4/4
Epoch [1786/4000] | Avg Makespan: 276.25 | Actor Loss: -0.0048 | Critic Loss: 0.3216 | Grad Norm: 1.8287 | Clipped: 4/4
Epoch [1787/4000] | Avg Makespan: 269.00 | Actor Loss: -0.0082 | Critic Loss: 0.4430 | Grad Norm: 1.8049 | Clipped: 4/4
Epoch [1788/4000] | Avg Makespan: 268.75 | Actor Loss: 0.0022 | Critic Loss: 0.5896 | Grad Norm: 5.3792 | Clipped: 4/4
Epoch [1789/4000] | Avg Makespan: 275.75 | Actor Loss: -0.0069 | Critic Loss: 0.3909 | Grad Norm: 2.9098 | Clipped: 4/4
Epoch [1790/4000] | Avg Makespan: 272.00 | Actor Loss: -0.0083 | Critic Loss: 0.2385 | Grad Norm: 3.0826 | Clipped: 4/4
Epoch [1791/4000] | Avg Makespan: 255.25 | Actor Loss: -0.0019 | Critic Loss: 0.3987 | Grad Norm: 3.3509 | Clipped: 4/4
Epoch [1792/4000] | Avg Makespan: 282.75 | Actor Loss: -0.0052 | Critic Loss: 0.3235 | Grad Norm: 2.4446 | Clipped: 4/4
Epoch [1793/4000] | Avg Makespan: 282.25 | Actor Loss: -0.0100 | Critic Loss: 0.1644 | Grad Norm: 1.1577 | Clipped: 2/4
Epoch [1794/4000] | Avg Makespan: 276.75 | Actor Loss: -0.0043 | Critic Loss: 0.7745 | Grad Norm: 1.8928 | Clipped: 4/4
Epoch [1795/4000] | Avg Makespan: 271.25 | Actor Loss: -0.0088 | Critic Loss: 0.1190 | Grad Norm: 1.6220 | Clipped: 4/4
Epoch [1796/4000] | Avg Makespan: 278.00 | Actor Loss: -0.0041 | Critic Loss: 1.1507 | Grad Norm: 1.9372 | Clipped: 4/4
Epoch [1797/4000] | Avg Makespan: 272.50 | Actor Loss: -0.0027 | Critic Loss: 0.3299 | Grad Norm: 3.7034 | Clipped: 4/4
Epoch [1798/4000] | Avg Makespan: 273.25 | Actor Loss: -0.0070 | Critic Loss: 0.2624 | Grad Norm: 2.6355 | Clipped: 4/4
Epoch [1799/4000] | Avg Makespan: 254.50 | Actor Loss: -0.0070 | Critic Loss: 0.7130 | Grad Norm: 2.8547 | Clipped: 4/4
Epoch [1800/4000] | Avg Makespan: 263.75 | Actor Loss: -0.0058 | Critic Loss: 0.3525 | Grad Norm: 1.9305 | Clipped: 4/4
   -> Validation | Samples: 280 | Makespan: 564.66 | Invalid Jobs: 0.02 | Score: 582.52
   -> Saved new best model (Val C~ mean of last 5: 373.37; this eval 372.15)
   -> Saved updated training chart to /home/wei/Desktop/AMR-DFJSP/runs/20260827_083140_v10_B_s43/chart.png
Epoch [1801/4000] | Avg Makespan: 284.75 | Actor Loss: -0.0009 | Critic Loss: 0.3224 | Grad Norm: 2.9301 | Clipped: 4/4
Epoch [1802/4000] | Avg Makespan: 286.25 | Actor Loss: -0.0013 | Critic Loss: 0.3705 | Grad Norm: 2.0287 | Clipped: 4/4
Epoch [1803/4000] | Avg Makespan: 290.25 | Actor Loss: -0.0039 | Critic Loss: 0.8059 | Grad Norm: 1.3519 | Clipped: 4/4
Epoch [1804/4000] | Avg Makespan: 274.00 | Actor Loss: -0.0045 | Critic Loss: 0.3277 | Grad Norm: 1.7127 | Clipped: 4/4
Epoch [1805/4000] | Avg Makespan: 269.00 | Actor Loss: -0.0053 | Critic Loss: 0.2844 | Grad Norm: 1.7796 | Clipped: 4/4
Epoch [1806/4000] | Avg Makespan: 283.25 | Actor Loss: -0.0073 | Critic Loss: 0.3723 | Grad Norm: 1.5492 | Clipped: 4/4
Epoch [1807/4000] | Avg Makespan: 276.75 | Actor Loss: -0.0081 | Critic Loss: 0.0937 | Grad Norm: 1.8566 | Clipped: 4/4
Epoch [1808/4000] | Avg Makespan: 266.00 | Actor Loss: -0.0056 | Critic Loss: 0.2465 | Grad Norm: 2.3319 | Clipped: 4/4
Epoch [1809/4000] | Avg Makespan: 262.25 | Actor Loss: -0.0104 | Critic Loss: 0.1992 | Grad Norm: 1.8985 | Clipped: 4/4
Epoch [1810/4000] | Avg Makespan: 271.00 | Actor Loss: -0.0029 | Critic Loss: 0.1795 | Grad Norm: 1.9863 | Clipped: 4/4
Epoch [1811/4000] | Avg Makespan: 289.25 | Actor Loss: -0.0050 | Critic Loss: 0.5541 | Grad Norm: 2.1053 | Clipped: 4/4
Epoch [1812/4000] | Avg Makespan: 278.50 | Actor Loss: -0.0097 | Critic Loss: 0.4051 | Grad Norm: 1.9301 | Clipped: 4/4
Epoch [1813/4000] | Avg Makespan: 270.50 | Actor Loss: -0.0056 | Critic Loss: 0.3318 | Grad Norm: 2.2804 | Clipped: 4/4
Epoch [1814/4000] | Avg Makespan: 266.75 | Actor Loss: -0.0076 | Critic Loss: 0.1800 | Grad Norm: 1.9472 | Clipped: 4/4
Epoch [1815/4000] | Avg Makespan: 260.50 | Actor Loss: -0.0047 | Critic Loss: 0.2620 | Grad Norm: 2.0396 | Clipped: 4/4
Epoch [1816/4000] | Avg Makespan: 281.00 | Actor Loss: -0.0037 | Critic Loss: 0.2950 | Grad Norm: 2.2940 | Clipped: 4/4
Epoch [1817/4000] | Avg Makespan: 278.00 | Actor Loss: -0.0036 | Critic Loss: 0.4084 | Grad Norm: 2.7006 | Clipped: 4/4
Epoch [1818/4000] | Avg Makespan: 271.75 | Actor Loss: -0.0004 | Critic Loss: 0.3262 | Grad Norm: 2.4822 | Clipped: 4/4
Epoch [1819/4000] | Avg Makespan: 281.00 | Actor Loss: -0.0071 | Critic Loss: 0.1464 | Grad Norm: 1.5706 | Clipped: 4/4
Epoch [1820/4000] | Avg Makespan: 283.00 | Actor Loss: -0.0047 | Critic Loss: 0.2132 | Grad Norm: 1.8177 | Clipped: 4/4
Epoch [1821/4000] | Avg Makespan: 257.75 | Actor Loss: -0.0065 | Critic Loss: 0.4031 | Grad Norm: 2.0791 | Clipped: 4/4
Epoch [1822/4000] | Avg Makespan: 253.00 | Actor Loss: -0.0029 | Critic Loss: 0.1929 | Grad Norm: 1.5566 | Clipped: 4/4
Epoch [1823/4000] | Avg Makespan: 282.50 | Actor Loss: -0.0036 | Critic Loss: 0.4978 | Grad Norm: 2.9235 | Clipped: 4/4
Epoch [1824/4000] | Avg Makespan: 272.75 | Actor Loss: -0.0023 | Critic Loss: 0.3069 | Grad Norm: 3.2156 | Clipped: 4/4
Epoch [1825/4000] | Avg Makespan: 276.75 | Actor Loss: -0.0063 | Critic Loss: 0.3539 | Grad Norm: 2.0378 | Clipped: 4/4
Epoch [1826/4000] | Avg Makespan: 267.25 | Actor Loss: -0.0055 | Critic Loss: 0.5692 | Grad Norm: 1.6207 | Clipped: 4/4
Epoch [1827/4000] | Avg Makespan: 285.75 | Actor Loss: -0.0056 | Critic Loss: 0.4618 | Grad Norm: 1.5821 | Clipped: 4/4
Epoch [1828/4000] | Avg Makespan: 278.75 | Actor Loss: -0.0058 | Critic Loss: 0.3192 | Grad Norm: 2.0613 | Clipped: 3/4
Epoch [1829/4000] | Avg Makespan: 262.25 | Actor Loss: -0.0054 | Critic Loss: 0.9144 | Grad Norm: 2.1748 | Clipped: 4/4
Epoch [1830/4000] | Avg Makespan: 259.75 | Actor Loss: -0.0035 | Critic Loss: 0.5395 | Grad Norm: 1.5049 | Clipped: 4/4
Epoch [1831/4000] | Avg Makespan: 274.25 | Actor Loss: -0.0023 | Critic Loss: 0.2814 | Grad Norm: 2.2373 | Clipped: 4/4
Epoch [1832/4000] | Avg Makespan: 267.75 | Actor Loss: -0.0031 | Critic Loss: 0.2680 | Grad Norm: 1.4554 | Clipped: 4/4
Epoch [1833/4000] | Avg Makespan: 259.75 | Actor Loss: -0.0079 | Critic Loss: 0.3696 | Grad Norm: 1.5066 | Clipped: 4/4
Epoch [1834/4000] | Avg Makespan: 270.25 | Actor Loss: -0.0041 | Critic Loss: 0.2042 | Grad Norm: 2.3822 | Clipped: 4/4
Epoch [1835/4000] | Avg Makespan: 277.25 | Actor Loss: -0.0069 | Critic Loss: 0.1702 | Grad Norm: 1.7160 | Clipped: 4/4
Epoch [1836/4000] | Avg Makespan: 263.50 | Actor Loss: -0.0057 | Critic Loss: 0.3609 | Grad Norm: 1.8141 | Clipped: 4/4
Epoch [1837/4000] | Avg Makespan: 293.00 | Actor Loss: -0.0047 | Critic Loss: 0.5241 | Grad Norm: 1.9390 | Clipped: 4/4
Epoch [1838/4000] | Avg Makespan: 264.25 | Actor Loss: -0.0027 | Critic Loss: 0.6954 | Grad Norm: 2.2291 | Clipped: 4/4
Epoch [1839/4000] | Avg Makespan: 282.00 | Actor Loss: -0.0057 | Critic Loss: 0.1927 | Grad Norm: 1.3299 | Clipped: 3/4
Epoch [1840/4000] | Avg Makespan: 261.75 | Actor Loss: -0.0066 | Critic Loss: 0.9827 | Grad Norm: 2.7363 | Clipped: 4/4
Epoch [1841/4000] | Avg Makespan: 268.50 | Actor Loss: -0.0019 | Critic Loss: 0.3074 | Grad Norm: 3.0978 | Clipped: 4/4
Epoch [1842/4000] | Avg Makespan: 272.50 | Actor Loss: -0.0080 | Critic Loss: 0.5808 | Grad Norm: 2.2003 | Clipped: 4/4
Epoch [1843/4000] | Avg Makespan: 271.50 | Actor Loss: -0.0074 | Critic Loss: 0.6781 | Grad Norm: 1.8479 | Clipped: 4/4
Epoch [1844/4000] | Avg Makespan: 280.00 | Actor Loss: -0.0051 | Critic Loss: 0.4618 | Grad Norm: 1.6313 | Clipped: 4/4
Epoch [1845/4000] | Avg Makespan: 278.00 | Actor Loss: -0.0084 | Critic Loss: 0.7767 | Grad Norm: 1.5468 | Clipped: 4/4
Epoch [1846/4000] | Avg Makespan: 266.75 | Actor Loss: -0.0045 | Critic Loss: 0.3358 | Grad Norm: 2.4087 | Clipped: 4/4
Epoch [1847/4000] | Avg Makespan: 270.00 | Actor Loss: -0.0064 | Critic Loss: 0.4024 | Grad Norm: 1.6876 | Clipped: 4/4
Epoch [1848/4000] | Avg Makespan: 263.50 | Actor Loss: -0.0080 | Critic Loss: 0.1789 | Grad Norm: 1.5524 | Clipped: 4/4
Epoch [1849/4000] | Avg Makespan: 265.25 | Actor Loss: -0.0032 | Critic Loss: 0.2246 | Grad Norm: 1.7067 | Clipped: 4/4
Epoch [1850/4000] | Avg Makespan: 272.50 | Actor Loss: -0.0065 | Critic Loss: 0.5477 | Grad Norm: 2.5426 | Clipped: 4/4
Epoch [1851/4000] | Avg Makespan: 270.75 | Actor Loss: -0.0056 | Critic Loss: 0.3463 | Grad Norm: 1.4422 | Clipped: 2/4
Epoch [1852/4000] | Avg Makespan: 257.50 | Actor Loss: -0.0043 | Critic Loss: 0.2847 | Grad Norm: 2.1374 | Clipped: 4/4
Epoch [1853/4000] | Avg Makespan: 284.50 | Actor Loss: -0.0066 | Critic Loss: 0.5596 | Grad Norm: 1.9127 | Clipped: 4/4
Epoch [1854/4000] | Avg Makespan: 260.50 | Actor Loss: -0.0067 | Critic Loss: 0.5686 | Grad Norm: 2.9282 | Clipped: 4/4
Epoch [1855/4000] | Avg Makespan: 274.50 | Actor Loss: -0.0061 | Critic Loss: 0.2337 | Grad Norm: 1.9385 | Clipped: 4/4
Epoch [1856/4000] | Avg Makespan: 270.50 | Actor Loss: -0.0076 | Critic Loss: 0.1534 | Grad Norm: 1.9435 | Clipped: 4/4
Epoch [1857/4000] | Avg Makespan: 280.50 | Actor Loss: -0.0063 | Critic Loss: 0.3350 | Grad Norm: 1.8080 | Clipped: 4/4
Epoch [1858/4000] | Avg Makespan: 279.25 | Actor Loss: 0.0003 | Critic Loss: 0.2203 | Grad Norm: 2.4027 | Clipped: 4/4
Epoch [1859/4000] | Avg Makespan: 268.00 | Actor Loss: -0.0091 | Critic Loss: 0.2266 | Grad Norm: 1.3368 | Clipped: 4/4
Epoch [1860/4000] | Avg Makespan: 268.50 | Actor Loss: -0.0028 | Critic Loss: 0.6219 | Grad Norm: 2.4496 | Clipped: 4/4
Epoch [1861/4000] | Avg Makespan: 276.75 | Actor Loss: -0.0075 | Critic Loss: 0.1826 | Grad Norm: 1.6188 | Clipped: 4/4
Epoch [1862/4000] | Avg Makespan: 275.50 | Actor Loss: -0.0042 | Critic Loss: 0.1377 | Grad Norm: 1.7663 | Clipped: 4/4
Epoch [1863/4000] | Avg Makespan: 289.75 | Actor Loss: -0.0074 | Critic Loss: 0.6482 | Grad Norm: 1.9693 | Clipped: 4/4
Epoch [1864/4000] | Avg Makespan: 287.00 | Actor Loss: -0.0061 | Critic Loss: 0.6062 | Grad Norm: 2.5557 | Clipped: 4/4
Epoch [1865/4000] | Avg Makespan: 276.00 | Actor Loss: -0.0073 | Critic Loss: 0.4115 | Grad Norm: 2.1944 | Clipped: 4/4
Epoch [1866/4000] | Avg Makespan: 264.25 | Actor Loss: -0.0029 | Critic Loss: 0.5041 | Grad Norm: 2.1779 | Clipped: 4/4
Epoch [1867/4000] | Avg Makespan: 274.75 | Actor Loss: -0.0061 | Critic Loss: 0.4401 | Grad Norm: 2.2153 | Clipped: 4/4
Epoch [1868/4000] | Avg Makespan: 271.50 | Actor Loss: -0.0054 | Critic Loss: 0.6263 | Grad Norm: 1.6617 | Clipped: 4/4
Epoch [1869/4000] | Avg Makespan: 276.75 | Actor Loss: -0.0038 | Critic Loss: 0.4483 | Grad Norm: 1.7726 | Clipped: 4/4
Epoch [1870/4000] | Avg Makespan: 278.50 | Actor Loss: -0.0024 | Critic Loss: 0.1316 | Grad Norm: 2.1074 | Clipped: 4/4
Epoch [1871/4000] | Avg Makespan: 269.50 | Actor Loss: -0.0029 | Critic Loss: 0.4189 | Grad Norm: 2.1618 | Clipped: 4/4
Epoch [1872/4000] | Avg Makespan: 292.25 | Actor Loss: -0.0072 | Critic Loss: 0.5330 | Grad Norm: 2.1875 | Clipped: 4/4
Epoch [1873/4000] | Avg Makespan: 261.50 | Actor Loss: -0.0028 | Critic Loss: 0.5638 | Grad Norm: 2.4411 | Clipped: 4/4
Epoch [1874/4000] | Avg Makespan: 264.50 | Actor Loss: -0.0073 | Critic Loss: 0.6484 | Grad Norm: 1.6555 | Clipped: 4/4
Epoch [1875/4000] | Avg Makespan: 277.00 | Actor Loss: -0.0056 | Critic Loss: 0.4254 | Grad Norm: 1.3862 | Clipped: 2/4
Epoch [1876/4000] | Avg Makespan: 258.50 | Actor Loss: -0.0046 | Critic Loss: 0.2544 | Grad Norm: 1.7847 | Clipped: 4/4
Epoch [1877/4000] | Avg Makespan: 262.50 | Actor Loss: -0.0067 | Critic Loss: 0.6764 | Grad Norm: 2.5149 | Clipped: 4/4
Epoch [1878/4000] | Avg Makespan: 285.50 | Actor Loss: -0.0070 | Critic Loss: 0.2468 | Grad Norm: 1.5199 | Clipped: 4/4
Epoch [1879/4000] | Avg Makespan: 280.00 | Actor Loss: -0.0073 | Critic Loss: 0.1899 | Grad Norm: 1.1667 | Clipped: 2/4
Epoch [1880/4000] | Avg Makespan: 266.75 | Actor Loss: -0.0027 | Critic Loss: 0.2720 | Grad Norm: 2.4775 | Clipped: 4/4
Epoch [1881/4000] | Avg Makespan: 269.75 | Actor Loss: -0.0069 | Critic Loss: 0.3508 | Grad Norm: 1.6004 | Clipped: 4/4
Epoch [1882/4000] | Avg Makespan: 265.00 | Actor Loss: -0.0010 | Critic Loss: 0.2607 | Grad Norm: 2.3376 | Clipped: 4/4
Epoch [1883/4000] | Avg Makespan: 256.25 | Actor Loss: -0.0038 | Critic Loss: 0.9638 | Grad Norm: 1.5041 | Clipped: 4/4
Epoch [1884/4000] | Avg Makespan: 264.00 | Actor Loss: -0.0072 | Critic Loss: 0.2719 | Grad Norm: 1.7622 | Clipped: 3/4
Epoch [1885/4000] | Avg Makespan: 268.50 | Actor Loss: -0.0053 | Critic Loss: 0.5167 | Grad Norm: 1.6628 | Clipped: 4/4
Epoch [1886/4000] | Avg Makespan: 285.00 | Actor Loss: -0.0080 | Critic Loss: 0.3130 | Grad Norm: 1.5897 | Clipped: 4/4
Epoch [1887/4000] | Avg Makespan: 272.50 | Actor Loss: -0.0039 | Critic Loss: 0.4872 | Grad Norm: 1.6355 | Clipped: 4/4
Epoch [1888/4000] | Avg Makespan: 273.50 | Actor Loss: -0.0059 | Critic Loss: 0.7181 | Grad Norm: 1.8238 | Clipped: 4/4
Epoch [1889/4000] | Avg Makespan: 279.00 | Actor Loss: -0.0050 | Critic Loss: 0.3016 | Grad Norm: 2.4488 | Clipped: 4/4
Epoch [1890/4000] | Avg Makespan: 251.25 | Actor Loss: -0.0058 | Critic Loss: 0.7600 | Grad Norm: 2.1749 | Clipped: 4/4
Epoch [1891/4000] | Avg Makespan: 272.00 | Actor Loss: -0.0058 | Critic Loss: 0.2488 | Grad Norm: 1.8951 | Clipped: 4/4
Epoch [1892/4000] | Avg Makespan: 271.50 | Actor Loss: -0.0091 | Critic Loss: 0.2637 | Grad Norm: 1.3910 | Clipped: 4/4
Epoch [1893/4000] | Avg Makespan: 264.00 | Actor Loss: -0.0057 | Critic Loss: 0.3427 | Grad Norm: 1.4471 | Clipped: 4/4
Epoch [1894/4000] | Avg Makespan: 262.00 | Actor Loss: -0.0062 | Critic Loss: 0.7528 | Grad Norm: 1.6798 | Clipped: 4/4
Epoch [1895/4000] | Avg Makespan: 263.00 | Actor Loss: -0.0057 | Critic Loss: 0.2880 | Grad Norm: 2.1633 | Clipped: 4/4
Epoch [1896/4000] | Avg Makespan: 255.75 | Actor Loss: -0.0077 | Critic Loss: 0.2223 | Grad Norm: 1.3380 | Clipped: 4/4
Epoch [1897/4000] | Avg Makespan: 259.50 | Actor Loss: -0.0057 | Critic Loss: 0.2896 | Grad Norm: 1.4453 | Clipped: 4/4
Epoch [1898/4000] | Avg Makespan: 265.25 | Actor Loss: -0.0061 | Critic Loss: 0.3922 | Grad Norm: 2.5936 | Clipped: 4/4
Epoch [1899/4000] | Avg Makespan: 274.75 | Actor Loss: -0.0055 | Critic Loss: 0.4515 | Grad Norm: 1.7473 | Clipped: 4/4
Epoch [1900/4000] | Avg Makespan: 286.00 | Actor Loss: -0.0048 | Critic Loss: 0.7600 | Grad Norm: 1.3438 | Clipped: 4/4
   -> Validation | Samples: 280 | Makespan: 562.87 | Invalid Jobs: 0.01 | Score: 570.01
   -> Saved new best model (Val Score mean of last 5: 577.73; this eval 570.01)
   -> Saved new best model (Val C~ mean of last 5: 373.17; this eval 376.61)
   -> Saved updated training chart to /home/wei/Desktop/AMR-DFJSP/runs/20260827_083140_v10_B_s43/chart.png
Epoch [1901/4000] | Avg Makespan: 270.25 | Actor Loss: -0.0072 | Critic Loss: 0.1989 | Grad Norm: 1.6619 | Clipped: 4/4
Epoch [1902/4000] | Avg Makespan: 284.75 | Actor Loss: -0.0058 | Critic Loss: 0.9379 | Grad Norm: 1.6965 | Clipped: 4/4
Epoch [1903/4000] | Avg Makespan: 266.00 | Actor Loss: -0.0049 | Critic Loss: 0.5766 | Grad Norm: 1.9414 | Clipped: 4/4
Epoch [1904/4000] | Avg Makespan: 270.25 | Actor Loss: -0.0051 | Critic Loss: 0.2253 | Grad Norm: 1.8958 | Clipped: 4/4
Epoch [1905/4000] | Avg Makespan: 265.25 | Actor Loss: -0.0067 | Critic Loss: 0.3075 | Grad Norm: 1.7986 | Clipped: 4/4
Epoch [1906/4000] | Avg Makespan: 266.00 | Actor Loss: -0.0044 | Critic Loss: 0.2169 | Grad Norm: 2.0945 | Clipped: 4/4
Epoch [1907/4000] | Avg Makespan: 277.75 | Actor Loss: -0.0077 | Critic Loss: 0.3194 | Grad Norm: 1.3796 | Clipped: 4/4
Epoch [1908/4000] | Avg Makespan: 264.75 | Actor Loss: -0.0052 | Critic Loss: 0.2577 | Grad Norm: 1.5559 | Clipped: 4/4
Epoch [1909/4000] | Avg Makespan: 278.00 | Actor Loss: -0.0029 | Critic Loss: 0.5652 | Grad Norm: 2.1535 | Clipped: 4/4
Epoch [1910/4000] | Avg Makespan: 260.75 | Actor Loss: -0.0051 | Critic Loss: 0.7445 | Grad Norm: 2.2028 | Clipped: 4/4
Epoch [1911/4000] | Avg Makespan: 274.75 | Actor Loss: -0.0051 | Critic Loss: 0.3288 | Grad Norm: 1.9501 | Clipped: 4/4
Epoch [1912/4000] | Avg Makespan: 271.00 | Actor Loss: -0.0068 | Critic Loss: 0.3695 | Grad Norm: 1.3269 | Clipped: 3/4
Epoch [1913/4000] | Avg Makespan: 273.75 | Actor Loss: -0.0046 | Critic Loss: 0.1066 | Grad Norm: 1.7212 | Clipped: 4/4
Epoch [1914/4000] | Avg Makespan: 270.00 | Actor Loss: -0.0099 | Critic Loss: 0.3064 | Grad Norm: 1.2882 | Clipped: 3/4
Epoch [1915/4000] | Avg Makespan: 282.25 | Actor Loss: -0.0048 | Critic Loss: 0.2749 | Grad Norm: 1.7181 | Clipped: 4/4
Epoch [1916/4000] | Avg Makespan: 284.25 | Actor Loss: -0.0040 | Critic Loss: 0.5640 | Grad Norm: 2.0267 | Clipped: 4/4
Epoch [1917/4000] | Avg Makespan: 275.50 | Actor Loss: -0.0079 | Critic Loss: 0.2590 | Grad Norm: 1.4942 | Clipped: 4/4
Epoch [1918/4000] | Avg Makespan: 275.25 | Actor Loss: -0.0075 | Critic Loss: 0.3031 | Grad Norm: 1.1465 | Clipped: 2/4
Epoch [1919/4000] | Avg Makespan: 268.50 | Actor Loss: -0.0036 | Critic Loss: 0.6146 | Grad Norm: 1.8195 | Clipped: 4/4
Epoch [1920/4000] | Avg Makespan: 262.25 | Actor Loss: -0.0037 | Critic Loss: 0.6623 | Grad Norm: 2.3984 | Clipped: 4/4
Epoch [1921/4000] | Avg Makespan: 270.25 | Actor Loss: -0.0071 | Critic Loss: 0.2700 | Grad Norm: 1.4715 | Clipped: 3/4
Epoch [1922/4000] | Avg Makespan: 282.25 | Actor Loss: -0.0066 | Critic Loss: 0.5457 | Grad Norm: 2.0826 | Clipped: 4/4
Epoch [1923/4000] | Avg Makespan: 264.25 | Actor Loss: -0.0062 | Critic Loss: 0.2405 | Grad Norm: 1.4359 | Clipped: 4/4
Epoch [1924/4000] | Avg Makespan: 276.75 | Actor Loss: -0.0089 | Critic Loss: 0.2149 | Grad Norm: 1.1635 | Clipped: 3/4
Epoch [1925/4000] | Avg Makespan: 273.00 | Actor Loss: -0.0066 | Critic Loss: 0.1021 | Grad Norm: 1.4206 | Clipped: 3/4
Epoch [1926/4000] | Avg Makespan: 276.50 | Actor Loss: -0.0053 | Critic Loss: 0.5097 | Grad Norm: 1.3632 | Clipped: 3/4
Epoch [1927/4000] | Avg Makespan: 262.50 | Actor Loss: -0.0054 | Critic Loss: 0.3174 | Grad Norm: 2.1503 | Clipped: 4/4
Epoch [1928/4000] | Avg Makespan: 265.00 | Actor Loss: -0.0066 | Critic Loss: 0.4690 | Grad Norm: 1.7762 | Clipped: 4/4
Epoch [1929/4000] | Avg Makespan: 276.75 | Actor Loss: -0.0050 | Critic Loss: 0.2337 | Grad Norm: 2.3823 | Clipped: 4/4
Epoch [1930/4000] | Avg Makespan: 281.75 | Actor Loss: -0.0068 | Critic Loss: 0.2482 | Grad Norm: 1.6885 | Clipped: 4/4
Epoch [1931/4000] | Avg Makespan: 256.25 | Actor Loss: -0.0030 | Critic Loss: 0.2136 | Grad Norm: 1.7606 | Clipped: 4/4
Epoch [1932/4000] | Avg Makespan: 259.00 | Actor Loss: -0.0045 | Critic Loss: 0.3039 | Grad Norm: 1.5380 | Clipped: 4/4
Epoch [1933/4000] | Avg Makespan: 286.50 | Actor Loss: -0.0063 | Critic Loss: 2.1102 | Grad Norm: 2.0396 | Clipped: 4/4
Epoch [1934/4000] | Avg Makespan: 275.25 | Actor Loss: -0.0053 | Critic Loss: 0.5640 | Grad Norm: 1.9202 | Clipped: 4/4
Epoch [1935/4000] | Avg Makespan: 274.25 | Actor Loss: -0.0039 | Critic Loss: 0.2227 | Grad Norm: 2.0573 | Clipped: 4/4
Epoch [1936/4000] | Avg Makespan: 284.00 | Actor Loss: -0.0060 | Critic Loss: 0.7072 | Grad Norm: 1.7040 | Clipped: 4/4
Epoch [1937/4000] | Avg Makespan: 279.50 | Actor Loss: -0.0035 | Critic Loss: 0.2655 | Grad Norm: 1.5467 | Clipped: 4/4
Epoch [1938/4000] | Avg Makespan: 276.00 | Actor Loss: -0.0048 | Critic Loss: 0.7819 | Grad Norm: 2.2269 | Clipped: 4/4
Epoch [1939/4000] | Avg Makespan: 273.00 | Actor Loss: -0.0063 | Critic Loss: 0.2745 | Grad Norm: 1.4836 | Clipped: 4/4
Epoch [1940/4000] | Avg Makespan: 275.75 | Actor Loss: -0.0056 | Critic Loss: 0.4600 | Grad Norm: 1.5221 | Clipped: 4/4
Epoch [1941/4000] | Avg Makespan: 269.00 | Actor Loss: -0.0059 | Critic Loss: 0.2885 | Grad Norm: 2.2550 | Clipped: 4/4
Epoch [1942/4000] | Avg Makespan: 273.25 | Actor Loss: -0.0065 | Critic Loss: 0.4127 | Grad Norm: 1.6729 | Clipped: 4/4
Epoch [1943/4000] | Avg Makespan: 262.50 | Actor Loss: -0.0063 | Critic Loss: 0.3681 | Grad Norm: 1.5441 | Clipped: 4/4
Epoch [1944/4000] | Avg Makespan: 280.00 | Actor Loss: -0.0038 | Critic Loss: 0.3560 | Grad Norm: 1.9664 | Clipped: 4/4
Epoch [1945/4000] | Avg Makespan: 263.00 | Actor Loss: -0.0065 | Critic Loss: 0.2947 | Grad Norm: 1.9267 | Clipped: 4/4
Epoch [1946/4000] | Avg Makespan: 262.00 | Actor Loss: -0.0071 | Critic Loss: 0.1693 | Grad Norm: 1.3097 | Clipped: 4/4
Epoch [1947/4000] | Avg Makespan: 270.50 | Actor Loss: -0.0070 | Critic Loss: 0.2054 | Grad Norm: 1.6892 | Clipped: 4/4
Epoch [1948/4000] | Avg Makespan: 273.75 | Actor Loss: -0.0057 | Critic Loss: 0.4922 | Grad Norm: 1.5552 | Clipped: 4/4
Epoch [1949/4000] | Avg Makespan: 277.75 | Actor Loss: -0.0078 | Critic Loss: 0.4137 | Grad Norm: 1.8252 | Clipped: 4/4
Epoch [1950/4000] | Avg Makespan: 265.75 | Actor Loss: -0.0071 | Critic Loss: 0.3467 | Grad Norm: 1.3952 | Clipped: 4/4
Epoch [1951/4000] | Avg Makespan: 274.75 | Actor Loss: -0.0069 | Critic Loss: 0.1819 | Grad Norm: 1.5365 | Clipped: 4/4
Epoch [1952/4000] | Avg Makespan: 275.25 | Actor Loss: -0.0078 | Critic Loss: 0.4591 | Grad Norm: 1.6894 | Clipped: 4/4
Epoch [1953/4000] | Avg Makespan: 259.00 | Actor Loss: -0.0082 | Critic Loss: 0.4115 | Grad Norm: 1.5032 | Clipped: 4/4
Epoch [1954/4000] | Avg Makespan: 270.75 | Actor Loss: -0.0029 | Critic Loss: 0.2386 | Grad Norm: 2.1522 | Clipped: 4/4
Epoch [1955/4000] | Avg Makespan: 280.25 | Actor Loss: -0.0065 | Critic Loss: 0.5048 | Grad Norm: 2.0131 | Clipped: 4/4
Epoch [1956/4000] | Avg Makespan: 263.25 | Actor Loss: -0.0082 | Critic Loss: 0.1179 | Grad Norm: 1.7311 | Clipped: 4/4
Epoch [1957/4000] | Avg Makespan: 260.50 | Actor Loss: -0.0049 | Critic Loss: 0.5386 | Grad Norm: 1.6321 | Clipped: 4/4
Epoch [1958/4000] | Avg Makespan: 286.75 | Actor Loss: -0.0036 | Critic Loss: 0.4673 | Grad Norm: 1.6336 | Clipped: 4/4
Epoch [1959/4000] | Avg Makespan: 268.25 | Actor Loss: -0.0032 | Critic Loss: 0.2524 | Grad Norm: 2.5457 | Clipped: 4/4
Epoch [1960/4000] | Avg Makespan: 266.00 | Actor Loss: -0.0084 | Critic Loss: 0.3104 | Grad Norm: 1.5977 | Clipped: 4/4
Epoch [1961/4000] | Avg Makespan: 279.75 | Actor Loss: -0.0068 | Critic Loss: 0.4685 | Grad Norm: 1.6554 | Clipped: 4/4
Epoch [1962/4000] | Avg Makespan: 269.50 | Actor Loss: -0.0077 | Critic Loss: 0.3545 | Grad Norm: 1.3854 | Clipped: 3/4
Epoch [1963/4000] | Avg Makespan: 269.50 | Actor Loss: -0.0075 | Critic Loss: 0.1994 | Grad Norm: 1.9353 | Clipped: 4/4
Epoch [1964/4000] | Avg Makespan: 275.50 | Actor Loss: -0.0080 | Critic Loss: 0.2746 | Grad Norm: 1.5413 | Clipped: 4/4
Epoch [1965/4000] | Avg Makespan: 275.00 | Actor Loss: -0.0030 | Critic Loss: 0.3286 | Grad Norm: 2.2613 | Clipped: 4/4
Epoch [1966/4000] | Avg Makespan: 276.50 | Actor Loss: -0.0069 | Critic Loss: 0.3953 | Grad Norm: 2.2357 | Clipped: 4/4
Epoch [1967/4000] | Avg Makespan: 283.50 | Actor Loss: -0.0088 | Critic Loss: 0.3323 | Grad Norm: 1.4572 | Clipped: 4/4
Epoch [1968/4000] | Avg Makespan: 276.75 | Actor Loss: -0.0030 | Critic Loss: 0.0852 | Grad Norm: 2.2772 | Clipped: 4/4
Epoch [1969/4000] | Avg Makespan: 272.50 | Actor Loss: -0.0098 | Critic Loss: 0.4785 | Grad Norm: 1.5144 | Clipped: 4/4
Epoch [1970/4000] | Avg Makespan: 265.50 | Actor Loss: -0.0040 | Critic Loss: 0.4317 | Grad Norm: 2.2340 | Clipped: 4/4
Epoch [1971/4000] | Avg Makespan: 273.50 | Actor Loss: -0.0095 | Critic Loss: 0.1893 | Grad Norm: 1.3255 | Clipped: 4/4
Epoch [1972/4000] | Avg Makespan: 279.50 | Actor Loss: -0.0044 | Critic Loss: 0.3969 | Grad Norm: 2.0102 | Clipped: 4/4
Epoch [1973/4000] | Avg Makespan: 297.50 | Actor Loss: -0.0066 | Critic Loss: 0.7005 | Grad Norm: 1.1704 | Clipped: 2/4
Epoch [1974/4000] | Avg Makespan: 266.00 | Actor Loss: -0.0063 | Critic Loss: 0.2222 | Grad Norm: 1.6797 | Clipped: 4/4
Epoch [1975/4000] | Avg Makespan: 262.00 | Actor Loss: -0.0091 | Critic Loss: 0.2789 | Grad Norm: 1.3104 | Clipped: 3/4
Epoch [1976/4000] | Avg Makespan: 267.00 | Actor Loss: -0.0045 | Critic Loss: 0.4194 | Grad Norm: 2.4789 | Clipped: 4/4
Epoch [1977/4000] | Avg Makespan: 270.25 | Actor Loss: -0.0072 | Critic Loss: 0.3630 | Grad Norm: 1.3738 | Clipped: 3/4
Epoch [1978/4000] | Avg Makespan: 265.75 | Actor Loss: -0.0076 | Critic Loss: 0.2254 | Grad Norm: 1.5837 | Clipped: 4/4
Epoch [1979/4000] | Avg Makespan: 275.00 | Actor Loss: -0.0081 | Critic Loss: 0.2487 | Grad Norm: 1.3292 | Clipped: 3/4
Epoch [1980/4000] | Avg Makespan: 262.00 | Actor Loss: -0.0085 | Critic Loss: 0.2610 | Grad Norm: 1.1599 | Clipped: 2/4
Epoch [1981/4000] | Avg Makespan: 275.00 | Actor Loss: -0.0083 | Critic Loss: 0.1337 | Grad Norm: 1.4526 | Clipped: 4/4
Epoch [1982/4000] | Avg Makespan: 271.00 | Actor Loss: -0.0046 | Critic Loss: 0.3617 | Grad Norm: 1.7664 | Clipped: 4/4
Epoch [1983/4000] | Avg Makespan: 281.75 | Actor Loss: -0.0098 | Critic Loss: 0.1326 | Grad Norm: 1.1017 | Clipped: 3/4
Epoch [1984/4000] | Avg Makespan: 258.25 | Actor Loss: -0.0040 | Critic Loss: 0.7015 | Grad Norm: 2.1187 | Clipped: 4/4
Epoch [1985/4000] | Avg Makespan: 268.25 | Actor Loss: -0.0078 | Critic Loss: 0.3220 | Grad Norm: 1.2487 | Clipped: 2/4
Epoch [1986/4000] | Avg Makespan: 282.00 | Actor Loss: -0.0064 | Critic Loss: 0.3124 | Grad Norm: 1.6288 | Clipped: 4/4
Epoch [1987/4000] | Avg Makespan: 284.75 | Actor Loss: -0.0076 | Critic Loss: 0.5767 | Grad Norm: 1.1250 | Clipped: 2/4
Epoch [1988/4000] | Avg Makespan: 263.75 | Actor Loss: -0.0062 | Critic Loss: 0.2778 | Grad Norm: 1.0454 | Clipped: 1/4
Epoch [1989/4000] | Avg Makespan: 273.00 | Actor Loss: -0.0080 | Critic Loss: 0.1411 | Grad Norm: 1.0432 | Clipped: 2/4
Epoch [1990/4000] | Avg Makespan: 264.00 | Actor Loss: -0.0082 | Critic Loss: 0.3114 | Grad Norm: 1.2082 | Clipped: 2/4
Epoch [1991/4000] | Avg Makespan: 278.75 | Actor Loss: -0.0086 | Critic Loss: 0.2296 | Grad Norm: 1.0204 | Clipped: 1/4
Epoch [1992/4000] | Avg Makespan: 263.00 | Actor Loss: -0.0073 | Critic Loss: 0.2609 | Grad Norm: 1.2298 | Clipped: 4/4
Epoch [1993/4000] | Avg Makespan: 266.00 | Actor Loss: -0.0019 | Critic Loss: 0.1689 | Grad Norm: 1.9354 | Clipped: 4/4
Epoch [1994/4000] | Avg Makespan: 277.50 | Actor Loss: -0.0067 | Critic Loss: 0.5144 | Grad Norm: 1.8918 | Clipped: 3/4
Epoch [1995/4000] | Avg Makespan: 269.25 | Actor Loss: -0.0100 | Critic Loss: 0.4442 | Grad Norm: 1.4535 | Clipped: 4/4
Epoch [1996/4000] | Avg Makespan: 275.25 | Actor Loss: -0.0071 | Critic Loss: 0.2953 | Grad Norm: 1.3714 | Clipped: 3/4
Epoch [1997/4000] | Avg Makespan: 276.75 | Actor Loss: -0.0078 | Critic Loss: 0.1618 | Grad Norm: 1.3310 | Clipped: 3/4
Epoch [1998/4000] | Avg Makespan: 281.00 | Actor Loss: -0.0078 | Critic Loss: 0.1841 | Grad Norm: 1.3266 | Clipped: 4/4
Epoch [1999/4000] | Avg Makespan: 271.00 | Actor Loss: -0.0056 | Critic Loss: 0.5920 | Grad Norm: 1.2597 | Clipped: 3/4
Epoch [2000/4000] | Avg Makespan: 279.00 | Actor Loss: -0.0078 | Critic Loss: 0.1661 | Grad Norm: 1.1668 | Clipped: 2/4
   -> Validation | Samples: 280 | Makespan: 569.52 | Invalid Jobs: 0.03 | Score: 594.52
   -> Saved new best model (Val C~ mean of last 5: 372.40; this eval 368.50)
   -> Saved updated training chart to /home/wei/Desktop/AMR-DFJSP/runs/20260827_083140_v10_B_s43/chart.png
Epoch [2001/4000] | Avg Makespan: 278.75 | Actor Loss: -0.0067 | Critic Loss: 0.3162 | Grad Norm: 1.4710 | Clipped: 4/4
Epoch [2002/4000] | Avg Makespan: 268.75 | Actor Loss: -0.0077 | Critic Loss: 0.3736 | Grad Norm: 1.6168 | Clipped: 4/4
Epoch [2003/4000] | Avg Makespan: 267.00 | Actor Loss: -0.0086 | Critic Loss: 0.6372 | Grad Norm: 1.3786 | Clipped: 4/4
Epoch [2004/4000] | Avg Makespan: 291.50 | Actor Loss: -0.0046 | Critic Loss: 1.0853 | Grad Norm: 1.7834 | Clipped: 4/4
Epoch [2005/4000] | Avg Makespan: 275.75 | Actor Loss: -0.0055 | Critic Loss: 0.1122 | Grad Norm: 1.3896 | Clipped: 4/4
Epoch [2006/4000] | Avg Makespan: 291.75 | Actor Loss: -0.0048 | Critic Loss: 0.9977 | Grad Norm: 2.2595 | Clipped: 4/4
Epoch [2007/4000] | Avg Makespan: 280.50 | Actor Loss: -0.0050 | Critic Loss: 0.2260 | Grad Norm: 1.6759 | Clipped: 4/4
Epoch [2008/4000] | Avg Makespan: 280.75 | Actor Loss: -0.0078 | Critic Loss: 0.2719 | Grad Norm: 1.2663 | Clipped: 3/4
Epoch [2009/4000] | Avg Makespan: 291.00 | Actor Loss: -0.0039 | Critic Loss: 0.8173 | Grad Norm: 2.4698 | Clipped: 4/4
Epoch [2010/4000] | Avg Makespan: 262.75 | Actor Loss: -0.0029 | Critic Loss: 0.5812 | Grad Norm: 1.9453 | Clipped: 4/4
Epoch [2011/4000] | Avg Makespan: 274.25 | Actor Loss: -0.0064 | Critic Loss: 0.2412 | Grad Norm: 1.4674 | Clipped: 4/4
Epoch [2012/4000] | Avg Makespan: 277.50 | Actor Loss: -0.0062 | Critic Loss: 0.1704 | Grad Norm: 1.6107 | Clipped: 3/4
Epoch [2013/4000] | Avg Makespan: 278.50 | Actor Loss: -0.0051 | Critic Loss: 0.1577 | Grad Norm: 2.4897 | Clipped: 4/4
Epoch [2014/4000] | Avg Makespan: 276.75 | Actor Loss: -0.0037 | Critic Loss: 0.3485 | Grad Norm: 1.3636 | Clipped: 3/4
Epoch [2015/4000] | Avg Makespan: 261.75 | Actor Loss: -0.0031 | Critic Loss: 0.7133 | Grad Norm: 3.8510 | Clipped: 4/4
Epoch [2016/4000] | Avg Makespan: 268.00 | Actor Loss: -0.0061 | Critic Loss: 0.3359 | Grad Norm: 2.2843 | Clipped: 4/4
Epoch [2017/4000] | Avg Makespan: 264.25 | Actor Loss: -0.0082 | Critic Loss: 0.2152 | Grad Norm: 1.4557 | Clipped: 4/4
Epoch [2018/4000] | Avg Makespan: 272.00 | Actor Loss: -0.0016 | Critic Loss: 0.4380 | Grad Norm: 3.7052 | Clipped: 4/4
Epoch [2019/4000] | Avg Makespan: 276.00 | Actor Loss: -0.0077 | Critic Loss: 0.3199 | Grad Norm: 1.7955 | Clipped: 4/4
Epoch [2020/4000] | Avg Makespan: 273.50 | Actor Loss: -0.0056 | Critic Loss: 0.2431 | Grad Norm: 1.9961 | Clipped: 4/4
Epoch [2021/4000] | Avg Makespan: 272.75 | Actor Loss: -0.0052 | Critic Loss: 0.1753 | Grad Norm: 2.0570 | Clipped: 4/4
Epoch [2022/4000] | Avg Makespan: 263.25 | Actor Loss: -0.0061 | Critic Loss: 0.2355 | Grad Norm: 2.3710 | Clipped: 4/4
Epoch [2023/4000] | Avg Makespan: 283.50 | Actor Loss: -0.0079 | Critic Loss: 0.2929 | Grad Norm: 1.5105 | Clipped: 4/4
Epoch [2024/4000] | Avg Makespan: 271.75 | Actor Loss: -0.0066 | Critic Loss: 0.2788 | Grad Norm: 1.4317 | Clipped: 3/4
Epoch [2025/4000] | Avg Makespan: 279.50 | Actor Loss: -0.0044 | Critic Loss: 0.3129 | Grad Norm: 1.7737 | Clipped: 4/4
Epoch [2026/4000] | Avg Makespan: 269.25 | Actor Loss: -0.0020 | Critic Loss: 0.3605 | Grad Norm: 2.4509 | Clipped: 4/4
Epoch [2027/4000] | Avg Makespan: 288.00 | Actor Loss: -0.0054 | Critic Loss: 0.3238 | Grad Norm: 2.0143 | Clipped: 4/4
Epoch [2028/4000] | Avg Makespan: 271.25 | Actor Loss: -0.0062 | Critic Loss: 0.1577 | Grad Norm: 2.0231 | Clipped: 4/4
Epoch [2029/4000] | Avg Makespan: 271.50 | Actor Loss: -0.0043 | Critic Loss: 0.4713 | Grad Norm: 1.9680 | Clipped: 4/4
Epoch [2030/4000] | Avg Makespan: 282.00 | Actor Loss: -0.0077 | Critic Loss: 0.4005 | Grad Norm: 1.8243 | Clipped: 4/4
Epoch [2031/4000] | Avg Makespan: 271.00 | Actor Loss: -0.0049 | Critic Loss: 0.3452 | Grad Norm: 1.2892 | Clipped: 4/4
Epoch [2032/4000] | Avg Makespan: 267.25 | Actor Loss: -0.0059 | Critic Loss: 0.2202 | Grad Norm: 1.7028 | Clipped: 4/4
Epoch [2033/4000] | Avg Makespan: 277.00 | Actor Loss: -0.0067 | Critic Loss: 0.3150 | Grad Norm: 1.3876 | Clipped: 4/4
Epoch [2034/4000] | Avg Makespan: 279.00 | Actor Loss: -0.0078 | Critic Loss: 0.1237 | Grad Norm: 1.0025 | Clipped: 2/4
Epoch [2035/4000] | Avg Makespan: 276.00 | Actor Loss: -0.0001 | Critic Loss: 0.1777 | Grad Norm: 3.3711 | Clipped: 4/4
Epoch [2036/4000] | Avg Makespan: 266.25 | Actor Loss: -0.0012 | Critic Loss: 0.1954 | Grad Norm: 2.5908 | Clipped: 4/4
Epoch [2037/4000] | Avg Makespan: 271.50 | Actor Loss: -0.0062 | Critic Loss: 0.4676 | Grad Norm: 1.8294 | Clipped: 4/4
Epoch [2038/4000] | Avg Makespan: 273.50 | Actor Loss: -0.0081 | Critic Loss: 0.3741 | Grad Norm: 1.2421 | Clipped: 4/4
Epoch [2039/4000] | Avg Makespan: 263.75 | Actor Loss: -0.0068 | Critic Loss: 0.3084 | Grad Norm: 2.2668 | Clipped: 4/4
Epoch [2040/4000] | Avg Makespan: 284.25 | Actor Loss: -0.0052 | Critic Loss: 0.7897 | Grad Norm: 1.5581 | Clipped: 4/4
Epoch [2041/4000] | Avg Makespan: 267.50 | Actor Loss: -0.0058 | Critic Loss: 0.3747 | Grad Norm: 1.3076 | Clipped: 4/4
Epoch [2042/4000] | Avg Makespan: 278.50 | Actor Loss: -0.0066 | Critic Loss: 0.2844 | Grad Norm: 1.4673 | Clipped: 4/4
Epoch [2043/4000] | Avg Makespan: 272.75 | Actor Loss: -0.0007 | Critic Loss: 0.3152 | Grad Norm: 2.3350 | Clipped: 4/4
Epoch [2044/4000] | Avg Makespan: 259.50 | Actor Loss: -0.0033 | Critic Loss: 0.4737 | Grad Norm: 2.1718 | Clipped: 4/4
Epoch [2045/4000] | Avg Makespan: 268.25 | Actor Loss: -0.0055 | Critic Loss: 0.2390 | Grad Norm: 2.1552 | Clipped: 4/4
Epoch [2046/4000] | Avg Makespan: 249.50 | Actor Loss: -0.0025 | Critic Loss: 0.5651 | Grad Norm: 5.1477 | Clipped: 4/4
Epoch [2047/4000] | Avg Makespan: 272.00 | Actor Loss: -0.0036 | Critic Loss: 0.1459 | Grad Norm: 1.9060 | Clipped: 4/4
Epoch [2048/4000] | Avg Makespan: 268.50 | Actor Loss: -0.0055 | Critic Loss: 0.6218 | Grad Norm: 2.3922 | Clipped: 4/4
Epoch [2049/4000] | Avg Makespan: 260.50 | Actor Loss: -0.0071 | Critic Loss: 0.3516 | Grad Norm: 1.6123 | Clipped: 4/4
Epoch [2050/4000] | Avg Makespan: 270.75 | Actor Loss: -0.0056 | Critic Loss: 0.2533 | Grad Norm: 1.4688 | Clipped: 2/4
Epoch [2051/4000] | Avg Makespan: 271.75 | Actor Loss: -0.0058 | Critic Loss: 0.4990 | Grad Norm: 1.4699 | Clipped: 3/4
Epoch [2052/4000] | Avg Makespan: 271.00 | Actor Loss: -0.0010 | Critic Loss: 0.0964 | Grad Norm: 2.7350 | Clipped: 4/4
Epoch [2053/4000] | Avg Makespan: 276.50 | Actor Loss: -0.0018 | Critic Loss: 0.3807 | Grad Norm: 2.0262 | Clipped: 4/4
Epoch [2054/4000] | Avg Makespan: 274.00 | Actor Loss: -0.0051 | Critic Loss: 0.1315 | Grad Norm: 1.8917 | Clipped: 4/4
Epoch [2055/4000] | Avg Makespan: 273.50 | Actor Loss: -0.0052 | Critic Loss: 0.3436 | Grad Norm: 1.6402 | Clipped: 4/4
Epoch [2056/4000] | Avg Makespan: 278.75 | Actor Loss: -0.0066 | Critic Loss: 0.3573 | Grad Norm: 1.1550 | Clipped: 4/4
Epoch [2057/4000] | Avg Makespan: 277.75 | Actor Loss: -0.0043 | Critic Loss: 0.6314 | Grad Norm: 2.0262 | Clipped: 4/4
Epoch [2058/4000] | Avg Makespan: 284.50 | Actor Loss: -0.0052 | Critic Loss: 0.1274 | Grad Norm: 1.1730 | Clipped: 3/4
Epoch [2059/4000] | Avg Makespan: 274.00 | Actor Loss: -0.0063 | Critic Loss: 0.2901 | Grad Norm: 1.3309 | Clipped: 3/4
Epoch [2060/4000] | Avg Makespan: 274.75 | Actor Loss: -0.0043 | Critic Loss: 0.5078 | Grad Norm: 1.4658 | Clipped: 4/4
Epoch [2061/4000] | Avg Makespan: 281.25 | Actor Loss: -0.0066 | Critic Loss: 0.3645 | Grad Norm: 1.4771 | Clipped: 4/4
Epoch [2062/4000] | Avg Makespan: 274.50 | Actor Loss: -0.0042 | Critic Loss: 0.3395 | Grad Norm: 1.4631 | Clipped: 4/4
Epoch [2063/4000] | Avg Makespan: 266.25 | Actor Loss: -0.0073 | Critic Loss: 0.2963 | Grad Norm: 1.3897 | Clipped: 3/4
Epoch [2064/4000] | Avg Makespan: 275.00 | Actor Loss: -0.0041 | Critic Loss: 0.3738 | Grad Norm: 1.6360 | Clipped: 4/4
Epoch [2065/4000] | Avg Makespan: 281.25 | Actor Loss: -0.0073 | Critic Loss: 0.4327 | Grad Norm: 1.6878 | Clipped: 4/4
Epoch [2066/4000] | Avg Makespan: 273.00 | Actor Loss: -0.0039 | Critic Loss: 0.4524 | Grad Norm: 1.3728 | Clipped: 4/4
Epoch [2067/4000] | Avg Makespan: 269.75 | Actor Loss: -0.0056 | Critic Loss: 0.5486 | Grad Norm: 1.5353 | Clipped: 4/4
Epoch [2068/4000] | Avg Makespan: 274.00 | Actor Loss: -0.0051 | Critic Loss: 0.3282 | Grad Norm: 1.1341 | Clipped: 2/4
Epoch [2069/4000] | Avg Makespan: 275.75 | Actor Loss: -0.0056 | Critic Loss: 0.2529 | Grad Norm: 1.2421 | Clipped: 3/4
Epoch [2070/4000] | Avg Makespan: 268.00 | Actor Loss: -0.0046 | Critic Loss: 0.1416 | Grad Norm: 1.0495 | Clipped: 1/4
Epoch [2071/4000] | Avg Makespan: 265.25 | Actor Loss: -0.0060 | Critic Loss: 0.2679 | Grad Norm: 1.1478 | Clipped: 3/4
Epoch [2072/4000] | Avg Makespan: 273.50 | Actor Loss: -0.0059 | Critic Loss: 0.3442 | Grad Norm: 1.0855 | Clipped: 2/4
Epoch [2073/4000] | Avg Makespan: 266.75 | Actor Loss: -0.0040 | Critic Loss: 0.1745 | Grad Norm: 1.3242 | Clipped: 1/4
Epoch [2074/4000] | Avg Makespan: 274.25 | Actor Loss: -0.0056 | Critic Loss: 0.3166 | Grad Norm: 2.0497 | Clipped: 4/4
Epoch [2075/4000] | Avg Makespan: 277.50 | Actor Loss: -0.0022 | Critic Loss: 0.4657 | Grad Norm: 2.1059 | Clipped: 3/4
Epoch [2076/4000] | Avg Makespan: 265.50 | Actor Loss: -0.0043 | Critic Loss: 0.8477 | Grad Norm: 1.3243 | Clipped: 4/4
Epoch [2077/4000] | Avg Makespan: 260.00 | Actor Loss: -0.0039 | Critic Loss: 0.4071 | Grad Norm: 1.4294 | Clipped: 3/4
Epoch [2078/4000] | Avg Makespan: 276.00 | Actor Loss: -0.0042 | Critic Loss: 0.1532 | Grad Norm: 1.8508 | Clipped: 4/4
Epoch [2079/4000] | Avg Makespan: 266.00 | Actor Loss: -0.0080 | Critic Loss: 0.2802 | Grad Norm: 1.1426 | Clipped: 3/4
Epoch [2080/4000] | Avg Makespan: 260.00 | Actor Loss: -0.0036 | Critic Loss: 0.3573 | Grad Norm: 1.9609 | Clipped: 4/4
Epoch [2081/4000] | Avg Makespan: 262.25 | Actor Loss: -0.0039 | Critic Loss: 0.2987 | Grad Norm: 1.2584 | Clipped: 3/4
Epoch [2082/4000] | Avg Makespan: 260.25 | Actor Loss: -0.0071 | Critic Loss: 0.2299 | Grad Norm: 1.5822 | Clipped: 4/4
Epoch [2083/4000] | Avg Makespan: 272.25 | Actor Loss: -0.0048 | Critic Loss: 0.7014 | Grad Norm: 1.6248 | Clipped: 4/4
Epoch [2084/4000] | Avg Makespan: 259.75 | Actor Loss: -0.0061 | Critic Loss: 0.3092 | Grad Norm: 1.2579 | Clipped: 4/4
Epoch [2085/4000] | Avg Makespan: 276.50 | Actor Loss: -0.0070 | Critic Loss: 0.3057 | Grad Norm: 1.2900 | Clipped: 4/4
Epoch [2086/4000] | Avg Makespan: 251.25 | Actor Loss: -0.0048 | Critic Loss: 0.6133 | Grad Norm: 1.4569 | Clipped: 4/4
Epoch [2087/4000] | Avg Makespan: 260.25 | Actor Loss: -0.0038 | Critic Loss: 0.3066 | Grad Norm: 1.9704 | Clipped: 4/4
Epoch [2088/4000] | Avg Makespan: 271.25 | Actor Loss: -0.0053 | Critic Loss: 0.2842 | Grad Norm: 1.5354 | Clipped: 4/4
Epoch [2089/4000] | Avg Makespan: 279.75 | Actor Loss: -0.0033 | Critic Loss: 0.4229 | Grad Norm: 1.2798 | Clipped: 4/4
Epoch [2090/4000] | Avg Makespan: 267.50 | Actor Loss: -0.0031 | Critic Loss: 0.1164 | Grad Norm: 1.8140 | Clipped: 4/4
Epoch [2091/4000] | Avg Makespan: 257.00 | Actor Loss: -0.0031 | Critic Loss: 0.5578 | Grad Norm: 1.9076 | Clipped: 4/4
Epoch [2092/4000] | Avg Makespan: 258.75 | Actor Loss: -0.0046 | Critic Loss: 0.1634 | Grad Norm: 1.6711 | Clipped: 4/4
Epoch [2093/4000] | Avg Makespan: 277.75 | Actor Loss: -0.0047 | Critic Loss: 0.3673 | Grad Norm: 1.4725 | Clipped: 4/4
Epoch [2094/4000] | Avg Makespan: 267.50 | Actor Loss: -0.0048 | Critic Loss: 0.0919 | Grad Norm: 1.4053 | Clipped: 3/4
Epoch [2095/4000] | Avg Makespan: 286.50 | Actor Loss: -0.0064 | Critic Loss: 0.5568 | Grad Norm: 1.1755 | Clipped: 3/4
Epoch [2096/4000] | Avg Makespan: 270.50 | Actor Loss: -0.0036 | Critic Loss: 0.2221 | Grad Norm: 1.7994 | Clipped: 4/4
Epoch [2097/4000] | Avg Makespan: 277.00 | Actor Loss: -0.0066 | Critic Loss: 0.1972 | Grad Norm: 1.3342 | Clipped: 3/4
Epoch [2098/4000] | Avg Makespan: 267.50 | Actor Loss: -0.0058 | Critic Loss: 0.4430 | Grad Norm: 1.3391 | Clipped: 4/4
Epoch [2099/4000] | Avg Makespan: 260.00 | Actor Loss: -0.0033 | Critic Loss: 0.5279 | Grad Norm: 1.5216 | Clipped: 4/4
Epoch [2100/4000] | Avg Makespan: 263.50 | Actor Loss: -0.0055 | Critic Loss: 0.3010 | Grad Norm: 1.2856 | Clipped: 4/4
   -> Validation | Samples: 280 | Makespan: 567.66 | Invalid Jobs: 0.02 | Score: 585.52
   -> Saved new best model (Val C~ mean of last 5: 371.96; this eval 368.99)
   -> Saved updated training chart to /home/wei/Desktop/AMR-DFJSP/runs/20260827_083140_v10_B_s43/chart.png
Epoch [2101/4000] | Avg Makespan: 266.25 | Actor Loss: -0.0055 | Critic Loss: 0.2219 | Grad Norm: 1.2072 | Clipped: 3/4
Epoch [2102/4000] | Avg Makespan: 269.00 | Actor Loss: -0.0082 | Critic Loss: 0.2631 | Grad Norm: 1.4492 | Clipped: 3/4
Epoch [2103/4000] | Avg Makespan: 262.75 | Actor Loss: -0.0053 | Critic Loss: 0.3869 | Grad Norm: 1.1096 | Clipped: 3/4
Epoch [2104/4000] | Avg Makespan: 270.50 | Actor Loss: -0.0042 | Critic Loss: 0.1223 | Grad Norm: 1.2853 | Clipped: 3/4
Epoch [2105/4000] | Avg Makespan: 266.75 | Actor Loss: -0.0059 | Critic Loss: 0.2051 | Grad Norm: 1.3317 | Clipped: 3/4
Epoch [2106/4000] | Avg Makespan: 269.00 | Actor Loss: -0.0069 | Critic Loss: 0.2202 | Grad Norm: 1.6605 | Clipped: 4/4
Epoch [2107/4000] | Avg Makespan: 274.50 | Actor Loss: -0.0053 | Critic Loss: 0.1442 | Grad Norm: 1.4310 | Clipped: 4/4
Epoch [2108/4000] | Avg Makespan: 272.00 | Actor Loss: -0.0076 | Critic Loss: 0.2679 | Grad Norm: 1.1850 | Clipped: 2/4
Epoch [2109/4000] | Avg Makespan: 262.50 | Actor Loss: -0.0039 | Critic Loss: 0.4368 | Grad Norm: 2.6720 | Clipped: 4/4
Epoch [2110/4000] | Avg Makespan: 279.25 | Actor Loss: -0.0018 | Critic Loss: 0.2156 | Grad Norm: 2.1049 | Clipped: 4/4
Epoch [2111/4000] | Avg Makespan: 275.25 | Actor Loss: -0.0040 | Critic Loss: 0.3421 | Grad Norm: 1.9917 | Clipped: 4/4
Epoch [2112/4000] | Avg Makespan: 269.75 | Actor Loss: -0.0066 | Critic Loss: 0.4651 | Grad Norm: 1.7858 | Clipped: 4/4
Epoch [2113/4000] | Avg Makespan: 275.25 | Actor Loss: -0.0050 | Critic Loss: 0.4489 | Grad Norm: 1.9776 | Clipped: 4/4
Epoch [2114/4000] | Avg Makespan: 278.25 | Actor Loss: -0.0057 | Critic Loss: 0.4294 | Grad Norm: 1.5773 | Clipped: 4/4
Epoch [2115/4000] | Avg Makespan: 273.25 | Actor Loss: -0.0087 | Critic Loss: 0.2294 | Grad Norm: 1.2716 | Clipped: 4/4
Epoch [2116/4000] | Avg Makespan: 256.50 | Actor Loss: -0.0079 | Critic Loss: 0.8728 | Grad Norm: 1.5311 | Clipped: 4/4
Epoch [2117/4000] | Avg Makespan: 273.50 | Actor Loss: -0.0010 | Critic Loss: 0.2990 | Grad Norm: 2.2148 | Clipped: 4/4
Epoch [2118/4000] | Avg Makespan: 271.75 | Actor Loss: -0.0043 | Critic Loss: 0.2117 | Grad Norm: 2.3056 | Clipped: 4/4
Epoch [2119/4000] | Avg Makespan: 269.00 | Actor Loss: -0.0067 | Critic Loss: 0.4030 | Grad Norm: 1.5736 | Clipped: 4/4
Epoch [2120/4000] | Avg Makespan: 281.50 | Actor Loss: -0.0067 | Critic Loss: 0.3937 | Grad Norm: 2.5888 | Clipped: 4/4
Epoch [2121/4000] | Avg Makespan: 275.75 | Actor Loss: -0.0057 | Critic Loss: 0.2211 | Grad Norm: 1.6246 | Clipped: 3/4
Epoch [2122/4000] | Avg Makespan: 276.75 | Actor Loss: -0.0050 | Critic Loss: 0.3445 | Grad Norm: 1.3898 | Clipped: 3/4
Epoch [2123/4000] | Avg Makespan: 280.50 | Actor Loss: -0.0058 | Critic Loss: 0.1896 | Grad Norm: 0.9153 | Clipped: 1/4
Epoch [2124/4000] | Avg Makespan: 264.25 | Actor Loss: -0.0075 | Critic Loss: 0.5722 | Grad Norm: 1.7253 | Clipped: 4/4
Epoch [2125/4000] | Avg Makespan: 271.00 | Actor Loss: -0.0042 | Critic Loss: 0.8170 | Grad Norm: 1.5329 | Clipped: 4/4
Epoch [2126/4000] | Avg Makespan: 268.25 | Actor Loss: -0.0081 | Critic Loss: 0.3371 | Grad Norm: 1.1923 | Clipped: 2/4
Epoch [2127/4000] | Avg Makespan: 266.00 | Actor Loss: -0.0098 | Critic Loss: 0.7306 | Grad Norm: 1.5898 | Clipped: 4/4
Epoch [2128/4000] | Avg Makespan: 274.50 | Actor Loss: -0.0039 | Critic Loss: 0.5171 | Grad Norm: 1.8382 | Clipped: 4/4
Epoch [2129/4000] | Avg Makespan: 259.75 | Actor Loss: -0.0045 | Critic Loss: 0.3996 | Grad Norm: 2.0595 | Clipped: 4/4
Epoch [2130/4000] | Avg Makespan: 268.25 | Actor Loss: -0.0085 | Critic Loss: 0.1285 | Grad Norm: 1.1907 | Clipped: 4/4
Epoch [2131/4000] | Avg Makespan: 270.25 | Actor Loss: -0.0057 | Critic Loss: 0.2325 | Grad Norm: 1.1660 | Clipped: 4/4
Epoch [2132/4000] | Avg Makespan: 266.75 | Actor Loss: -0.0082 | Critic Loss: 0.1984 | Grad Norm: 1.6267 | Clipped: 4/4
Epoch [2133/4000] | Avg Makespan: 270.00 | Actor Loss: -0.0072 | Critic Loss: 0.5914 | Grad Norm: 1.5113 | Clipped: 4/4
Epoch [2134/4000] | Avg Makespan: 279.00 | Actor Loss: -0.0047 | Critic Loss: 0.3082 | Grad Norm: 1.9468 | Clipped: 4/4
Epoch [2135/4000] | Avg Makespan: 271.00 | Actor Loss: 0.0000 | Critic Loss: 0.5958 | Grad Norm: 3.1041 | Clipped: 4/4
Epoch [2136/4000] | Avg Makespan: 261.75 | Actor Loss: -0.0059 | Critic Loss: 0.4780 | Grad Norm: 1.9351 | Clipped: 4/4
Epoch [2137/4000] | Avg Makespan: 283.75 | Actor Loss: -0.0063 | Critic Loss: 0.7928 | Grad Norm: 1.5931 | Clipped: 4/4
Epoch [2138/4000] | Avg Makespan: 280.00 | Actor Loss: -0.0067 | Critic Loss: 0.6846 | Grad Norm: 1.2249 | Clipped: 3/4
Epoch [2139/4000] | Avg Makespan: 272.75 | Actor Loss: -0.0067 | Critic Loss: 0.4969 | Grad Norm: 1.6865 | Clipped: 4/4
Epoch [2140/4000] | Avg Makespan: 266.75 | Actor Loss: -0.0017 | Critic Loss: 0.3031 | Grad Norm: 3.0190 | Clipped: 4/4
Epoch [2141/4000] | Avg Makespan: 280.75 | Actor Loss: -0.0025 | Critic Loss: 0.2841 | Grad Norm: 1.9277 | Clipped: 4/4
Epoch [2142/4000] | Avg Makespan: 258.75 | Actor Loss: -0.0049 | Critic Loss: 0.5833 | Grad Norm: 1.9250 | Clipped: 4/4
Epoch [2143/4000] | Avg Makespan: 257.75 | Actor Loss: -0.0027 | Critic Loss: 0.6057 | Grad Norm: 2.3756 | Clipped: 4/4
Epoch [2144/4000] | Avg Makespan: 272.50 | Actor Loss: -0.0025 | Critic Loss: 0.3918 | Grad Norm: 2.5839 | Clipped: 4/4
Epoch [2145/4000] | Avg Makespan: 270.00 | Actor Loss: -0.0038 | Critic Loss: 0.8541 | Grad Norm: 1.4891 | Clipped: 4/4
Epoch [2146/4000] | Avg Makespan: 275.25 | Actor Loss: -0.0074 | Critic Loss: 0.3278 | Grad Norm: 1.5984 | Clipped: 3/4
Epoch [2147/4000] | Avg Makespan: 287.00 | Actor Loss: -0.0052 | Critic Loss: 0.5413 | Grad Norm: 1.6215 | Clipped: 4/4
Epoch [2148/4000] | Avg Makespan: 274.25 | Actor Loss: -0.0005 | Critic Loss: 0.2007 | Grad Norm: 2.9663 | Clipped: 4/4
Epoch [2149/4000] | Avg Makespan: 253.00 | Actor Loss: -0.0058 | Critic Loss: 1.0222 | Grad Norm: 2.7228 | Clipped: 4/4
Epoch [2150/4000] | Avg Makespan: 275.25 | Actor Loss: -0.0009 | Critic Loss: 0.4332 | Grad Norm: 2.6461 | Clipped: 4/4
Epoch [2151/4000] | Avg Makespan: 255.75 | Actor Loss: -0.0017 | Critic Loss: 0.5856 | Grad Norm: 2.3174 | Clipped: 4/4
Epoch [2152/4000] | Avg Makespan: 270.00 | Actor Loss: 0.0004 | Critic Loss: 0.4001 | Grad Norm: 2.7204 | Clipped: 4/4
Epoch [2153/4000] | Avg Makespan: 271.25 | Actor Loss: -0.0038 | Critic Loss: 0.6472 | Grad Norm: 1.6653 | Clipped: 4/4
Epoch [2154/4000] | Avg Makespan: 266.00 | Actor Loss: -0.0027 | Critic Loss: 0.8759 | Grad Norm: 2.0947 | Clipped: 4/4
Epoch [2155/4000] | Avg Makespan: 267.00 | Actor Loss: 0.0016 | Critic Loss: 0.4044 | Grad Norm: 2.4548 | Clipped: 4/4
Epoch [2156/4000] | Avg Makespan: 275.25 | Actor Loss: -0.0016 | Critic Loss: 0.7877 | Grad Norm: 2.3484 | Clipped: 4/4
Epoch [2157/4000] | Avg Makespan: 277.75 | Actor Loss: -0.0035 | Critic Loss: 0.2192 | Grad Norm: 1.8861 | Clipped: 4/4
Epoch [2158/4000] | Avg Makespan: 264.50 | Actor Loss: -0.0049 | Critic Loss: 0.3779 | Grad Norm: 1.8710 | Clipped: 4/4
Epoch [2159/4000] | Avg Makespan: 264.50 | Actor Loss: 0.0006 | Critic Loss: 0.4207 | Grad Norm: 3.4872 | Clipped: 4/4
Epoch [2160/4000] | Avg Makespan: 280.25 | Actor Loss: -0.0052 | Critic Loss: 0.5983 | Grad Norm: 2.0653 | Clipped: 4/4
Epoch [2161/4000] | Avg Makespan: 257.25 | Actor Loss: -0.0053 | Critic Loss: 0.3030 | Grad Norm: 1.9324 | Clipped: 4/4
Epoch [2162/4000] | Avg Makespan: 269.75 | Actor Loss: -0.0060 | Critic Loss: 0.2053 | Grad Norm: 1.9995 | Clipped: 4/4
Epoch [2163/4000] | Avg Makespan: 270.25 | Actor Loss: -0.0052 | Critic Loss: 0.3646 | Grad Norm: 2.2836 | Clipped: 4/4
Epoch [2164/4000] | Avg Makespan: 262.25 | Actor Loss: -0.0087 | Critic Loss: 0.2220 | Grad Norm: 1.5411 | Clipped: 4/4
Epoch [2165/4000] | Avg Makespan: 286.25 | Actor Loss: -0.0037 | Critic Loss: 0.4842 | Grad Norm: 2.4051 | Clipped: 4/4
Epoch [2166/4000] | Avg Makespan: 282.50 | Actor Loss: -0.0056 | Critic Loss: 0.2236 | Grad Norm: 1.2408 | Clipped: 4/4
Epoch [2167/4000] | Avg Makespan: 278.75 | Actor Loss: -0.0068 | Critic Loss: 0.8788 | Grad Norm: 2.0662 | Clipped: 4/4
Epoch [2168/4000] | Avg Makespan: 280.00 | Actor Loss: -0.0046 | Critic Loss: 0.3148 | Grad Norm: 1.6168 | Clipped: 4/4
Epoch [2169/4000] | Avg Makespan: 282.25 | Actor Loss: -0.0054 | Critic Loss: 0.4283 | Grad Norm: 1.6149 | Clipped: 4/4
Epoch [2170/4000] | Avg Makespan: 275.75 | Actor Loss: -0.0044 | Critic Loss: 0.4393 | Grad Norm: 1.9663 | Clipped: 4/4
Epoch [2171/4000] | Avg Makespan: 281.25 | Actor Loss: -0.0061 | Critic Loss: 0.3722 | Grad Norm: 1.5027 | Clipped: 4/4
Epoch [2172/4000] | Avg Makespan: 276.75 | Actor Loss: -0.0061 | Critic Loss: 0.3649 | Grad Norm: 1.5379 | Clipped: 4/4
Epoch [2173/4000] | Avg Makespan: 264.50 | Actor Loss: -0.0054 | Critic Loss: 0.3662 | Grad Norm: 2.1299 | Clipped: 4/4
Epoch [2174/4000] | Avg Makespan: 275.50 | Actor Loss: -0.0017 | Critic Loss: 0.2659 | Grad Norm: 2.3482 | Clipped: 4/4
Epoch [2175/4000] | Avg Makespan: 260.00 | Actor Loss: 0.0020 | Critic Loss: 0.3695 | Grad Norm: 2.5503 | Clipped: 4/4
Epoch [2176/4000] | Avg Makespan: 277.25 | Actor Loss: -0.0041 | Critic Loss: 0.1577 | Grad Norm: 2.9573 | Clipped: 4/4
Epoch [2177/4000] | Avg Makespan: 268.25 | Actor Loss: -0.0047 | Critic Loss: 0.5060 | Grad Norm: 1.8984 | Clipped: 4/4
Epoch [2178/4000] | Avg Makespan: 267.75 | Actor Loss: -0.0049 | Critic Loss: 0.5852 | Grad Norm: 3.2321 | Clipped: 4/4
Epoch [2179/4000] | Avg Makespan: 277.25 | Actor Loss: -0.0065 | Critic Loss: 0.4570 | Grad Norm: 1.6198 | Clipped: 4/4
Epoch [2180/4000] | Avg Makespan: 279.00 | Actor Loss: -0.0020 | Critic Loss: 0.5155 | Grad Norm: 2.1240 | Clipped: 4/4
Epoch [2181/4000] | Avg Makespan: 277.00 | Actor Loss: -0.0051 | Critic Loss: 0.8281 | Grad Norm: 5.9059 | Clipped: 4/4
Epoch [2182/4000] | Avg Makespan: 287.50 | Actor Loss: -0.0065 | Critic Loss: 0.8074 | Grad Norm: 3.0100 | Clipped: 4/4
Epoch [2183/4000] | Avg Makespan: 262.25 | Actor Loss: -0.0057 | Critic Loss: 0.5856 | Grad Norm: 2.0263 | Clipped: 4/4
Epoch [2184/4000] | Avg Makespan: 290.75 | Actor Loss: -0.0023 | Critic Loss: 0.4423 | Grad Norm: 2.6171 | Clipped: 4/4
Epoch [2185/4000] | Avg Makespan: 262.00 | Actor Loss: -0.0045 | Critic Loss: 0.4387 | Grad Norm: 1.7941 | Clipped: 4/4
Epoch [2186/4000] | Avg Makespan: 276.50 | Actor Loss: -0.0018 | Critic Loss: 0.5439 | Grad Norm: 2.8258 | Clipped: 4/4
Epoch [2187/4000] | Avg Makespan: 274.75 | Actor Loss: -0.0037 | Critic Loss: 0.3442 | Grad Norm: 2.1885 | Clipped: 4/4
Epoch [2188/4000] | Avg Makespan: 276.00 | Actor Loss: -0.0026 | Critic Loss: 0.9960 | Grad Norm: 2.8516 | Clipped: 4/4
Epoch [2189/4000] | Avg Makespan: 271.25 | Actor Loss: -0.0065 | Critic Loss: 0.1613 | Grad Norm: 1.6763 | Clipped: 4/4
Epoch [2190/4000] | Avg Makespan: 254.75 | Actor Loss: -0.0043 | Critic Loss: 0.5503 | Grad Norm: 2.1793 | Clipped: 4/4
Epoch [2191/4000] | Avg Makespan: 274.00 | Actor Loss: -0.0094 | Critic Loss: 0.0786 | Grad Norm: 1.6546 | Clipped: 4/4
Epoch [2192/4000] | Avg Makespan: 272.50 | Actor Loss: -0.0032 | Critic Loss: 0.2664 | Grad Norm: 2.3564 | Clipped: 4/4
Epoch [2193/4000] | Avg Makespan: 269.50 | Actor Loss: -0.0059 | Critic Loss: 0.1767 | Grad Norm: 1.3027 | Clipped: 3/4
Epoch [2194/4000] | Avg Makespan: 270.25 | Actor Loss: -0.0019 | Critic Loss: 0.4246 | Grad Norm: 2.1804 | Clipped: 4/4
Epoch [2195/4000] | Avg Makespan: 265.25 | Actor Loss: -0.0065 | Critic Loss: 0.2861 | Grad Norm: 1.5076 | Clipped: 4/4
Epoch [2196/4000] | Avg Makespan: 271.25 | Actor Loss: -0.0059 | Critic Loss: 0.3469 | Grad Norm: 1.2415 | Clipped: 3/4
Epoch [2197/4000] | Avg Makespan: 270.75 | Actor Loss: -0.0075 | Critic Loss: 0.2714 | Grad Norm: 1.9131 | Clipped: 4/4
Epoch [2198/4000] | Avg Makespan: 285.00 | Actor Loss: -0.0053 | Critic Loss: 0.2170 | Grad Norm: 2.1332 | Clipped: 4/4
Epoch [2199/4000] | Avg Makespan: 284.00 | Actor Loss: -0.0040 | Critic Loss: 0.4103 | Grad Norm: 2.1878 | Clipped: 4/4
Epoch [2200/4000] | Avg Makespan: 281.50 | Actor Loss: -0.0098 | Critic Loss: 0.3153 | Grad Norm: 1.4848 | Clipped: 4/4
   -> Validation | Samples: 280 | Makespan: 587.54 | Invalid Jobs: 0.02 | Score: 605.40
   -> Saved new best model (Val C~ mean of last 5: 371.43; this eval 370.92)
   -> Saved updated training chart to /home/wei/Desktop/AMR-DFJSP/runs/20260827_083140_v10_B_s43/chart.png
Epoch [2201/4000] | Avg Makespan: 262.50 | Actor Loss: -0.0074 | Critic Loss: 0.3515 | Grad Norm: 1.4349 | Clipped: 4/4
Epoch [2202/4000] | Avg Makespan: 271.00 | Actor Loss: -0.0028 | Critic Loss: 0.3261 | Grad Norm: 1.9825 | Clipped: 4/4
Epoch [2203/4000] | Avg Makespan: 274.00 | Actor Loss: -0.0053 | Critic Loss: 0.1960 | Grad Norm: 1.5788 | Clipped: 4/4
Epoch [2204/4000] | Avg Makespan: 258.50 | Actor Loss: -0.0085 | Critic Loss: 0.6391 | Grad Norm: 1.5398 | Clipped: 4/4
Epoch [2205/4000] | Avg Makespan: 273.00 | Actor Loss: -0.0050 | Critic Loss: 0.3873 | Grad Norm: 1.8100 | Clipped: 4/4
Epoch [2206/4000] | Avg Makespan: 266.75 | Actor Loss: -0.0034 | Critic Loss: 0.2429 | Grad Norm: 2.3615 | Clipped: 4/4
Epoch [2207/4000] | Avg Makespan: 263.75 | Actor Loss: -0.0050 | Critic Loss: 0.2242 | Grad Norm: 1.8681 | Clipped: 3/4
Epoch [2208/4000] | Avg Makespan: 268.25 | Actor Loss: -0.0062 | Critic Loss: 0.2617 | Grad Norm: 1.8901 | Clipped: 3/4
Epoch [2209/4000] | Avg Makespan: 255.50 | Actor Loss: -0.0062 | Critic Loss: 0.2230 | Grad Norm: 1.3915 | Clipped: 3/4
Epoch [2210/4000] | Avg Makespan: 263.00 | Actor Loss: -0.0066 | Critic Loss: 0.5507 | Grad Norm: 1.6299 | Clipped: 4/4
Epoch [2211/4000] | Avg Makespan: 274.25 | Actor Loss: -0.0025 | Critic Loss: 0.2974 | Grad Norm: 2.8266 | Clipped: 4/4
Epoch [2212/4000] | Avg Makespan: 263.25 | Actor Loss: -0.0050 | Critic Loss: 0.1973 | Grad Norm: 1.7177 | Clipped: 4/4
Epoch [2213/4000] | Avg Makespan: 279.00 | Actor Loss: -0.0057 | Critic Loss: 0.7643 | Grad Norm: 1.4179 | Clipped: 4/4
Epoch [2214/4000] | Avg Makespan: 268.75 | Actor Loss: -0.0071 | Critic Loss: 0.1453 | Grad Norm: 1.9630 | Clipped: 4/4
Epoch [2215/4000] | Avg Makespan: 273.50 | Actor Loss: -0.0069 | Critic Loss: 0.1214 | Grad Norm: 1.6108 | Clipped: 4/4
Epoch [2216/4000] | Avg Makespan: 275.50 | Actor Loss: -0.0054 | Critic Loss: 0.7701 | Grad Norm: 1.8826 | Clipped: 4/4
Epoch [2217/4000] | Avg Makespan: 266.75 | Actor Loss: -0.0067 | Critic Loss: 0.2118 | Grad Norm: 1.6601 | Clipped: 4/4
Epoch [2218/4000] | Avg Makespan: 285.75 | Actor Loss: -0.0065 | Critic Loss: 0.2739 | Grad Norm: 1.6504 | Clipped: 4/4
Epoch [2219/4000] | Avg Makespan: 277.00 | Actor Loss: -0.0044 | Critic Loss: 0.4329 | Grad Norm: 3.1591 | Clipped: 4/4
Epoch [2220/4000] | Avg Makespan: 280.75 | Actor Loss: -0.0066 | Critic Loss: 0.5498 | Grad Norm: 1.8343 | Clipped: 4/4
Epoch [2221/4000] | Avg Makespan: 262.75 | Actor Loss: -0.0047 | Critic Loss: 0.6246 | Grad Norm: 2.7844 | Clipped: 4/4
Epoch [2222/4000] | Avg Makespan: 268.00 | Actor Loss: -0.0069 | Critic Loss: 0.2257 | Grad Norm: 2.2703 | Clipped: 4/4
Epoch [2223/4000] | Avg Makespan: 278.25 | Actor Loss: -0.0052 | Critic Loss: 0.1723 | Grad Norm: 1.9170 | Clipped: 4/4
Epoch [2224/4000] | Avg Makespan: 268.00 | Actor Loss: -0.0058 | Critic Loss: 0.3895 | Grad Norm: 1.5918 | Clipped: 4/4
Epoch [2225/4000] | Avg Makespan: 276.00 | Actor Loss: -0.0029 | Critic Loss: 0.4456 | Grad Norm: 2.4269 | Clipped: 4/4
Epoch [2226/4000] | Avg Makespan: 265.25 | Actor Loss: -0.0070 | Critic Loss: 0.3794 | Grad Norm: 1.6732 | Clipped: 4/4
Epoch [2227/4000] | Avg Makespan: 270.75 | Actor Loss: -0.0072 | Critic Loss: 0.3525 | Grad Norm: 1.4918 | Clipped: 4/4
Epoch [2228/4000] | Avg Makespan: 279.25 | Actor Loss: -0.0054 | Critic Loss: 0.5938 | Grad Norm: 1.5664 | Clipped: 4/4
Epoch [2229/4000] | Avg Makespan: 272.50 | Actor Loss: -0.0079 | Critic Loss: 0.4530 | Grad Norm: 1.1698 | Clipped: 2/4
Epoch [2230/4000] | Avg Makespan: 275.00 | Actor Loss: -0.0050 | Critic Loss: 0.3585 | Grad Norm: 1.7594 | Clipped: 4/4
Epoch [2231/4000] | Avg Makespan: 274.50 | Actor Loss: -0.0093 | Critic Loss: 0.4797 | Grad Norm: 1.7440 | Clipped: 4/4
Epoch [2232/4000] | Avg Makespan: 282.25 | Actor Loss: -0.0055 | Critic Loss: 0.5107 | Grad Norm: 1.8043 | Clipped: 4/4
Epoch [2233/4000] | Avg Makespan: 268.00 | Actor Loss: -0.0061 | Critic Loss: 0.6149 | Grad Norm: 1.7110 | Clipped: 4/4
Epoch [2234/4000] | Avg Makespan: 268.25 | Actor Loss: -0.0021 | Critic Loss: 0.9032 | Grad Norm: 2.1147 | Clipped: 4/4
Epoch [2235/4000] | Avg Makespan: 265.00 | Actor Loss: -0.0065 | Critic Loss: 0.3303 | Grad Norm: 1.6549 | Clipped: 4/4
Epoch [2236/4000] | Avg Makespan: 265.50 | Actor Loss: -0.0088 | Critic Loss: 0.3169 | Grad Norm: 1.7786 | Clipped: 4/4
Epoch [2237/4000] | Avg Makespan: 263.75 | Actor Loss: -0.0039 | Critic Loss: 0.6887 | Grad Norm: 1.9391 | Clipped: 4/4
Epoch [2238/4000] | Avg Makespan: 268.00 | Actor Loss: -0.0022 | Critic Loss: 0.5680 | Grad Norm: 2.0209 | Clipped: 4/4
Epoch [2239/4000] | Avg Makespan: 255.00 | Actor Loss: -0.0065 | Critic Loss: 0.3406 | Grad Norm: 1.9033 | Clipped: 4/4
Epoch [2240/4000] | Avg Makespan: 281.75 | Actor Loss: -0.0036 | Critic Loss: 0.5985 | Grad Norm: 2.4175 | Clipped: 4/4
Epoch [2241/4000] | Avg Makespan: 265.50 | Actor Loss: -0.0050 | Critic Loss: 0.5404 | Grad Norm: 1.8926 | Clipped: 4/4
Epoch [2242/4000] | Avg Makespan: 269.75 | Actor Loss: -0.0062 | Critic Loss: 0.5447 | Grad Norm: 1.6882 | Clipped: 4/4
Epoch [2243/4000] | Avg Makespan: 273.00 | Actor Loss: -0.0057 | Critic Loss: 0.2546 | Grad Norm: 2.0590 | Clipped: 4/4
Epoch [2244/4000] | Avg Makespan: 270.00 | Actor Loss: -0.0068 | Critic Loss: 0.4874 | Grad Norm: 2.0522 | Clipped: 4/4
Epoch [2245/4000] | Avg Makespan: 270.75 | Actor Loss: -0.0043 | Critic Loss: 0.1977 | Grad Norm: 1.9831 | Clipped: 4/4
Epoch [2246/4000] | Avg Makespan: 285.25 | Actor Loss: -0.0040 | Critic Loss: 0.4751 | Grad Norm: 1.6877 | Clipped: 4/4
Epoch [2247/4000] | Avg Makespan: 277.00 | Actor Loss: -0.0045 | Critic Loss: 0.3510 | Grad Norm: 1.7592 | Clipped: 4/4
Epoch [2248/4000] | Avg Makespan: 275.75 | Actor Loss: -0.0061 | Critic Loss: 0.3499 | Grad Norm: 1.9429 | Clipped: 4/4
Epoch [2249/4000] | Avg Makespan: 267.75 | Actor Loss: -0.0069 | Critic Loss: 0.2277 | Grad Norm: 1.5467 | Clipped: 4/4
Epoch [2250/4000] | Avg Makespan: 275.75 | Actor Loss: -0.0069 | Critic Loss: 0.2720 | Grad Norm: 1.5610 | Clipped: 4/4
Epoch [2251/4000] | Avg Makespan: 280.25 | Actor Loss: -0.0062 | Critic Loss: 0.1476 | Grad Norm: 2.0246 | Clipped: 4/4
Epoch [2252/4000] | Avg Makespan: 278.50 | Actor Loss: -0.0048 | Critic Loss: 1.0529 | Grad Norm: 1.9382 | Clipped: 4/4
Epoch [2253/4000] | Avg Makespan: 266.50 | Actor Loss: -0.0032 | Critic Loss: 0.5712 | Grad Norm: 2.6298 | Clipped: 4/4
Epoch [2254/4000] | Avg Makespan: 276.75 | Actor Loss: -0.0080 | Critic Loss: 0.4354 | Grad Norm: 1.4494 | Clipped: 4/4
Epoch [2255/4000] | Avg Makespan: 275.25 | Actor Loss: -0.0023 | Critic Loss: 0.2589 | Grad Norm: 2.3797 | Clipped: 4/4
Epoch [2256/4000] | Avg Makespan: 267.50 | Actor Loss: -0.0040 | Critic Loss: 0.2795 | Grad Norm: 2.1378 | Clipped: 4/4
Epoch [2257/4000] | Avg Makespan: 266.00 | Actor Loss: -0.0035 | Critic Loss: 0.6859 | Grad Norm: 2.1547 | Clipped: 4/4
Epoch [2258/4000] | Avg Makespan: 280.25 | Actor Loss: -0.0062 | Critic Loss: 0.1871 | Grad Norm: 1.9145 | Clipped: 4/4
Epoch [2259/4000] | Avg Makespan: 268.00 | Actor Loss: -0.0059 | Critic Loss: 0.1870 | Grad Norm: 1.8117 | Clipped: 4/4
Epoch [2260/4000] | Avg Makespan: 267.25 | Actor Loss: -0.0044 | Critic Loss: 0.2714 | Grad Norm: 1.6245 | Clipped: 4/4
Epoch [2261/4000] | Avg Makespan: 275.25 | Actor Loss: -0.0053 | Critic Loss: 0.6754 | Grad Norm: 1.7598 | Clipped: 4/4
Epoch [2262/4000] | Avg Makespan: 267.25 | Actor Loss: -0.0077 | Critic Loss: 0.3475 | Grad Norm: 1.5498 | Clipped: 4/4
Epoch [2263/4000] | Avg Makespan: 262.50 | Actor Loss: -0.0041 | Critic Loss: 0.3060 | Grad Norm: 1.8138 | Clipped: 4/4
Epoch [2264/4000] | Avg Makespan: 270.00 | Actor Loss: -0.0014 | Critic Loss: 0.2950 | Grad Norm: 1.9534 | Clipped: 4/4
Epoch [2265/4000] | Avg Makespan: 285.25 | Actor Loss: -0.0015 | Critic Loss: 0.7990 | Grad Norm: 2.1302 | Clipped: 4/4
Epoch [2266/4000] | Avg Makespan: 268.50 | Actor Loss: -0.0060 | Critic Loss: 0.0693 | Grad Norm: 1.5374 | Clipped: 3/4
Epoch [2267/4000] | Avg Makespan: 262.25 | Actor Loss: -0.0067 | Critic Loss: 0.2573 | Grad Norm: 1.8999 | Clipped: 4/4
Epoch [2268/4000] | Avg Makespan: 272.75 | Actor Loss: -0.0052 | Critic Loss: 0.6440 | Grad Norm: 2.3896 | Clipped: 4/4
Epoch [2269/4000] | Avg Makespan: 265.00 | Actor Loss: -0.0074 | Critic Loss: 0.5178 | Grad Norm: 1.6801 | Clipped: 4/4
Epoch [2270/4000] | Avg Makespan: 271.75 | Actor Loss: -0.0057 | Critic Loss: 0.1891 | Grad Norm: 1.4243 | Clipped: 3/4
Epoch [2271/4000] | Avg Makespan: 274.25 | Actor Loss: -0.0047 | Critic Loss: 0.2752 | Grad Norm: 2.5125 | Clipped: 4/4
Epoch [2272/4000] | Avg Makespan: 286.25 | Actor Loss: -0.0062 | Critic Loss: 1.6226 | Grad Norm: 1.8703 | Clipped: 4/4
Epoch [2273/4000] | Avg Makespan: 275.00 | Actor Loss: -0.0039 | Critic Loss: 0.5692 | Grad Norm: 1.5606 | Clipped: 4/4
Epoch [2274/4000] | Avg Makespan: 276.50 | Actor Loss: -0.0019 | Critic Loss: 0.1912 | Grad Norm: 2.2356 | Clipped: 4/4
Epoch [2275/4000] | Avg Makespan: 283.00 | Actor Loss: -0.0077 | Critic Loss: 0.3831 | Grad Norm: 1.3798 | Clipped: 4/4
Epoch [2276/4000] | Avg Makespan: 281.75 | Actor Loss: -0.0071 | Critic Loss: 0.4293 | Grad Norm: 1.6880 | Clipped: 4/4
Epoch [2277/4000] | Avg Makespan: 268.25 | Actor Loss: -0.0029 | Critic Loss: 0.5036 | Grad Norm: 2.1894 | Clipped: 4/4
Epoch [2278/4000] | Avg Makespan: 286.50 | Actor Loss: -0.0048 | Critic Loss: 0.4403 | Grad Norm: 2.1388 | Clipped: 4/4
Epoch [2279/4000] | Avg Makespan: 285.75 | Actor Loss: -0.0035 | Critic Loss: 0.6285 | Grad Norm: 2.1390 | Clipped: 4/4
Epoch [2280/4000] | Avg Makespan: 270.50 | Actor Loss: -0.0030 | Critic Loss: 0.2303 | Grad Norm: 2.2040 | Clipped: 4/4
Epoch [2281/4000] | Avg Makespan: 260.25 | Actor Loss: -0.0084 | Critic Loss: 0.4312 | Grad Norm: 1.8810 | Clipped: 4/4
Epoch [2282/4000] | Avg Makespan: 272.50 | Actor Loss: -0.0008 | Critic Loss: 0.1656 | Grad Norm: 2.1464 | Clipped: 4/4
Epoch [2283/4000] | Avg Makespan: 277.50 | Actor Loss: -0.0044 | Critic Loss: 0.0716 | Grad Norm: 1.5985 | Clipped: 4/4
Epoch [2284/4000] | Avg Makespan: 274.50 | Actor Loss: -0.0054 | Critic Loss: 0.1360 | Grad Norm: 2.0230 | Clipped: 4/4
Epoch [2285/4000] | Avg Makespan: 276.75 | Actor Loss: -0.0061 | Critic Loss: 0.3770 | Grad Norm: 1.8548 | Clipped: 4/4
Epoch [2286/4000] | Avg Makespan: 264.50 | Actor Loss: -0.0075 | Critic Loss: 0.3305 | Grad Norm: 2.1385 | Clipped: 4/4
Epoch [2287/4000] | Avg Makespan: 268.50 | Actor Loss: -0.0071 | Critic Loss: 0.2251 | Grad Norm: 1.7525 | Clipped: 4/4
Epoch [2288/4000] | Avg Makespan: 278.00 | Actor Loss: -0.0068 | Critic Loss: 0.4334 | Grad Norm: 1.5652 | Clipped: 4/4
Epoch [2289/4000] | Avg Makespan: 270.50 | Actor Loss: -0.0064 | Critic Loss: 0.3486 | Grad Norm: 2.2063 | Clipped: 4/4
Epoch [2290/4000] | Avg Makespan: 264.75 | Actor Loss: -0.0076 | Critic Loss: 0.4884 | Grad Norm: 1.7731 | Clipped: 4/4
Epoch [2291/4000] | Avg Makespan: 279.75 | Actor Loss: -0.0072 | Critic Loss: 0.3229 | Grad Norm: 1.4144 | Clipped: 4/4
Epoch [2292/4000] | Avg Makespan: 265.50 | Actor Loss: -0.0043 | Critic Loss: 0.3312 | Grad Norm: 2.0600 | Clipped: 4/4
Epoch [2293/4000] | Avg Makespan: 262.25 | Actor Loss: -0.0038 | Critic Loss: 0.4156 | Grad Norm: 2.5171 | Clipped: 4/4
Epoch [2294/4000] | Avg Makespan: 260.75 | Actor Loss: -0.0027 | Critic Loss: 0.2912 | Grad Norm: 2.3811 | Clipped: 4/4
Epoch [2295/4000] | Avg Makespan: 260.50 | Actor Loss: -0.0059 | Critic Loss: 0.4524 | Grad Norm: 1.7824 | Clipped: 3/4
Epoch [2296/4000] | Avg Makespan: 273.50 | Actor Loss: -0.0071 | Critic Loss: 0.4095 | Grad Norm: 2.0024 | Clipped: 4/4
Epoch [2297/4000] | Avg Makespan: 274.75 | Actor Loss: -0.0038 | Critic Loss: 0.4302 | Grad Norm: 3.0031 | Clipped: 4/4
Epoch [2298/4000] | Avg Makespan: 260.00 | Actor Loss: -0.0055 | Critic Loss: 0.1634 | Grad Norm: 2.0913 | Clipped: 4/4
Epoch [2299/4000] | Avg Makespan: 269.50 | Actor Loss: -0.0059 | Critic Loss: 0.1944 | Grad Norm: 1.3852 | Clipped: 3/4
Epoch [2300/4000] | Avg Makespan: 266.50 | Actor Loss: -0.0063 | Critic Loss: 0.1551 | Grad Norm: 1.6602 | Clipped: 4/4
   -> Validation | Samples: 280 | Makespan: 579.27 | Invalid Jobs: 0.01 | Score: 589.99
   -> Saved updated training chart to /home/wei/Desktop/AMR-DFJSP/runs/20260827_083140_v10_B_s43/chart.png
Epoch [2301/4000] | Avg Makespan: 269.25 | Actor Loss: -0.0003 | Critic Loss: 0.4824 | Grad Norm: 2.2437 | Clipped: 4/4
Epoch [2302/4000] | Avg Makespan: 253.50 | Actor Loss: -0.0068 | Critic Loss: 0.4153 | Grad Norm: 2.0685 | Clipped: 4/4
Epoch [2303/4000] | Avg Makespan: 267.00 | Actor Loss: -0.0047 | Critic Loss: 0.4128 | Grad Norm: 2.0577 | Clipped: 4/4
Epoch [2304/4000] | Avg Makespan: 270.75 | Actor Loss: -0.0069 | Critic Loss: 0.2122 | Grad Norm: 1.5586 | Clipped: 4/4
Epoch [2305/4000] | Avg Makespan: 274.50 | Actor Loss: -0.0041 | Critic Loss: 1.2689 | Grad Norm: 1.9166 | Clipped: 4/4
Epoch [2306/4000] | Avg Makespan: 270.50 | Actor Loss: -0.0040 | Critic Loss: 0.7759 | Grad Norm: 1.6568 | Clipped: 4/4
Epoch [2307/4000] | Avg Makespan: 271.50 | Actor Loss: -0.0071 | Critic Loss: 0.1516 | Grad Norm: 1.5389 | Clipped: 3/4
Epoch [2308/4000] | Avg Makespan: 272.75 | Actor Loss: -0.0047 | Critic Loss: 1.1554 | Grad Norm: 1.7429 | Clipped: 4/4
Epoch [2309/4000] | Avg Makespan: 273.25 | Actor Loss: -0.0068 | Critic Loss: 0.3515 | Grad Norm: 1.7547 | Clipped: 4/4
Epoch [2310/4000] | Avg Makespan: 276.50 | Actor Loss: -0.0081 | Critic Loss: 0.4347 | Grad Norm: 1.7429 | Clipped: 4/4
Epoch [2311/4000] | Avg Makespan: 253.00 | Actor Loss: -0.0025 | Critic Loss: 0.7995 | Grad Norm: 2.7638 | Clipped: 4/4
Epoch [2312/4000] | Avg Makespan: 259.00 | Actor Loss: -0.0045 | Critic Loss: 0.2288 | Grad Norm: 2.0692 | Clipped: 4/4
Epoch [2313/4000] | Avg Makespan: 263.75 | Actor Loss: -0.0046 | Critic Loss: 0.1548 | Grad Norm: 1.6076 | Clipped: 4/4
Epoch [2314/4000] | Avg Makespan: 255.50 | Actor Loss: -0.0063 | Critic Loss: 0.1788 | Grad Norm: 2.3184 | Clipped: 4/4
Epoch [2315/4000] | Avg Makespan: 265.75 | Actor Loss: -0.0073 | Critic Loss: 0.1782 | Grad Norm: 1.8173 | Clipped: 4/4
Epoch [2316/4000] | Avg Makespan: 267.00 | Actor Loss: -0.0070 | Critic Loss: 0.2079 | Grad Norm: 1.4746 | Clipped: 4/4
Epoch [2317/4000] | Avg Makespan: 269.00 | Actor Loss: -0.0045 | Critic Loss: 0.1067 | Grad Norm: 1.4724 | Clipped: 4/4
Epoch [2318/4000] | Avg Makespan: 252.50 | Actor Loss: -0.0067 | Critic Loss: 0.3328 | Grad Norm: 2.1032 | Clipped: 4/4
Epoch [2319/4000] | Avg Makespan: 279.00 | Actor Loss: -0.0034 | Critic Loss: 0.2797 | Grad Norm: 1.5861 | Clipped: 4/4
Epoch [2320/4000] | Avg Makespan: 261.25 | Actor Loss: -0.0051 | Critic Loss: 0.3356 | Grad Norm: 2.1841 | Clipped: 4/4
Epoch [2321/4000] | Avg Makespan: 263.00 | Actor Loss: -0.0080 | Critic Loss: 0.1657 | Grad Norm: 2.2182 | Clipped: 4/4
Epoch [2322/4000] | Avg Makespan: 271.00 | Actor Loss: -0.0080 | Critic Loss: 0.3948 | Grad Norm: 1.5574 | Clipped: 4/4
Epoch [2323/4000] | Avg Makespan: 265.25 | Actor Loss: -0.0082 | Critic Loss: 0.1989 | Grad Norm: 1.8701 | Clipped: 4/4
Epoch [2324/4000] | Avg Makespan: 272.25 | Actor Loss: -0.0054 | Critic Loss: 0.0613 | Grad Norm: 1.3173 | Clipped: 3/4
Epoch [2325/4000] | Avg Makespan: 269.00 | Actor Loss: -0.0059 | Critic Loss: 0.3266 | Grad Norm: 1.8546 | Clipped: 4/4
Epoch [2326/4000] | Avg Makespan: 278.00 | Actor Loss: -0.0066 | Critic Loss: 0.2502 | Grad Norm: 2.0213 | Clipped: 4/4
Epoch [2327/4000] | Avg Makespan: 277.00 | Actor Loss: -0.0032 | Critic Loss: 0.3413 | Grad Norm: 1.9920 | Clipped: 4/4
Epoch [2328/4000] | Avg Makespan: 270.75 | Actor Loss: -0.0088 | Critic Loss: 0.1374 | Grad Norm: 1.9104 | Clipped: 4/4
Epoch [2329/4000] | Avg Makespan: 267.25 | Actor Loss: -0.0088 | Critic Loss: 0.2694 | Grad Norm: 1.8071 | Clipped: 4/4
Epoch [2330/4000] | Avg Makespan: 266.25 | Actor Loss: -0.0038 | Critic Loss: 0.6707 | Grad Norm: 1.6377 | Clipped: 4/4
Epoch [2331/4000] | Avg Makespan: 260.25 | Actor Loss: -0.0039 | Critic Loss: 0.5396 | Grad Norm: 2.0495 | Clipped: 4/4
Epoch [2332/4000] | Avg Makespan: 267.75 | Actor Loss: -0.0088 | Critic Loss: 0.2800 | Grad Norm: 1.2186 | Clipped: 3/4
Epoch [2333/4000] | Avg Makespan: 249.50 | Actor Loss: -0.0060 | Critic Loss: 0.6062 | Grad Norm: 1.6499 | Clipped: 4/4
Epoch [2334/4000] | Avg Makespan: 275.25 | Actor Loss: -0.0052 | Critic Loss: 0.2701 | Grad Norm: 1.6581 | Clipped: 4/4
Epoch [2335/4000] | Avg Makespan: 259.50 | Actor Loss: -0.0054 | Critic Loss: 0.3278 | Grad Norm: 1.7437 | Clipped: 4/4
Epoch [2336/4000] | Avg Makespan: 275.50 | Actor Loss: -0.0040 | Critic Loss: 0.2293 | Grad Norm: 1.8976 | Clipped: 4/4
Epoch [2337/4000] | Avg Makespan: 274.00 | Actor Loss: -0.0082 | Critic Loss: 0.4237 | Grad Norm: 1.9161 | Clipped: 4/4
Epoch [2338/4000] | Avg Makespan: 274.25 | Actor Loss: -0.0042 | Critic Loss: 0.4290 | Grad Norm: 2.5672 | Clipped: 4/4
Epoch [2339/4000] | Avg Makespan: 290.25 | Actor Loss: -0.0056 | Critic Loss: 0.2414 | Grad Norm: 1.9507 | Clipped: 4/4
Epoch [2340/4000] | Avg Makespan: 266.75 | Actor Loss: -0.0027 | Critic Loss: 1.2218 | Grad Norm: 2.5787 | Clipped: 4/4
Epoch [2341/4000] | Avg Makespan: 264.75 | Actor Loss: -0.0052 | Critic Loss: 0.3854 | Grad Norm: 1.8902 | Clipped: 4/4
Epoch [2342/4000] | Avg Makespan: 253.50 | Actor Loss: -0.0017 | Critic Loss: 0.2805 | Grad Norm: 2.9755 | Clipped: 4/4
Epoch [2343/4000] | Avg Makespan: 268.75 | Actor Loss: -0.0058 | Critic Loss: 0.1958 | Grad Norm: 1.6715 | Clipped: 4/4
Epoch [2344/4000] | Avg Makespan: 283.25 | Actor Loss: 0.0040 | Critic Loss: 0.6256 | Grad Norm: 4.6754 | Clipped: 4/4
Epoch [2345/4000] | Avg Makespan: 274.50 | Actor Loss: -0.0023 | Critic Loss: 0.3631 | Grad Norm: 1.9788 | Clipped: 4/4
Epoch [2346/4000] | Avg Makespan: 271.25 | Actor Loss: 0.0000 | Critic Loss: 0.2835 | Grad Norm: 2.7434 | Clipped: 4/4
Epoch [2347/4000] | Avg Makespan: 270.75 | Actor Loss: -0.0036 | Critic Loss: 0.4078 | Grad Norm: 1.9959 | Clipped: 4/4
Epoch [2348/4000] | Avg Makespan: 277.00 | Actor Loss: -0.0028 | Critic Loss: 0.2998 | Grad Norm: 2.3962 | Clipped: 4/4
Epoch [2349/4000] | Avg Makespan: 268.75 | Actor Loss: -0.0024 | Critic Loss: 0.3660 | Grad Norm: 4.4111 | Clipped: 4/4
Epoch [2350/4000] | Avg Makespan: 274.50 | Actor Loss: -0.0005 | Critic Loss: 0.3127 | Grad Norm: 3.4646 | Clipped: 4/4
Epoch [2351/4000] | Avg Makespan: 282.25 | Actor Loss: -0.0057 | Critic Loss: 0.1917 | Grad Norm: 1.8601 | Clipped: 4/4
Epoch [2352/4000] | Avg Makespan: 271.00 | Actor Loss: -0.0036 | Critic Loss: 0.5184 | Grad Norm: 3.1517 | Clipped: 4/4
Epoch [2353/4000] | Avg Makespan: 268.75 | Actor Loss: -0.0069 | Critic Loss: 0.5899 | Grad Norm: 2.2646 | Clipped: 4/4
Epoch [2354/4000] | Avg Makespan: 276.25 | Actor Loss: -0.0015 | Critic Loss: 0.2330 | Grad Norm: 2.4717 | Clipped: 4/4
Epoch [2355/4000] | Avg Makespan: 276.50 | Actor Loss: -0.0083 | Critic Loss: 0.0969 | Grad Norm: 1.9534 | Clipped: 4/4
Epoch [2356/4000] | Avg Makespan: 271.75 | Actor Loss: -0.0050 | Critic Loss: 0.5347 | Grad Norm: 2.4513 | Clipped: 4/4
Epoch [2357/4000] | Avg Makespan: 256.50 | Actor Loss: -0.0042 | Critic Loss: 0.4012 | Grad Norm: 3.1015 | Clipped: 4/4
Epoch [2358/4000] | Avg Makespan: 266.00 | Actor Loss: -0.0047 | Critic Loss: 0.1085 | Grad Norm: 2.0428 | Clipped: 4/4
Epoch [2359/4000] | Avg Makespan: 264.75 | Actor Loss: -0.0031 | Critic Loss: 0.2335 | Grad Norm: 2.5742 | Clipped: 4/4
Epoch [2360/4000] | Avg Makespan: 275.00 | Actor Loss: -0.0060 | Critic Loss: 0.3563 | Grad Norm: 2.6794 | Clipped: 4/4
Epoch [2361/4000] | Avg Makespan: 267.00 | Actor Loss: -0.0070 | Critic Loss: 0.3379 | Grad Norm: 1.8297 | Clipped: 4/4
Epoch [2362/4000] | Avg Makespan: 277.25 | Actor Loss: -0.0037 | Critic Loss: 0.0737 | Grad Norm: 2.2431 | Clipped: 4/4
Epoch [2363/4000] | Avg Makespan: 265.50 | Actor Loss: -0.0055 | Critic Loss: 0.3532 | Grad Norm: 2.4712 | Clipped: 4/4
Epoch [2364/4000] | Avg Makespan: 269.50 | Actor Loss: -0.0060 | Critic Loss: 0.2070 | Grad Norm: 2.2727 | Clipped: 4/4
Epoch [2365/4000] | Avg Makespan: 266.00 | Actor Loss: -0.0053 | Critic Loss: 0.2568 | Grad Norm: 2.5030 | Clipped: 4/4
Epoch [2366/4000] | Avg Makespan: 269.00 | Actor Loss: -0.0040 | Critic Loss: 0.3530 | Grad Norm: 2.7210 | Clipped: 4/4
Epoch [2367/4000] | Avg Makespan: 266.00 | Actor Loss: -0.0058 | Critic Loss: 0.3613 | Grad Norm: 1.8466 | Clipped: 4/4
Epoch [2368/4000] | Avg Makespan: 270.75 | Actor Loss: -0.0038 | Critic Loss: 0.2002 | Grad Norm: 2.6032 | Clipped: 4/4
Epoch [2369/4000] | Avg Makespan: 278.00 | Actor Loss: -0.0068 | Critic Loss: 0.2503 | Grad Norm: 1.9150 | Clipped: 4/4
Epoch [2370/4000] | Avg Makespan: 271.25 | Actor Loss: -0.0069 | Critic Loss: 0.1324 | Grad Norm: 1.9950 | Clipped: 4/4
Epoch [2371/4000] | Avg Makespan: 267.25 | Actor Loss: -0.0029 | Critic Loss: 0.1747 | Grad Norm: 3.3930 | Clipped: 4/4
Epoch [2372/4000] | Avg Makespan: 275.25 | Actor Loss: -0.0044 | Critic Loss: 0.2804 | Grad Norm: 2.2422 | Clipped: 4/4
Epoch [2373/4000] | Avg Makespan: 267.50 | Actor Loss: -0.0040 | Critic Loss: 0.3879 | Grad Norm: 2.9436 | Clipped: 4/4
Epoch [2374/4000] | Avg Makespan: 267.50 | Actor Loss: -0.0030 | Critic Loss: 0.3852 | Grad Norm: 3.1434 | Clipped: 4/4
Epoch [2375/4000] | Avg Makespan: 283.50 | Actor Loss: 0.0012 | Critic Loss: 0.1832 | Grad Norm: 5.1280 | Clipped: 4/4
Epoch [2376/4000] | Avg Makespan: 269.25 | Actor Loss: -0.0035 | Critic Loss: 0.6578 | Grad Norm: 3.1628 | Clipped: 4/4
Epoch [2377/4000] | Avg Makespan: 274.75 | Actor Loss: 0.0012 | Critic Loss: 0.7513 | Grad Norm: 2.6672 | Clipped: 4/4
Epoch [2378/4000] | Avg Makespan: 272.75 | Actor Loss: -0.0001 | Critic Loss: 0.2371 | Grad Norm: 5.7161 | Clipped: 4/4
Epoch [2379/4000] | Avg Makespan: 281.25 | Actor Loss: -0.0043 | Critic Loss: 0.2488 | Grad Norm: 3.1356 | Clipped: 4/4
Epoch [2380/4000] | Avg Makespan: 263.75 | Actor Loss: -0.0011 | Critic Loss: 0.2736 | Grad Norm: 6.1738 | Clipped: 4/4
Epoch [2381/4000] | Avg Makespan: 257.50 | Actor Loss: -0.0064 | Critic Loss: 0.3872 | Grad Norm: 2.1840 | Clipped: 4/4
Epoch [2382/4000] | Avg Makespan: 275.00 | Actor Loss: -0.0055 | Critic Loss: 0.1362 | Grad Norm: 2.6885 | Clipped: 4/4
Epoch [2383/4000] | Avg Makespan: 261.00 | Actor Loss: -0.0044 | Critic Loss: 0.1964 | Grad Norm: 3.1354 | Clipped: 4/4
Epoch [2384/4000] | Avg Makespan: 279.00 | Actor Loss: -0.0024 | Critic Loss: 0.3797 | Grad Norm: 4.5594 | Clipped: 4/4
Epoch [2385/4000] | Avg Makespan: 278.75 | Actor Loss: -0.0045 | Critic Loss: 0.7131 | Grad Norm: 3.5105 | Clipped: 4/4
Epoch [2386/4000] | Avg Makespan: 273.25 | Actor Loss: -0.0025 | Critic Loss: 0.1016 | Grad Norm: 5.1916 | Clipped: 4/4
Epoch [2387/4000] | Avg Makespan: 281.00 | Actor Loss: 0.0002 | Critic Loss: 0.2030 | Grad Norm: 3.1600 | Clipped: 4/4
Epoch [2388/4000] | Avg Makespan: 262.50 | Actor Loss: -0.0030 | Critic Loss: 0.1389 | Grad Norm: 4.4702 | Clipped: 4/4
Epoch [2389/4000] | Avg Makespan: 265.00 | Actor Loss: -0.0035 | Critic Loss: 0.2321 | Grad Norm: 2.9464 | Clipped: 4/4
Epoch [2390/4000] | Avg Makespan: 264.25 | Actor Loss: 0.0008 | Critic Loss: 0.2510 | Grad Norm: 4.6064 | Clipped: 4/4
Epoch [2391/4000] | Avg Makespan: 284.25 | Actor Loss: 0.0026 | Critic Loss: 0.6501 | Grad Norm: 6.9888 | Clipped: 4/4
Epoch [2392/4000] | Avg Makespan: 255.25 | Actor Loss: -0.0071 | Critic Loss: 0.3680 | Grad Norm: 2.4199 | Clipped: 4/4
Epoch [2393/4000] | Avg Makespan: 266.50 | Actor Loss: -0.0064 | Critic Loss: 0.4638 | Grad Norm: 3.9351 | Clipped: 4/4
Epoch [2394/4000] | Avg Makespan: 269.25 | Actor Loss: -0.0019 | Critic Loss: 0.2511 | Grad Norm: 4.2092 | Clipped: 4/4
Epoch [2395/4000] | Avg Makespan: 270.75 | Actor Loss: -0.0027 | Critic Loss: 0.3362 | Grad Norm: 3.5951 | Clipped: 4/4
Epoch [2396/4000] | Avg Makespan: 278.25 | Actor Loss: -0.0044 | Critic Loss: 0.2823 | Grad Norm: 3.7873 | Clipped: 4/4
Epoch [2397/4000] | Avg Makespan: 266.25 | Actor Loss: -0.0052 | Critic Loss: 0.3894 | Grad Norm: 2.8673 | Clipped: 4/4
Epoch [2398/4000] | Avg Makespan: 267.75 | Actor Loss: -0.0050 | Critic Loss: 0.2004 | Grad Norm: 2.8818 | Clipped: 4/4
Epoch [2399/4000] | Avg Makespan: 259.75 | Actor Loss: -0.0056 | Critic Loss: 0.3621 | Grad Norm: 3.6747 | Clipped: 4/4
Epoch [2400/4000] | Avg Makespan: 268.75 | Actor Loss: -0.0019 | Critic Loss: 0.2059 | Grad Norm: 3.2522 | Clipped: 4/4
   -> Validation | Samples: 280 | Makespan: 595.96 | Invalid Jobs: 0.03 | Score: 624.54
   -> Saved updated training chart to /home/wei/Desktop/AMR-DFJSP/runs/20260827_083140_v10_B_s43/chart.png
Epoch [2401/4000] | Avg Makespan: 273.25 | Actor Loss: -0.0052 | Critic Loss: 0.3156 | Grad Norm: 3.5194 | Clipped: 4/4
Epoch [2402/4000] | Avg Makespan: 262.00 | Actor Loss: 0.0038 | Critic Loss: 0.1067 | Grad Norm: 10.6126 | Clipped: 4/4
Epoch [2403/4000] | Avg Makespan: 277.25 | Actor Loss: -0.0024 | Critic Loss: 0.1273 | Grad Norm: 5.3856 | Clipped: 4/4
Epoch [2404/4000] | Avg Makespan: 256.00 | Actor Loss: -0.0007 | Critic Loss: 0.4006 | Grad Norm: 4.3306 | Clipped: 4/4
Epoch [2405/4000] | Avg Makespan: 249.75 | Actor Loss: -0.0021 | Critic Loss: 0.5150 | Grad Norm: 7.7111 | Clipped: 4/4
Epoch [2406/4000] | Avg Makespan: 259.50 | Actor Loss: -0.0066 | Critic Loss: 0.3993 | Grad Norm: 1.9748 | Clipped: 4/4
Epoch [2407/4000] | Avg Makespan: 269.00 | Actor Loss: -0.0064 | Critic Loss: 0.2133 | Grad Norm: 2.6163 | Clipped: 4/4
Epoch [2408/4000] | Avg Makespan: 265.00 | Actor Loss: -0.0038 | Critic Loss: 0.3148 | Grad Norm: 4.2069 | Clipped: 4/4
Epoch [2409/4000] | Avg Makespan: 258.25 | Actor Loss: -0.0049 | Critic Loss: 0.1621 | Grad Norm: 2.4460 | Clipped: 4/4
Epoch [2410/4000] | Avg Makespan: 257.00 | Actor Loss: -0.0049 | Critic Loss: 0.2118 | Grad Norm: 2.8975 | Clipped: 4/4
Epoch [2411/4000] | Avg Makespan: 268.00 | Actor Loss: -0.0049 | Critic Loss: 0.2276 | Grad Norm: 3.5716 | Clipped: 4/4
Epoch [2412/4000] | Avg Makespan: 263.75 | Actor Loss: -0.0074 | Critic Loss: 0.6206 | Grad Norm: 1.7397 | Clipped: 4/4
Epoch [2413/4000] | Avg Makespan: 274.75 | Actor Loss: -0.0038 | Critic Loss: 1.0478 | Grad Norm: 3.6090 | Clipped: 4/4
Epoch [2414/4000] | Avg Makespan: 270.00 | Actor Loss: 0.0051 | Critic Loss: 0.8106 | Grad Norm: 5.1159 | Clipped: 4/4
Epoch [2415/4000] | Avg Makespan: 284.25 | Actor Loss: -0.0063 | Critic Loss: 0.5415 | Grad Norm: 4.8090 | Clipped: 4/4
Epoch [2416/4000] | Avg Makespan: 260.00 | Actor Loss: -0.0034 | Critic Loss: 0.5105 | Grad Norm: 3.2667 | Clipped: 4/4
Epoch [2417/4000] | Avg Makespan: 266.00 | Actor Loss: -0.0054 | Critic Loss: 0.2769 | Grad Norm: 2.5746 | Clipped: 4/4
Epoch [2418/4000] | Avg Makespan: 273.50 | Actor Loss: -0.0068 | Critic Loss: 0.5329 | Grad Norm: 2.4302 | Clipped: 4/4
Epoch [2419/4000] | Avg Makespan: 263.75 | Actor Loss: -0.0069 | Critic Loss: 0.1796 | Grad Norm: 4.2313 | Clipped: 4/4
Epoch [2420/4000] | Avg Makespan: 267.50 | Actor Loss: -0.0053 | Critic Loss: 0.3384 | Grad Norm: 2.5529 | Clipped: 4/4
Epoch [2421/4000] | Avg Makespan: 265.50 | Actor Loss: -0.0068 | Critic Loss: 0.1974 | Grad Norm: 2.2575 | Clipped: 4/4
Epoch [2422/4000] | Avg Makespan: 271.75 | Actor Loss: -0.0028 | Critic Loss: 0.6411 | Grad Norm: 3.2665 | Clipped: 4/4
Epoch [2423/4000] | Avg Makespan: 271.00 | Actor Loss: -0.0052 | Critic Loss: 0.3476 | Grad Norm: 2.4996 | Clipped: 4/4
Epoch [2424/4000] | Avg Makespan: 273.00 | Actor Loss: -0.0038 | Critic Loss: 0.3012 | Grad Norm: 3.1561 | Clipped: 4/4
Epoch [2425/4000] | Avg Makespan: 265.50 | Actor Loss: -0.0066 | Critic Loss: 0.3361 | Grad Norm: 2.5299 | Clipped: 4/4
Epoch [2426/4000] | Avg Makespan: 274.50 | Actor Loss: -0.0058 | Critic Loss: 0.1651 | Grad Norm: 2.1063 | Clipped: 4/4
Epoch [2427/4000] | Avg Makespan: 278.25 | Actor Loss: -0.0058 | Critic Loss: 0.4155 | Grad Norm: 2.2408 | Clipped: 4/4
Epoch [2428/4000] | Avg Makespan: 260.75 | Actor Loss: -0.0049 | Critic Loss: 0.1874 | Grad Norm: 2.7514 | Clipped: 4/4
Epoch [2429/4000] | Avg Makespan: 284.50 | Actor Loss: -0.0038 | Critic Loss: 0.4821 | Grad Norm: 3.3517 | Clipped: 4/4
Epoch [2430/4000] | Avg Makespan: 271.50 | Actor Loss: 0.0035 | Critic Loss: 0.3189 | Grad Norm: 3.6721 | Clipped: 4/4
Epoch [2431/4000] | Avg Makespan: 257.75 | Actor Loss: -0.0072 | Critic Loss: 0.3569 | Grad Norm: 2.2629 | Clipped: 4/4
Epoch [2432/4000] | Avg Makespan: 258.25 | Actor Loss: 0.0051 | Critic Loss: 0.4387 | Grad Norm: 5.8880 | Clipped: 4/4
Epoch [2433/4000] | Avg Makespan: 277.00 | Actor Loss: -0.0035 | Critic Loss: 0.7190 | Grad Norm: 4.8870 | Clipped: 4/4
Epoch [2434/4000] | Avg Makespan: 274.00 | Actor Loss: -0.0084 | Critic Loss: 0.4093 | Grad Norm: 2.1882 | Clipped: 4/4
Epoch [2435/4000] | Avg Makespan: 270.25 | Actor Loss: -0.0059 | Critic Loss: 0.6661 | Grad Norm: 2.7171 | Clipped: 4/4
Epoch [2436/4000] | Avg Makespan: 261.50 | Actor Loss: -0.0033 | Critic Loss: 0.4103 | Grad Norm: 3.2000 | Clipped: 4/4
Epoch [2437/4000] | Avg Makespan: 270.50 | Actor Loss: -0.0064 | Critic Loss: 0.2443 | Grad Norm: 3.6251 | Clipped: 4/4
Epoch [2438/4000] | Avg Makespan: 278.00 | Actor Loss: -0.0049 | Critic Loss: 0.4838 | Grad Norm: 3.1891 | Clipped: 4/4
Epoch [2439/4000] | Avg Makespan: 257.25 | Actor Loss: -0.0042 | Critic Loss: 0.3370 | Grad Norm: 2.4501 | Clipped: 4/4
Epoch [2440/4000] | Avg Makespan: 270.50 | Actor Loss: -0.0041 | Critic Loss: 0.4182 | Grad Norm: 3.5306 | Clipped: 4/4
Epoch [2441/4000] | Avg Makespan: 265.00 | Actor Loss: -0.0038 | Critic Loss: 0.3074 | Grad Norm: 3.6700 | Clipped: 4/4
Epoch [2442/4000] | Avg Makespan: 262.75 | Actor Loss: -0.0003 | Critic Loss: 0.1812 | Grad Norm: 4.8036 | Clipped: 4/4
Epoch [2443/4000] | Avg Makespan: 266.75 | Actor Loss: -0.0050 | Critic Loss: 0.3238 | Grad Norm: 3.4739 | Clipped: 4/4
Epoch [2444/4000] | Avg Makespan: 275.75 | Actor Loss: -0.0033 | Critic Loss: 0.2499 | Grad Norm: 3.2936 | Clipped: 4/4
Epoch [2445/4000] | Avg Makespan: 265.75 | Actor Loss: -0.0044 | Critic Loss: 0.5364 | Grad Norm: 3.7135 | Clipped: 4/4
Epoch [2446/4000] | Avg Makespan: 261.00 | Actor Loss: -0.0051 | Critic Loss: 0.3654 | Grad Norm: 3.5370 | Clipped: 4/4
Epoch [2447/4000] | Avg Makespan: 276.00 | Actor Loss: -0.0092 | Critic Loss: 0.5116 | Grad Norm: 1.7889 | Clipped: 4/4
Epoch [2448/4000] | Avg Makespan: 273.25 | Actor Loss: -0.0051 | Critic Loss: 0.9157 | Grad Norm: 2.4013 | Clipped: 4/4
Epoch [2449/4000] | Avg Makespan: 268.50 | Actor Loss: -0.0046 | Critic Loss: 0.1617 | Grad Norm: 2.8218 | Clipped: 4/4
Epoch [2450/4000] | Avg Makespan: 270.50 | Actor Loss: -0.0033 | Critic Loss: 0.2518 | Grad Norm: 3.1817 | Clipped: 4/4
Epoch [2451/4000] | Avg Makespan: 283.00 | Actor Loss: -0.0075 | Critic Loss: 0.3553 | Grad Norm: 2.4537 | Clipped: 4/4
Epoch [2452/4000] | Avg Makespan: 274.25 | Actor Loss: 0.0013 | Critic Loss: 0.2616 | Grad Norm: 4.4987 | Clipped: 4/4
Epoch [2453/4000] | Avg Makespan: 271.75 | Actor Loss: -0.0071 | Critic Loss: 0.2459 | Grad Norm: 3.8399 | Clipped: 4/4
Epoch [2454/4000] | Avg Makespan: 267.50 | Actor Loss: 0.0045 | Critic Loss: 0.3502 | Grad Norm: 5.1179 | Clipped: 4/4
Epoch [2455/4000] | Avg Makespan: 285.25 | Actor Loss: -0.0017 | Critic Loss: 0.1988 | Grad Norm: 6.0367 | Clipped: 4/4
Epoch [2456/4000] | Avg Makespan: 278.00 | Actor Loss: -0.0055 | Critic Loss: 0.1142 | Grad Norm: 3.1657 | Clipped: 4/4
Epoch [2457/4000] | Avg Makespan: 274.75 | Actor Loss: -0.0032 | Critic Loss: 0.4235 | Grad Norm: 3.7075 | Clipped: 4/4
Epoch [2458/4000] | Avg Makespan: 270.00 | Actor Loss: -0.0071 | Critic Loss: 0.5085 | Grad Norm: 2.3982 | Clipped: 4/4
Epoch [2459/4000] | Avg Makespan: 274.50 | Actor Loss: -0.0007 | Critic Loss: 0.1437 | Grad Norm: 3.0255 | Clipped: 4/4
Epoch [2460/4000] | Avg Makespan: 279.00 | Actor Loss: -0.0036 | Critic Loss: 0.8178 | Grad Norm: 2.9053 | Clipped: 4/4
Epoch [2461/4000] | Avg Makespan: 267.00 | Actor Loss: -0.0061 | Critic Loss: 0.6541 | Grad Norm: 3.3017 | Clipped: 4/4
Epoch [2462/4000] | Avg Makespan: 272.00 | Actor Loss: -0.0064 | Critic Loss: 0.2374 | Grad Norm: 2.4795 | Clipped: 4/4
Epoch [2463/4000] | Avg Makespan: 274.00 | Actor Loss: -0.0058 | Critic Loss: 0.6220 | Grad Norm: 2.5552 | Clipped: 4/4
Epoch [2464/4000] | Avg Makespan: 278.00 | Actor Loss: -0.0028 | Critic Loss: 0.6665 | Grad Norm: 3.4376 | Clipped: 4/4
Epoch [2465/4000] | Avg Makespan: 270.00 | Actor Loss: -0.0018 | Critic Loss: 0.1456 | Grad Norm: 2.9878 | Clipped: 4/4
Epoch [2466/4000] | Avg Makespan: 277.50 | Actor Loss: -0.0068 | Critic Loss: 0.2133 | Grad Norm: 2.2651 | Clipped: 4/4
Epoch [2467/4000] | Avg Makespan: 273.00 | Actor Loss: 0.0019 | Critic Loss: 0.1792 | Grad Norm: 3.6961 | Clipped: 4/4
Epoch [2468/4000] | Avg Makespan: 277.00 | Actor Loss: 0.0042 | Critic Loss: 0.3442 | Grad Norm: 4.2732 | Clipped: 4/4
Epoch [2469/4000] | Avg Makespan: 269.75 | Actor Loss: -0.0006 | Critic Loss: 0.3938 | Grad Norm: 2.4148 | Clipped: 4/4
Epoch [2470/4000] | Avg Makespan: 265.50 | Actor Loss: -0.0046 | Critic Loss: 0.2141 | Grad Norm: 2.8283 | Clipped: 4/4
Epoch [2471/4000] | Avg Makespan: 269.50 | Actor Loss: -0.0031 | Critic Loss: 0.5804 | Grad Norm: 3.5170 | Clipped: 4/4
Epoch [2472/4000] | Avg Makespan: 263.75 | Actor Loss: -0.0002 | Critic Loss: 0.2616 | Grad Norm: 3.7961 | Clipped: 4/4
Epoch [2473/4000] | Avg Makespan: 269.75 | Actor Loss: -0.0036 | Critic Loss: 0.3090 | Grad Norm: 4.7541 | Clipped: 4/4
Epoch [2474/4000] | Avg Makespan: 268.00 | Actor Loss: 0.0026 | Critic Loss: 0.2899 | Grad Norm: 4.5892 | Clipped: 4/4
Epoch [2475/4000] | Avg Makespan: 260.25 | Actor Loss: -0.0029 | Critic Loss: 0.2702 | Grad Norm: 3.6456 | Clipped: 4/4
Epoch [2476/4000] | Avg Makespan: 261.00 | Actor Loss: -0.0049 | Critic Loss: 0.5542 | Grad Norm: 3.0361 | Clipped: 4/4
Epoch [2477/4000] | Avg Makespan: 264.25 | Actor Loss: -0.0054 | Critic Loss: 0.4811 | Grad Norm: 3.9549 | Clipped: 4/4
Epoch [2478/4000] | Avg Makespan: 268.75 | Actor Loss: 0.0007 | Critic Loss: 0.2287 | Grad Norm: 4.6882 | Clipped: 4/4
Epoch [2479/4000] | Avg Makespan: 273.00 | Actor Loss: -0.0026 | Critic Loss: 0.0729 | Grad Norm: 3.7970 | Clipped: 4/4
Epoch [2480/4000] | Avg Makespan: 276.75 | Actor Loss: 0.0035 | Critic Loss: 0.3613 | Grad Norm: 8.5730 | Clipped: 4/4
Epoch [2481/4000] | Avg Makespan: 273.00 | Actor Loss: -0.0024 | Critic Loss: 0.3351 | Grad Norm: 2.6327 | Clipped: 4/4
Epoch [2482/4000] | Avg Makespan: 277.50 | Actor Loss: -0.0014 | Critic Loss: 0.6107 | Grad Norm: 3.9409 | Clipped: 4/4
Epoch [2483/4000] | Avg Makespan: 275.25 | Actor Loss: -0.0039 | Critic Loss: 0.2631 | Grad Norm: 5.1541 | Clipped: 4/4
Epoch [2484/4000] | Avg Makespan: 273.00 | Actor Loss: -0.0006 | Critic Loss: 0.2445 | Grad Norm: 2.9963 | Clipped: 4/4
Epoch [2485/4000] | Avg Makespan: 260.00 | Actor Loss: 0.0028 | Critic Loss: 0.4311 | Grad Norm: 4.5608 | Clipped: 4/4
Epoch [2486/4000] | Avg Makespan: 271.75 | Actor Loss: 0.0011 | Critic Loss: 0.2081 | Grad Norm: 4.0017 | Clipped: 4/4
Epoch [2487/4000] | Avg Makespan: 261.00 | Actor Loss: -0.0009 | Critic Loss: 0.1898 | Grad Norm: 3.8096 | Clipped: 4/4
Epoch [2488/4000] | Avg Makespan: 267.00 | Actor Loss: 0.0019 | Critic Loss: 0.1700 | Grad Norm: 4.0361 | Clipped: 4/4
Epoch [2489/4000] | Avg Makespan: 265.75 | Actor Loss: -0.0004 | Critic Loss: 0.3746 | Grad Norm: 2.8627 | Clipped: 4/4
Epoch [2490/4000] | Avg Makespan: 257.50 | Actor Loss: -0.0054 | Critic Loss: 0.8313 | Grad Norm: 3.5094 | Clipped: 4/4
Epoch [2491/4000] | Avg Makespan: 275.50 | Actor Loss: -0.0079 | Critic Loss: 0.1564 | Grad Norm: 2.5474 | Clipped: 4/4
Epoch [2492/4000] | Avg Makespan: 269.50 | Actor Loss: -0.0049 | Critic Loss: 0.1414 | Grad Norm: 4.3223 | Clipped: 4/4
Epoch [2493/4000] | Avg Makespan: 273.50 | Actor Loss: 0.0012 | Critic Loss: 0.1107 | Grad Norm: 4.0366 | Clipped: 4/4
Epoch [2494/4000] | Avg Makespan: 269.75 | Actor Loss: 0.0008 | Critic Loss: 0.2376 | Grad Norm: 6.3817 | Clipped: 4/4
Epoch [2495/4000] | Avg Makespan: 272.50 | Actor Loss: -0.0027 | Critic Loss: 0.9243 | Grad Norm: 3.6267 | Clipped: 4/4
Epoch [2496/4000] | Avg Makespan: 281.00 | Actor Loss: -0.0048 | Critic Loss: 0.3982 | Grad Norm: 3.9412 | Clipped: 4/4
Epoch [2497/4000] | Avg Makespan: 267.75 | Actor Loss: -0.0030 | Critic Loss: 0.4337 | Grad Norm: 4.1360 | Clipped: 4/4
Epoch [2498/4000] | Avg Makespan: 264.25 | Actor Loss: -0.0015 | Critic Loss: 0.1803 | Grad Norm: 5.3965 | Clipped: 4/4
Epoch [2499/4000] | Avg Makespan: 264.25 | Actor Loss: -0.0007 | Critic Loss: 0.3861 | Grad Norm: 4.9776 | Clipped: 4/4
Epoch [2500/4000] | Avg Makespan: 275.25 | Actor Loss: -0.0024 | Critic Loss: 0.6738 | Grad Norm: 4.6467 | Clipped: 4/4
   -> Validation | Samples: 280 | Makespan: 592.65 | Invalid Jobs: 0.01 | Score: 603.36
   -> Saved updated training chart to /home/wei/Desktop/AMR-DFJSP/runs/20260827_083140_v10_B_s43/chart.png
Epoch [2501/4000] | Avg Makespan: 283.25 | Actor Loss: -0.0049 | Critic Loss: 0.3942 | Grad Norm: 3.1548 | Clipped: 4/4
Epoch [2502/4000] | Avg Makespan: 272.75 | Actor Loss: -0.0058 | Critic Loss: 0.3618 | Grad Norm: 3.0466 | Clipped: 4/4
Epoch [2503/4000] | Avg Makespan: 255.75 | Actor Loss: 0.0004 | Critic Loss: 0.6077 | Grad Norm: 4.7824 | Clipped: 4/4
Epoch [2504/4000] | Avg Makespan: 283.00 | Actor Loss: -0.0040 | Critic Loss: 0.5668 | Grad Norm: 4.9942 | Clipped: 4/4
Epoch [2505/4000] | Avg Makespan: 269.75 | Actor Loss: -0.0055 | Critic Loss: 0.1688 | Grad Norm: 3.1857 | Clipped: 4/4
Epoch [2506/4000] | Avg Makespan: 276.75 | Actor Loss: -0.0037 | Critic Loss: 0.4516 | Grad Norm: 2.4756 | Clipped: 4/4
Epoch [2507/4000] | Avg Makespan: 261.75 | Actor Loss: -0.0000 | Critic Loss: 0.2595 | Grad Norm: 5.3055 | Clipped: 4/4
Epoch [2508/4000] | Avg Makespan: 273.00 | Actor Loss: -0.0042 | Critic Loss: 0.2739 | Grad Norm: 3.6523 | Clipped: 4/4
Epoch [2509/4000] | Avg Makespan: 260.75 | Actor Loss: -0.0054 | Critic Loss: 0.4054 | Grad Norm: 3.6282 | Clipped: 4/4
Epoch [2510/4000] | Avg Makespan: 269.00 | Actor Loss: -0.0033 | Critic Loss: 0.4181 | Grad Norm: 5.0148 | Clipped: 4/4
Epoch [2511/4000] | Avg Makespan: 286.00 | Actor Loss: -0.0007 | Critic Loss: 0.7054 | Grad Norm: 3.8485 | Clipped: 4/4
Epoch [2512/4000] | Avg Makespan: 279.00 | Actor Loss: 0.0004 | Critic Loss: 0.7124 | Grad Norm: 4.7457 | Clipped: 4/4
Epoch [2513/4000] | Avg Makespan: 269.50 | Actor Loss: -0.0054 | Critic Loss: 0.3538 | Grad Norm: 4.7414 | Clipped: 4/4
Epoch [2514/4000] | Avg Makespan: 267.75 | Actor Loss: -0.0052 | Critic Loss: 0.2890 | Grad Norm: 2.5238 | Clipped: 4/4
Epoch [2515/4000] | Avg Makespan: 280.75 | Actor Loss: -0.0067 | Critic Loss: 0.6047 | Grad Norm: 3.0211 | Clipped: 4/4
Epoch [2516/4000] | Avg Makespan: 276.75 | Actor Loss: -0.0052 | Critic Loss: 0.1247 | Grad Norm: 4.0537 | Clipped: 4/4
Epoch [2517/4000] | Avg Makespan: 267.00 | Actor Loss: -0.0033 | Critic Loss: 0.2499 | Grad Norm: 3.5176 | Clipped: 4/4
Epoch [2518/4000] | Avg Makespan: 284.00 | Actor Loss: -0.0039 | Critic Loss: 0.1129 | Grad Norm: 3.8153 | Clipped: 4/4
Epoch [2519/4000] | Avg Makespan: 278.50 | Actor Loss: 0.0043 | Critic Loss: 0.5760 | Grad Norm: 6.7676 | Clipped: 4/4
Epoch [2520/4000] | Avg Makespan: 279.25 | Actor Loss: -0.0049 | Critic Loss: 0.2908 | Grad Norm: 2.9334 | Clipped: 4/4
Epoch [2521/4000] | Avg Makespan: 270.00 | Actor Loss: -0.0001 | Critic Loss: 0.2687 | Grad Norm: 5.5329 | Clipped: 4/4
Epoch [2522/4000] | Avg Makespan: 270.00 | Actor Loss: -0.0057 | Critic Loss: 0.3382 | Grad Norm: 2.5108 | Clipped: 4/4
Epoch [2523/4000] | Avg Makespan: 279.75 | Actor Loss: 0.0003 | Critic Loss: 0.2435 | Grad Norm: 5.4594 | Clipped: 4/4
Epoch [2524/4000] | Avg Makespan: 280.00 | Actor Loss: 0.0054 | Critic Loss: 0.4140 | Grad Norm: 4.7438 | Clipped: 4/4
Epoch [2525/4000] | Avg Makespan: 273.25 | Actor Loss: 0.0028 | Critic Loss: 0.1511 | Grad Norm: 4.4234 | Clipped: 4/4
Epoch [2526/4000] | Avg Makespan: 277.75 | Actor Loss: 0.0013 | Critic Loss: 0.3398 | Grad Norm: 3.9806 | Clipped: 4/4
Epoch [2527/4000] | Avg Makespan: 276.00 | Actor Loss: -0.0057 | Critic Loss: 0.1262 | Grad Norm: 2.9315 | Clipped: 4/4
Epoch [2528/4000] | Avg Makespan: 264.50 | Actor Loss: -0.0011 | Critic Loss: 0.2247 | Grad Norm: 4.8882 | Clipped: 4/4
Epoch [2529/4000] | Avg Makespan: 263.50 | Actor Loss: -0.0047 | Critic Loss: 0.3349 | Grad Norm: 3.0937 | Clipped: 4/4
Epoch [2530/4000] | Avg Makespan: 268.75 | Actor Loss: -0.0017 | Critic Loss: 0.4856 | Grad Norm: 3.5047 | Clipped: 4/4
Epoch [2531/4000] | Avg Makespan: 263.00 | Actor Loss: -0.0033 | Critic Loss: 0.1108 | Grad Norm: 3.3679 | Clipped: 4/4
Epoch [2532/4000] | Avg Makespan: 262.50 | Actor Loss: -0.0060 | Critic Loss: 0.3230 | Grad Norm: 2.4643 | Clipped: 4/4
Epoch [2533/4000] | Avg Makespan: 271.00 | Actor Loss: -0.0018 | Critic Loss: 0.8172 | Grad Norm: 2.7253 | Clipped: 4/4
Epoch [2534/4000] | Avg Makespan: 276.50 | Actor Loss: -0.0042 | Critic Loss: 0.4521 | Grad Norm: 2.4396 | Clipped: 4/4
Epoch [2535/4000] | Avg Makespan: 289.50 | Actor Loss: -0.0028 | Critic Loss: 0.6027 | Grad Norm: 2.1936 | Clipped: 4/4
Epoch [2536/4000] | Avg Makespan: 275.75 | Actor Loss: -0.0051 | Critic Loss: 0.1771 | Grad Norm: 2.5992 | Clipped: 4/4
Epoch [2537/4000] | Avg Makespan: 265.00 | Actor Loss: -0.0029 | Critic Loss: 0.4659 | Grad Norm: 3.2745 | Clipped: 4/4
Epoch [2538/4000] | Avg Makespan: 256.50 | Actor Loss: -0.0055 | Critic Loss: 0.4485 | Grad Norm: 2.6064 | Clipped: 4/4
Epoch [2539/4000] | Avg Makespan: 258.50 | Actor Loss: -0.0040 | Critic Loss: 0.5090 | Grad Norm: 3.2318 | Clipped: 4/4
Epoch [2540/4000] | Avg Makespan: 261.75 | Actor Loss: -0.0029 | Critic Loss: 0.4297 | Grad Norm: 2.9838 | Clipped: 4/4
Epoch [2541/4000] | Avg Makespan: 275.50 | Actor Loss: -0.0065 | Critic Loss: 0.1701 | Grad Norm: 3.1167 | Clipped: 4/4
Epoch [2542/4000] | Avg Makespan: 267.25 | Actor Loss: -0.0012 | Critic Loss: 0.4735 | Grad Norm: 3.9999 | Clipped: 4/4
Epoch [2543/4000] | Avg Makespan: 269.75 | Actor Loss: -0.0047 | Critic Loss: 0.2225 | Grad Norm: 2.8697 | Clipped: 4/4
Epoch [2544/4000] | Avg Makespan: 273.50 | Actor Loss: -0.0024 | Critic Loss: 0.5171 | Grad Norm: 4.7807 | Clipped: 4/4
Epoch [2545/4000] | Avg Makespan: 266.75 | Actor Loss: -0.0064 | Critic Loss: 0.4125 | Grad Norm: 2.6962 | Clipped: 4/4
Epoch [2546/4000] | Avg Makespan: 266.00 | Actor Loss: -0.0072 | Critic Loss: 0.2231 | Grad Norm: 2.2757 | Clipped: 4/4
Epoch [2547/4000] | Avg Makespan: 265.75 | Actor Loss: -0.0071 | Critic Loss: 0.5399 | Grad Norm: 3.1044 | Clipped: 4/4
Epoch [2548/4000] | Avg Makespan: 272.25 | Actor Loss: -0.0055 | Critic Loss: 0.1032 | Grad Norm: 3.9623 | Clipped: 4/4
Epoch [2549/4000] | Avg Makespan: 264.75 | Actor Loss: -0.0065 | Critic Loss: 0.2413 | Grad Norm: 2.8949 | Clipped: 4/4
Epoch [2550/4000] | Avg Makespan: 288.25 | Actor Loss: -0.0017 | Critic Loss: 0.5301 | Grad Norm: 4.1504 | Clipped: 4/4
Epoch [2551/4000] | Avg Makespan: 252.00 | Actor Loss: -0.0052 | Critic Loss: 0.4513 | Grad Norm: 2.6537 | Clipped: 4/4
Epoch [2552/4000] | Avg Makespan: 271.00 | Actor Loss: -0.0060 | Critic Loss: 0.1736 | Grad Norm: 2.2344 | Clipped: 4/4
Epoch [2553/4000] | Avg Makespan: 271.50 | Actor Loss: -0.0046 | Critic Loss: 0.1570 | Grad Norm: 2.9909 | Clipped: 4/4
Epoch [2554/4000] | Avg Makespan: 261.75 | Actor Loss: -0.0019 | Critic Loss: 0.3140 | Grad Norm: 3.2120 | Clipped: 4/4
Epoch [2555/4000] | Avg Makespan: 290.00 | Actor Loss: -0.0042 | Critic Loss: 0.9504 | Grad Norm: 3.4876 | Clipped: 4/4
Epoch [2556/4000] | Avg Makespan: 280.50 | Actor Loss: -0.0068 | Critic Loss: 0.2122 | Grad Norm: 1.6357 | Clipped: 4/4
Epoch [2557/4000] | Avg Makespan: 274.00 | Actor Loss: -0.0001 | Critic Loss: 0.1255 | Grad Norm: 2.7382 | Clipped: 4/4
Epoch [2558/4000] | Avg Makespan: 262.75 | Actor Loss: -0.0025 | Critic Loss: 0.2978 | Grad Norm: 4.2372 | Clipped: 4/4
Epoch [2559/4000] | Avg Makespan: 265.50 | Actor Loss: -0.0044 | Critic Loss: 0.2253 | Grad Norm: 3.4770 | Clipped: 4/4
Epoch [2560/4000] | Avg Makespan: 270.00 | Actor Loss: -0.0028 | Critic Loss: 0.1848 | Grad Norm: 2.4504 | Clipped: 4/4
Epoch [2561/4000] | Avg Makespan: 266.75 | Actor Loss: -0.0074 | Critic Loss: 0.6348 | Grad Norm: 2.8427 | Clipped: 4/4
Epoch [2562/4000] | Avg Makespan: 257.25 | Actor Loss: -0.0068 | Critic Loss: 0.2859 | Grad Norm: 2.6916 | Clipped: 4/4
Epoch [2563/4000] | Avg Makespan: 278.00 | Actor Loss: -0.0052 | Critic Loss: 0.1267 | Grad Norm: 2.5182 | Clipped: 4/4
Epoch [2564/4000] | Avg Makespan: 273.25 | Actor Loss: -0.0018 | Critic Loss: 0.2433 | Grad Norm: 4.4456 | Clipped: 4/4
Epoch [2565/4000] | Avg Makespan: 271.00 | Actor Loss: -0.0041 | Critic Loss: 0.2225 | Grad Norm: 3.7518 | Clipped: 4/4
Epoch [2566/4000] | Avg Makespan: 276.00 | Actor Loss: -0.0073 | Critic Loss: 0.9500 | Grad Norm: 1.9293 | Clipped: 4/4
Epoch [2567/4000] | Avg Makespan: 279.00 | Actor Loss: -0.0064 | Critic Loss: 0.0879 | Grad Norm: 2.4671 | Clipped: 4/4
Epoch [2568/4000] | Avg Makespan: 278.75 | Actor Loss: -0.0058 | Critic Loss: 0.2074 | Grad Norm: 2.4977 | Clipped: 4/4
Epoch [2569/4000] | Avg Makespan: 275.00 | Actor Loss: -0.0016 | Critic Loss: 0.4065 | Grad Norm: 5.0943 | Clipped: 4/4
Epoch [2570/4000] | Avg Makespan: 267.25 | Actor Loss: -0.0072 | Critic Loss: 0.5710 | Grad Norm: 2.5062 | Clipped: 4/4
Epoch [2571/4000] | Avg Makespan: 271.00 | Actor Loss: -0.0016 | Critic Loss: 0.3040 | Grad Norm: 3.7290 | Clipped: 4/4
Epoch [2572/4000] | Avg Makespan: 266.25 | Actor Loss: 0.0005 | Critic Loss: 0.2790 | Grad Norm: 2.6699 | Clipped: 4/4
Epoch [2573/4000] | Avg Makespan: 270.50 | Actor Loss: -0.0062 | Critic Loss: 0.2388 | Grad Norm: 1.7409 | Clipped: 4/4
Epoch [2574/4000] | Avg Makespan: 270.50 | Actor Loss: -0.0052 | Critic Loss: 0.3726 | Grad Norm: 2.6493 | Clipped: 4/4
Epoch [2575/4000] | Avg Makespan: 271.00 | Actor Loss: -0.0049 | Critic Loss: 0.3002 | Grad Norm: 2.0272 | Clipped: 4/4
Epoch [2576/4000] | Avg Makespan: 277.25 | Actor Loss: -0.0044 | Critic Loss: 0.7633 | Grad Norm: 2.3185 | Clipped: 4/4
Epoch [2577/4000] | Avg Makespan: 281.50 | Actor Loss: -0.0044 | Critic Loss: 0.5027 | Grad Norm: 3.4311 | Clipped: 4/4
Epoch [2578/4000] | Avg Makespan: 267.00 | Actor Loss: -0.0072 | Critic Loss: 0.2966 | Grad Norm: 2.6702 | Clipped: 4/4
Epoch [2579/4000] | Avg Makespan: 267.50 | Actor Loss: -0.0052 | Critic Loss: 0.2649 | Grad Norm: 2.5704 | Clipped: 4/4
Epoch [2580/4000] | Avg Makespan: 279.50 | Actor Loss: -0.0055 | Critic Loss: 0.3805 | Grad Norm: 2.1721 | Clipped: 4/4
Epoch [2581/4000] | Avg Makespan: 281.00 | Actor Loss: -0.0055 | Critic Loss: 0.3152 | Grad Norm: 2.4449 | Clipped: 4/4
Epoch [2582/4000] | Avg Makespan: 274.50 | Actor Loss: -0.0048 | Critic Loss: 0.3436 | Grad Norm: 2.2483 | Clipped: 4/4
Epoch [2583/4000] | Avg Makespan: 279.25 | Actor Loss: -0.0052 | Critic Loss: 0.2265 | Grad Norm: 3.1290 | Clipped: 4/4
Epoch [2584/4000] | Avg Makespan: 267.25 | Actor Loss: -0.0017 | Critic Loss: 0.4461 | Grad Norm: 3.6402 | Clipped: 4/4
Epoch [2585/4000] | Avg Makespan: 278.25 | Actor Loss: -0.0033 | Critic Loss: 0.4177 | Grad Norm: 3.1705 | Clipped: 4/4
Epoch [2586/4000] | Avg Makespan: 271.25 | Actor Loss: -0.0022 | Critic Loss: 0.4608 | Grad Norm: 3.2457 | Clipped: 4/4
Epoch [2587/4000] | Avg Makespan: 267.50 | Actor Loss: -0.0053 | Critic Loss: 0.3450 | Grad Norm: 3.2882 | Clipped: 4/4
Epoch [2588/4000] | Avg Makespan: 270.25 | Actor Loss: -0.0044 | Critic Loss: 0.3746 | Grad Norm: 3.1666 | Clipped: 4/4
Epoch [2589/4000] | Avg Makespan: 282.50 | Actor Loss: -0.0002 | Critic Loss: 0.5237 | Grad Norm: 3.6976 | Clipped: 4/4
Epoch [2590/4000] | Avg Makespan: 264.75 | Actor Loss: -0.0027 | Critic Loss: 0.7301 | Grad Norm: 3.6324 | Clipped: 4/4
Epoch [2591/4000] | Avg Makespan: 276.25 | Actor Loss: -0.0056 | Critic Loss: 0.3043 | Grad Norm: 2.4738 | Clipped: 4/4
Epoch [2592/4000] | Avg Makespan: 267.25 | Actor Loss: -0.0085 | Critic Loss: 0.1940 | Grad Norm: 2.6688 | Clipped: 4/4
Epoch [2593/4000] | Avg Makespan: 273.50 | Actor Loss: -0.0085 | Critic Loss: 0.4454 | Grad Norm: 2.8161 | Clipped: 4/4
Epoch [2594/4000] | Avg Makespan: 279.75 | Actor Loss: -0.0035 | Critic Loss: 0.2714 | Grad Norm: 3.5260 | Clipped: 4/4
Epoch [2595/4000] | Avg Makespan: 254.25 | Actor Loss: -0.0076 | Critic Loss: 0.6474 | Grad Norm: 2.2906 | Clipped: 4/4
Epoch [2596/4000] | Avg Makespan: 279.25 | Actor Loss: -0.0067 | Critic Loss: 0.2487 | Grad Norm: 2.0598 | Clipped: 4/4
Epoch [2597/4000] | Avg Makespan: 278.25 | Actor Loss: -0.0087 | Critic Loss: 0.3852 | Grad Norm: 1.6493 | Clipped: 4/4
Epoch [2598/4000] | Avg Makespan: 272.25 | Actor Loss: -0.0076 | Critic Loss: 0.0868 | Grad Norm: 1.4729 | Clipped: 4/4
Epoch [2599/4000] | Avg Makespan: 263.00 | Actor Loss: -0.0025 | Critic Loss: 0.3332 | Grad Norm: 3.4637 | Clipped: 4/4
Epoch [2600/4000] | Avg Makespan: 270.00 | Actor Loss: -0.0045 | Critic Loss: 0.4582 | Grad Norm: 2.0701 | Clipped: 4/4
   -> Validation | Samples: 280 | Makespan: 599.24 | Invalid Jobs: 0.02 | Score: 617.09
   -> Saved updated training chart to /home/wei/Desktop/AMR-DFJSP/runs/20260827_083140_v10_B_s43/chart.png
Epoch [2601/4000] | Avg Makespan: 269.00 | Actor Loss: -0.0062 | Critic Loss: 0.2492 | Grad Norm: 2.0161 | Clipped: 4/4
Epoch [2602/4000] | Avg Makespan: 259.50 | Actor Loss: -0.0057 | Critic Loss: 0.3415 | Grad Norm: 2.7042 | Clipped: 4/4
Epoch [2603/4000] | Avg Makespan: 268.75 | Actor Loss: -0.0070 | Critic Loss: 0.2722 | Grad Norm: 2.8456 | Clipped: 4/4
Epoch [2604/4000] | Avg Makespan: 268.75 | Actor Loss: -0.0047 | Critic Loss: 0.4003 | Grad Norm: 2.3159 | Clipped: 4/4
Epoch [2605/4000] | Avg Makespan: 278.50 | Actor Loss: -0.0054 | Critic Loss: 0.5260 | Grad Norm: 2.5672 | Clipped: 4/4
Epoch [2606/4000] | Avg Makespan: 277.25 | Actor Loss: -0.0071 | Critic Loss: 0.2681 | Grad Norm: 1.7753 | Clipped: 4/4
Epoch [2607/4000] | Avg Makespan: 275.75 | Actor Loss: -0.0044 | Critic Loss: 0.6213 | Grad Norm: 2.7445 | Clipped: 4/4
Epoch [2608/4000] | Avg Makespan: 274.75 | Actor Loss: -0.0057 | Critic Loss: 0.1999 | Grad Norm: 2.1084 | Clipped: 4/4
Epoch [2609/4000] | Avg Makespan: 276.25 | Actor Loss: -0.0049 | Critic Loss: 0.0730 | Grad Norm: 1.6675 | Clipped: 3/4
Epoch [2610/4000] | Avg Makespan: 278.00 | Actor Loss: -0.0048 | Critic Loss: 0.1308 | Grad Norm: 1.8574 | Clipped: 4/4
Epoch [2611/4000] | Avg Makespan: 272.75 | Actor Loss: -0.0056 | Critic Loss: 0.1435 | Grad Norm: 2.0427 | Clipped: 4/4
Epoch [2612/4000] | Avg Makespan: 277.00 | Actor Loss: -0.0042 | Critic Loss: 0.2818 | Grad Norm: 2.2822 | Clipped: 4/4
Epoch [2613/4000] | Avg Makespan: 283.00 | Actor Loss: -0.0057 | Critic Loss: 0.3873 | Grad Norm: 2.3362 | Clipped: 4/4
Epoch [2614/4000] | Avg Makespan: 276.00 | Actor Loss: -0.0039 | Critic Loss: 0.3568 | Grad Norm: 2.2331 | Clipped: 4/4
Epoch [2615/4000] | Avg Makespan: 271.50 | Actor Loss: -0.0025 | Critic Loss: 0.4573 | Grad Norm: 2.2868 | Clipped: 4/4
Epoch [2616/4000] | Avg Makespan: 278.75 | Actor Loss: -0.0035 | Critic Loss: 0.6142 | Grad Norm: 1.8301 | Clipped: 4/4
Epoch [2617/4000] | Avg Makespan: 278.50 | Actor Loss: -0.0044 | Critic Loss: 0.4629 | Grad Norm: 2.2774 | Clipped: 4/4
Epoch [2618/4000] | Avg Makespan: 265.50 | Actor Loss: -0.0041 | Critic Loss: 0.4226 | Grad Norm: 2.3529 | Clipped: 4/4
Epoch [2619/4000] | Avg Makespan: 270.50 | Actor Loss: -0.0084 | Critic Loss: 0.1940 | Grad Norm: 1.7648 | Clipped: 4/4
Epoch [2620/4000] | Avg Makespan: 271.25 | Actor Loss: -0.0061 | Critic Loss: 0.1596 | Grad Norm: 2.0081 | Clipped: 4/4
Epoch [2621/4000] | Avg Makespan: 276.50 | Actor Loss: -0.0049 | Critic Loss: 0.4805 | Grad Norm: 2.7141 | Clipped: 4/4
Epoch [2622/4000] | Avg Makespan: 268.25 | Actor Loss: -0.0060 | Critic Loss: 0.3677 | Grad Norm: 2.0887 | Clipped: 4/4
Epoch [2623/4000] | Avg Makespan: 279.50 | Actor Loss: -0.0041 | Critic Loss: 0.7051 | Grad Norm: 2.2890 | Clipped: 4/4
Epoch [2624/4000] | Avg Makespan: 264.50 | Actor Loss: -0.0100 | Critic Loss: 0.3321 | Grad Norm: 1.5344 | Clipped: 4/4
Epoch [2625/4000] | Avg Makespan: 260.50 | Actor Loss: -0.0053 | Critic Loss: 0.3104 | Grad Norm: 2.1445 | Clipped: 4/4
Epoch [2626/4000] | Avg Makespan: 276.50 | Actor Loss: -0.0035 | Critic Loss: 0.3960 | Grad Norm: 2.5764 | Clipped: 4/4
Epoch [2627/4000] | Avg Makespan: 269.00 | Actor Loss: -0.0042 | Critic Loss: 0.4022 | Grad Norm: 2.7220 | Clipped: 4/4
Epoch [2628/4000] | Avg Makespan: 269.75 | Actor Loss: -0.0046 | Critic Loss: 0.2761 | Grad Norm: 1.9280 | Clipped: 4/4
Epoch [2629/4000] | Avg Makespan: 266.50 | Actor Loss: -0.0091 | Critic Loss: 0.1768 | Grad Norm: 1.9707 | Clipped: 4/4
Epoch [2630/4000] | Avg Makespan: 278.00 | Actor Loss: -0.0069 | Critic Loss: 0.1664 | Grad Norm: 2.0447 | Clipped: 4/4
Epoch [2631/4000] | Avg Makespan: 279.25 | Actor Loss: -0.0049 | Critic Loss: 0.4222 | Grad Norm: 1.7611 | Clipped: 4/4
Epoch [2632/4000] | Avg Makespan: 265.75 | Actor Loss: -0.0059 | Critic Loss: 0.4090 | Grad Norm: 1.7086 | Clipped: 4/4
Epoch [2633/4000] | Avg Makespan: 272.00 | Actor Loss: -0.0053 | Critic Loss: 0.3852 | Grad Norm: 1.8331 | Clipped: 4/4
Epoch [2634/4000] | Avg Makespan: 273.75 | Actor Loss: -0.0060 | Critic Loss: 0.3265 | Grad Norm: 1.8577 | Clipped: 4/4
Epoch [2635/4000] | Avg Makespan: 262.75 | Actor Loss: -0.0049 | Critic Loss: 0.2261 | Grad Norm: 2.4131 | Clipped: 4/4
Epoch [2636/4000] | Avg Makespan: 280.50 | Actor Loss: -0.0023 | Critic Loss: 0.3752 | Grad Norm: 2.4865 | Clipped: 4/4
Epoch [2637/4000] | Avg Makespan: 273.25 | Actor Loss: -0.0050 | Critic Loss: 0.2073 | Grad Norm: 2.2466 | Clipped: 4/4
Epoch [2638/4000] | Avg Makespan: 283.75 | Actor Loss: -0.0054 | Critic Loss: 0.3021 | Grad Norm: 1.4693 | Clipped: 4/4
Epoch [2639/4000] | Avg Makespan: 278.00 | Actor Loss: -0.0067 | Critic Loss: 0.2299 | Grad Norm: 1.1631 | Clipped: 2/4
Epoch [2640/4000] | Avg Makespan: 275.00 | Actor Loss: -0.0048 | Critic Loss: 0.2283 | Grad Norm: 1.6716 | Clipped: 4/4
Epoch [2641/4000] | Avg Makespan: 269.25 | Actor Loss: -0.0062 | Critic Loss: 0.2999 | Grad Norm: 1.5873 | Clipped: 4/4
Epoch [2642/4000] | Avg Makespan: 264.25 | Actor Loss: -0.0045 | Critic Loss: 0.3603 | Grad Norm: 3.4251 | Clipped: 4/4
Epoch [2643/4000] | Avg Makespan: 273.25 | Actor Loss: -0.0042 | Critic Loss: 0.2279 | Grad Norm: 2.0273 | Clipped: 4/4
Epoch [2644/4000] | Avg Makespan: 274.25 | Actor Loss: -0.0056 | Critic Loss: 0.0531 | Grad Norm: 1.6741 | Clipped: 4/4
Epoch [2645/4000] | Avg Makespan: 279.00 | Actor Loss: -0.0044 | Critic Loss: 0.6897 | Grad Norm: 2.1605 | Clipped: 4/4
Epoch [2646/4000] | Avg Makespan: 273.00 | Actor Loss: -0.0096 | Critic Loss: 0.2887 | Grad Norm: 1.8928 | Clipped: 4/4
Epoch [2647/4000] | Avg Makespan: 270.50 | Actor Loss: -0.0045 | Critic Loss: 0.2411 | Grad Norm: 2.1235 | Clipped: 4/4
Epoch [2648/4000] | Avg Makespan: 267.25 | Actor Loss: -0.0063 | Critic Loss: 0.3714 | Grad Norm: 2.3651 | Clipped: 4/4
Epoch [2649/4000] | Avg Makespan: 273.50 | Actor Loss: -0.0034 | Critic Loss: 0.3008 | Grad Norm: 1.7357 | Clipped: 4/4
Epoch [2650/4000] | Avg Makespan: 261.50 | Actor Loss: -0.0069 | Critic Loss: 0.3457 | Grad Norm: 2.3392 | Clipped: 4/4
Epoch [2651/4000] | Avg Makespan: 277.00 | Actor Loss: -0.0081 | Critic Loss: 0.1705 | Grad Norm: 1.9323 | Clipped: 4/4
Epoch [2652/4000] | Avg Makespan: 265.75 | Actor Loss: -0.0081 | Critic Loss: 0.4285 | Grad Norm: 1.6144 | Clipped: 4/4
Epoch [2653/4000] | Avg Makespan: 265.50 | Actor Loss: -0.0053 | Critic Loss: 0.4598 | Grad Norm: 2.1273 | Clipped: 4/4
Epoch [2654/4000] | Avg Makespan: 273.50 | Actor Loss: -0.0067 | Critic Loss: 0.5009 | Grad Norm: 1.7020 | Clipped: 4/4
Epoch [2655/4000] | Avg Makespan: 272.00 | Actor Loss: -0.0046 | Critic Loss: 0.1584 | Grad Norm: 1.8107 | Clipped: 4/4
Epoch [2656/4000] | Avg Makespan: 275.75 | Actor Loss: -0.0039 | Critic Loss: 0.7052 | Grad Norm: 2.3970 | Clipped: 4/4
Epoch [2657/4000] | Avg Makespan: 266.50 | Actor Loss: -0.0064 | Critic Loss: 0.2475 | Grad Norm: 1.5069 | Clipped: 4/4
Epoch [2658/4000] | Avg Makespan: 278.00 | Actor Loss: -0.0062 | Critic Loss: 0.2163 | Grad Norm: 2.5933 | Clipped: 4/4
Epoch [2659/4000] | Avg Makespan: 275.00 | Actor Loss: -0.0041 | Critic Loss: 0.1714 | Grad Norm: 2.0255 | Clipped: 4/4
Epoch [2660/4000] | Avg Makespan: 276.25 | Actor Loss: -0.0051 | Critic Loss: 0.1697 | Grad Norm: 1.5133 | Clipped: 4/4
Epoch [2661/4000] | Avg Makespan: 272.75 | Actor Loss: -0.0067 | Critic Loss: 0.3198 | Grad Norm: 1.5141 | Clipped: 3/4
Epoch [2662/4000] | Avg Makespan: 275.25 | Actor Loss: -0.0002 | Critic Loss: 0.1376 | Grad Norm: 2.4304 | Clipped: 4/4
Epoch [2663/4000] | Avg Makespan: 273.25 | Actor Loss: -0.0044 | Critic Loss: 0.2597 | Grad Norm: 1.7787 | Clipped: 4/4
Epoch [2664/4000] | Avg Makespan: 282.25 | Actor Loss: -0.0015 | Critic Loss: 0.6815 | Grad Norm: 2.9559 | Clipped: 4/4
Epoch [2665/4000] | Avg Makespan: 263.00 | Actor Loss: -0.0053 | Critic Loss: 0.4346 | Grad Norm: 1.8399 | Clipped: 4/4
Epoch [2666/4000] | Avg Makespan: 275.25 | Actor Loss: -0.0062 | Critic Loss: 0.2454 | Grad Norm: 2.0385 | Clipped: 4/4
Epoch [2667/4000] | Avg Makespan: 277.50 | Actor Loss: -0.0060 | Critic Loss: 0.6163 | Grad Norm: 1.4583 | Clipped: 4/4
Epoch [2668/4000] | Avg Makespan: 271.50 | Actor Loss: -0.0040 | Critic Loss: 0.5512 | Grad Norm: 2.0929 | Clipped: 4/4
Epoch [2669/4000] | Avg Makespan: 260.75 | Actor Loss: -0.0052 | Critic Loss: 0.2888 | Grad Norm: 1.9232 | Clipped: 4/4
Epoch [2670/4000] | Avg Makespan: 259.75 | Actor Loss: -0.0066 | Critic Loss: 0.3352 | Grad Norm: 2.1925 | Clipped: 4/4
Epoch [2671/4000] | Avg Makespan: 272.25 | Actor Loss: -0.0043 | Critic Loss: 0.5027 | Grad Norm: 2.2073 | Clipped: 4/4
Epoch [2672/4000] | Avg Makespan: 272.75 | Actor Loss: -0.0040 | Critic Loss: 0.0877 | Grad Norm: 2.1130 | Clipped: 4/4
Epoch [2673/4000] | Avg Makespan: 285.25 | Actor Loss: -0.0036 | Critic Loss: 0.3606 | Grad Norm: 2.3283 | Clipped: 4/4
Epoch [2674/4000] | Avg Makespan: 285.75 | Actor Loss: -0.0029 | Critic Loss: 0.6903 | Grad Norm: 1.8430 | Clipped: 4/4
Epoch [2675/4000] | Avg Makespan: 271.00 | Actor Loss: -0.0041 | Critic Loss: 0.1991 | Grad Norm: 1.4371 | Clipped: 4/4
Epoch [2676/4000] | Avg Makespan: 270.00 | Actor Loss: -0.0030 | Critic Loss: 0.2622 | Grad Norm: 2.0577 | Clipped: 4/4
Epoch [2677/4000] | Avg Makespan: 255.00 | Actor Loss: -0.0066 | Critic Loss: 0.4403 | Grad Norm: 2.3290 | Clipped: 4/4
Epoch [2678/4000] | Avg Makespan: 276.50 | Actor Loss: -0.0037 | Critic Loss: 0.3528 | Grad Norm: 2.6055 | Clipped: 4/4
Epoch [2679/4000] | Avg Makespan: 285.25 | Actor Loss: -0.0039 | Critic Loss: 0.6215 | Grad Norm: 2.6187 | Clipped: 4/4
Epoch [2680/4000] | Avg Makespan: 281.50 | Actor Loss: -0.0045 | Critic Loss: 0.2784 | Grad Norm: 1.2969 | Clipped: 4/4
Epoch [2681/4000] | Avg Makespan: 273.50 | Actor Loss: -0.0065 | Critic Loss: 0.1949 | Grad Norm: 1.5948 | Clipped: 4/4
Epoch [2682/4000] | Avg Makespan: 270.25 | Actor Loss: -0.0065 | Critic Loss: 0.3589 | Grad Norm: 1.8371 | Clipped: 4/4
Epoch [2683/4000] | Avg Makespan: 271.00 | Actor Loss: -0.0076 | Critic Loss: 0.2493 | Grad Norm: 1.4796 | Clipped: 4/4
Epoch [2684/4000] | Avg Makespan: 277.50 | Actor Loss: -0.0052 | Critic Loss: 0.4261 | Grad Norm: 1.2651 | Clipped: 2/4
Epoch [2685/4000] | Avg Makespan: 274.00 | Actor Loss: -0.0034 | Critic Loss: 0.2136 | Grad Norm: 1.7052 | Clipped: 4/4
Epoch [2686/4000] | Avg Makespan: 257.25 | Actor Loss: -0.0038 | Critic Loss: 0.9636 | Grad Norm: 2.1470 | Clipped: 4/4
Epoch [2687/4000] | Avg Makespan: 272.50 | Actor Loss: 0.0001 | Critic Loss: 0.6442 | Grad Norm: 3.7963 | Clipped: 4/4
Epoch [2688/4000] | Avg Makespan: 272.25 | Actor Loss: -0.0056 | Critic Loss: 0.5375 | Grad Norm: 1.4023 | Clipped: 4/4
Epoch [2689/4000] | Avg Makespan: 270.00 | Actor Loss: -0.0051 | Critic Loss: 1.0065 | Grad Norm: 1.2831 | Clipped: 4/4
Epoch [2690/4000] | Avg Makespan: 275.75 | Actor Loss: -0.0040 | Critic Loss: 0.3284 | Grad Norm: 3.0695 | Clipped: 4/4
Epoch [2691/4000] | Avg Makespan: 284.50 | Actor Loss: -0.0051 | Critic Loss: 1.3406 | Grad Norm: 1.5097 | Clipped: 4/4
Epoch [2692/4000] | Avg Makespan: 259.25 | Actor Loss: -0.0043 | Critic Loss: 0.4030 | Grad Norm: 1.9387 | Clipped: 4/4
Epoch [2693/4000] | Avg Makespan: 264.75 | Actor Loss: -0.0038 | Critic Loss: 0.3093 | Grad Norm: 2.8698 | Clipped: 4/4
Epoch [2694/4000] | Avg Makespan: 278.00 | Actor Loss: -0.0051 | Critic Loss: 0.4657 | Grad Norm: 1.7851 | Clipped: 4/4
Epoch [2695/4000] | Avg Makespan: 266.00 | Actor Loss: -0.0044 | Critic Loss: 0.2382 | Grad Norm: 2.9111 | Clipped: 4/4
Epoch [2696/4000] | Avg Makespan: 274.75 | Actor Loss: -0.0007 | Critic Loss: 0.8896 | Grad Norm: 2.5527 | Clipped: 4/4
Epoch [2697/4000] | Avg Makespan: 276.75 | Actor Loss: -0.0082 | Critic Loss: 0.2338 | Grad Norm: 1.9859 | Clipped: 4/4
Epoch [2698/4000] | Avg Makespan: 265.75 | Actor Loss: -0.0031 | Critic Loss: 0.4155 | Grad Norm: 4.3554 | Clipped: 4/4
Epoch [2699/4000] | Avg Makespan: 266.25 | Actor Loss: -0.0052 | Critic Loss: 0.2969 | Grad Norm: 1.8441 | Clipped: 4/4
Epoch [2700/4000] | Avg Makespan: 259.25 | Actor Loss: -0.0047 | Critic Loss: 0.5520 | Grad Norm: 2.0386 | Clipped: 4/4
   -> Validation | Samples: 280 | Makespan: 579.70 | Invalid Jobs: 0.01 | Score: 593.99
   -> Saved updated training chart to /home/wei/Desktop/AMR-DFJSP/runs/20260827_083140_v10_B_s43/chart.png
Epoch [2701/4000] | Avg Makespan: 279.00 | Actor Loss: -0.0043 | Critic Loss: 0.2978 | Grad Norm: 1.8955 | Clipped: 4/4
Epoch [2702/4000] | Avg Makespan: 273.25 | Actor Loss: -0.0063 | Critic Loss: 0.4914 | Grad Norm: 1.4346 | Clipped: 4/4
Epoch [2703/4000] | Avg Makespan: 260.50 | Actor Loss: -0.0026 | Critic Loss: 0.3291 | Grad Norm: 2.6669 | Clipped: 4/4
Epoch [2704/4000] | Avg Makespan: 274.75 | Actor Loss: -0.0062 | Critic Loss: 0.1026 | Grad Norm: 1.3652 | Clipped: 3/4
Epoch [2705/4000] | Avg Makespan: 280.25 | Actor Loss: -0.0068 | Critic Loss: 0.2443 | Grad Norm: 1.2014 | Clipped: 4/4
Epoch [2706/4000] | Avg Makespan: 264.25 | Actor Loss: -0.0041 | Critic Loss: 0.2467 | Grad Norm: 1.5868 | Clipped: 4/4
Epoch [2707/4000] | Avg Makespan: 275.50 | Actor Loss: -0.0039 | Critic Loss: 0.1524 | Grad Norm: 2.9768 | Clipped: 4/4
Epoch [2708/4000] | Avg Makespan: 270.00 | Actor Loss: -0.0052 | Critic Loss: 0.4787 | Grad Norm: 2.1457 | Clipped: 4/4
Epoch [2709/4000] | Avg Makespan: 272.75 | Actor Loss: -0.0029 | Critic Loss: 0.3779 | Grad Norm: 2.2329 | Clipped: 4/4
Epoch [2710/4000] | Avg Makespan: 277.75 | Actor Loss: -0.0026 | Critic Loss: 0.2324 | Grad Norm: 1.9855 | Clipped: 4/4
Epoch [2711/4000] | Avg Makespan: 271.00 | Actor Loss: -0.0070 | Critic Loss: 0.1277 | Grad Norm: 1.3902 | Clipped: 4/4
Epoch [2712/4000] | Avg Makespan: 275.00 | Actor Loss: -0.0035 | Critic Loss: 0.1340 | Grad Norm: 2.1399 | Clipped: 4/4
Epoch [2713/4000] | Avg Makespan: 262.75 | Actor Loss: -0.0036 | Critic Loss: 0.5982 | Grad Norm: 1.8212 | Clipped: 4/4
Epoch [2714/4000] | Avg Makespan: 275.50 | Actor Loss: -0.0051 | Critic Loss: 0.2300 | Grad Norm: 1.4609 | Clipped: 4/4
Epoch [2715/4000] | Avg Makespan: 286.00 | Actor Loss: -0.0055 | Critic Loss: 0.5677 | Grad Norm: 2.5387 | Clipped: 4/4
Epoch [2716/4000] | Avg Makespan: 266.25 | Actor Loss: -0.0036 | Critic Loss: 0.2696 | Grad Norm: 2.0862 | Clipped: 4/4
Epoch [2717/4000] | Avg Makespan: 262.50 | Actor Loss: -0.0034 | Critic Loss: 0.3126 | Grad Norm: 2.0129 | Clipped: 4/4
Epoch [2718/4000] | Avg Makespan: 264.75 | Actor Loss: -0.0039 | Critic Loss: 0.2846 | Grad Norm: 2.6580 | Clipped: 4/4
Epoch [2719/4000] | Avg Makespan: 272.25 | Actor Loss: -0.0067 | Critic Loss: 0.2196 | Grad Norm: 1.6105 | Clipped: 4/4
Epoch [2720/4000] | Avg Makespan: 271.50 | Actor Loss: -0.0075 | Critic Loss: 0.2042 | Grad Norm: 1.6730 | Clipped: 4/4
Epoch [2721/4000] | Avg Makespan: 270.75 | Actor Loss: -0.0062 | Critic Loss: 0.1948 | Grad Norm: 1.3338 | Clipped: 4/4
Epoch [2722/4000] | Avg Makespan: 282.00 | Actor Loss: -0.0060 | Critic Loss: 0.5701 | Grad Norm: 2.0481 | Clipped: 3/4
Epoch [2723/4000] | Avg Makespan: 282.00 | Actor Loss: -0.0055 | Critic Loss: 0.1603 | Grad Norm: 1.2896 | Clipped: 3/4
Epoch [2724/4000] | Avg Makespan: 280.25 | Actor Loss: -0.0056 | Critic Loss: 0.2964 | Grad Norm: 1.3784 | Clipped: 4/4
Epoch [2725/4000] | Avg Makespan: 278.75 | Actor Loss: -0.0026 | Critic Loss: 0.5775 | Grad Norm: 2.1287 | Clipped: 4/4
Epoch [2726/4000] | Avg Makespan: 255.25 | Actor Loss: -0.0033 | Critic Loss: 0.8497 | Grad Norm: 2.6187 | Clipped: 4/4
Epoch [2727/4000] | Avg Makespan: 275.50 | Actor Loss: -0.0043 | Critic Loss: 0.1419 | Grad Norm: 1.9672 | Clipped: 4/4
Epoch [2728/4000] | Avg Makespan: 275.50 | Actor Loss: -0.0062 | Critic Loss: 0.1641 | Grad Norm: 1.1020 | Clipped: 2/4
Epoch [2729/4000] | Avg Makespan: 283.00 | Actor Loss: -0.0024 | Critic Loss: 0.5422 | Grad Norm: 1.6048 | Clipped: 4/4
Epoch [2730/4000] | Avg Makespan: 259.00 | Actor Loss: -0.0037 | Critic Loss: 0.4914 | Grad Norm: 2.3807 | Clipped: 4/4
Epoch [2731/4000] | Avg Makespan: 264.25 | Actor Loss: 0.0021 | Critic Loss: 0.2541 | Grad Norm: 3.1990 | Clipped: 4/4
Epoch [2732/4000] | Avg Makespan: 276.50 | Actor Loss: -0.0039 | Critic Loss: 0.2786 | Grad Norm: 2.4455 | Clipped: 4/4
Epoch [2733/4000] | Avg Makespan: 287.75 | Actor Loss: -0.0031 | Critic Loss: 0.2770 | Grad Norm: 1.9901 | Clipped: 4/4
Epoch [2734/4000] | Avg Makespan: 269.50 | Actor Loss: -0.0042 | Critic Loss: 0.1400 | Grad Norm: 1.6154 | Clipped: 4/4
Epoch [2735/4000] | Avg Makespan: 287.25 | Actor Loss: -0.0043 | Critic Loss: 0.4695 | Grad Norm: 1.9505 | Clipped: 4/4
Epoch [2736/4000] | Avg Makespan: 271.50 | Actor Loss: -0.0050 | Critic Loss: 0.1739 | Grad Norm: 1.5721 | Clipped: 4/4
Epoch [2737/4000] | Avg Makespan: 268.25 | Actor Loss: -0.0019 | Critic Loss: 0.3786 | Grad Norm: 1.9214 | Clipped: 4/4
Epoch [2738/4000] | Avg Makespan: 262.00 | Actor Loss: -0.0063 | Critic Loss: 0.2452 | Grad Norm: 1.2271 | Clipped: 3/4
Epoch [2739/4000] | Avg Makespan: 261.75 | Actor Loss: -0.0024 | Critic Loss: 0.3688 | Grad Norm: 1.8635 | Clipped: 4/4
Epoch [2740/4000] | Avg Makespan: 257.00 | Actor Loss: -0.0049 | Critic Loss: 0.3195 | Grad Norm: 1.3408 | Clipped: 4/4
Epoch [2741/4000] | Avg Makespan: 275.50 | Actor Loss: -0.0044 | Critic Loss: 0.1436 | Grad Norm: 1.6369 | Clipped: 4/4
Epoch [2742/4000] | Avg Makespan: 280.00 | Actor Loss: -0.0067 | Critic Loss: 0.3766 | Grad Norm: 1.5869 | Clipped: 4/4
Epoch [2743/4000] | Avg Makespan: 274.50 | Actor Loss: -0.0066 | Critic Loss: 0.3637 | Grad Norm: 1.6089 | Clipped: 4/4
Epoch [2744/4000] | Avg Makespan: 270.25 | Actor Loss: -0.0061 | Critic Loss: 0.2933 | Grad Norm: 1.4833 | Clipped: 4/4
Epoch [2745/4000] | Avg Makespan: 273.50 | Actor Loss: -0.0046 | Critic Loss: 0.4714 | Grad Norm: 1.6669 | Clipped: 4/4
Epoch [2746/4000] | Avg Makespan: 262.25 | Actor Loss: -0.0041 | Critic Loss: 0.8614 | Grad Norm: 1.8222 | Clipped: 4/4
Epoch [2747/4000] | Avg Makespan: 272.75 | Actor Loss: -0.0054 | Critic Loss: 0.2794 | Grad Norm: 1.4686 | Clipped: 4/4
Epoch [2748/4000] | Avg Makespan: 263.25 | Actor Loss: -0.0028 | Critic Loss: 0.4982 | Grad Norm: 1.5394 | Clipped: 4/4
Epoch [2749/4000] | Avg Makespan: 258.75 | Actor Loss: -0.0033 | Critic Loss: 0.4363 | Grad Norm: 1.6068 | Clipped: 4/4
Epoch [2750/4000] | Avg Makespan: 269.00 | Actor Loss: -0.0054 | Critic Loss: 0.3051 | Grad Norm: 1.3618 | Clipped: 4/4
Epoch [2751/4000] | Avg Makespan: 263.50 | Actor Loss: -0.0041 | Critic Loss: 0.2342 | Grad Norm: 4.1547 | Clipped: 4/4
Epoch [2752/4000] | Avg Makespan: 277.00 | Actor Loss: -0.0049 | Critic Loss: 0.6363 | Grad Norm: 1.8485 | Clipped: 4/4
Epoch [2753/4000] | Avg Makespan: 278.25 | Actor Loss: -0.0025 | Critic Loss: 0.2803 | Grad Norm: 1.4737 | Clipped: 4/4
Epoch [2754/4000] | Avg Makespan: 274.25 | Actor Loss: -0.0047 | Critic Loss: 0.6421 | Grad Norm: 1.7193 | Clipped: 4/4
Epoch [2755/4000] | Avg Makespan: 278.00 | Actor Loss: -0.0029 | Critic Loss: 0.4709 | Grad Norm: 2.1060 | Clipped: 4/4
Epoch [2756/4000] | Avg Makespan: 276.75 | Actor Loss: -0.0058 | Critic Loss: 0.2235 | Grad Norm: 1.3310 | Clipped: 2/4
Epoch [2757/4000] | Avg Makespan: 279.75 | Actor Loss: -0.0053 | Critic Loss: 0.1668 | Grad Norm: 1.7247 | Clipped: 4/4
Epoch [2758/4000] | Avg Makespan: 266.75 | Actor Loss: -0.0038 | Critic Loss: 0.3621 | Grad Norm: 1.7967 | Clipped: 4/4
Epoch [2759/4000] | Avg Makespan: 276.25 | Actor Loss: -0.0056 | Critic Loss: 0.4073 | Grad Norm: 1.4989 | Clipped: 4/4
Epoch [2760/4000] | Avg Makespan: 265.25 | Actor Loss: -0.0016 | Critic Loss: 0.4780 | Grad Norm: 2.4654 | Clipped: 4/4
Epoch [2761/4000] | Avg Makespan: 270.50 | Actor Loss: -0.0055 | Critic Loss: 0.2122 | Grad Norm: 1.6124 | Clipped: 4/4
Epoch [2762/4000] | Avg Makespan: 271.75 | Actor Loss: -0.0041 | Critic Loss: 0.1989 | Grad Norm: 1.9915 | Clipped: 4/4
Epoch [2763/4000] | Avg Makespan: 275.50 | Actor Loss: -0.0061 | Critic Loss: 0.4195 | Grad Norm: 1.8480 | Clipped: 4/4
Epoch [2764/4000] | Avg Makespan: 262.75 | Actor Loss: -0.0033 | Critic Loss: 0.5771 | Grad Norm: 1.5330 | Clipped: 4/4
Epoch [2765/4000] | Avg Makespan: 266.75 | Actor Loss: -0.0042 | Critic Loss: 0.2880 | Grad Norm: 1.5682 | Clipped: 4/4
Epoch [2766/4000] | Avg Makespan: 260.75 | Actor Loss: -0.0032 | Critic Loss: 0.1540 | Grad Norm: 1.8282 | Clipped: 4/4
Epoch [2767/4000] | Avg Makespan: 290.50 | Actor Loss: -0.0045 | Critic Loss: 0.8864 | Grad Norm: 1.4608 | Clipped: 4/4
Epoch [2768/4000] | Avg Makespan: 263.25 | Actor Loss: -0.0040 | Critic Loss: 0.3296 | Grad Norm: 1.5884 | Clipped: 4/4
Epoch [2769/4000] | Avg Makespan: 270.50 | Actor Loss: -0.0026 | Critic Loss: 0.1911 | Grad Norm: 1.8352 | Clipped: 4/4
Epoch [2770/4000] | Avg Makespan: 275.25 | Actor Loss: -0.0030 | Critic Loss: 0.6354 | Grad Norm: 1.3029 | Clipped: 3/4
Epoch [2771/4000] | Avg Makespan: 272.00 | Actor Loss: -0.0062 | Critic Loss: 0.2050 | Grad Norm: 1.0335 | Clipped: 3/4
Epoch [2772/4000] | Avg Makespan: 274.75 | Actor Loss: -0.0031 | Critic Loss: 0.1908 | Grad Norm: 1.6867 | Clipped: 4/4
Epoch [2773/4000] | Avg Makespan: 278.00 | Actor Loss: -0.0039 | Critic Loss: 0.1586 | Grad Norm: 1.5320 | Clipped: 3/4
Epoch [2774/4000] | Avg Makespan: 279.75 | Actor Loss: -0.0011 | Critic Loss: 0.2598 | Grad Norm: 2.3367 | Clipped: 4/4
Epoch [2775/4000] | Avg Makespan: 283.50 | Actor Loss: -0.0027 | Critic Loss: 0.1219 | Grad Norm: 1.7607 | Clipped: 4/4
Epoch [2776/4000] | Avg Makespan: 273.50 | Actor Loss: -0.0034 | Critic Loss: 0.3233 | Grad Norm: 1.7870 | Clipped: 4/4
Epoch [2777/4000] | Avg Makespan: 267.75 | Actor Loss: -0.0040 | Critic Loss: 0.4005 | Grad Norm: 1.8420 | Clipped: 4/4
Epoch [2778/4000] | Avg Makespan: 275.25 | Actor Loss: -0.0033 | Critic Loss: 0.3322 | Grad Norm: 1.3391 | Clipped: 3/4
Epoch [2779/4000] | Avg Makespan: 280.50 | Actor Loss: -0.0046 | Critic Loss: 0.4634 | Grad Norm: 1.7419 | Clipped: 4/4
Epoch [2780/4000] | Avg Makespan: 267.50 | Actor Loss: -0.0049 | Critic Loss: 0.2003 | Grad Norm: 1.4501 | Clipped: 4/4
Epoch [2781/4000] | Avg Makespan: 260.75 | Actor Loss: -0.0002 | Critic Loss: 0.5036 | Grad Norm: 2.8224 | Clipped: 4/4
Epoch [2782/4000] | Avg Makespan: 265.25 | Actor Loss: -0.0037 | Critic Loss: 0.4368 | Grad Norm: 1.8786 | Clipped: 4/4
Epoch [2783/4000] | Avg Makespan: 279.75 | Actor Loss: -0.0010 | Critic Loss: 0.5421 | Grad Norm: 2.0865 | Clipped: 4/4
Epoch [2784/4000] | Avg Makespan: 274.50 | Actor Loss: -0.0030 | Critic Loss: 0.3188 | Grad Norm: 2.0547 | Clipped: 4/4
Epoch [2785/4000] | Avg Makespan: 263.75 | Actor Loss: -0.0055 | Critic Loss: 0.3523 | Grad Norm: 1.6068 | Clipped: 4/4
Epoch [2786/4000] | Avg Makespan: 278.75 | Actor Loss: -0.0030 | Critic Loss: 1.0405 | Grad Norm: 2.9277 | Clipped: 4/4
Epoch [2787/4000] | Avg Makespan: 270.50 | Actor Loss: -0.0037 | Critic Loss: 0.3176 | Grad Norm: 1.8336 | Clipped: 4/4
Epoch [2788/4000] | Avg Makespan: 267.50 | Actor Loss: -0.0046 | Critic Loss: 0.4722 | Grad Norm: 1.4653 | Clipped: 4/4
Epoch [2789/4000] | Avg Makespan: 278.25 | Actor Loss: -0.0032 | Critic Loss: 0.1577 | Grad Norm: 1.6849 | Clipped: 4/4
Epoch [2790/4000] | Avg Makespan: 267.50 | Actor Loss: -0.0060 | Critic Loss: 0.5717 | Grad Norm: 1.5910 | Clipped: 4/4
Epoch [2791/4000] | Avg Makespan: 277.25 | Actor Loss: -0.0022 | Critic Loss: 0.2565 | Grad Norm: 1.6079 | Clipped: 4/4
Epoch [2792/4000] | Avg Makespan: 256.25 | Actor Loss: -0.0036 | Critic Loss: 0.3286 | Grad Norm: 2.4548 | Clipped: 4/4
Epoch [2793/4000] | Avg Makespan: 280.75 | Actor Loss: -0.0033 | Critic Loss: 0.5267 | Grad Norm: 2.2491 | Clipped: 4/4
Epoch [2794/4000] | Avg Makespan: 276.00 | Actor Loss: -0.0064 | Critic Loss: 0.4574 | Grad Norm: 1.6229 | Clipped: 4/4
Epoch [2795/4000] | Avg Makespan: 262.25 | Actor Loss: 0.0005 | Critic Loss: 0.3203 | Grad Norm: 1.8445 | Clipped: 4/4
Epoch [2796/4000] | Avg Makespan: 254.00 | Actor Loss: -0.0049 | Critic Loss: 0.7393 | Grad Norm: 2.1605 | Clipped: 4/4
Epoch [2797/4000] | Avg Makespan: 276.75 | Actor Loss: -0.0023 | Critic Loss: 0.2955 | Grad Norm: 1.7029 | Clipped: 4/4
Epoch [2798/4000] | Avg Makespan: 281.00 | Actor Loss: -0.0059 | Critic Loss: 0.6315 | Grad Norm: 2.1190 | Clipped: 4/4
Epoch [2799/4000] | Avg Makespan: 267.00 | Actor Loss: -0.0049 | Critic Loss: 0.4228 | Grad Norm: 1.7448 | Clipped: 4/4
Epoch [2800/4000] | Avg Makespan: 262.00 | Actor Loss: -0.0023 | Critic Loss: 0.3740 | Grad Norm: 2.0142 | Clipped: 4/4
   -> Validation | Samples: 280 | Makespan: 574.88 | Invalid Jobs: 0.01 | Score: 585.59
   -> Saved updated training chart to /home/wei/Desktop/AMR-DFJSP/runs/20260827_083140_v10_B_s43/chart.png
Epoch [2801/4000] | Avg Makespan: 278.00 | Actor Loss: -0.0043 | Critic Loss: 0.5390 | Grad Norm: 1.8939 | Clipped: 4/4
Epoch [2802/4000] | Avg Makespan: 274.00 | Actor Loss: -0.0060 | Critic Loss: 0.3402 | Grad Norm: 1.6221 | Clipped: 4/4
Epoch [2803/4000] | Avg Makespan: 283.25 | Actor Loss: -0.0012 | Critic Loss: 0.3968 | Grad Norm: 2.3640 | Clipped: 4/4
Epoch [2804/4000] | Avg Makespan: 266.00 | Actor Loss: -0.0046 | Critic Loss: 0.3981 | Grad Norm: 1.5460 | Clipped: 4/4
Epoch [2805/4000] | Avg Makespan: 263.50 | Actor Loss: -0.0030 | Critic Loss: 0.5822 | Grad Norm: 2.0881 | Clipped: 4/4
Epoch [2806/4000] | Avg Makespan: 276.50 | Actor Loss: -0.0044 | Critic Loss: 0.2044 | Grad Norm: 1.7847 | Clipped: 4/4
Epoch [2807/4000] | Avg Makespan: 282.00 | Actor Loss: -0.0056 | Critic Loss: 0.2831 | Grad Norm: 1.3606 | Clipped: 4/4
Epoch [2808/4000] | Avg Makespan: 275.75 | Actor Loss: -0.0054 | Critic Loss: 0.2709 | Grad Norm: 1.3182 | Clipped: 4/4
Epoch [2809/4000] | Avg Makespan: 267.00 | Actor Loss: -0.0050 | Critic Loss: 0.3322 | Grad Norm: 1.6269 | Clipped: 4/4
Epoch [2810/4000] | Avg Makespan: 279.75 | Actor Loss: -0.0014 | Critic Loss: 0.9894 | Grad Norm: 2.4984 | Clipped: 4/4
Epoch [2811/4000] | Avg Makespan: 279.25 | Actor Loss: -0.0066 | Critic Loss: 0.4505 | Grad Norm: 1.4555 | Clipped: 4/4
Epoch [2812/4000] | Avg Makespan: 272.50 | Actor Loss: -0.0019 | Critic Loss: 0.5688 | Grad Norm: 1.8629 | Clipped: 4/4
Epoch [2813/4000] | Avg Makespan: 265.25 | Actor Loss: -0.0037 | Critic Loss: 0.5500 | Grad Norm: 1.9552 | Clipped: 4/4
Epoch [2814/4000] | Avg Makespan: 273.25 | Actor Loss: -0.0061 | Critic Loss: 0.2270 | Grad Norm: 2.4474 | Clipped: 4/4
Epoch [2815/4000] | Avg Makespan: 256.25 | Actor Loss: -0.0057 | Critic Loss: 0.2972 | Grad Norm: 1.3974 | Clipped: 4/4
Epoch [2816/4000] | Avg Makespan: 263.25 | Actor Loss: -0.0054 | Critic Loss: 0.2416 | Grad Norm: 1.5186 | Clipped: 4/4
Epoch [2817/4000] | Avg Makespan: 275.75 | Actor Loss: -0.0037 | Critic Loss: 0.3286 | Grad Norm: 2.3737 | Clipped: 4/4
Epoch [2818/4000] | Avg Makespan: 270.50 | Actor Loss: -0.0050 | Critic Loss: 0.2838 | Grad Norm: 1.6180 | Clipped: 4/4
Epoch [2819/4000] | Avg Makespan: 272.25 | Actor Loss: -0.0051 | Critic Loss: 0.3253 | Grad Norm: 1.6216 | Clipped: 4/4
Epoch [2820/4000] | Avg Makespan: 269.00 | Actor Loss: -0.0035 | Critic Loss: 0.7077 | Grad Norm: 1.8844 | Clipped: 4/4
Epoch [2821/4000] | Avg Makespan: 271.50 | Actor Loss: -0.0069 | Critic Loss: 0.1947 | Grad Norm: 1.3930 | Clipped: 4/4
Epoch [2822/4000] | Avg Makespan: 270.00 | Actor Loss: -0.0033 | Critic Loss: 0.2522 | Grad Norm: 2.3766 | Clipped: 4/4
Epoch [2823/4000] | Avg Makespan: 279.75 | Actor Loss: -0.0053 | Critic Loss: 0.2446 | Grad Norm: 1.7284 | Clipped: 4/4
Epoch [2824/4000] | Avg Makespan: 271.75 | Actor Loss: -0.0032 | Critic Loss: 0.2784 | Grad Norm: 2.2221 | Clipped: 4/4
Epoch [2825/4000] | Avg Makespan: 282.75 | Actor Loss: -0.0041 | Critic Loss: 0.1992 | Grad Norm: 1.7137 | Clipped: 4/4
Epoch [2826/4000] | Avg Makespan: 263.75 | Actor Loss: -0.0042 | Critic Loss: 0.1582 | Grad Norm: 1.8007 | Clipped: 4/4
Epoch [2827/4000] | Avg Makespan: 276.25 | Actor Loss: -0.0051 | Critic Loss: 0.2844 | Grad Norm: 1.6999 | Clipped: 4/4
Epoch [2828/4000] | Avg Makespan: 273.00 | Actor Loss: -0.0032 | Critic Loss: 0.3267 | Grad Norm: 2.0587 | Clipped: 4/4
Epoch [2829/4000] | Avg Makespan: 267.25 | Actor Loss: -0.0071 | Critic Loss: 0.2987 | Grad Norm: 1.2841 | Clipped: 4/4
Epoch [2830/4000] | Avg Makespan: 276.75 | Actor Loss: -0.0029 | Critic Loss: 0.6124 | Grad Norm: 2.2791 | Clipped: 4/4
Epoch [2831/4000] | Avg Makespan: 261.00 | Actor Loss: -0.0059 | Critic Loss: 0.3810 | Grad Norm: 1.7813 | Clipped: 4/4
Epoch [2832/4000] | Avg Makespan: 259.50 | Actor Loss: -0.0049 | Critic Loss: 0.5093 | Grad Norm: 1.7770 | Clipped: 4/4
Epoch [2833/4000] | Avg Makespan: 275.25 | Actor Loss: -0.0017 | Critic Loss: 0.3022 | Grad Norm: 1.6872 | Clipped: 4/4
Epoch [2834/4000] | Avg Makespan: 273.75 | Actor Loss: -0.0032 | Critic Loss: 0.4095 | Grad Norm: 2.3593 | Clipped: 4/4
Epoch [2835/4000] | Avg Makespan: 274.50 | Actor Loss: -0.0059 | Critic Loss: 0.1805 | Grad Norm: 1.3033 | Clipped: 4/4
Epoch [2836/4000] | Avg Makespan: 278.50 | Actor Loss: -0.0022 | Critic Loss: 0.2984 | Grad Norm: 1.8649 | Clipped: 4/4
Epoch [2837/4000] | Avg Makespan: 255.25 | Actor Loss: -0.0035 | Critic Loss: 0.4870 | Grad Norm: 2.0351 | Clipped: 4/4
Epoch [2838/4000] | Avg Makespan: 276.50 | Actor Loss: -0.0045 | Critic Loss: 0.6299 | Grad Norm: 1.4644 | Clipped: 4/4
Epoch [2839/4000] | Avg Makespan: 275.00 | Actor Loss: -0.0019 | Critic Loss: 0.2691 | Grad Norm: 1.7501 | Clipped: 4/4
Epoch [2840/4000] | Avg Makespan: 262.50 | Actor Loss: -0.0037 | Critic Loss: 0.2275 | Grad Norm: 3.0008 | Clipped: 4/4
Epoch [2841/4000] | Avg Makespan: 272.75 | Actor Loss: -0.0058 | Critic Loss: 0.3851 | Grad Norm: 1.8494 | Clipped: 4/4
Epoch [2842/4000] | Avg Makespan: 269.75 | Actor Loss: -0.0019 | Critic Loss: 0.2253 | Grad Norm: 2.9488 | Clipped: 4/4
Epoch [2843/4000] | Avg Makespan: 268.50 | Actor Loss: -0.0039 | Critic Loss: 0.2223 | Grad Norm: 1.9949 | Clipped: 4/4
Epoch [2844/4000] | Avg Makespan: 271.50 | Actor Loss: -0.0043 | Critic Loss: 0.0932 | Grad Norm: 1.9123 | Clipped: 4/4
Epoch [2845/4000] | Avg Makespan: 273.25 | Actor Loss: -0.0043 | Critic Loss: 0.1572 | Grad Norm: 1.7178 | Clipped: 4/4
Epoch [2846/4000] | Avg Makespan: 264.75 | Actor Loss: -0.0047 | Critic Loss: 0.2472 | Grad Norm: 1.6316 | Clipped: 4/4
Epoch [2847/4000] | Avg Makespan: 272.00 | Actor Loss: -0.0029 | Critic Loss: 0.1549 | Grad Norm: 2.9278 | Clipped: 4/4
Epoch [2848/4000] | Avg Makespan: 276.75 | Actor Loss: -0.0032 | Critic Loss: 0.1213 | Grad Norm: 1.3213 | Clipped: 3/4
Epoch [2849/4000] | Avg Makespan: 267.00 | Actor Loss: -0.0050 | Critic Loss: 0.2348 | Grad Norm: 2.5121 | Clipped: 4/4
Epoch [2850/4000] | Avg Makespan: 277.00 | Actor Loss: -0.0046 | Critic Loss: 0.2335 | Grad Norm: 1.8275 | Clipped: 4/4
Epoch [2851/4000] | Avg Makespan: 273.50 | Actor Loss: -0.0034 | Critic Loss: 0.1180 | Grad Norm: 2.7515 | Clipped: 4/4
Epoch [2852/4000] | Avg Makespan: 268.50 | Actor Loss: -0.0035 | Critic Loss: 0.2532 | Grad Norm: 1.9949 | Clipped: 4/4
Epoch [2853/4000] | Avg Makespan: 260.00 | Actor Loss: -0.0035 | Critic Loss: 0.5544 | Grad Norm: 1.6221 | Clipped: 4/4
Epoch [2854/4000] | Avg Makespan: 275.25 | Actor Loss: -0.0063 | Critic Loss: 0.1976 | Grad Norm: 1.4332 | Clipped: 4/4
Epoch [2855/4000] | Avg Makespan: 270.00 | Actor Loss: -0.0038 | Critic Loss: 0.1111 | Grad Norm: 1.6193 | Clipped: 4/4
Epoch [2856/4000] | Avg Makespan: 261.50 | Actor Loss: -0.0003 | Critic Loss: 0.6901 | Grad Norm: 3.5990 | Clipped: 4/4
Epoch [2857/4000] | Avg Makespan: 264.25 | Actor Loss: -0.0035 | Critic Loss: 0.6603 | Grad Norm: 2.1156 | Clipped: 4/4
Epoch [2858/4000] | Avg Makespan: 275.00 | Actor Loss: -0.0035 | Critic Loss: 0.1898 | Grad Norm: 1.3523 | Clipped: 4/4
Epoch [2859/4000] | Avg Makespan: 272.75 | Actor Loss: -0.0045 | Critic Loss: 0.3136 | Grad Norm: 1.2295 | Clipped: 3/4
Epoch [2860/4000] | Avg Makespan: 267.75 | Actor Loss: -0.0037 | Critic Loss: 0.1971 | Grad Norm: 2.6212 | Clipped: 4/4
Epoch [2861/4000] | Avg Makespan: 264.75 | Actor Loss: -0.0033 | Critic Loss: 0.2377 | Grad Norm: 1.6869 | Clipped: 4/4
Epoch [2862/4000] | Avg Makespan: 273.00 | Actor Loss: -0.0057 | Critic Loss: 0.3437 | Grad Norm: 1.2723 | Clipped: 4/4
Epoch [2863/4000] | Avg Makespan: 274.50 | Actor Loss: 0.0010 | Critic Loss: 0.2401 | Grad Norm: 2.9972 | Clipped: 4/4
Epoch [2864/4000] | Avg Makespan: 273.25 | Actor Loss: -0.0050 | Critic Loss: 0.3828 | Grad Norm: 1.6509 | Clipped: 4/4
Epoch [2865/4000] | Avg Makespan: 272.00 | Actor Loss: -0.0067 | Critic Loss: 0.2672 | Grad Norm: 1.5944 | Clipped: 4/4
Epoch [2866/4000] | Avg Makespan: 257.75 | Actor Loss: -0.0046 | Critic Loss: 0.2198 | Grad Norm: 1.4590 | Clipped: 4/4
Epoch [2867/4000] | Avg Makespan: 267.50 | Actor Loss: -0.0034 | Critic Loss: 0.3947 | Grad Norm: 1.9010 | Clipped: 4/4
Epoch [2868/4000] | Avg Makespan: 261.50 | Actor Loss: -0.0051 | Critic Loss: 0.2777 | Grad Norm: 1.4238 | Clipped: 4/4
Epoch [2869/4000] | Avg Makespan: 250.50 | Actor Loss: -0.0025 | Critic Loss: 0.3786 | Grad Norm: 1.7342 | Clipped: 4/4
Epoch [2870/4000] | Avg Makespan: 262.25 | Actor Loss: -0.0074 | Critic Loss: 0.2240 | Grad Norm: 2.1784 | Clipped: 4/4
Epoch [2871/4000] | Avg Makespan: 272.25 | Actor Loss: -0.0050 | Critic Loss: 0.5504 | Grad Norm: 2.1106 | Clipped: 4/4
Epoch [2872/4000] | Avg Makespan: 256.00 | Actor Loss: -0.0031 | Critic Loss: 0.4011 | Grad Norm: 1.8111 | Clipped: 4/4
Epoch [2873/4000] | Avg Makespan: 258.50 | Actor Loss: -0.0001 | Critic Loss: 0.3101 | Grad Norm: 3.1959 | Clipped: 4/4
Epoch [2874/4000] | Avg Makespan: 280.00 | Actor Loss: -0.0021 | Critic Loss: 0.3324 | Grad Norm: 2.0116 | Clipped: 4/4
Epoch [2875/4000] | Avg Makespan: 280.25 | Actor Loss: -0.0038 | Critic Loss: 0.3582 | Grad Norm: 1.5736 | Clipped: 4/4
Epoch [2876/4000] | Avg Makespan: 283.25 | Actor Loss: -0.0036 | Critic Loss: 0.6578 | Grad Norm: 2.0483 | Clipped: 3/4
Epoch [2877/4000] | Avg Makespan: 279.75 | Actor Loss: -0.0040 | Critic Loss: 0.2164 | Grad Norm: 1.9190 | Clipped: 4/4
Epoch [2878/4000] | Avg Makespan: 260.50 | Actor Loss: -0.0017 | Critic Loss: 0.5516 | Grad Norm: 2.2057 | Clipped: 4/4
Epoch [2879/4000] | Avg Makespan: 272.00 | Actor Loss: -0.0031 | Critic Loss: 0.2995 | Grad Norm: 1.7467 | Clipped: 4/4
Epoch [2880/4000] | Avg Makespan: 275.25 | Actor Loss: -0.0044 | Critic Loss: 0.2431 | Grad Norm: 1.1638 | Clipped: 3/4
Epoch [2881/4000] | Avg Makespan: 282.00 | Actor Loss: -0.0040 | Critic Loss: 0.2579 | Grad Norm: 1.3313 | Clipped: 4/4
Epoch [2882/4000] | Avg Makespan: 259.00 | Actor Loss: -0.0032 | Critic Loss: 0.2955 | Grad Norm: 1.5264 | Clipped: 4/4
Epoch [2883/4000] | Avg Makespan: 259.50 | Actor Loss: -0.0041 | Critic Loss: 0.4786 | Grad Norm: 1.8251 | Clipped: 3/4
Epoch [2884/4000] | Avg Makespan: 261.00 | Actor Loss: -0.0064 | Critic Loss: 0.2966 | Grad Norm: 1.2139 | Clipped: 3/4
Epoch [2885/4000] | Avg Makespan: 280.75 | Actor Loss: -0.0016 | Critic Loss: 0.3957 | Grad Norm: 1.8049 | Clipped: 4/4
Epoch [2886/4000] | Avg Makespan: 271.25 | Actor Loss: -0.0055 | Critic Loss: 0.4445 | Grad Norm: 1.3060 | Clipped: 4/4
Epoch [2887/4000] | Avg Makespan: 276.00 | Actor Loss: -0.0034 | Critic Loss: 0.2952 | Grad Norm: 2.2666 | Clipped: 4/4
Epoch [2888/4000] | Avg Makespan: 255.25 | Actor Loss: 0.0053 | Critic Loss: 0.3590 | Grad Norm: 3.9755 | Clipped: 4/4
Epoch [2889/4000] | Avg Makespan: 275.75 | Actor Loss: -0.0015 | Critic Loss: 0.2057 | Grad Norm: 1.7348 | Clipped: 4/4
Epoch [2890/4000] | Avg Makespan: 272.25 | Actor Loss: -0.0060 | Critic Loss: 0.3803 | Grad Norm: 1.8914 | Clipped: 4/4
Epoch [2891/4000] | Avg Makespan: 269.00 | Actor Loss: -0.0038 | Critic Loss: 0.1831 | Grad Norm: 1.4429 | Clipped: 4/4
Epoch [2892/4000] | Avg Makespan: 279.25 | Actor Loss: -0.0035 | Critic Loss: 0.1444 | Grad Norm: 2.3788 | Clipped: 4/4
Epoch [2893/4000] | Avg Makespan: 261.75 | Actor Loss: -0.0032 | Critic Loss: 0.2753 | Grad Norm: 1.8047 | Clipped: 4/4
Epoch [2894/4000] | Avg Makespan: 261.25 | Actor Loss: -0.0005 | Critic Loss: 0.4315 | Grad Norm: 2.4152 | Clipped: 4/4
Epoch [2895/4000] | Avg Makespan: 270.00 | Actor Loss: -0.0045 | Critic Loss: 0.4753 | Grad Norm: 1.7648 | Clipped: 4/4
Epoch [2896/4000] | Avg Makespan: 272.75 | Actor Loss: -0.0045 | Critic Loss: 0.1588 | Grad Norm: 1.5976 | Clipped: 4/4
Epoch [2897/4000] | Avg Makespan: 284.25 | Actor Loss: -0.0056 | Critic Loss: 0.3913 | Grad Norm: 1.4405 | Clipped: 4/4
Epoch [2898/4000] | Avg Makespan: 287.00 | Actor Loss: -0.0024 | Critic Loss: 0.3828 | Grad Norm: 1.8445 | Clipped: 4/4
Epoch [2899/4000] | Avg Makespan: 262.75 | Actor Loss: -0.0018 | Critic Loss: 0.6820 | Grad Norm: 2.2270 | Clipped: 4/4
Epoch [2900/4000] | Avg Makespan: 264.25 | Actor Loss: -0.0048 | Critic Loss: 0.3231 | Grad Norm: 1.7112 | Clipped: 3/4
   -> Validation | Samples: 280 | Makespan: 568.33 | Invalid Jobs: 0.00 | Score: 571.90
   -> Saved updated training chart to /home/wei/Desktop/AMR-DFJSP/runs/20260827_083140_v10_B_s43/chart.png
Epoch [2901/4000] | Avg Makespan: 267.75 | Actor Loss: -0.0052 | Critic Loss: 0.3385 | Grad Norm: 1.8614 | Clipped: 4/4
Epoch [2902/4000] | Avg Makespan: 256.50 | Actor Loss: -0.0035 | Critic Loss: 0.2074 | Grad Norm: 1.2144 | Clipped: 2/4
Epoch [2903/4000] | Avg Makespan: 280.00 | Actor Loss: -0.0027 | Critic Loss: 0.3439 | Grad Norm: 2.1866 | Clipped: 4/4
Epoch [2904/4000] | Avg Makespan: 259.00 | Actor Loss: -0.0031 | Critic Loss: 0.3280 | Grad Norm: 2.4229 | Clipped: 4/4
Epoch [2905/4000] | Avg Makespan: 270.75 | Actor Loss: -0.0040 | Critic Loss: 0.1734 | Grad Norm: 1.5061 | Clipped: 4/4
Epoch [2906/4000] | Avg Makespan: 246.25 | Actor Loss: -0.0049 | Critic Loss: 0.1701 | Grad Norm: 1.4909 | Clipped: 4/4
Epoch [2907/4000] | Avg Makespan: 253.25 | Actor Loss: -0.0082 | Critic Loss: 0.1428 | Grad Norm: 1.8823 | Clipped: 3/4
Epoch [2908/4000] | Avg Makespan: 283.75 | Actor Loss: -0.0010 | Critic Loss: 1.0712 | Grad Norm: 2.8554 | Clipped: 4/4
Epoch [2909/4000] | Avg Makespan: 262.25 | Actor Loss: -0.0023 | Critic Loss: 0.3451 | Grad Norm: 1.9158 | Clipped: 4/4
Epoch [2910/4000] | Avg Makespan: 284.50 | Actor Loss: -0.0037 | Critic Loss: 0.0962 | Grad Norm: 1.4099 | Clipped: 4/4
Epoch [2911/4000] | Avg Makespan: 259.75 | Actor Loss: -0.0050 | Critic Loss: 0.4875 | Grad Norm: 1.8690 | Clipped: 4/4
Epoch [2912/4000] | Avg Makespan: 257.50 | Actor Loss: -0.0025 | Critic Loss: 0.3870 | Grad Norm: 1.8510 | Clipped: 4/4
Epoch [2913/4000] | Avg Makespan: 271.25 | Actor Loss: -0.0057 | Critic Loss: 0.1776 | Grad Norm: 1.3372 | Clipped: 4/4
Epoch [2914/4000] | Avg Makespan: 278.00 | Actor Loss: -0.0017 | Critic Loss: 0.5164 | Grad Norm: 2.0082 | Clipped: 4/4
Epoch [2915/4000] | Avg Makespan: 272.75 | Actor Loss: -0.0012 | Critic Loss: 1.1246 | Grad Norm: 2.4501 | Clipped: 4/4
Epoch [2916/4000] | Avg Makespan: 260.25 | Actor Loss: -0.0049 | Critic Loss: 0.2765 | Grad Norm: 2.0932 | Clipped: 4/4
Epoch [2917/4000] | Avg Makespan: 263.00 | Actor Loss: -0.0053 | Critic Loss: 0.5547 | Grad Norm: 1.7503 | Clipped: 4/4
Epoch [2918/4000] | Avg Makespan: 280.00 | Actor Loss: -0.0023 | Critic Loss: 0.5519 | Grad Norm: 3.1789 | Clipped: 4/4
Epoch [2919/4000] | Avg Makespan: 265.00 | Actor Loss: -0.0027 | Critic Loss: 0.2679 | Grad Norm: 1.9139 | Clipped: 4/4
Epoch [2920/4000] | Avg Makespan: 277.50 | Actor Loss: -0.0045 | Critic Loss: 0.1013 | Grad Norm: 3.1190 | Clipped: 4/4
Epoch [2921/4000] | Avg Makespan: 259.75 | Actor Loss: -0.0026 | Critic Loss: 0.2572 | Grad Norm: 2.2266 | Clipped: 4/4
Epoch [2922/4000] | Avg Makespan: 273.75 | Actor Loss: 0.0017 | Critic Loss: 0.3355 | Grad Norm: 2.3386 | Clipped: 4/4
Epoch [2923/4000] | Avg Makespan: 272.75 | Actor Loss: -0.0030 | Critic Loss: 0.9219 | Grad Norm: 2.1053 | Clipped: 4/4
Epoch [2924/4000] | Avg Makespan: 283.00 | Actor Loss: -0.0018 | Critic Loss: 0.3064 | Grad Norm: 1.8398 | Clipped: 4/4
Epoch [2925/4000] | Avg Makespan: 269.25 | Actor Loss: -0.0048 | Critic Loss: 0.3054 | Grad Norm: 2.1666 | Clipped: 4/4
Epoch [2926/4000] | Avg Makespan: 270.25 | Actor Loss: -0.0022 | Critic Loss: 0.2593 | Grad Norm: 2.0301 | Clipped: 4/4
Epoch [2927/4000] | Avg Makespan: 261.50 | Actor Loss: -0.0026 | Critic Loss: 0.2906 | Grad Norm: 2.0795 | Clipped: 4/4
Epoch [2928/4000] | Avg Makespan: 267.75 | Actor Loss: -0.0046 | Critic Loss: 0.4208 | Grad Norm: 2.0395 | Clipped: 4/4
Epoch [2929/4000] | Avg Makespan: 259.75 | Actor Loss: -0.0040 | Critic Loss: 0.4716 | Grad Norm: 1.9917 | Clipped: 4/4
Epoch [2930/4000] | Avg Makespan: 271.25 | Actor Loss: -0.0031 | Critic Loss: 0.3372 | Grad Norm: 1.9553 | Clipped: 4/4
Epoch [2931/4000] | Avg Makespan: 277.00 | Actor Loss: -0.0000 | Critic Loss: 0.2259 | Grad Norm: 3.7450 | Clipped: 4/4
Epoch [2932/4000] | Avg Makespan: 258.50 | Actor Loss: 0.0002 | Critic Loss: 0.3071 | Grad Norm: 2.8444 | Clipped: 4/4
Epoch [2933/4000] | Avg Makespan: 259.25 | Actor Loss: -0.0047 | Critic Loss: 0.1921 | Grad Norm: 1.3703 | Clipped: 4/4
Epoch [2934/4000] | Avg Makespan: 267.50 | Actor Loss: -0.0029 | Critic Loss: 0.5723 | Grad Norm: 1.7092 | Clipped: 4/4
Epoch [2935/4000] | Avg Makespan: 272.75 | Actor Loss: -0.0037 | Critic Loss: 0.3072 | Grad Norm: 2.5468 | Clipped: 4/4
Epoch [2936/4000] | Avg Makespan: 274.75 | Actor Loss: -0.0055 | Critic Loss: 0.3172 | Grad Norm: 2.7865 | Clipped: 4/4
Epoch [2937/4000] | Avg Makespan: 270.00 | Actor Loss: -0.0049 | Critic Loss: 0.1663 | Grad Norm: 1.3378 | Clipped: 3/4
Epoch [2938/4000] | Avg Makespan: 284.75 | Actor Loss: -0.0025 | Critic Loss: 0.7819 | Grad Norm: 2.5024 | Clipped: 4/4
Epoch [2939/4000] | Avg Makespan: 270.25 | Actor Loss: -0.0016 | Critic Loss: 0.3257 | Grad Norm: 2.9721 | Clipped: 4/4
Epoch [2940/4000] | Avg Makespan: 281.25 | Actor Loss: -0.0066 | Critic Loss: 0.1585 | Grad Norm: 1.4934 | Clipped: 4/4
Epoch [2941/4000] | Avg Makespan: 263.00 | Actor Loss: -0.0007 | Critic Loss: 0.3097 | Grad Norm: 3.7209 | Clipped: 4/4
Epoch [2942/4000] | Avg Makespan: 276.25 | Actor Loss: -0.0049 | Critic Loss: 0.1485 | Grad Norm: 2.0830 | Clipped: 4/4
Epoch [2943/4000] | Avg Makespan: 274.25 | Actor Loss: -0.0026 | Critic Loss: 0.4995 | Grad Norm: 1.8635 | Clipped: 4/4
Epoch [2944/4000] | Avg Makespan: 263.75 | Actor Loss: -0.0036 | Critic Loss: 0.3199 | Grad Norm: 1.8412 | Clipped: 4/4
Epoch [2945/4000] | Avg Makespan: 269.75 | Actor Loss: -0.0032 | Critic Loss: 0.5808 | Grad Norm: 1.5763 | Clipped: 4/4
Epoch [2946/4000] | Avg Makespan: 263.75 | Actor Loss: -0.0018 | Critic Loss: 0.1382 | Grad Norm: 2.5620 | Clipped: 4/4
Epoch [2947/4000] | Avg Makespan: 276.50 | Actor Loss: -0.0038 | Critic Loss: 0.1433 | Grad Norm: 1.2883 | Clipped: 4/4
Epoch [2948/4000] | Avg Makespan: 254.50 | Actor Loss: -0.0047 | Critic Loss: 0.3168 | Grad Norm: 1.7248 | Clipped: 4/4
Epoch [2949/4000] | Avg Makespan: 263.75 | Actor Loss: -0.0013 | Critic Loss: 0.2040 | Grad Norm: 3.2686 | Clipped: 4/4
Epoch [2950/4000] | Avg Makespan: 274.00 | Actor Loss: -0.0028 | Critic Loss: 0.4720 | Grad Norm: 2.1318 | Clipped: 4/4
Epoch [2951/4000] | Avg Makespan: 269.75 | Actor Loss: -0.0034 | Critic Loss: 0.3635 | Grad Norm: 2.7446 | Clipped: 4/4
Epoch [2952/4000] | Avg Makespan: 259.25 | Actor Loss: 0.0022 | Critic Loss: 0.2626 | Grad Norm: 3.2264 | Clipped: 4/4
Epoch [2953/4000] | Avg Makespan: 265.00 | Actor Loss: -0.0014 | Critic Loss: 0.3119 | Grad Norm: 3.3188 | Clipped: 4/4
Epoch [2954/4000] | Avg Makespan: 272.75 | Actor Loss: -0.0038 | Critic Loss: 0.2354 | Grad Norm: 1.2770 | Clipped: 4/4
Epoch [2955/4000] | Avg Makespan: 278.00 | Actor Loss: -0.0035 | Critic Loss: 0.3282 | Grad Norm: 2.0222 | Clipped: 4/4
Epoch [2956/4000] | Avg Makespan: 265.75 | Actor Loss: -0.0035 | Critic Loss: 0.2365 | Grad Norm: 2.5152 | Clipped: 4/4
Epoch [2957/4000] | Avg Makespan: 258.25 | Actor Loss: -0.0003 | Critic Loss: 0.3188 | Grad Norm: 3.6230 | Clipped: 4/4
Epoch [2958/4000] | Avg Makespan: 265.25 | Actor Loss: -0.0010 | Critic Loss: 0.2824 | Grad Norm: 2.8822 | Clipped: 4/4
Epoch [2959/4000] | Avg Makespan: 249.25 | Actor Loss: -0.0026 | Critic Loss: 0.1665 | Grad Norm: 2.0301 | Clipped: 4/4
Epoch [2960/4000] | Avg Makespan: 276.50 | Actor Loss: -0.0008 | Critic Loss: 0.3433 | Grad Norm: 2.5306 | Clipped: 4/4
Epoch [2961/4000] | Avg Makespan: 263.00 | Actor Loss: 0.0011 | Critic Loss: 0.4597 | Grad Norm: 3.5210 | Clipped: 4/4
Epoch [2962/4000] | Avg Makespan: 248.25 | Actor Loss: 0.0030 | Critic Loss: 0.2377 | Grad Norm: 2.3229 | Clipped: 4/4
Epoch [2963/4000] | Avg Makespan: 259.25 | Actor Loss: -0.0031 | Critic Loss: 0.2503 | Grad Norm: 1.9670 | Clipped: 4/4
Epoch [2964/4000] | Avg Makespan: 276.00 | Actor Loss: -0.0069 | Critic Loss: 0.2143 | Grad Norm: 2.3371 | Clipped: 4/4
Epoch [2965/4000] | Avg Makespan: 259.00 | Actor Loss: -0.0041 | Critic Loss: 0.3694 | Grad Norm: 1.6924 | Clipped: 4/4
Epoch [2966/4000] | Avg Makespan: 255.00 | Actor Loss: -0.0025 | Critic Loss: 0.3827 | Grad Norm: 2.1639 | Clipped: 4/4
Epoch [2967/4000] | Avg Makespan: 276.75 | Actor Loss: -0.0017 | Critic Loss: 0.3277 | Grad Norm: 1.7459 | Clipped: 4/4
Epoch [2968/4000] | Avg Makespan: 259.75 | Actor Loss: -0.0028 | Critic Loss: 0.5075 | Grad Norm: 2.5118 | Clipped: 4/4
Epoch [2969/4000] | Avg Makespan: 266.50 | Actor Loss: -0.0025 | Critic Loss: 0.4411 | Grad Norm: 2.1067 | Clipped: 4/4
Epoch [2970/4000] | Avg Makespan: 273.00 | Actor Loss: 0.0030 | Critic Loss: 0.1966 | Grad Norm: 3.3565 | Clipped: 4/4
Epoch [2971/4000] | Avg Makespan: 278.50 | Actor Loss: -0.0017 | Critic Loss: 0.4597 | Grad Norm: 3.0729 | Clipped: 4/4
Epoch [2972/4000] | Avg Makespan: 275.00 | Actor Loss: -0.0020 | Critic Loss: 0.3098 | Grad Norm: 1.6954 | Clipped: 4/4
Epoch [2973/4000] | Avg Makespan: 265.25 | Actor Loss: -0.0038 | Critic Loss: 0.3011 | Grad Norm: 1.9863 | Clipped: 4/4
Epoch [2974/4000] | Avg Makespan: 268.25 | Actor Loss: -0.0014 | Critic Loss: 0.9100 | Grad Norm: 2.8202 | Clipped: 4/4
Epoch [2975/4000] | Avg Makespan: 272.75 | Actor Loss: -0.0045 | Critic Loss: 0.9104 | Grad Norm: 1.9047 | Clipped: 4/4
Epoch [2976/4000] | Avg Makespan: 264.25 | Actor Loss: -0.0034 | Critic Loss: 0.3947 | Grad Norm: 1.6081 | Clipped: 4/4
Epoch [2977/4000] | Avg Makespan: 261.00 | Actor Loss: -0.0037 | Critic Loss: 0.3914 | Grad Norm: 2.1906 | Clipped: 4/4
Epoch [2978/4000] | Avg Makespan: 264.25 | Actor Loss: -0.0024 | Critic Loss: 0.2432 | Grad Norm: 1.4164 | Clipped: 4/4
Epoch [2979/4000] | Avg Makespan: 262.25 | Actor Loss: 0.0015 | Critic Loss: 0.2872 | Grad Norm: 4.2514 | Clipped: 4/4
Epoch [2980/4000] | Avg Makespan: 265.50 | Actor Loss: -0.0042 | Critic Loss: 0.3163 | Grad Norm: 1.6631 | Clipped: 4/4
Epoch [2981/4000] | Avg Makespan: 272.75 | Actor Loss: -0.0034 | Critic Loss: 0.3544 | Grad Norm: 2.2909 | Clipped: 4/4
Epoch [2982/4000] | Avg Makespan: 257.25 | Actor Loss: -0.0001 | Critic Loss: 0.1861 | Grad Norm: 4.3968 | Clipped: 4/4
Epoch [2983/4000] | Avg Makespan: 258.75 | Actor Loss: -0.0044 | Critic Loss: 0.1976 | Grad Norm: 1.5249 | Clipped: 4/4
Epoch [2984/4000] | Avg Makespan: 267.00 | Actor Loss: -0.0029 | Critic Loss: 0.2432 | Grad Norm: 3.6859 | Clipped: 4/4
Epoch [2985/4000] | Avg Makespan: 265.50 | Actor Loss: -0.0045 | Critic Loss: 0.1926 | Grad Norm: 1.3711 | Clipped: 4/4
Epoch [2986/4000] | Avg Makespan: 265.25 | Actor Loss: -0.0052 | Critic Loss: 0.3739 | Grad Norm: 1.2829 | Clipped: 3/4
Epoch [2987/4000] | Avg Makespan: 273.75 | Actor Loss: -0.0038 | Critic Loss: 0.2340 | Grad Norm: 1.2980 | Clipped: 3/4
Epoch [2988/4000] | Avg Makespan: 276.00 | Actor Loss: -0.0051 | Critic Loss: 0.1113 | Grad Norm: 1.2276 | Clipped: 3/4
Epoch [2989/4000] | Avg Makespan: 266.50 | Actor Loss: -0.0046 | Critic Loss: 0.3502 | Grad Norm: 1.6584 | Clipped: 4/4
Epoch [2990/4000] | Avg Makespan: 271.75 | Actor Loss: -0.0023 | Critic Loss: 0.1708 | Grad Norm: 1.9976 | Clipped: 4/4
Epoch [2991/4000] | Avg Makespan: 250.25 | Actor Loss: -0.0028 | Critic Loss: 0.6797 | Grad Norm: 2.4308 | Clipped: 4/4
Epoch [2992/4000] | Avg Makespan: 269.75 | Actor Loss: -0.0037 | Critic Loss: 0.5161 | Grad Norm: 1.5003 | Clipped: 3/4
Epoch [2993/4000] | Avg Makespan: 275.75 | Actor Loss: -0.0023 | Critic Loss: 0.2936 | Grad Norm: 1.4979 | Clipped: 4/4
Epoch [2994/4000] | Avg Makespan: 272.00 | Actor Loss: -0.0037 | Critic Loss: 0.1874 | Grad Norm: 1.6623 | Clipped: 3/4
Epoch [2995/4000] | Avg Makespan: 273.50 | Actor Loss: -0.0041 | Critic Loss: 0.3882 | Grad Norm: 1.6640 | Clipped: 3/4
Epoch [2996/4000] | Avg Makespan: 276.25 | Actor Loss: -0.0042 | Critic Loss: 0.4917 | Grad Norm: 1.1389 | Clipped: 2/4
Epoch [2997/4000] | Avg Makespan: 276.25 | Actor Loss: -0.0023 | Critic Loss: 0.1215 | Grad Norm: 1.4334 | Clipped: 4/4
Epoch [2998/4000] | Avg Makespan: 275.00 | Actor Loss: -0.0049 | Critic Loss: 0.1563 | Grad Norm: 1.4115 | Clipped: 3/4
Epoch [2999/4000] | Avg Makespan: 272.00 | Actor Loss: -0.0037 | Critic Loss: 0.3200 | Grad Norm: 1.4307 | Clipped: 4/4
Epoch [3000/4000] | Avg Makespan: 257.50 | Actor Loss: -0.0049 | Critic Loss: 0.4135 | Grad Norm: 1.7966 | Clipped: 4/4
   -> Validation | Samples: 280 | Makespan: 563.08 | Invalid Jobs: 0.01 | Score: 573.79
   -> Saved updated training chart to /home/wei/Desktop/AMR-DFJSP/runs/20260827_083140_v10_B_s43/chart.png
Epoch [3001/4000] | Avg Makespan: 271.25 | Actor Loss: -0.0041 | Critic Loss: 0.3167 | Grad Norm: 1.4072 | Clipped: 4/4
Epoch [3002/4000] | Avg Makespan: 270.00 | Actor Loss: -0.0036 | Critic Loss: 0.1683 | Grad Norm: 1.3352 | Clipped: 4/4
Epoch [3003/4000] | Avg Makespan: 274.25 | Actor Loss: -0.0042 | Critic Loss: 0.2429 | Grad Norm: 1.7398 | Clipped: 4/4
Epoch [3004/4000] | Avg Makespan: 270.25 | Actor Loss: -0.0043 | Critic Loss: 0.1155 | Grad Norm: 1.3444 | Clipped: 3/4
Epoch [3005/4000] | Avg Makespan: 270.75 | Actor Loss: -0.0041 | Critic Loss: 0.1784 | Grad Norm: 1.7863 | Clipped: 4/4
Epoch [3006/4000] | Avg Makespan: 279.50 | Actor Loss: -0.0045 | Critic Loss: 0.2997 | Grad Norm: 2.1056 | Clipped: 4/4
Epoch [3007/4000] | Avg Makespan: 265.50 | Actor Loss: -0.0028 | Critic Loss: 0.2870 | Grad Norm: 2.3754 | Clipped: 4/4
Epoch [3008/4000] | Avg Makespan: 270.00 | Actor Loss: -0.0032 | Critic Loss: 0.2681 | Grad Norm: 2.6287 | Clipped: 4/4
Epoch [3009/4000] | Avg Makespan: 276.00 | Actor Loss: -0.0050 | Critic Loss: 0.2411 | Grad Norm: 1.4062 | Clipped: 3/4
Epoch [3010/4000] | Avg Makespan: 262.00 | Actor Loss: -0.0052 | Critic Loss: 0.1949 | Grad Norm: 1.4185 | Clipped: 4/4
Epoch [3011/4000] | Avg Makespan: 268.50 | Actor Loss: -0.0046 | Critic Loss: 0.2137 | Grad Norm: 1.4208 | Clipped: 4/4
Epoch [3012/4000] | Avg Makespan: 255.25 | Actor Loss: -0.0060 | Critic Loss: 0.3131 | Grad Norm: 1.3636 | Clipped: 4/4
Epoch [3013/4000] | Avg Makespan: 277.25 | Actor Loss: -0.0065 | Critic Loss: 0.2120 | Grad Norm: 1.8454 | Clipped: 4/4
Epoch [3014/4000] | Avg Makespan: 276.50 | Actor Loss: -0.0011 | Critic Loss: 0.6821 | Grad Norm: 2.8158 | Clipped: 4/4
Epoch [3015/4000] | Avg Makespan: 273.75 | Actor Loss: -0.0037 | Critic Loss: 0.6854 | Grad Norm: 1.5319 | Clipped: 4/4
Epoch [3016/4000] | Avg Makespan: 270.25 | Actor Loss: -0.0044 | Critic Loss: 0.4743 | Grad Norm: 1.6882 | Clipped: 4/4
Epoch [3017/4000] | Avg Makespan: 270.25 | Actor Loss: -0.0048 | Critic Loss: 0.2569 | Grad Norm: 1.5311 | Clipped: 4/4
Epoch [3018/4000] | Avg Makespan: 276.75 | Actor Loss: -0.0047 | Critic Loss: 0.0784 | Grad Norm: 1.2509 | Clipped: 4/4
Epoch [3019/4000] | Avg Makespan: 267.50 | Actor Loss: -0.0017 | Critic Loss: 0.3019 | Grad Norm: 1.8960 | Clipped: 4/4
Epoch [3020/4000] | Avg Makespan: 276.00 | Actor Loss: -0.0044 | Critic Loss: 0.2612 | Grad Norm: 1.7465 | Clipped: 4/4
Epoch [3021/4000] | Avg Makespan: 278.25 | Actor Loss: -0.0052 | Critic Loss: 0.2603 | Grad Norm: 1.3129 | Clipped: 4/4
Epoch [3022/4000] | Avg Makespan: 271.75 | Actor Loss: -0.0019 | Critic Loss: 0.1863 | Grad Norm: 2.9955 | Clipped: 4/4
Epoch [3023/4000] | Avg Makespan: 263.25 | Actor Loss: -0.0044 | Critic Loss: 0.4126 | Grad Norm: 1.8724 | Clipped: 4/4
Epoch [3024/4000] | Avg Makespan: 270.00 | Actor Loss: -0.0043 | Critic Loss: 0.3026 | Grad Norm: 1.3723 | Clipped: 4/4
Epoch [3025/4000] | Avg Makespan: 260.00 | Actor Loss: -0.0035 | Critic Loss: 0.2750 | Grad Norm: 1.3209 | Clipped: 3/4
Epoch [3026/4000] | Avg Makespan: 255.25 | Actor Loss: -0.0035 | Critic Loss: 0.3724 | Grad Norm: 1.8973 | Clipped: 4/4
Epoch [3027/4000] | Avg Makespan: 260.50 | Actor Loss: -0.0047 | Critic Loss: 0.1404 | Grad Norm: 2.0042 | Clipped: 4/4
Epoch [3028/4000] | Avg Makespan: 270.00 | Actor Loss: -0.0047 | Critic Loss: 0.1704 | Grad Norm: 1.6763 | Clipped: 4/4
Epoch [3029/4000] | Avg Makespan: 269.00 | Actor Loss: -0.0016 | Critic Loss: 0.3148 | Grad Norm: 1.9743 | Clipped: 4/4
Epoch [3030/4000] | Avg Makespan: 245.75 | Actor Loss: -0.0027 | Critic Loss: 0.3574 | Grad Norm: 2.4716 | Clipped: 4/4
Epoch [3031/4000] | Avg Makespan: 261.25 | Actor Loss: -0.0038 | Critic Loss: 0.1141 | Grad Norm: 1.8331 | Clipped: 4/4
Epoch [3032/4000] | Avg Makespan: 278.25 | Actor Loss: -0.0041 | Critic Loss: 0.3668 | Grad Norm: 1.7193 | Clipped: 4/4
Epoch [3033/4000] | Avg Makespan: 277.75 | Actor Loss: -0.0033 | Critic Loss: 0.6941 | Grad Norm: 2.2473 | Clipped: 4/4
Epoch [3034/4000] | Avg Makespan: 271.50 | Actor Loss: -0.0051 | Critic Loss: 0.2988 | Grad Norm: 1.6446 | Clipped: 4/4
Epoch [3035/4000] | Avg Makespan: 260.25 | Actor Loss: -0.0043 | Critic Loss: 0.4699 | Grad Norm: 1.8994 | Clipped: 4/4
Epoch [3036/4000] | Avg Makespan: 261.00 | Actor Loss: -0.0041 | Critic Loss: 0.5047 | Grad Norm: 2.2825 | Clipped: 4/4
Epoch [3037/4000] | Avg Makespan: 277.75 | Actor Loss: -0.0042 | Critic Loss: 0.5491 | Grad Norm: 1.5574 | Clipped: 4/4
Epoch [3038/4000] | Avg Makespan: 278.50 | Actor Loss: -0.0042 | Critic Loss: 0.2429 | Grad Norm: 1.2300 | Clipped: 4/4
Epoch [3039/4000] | Avg Makespan: 270.25 | Actor Loss: -0.0031 | Critic Loss: 0.4968 | Grad Norm: 1.6579 | Clipped: 4/4
Epoch [3040/4000] | Avg Makespan: 270.50 | Actor Loss: -0.0032 | Critic Loss: 0.2102 | Grad Norm: 1.2631 | Clipped: 3/4
Epoch [3041/4000] | Avg Makespan: 258.25 | Actor Loss: -0.0030 | Critic Loss: 0.4866 | Grad Norm: 1.6970 | Clipped: 4/4
Epoch [3042/4000] | Avg Makespan: 273.50 | Actor Loss: -0.0047 | Critic Loss: 0.1150 | Grad Norm: 1.1454 | Clipped: 4/4
Epoch [3043/4000] | Avg Makespan: 273.00 | Actor Loss: -0.0043 | Critic Loss: 0.1983 | Grad Norm: 1.2687 | Clipped: 4/4
Epoch [3044/4000] | Avg Makespan: 273.75 | Actor Loss: -0.0043 | Critic Loss: 0.2608 | Grad Norm: 1.3322 | Clipped: 4/4
Epoch [3045/4000] | Avg Makespan: 272.25 | Actor Loss: -0.0047 | Critic Loss: 0.0666 | Grad Norm: 1.4394 | Clipped: 4/4
Epoch [3046/4000] | Avg Makespan: 257.50 | Actor Loss: -0.0048 | Critic Loss: 0.4261 | Grad Norm: 1.8770 | Clipped: 4/4
Epoch [3047/4000] | Avg Makespan: 258.50 | Actor Loss: -0.0019 | Critic Loss: 0.8073 | Grad Norm: 2.3902 | Clipped: 4/4
Epoch [3048/4000] | Avg Makespan: 273.00 | Actor Loss: -0.0041 | Critic Loss: 0.3541 | Grad Norm: 1.3272 | Clipped: 3/4
Epoch [3049/4000] | Avg Makespan: 270.00 | Actor Loss: -0.0034 | Critic Loss: 0.3091 | Grad Norm: 1.9202 | Clipped: 4/4
Epoch [3050/4000] | Avg Makespan: 260.50 | Actor Loss: -0.0003 | Critic Loss: 0.3036 | Grad Norm: 3.1009 | Clipped: 4/4
Epoch [3051/4000] | Avg Makespan: 276.25 | Actor Loss: -0.0028 | Critic Loss: 0.2570 | Grad Norm: 1.9949 | Clipped: 4/4
Epoch [3052/4000] | Avg Makespan: 266.75 | Actor Loss: -0.0035 | Critic Loss: 0.8196 | Grad Norm: 2.0871 | Clipped: 4/4
Epoch [3053/4000] | Avg Makespan: 277.75 | Actor Loss: -0.0023 | Critic Loss: 0.3117 | Grad Norm: 1.5308 | Clipped: 4/4
Epoch [3054/4000] | Avg Makespan: 270.25 | Actor Loss: 0.0003 | Critic Loss: 0.3949 | Grad Norm: 2.3075 | Clipped: 4/4
Epoch [3055/4000] | Avg Makespan: 275.75 | Actor Loss: -0.0061 | Critic Loss: 0.0991 | Grad Norm: 1.2763 | Clipped: 2/4
Epoch [3056/4000] | Avg Makespan: 264.25 | Actor Loss: 0.0008 | Critic Loss: 0.2386 | Grad Norm: 2.4950 | Clipped: 4/4
Epoch [3057/4000] | Avg Makespan: 256.50 | Actor Loss: -0.0047 | Critic Loss: 0.2527 | Grad Norm: 2.3659 | Clipped: 4/4
Epoch [3058/4000] | Avg Makespan: 271.75 | Actor Loss: -0.0038 | Critic Loss: 0.1087 | Grad Norm: 1.4844 | Clipped: 4/4
Epoch [3059/4000] | Avg Makespan: 255.25 | Actor Loss: -0.0030 | Critic Loss: 0.2872 | Grad Norm: 1.9287 | Clipped: 4/4
Epoch [3060/4000] | Avg Makespan: 254.50 | Actor Loss: -0.0027 | Critic Loss: 0.2988 | Grad Norm: 1.7590 | Clipped: 4/4
Epoch [3061/4000] | Avg Makespan: 259.50 | Actor Loss: -0.0025 | Critic Loss: 0.3056 | Grad Norm: 1.8489 | Clipped: 4/4
Epoch [3062/4000] | Avg Makespan: 270.00 | Actor Loss: -0.0037 | Critic Loss: 0.3261 | Grad Norm: 2.3217 | Clipped: 4/4
Epoch [3063/4000] | Avg Makespan: 272.25 | Actor Loss: -0.0028 | Critic Loss: 0.1792 | Grad Norm: 1.4582 | Clipped: 4/4
Epoch [3064/4000] | Avg Makespan: 273.25 | Actor Loss: -0.0037 | Critic Loss: 0.1933 | Grad Norm: 1.5712 | Clipped: 4/4
Epoch [3065/4000] | Avg Makespan: 276.75 | Actor Loss: -0.0044 | Critic Loss: 0.0825 | Grad Norm: 1.1488 | Clipped: 4/4
Epoch [3066/4000] | Avg Makespan: 266.50 | Actor Loss: -0.0039 | Critic Loss: 0.7928 | Grad Norm: 1.4457 | Clipped: 4/4
Epoch [3067/4000] | Avg Makespan: 277.25 | Actor Loss: -0.0038 | Critic Loss: 0.8072 | Grad Norm: 1.6992 | Clipped: 4/4
Epoch [3068/4000] | Avg Makespan: 260.50 | Actor Loss: -0.0040 | Critic Loss: 0.1768 | Grad Norm: 2.1706 | Clipped: 4/4
Epoch [3069/4000] | Avg Makespan: 258.25 | Actor Loss: -0.0016 | Critic Loss: 0.2731 | Grad Norm: 1.6682 | Clipped: 4/4
Epoch [3070/4000] | Avg Makespan: 269.25 | Actor Loss: -0.0003 | Critic Loss: 0.2582 | Grad Norm: 1.6662 | Clipped: 4/4
Epoch [3071/4000] | Avg Makespan: 274.25 | Actor Loss: -0.0042 | Critic Loss: 0.1806 | Grad Norm: 2.1658 | Clipped: 4/4
Epoch [3072/4000] | Avg Makespan: 272.00 | Actor Loss: -0.0052 | Critic Loss: 0.6144 | Grad Norm: 2.2575 | Clipped: 4/4
Epoch [3073/4000] | Avg Makespan: 279.00 | Actor Loss: -0.0036 | Critic Loss: 0.2333 | Grad Norm: 1.6450 | Clipped: 4/4
Epoch [3074/4000] | Avg Makespan: 263.50 | Actor Loss: -0.0044 | Critic Loss: 0.2510 | Grad Norm: 1.5425 | Clipped: 4/4
Epoch [3075/4000] | Avg Makespan: 262.50 | Actor Loss: -0.0038 | Critic Loss: 0.2465 | Grad Norm: 1.2172 | Clipped: 3/4
Epoch [3076/4000] | Avg Makespan: 282.00 | Actor Loss: -0.0037 | Critic Loss: 0.1853 | Grad Norm: 2.1127 | Clipped: 4/4
Epoch [3077/4000] | Avg Makespan: 258.25 | Actor Loss: -0.0043 | Critic Loss: 0.5622 | Grad Norm: 1.8119 | Clipped: 4/4
Epoch [3078/4000] | Avg Makespan: 286.75 | Actor Loss: -0.0047 | Critic Loss: 0.1390 | Grad Norm: 1.4140 | Clipped: 4/4
Epoch [3079/4000] | Avg Makespan: 268.75 | Actor Loss: -0.0036 | Critic Loss: 0.1825 | Grad Norm: 1.8224 | Clipped: 4/4
Epoch [3080/4000] | Avg Makespan: 272.25 | Actor Loss: -0.0043 | Critic Loss: 0.2340 | Grad Norm: 1.5371 | Clipped: 4/4
Epoch [3081/4000] | Avg Makespan: 274.25 | Actor Loss: -0.0029 | Critic Loss: 0.1978 | Grad Norm: 2.5979 | Clipped: 4/4
Epoch [3082/4000] | Avg Makespan: 261.50 | Actor Loss: -0.0037 | Critic Loss: 0.2674 | Grad Norm: 1.8495 | Clipped: 4/4
Epoch [3083/4000] | Avg Makespan: 267.00 | Actor Loss: -0.0034 | Critic Loss: 0.1616 | Grad Norm: 1.0476 | Clipped: 2/4
Epoch [3084/4000] | Avg Makespan: 253.25 | Actor Loss: -0.0060 | Critic Loss: 0.2435 | Grad Norm: 1.2668 | Clipped: 3/4
Epoch [3085/4000] | Avg Makespan: 281.50 | Actor Loss: -0.0027 | Critic Loss: 1.0565 | Grad Norm: 2.3653 | Clipped: 4/4
Epoch [3086/4000] | Avg Makespan: 262.00 | Actor Loss: -0.0060 | Critic Loss: 0.2632 | Grad Norm: 1.6639 | Clipped: 4/4
Epoch [3087/4000] | Avg Makespan: 281.25 | Actor Loss: -0.0032 | Critic Loss: 0.3564 | Grad Norm: 2.2174 | Clipped: 4/4
Epoch [3088/4000] | Avg Makespan: 269.75 | Actor Loss: -0.0050 | Critic Loss: 0.3567 | Grad Norm: 1.4559 | Clipped: 4/4
Epoch [3089/4000] | Avg Makespan: 261.50 | Actor Loss: -0.0032 | Critic Loss: 0.7137 | Grad Norm: 1.7759 | Clipped: 4/4
Epoch [3090/4000] | Avg Makespan: 270.25 | Actor Loss: -0.0034 | Critic Loss: 0.3969 | Grad Norm: 0.9148 | Clipped: 0/4
Epoch [3091/4000] | Avg Makespan: 265.50 | Actor Loss: -0.0034 | Critic Loss: 0.1893 | Grad Norm: 1.5029 | Clipped: 4/4
Epoch [3092/4000] | Avg Makespan: 271.50 | Actor Loss: -0.0034 | Critic Loss: 0.3583 | Grad Norm: 1.6940 | Clipped: 4/4
Epoch [3093/4000] | Avg Makespan: 259.00 | Actor Loss: -0.0033 | Critic Loss: 0.4870 | Grad Norm: 1.5045 | Clipped: 4/4
Epoch [3094/4000] | Avg Makespan: 253.00 | Actor Loss: -0.0041 | Critic Loss: 0.4461 | Grad Norm: 1.9725 | Clipped: 4/4
Epoch [3095/4000] | Avg Makespan: 276.50 | Actor Loss: -0.0047 | Critic Loss: 0.3984 | Grad Norm: 1.9419 | Clipped: 4/4
Epoch [3096/4000] | Avg Makespan: 275.00 | Actor Loss: -0.0059 | Critic Loss: 0.2539 | Grad Norm: 1.2470 | Clipped: 4/4
Epoch [3097/4000] | Avg Makespan: 262.75 | Actor Loss: -0.0021 | Critic Loss: 0.9374 | Grad Norm: 2.0028 | Clipped: 4/4
Epoch [3098/4000] | Avg Makespan: 262.75 | Actor Loss: -0.0043 | Critic Loss: 0.2022 | Grad Norm: 1.4069 | Clipped: 4/4
Epoch [3099/4000] | Avg Makespan: 266.25 | Actor Loss: -0.0043 | Critic Loss: 0.1180 | Grad Norm: 1.6049 | Clipped: 4/4
Epoch [3100/4000] | Avg Makespan: 274.75 | Actor Loss: -0.0025 | Critic Loss: 0.3458 | Grad Norm: 1.7654 | Clipped: 4/4
   -> Validation | Samples: 280 | Makespan: 567.81 | Invalid Jobs: 0.03 | Score: 592.81
   -> Saved updated training chart to /home/wei/Desktop/AMR-DFJSP/runs/20260827_083140_v10_B_s43/chart.png
Epoch [3101/4000] | Avg Makespan: 262.00 | Actor Loss: -0.0044 | Critic Loss: 0.2912 | Grad Norm: 2.0482 | Clipped: 4/4
Epoch [3102/4000] | Avg Makespan: 267.75 | Actor Loss: -0.0041 | Critic Loss: 0.2984 | Grad Norm: 1.7741 | Clipped: 4/4
Epoch [3103/4000] | Avg Makespan: 266.75 | Actor Loss: -0.0059 | Critic Loss: 0.5134 | Grad Norm: 1.7839 | Clipped: 4/4
Epoch [3104/4000] | Avg Makespan: 264.25 | Actor Loss: -0.0029 | Critic Loss: 0.1289 | Grad Norm: 1.8627 | Clipped: 4/4
Epoch [3105/4000] | Avg Makespan: 241.25 | Actor Loss: -0.0045 | Critic Loss: 0.4604 | Grad Norm: 2.0564 | Clipped: 4/4
Epoch [3106/4000] | Avg Makespan: 260.00 | Actor Loss: -0.0039 | Critic Loss: 0.1692 | Grad Norm: 3.1046 | Clipped: 4/4
Epoch [3107/4000] | Avg Makespan: 278.00 | Actor Loss: -0.0038 | Critic Loss: 0.4965 | Grad Norm: 2.4839 | Clipped: 4/4
Epoch [3108/4000] | Avg Makespan: 264.25 | Actor Loss: -0.0058 | Critic Loss: 0.1757 | Grad Norm: 1.4671 | Clipped: 4/4
Epoch [3109/4000] | Avg Makespan: 261.00 | Actor Loss: -0.0023 | Critic Loss: 0.1339 | Grad Norm: 1.9875 | Clipped: 4/4
Epoch [3110/4000] | Avg Makespan: 263.50 | Actor Loss: -0.0011 | Critic Loss: 0.3944 | Grad Norm: 3.0103 | Clipped: 4/4
Epoch [3111/4000] | Avg Makespan: 278.50 | Actor Loss: -0.0036 | Critic Loss: 0.8520 | Grad Norm: 1.9486 | Clipped: 4/4
Epoch [3112/4000] | Avg Makespan: 271.00 | Actor Loss: -0.0045 | Critic Loss: 0.4879 | Grad Norm: 1.7877 | Clipped: 4/4
Epoch [3113/4000] | Avg Makespan: 280.50 | Actor Loss: -0.0026 | Critic Loss: 0.2304 | Grad Norm: 1.7876 | Clipped: 4/4
Epoch [3114/4000] | Avg Makespan: 257.50 | Actor Loss: -0.0010 | Critic Loss: 0.2237 | Grad Norm: 2.2010 | Clipped: 4/4
Epoch [3115/4000] | Avg Makespan: 260.50 | Actor Loss: -0.0027 | Critic Loss: 0.6366 | Grad Norm: 1.8566 | Clipped: 4/4
Epoch [3116/4000] | Avg Makespan: 258.75 | Actor Loss: -0.0045 | Critic Loss: 0.4590 | Grad Norm: 1.9831 | Clipped: 4/4
Epoch [3117/4000] | Avg Makespan: 268.00 | Actor Loss: -0.0051 | Critic Loss: 0.2680 | Grad Norm: 1.2971 | Clipped: 4/4
Epoch [3118/4000] | Avg Makespan: 273.00 | Actor Loss: -0.0045 | Critic Loss: 0.2454 | Grad Norm: 1.5944 | Clipped: 4/4
Epoch [3119/4000] | Avg Makespan: 268.50 | Actor Loss: -0.0049 | Critic Loss: 0.4437 | Grad Norm: 1.3121 | Clipped: 3/4
Epoch [3120/4000] | Avg Makespan: 275.75 | Actor Loss: -0.0029 | Critic Loss: 0.3754 | Grad Norm: 1.7244 | Clipped: 4/4
Epoch [3121/4000] | Avg Makespan: 260.50 | Actor Loss: -0.0049 | Critic Loss: 0.1498 | Grad Norm: 2.1392 | Clipped: 4/4
Epoch [3122/4000] | Avg Makespan: 258.25 | Actor Loss: -0.0036 | Critic Loss: 0.2953 | Grad Norm: 1.7662 | Clipped: 4/4
Epoch [3123/4000] | Avg Makespan: 264.75 | Actor Loss: -0.0047 | Critic Loss: 0.8517 | Grad Norm: 1.8856 | Clipped: 4/4
Epoch [3124/4000] | Avg Makespan: 269.50 | Actor Loss: -0.0044 | Critic Loss: 0.2438 | Grad Norm: 1.6492 | Clipped: 3/4
Epoch [3125/4000] | Avg Makespan: 278.75 | Actor Loss: -0.0045 | Critic Loss: 0.1371 | Grad Norm: 1.4642 | Clipped: 4/4
Epoch [3126/4000] | Avg Makespan: 265.00 | Actor Loss: -0.0026 | Critic Loss: 0.3918 | Grad Norm: 1.8047 | Clipped: 4/4
Epoch [3127/4000] | Avg Makespan: 268.50 | Actor Loss: -0.0051 | Critic Loss: 0.2573 | Grad Norm: 1.0974 | Clipped: 2/4
Epoch [3128/4000] | Avg Makespan: 281.75 | Actor Loss: -0.0033 | Critic Loss: 0.1214 | Grad Norm: 1.3479 | Clipped: 2/4
Epoch [3129/4000] | Avg Makespan: 250.25 | Actor Loss: -0.0023 | Critic Loss: 0.4016 | Grad Norm: 2.4385 | Clipped: 4/4
Epoch [3130/4000] | Avg Makespan: 278.25 | Actor Loss: -0.0040 | Critic Loss: 0.4465 | Grad Norm: 1.9281 | Clipped: 4/4
Epoch [3131/4000] | Avg Makespan: 255.75 | Actor Loss: -0.0029 | Critic Loss: 0.2829 | Grad Norm: 2.4910 | Clipped: 4/4
Epoch [3132/4000] | Avg Makespan: 268.00 | Actor Loss: -0.0036 | Critic Loss: 0.4833 | Grad Norm: 1.9031 | Clipped: 4/4
Epoch [3133/4000] | Avg Makespan: 265.75 | Actor Loss: -0.0034 | Critic Loss: 0.2883 | Grad Norm: 1.4570 | Clipped: 4/4
Epoch [3134/4000] | Avg Makespan: 276.75 | Actor Loss: -0.0032 | Critic Loss: 0.3359 | Grad Norm: 2.2524 | Clipped: 4/4
Epoch [3135/4000] | Avg Makespan: 259.75 | Actor Loss: -0.0042 | Critic Loss: 0.4908 | Grad Norm: 1.6435 | Clipped: 4/4
Epoch [3136/4000] | Avg Makespan: 275.00 | Actor Loss: -0.0035 | Critic Loss: 0.3835 | Grad Norm: 1.3919 | Clipped: 4/4
Epoch [3137/4000] | Avg Makespan: 258.75 | Actor Loss: -0.0028 | Critic Loss: 0.2817 | Grad Norm: 1.5454 | Clipped: 4/4
Epoch [3138/4000] | Avg Makespan: 273.50 | Actor Loss: -0.0039 | Critic Loss: 0.4670 | Grad Norm: 2.1910 | Clipped: 4/4
Epoch [3139/4000] | Avg Makespan: 269.00 | Actor Loss: -0.0036 | Critic Loss: 0.3559 | Grad Norm: 1.4709 | Clipped: 4/4
Epoch [3140/4000] | Avg Makespan: 276.50 | Actor Loss: -0.0042 | Critic Loss: 0.2034 | Grad Norm: 1.7345 | Clipped: 4/4
Epoch [3141/4000] | Avg Makespan: 264.25 | Actor Loss: -0.0047 | Critic Loss: 0.3238 | Grad Norm: 1.6135 | Clipped: 4/4
Epoch [3142/4000] | Avg Makespan: 261.25 | Actor Loss: -0.0041 | Critic Loss: 0.4739 | Grad Norm: 1.9563 | Clipped: 4/4
Epoch [3143/4000] | Avg Makespan: 281.50 | Actor Loss: -0.0031 | Critic Loss: 0.3645 | Grad Norm: 2.3677 | Clipped: 4/4
Epoch [3144/4000] | Avg Makespan: 271.00 | Actor Loss: -0.0047 | Critic Loss: 0.3446 | Grad Norm: 1.6183 | Clipped: 4/4
Epoch [3145/4000] | Avg Makespan: 259.50 | Actor Loss: -0.0023 | Critic Loss: 0.3649 | Grad Norm: 2.1643 | Clipped: 4/4
Epoch [3146/4000] | Avg Makespan: 254.25 | Actor Loss: -0.0035 | Critic Loss: 0.5689 | Grad Norm: 1.9988 | Clipped: 4/4
Epoch [3147/4000] | Avg Makespan: 284.75 | Actor Loss: -0.0053 | Critic Loss: 0.4812 | Grad Norm: 2.1426 | Clipped: 4/4
Epoch [3148/4000] | Avg Makespan: 266.75 | Actor Loss: -0.0036 | Critic Loss: 0.2344 | Grad Norm: 1.7682 | Clipped: 4/4
Epoch [3149/4000] | Avg Makespan: 268.50 | Actor Loss: -0.0043 | Critic Loss: 0.1448 | Grad Norm: 1.1421 | Clipped: 3/4
Epoch [3150/4000] | Avg Makespan: 277.50 | Actor Loss: -0.0045 | Critic Loss: 0.2105 | Grad Norm: 1.3002 | Clipped: 3/4
Epoch [3151/4000] | Avg Makespan: 273.25 | Actor Loss: -0.0019 | Critic Loss: 0.5807 | Grad Norm: 2.1669 | Clipped: 4/4
Epoch [3152/4000] | Avg Makespan: 256.00 | Actor Loss: -0.0042 | Critic Loss: 0.3915 | Grad Norm: 1.7411 | Clipped: 4/4
Epoch [3153/4000] | Avg Makespan: 262.75 | Actor Loss: -0.0040 | Critic Loss: 0.6738 | Grad Norm: 2.5166 | Clipped: 4/4
Epoch [3154/4000] | Avg Makespan: 255.50 | Actor Loss: -0.0024 | Critic Loss: 0.7717 | Grad Norm: 2.1228 | Clipped: 4/4
Epoch [3155/4000] | Avg Makespan: 271.00 | Actor Loss: -0.0038 | Critic Loss: 0.4202 | Grad Norm: 1.4009 | Clipped: 3/4
Epoch [3156/4000] | Avg Makespan: 268.25 | Actor Loss: -0.0039 | Critic Loss: 0.3048 | Grad Norm: 1.5703 | Clipped: 4/4
Epoch [3157/4000] | Avg Makespan: 276.50 | Actor Loss: -0.0040 | Critic Loss: 0.2176 | Grad Norm: 3.1869 | Clipped: 4/4
Epoch [3158/4000] | Avg Makespan: 264.00 | Actor Loss: -0.0013 | Critic Loss: 0.3615 | Grad Norm: 2.4539 | Clipped: 4/4
Epoch [3159/4000] | Avg Makespan: 268.00 | Actor Loss: -0.0033 | Critic Loss: 0.4202 | Grad Norm: 2.1218 | Clipped: 4/4
Epoch [3160/4000] | Avg Makespan: 274.00 | Actor Loss: -0.0030 | Critic Loss: 0.3980 | Grad Norm: 1.6928 | Clipped: 4/4
Epoch [3161/4000] | Avg Makespan: 277.75 | Actor Loss: -0.0034 | Critic Loss: 0.6090 | Grad Norm: 2.2187 | Clipped: 4/4
Epoch [3162/4000] | Avg Makespan: 272.75 | Actor Loss: -0.0041 | Critic Loss: 0.6362 | Grad Norm: 1.2076 | Clipped: 4/4
Epoch [3163/4000] | Avg Makespan: 266.00 | Actor Loss: -0.0025 | Critic Loss: 0.3228 | Grad Norm: 2.3201 | Clipped: 4/4
Epoch [3164/4000] | Avg Makespan: 268.50 | Actor Loss: -0.0007 | Critic Loss: 0.3808 | Grad Norm: 2.1370 | Clipped: 4/4
Epoch [3165/4000] | Avg Makespan: 260.50 | Actor Loss: -0.0038 | Critic Loss: 0.4702 | Grad Norm: 1.5618 | Clipped: 4/4
Epoch [3166/4000] | Avg Makespan: 278.75 | Actor Loss: -0.0038 | Critic Loss: 0.1840 | Grad Norm: 1.8463 | Clipped: 4/4
Epoch [3167/4000] | Avg Makespan: 269.75 | Actor Loss: -0.0027 | Critic Loss: 0.1433 | Grad Norm: 1.9190 | Clipped: 4/4
Epoch [3168/4000] | Avg Makespan: 261.50 | Actor Loss: -0.0038 | Critic Loss: 0.2497 | Grad Norm: 1.5545 | Clipped: 4/4
Epoch [3169/4000] | Avg Makespan: 278.00 | Actor Loss: -0.0027 | Critic Loss: 0.6528 | Grad Norm: 2.1866 | Clipped: 3/4
Epoch [3170/4000] | Avg Makespan: 271.75 | Actor Loss: -0.0020 | Critic Loss: 0.2976 | Grad Norm: 1.7307 | Clipped: 4/4
Epoch [3171/4000] | Avg Makespan: 281.50 | Actor Loss: -0.0047 | Critic Loss: 0.5597 | Grad Norm: 1.4122 | Clipped: 4/4
Epoch [3172/4000] | Avg Makespan: 260.25 | Actor Loss: -0.0044 | Critic Loss: 0.4073 | Grad Norm: 1.5962 | Clipped: 4/4
Epoch [3173/4000] | Avg Makespan: 271.25 | Actor Loss: -0.0004 | Critic Loss: 0.4345 | Grad Norm: 2.1409 | Clipped: 4/4
Epoch [3174/4000] | Avg Makespan: 274.50 | Actor Loss: -0.0028 | Critic Loss: 0.2524 | Grad Norm: 2.3950 | Clipped: 4/4
Epoch [3175/4000] | Avg Makespan: 259.00 | Actor Loss: -0.0046 | Critic Loss: 0.4179 | Grad Norm: 1.8868 | Clipped: 4/4
Epoch [3176/4000] | Avg Makespan: 267.75 | Actor Loss: -0.0028 | Critic Loss: 0.1295 | Grad Norm: 1.5196 | Clipped: 4/4
Epoch [3177/4000] | Avg Makespan: 263.00 | Actor Loss: -0.0050 | Critic Loss: 0.3711 | Grad Norm: 2.1171 | Clipped: 4/4
Epoch [3178/4000] | Avg Makespan: 261.75 | Actor Loss: -0.0025 | Critic Loss: 0.1293 | Grad Norm: 2.1670 | Clipped: 4/4
Epoch [3179/4000] | Avg Makespan: 279.50 | Actor Loss: -0.0041 | Critic Loss: 0.1755 | Grad Norm: 1.2047 | Clipped: 4/4
Epoch [3180/4000] | Avg Makespan: 261.00 | Actor Loss: -0.0036 | Critic Loss: 0.3555 | Grad Norm: 2.8775 | Clipped: 4/4
Epoch [3181/4000] | Avg Makespan: 270.50 | Actor Loss: -0.0053 | Critic Loss: 0.1143 | Grad Norm: 1.5938 | Clipped: 4/4
Epoch [3182/4000] | Avg Makespan: 269.25 | Actor Loss: -0.0018 | Critic Loss: 0.2651 | Grad Norm: 1.8966 | Clipped: 4/4
Epoch [3183/4000] | Avg Makespan: 277.25 | Actor Loss: -0.0030 | Critic Loss: 0.2617 | Grad Norm: 1.9885 | Clipped: 4/4
Epoch [3184/4000] | Avg Makespan: 277.50 | Actor Loss: -0.0033 | Critic Loss: 0.4622 | Grad Norm: 1.5022 | Clipped: 4/4
Epoch [3185/4000] | Avg Makespan: 257.75 | Actor Loss: -0.0011 | Critic Loss: 0.3916 | Grad Norm: 2.8557 | Clipped: 4/4
Epoch [3186/4000] | Avg Makespan: 277.50 | Actor Loss: -0.0012 | Critic Loss: 0.2598 | Grad Norm: 2.2112 | Clipped: 4/4
Epoch [3187/4000] | Avg Makespan: 263.25 | Actor Loss: -0.0024 | Critic Loss: 0.4171 | Grad Norm: 1.8708 | Clipped: 4/4
Epoch [3188/4000] | Avg Makespan: 271.25 | Actor Loss: -0.0030 | Critic Loss: 0.4949 | Grad Norm: 3.0911 | Clipped: 4/4
Epoch [3189/4000] | Avg Makespan: 267.00 | Actor Loss: -0.0032 | Critic Loss: 0.3926 | Grad Norm: 2.9948 | Clipped: 4/4
Epoch [3190/4000] | Avg Makespan: 270.50 | Actor Loss: -0.0057 | Critic Loss: 0.5569 | Grad Norm: 2.4961 | Clipped: 4/4
Epoch [3191/4000] | Avg Makespan: 276.25 | Actor Loss: -0.0046 | Critic Loss: 0.2959 | Grad Norm: 2.0705 | Clipped: 4/4
Epoch [3192/4000] | Avg Makespan: 267.25 | Actor Loss: -0.0041 | Critic Loss: 0.5868 | Grad Norm: 1.5254 | Clipped: 4/4
Epoch [3193/4000] | Avg Makespan: 267.00 | Actor Loss: -0.0028 | Critic Loss: 0.7403 | Grad Norm: 1.8520 | Clipped: 4/4
Epoch [3194/4000] | Avg Makespan: 275.00 | Actor Loss: -0.0036 | Critic Loss: 0.1107 | Grad Norm: 1.7608 | Clipped: 4/4
Epoch [3195/4000] | Avg Makespan: 273.25 | Actor Loss: -0.0036 | Critic Loss: 0.2601 | Grad Norm: 1.5747 | Clipped: 3/4
Epoch [3196/4000] | Avg Makespan: 253.50 | Actor Loss: -0.0055 | Critic Loss: 0.7450 | Grad Norm: 2.2840 | Clipped: 4/4
Epoch [3197/4000] | Avg Makespan: 258.50 | Actor Loss: -0.0032 | Critic Loss: 0.9837 | Grad Norm: 2.1467 | Clipped: 4/4
Epoch [3198/4000] | Avg Makespan: 267.75 | Actor Loss: -0.0041 | Critic Loss: 0.4881 | Grad Norm: 1.5619 | Clipped: 4/4
Epoch [3199/4000] | Avg Makespan: 263.50 | Actor Loss: -0.0040 | Critic Loss: 0.1876 | Grad Norm: 1.2446 | Clipped: 4/4
Epoch [3200/4000] | Avg Makespan: 260.75 | Actor Loss: -0.0033 | Critic Loss: 0.4172 | Grad Norm: 1.5645 | Clipped: 4/4
   -> Validation | Samples: 280 | Makespan: 591.33 | Invalid Jobs: 0.02 | Score: 609.19
   -> Saved new best model (Val C~ mean of last 5: 371.33; this eval 370.59)
   -> Saved updated training chart to /home/wei/Desktop/AMR-DFJSP/runs/20260827_083140_v10_B_s43/chart.png
Epoch [3201/4000] | Avg Makespan: 271.25 | Actor Loss: -0.0025 | Critic Loss: 0.1473 | Grad Norm: 1.7871 | Clipped: 4/4
Epoch [3202/4000] | Avg Makespan: 252.75 | Actor Loss: -0.0044 | Critic Loss: 0.2470 | Grad Norm: 1.8793 | Clipped: 4/4
Epoch [3203/4000] | Avg Makespan: 264.25 | Actor Loss: -0.0023 | Critic Loss: 0.2855 | Grad Norm: 1.9805 | Clipped: 4/4
Epoch [3204/4000] | Avg Makespan: 266.50 | Actor Loss: -0.0040 | Critic Loss: 0.5143 | Grad Norm: 1.6489 | Clipped: 4/4
Epoch [3205/4000] | Avg Makespan: 275.75 | Actor Loss: 0.0011 | Critic Loss: 0.2018 | Grad Norm: 4.3150 | Clipped: 4/4
Epoch [3206/4000] | Avg Makespan: 271.25 | Actor Loss: -0.0045 | Critic Loss: 0.1670 | Grad Norm: 1.6066 | Clipped: 4/4
Epoch [3207/4000] | Avg Makespan: 258.25 | Actor Loss: -0.0023 | Critic Loss: 0.1755 | Grad Norm: 1.6899 | Clipped: 4/4
Epoch [3208/4000] | Avg Makespan: 270.00 | Actor Loss: -0.0051 | Critic Loss: 0.2029 | Grad Norm: 1.5378 | Clipped: 4/4
Epoch [3209/4000] | Avg Makespan: 270.50 | Actor Loss: -0.0027 | Critic Loss: 0.1073 | Grad Norm: 2.0141 | Clipped: 4/4
Epoch [3210/4000] | Avg Makespan: 257.00 | Actor Loss: -0.0026 | Critic Loss: 0.5562 | Grad Norm: 1.7574 | Clipped: 4/4
Epoch [3211/4000] | Avg Makespan: 256.00 | Actor Loss: -0.0065 | Critic Loss: 0.2100 | Grad Norm: 2.0017 | Clipped: 4/4
Epoch [3212/4000] | Avg Makespan: 277.50 | Actor Loss: -0.0015 | Critic Loss: 0.8915 | Grad Norm: 1.8374 | Clipped: 4/4
Epoch [3213/4000] | Avg Makespan: 258.00 | Actor Loss: -0.0026 | Critic Loss: 0.6540 | Grad Norm: 2.0082 | Clipped: 4/4
Epoch [3214/4000] | Avg Makespan: 273.25 | Actor Loss: -0.0036 | Critic Loss: 0.1320 | Grad Norm: 1.4447 | Clipped: 4/4
Epoch [3215/4000] | Avg Makespan: 272.25 | Actor Loss: -0.0032 | Critic Loss: 0.5088 | Grad Norm: 2.3807 | Clipped: 4/4
Epoch [3216/4000] | Avg Makespan: 270.25 | Actor Loss: -0.0027 | Critic Loss: 0.4266 | Grad Norm: 2.1162 | Clipped: 4/4
Epoch [3217/4000] | Avg Makespan: 278.50 | Actor Loss: -0.0049 | Critic Loss: 0.3938 | Grad Norm: 1.6692 | Clipped: 4/4
Epoch [3218/4000] | Avg Makespan: 261.00 | Actor Loss: -0.0064 | Critic Loss: 0.7220 | Grad Norm: 1.5028 | Clipped: 4/4
Epoch [3219/4000] | Avg Makespan: 259.00 | Actor Loss: -0.0034 | Critic Loss: 0.5449 | Grad Norm: 1.8667 | Clipped: 4/4
Epoch [3220/4000] | Avg Makespan: 272.25 | Actor Loss: -0.0031 | Critic Loss: 0.3951 | Grad Norm: 1.4633 | Clipped: 3/4
Epoch [3221/4000] | Avg Makespan: 266.00 | Actor Loss: -0.0032 | Critic Loss: 0.4045 | Grad Norm: 1.6532 | Clipped: 4/4
Epoch [3222/4000] | Avg Makespan: 283.50 | Actor Loss: -0.0032 | Critic Loss: 1.1942 | Grad Norm: 2.2244 | Clipped: 4/4
Epoch [3223/4000] | Avg Makespan: 270.00 | Actor Loss: -0.0030 | Critic Loss: 0.4549 | Grad Norm: 1.5096 | Clipped: 4/4
Epoch [3224/4000] | Avg Makespan: 265.50 | Actor Loss: -0.0038 | Critic Loss: 0.1900 | Grad Norm: 1.7013 | Clipped: 4/4
Epoch [3225/4000] | Avg Makespan: 269.25 | Actor Loss: -0.0032 | Critic Loss: 0.4228 | Grad Norm: 1.4689 | Clipped: 4/4
Epoch [3226/4000] | Avg Makespan: 278.75 | Actor Loss: -0.0029 | Critic Loss: 0.3791 | Grad Norm: 2.1171 | Clipped: 4/4
Epoch [3227/4000] | Avg Makespan: 282.75 | Actor Loss: -0.0040 | Critic Loss: 0.7166 | Grad Norm: 1.3588 | Clipped: 4/4
Epoch [3228/4000] | Avg Makespan: 275.00 | Actor Loss: -0.0040 | Critic Loss: 0.2322 | Grad Norm: 1.2958 | Clipped: 3/4
Epoch [3229/4000] | Avg Makespan: 268.75 | Actor Loss: -0.0014 | Critic Loss: 0.1330 | Grad Norm: 2.0186 | Clipped: 4/4
Epoch [3230/4000] | Avg Makespan: 269.50 | Actor Loss: -0.0031 | Critic Loss: 0.1989 | Grad Norm: 1.7733 | Clipped: 4/4
Epoch [3231/4000] | Avg Makespan: 274.25 | Actor Loss: -0.0049 | Critic Loss: 0.3315 | Grad Norm: 1.4254 | Clipped: 3/4
Epoch [3232/4000] | Avg Makespan: 266.25 | Actor Loss: -0.0025 | Critic Loss: 0.3414 | Grad Norm: 2.5666 | Clipped: 4/4
Epoch [3233/4000] | Avg Makespan: 274.00 | Actor Loss: -0.0036 | Critic Loss: 0.5176 | Grad Norm: 1.6649 | Clipped: 4/4
Epoch [3234/4000] | Avg Makespan: 276.75 | Actor Loss: -0.0030 | Critic Loss: 0.2951 | Grad Norm: 1.3648 | Clipped: 4/4
Epoch [3235/4000] | Avg Makespan: 273.00 | Actor Loss: -0.0032 | Critic Loss: 0.4736 | Grad Norm: 1.9341 | Clipped: 4/4
Epoch [3236/4000] | Avg Makespan: 283.75 | Actor Loss: -0.0048 | Critic Loss: 0.2793 | Grad Norm: 1.4745 | Clipped: 3/4
Epoch [3237/4000] | Avg Makespan: 273.75 | Actor Loss: -0.0028 | Critic Loss: 0.1491 | Grad Norm: 1.5682 | Clipped: 4/4
Epoch [3238/4000] | Avg Makespan: 277.75 | Actor Loss: -0.0032 | Critic Loss: 0.5652 | Grad Norm: 2.2378 | Clipped: 4/4
Epoch [3239/4000] | Avg Makespan: 277.25 | Actor Loss: -0.0046 | Critic Loss: 0.8445 | Grad Norm: 1.5414 | Clipped: 4/4
Epoch [3240/4000] | Avg Makespan: 270.00 | Actor Loss: -0.0023 | Critic Loss: 0.2783 | Grad Norm: 2.6512 | Clipped: 4/4
Epoch [3241/4000] | Avg Makespan: 268.25 | Actor Loss: -0.0035 | Critic Loss: 0.7362 | Grad Norm: 1.6841 | Clipped: 4/4
Epoch [3242/4000] | Avg Makespan: 255.00 | Actor Loss: -0.0038 | Critic Loss: 0.7161 | Grad Norm: 2.9614 | Clipped: 4/4
Epoch [3243/4000] | Avg Makespan: 269.50 | Actor Loss: -0.0043 | Critic Loss: 0.2506 | Grad Norm: 1.9460 | Clipped: 4/4
Epoch [3244/4000] | Avg Makespan: 259.25 | Actor Loss: -0.0026 | Critic Loss: 0.1998 | Grad Norm: 1.5172 | Clipped: 4/4
Epoch [3245/4000] | Avg Makespan: 277.25 | Actor Loss: -0.0057 | Critic Loss: 0.0918 | Grad Norm: 1.5784 | Clipped: 3/4
Epoch [3246/4000] | Avg Makespan: 264.75 | Actor Loss: -0.0026 | Critic Loss: 0.2455 | Grad Norm: 1.6093 | Clipped: 4/4
Epoch [3247/4000] | Avg Makespan: 261.75 | Actor Loss: -0.0051 | Critic Loss: 0.4451 | Grad Norm: 2.3520 | Clipped: 4/4
Epoch [3248/4000] | Avg Makespan: 265.50 | Actor Loss: -0.0027 | Critic Loss: 0.3929 | Grad Norm: 2.7211 | Clipped: 4/4
Epoch [3249/4000] | Avg Makespan: 268.75 | Actor Loss: -0.0016 | Critic Loss: 0.4802 | Grad Norm: 1.8270 | Clipped: 4/4
Epoch [3250/4000] | Avg Makespan: 273.75 | Actor Loss: -0.0024 | Critic Loss: 0.3085 | Grad Norm: 1.5382 | Clipped: 4/4
Epoch [3251/4000] | Avg Makespan: 275.50 | Actor Loss: -0.0039 | Critic Loss: 0.4688 | Grad Norm: 2.0029 | Clipped: 4/4
Epoch [3252/4000] | Avg Makespan: 273.50 | Actor Loss: -0.0038 | Critic Loss: 0.2563 | Grad Norm: 1.1530 | Clipped: 4/4
Epoch [3253/4000] | Avg Makespan: 269.75 | Actor Loss: -0.0037 | Critic Loss: 0.3422 | Grad Norm: 1.4785 | Clipped: 4/4
Epoch [3254/4000] | Avg Makespan: 275.00 | Actor Loss: -0.0030 | Critic Loss: 0.3103 | Grad Norm: 1.5376 | Clipped: 4/4
Epoch [3255/4000] | Avg Makespan: 264.00 | Actor Loss: -0.0017 | Critic Loss: 0.3562 | Grad Norm: 2.1345 | Clipped: 4/4
Epoch [3256/4000] | Avg Makespan: 281.50 | Actor Loss: -0.0021 | Critic Loss: 0.1923 | Grad Norm: 2.4038 | Clipped: 4/4
Epoch [3257/4000] | Avg Makespan: 260.50 | Actor Loss: -0.0049 | Critic Loss: 0.2666 | Grad Norm: 2.6398 | Clipped: 4/4
Epoch [3258/4000] | Avg Makespan: 272.50 | Actor Loss: -0.0034 | Critic Loss: 0.1131 | Grad Norm: 1.5259 | Clipped: 4/4
Epoch [3259/4000] | Avg Makespan: 277.50 | Actor Loss: -0.0009 | Critic Loss: 0.2754 | Grad Norm: 2.3450 | Clipped: 4/4
Epoch [3260/4000] | Avg Makespan: 266.75 | Actor Loss: -0.0041 | Critic Loss: 0.2586 | Grad Norm: 1.4971 | Clipped: 4/4
Epoch [3261/4000] | Avg Makespan: 274.25 | Actor Loss: -0.0026 | Critic Loss: 0.1141 | Grad Norm: 1.7437 | Clipped: 4/4
Epoch [3262/4000] | Avg Makespan: 282.75 | Actor Loss: -0.0033 | Critic Loss: 0.3762 | Grad Norm: 1.5101 | Clipped: 4/4
Epoch [3263/4000] | Avg Makespan: 273.25 | Actor Loss: -0.0039 | Critic Loss: 0.3198 | Grad Norm: 1.3043 | Clipped: 4/4
Epoch [3264/4000] | Avg Makespan: 269.75 | Actor Loss: -0.0033 | Critic Loss: 0.2282 | Grad Norm: 1.4653 | Clipped: 4/4
Epoch [3265/4000] | Avg Makespan: 267.00 | Actor Loss: -0.0036 | Critic Loss: 0.2616 | Grad Norm: 1.7302 | Clipped: 4/4
Epoch [3266/4000] | Avg Makespan: 274.00 | Actor Loss: -0.0035 | Critic Loss: 0.2517 | Grad Norm: 1.6885 | Clipped: 4/4
Epoch [3267/4000] | Avg Makespan: 268.75 | Actor Loss: -0.0035 | Critic Loss: 0.3141 | Grad Norm: 1.1695 | Clipped: 2/4
Epoch [3268/4000] | Avg Makespan: 269.00 | Actor Loss: -0.0026 | Critic Loss: 0.2482 | Grad Norm: 1.7622 | Clipped: 4/4
Epoch [3269/4000] | Avg Makespan: 280.00 | Actor Loss: -0.0024 | Critic Loss: 0.4714 | Grad Norm: 1.5314 | Clipped: 4/4
Epoch [3270/4000] | Avg Makespan: 254.50 | Actor Loss: -0.0011 | Critic Loss: 0.4408 | Grad Norm: 1.6809 | Clipped: 4/4
Epoch [3271/4000] | Avg Makespan: 268.00 | Actor Loss: -0.0014 | Critic Loss: 0.3494 | Grad Norm: 2.3663 | Clipped: 4/4
Epoch [3272/4000] | Avg Makespan: 272.75 | Actor Loss: -0.0035 | Critic Loss: 0.3247 | Grad Norm: 2.2228 | Clipped: 4/4
Epoch [3273/4000] | Avg Makespan: 284.25 | Actor Loss: -0.0009 | Critic Loss: 0.6983 | Grad Norm: 2.1865 | Clipped: 4/4
Epoch [3274/4000] | Avg Makespan: 279.75 | Actor Loss: -0.0023 | Critic Loss: 0.1547 | Grad Norm: 1.9202 | Clipped: 4/4
Epoch [3275/4000] | Avg Makespan: 256.25 | Actor Loss: -0.0036 | Critic Loss: 0.4570 | Grad Norm: 1.7230 | Clipped: 4/4
Epoch [3276/4000] | Avg Makespan: 260.00 | Actor Loss: -0.0042 | Critic Loss: 0.3730 | Grad Norm: 1.8372 | Clipped: 4/4
Epoch [3277/4000] | Avg Makespan: 253.25 | Actor Loss: -0.0029 | Critic Loss: 0.5839 | Grad Norm: 2.3396 | Clipped: 4/4
Epoch [3278/4000] | Avg Makespan: 275.25 | Actor Loss: -0.0018 | Critic Loss: 0.2878 | Grad Norm: 1.8017 | Clipped: 4/4
Epoch [3279/4000] | Avg Makespan: 274.75 | Actor Loss: -0.0033 | Critic Loss: 0.4146 | Grad Norm: 1.7377 | Clipped: 4/4
Epoch [3280/4000] | Avg Makespan: 266.25 | Actor Loss: -0.0034 | Critic Loss: 0.1297 | Grad Norm: 1.4245 | Clipped: 4/4
Epoch [3281/4000] | Avg Makespan: 277.00 | Actor Loss: -0.0018 | Critic Loss: 0.6202 | Grad Norm: 1.7060 | Clipped: 4/4
Epoch [3282/4000] | Avg Makespan: 264.75 | Actor Loss: -0.0019 | Critic Loss: 0.4997 | Grad Norm: 2.5995 | Clipped: 4/4
Epoch [3283/4000] | Avg Makespan: 274.50 | Actor Loss: -0.0028 | Critic Loss: 0.6210 | Grad Norm: 1.8223 | Clipped: 4/4
Epoch [3284/4000] | Avg Makespan: 263.75 | Actor Loss: -0.0031 | Critic Loss: 0.3672 | Grad Norm: 1.4139 | Clipped: 4/4
Epoch [3285/4000] | Avg Makespan: 270.75 | Actor Loss: -0.0042 | Critic Loss: 0.2978 | Grad Norm: 1.2634 | Clipped: 4/4
Epoch [3286/4000] | Avg Makespan: 262.25 | Actor Loss: -0.0025 | Critic Loss: 0.3184 | Grad Norm: 1.6760 | Clipped: 4/4
Epoch [3287/4000] | Avg Makespan: 271.25 | Actor Loss: -0.0026 | Critic Loss: 0.3658 | Grad Norm: 1.4651 | Clipped: 4/4
Epoch [3288/4000] | Avg Makespan: 267.50 | Actor Loss: -0.0026 | Critic Loss: 0.3829 | Grad Norm: 1.2111 | Clipped: 4/4
Epoch [3289/4000] | Avg Makespan: 270.25 | Actor Loss: -0.0032 | Critic Loss: 0.2871 | Grad Norm: 1.6205 | Clipped: 4/4
Epoch [3290/4000] | Avg Makespan: 271.25 | Actor Loss: -0.0042 | Critic Loss: 0.3401 | Grad Norm: 1.3353 | Clipped: 4/4
Epoch [3291/4000] | Avg Makespan: 263.25 | Actor Loss: -0.0030 | Critic Loss: 0.2247 | Grad Norm: 1.4329 | Clipped: 4/4
Epoch [3292/4000] | Avg Makespan: 280.50 | Actor Loss: -0.0026 | Critic Loss: 0.2592 | Grad Norm: 1.1771 | Clipped: 3/4
Epoch [3293/4000] | Avg Makespan: 275.75 | Actor Loss: -0.0027 | Critic Loss: 0.3803 | Grad Norm: 1.7449 | Clipped: 4/4
Epoch [3294/4000] | Avg Makespan: 263.00 | Actor Loss: -0.0027 | Critic Loss: 0.8239 | Grad Norm: 2.5118 | Clipped: 4/4
Epoch [3295/4000] | Avg Makespan: 273.75 | Actor Loss: -0.0048 | Critic Loss: 0.1432 | Grad Norm: 1.8460 | Clipped: 3/4
Epoch [3296/4000] | Avg Makespan: 263.00 | Actor Loss: -0.0035 | Critic Loss: 0.3441 | Grad Norm: 1.7042 | Clipped: 4/4
Epoch [3297/4000] | Avg Makespan: 278.00 | Actor Loss: -0.0036 | Critic Loss: 0.1462 | Grad Norm: 1.0671 | Clipped: 1/4
Epoch [3298/4000] | Avg Makespan: 265.25 | Actor Loss: -0.0023 | Critic Loss: 0.3478 | Grad Norm: 2.0813 | Clipped: 4/4
Epoch [3299/4000] | Avg Makespan: 264.25 | Actor Loss: -0.0044 | Critic Loss: 0.4213 | Grad Norm: 1.4559 | Clipped: 4/4
Epoch [3300/4000] | Avg Makespan: 282.75 | Actor Loss: -0.0030 | Critic Loss: 0.4502 | Grad Norm: 1.8902 | Clipped: 4/4
   -> Validation | Samples: 280 | Makespan: 565.35 | Invalid Jobs: 0.01 | Score: 576.07
   -> Saved new best model (Val C~ mean of last 5: 370.10; this eval 370.27)
   -> Saved updated training chart to /home/wei/Desktop/AMR-DFJSP/runs/20260827_083140_v10_B_s43/chart.png
Epoch [3301/4000] | Avg Makespan: 259.00 | Actor Loss: -0.0041 | Critic Loss: 0.2523 | Grad Norm: 1.7171 | Clipped: 4/4
Epoch [3302/4000] | Avg Makespan: 273.25 | Actor Loss: -0.0044 | Critic Loss: 0.4736 | Grad Norm: 1.3516 | Clipped: 4/4
Epoch [3303/4000] | Avg Makespan: 276.00 | Actor Loss: -0.0041 | Critic Loss: 0.1207 | Grad Norm: 1.0961 | Clipped: 3/4
Epoch [3304/4000] | Avg Makespan: 271.25 | Actor Loss: -0.0028 | Critic Loss: 0.2391 | Grad Norm: 1.7430 | Clipped: 4/4
Epoch [3305/4000] | Avg Makespan: 253.50 | Actor Loss: -0.0039 | Critic Loss: 0.4648 | Grad Norm: 2.2185 | Clipped: 4/4
Epoch [3306/4000] | Avg Makespan: 284.00 | Actor Loss: -0.0028 | Critic Loss: 0.2672 | Grad Norm: 1.9491 | Clipped: 4/4
Epoch [3307/4000] | Avg Makespan: 269.50 | Actor Loss: -0.0032 | Critic Loss: 0.3461 | Grad Norm: 1.6493 | Clipped: 4/4
Epoch [3308/4000] | Avg Makespan: 272.25 | Actor Loss: -0.0046 | Critic Loss: 0.3827 | Grad Norm: 1.6269 | Clipped: 4/4
Epoch [3309/4000] | Avg Makespan: 273.50 | Actor Loss: -0.0028 | Critic Loss: 0.3850 | Grad Norm: 1.3294 | Clipped: 4/4
Epoch [3310/4000] | Avg Makespan: 254.75 | Actor Loss: -0.0032 | Critic Loss: 0.4982 | Grad Norm: 2.0690 | Clipped: 4/4
Epoch [3311/4000] | Avg Makespan: 263.75 | Actor Loss: -0.0025 | Critic Loss: 0.3069 | Grad Norm: 2.0250 | Clipped: 4/4
Epoch [3312/4000] | Avg Makespan: 274.75 | Actor Loss: -0.0030 | Critic Loss: 0.7132 | Grad Norm: 1.5305 | Clipped: 4/4
Epoch [3313/4000] | Avg Makespan: 277.00 | Actor Loss: -0.0037 | Critic Loss: 0.4281 | Grad Norm: 1.3701 | Clipped: 3/4
Epoch [3314/4000] | Avg Makespan: 259.75 | Actor Loss: -0.0018 | Critic Loss: 0.2974 | Grad Norm: 1.3976 | Clipped: 4/4
Epoch [3315/4000] | Avg Makespan: 262.50 | Actor Loss: -0.0035 | Critic Loss: 0.5089 | Grad Norm: 1.1224 | Clipped: 3/4
Epoch [3316/4000] | Avg Makespan: 274.75 | Actor Loss: -0.0030 | Critic Loss: 0.2500 | Grad Norm: 1.1601 | Clipped: 1/4
Epoch [3317/4000] | Avg Makespan: 265.50 | Actor Loss: -0.0029 | Critic Loss: 0.5915 | Grad Norm: 1.5400 | Clipped: 4/4
Epoch [3318/4000] | Avg Makespan: 273.50 | Actor Loss: -0.0041 | Critic Loss: 0.8028 | Grad Norm: 1.6752 | Clipped: 4/4
Epoch [3319/4000] | Avg Makespan: 273.50 | Actor Loss: -0.0027 | Critic Loss: 0.7631 | Grad Norm: 2.3537 | Clipped: 4/4
Epoch [3320/4000] | Avg Makespan: 269.00 | Actor Loss: -0.0033 | Critic Loss: 0.3108 | Grad Norm: 1.6584 | Clipped: 4/4
Epoch [3321/4000] | Avg Makespan: 271.25 | Actor Loss: -0.0035 | Critic Loss: 0.3387 | Grad Norm: 1.4273 | Clipped: 4/4
Epoch [3322/4000] | Avg Makespan: 276.25 | Actor Loss: -0.0028 | Critic Loss: 0.3319 | Grad Norm: 1.4876 | Clipped: 4/4
Epoch [3323/4000] | Avg Makespan: 258.75 | Actor Loss: -0.0025 | Critic Loss: 0.4696 | Grad Norm: 2.2886 | Clipped: 4/4
Epoch [3324/4000] | Avg Makespan: 266.75 | Actor Loss: -0.0034 | Critic Loss: 0.2983 | Grad Norm: 1.7726 | Clipped: 4/4
Epoch [3325/4000] | Avg Makespan: 285.00 | Actor Loss: -0.0029 | Critic Loss: 0.5358 | Grad Norm: 1.7718 | Clipped: 4/4
Epoch [3326/4000] | Avg Makespan: 280.25 | Actor Loss: -0.0024 | Critic Loss: 0.3103 | Grad Norm: 1.9488 | Clipped: 4/4
Epoch [3327/4000] | Avg Makespan: 267.00 | Actor Loss: -0.0044 | Critic Loss: 0.3269 | Grad Norm: 1.4976 | Clipped: 4/4
Epoch [3328/4000] | Avg Makespan: 261.75 | Actor Loss: -0.0034 | Critic Loss: 0.4264 | Grad Norm: 1.7172 | Clipped: 4/4
Epoch [3329/4000] | Avg Makespan: 261.75 | Actor Loss: -0.0029 | Critic Loss: 0.3359 | Grad Norm: 1.6356 | Clipped: 4/4
Epoch [3330/4000] | Avg Makespan: 284.75 | Actor Loss: -0.0026 | Critic Loss: 0.5712 | Grad Norm: 2.1571 | Clipped: 4/4
Epoch [3331/4000] | Avg Makespan: 267.50 | Actor Loss: -0.0043 | Critic Loss: 1.1433 | Grad Norm: 1.5404 | Clipped: 4/4
Epoch [3332/4000] | Avg Makespan: 263.00 | Actor Loss: -0.0026 | Critic Loss: 0.2608 | Grad Norm: 1.3639 | Clipped: 4/4
Epoch [3333/4000] | Avg Makespan: 267.00 | Actor Loss: -0.0025 | Critic Loss: 0.4065 | Grad Norm: 2.2478 | Clipped: 4/4
Epoch [3334/4000] | Avg Makespan: 267.00 | Actor Loss: -0.0023 | Critic Loss: 0.2305 | Grad Norm: 1.6060 | Clipped: 3/4
Epoch [3335/4000] | Avg Makespan: 267.50 | Actor Loss: -0.0033 | Critic Loss: 0.2556 | Grad Norm: 1.3778 | Clipped: 4/4
Epoch [3336/4000] | Avg Makespan: 275.00 | Actor Loss: -0.0041 | Critic Loss: 0.2162 | Grad Norm: 1.5546 | Clipped: 4/4
Epoch [3337/4000] | Avg Makespan: 271.00 | Actor Loss: -0.0025 | Critic Loss: 0.2962 | Grad Norm: 2.2351 | Clipped: 4/4
Epoch [3338/4000] | Avg Makespan: 260.50 | Actor Loss: -0.0031 | Critic Loss: 0.2646 | Grad Norm: 1.9778 | Clipped: 4/4
Epoch [3339/4000] | Avg Makespan: 274.50 | Actor Loss: -0.0024 | Critic Loss: 0.5770 | Grad Norm: 1.7171 | Clipped: 4/4
Epoch [3340/4000] | Avg Makespan: 264.50 | Actor Loss: -0.0034 | Critic Loss: 0.3483 | Grad Norm: 1.7307 | Clipped: 4/4
Epoch [3341/4000] | Avg Makespan: 269.50 | Actor Loss: -0.0026 | Critic Loss: 0.2978 | Grad Norm: 1.5810 | Clipped: 4/4
Epoch [3342/4000] | Avg Makespan: 272.25 | Actor Loss: -0.0036 | Critic Loss: 0.2362 | Grad Norm: 1.7069 | Clipped: 3/4
Epoch [3343/4000] | Avg Makespan: 268.50 | Actor Loss: -0.0015 | Critic Loss: 0.2487 | Grad Norm: 1.8018 | Clipped: 4/4
Epoch [3344/4000] | Avg Makespan: 263.50 | Actor Loss: -0.0031 | Critic Loss: 0.2609 | Grad Norm: 1.5809 | Clipped: 4/4
Epoch [3345/4000] | Avg Makespan: 270.00 | Actor Loss: -0.0041 | Critic Loss: 0.2080 | Grad Norm: 1.5693 | Clipped: 4/4
Epoch [3346/4000] | Avg Makespan: 266.50 | Actor Loss: -0.0030 | Critic Loss: 0.2288 | Grad Norm: 1.7273 | Clipped: 4/4
Epoch [3347/4000] | Avg Makespan: 265.00 | Actor Loss: -0.0025 | Critic Loss: 0.3332 | Grad Norm: 1.6211 | Clipped: 4/4
Epoch [3348/4000] | Avg Makespan: 261.50 | Actor Loss: -0.0035 | Critic Loss: 0.3029 | Grad Norm: 1.2897 | Clipped: 4/4
Epoch [3349/4000] | Avg Makespan: 274.50 | Actor Loss: -0.0028 | Critic Loss: 0.3056 | Grad Norm: 1.2783 | Clipped: 3/4
Epoch [3350/4000] | Avg Makespan: 288.50 | Actor Loss: -0.0033 | Critic Loss: 1.1203 | Grad Norm: 2.2825 | Clipped: 4/4
Epoch [3351/4000] | Avg Makespan: 260.00 | Actor Loss: -0.0025 | Critic Loss: 0.2702 | Grad Norm: 1.8199 | Clipped: 4/4
Epoch [3352/4000] | Avg Makespan: 266.50 | Actor Loss: -0.0016 | Critic Loss: 0.5158 | Grad Norm: 2.3361 | Clipped: 4/4
Epoch [3353/4000] | Avg Makespan: 274.25 | Actor Loss: -0.0029 | Critic Loss: 0.4192 | Grad Norm: 1.6825 | Clipped: 4/4
Epoch [3354/4000] | Avg Makespan: 272.00 | Actor Loss: -0.0022 | Critic Loss: 0.2180 | Grad Norm: 1.4140 | Clipped: 4/4
Epoch [3355/4000] | Avg Makespan: 265.25 | Actor Loss: -0.0031 | Critic Loss: 0.2000 | Grad Norm: 1.9625 | Clipped: 4/4
Epoch [3356/4000] | Avg Makespan: 267.00 | Actor Loss: -0.0027 | Critic Loss: 0.1149 | Grad Norm: 1.7725 | Clipped: 4/4
Epoch [3357/4000] | Avg Makespan: 262.25 | Actor Loss: -0.0035 | Critic Loss: 0.1822 | Grad Norm: 1.2447 | Clipped: 3/4
Epoch [3358/4000] | Avg Makespan: 274.25 | Actor Loss: -0.0039 | Critic Loss: 0.5425 | Grad Norm: 1.3002 | Clipped: 4/4
Epoch [3359/4000] | Avg Makespan: 265.00 | Actor Loss: -0.0021 | Critic Loss: 0.2031 | Grad Norm: 1.3477 | Clipped: 4/4
Epoch [3360/4000] | Avg Makespan: 264.50 | Actor Loss: -0.0034 | Critic Loss: 0.1438 | Grad Norm: 1.3964 | Clipped: 4/4
Epoch [3361/4000] | Avg Makespan: 269.00 | Actor Loss: -0.0022 | Critic Loss: 0.3591 | Grad Norm: 1.7637 | Clipped: 4/4
Epoch [3362/4000] | Avg Makespan: 253.75 | Actor Loss: -0.0020 | Critic Loss: 0.5793 | Grad Norm: 1.9613 | Clipped: 4/4
Epoch [3363/4000] | Avg Makespan: 265.50 | Actor Loss: -0.0010 | Critic Loss: 0.3878 | Grad Norm: 1.8120 | Clipped: 4/4
Epoch [3364/4000] | Avg Makespan: 279.50 | Actor Loss: -0.0045 | Critic Loss: 0.8460 | Grad Norm: 1.6011 | Clipped: 4/4
Epoch [3365/4000] | Avg Makespan: 274.00 | Actor Loss: -0.0024 | Critic Loss: 0.1391 | Grad Norm: 1.4725 | Clipped: 4/4
Epoch [3366/4000] | Avg Makespan: 279.00 | Actor Loss: -0.0032 | Critic Loss: 0.5802 | Grad Norm: 1.6144 | Clipped: 4/4
Epoch [3367/4000] | Avg Makespan: 278.75 | Actor Loss: -0.0040 | Critic Loss: 0.2466 | Grad Norm: 1.6555 | Clipped: 4/4
Epoch [3368/4000] | Avg Makespan: 261.75 | Actor Loss: -0.0031 | Critic Loss: 0.4457 | Grad Norm: 1.6547 | Clipped: 4/4
Epoch [3369/4000] | Avg Makespan: 261.75 | Actor Loss: -0.0031 | Critic Loss: 0.3801 | Grad Norm: 2.1757 | Clipped: 4/4
Epoch [3370/4000] | Avg Makespan: 251.75 | Actor Loss: -0.0050 | Critic Loss: 0.2330 | Grad Norm: 2.3423 | Clipped: 4/4
Epoch [3371/4000] | Avg Makespan: 270.75 | Actor Loss: -0.0038 | Critic Loss: 0.4847 | Grad Norm: 2.0149 | Clipped: 4/4
Epoch [3372/4000] | Avg Makespan: 274.75 | Actor Loss: -0.0027 | Critic Loss: 0.6449 | Grad Norm: 2.0980 | Clipped: 4/4
Epoch [3373/4000] | Avg Makespan: 270.75 | Actor Loss: -0.0051 | Critic Loss: 0.4850 | Grad Norm: 1.4036 | Clipped: 4/4
Epoch [3374/4000] | Avg Makespan: 265.75 | Actor Loss: -0.0027 | Critic Loss: 0.3056 | Grad Norm: 1.5624 | Clipped: 4/4
Epoch [3375/4000] | Avg Makespan: 265.00 | Actor Loss: -0.0040 | Critic Loss: 0.1472 | Grad Norm: 1.2646 | Clipped: 4/4
Epoch [3376/4000] | Avg Makespan: 266.00 | Actor Loss: -0.0025 | Critic Loss: 0.3682 | Grad Norm: 1.1633 | Clipped: 3/4
Epoch [3377/4000] | Avg Makespan: 272.75 | Actor Loss: -0.0046 | Critic Loss: 0.2898 | Grad Norm: 1.9155 | Clipped: 4/4
Epoch [3378/4000] | Avg Makespan: 268.50 | Actor Loss: -0.0041 | Critic Loss: 0.2243 | Grad Norm: 1.8360 | Clipped: 4/4
Epoch [3379/4000] | Avg Makespan: 273.00 | Actor Loss: -0.0038 | Critic Loss: 0.6345 | Grad Norm: 1.4973 | Clipped: 4/4
Epoch [3380/4000] | Avg Makespan: 270.25 | Actor Loss: -0.0021 | Critic Loss: 0.2099 | Grad Norm: 2.0336 | Clipped: 4/4
Epoch [3381/4000] | Avg Makespan: 263.75 | Actor Loss: -0.0020 | Critic Loss: 0.3873 | Grad Norm: 1.6851 | Clipped: 4/4
Epoch [3382/4000] | Avg Makespan: 254.75 | Actor Loss: -0.0021 | Critic Loss: 0.5180 | Grad Norm: 2.2118 | Clipped: 4/4
Epoch [3383/4000] | Avg Makespan: 278.50 | Actor Loss: -0.0052 | Critic Loss: 0.1861 | Grad Norm: 1.4186 | Clipped: 4/4
Epoch [3384/4000] | Avg Makespan: 266.25 | Actor Loss: -0.0025 | Critic Loss: 0.3118 | Grad Norm: 1.5675 | Clipped: 4/4
Epoch [3385/4000] | Avg Makespan: 257.00 | Actor Loss: -0.0036 | Critic Loss: 0.2826 | Grad Norm: 1.9497 | Clipped: 4/4
Epoch [3386/4000] | Avg Makespan: 269.00 | Actor Loss: -0.0023 | Critic Loss: 0.2122 | Grad Norm: 3.3120 | Clipped: 4/4
Epoch [3387/4000] | Avg Makespan: 276.75 | Actor Loss: -0.0036 | Critic Loss: 0.3509 | Grad Norm: 1.4930 | Clipped: 4/4
Epoch [3388/4000] | Avg Makespan: 261.50 | Actor Loss: -0.0030 | Critic Loss: 0.1631 | Grad Norm: 1.9261 | Clipped: 4/4
Epoch [3389/4000] | Avg Makespan: 267.50 | Actor Loss: -0.0029 | Critic Loss: 0.2027 | Grad Norm: 1.5160 | Clipped: 4/4
Epoch [3390/4000] | Avg Makespan: 275.50 | Actor Loss: -0.0026 | Critic Loss: 0.6443 | Grad Norm: 1.4930 | Clipped: 4/4
Epoch [3391/4000] | Avg Makespan: 272.50 | Actor Loss: -0.0036 | Critic Loss: 0.5351 | Grad Norm: 1.3906 | Clipped: 4/4
Epoch [3392/4000] | Avg Makespan: 276.25 | Actor Loss: -0.0017 | Critic Loss: 0.2169 | Grad Norm: 1.4438 | Clipped: 3/4
Epoch [3393/4000] | Avg Makespan: 269.25 | Actor Loss: -0.0019 | Critic Loss: 0.2100 | Grad Norm: 1.4950 | Clipped: 4/4
Epoch [3394/4000] | Avg Makespan: 277.50 | Actor Loss: -0.0022 | Critic Loss: 0.7194 | Grad Norm: 1.2197 | Clipped: 4/4
Epoch [3395/4000] | Avg Makespan: 273.50 | Actor Loss: -0.0038 | Critic Loss: 0.0809 | Grad Norm: 1.4445 | Clipped: 3/4
Epoch [3396/4000] | Avg Makespan: 279.50 | Actor Loss: -0.0027 | Critic Loss: 0.8441 | Grad Norm: 1.4513 | Clipped: 4/4
Epoch [3397/4000] | Avg Makespan: 261.75 | Actor Loss: -0.0039 | Critic Loss: 0.8121 | Grad Norm: 1.8223 | Clipped: 4/4
Epoch [3398/4000] | Avg Makespan: 269.00 | Actor Loss: -0.0027 | Critic Loss: 0.3099 | Grad Norm: 1.8123 | Clipped: 4/4
Epoch [3399/4000] | Avg Makespan: 265.75 | Actor Loss: -0.0031 | Critic Loss: 0.3684 | Grad Norm: 1.7309 | Clipped: 4/4
Epoch [3400/4000] | Avg Makespan: 260.25 | Actor Loss: -0.0034 | Critic Loss: 0.1637 | Grad Norm: 1.1318 | Clipped: 3/4
   -> Validation | Samples: 280 | Makespan: 581.23 | Invalid Jobs: 0.02 | Score: 602.66
   -> Saved new best model (Val C~ mean of last 5: 369.55; this eval 370.38)
   -> Saved updated training chart to /home/wei/Desktop/AMR-DFJSP/runs/20260827_083140_v10_B_s43/chart.png
Epoch [3401/4000] | Avg Makespan: 276.50 | Actor Loss: -0.0019 | Critic Loss: 0.6359 | Grad Norm: 2.7385 | Clipped: 4/4
Epoch [3402/4000] | Avg Makespan: 281.25 | Actor Loss: -0.0011 | Critic Loss: 0.3442 | Grad Norm: 2.0480 | Clipped: 4/4
Epoch [3403/4000] | Avg Makespan: 273.75 | Actor Loss: -0.0029 | Critic Loss: 0.2387 | Grad Norm: 1.3611 | Clipped: 4/4
Epoch [3404/4000] | Avg Makespan: 271.50 | Actor Loss: -0.0019 | Critic Loss: 0.2487 | Grad Norm: 1.8587 | Clipped: 4/4
Epoch [3405/4000] | Avg Makespan: 269.50 | Actor Loss: -0.0035 | Critic Loss: 0.1785 | Grad Norm: 1.9566 | Clipped: 4/4
Epoch [3406/4000] | Avg Makespan: 274.50 | Actor Loss: -0.0034 | Critic Loss: 0.1430 | Grad Norm: 1.5397 | Clipped: 3/4
Epoch [3407/4000] | Avg Makespan: 269.50 | Actor Loss: -0.0025 | Critic Loss: 0.2167 | Grad Norm: 2.4363 | Clipped: 4/4
Epoch [3408/4000] | Avg Makespan: 265.50 | Actor Loss: -0.0036 | Critic Loss: 0.2815 | Grad Norm: 1.5928 | Clipped: 4/4
Epoch [3409/4000] | Avg Makespan: 259.25 | Actor Loss: -0.0018 | Critic Loss: 0.2224 | Grad Norm: 2.0500 | Clipped: 4/4
Epoch [3410/4000] | Avg Makespan: 267.75 | Actor Loss: -0.0029 | Critic Loss: 0.4915 | Grad Norm: 1.9217 | Clipped: 4/4
Epoch [3411/4000] | Avg Makespan: 271.00 | Actor Loss: -0.0027 | Critic Loss: 0.7346 | Grad Norm: 2.1891 | Clipped: 4/4
Epoch [3412/4000] | Avg Makespan: 274.00 | Actor Loss: -0.0029 | Critic Loss: 0.6404 | Grad Norm: 1.8589 | Clipped: 4/4
Epoch [3413/4000] | Avg Makespan: 270.25 | Actor Loss: -0.0036 | Critic Loss: 0.4793 | Grad Norm: 1.7791 | Clipped: 4/4
Epoch [3414/4000] | Avg Makespan: 266.25 | Actor Loss: -0.0025 | Critic Loss: 0.2312 | Grad Norm: 1.6862 | Clipped: 4/4
Epoch [3415/4000] | Avg Makespan: 263.75 | Actor Loss: -0.0020 | Critic Loss: 0.4243 | Grad Norm: 1.7691 | Clipped: 4/4
Epoch [3416/4000] | Avg Makespan: 276.00 | Actor Loss: -0.0039 | Critic Loss: 0.0854 | Grad Norm: 1.2089 | Clipped: 2/4
Epoch [3417/4000] | Avg Makespan: 268.00 | Actor Loss: -0.0032 | Critic Loss: 0.2433 | Grad Norm: 1.3300 | Clipped: 4/4
Epoch [3418/4000] | Avg Makespan: 281.50 | Actor Loss: -0.0027 | Critic Loss: 0.3668 | Grad Norm: 2.0879 | Clipped: 4/4
Epoch [3419/4000] | Avg Makespan: 273.25 | Actor Loss: -0.0045 | Critic Loss: 0.8179 | Grad Norm: 1.7959 | Clipped: 4/4
Epoch [3420/4000] | Avg Makespan: 264.75 | Actor Loss: -0.0030 | Critic Loss: 0.1929 | Grad Norm: 1.4858 | Clipped: 4/4
Epoch [3421/4000] | Avg Makespan: 274.00 | Actor Loss: -0.0030 | Critic Loss: 0.3589 | Grad Norm: 1.5553 | Clipped: 4/4
Epoch [3422/4000] | Avg Makespan: 262.75 | Actor Loss: -0.0034 | Critic Loss: 0.6982 | Grad Norm: 2.0206 | Clipped: 4/4
Epoch [3423/4000] | Avg Makespan: 273.75 | Actor Loss: -0.0031 | Critic Loss: 0.1059 | Grad Norm: 1.6187 | Clipped: 4/4
Epoch [3424/4000] | Avg Makespan: 269.50 | Actor Loss: -0.0033 | Critic Loss: 0.4133 | Grad Norm: 1.7453 | Clipped: 4/4
Epoch [3425/4000] | Avg Makespan: 274.75 | Actor Loss: -0.0032 | Critic Loss: 0.2964 | Grad Norm: 1.7491 | Clipped: 4/4
Epoch [3426/4000] | Avg Makespan: 281.25 | Actor Loss: -0.0028 | Critic Loss: 0.6790 | Grad Norm: 1.8047 | Clipped: 4/4
Epoch [3427/4000] | Avg Makespan: 278.50 | Actor Loss: -0.0017 | Critic Loss: 0.2946 | Grad Norm: 1.4440 | Clipped: 4/4
Epoch [3428/4000] | Avg Makespan: 274.00 | Actor Loss: -0.0031 | Critic Loss: 0.3499 | Grad Norm: 3.1587 | Clipped: 4/4
Epoch [3429/4000] | Avg Makespan: 263.75 | Actor Loss: -0.0026 | Critic Loss: 0.2279 | Grad Norm: 2.1041 | Clipped: 4/4
Epoch [3430/4000] | Avg Makespan: 272.00 | Actor Loss: -0.0022 | Critic Loss: 0.4224 | Grad Norm: 1.9405 | Clipped: 4/4
Epoch [3431/4000] | Avg Makespan: 269.25 | Actor Loss: -0.0025 | Critic Loss: 0.3965 | Grad Norm: 1.3114 | Clipped: 3/4
Epoch [3432/4000] | Avg Makespan: 270.25 | Actor Loss: -0.0031 | Critic Loss: 0.2977 | Grad Norm: 1.8666 | Clipped: 4/4
Epoch [3433/4000] | Avg Makespan: 272.25 | Actor Loss: -0.0048 | Critic Loss: 0.2535 | Grad Norm: 1.5057 | Clipped: 4/4
Epoch [3434/4000] | Avg Makespan: 266.75 | Actor Loss: -0.0030 | Critic Loss: 0.5801 | Grad Norm: 2.1420 | Clipped: 4/4
Epoch [3435/4000] | Avg Makespan: 279.75 | Actor Loss: -0.0002 | Critic Loss: 0.2533 | Grad Norm: 2.3457 | Clipped: 4/4
Epoch [3436/4000] | Avg Makespan: 266.50 | Actor Loss: -0.0033 | Critic Loss: 0.2075 | Grad Norm: 1.3848 | Clipped: 4/4
Epoch [3437/4000] | Avg Makespan: 275.50 | Actor Loss: -0.0028 | Critic Loss: 0.1405 | Grad Norm: 1.3163 | Clipped: 4/4
Epoch [3438/4000] | Avg Makespan: 264.75 | Actor Loss: -0.0038 | Critic Loss: 0.5975 | Grad Norm: 1.7604 | Clipped: 4/4
Epoch [3439/4000] | Avg Makespan: 272.50 | Actor Loss: -0.0032 | Critic Loss: 0.3399 | Grad Norm: 1.3369 | Clipped: 4/4
Epoch [3440/4000] | Avg Makespan: 259.00 | Actor Loss: -0.0025 | Critic Loss: 0.3015 | Grad Norm: 2.4417 | Clipped: 4/4
Epoch [3441/4000] | Avg Makespan: 265.75 | Actor Loss: -0.0029 | Critic Loss: 0.3200 | Grad Norm: 2.3418 | Clipped: 4/4
Epoch [3442/4000] | Avg Makespan: 270.00 | Actor Loss: -0.0021 | Critic Loss: 0.3537 | Grad Norm: 1.8486 | Clipped: 4/4
Epoch [3443/4000] | Avg Makespan: 256.25 | Actor Loss: -0.0027 | Critic Loss: 0.3753 | Grad Norm: 1.5282 | Clipped: 4/4
Epoch [3444/4000] | Avg Makespan: 261.50 | Actor Loss: -0.0017 | Critic Loss: 0.7578 | Grad Norm: 2.0378 | Clipped: 4/4
Epoch [3445/4000] | Avg Makespan: 269.25 | Actor Loss: -0.0044 | Critic Loss: 0.2410 | Grad Norm: 1.8876 | Clipped: 4/4
Epoch [3446/4000] | Avg Makespan: 261.75 | Actor Loss: -0.0033 | Critic Loss: 0.1543 | Grad Norm: 1.3692 | Clipped: 4/4
Epoch [3447/4000] | Avg Makespan: 269.50 | Actor Loss: -0.0048 | Critic Loss: 0.3116 | Grad Norm: 1.6321 | Clipped: 4/4
Epoch [3448/4000] | Avg Makespan: 264.25 | Actor Loss: -0.0035 | Critic Loss: 0.3322 | Grad Norm: 2.0750 | Clipped: 4/4
Epoch [3449/4000] | Avg Makespan: 263.50 | Actor Loss: -0.0031 | Critic Loss: 0.2955 | Grad Norm: 1.6668 | Clipped: 4/4
Epoch [3450/4000] | Avg Makespan: 276.00 | Actor Loss: -0.0026 | Critic Loss: 0.6686 | Grad Norm: 1.9380 | Clipped: 4/4
Epoch [3451/4000] | Avg Makespan: 262.75 | Actor Loss: -0.0033 | Critic Loss: 0.5212 | Grad Norm: 1.3970 | Clipped: 4/4
Epoch [3452/4000] | Avg Makespan: 275.25 | Actor Loss: -0.0037 | Critic Loss: 0.1431 | Grad Norm: 1.4080 | Clipped: 3/4
Epoch [3453/4000] | Avg Makespan: 259.75 | Actor Loss: -0.0014 | Critic Loss: 0.1467 | Grad Norm: 1.5449 | Clipped: 4/4
Epoch [3454/4000] | Avg Makespan: 273.75 | Actor Loss: -0.0040 | Critic Loss: 0.5983 | Grad Norm: 2.3981 | Clipped: 4/4
Epoch [3455/4000] | Avg Makespan: 253.00 | Actor Loss: -0.0026 | Critic Loss: 0.2010 | Grad Norm: 1.3520 | Clipped: 4/4
Epoch [3456/4000] | Avg Makespan: 258.00 | Actor Loss: -0.0041 | Critic Loss: 0.4630 | Grad Norm: 1.8994 | Clipped: 4/4
Epoch [3457/4000] | Avg Makespan: 269.75 | Actor Loss: -0.0020 | Critic Loss: 0.6396 | Grad Norm: 1.8485 | Clipped: 4/4
Epoch [3458/4000] | Avg Makespan: 274.75 | Actor Loss: -0.0023 | Critic Loss: 0.7895 | Grad Norm: 1.3795 | Clipped: 4/4
Epoch [3459/4000] | Avg Makespan: 283.25 | Actor Loss: -0.0019 | Critic Loss: 0.2384 | Grad Norm: 1.5690 | Clipped: 4/4
Epoch [3460/4000] | Avg Makespan: 266.75 | Actor Loss: -0.0044 | Critic Loss: 0.1695 | Grad Norm: 2.1485 | Clipped: 4/4
Epoch [3461/4000] | Avg Makespan: 268.75 | Actor Loss: -0.0028 | Critic Loss: 0.3511 | Grad Norm: 1.5748 | Clipped: 4/4
Epoch [3462/4000] | Avg Makespan: 272.75 | Actor Loss: -0.0034 | Critic Loss: 0.3006 | Grad Norm: 1.6147 | Clipped: 3/4
Epoch [3463/4000] | Avg Makespan: 261.75 | Actor Loss: -0.0028 | Critic Loss: 0.3584 | Grad Norm: 1.6939 | Clipped: 4/4
Epoch [3464/4000] | Avg Makespan: 270.00 | Actor Loss: -0.0041 | Critic Loss: 0.2972 | Grad Norm: 1.6421 | Clipped: 4/4
Epoch [3465/4000] | Avg Makespan: 278.75 | Actor Loss: -0.0022 | Critic Loss: 0.5472 | Grad Norm: 2.5580 | Clipped: 4/4
Epoch [3466/4000] | Avg Makespan: 278.50 | Actor Loss: -0.0045 | Critic Loss: 0.2973 | Grad Norm: 1.7344 | Clipped: 4/4
Epoch [3467/4000] | Avg Makespan: 259.00 | Actor Loss: -0.0028 | Critic Loss: 0.4724 | Grad Norm: 1.4913 | Clipped: 4/4
Epoch [3468/4000] | Avg Makespan: 260.25 | Actor Loss: -0.0030 | Critic Loss: 0.5527 | Grad Norm: 1.7896 | Clipped: 4/4
Epoch [3469/4000] | Avg Makespan: 275.00 | Actor Loss: -0.0027 | Critic Loss: 0.3384 | Grad Norm: 1.2365 | Clipped: 4/4
Epoch [3470/4000] | Avg Makespan: 257.75 | Actor Loss: -0.0026 | Critic Loss: 0.5221 | Grad Norm: 2.1855 | Clipped: 4/4
Epoch [3471/4000] | Avg Makespan: 254.25 | Actor Loss: -0.0029 | Critic Loss: 0.4353 | Grad Norm: 1.7526 | Clipped: 4/4
Epoch [3472/4000] | Avg Makespan: 269.50 | Actor Loss: -0.0020 | Critic Loss: 0.6061 | Grad Norm: 1.3976 | Clipped: 4/4
Epoch [3473/4000] | Avg Makespan: 269.75 | Actor Loss: -0.0027 | Critic Loss: 0.1069 | Grad Norm: 1.5511 | Clipped: 4/4
Epoch [3474/4000] | Avg Makespan: 274.25 | Actor Loss: -0.0027 | Critic Loss: 0.4597 | Grad Norm: 1.8227 | Clipped: 4/4
Epoch [3475/4000] | Avg Makespan: 278.50 | Actor Loss: -0.0011 | Critic Loss: 0.5724 | Grad Norm: 2.4201 | Clipped: 4/4
Epoch [3476/4000] | Avg Makespan: 278.75 | Actor Loss: -0.0006 | Critic Loss: 1.2020 | Grad Norm: 1.8908 | Clipped: 4/4
Epoch [3477/4000] | Avg Makespan: 263.75 | Actor Loss: -0.0028 | Critic Loss: 0.4575 | Grad Norm: 1.4854 | Clipped: 4/4
Epoch [3478/4000] | Avg Makespan: 281.00 | Actor Loss: -0.0023 | Critic Loss: 0.5528 | Grad Norm: 2.1664 | Clipped: 4/4
Epoch [3479/4000] | Avg Makespan: 262.25 | Actor Loss: -0.0022 | Critic Loss: 0.3836 | Grad Norm: 1.2691 | Clipped: 4/4
Epoch [3480/4000] | Avg Makespan: 251.25 | Actor Loss: -0.0019 | Critic Loss: 0.5244 | Grad Norm: 2.1560 | Clipped: 4/4
Epoch [3481/4000] | Avg Makespan: 279.75 | Actor Loss: -0.0042 | Critic Loss: 0.3021 | Grad Norm: 1.4626 | Clipped: 3/4
Epoch [3482/4000] | Avg Makespan: 271.25 | Actor Loss: -0.0012 | Critic Loss: 0.2589 | Grad Norm: 1.8192 | Clipped: 4/4
Epoch [3483/4000] | Avg Makespan: 275.00 | Actor Loss: -0.0027 | Critic Loss: 0.2382 | Grad Norm: 1.9805 | Clipped: 4/4
Epoch [3484/4000] | Avg Makespan: 273.00 | Actor Loss: -0.0030 | Critic Loss: 1.2503 | Grad Norm: 1.4476 | Clipped: 4/4
Epoch [3485/4000] | Avg Makespan: 269.00 | Actor Loss: -0.0033 | Critic Loss: 0.7911 | Grad Norm: 1.9795 | Clipped: 4/4
Epoch [3486/4000] | Avg Makespan: 279.25 | Actor Loss: -0.0024 | Critic Loss: 0.2704 | Grad Norm: 1.2422 | Clipped: 4/4
Epoch [3487/4000] | Avg Makespan: 268.50 | Actor Loss: -0.0029 | Critic Loss: 0.2426 | Grad Norm: 2.0176 | Clipped: 4/4
Epoch [3488/4000] | Avg Makespan: 266.00 | Actor Loss: -0.0034 | Critic Loss: 0.3641 | Grad Norm: 1.6343 | Clipped: 4/4
Epoch [3489/4000] | Avg Makespan: 273.00 | Actor Loss: -0.0011 | Critic Loss: 0.3959 | Grad Norm: 1.8374 | Clipped: 4/4
Epoch [3490/4000] | Avg Makespan: 282.00 | Actor Loss: -0.0034 | Critic Loss: 0.3148 | Grad Norm: 1.5575 | Clipped: 4/4
Epoch [3491/4000] | Avg Makespan: 262.25 | Actor Loss: -0.0032 | Critic Loss: 0.1816 | Grad Norm: 1.4995 | Clipped: 4/4
Epoch [3492/4000] | Avg Makespan: 269.00 | Actor Loss: -0.0038 | Critic Loss: 0.1843 | Grad Norm: 1.6548 | Clipped: 4/4
Epoch [3493/4000] | Avg Makespan: 270.00 | Actor Loss: -0.0034 | Critic Loss: 0.0899 | Grad Norm: 1.5795 | Clipped: 4/4
Epoch [3494/4000] | Avg Makespan: 264.00 | Actor Loss: -0.0024 | Critic Loss: 0.2398 | Grad Norm: 1.6679 | Clipped: 4/4
Epoch [3495/4000] | Avg Makespan: 266.25 | Actor Loss: -0.0013 | Critic Loss: 0.2961 | Grad Norm: 1.3390 | Clipped: 4/4
Epoch [3496/4000] | Avg Makespan: 267.50 | Actor Loss: -0.0036 | Critic Loss: 0.3117 | Grad Norm: 1.3736 | Clipped: 4/4
Epoch [3497/4000] | Avg Makespan: 264.50 | Actor Loss: -0.0045 | Critic Loss: 0.3235 | Grad Norm: 1.9255 | Clipped: 4/4
Epoch [3498/4000] | Avg Makespan: 264.00 | Actor Loss: -0.0036 | Critic Loss: 0.4767 | Grad Norm: 1.5800 | Clipped: 4/4
Epoch [3499/4000] | Avg Makespan: 268.00 | Actor Loss: -0.0027 | Critic Loss: 0.2480 | Grad Norm: 1.4592 | Clipped: 4/4
Epoch [3500/4000] | Avg Makespan: 267.50 | Actor Loss: -0.0019 | Critic Loss: 0.4147 | Grad Norm: 1.6694 | Clipped: 4/4
   -> Validation | Samples: 280 | Makespan: 576.67 | Invalid Jobs: 0.01 | Score: 590.96
   -> Saved new best model (Val C~ mean of last 5: 369.49; this eval 367.94)
   -> Saved updated training chart to /home/wei/Desktop/AMR-DFJSP/runs/20260827_083140_v10_B_s43/chart.png
Epoch [3501/4000] | Avg Makespan: 264.50 | Actor Loss: -0.0041 | Critic Loss: 0.3652 | Grad Norm: 1.5467 | Clipped: 2/4
Epoch [3502/4000] | Avg Makespan: 260.25 | Actor Loss: 0.0001 | Critic Loss: 0.6632 | Grad Norm: 2.7051 | Clipped: 4/4
Epoch [3503/4000] | Avg Makespan: 264.50 | Actor Loss: -0.0023 | Critic Loss: 0.4145 | Grad Norm: 2.0232 | Clipped: 4/4
Epoch [3504/4000] | Avg Makespan: 278.75 | Actor Loss: -0.0041 | Critic Loss: 0.1936 | Grad Norm: 1.5622 | Clipped: 4/4
Epoch [3505/4000] | Avg Makespan: 267.50 | Actor Loss: -0.0033 | Critic Loss: 0.2417 | Grad Norm: 1.9731 | Clipped: 4/4
Epoch [3506/4000] | Avg Makespan: 260.50 | Actor Loss: -0.0018 | Critic Loss: 0.3472 | Grad Norm: 1.7254 | Clipped: 4/4
Epoch [3507/4000] | Avg Makespan: 262.50 | Actor Loss: -0.0039 | Critic Loss: 0.2664 | Grad Norm: 2.0560 | Clipped: 4/4
Epoch [3508/4000] | Avg Makespan: 270.00 | Actor Loss: -0.0021 | Critic Loss: 0.7301 | Grad Norm: 1.8006 | Clipped: 4/4
Epoch [3509/4000] | Avg Makespan: 279.50 | Actor Loss: -0.0025 | Critic Loss: 0.7443 | Grad Norm: 2.1400 | Clipped: 4/4
Epoch [3510/4000] | Avg Makespan: 268.50 | Actor Loss: -0.0003 | Critic Loss: 0.1485 | Grad Norm: 1.4441 | Clipped: 4/4
Epoch [3511/4000] | Avg Makespan: 268.75 | Actor Loss: -0.0024 | Critic Loss: 0.2858 | Grad Norm: 1.7957 | Clipped: 4/4
Epoch [3512/4000] | Avg Makespan: 269.50 | Actor Loss: -0.0022 | Critic Loss: 0.2001 | Grad Norm: 1.1050 | Clipped: 3/4
Epoch [3513/4000] | Avg Makespan: 280.25 | Actor Loss: -0.0037 | Critic Loss: 0.7532 | Grad Norm: 1.6911 | Clipped: 4/4
Epoch [3514/4000] | Avg Makespan: 275.75 | Actor Loss: -0.0034 | Critic Loss: 0.9870 | Grad Norm: 1.8091 | Clipped: 4/4
Epoch [3515/4000] | Avg Makespan: 258.75 | Actor Loss: -0.0028 | Critic Loss: 0.3127 | Grad Norm: 1.6826 | Clipped: 4/4
Epoch [3516/4000] | Avg Makespan: 263.00 | Actor Loss: -0.0031 | Critic Loss: 0.6457 | Grad Norm: 1.4951 | Clipped: 4/4
Epoch [3517/4000] | Avg Makespan: 273.25 | Actor Loss: -0.0047 | Critic Loss: 0.2815 | Grad Norm: 1.2704 | Clipped: 3/4
Epoch [3518/4000] | Avg Makespan: 279.00 | Actor Loss: -0.0017 | Critic Loss: 0.2526 | Grad Norm: 1.7114 | Clipped: 4/4
Epoch [3519/4000] | Avg Makespan: 254.50 | Actor Loss: -0.0026 | Critic Loss: 0.4797 | Grad Norm: 1.9772 | Clipped: 4/4
Epoch [3520/4000] | Avg Makespan: 266.25 | Actor Loss: -0.0039 | Critic Loss: 0.1375 | Grad Norm: 1.6597 | Clipped: 4/4
Epoch [3521/4000] | Avg Makespan: 259.25 | Actor Loss: -0.0019 | Critic Loss: 0.4348 | Grad Norm: 1.4066 | Clipped: 4/4
Epoch [3522/4000] | Avg Makespan: 272.50 | Actor Loss: -0.0019 | Critic Loss: 0.2680 | Grad Norm: 1.5042 | Clipped: 4/4
Epoch [3523/4000] | Avg Makespan: 262.00 | Actor Loss: -0.0021 | Critic Loss: 0.3336 | Grad Norm: 1.4735 | Clipped: 4/4
Epoch [3524/4000] | Avg Makespan: 271.50 | Actor Loss: -0.0038 | Critic Loss: 0.2687 | Grad Norm: 1.6636 | Clipped: 4/4
Epoch [3525/4000] | Avg Makespan: 274.25 | Actor Loss: -0.0025 | Critic Loss: 0.2133 | Grad Norm: 1.2130 | Clipped: 4/4
Epoch [3526/4000] | Avg Makespan: 273.00 | Actor Loss: -0.0028 | Critic Loss: 0.4658 | Grad Norm: 1.5791 | Clipped: 4/4
Epoch [3527/4000] | Avg Makespan: 263.25 | Actor Loss: -0.0035 | Critic Loss: 0.5094 | Grad Norm: 1.3287 | Clipped: 4/4
Epoch [3528/4000] | Avg Makespan: 264.00 | Actor Loss: -0.0018 | Critic Loss: 0.1373 | Grad Norm: 1.6327 | Clipped: 4/4
Epoch [3529/4000] | Avg Makespan: 276.25 | Actor Loss: -0.0027 | Critic Loss: 0.3493 | Grad Norm: 1.3362 | Clipped: 4/4
Epoch [3530/4000] | Avg Makespan: 271.50 | Actor Loss: -0.0016 | Critic Loss: 0.0886 | Grad Norm: 1.5970 | Clipped: 4/4
Epoch [3531/4000] | Avg Makespan: 267.00 | Actor Loss: -0.0046 | Critic Loss: 0.3666 | Grad Norm: 1.2914 | Clipped: 3/4
Epoch [3532/4000] | Avg Makespan: 282.00 | Actor Loss: -0.0016 | Critic Loss: 0.2094 | Grad Norm: 2.1478 | Clipped: 4/4
Epoch [3533/4000] | Avg Makespan: 271.25 | Actor Loss: -0.0043 | Critic Loss: 0.3391 | Grad Norm: 1.5359 | Clipped: 3/4
Epoch [3534/4000] | Avg Makespan: 275.25 | Actor Loss: 0.0004 | Critic Loss: 0.1943 | Grad Norm: 2.1476 | Clipped: 4/4
Epoch [3535/4000] | Avg Makespan: 277.75 | Actor Loss: -0.0022 | Critic Loss: 0.0580 | Grad Norm: 1.6736 | Clipped: 4/4
Epoch [3536/4000] | Avg Makespan: 277.25 | Actor Loss: -0.0027 | Critic Loss: 0.4410 | Grad Norm: 1.6698 | Clipped: 4/4
Epoch [3537/4000] | Avg Makespan: 254.75 | Actor Loss: -0.0023 | Critic Loss: 0.7787 | Grad Norm: 2.6658 | Clipped: 4/4
Epoch [3538/4000] | Avg Makespan: 259.25 | Actor Loss: -0.0022 | Critic Loss: 0.3152 | Grad Norm: 1.4588 | Clipped: 4/4
Epoch [3539/4000] | Avg Makespan: 274.50 | Actor Loss: -0.0045 | Critic Loss: 0.3179 | Grad Norm: 1.6932 | Clipped: 4/4
Epoch [3540/4000] | Avg Makespan: 272.50 | Actor Loss: -0.0047 | Critic Loss: 0.2824 | Grad Norm: 1.6747 | Clipped: 4/4
Epoch [3541/4000] | Avg Makespan: 275.75 | Actor Loss: -0.0006 | Critic Loss: 0.2615 | Grad Norm: 2.1304 | Clipped: 4/4
Epoch [3542/4000] | Avg Makespan: 271.00 | Actor Loss: -0.0031 | Critic Loss: 0.2639 | Grad Norm: 1.2077 | Clipped: 4/4
Epoch [3543/4000] | Avg Makespan: 273.75 | Actor Loss: -0.0021 | Critic Loss: 0.5374 | Grad Norm: 1.2110 | Clipped: 4/4
Epoch [3544/4000] | Avg Makespan: 273.75 | Actor Loss: -0.0007 | Critic Loss: 0.4773 | Grad Norm: 1.4584 | Clipped: 4/4
Epoch [3545/4000] | Avg Makespan: 271.50 | Actor Loss: -0.0029 | Critic Loss: 0.4851 | Grad Norm: 1.4801 | Clipped: 4/4
Epoch [3546/4000] | Avg Makespan: 254.00 | Actor Loss: -0.0012 | Critic Loss: 0.5539 | Grad Norm: 2.2812 | Clipped: 4/4
Epoch [3547/4000] | Avg Makespan: 269.00 | Actor Loss: -0.0018 | Critic Loss: 0.2196 | Grad Norm: 2.3571 | Clipped: 4/4
Epoch [3548/4000] | Avg Makespan: 271.00 | Actor Loss: -0.0027 | Critic Loss: 0.2509 | Grad Norm: 1.6777 | Clipped: 4/4
Epoch [3549/4000] | Avg Makespan: 266.50 | Actor Loss: -0.0023 | Critic Loss: 0.2187 | Grad Norm: 1.7144 | Clipped: 4/4
Epoch [3550/4000] | Avg Makespan: 266.50 | Actor Loss: -0.0023 | Critic Loss: 0.2375 | Grad Norm: 1.5047 | Clipped: 4/4
Epoch [3551/4000] | Avg Makespan: 264.25 | Actor Loss: -0.0016 | Critic Loss: 0.2122 | Grad Norm: 2.3496 | Clipped: 4/4
Epoch [3552/4000] | Avg Makespan: 284.75 | Actor Loss: -0.0017 | Critic Loss: 0.3287 | Grad Norm: 2.0652 | Clipped: 4/4
Epoch [3553/4000] | Avg Makespan: 261.75 | Actor Loss: -0.0024 | Critic Loss: 0.2743 | Grad Norm: 1.6714 | Clipped: 4/4
Epoch [3554/4000] | Avg Makespan: 281.25 | Actor Loss: -0.0019 | Critic Loss: 1.0725 | Grad Norm: 1.9624 | Clipped: 4/4
Epoch [3555/4000] | Avg Makespan: 267.50 | Actor Loss: -0.0021 | Critic Loss: 0.2736 | Grad Norm: 1.8139 | Clipped: 4/4
Epoch [3556/4000] | Avg Makespan: 275.50 | Actor Loss: -0.0027 | Critic Loss: 0.1426 | Grad Norm: 1.3349 | Clipped: 3/4
Epoch [3557/4000] | Avg Makespan: 270.50 | Actor Loss: -0.0033 | Critic Loss: 0.2874 | Grad Norm: 1.7085 | Clipped: 4/4
Epoch [3558/4000] | Avg Makespan: 255.50 | Actor Loss: -0.0029 | Critic Loss: 0.2194 | Grad Norm: 1.7204 | Clipped: 4/4
Epoch [3559/4000] | Avg Makespan: 276.75 | Actor Loss: -0.0034 | Critic Loss: 0.3720 | Grad Norm: 1.6292 | Clipped: 4/4
Epoch [3560/4000] | Avg Makespan: 277.25 | Actor Loss: -0.0025 | Critic Loss: 0.6087 | Grad Norm: 1.2466 | Clipped: 4/4
Epoch [3561/4000] | Avg Makespan: 259.75 | Actor Loss: -0.0032 | Critic Loss: 0.3795 | Grad Norm: 2.8899 | Clipped: 4/4
Epoch [3562/4000] | Avg Makespan: 274.00 | Actor Loss: -0.0036 | Critic Loss: 0.1582 | Grad Norm: 1.6020 | Clipped: 4/4
Epoch [3563/4000] | Avg Makespan: 263.50 | Actor Loss: -0.0032 | Critic Loss: 0.6642 | Grad Norm: 1.6788 | Clipped: 4/4
Epoch [3564/4000] | Avg Makespan: 261.50 | Actor Loss: -0.0029 | Critic Loss: 0.3599 | Grad Norm: 1.8463 | Clipped: 4/4
Epoch [3565/4000] | Avg Makespan: 274.75 | Actor Loss: -0.0019 | Critic Loss: 0.6643 | Grad Norm: 2.2662 | Clipped: 4/4
Epoch [3566/4000] | Avg Makespan: 268.75 | Actor Loss: -0.0027 | Critic Loss: 0.2844 | Grad Norm: 1.0636 | Clipped: 3/4
Epoch [3567/4000] | Avg Makespan: 270.50 | Actor Loss: -0.0022 | Critic Loss: 0.3088 | Grad Norm: 1.6625 | Clipped: 4/4
Epoch [3568/4000] | Avg Makespan: 269.75 | Actor Loss: -0.0021 | Critic Loss: 0.2636 | Grad Norm: 2.0002 | Clipped: 4/4
Epoch [3569/4000] | Avg Makespan: 279.75 | Actor Loss: -0.0020 | Critic Loss: 1.1477 | Grad Norm: 1.5611 | Clipped: 4/4
Epoch [3570/4000] | Avg Makespan: 267.50 | Actor Loss: -0.0027 | Critic Loss: 0.3066 | Grad Norm: 2.3945 | Clipped: 4/4
Epoch [3571/4000] | Avg Makespan: 271.75 | Actor Loss: -0.0024 | Critic Loss: 0.3647 | Grad Norm: 1.7858 | Clipped: 4/4
Epoch [3572/4000] | Avg Makespan: 265.25 | Actor Loss: -0.0028 | Critic Loss: 0.7300 | Grad Norm: 1.6690 | Clipped: 4/4
Epoch [3573/4000] | Avg Makespan: 270.25 | Actor Loss: -0.0031 | Critic Loss: 0.2253 | Grad Norm: 1.8884 | Clipped: 4/4
Epoch [3574/4000] | Avg Makespan: 261.25 | Actor Loss: -0.0018 | Critic Loss: 1.1996 | Grad Norm: 2.0285 | Clipped: 4/4
Epoch [3575/4000] | Avg Makespan: 259.25 | Actor Loss: -0.0036 | Critic Loss: 0.3561 | Grad Norm: 1.6620 | Clipped: 4/4
Epoch [3576/4000] | Avg Makespan: 267.25 | Actor Loss: -0.0028 | Critic Loss: 0.3461 | Grad Norm: 1.5822 | Clipped: 3/4
Epoch [3577/4000] | Avg Makespan: 271.00 | Actor Loss: -0.0041 | Critic Loss: 0.2223 | Grad Norm: 1.3099 | Clipped: 4/4
Epoch [3578/4000] | Avg Makespan: 275.50 | Actor Loss: -0.0035 | Critic Loss: 0.3717 | Grad Norm: 1.4762 | Clipped: 4/4
Epoch [3579/4000] | Avg Makespan: 266.25 | Actor Loss: -0.0045 | Critic Loss: 0.1305 | Grad Norm: 1.3864 | Clipped: 3/4
Epoch [3580/4000] | Avg Makespan: 272.00 | Actor Loss: -0.0045 | Critic Loss: 0.1055 | Grad Norm: 1.3359 | Clipped: 4/4
Epoch [3581/4000] | Avg Makespan: 272.00 | Actor Loss: -0.0028 | Critic Loss: 0.2229 | Grad Norm: 1.6110 | Clipped: 4/4
Epoch [3582/4000] | Avg Makespan: 275.00 | Actor Loss: -0.0033 | Critic Loss: 0.4865 | Grad Norm: 1.2256 | Clipped: 4/4
Epoch [3583/4000] | Avg Makespan: 265.50 | Actor Loss: -0.0027 | Critic Loss: 0.4302 | Grad Norm: 1.3238 | Clipped: 2/4
Epoch [3584/4000] | Avg Makespan: 265.50 | Actor Loss: -0.0034 | Critic Loss: 0.1982 | Grad Norm: 2.6209 | Clipped: 4/4
Epoch [3585/4000] | Avg Makespan: 257.00 | Actor Loss: -0.0035 | Critic Loss: 0.3017 | Grad Norm: 1.5710 | Clipped: 4/4
Epoch [3586/4000] | Avg Makespan: 264.00 | Actor Loss: -0.0022 | Critic Loss: 0.4931 | Grad Norm: 1.7758 | Clipped: 4/4
Epoch [3587/4000] | Avg Makespan: 268.25 | Actor Loss: -0.0039 | Critic Loss: 0.8001 | Grad Norm: 1.3270 | Clipped: 3/4
Epoch [3588/4000] | Avg Makespan: 271.00 | Actor Loss: -0.0031 | Critic Loss: 0.5406 | Grad Norm: 1.7050 | Clipped: 4/4
Epoch [3589/4000] | Avg Makespan: 273.75 | Actor Loss: -0.0026 | Critic Loss: 0.5569 | Grad Norm: 1.5868 | Clipped: 4/4
Epoch [3590/4000] | Avg Makespan: 265.00 | Actor Loss: -0.0036 | Critic Loss: 0.7470 | Grad Norm: 1.5365 | Clipped: 4/4
Epoch [3591/4000] | Avg Makespan: 277.00 | Actor Loss: -0.0029 | Critic Loss: 0.4129 | Grad Norm: 1.8881 | Clipped: 4/4
Epoch [3592/4000] | Avg Makespan: 273.25 | Actor Loss: -0.0027 | Critic Loss: 0.1999 | Grad Norm: 1.2506 | Clipped: 4/4
Epoch [3593/4000] | Avg Makespan: 275.25 | Actor Loss: -0.0036 | Critic Loss: 0.3269 | Grad Norm: 1.2863 | Clipped: 4/4
Epoch [3594/4000] | Avg Makespan: 265.00 | Actor Loss: -0.0016 | Critic Loss: 0.3743 | Grad Norm: 1.5149 | Clipped: 4/4
Epoch [3595/4000] | Avg Makespan: 273.00 | Actor Loss: -0.0026 | Critic Loss: 0.6886 | Grad Norm: 1.6264 | Clipped: 4/4
Epoch [3596/4000] | Avg Makespan: 268.00 | Actor Loss: -0.0023 | Critic Loss: 0.5140 | Grad Norm: 1.3170 | Clipped: 4/4
Epoch [3597/4000] | Avg Makespan: 273.75 | Actor Loss: -0.0028 | Critic Loss: 0.3360 | Grad Norm: 1.1516 | Clipped: 3/4
Epoch [3598/4000] | Avg Makespan: 271.25 | Actor Loss: -0.0024 | Critic Loss: 0.1900 | Grad Norm: 1.3696 | Clipped: 4/4
Epoch [3599/4000] | Avg Makespan: 260.50 | Actor Loss: -0.0028 | Critic Loss: 0.4441 | Grad Norm: 1.9774 | Clipped: 4/4
Epoch [3600/4000] | Avg Makespan: 262.00 | Actor Loss: -0.0016 | Critic Loss: 0.3600 | Grad Norm: 1.8351 | Clipped: 4/4
   -> Validation | Samples: 280 | Makespan: 599.89 | Invalid Jobs: 0.04 | Score: 642.75
   -> Saved updated training chart to /home/wei/Desktop/AMR-DFJSP/runs/20260827_083140_v10_B_s43/chart.png
Epoch [3601/4000] | Avg Makespan: 277.25 | Actor Loss: -0.0029 | Critic Loss: 0.1429 | Grad Norm: 1.5186 | Clipped: 4/4
Epoch [3602/4000] | Avg Makespan: 245.00 | Actor Loss: -0.0019 | Critic Loss: 0.8627 | Grad Norm: 2.9349 | Clipped: 4/4
Epoch [3603/4000] | Avg Makespan: 274.25 | Actor Loss: -0.0025 | Critic Loss: 0.7089 | Grad Norm: 1.7700 | Clipped: 4/4
Epoch [3604/4000] | Avg Makespan: 272.25 | Actor Loss: -0.0019 | Critic Loss: 0.3364 | Grad Norm: 1.4334 | Clipped: 4/4
Epoch [3605/4000] | Avg Makespan: 262.00 | Actor Loss: -0.0029 | Critic Loss: 0.3024 | Grad Norm: 1.3996 | Clipped: 4/4
Epoch [3606/4000] | Avg Makespan: 273.75 | Actor Loss: -0.0026 | Critic Loss: 0.5276 | Grad Norm: 1.0636 | Clipped: 2/4
Epoch [3607/4000] | Avg Makespan: 272.00 | Actor Loss: -0.0033 | Critic Loss: 0.4263 | Grad Norm: 1.4957 | Clipped: 4/4
Epoch [3608/4000] | Avg Makespan: 271.00 | Actor Loss: -0.0025 | Critic Loss: 0.3291 | Grad Norm: 1.1448 | Clipped: 4/4
Epoch [3609/4000] | Avg Makespan: 262.00 | Actor Loss: -0.0032 | Critic Loss: 0.2549 | Grad Norm: 2.3233 | Clipped: 4/4
Epoch [3610/4000] | Avg Makespan: 268.00 | Actor Loss: -0.0030 | Critic Loss: 0.1656 | Grad Norm: 1.2141 | Clipped: 4/4
Epoch [3611/4000] | Avg Makespan: 264.25 | Actor Loss: -0.0030 | Critic Loss: 0.3727 | Grad Norm: 1.4760 | Clipped: 4/4
Epoch [3612/4000] | Avg Makespan: 279.75 | Actor Loss: -0.0014 | Critic Loss: 0.6024 | Grad Norm: 1.9140 | Clipped: 4/4
Epoch [3613/4000] | Avg Makespan: 258.50 | Actor Loss: -0.0025 | Critic Loss: 0.2515 | Grad Norm: 1.6829 | Clipped: 4/4
Epoch [3614/4000] | Avg Makespan: 272.25 | Actor Loss: -0.0028 | Critic Loss: 0.3632 | Grad Norm: 2.0757 | Clipped: 4/4
Epoch [3615/4000] | Avg Makespan: 262.75 | Actor Loss: -0.0029 | Critic Loss: 0.4702 | Grad Norm: 1.6344 | Clipped: 4/4
Epoch [3616/4000] | Avg Makespan: 273.25 | Actor Loss: -0.0031 | Critic Loss: 0.6386 | Grad Norm: 1.9097 | Clipped: 4/4
Epoch [3617/4000] | Avg Makespan: 252.25 | Actor Loss: -0.0029 | Critic Loss: 0.6789 | Grad Norm: 1.5755 | Clipped: 4/4
Epoch [3618/4000] | Avg Makespan: 265.50 | Actor Loss: -0.0024 | Critic Loss: 0.5728 | Grad Norm: 1.4177 | Clipped: 4/4
Epoch [3619/4000] | Avg Makespan: 262.50 | Actor Loss: -0.0035 | Critic Loss: 0.5592 | Grad Norm: 1.8318 | Clipped: 4/4
Epoch [3620/4000] | Avg Makespan: 270.25 | Actor Loss: -0.0030 | Critic Loss: 0.4469 | Grad Norm: 1.8024 | Clipped: 4/4
Epoch [3621/4000] | Avg Makespan: 264.75 | Actor Loss: -0.0019 | Critic Loss: 0.3399 | Grad Norm: 1.9472 | Clipped: 4/4
Epoch [3622/4000] | Avg Makespan: 270.00 | Actor Loss: -0.0025 | Critic Loss: 0.1609 | Grad Norm: 1.0443 | Clipped: 2/4
Epoch [3623/4000] | Avg Makespan: 271.75 | Actor Loss: -0.0028 | Critic Loss: 0.2067 | Grad Norm: 1.4789 | Clipped: 4/4
Epoch [3624/4000] | Avg Makespan: 265.25 | Actor Loss: -0.0033 | Critic Loss: 0.2473 | Grad Norm: 1.9310 | Clipped: 4/4
Epoch [3625/4000] | Avg Makespan: 274.50 | Actor Loss: -0.0006 | Critic Loss: 0.4105 | Grad Norm: 2.2954 | Clipped: 4/4
Epoch [3626/4000] | Avg Makespan: 265.50 | Actor Loss: -0.0029 | Critic Loss: 0.6437 | Grad Norm: 1.4660 | Clipped: 4/4
Epoch [3627/4000] | Avg Makespan: 277.00 | Actor Loss: -0.0024 | Critic Loss: 0.2925 | Grad Norm: 2.0701 | Clipped: 4/4
Epoch [3628/4000] | Avg Makespan: 281.75 | Actor Loss: -0.0020 | Critic Loss: 0.7778 | Grad Norm: 1.4090 | Clipped: 4/4
Epoch [3629/4000] | Avg Makespan: 281.75 | Actor Loss: -0.0029 | Critic Loss: 0.7416 | Grad Norm: 1.8327 | Clipped: 4/4
Epoch [3630/4000] | Avg Makespan: 270.75 | Actor Loss: -0.0022 | Critic Loss: 0.5131 | Grad Norm: 1.7469 | Clipped: 4/4
Epoch [3631/4000] | Avg Makespan: 263.75 | Actor Loss: -0.0026 | Critic Loss: 0.5356 | Grad Norm: 1.4841 | Clipped: 4/4
Epoch [3632/4000] | Avg Makespan: 254.50 | Actor Loss: 0.0004 | Critic Loss: 0.6746 | Grad Norm: 2.0344 | Clipped: 4/4
Epoch [3633/4000] | Avg Makespan: 277.25 | Actor Loss: -0.0026 | Critic Loss: 0.2804 | Grad Norm: 1.6443 | Clipped: 4/4
Epoch [3634/4000] | Avg Makespan: 271.50 | Actor Loss: -0.0024 | Critic Loss: 0.2074 | Grad Norm: 1.7668 | Clipped: 4/4
Epoch [3635/4000] | Avg Makespan: 273.75 | Actor Loss: -0.0024 | Critic Loss: 0.1708 | Grad Norm: 1.1918 | Clipped: 2/4
Epoch [3636/4000] | Avg Makespan: 265.75 | Actor Loss: -0.0035 | Critic Loss: 0.1439 | Grad Norm: 1.4492 | Clipped: 4/4
Epoch [3637/4000] | Avg Makespan: 271.50 | Actor Loss: -0.0027 | Critic Loss: 0.6121 | Grad Norm: 1.4042 | Clipped: 4/4
Epoch [3638/4000] | Avg Makespan: 268.00 | Actor Loss: -0.0013 | Critic Loss: 0.2111 | Grad Norm: 1.5087 | Clipped: 4/4
Epoch [3639/4000] | Avg Makespan: 276.75 | Actor Loss: -0.0033 | Critic Loss: 0.2309 | Grad Norm: 1.2466 | Clipped: 3/4
Epoch [3640/4000] | Avg Makespan: 261.75 | Actor Loss: -0.0019 | Critic Loss: 0.5572 | Grad Norm: 2.1250 | Clipped: 4/4
Epoch [3641/4000] | Avg Makespan: 259.75 | Actor Loss: -0.0031 | Critic Loss: 0.6211 | Grad Norm: 1.7801 | Clipped: 4/4
Epoch [3642/4000] | Avg Makespan: 283.00 | Actor Loss: -0.0027 | Critic Loss: 0.3880 | Grad Norm: 1.6669 | Clipped: 4/4
Epoch [3643/4000] | Avg Makespan: 267.75 | Actor Loss: -0.0026 | Critic Loss: 0.3944 | Grad Norm: 2.0151 | Clipped: 4/4
Epoch [3644/4000] | Avg Makespan: 261.25 | Actor Loss: -0.0027 | Critic Loss: 0.3553 | Grad Norm: 1.4648 | Clipped: 4/4
Epoch [3645/4000] | Avg Makespan: 266.75 | Actor Loss: -0.0025 | Critic Loss: 0.1597 | Grad Norm: 1.2442 | Clipped: 3/4
Epoch [3646/4000] | Avg Makespan: 265.75 | Actor Loss: -0.0031 | Critic Loss: 0.2114 | Grad Norm: 1.6746 | Clipped: 4/4
Epoch [3647/4000] | Avg Makespan: 276.25 | Actor Loss: -0.0025 | Critic Loss: 0.2571 | Grad Norm: 1.5223 | Clipped: 4/4
Epoch [3648/4000] | Avg Makespan: 270.00 | Actor Loss: -0.0020 | Critic Loss: 0.3708 | Grad Norm: 1.7806 | Clipped: 4/4
Epoch [3649/4000] | Avg Makespan: 262.75 | Actor Loss: -0.0043 | Critic Loss: 0.5373 | Grad Norm: 1.8572 | Clipped: 4/4
Epoch [3650/4000] | Avg Makespan: 263.50 | Actor Loss: -0.0031 | Critic Loss: 0.4280 | Grad Norm: 1.5053 | Clipped: 4/4
Epoch [3651/4000] | Avg Makespan: 284.50 | Actor Loss: -0.0026 | Critic Loss: 0.1227 | Grad Norm: 1.7530 | Clipped: 4/4
Epoch [3652/4000] | Avg Makespan: 263.50 | Actor Loss: -0.0032 | Critic Loss: 0.2415 | Grad Norm: 1.5381 | Clipped: 4/4
Epoch [3653/4000] | Avg Makespan: 295.25 | Actor Loss: -0.0015 | Critic Loss: 0.7979 | Grad Norm: 1.8140 | Clipped: 4/4
Epoch [3654/4000] | Avg Makespan: 271.75 | Actor Loss: -0.0020 | Critic Loss: 0.1595 | Grad Norm: 1.5355 | Clipped: 4/4
Epoch [3655/4000] | Avg Makespan: 276.50 | Actor Loss: -0.0016 | Critic Loss: 0.1555 | Grad Norm: 2.5987 | Clipped: 4/4
Epoch [3656/4000] | Avg Makespan: 268.50 | Actor Loss: -0.0028 | Critic Loss: 0.3220 | Grad Norm: 1.3903 | Clipped: 4/4
Epoch [3657/4000] | Avg Makespan: 271.50 | Actor Loss: -0.0025 | Critic Loss: 0.6716 | Grad Norm: 1.5021 | Clipped: 4/4
Epoch [3658/4000] | Avg Makespan: 276.50 | Actor Loss: -0.0026 | Critic Loss: 0.4665 | Grad Norm: 1.6898 | Clipped: 4/4
Epoch [3659/4000] | Avg Makespan: 277.00 | Actor Loss: -0.0035 | Critic Loss: 0.5327 | Grad Norm: 1.5751 | Clipped: 4/4
Epoch [3660/4000] | Avg Makespan: 262.75 | Actor Loss: -0.0026 | Critic Loss: 0.4576 | Grad Norm: 1.6194 | Clipped: 4/4
Epoch [3661/4000] | Avg Makespan: 264.00 | Actor Loss: -0.0022 | Critic Loss: 0.3110 | Grad Norm: 1.4936 | Clipped: 4/4
Epoch [3662/4000] | Avg Makespan: 258.50 | Actor Loss: -0.0026 | Critic Loss: 0.5829 | Grad Norm: 1.7026 | Clipped: 4/4
Epoch [3663/4000] | Avg Makespan: 275.75 | Actor Loss: -0.0026 | Critic Loss: 0.3177 | Grad Norm: 1.7950 | Clipped: 4/4
Epoch [3664/4000] | Avg Makespan: 259.25 | Actor Loss: -0.0021 | Critic Loss: 0.3326 | Grad Norm: 1.8705 | Clipped: 4/4
Epoch [3665/4000] | Avg Makespan: 262.50 | Actor Loss: -0.0031 | Critic Loss: 0.3288 | Grad Norm: 1.7627 | Clipped: 4/4
Epoch [3666/4000] | Avg Makespan: 274.25 | Actor Loss: -0.0026 | Critic Loss: 0.5872 | Grad Norm: 1.1769 | Clipped: 4/4
Epoch [3667/4000] | Avg Makespan: 267.75 | Actor Loss: -0.0037 | Critic Loss: 0.5563 | Grad Norm: 2.0394 | Clipped: 4/4
Epoch [3668/4000] | Avg Makespan: 274.00 | Actor Loss: -0.0027 | Critic Loss: 0.5286 | Grad Norm: 2.4436 | Clipped: 4/4
Epoch [3669/4000] | Avg Makespan: 278.25 | Actor Loss: -0.0026 | Critic Loss: 0.3618 | Grad Norm: 1.6881 | Clipped: 4/4
Epoch [3670/4000] | Avg Makespan: 267.50 | Actor Loss: -0.0013 | Critic Loss: 0.3398 | Grad Norm: 1.5406 | Clipped: 4/4
Epoch [3671/4000] | Avg Makespan: 276.50 | Actor Loss: -0.0028 | Critic Loss: 0.3178 | Grad Norm: 1.1551 | Clipped: 3/4
Epoch [3672/4000] | Avg Makespan: 258.75 | Actor Loss: -0.0019 | Critic Loss: 0.4262 | Grad Norm: 1.4849 | Clipped: 4/4
Epoch [3673/4000] | Avg Makespan: 282.25 | Actor Loss: -0.0029 | Critic Loss: 0.5007 | Grad Norm: 2.1330 | Clipped: 4/4
Epoch [3674/4000] | Avg Makespan: 271.50 | Actor Loss: -0.0017 | Critic Loss: 0.1867 | Grad Norm: 1.1020 | Clipped: 2/4
Epoch [3675/4000] | Avg Makespan: 267.25 | Actor Loss: -0.0026 | Critic Loss: 0.5424 | Grad Norm: 1.7592 | Clipped: 4/4
Epoch [3676/4000] | Avg Makespan: 280.50 | Actor Loss: -0.0020 | Critic Loss: 0.3265 | Grad Norm: 1.5291 | Clipped: 4/4
Epoch [3677/4000] | Avg Makespan: 266.75 | Actor Loss: -0.0036 | Critic Loss: 0.5354 | Grad Norm: 1.1214 | Clipped: 4/4
Epoch [3678/4000] | Avg Makespan: 266.75 | Actor Loss: -0.0022 | Critic Loss: 0.5781 | Grad Norm: 1.6391 | Clipped: 4/4
Epoch [3679/4000] | Avg Makespan: 262.50 | Actor Loss: -0.0025 | Critic Loss: 0.4228 | Grad Norm: 1.5836 | Clipped: 4/4
Epoch [3680/4000] | Avg Makespan: 267.50 | Actor Loss: -0.0033 | Critic Loss: 0.5102 | Grad Norm: 1.7490 | Clipped: 4/4
Epoch [3681/4000] | Avg Makespan: 275.50 | Actor Loss: -0.0024 | Critic Loss: 0.1145 | Grad Norm: 1.1748 | Clipped: 4/4
Epoch [3682/4000] | Avg Makespan: 284.75 | Actor Loss: -0.0032 | Critic Loss: 0.5613 | Grad Norm: 1.7043 | Clipped: 4/4
Epoch [3683/4000] | Avg Makespan: 259.75 | Actor Loss: -0.0032 | Critic Loss: 0.2710 | Grad Norm: 1.5201 | Clipped: 4/4
Epoch [3684/4000] | Avg Makespan: 277.25 | Actor Loss: -0.0027 | Critic Loss: 0.5151 | Grad Norm: 1.7615 | Clipped: 4/4
Epoch [3685/4000] | Avg Makespan: 275.50 | Actor Loss: -0.0031 | Critic Loss: 0.3212 | Grad Norm: 1.2079 | Clipped: 2/4
Epoch [3686/4000] | Avg Makespan: 281.00 | Actor Loss: -0.0019 | Critic Loss: 0.4404 | Grad Norm: 1.5550 | Clipped: 4/4
Epoch [3687/4000] | Avg Makespan: 271.75 | Actor Loss: -0.0033 | Critic Loss: 0.3648 | Grad Norm: 1.4456 | Clipped: 4/4
Epoch [3688/4000] | Avg Makespan: 274.00 | Actor Loss: -0.0044 | Critic Loss: 0.2876 | Grad Norm: 1.3680 | Clipped: 4/4
Epoch [3689/4000] | Avg Makespan: 276.00 | Actor Loss: -0.0021 | Critic Loss: 1.0443 | Grad Norm: 2.1666 | Clipped: 4/4
Epoch [3690/4000] | Avg Makespan: 266.50 | Actor Loss: -0.0037 | Critic Loss: 0.5989 | Grad Norm: 1.1988 | Clipped: 3/4
Epoch [3691/4000] | Avg Makespan: 268.50 | Actor Loss: -0.0026 | Critic Loss: 0.5840 | Grad Norm: 1.6432 | Clipped: 4/4
Epoch [3692/4000] | Avg Makespan: 285.25 | Actor Loss: -0.0027 | Critic Loss: 0.4847 | Grad Norm: 1.4502 | Clipped: 4/4
Epoch [3693/4000] | Avg Makespan: 281.75 | Actor Loss: -0.0023 | Critic Loss: 0.3522 | Grad Norm: 1.3082 | Clipped: 4/4
Epoch [3694/4000] | Avg Makespan: 267.00 | Actor Loss: -0.0031 | Critic Loss: 0.6154 | Grad Norm: 1.1246 | Clipped: 3/4
Epoch [3695/4000] | Avg Makespan: 262.25 | Actor Loss: -0.0028 | Critic Loss: 0.6667 | Grad Norm: 1.5356 | Clipped: 4/4
Epoch [3696/4000] | Avg Makespan: 278.00 | Actor Loss: -0.0030 | Critic Loss: 0.3011 | Grad Norm: 1.4102 | Clipped: 4/4
Epoch [3697/4000] | Avg Makespan: 276.75 | Actor Loss: -0.0022 | Critic Loss: 0.6289 | Grad Norm: 1.5505 | Clipped: 4/4
Epoch [3698/4000] | Avg Makespan: 280.75 | Actor Loss: -0.0013 | Critic Loss: 0.6415 | Grad Norm: 1.5718 | Clipped: 4/4
Epoch [3699/4000] | Avg Makespan: 267.50 | Actor Loss: -0.0025 | Critic Loss: 0.3780 | Grad Norm: 1.5318 | Clipped: 4/4
Epoch [3700/4000] | Avg Makespan: 260.25 | Actor Loss: -0.0016 | Critic Loss: 0.5883 | Grad Norm: 1.7493 | Clipped: 4/4
   -> Validation | Samples: 280 | Makespan: 598.96 | Invalid Jobs: 0.02 | Score: 620.39
   -> Saved updated training chart to /home/wei/Desktop/AMR-DFJSP/runs/20260827_083140_v10_B_s43/chart.png
Epoch [3701/4000] | Avg Makespan: 279.50 | Actor Loss: -0.0024 | Critic Loss: 0.3672 | Grad Norm: 1.2423 | Clipped: 4/4
Epoch [3702/4000] | Avg Makespan: 272.25 | Actor Loss: -0.0027 | Critic Loss: 0.5128 | Grad Norm: 1.8159 | Clipped: 4/4
Epoch [3703/4000] | Avg Makespan: 271.50 | Actor Loss: -0.0027 | Critic Loss: 0.2607 | Grad Norm: 1.2143 | Clipped: 4/4
Epoch [3704/4000] | Avg Makespan: 268.00 | Actor Loss: -0.0034 | Critic Loss: 0.1822 | Grad Norm: 1.3104 | Clipped: 2/4
Epoch [3705/4000] | Avg Makespan: 273.00 | Actor Loss: -0.0017 | Critic Loss: 0.3516 | Grad Norm: 1.1976 | Clipped: 4/4
Epoch [3706/4000] | Avg Makespan: 277.00 | Actor Loss: -0.0037 | Critic Loss: 0.2916 | Grad Norm: 1.5815 | Clipped: 4/4
Epoch [3707/4000] | Avg Makespan: 267.50 | Actor Loss: -0.0022 | Critic Loss: 0.2914 | Grad Norm: 1.4529 | Clipped: 2/4
Epoch [3708/4000] | Avg Makespan: 260.25 | Actor Loss: -0.0032 | Critic Loss: 0.4551 | Grad Norm: 1.5968 | Clipped: 4/4
Epoch [3709/4000] | Avg Makespan: 274.00 | Actor Loss: -0.0035 | Critic Loss: 0.3880 | Grad Norm: 1.0183 | Clipped: 2/4
Epoch [3710/4000] | Avg Makespan: 274.00 | Actor Loss: -0.0011 | Critic Loss: 0.2862 | Grad Norm: 1.5445 | Clipped: 4/4
Epoch [3711/4000] | Avg Makespan: 273.00 | Actor Loss: -0.0028 | Critic Loss: 0.4363 | Grad Norm: 1.1674 | Clipped: 3/4
Epoch [3712/4000] | Avg Makespan: 271.75 | Actor Loss: -0.0031 | Critic Loss: 0.3021 | Grad Norm: 1.2827 | Clipped: 4/4
Epoch [3713/4000] | Avg Makespan: 267.75 | Actor Loss: -0.0021 | Critic Loss: 0.4901 | Grad Norm: 1.1034 | Clipped: 3/4
Epoch [3714/4000] | Avg Makespan: 269.25 | Actor Loss: -0.0024 | Critic Loss: 0.5729 | Grad Norm: 1.1901 | Clipped: 4/4
Epoch [3715/4000] | Avg Makespan: 270.50 | Actor Loss: -0.0023 | Critic Loss: 0.2992 | Grad Norm: 1.2827 | Clipped: 3/4
Epoch [3716/4000] | Avg Makespan: 263.50 | Actor Loss: -0.0016 | Critic Loss: 0.4879 | Grad Norm: 1.7929 | Clipped: 4/4
Epoch [3717/4000] | Avg Makespan: 254.75 | Actor Loss: -0.0024 | Critic Loss: 0.6579 | Grad Norm: 1.8688 | Clipped: 4/4
Epoch [3718/4000] | Avg Makespan: 266.00 | Actor Loss: -0.0034 | Critic Loss: 0.2682 | Grad Norm: 1.6438 | Clipped: 3/4
Epoch [3719/4000] | Avg Makespan: 274.75 | Actor Loss: -0.0017 | Critic Loss: 0.4337 | Grad Norm: 1.6751 | Clipped: 4/4
Epoch [3720/4000] | Avg Makespan: 261.00 | Actor Loss: -0.0043 | Critic Loss: 0.3277 | Grad Norm: 1.5362 | Clipped: 4/4
Epoch [3721/4000] | Avg Makespan: 263.25 | Actor Loss: -0.0028 | Critic Loss: 0.1692 | Grad Norm: 1.5136 | Clipped: 4/4
Epoch [3722/4000] | Avg Makespan: 265.50 | Actor Loss: -0.0023 | Critic Loss: 0.2088 | Grad Norm: 1.3204 | Clipped: 3/4
Epoch [3723/4000] | Avg Makespan: 258.50 | Actor Loss: -0.0025 | Critic Loss: 0.2286 | Grad Norm: 1.7406 | Clipped: 4/4
Epoch [3724/4000] | Avg Makespan: 262.25 | Actor Loss: -0.0023 | Critic Loss: 0.2110 | Grad Norm: 3.2493 | Clipped: 4/4
Epoch [3725/4000] | Avg Makespan: 264.25 | Actor Loss: -0.0024 | Critic Loss: 0.8581 | Grad Norm: 0.9860 | Clipped: 2/4
Epoch [3726/4000] | Avg Makespan: 274.25 | Actor Loss: -0.0018 | Critic Loss: 0.2580 | Grad Norm: 1.3893 | Clipped: 4/4
Epoch [3727/4000] | Avg Makespan: 284.25 | Actor Loss: -0.0020 | Critic Loss: 0.2673 | Grad Norm: 1.9298 | Clipped: 4/4
Epoch [3728/4000] | Avg Makespan: 272.25 | Actor Loss: -0.0025 | Critic Loss: 0.6061 | Grad Norm: 1.1157 | Clipped: 4/4
Epoch [3729/4000] | Avg Makespan: 273.00 | Actor Loss: -0.0029 | Critic Loss: 0.1387 | Grad Norm: 1.1110 | Clipped: 3/4
Epoch [3730/4000] | Avg Makespan: 273.00 | Actor Loss: -0.0037 | Critic Loss: 0.1458 | Grad Norm: 1.2624 | Clipped: 3/4
Epoch [3731/4000] | Avg Makespan: 279.25 | Actor Loss: -0.0012 | Critic Loss: 0.3265 | Grad Norm: 1.4580 | Clipped: 4/4
Epoch [3732/4000] | Avg Makespan: 258.75 | Actor Loss: -0.0041 | Critic Loss: 0.3827 | Grad Norm: 1.1837 | Clipped: 4/4
Epoch [3733/4000] | Avg Makespan: 263.25 | Actor Loss: -0.0028 | Critic Loss: 0.3891 | Grad Norm: 1.6847 | Clipped: 4/4
Epoch [3734/4000] | Avg Makespan: 278.00 | Actor Loss: -0.0033 | Critic Loss: 0.4714 | Grad Norm: 1.6737 | Clipped: 4/4
Epoch [3735/4000] | Avg Makespan: 280.00 | Actor Loss: -0.0027 | Critic Loss: 0.3886 | Grad Norm: 1.2029 | Clipped: 2/4
Epoch [3736/4000] | Avg Makespan: 260.50 | Actor Loss: -0.0021 | Critic Loss: 0.6193 | Grad Norm: 1.4258 | Clipped: 4/4
Epoch [3737/4000] | Avg Makespan: 274.00 | Actor Loss: -0.0028 | Critic Loss: 0.2157 | Grad Norm: 1.0387 | Clipped: 2/4
Epoch [3738/4000] | Avg Makespan: 268.25 | Actor Loss: -0.0011 | Critic Loss: 0.2096 | Grad Norm: 1.6938 | Clipped: 4/4
Epoch [3739/4000] | Avg Makespan: 278.00 | Actor Loss: -0.0016 | Critic Loss: 0.3661 | Grad Norm: 1.5638 | Clipped: 4/4
Epoch [3740/4000] | Avg Makespan: 259.50 | Actor Loss: -0.0033 | Critic Loss: 0.2868 | Grad Norm: 1.4634 | Clipped: 4/4
Epoch [3741/4000] | Avg Makespan: 263.50 | Actor Loss: -0.0028 | Critic Loss: 0.4068 | Grad Norm: 2.0327 | Clipped: 4/4
Epoch [3742/4000] | Avg Makespan: 285.50 | Actor Loss: -0.0025 | Critic Loss: 0.2184 | Grad Norm: 1.6265 | Clipped: 4/4
Epoch [3743/4000] | Avg Makespan: 269.50 | Actor Loss: -0.0029 | Critic Loss: 0.5037 | Grad Norm: 1.1571 | Clipped: 3/4
Epoch [3744/4000] | Avg Makespan: 275.75 | Actor Loss: -0.0023 | Critic Loss: 0.4693 | Grad Norm: 1.9259 | Clipped: 4/4
Epoch [3745/4000] | Avg Makespan: 286.00 | Actor Loss: -0.0020 | Critic Loss: 0.6513 | Grad Norm: 1.7605 | Clipped: 4/4
Epoch [3746/4000] | Avg Makespan: 271.25 | Actor Loss: -0.0024 | Critic Loss: 0.4030 | Grad Norm: 1.4451 | Clipped: 4/4
Epoch [3747/4000] | Avg Makespan: 272.00 | Actor Loss: -0.0015 | Critic Loss: 0.3377 | Grad Norm: 1.4468 | Clipped: 4/4
Epoch [3748/4000] | Avg Makespan: 265.50 | Actor Loss: -0.0018 | Critic Loss: 0.2950 | Grad Norm: 1.1669 | Clipped: 4/4
Epoch [3749/4000] | Avg Makespan: 271.50 | Actor Loss: -0.0029 | Critic Loss: 0.4002 | Grad Norm: 1.4559 | Clipped: 3/4
Epoch [3750/4000] | Avg Makespan: 271.75 | Actor Loss: -0.0028 | Critic Loss: 0.1021 | Grad Norm: 1.0067 | Clipped: 2/4
Epoch [3751/4000] | Avg Makespan: 259.25 | Actor Loss: -0.0021 | Critic Loss: 0.6089 | Grad Norm: 2.3984 | Clipped: 4/4
Epoch [3752/4000] | Avg Makespan: 263.25 | Actor Loss: -0.0013 | Critic Loss: 0.3047 | Grad Norm: 1.9369 | Clipped: 4/4
Epoch [3753/4000] | Avg Makespan: 271.25 | Actor Loss: -0.0022 | Critic Loss: 0.3962 | Grad Norm: 1.5257 | Clipped: 4/4
Epoch [3754/4000] | Avg Makespan: 265.50 | Actor Loss: -0.0030 | Critic Loss: 0.1873 | Grad Norm: 1.2255 | Clipped: 4/4
Epoch [3755/4000] | Avg Makespan: 271.00 | Actor Loss: -0.0023 | Critic Loss: 0.1590 | Grad Norm: 1.2245 | Clipped: 3/4
Epoch [3756/4000] | Avg Makespan: 266.25 | Actor Loss: -0.0016 | Critic Loss: 0.2687 | Grad Norm: 1.5661 | Clipped: 4/4
Epoch [3757/4000] | Avg Makespan: 276.50 | Actor Loss: -0.0023 | Critic Loss: 0.2414 | Grad Norm: 1.5511 | Clipped: 4/4
Epoch [3758/4000] | Avg Makespan: 277.25 | Actor Loss: -0.0021 | Critic Loss: 0.3154 | Grad Norm: 1.2635 | Clipped: 4/4
Epoch [3759/4000] | Avg Makespan: 269.00 | Actor Loss: -0.0013 | Critic Loss: 0.0888 | Grad Norm: 1.4734 | Clipped: 4/4
Epoch [3760/4000] | Avg Makespan: 264.75 | Actor Loss: -0.0020 | Critic Loss: 0.3424 | Grad Norm: 1.2242 | Clipped: 4/4
Epoch [3761/4000] | Avg Makespan: 267.50 | Actor Loss: -0.0022 | Critic Loss: 0.1148 | Grad Norm: 1.6739 | Clipped: 2/4
Epoch [3762/4000] | Avg Makespan: 269.50 | Actor Loss: -0.0025 | Critic Loss: 0.5298 | Grad Norm: 1.2814 | Clipped: 3/4
Epoch [3763/4000] | Avg Makespan: 269.50 | Actor Loss: -0.0031 | Critic Loss: 0.3514 | Grad Norm: 1.0794 | Clipped: 2/4
Epoch [3764/4000] | Avg Makespan: 272.00 | Actor Loss: -0.0016 | Critic Loss: 0.1822 | Grad Norm: 1.6310 | Clipped: 4/4
Epoch [3765/4000] | Avg Makespan: 265.25 | Actor Loss: -0.0017 | Critic Loss: 0.3221 | Grad Norm: 1.4887 | Clipped: 4/4
Epoch [3766/4000] | Avg Makespan: 270.00 | Actor Loss: -0.0010 | Critic Loss: 0.1935 | Grad Norm: 1.2574 | Clipped: 4/4
Epoch [3767/4000] | Avg Makespan: 269.25 | Actor Loss: -0.0016 | Critic Loss: 0.4555 | Grad Norm: 1.2067 | Clipped: 4/4
Epoch [3768/4000] | Avg Makespan: 269.00 | Actor Loss: -0.0018 | Critic Loss: 0.2997 | Grad Norm: 1.2812 | Clipped: 4/4
Epoch [3769/4000] | Avg Makespan: 265.75 | Actor Loss: -0.0038 | Critic Loss: 0.1305 | Grad Norm: 1.5559 | Clipped: 4/4
Epoch [3770/4000] | Avg Makespan: 266.25 | Actor Loss: -0.0013 | Critic Loss: 0.3772 | Grad Norm: 1.3811 | Clipped: 4/4
Epoch [3771/4000] | Avg Makespan: 271.00 | Actor Loss: -0.0019 | Critic Loss: 0.7091 | Grad Norm: 1.6720 | Clipped: 4/4
Epoch [3772/4000] | Avg Makespan: 272.25 | Actor Loss: -0.0029 | Critic Loss: 0.5402 | Grad Norm: 1.8984 | Clipped: 4/4
Epoch [3773/4000] | Avg Makespan: 274.75 | Actor Loss: -0.0031 | Critic Loss: 0.4947 | Grad Norm: 0.9410 | Clipped: 2/4
Epoch [3774/4000] | Avg Makespan: 278.00 | Actor Loss: -0.0028 | Critic Loss: 0.8375 | Grad Norm: 1.5516 | Clipped: 4/4
Epoch [3775/4000] | Avg Makespan: 260.00 | Actor Loss: -0.0025 | Critic Loss: 0.4441 | Grad Norm: 1.8578 | Clipped: 4/4
Epoch [3776/4000] | Avg Makespan: 275.50 | Actor Loss: -0.0014 | Critic Loss: 0.4835 | Grad Norm: 1.6180 | Clipped: 4/4
Epoch [3777/4000] | Avg Makespan: 261.00 | Actor Loss: -0.0007 | Critic Loss: 0.5533 | Grad Norm: 1.8663 | Clipped: 4/4
Epoch [3778/4000] | Avg Makespan: 272.50 | Actor Loss: -0.0023 | Critic Loss: 0.6305 | Grad Norm: 1.2839 | Clipped: 4/4
Epoch [3779/4000] | Avg Makespan: 260.25 | Actor Loss: -0.0029 | Critic Loss: 0.3403 | Grad Norm: 1.6297 | Clipped: 4/4
Epoch [3780/4000] | Avg Makespan: 277.50 | Actor Loss: -0.0015 | Critic Loss: 0.4527 | Grad Norm: 1.3759 | Clipped: 4/4
Epoch [3781/4000] | Avg Makespan: 285.00 | Actor Loss: -0.0030 | Critic Loss: 0.2790 | Grad Norm: 1.1364 | Clipped: 3/4
Epoch [3782/4000] | Avg Makespan: 278.00 | Actor Loss: -0.0019 | Critic Loss: 0.3056 | Grad Norm: 1.6945 | Clipped: 4/4
Epoch [3783/4000] | Avg Makespan: 261.50 | Actor Loss: -0.0017 | Critic Loss: 0.6956 | Grad Norm: 1.6533 | Clipped: 4/4
Epoch [3784/4000] | Avg Makespan: 248.00 | Actor Loss: -0.0026 | Critic Loss: 0.6029 | Grad Norm: 1.7861 | Clipped: 4/4
Epoch [3785/4000] | Avg Makespan: 263.75 | Actor Loss: -0.0007 | Critic Loss: 0.2734 | Grad Norm: 1.5652 | Clipped: 4/4
Epoch [3786/4000] | Avg Makespan: 274.00 | Actor Loss: -0.0017 | Critic Loss: 0.5429 | Grad Norm: 1.2574 | Clipped: 4/4
Epoch [3787/4000] | Avg Makespan: 266.00 | Actor Loss: -0.0019 | Critic Loss: 0.6336 | Grad Norm: 1.3921 | Clipped: 4/4
Epoch [3788/4000] | Avg Makespan: 274.50 | Actor Loss: -0.0022 | Critic Loss: 0.1740 | Grad Norm: 1.2800 | Clipped: 4/4
Epoch [3789/4000] | Avg Makespan: 266.00 | Actor Loss: -0.0030 | Critic Loss: 0.5783 | Grad Norm: 1.4237 | Clipped: 4/4
Epoch [3790/4000] | Avg Makespan: 273.50 | Actor Loss: -0.0014 | Critic Loss: 0.2676 | Grad Norm: 1.2552 | Clipped: 4/4
Epoch [3791/4000] | Avg Makespan: 277.75 | Actor Loss: -0.0024 | Critic Loss: 0.1288 | Grad Norm: 1.3904 | Clipped: 3/4
Epoch [3792/4000] | Avg Makespan: 275.00 | Actor Loss: -0.0024 | Critic Loss: 0.1852 | Grad Norm: 1.0765 | Clipped: 1/4
Epoch [3793/4000] | Avg Makespan: 268.00 | Actor Loss: -0.0040 | Critic Loss: 0.3117 | Grad Norm: 1.5215 | Clipped: 4/4
Epoch [3794/4000] | Avg Makespan: 271.00 | Actor Loss: -0.0014 | Critic Loss: 0.3522 | Grad Norm: 1.6002 | Clipped: 4/4
Epoch [3795/4000] | Avg Makespan: 266.00 | Actor Loss: -0.0022 | Critic Loss: 0.5765 | Grad Norm: 1.1482 | Clipped: 3/4
Epoch [3796/4000] | Avg Makespan: 269.00 | Actor Loss: -0.0018 | Critic Loss: 1.6518 | Grad Norm: 1.6138 | Clipped: 4/4
Epoch [3797/4000] | Avg Makespan: 267.25 | Actor Loss: -0.0024 | Critic Loss: 0.2533 | Grad Norm: 1.3077 | Clipped: 4/4
Epoch [3798/4000] | Avg Makespan: 272.00 | Actor Loss: -0.0032 | Critic Loss: 0.2066 | Grad Norm: 1.0505 | Clipped: 3/4
Epoch [3799/4000] | Avg Makespan: 264.50 | Actor Loss: -0.0023 | Critic Loss: 0.5497 | Grad Norm: 1.1409 | Clipped: 2/4
Epoch [3800/4000] | Avg Makespan: 268.50 | Actor Loss: -0.0014 | Critic Loss: 0.4087 | Grad Norm: 1.5292 | Clipped: 4/4
   -> Validation | Samples: 280 | Makespan: 589.78 | Invalid Jobs: 0.01 | Score: 604.06
   -> Saved updated training chart to /home/wei/Desktop/AMR-DFJSP/runs/20260827_083140_v10_B_s43/chart.png
Epoch [3801/4000] | Avg Makespan: 265.00 | Actor Loss: -0.0023 | Critic Loss: 0.5527 | Grad Norm: 1.2581 | Clipped: 4/4
Epoch [3802/4000] | Avg Makespan: 274.25 | Actor Loss: -0.0028 | Critic Loss: 0.5845 | Grad Norm: 1.8825 | Clipped: 4/4
Epoch [3803/4000] | Avg Makespan: 270.75 | Actor Loss: -0.0012 | Critic Loss: 0.1848 | Grad Norm: 2.1249 | Clipped: 4/4
Epoch [3804/4000] | Avg Makespan: 280.50 | Actor Loss: -0.0017 | Critic Loss: 0.3673 | Grad Norm: 1.3371 | Clipped: 4/4
Epoch [3805/4000] | Avg Makespan: 265.00 | Actor Loss: -0.0024 | Critic Loss: 0.0663 | Grad Norm: 1.9303 | Clipped: 4/4
Epoch [3806/4000] | Avg Makespan: 263.00 | Actor Loss: -0.0026 | Critic Loss: 0.4534 | Grad Norm: 1.6569 | Clipped: 4/4
Epoch [3807/4000] | Avg Makespan: 277.00 | Actor Loss: -0.0014 | Critic Loss: 0.5631 | Grad Norm: 1.3360 | Clipped: 4/4
Epoch [3808/4000] | Avg Makespan: 263.50 | Actor Loss: -0.0012 | Critic Loss: 0.4247 | Grad Norm: 1.6873 | Clipped: 4/4
Epoch [3809/4000] | Avg Makespan: 276.00 | Actor Loss: -0.0022 | Critic Loss: 0.4020 | Grad Norm: 1.2889 | Clipped: 3/4
Epoch [3810/4000] | Avg Makespan: 270.00 | Actor Loss: -0.0020 | Critic Loss: 0.5410 | Grad Norm: 1.6180 | Clipped: 4/4
Epoch [3811/4000] | Avg Makespan: 277.00 | Actor Loss: -0.0031 | Critic Loss: 0.3022 | Grad Norm: 1.3498 | Clipped: 3/4
Epoch [3812/4000] | Avg Makespan: 268.00 | Actor Loss: -0.0024 | Critic Loss: 0.4904 | Grad Norm: 1.2054 | Clipped: 2/4
Epoch [3813/4000] | Avg Makespan: 281.75 | Actor Loss: -0.0017 | Critic Loss: 0.3781 | Grad Norm: 1.2719 | Clipped: 4/4
Epoch [3814/4000] | Avg Makespan: 268.00 | Actor Loss: -0.0005 | Critic Loss: 0.3044 | Grad Norm: 1.4440 | Clipped: 4/4
Epoch [3815/4000] | Avg Makespan: 278.25 | Actor Loss: -0.0020 | Critic Loss: 0.2152 | Grad Norm: 1.5771 | Clipped: 3/4
Epoch [3816/4000] | Avg Makespan: 264.50 | Actor Loss: -0.0038 | Critic Loss: 0.3020 | Grad Norm: 1.8464 | Clipped: 4/4
Epoch [3817/4000] | Avg Makespan: 253.50 | Actor Loss: -0.0023 | Critic Loss: 0.8247 | Grad Norm: 1.9360 | Clipped: 4/4
Epoch [3818/4000] | Avg Makespan: 269.25 | Actor Loss: -0.0026 | Critic Loss: 0.0878 | Grad Norm: 1.3494 | Clipped: 4/4
Epoch [3819/4000] | Avg Makespan: 261.00 | Actor Loss: -0.0015 | Critic Loss: 0.5417 | Grad Norm: 1.5249 | Clipped: 4/4
Epoch [3820/4000] | Avg Makespan: 263.50 | Actor Loss: -0.0028 | Critic Loss: 0.5325 | Grad Norm: 1.4696 | Clipped: 4/4
Epoch [3821/4000] | Avg Makespan: 272.00 | Actor Loss: -0.0026 | Critic Loss: 0.7946 | Grad Norm: 1.9062 | Clipped: 4/4
Epoch [3822/4000] | Avg Makespan: 269.00 | Actor Loss: -0.0014 | Critic Loss: 0.2522 | Grad Norm: 1.2487 | Clipped: 4/4
Epoch [3823/4000] | Avg Makespan: 276.25 | Actor Loss: -0.0020 | Critic Loss: 0.1234 | Grad Norm: 1.3117 | Clipped: 4/4
Epoch [3824/4000] | Avg Makespan: 271.75 | Actor Loss: -0.0020 | Critic Loss: 0.5140 | Grad Norm: 1.1899 | Clipped: 2/4
Epoch [3825/4000] | Avg Makespan: 267.75 | Actor Loss: -0.0033 | Critic Loss: 0.1455 | Grad Norm: 1.5945 | Clipped: 4/4
Epoch [3826/4000] | Avg Makespan: 272.75 | Actor Loss: -0.0022 | Critic Loss: 0.2656 | Grad Norm: 1.0668 | Clipped: 2/4
Epoch [3827/4000] | Avg Makespan: 263.50 | Actor Loss: -0.0017 | Critic Loss: 0.2867 | Grad Norm: 1.2741 | Clipped: 4/4
Epoch [3828/4000] | Avg Makespan: 251.75 | Actor Loss: -0.0014 | Critic Loss: 0.6116 | Grad Norm: 1.8279 | Clipped: 4/4
Epoch [3829/4000] | Avg Makespan: 275.50 | Actor Loss: -0.0016 | Critic Loss: 0.7664 | Grad Norm: 1.3718 | Clipped: 4/4
Epoch [3830/4000] | Avg Makespan: 268.75 | Actor Loss: -0.0008 | Critic Loss: 0.3968 | Grad Norm: 2.0324 | Clipped: 4/4
Epoch [3831/4000] | Avg Makespan: 276.00 | Actor Loss: -0.0016 | Critic Loss: 0.3594 | Grad Norm: 2.4137 | Clipped: 4/4
Epoch [3832/4000] | Avg Makespan: 266.25 | Actor Loss: -0.0020 | Critic Loss: 0.2615 | Grad Norm: 1.4053 | Clipped: 4/4
Epoch [3833/4000] | Avg Makespan: 256.25 | Actor Loss: -0.0004 | Critic Loss: 0.8282 | Grad Norm: 1.6993 | Clipped: 4/4
Epoch [3834/4000] | Avg Makespan: 271.75 | Actor Loss: -0.0031 | Critic Loss: 0.6276 | Grad Norm: 1.8843 | Clipped: 4/4
Epoch [3835/4000] | Avg Makespan: 266.00 | Actor Loss: -0.0033 | Critic Loss: 0.5783 | Grad Norm: 1.7363 | Clipped: 4/4
Epoch [3836/4000] | Avg Makespan: 264.75 | Actor Loss: -0.0024 | Critic Loss: 0.3896 | Grad Norm: 1.2077 | Clipped: 3/4
Epoch [3837/4000] | Avg Makespan: 267.25 | Actor Loss: -0.0019 | Critic Loss: 0.7186 | Grad Norm: 1.8357 | Clipped: 4/4
Epoch [3838/4000] | Avg Makespan: 270.00 | Actor Loss: -0.0016 | Critic Loss: 0.2506 | Grad Norm: 1.5843 | Clipped: 4/4
Epoch [3839/4000] | Avg Makespan: 270.75 | Actor Loss: -0.0034 | Critic Loss: 0.3217 | Grad Norm: 1.3673 | Clipped: 4/4
Epoch [3840/4000] | Avg Makespan: 270.75 | Actor Loss: -0.0019 | Critic Loss: 0.1961 | Grad Norm: 1.7713 | Clipped: 4/4
Epoch [3841/4000] | Avg Makespan: 275.00 | Actor Loss: -0.0029 | Critic Loss: 0.2904 | Grad Norm: 1.6937 | Clipped: 4/4
Epoch [3842/4000] | Avg Makespan: 259.00 | Actor Loss: -0.0023 | Critic Loss: 0.3924 | Grad Norm: 1.5044 | Clipped: 4/4
Epoch [3843/4000] | Avg Makespan: 277.25 | Actor Loss: -0.0022 | Critic Loss: 0.0955 | Grad Norm: 1.2711 | Clipped: 4/4
Epoch [3844/4000] | Avg Makespan: 259.00 | Actor Loss: -0.0013 | Critic Loss: 0.7393 | Grad Norm: 1.5860 | Clipped: 4/4
Epoch [3845/4000] | Avg Makespan: 262.75 | Actor Loss: -0.0015 | Critic Loss: 0.3805 | Grad Norm: 1.3836 | Clipped: 4/4
Epoch [3846/4000] | Avg Makespan: 268.75 | Actor Loss: -0.0022 | Critic Loss: 0.1647 | Grad Norm: 1.3106 | Clipped: 4/4
Epoch [3847/4000] | Avg Makespan: 269.75 | Actor Loss: -0.0018 | Critic Loss: 0.9367 | Grad Norm: 1.3329 | Clipped: 4/4
Epoch [3848/4000] | Avg Makespan: 263.50 | Actor Loss: -0.0021 | Critic Loss: 1.2624 | Grad Norm: 1.6513 | Clipped: 4/4
Epoch [3849/4000] | Avg Makespan: 268.25 | Actor Loss: -0.0025 | Critic Loss: 0.4728 | Grad Norm: 1.3334 | Clipped: 4/4
Epoch [3850/4000] | Avg Makespan: 278.00 | Actor Loss: -0.0017 | Critic Loss: 0.4266 | Grad Norm: 1.2382 | Clipped: 4/4
Epoch [3851/4000] | Avg Makespan: 273.00 | Actor Loss: -0.0031 | Critic Loss: 0.2498 | Grad Norm: 1.3878 | Clipped: 3/4
Epoch [3852/4000] | Avg Makespan: 276.00 | Actor Loss: -0.0019 | Critic Loss: 0.3137 | Grad Norm: 2.3129 | Clipped: 4/4
Epoch [3853/4000] | Avg Makespan: 271.50 | Actor Loss: -0.0022 | Critic Loss: 0.1856 | Grad Norm: 1.1463 | Clipped: 2/4
Epoch [3854/4000] | Avg Makespan: 274.25 | Actor Loss: -0.0026 | Critic Loss: 0.7240 | Grad Norm: 1.5522 | Clipped: 4/4
Epoch [3855/4000] | Avg Makespan: 276.00 | Actor Loss: -0.0016 | Critic Loss: 0.7653 | Grad Norm: 1.9096 | Clipped: 4/4
Epoch [3856/4000] | Avg Makespan: 260.50 | Actor Loss: -0.0018 | Critic Loss: 0.2870 | Grad Norm: 1.4346 | Clipped: 4/4
Epoch [3857/4000] | Avg Makespan: 260.00 | Actor Loss: -0.0019 | Critic Loss: 0.6918 | Grad Norm: 1.7916 | Clipped: 4/4
Epoch [3858/4000] | Avg Makespan: 273.50 | Actor Loss: -0.0032 | Critic Loss: 0.6280 | Grad Norm: 1.5508 | Clipped: 4/4
Epoch [3859/4000] | Avg Makespan: 278.00 | Actor Loss: 0.0003 | Critic Loss: 0.7221 | Grad Norm: 2.4386 | Clipped: 4/4
Epoch [3860/4000] | Avg Makespan: 267.25 | Actor Loss: -0.0028 | Critic Loss: 0.5378 | Grad Norm: 1.5909 | Clipped: 4/4
Epoch [3861/4000] | Avg Makespan: 256.75 | Actor Loss: -0.0021 | Critic Loss: 0.4988 | Grad Norm: 1.5443 | Clipped: 4/4
Epoch [3862/4000] | Avg Makespan: 266.25 | Actor Loss: -0.0013 | Critic Loss: 0.4450 | Grad Norm: 1.2456 | Clipped: 3/4
Epoch [3863/4000] | Avg Makespan: 265.25 | Actor Loss: -0.0024 | Critic Loss: 0.5008 | Grad Norm: 1.8417 | Clipped: 4/4
Epoch [3864/4000] | Avg Makespan: 277.50 | Actor Loss: -0.0016 | Critic Loss: 0.5999 | Grad Norm: 1.4957 | Clipped: 4/4
Epoch [3865/4000] | Avg Makespan: 274.25 | Actor Loss: -0.0020 | Critic Loss: 0.3064 | Grad Norm: 1.4374 | Clipped: 4/4
Epoch [3866/4000] | Avg Makespan: 277.00 | Actor Loss: -0.0026 | Critic Loss: 0.2241 | Grad Norm: 1.5820 | Clipped: 4/4
Epoch [3867/4000] | Avg Makespan: 264.00 | Actor Loss: -0.0010 | Critic Loss: 0.2408 | Grad Norm: 1.9209 | Clipped: 4/4
Epoch [3868/4000] | Avg Makespan: 272.75 | Actor Loss: -0.0008 | Critic Loss: 0.4841 | Grad Norm: 2.0091 | Clipped: 4/4
Epoch [3869/4000] | Avg Makespan: 265.00 | Actor Loss: -0.0029 | Critic Loss: 0.5355 | Grad Norm: 1.3768 | Clipped: 4/4
Epoch [3870/4000] | Avg Makespan: 282.50 | Actor Loss: -0.0023 | Critic Loss: 0.6960 | Grad Norm: 1.3887 | Clipped: 4/4
Epoch [3871/4000] | Avg Makespan: 271.75 | Actor Loss: -0.0009 | Critic Loss: 0.3738 | Grad Norm: 2.8162 | Clipped: 4/4
Epoch [3872/4000] | Avg Makespan: 280.25 | Actor Loss: -0.0018 | Critic Loss: 0.4601 | Grad Norm: 1.5449 | Clipped: 4/4
Epoch [3873/4000] | Avg Makespan: 257.25 | Actor Loss: -0.0023 | Critic Loss: 0.4606 | Grad Norm: 2.5761 | Clipped: 4/4
Epoch [3874/4000] | Avg Makespan: 270.75 | Actor Loss: -0.0015 | Critic Loss: 0.3232 | Grad Norm: 1.3619 | Clipped: 4/4
Epoch [3875/4000] | Avg Makespan: 269.75 | Actor Loss: -0.0027 | Critic Loss: 0.6834 | Grad Norm: 2.3194 | Clipped: 4/4
Epoch [3876/4000] | Avg Makespan: 278.00 | Actor Loss: -0.0015 | Critic Loss: 0.2826 | Grad Norm: 1.9143 | Clipped: 4/4
Epoch [3877/4000] | Avg Makespan: 273.75 | Actor Loss: -0.0016 | Critic Loss: 0.2601 | Grad Norm: 1.3743 | Clipped: 4/4
Epoch [3878/4000] | Avg Makespan: 278.00 | Actor Loss: -0.0016 | Critic Loss: 0.2761 | Grad Norm: 1.4736 | Clipped: 4/4
Epoch [3879/4000] | Avg Makespan: 263.25 | Actor Loss: -0.0017 | Critic Loss: 0.6350 | Grad Norm: 1.4573 | Clipped: 4/4
Epoch [3880/4000] | Avg Makespan: 254.75 | Actor Loss: -0.0026 | Critic Loss: 0.4352 | Grad Norm: 2.0403 | Clipped: 4/4
Epoch [3881/4000] | Avg Makespan: 266.00 | Actor Loss: -0.0026 | Critic Loss: 0.1741 | Grad Norm: 1.1391 | Clipped: 4/4
Epoch [3882/4000] | Avg Makespan: 270.00 | Actor Loss: -0.0024 | Critic Loss: 0.2216 | Grad Norm: 1.7388 | Clipped: 4/4
Epoch [3883/4000] | Avg Makespan: 252.75 | Actor Loss: -0.0027 | Critic Loss: 0.4696 | Grad Norm: 2.1520 | Clipped: 4/4
Epoch [3884/4000] | Avg Makespan: 278.25 | Actor Loss: -0.0021 | Critic Loss: 0.6591 | Grad Norm: 1.7069 | Clipped: 4/4
Epoch [3885/4000] | Avg Makespan: 259.75 | Actor Loss: -0.0008 | Critic Loss: 0.5913 | Grad Norm: 2.1949 | Clipped: 4/4
Epoch [3886/4000] | Avg Makespan: 273.75 | Actor Loss: -0.0026 | Critic Loss: 0.1415 | Grad Norm: 1.1980 | Clipped: 2/4
Epoch [3887/4000] | Avg Makespan: 280.50 | Actor Loss: -0.0032 | Critic Loss: 0.2576 | Grad Norm: 1.5207 | Clipped: 4/4
Epoch [3888/4000] | Avg Makespan: 274.50 | Actor Loss: -0.0017 | Critic Loss: 0.1828 | Grad Norm: 1.3649 | Clipped: 4/4
Epoch [3889/4000] | Avg Makespan: 268.50 | Actor Loss: -0.0019 | Critic Loss: 0.4779 | Grad Norm: 1.1031 | Clipped: 4/4
Epoch [3890/4000] | Avg Makespan: 270.50 | Actor Loss: -0.0034 | Critic Loss: 0.1748 | Grad Norm: 1.4363 | Clipped: 4/4
Epoch [3891/4000] | Avg Makespan: 260.75 | Actor Loss: -0.0016 | Critic Loss: 0.4300 | Grad Norm: 1.9551 | Clipped: 4/4
Epoch [3892/4000] | Avg Makespan: 282.00 | Actor Loss: -0.0016 | Critic Loss: 0.4179 | Grad Norm: 2.0892 | Clipped: 4/4
Epoch [3893/4000] | Avg Makespan: 281.50 | Actor Loss: -0.0029 | Critic Loss: 0.3752 | Grad Norm: 1.7371 | Clipped: 3/4
Epoch [3894/4000] | Avg Makespan: 272.25 | Actor Loss: -0.0017 | Critic Loss: 0.5187 | Grad Norm: 1.3282 | Clipped: 4/4
Epoch [3895/4000] | Avg Makespan: 273.75 | Actor Loss: -0.0024 | Critic Loss: 0.2277 | Grad Norm: 1.5615 | Clipped: 4/4
Epoch [3896/4000] | Avg Makespan: 272.00 | Actor Loss: -0.0036 | Critic Loss: 0.2126 | Grad Norm: 1.3933 | Clipped: 3/4
Epoch [3897/4000] | Avg Makespan: 261.50 | Actor Loss: -0.0026 | Critic Loss: 0.2771 | Grad Norm: 1.6692 | Clipped: 3/4
Epoch [3898/4000] | Avg Makespan: 273.75 | Actor Loss: -0.0018 | Critic Loss: 0.2652 | Grad Norm: 2.3700 | Clipped: 4/4
Epoch [3899/4000] | Avg Makespan: 262.50 | Actor Loss: -0.0020 | Critic Loss: 0.2175 | Grad Norm: 1.7060 | Clipped: 4/4
Epoch [3900/4000] | Avg Makespan: 274.50 | Actor Loss: -0.0019 | Critic Loss: 0.3081 | Grad Norm: 1.8802 | Clipped: 4/4
   -> Validation | Samples: 280 | Makespan: 596.82 | Invalid Jobs: 0.01 | Score: 607.54
   -> Saved updated training chart to /home/wei/Desktop/AMR-DFJSP/runs/20260827_083140_v10_B_s43/chart.png
Epoch [3901/4000] | Avg Makespan: 263.50 | Actor Loss: -0.0017 | Critic Loss: 0.3555 | Grad Norm: 1.9913 | Clipped: 4/4
Epoch [3902/4000] | Avg Makespan: 276.25 | Actor Loss: -0.0021 | Critic Loss: 0.2645 | Grad Norm: 1.6222 | Clipped: 4/4
Epoch [3903/4000] | Avg Makespan: 259.50 | Actor Loss: -0.0016 | Critic Loss: 0.4153 | Grad Norm: 1.7929 | Clipped: 4/4
Epoch [3904/4000] | Avg Makespan: 267.75 | Actor Loss: -0.0020 | Critic Loss: 0.2681 | Grad Norm: 1.6977 | Clipped: 4/4
Epoch [3905/4000] | Avg Makespan: 261.50 | Actor Loss: -0.0028 | Critic Loss: 0.3903 | Grad Norm: 1.4578 | Clipped: 4/4
Epoch [3906/4000] | Avg Makespan: 276.75 | Actor Loss: -0.0037 | Critic Loss: 0.3258 | Grad Norm: 1.6913 | Clipped: 4/4
Epoch [3907/4000] | Avg Makespan: 270.00 | Actor Loss: -0.0015 | Critic Loss: 0.1714 | Grad Norm: 2.5672 | Clipped: 4/4
Epoch [3908/4000] | Avg Makespan: 275.00 | Actor Loss: -0.0029 | Critic Loss: 0.1922 | Grad Norm: 1.5626 | Clipped: 3/4
Epoch [3909/4000] | Avg Makespan: 263.75 | Actor Loss: -0.0030 | Critic Loss: 0.3771 | Grad Norm: 1.0026 | Clipped: 1/4
Epoch [3910/4000] | Avg Makespan: 254.50 | Actor Loss: -0.0027 | Critic Loss: 0.3914 | Grad Norm: 2.1282 | Clipped: 4/4
Epoch [3911/4000] | Avg Makespan: 272.75 | Actor Loss: -0.0019 | Critic Loss: 0.3000 | Grad Norm: 1.9669 | Clipped: 4/4
Epoch [3912/4000] | Avg Makespan: 282.25 | Actor Loss: -0.0025 | Critic Loss: 0.5150 | Grad Norm: 1.6841 | Clipped: 4/4
Epoch [3913/4000] | Avg Makespan: 271.25 | Actor Loss: -0.0027 | Critic Loss: 0.2984 | Grad Norm: 1.7737 | Clipped: 4/4
Epoch [3914/4000] | Avg Makespan: 264.25 | Actor Loss: -0.0016 | Critic Loss: 0.5438 | Grad Norm: 1.7231 | Clipped: 4/4
Epoch [3915/4000] | Avg Makespan: 271.75 | Actor Loss: -0.0028 | Critic Loss: 0.6361 | Grad Norm: 2.4609 | Clipped: 4/4
Epoch [3916/4000] | Avg Makespan: 268.25 | Actor Loss: -0.0026 | Critic Loss: 0.4406 | Grad Norm: 1.2648 | Clipped: 3/4
Epoch [3917/4000] | Avg Makespan: 272.50 | Actor Loss: -0.0026 | Critic Loss: 0.1859 | Grad Norm: 1.0833 | Clipped: 4/4
Epoch [3918/4000] | Avg Makespan: 270.50 | Actor Loss: -0.0029 | Critic Loss: 0.3520 | Grad Norm: 1.3000 | Clipped: 3/4
Epoch [3919/4000] | Avg Makespan: 262.75 | Actor Loss: -0.0024 | Critic Loss: 0.3802 | Grad Norm: 1.9266 | Clipped: 4/4
Epoch [3920/4000] | Avg Makespan: 271.75 | Actor Loss: -0.0026 | Critic Loss: 0.3705 | Grad Norm: 1.5848 | Clipped: 4/4
Epoch [3921/4000] | Avg Makespan: 271.00 | Actor Loss: -0.0043 | Critic Loss: 0.1906 | Grad Norm: 1.8171 | Clipped: 4/4
Epoch [3922/4000] | Avg Makespan: 273.25 | Actor Loss: -0.0023 | Critic Loss: 0.2737 | Grad Norm: 1.2850 | Clipped: 4/4
Epoch [3923/4000] | Avg Makespan: 269.00 | Actor Loss: -0.0018 | Critic Loss: 0.2698 | Grad Norm: 1.7035 | Clipped: 4/4
Epoch [3924/4000] | Avg Makespan: 276.25 | Actor Loss: -0.0019 | Critic Loss: 0.5153 | Grad Norm: 1.4449 | Clipped: 4/4
Epoch [3925/4000] | Avg Makespan: 255.75 | Actor Loss: -0.0028 | Critic Loss: 0.5487 | Grad Norm: 1.5433 | Clipped: 4/4
Epoch [3926/4000] | Avg Makespan: 267.75 | Actor Loss: -0.0037 | Critic Loss: 0.2955 | Grad Norm: 1.4173 | Clipped: 4/4
Epoch [3927/4000] | Avg Makespan: 267.75 | Actor Loss: -0.0027 | Critic Loss: 0.3002 | Grad Norm: 1.3255 | Clipped: 4/4
Epoch [3928/4000] | Avg Makespan: 259.00 | Actor Loss: -0.0019 | Critic Loss: 0.4245 | Grad Norm: 1.4419 | Clipped: 4/4
Epoch [3929/4000] | Avg Makespan: 272.75 | Actor Loss: -0.0020 | Critic Loss: 0.4729 | Grad Norm: 1.2488 | Clipped: 4/4
Epoch [3930/4000] | Avg Makespan: 257.75 | Actor Loss: -0.0027 | Critic Loss: 0.3221 | Grad Norm: 1.4513 | Clipped: 3/4
Epoch [3931/4000] | Avg Makespan: 275.50 | Actor Loss: -0.0028 | Critic Loss: 0.6622 | Grad Norm: 1.5854 | Clipped: 4/4
Epoch [3932/4000] | Avg Makespan: 262.25 | Actor Loss: -0.0021 | Critic Loss: 0.1889 | Grad Norm: 1.5971 | Clipped: 4/4
Epoch [3933/4000] | Avg Makespan: 279.75 | Actor Loss: -0.0040 | Critic Loss: 0.1855 | Grad Norm: 1.1661 | Clipped: 3/4
Epoch [3934/4000] | Avg Makespan: 274.50 | Actor Loss: -0.0022 | Critic Loss: 0.4625 | Grad Norm: 2.0467 | Clipped: 4/4
Epoch [3935/4000] | Avg Makespan: 267.25 | Actor Loss: -0.0023 | Critic Loss: 0.2797 | Grad Norm: 1.3206 | Clipped: 4/4
Epoch [3936/4000] | Avg Makespan: 263.25 | Actor Loss: -0.0010 | Critic Loss: 0.4527 | Grad Norm: 2.1323 | Clipped: 4/4
Epoch [3937/4000] | Avg Makespan: 253.25 | Actor Loss: -0.0025 | Critic Loss: 0.3972 | Grad Norm: 1.8227 | Clipped: 4/4
Epoch [3938/4000] | Avg Makespan: 271.75 | Actor Loss: -0.0018 | Critic Loss: 0.6241 | Grad Norm: 2.0133 | Clipped: 4/4
Epoch [3939/4000] | Avg Makespan: 258.50 | Actor Loss: -0.0019 | Critic Loss: 0.5682 | Grad Norm: 2.3497 | Clipped: 4/4
Epoch [3940/4000] | Avg Makespan: 267.25 | Actor Loss: -0.0017 | Critic Loss: 0.3668 | Grad Norm: 1.8919 | Clipped: 4/4
Epoch [3941/4000] | Avg Makespan: 271.50 | Actor Loss: -0.0018 | Critic Loss: 0.2424 | Grad Norm: 1.1692 | Clipped: 3/4
Epoch [3942/4000] | Avg Makespan: 273.25 | Actor Loss: -0.0024 | Critic Loss: 0.1872 | Grad Norm: 1.5873 | Clipped: 4/4
Epoch [3943/4000] | Avg Makespan: 262.75 | Actor Loss: -0.0023 | Critic Loss: 0.7857 | Grad Norm: 1.9060 | Clipped: 4/4
Epoch [3944/4000] | Avg Makespan: 278.75 | Actor Loss: -0.0023 | Critic Loss: 0.1988 | Grad Norm: 1.3271 | Clipped: 3/4
Epoch [3945/4000] | Avg Makespan: 259.75 | Actor Loss: -0.0016 | Critic Loss: 0.4833 | Grad Norm: 2.6835 | Clipped: 4/4
Epoch [3946/4000] | Avg Makespan: 273.50 | Actor Loss: -0.0017 | Critic Loss: 0.4184 | Grad Norm: 1.8462 | Clipped: 4/4
Epoch [3947/4000] | Avg Makespan: 264.50 | Actor Loss: -0.0023 | Critic Loss: 0.6340 | Grad Norm: 2.0222 | Clipped: 4/4
Epoch [3948/4000] | Avg Makespan: 273.75 | Actor Loss: -0.0028 | Critic Loss: 0.1365 | Grad Norm: 1.2690 | Clipped: 4/4
Epoch [3949/4000] | Avg Makespan: 268.75 | Actor Loss: -0.0029 | Critic Loss: 0.3692 | Grad Norm: 1.2309 | Clipped: 3/4
Epoch [3950/4000] | Avg Makespan: 252.75 | Actor Loss: -0.0023 | Critic Loss: 0.9696 | Grad Norm: 2.1636 | Clipped: 4/4
Epoch [3951/4000] | Avg Makespan: 271.25 | Actor Loss: -0.0022 | Critic Loss: 0.2440 | Grad Norm: 1.2098 | Clipped: 4/4
Epoch [3952/4000] | Avg Makespan: 267.75 | Actor Loss: -0.0011 | Critic Loss: 0.1259 | Grad Norm: 1.6949 | Clipped: 4/4
Epoch [3953/4000] | Avg Makespan: 256.75 | Actor Loss: -0.0019 | Critic Loss: 0.6462 | Grad Norm: 1.7831 | Clipped: 4/4
Epoch [3954/4000] | Avg Makespan: 268.25 | Actor Loss: -0.0031 | Critic Loss: 0.5513 | Grad Norm: 2.0176 | Clipped: 4/4
Epoch [3955/4000] | Avg Makespan: 279.25 | Actor Loss: -0.0010 | Critic Loss: 0.4036 | Grad Norm: 1.9581 | Clipped: 4/4
Epoch [3956/4000] | Avg Makespan: 272.00 | Actor Loss: -0.0010 | Critic Loss: 0.2527 | Grad Norm: 0.9417 | Clipped: 1/4
Epoch [3957/4000] | Avg Makespan: 268.25 | Actor Loss: -0.0024 | Critic Loss: 0.3400 | Grad Norm: 1.3829 | Clipped: 3/4
Epoch [3958/4000] | Avg Makespan: 272.75 | Actor Loss: -0.0025 | Critic Loss: 0.3972 | Grad Norm: 1.1723 | Clipped: 4/4
Epoch [3959/4000] | Avg Makespan: 273.75 | Actor Loss: -0.0023 | Critic Loss: 0.1044 | Grad Norm: 1.1078 | Clipped: 2/4
Epoch [3960/4000] | Avg Makespan: 277.50 | Actor Loss: -0.0017 | Critic Loss: 0.1521 | Grad Norm: 1.2050 | Clipped: 4/4
Epoch [3961/4000] | Avg Makespan: 270.25 | Actor Loss: -0.0025 | Critic Loss: 0.1863 | Grad Norm: 1.4338 | Clipped: 2/4
Epoch [3962/4000] | Avg Makespan: 271.00 | Actor Loss: -0.0014 | Critic Loss: 0.5309 | Grad Norm: 1.3321 | Clipped: 3/4
Epoch [3963/4000] | Avg Makespan: 268.50 | Actor Loss: -0.0021 | Critic Loss: 0.2932 | Grad Norm: 1.2357 | Clipped: 4/4
Epoch [3964/4000] | Avg Makespan: 273.50 | Actor Loss: -0.0022 | Critic Loss: 0.2536 | Grad Norm: 1.3394 | Clipped: 3/4
Epoch [3965/4000] | Avg Makespan: 260.00 | Actor Loss: -0.0025 | Critic Loss: 0.3821 | Grad Norm: 1.5557 | Clipped: 4/4
Epoch [3966/4000] | Avg Makespan: 265.50 | Actor Loss: -0.0024 | Critic Loss: 0.4017 | Grad Norm: 1.0070 | Clipped: 2/4
Epoch [3967/4000] | Avg Makespan: 261.00 | Actor Loss: -0.0032 | Critic Loss: 0.1990 | Grad Norm: 1.4954 | Clipped: 4/4
Epoch [3968/4000] | Avg Makespan: 270.25 | Actor Loss: -0.0012 | Critic Loss: 0.6530 | Grad Norm: 2.1213 | Clipped: 4/4
Epoch [3969/4000] | Avg Makespan: 275.50 | Actor Loss: -0.0022 | Critic Loss: 0.2756 | Grad Norm: 1.2983 | Clipped: 4/4
Epoch [3970/4000] | Avg Makespan: 265.25 | Actor Loss: -0.0015 | Critic Loss: 0.6534 | Grad Norm: 1.3548 | Clipped: 4/4
Epoch [3971/4000] | Avg Makespan: 268.75 | Actor Loss: -0.0033 | Critic Loss: 0.1818 | Grad Norm: 1.4212 | Clipped: 4/4
Epoch [3972/4000] | Avg Makespan: 274.50 | Actor Loss: -0.0024 | Critic Loss: 0.2215 | Grad Norm: 1.2886 | Clipped: 3/4
Epoch [3973/4000] | Avg Makespan: 277.25 | Actor Loss: -0.0019 | Critic Loss: 0.6437 | Grad Norm: 1.4388 | Clipped: 4/4
Epoch [3974/4000] | Avg Makespan: 269.75 | Actor Loss: -0.0016 | Critic Loss: 0.1915 | Grad Norm: 0.9859 | Clipped: 2/4
Epoch [3975/4000] | Avg Makespan: 280.00 | Actor Loss: -0.0036 | Critic Loss: 0.2181 | Grad Norm: 1.1867 | Clipped: 3/4
Epoch [3976/4000] | Avg Makespan: 268.50 | Actor Loss: -0.0023 | Critic Loss: 0.4108 | Grad Norm: 1.4312 | Clipped: 4/4
Epoch [3977/4000] | Avg Makespan: 283.50 | Actor Loss: -0.0023 | Critic Loss: 0.6076 | Grad Norm: 1.1219 | Clipped: 2/4
Epoch [3978/4000] | Avg Makespan: 264.50 | Actor Loss: -0.0019 | Critic Loss: 0.5393 | Grad Norm: 1.1454 | Clipped: 3/4
Epoch [3979/4000] | Avg Makespan: 268.50 | Actor Loss: -0.0024 | Critic Loss: 0.1966 | Grad Norm: 2.4116 | Clipped: 4/4
Epoch [3980/4000] | Avg Makespan: 282.75 | Actor Loss: -0.0017 | Critic Loss: 0.3374 | Grad Norm: 1.3515 | Clipped: 4/4
Epoch [3981/4000] | Avg Makespan: 269.75 | Actor Loss: -0.0018 | Critic Loss: 0.1320 | Grad Norm: 2.8098 | Clipped: 4/4
Epoch [3982/4000] | Avg Makespan: 271.00 | Actor Loss: -0.0024 | Critic Loss: 0.5022 | Grad Norm: 1.4077 | Clipped: 4/4
Epoch [3983/4000] | Avg Makespan: 254.50 | Actor Loss: -0.0006 | Critic Loss: 0.8043 | Grad Norm: 1.9739 | Clipped: 4/4
Epoch [3984/4000] | Avg Makespan: 273.25 | Actor Loss: -0.0031 | Critic Loss: 0.5906 | Grad Norm: 1.2393 | Clipped: 3/4
Epoch [3985/4000] | Avg Makespan: 269.25 | Actor Loss: -0.0022 | Critic Loss: 0.4572 | Grad Norm: 1.2760 | Clipped: 4/4
Epoch [3986/4000] | Avg Makespan: 275.50 | Actor Loss: -0.0023 | Critic Loss: 0.2167 | Grad Norm: 1.2110 | Clipped: 4/4
Epoch [3987/4000] | Avg Makespan: 256.50 | Actor Loss: -0.0015 | Critic Loss: 1.2934 | Grad Norm: 1.2904 | Clipped: 4/4
Epoch [3988/4000] | Avg Makespan: 257.25 | Actor Loss: -0.0014 | Critic Loss: 0.4346 | Grad Norm: 1.4494 | Clipped: 4/4
Epoch [3989/4000] | Avg Makespan: 264.00 | Actor Loss: -0.0014 | Critic Loss: 0.2657 | Grad Norm: 1.1331 | Clipped: 4/4
Epoch [3990/4000] | Avg Makespan: 267.75 | Actor Loss: -0.0021 | Critic Loss: 0.2747 | Grad Norm: 1.2130 | Clipped: 4/4
Epoch [3991/4000] | Avg Makespan: 277.25 | Actor Loss: -0.0007 | Critic Loss: 0.4929 | Grad Norm: 1.3991 | Clipped: 4/4
Epoch [3992/4000] | Avg Makespan: 261.00 | Actor Loss: -0.0028 | Critic Loss: 0.3627 | Grad Norm: 1.6586 | Clipped: 4/4
Epoch [3993/4000] | Avg Makespan: 275.75 | Actor Loss: -0.0019 | Critic Loss: 0.2002 | Grad Norm: 1.5958 | Clipped: 4/4
Epoch [3994/4000] | Avg Makespan: 268.25 | Actor Loss: -0.0021 | Critic Loss: 0.4277 | Grad Norm: 1.3157 | Clipped: 4/4
Epoch [3995/4000] | Avg Makespan: 277.25 | Actor Loss: -0.0027 | Critic Loss: 0.4090 | Grad Norm: 1.3765 | Clipped: 2/4
Epoch [3996/4000] | Avg Makespan: 274.25 | Actor Loss: -0.0023 | Critic Loss: 0.2934 | Grad Norm: 1.2427 | Clipped: 4/4
Epoch [3997/4000] | Avg Makespan: 281.00 | Actor Loss: -0.0013 | Critic Loss: 0.4164 | Grad Norm: 1.5269 | Clipped: 4/4
Epoch [3998/4000] | Avg Makespan: 276.75 | Actor Loss: -0.0027 | Critic Loss: 0.1133 | Grad Norm: 1.5911 | Clipped: 4/4
Epoch [3999/4000] | Avg Makespan: 273.75 | Actor Loss: -0.0029 | Critic Loss: 0.2650 | Grad Norm: 1.4172 | Clipped: 4/4
Epoch [4000/4000] | Avg Makespan: 266.50 | Actor Loss: -0.0019 | Critic Loss: 0.3737 | Grad Norm: 1.2417 | Clipped: 4/4
   -> Validation | Samples: 280 | Makespan: 598.62 | Invalid Jobs: 0.01 | Score: 612.91
   -> Saved updated training chart to /home/wei/Desktop/AMR-DFJSP/runs/20260827_083140_v10_B_s43/chart.png
