Training on: cuda
Run directory: /home/wei/Desktop/AMR-DFJSP/runs/20260825_013759_v10_F_s42
Loaded 5000 dispatch events from test_case/v3/train_60.jsonl
Loaded 40 dispatch events from test_case/v3/mix/val_mix_20.jsonl
Loaded 40 dispatch events from test_case/v3/mix/val_mix_40.jsonl
Loaded 40 dispatch events from test_case/v3/mix/val_mix_60.jsonl
Loaded 40 dispatch events from test_case/v3/mix/val_mix_80.jsonl
Loaded 40 dispatch events from test_case/v3/mix/val_mix_100.jsonl
Loaded 40 dispatch events from test_case/v3/mix/val_mix_120.jsonl
Loaded 40 dispatch events from test_case/v3/mix/val_mix_140.jsonl
Loaded 280 validation event(s).
Starting hybrid dock-aware extend_GNN PPO training with critic-based advantage.
Second checkpoint protocol: Val Psi-hat selects checkpoints_v10/v10_F_s42_bestsurr.pth
Epoch [1/4000] | Avg Makespan: 679.87 | Actor Loss: -0.0042 | Critic Loss: 0.9212 | Grad Norm: 1.7176 | Clipped: 3/4
   -> Validation | Samples: 280 | Makespan: 580.85 | Invalid Jobs: 0.01 | Score: 595.14
   -> Val Score 595.14 (warming up 1/5, no selection yet)
   -> Val Psi-hat 566.58 (warming up 1/5, no selection yet)
   -> Saved updated training chart to /home/wei/Desktop/AMR-DFJSP/runs/20260825_013759_v10_F_s42/chart.png
Epoch [2/4000] | Avg Makespan: 692.15 | Actor Loss: -0.0031 | Critic Loss: 0.6785 | Grad Norm: 0.7810 | Clipped: 0/4
Epoch [3/4000] | Avg Makespan: 680.88 | Actor Loss: -0.0052 | Critic Loss: 0.6537 | Grad Norm: 0.5047 | Clipped: 0/4
Epoch [4/4000] | Avg Makespan: 669.18 | Actor Loss: -0.0025 | Critic Loss: 0.4688 | Grad Norm: 0.7252 | Clipped: 2/4
Epoch [5/4000] | Avg Makespan: 679.80 | Actor Loss: -0.0035 | Critic Loss: 0.8512 | Grad Norm: 1.3482 | Clipped: 3/4
Epoch [6/4000] | Avg Makespan: 646.29 | Actor Loss: -0.0024 | Critic Loss: 0.3116 | Grad Norm: 1.8858 | Clipped: 4/4
Epoch [7/4000] | Avg Makespan: 674.08 | Actor Loss: -0.0026 | Critic Loss: 0.6138 | Grad Norm: 1.4654 | Clipped: 3/4
Epoch [8/4000] | Avg Makespan: 674.75 | Actor Loss: -0.0005 | Critic Loss: 0.4393 | Grad Norm: 1.3349 | Clipped: 3/4
Epoch [9/4000] | Avg Makespan: 685.33 | Actor Loss: -0.0023 | Critic Loss: 0.4690 | Grad Norm: 0.9022 | Clipped: 2/4
Epoch [10/4000] | Avg Makespan: 644.00 | Actor Loss: -0.0007 | Critic Loss: 0.9989 | Grad Norm: 2.4306 | Clipped: 4/4
Epoch [11/4000] | Avg Makespan: 653.68 | Actor Loss: -0.0018 | Critic Loss: 0.6491 | Grad Norm: 2.6792 | Clipped: 3/4
Epoch [12/4000] | Avg Makespan: 616.34 | Actor Loss: 0.0001 | Critic Loss: 0.7660 | Grad Norm: 5.7435 | Clipped: 4/4
Epoch [13/4000] | Avg Makespan: 632.68 | Actor Loss: -0.0017 | Critic Loss: 0.8065 | Grad Norm: 1.4947 | Clipped: 3/4
Epoch [14/4000] | Avg Makespan: 621.05 | Actor Loss: -0.0019 | Critic Loss: 0.4439 | Grad Norm: 0.8067 | Clipped: 2/4
Epoch [15/4000] | Avg Makespan: 602.10 | Actor Loss: -0.0026 | Critic Loss: 0.4792 | Grad Norm: 1.0873 | Clipped: 2/4
Epoch [16/4000] | Avg Makespan: 602.80 | Actor Loss: -0.0030 | Critic Loss: 0.2796 | Grad Norm: 1.1701 | Clipped: 3/4
Epoch [17/4000] | Avg Makespan: 609.10 | Actor Loss: -0.0028 | Critic Loss: 0.2833 | Grad Norm: 0.8430 | Clipped: 1/4
Epoch [18/4000] | Avg Makespan: 602.38 | Actor Loss: -0.0023 | Critic Loss: 0.3458 | Grad Norm: 0.9034 | Clipped: 2/4
Epoch [19/4000] | Avg Makespan: 590.01 | Actor Loss: -0.0034 | Critic Loss: 0.5309 | Grad Norm: 0.8367 | Clipped: 0/4
Epoch [20/4000] | Avg Makespan: 591.42 | Actor Loss: -0.0021 | Critic Loss: 0.3119 | Grad Norm: 1.5323 | Clipped: 4/4
Epoch [21/4000] | Avg Makespan: 593.85 | Actor Loss: -0.0017 | Critic Loss: 0.3726 | Grad Norm: 1.8747 | Clipped: 4/4
Epoch [22/4000] | Avg Makespan: 606.55 | Actor Loss: -0.0003 | Critic Loss: 0.3072 | Grad Norm: 5.2536 | Clipped: 4/4
Epoch [23/4000] | Avg Makespan: 576.98 | Actor Loss: -0.0015 | Critic Loss: 0.3597 | Grad Norm: 5.2748 | Clipped: 4/4
Epoch [24/4000] | Avg Makespan: 590.64 | Actor Loss: -0.0008 | Critic Loss: 0.4742 | Grad Norm: 3.7818 | Clipped: 4/4
Epoch [25/4000] | Avg Makespan: 540.81 | Actor Loss: -0.0008 | Critic Loss: 0.5006 | Grad Norm: 3.6419 | Clipped: 3/4
Epoch [26/4000] | Avg Makespan: 597.34 | Actor Loss: -0.0010 | Critic Loss: 0.7902 | Grad Norm: 6.4655 | Clipped: 4/4
Epoch [27/4000] | Avg Makespan: 580.64 | Actor Loss: -0.0002 | Critic Loss: 0.4620 | Grad Norm: 6.1529 | Clipped: 4/4
Epoch [28/4000] | Avg Makespan: 543.58 | Actor Loss: -0.0023 | Critic Loss: 0.3147 | Grad Norm: 2.3255 | Clipped: 4/4
Epoch [29/4000] | Avg Makespan: 538.76 | Actor Loss: -0.0026 | Critic Loss: 0.2086 | Grad Norm: 1.3439 | Clipped: 2/4
Epoch [30/4000] | Avg Makespan: 546.71 | Actor Loss: -0.0008 | Critic Loss: 0.3904 | Grad Norm: 0.6889 | Clipped: 1/4
Epoch [31/4000] | Avg Makespan: 543.81 | Actor Loss: -0.0012 | Critic Loss: 0.4001 | Grad Norm: 0.5683 | Clipped: 0/4
Epoch [32/4000] | Avg Makespan: 547.33 | Actor Loss: -0.0033 | Critic Loss: 0.1577 | Grad Norm: 0.5954 | Clipped: 0/4
Epoch [33/4000] | Avg Makespan: 544.78 | Actor Loss: -0.0046 | Critic Loss: 0.1755 | Grad Norm: 1.0315 | Clipped: 2/4
Epoch [34/4000] | Avg Makespan: 536.12 | Actor Loss: -0.0032 | Critic Loss: 0.1847 | Grad Norm: 1.1586 | Clipped: 2/4
Epoch [35/4000] | Avg Makespan: 546.24 | Actor Loss: -0.0014 | Critic Loss: 0.1885 | Grad Norm: 0.5668 | Clipped: 0/4
Epoch [36/4000] | Avg Makespan: 521.08 | Actor Loss: -0.0004 | Critic Loss: 0.2692 | Grad Norm: 1.4740 | Clipped: 4/4
Epoch [37/4000] | Avg Makespan: 536.51 | Actor Loss: 0.0034 | Critic Loss: 0.2172 | Grad Norm: 2.0505 | Clipped: 4/4
Epoch [38/4000] | Avg Makespan: 516.68 | Actor Loss: 0.0029 | Critic Loss: 0.2176 | Grad Norm: 1.8808 | Clipped: 4/4
Epoch [39/4000] | Avg Makespan: 562.91 | Actor Loss: 0.0137 | Critic Loss: 0.3109 | Grad Norm: 3.7055 | Clipped: 4/4
Epoch [40/4000] | Avg Makespan: 504.64 | Actor Loss: 0.0158 | Critic Loss: 0.8945 | Grad Norm: 7.3186 | Clipped: 4/4
Epoch [41/4000] | Avg Makespan: 540.07 | Actor Loss: -0.0003 | Critic Loss: 0.2763 | Grad Norm: 2.1360 | Clipped: 4/4
Epoch [42/4000] | Avg Makespan: 507.49 | Actor Loss: -0.0036 | Critic Loss: 0.1562 | Grad Norm: 0.4760 | Clipped: 0/4
Epoch [43/4000] | Avg Makespan: 518.50 | Actor Loss: -0.0010 | Critic Loss: 0.2306 | Grad Norm: 1.1038 | Clipped: 3/4
Epoch [44/4000] | Avg Makespan: 499.01 | Actor Loss: -0.0019 | Critic Loss: 0.3261 | Grad Norm: 1.3096 | Clipped: 3/4
Epoch [45/4000] | Avg Makespan: 482.51 | Actor Loss: -0.0032 | Critic Loss: 0.2540 | Grad Norm: 0.8229 | Clipped: 1/4
Epoch [46/4000] | Avg Makespan: 485.36 | Actor Loss: -0.0038 | Critic Loss: 0.1121 | Grad Norm: 0.6432 | Clipped: 0/4
Epoch [47/4000] | Avg Makespan: 477.36 | Actor Loss: -0.0043 | Critic Loss: 0.1457 | Grad Norm: 0.5093 | Clipped: 0/4
Epoch [48/4000] | Avg Makespan: 467.87 | Actor Loss: -0.0034 | Critic Loss: 0.0983 | Grad Norm: 0.7834 | Clipped: 1/4
Epoch [49/4000] | Avg Makespan: 471.11 | Actor Loss: -0.0046 | Critic Loss: 0.1363 | Grad Norm: 0.8953 | Clipped: 2/4
Epoch [50/4000] | Avg Makespan: 475.85 | Actor Loss: -0.0034 | Critic Loss: 0.0932 | Grad Norm: 0.8429 | Clipped: 0/4
Epoch [51/4000] | Avg Makespan: 466.00 | Actor Loss: -0.0040 | Critic Loss: 0.1291 | Grad Norm: 0.5876 | Clipped: 0/4
Epoch [52/4000] | Avg Makespan: 474.98 | Actor Loss: -0.0025 | Critic Loss: 0.1509 | Grad Norm: 1.4132 | Clipped: 4/4
Epoch [53/4000] | Avg Makespan: 464.78 | Actor Loss: -0.0058 | Critic Loss: 0.0256 | Grad Norm: 0.8651 | Clipped: 1/4
Epoch [54/4000] | Avg Makespan: 446.47 | Actor Loss: -0.0012 | Critic Loss: 0.0739 | Grad Norm: 1.4861 | Clipped: 3/4
Epoch [55/4000] | Avg Makespan: 457.42 | Actor Loss: 0.0008 | Critic Loss: 0.1402 | Grad Norm: 1.8513 | Clipped: 4/4
Epoch [56/4000] | Avg Makespan: 453.30 | Actor Loss: 0.0004 | Critic Loss: 0.0367 | Grad Norm: 1.0689 | Clipped: 2/4
Epoch [57/4000] | Avg Makespan: 461.00 | Actor Loss: 0.0062 | Critic Loss: 0.1001 | Grad Norm: 1.4234 | Clipped: 3/4
Epoch [58/4000] | Avg Makespan: 463.29 | Actor Loss: -0.0008 | Critic Loss: 0.0471 | Grad Norm: 1.1807 | Clipped: 2/4
Epoch [59/4000] | Avg Makespan: 446.55 | Actor Loss: -0.0011 | Critic Loss: 0.0816 | Grad Norm: 1.4367 | Clipped: 4/4
Epoch [60/4000] | Avg Makespan: 443.45 | Actor Loss: -0.0024 | Critic Loss: 0.1544 | Grad Norm: 1.1922 | Clipped: 3/4
Epoch [61/4000] | Avg Makespan: 444.67 | Actor Loss: -0.0041 | Critic Loss: 0.0884 | Grad Norm: 0.7952 | Clipped: 0/4
Epoch [62/4000] | Avg Makespan: 460.82 | Actor Loss: 0.0014 | Critic Loss: 0.1462 | Grad Norm: 1.0348 | Clipped: 3/4
Epoch [63/4000] | Avg Makespan: 450.29 | Actor Loss: 0.0018 | Critic Loss: 0.0902 | Grad Norm: 0.9911 | Clipped: 1/4
Epoch [64/4000] | Avg Makespan: 448.37 | Actor Loss: -0.0036 | Critic Loss: 0.0588 | Grad Norm: 0.7335 | Clipped: 1/4
Epoch [65/4000] | Avg Makespan: 444.79 | Actor Loss: 0.0010 | Critic Loss: 0.0513 | Grad Norm: 1.1341 | Clipped: 3/4
Epoch [66/4000] | Avg Makespan: 442.21 | Actor Loss: -0.0041 | Critic Loss: 0.0773 | Grad Norm: 0.4805 | Clipped: 0/4
Epoch [67/4000] | Avg Makespan: 450.96 | Actor Loss: -0.0010 | Critic Loss: 0.0543 | Grad Norm: 0.5081 | Clipped: 0/4
Epoch [68/4000] | Avg Makespan: 441.76 | Actor Loss: -0.0027 | Critic Loss: 0.0374 | Grad Norm: 0.5500 | Clipped: 0/4
Epoch [69/4000] | Avg Makespan: 444.50 | Actor Loss: -0.0089 | Critic Loss: 0.0413 | Grad Norm: 0.6957 | Clipped: 0/4
Epoch [70/4000] | Avg Makespan: 437.70 | Actor Loss: -0.0053 | Critic Loss: 0.0388 | Grad Norm: 0.8197 | Clipped: 1/4
Epoch [71/4000] | Avg Makespan: 450.66 | Actor Loss: -0.0022 | Critic Loss: 0.0658 | Grad Norm: 0.7645 | Clipped: 0/4
Epoch [72/4000] | Avg Makespan: 439.40 | Actor Loss: -0.0080 | Critic Loss: 0.0763 | Grad Norm: 0.6673 | Clipped: 0/4
Epoch [73/4000] | Avg Makespan: 444.35 | Actor Loss: -0.0047 | Critic Loss: 0.1704 | Grad Norm: 0.8815 | Clipped: 1/4
Epoch [74/4000] | Avg Makespan: 424.08 | Actor Loss: -0.0029 | Critic Loss: 0.1190 | Grad Norm: 1.0806 | Clipped: 2/4
Epoch [75/4000] | Avg Makespan: 447.18 | Actor Loss: 0.0011 | Critic Loss: 0.1252 | Grad Norm: 1.2548 | Clipped: 3/4
Epoch [76/4000] | Avg Makespan: 414.24 | Actor Loss: 0.0056 | Critic Loss: 0.1242 | Grad Norm: 1.4920 | Clipped: 4/4
Epoch [77/4000] | Avg Makespan: 454.69 | Actor Loss: 0.0053 | Critic Loss: 0.0678 | Grad Norm: 1.2764 | Clipped: 4/4
Epoch [78/4000] | Avg Makespan: 416.50 | Actor Loss: 0.0105 | Critic Loss: 0.1047 | Grad Norm: 1.7228 | Clipped: 4/4
Epoch [79/4000] | Avg Makespan: 441.52 | Actor Loss: 0.0061 | Critic Loss: 0.0681 | Grad Norm: 1.5803 | Clipped: 4/4
Epoch [80/4000] | Avg Makespan: 441.70 | Actor Loss: -0.0016 | Critic Loss: 0.0486 | Grad Norm: 0.8684 | Clipped: 1/4
Epoch [81/4000] | Avg Makespan: 438.03 | Actor Loss: -0.0018 | Critic Loss: 0.0671 | Grad Norm: 0.9215 | Clipped: 1/4
Epoch [82/4000] | Avg Makespan: 450.88 | Actor Loss: -0.0029 | Critic Loss: 0.0517 | Grad Norm: 0.8228 | Clipped: 1/4
Epoch [83/4000] | Avg Makespan: 458.90 | Actor Loss: -0.0002 | Critic Loss: 0.0619 | Grad Norm: 1.1146 | Clipped: 2/4
Epoch [84/4000] | Avg Makespan: 480.16 | Actor Loss: -0.0019 | Critic Loss: 0.1623 | Grad Norm: 0.7607 | Clipped: 1/4
Epoch [85/4000] | Avg Makespan: 430.84 | Actor Loss: -0.0013 | Critic Loss: 0.1742 | Grad Norm: 1.5967 | Clipped: 4/4
Epoch [86/4000] | Avg Makespan: 431.99 | Actor Loss: -0.0015 | Critic Loss: 0.0818 | Grad Norm: 1.2041 | Clipped: 3/4
Epoch [87/4000] | Avg Makespan: 439.53 | Actor Loss: 0.0025 | Critic Loss: 0.1523 | Grad Norm: 1.3159 | Clipped: 4/4
Epoch [88/4000] | Avg Makespan: 439.33 | Actor Loss: 0.0050 | Critic Loss: 0.0309 | Grad Norm: 0.9719 | Clipped: 2/4
Epoch [89/4000] | Avg Makespan: 450.91 | Actor Loss: 0.0010 | Critic Loss: 0.1313 | Grad Norm: 1.0404 | Clipped: 2/4
Epoch [90/4000] | Avg Makespan: 447.90 | Actor Loss: -0.0025 | Critic Loss: 0.0982 | Grad Norm: 0.5595 | Clipped: 0/4
Epoch [91/4000] | Avg Makespan: 454.22 | Actor Loss: -0.0017 | Critic Loss: 0.0827 | Grad Norm: 0.8395 | Clipped: 2/4
Epoch [92/4000] | Avg Makespan: 428.13 | Actor Loss: 0.0019 | Critic Loss: 0.1163 | Grad Norm: 1.1756 | Clipped: 2/4
Epoch [93/4000] | Avg Makespan: 427.57 | Actor Loss: -0.0040 | Critic Loss: 0.0256 | Grad Norm: 0.6734 | Clipped: 0/4
Epoch [94/4000] | Avg Makespan: 424.12 | Actor Loss: -0.0053 | Critic Loss: 0.0441 | Grad Norm: 0.7260 | Clipped: 1/4
Epoch [95/4000] | Avg Makespan: 448.10 | Actor Loss: -0.0051 | Critic Loss: 0.1012 | Grad Norm: 0.9228 | Clipped: 2/4
Epoch [96/4000] | Avg Makespan: 444.45 | Actor Loss: 0.0034 | Critic Loss: 0.0430 | Grad Norm: 1.3413 | Clipped: 3/4
Epoch [97/4000] | Avg Makespan: 437.44 | Actor Loss: -0.0048 | Critic Loss: 0.0855 | Grad Norm: 0.8540 | Clipped: 1/4
Epoch [98/4000] | Avg Makespan: 450.28 | Actor Loss: -0.0014 | Critic Loss: 0.1804 | Grad Norm: 0.9947 | Clipped: 1/4
Epoch [99/4000] | Avg Makespan: 415.97 | Actor Loss: -0.0057 | Critic Loss: 0.0774 | Grad Norm: 0.7980 | Clipped: 0/4
Epoch [100/4000] | Avg Makespan: 431.03 | Actor Loss: -0.0029 | Critic Loss: 0.0837 | Grad Norm: 0.9189 | Clipped: 2/4
   -> Validation | Samples: 280 | Makespan: 485.67 | Invalid Jobs: 0.00 | Score: 485.67
   -> Val Score 485.67 (warming up 2/5, no selection yet)
   -> Val Psi-hat 447.18 (warming up 2/5, no selection yet)
   -> Saved updated training chart to /home/wei/Desktop/AMR-DFJSP/runs/20260825_013759_v10_F_s42/chart.png
Epoch [101/4000] | Avg Makespan: 438.74 | Actor Loss: -0.0004 | Critic Loss: 0.1449 | Grad Norm: 0.6868 | Clipped: 0/4
Epoch [102/4000] | Avg Makespan: 436.63 | Actor Loss: -0.0037 | Critic Loss: 0.1244 | Grad Norm: 0.5833 | Clipped: 0/4
Epoch [103/4000] | Avg Makespan: 446.08 | Actor Loss: -0.0023 | Critic Loss: 0.1657 | Grad Norm: 0.5190 | Clipped: 0/4
Epoch [104/4000] | Avg Makespan: 437.43 | Actor Loss: -0.0036 | Critic Loss: 0.1417 | Grad Norm: 0.4483 | Clipped: 0/4
Epoch [105/4000] | Avg Makespan: 419.02 | Actor Loss: -0.0049 | Critic Loss: 0.0529 | Grad Norm: 0.6608 | Clipped: 0/4
Epoch [106/4000] | Avg Makespan: 417.76 | Actor Loss: -0.0024 | Critic Loss: 0.0313 | Grad Norm: 0.6193 | Clipped: 0/4
Epoch [107/4000] | Avg Makespan: 435.53 | Actor Loss: -0.0006 | Critic Loss: 0.2674 | Grad Norm: 1.0186 | Clipped: 3/4
Epoch [108/4000] | Avg Makespan: 416.33 | Actor Loss: 0.0036 | Critic Loss: 0.1192 | Grad Norm: 0.9505 | Clipped: 0/4
Epoch [109/4000] | Avg Makespan: 417.58 | Actor Loss: -0.0027 | Critic Loss: 0.1144 | Grad Norm: 0.6080 | Clipped: 0/4
Epoch [110/4000] | Avg Makespan: 421.98 | Actor Loss: -0.0022 | Critic Loss: 0.0388 | Grad Norm: 0.6127 | Clipped: 0/4
Epoch [111/4000] | Avg Makespan: 417.42 | Actor Loss: -0.0044 | Critic Loss: 0.1377 | Grad Norm: 0.8571 | Clipped: 1/4
Epoch [112/4000] | Avg Makespan: 417.63 | Actor Loss: 0.0033 | Critic Loss: 0.0733 | Grad Norm: 0.9113 | Clipped: 1/4
Epoch [113/4000] | Avg Makespan: 415.68 | Actor Loss: -0.0028 | Critic Loss: 0.0340 | Grad Norm: 0.6352 | Clipped: 0/4
Epoch [114/4000] | Avg Makespan: 413.40 | Actor Loss: -0.0060 | Critic Loss: 0.0412 | Grad Norm: 0.8336 | Clipped: 1/4
Epoch [115/4000] | Avg Makespan: 414.86 | Actor Loss: -0.0010 | Critic Loss: 0.1196 | Grad Norm: 0.8201 | Clipped: 1/4
Epoch [116/4000] | Avg Makespan: 435.27 | Actor Loss: -0.0064 | Critic Loss: 0.0383 | Grad Norm: 0.7666 | Clipped: 1/4
Epoch [117/4000] | Avg Makespan: 395.19 | Actor Loss: -0.0042 | Critic Loss: 0.1967 | Grad Norm: 1.2649 | Clipped: 3/4
Epoch [118/4000] | Avg Makespan: 408.44 | Actor Loss: -0.0038 | Critic Loss: 0.0353 | Grad Norm: 1.0134 | Clipped: 2/4
Epoch [119/4000] | Avg Makespan: 396.34 | Actor Loss: -0.0013 | Critic Loss: 0.1316 | Grad Norm: 0.6443 | Clipped: 0/4
Epoch [120/4000] | Avg Makespan: 423.29 | Actor Loss: -0.0043 | Critic Loss: 0.1114 | Grad Norm: 0.8426 | Clipped: 0/4
Epoch [121/4000] | Avg Makespan: 421.22 | Actor Loss: -0.0054 | Critic Loss: 0.0490 | Grad Norm: 0.5789 | Clipped: 0/4
Epoch [122/4000] | Avg Makespan: 419.16 | Actor Loss: -0.0052 | Critic Loss: 0.0734 | Grad Norm: 0.8516 | Clipped: 0/4
Epoch [123/4000] | Avg Makespan: 408.88 | Actor Loss: -0.0032 | Critic Loss: 0.0651 | Grad Norm: 0.7206 | Clipped: 1/4
Epoch [124/4000] | Avg Makespan: 409.70 | Actor Loss: -0.0005 | Critic Loss: 0.0380 | Grad Norm: 0.6244 | Clipped: 0/4
Epoch [125/4000] | Avg Makespan: 406.57 | Actor Loss: -0.0027 | Critic Loss: 0.0281 | Grad Norm: 0.6100 | Clipped: 0/4
Epoch [126/4000] | Avg Makespan: 415.34 | Actor Loss: -0.0024 | Critic Loss: 0.1904 | Grad Norm: 0.6177 | Clipped: 1/4
Epoch [127/4000] | Avg Makespan: 424.53 | Actor Loss: -0.0027 | Critic Loss: 0.0716 | Grad Norm: 0.8076 | Clipped: 1/4
Epoch [128/4000] | Avg Makespan: 407.35 | Actor Loss: -0.0023 | Critic Loss: 0.0443 | Grad Norm: 0.9977 | Clipped: 1/4
Epoch [129/4000] | Avg Makespan: 415.11 | Actor Loss: -0.0060 | Critic Loss: 0.0786 | Grad Norm: 0.9639 | Clipped: 2/4
Epoch [130/4000] | Avg Makespan: 405.19 | Actor Loss: 0.0008 | Critic Loss: 0.0423 | Grad Norm: 0.6319 | Clipped: 0/4
Epoch [131/4000] | Avg Makespan: 421.30 | Actor Loss: -0.0044 | Critic Loss: 0.0520 | Grad Norm: 0.7512 | Clipped: 1/4
Epoch [132/4000] | Avg Makespan: 413.15 | Actor Loss: -0.0024 | Critic Loss: 0.1562 | Grad Norm: 0.6852 | Clipped: 1/4
Epoch [133/4000] | Avg Makespan: 402.16 | Actor Loss: -0.0023 | Critic Loss: 0.0999 | Grad Norm: 0.8183 | Clipped: 1/4
Epoch [134/4000] | Avg Makespan: 416.04 | Actor Loss: -0.0025 | Critic Loss: 0.1836 | Grad Norm: 0.9021 | Clipped: 1/4
Epoch [135/4000] | Avg Makespan: 383.41 | Actor Loss: -0.0004 | Critic Loss: 0.1017 | Grad Norm: 0.9000 | Clipped: 2/4
Epoch [136/4000] | Avg Makespan: 398.18 | Actor Loss: -0.0012 | Critic Loss: 0.0394 | Grad Norm: 0.5736 | Clipped: 0/4
Epoch [137/4000] | Avg Makespan: 407.15 | Actor Loss: -0.0056 | Critic Loss: 0.1209 | Grad Norm: 0.6585 | Clipped: 0/4
Epoch [138/4000] | Avg Makespan: 391.65 | Actor Loss: -0.0034 | Critic Loss: 0.0813 | Grad Norm: 0.8644 | Clipped: 1/4
Epoch [139/4000] | Avg Makespan: 411.83 | Actor Loss: 0.0016 | Critic Loss: 0.0700 | Grad Norm: 1.0948 | Clipped: 2/4
Epoch [140/4000] | Avg Makespan: 405.56 | Actor Loss: -0.0028 | Critic Loss: 0.0283 | Grad Norm: 0.4956 | Clipped: 0/4
Epoch [141/4000] | Avg Makespan: 419.45 | Actor Loss: -0.0021 | Critic Loss: 0.1170 | Grad Norm: 0.5482 | Clipped: 0/4
Epoch [142/4000] | Avg Makespan: 407.32 | Actor Loss: -0.0041 | Critic Loss: 0.0669 | Grad Norm: 0.5561 | Clipped: 0/4
Epoch [143/4000] | Avg Makespan: 403.71 | Actor Loss: -0.0061 | Critic Loss: 0.0493 | Grad Norm: 0.9913 | Clipped: 1/4
Epoch [144/4000] | Avg Makespan: 406.72 | Actor Loss: -0.0073 | Critic Loss: 0.1006 | Grad Norm: 0.7476 | Clipped: 1/4
Epoch [145/4000] | Avg Makespan: 400.48 | Actor Loss: -0.0006 | Critic Loss: 0.0475 | Grad Norm: 1.0138 | Clipped: 2/4
Epoch [146/4000] | Avg Makespan: 416.13 | Actor Loss: -0.0019 | Critic Loss: 0.0568 | Grad Norm: 1.0699 | Clipped: 3/4
Epoch [147/4000] | Avg Makespan: 389.10 | Actor Loss: -0.0060 | Critic Loss: 0.1606 | Grad Norm: 0.9624 | Clipped: 2/4
Epoch [148/4000] | Avg Makespan: 405.24 | Actor Loss: -0.0039 | Critic Loss: 0.0857 | Grad Norm: 1.0591 | Clipped: 2/4
Epoch [149/4000] | Avg Makespan: 398.97 | Actor Loss: -0.0031 | Critic Loss: 0.0703 | Grad Norm: 1.1110 | Clipped: 2/4
Epoch [150/4000] | Avg Makespan: 399.85 | Actor Loss: -0.0041 | Critic Loss: 0.0488 | Grad Norm: 0.6485 | Clipped: 0/4
Epoch [151/4000] | Avg Makespan: 411.88 | Actor Loss: -0.0065 | Critic Loss: 0.0562 | Grad Norm: 0.8696 | Clipped: 1/4
Epoch [152/4000] | Avg Makespan: 409.19 | Actor Loss: -0.0079 | Critic Loss: 0.0138 | Grad Norm: 0.5724 | Clipped: 0/4
Epoch [153/4000] | Avg Makespan: 404.33 | Actor Loss: -0.0059 | Critic Loss: 0.0334 | Grad Norm: 0.7843 | Clipped: 1/4
Epoch [154/4000] | Avg Makespan: 407.59 | Actor Loss: -0.0046 | Critic Loss: 0.1325 | Grad Norm: 0.8280 | Clipped: 1/4
Epoch [155/4000] | Avg Makespan: 409.90 | Actor Loss: -0.0043 | Critic Loss: 0.0445 | Grad Norm: 0.6944 | Clipped: 0/4
Epoch [156/4000] | Avg Makespan: 405.65 | Actor Loss: -0.0042 | Critic Loss: 0.0700 | Grad Norm: 0.6796 | Clipped: 0/4
Epoch [157/4000] | Avg Makespan: 411.10 | Actor Loss: -0.0073 | Critic Loss: 0.0203 | Grad Norm: 0.8622 | Clipped: 1/4
Epoch [158/4000] | Avg Makespan: 401.55 | Actor Loss: -0.0075 | Critic Loss: 0.0945 | Grad Norm: 1.0086 | Clipped: 2/4
Epoch [159/4000] | Avg Makespan: 398.84 | Actor Loss: -0.0013 | Critic Loss: 0.0703 | Grad Norm: 1.1296 | Clipped: 2/4
Epoch [160/4000] | Avg Makespan: 409.69 | Actor Loss: -0.0031 | Critic Loss: 0.0333 | Grad Norm: 1.0931 | Clipped: 2/4
Epoch [161/4000] | Avg Makespan: 401.32 | Actor Loss: -0.0042 | Critic Loss: 0.0501 | Grad Norm: 1.0050 | Clipped: 3/4
Epoch [162/4000] | Avg Makespan: 399.81 | Actor Loss: -0.0052 | Critic Loss: 0.1371 | Grad Norm: 0.7578 | Clipped: 0/4
Epoch [163/4000] | Avg Makespan: 406.94 | Actor Loss: -0.0059 | Critic Loss: 0.0705 | Grad Norm: 0.9531 | Clipped: 2/4
Epoch [164/4000] | Avg Makespan: 384.14 | Actor Loss: -0.0030 | Critic Loss: 0.0325 | Grad Norm: 0.8065 | Clipped: 1/4
Epoch [165/4000] | Avg Makespan: 424.90 | Actor Loss: -0.0002 | Critic Loss: 0.2023 | Grad Norm: 1.0320 | Clipped: 2/4
Epoch [166/4000] | Avg Makespan: 410.05 | Actor Loss: -0.0058 | Critic Loss: 0.0889 | Grad Norm: 1.0790 | Clipped: 1/4
Epoch [167/4000] | Avg Makespan: 400.47 | Actor Loss: -0.0055 | Critic Loss: 0.0789 | Grad Norm: 1.2392 | Clipped: 3/4
Epoch [168/4000] | Avg Makespan: 406.75 | Actor Loss: -0.0043 | Critic Loss: 0.0337 | Grad Norm: 0.8802 | Clipped: 1/4
Epoch [169/4000] | Avg Makespan: 402.71 | Actor Loss: -0.0027 | Critic Loss: 0.1275 | Grad Norm: 1.3021 | Clipped: 4/4
Epoch [170/4000] | Avg Makespan: 405.84 | Actor Loss: 0.0039 | Critic Loss: 0.0363 | Grad Norm: 2.7568 | Clipped: 3/4
Epoch [171/4000] | Avg Makespan: 399.89 | Actor Loss: -0.0008 | Critic Loss: 0.1917 | Grad Norm: 1.3241 | Clipped: 3/4
Epoch [172/4000] | Avg Makespan: 397.12 | Actor Loss: -0.0042 | Critic Loss: 0.0603 | Grad Norm: 0.8705 | Clipped: 1/4
Epoch [173/4000] | Avg Makespan: 391.66 | Actor Loss: -0.0058 | Critic Loss: 0.0417 | Grad Norm: 1.0716 | Clipped: 2/4
Epoch [174/4000] | Avg Makespan: 383.15 | Actor Loss: -0.0055 | Critic Loss: 0.0504 | Grad Norm: 1.1631 | Clipped: 3/4
Epoch [175/4000] | Avg Makespan: 391.45 | Actor Loss: -0.0043 | Critic Loss: 0.1562 | Grad Norm: 0.9643 | Clipped: 1/4
Epoch [176/4000] | Avg Makespan: 399.28 | Actor Loss: 0.0001 | Critic Loss: 0.0426 | Grad Norm: 1.6815 | Clipped: 3/4
Epoch [177/4000] | Avg Makespan: 389.47 | Actor Loss: -0.0026 | Critic Loss: 0.0335 | Grad Norm: 1.4009 | Clipped: 2/4
Epoch [178/4000] | Avg Makespan: 419.87 | Actor Loss: -0.0082 | Critic Loss: 0.2732 | Grad Norm: 1.1245 | Clipped: 3/4
Epoch [179/4000] | Avg Makespan: 382.10 | Actor Loss: -0.0045 | Critic Loss: 0.1226 | Grad Norm: 1.2615 | Clipped: 3/4
Epoch [180/4000] | Avg Makespan: 388.67 | Actor Loss: -0.0029 | Critic Loss: 0.0688 | Grad Norm: 1.3720 | Clipped: 4/4
Epoch [181/4000] | Avg Makespan: 395.37 | Actor Loss: 0.0010 | Critic Loss: 0.0578 | Grad Norm: 1.3145 | Clipped: 4/4
Epoch [182/4000] | Avg Makespan: 394.96 | Actor Loss: -0.0018 | Critic Loss: 0.0540 | Grad Norm: 1.2869 | Clipped: 3/4
Epoch [183/4000] | Avg Makespan: 403.58 | Actor Loss: -0.0032 | Critic Loss: 0.1199 | Grad Norm: 0.7143 | Clipped: 0/4
Epoch [184/4000] | Avg Makespan: 402.00 | Actor Loss: -0.0039 | Critic Loss: 0.0278 | Grad Norm: 1.1385 | Clipped: 3/4
Epoch [185/4000] | Avg Makespan: 383.14 | Actor Loss: -0.0059 | Critic Loss: 0.0923 | Grad Norm: 1.0241 | Clipped: 2/4
Epoch [186/4000] | Avg Makespan: 399.50 | Actor Loss: -0.0031 | Critic Loss: 0.0635 | Grad Norm: 0.9980 | Clipped: 2/4
Epoch [187/4000] | Avg Makespan: 382.88 | Actor Loss: -0.0009 | Critic Loss: 0.0543 | Grad Norm: 2.4744 | Clipped: 4/4
Epoch [188/4000] | Avg Makespan: 389.86 | Actor Loss: -0.0011 | Critic Loss: 0.0545 | Grad Norm: 1.6195 | Clipped: 3/4
Epoch [189/4000] | Avg Makespan: 417.33 | Actor Loss: 0.0038 | Critic Loss: 0.1805 | Grad Norm: 1.5493 | Clipped: 3/4
Epoch [190/4000] | Avg Makespan: 394.61 | Actor Loss: -0.0056 | Critic Loss: 0.0509 | Grad Norm: 1.1171 | Clipped: 4/4
Epoch [191/4000] | Avg Makespan: 399.70 | Actor Loss: -0.0017 | Critic Loss: 0.0457 | Grad Norm: 1.1665 | Clipped: 2/4
Epoch [192/4000] | Avg Makespan: 392.00 | Actor Loss: -0.0062 | Critic Loss: 0.0280 | Grad Norm: 0.8329 | Clipped: 0/4
Epoch [193/4000] | Avg Makespan: 402.84 | Actor Loss: -0.0030 | Critic Loss: 0.0743 | Grad Norm: 1.0228 | Clipped: 3/4
Epoch [194/4000] | Avg Makespan: 378.66 | Actor Loss: -0.0017 | Critic Loss: 0.0700 | Grad Norm: 0.9979 | Clipped: 2/4
Epoch [195/4000] | Avg Makespan: 399.43 | Actor Loss: -0.0080 | Critic Loss: 0.2048 | Grad Norm: 0.7292 | Clipped: 1/4
Epoch [196/4000] | Avg Makespan: 387.20 | Actor Loss: -0.0084 | Critic Loss: 0.0869 | Grad Norm: 0.7513 | Clipped: 0/4
Epoch [197/4000] | Avg Makespan: 401.99 | Actor Loss: -0.0037 | Critic Loss: 0.0993 | Grad Norm: 0.9312 | Clipped: 2/4
Epoch [198/4000] | Avg Makespan: 399.81 | Actor Loss: 0.0018 | Critic Loss: 0.1493 | Grad Norm: 1.5837 | Clipped: 4/4
Epoch [199/4000] | Avg Makespan: 387.71 | Actor Loss: -0.0028 | Critic Loss: 0.0450 | Grad Norm: 1.0783 | Clipped: 3/4
Epoch [200/4000] | Avg Makespan: 394.96 | Actor Loss: -0.0055 | Critic Loss: 0.0341 | Grad Norm: 0.7451 | Clipped: 0/4
   -> Validation | Samples: 280 | Makespan: 485.09 | Invalid Jobs: 0.00 | Score: 488.66
   -> Val Score 488.66 (warming up 3/5, no selection yet)
   -> Val Psi-hat 465.15 (warming up 3/5, no selection yet)
   -> Saved updated training chart to /home/wei/Desktop/AMR-DFJSP/runs/20260825_013759_v10_F_s42/chart.png
Epoch [201/4000] | Avg Makespan: 405.96 | Actor Loss: -0.0022 | Critic Loss: 0.1005 | Grad Norm: 0.7723 | Clipped: 0/4
Epoch [202/4000] | Avg Makespan: 394.49 | Actor Loss: -0.0047 | Critic Loss: 0.0497 | Grad Norm: 0.8302 | Clipped: 1/4
Epoch [203/4000] | Avg Makespan: 394.73 | Actor Loss: -0.0076 | Critic Loss: 0.1306 | Grad Norm: 0.5955 | Clipped: 0/4
Epoch [204/4000] | Avg Makespan: 382.43 | Actor Loss: -0.0060 | Critic Loss: 0.0365 | Grad Norm: 0.9277 | Clipped: 2/4
Epoch [205/4000] | Avg Makespan: 387.90 | Actor Loss: -0.0046 | Critic Loss: 0.0487 | Grad Norm: 0.8733 | Clipped: 1/4
Epoch [206/4000] | Avg Makespan: 390.19 | Actor Loss: -0.0075 | Critic Loss: 0.1190 | Grad Norm: 0.7687 | Clipped: 0/4
Epoch [207/4000] | Avg Makespan: 392.74 | Actor Loss: -0.0076 | Critic Loss: 0.0822 | Grad Norm: 0.9572 | Clipped: 1/4
Epoch [208/4000] | Avg Makespan: 376.90 | Actor Loss: -0.0058 | Critic Loss: 0.1197 | Grad Norm: 0.7061 | Clipped: 0/4
Epoch [209/4000] | Avg Makespan: 385.53 | Actor Loss: -0.0058 | Critic Loss: 0.0863 | Grad Norm: 0.7640 | Clipped: 1/4
Epoch [210/4000] | Avg Makespan: 384.06 | Actor Loss: -0.0075 | Critic Loss: 0.0547 | Grad Norm: 0.7694 | Clipped: 1/4
Epoch [211/4000] | Avg Makespan: 382.46 | Actor Loss: -0.0053 | Critic Loss: 0.0582 | Grad Norm: 0.7237 | Clipped: 0/4
Epoch [212/4000] | Avg Makespan: 375.47 | Actor Loss: -0.0042 | Critic Loss: 0.0581 | Grad Norm: 1.1979 | Clipped: 3/4
Epoch [213/4000] | Avg Makespan: 388.28 | Actor Loss: -0.0048 | Critic Loss: 0.1284 | Grad Norm: 0.6836 | Clipped: 0/4
Epoch [214/4000] | Avg Makespan: 374.82 | Actor Loss: -0.0106 | Critic Loss: 0.0711 | Grad Norm: 0.6737 | Clipped: 0/4
Epoch [215/4000] | Avg Makespan: 375.18 | Actor Loss: -0.0073 | Critic Loss: 0.1080 | Grad Norm: 0.5205 | Clipped: 0/4
Epoch [216/4000] | Avg Makespan: 380.36 | Actor Loss: -0.0061 | Critic Loss: 0.0235 | Grad Norm: 0.7138 | Clipped: 1/4
Epoch [217/4000] | Avg Makespan: 371.76 | Actor Loss: -0.0053 | Critic Loss: 0.0407 | Grad Norm: 0.5940 | Clipped: 0/4
Epoch [218/4000] | Avg Makespan: 374.60 | Actor Loss: -0.0083 | Critic Loss: 0.2004 | Grad Norm: 0.5803 | Clipped: 0/4
Epoch [219/4000] | Avg Makespan: 379.69 | Actor Loss: -0.0046 | Critic Loss: 0.1267 | Grad Norm: 0.9611 | Clipped: 1/4
Epoch [220/4000] | Avg Makespan: 377.29 | Actor Loss: -0.0083 | Critic Loss: 0.0466 | Grad Norm: 0.7727 | Clipped: 0/4
Epoch [221/4000] | Avg Makespan: 366.26 | Actor Loss: -0.0060 | Critic Loss: 0.0508 | Grad Norm: 0.5701 | Clipped: 0/4
Epoch [222/4000] | Avg Makespan: 389.23 | Actor Loss: -0.0048 | Critic Loss: 0.1277 | Grad Norm: 0.7927 | Clipped: 0/4
Epoch [223/4000] | Avg Makespan: 378.31 | Actor Loss: -0.0039 | Critic Loss: 0.0129 | Grad Norm: 0.6108 | Clipped: 0/4
Epoch [224/4000] | Avg Makespan: 381.15 | Actor Loss: -0.0083 | Critic Loss: 0.1372 | Grad Norm: 0.6551 | Clipped: 0/4
Epoch [225/4000] | Avg Makespan: 378.21 | Actor Loss: -0.0078 | Critic Loss: 0.0962 | Grad Norm: 0.4678 | Clipped: 0/4
Epoch [226/4000] | Avg Makespan: 370.43 | Actor Loss: -0.0047 | Critic Loss: 0.0959 | Grad Norm: 0.6037 | Clipped: 0/4
Epoch [227/4000] | Avg Makespan: 367.34 | Actor Loss: -0.0071 | Critic Loss: 0.0616 | Grad Norm: 0.8993 | Clipped: 2/4
Epoch [228/4000] | Avg Makespan: 352.05 | Actor Loss: -0.0060 | Critic Loss: 0.0215 | Grad Norm: 0.9769 | Clipped: 3/4
Epoch [229/4000] | Avg Makespan: 352.27 | Actor Loss: -0.0013 | Critic Loss: 0.0278 | Grad Norm: 1.2759 | Clipped: 3/4
Epoch [230/4000] | Avg Makespan: 364.31 | Actor Loss: 0.0090 | Critic Loss: 0.0769 | Grad Norm: 1.4407 | Clipped: 3/4
Epoch [231/4000] | Avg Makespan: 360.16 | Actor Loss: 0.0022 | Critic Loss: 0.0642 | Grad Norm: 1.3296 | Clipped: 2/4
Epoch [232/4000] | Avg Makespan: 351.19 | Actor Loss: -0.0034 | Critic Loss: 0.0855 | Grad Norm: 1.1368 | Clipped: 3/4
Epoch [233/4000] | Avg Makespan: 371.46 | Actor Loss: -0.0079 | Critic Loss: 0.0704 | Grad Norm: 0.6619 | Clipped: 0/4
Epoch [234/4000] | Avg Makespan: 373.39 | Actor Loss: -0.0038 | Critic Loss: 0.0941 | Grad Norm: 0.6164 | Clipped: 0/4
Epoch [235/4000] | Avg Makespan: 366.54 | Actor Loss: -0.0099 | Critic Loss: 0.0812 | Grad Norm: 0.7555 | Clipped: 1/4
Epoch [236/4000] | Avg Makespan: 369.46 | Actor Loss: -0.0045 | Critic Loss: 0.0559 | Grad Norm: 0.6636 | Clipped: 0/4
Epoch [237/4000] | Avg Makespan: 379.94 | Actor Loss: -0.0047 | Critic Loss: 0.1139 | Grad Norm: 0.8147 | Clipped: 0/4
Epoch [238/4000] | Avg Makespan: 369.51 | Actor Loss: -0.0066 | Critic Loss: 0.0862 | Grad Norm: 0.5268 | Clipped: 0/4
Epoch [239/4000] | Avg Makespan: 356.91 | Actor Loss: -0.0063 | Critic Loss: 0.1020 | Grad Norm: 0.7854 | Clipped: 0/4
Epoch [240/4000] | Avg Makespan: 351.05 | Actor Loss: -0.0079 | Critic Loss: 0.0663 | Grad Norm: 0.7513 | Clipped: 0/4
Epoch [241/4000] | Avg Makespan: 352.52 | Actor Loss: -0.0078 | Critic Loss: 0.0413 | Grad Norm: 0.7166 | Clipped: 0/4
Epoch [242/4000] | Avg Makespan: 353.32 | Actor Loss: -0.0091 | Critic Loss: 0.0452 | Grad Norm: 0.8526 | Clipped: 1/4
Epoch [243/4000] | Avg Makespan: 362.39 | Actor Loss: -0.0081 | Critic Loss: 0.0107 | Grad Norm: 1.0750 | Clipped: 1/4
Epoch [244/4000] | Avg Makespan: 367.65 | Actor Loss: 0.0034 | Critic Loss: 0.0486 | Grad Norm: 1.4327 | Clipped: 2/4
Epoch [245/4000] | Avg Makespan: 355.48 | Actor Loss: -0.0083 | Critic Loss: 0.1853 | Grad Norm: 0.7689 | Clipped: 0/4
Epoch [246/4000] | Avg Makespan: 360.87 | Actor Loss: -0.0006 | Critic Loss: 0.1017 | Grad Norm: 1.1619 | Clipped: 3/4
Epoch [247/4000] | Avg Makespan: 351.19 | Actor Loss: -0.0052 | Critic Loss: 0.0280 | Grad Norm: 0.8391 | Clipped: 1/4
Epoch [248/4000] | Avg Makespan: 336.94 | Actor Loss: -0.0056 | Critic Loss: 0.0449 | Grad Norm: 1.1722 | Clipped: 4/4
Epoch [249/4000] | Avg Makespan: 353.27 | Actor Loss: -0.0070 | Critic Loss: 0.0398 | Grad Norm: 0.8910 | Clipped: 1/4
Epoch [250/4000] | Avg Makespan: 356.03 | Actor Loss: -0.0054 | Critic Loss: 0.0538 | Grad Norm: 0.8340 | Clipped: 0/4
Epoch [251/4000] | Avg Makespan: 348.66 | Actor Loss: -0.0041 | Critic Loss: 0.0584 | Grad Norm: 0.6469 | Clipped: 0/4
Epoch [252/4000] | Avg Makespan: 357.55 | Actor Loss: -0.0076 | Critic Loss: 0.0213 | Grad Norm: 0.9130 | Clipped: 2/4
Epoch [253/4000] | Avg Makespan: 351.57 | Actor Loss: -0.0063 | Critic Loss: 0.0394 | Grad Norm: 0.6800 | Clipped: 0/4
Epoch [254/4000] | Avg Makespan: 357.82 | Actor Loss: -0.0024 | Critic Loss: 0.0173 | Grad Norm: 1.0314 | Clipped: 2/4
Epoch [255/4000] | Avg Makespan: 370.52 | Actor Loss: -0.0051 | Critic Loss: 0.1595 | Grad Norm: 0.8860 | Clipped: 1/4
Epoch [256/4000] | Avg Makespan: 356.68 | Actor Loss: -0.0072 | Critic Loss: 0.0616 | Grad Norm: 0.9208 | Clipped: 2/4
Epoch [257/4000] | Avg Makespan: 356.78 | Actor Loss: -0.0039 | Critic Loss: 0.0302 | Grad Norm: 1.0264 | Clipped: 2/4
Epoch [258/4000] | Avg Makespan: 356.56 | Actor Loss: -0.0085 | Critic Loss: 0.0903 | Grad Norm: 1.0239 | Clipped: 1/4
Epoch [259/4000] | Avg Makespan: 357.85 | Actor Loss: -0.0095 | Critic Loss: 0.0317 | Grad Norm: 0.7514 | Clipped: 1/4
Epoch [260/4000] | Avg Makespan: 371.07 | Actor Loss: -0.0060 | Critic Loss: 0.0989 | Grad Norm: 1.1689 | Clipped: 3/4
Epoch [261/4000] | Avg Makespan: 367.01 | Actor Loss: -0.0076 | Critic Loss: 0.0688 | Grad Norm: 1.0350 | Clipped: 3/4
Epoch [262/4000] | Avg Makespan: 364.25 | Actor Loss: 0.0026 | Critic Loss: 0.1460 | Grad Norm: 1.2317 | Clipped: 3/4
Epoch [263/4000] | Avg Makespan: 357.83 | Actor Loss: -0.0045 | Critic Loss: 0.0479 | Grad Norm: 0.8758 | Clipped: 2/4
Epoch [264/4000] | Avg Makespan: 349.25 | Actor Loss: 0.0013 | Critic Loss: 0.0829 | Grad Norm: 1.4458 | Clipped: 3/4
Epoch [265/4000] | Avg Makespan: 344.67 | Actor Loss: -0.0036 | Critic Loss: 0.0138 | Grad Norm: 1.0932 | Clipped: 2/4
Epoch [266/4000] | Avg Makespan: 349.64 | Actor Loss: -0.0041 | Critic Loss: 0.0571 | Grad Norm: 0.7833 | Clipped: 1/4
Epoch [267/4000] | Avg Makespan: 359.63 | Actor Loss: -0.0071 | Critic Loss: 0.0653 | Grad Norm: 0.7007 | Clipped: 0/4
Epoch [268/4000] | Avg Makespan: 357.39 | Actor Loss: -0.0051 | Critic Loss: 0.0675 | Grad Norm: 0.6703 | Clipped: 0/4
Epoch [269/4000] | Avg Makespan: 337.53 | Actor Loss: -0.0053 | Critic Loss: 0.0735 | Grad Norm: 1.0006 | Clipped: 2/4
Epoch [270/4000] | Avg Makespan: 359.81 | Actor Loss: -0.0082 | Critic Loss: 0.0740 | Grad Norm: 0.7991 | Clipped: 1/4
Epoch [271/4000] | Avg Makespan: 352.40 | Actor Loss: -0.0046 | Critic Loss: 0.0237 | Grad Norm: 0.9718 | Clipped: 2/4
Epoch [272/4000] | Avg Makespan: 356.40 | Actor Loss: -0.0044 | Critic Loss: 0.0803 | Grad Norm: 0.7822 | Clipped: 0/4
Epoch [273/4000] | Avg Makespan: 345.02 | Actor Loss: -0.0053 | Critic Loss: 0.0808 | Grad Norm: 0.9725 | Clipped: 2/4
Epoch [274/4000] | Avg Makespan: 346.02 | Actor Loss: -0.0058 | Critic Loss: 0.0362 | Grad Norm: 0.7651 | Clipped: 0/4
Epoch [275/4000] | Avg Makespan: 355.24 | Actor Loss: -0.0046 | Critic Loss: 0.0776 | Grad Norm: 0.9082 | Clipped: 0/4
Epoch [276/4000] | Avg Makespan: 346.85 | Actor Loss: -0.0073 | Critic Loss: 0.0340 | Grad Norm: 1.0650 | Clipped: 1/4
Epoch [277/4000] | Avg Makespan: 353.57 | Actor Loss: -0.0087 | Critic Loss: 0.0675 | Grad Norm: 0.7139 | Clipped: 0/4
Epoch [278/4000] | Avg Makespan: 346.47 | Actor Loss: -0.0067 | Critic Loss: 0.0789 | Grad Norm: 0.7502 | Clipped: 0/4
Epoch [279/4000] | Avg Makespan: 348.37 | Actor Loss: -0.0067 | Critic Loss: 0.0253 | Grad Norm: 0.8754 | Clipped: 1/4
Epoch [280/4000] | Avg Makespan: 345.66 | Actor Loss: -0.0081 | Critic Loss: 0.0142 | Grad Norm: 0.9948 | Clipped: 1/4
Epoch [281/4000] | Avg Makespan: 346.98 | Actor Loss: -0.0046 | Critic Loss: 0.0396 | Grad Norm: 0.7378 | Clipped: 1/4
Epoch [282/4000] | Avg Makespan: 368.89 | Actor Loss: -0.0035 | Critic Loss: 0.0960 | Grad Norm: 0.8092 | Clipped: 0/4
Epoch [283/4000] | Avg Makespan: 349.03 | Actor Loss: -0.0053 | Critic Loss: 0.0514 | Grad Norm: 0.8500 | Clipped: 2/4
Epoch [284/4000] | Avg Makespan: 357.76 | Actor Loss: -0.0045 | Critic Loss: 0.1092 | Grad Norm: 1.2205 | Clipped: 3/4
Epoch [285/4000] | Avg Makespan: 368.09 | Actor Loss: -0.0091 | Critic Loss: 0.0992 | Grad Norm: 1.1835 | Clipped: 3/4
Epoch [286/4000] | Avg Makespan: 351.96 | Actor Loss: -0.0066 | Critic Loss: 0.0381 | Grad Norm: 0.7787 | Clipped: 0/4
Epoch [287/4000] | Avg Makespan: 360.99 | Actor Loss: -0.0052 | Critic Loss: 0.0677 | Grad Norm: 1.1116 | Clipped: 3/4
Epoch [288/4000] | Avg Makespan: 349.55 | Actor Loss: -0.0059 | Critic Loss: 0.0354 | Grad Norm: 0.8844 | Clipped: 1/4
Epoch [289/4000] | Avg Makespan: 351.98 | Actor Loss: -0.0043 | Critic Loss: 0.0272 | Grad Norm: 0.9830 | Clipped: 3/4
Epoch [290/4000] | Avg Makespan: 359.21 | Actor Loss: -0.0087 | Critic Loss: 0.0786 | Grad Norm: 0.7737 | Clipped: 0/4
Epoch [291/4000] | Avg Makespan: 361.03 | Actor Loss: -0.0062 | Critic Loss: 0.0287 | Grad Norm: 0.7802 | Clipped: 0/4
Epoch [292/4000] | Avg Makespan: 345.90 | Actor Loss: -0.0124 | Critic Loss: 0.0675 | Grad Norm: 1.0029 | Clipped: 2/4
Epoch [293/4000] | Avg Makespan: 345.04 | Actor Loss: -0.0038 | Critic Loss: 0.0647 | Grad Norm: 0.8739 | Clipped: 1/4
Epoch [294/4000] | Avg Makespan: 347.68 | Actor Loss: -0.0048 | Critic Loss: 0.0658 | Grad Norm: 0.9102 | Clipped: 1/4
Epoch [295/4000] | Avg Makespan: 356.76 | Actor Loss: -0.0055 | Critic Loss: 0.0616 | Grad Norm: 0.8813 | Clipped: 2/4
Epoch [296/4000] | Avg Makespan: 356.64 | Actor Loss: -0.0099 | Critic Loss: 0.1036 | Grad Norm: 0.8637 | Clipped: 0/4
Epoch [297/4000] | Avg Makespan: 384.37 | Actor Loss: -0.0051 | Critic Loss: 0.2248 | Grad Norm: 0.8509 | Clipped: 0/4
Epoch [298/4000] | Avg Makespan: 369.08 | Actor Loss: -0.0059 | Critic Loss: 0.1917 | Grad Norm: 1.0146 | Clipped: 2/4
Epoch [299/4000] | Avg Makespan: 362.59 | Actor Loss: -0.0045 | Critic Loss: 0.1533 | Grad Norm: 0.8477 | Clipped: 1/4
Epoch [300/4000] | Avg Makespan: 351.47 | Actor Loss: -0.0033 | Critic Loss: 0.0873 | Grad Norm: 0.7303 | Clipped: 0/4
   -> Validation | Samples: 280 | Makespan: 476.45 | Invalid Jobs: 0.00 | Score: 476.45
   -> Val Score 476.45 (warming up 4/5, no selection yet)
   -> Val Psi-hat 457.15 (warming up 4/5, no selection yet)
   -> Saved updated training chart to /home/wei/Desktop/AMR-DFJSP/runs/20260825_013759_v10_F_s42/chart.png
Epoch [301/4000] | Avg Makespan: 355.19 | Actor Loss: -0.0047 | Critic Loss: 0.0835 | Grad Norm: 0.7022 | Clipped: 0/4
Epoch [302/4000] | Avg Makespan: 348.97 | Actor Loss: -0.0046 | Critic Loss: 0.0256 | Grad Norm: 0.8617 | Clipped: 0/4
Epoch [303/4000] | Avg Makespan: 369.93 | Actor Loss: -0.0028 | Critic Loss: 0.0710 | Grad Norm: 1.0045 | Clipped: 2/4
Epoch [304/4000] | Avg Makespan: 353.08 | Actor Loss: -0.0029 | Critic Loss: 0.0585 | Grad Norm: 0.7631 | Clipped: 0/4
Epoch [305/4000] | Avg Makespan: 349.42 | Actor Loss: -0.0067 | Critic Loss: 0.0395 | Grad Norm: 0.5957 | Clipped: 0/4
Epoch [306/4000] | Avg Makespan: 341.93 | Actor Loss: -0.0064 | Critic Loss: 0.0419 | Grad Norm: 0.7376 | Clipped: 0/4
Epoch [307/4000] | Avg Makespan: 353.56 | Actor Loss: -0.0056 | Critic Loss: 0.1456 | Grad Norm: 0.7955 | Clipped: 0/4
Epoch [308/4000] | Avg Makespan: 360.23 | Actor Loss: -0.0045 | Critic Loss: 0.1160 | Grad Norm: 0.9409 | Clipped: 2/4
Epoch [309/4000] | Avg Makespan: 343.44 | Actor Loss: -0.0053 | Critic Loss: 0.0956 | Grad Norm: 0.7692 | Clipped: 0/4
Epoch [310/4000] | Avg Makespan: 341.49 | Actor Loss: -0.0034 | Critic Loss: 0.0333 | Grad Norm: 0.7913 | Clipped: 0/4
Epoch [311/4000] | Avg Makespan: 342.48 | Actor Loss: -0.0043 | Critic Loss: 0.0415 | Grad Norm: 0.7587 | Clipped: 0/4
Epoch [312/4000] | Avg Makespan: 342.51 | Actor Loss: -0.0086 | Critic Loss: 0.0551 | Grad Norm: 0.7590 | Clipped: 0/4
Epoch [313/4000] | Avg Makespan: 352.10 | Actor Loss: -0.0074 | Critic Loss: 0.1249 | Grad Norm: 0.8275 | Clipped: 1/4
Epoch [314/4000] | Avg Makespan: 342.58 | Actor Loss: -0.0055 | Critic Loss: 0.0517 | Grad Norm: 0.6131 | Clipped: 0/4
Epoch [315/4000] | Avg Makespan: 343.09 | Actor Loss: -0.0059 | Critic Loss: 0.0309 | Grad Norm: 0.6085 | Clipped: 0/4
Epoch [316/4000] | Avg Makespan: 350.36 | Actor Loss: -0.0050 | Critic Loss: 0.0414 | Grad Norm: 0.9565 | Clipped: 1/4
Epoch [317/4000] | Avg Makespan: 333.74 | Actor Loss: -0.0038 | Critic Loss: 0.0254 | Grad Norm: 0.6256 | Clipped: 0/4
Epoch [318/4000] | Avg Makespan: 345.17 | Actor Loss: -0.0021 | Critic Loss: 0.0207 | Grad Norm: 0.6559 | Clipped: 0/4
Epoch [319/4000] | Avg Makespan: 341.60 | Actor Loss: -0.0068 | Critic Loss: 0.0279 | Grad Norm: 0.6426 | Clipped: 0/4
Epoch [320/4000] | Avg Makespan: 339.47 | Actor Loss: -0.0047 | Critic Loss: 0.0180 | Grad Norm: 0.6361 | Clipped: 0/4
Epoch [321/4000] | Avg Makespan: 344.09 | Actor Loss: -0.0072 | Critic Loss: 0.0562 | Grad Norm: 0.7375 | Clipped: 1/4
Epoch [322/4000] | Avg Makespan: 340.80 | Actor Loss: -0.0065 | Critic Loss: 0.0546 | Grad Norm: 0.6230 | Clipped: 0/4
Epoch [323/4000] | Avg Makespan: 339.51 | Actor Loss: -0.0039 | Critic Loss: 0.0256 | Grad Norm: 0.7319 | Clipped: 0/4
Epoch [324/4000] | Avg Makespan: 336.25 | Actor Loss: -0.0054 | Critic Loss: 0.0052 | Grad Norm: 1.0941 | Clipped: 3/4
Epoch [325/4000] | Avg Makespan: 340.81 | Actor Loss: -0.0030 | Critic Loss: 0.0245 | Grad Norm: 0.9205 | Clipped: 1/4
Epoch [326/4000] | Avg Makespan: 334.96 | Actor Loss: -0.0051 | Critic Loss: 0.0150 | Grad Norm: 0.7484 | Clipped: 0/4
Epoch [327/4000] | Avg Makespan: 338.15 | Actor Loss: -0.0048 | Critic Loss: 0.0173 | Grad Norm: 0.8036 | Clipped: 1/4
Epoch [328/4000] | Avg Makespan: 348.86 | Actor Loss: -0.0013 | Critic Loss: 0.0656 | Grad Norm: 0.7511 | Clipped: 1/4
Epoch [329/4000] | Avg Makespan: 348.71 | Actor Loss: -0.0078 | Critic Loss: 0.0207 | Grad Norm: 0.6153 | Clipped: 0/4
Epoch [330/4000] | Avg Makespan: 334.05 | Actor Loss: -0.0070 | Critic Loss: 0.0552 | Grad Norm: 0.7670 | Clipped: 0/4
Epoch [331/4000] | Avg Makespan: 370.53 | Actor Loss: -0.0038 | Critic Loss: 0.3500 | Grad Norm: 1.0430 | Clipped: 2/4
Epoch [332/4000] | Avg Makespan: 350.88 | Actor Loss: -0.0059 | Critic Loss: 0.0756 | Grad Norm: 0.7338 | Clipped: 0/4
Epoch [333/4000] | Avg Makespan: 346.28 | Actor Loss: -0.0040 | Critic Loss: 0.0685 | Grad Norm: 0.6492 | Clipped: 0/4
Epoch [334/4000] | Avg Makespan: 343.66 | Actor Loss: -0.0046 | Critic Loss: 0.0175 | Grad Norm: 0.4889 | Clipped: 0/4
Epoch [335/4000] | Avg Makespan: 346.65 | Actor Loss: -0.0071 | Critic Loss: 0.1131 | Grad Norm: 0.5709 | Clipped: 0/4
Epoch [336/4000] | Avg Makespan: 333.36 | Actor Loss: -0.0045 | Critic Loss: 0.0183 | Grad Norm: 0.5759 | Clipped: 0/4
Epoch [337/4000] | Avg Makespan: 345.86 | Actor Loss: -0.0039 | Critic Loss: 0.0318 | Grad Norm: 0.6017 | Clipped: 0/4
Epoch [338/4000] | Avg Makespan: 339.14 | Actor Loss: -0.0049 | Critic Loss: 0.0151 | Grad Norm: 0.6711 | Clipped: 0/4
Epoch [339/4000] | Avg Makespan: 350.40 | Actor Loss: -0.0077 | Critic Loss: 0.0737 | Grad Norm: 0.4827 | Clipped: 0/4
Epoch [340/4000] | Avg Makespan: 346.17 | Actor Loss: -0.0056 | Critic Loss: 0.0282 | Grad Norm: 0.6390 | Clipped: 0/4
Epoch [341/4000] | Avg Makespan: 336.64 | Actor Loss: -0.0031 | Critic Loss: 0.0535 | Grad Norm: 0.6022 | Clipped: 0/4
Epoch [342/4000] | Avg Makespan: 335.38 | Actor Loss: -0.0051 | Critic Loss: 0.0282 | Grad Norm: 0.5914 | Clipped: 0/4
Epoch [343/4000] | Avg Makespan: 334.84 | Actor Loss: -0.0054 | Critic Loss: 0.0268 | Grad Norm: 0.6387 | Clipped: 0/4
Epoch [344/4000] | Avg Makespan: 335.50 | Actor Loss: -0.0060 | Critic Loss: 0.0494 | Grad Norm: 0.7076 | Clipped: 0/4
Epoch [345/4000] | Avg Makespan: 337.09 | Actor Loss: -0.0049 | Critic Loss: 0.0578 | Grad Norm: 0.7044 | Clipped: 0/4
Epoch [346/4000] | Avg Makespan: 346.31 | Actor Loss: -0.0038 | Critic Loss: 0.0266 | Grad Norm: 1.0766 | Clipped: 1/4
Epoch [347/4000] | Avg Makespan: 334.47 | Actor Loss: -0.0046 | Critic Loss: 0.0670 | Grad Norm: 0.7073 | Clipped: 0/4
Epoch [348/4000] | Avg Makespan: 347.06 | Actor Loss: -0.0063 | Critic Loss: 0.0589 | Grad Norm: 0.7771 | Clipped: 1/4
Epoch [349/4000] | Avg Makespan: 330.57 | Actor Loss: -0.0053 | Critic Loss: 0.0329 | Grad Norm: 0.8199 | Clipped: 1/4
Epoch [350/4000] | Avg Makespan: 348.00 | Actor Loss: -0.0038 | Critic Loss: 0.0701 | Grad Norm: 0.7240 | Clipped: 0/4
Epoch [351/4000] | Avg Makespan: 333.76 | Actor Loss: -0.0035 | Critic Loss: 0.0355 | Grad Norm: 0.6460 | Clipped: 0/4
Epoch [352/4000] | Avg Makespan: 340.97 | Actor Loss: -0.0045 | Critic Loss: 0.0664 | Grad Norm: 0.5370 | Clipped: 0/4
Epoch [353/4000] | Avg Makespan: 337.21 | Actor Loss: -0.0050 | Critic Loss: 0.0172 | Grad Norm: 0.5171 | Clipped: 0/4
Epoch [354/4000] | Avg Makespan: 341.34 | Actor Loss: -0.0049 | Critic Loss: 0.0138 | Grad Norm: 0.4330 | Clipped: 0/4
Epoch [355/4000] | Avg Makespan: 341.09 | Actor Loss: -0.0038 | Critic Loss: 0.0649 | Grad Norm: 0.7531 | Clipped: 1/4
Epoch [356/4000] | Avg Makespan: 349.45 | Actor Loss: -0.0043 | Critic Loss: 0.0383 | Grad Norm: 0.5971 | Clipped: 0/4
Epoch [357/4000] | Avg Makespan: 341.46 | Actor Loss: -0.0062 | Critic Loss: 0.0179 | Grad Norm: 0.6095 | Clipped: 0/4
Epoch [358/4000] | Avg Makespan: 336.79 | Actor Loss: -0.0042 | Critic Loss: 0.0223 | Grad Norm: 0.4841 | Clipped: 0/4
Epoch [359/4000] | Avg Makespan: 334.76 | Actor Loss: -0.0024 | Critic Loss: 0.0132 | Grad Norm: 0.6897 | Clipped: 0/4
Epoch [360/4000] | Avg Makespan: 337.56 | Actor Loss: -0.0017 | Critic Loss: 0.0503 | Grad Norm: 0.6061 | Clipped: 0/4
Epoch [361/4000] | Avg Makespan: 341.10 | Actor Loss: -0.0052 | Critic Loss: 0.0286 | Grad Norm: 0.5724 | Clipped: 0/4
Epoch [362/4000] | Avg Makespan: 341.20 | Actor Loss: -0.0061 | Critic Loss: 0.0166 | Grad Norm: 0.6722 | Clipped: 0/4
Epoch [363/4000] | Avg Makespan: 342.42 | Actor Loss: -0.0032 | Critic Loss: 0.0317 | Grad Norm: 0.5053 | Clipped: 0/4
Epoch [364/4000] | Avg Makespan: 343.91 | Actor Loss: -0.0046 | Critic Loss: 0.0403 | Grad Norm: 0.7807 | Clipped: 1/4
Epoch [365/4000] | Avg Makespan: 331.97 | Actor Loss: -0.0060 | Critic Loss: 0.0312 | Grad Norm: 0.6885 | Clipped: 0/4
Epoch [366/4000] | Avg Makespan: 342.18 | Actor Loss: -0.0032 | Critic Loss: 0.0338 | Grad Norm: 0.6764 | Clipped: 0/4
Epoch [367/4000] | Avg Makespan: 335.58 | Actor Loss: -0.0031 | Critic Loss: 0.0435 | Grad Norm: 0.5989 | Clipped: 0/4
Epoch [368/4000] | Avg Makespan: 356.70 | Actor Loss: -0.0046 | Critic Loss: 0.1868 | Grad Norm: 0.5473 | Clipped: 0/4
Epoch [369/4000] | Avg Makespan: 341.66 | Actor Loss: -0.0028 | Critic Loss: 0.0493 | Grad Norm: 0.9119 | Clipped: 0/4
Epoch [370/4000] | Avg Makespan: 336.83 | Actor Loss: -0.0010 | Critic Loss: 0.0243 | Grad Norm: 0.6356 | Clipped: 0/4
Epoch [371/4000] | Avg Makespan: 354.08 | Actor Loss: -0.0018 | Critic Loss: 0.0714 | Grad Norm: 0.7937 | Clipped: 0/4
Epoch [372/4000] | Avg Makespan: 335.46 | Actor Loss: -0.0042 | Critic Loss: 0.0233 | Grad Norm: 0.6945 | Clipped: 0/4
Epoch [373/4000] | Avg Makespan: 344.83 | Actor Loss: -0.0057 | Critic Loss: 0.0526 | Grad Norm: 0.6505 | Clipped: 0/4
Epoch [374/4000] | Avg Makespan: 353.48 | Actor Loss: -0.0033 | Critic Loss: 0.0392 | Grad Norm: 0.7317 | Clipped: 1/4
Epoch [375/4000] | Avg Makespan: 341.68 | Actor Loss: -0.0011 | Critic Loss: 0.0414 | Grad Norm: 1.3323 | Clipped: 3/4
Epoch [376/4000] | Avg Makespan: 344.87 | Actor Loss: -0.0038 | Critic Loss: 0.0361 | Grad Norm: 1.2514 | Clipped: 4/4
Epoch [377/4000] | Avg Makespan: 351.77 | Actor Loss: -0.0017 | Critic Loss: 0.0794 | Grad Norm: 0.8694 | Clipped: 1/4
Epoch [378/4000] | Avg Makespan: 340.95 | Actor Loss: -0.0053 | Critic Loss: 0.0329 | Grad Norm: 1.1237 | Clipped: 3/4
Epoch [379/4000] | Avg Makespan: 344.18 | Actor Loss: -0.0042 | Critic Loss: 0.0275 | Grad Norm: 0.7095 | Clipped: 0/4
Epoch [380/4000] | Avg Makespan: 336.16 | Actor Loss: -0.0037 | Critic Loss: 0.0158 | Grad Norm: 0.6033 | Clipped: 0/4
Epoch [381/4000] | Avg Makespan: 349.26 | Actor Loss: -0.0041 | Critic Loss: 0.0370 | Grad Norm: 0.8269 | Clipped: 1/4
Epoch [382/4000] | Avg Makespan: 329.61 | Actor Loss: -0.0045 | Critic Loss: 0.0555 | Grad Norm: 0.7001 | Clipped: 0/4
Epoch [383/4000] | Avg Makespan: 340.93 | Actor Loss: -0.0049 | Critic Loss: 0.0248 | Grad Norm: 0.7454 | Clipped: 1/4
Epoch [384/4000] | Avg Makespan: 344.24 | Actor Loss: -0.0059 | Critic Loss: 0.0702 | Grad Norm: 0.7430 | Clipped: 0/4
Epoch [385/4000] | Avg Makespan: 338.00 | Actor Loss: -0.0074 | Critic Loss: 0.0502 | Grad Norm: 0.7700 | Clipped: 1/4
Epoch [386/4000] | Avg Makespan: 341.43 | Actor Loss: -0.0060 | Critic Loss: 0.0810 | Grad Norm: 1.1223 | Clipped: 4/4
Epoch [387/4000] | Avg Makespan: 342.06 | Actor Loss: -0.0066 | Critic Loss: 0.0589 | Grad Norm: 0.7520 | Clipped: 0/4
Epoch [388/4000] | Avg Makespan: 342.46 | Actor Loss: -0.0075 | Critic Loss: 0.0490 | Grad Norm: 0.9440 | Clipped: 2/4
Epoch [389/4000] | Avg Makespan: 335.10 | Actor Loss: -0.0079 | Critic Loss: 0.0240 | Grad Norm: 0.6906 | Clipped: 0/4
Epoch [390/4000] | Avg Makespan: 334.61 | Actor Loss: -0.0051 | Critic Loss: 0.0275 | Grad Norm: 0.8689 | Clipped: 0/4
Epoch [391/4000] | Avg Makespan: 331.55 | Actor Loss: -0.0052 | Critic Loss: 0.0080 | Grad Norm: 0.6070 | Clipped: 0/4
Epoch [392/4000] | Avg Makespan: 346.73 | Actor Loss: -0.0034 | Critic Loss: 0.0591 | Grad Norm: 1.5824 | Clipped: 3/4
Epoch [393/4000] | Avg Makespan: 330.98 | Actor Loss: 0.0084 | Critic Loss: 0.0545 | Grad Norm: 1.6633 | Clipped: 4/4
Epoch [394/4000] | Avg Makespan: 332.18 | Actor Loss: -0.0041 | Critic Loss: 0.0133 | Grad Norm: 1.2517 | Clipped: 3/4
Epoch [395/4000] | Avg Makespan: 347.02 | Actor Loss: -0.0089 | Critic Loss: 0.1128 | Grad Norm: 0.8457 | Clipped: 1/4
Epoch [396/4000] | Avg Makespan: 341.73 | Actor Loss: -0.0041 | Critic Loss: 0.0284 | Grad Norm: 0.7073 | Clipped: 0/4
Epoch [397/4000] | Avg Makespan: 320.30 | Actor Loss: -0.0037 | Critic Loss: 0.0971 | Grad Norm: 0.9287 | Clipped: 1/4
Epoch [398/4000] | Avg Makespan: 345.42 | Actor Loss: -0.0068 | Critic Loss: 0.1410 | Grad Norm: 0.8432 | Clipped: 0/4
Epoch [399/4000] | Avg Makespan: 328.42 | Actor Loss: -0.0065 | Critic Loss: 0.0114 | Grad Norm: 0.6939 | Clipped: 0/4
Epoch [400/4000] | Avg Makespan: 327.03 | Actor Loss: -0.0047 | Critic Loss: 0.0085 | Grad Norm: 0.6791 | Clipped: 0/4
   -> Validation | Samples: 280 | Makespan: 442.79 | Invalid Jobs: 0.01 | Score: 453.50
   -> Saved new best model (Val Score mean of last 5: 499.88; this eval 453.50)
   -> Saved new best model (Val Psi-hat mean of last 5: 471.27; this eval 420.28)
   -> Saved updated training chart to /home/wei/Desktop/AMR-DFJSP/runs/20260825_013759_v10_F_s42/chart.png
Epoch [401/4000] | Avg Makespan: 333.39 | Actor Loss: -0.0039 | Critic Loss: 0.0169 | Grad Norm: 0.6576 | Clipped: 0/4
Epoch [402/4000] | Avg Makespan: 323.55 | Actor Loss: -0.0059 | Critic Loss: 0.0151 | Grad Norm: 0.7800 | Clipped: 0/4
Epoch [403/4000] | Avg Makespan: 344.77 | Actor Loss: -0.0047 | Critic Loss: 0.1164 | Grad Norm: 0.9203 | Clipped: 0/4
Epoch [404/4000] | Avg Makespan: 339.13 | Actor Loss: -0.0056 | Critic Loss: 0.0415 | Grad Norm: 0.7781 | Clipped: 1/4
Epoch [405/4000] | Avg Makespan: 332.68 | Actor Loss: -0.0087 | Critic Loss: 0.0653 | Grad Norm: 0.8126 | Clipped: 0/4
Epoch [406/4000] | Avg Makespan: 334.50 | Actor Loss: -0.0041 | Critic Loss: 0.0274 | Grad Norm: 0.7827 | Clipped: 0/4
Epoch [407/4000] | Avg Makespan: 336.31 | Actor Loss: -0.0064 | Critic Loss: 0.0463 | Grad Norm: 0.8545 | Clipped: 0/4
Epoch [408/4000] | Avg Makespan: 342.42 | Actor Loss: -0.0060 | Critic Loss: 0.0596 | Grad Norm: 0.6932 | Clipped: 0/4
Epoch [409/4000] | Avg Makespan: 348.98 | Actor Loss: -0.0098 | Critic Loss: 0.0710 | Grad Norm: 0.8952 | Clipped: 1/4
Epoch [410/4000] | Avg Makespan: 329.07 | Actor Loss: -0.0059 | Critic Loss: 0.0675 | Grad Norm: 0.8565 | Clipped: 0/4
Epoch [411/4000] | Avg Makespan: 329.29 | Actor Loss: -0.0075 | Critic Loss: 0.0471 | Grad Norm: 0.7412 | Clipped: 0/4
Epoch [412/4000] | Avg Makespan: 340.62 | Actor Loss: -0.0085 | Critic Loss: 0.0734 | Grad Norm: 0.7229 | Clipped: 0/4
Epoch [413/4000] | Avg Makespan: 332.20 | Actor Loss: -0.0048 | Critic Loss: 0.0191 | Grad Norm: 0.9566 | Clipped: 1/4
Epoch [414/4000] | Avg Makespan: 333.94 | Actor Loss: -0.0067 | Critic Loss: 0.0335 | Grad Norm: 0.7777 | Clipped: 0/4
Epoch [415/4000] | Avg Makespan: 334.44 | Actor Loss: -0.0048 | Critic Loss: 0.0918 | Grad Norm: 0.6607 | Clipped: 0/4
Epoch [416/4000] | Avg Makespan: 345.07 | Actor Loss: -0.0069 | Critic Loss: 0.1643 | Grad Norm: 0.8609 | Clipped: 1/4
Epoch [417/4000] | Avg Makespan: 330.53 | Actor Loss: -0.0078 | Critic Loss: 0.0493 | Grad Norm: 0.9769 | Clipped: 1/4
Epoch [418/4000] | Avg Makespan: 349.81 | Actor Loss: -0.0070 | Critic Loss: 0.0789 | Grad Norm: 0.7840 | Clipped: 0/4
Epoch [419/4000] | Avg Makespan: 330.30 | Actor Loss: -0.0058 | Critic Loss: 0.0636 | Grad Norm: 0.7856 | Clipped: 0/4
Epoch [420/4000] | Avg Makespan: 347.00 | Actor Loss: -0.0060 | Critic Loss: 0.0997 | Grad Norm: 0.8731 | Clipped: 1/4
Epoch [421/4000] | Avg Makespan: 341.81 | Actor Loss: -0.0074 | Critic Loss: 0.0351 | Grad Norm: 0.8081 | Clipped: 0/4
Epoch [422/4000] | Avg Makespan: 335.02 | Actor Loss: -0.0078 | Critic Loss: 0.0323 | Grad Norm: 0.8295 | Clipped: 0/4
Epoch [423/4000] | Avg Makespan: 328.22 | Actor Loss: -0.0083 | Critic Loss: 0.0577 | Grad Norm: 0.8080 | Clipped: 1/4
Epoch [424/4000] | Avg Makespan: 334.75 | Actor Loss: -0.0068 | Critic Loss: 0.1061 | Grad Norm: 0.9070 | Clipped: 2/4
Epoch [425/4000] | Avg Makespan: 343.25 | Actor Loss: -0.0064 | Critic Loss: 0.0677 | Grad Norm: 0.8715 | Clipped: 1/4
Epoch [426/4000] | Avg Makespan: 329.54 | Actor Loss: -0.0049 | Critic Loss: 0.0320 | Grad Norm: 0.9393 | Clipped: 1/4
Epoch [427/4000] | Avg Makespan: 332.89 | Actor Loss: -0.0041 | Critic Loss: 0.0579 | Grad Norm: 0.9437 | Clipped: 2/4
Epoch [428/4000] | Avg Makespan: 330.79 | Actor Loss: -0.0072 | Critic Loss: 0.0515 | Grad Norm: 0.6911 | Clipped: 0/4
Epoch [429/4000] | Avg Makespan: 329.22 | Actor Loss: -0.0040 | Critic Loss: 0.0481 | Grad Norm: 0.8107 | Clipped: 0/4
Epoch [430/4000] | Avg Makespan: 329.29 | Actor Loss: -0.0053 | Critic Loss: 0.0109 | Grad Norm: 0.7006 | Clipped: 0/4
Epoch [431/4000] | Avg Makespan: 330.41 | Actor Loss: -0.0043 | Critic Loss: 0.0333 | Grad Norm: 0.6579 | Clipped: 0/4
Epoch [432/4000] | Avg Makespan: 344.39 | Actor Loss: -0.0059 | Critic Loss: 0.0996 | Grad Norm: 0.7141 | Clipped: 0/4
Epoch [433/4000] | Avg Makespan: 324.50 | Actor Loss: -0.0052 | Critic Loss: 0.0507 | Grad Norm: 0.6227 | Clipped: 0/4
Epoch [434/4000] | Avg Makespan: 337.14 | Actor Loss: -0.0041 | Critic Loss: 0.0342 | Grad Norm: 0.6343 | Clipped: 1/4
Epoch [435/4000] | Avg Makespan: 328.71 | Actor Loss: -0.0055 | Critic Loss: 0.0308 | Grad Norm: 0.6629 | Clipped: 0/4
Epoch [436/4000] | Avg Makespan: 335.76 | Actor Loss: -0.0075 | Critic Loss: 0.0242 | Grad Norm: 0.7989 | Clipped: 1/4
Epoch [437/4000] | Avg Makespan: 336.63 | Actor Loss: -0.0054 | Critic Loss: 0.0309 | Grad Norm: 0.7760 | Clipped: 0/4
Epoch [438/4000] | Avg Makespan: 326.68 | Actor Loss: -0.0067 | Critic Loss: 0.0247 | Grad Norm: 0.6276 | Clipped: 0/4
Epoch [439/4000] | Avg Makespan: 340.39 | Actor Loss: -0.0040 | Critic Loss: 0.0341 | Grad Norm: 0.7083 | Clipped: 1/4
Epoch [440/4000] | Avg Makespan: 332.26 | Actor Loss: -0.0060 | Critic Loss: 0.0369 | Grad Norm: 0.6454 | Clipped: 0/4
Epoch [441/4000] | Avg Makespan: 328.40 | Actor Loss: -0.0030 | Critic Loss: 0.0304 | Grad Norm: 0.5522 | Clipped: 0/4
Epoch [442/4000] | Avg Makespan: 336.64 | Actor Loss: -0.0061 | Critic Loss: 0.0479 | Grad Norm: 0.5305 | Clipped: 0/4
Epoch [443/4000] | Avg Makespan: 336.52 | Actor Loss: -0.0050 | Critic Loss: 0.0155 | Grad Norm: 0.7369 | Clipped: 0/4
Epoch [444/4000] | Avg Makespan: 345.15 | Actor Loss: -0.0031 | Critic Loss: 0.0460 | Grad Norm: 0.5563 | Clipped: 0/4
Epoch [445/4000] | Avg Makespan: 339.71 | Actor Loss: -0.0054 | Critic Loss: 0.0264 | Grad Norm: 0.7609 | Clipped: 0/4
Epoch [446/4000] | Avg Makespan: 340.01 | Actor Loss: -0.0026 | Critic Loss: 0.0437 | Grad Norm: 0.6890 | Clipped: 0/4
Epoch [447/4000] | Avg Makespan: 334.97 | Actor Loss: -0.0070 | Critic Loss: 0.0388 | Grad Norm: 0.6754 | Clipped: 0/4
Epoch [448/4000] | Avg Makespan: 330.27 | Actor Loss: -0.0065 | Critic Loss: 0.0236 | Grad Norm: 0.5128 | Clipped: 0/4
Epoch [449/4000] | Avg Makespan: 332.49 | Actor Loss: -0.0047 | Critic Loss: 0.0132 | Grad Norm: 0.4950 | Clipped: 0/4
Epoch [450/4000] | Avg Makespan: 331.91 | Actor Loss: -0.0076 | Critic Loss: 0.0124 | Grad Norm: 0.5937 | Clipped: 0/4
Epoch [451/4000] | Avg Makespan: 333.45 | Actor Loss: -0.0051 | Critic Loss: 0.0262 | Grad Norm: 0.5382 | Clipped: 0/4
Epoch [452/4000] | Avg Makespan: 341.76 | Actor Loss: -0.0065 | Critic Loss: 0.0419 | Grad Norm: 0.5979 | Clipped: 0/4
Epoch [453/4000] | Avg Makespan: 336.11 | Actor Loss: -0.0063 | Critic Loss: 0.0192 | Grad Norm: 0.5786 | Clipped: 0/4
Epoch [454/4000] | Avg Makespan: 345.11 | Actor Loss: -0.0058 | Critic Loss: 0.0194 | Grad Norm: 0.5769 | Clipped: 0/4
Epoch [455/4000] | Avg Makespan: 341.02 | Actor Loss: -0.0026 | Critic Loss: 0.0473 | Grad Norm: 0.8908 | Clipped: 1/4
Epoch [456/4000] | Avg Makespan: 330.00 | Actor Loss: -0.0031 | Critic Loss: 0.0419 | Grad Norm: 0.7729 | Clipped: 0/4
Epoch [457/4000] | Avg Makespan: 330.12 | Actor Loss: -0.0056 | Critic Loss: 0.0486 | Grad Norm: 0.7535 | Clipped: 0/4
Epoch [458/4000] | Avg Makespan: 343.50 | Actor Loss: -0.0050 | Critic Loss: 0.0678 | Grad Norm: 0.6905 | Clipped: 0/4
Epoch [459/4000] | Avg Makespan: 329.63 | Actor Loss: -0.0090 | Critic Loss: 0.0725 | Grad Norm: 0.6611 | Clipped: 0/4
Epoch [460/4000] | Avg Makespan: 345.57 | Actor Loss: -0.0063 | Critic Loss: 0.0354 | Grad Norm: 0.7225 | Clipped: 0/4
Epoch [461/4000] | Avg Makespan: 333.61 | Actor Loss: -0.0069 | Critic Loss: 0.0628 | Grad Norm: 0.8809 | Clipped: 1/4
Epoch [462/4000] | Avg Makespan: 351.79 | Actor Loss: -0.0074 | Critic Loss: 0.1284 | Grad Norm: 0.8109 | Clipped: 0/4
Epoch [463/4000] | Avg Makespan: 335.82 | Actor Loss: -0.0055 | Critic Loss: 0.0333 | Grad Norm: 0.7264 | Clipped: 0/4
Epoch [464/4000] | Avg Makespan: 346.79 | Actor Loss: -0.0057 | Critic Loss: 0.0539 | Grad Norm: 0.8141 | Clipped: 0/4
Epoch [465/4000] | Avg Makespan: 335.37 | Actor Loss: -0.0069 | Critic Loss: 0.0264 | Grad Norm: 0.6165 | Clipped: 0/4
Epoch [466/4000] | Avg Makespan: 332.25 | Actor Loss: -0.0061 | Critic Loss: 0.0299 | Grad Norm: 0.5111 | Clipped: 0/4
Epoch [467/4000] | Avg Makespan: 346.05 | Actor Loss: -0.0061 | Critic Loss: 0.0701 | Grad Norm: 0.7296 | Clipped: 0/4
Epoch [468/4000] | Avg Makespan: 340.49 | Actor Loss: -0.0081 | Critic Loss: 0.0906 | Grad Norm: 0.8088 | Clipped: 0/4
Epoch [469/4000] | Avg Makespan: 332.23 | Actor Loss: -0.0062 | Critic Loss: 0.0184 | Grad Norm: 0.8690 | Clipped: 1/4
Epoch [470/4000] | Avg Makespan: 330.16 | Actor Loss: -0.0086 | Critic Loss: 0.0774 | Grad Norm: 0.6749 | Clipped: 0/4
Epoch [471/4000] | Avg Makespan: 334.74 | Actor Loss: -0.0052 | Critic Loss: 0.0561 | Grad Norm: 0.5878 | Clipped: 0/4
Epoch [472/4000] | Avg Makespan: 339.01 | Actor Loss: -0.0069 | Critic Loss: 0.0372 | Grad Norm: 0.5490 | Clipped: 0/4
Epoch [473/4000] | Avg Makespan: 340.03 | Actor Loss: -0.0078 | Critic Loss: 0.0418 | Grad Norm: 0.6019 | Clipped: 0/4
Epoch [474/4000] | Avg Makespan: 332.96 | Actor Loss: -0.0065 | Critic Loss: 0.0682 | Grad Norm: 0.5875 | Clipped: 0/4
Epoch [475/4000] | Avg Makespan: 326.12 | Actor Loss: -0.0067 | Critic Loss: 0.0218 | Grad Norm: 0.6723 | Clipped: 0/4
Epoch [476/4000] | Avg Makespan: 327.21 | Actor Loss: -0.0042 | Critic Loss: 0.0168 | Grad Norm: 0.6908 | Clipped: 0/4
Epoch [477/4000] | Avg Makespan: 331.14 | Actor Loss: -0.0064 | Critic Loss: 0.0327 | Grad Norm: 0.5649 | Clipped: 0/4
Epoch [478/4000] | Avg Makespan: 332.61 | Actor Loss: -0.0057 | Critic Loss: 0.0198 | Grad Norm: 0.4238 | Clipped: 0/4
Epoch [479/4000] | Avg Makespan: 333.80 | Actor Loss: -0.0055 | Critic Loss: 0.0159 | Grad Norm: 0.4740 | Clipped: 0/4
Epoch [480/4000] | Avg Makespan: 337.47 | Actor Loss: -0.0067 | Critic Loss: 0.0209 | Grad Norm: 0.6943 | Clipped: 0/4
Epoch [481/4000] | Avg Makespan: 337.87 | Actor Loss: -0.0064 | Critic Loss: 0.0283 | Grad Norm: 0.8250 | Clipped: 1/4
Epoch [482/4000] | Avg Makespan: 329.30 | Actor Loss: -0.0080 | Critic Loss: 0.0384 | Grad Norm: 0.7330 | Clipped: 0/4
Epoch [483/4000] | Avg Makespan: 337.90 | Actor Loss: -0.0071 | Critic Loss: 0.0265 | Grad Norm: 0.6040 | Clipped: 0/4
Epoch [484/4000] | Avg Makespan: 327.87 | Actor Loss: -0.0010 | Critic Loss: 0.0224 | Grad Norm: 0.7636 | Clipped: 0/4
Epoch [485/4000] | Avg Makespan: 335.60 | Actor Loss: -0.0095 | Critic Loss: 0.0346 | Grad Norm: 0.9427 | Clipped: 2/4
Epoch [486/4000] | Avg Makespan: 326.72 | Actor Loss: -0.0065 | Critic Loss: 0.0174 | Grad Norm: 0.6230 | Clipped: 0/4
Epoch [487/4000] | Avg Makespan: 323.69 | Actor Loss: -0.0055 | Critic Loss: 0.0173 | Grad Norm: 0.5331 | Clipped: 0/4
Epoch [488/4000] | Avg Makespan: 333.24 | Actor Loss: -0.0057 | Critic Loss: 0.0613 | Grad Norm: 0.6587 | Clipped: 0/4
Epoch [489/4000] | Avg Makespan: 332.08 | Actor Loss: -0.0067 | Critic Loss: 0.0374 | Grad Norm: 0.6543 | Clipped: 0/4
Epoch [490/4000] | Avg Makespan: 326.43 | Actor Loss: -0.0048 | Critic Loss: 0.0223 | Grad Norm: 0.6934 | Clipped: 0/4
Epoch [491/4000] | Avg Makespan: 326.08 | Actor Loss: -0.0046 | Critic Loss: 0.0216 | Grad Norm: 0.7060 | Clipped: 0/4
Epoch [492/4000] | Avg Makespan: 334.31 | Actor Loss: -0.0047 | Critic Loss: 0.0711 | Grad Norm: 0.7755 | Clipped: 0/4
Epoch [493/4000] | Avg Makespan: 329.73 | Actor Loss: -0.0017 | Critic Loss: 0.0355 | Grad Norm: 1.0318 | Clipped: 2/4
Epoch [494/4000] | Avg Makespan: 332.35 | Actor Loss: -0.0030 | Critic Loss: 0.0226 | Grad Norm: 0.9137 | Clipped: 1/4
Epoch [495/4000] | Avg Makespan: 337.44 | Actor Loss: -0.0036 | Critic Loss: 0.0789 | Grad Norm: 0.8412 | Clipped: 0/4
Epoch [496/4000] | Avg Makespan: 325.42 | Actor Loss: -0.0033 | Critic Loss: 0.0175 | Grad Norm: 1.2180 | Clipped: 3/4
Epoch [497/4000] | Avg Makespan: 330.47 | Actor Loss: -0.0027 | Critic Loss: 0.0138 | Grad Norm: 0.9039 | Clipped: 2/4
Epoch [498/4000] | Avg Makespan: 341.88 | Actor Loss: -0.0037 | Critic Loss: 0.0907 | Grad Norm: 0.8688 | Clipped: 1/4
Epoch [499/4000] | Avg Makespan: 335.57 | Actor Loss: -0.0048 | Critic Loss: 0.0448 | Grad Norm: 0.8725 | Clipped: 1/4
Epoch [500/4000] | Avg Makespan: 335.09 | Actor Loss: -0.0045 | Critic Loss: 0.0805 | Grad Norm: 0.7238 | Clipped: 0/4
   -> Validation | Samples: 280 | Makespan: 448.75 | Invalid Jobs: 0.00 | Score: 452.32
   -> Saved new best model (Val Score mean of last 5: 471.32; this eval 452.32)
   -> Saved new best model (Val Psi-hat mean of last 5: 443.66; this eval 428.53)
   -> Saved updated training chart to /home/wei/Desktop/AMR-DFJSP/runs/20260825_013759_v10_F_s42/chart.png
Epoch [501/4000] | Avg Makespan: 345.33 | Actor Loss: -0.0050 | Critic Loss: 0.0716 | Grad Norm: 0.6325 | Clipped: 0/4
Epoch [502/4000] | Avg Makespan: 328.72 | Actor Loss: -0.0042 | Critic Loss: 0.0358 | Grad Norm: 0.9191 | Clipped: 2/4
Epoch [503/4000] | Avg Makespan: 326.43 | Actor Loss: -0.0058 | Critic Loss: 0.0147 | Grad Norm: 0.7106 | Clipped: 0/4
Epoch [504/4000] | Avg Makespan: 329.16 | Actor Loss: -0.0041 | Critic Loss: 0.0219 | Grad Norm: 0.8553 | Clipped: 1/4
Epoch [505/4000] | Avg Makespan: 339.98 | Actor Loss: -0.0061 | Critic Loss: 0.0481 | Grad Norm: 0.8790 | Clipped: 1/4
Epoch [506/4000] | Avg Makespan: 326.91 | Actor Loss: 0.0030 | Critic Loss: 0.0425 | Grad Norm: 1.5026 | Clipped: 3/4
Epoch [507/4000] | Avg Makespan: 337.56 | Actor Loss: 0.0110 | Critic Loss: 0.0289 | Grad Norm: 1.7292 | Clipped: 4/4
Epoch [508/4000] | Avg Makespan: 337.03 | Actor Loss: -0.0052 | Critic Loss: 0.0347 | Grad Norm: 1.2272 | Clipped: 3/4
Epoch [509/4000] | Avg Makespan: 348.34 | Actor Loss: -0.0049 | Critic Loss: 0.1642 | Grad Norm: 0.8999 | Clipped: 1/4
Epoch [510/4000] | Avg Makespan: 329.06 | Actor Loss: -0.0030 | Critic Loss: 0.0904 | Grad Norm: 1.0940 | Clipped: 4/4
Epoch [511/4000] | Avg Makespan: 335.33 | Actor Loss: -0.0038 | Critic Loss: 0.0278 | Grad Norm: 1.1646 | Clipped: 3/4
Epoch [512/4000] | Avg Makespan: 326.97 | Actor Loss: -0.0022 | Critic Loss: 0.0223 | Grad Norm: 0.9689 | Clipped: 1/4
Epoch [513/4000] | Avg Makespan: 332.67 | Actor Loss: -0.0070 | Critic Loss: 0.0323 | Grad Norm: 1.0066 | Clipped: 2/4
Epoch [514/4000] | Avg Makespan: 341.65 | Actor Loss: -0.0009 | Critic Loss: 0.0675 | Grad Norm: 1.1224 | Clipped: 2/4
Epoch [515/4000] | Avg Makespan: 333.47 | Actor Loss: -0.0080 | Critic Loss: 0.0787 | Grad Norm: 0.8558 | Clipped: 1/4
Epoch [516/4000] | Avg Makespan: 333.27 | Actor Loss: -0.0039 | Critic Loss: 0.0099 | Grad Norm: 0.9290 | Clipped: 2/4
Epoch [517/4000] | Avg Makespan: 335.23 | Actor Loss: -0.0058 | Critic Loss: 0.0657 | Grad Norm: 1.2055 | Clipped: 4/4
Epoch [518/4000] | Avg Makespan: 330.00 | Actor Loss: -0.0034 | Critic Loss: 0.0665 | Grad Norm: 0.5708 | Clipped: 0/4
Epoch [519/4000] | Avg Makespan: 328.51 | Actor Loss: -0.0062 | Critic Loss: 0.0093 | Grad Norm: 1.2446 | Clipped: 3/4
Epoch [520/4000] | Avg Makespan: 332.77 | Actor Loss: -0.0061 | Critic Loss: 0.0070 | Grad Norm: 1.1913 | Clipped: 2/4
Epoch [521/4000] | Avg Makespan: 328.20 | Actor Loss: -0.0026 | Critic Loss: 0.0144 | Grad Norm: 0.9057 | Clipped: 1/4
Epoch [522/4000] | Avg Makespan: 333.58 | Actor Loss: -0.0048 | Critic Loss: 0.0266 | Grad Norm: 1.1090 | Clipped: 3/4
Epoch [523/4000] | Avg Makespan: 328.23 | Actor Loss: 0.0006 | Critic Loss: 0.0166 | Grad Norm: 1.5217 | Clipped: 3/4
Epoch [524/4000] | Avg Makespan: 326.64 | Actor Loss: -0.0083 | Critic Loss: 0.0169 | Grad Norm: 0.7635 | Clipped: 0/4
Epoch [525/4000] | Avg Makespan: 340.31 | Actor Loss: -0.0068 | Critic Loss: 0.1207 | Grad Norm: 0.7725 | Clipped: 0/4
Epoch [526/4000] | Avg Makespan: 332.25 | Actor Loss: -0.0087 | Critic Loss: 0.0603 | Grad Norm: 0.7495 | Clipped: 0/4
Epoch [527/4000] | Avg Makespan: 325.00 | Actor Loss: -0.0039 | Critic Loss: 0.0284 | Grad Norm: 0.8718 | Clipped: 1/4
Epoch [528/4000] | Avg Makespan: 325.32 | Actor Loss: -0.0062 | Critic Loss: 0.0350 | Grad Norm: 1.0104 | Clipped: 2/4
Epoch [529/4000] | Avg Makespan: 324.66 | Actor Loss: -0.0053 | Critic Loss: 0.0184 | Grad Norm: 0.9294 | Clipped: 1/4
Epoch [530/4000] | Avg Makespan: 336.41 | Actor Loss: -0.0077 | Critic Loss: 0.0353 | Grad Norm: 0.7984 | Clipped: 0/4
Epoch [531/4000] | Avg Makespan: 332.88 | Actor Loss: -0.0046 | Critic Loss: 0.0358 | Grad Norm: 1.1283 | Clipped: 3/4
Epoch [532/4000] | Avg Makespan: 331.67 | Actor Loss: -0.0087 | Critic Loss: 0.0289 | Grad Norm: 0.6929 | Clipped: 0/4
Epoch [533/4000] | Avg Makespan: 330.98 | Actor Loss: -0.0079 | Critic Loss: 0.0220 | Grad Norm: 0.8698 | Clipped: 0/4
Epoch [534/4000] | Avg Makespan: 328.82 | Actor Loss: -0.0075 | Critic Loss: 0.0281 | Grad Norm: 0.9041 | Clipped: 1/4
Epoch [535/4000] | Avg Makespan: 339.81 | Actor Loss: -0.0067 | Critic Loss: 0.0525 | Grad Norm: 0.9688 | Clipped: 2/4
Epoch [536/4000] | Avg Makespan: 327.93 | Actor Loss: -0.0047 | Critic Loss: 0.0254 | Grad Norm: 1.0529 | Clipped: 3/4
Epoch [537/4000] | Avg Makespan: 328.46 | Actor Loss: -0.0084 | Critic Loss: 0.0540 | Grad Norm: 0.7783 | Clipped: 0/4
Epoch [538/4000] | Avg Makespan: 322.46 | Actor Loss: -0.0068 | Critic Loss: 0.0200 | Grad Norm: 0.8438 | Clipped: 0/4
Epoch [539/4000] | Avg Makespan: 333.89 | Actor Loss: -0.0073 | Critic Loss: 0.0411 | Grad Norm: 1.0815 | Clipped: 2/4
Epoch [540/4000] | Avg Makespan: 325.76 | Actor Loss: -0.0053 | Critic Loss: 0.0648 | Grad Norm: 0.8588 | Clipped: 1/4
Epoch [541/4000] | Avg Makespan: 338.69 | Actor Loss: -0.0064 | Critic Loss: 0.0557 | Grad Norm: 0.9607 | Clipped: 2/4
Epoch [542/4000] | Avg Makespan: 338.02 | Actor Loss: -0.0048 | Critic Loss: 0.0909 | Grad Norm: 1.0624 | Clipped: 2/4
Epoch [543/4000] | Avg Makespan: 325.32 | Actor Loss: -0.0069 | Critic Loss: 0.0512 | Grad Norm: 0.9083 | Clipped: 2/4
Epoch [544/4000] | Avg Makespan: 336.25 | Actor Loss: -0.0097 | Critic Loss: 0.0738 | Grad Norm: 0.8194 | Clipped: 1/4
Epoch [545/4000] | Avg Makespan: 332.91 | Actor Loss: -0.0075 | Critic Loss: 0.0335 | Grad Norm: 0.7264 | Clipped: 0/4
Epoch [546/4000] | Avg Makespan: 326.01 | Actor Loss: -0.0056 | Critic Loss: 0.0287 | Grad Norm: 0.6470 | Clipped: 0/4
Epoch [547/4000] | Avg Makespan: 328.22 | Actor Loss: -0.0066 | Critic Loss: 0.0313 | Grad Norm: 0.8555 | Clipped: 1/4
Epoch [548/4000] | Avg Makespan: 335.02 | Actor Loss: -0.0074 | Critic Loss: 0.0271 | Grad Norm: 0.7654 | Clipped: 0/4
Epoch [549/4000] | Avg Makespan: 334.84 | Actor Loss: -0.0100 | Critic Loss: 0.0425 | Grad Norm: 1.0705 | Clipped: 2/4
Epoch [550/4000] | Avg Makespan: 330.05 | Actor Loss: -0.0065 | Critic Loss: 0.0380 | Grad Norm: 0.8881 | Clipped: 1/4
Epoch [551/4000] | Avg Makespan: 326.57 | Actor Loss: -0.0069 | Critic Loss: 0.0266 | Grad Norm: 0.8655 | Clipped: 0/4
Epoch [552/4000] | Avg Makespan: 344.43 | Actor Loss: -0.0057 | Critic Loss: 0.0591 | Grad Norm: 1.1538 | Clipped: 1/4
Epoch [553/4000] | Avg Makespan: 327.61 | Actor Loss: -0.0067 | Critic Loss: 0.0213 | Grad Norm: 0.8257 | Clipped: 0/4
Epoch [554/4000] | Avg Makespan: 323.03 | Actor Loss: -0.0055 | Critic Loss: 0.0285 | Grad Norm: 1.0853 | Clipped: 3/4
Epoch [555/4000] | Avg Makespan: 325.60 | Actor Loss: -0.0063 | Critic Loss: 0.0146 | Grad Norm: 0.9508 | Clipped: 1/4
Epoch [556/4000] | Avg Makespan: 335.41 | Actor Loss: -0.0011 | Critic Loss: 0.0940 | Grad Norm: 1.2227 | Clipped: 3/4
Epoch [557/4000] | Avg Makespan: 327.93 | Actor Loss: -0.0058 | Critic Loss: 0.0218 | Grad Norm: 0.9065 | Clipped: 1/4
Epoch [558/4000] | Avg Makespan: 337.23 | Actor Loss: -0.0049 | Critic Loss: 0.0215 | Grad Norm: 0.7671 | Clipped: 0/4
Epoch [559/4000] | Avg Makespan: 354.20 | Actor Loss: -0.0070 | Critic Loss: 0.1698 | Grad Norm: 0.8053 | Clipped: 1/4
Epoch [560/4000] | Avg Makespan: 330.67 | Actor Loss: -0.0070 | Critic Loss: 0.1203 | Grad Norm: 1.3273 | Clipped: 3/4
Epoch [561/4000] | Avg Makespan: 344.13 | Actor Loss: -0.0070 | Critic Loss: 0.1085 | Grad Norm: 0.7370 | Clipped: 1/4
Epoch [562/4000] | Avg Makespan: 338.50 | Actor Loss: -0.0090 | Critic Loss: 0.0982 | Grad Norm: 0.7345 | Clipped: 0/4
Epoch [563/4000] | Avg Makespan: 324.40 | Actor Loss: -0.0069 | Critic Loss: 0.0629 | Grad Norm: 0.9961 | Clipped: 1/4
Epoch [564/4000] | Avg Makespan: 336.06 | Actor Loss: -0.0045 | Critic Loss: 0.0869 | Grad Norm: 1.1557 | Clipped: 3/4
Epoch [565/4000] | Avg Makespan: 354.69 | Actor Loss: -0.0041 | Critic Loss: 0.2458 | Grad Norm: 1.1414 | Clipped: 3/4
Epoch [566/4000] | Avg Makespan: 316.53 | Actor Loss: -0.0051 | Critic Loss: 0.1782 | Grad Norm: 1.2494 | Clipped: 3/4
Epoch [567/4000] | Avg Makespan: 340.23 | Actor Loss: -0.0064 | Critic Loss: 0.0478 | Grad Norm: 1.1665 | Clipped: 3/4
Epoch [568/4000] | Avg Makespan: 329.04 | Actor Loss: -0.0087 | Critic Loss: 0.0546 | Grad Norm: 1.1130 | Clipped: 3/4
Epoch [569/4000] | Avg Makespan: 321.84 | Actor Loss: -0.0025 | Critic Loss: 0.0240 | Grad Norm: 0.8713 | Clipped: 0/4
Epoch [570/4000] | Avg Makespan: 328.08 | Actor Loss: -0.0078 | Critic Loss: 0.0662 | Grad Norm: 0.8441 | Clipped: 0/4
Epoch [571/4000] | Avg Makespan: 354.60 | Actor Loss: -0.0038 | Critic Loss: 0.1953 | Grad Norm: 1.0782 | Clipped: 3/4
Epoch [572/4000] | Avg Makespan: 329.09 | Actor Loss: -0.0091 | Critic Loss: 0.0511 | Grad Norm: 0.8062 | Clipped: 0/4
Epoch [573/4000] | Avg Makespan: 345.46 | Actor Loss: -0.0046 | Critic Loss: 0.1820 | Grad Norm: 1.0443 | Clipped: 2/4
Epoch [574/4000] | Avg Makespan: 329.45 | Actor Loss: -0.0063 | Critic Loss: 0.1260 | Grad Norm: 0.7586 | Clipped: 0/4
Epoch [575/4000] | Avg Makespan: 324.97 | Actor Loss: -0.0057 | Critic Loss: 0.0808 | Grad Norm: 0.8147 | Clipped: 0/4
Epoch [576/4000] | Avg Makespan: 334.04 | Actor Loss: -0.0083 | Critic Loss: 0.0483 | Grad Norm: 0.8443 | Clipped: 0/4
Epoch [577/4000] | Avg Makespan: 326.49 | Actor Loss: -0.0079 | Critic Loss: 0.0719 | Grad Norm: 0.6282 | Clipped: 0/4
Epoch [578/4000] | Avg Makespan: 342.90 | Actor Loss: -0.0092 | Critic Loss: 0.1402 | Grad Norm: 1.1490 | Clipped: 3/4
Epoch [579/4000] | Avg Makespan: 330.08 | Actor Loss: -0.0052 | Critic Loss: 0.0768 | Grad Norm: 1.1743 | Clipped: 3/4
Epoch [580/4000] | Avg Makespan: 335.88 | Actor Loss: -0.0080 | Critic Loss: 0.1160 | Grad Norm: 0.9843 | Clipped: 2/4
Epoch [581/4000] | Avg Makespan: 329.94 | Actor Loss: -0.0091 | Critic Loss: 0.0498 | Grad Norm: 0.9449 | Clipped: 1/4
Epoch [582/4000] | Avg Makespan: 330.60 | Actor Loss: -0.0072 | Critic Loss: 0.0593 | Grad Norm: 1.0346 | Clipped: 1/4
Epoch [583/4000] | Avg Makespan: 330.96 | Actor Loss: -0.0005 | Critic Loss: 0.0398 | Grad Norm: 1.5299 | Clipped: 3/4
Epoch [584/4000] | Avg Makespan: 327.04 | Actor Loss: -0.0123 | Critic Loss: 0.0195 | Grad Norm: 1.2572 | Clipped: 3/4
Epoch [585/4000] | Avg Makespan: 323.71 | Actor Loss: -0.0061 | Critic Loss: 0.0183 | Grad Norm: 1.1617 | Clipped: 3/4
Epoch [586/4000] | Avg Makespan: 328.38 | Actor Loss: -0.0052 | Critic Loss: 0.0211 | Grad Norm: 0.9207 | Clipped: 2/4
Epoch [587/4000] | Avg Makespan: 330.93 | Actor Loss: -0.0073 | Critic Loss: 0.0260 | Grad Norm: 0.9716 | Clipped: 2/4
Epoch [588/4000] | Avg Makespan: 331.33 | Actor Loss: -0.0058 | Critic Loss: 0.0285 | Grad Norm: 0.8678 | Clipped: 0/4
Epoch [589/4000] | Avg Makespan: 331.26 | Actor Loss: -0.0062 | Critic Loss: 0.0553 | Grad Norm: 1.1194 | Clipped: 2/4
Epoch [590/4000] | Avg Makespan: 339.01 | Actor Loss: -0.0073 | Critic Loss: 0.1237 | Grad Norm: 0.9265 | Clipped: 2/4
Epoch [591/4000] | Avg Makespan: 320.17 | Actor Loss: -0.0036 | Critic Loss: 0.0412 | Grad Norm: 1.3177 | Clipped: 4/4
Epoch [592/4000] | Avg Makespan: 329.05 | Actor Loss: -0.0031 | Critic Loss: 0.0394 | Grad Norm: 1.8319 | Clipped: 4/4
Epoch [593/4000] | Avg Makespan: 325.07 | Actor Loss: -0.0046 | Critic Loss: 0.0245 | Grad Norm: 1.3670 | Clipped: 4/4
Epoch [594/4000] | Avg Makespan: 327.82 | Actor Loss: -0.0053 | Critic Loss: 0.0350 | Grad Norm: 1.3545 | Clipped: 3/4
Epoch [595/4000] | Avg Makespan: 329.50 | Actor Loss: -0.0063 | Critic Loss: 0.0390 | Grad Norm: 1.0412 | Clipped: 2/4
Epoch [596/4000] | Avg Makespan: 326.62 | Actor Loss: -0.0068 | Critic Loss: 0.0707 | Grad Norm: 1.1508 | Clipped: 2/4
Epoch [597/4000] | Avg Makespan: 327.44 | Actor Loss: -0.0072 | Critic Loss: 0.0457 | Grad Norm: 1.2312 | Clipped: 4/4
Epoch [598/4000] | Avg Makespan: 348.79 | Actor Loss: -0.0041 | Critic Loss: 0.1672 | Grad Norm: 1.4261 | Clipped: 4/4
Epoch [599/4000] | Avg Makespan: 321.06 | Actor Loss: -0.0074 | Critic Loss: 0.1154 | Grad Norm: 1.3463 | Clipped: 4/4
Epoch [600/4000] | Avg Makespan: 332.49 | Actor Loss: -0.0070 | Critic Loss: 0.0407 | Grad Norm: 1.2618 | Clipped: 3/4
   -> Validation | Samples: 280 | Makespan: 455.38 | Invalid Jobs: 0.01 | Score: 462.52
   -> Saved new best model (Val Score mean of last 5: 466.69; this eval 462.52)
   -> Saved new best model (Val Psi-hat mean of last 5: 439.91; this eval 428.45)
   -> Saved updated training chart to /home/wei/Desktop/AMR-DFJSP/runs/20260825_013759_v10_F_s42/chart.png
Epoch [601/4000] | Avg Makespan: 331.10 | Actor Loss: 0.0029 | Critic Loss: 0.0143 | Grad Norm: 1.8855 | Clipped: 4/4
Epoch [602/4000] | Avg Makespan: 326.07 | Actor Loss: -0.0098 | Critic Loss: 0.0788 | Grad Norm: 1.1699 | Clipped: 2/4
Epoch [603/4000] | Avg Makespan: 330.95 | Actor Loss: -0.0098 | Critic Loss: 0.0399 | Grad Norm: 1.1541 | Clipped: 2/4
Epoch [604/4000] | Avg Makespan: 328.89 | Actor Loss: -0.0075 | Critic Loss: 0.0560 | Grad Norm: 1.4799 | Clipped: 4/4
Epoch [605/4000] | Avg Makespan: 332.82 | Actor Loss: -0.0097 | Critic Loss: 0.0931 | Grad Norm: 1.9300 | Clipped: 4/4
Epoch [606/4000] | Avg Makespan: 326.22 | Actor Loss: -0.0021 | Critic Loss: 0.0451 | Grad Norm: 1.7933 | Clipped: 4/4
Epoch [607/4000] | Avg Makespan: 344.22 | Actor Loss: 0.0029 | Critic Loss: 0.0562 | Grad Norm: 1.9972 | Clipped: 4/4
Epoch [608/4000] | Avg Makespan: 322.34 | Actor Loss: -0.0041 | Critic Loss: 0.0356 | Grad Norm: 1.9815 | Clipped: 4/4
Epoch [609/4000] | Avg Makespan: 321.91 | Actor Loss: -0.0061 | Critic Loss: 0.0278 | Grad Norm: 1.1224 | Clipped: 2/4
Epoch [610/4000] | Avg Makespan: 336.09 | Actor Loss: -0.0094 | Critic Loss: 0.1402 | Grad Norm: 1.4329 | Clipped: 3/4
Epoch [611/4000] | Avg Makespan: 326.90 | Actor Loss: -0.0065 | Critic Loss: 0.0545 | Grad Norm: 1.3124 | Clipped: 3/4
Epoch [612/4000] | Avg Makespan: 322.77 | Actor Loss: -0.0040 | Critic Loss: 0.0251 | Grad Norm: 1.7708 | Clipped: 4/4
Epoch [613/4000] | Avg Makespan: 328.63 | Actor Loss: -0.0042 | Critic Loss: 0.0441 | Grad Norm: 1.3146 | Clipped: 3/4
Epoch [614/4000] | Avg Makespan: 328.04 | Actor Loss: -0.0083 | Critic Loss: 0.0532 | Grad Norm: 1.3054 | Clipped: 4/4
Epoch [615/4000] | Avg Makespan: 340.09 | Actor Loss: -0.0058 | Critic Loss: 0.1192 | Grad Norm: 1.5473 | Clipped: 4/4
Epoch [616/4000] | Avg Makespan: 347.62 | Actor Loss: -0.0085 | Critic Loss: 0.0681 | Grad Norm: 1.4324 | Clipped: 4/4
Epoch [617/4000] | Avg Makespan: 324.33 | Actor Loss: -0.0023 | Critic Loss: 0.0797 | Grad Norm: 1.8729 | Clipped: 4/4
Epoch [618/4000] | Avg Makespan: 327.60 | Actor Loss: -0.0075 | Critic Loss: 0.0328 | Grad Norm: 1.0043 | Clipped: 3/4
Epoch [619/4000] | Avg Makespan: 329.37 | Actor Loss: -0.0064 | Critic Loss: 0.0350 | Grad Norm: 1.0968 | Clipped: 3/4
Epoch [620/4000] | Avg Makespan: 327.49 | Actor Loss: -0.0073 | Critic Loss: 0.0393 | Grad Norm: 1.1116 | Clipped: 2/4
Epoch [621/4000] | Avg Makespan: 333.59 | Actor Loss: -0.0085 | Critic Loss: 0.0610 | Grad Norm: 1.1225 | Clipped: 2/4
Epoch [622/4000] | Avg Makespan: 326.77 | Actor Loss: -0.0009 | Critic Loss: 0.0602 | Grad Norm: 1.6425 | Clipped: 4/4
Epoch [623/4000] | Avg Makespan: 338.79 | Actor Loss: -0.0074 | Critic Loss: 0.1403 | Grad Norm: 1.4695 | Clipped: 3/4
Epoch [624/4000] | Avg Makespan: 330.34 | Actor Loss: -0.0046 | Critic Loss: 0.0322 | Grad Norm: 1.2254 | Clipped: 2/4
Epoch [625/4000] | Avg Makespan: 326.99 | Actor Loss: -0.0061 | Critic Loss: 0.0215 | Grad Norm: 1.1136 | Clipped: 2/4
Epoch [626/4000] | Avg Makespan: 338.18 | Actor Loss: -0.0058 | Critic Loss: 0.1047 | Grad Norm: 1.2977 | Clipped: 3/4
Epoch [627/4000] | Avg Makespan: 331.47 | Actor Loss: -0.0101 | Critic Loss: 0.0578 | Grad Norm: 1.0953 | Clipped: 2/4
Epoch [628/4000] | Avg Makespan: 320.81 | Actor Loss: -0.0016 | Critic Loss: 0.0408 | Grad Norm: 1.7107 | Clipped: 4/4
Epoch [629/4000] | Avg Makespan: 325.06 | Actor Loss: -0.0070 | Critic Loss: 0.0179 | Grad Norm: 0.8812 | Clipped: 0/4
Epoch [630/4000] | Avg Makespan: 326.94 | Actor Loss: -0.0075 | Critic Loss: 0.0374 | Grad Norm: 1.0656 | Clipped: 3/4
Epoch [631/4000] | Avg Makespan: 333.80 | Actor Loss: -0.0057 | Critic Loss: 0.0242 | Grad Norm: 0.8379 | Clipped: 0/4
Epoch [632/4000] | Avg Makespan: 331.64 | Actor Loss: -0.0079 | Critic Loss: 0.0352 | Grad Norm: 1.0451 | Clipped: 2/4
Epoch [633/4000] | Avg Makespan: 324.43 | Actor Loss: -0.0006 | Critic Loss: 0.0387 | Grad Norm: 1.5631 | Clipped: 4/4
Epoch [634/4000] | Avg Makespan: 332.21 | Actor Loss: -0.0074 | Critic Loss: 0.0196 | Grad Norm: 0.6097 | Clipped: 0/4
Epoch [635/4000] | Avg Makespan: 337.98 | Actor Loss: -0.0065 | Critic Loss: 0.0460 | Grad Norm: 0.7578 | Clipped: 0/4
Epoch [636/4000] | Avg Makespan: 323.47 | Actor Loss: -0.0054 | Critic Loss: 0.0480 | Grad Norm: 0.8417 | Clipped: 1/4
Epoch [637/4000] | Avg Makespan: 327.48 | Actor Loss: -0.0066 | Critic Loss: 0.0461 | Grad Norm: 1.0729 | Clipped: 2/4
Epoch [638/4000] | Avg Makespan: 332.59 | Actor Loss: -0.0072 | Critic Loss: 0.0526 | Grad Norm: 1.0853 | Clipped: 2/4
Epoch [639/4000] | Avg Makespan: 334.07 | Actor Loss: -0.0055 | Critic Loss: 0.0376 | Grad Norm: 1.3422 | Clipped: 3/4
Epoch [640/4000] | Avg Makespan: 326.01 | Actor Loss: -0.0093 | Critic Loss: 0.1026 | Grad Norm: 0.9999 | Clipped: 2/4
Epoch [641/4000] | Avg Makespan: 331.41 | Actor Loss: -0.0047 | Critic Loss: 0.0279 | Grad Norm: 1.1562 | Clipped: 3/4
Epoch [642/4000] | Avg Makespan: 320.57 | Actor Loss: -0.0087 | Critic Loss: 0.0401 | Grad Norm: 0.8809 | Clipped: 1/4
Epoch [643/4000] | Avg Makespan: 329.31 | Actor Loss: -0.0061 | Critic Loss: 0.0386 | Grad Norm: 1.1289 | Clipped: 3/4
Epoch [644/4000] | Avg Makespan: 323.89 | Actor Loss: -0.0050 | Critic Loss: 0.0092 | Grad Norm: 0.7375 | Clipped: 0/4
Epoch [645/4000] | Avg Makespan: 326.07 | Actor Loss: -0.0047 | Critic Loss: 0.0487 | Grad Norm: 1.6677 | Clipped: 4/4
Epoch [646/4000] | Avg Makespan: 321.15 | Actor Loss: -0.0078 | Critic Loss: 0.0151 | Grad Norm: 0.8340 | Clipped: 1/4
Epoch [647/4000] | Avg Makespan: 337.05 | Actor Loss: -0.0034 | Critic Loss: 0.0920 | Grad Norm: 1.5911 | Clipped: 3/4
Epoch [648/4000] | Avg Makespan: 324.96 | Actor Loss: -0.0069 | Critic Loss: 0.0288 | Grad Norm: 1.3704 | Clipped: 4/4
Epoch [649/4000] | Avg Makespan: 333.62 | Actor Loss: -0.0056 | Critic Loss: 0.0185 | Grad Norm: 1.2930 | Clipped: 3/4
Epoch [650/4000] | Avg Makespan: 327.06 | Actor Loss: -0.0056 | Critic Loss: 0.0082 | Grad Norm: 0.7941 | Clipped: 0/4
Epoch [651/4000] | Avg Makespan: 325.07 | Actor Loss: -0.0055 | Critic Loss: 0.0289 | Grad Norm: 0.9564 | Clipped: 1/4
Epoch [652/4000] | Avg Makespan: 324.07 | Actor Loss: 0.0013 | Critic Loss: 0.0084 | Grad Norm: 1.9349 | Clipped: 4/4
Epoch [653/4000] | Avg Makespan: 334.79 | Actor Loss: -0.0027 | Critic Loss: 0.1708 | Grad Norm: 1.7317 | Clipped: 4/4
Epoch [654/4000] | Avg Makespan: 324.83 | Actor Loss: -0.0040 | Critic Loss: 0.0591 | Grad Norm: 1.8333 | Clipped: 4/4
Epoch [655/4000] | Avg Makespan: 329.66 | Actor Loss: -0.0091 | Critic Loss: 0.0936 | Grad Norm: 0.9247 | Clipped: 1/4
Epoch [656/4000] | Avg Makespan: 328.00 | Actor Loss: -0.0051 | Critic Loss: 0.0284 | Grad Norm: 1.1966 | Clipped: 4/4
Epoch [657/4000] | Avg Makespan: 329.45 | Actor Loss: -0.0064 | Critic Loss: 0.0514 | Grad Norm: 1.2279 | Clipped: 3/4
Epoch [658/4000] | Avg Makespan: 329.59 | Actor Loss: -0.0050 | Critic Loss: 0.0246 | Grad Norm: 1.5648 | Clipped: 3/4
Epoch [659/4000] | Avg Makespan: 322.82 | Actor Loss: -0.0082 | Critic Loss: 0.0148 | Grad Norm: 0.9198 | Clipped: 2/4
Epoch [660/4000] | Avg Makespan: 345.08 | Actor Loss: -0.0064 | Critic Loss: 0.1309 | Grad Norm: 1.0357 | Clipped: 2/4
Epoch [661/4000] | Avg Makespan: 330.52 | Actor Loss: -0.0067 | Critic Loss: 0.0585 | Grad Norm: 1.6656 | Clipped: 3/4
Epoch [662/4000] | Avg Makespan: 326.63 | Actor Loss: -0.0067 | Critic Loss: 0.0462 | Grad Norm: 1.2591 | Clipped: 3/4
Epoch [663/4000] | Avg Makespan: 341.51 | Actor Loss: -0.0051 | Critic Loss: 0.2007 | Grad Norm: 1.8075 | Clipped: 4/4
Epoch [664/4000] | Avg Makespan: 348.37 | Actor Loss: -0.0071 | Critic Loss: 0.1076 | Grad Norm: 1.2646 | Clipped: 3/4
Epoch [665/4000] | Avg Makespan: 336.14 | Actor Loss: -0.0001 | Critic Loss: 0.0331 | Grad Norm: 2.1841 | Clipped: 4/4
Epoch [666/4000] | Avg Makespan: 334.28 | Actor Loss: 0.0021 | Critic Loss: 0.1148 | Grad Norm: 1.9886 | Clipped: 4/4
Epoch [667/4000] | Avg Makespan: 333.39 | Actor Loss: -0.0007 | Critic Loss: 0.0497 | Grad Norm: 2.3885 | Clipped: 4/4
Epoch [668/4000] | Avg Makespan: 340.75 | Actor Loss: -0.0038 | Critic Loss: 0.0730 | Grad Norm: 1.1399 | Clipped: 3/4
Epoch [669/4000] | Avg Makespan: 327.27 | Actor Loss: -0.0056 | Critic Loss: 0.0353 | Grad Norm: 1.3512 | Clipped: 3/4
Epoch [670/4000] | Avg Makespan: 337.88 | Actor Loss: -0.0072 | Critic Loss: 0.0690 | Grad Norm: 1.1848 | Clipped: 2/4
Epoch [671/4000] | Avg Makespan: 333.40 | Actor Loss: -0.0006 | Critic Loss: 0.0287 | Grad Norm: 2.0902 | Clipped: 4/4
Epoch [672/4000] | Avg Makespan: 327.10 | Actor Loss: -0.0014 | Critic Loss: 0.0461 | Grad Norm: 2.2479 | Clipped: 4/4
Epoch [673/4000] | Avg Makespan: 330.56 | Actor Loss: 0.0045 | Critic Loss: 0.0307 | Grad Norm: 2.3291 | Clipped: 4/4
Epoch [674/4000] | Avg Makespan: 329.05 | Actor Loss: -0.0029 | Critic Loss: 0.0367 | Grad Norm: 1.7418 | Clipped: 2/4
Epoch [675/4000] | Avg Makespan: 332.79 | Actor Loss: -0.0061 | Critic Loss: 0.2235 | Grad Norm: 1.5272 | Clipped: 3/4
Epoch [676/4000] | Avg Makespan: 319.49 | Actor Loss: 0.0038 | Critic Loss: 0.0318 | Grad Norm: 2.2917 | Clipped: 4/4
Epoch [677/4000] | Avg Makespan: 326.28 | Actor Loss: -0.0053 | Critic Loss: 0.0496 | Grad Norm: 1.3247 | Clipped: 4/4
Epoch [678/4000] | Avg Makespan: 325.91 | Actor Loss: 0.0001 | Critic Loss: 0.0395 | Grad Norm: 2.4646 | Clipped: 4/4
Epoch [679/4000] | Avg Makespan: 319.98 | Actor Loss: -0.0032 | Critic Loss: 0.0323 | Grad Norm: 2.1152 | Clipped: 4/4
Epoch [680/4000] | Avg Makespan: 324.43 | Actor Loss: -0.0088 | Critic Loss: 0.0313 | Grad Norm: 0.8443 | Clipped: 1/4
Epoch [681/4000] | Avg Makespan: 325.49 | Actor Loss: -0.0069 | Critic Loss: 0.0449 | Grad Norm: 0.9312 | Clipped: 1/4
Epoch [682/4000] | Avg Makespan: 332.58 | Actor Loss: -0.0081 | Critic Loss: 0.0963 | Grad Norm: 0.8539 | Clipped: 1/4
Epoch [683/4000] | Avg Makespan: 326.79 | Actor Loss: -0.0076 | Critic Loss: 0.0454 | Grad Norm: 0.9141 | Clipped: 1/4
Epoch [684/4000] | Avg Makespan: 332.36 | Actor Loss: -0.0067 | Critic Loss: 0.0415 | Grad Norm: 1.3931 | Clipped: 3/4
Epoch [685/4000] | Avg Makespan: 321.59 | Actor Loss: -0.0038 | Critic Loss: 0.0278 | Grad Norm: 1.2344 | Clipped: 4/4
Epoch [686/4000] | Avg Makespan: 338.27 | Actor Loss: -0.0052 | Critic Loss: 0.1191 | Grad Norm: 1.7770 | Clipped: 4/4
Epoch [687/4000] | Avg Makespan: 323.43 | Actor Loss: -0.0093 | Critic Loss: 0.0582 | Grad Norm: 1.2399 | Clipped: 3/4
Epoch [688/4000] | Avg Makespan: 318.83 | Actor Loss: -0.0046 | Critic Loss: 0.0832 | Grad Norm: 1.0447 | Clipped: 2/4
Epoch [689/4000] | Avg Makespan: 330.58 | Actor Loss: -0.0061 | Critic Loss: 0.1755 | Grad Norm: 1.2756 | Clipped: 4/4
Epoch [690/4000] | Avg Makespan: 339.37 | Actor Loss: -0.0028 | Critic Loss: 0.1401 | Grad Norm: 1.8989 | Clipped: 4/4
Epoch [691/4000] | Avg Makespan: 322.39 | Actor Loss: 0.0046 | Critic Loss: 0.0737 | Grad Norm: 1.9112 | Clipped: 4/4
Epoch [692/4000] | Avg Makespan: 341.54 | Actor Loss: -0.0053 | Critic Loss: 0.1406 | Grad Norm: 2.2135 | Clipped: 4/4
Epoch [693/4000] | Avg Makespan: 326.83 | Actor Loss: -0.0064 | Critic Loss: 0.0391 | Grad Norm: 1.2831 | Clipped: 4/4
Epoch [694/4000] | Avg Makespan: 329.69 | Actor Loss: -0.0070 | Critic Loss: 0.0352 | Grad Norm: 1.6373 | Clipped: 4/4
Epoch [695/4000] | Avg Makespan: 326.62 | Actor Loss: 0.0049 | Critic Loss: 0.0254 | Grad Norm: 2.5503 | Clipped: 4/4
Epoch [696/4000] | Avg Makespan: 331.41 | Actor Loss: 0.0186 | Critic Loss: 0.1331 | Grad Norm: 3.6270 | Clipped: 4/4
Epoch [697/4000] | Avg Makespan: 331.32 | Actor Loss: 0.0098 | Critic Loss: 0.0505 | Grad Norm: 2.7446 | Clipped: 4/4
Epoch [698/4000] | Avg Makespan: 338.91 | Actor Loss: 0.0017 | Critic Loss: 0.1871 | Grad Norm: 1.5102 | Clipped: 4/4
Epoch [699/4000] | Avg Makespan: 325.95 | Actor Loss: 0.0037 | Critic Loss: 0.0491 | Grad Norm: 2.5295 | Clipped: 4/4
Epoch [700/4000] | Avg Makespan: 336.47 | Actor Loss: 0.0059 | Critic Loss: 0.0559 | Grad Norm: 2.0621 | Clipped: 4/4
   -> Validation | Samples: 280 | Makespan: 443.52 | Invalid Jobs: 0.00 | Score: 443.52
   -> Saved new best model (Val Score mean of last 5: 457.66; this eval 443.52)
   -> Saved new best model (Val Psi-hat mean of last 5: 430.07; this eval 415.96)
   -> Saved updated training chart to /home/wei/Desktop/AMR-DFJSP/runs/20260825_013759_v10_F_s42/chart.png
Epoch [701/4000] | Avg Makespan: 331.41 | Actor Loss: 0.0273 | Critic Loss: 0.0951 | Grad Norm: 2.9248 | Clipped: 4/4
Epoch [702/4000] | Avg Makespan: 331.39 | Actor Loss: 0.0172 | Critic Loss: 0.0393 | Grad Norm: 3.2178 | Clipped: 4/4
Epoch [703/4000] | Avg Makespan: 331.03 | Actor Loss: -0.0030 | Critic Loss: 0.0505 | Grad Norm: 2.1580 | Clipped: 4/4
Epoch [704/4000] | Avg Makespan: 335.17 | Actor Loss: -0.0015 | Critic Loss: 0.0423 | Grad Norm: 1.8311 | Clipped: 4/4
Epoch [705/4000] | Avg Makespan: 353.25 | Actor Loss: -0.0056 | Critic Loss: 0.1297 | Grad Norm: 2.3401 | Clipped: 4/4
Epoch [706/4000] | Avg Makespan: 327.01 | Actor Loss: -0.0034 | Critic Loss: 0.0825 | Grad Norm: 2.2135 | Clipped: 4/4
Epoch [707/4000] | Avg Makespan: 328.95 | Actor Loss: -0.0056 | Critic Loss: 0.0806 | Grad Norm: 2.5941 | Clipped: 4/4
Epoch [708/4000] | Avg Makespan: 326.08 | Actor Loss: 0.0031 | Critic Loss: 0.0342 | Grad Norm: 3.4129 | Clipped: 4/4
Epoch [709/4000] | Avg Makespan: 326.69 | Actor Loss: -0.0046 | Critic Loss: 0.0349 | Grad Norm: 3.1041 | Clipped: 4/4
Epoch [710/4000] | Avg Makespan: 325.01 | Actor Loss: -0.0038 | Critic Loss: 0.0243 | Grad Norm: 2.4083 | Clipped: 4/4
Epoch [711/4000] | Avg Makespan: 324.90 | Actor Loss: -0.0096 | Critic Loss: 0.0174 | Grad Norm: 1.2408 | Clipped: 4/4
Epoch [712/4000] | Avg Makespan: 338.77 | Actor Loss: -0.0100 | Critic Loss: 0.1156 | Grad Norm: 1.1287 | Clipped: 3/4
Epoch [713/4000] | Avg Makespan: 325.31 | Actor Loss: -0.0068 | Critic Loss: 0.0934 | Grad Norm: 1.4050 | Clipped: 4/4
Epoch [714/4000] | Avg Makespan: 321.32 | Actor Loss: -0.0043 | Critic Loss: 0.0405 | Grad Norm: 1.5603 | Clipped: 4/4
Epoch [715/4000] | Avg Makespan: 334.31 | Actor Loss: 0.0058 | Critic Loss: 0.0464 | Grad Norm: 2.2141 | Clipped: 4/4
Epoch [716/4000] | Avg Makespan: 346.31 | Actor Loss: -0.0022 | Critic Loss: 0.0915 | Grad Norm: 2.1489 | Clipped: 4/4
Epoch [717/4000] | Avg Makespan: 336.60 | Actor Loss: -0.0048 | Critic Loss: 0.0612 | Grad Norm: 2.1588 | Clipped: 4/4
Epoch [718/4000] | Avg Makespan: 327.95 | Actor Loss: -0.0065 | Critic Loss: 0.0751 | Grad Norm: 1.8418 | Clipped: 3/4
Epoch [719/4000] | Avg Makespan: 333.49 | Actor Loss: -0.0053 | Critic Loss: 0.0454 | Grad Norm: 2.4225 | Clipped: 4/4
Epoch [720/4000] | Avg Makespan: 359.64 | Actor Loss: -0.0007 | Critic Loss: 0.4988 | Grad Norm: 4.1712 | Clipped: 4/4
Epoch [721/4000] | Avg Makespan: 327.34 | Actor Loss: 0.0037 | Critic Loss: 0.0483 | Grad Norm: 3.1259 | Clipped: 4/4
Epoch [722/4000] | Avg Makespan: 329.76 | Actor Loss: -0.0024 | Critic Loss: 0.0647 | Grad Norm: 2.4161 | Clipped: 4/4
Epoch [723/4000] | Avg Makespan: 327.83 | Actor Loss: -0.0013 | Critic Loss: 0.0386 | Grad Norm: 2.6223 | Clipped: 4/4
Epoch [724/4000] | Avg Makespan: 337.53 | Actor Loss: -0.0015 | Critic Loss: 0.2083 | Grad Norm: 2.0507 | Clipped: 4/4
Epoch [725/4000] | Avg Makespan: 338.52 | Actor Loss: -0.0063 | Critic Loss: 0.1264 | Grad Norm: 1.4800 | Clipped: 4/4
Epoch [726/4000] | Avg Makespan: 335.45 | Actor Loss: -0.0075 | Critic Loss: 0.0896 | Grad Norm: 1.3581 | Clipped: 4/4
Epoch [727/4000] | Avg Makespan: 334.34 | Actor Loss: 0.0002 | Critic Loss: 0.0480 | Grad Norm: 2.1936 | Clipped: 4/4
Epoch [728/4000] | Avg Makespan: 334.55 | Actor Loss: -0.0029 | Critic Loss: 0.1298 | Grad Norm: 2.2536 | Clipped: 4/4
Epoch [729/4000] | Avg Makespan: 341.97 | Actor Loss: 0.0008 | Critic Loss: 0.0754 | Grad Norm: 2.2659 | Clipped: 4/4
Epoch [730/4000] | Avg Makespan: 343.39 | Actor Loss: -0.0056 | Critic Loss: 0.1402 | Grad Norm: 1.6824 | Clipped: 3/4
Epoch [731/4000] | Avg Makespan: 327.13 | Actor Loss: -0.0048 | Critic Loss: 0.0442 | Grad Norm: 1.1200 | Clipped: 3/4
Epoch [732/4000] | Avg Makespan: 322.99 | Actor Loss: -0.0054 | Critic Loss: 0.0431 | Grad Norm: 1.6146 | Clipped: 3/4
Epoch [733/4000] | Avg Makespan: 336.71 | Actor Loss: -0.0051 | Critic Loss: 0.0602 | Grad Norm: 2.5299 | Clipped: 4/4
Epoch [734/4000] | Avg Makespan: 325.30 | Actor Loss: -0.0059 | Critic Loss: 0.0170 | Grad Norm: 1.6935 | Clipped: 4/4
Epoch [735/4000] | Avg Makespan: 324.08 | Actor Loss: -0.0076 | Critic Loss: 0.0286 | Grad Norm: 1.8083 | Clipped: 4/4
Epoch [736/4000] | Avg Makespan: 333.26 | Actor Loss: -0.0105 | Critic Loss: 0.0523 | Grad Norm: 1.3472 | Clipped: 2/4
Epoch [737/4000] | Avg Makespan: 329.12 | Actor Loss: -0.0037 | Critic Loss: 0.0531 | Grad Norm: 2.1905 | Clipped: 4/4
Epoch [738/4000] | Avg Makespan: 330.39 | Actor Loss: -0.0069 | Critic Loss: 0.1645 | Grad Norm: 1.1723 | Clipped: 2/4
Epoch [739/4000] | Avg Makespan: 345.83 | Actor Loss: -0.0081 | Critic Loss: 0.2524 | Grad Norm: 1.7365 | Clipped: 4/4
Epoch [740/4000] | Avg Makespan: 337.76 | Actor Loss: -0.0030 | Critic Loss: 0.0679 | Grad Norm: 1.6696 | Clipped: 4/4
Epoch [741/4000] | Avg Makespan: 325.84 | Actor Loss: -0.0027 | Critic Loss: 0.0422 | Grad Norm: 1.6534 | Clipped: 4/4
Epoch [742/4000] | Avg Makespan: 335.06 | Actor Loss: -0.0074 | Critic Loss: 0.0794 | Grad Norm: 1.3466 | Clipped: 4/4
Epoch [743/4000] | Avg Makespan: 350.06 | Actor Loss: -0.0005 | Critic Loss: 0.1526 | Grad Norm: 2.8049 | Clipped: 4/4
Epoch [744/4000] | Avg Makespan: 326.64 | Actor Loss: -0.0038 | Critic Loss: 0.0398 | Grad Norm: 1.9522 | Clipped: 4/4
Epoch [745/4000] | Avg Makespan: 336.68 | Actor Loss: -0.0078 | Critic Loss: 0.0453 | Grad Norm: 1.3896 | Clipped: 2/4
Epoch [746/4000] | Avg Makespan: 346.05 | Actor Loss: -0.0058 | Critic Loss: 0.1407 | Grad Norm: 1.4890 | Clipped: 4/4
Epoch [747/4000] | Avg Makespan: 325.65 | Actor Loss: -0.0065 | Critic Loss: 0.0962 | Grad Norm: 1.9880 | Clipped: 4/4
Epoch [748/4000] | Avg Makespan: 331.63 | Actor Loss: -0.0071 | Critic Loss: 0.0981 | Grad Norm: 1.4108 | Clipped: 3/4
Epoch [749/4000] | Avg Makespan: 335.37 | Actor Loss: -0.0096 | Critic Loss: 0.0700 | Grad Norm: 1.1717 | Clipped: 3/4
Epoch [750/4000] | Avg Makespan: 341.32 | Actor Loss: -0.0002 | Critic Loss: 0.0765 | Grad Norm: 2.5022 | Clipped: 4/4
Epoch [751/4000] | Avg Makespan: 329.25 | Actor Loss: -0.0017 | Critic Loss: 0.0661 | Grad Norm: 1.8850 | Clipped: 4/4
Epoch [752/4000] | Avg Makespan: 340.23 | Actor Loss: -0.0027 | Critic Loss: 0.0344 | Grad Norm: 2.2282 | Clipped: 4/4
Epoch [753/4000] | Avg Makespan: 325.13 | Actor Loss: -0.0070 | Critic Loss: 0.0667 | Grad Norm: 1.1804 | Clipped: 3/4
Epoch [754/4000] | Avg Makespan: 321.28 | Actor Loss: -0.0096 | Critic Loss: 0.0386 | Grad Norm: 1.8143 | Clipped: 4/4
Epoch [755/4000] | Avg Makespan: 331.57 | Actor Loss: -0.0027 | Critic Loss: 0.0924 | Grad Norm: 1.8925 | Clipped: 4/4
Epoch [756/4000] | Avg Makespan: 333.25 | Actor Loss: -0.0072 | Critic Loss: 0.0782 | Grad Norm: 1.7871 | Clipped: 4/4
Epoch [757/4000] | Avg Makespan: 326.30 | Actor Loss: -0.0090 | Critic Loss: 0.0329 | Grad Norm: 1.7268 | Clipped: 4/4
Epoch [758/4000] | Avg Makespan: 311.27 | Actor Loss: -0.0026 | Critic Loss: 0.0754 | Grad Norm: 2.0288 | Clipped: 4/4
Epoch [759/4000] | Avg Makespan: 336.40 | Actor Loss: -0.0092 | Critic Loss: 0.0717 | Grad Norm: 1.0883 | Clipped: 2/4
Epoch [760/4000] | Avg Makespan: 335.48 | Actor Loss: -0.0056 | Critic Loss: 0.0639 | Grad Norm: 0.9998 | Clipped: 1/4
Epoch [761/4000] | Avg Makespan: 321.48 | Actor Loss: -0.0058 | Critic Loss: 0.0553 | Grad Norm: 1.4887 | Clipped: 3/4
Epoch [762/4000] | Avg Makespan: 347.38 | Actor Loss: -0.0032 | Critic Loss: 0.1463 | Grad Norm: 1.5576 | Clipped: 4/4
Epoch [763/4000] | Avg Makespan: 324.19 | Actor Loss: -0.0044 | Critic Loss: 0.0821 | Grad Norm: 1.5138 | Clipped: 4/4
Epoch [764/4000] | Avg Makespan: 329.43 | Actor Loss: -0.0033 | Critic Loss: 0.0116 | Grad Norm: 1.2758 | Clipped: 4/4
Epoch [765/4000] | Avg Makespan: 326.98 | Actor Loss: -0.0093 | Critic Loss: 0.0284 | Grad Norm: 1.3637 | Clipped: 4/4
Epoch [766/4000] | Avg Makespan: 327.41 | Actor Loss: -0.0070 | Critic Loss: 0.0269 | Grad Norm: 1.5852 | Clipped: 4/4
Epoch [767/4000] | Avg Makespan: 325.71 | Actor Loss: -0.0072 | Critic Loss: 0.0338 | Grad Norm: 1.1701 | Clipped: 4/4
Epoch [768/4000] | Avg Makespan: 325.02 | Actor Loss: -0.0080 | Critic Loss: 0.0491 | Grad Norm: 0.9798 | Clipped: 2/4
Epoch [769/4000] | Avg Makespan: 321.11 | Actor Loss: -0.0094 | Critic Loss: 0.0433 | Grad Norm: 1.4597 | Clipped: 4/4
Epoch [770/4000] | Avg Makespan: 332.81 | Actor Loss: -0.0029 | Critic Loss: 0.0716 | Grad Norm: 2.8393 | Clipped: 4/4
Epoch [771/4000] | Avg Makespan: 324.95 | Actor Loss: -0.0072 | Critic Loss: 0.0949 | Grad Norm: 1.3132 | Clipped: 4/4
Epoch [772/4000] | Avg Makespan: 337.41 | Actor Loss: -0.0087 | Critic Loss: 0.1134 | Grad Norm: 1.3475 | Clipped: 3/4
Epoch [773/4000] | Avg Makespan: 325.10 | Actor Loss: -0.0084 | Critic Loss: 0.0612 | Grad Norm: 0.9395 | Clipped: 1/4
Epoch [774/4000] | Avg Makespan: 330.90 | Actor Loss: -0.0058 | Critic Loss: 0.0807 | Grad Norm: 1.2898 | Clipped: 4/4
Epoch [775/4000] | Avg Makespan: 324.34 | Actor Loss: -0.0089 | Critic Loss: 0.0217 | Grad Norm: 1.7934 | Clipped: 4/4
Epoch [776/4000] | Avg Makespan: 327.50 | Actor Loss: -0.0055 | Critic Loss: 0.0427 | Grad Norm: 1.5535 | Clipped: 3/4
Epoch [777/4000] | Avg Makespan: 329.77 | Actor Loss: -0.0068 | Critic Loss: 0.0191 | Grad Norm: 1.7095 | Clipped: 4/4
Epoch [778/4000] | Avg Makespan: 344.20 | Actor Loss: -0.0063 | Critic Loss: 0.1979 | Grad Norm: 1.6716 | Clipped: 4/4
Epoch [779/4000] | Avg Makespan: 329.06 | Actor Loss: -0.0066 | Critic Loss: 0.0416 | Grad Norm: 1.3947 | Clipped: 4/4
Epoch [780/4000] | Avg Makespan: 333.98 | Actor Loss: -0.0072 | Critic Loss: 0.0373 | Grad Norm: 1.2768 | Clipped: 3/4
Epoch [781/4000] | Avg Makespan: 326.36 | Actor Loss: -0.0064 | Critic Loss: 0.0508 | Grad Norm: 1.8023 | Clipped: 4/4
Epoch [782/4000] | Avg Makespan: 329.59 | Actor Loss: -0.0082 | Critic Loss: 0.0209 | Grad Norm: 1.2092 | Clipped: 4/4
Epoch [783/4000] | Avg Makespan: 347.65 | Actor Loss: -0.0042 | Critic Loss: 0.1814 | Grad Norm: 1.7497 | Clipped: 4/4
Epoch [784/4000] | Avg Makespan: 346.20 | Actor Loss: -0.0055 | Critic Loss: 0.2630 | Grad Norm: 1.2905 | Clipped: 4/4
Epoch [785/4000] | Avg Makespan: 340.07 | Actor Loss: -0.0049 | Critic Loss: 0.1638 | Grad Norm: 1.5251 | Clipped: 4/4
Epoch [786/4000] | Avg Makespan: 328.74 | Actor Loss: -0.0025 | Critic Loss: 0.1297 | Grad Norm: 1.1987 | Clipped: 3/4
Epoch [787/4000] | Avg Makespan: 338.87 | Actor Loss: -0.0041 | Critic Loss: 0.0826 | Grad Norm: 1.2781 | Clipped: 4/4
Epoch [788/4000] | Avg Makespan: 321.67 | Actor Loss: -0.0044 | Critic Loss: 0.0461 | Grad Norm: 1.4378 | Clipped: 2/4
Epoch [789/4000] | Avg Makespan: 328.06 | Actor Loss: -0.0074 | Critic Loss: 0.0476 | Grad Norm: 1.2723 | Clipped: 4/4
Epoch [790/4000] | Avg Makespan: 331.31 | Actor Loss: -0.0040 | Critic Loss: 0.0759 | Grad Norm: 1.4611 | Clipped: 4/4
Epoch [791/4000] | Avg Makespan: 340.99 | Actor Loss: -0.0049 | Critic Loss: 0.0575 | Grad Norm: 1.9373 | Clipped: 4/4
Epoch [792/4000] | Avg Makespan: 334.18 | Actor Loss: -0.0074 | Critic Loss: 0.1264 | Grad Norm: 1.3069 | Clipped: 4/4
Epoch [793/4000] | Avg Makespan: 333.05 | Actor Loss: -0.0086 | Critic Loss: 0.0733 | Grad Norm: 1.4897 | Clipped: 3/4
Epoch [794/4000] | Avg Makespan: 330.09 | Actor Loss: -0.0067 | Critic Loss: 0.0510 | Grad Norm: 2.0733 | Clipped: 4/4
Epoch [795/4000] | Avg Makespan: 324.38 | Actor Loss: -0.0086 | Critic Loss: 0.0364 | Grad Norm: 1.1215 | Clipped: 3/4
Epoch [796/4000] | Avg Makespan: 329.16 | Actor Loss: -0.0026 | Critic Loss: 0.0541 | Grad Norm: 1.6910 | Clipped: 4/4
Epoch [797/4000] | Avg Makespan: 326.53 | Actor Loss: -0.0017 | Critic Loss: 0.0221 | Grad Norm: 1.6049 | Clipped: 4/4
Epoch [798/4000] | Avg Makespan: 323.65 | Actor Loss: 0.0017 | Critic Loss: 0.0473 | Grad Norm: 2.3775 | Clipped: 4/4
Epoch [799/4000] | Avg Makespan: 320.14 | Actor Loss: -0.0063 | Critic Loss: 0.0260 | Grad Norm: 1.2012 | Clipped: 3/4
Epoch [800/4000] | Avg Makespan: 333.01 | Actor Loss: -0.0066 | Critic Loss: 0.0745 | Grad Norm: 1.1403 | Clipped: 3/4
   -> Validation | Samples: 280 | Makespan: 450.05 | Invalid Jobs: 0.00 | Score: 453.62
   -> Saved new best model (Val Score mean of last 5: 453.10; this eval 453.62)
   -> Saved new best model (Val Psi-hat mean of last 5: 423.06; this eval 422.10)
   -> Saved updated training chart to /home/wei/Desktop/AMR-DFJSP/runs/20260825_013759_v10_F_s42/chart.png
Epoch [801/4000] | Avg Makespan: 332.52 | Actor Loss: -0.0040 | Critic Loss: 0.1368 | Grad Norm: 1.5083 | Clipped: 4/4
Epoch [802/4000] | Avg Makespan: 325.52 | Actor Loss: 0.0003 | Critic Loss: 0.0473 | Grad Norm: 2.1154 | Clipped: 4/4
Epoch [803/4000] | Avg Makespan: 331.89 | Actor Loss: -0.0099 | Critic Loss: 0.1959 | Grad Norm: 1.2055 | Clipped: 2/4
Epoch [804/4000] | Avg Makespan: 334.27 | Actor Loss: -0.0070 | Critic Loss: 0.0979 | Grad Norm: 1.0774 | Clipped: 2/4
Epoch [805/4000] | Avg Makespan: 316.88 | Actor Loss: -0.0023 | Critic Loss: 0.0445 | Grad Norm: 1.9505 | Clipped: 4/4
Epoch [806/4000] | Avg Makespan: 331.28 | Actor Loss: -0.0072 | Critic Loss: 0.1111 | Grad Norm: 1.4658 | Clipped: 4/4
Epoch [807/4000] | Avg Makespan: 343.03 | Actor Loss: -0.0076 | Critic Loss: 0.0946 | Grad Norm: 1.0559 | Clipped: 3/4
Epoch [808/4000] | Avg Makespan: 343.03 | Actor Loss: -0.0050 | Critic Loss: 0.1238 | Grad Norm: 1.3558 | Clipped: 4/4
Epoch [809/4000] | Avg Makespan: 323.93 | Actor Loss: -0.0001 | Critic Loss: 0.1543 | Grad Norm: 1.9463 | Clipped: 4/4
Epoch [810/4000] | Avg Makespan: 324.30 | Actor Loss: -0.0051 | Critic Loss: 0.0753 | Grad Norm: 1.1782 | Clipped: 4/4
Epoch [811/4000] | Avg Makespan: 318.26 | Actor Loss: -0.0077 | Critic Loss: 0.0381 | Grad Norm: 1.1705 | Clipped: 3/4
Epoch [812/4000] | Avg Makespan: 328.23 | Actor Loss: -0.0072 | Critic Loss: 0.0800 | Grad Norm: 1.4347 | Clipped: 4/4
Epoch [813/4000] | Avg Makespan: 324.26 | Actor Loss: -0.0043 | Critic Loss: 0.1171 | Grad Norm: 1.3418 | Clipped: 4/4
Epoch [814/4000] | Avg Makespan: 334.43 | Actor Loss: -0.0010 | Critic Loss: 0.0999 | Grad Norm: 1.7587 | Clipped: 4/4
Epoch [815/4000] | Avg Makespan: 341.14 | Actor Loss: -0.0081 | Critic Loss: 0.2139 | Grad Norm: 1.3286 | Clipped: 4/4
Epoch [816/4000] | Avg Makespan: 323.58 | Actor Loss: -0.0047 | Critic Loss: 0.0658 | Grad Norm: 1.4364 | Clipped: 3/4
Epoch [817/4000] | Avg Makespan: 324.73 | Actor Loss: -0.0083 | Critic Loss: 0.0691 | Grad Norm: 1.2078 | Clipped: 3/4
Epoch [818/4000] | Avg Makespan: 335.71 | Actor Loss: -0.0081 | Critic Loss: 0.0676 | Grad Norm: 1.0165 | Clipped: 1/4
Epoch [819/4000] | Avg Makespan: 324.13 | Actor Loss: -0.0050 | Critic Loss: 0.0394 | Grad Norm: 1.2426 | Clipped: 2/4
Epoch [820/4000] | Avg Makespan: 324.08 | Actor Loss: -0.0021 | Critic Loss: 0.0275 | Grad Norm: 1.9674 | Clipped: 4/4
Epoch [821/4000] | Avg Makespan: 325.19 | Actor Loss: -0.0056 | Critic Loss: 0.0692 | Grad Norm: 1.3754 | Clipped: 3/4
Epoch [822/4000] | Avg Makespan: 322.30 | Actor Loss: -0.0044 | Critic Loss: 0.0217 | Grad Norm: 1.4028 | Clipped: 4/4
Epoch [823/4000] | Avg Makespan: 328.29 | Actor Loss: -0.0038 | Critic Loss: 0.1414 | Grad Norm: 1.2877 | Clipped: 2/4
Epoch [824/4000] | Avg Makespan: 314.41 | Actor Loss: -0.0015 | Critic Loss: 0.0313 | Grad Norm: 1.9126 | Clipped: 4/4
Epoch [825/4000] | Avg Makespan: 323.98 | Actor Loss: -0.0024 | Critic Loss: 0.0318 | Grad Norm: 1.5252 | Clipped: 4/4
Epoch [826/4000] | Avg Makespan: 336.76 | Actor Loss: -0.0039 | Critic Loss: 0.1571 | Grad Norm: 1.6180 | Clipped: 4/4
Epoch [827/4000] | Avg Makespan: 314.78 | Actor Loss: -0.0087 | Critic Loss: 0.0464 | Grad Norm: 1.0935 | Clipped: 2/4
Epoch [828/4000] | Avg Makespan: 312.96 | Actor Loss: -0.0051 | Critic Loss: 0.0311 | Grad Norm: 1.0587 | Clipped: 2/4
Epoch [829/4000] | Avg Makespan: 328.10 | Actor Loss: -0.0067 | Critic Loss: 0.1451 | Grad Norm: 1.2648 | Clipped: 4/4
Epoch [830/4000] | Avg Makespan: 324.93 | Actor Loss: -0.0091 | Critic Loss: 0.0406 | Grad Norm: 1.2322 | Clipped: 3/4
Epoch [831/4000] | Avg Makespan: 344.82 | Actor Loss: -0.0075 | Critic Loss: 0.1816 | Grad Norm: 1.1676 | Clipped: 3/4
Epoch [832/4000] | Avg Makespan: 315.64 | Actor Loss: -0.0066 | Critic Loss: 0.0947 | Grad Norm: 1.3008 | Clipped: 4/4
Epoch [833/4000] | Avg Makespan: 331.83 | Actor Loss: -0.0054 | Critic Loss: 0.0531 | Grad Norm: 1.2768 | Clipped: 2/4
Epoch [834/4000] | Avg Makespan: 337.87 | Actor Loss: -0.0028 | Critic Loss: 0.0841 | Grad Norm: 1.6678 | Clipped: 4/4
Epoch [835/4000] | Avg Makespan: 329.08 | Actor Loss: -0.0054 | Critic Loss: 0.0201 | Grad Norm: 1.6157 | Clipped: 4/4
Epoch [836/4000] | Avg Makespan: 330.52 | Actor Loss: -0.0013 | Critic Loss: 0.0429 | Grad Norm: 1.7941 | Clipped: 4/4
Epoch [837/4000] | Avg Makespan: 320.05 | Actor Loss: -0.0025 | Critic Loss: 0.0448 | Grad Norm: 1.6901 | Clipped: 4/4
Epoch [838/4000] | Avg Makespan: 334.13 | Actor Loss: 0.0007 | Critic Loss: 0.0362 | Grad Norm: 2.2254 | Clipped: 4/4
Epoch [839/4000] | Avg Makespan: 341.89 | Actor Loss: -0.0040 | Critic Loss: 0.2227 | Grad Norm: 1.6349 | Clipped: 4/4
Epoch [840/4000] | Avg Makespan: 341.97 | Actor Loss: -0.0033 | Critic Loss: 0.1724 | Grad Norm: 1.6162 | Clipped: 3/4
Epoch [841/4000] | Avg Makespan: 342.86 | Actor Loss: -0.0055 | Critic Loss: 0.0380 | Grad Norm: 2.0123 | Clipped: 4/4
Epoch [842/4000] | Avg Makespan: 320.00 | Actor Loss: -0.0065 | Critic Loss: 0.2052 | Grad Norm: 1.7757 | Clipped: 4/4
Epoch [843/4000] | Avg Makespan: 320.45 | Actor Loss: -0.0064 | Critic Loss: 0.0727 | Grad Norm: 1.0916 | Clipped: 3/4
Epoch [844/4000] | Avg Makespan: 327.77 | Actor Loss: -0.0064 | Critic Loss: 0.0635 | Grad Norm: 1.3395 | Clipped: 4/4
Epoch [845/4000] | Avg Makespan: 329.75 | Actor Loss: -0.0076 | Critic Loss: 0.0303 | Grad Norm: 1.3491 | Clipped: 4/4
Epoch [846/4000] | Avg Makespan: 336.57 | Actor Loss: 0.0028 | Critic Loss: 0.1042 | Grad Norm: 2.6694 | Clipped: 4/4
Epoch [847/4000] | Avg Makespan: 330.34 | Actor Loss: -0.0066 | Critic Loss: 0.0760 | Grad Norm: 1.9642 | Clipped: 4/4
Epoch [848/4000] | Avg Makespan: 322.93 | Actor Loss: -0.0059 | Critic Loss: 0.0954 | Grad Norm: 1.4113 | Clipped: 4/4
Epoch [849/4000] | Avg Makespan: 333.78 | Actor Loss: -0.0046 | Critic Loss: 0.1182 | Grad Norm: 1.5163 | Clipped: 4/4
Epoch [850/4000] | Avg Makespan: 319.88 | Actor Loss: -0.0074 | Critic Loss: 0.0491 | Grad Norm: 1.0321 | Clipped: 2/4
Epoch [851/4000] | Avg Makespan: 329.26 | Actor Loss: -0.0053 | Critic Loss: 0.0677 | Grad Norm: 1.9310 | Clipped: 4/4
Epoch [852/4000] | Avg Makespan: 330.69 | Actor Loss: 0.0001 | Critic Loss: 0.0481 | Grad Norm: 2.2749 | Clipped: 4/4
Epoch [853/4000] | Avg Makespan: 325.39 | Actor Loss: -0.0060 | Critic Loss: 0.0075 | Grad Norm: 1.6729 | Clipped: 4/4
Epoch [854/4000] | Avg Makespan: 330.85 | Actor Loss: -0.0097 | Critic Loss: 0.0699 | Grad Norm: 1.7550 | Clipped: 4/4
Epoch [855/4000] | Avg Makespan: 317.66 | Actor Loss: -0.0037 | Critic Loss: 0.0313 | Grad Norm: 1.6355 | Clipped: 4/4
Epoch [856/4000] | Avg Makespan: 336.98 | Actor Loss: -0.0048 | Critic Loss: 0.0684 | Grad Norm: 1.4987 | Clipped: 4/4
Epoch [857/4000] | Avg Makespan: 336.22 | Actor Loss: -0.0024 | Critic Loss: 0.2240 | Grad Norm: 2.2364 | Clipped: 4/4
Epoch [858/4000] | Avg Makespan: 321.43 | Actor Loss: -0.0060 | Critic Loss: 0.0353 | Grad Norm: 1.5356 | Clipped: 4/4
Epoch [859/4000] | Avg Makespan: 342.29 | Actor Loss: -0.0007 | Critic Loss: 0.1334 | Grad Norm: 1.9872 | Clipped: 4/4
Epoch [860/4000] | Avg Makespan: 321.93 | Actor Loss: -0.0064 | Critic Loss: 0.0381 | Grad Norm: 1.8440 | Clipped: 4/4
Epoch [861/4000] | Avg Makespan: 324.75 | Actor Loss: -0.0073 | Critic Loss: 0.0668 | Grad Norm: 1.5011 | Clipped: 3/4
Epoch [862/4000] | Avg Makespan: 329.83 | Actor Loss: -0.0044 | Critic Loss: 0.1024 | Grad Norm: 2.0934 | Clipped: 4/4
Epoch [863/4000] | Avg Makespan: 340.59 | Actor Loss: 0.0044 | Critic Loss: 0.1096 | Grad Norm: 2.1102 | Clipped: 4/4
Epoch [864/4000] | Avg Makespan: 337.17 | Actor Loss: -0.0050 | Critic Loss: 0.0785 | Grad Norm: 1.9363 | Clipped: 4/4
Epoch [865/4000] | Avg Makespan: 337.00 | Actor Loss: -0.0080 | Critic Loss: 0.1880 | Grad Norm: 1.5267 | Clipped: 4/4
Epoch [866/4000] | Avg Makespan: 320.77 | Actor Loss: -0.0074 | Critic Loss: 0.1007 | Grad Norm: 2.1152 | Clipped: 4/4
Epoch [867/4000] | Avg Makespan: 345.53 | Actor Loss: 0.0064 | Critic Loss: 0.1234 | Grad Norm: 4.2778 | Clipped: 4/4
Epoch [868/4000] | Avg Makespan: 324.37 | Actor Loss: -0.0025 | Critic Loss: 0.0265 | Grad Norm: 1.5224 | Clipped: 4/4
Epoch [869/4000] | Avg Makespan: 326.73 | Actor Loss: -0.0068 | Critic Loss: 0.0474 | Grad Norm: 1.9377 | Clipped: 4/4
Epoch [870/4000] | Avg Makespan: 343.02 | Actor Loss: -0.0025 | Critic Loss: 0.1235 | Grad Norm: 7.9456 | Clipped: 4/4
Epoch [871/4000] | Avg Makespan: 341.28 | Actor Loss: 0.0001 | Critic Loss: 0.0817 | Grad Norm: 2.3728 | Clipped: 4/4
Epoch [872/4000] | Avg Makespan: 339.91 | Actor Loss: 0.0004 | Critic Loss: 0.0569 | Grad Norm: 2.1477 | Clipped: 4/4
Epoch [873/4000] | Avg Makespan: 326.72 | Actor Loss: 0.0005 | Critic Loss: 0.0543 | Grad Norm: 1.9008 | Clipped: 4/4
Epoch [874/4000] | Avg Makespan: 355.94 | Actor Loss: 0.0096 | Critic Loss: 0.1651 | Grad Norm: 2.2324 | Clipped: 4/4
Epoch [875/4000] | Avg Makespan: 325.73 | Actor Loss: -0.0091 | Critic Loss: 0.0481 | Grad Norm: 1.6544 | Clipped: 4/4
Epoch [876/4000] | Avg Makespan: 320.66 | Actor Loss: -0.0049 | Critic Loss: 0.0656 | Grad Norm: 1.8378 | Clipped: 4/4
Epoch [877/4000] | Avg Makespan: 345.58 | Actor Loss: 0.0000 | Critic Loss: 0.2974 | Grad Norm: 2.0067 | Clipped: 4/4
Epoch [878/4000] | Avg Makespan: 346.65 | Actor Loss: -0.0078 | Critic Loss: 0.1555 | Grad Norm: 1.7674 | Clipped: 4/4
Epoch [879/4000] | Avg Makespan: 322.01 | Actor Loss: -0.0068 | Critic Loss: 0.0467 | Grad Norm: 1.4515 | Clipped: 4/4
Epoch [880/4000] | Avg Makespan: 326.16 | Actor Loss: -0.0072 | Critic Loss: 0.0485 | Grad Norm: 1.3010 | Clipped: 3/4
Epoch [881/4000] | Avg Makespan: 327.25 | Actor Loss: 0.0008 | Critic Loss: 0.0513 | Grad Norm: 3.2135 | Clipped: 4/4
Epoch [882/4000] | Avg Makespan: 323.03 | Actor Loss: 0.0014 | Critic Loss: 0.0350 | Grad Norm: 3.3640 | Clipped: 4/4
Epoch [883/4000] | Avg Makespan: 326.73 | Actor Loss: -0.0025 | Critic Loss: 0.0351 | Grad Norm: 1.9447 | Clipped: 4/4
Epoch [884/4000] | Avg Makespan: 343.63 | Actor Loss: 0.0011 | Critic Loss: 0.2114 | Grad Norm: 2.5183 | Clipped: 4/4
Epoch [885/4000] | Avg Makespan: 330.36 | Actor Loss: 0.0046 | Critic Loss: 0.0551 | Grad Norm: 5.5457 | Clipped: 4/4
Epoch [886/4000] | Avg Makespan: 319.68 | Actor Loss: -0.0061 | Critic Loss: 0.1097 | Grad Norm: 2.1364 | Clipped: 4/4
Epoch [887/4000] | Avg Makespan: 328.59 | Actor Loss: -0.0086 | Critic Loss: 0.1054 | Grad Norm: 1.3206 | Clipped: 3/4
Epoch [888/4000] | Avg Makespan: 340.11 | Actor Loss: -0.0001 | Critic Loss: 0.1083 | Grad Norm: 2.6852 | Clipped: 4/4
Epoch [889/4000] | Avg Makespan: 336.29 | Actor Loss: -0.0032 | Critic Loss: 0.1931 | Grad Norm: 3.2735 | Clipped: 4/4
Epoch [890/4000] | Avg Makespan: 338.50 | Actor Loss: -0.0062 | Critic Loss: 0.1101 | Grad Norm: 2.9085 | Clipped: 4/4
Epoch [891/4000] | Avg Makespan: 329.73 | Actor Loss: -0.0073 | Critic Loss: 0.0614 | Grad Norm: 2.7848 | Clipped: 4/4
Epoch [892/4000] | Avg Makespan: 318.87 | Actor Loss: -0.0064 | Critic Loss: 0.0672 | Grad Norm: 1.9128 | Clipped: 4/4
Epoch [893/4000] | Avg Makespan: 321.89 | Actor Loss: -0.0034 | Critic Loss: 0.0634 | Grad Norm: 2.8786 | Clipped: 4/4
Epoch [894/4000] | Avg Makespan: 325.40 | Actor Loss: -0.0026 | Critic Loss: 0.0421 | Grad Norm: 2.6237 | Clipped: 4/4
Epoch [895/4000] | Avg Makespan: 338.35 | Actor Loss: -0.0026 | Critic Loss: 0.1242 | Grad Norm: 2.5029 | Clipped: 4/4
Epoch [896/4000] | Avg Makespan: 330.71 | Actor Loss: -0.0074 | Critic Loss: 0.0194 | Grad Norm: 2.4461 | Clipped: 4/4
Epoch [897/4000] | Avg Makespan: 340.12 | Actor Loss: -0.0051 | Critic Loss: 0.1164 | Grad Norm: 1.8098 | Clipped: 4/4
Epoch [898/4000] | Avg Makespan: 338.36 | Actor Loss: -0.0098 | Critic Loss: 0.0907 | Grad Norm: 1.2517 | Clipped: 3/4
Epoch [899/4000] | Avg Makespan: 332.95 | Actor Loss: -0.0064 | Critic Loss: 0.0512 | Grad Norm: 1.4969 | Clipped: 4/4
Epoch [900/4000] | Avg Makespan: 336.64 | Actor Loss: -0.0095 | Critic Loss: 0.0580 | Grad Norm: 1.7060 | Clipped: 4/4
   -> Validation | Samples: 280 | Makespan: 451.87 | Invalid Jobs: 0.01 | Score: 459.01
   -> Saved updated training chart to /home/wei/Desktop/AMR-DFJSP/runs/20260825_013759_v10_F_s42/chart.png
Epoch [901/4000] | Avg Makespan: 321.63 | Actor Loss: -0.0086 | Critic Loss: 0.0851 | Grad Norm: 1.9392 | Clipped: 4/4
Epoch [902/4000] | Avg Makespan: 317.08 | Actor Loss: -0.0068 | Critic Loss: 0.0356 | Grad Norm: 1.2471 | Clipped: 4/4
Epoch [903/4000] | Avg Makespan: 340.44 | Actor Loss: -0.0044 | Critic Loss: 0.1875 | Grad Norm: 2.0097 | Clipped: 4/4
Epoch [904/4000] | Avg Makespan: 321.24 | Actor Loss: -0.0026 | Critic Loss: 0.0370 | Grad Norm: 2.5686 | Clipped: 4/4
Epoch [905/4000] | Avg Makespan: 320.94 | Actor Loss: 0.0037 | Critic Loss: 0.0409 | Grad Norm: 3.2848 | Clipped: 4/4
Epoch [906/4000] | Avg Makespan: 336.55 | Actor Loss: -0.0067 | Critic Loss: 0.2577 | Grad Norm: 2.5860 | Clipped: 3/4
Epoch [907/4000] | Avg Makespan: 337.11 | Actor Loss: -0.0080 | Critic Loss: 0.0325 | Grad Norm: 1.3829 | Clipped: 4/4
Epoch [908/4000] | Avg Makespan: 342.84 | Actor Loss: -0.0067 | Critic Loss: 0.3165 | Grad Norm: 1.6130 | Clipped: 4/4
Epoch [909/4000] | Avg Makespan: 335.83 | Actor Loss: -0.0094 | Critic Loss: 0.1262 | Grad Norm: 1.4161 | Clipped: 4/4
Epoch [910/4000] | Avg Makespan: 332.31 | Actor Loss: -0.0057 | Critic Loss: 0.1446 | Grad Norm: 2.3935 | Clipped: 4/4
Epoch [911/4000] | Avg Makespan: 335.13 | Actor Loss: -0.0045 | Critic Loss: 0.0894 | Grad Norm: 2.2783 | Clipped: 4/4
Epoch [912/4000] | Avg Makespan: 340.36 | Actor Loss: -0.0038 | Critic Loss: 0.1026 | Grad Norm: 1.6130 | Clipped: 3/4
Epoch [913/4000] | Avg Makespan: 322.71 | Actor Loss: -0.0048 | Critic Loss: 0.0749 | Grad Norm: 2.1650 | Clipped: 4/4
Epoch [914/4000] | Avg Makespan: 319.65 | Actor Loss: -0.0009 | Critic Loss: 0.0463 | Grad Norm: 4.2270 | Clipped: 4/4
Epoch [915/4000] | Avg Makespan: 327.38 | Actor Loss: -0.0095 | Critic Loss: 0.0628 | Grad Norm: 1.7882 | Clipped: 4/4
Epoch [916/4000] | Avg Makespan: 332.70 | Actor Loss: -0.0066 | Critic Loss: 0.1466 | Grad Norm: 1.8571 | Clipped: 4/4
Epoch [917/4000] | Avg Makespan: 340.75 | Actor Loss: -0.0072 | Critic Loss: 0.1104 | Grad Norm: 1.2601 | Clipped: 4/4
Epoch [918/4000] | Avg Makespan: 335.52 | Actor Loss: -0.0070 | Critic Loss: 0.0873 | Grad Norm: 1.4286 | Clipped: 4/4
Epoch [919/4000] | Avg Makespan: 325.10 | Actor Loss: -0.0070 | Critic Loss: 0.0705 | Grad Norm: 1.8588 | Clipped: 4/4
Epoch [920/4000] | Avg Makespan: 337.38 | Actor Loss: -0.0098 | Critic Loss: 0.0421 | Grad Norm: 1.3047 | Clipped: 3/4
Epoch [921/4000] | Avg Makespan: 338.07 | Actor Loss: -0.0065 | Critic Loss: 0.0712 | Grad Norm: 1.5610 | Clipped: 4/4
Epoch [922/4000] | Avg Makespan: 344.23 | Actor Loss: -0.0092 | Critic Loss: 0.2225 | Grad Norm: 1.4518 | Clipped: 2/4
Epoch [923/4000] | Avg Makespan: 330.31 | Actor Loss: -0.0035 | Critic Loss: 0.0521 | Grad Norm: 2.1792 | Clipped: 4/4
Epoch [924/4000] | Avg Makespan: 344.34 | Actor Loss: -0.0068 | Critic Loss: 0.1794 | Grad Norm: 1.7843 | Clipped: 4/4
Epoch [925/4000] | Avg Makespan: 335.68 | Actor Loss: -0.0001 | Critic Loss: 0.1004 | Grad Norm: 1.8361 | Clipped: 4/4
Epoch [926/4000] | Avg Makespan: 327.45 | Actor Loss: -0.0030 | Critic Loss: 0.1101 | Grad Norm: 2.0842 | Clipped: 4/4
Epoch [927/4000] | Avg Makespan: 342.84 | Actor Loss: -0.0056 | Critic Loss: 0.1608 | Grad Norm: 1.7145 | Clipped: 4/4
Epoch [928/4000] | Avg Makespan: 347.92 | Actor Loss: -0.0068 | Critic Loss: 0.1051 | Grad Norm: 1.9515 | Clipped: 4/4
Epoch [929/4000] | Avg Makespan: 327.11 | Actor Loss: -0.0011 | Critic Loss: 0.0799 | Grad Norm: 1.7277 | Clipped: 4/4
Epoch [930/4000] | Avg Makespan: 338.20 | Actor Loss: -0.0033 | Critic Loss: 0.0854 | Grad Norm: 1.9764 | Clipped: 4/4
Epoch [931/4000] | Avg Makespan: 331.46 | Actor Loss: -0.0057 | Critic Loss: 0.0645 | Grad Norm: 2.0362 | Clipped: 4/4
Epoch [932/4000] | Avg Makespan: 331.14 | Actor Loss: -0.0088 | Critic Loss: 0.0307 | Grad Norm: 1.0802 | Clipped: 2/4
Epoch [933/4000] | Avg Makespan: 332.21 | Actor Loss: -0.0096 | Critic Loss: 0.1144 | Grad Norm: 1.6468 | Clipped: 4/4
Epoch [934/4000] | Avg Makespan: 336.29 | Actor Loss: -0.0064 | Critic Loss: 0.0929 | Grad Norm: 1.4211 | Clipped: 4/4
Epoch [935/4000] | Avg Makespan: 336.99 | Actor Loss: -0.0063 | Critic Loss: 0.1013 | Grad Norm: 3.1687 | Clipped: 4/4
Epoch [936/4000] | Avg Makespan: 323.81 | Actor Loss: -0.0063 | Critic Loss: 0.0617 | Grad Norm: 1.6544 | Clipped: 4/4
Epoch [937/4000] | Avg Makespan: 346.28 | Actor Loss: -0.0040 | Critic Loss: 0.1201 | Grad Norm: 2.4720 | Clipped: 4/4
Epoch [938/4000] | Avg Makespan: 336.66 | Actor Loss: -0.0058 | Critic Loss: 0.0582 | Grad Norm: 2.1616 | Clipped: 4/4
Epoch [939/4000] | Avg Makespan: 330.11 | Actor Loss: -0.0066 | Critic Loss: 0.0937 | Grad Norm: 1.9027 | Clipped: 4/4
Epoch [940/4000] | Avg Makespan: 337.15 | Actor Loss: -0.0088 | Critic Loss: 0.1771 | Grad Norm: 1.5267 | Clipped: 2/4
Epoch [941/4000] | Avg Makespan: 324.76 | Actor Loss: -0.0095 | Critic Loss: 0.0418 | Grad Norm: 1.2183 | Clipped: 4/4
Epoch [942/4000] | Avg Makespan: 325.77 | Actor Loss: -0.0050 | Critic Loss: 0.0609 | Grad Norm: 1.2721 | Clipped: 3/4
Epoch [943/4000] | Avg Makespan: 326.99 | Actor Loss: -0.0020 | Critic Loss: 0.0250 | Grad Norm: 2.7954 | Clipped: 4/4
Epoch [944/4000] | Avg Makespan: 311.43 | Actor Loss: -0.0066 | Critic Loss: 0.0316 | Grad Norm: 1.0256 | Clipped: 3/4
Epoch [945/4000] | Avg Makespan: 317.49 | Actor Loss: -0.0084 | Critic Loss: 0.0427 | Grad Norm: 1.5111 | Clipped: 3/4
Epoch [946/4000] | Avg Makespan: 329.01 | Actor Loss: -0.0059 | Critic Loss: 0.1549 | Grad Norm: 1.6730 | Clipped: 4/4
Epoch [947/4000] | Avg Makespan: 336.63 | Actor Loss: -0.0092 | Critic Loss: 0.0505 | Grad Norm: 1.7932 | Clipped: 4/4
Epoch [948/4000] | Avg Makespan: 331.46 | Actor Loss: -0.0028 | Critic Loss: 0.0902 | Grad Norm: 1.6854 | Clipped: 4/4
Epoch [949/4000] | Avg Makespan: 335.78 | Actor Loss: 0.0034 | Critic Loss: 0.1477 | Grad Norm: 2.8259 | Clipped: 4/4
Epoch [950/4000] | Avg Makespan: 333.47 | Actor Loss: -0.0053 | Critic Loss: 0.2237 | Grad Norm: 1.9397 | Clipped: 4/4
Epoch [951/4000] | Avg Makespan: 329.96 | Actor Loss: -0.0042 | Critic Loss: 0.0886 | Grad Norm: 2.1783 | Clipped: 4/4
Epoch [952/4000] | Avg Makespan: 331.41 | Actor Loss: -0.0073 | Critic Loss: 0.0547 | Grad Norm: 1.5634 | Clipped: 4/4
Epoch [953/4000] | Avg Makespan: 321.13 | Actor Loss: -0.0073 | Critic Loss: 0.0361 | Grad Norm: 1.6109 | Clipped: 4/4
Epoch [954/4000] | Avg Makespan: 316.07 | Actor Loss: -0.0063 | Critic Loss: 0.0188 | Grad Norm: 1.6267 | Clipped: 3/4
Epoch [955/4000] | Avg Makespan: 327.81 | Actor Loss: -0.0063 | Critic Loss: 0.0595 | Grad Norm: 1.6118 | Clipped: 4/4
Epoch [956/4000] | Avg Makespan: 325.77 | Actor Loss: -0.0016 | Critic Loss: 0.0197 | Grad Norm: 2.2032 | Clipped: 4/4
Epoch [957/4000] | Avg Makespan: 321.12 | Actor Loss: -0.0075 | Critic Loss: 0.0495 | Grad Norm: 1.1773 | Clipped: 2/4
Epoch [958/4000] | Avg Makespan: 317.67 | Actor Loss: -0.0060 | Critic Loss: 0.0538 | Grad Norm: 2.0949 | Clipped: 4/4
Epoch [959/4000] | Avg Makespan: 336.01 | Actor Loss: -0.0047 | Critic Loss: 0.1746 | Grad Norm: 2.1402 | Clipped: 4/4
Epoch [960/4000] | Avg Makespan: 317.03 | Actor Loss: -0.0031 | Critic Loss: 0.0267 | Grad Norm: 2.8891 | Clipped: 4/4
Epoch [961/4000] | Avg Makespan: 329.76 | Actor Loss: -0.0076 | Critic Loss: 0.1115 | Grad Norm: 1.5662 | Clipped: 4/4
Epoch [962/4000] | Avg Makespan: 328.21 | Actor Loss: -0.0072 | Critic Loss: 0.1111 | Grad Norm: 1.1616 | Clipped: 4/4
Epoch [963/4000] | Avg Makespan: 324.70 | Actor Loss: -0.0091 | Critic Loss: 0.0868 | Grad Norm: 1.1316 | Clipped: 3/4
Epoch [964/4000] | Avg Makespan: 326.89 | Actor Loss: -0.0072 | Critic Loss: 0.0683 | Grad Norm: 1.0612 | Clipped: 2/4
Epoch [965/4000] | Avg Makespan: 333.62 | Actor Loss: -0.0087 | Critic Loss: 0.0907 | Grad Norm: 1.5756 | Clipped: 4/4
Epoch [966/4000] | Avg Makespan: 319.17 | Actor Loss: -0.0069 | Critic Loss: 0.0779 | Grad Norm: 2.0677 | Clipped: 4/4
Epoch [967/4000] | Avg Makespan: 331.84 | Actor Loss: -0.0089 | Critic Loss: 0.0428 | Grad Norm: 1.2524 | Clipped: 4/4
Epoch [968/4000] | Avg Makespan: 315.73 | Actor Loss: -0.0071 | Critic Loss: 0.0381 | Grad Norm: 1.3308 | Clipped: 3/4
Epoch [969/4000] | Avg Makespan: 316.37 | Actor Loss: -0.0055 | Critic Loss: 0.0761 | Grad Norm: 1.7711 | Clipped: 4/4
Epoch [970/4000] | Avg Makespan: 326.40 | Actor Loss: -0.0002 | Critic Loss: 0.0525 | Grad Norm: 1.9550 | Clipped: 4/4
Epoch [971/4000] | Avg Makespan: 315.94 | Actor Loss: -0.0069 | Critic Loss: 0.0291 | Grad Norm: 1.4375 | Clipped: 4/4
Epoch [972/4000] | Avg Makespan: 324.19 | Actor Loss: -0.0044 | Critic Loss: 0.0421 | Grad Norm: 1.4403 | Clipped: 3/4
Epoch [973/4000] | Avg Makespan: 318.49 | Actor Loss: -0.0080 | Critic Loss: 0.0705 | Grad Norm: 1.3230 | Clipped: 3/4
Epoch [974/4000] | Avg Makespan: 312.52 | Actor Loss: -0.0096 | Critic Loss: 0.0430 | Grad Norm: 1.4061 | Clipped: 3/4
Epoch [975/4000] | Avg Makespan: 324.64 | Actor Loss: -0.0072 | Critic Loss: 0.0386 | Grad Norm: 1.3942 | Clipped: 4/4
Epoch [976/4000] | Avg Makespan: 328.78 | Actor Loss: -0.0067 | Critic Loss: 0.0935 | Grad Norm: 1.4282 | Clipped: 4/4
Epoch [977/4000] | Avg Makespan: 335.55 | Actor Loss: -0.0092 | Critic Loss: 0.0697 | Grad Norm: 1.5076 | Clipped: 4/4
Epoch [978/4000] | Avg Makespan: 330.61 | Actor Loss: -0.0064 | Critic Loss: 0.1224 | Grad Norm: 1.2989 | Clipped: 3/4
Epoch [979/4000] | Avg Makespan: 318.55 | Actor Loss: -0.0067 | Critic Loss: 0.1183 | Grad Norm: 1.4957 | Clipped: 4/4
Epoch [980/4000] | Avg Makespan: 321.12 | Actor Loss: -0.0053 | Critic Loss: 0.0502 | Grad Norm: 1.4055 | Clipped: 4/4
Epoch [981/4000] | Avg Makespan: 335.55 | Actor Loss: -0.0039 | Critic Loss: 0.2028 | Grad Norm: 1.4145 | Clipped: 4/4
Epoch [982/4000] | Avg Makespan: 325.25 | Actor Loss: -0.0051 | Critic Loss: 0.0451 | Grad Norm: 2.1593 | Clipped: 4/4
Epoch [983/4000] | Avg Makespan: 323.24 | Actor Loss: -0.0065 | Critic Loss: 0.0944 | Grad Norm: 1.6143 | Clipped: 4/4
Epoch [984/4000] | Avg Makespan: 338.06 | Actor Loss: -0.0086 | Critic Loss: 0.0816 | Grad Norm: 1.3144 | Clipped: 4/4
Epoch [985/4000] | Avg Makespan: 337.95 | Actor Loss: -0.0042 | Critic Loss: 0.1103 | Grad Norm: 1.7209 | Clipped: 4/4
Epoch [986/4000] | Avg Makespan: 316.24 | Actor Loss: -0.0055 | Critic Loss: 0.0682 | Grad Norm: 1.2008 | Clipped: 3/4
Epoch [987/4000] | Avg Makespan: 330.65 | Actor Loss: -0.0086 | Critic Loss: 0.0827 | Grad Norm: 1.6411 | Clipped: 4/4
Epoch [988/4000] | Avg Makespan: 325.04 | Actor Loss: -0.0081 | Critic Loss: 0.0933 | Grad Norm: 1.4477 | Clipped: 4/4
Epoch [989/4000] | Avg Makespan: 338.65 | Actor Loss: -0.0081 | Critic Loss: 0.1529 | Grad Norm: 1.3140 | Clipped: 4/4
Epoch [990/4000] | Avg Makespan: 335.69 | Actor Loss: -0.0077 | Critic Loss: 0.1529 | Grad Norm: 1.5789 | Clipped: 4/4
Epoch [991/4000] | Avg Makespan: 330.13 | Actor Loss: -0.0083 | Critic Loss: 0.0926 | Grad Norm: 1.4577 | Clipped: 4/4
Epoch [992/4000] | Avg Makespan: 310.79 | Actor Loss: -0.0073 | Critic Loss: 0.1227 | Grad Norm: 1.3314 | Clipped: 4/4
Epoch [993/4000] | Avg Makespan: 315.63 | Actor Loss: -0.0081 | Critic Loss: 0.0559 | Grad Norm: 1.3036 | Clipped: 3/4
Epoch [994/4000] | Avg Makespan: 325.25 | Actor Loss: -0.0080 | Critic Loss: 0.0928 | Grad Norm: 1.5040 | Clipped: 3/4
Epoch [995/4000] | Avg Makespan: 329.95 | Actor Loss: -0.0101 | Critic Loss: 0.0666 | Grad Norm: 1.5682 | Clipped: 4/4
Epoch [996/4000] | Avg Makespan: 337.53 | Actor Loss: -0.0025 | Critic Loss: 0.2982 | Grad Norm: 1.8092 | Clipped: 4/4
Epoch [997/4000] | Avg Makespan: 320.23 | Actor Loss: -0.0026 | Critic Loss: 0.0835 | Grad Norm: 1.6603 | Clipped: 4/4
Epoch [998/4000] | Avg Makespan: 331.87 | Actor Loss: -0.0060 | Critic Loss: 0.2819 | Grad Norm: 1.6552 | Clipped: 4/4
Epoch [999/4000] | Avg Makespan: 316.56 | Actor Loss: -0.0022 | Critic Loss: 0.0645 | Grad Norm: 1.6292 | Clipped: 4/4
Epoch [1000/4000] | Avg Makespan: 317.88 | Actor Loss: 0.0038 | Critic Loss: 0.0656 | Grad Norm: 2.1378 | Clipped: 4/4
   -> Validation | Samples: 280 | Makespan: 444.30 | Invalid Jobs: 0.01 | Score: 451.44
   -> Saved new best model (Val Psi-hat mean of last 5: 421.15; this eval 415.01)
   -> Saved updated training chart to /home/wei/Desktop/AMR-DFJSP/runs/20260825_013759_v10_F_s42/chart.png
Epoch [1001/4000] | Avg Makespan: 317.63 | Actor Loss: -0.0054 | Critic Loss: 0.1498 | Grad Norm: 1.4312 | Clipped: 4/4
Epoch [1002/4000] | Avg Makespan: 343.55 | Actor Loss: -0.0046 | Critic Loss: 0.1702 | Grad Norm: 1.4934 | Clipped: 4/4
Epoch [1003/4000] | Avg Makespan: 316.14 | Actor Loss: -0.0078 | Critic Loss: 0.0658 | Grad Norm: 1.5722 | Clipped: 4/4
Epoch [1004/4000] | Avg Makespan: 332.83 | Actor Loss: -0.0072 | Critic Loss: 0.1876 | Grad Norm: 1.3440 | Clipped: 4/4
Epoch [1005/4000] | Avg Makespan: 325.05 | Actor Loss: 0.0028 | Critic Loss: 0.0372 | Grad Norm: 2.3991 | Clipped: 4/4
Epoch [1006/4000] | Avg Makespan: 325.45 | Actor Loss: 0.0014 | Critic Loss: 0.0340 | Grad Norm: 2.3581 | Clipped: 4/4
Epoch [1007/4000] | Avg Makespan: 321.27 | Actor Loss: -0.0075 | Critic Loss: 0.0674 | Grad Norm: 1.3709 | Clipped: 3/4
Epoch [1008/4000] | Avg Makespan: 319.73 | Actor Loss: -0.0029 | Critic Loss: 0.0355 | Grad Norm: 1.5568 | Clipped: 4/4
Epoch [1009/4000] | Avg Makespan: 317.00 | Actor Loss: -0.0035 | Critic Loss: 0.0186 | Grad Norm: 1.5902 | Clipped: 4/4
Epoch [1010/4000] | Avg Makespan: 324.71 | Actor Loss: -0.0034 | Critic Loss: 0.0494 | Grad Norm: 1.5469 | Clipped: 4/4
Epoch [1011/4000] | Avg Makespan: 308.42 | Actor Loss: -0.0058 | Critic Loss: 0.0614 | Grad Norm: 1.5959 | Clipped: 4/4
Epoch [1012/4000] | Avg Makespan: 351.04 | Actor Loss: -0.0057 | Critic Loss: 0.4034 | Grad Norm: 1.3531 | Clipped: 4/4
Epoch [1013/4000] | Avg Makespan: 329.03 | Actor Loss: -0.0067 | Critic Loss: 0.0368 | Grad Norm: 1.3809 | Clipped: 4/4
Epoch [1014/4000] | Avg Makespan: 340.34 | Actor Loss: -0.0050 | Critic Loss: 0.0898 | Grad Norm: 1.3021 | Clipped: 4/4
Epoch [1015/4000] | Avg Makespan: 321.62 | Actor Loss: -0.0070 | Critic Loss: 0.1492 | Grad Norm: 1.2268 | Clipped: 3/4
Epoch [1016/4000] | Avg Makespan: 334.69 | Actor Loss: -0.0073 | Critic Loss: 0.0425 | Grad Norm: 0.8998 | Clipped: 1/4
Epoch [1017/4000] | Avg Makespan: 331.43 | Actor Loss: -0.0067 | Critic Loss: 0.0652 | Grad Norm: 0.9393 | Clipped: 1/4
Epoch [1018/4000] | Avg Makespan: 320.91 | Actor Loss: -0.0054 | Critic Loss: 0.0711 | Grad Norm: 1.1965 | Clipped: 3/4
Epoch [1019/4000] | Avg Makespan: 330.92 | Actor Loss: 0.0004 | Critic Loss: 0.0511 | Grad Norm: 2.2047 | Clipped: 4/4
Epoch [1020/4000] | Avg Makespan: 318.79 | Actor Loss: -0.0058 | Critic Loss: 0.0598 | Grad Norm: 1.2931 | Clipped: 3/4
Epoch [1021/4000] | Avg Makespan: 344.07 | Actor Loss: -0.0054 | Critic Loss: 0.1970 | Grad Norm: 1.7762 | Clipped: 4/4
Epoch [1022/4000] | Avg Makespan: 328.95 | Actor Loss: -0.0058 | Critic Loss: 0.0237 | Grad Norm: 1.6405 | Clipped: 3/4
Epoch [1023/4000] | Avg Makespan: 338.06 | Actor Loss: -0.0021 | Critic Loss: 0.1962 | Grad Norm: 1.7535 | Clipped: 4/4
Epoch [1024/4000] | Avg Makespan: 326.68 | Actor Loss: -0.0049 | Critic Loss: 0.1434 | Grad Norm: 1.5221 | Clipped: 4/4
Epoch [1025/4000] | Avg Makespan: 333.65 | Actor Loss: -0.0074 | Critic Loss: 0.0944 | Grad Norm: 1.9046 | Clipped: 3/4
Epoch [1026/4000] | Avg Makespan: 325.95 | Actor Loss: -0.0054 | Critic Loss: 0.0465 | Grad Norm: 1.4362 | Clipped: 4/4
Epoch [1027/4000] | Avg Makespan: 322.39 | Actor Loss: -0.0042 | Critic Loss: 0.0394 | Grad Norm: 1.3216 | Clipped: 4/4
Epoch [1028/4000] | Avg Makespan: 315.60 | Actor Loss: -0.0046 | Critic Loss: 0.0804 | Grad Norm: 1.7439 | Clipped: 4/4
Epoch [1029/4000] | Avg Makespan: 322.11 | Actor Loss: -0.0067 | Critic Loss: 0.0543 | Grad Norm: 1.5231 | Clipped: 4/4
Epoch [1030/4000] | Avg Makespan: 324.82 | Actor Loss: -0.0070 | Critic Loss: 0.0423 | Grad Norm: 1.6314 | Clipped: 4/4
Epoch [1031/4000] | Avg Makespan: 319.98 | Actor Loss: -0.0067 | Critic Loss: 0.0270 | Grad Norm: 1.2374 | Clipped: 4/4
Epoch [1032/4000] | Avg Makespan: 326.03 | Actor Loss: -0.0023 | Critic Loss: 0.0269 | Grad Norm: 1.4014 | Clipped: 4/4
Epoch [1033/4000] | Avg Makespan: 326.69 | Actor Loss: -0.0065 | Critic Loss: 0.0592 | Grad Norm: 1.3083 | Clipped: 4/4
Epoch [1034/4000] | Avg Makespan: 333.15 | Actor Loss: -0.0036 | Critic Loss: 0.1418 | Grad Norm: 1.5749 | Clipped: 4/4
Epoch [1035/4000] | Avg Makespan: 322.37 | Actor Loss: -0.0039 | Critic Loss: 0.0661 | Grad Norm: 1.0303 | Clipped: 2/4
Epoch [1036/4000] | Avg Makespan: 324.24 | Actor Loss: -0.0065 | Critic Loss: 0.0770 | Grad Norm: 1.1948 | Clipped: 3/4
Epoch [1037/4000] | Avg Makespan: 332.01 | Actor Loss: -0.0092 | Critic Loss: 0.1040 | Grad Norm: 1.5570 | Clipped: 4/4
Epoch [1038/4000] | Avg Makespan: 335.40 | Actor Loss: -0.0069 | Critic Loss: 0.1153 | Grad Norm: 0.9382 | Clipped: 2/4
Epoch [1039/4000] | Avg Makespan: 322.56 | Actor Loss: -0.0041 | Critic Loss: 0.0949 | Grad Norm: 1.1169 | Clipped: 2/4
Epoch [1040/4000] | Avg Makespan: 326.86 | Actor Loss: -0.0076 | Critic Loss: 0.1410 | Grad Norm: 1.3571 | Clipped: 4/4
Epoch [1041/4000] | Avg Makespan: 328.30 | Actor Loss: -0.0070 | Critic Loss: 0.1256 | Grad Norm: 1.1504 | Clipped: 3/4
Epoch [1042/4000] | Avg Makespan: 330.95 | Actor Loss: -0.0045 | Critic Loss: 0.2175 | Grad Norm: 1.7859 | Clipped: 4/4
Epoch [1043/4000] | Avg Makespan: 328.07 | Actor Loss: -0.0062 | Critic Loss: 0.0523 | Grad Norm: 1.2393 | Clipped: 2/4
Epoch [1044/4000] | Avg Makespan: 335.00 | Actor Loss: -0.0057 | Critic Loss: 0.1233 | Grad Norm: 1.6709 | Clipped: 4/4
Epoch [1045/4000] | Avg Makespan: 328.05 | Actor Loss: -0.0046 | Critic Loss: 0.1018 | Grad Norm: 1.5744 | Clipped: 4/4
Epoch [1046/4000] | Avg Makespan: 356.16 | Actor Loss: -0.0069 | Critic Loss: 0.3108 | Grad Norm: 1.6087 | Clipped: 4/4
Epoch [1047/4000] | Avg Makespan: 348.06 | Actor Loss: -0.0077 | Critic Loss: 0.1022 | Grad Norm: 1.4551 | Clipped: 3/4
Epoch [1048/4000] | Avg Makespan: 336.90 | Actor Loss: -0.0055 | Critic Loss: 0.0935 | Grad Norm: 1.8470 | Clipped: 4/4
Epoch [1049/4000] | Avg Makespan: 320.13 | Actor Loss: -0.0046 | Critic Loss: 0.1410 | Grad Norm: 1.9767 | Clipped: 3/4
Epoch [1050/4000] | Avg Makespan: 332.90 | Actor Loss: 0.0027 | Critic Loss: 0.0885 | Grad Norm: 2.0561 | Clipped: 4/4
Epoch [1051/4000] | Avg Makespan: 321.78 | Actor Loss: -0.0025 | Critic Loss: 0.1887 | Grad Norm: 2.0135 | Clipped: 4/4
Epoch [1052/4000] | Avg Makespan: 324.76 | Actor Loss: -0.0050 | Critic Loss: 0.0703 | Grad Norm: 1.5012 | Clipped: 2/4
Epoch [1053/4000] | Avg Makespan: 307.75 | Actor Loss: -0.0031 | Critic Loss: 0.0455 | Grad Norm: 1.7869 | Clipped: 4/4
Epoch [1054/4000] | Avg Makespan: 326.42 | Actor Loss: -0.0045 | Critic Loss: 0.0883 | Grad Norm: 1.6951 | Clipped: 4/4
Epoch [1055/4000] | Avg Makespan: 322.36 | Actor Loss: -0.0008 | Critic Loss: 0.0285 | Grad Norm: 1.5364 | Clipped: 4/4
Epoch [1056/4000] | Avg Makespan: 309.82 | Actor Loss: -0.0095 | Critic Loss: 0.0660 | Grad Norm: 1.3434 | Clipped: 3/4
Epoch [1057/4000] | Avg Makespan: 324.79 | Actor Loss: -0.0076 | Critic Loss: 0.0706 | Grad Norm: 1.3281 | Clipped: 4/4
Epoch [1058/4000] | Avg Makespan: 335.64 | Actor Loss: -0.0082 | Critic Loss: 0.2299 | Grad Norm: 1.2048 | Clipped: 4/4
Epoch [1059/4000] | Avg Makespan: 344.65 | Actor Loss: -0.0013 | Critic Loss: 0.3644 | Grad Norm: 1.8499 | Clipped: 4/4
Epoch [1060/4000] | Avg Makespan: 315.23 | Actor Loss: -0.0036 | Critic Loss: 0.1228 | Grad Norm: 1.8106 | Clipped: 4/4
Epoch [1061/4000] | Avg Makespan: 336.65 | Actor Loss: -0.0089 | Critic Loss: 0.1504 | Grad Norm: 1.2758 | Clipped: 3/4
Epoch [1062/4000] | Avg Makespan: 336.31 | Actor Loss: -0.0095 | Critic Loss: 0.0512 | Grad Norm: 1.1199 | Clipped: 3/4
Epoch [1063/4000] | Avg Makespan: 334.81 | Actor Loss: -0.0041 | Critic Loss: 0.0516 | Grad Norm: 1.6326 | Clipped: 4/4
Epoch [1064/4000] | Avg Makespan: 336.20 | Actor Loss: -0.0063 | Critic Loss: 0.1245 | Grad Norm: 1.4843 | Clipped: 4/4
Epoch [1065/4000] | Avg Makespan: 335.64 | Actor Loss: -0.0052 | Critic Loss: 0.0849 | Grad Norm: 1.7844 | Clipped: 4/4
Epoch [1066/4000] | Avg Makespan: 333.30 | Actor Loss: -0.0031 | Critic Loss: 0.1735 | Grad Norm: 2.0224 | Clipped: 4/4
Epoch [1067/4000] | Avg Makespan: 333.69 | Actor Loss: -0.0074 | Critic Loss: 0.1423 | Grad Norm: 1.3447 | Clipped: 4/4
Epoch [1068/4000] | Avg Makespan: 329.13 | Actor Loss: -0.0065 | Critic Loss: 0.1419 | Grad Norm: 1.1544 | Clipped: 3/4
Epoch [1069/4000] | Avg Makespan: 324.77 | Actor Loss: -0.0027 | Critic Loss: 0.0850 | Grad Norm: 1.4892 | Clipped: 3/4
Epoch [1070/4000] | Avg Makespan: 348.55 | Actor Loss: -0.0049 | Critic Loss: 0.2799 | Grad Norm: 1.9208 | Clipped: 4/4
Epoch [1071/4000] | Avg Makespan: 328.50 | Actor Loss: -0.0083 | Critic Loss: 0.1243 | Grad Norm: 1.1919 | Clipped: 3/4
Epoch [1072/4000] | Avg Makespan: 325.97 | Actor Loss: -0.0046 | Critic Loss: 0.0268 | Grad Norm: 1.2947 | Clipped: 4/4
Epoch [1073/4000] | Avg Makespan: 313.60 | Actor Loss: -0.0074 | Critic Loss: 0.0997 | Grad Norm: 1.4856 | Clipped: 4/4
Epoch [1074/4000] | Avg Makespan: 340.19 | Actor Loss: -0.0085 | Critic Loss: 0.3194 | Grad Norm: 1.2722 | Clipped: 4/4
Epoch [1075/4000] | Avg Makespan: 318.74 | Actor Loss: -0.0092 | Critic Loss: 0.1053 | Grad Norm: 0.9054 | Clipped: 1/4
Epoch [1076/4000] | Avg Makespan: 319.06 | Actor Loss: -0.0057 | Critic Loss: 0.0938 | Grad Norm: 1.2271 | Clipped: 3/4
Epoch [1077/4000] | Avg Makespan: 324.53 | Actor Loss: -0.0058 | Critic Loss: 0.0766 | Grad Norm: 1.2025 | Clipped: 3/4
Epoch [1078/4000] | Avg Makespan: 326.30 | Actor Loss: -0.0010 | Critic Loss: 0.1740 | Grad Norm: 2.3570 | Clipped: 4/4
Epoch [1079/4000] | Avg Makespan: 319.45 | Actor Loss: -0.0054 | Critic Loss: 0.0694 | Grad Norm: 1.7834 | Clipped: 4/4
Epoch [1080/4000] | Avg Makespan: 334.38 | Actor Loss: -0.0029 | Critic Loss: 0.1229 | Grad Norm: 1.9483 | Clipped: 4/4
Epoch [1081/4000] | Avg Makespan: 333.86 | Actor Loss: -0.0062 | Critic Loss: 0.1989 | Grad Norm: 1.9054 | Clipped: 4/4
Epoch [1082/4000] | Avg Makespan: 325.45 | Actor Loss: -0.0033 | Critic Loss: 0.0411 | Grad Norm: 1.3927 | Clipped: 3/4
Epoch [1083/4000] | Avg Makespan: 336.10 | Actor Loss: -0.0057 | Critic Loss: 0.2614 | Grad Norm: 1.9823 | Clipped: 4/4
Epoch [1084/4000] | Avg Makespan: 337.79 | Actor Loss: -0.0058 | Critic Loss: 0.0688 | Grad Norm: 1.8107 | Clipped: 4/4
Epoch [1085/4000] | Avg Makespan: 317.02 | Actor Loss: -0.0001 | Critic Loss: 0.0624 | Grad Norm: 1.8040 | Clipped: 4/4
Epoch [1086/4000] | Avg Makespan: 325.19 | Actor Loss: -0.0062 | Critic Loss: 0.0509 | Grad Norm: 1.4965 | Clipped: 4/4
Epoch [1087/4000] | Avg Makespan: 309.68 | Actor Loss: -0.0016 | Critic Loss: 0.0550 | Grad Norm: 2.2639 | Clipped: 4/4
Epoch [1088/4000] | Avg Makespan: 332.56 | Actor Loss: -0.0066 | Critic Loss: 0.0900 | Grad Norm: 1.6602 | Clipped: 4/4
Epoch [1089/4000] | Avg Makespan: 320.39 | Actor Loss: -0.0055 | Critic Loss: 0.0432 | Grad Norm: 1.4768 | Clipped: 4/4
Epoch [1090/4000] | Avg Makespan: 325.79 | Actor Loss: -0.0029 | Critic Loss: 0.0538 | Grad Norm: 2.4816 | Clipped: 4/4
Epoch [1091/4000] | Avg Makespan: 328.67 | Actor Loss: -0.0011 | Critic Loss: 0.0620 | Grad Norm: 1.6263 | Clipped: 4/4
Epoch [1092/4000] | Avg Makespan: 310.60 | Actor Loss: 0.0003 | Critic Loss: 0.0852 | Grad Norm: 2.1570 | Clipped: 4/4
Epoch [1093/4000] | Avg Makespan: 318.71 | Actor Loss: -0.0064 | Critic Loss: 0.0732 | Grad Norm: 1.8405 | Clipped: 4/4
Epoch [1094/4000] | Avg Makespan: 341.20 | Actor Loss: -0.0093 | Critic Loss: 0.2205 | Grad Norm: 1.0821 | Clipped: 2/4
Epoch [1095/4000] | Avg Makespan: 318.73 | Actor Loss: -0.0086 | Critic Loss: 0.0739 | Grad Norm: 1.5644 | Clipped: 4/4
Epoch [1096/4000] | Avg Makespan: 325.10 | Actor Loss: -0.0063 | Critic Loss: 0.0796 | Grad Norm: 1.4998 | Clipped: 4/4
Epoch [1097/4000] | Avg Makespan: 320.11 | Actor Loss: -0.0050 | Critic Loss: 0.0410 | Grad Norm: 1.9242 | Clipped: 4/4
Epoch [1098/4000] | Avg Makespan: 325.64 | Actor Loss: -0.0063 | Critic Loss: 0.0945 | Grad Norm: 1.7371 | Clipped: 4/4
Epoch [1099/4000] | Avg Makespan: 324.77 | Actor Loss: -0.0020 | Critic Loss: 0.1030 | Grad Norm: 1.9410 | Clipped: 4/4
Epoch [1100/4000] | Avg Makespan: 324.11 | Actor Loss: -0.0032 | Critic Loss: 0.1212 | Grad Norm: 1.7896 | Clipped: 4/4
   -> Validation | Samples: 280 | Makespan: 447.68 | Invalid Jobs: 0.01 | Score: 458.40
   -> Saved new best model (Val Psi-hat mean of last 5: 418.95; this eval 417.46)
   -> Saved updated training chart to /home/wei/Desktop/AMR-DFJSP/runs/20260825_013759_v10_F_s42/chart.png
Epoch [1101/4000] | Avg Makespan: 322.70 | Actor Loss: -0.0097 | Critic Loss: 0.1245 | Grad Norm: 1.5546 | Clipped: 4/4
Epoch [1102/4000] | Avg Makespan: 343.14 | Actor Loss: -0.0075 | Critic Loss: 0.2196 | Grad Norm: 1.9731 | Clipped: 4/4
Epoch [1103/4000] | Avg Makespan: 320.37 | Actor Loss: -0.0052 | Critic Loss: 0.0502 | Grad Norm: 1.5928 | Clipped: 3/4
Epoch [1104/4000] | Avg Makespan: 321.45 | Actor Loss: -0.0036 | Critic Loss: 0.0492 | Grad Norm: 1.7403 | Clipped: 4/4
Epoch [1105/4000] | Avg Makespan: 341.76 | Actor Loss: -0.0107 | Critic Loss: 0.1633 | Grad Norm: 1.3304 | Clipped: 3/4
Epoch [1106/4000] | Avg Makespan: 331.76 | Actor Loss: -0.0102 | Critic Loss: 0.0955 | Grad Norm: 1.2017 | Clipped: 4/4
Epoch [1107/4000] | Avg Makespan: 322.47 | Actor Loss: -0.0084 | Critic Loss: 0.2605 | Grad Norm: 1.2608 | Clipped: 4/4
Epoch [1108/4000] | Avg Makespan: 330.82 | Actor Loss: -0.0063 | Critic Loss: 0.0771 | Grad Norm: 1.3148 | Clipped: 3/4
Epoch [1109/4000] | Avg Makespan: 327.94 | Actor Loss: -0.0070 | Critic Loss: 0.0694 | Grad Norm: 1.4028 | Clipped: 4/4
Epoch [1110/4000] | Avg Makespan: 313.19 | Actor Loss: -0.0070 | Critic Loss: 0.0542 | Grad Norm: 1.1179 | Clipped: 2/4
Epoch [1111/4000] | Avg Makespan: 315.96 | Actor Loss: -0.0065 | Critic Loss: 0.0659 | Grad Norm: 1.3815 | Clipped: 3/4
Epoch [1112/4000] | Avg Makespan: 324.61 | Actor Loss: -0.0077 | Critic Loss: 0.0494 | Grad Norm: 1.6345 | Clipped: 4/4
Epoch [1113/4000] | Avg Makespan: 324.18 | Actor Loss: -0.0116 | Critic Loss: 0.0550 | Grad Norm: 1.2266 | Clipped: 3/4
Epoch [1114/4000] | Avg Makespan: 340.52 | Actor Loss: -0.0025 | Critic Loss: 0.1395 | Grad Norm: 2.5108 | Clipped: 4/4
Epoch [1115/4000] | Avg Makespan: 317.16 | Actor Loss: -0.0006 | Critic Loss: 0.0846 | Grad Norm: 1.9114 | Clipped: 4/4
Epoch [1116/4000] | Avg Makespan: 329.44 | Actor Loss: -0.0040 | Critic Loss: 0.0537 | Grad Norm: 1.7638 | Clipped: 3/4
Epoch [1117/4000] | Avg Makespan: 340.95 | Actor Loss: -0.0013 | Critic Loss: 0.1380 | Grad Norm: 1.6948 | Clipped: 4/4
Epoch [1118/4000] | Avg Makespan: 320.59 | Actor Loss: -0.0041 | Critic Loss: 0.1410 | Grad Norm: 1.4985 | Clipped: 3/4
Epoch [1119/4000] | Avg Makespan: 330.13 | Actor Loss: -0.0034 | Critic Loss: 0.0216 | Grad Norm: 1.9560 | Clipped: 4/4
Epoch [1120/4000] | Avg Makespan: 333.32 | Actor Loss: -0.0000 | Critic Loss: 0.1324 | Grad Norm: 1.8693 | Clipped: 4/4
Epoch [1121/4000] | Avg Makespan: 319.57 | Actor Loss: -0.0037 | Critic Loss: 0.0785 | Grad Norm: 2.0616 | Clipped: 4/4
Epoch [1122/4000] | Avg Makespan: 328.33 | Actor Loss: 0.0013 | Critic Loss: 0.1024 | Grad Norm: 2.0839 | Clipped: 4/4
Epoch [1123/4000] | Avg Makespan: 329.20 | Actor Loss: -0.0066 | Critic Loss: 0.0456 | Grad Norm: 1.2698 | Clipped: 3/4
Epoch [1124/4000] | Avg Makespan: 325.09 | Actor Loss: -0.0041 | Critic Loss: 0.0210 | Grad Norm: 2.1094 | Clipped: 4/4
Epoch [1125/4000] | Avg Makespan: 319.94 | Actor Loss: -0.0096 | Critic Loss: 0.0906 | Grad Norm: 1.3047 | Clipped: 3/4
Epoch [1126/4000] | Avg Makespan: 319.91 | Actor Loss: -0.0089 | Critic Loss: 0.0910 | Grad Norm: 1.2111 | Clipped: 4/4
Epoch [1127/4000] | Avg Makespan: 319.75 | Actor Loss: -0.0031 | Critic Loss: 0.0583 | Grad Norm: 1.9463 | Clipped: 4/4
Epoch [1128/4000] | Avg Makespan: 319.48 | Actor Loss: -0.0093 | Critic Loss: 0.0657 | Grad Norm: 1.2794 | Clipped: 3/4
Epoch [1129/4000] | Avg Makespan: 311.83 | Actor Loss: -0.0038 | Critic Loss: 0.0538 | Grad Norm: 1.5354 | Clipped: 4/4
Epoch [1130/4000] | Avg Makespan: 326.52 | Actor Loss: -0.0018 | Critic Loss: 0.0531 | Grad Norm: 1.6020 | Clipped: 4/4
Epoch [1131/4000] | Avg Makespan: 322.08 | Actor Loss: -0.0048 | Critic Loss: 0.0218 | Grad Norm: 1.3859 | Clipped: 4/4
Epoch [1132/4000] | Avg Makespan: 328.35 | Actor Loss: -0.0110 | Critic Loss: 0.1747 | Grad Norm: 0.9508 | Clipped: 1/4
Epoch [1133/4000] | Avg Makespan: 325.12 | Actor Loss: -0.0099 | Critic Loss: 0.2464 | Grad Norm: 1.1655 | Clipped: 2/4
Epoch [1134/4000] | Avg Makespan: 322.01 | Actor Loss: -0.0075 | Critic Loss: 0.0455 | Grad Norm: 1.3051 | Clipped: 4/4
Epoch [1135/4000] | Avg Makespan: 323.15 | Actor Loss: -0.0070 | Critic Loss: 0.0688 | Grad Norm: 1.2285 | Clipped: 4/4
Epoch [1136/4000] | Avg Makespan: 319.64 | Actor Loss: -0.0073 | Critic Loss: 0.0294 | Grad Norm: 1.5104 | Clipped: 4/4
Epoch [1137/4000] | Avg Makespan: 326.00 | Actor Loss: -0.0070 | Critic Loss: 0.1045 | Grad Norm: 1.4932 | Clipped: 3/4
Epoch [1138/4000] | Avg Makespan: 328.60 | Actor Loss: -0.0061 | Critic Loss: 0.0678 | Grad Norm: 1.1289 | Clipped: 3/4
Epoch [1139/4000] | Avg Makespan: 316.56 | Actor Loss: -0.0057 | Critic Loss: 0.0559 | Grad Norm: 1.2196 | Clipped: 4/4
Epoch [1140/4000] | Avg Makespan: 327.00 | Actor Loss: -0.0064 | Critic Loss: 0.1114 | Grad Norm: 1.1495 | Clipped: 2/4
Epoch [1141/4000] | Avg Makespan: 335.70 | Actor Loss: -0.0058 | Critic Loss: 0.1042 | Grad Norm: 1.1076 | Clipped: 3/4
Epoch [1142/4000] | Avg Makespan: 315.56 | Actor Loss: -0.0011 | Critic Loss: 0.0532 | Grad Norm: 1.9012 | Clipped: 4/4
Epoch [1143/4000] | Avg Makespan: 316.04 | Actor Loss: -0.0065 | Critic Loss: 0.0506 | Grad Norm: 1.2555 | Clipped: 3/4
Epoch [1144/4000] | Avg Makespan: 312.38 | Actor Loss: -0.0085 | Critic Loss: 0.0330 | Grad Norm: 0.9732 | Clipped: 2/4
Epoch [1145/4000] | Avg Makespan: 320.08 | Actor Loss: -0.0055 | Critic Loss: 0.0624 | Grad Norm: 1.1764 | Clipped: 3/4
Epoch [1146/4000] | Avg Makespan: 325.43 | Actor Loss: -0.0045 | Critic Loss: 0.0943 | Grad Norm: 1.9819 | Clipped: 4/4
Epoch [1147/4000] | Avg Makespan: 320.72 | Actor Loss: -0.0095 | Critic Loss: 0.1087 | Grad Norm: 1.3130 | Clipped: 3/4
Epoch [1148/4000] | Avg Makespan: 329.50 | Actor Loss: -0.0077 | Critic Loss: 0.0834 | Grad Norm: 1.1461 | Clipped: 3/4
Epoch [1149/4000] | Avg Makespan: 324.32 | Actor Loss: -0.0095 | Critic Loss: 0.0578 | Grad Norm: 1.0893 | Clipped: 2/4
Epoch [1150/4000] | Avg Makespan: 332.37 | Actor Loss: -0.0046 | Critic Loss: 0.1083 | Grad Norm: 2.0473 | Clipped: 3/4
Epoch [1151/4000] | Avg Makespan: 333.40 | Actor Loss: -0.0081 | Critic Loss: 0.0760 | Grad Norm: 1.3764 | Clipped: 3/4
Epoch [1152/4000] | Avg Makespan: 327.12 | Actor Loss: -0.0036 | Critic Loss: 0.0759 | Grad Norm: 1.8794 | Clipped: 4/4
Epoch [1153/4000] | Avg Makespan: 323.61 | Actor Loss: -0.0090 | Critic Loss: 0.0176 | Grad Norm: 1.1971 | Clipped: 1/4
Epoch [1154/4000] | Avg Makespan: 329.47 | Actor Loss: -0.0081 | Critic Loss: 0.1483 | Grad Norm: 1.0805 | Clipped: 3/4
Epoch [1155/4000] | Avg Makespan: 328.71 | Actor Loss: -0.0091 | Critic Loss: 0.1027 | Grad Norm: 1.0525 | Clipped: 2/4
Epoch [1156/4000] | Avg Makespan: 323.82 | Actor Loss: -0.0083 | Critic Loss: 0.0673 | Grad Norm: 0.9225 | Clipped: 1/4
Epoch [1157/4000] | Avg Makespan: 326.72 | Actor Loss: -0.0066 | Critic Loss: 0.2612 | Grad Norm: 1.1897 | Clipped: 3/4
Epoch [1158/4000] | Avg Makespan: 327.00 | Actor Loss: -0.0051 | Critic Loss: 0.0543 | Grad Norm: 1.1587 | Clipped: 3/4
Epoch [1159/4000] | Avg Makespan: 324.23 | Actor Loss: -0.0052 | Critic Loss: 0.1009 | Grad Norm: 1.1833 | Clipped: 2/4
Epoch [1160/4000] | Avg Makespan: 333.20 | Actor Loss: -0.0103 | Critic Loss: 0.1642 | Grad Norm: 1.4228 | Clipped: 3/4
Epoch [1161/4000] | Avg Makespan: 320.30 | Actor Loss: -0.0059 | Critic Loss: 0.0393 | Grad Norm: 1.1102 | Clipped: 2/4
Epoch [1162/4000] | Avg Makespan: 318.29 | Actor Loss: -0.0046 | Critic Loss: 0.0461 | Grad Norm: 1.2787 | Clipped: 3/4
Epoch [1163/4000] | Avg Makespan: 324.22 | Actor Loss: -0.0047 | Critic Loss: 0.0790 | Grad Norm: 1.3705 | Clipped: 3/4
Epoch [1164/4000] | Avg Makespan: 321.28 | Actor Loss: -0.0070 | Critic Loss: 0.0527 | Grad Norm: 1.2016 | Clipped: 4/4
Epoch [1165/4000] | Avg Makespan: 321.08 | Actor Loss: -0.0059 | Critic Loss: 0.0238 | Grad Norm: 1.0141 | Clipped: 2/4
Epoch [1166/4000] | Avg Makespan: 328.18 | Actor Loss: -0.0049 | Critic Loss: 0.0580 | Grad Norm: 1.4342 | Clipped: 4/4
Epoch [1167/4000] | Avg Makespan: 325.60 | Actor Loss: -0.0030 | Critic Loss: 0.0541 | Grad Norm: 1.4758 | Clipped: 4/4
Epoch [1168/4000] | Avg Makespan: 321.95 | Actor Loss: -0.0032 | Critic Loss: 0.0339 | Grad Norm: 1.3754 | Clipped: 3/4
Epoch [1169/4000] | Avg Makespan: 323.86 | Actor Loss: -0.0061 | Critic Loss: 0.0110 | Grad Norm: 1.2402 | Clipped: 3/4
Epoch [1170/4000] | Avg Makespan: 327.19 | Actor Loss: -0.0074 | Critic Loss: 0.1555 | Grad Norm: 1.0206 | Clipped: 2/4
Epoch [1171/4000] | Avg Makespan: 327.72 | Actor Loss: -0.0056 | Critic Loss: 0.0554 | Grad Norm: 1.4143 | Clipped: 3/4
Epoch [1172/4000] | Avg Makespan: 334.01 | Actor Loss: -0.0041 | Critic Loss: 0.0352 | Grad Norm: 1.2766 | Clipped: 3/4
Epoch [1173/4000] | Avg Makespan: 315.22 | Actor Loss: -0.0095 | Critic Loss: 0.0889 | Grad Norm: 1.1099 | Clipped: 3/4
Epoch [1174/4000] | Avg Makespan: 319.89 | Actor Loss: -0.0041 | Critic Loss: 0.0250 | Grad Norm: 1.0860 | Clipped: 3/4
Epoch [1175/4000] | Avg Makespan: 327.85 | Actor Loss: -0.0074 | Critic Loss: 0.0501 | Grad Norm: 1.3696 | Clipped: 3/4
Epoch [1176/4000] | Avg Makespan: 322.99 | Actor Loss: -0.0016 | Critic Loss: 0.0521 | Grad Norm: 1.6590 | Clipped: 4/4
Epoch [1177/4000] | Avg Makespan: 329.36 | Actor Loss: -0.0076 | Critic Loss: 0.0368 | Grad Norm: 1.2571 | Clipped: 4/4
Epoch [1178/4000] | Avg Makespan: 328.35 | Actor Loss: -0.0060 | Critic Loss: 0.0949 | Grad Norm: 1.2024 | Clipped: 3/4
Epoch [1179/4000] | Avg Makespan: 328.48 | Actor Loss: -0.0070 | Critic Loss: 0.1970 | Grad Norm: 1.2898 | Clipped: 3/4
Epoch [1180/4000] | Avg Makespan: 320.47 | Actor Loss: -0.0056 | Critic Loss: 0.0470 | Grad Norm: 1.1771 | Clipped: 4/4
Epoch [1181/4000] | Avg Makespan: 332.71 | Actor Loss: -0.0087 | Critic Loss: 0.0591 | Grad Norm: 1.2230 | Clipped: 4/4
Epoch [1182/4000] | Avg Makespan: 319.87 | Actor Loss: -0.0010 | Critic Loss: 0.0264 | Grad Norm: 1.4731 | Clipped: 4/4
Epoch [1183/4000] | Avg Makespan: 316.69 | Actor Loss: -0.0082 | Critic Loss: 0.0301 | Grad Norm: 0.9609 | Clipped: 2/4
Epoch [1184/4000] | Avg Makespan: 332.25 | Actor Loss: -0.0072 | Critic Loss: 0.0794 | Grad Norm: 1.0957 | Clipped: 3/4
Epoch [1185/4000] | Avg Makespan: 328.84 | Actor Loss: -0.0058 | Critic Loss: 0.0751 | Grad Norm: 1.3506 | Clipped: 3/4
Epoch [1186/4000] | Avg Makespan: 331.31 | Actor Loss: -0.0072 | Critic Loss: 0.0818 | Grad Norm: 1.3047 | Clipped: 3/4
Epoch [1187/4000] | Avg Makespan: 332.71 | Actor Loss: -0.0059 | Critic Loss: 0.0657 | Grad Norm: 1.4932 | Clipped: 4/4
Epoch [1188/4000] | Avg Makespan: 325.47 | Actor Loss: -0.0020 | Critic Loss: 0.0479 | Grad Norm: 1.4825 | Clipped: 4/4
Epoch [1189/4000] | Avg Makespan: 331.83 | Actor Loss: -0.0006 | Critic Loss: 0.1780 | Grad Norm: 1.6453 | Clipped: 4/4
Epoch [1190/4000] | Avg Makespan: 317.29 | Actor Loss: -0.0029 | Critic Loss: 0.0458 | Grad Norm: 1.2345 | Clipped: 3/4
Epoch [1191/4000] | Avg Makespan: 330.21 | Actor Loss: -0.0035 | Critic Loss: 0.0693 | Grad Norm: 1.6996 | Clipped: 3/4
Epoch [1192/4000] | Avg Makespan: 329.75 | Actor Loss: -0.0019 | Critic Loss: 0.0566 | Grad Norm: 1.5870 | Clipped: 4/4
Epoch [1193/4000] | Avg Makespan: 317.92 | Actor Loss: -0.0044 | Critic Loss: 0.0311 | Grad Norm: 1.1757 | Clipped: 4/4
Epoch [1194/4000] | Avg Makespan: 324.12 | Actor Loss: -0.0034 | Critic Loss: 0.0379 | Grad Norm: 1.2461 | Clipped: 4/4
Epoch [1195/4000] | Avg Makespan: 312.98 | Actor Loss: -0.0032 | Critic Loss: 0.0301 | Grad Norm: 1.3037 | Clipped: 4/4
Epoch [1196/4000] | Avg Makespan: 328.03 | Actor Loss: -0.0052 | Critic Loss: 0.0640 | Grad Norm: 1.3225 | Clipped: 3/4
Epoch [1197/4000] | Avg Makespan: 326.60 | Actor Loss: -0.0046 | Critic Loss: 0.0991 | Grad Norm: 1.0005 | Clipped: 1/4
Epoch [1198/4000] | Avg Makespan: 320.40 | Actor Loss: -0.0064 | Critic Loss: 0.0298 | Grad Norm: 1.2114 | Clipped: 3/4
Epoch [1199/4000] | Avg Makespan: 320.15 | Actor Loss: -0.0101 | Critic Loss: 0.0614 | Grad Norm: 0.9974 | Clipped: 1/4
Epoch [1200/4000] | Avg Makespan: 328.74 | Actor Loss: -0.0055 | Critic Loss: 0.0660 | Grad Norm: 0.9786 | Clipped: 2/4
   -> Validation | Samples: 280 | Makespan: 454.83 | Invalid Jobs: 0.00 | Score: 458.40
   -> Saved updated training chart to /home/wei/Desktop/AMR-DFJSP/runs/20260825_013759_v10_F_s42/chart.png
Epoch [1201/4000] | Avg Makespan: 319.47 | Actor Loss: -0.0047 | Critic Loss: 0.0295 | Grad Norm: 1.0145 | Clipped: 1/4
Epoch [1202/4000] | Avg Makespan: 331.34 | Actor Loss: -0.0061 | Critic Loss: 0.0568 | Grad Norm: 0.9889 | Clipped: 1/4
Epoch [1203/4000] | Avg Makespan: 335.86 | Actor Loss: -0.0055 | Critic Loss: 0.2367 | Grad Norm: 1.0298 | Clipped: 1/4
Epoch [1204/4000] | Avg Makespan: 331.10 | Actor Loss: -0.0062 | Critic Loss: 0.1898 | Grad Norm: 0.9586 | Clipped: 1/4
Epoch [1205/4000] | Avg Makespan: 309.88 | Actor Loss: -0.0042 | Critic Loss: 0.0967 | Grad Norm: 0.9173 | Clipped: 1/4
Epoch [1206/4000] | Avg Makespan: 317.47 | Actor Loss: -0.0048 | Critic Loss: 0.0485 | Grad Norm: 1.0869 | Clipped: 4/4
Epoch [1207/4000] | Avg Makespan: 326.82 | Actor Loss: -0.0050 | Critic Loss: 0.0683 | Grad Norm: 1.0675 | Clipped: 3/4
Epoch [1208/4000] | Avg Makespan: 331.98 | Actor Loss: -0.0072 | Critic Loss: 0.1120 | Grad Norm: 1.0851 | Clipped: 2/4
Epoch [1209/4000] | Avg Makespan: 330.83 | Actor Loss: -0.0048 | Critic Loss: 0.0796 | Grad Norm: 1.1744 | Clipped: 3/4
Epoch [1210/4000] | Avg Makespan: 321.39 | Actor Loss: -0.0060 | Critic Loss: 0.0645 | Grad Norm: 1.0020 | Clipped: 2/4
Epoch [1211/4000] | Avg Makespan: 321.86 | Actor Loss: -0.0040 | Critic Loss: 0.0467 | Grad Norm: 1.5305 | Clipped: 4/4
Epoch [1212/4000] | Avg Makespan: 333.03 | Actor Loss: -0.0047 | Critic Loss: 0.0805 | Grad Norm: 1.5172 | Clipped: 4/4
Epoch [1213/4000] | Avg Makespan: 327.20 | Actor Loss: -0.0022 | Critic Loss: 0.0242 | Grad Norm: 1.4613 | Clipped: 4/4
Epoch [1214/4000] | Avg Makespan: 325.85 | Actor Loss: -0.0056 | Critic Loss: 0.0369 | Grad Norm: 1.2198 | Clipped: 3/4
Epoch [1215/4000] | Avg Makespan: 323.53 | Actor Loss: -0.0067 | Critic Loss: 0.0184 | Grad Norm: 1.1129 | Clipped: 3/4
Epoch [1216/4000] | Avg Makespan: 320.44 | Actor Loss: -0.0041 | Critic Loss: 0.0251 | Grad Norm: 1.2805 | Clipped: 4/4
Epoch [1217/4000] | Avg Makespan: 331.14 | Actor Loss: -0.0032 | Critic Loss: 0.0532 | Grad Norm: 1.7992 | Clipped: 4/4
Epoch [1218/4000] | Avg Makespan: 328.59 | Actor Loss: -0.0033 | Critic Loss: 0.0200 | Grad Norm: 0.9692 | Clipped: 2/4
Epoch [1219/4000] | Avg Makespan: 329.87 | Actor Loss: -0.0048 | Critic Loss: 0.1012 | Grad Norm: 1.2939 | Clipped: 4/4
Epoch [1220/4000] | Avg Makespan: 329.19 | Actor Loss: -0.0042 | Critic Loss: 0.1576 | Grad Norm: 1.8511 | Clipped: 4/4
Epoch [1221/4000] | Avg Makespan: 330.49 | Actor Loss: -0.0012 | Critic Loss: 0.0616 | Grad Norm: 1.4126 | Clipped: 4/4
Epoch [1222/4000] | Avg Makespan: 320.35 | Actor Loss: -0.0039 | Critic Loss: 0.0528 | Grad Norm: 1.4087 | Clipped: 3/4
Epoch [1223/4000] | Avg Makespan: 322.60 | Actor Loss: 0.0012 | Critic Loss: 0.0287 | Grad Norm: 1.5075 | Clipped: 4/4
Epoch [1224/4000] | Avg Makespan: 340.98 | Actor Loss: -0.0061 | Critic Loss: 0.4757 | Grad Norm: 1.0229 | Clipped: 2/4
Epoch [1225/4000] | Avg Makespan: 324.24 | Actor Loss: -0.0033 | Critic Loss: 0.0547 | Grad Norm: 1.4941 | Clipped: 4/4
Epoch [1226/4000] | Avg Makespan: 328.12 | Actor Loss: -0.0064 | Critic Loss: 0.1184 | Grad Norm: 1.1146 | Clipped: 1/4
Epoch [1227/4000] | Avg Makespan: 323.08 | Actor Loss: -0.0045 | Critic Loss: 0.0561 | Grad Norm: 1.6659 | Clipped: 4/4
Epoch [1228/4000] | Avg Makespan: 332.20 | Actor Loss: -0.0037 | Critic Loss: 0.0690 | Grad Norm: 1.4356 | Clipped: 4/4
Epoch [1229/4000] | Avg Makespan: 321.07 | Actor Loss: -0.0035 | Critic Loss: 0.0604 | Grad Norm: 1.5401 | Clipped: 4/4
Epoch [1230/4000] | Avg Makespan: 309.63 | Actor Loss: -0.0025 | Critic Loss: 0.0627 | Grad Norm: 1.4384 | Clipped: 4/4
Epoch [1231/4000] | Avg Makespan: 317.97 | Actor Loss: -0.0059 | Critic Loss: 0.0372 | Grad Norm: 0.8779 | Clipped: 1/4
Epoch [1232/4000] | Avg Makespan: 311.21 | Actor Loss: -0.0052 | Critic Loss: 0.0204 | Grad Norm: 1.1442 | Clipped: 2/4
Epoch [1233/4000] | Avg Makespan: 321.90 | Actor Loss: -0.0050 | Critic Loss: 0.0546 | Grad Norm: 1.2438 | Clipped: 4/4
Epoch [1234/4000] | Avg Makespan: 318.54 | Actor Loss: -0.0057 | Critic Loss: 0.0361 | Grad Norm: 1.0108 | Clipped: 1/4
Epoch [1235/4000] | Avg Makespan: 317.37 | Actor Loss: -0.0060 | Critic Loss: 0.0899 | Grad Norm: 1.3178 | Clipped: 4/4
Epoch [1236/4000] | Avg Makespan: 320.79 | Actor Loss: -0.0062 | Critic Loss: 0.0377 | Grad Norm: 1.7303 | Clipped: 4/4
Epoch [1237/4000] | Avg Makespan: 319.48 | Actor Loss: -0.0048 | Critic Loss: 0.0510 | Grad Norm: 1.2555 | Clipped: 3/4
Epoch [1238/4000] | Avg Makespan: 325.59 | Actor Loss: -0.0019 | Critic Loss: 0.0294 | Grad Norm: 3.2960 | Clipped: 4/4
Epoch [1239/4000] | Avg Makespan: 317.58 | Actor Loss: -0.0055 | Critic Loss: 0.0472 | Grad Norm: 1.2148 | Clipped: 3/4
Epoch [1240/4000] | Avg Makespan: 327.67 | Actor Loss: -0.0008 | Critic Loss: 0.1402 | Grad Norm: 1.9550 | Clipped: 4/4
Epoch [1241/4000] | Avg Makespan: 325.68 | Actor Loss: 0.0005 | Critic Loss: 0.0502 | Grad Norm: 1.7775 | Clipped: 4/4
Epoch [1242/4000] | Avg Makespan: 323.41 | Actor Loss: -0.0042 | Critic Loss: 0.1034 | Grad Norm: 1.5498 | Clipped: 3/4
Epoch [1243/4000] | Avg Makespan: 338.64 | Actor Loss: -0.0056 | Critic Loss: 0.2359 | Grad Norm: 1.2609 | Clipped: 2/4
Epoch [1244/4000] | Avg Makespan: 319.08 | Actor Loss: -0.0043 | Critic Loss: 0.0545 | Grad Norm: 1.3493 | Clipped: 4/4
Epoch [1245/4000] | Avg Makespan: 329.44 | Actor Loss: -0.0035 | Critic Loss: 0.1851 | Grad Norm: 1.1665 | Clipped: 4/4
Epoch [1246/4000] | Avg Makespan: 321.66 | Actor Loss: -0.0066 | Critic Loss: 0.0207 | Grad Norm: 1.5288 | Clipped: 4/4
Epoch [1247/4000] | Avg Makespan: 331.33 | Actor Loss: -0.0026 | Critic Loss: 0.0518 | Grad Norm: 1.4667 | Clipped: 4/4
Epoch [1248/4000] | Avg Makespan: 342.39 | Actor Loss: -0.0016 | Critic Loss: 0.0941 | Grad Norm: 1.1594 | Clipped: 3/4
Epoch [1249/4000] | Avg Makespan: 320.08 | Actor Loss: -0.0036 | Critic Loss: 0.1031 | Grad Norm: 1.9043 | Clipped: 4/4
Epoch [1250/4000] | Avg Makespan: 320.39 | Actor Loss: -0.0044 | Critic Loss: 0.1007 | Grad Norm: 1.4206 | Clipped: 3/4
Epoch [1251/4000] | Avg Makespan: 325.76 | Actor Loss: -0.0098 | Critic Loss: 0.0937 | Grad Norm: 1.4395 | Clipped: 3/4
Epoch [1252/4000] | Avg Makespan: 332.83 | Actor Loss: -0.0089 | Critic Loss: 0.1237 | Grad Norm: 1.4049 | Clipped: 4/4
Epoch [1253/4000] | Avg Makespan: 322.25 | Actor Loss: -0.0031 | Critic Loss: 0.1204 | Grad Norm: 1.3440 | Clipped: 3/4
Epoch [1254/4000] | Avg Makespan: 316.84 | Actor Loss: -0.0044 | Critic Loss: 0.0584 | Grad Norm: 1.4438 | Clipped: 4/4
Epoch [1255/4000] | Avg Makespan: 326.41 | Actor Loss: -0.0034 | Critic Loss: 0.0438 | Grad Norm: 1.2410 | Clipped: 4/4
Epoch [1256/4000] | Avg Makespan: 313.31 | Actor Loss: -0.0071 | Critic Loss: 0.0290 | Grad Norm: 1.0171 | Clipped: 2/4
Epoch [1257/4000] | Avg Makespan: 319.53 | Actor Loss: -0.0057 | Critic Loss: 0.0937 | Grad Norm: 1.4572 | Clipped: 3/4
Epoch [1258/4000] | Avg Makespan: 329.22 | Actor Loss: -0.0015 | Critic Loss: 0.0851 | Grad Norm: 1.7120 | Clipped: 3/4
Epoch [1259/4000] | Avg Makespan: 321.43 | Actor Loss: -0.0034 | Critic Loss: 0.0478 | Grad Norm: 1.3341 | Clipped: 4/4
Epoch [1260/4000] | Avg Makespan: 320.98 | Actor Loss: -0.0080 | Critic Loss: 0.0247 | Grad Norm: 1.2271 | Clipped: 3/4
Epoch [1261/4000] | Avg Makespan: 324.67 | Actor Loss: -0.0042 | Critic Loss: 0.1016 | Grad Norm: 1.3740 | Clipped: 4/4
Epoch [1262/4000] | Avg Makespan: 349.28 | Actor Loss: -0.0044 | Critic Loss: 0.2695 | Grad Norm: 1.4544 | Clipped: 4/4
Epoch [1263/4000] | Avg Makespan: 316.17 | Actor Loss: -0.0032 | Critic Loss: 0.0850 | Grad Norm: 1.5511 | Clipped: 3/4
Epoch [1264/4000] | Avg Makespan: 326.00 | Actor Loss: -0.0062 | Critic Loss: 0.0530 | Grad Norm: 1.3302 | Clipped: 3/4
Epoch [1265/4000] | Avg Makespan: 320.45 | Actor Loss: -0.0032 | Critic Loss: 0.0804 | Grad Norm: 1.4021 | Clipped: 4/4
Epoch [1266/4000] | Avg Makespan: 338.41 | Actor Loss: -0.0067 | Critic Loss: 0.1854 | Grad Norm: 1.2707 | Clipped: 4/4
Epoch [1267/4000] | Avg Makespan: 316.71 | Actor Loss: -0.0064 | Critic Loss: 0.0362 | Grad Norm: 1.0853 | Clipped: 2/4
Epoch [1268/4000] | Avg Makespan: 336.71 | Actor Loss: -0.0085 | Critic Loss: 0.1786 | Grad Norm: 1.2314 | Clipped: 4/4
Epoch [1269/4000] | Avg Makespan: 330.88 | Actor Loss: -0.0052 | Critic Loss: 0.1604 | Grad Norm: 1.0643 | Clipped: 2/4
Epoch [1270/4000] | Avg Makespan: 318.63 | Actor Loss: -0.0046 | Critic Loss: 0.0255 | Grad Norm: 1.4093 | Clipped: 4/4
Epoch [1271/4000] | Avg Makespan: 334.26 | Actor Loss: -0.0047 | Critic Loss: 0.2730 | Grad Norm: 1.3825 | Clipped: 3/4
Epoch [1272/4000] | Avg Makespan: 331.45 | Actor Loss: -0.0049 | Critic Loss: 0.2517 | Grad Norm: 1.2517 | Clipped: 4/4
Epoch [1273/4000] | Avg Makespan: 327.98 | Actor Loss: -0.0051 | Critic Loss: 0.0631 | Grad Norm: 1.3485 | Clipped: 4/4
Epoch [1274/4000] | Avg Makespan: 325.79 | Actor Loss: -0.0050 | Critic Loss: 0.0722 | Grad Norm: 1.3262 | Clipped: 4/4
Epoch [1275/4000] | Avg Makespan: 319.22 | Actor Loss: -0.0047 | Critic Loss: 0.0684 | Grad Norm: 1.4006 | Clipped: 4/4
Epoch [1276/4000] | Avg Makespan: 321.32 | Actor Loss: -0.0043 | Critic Loss: 0.1116 | Grad Norm: 1.4970 | Clipped: 4/4
Epoch [1277/4000] | Avg Makespan: 323.01 | Actor Loss: -0.0068 | Critic Loss: 0.0810 | Grad Norm: 1.3353 | Clipped: 3/4
Epoch [1278/4000] | Avg Makespan: 313.24 | Actor Loss: -0.0006 | Critic Loss: 0.0485 | Grad Norm: 1.8934 | Clipped: 4/4
Epoch [1279/4000] | Avg Makespan: 333.41 | Actor Loss: -0.0021 | Critic Loss: 0.1909 | Grad Norm: 1.4981 | Clipped: 4/4
Epoch [1280/4000] | Avg Makespan: 331.29 | Actor Loss: -0.0030 | Critic Loss: 0.1512 | Grad Norm: 1.3186 | Clipped: 3/4
Epoch [1281/4000] | Avg Makespan: 327.41 | Actor Loss: -0.0058 | Critic Loss: 0.0926 | Grad Norm: 1.0408 | Clipped: 3/4
Epoch [1282/4000] | Avg Makespan: 327.80 | Actor Loss: -0.0068 | Critic Loss: 0.0818 | Grad Norm: 0.9912 | Clipped: 1/4
Epoch [1283/4000] | Avg Makespan: 311.67 | Actor Loss: -0.0058 | Critic Loss: 0.0556 | Grad Norm: 1.0000 | Clipped: 2/4
Epoch [1284/4000] | Avg Makespan: 318.26 | Actor Loss: -0.0050 | Critic Loss: 0.0834 | Grad Norm: 1.1135 | Clipped: 3/4
Epoch [1285/4000] | Avg Makespan: 326.81 | Actor Loss: -0.0076 | Critic Loss: 0.0969 | Grad Norm: 0.9501 | Clipped: 1/4
Epoch [1286/4000] | Avg Makespan: 326.72 | Actor Loss: -0.0083 | Critic Loss: 0.1148 | Grad Norm: 1.0630 | Clipped: 2/4
Epoch [1287/4000] | Avg Makespan: 324.05 | Actor Loss: -0.0038 | Critic Loss: 0.0724 | Grad Norm: 1.0370 | Clipped: 2/4
Epoch [1288/4000] | Avg Makespan: 325.55 | Actor Loss: -0.0065 | Critic Loss: 0.0514 | Grad Norm: 0.9102 | Clipped: 0/4
Epoch [1289/4000] | Avg Makespan: 315.64 | Actor Loss: -0.0090 | Critic Loss: 0.0958 | Grad Norm: 0.8862 | Clipped: 1/4
Epoch [1290/4000] | Avg Makespan: 324.61 | Actor Loss: -0.0048 | Critic Loss: 0.0727 | Grad Norm: 0.6843 | Clipped: 0/4
Epoch [1291/4000] | Avg Makespan: 318.57 | Actor Loss: -0.0053 | Critic Loss: 0.0804 | Grad Norm: 1.2521 | Clipped: 4/4
Epoch [1292/4000] | Avg Makespan: 321.34 | Actor Loss: -0.0059 | Critic Loss: 0.0368 | Grad Norm: 1.0195 | Clipped: 3/4
Epoch [1293/4000] | Avg Makespan: 316.78 | Actor Loss: -0.0029 | Critic Loss: 0.1048 | Grad Norm: 1.3707 | Clipped: 4/4
Epoch [1294/4000] | Avg Makespan: 338.20 | Actor Loss: -0.0019 | Critic Loss: 0.3253 | Grad Norm: 1.4111 | Clipped: 4/4
Epoch [1295/4000] | Avg Makespan: 321.65 | Actor Loss: -0.0040 | Critic Loss: 0.0453 | Grad Norm: 1.1973 | Clipped: 4/4
Epoch [1296/4000] | Avg Makespan: 320.51 | Actor Loss: -0.0073 | Critic Loss: 0.0296 | Grad Norm: 0.9050 | Clipped: 1/4
Epoch [1297/4000] | Avg Makespan: 327.81 | Actor Loss: -0.0045 | Critic Loss: 0.1613 | Grad Norm: 1.0630 | Clipped: 1/4
Epoch [1298/4000] | Avg Makespan: 332.33 | Actor Loss: -0.0046 | Critic Loss: 0.1498 | Grad Norm: 1.0618 | Clipped: 3/4
Epoch [1299/4000] | Avg Makespan: 315.53 | Actor Loss: -0.0070 | Critic Loss: 0.0605 | Grad Norm: 1.2741 | Clipped: 3/4
Epoch [1300/4000] | Avg Makespan: 319.59 | Actor Loss: -0.0058 | Critic Loss: 0.0537 | Grad Norm: 1.0221 | Clipped: 1/4
   -> Validation | Samples: 280 | Makespan: 448.72 | Invalid Jobs: 0.00 | Score: 452.29
   -> Saved updated training chart to /home/wei/Desktop/AMR-DFJSP/runs/20260825_013759_v10_F_s42/chart.png
Epoch [1301/4000] | Avg Makespan: 334.40 | Actor Loss: -0.0040 | Critic Loss: 0.1184 | Grad Norm: 1.1568 | Clipped: 3/4
Epoch [1302/4000] | Avg Makespan: 318.86 | Actor Loss: -0.0035 | Critic Loss: 0.0534 | Grad Norm: 1.1027 | Clipped: 3/4
Epoch [1303/4000] | Avg Makespan: 320.90 | Actor Loss: -0.0041 | Critic Loss: 0.0606 | Grad Norm: 1.3033 | Clipped: 3/4
Epoch [1304/4000] | Avg Makespan: 331.38 | Actor Loss: -0.0062 | Critic Loss: 0.1538 | Grad Norm: 1.2123 | Clipped: 3/4
Epoch [1305/4000] | Avg Makespan: 333.96 | Actor Loss: -0.0066 | Critic Loss: 0.1129 | Grad Norm: 1.3258 | Clipped: 4/4
Epoch [1306/4000] | Avg Makespan: 327.61 | Actor Loss: -0.0073 | Critic Loss: 0.0556 | Grad Norm: 1.0387 | Clipped: 2/4
Epoch [1307/4000] | Avg Makespan: 330.70 | Actor Loss: -0.0059 | Critic Loss: 0.0296 | Grad Norm: 1.1214 | Clipped: 4/4
Epoch [1308/4000] | Avg Makespan: 319.62 | Actor Loss: -0.0027 | Critic Loss: 0.0321 | Grad Norm: 1.2679 | Clipped: 4/4
Epoch [1309/4000] | Avg Makespan: 316.83 | Actor Loss: -0.0036 | Critic Loss: 0.0474 | Grad Norm: 1.3599 | Clipped: 3/4
Epoch [1310/4000] | Avg Makespan: 331.34 | Actor Loss: -0.0039 | Critic Loss: 0.0871 | Grad Norm: 1.2311 | Clipped: 4/4
Epoch [1311/4000] | Avg Makespan: 322.07 | Actor Loss: -0.0044 | Critic Loss: 0.0309 | Grad Norm: 1.1324 | Clipped: 3/4
Epoch [1312/4000] | Avg Makespan: 336.95 | Actor Loss: -0.0074 | Critic Loss: 0.2068 | Grad Norm: 1.2323 | Clipped: 3/4
Epoch [1313/4000] | Avg Makespan: 322.75 | Actor Loss: -0.0062 | Critic Loss: 0.0857 | Grad Norm: 0.9184 | Clipped: 1/4
Epoch [1314/4000] | Avg Makespan: 306.26 | Actor Loss: 0.0024 | Critic Loss: 0.1549 | Grad Norm: 1.9659 | Clipped: 4/4
Epoch [1315/4000] | Avg Makespan: 329.68 | Actor Loss: -0.0041 | Critic Loss: 0.0348 | Grad Norm: 1.1400 | Clipped: 3/4
Epoch [1316/4000] | Avg Makespan: 323.87 | Actor Loss: -0.0050 | Critic Loss: 0.1839 | Grad Norm: 1.0999 | Clipped: 2/4
Epoch [1317/4000] | Avg Makespan: 343.09 | Actor Loss: -0.0027 | Critic Loss: 0.4492 | Grad Norm: 1.6216 | Clipped: 4/4
Epoch [1318/4000] | Avg Makespan: 316.48 | Actor Loss: -0.0048 | Critic Loss: 0.0992 | Grad Norm: 1.0455 | Clipped: 2/4
Epoch [1319/4000] | Avg Makespan: 330.23 | Actor Loss: -0.0064 | Critic Loss: 0.1211 | Grad Norm: 0.8928 | Clipped: 1/4
Epoch [1320/4000] | Avg Makespan: 323.27 | Actor Loss: -0.0092 | Critic Loss: 0.0699 | Grad Norm: 1.0088 | Clipped: 2/4
Epoch [1321/4000] | Avg Makespan: 321.72 | Actor Loss: -0.0047 | Critic Loss: 0.0576 | Grad Norm: 1.0664 | Clipped: 3/4
Epoch [1322/4000] | Avg Makespan: 322.10 | Actor Loss: -0.0054 | Critic Loss: 0.0566 | Grad Norm: 1.0982 | Clipped: 3/4
Epoch [1323/4000] | Avg Makespan: 321.05 | Actor Loss: -0.0035 | Critic Loss: 0.0345 | Grad Norm: 1.2058 | Clipped: 4/4
Epoch [1324/4000] | Avg Makespan: 312.04 | Actor Loss: -0.0077 | Critic Loss: 0.0331 | Grad Norm: 1.2095 | Clipped: 3/4
Epoch [1325/4000] | Avg Makespan: 315.64 | Actor Loss: -0.0024 | Critic Loss: 0.0419 | Grad Norm: 1.4608 | Clipped: 4/4
Epoch [1326/4000] | Avg Makespan: 327.41 | Actor Loss: -0.0029 | Critic Loss: 0.2177 | Grad Norm: 1.3046 | Clipped: 4/4
Epoch [1327/4000] | Avg Makespan: 324.43 | Actor Loss: -0.0032 | Critic Loss: 0.0588 | Grad Norm: 1.2681 | Clipped: 3/4
Epoch [1328/4000] | Avg Makespan: 323.27 | Actor Loss: -0.0045 | Critic Loss: 0.1041 | Grad Norm: 1.5587 | Clipped: 3/4
Epoch [1329/4000] | Avg Makespan: 319.39 | Actor Loss: -0.0066 | Critic Loss: 0.0815 | Grad Norm: 0.9817 | Clipped: 2/4
Epoch [1330/4000] | Avg Makespan: 327.14 | Actor Loss: -0.0067 | Critic Loss: 0.0837 | Grad Norm: 1.2571 | Clipped: 2/4
Epoch [1331/4000] | Avg Makespan: 318.70 | Actor Loss: -0.0024 | Critic Loss: 0.0299 | Grad Norm: 1.2840 | Clipped: 3/4
Epoch [1332/4000] | Avg Makespan: 321.17 | Actor Loss: -0.0074 | Critic Loss: 0.0810 | Grad Norm: 0.9904 | Clipped: 1/4
Epoch [1333/4000] | Avg Makespan: 309.24 | Actor Loss: -0.0063 | Critic Loss: 0.0310 | Grad Norm: 0.9167 | Clipped: 2/4
Epoch [1334/4000] | Avg Makespan: 317.85 | Actor Loss: -0.0044 | Critic Loss: 0.0166 | Grad Norm: 0.7391 | Clipped: 0/4
Epoch [1335/4000] | Avg Makespan: 328.30 | Actor Loss: -0.0023 | Critic Loss: 0.2033 | Grad Norm: 1.0076 | Clipped: 3/4
Epoch [1336/4000] | Avg Makespan: 323.09 | Actor Loss: -0.0030 | Critic Loss: 0.0750 | Grad Norm: 1.4864 | Clipped: 3/4
Epoch [1337/4000] | Avg Makespan: 315.90 | Actor Loss: -0.0065 | Critic Loss: 0.0631 | Grad Norm: 1.1170 | Clipped: 2/4
Epoch [1338/4000] | Avg Makespan: 326.87 | Actor Loss: -0.0001 | Critic Loss: 0.0544 | Grad Norm: 1.7339 | Clipped: 4/4
Epoch [1339/4000] | Avg Makespan: 331.65 | Actor Loss: -0.0045 | Critic Loss: 0.0742 | Grad Norm: 1.0984 | Clipped: 4/4
Epoch [1340/4000] | Avg Makespan: 330.62 | Actor Loss: -0.0038 | Critic Loss: 0.0768 | Grad Norm: 1.2696 | Clipped: 3/4
Epoch [1341/4000] | Avg Makespan: 325.16 | Actor Loss: -0.0048 | Critic Loss: 0.0675 | Grad Norm: 1.2036 | Clipped: 2/4
Epoch [1342/4000] | Avg Makespan: 323.39 | Actor Loss: -0.0042 | Critic Loss: 0.0486 | Grad Norm: 1.1761 | Clipped: 4/4
Epoch [1343/4000] | Avg Makespan: 323.29 | Actor Loss: -0.0027 | Critic Loss: 0.0795 | Grad Norm: 1.4804 | Clipped: 4/4
Epoch [1344/4000] | Avg Makespan: 328.24 | Actor Loss: -0.0025 | Critic Loss: 0.0841 | Grad Norm: 1.3020 | Clipped: 3/4
Epoch [1345/4000] | Avg Makespan: 321.60 | Actor Loss: -0.0056 | Critic Loss: 0.1622 | Grad Norm: 0.7922 | Clipped: 1/4
Epoch [1346/4000] | Avg Makespan: 329.65 | Actor Loss: -0.0052 | Critic Loss: 0.0586 | Grad Norm: 1.2959 | Clipped: 4/4
Epoch [1347/4000] | Avg Makespan: 315.19 | Actor Loss: -0.0044 | Critic Loss: 0.1346 | Grad Norm: 1.3660 | Clipped: 4/4
Epoch [1348/4000] | Avg Makespan: 314.57 | Actor Loss: -0.0038 | Critic Loss: 0.0291 | Grad Norm: 1.1650 | Clipped: 3/4
Epoch [1349/4000] | Avg Makespan: 316.52 | Actor Loss: -0.0061 | Critic Loss: 0.0177 | Grad Norm: 1.2627 | Clipped: 3/4
Epoch [1350/4000] | Avg Makespan: 315.61 | Actor Loss: -0.0029 | Critic Loss: 0.0285 | Grad Norm: 1.9693 | Clipped: 4/4
Epoch [1351/4000] | Avg Makespan: 329.30 | Actor Loss: -0.0008 | Critic Loss: 0.1935 | Grad Norm: 3.2391 | Clipped: 4/4
Epoch [1352/4000] | Avg Makespan: 324.39 | Actor Loss: -0.0073 | Critic Loss: 0.1121 | Grad Norm: 1.1651 | Clipped: 3/4
Epoch [1353/4000] | Avg Makespan: 324.78 | Actor Loss: -0.0066 | Critic Loss: 0.0286 | Grad Norm: 1.5373 | Clipped: 4/4
Epoch [1354/4000] | Avg Makespan: 317.13 | Actor Loss: -0.0055 | Critic Loss: 0.0866 | Grad Norm: 1.1242 | Clipped: 2/4
Epoch [1355/4000] | Avg Makespan: 318.78 | Actor Loss: -0.0050 | Critic Loss: 0.1041 | Grad Norm: 1.3960 | Clipped: 3/4
Epoch [1356/4000] | Avg Makespan: 326.03 | Actor Loss: -0.0019 | Critic Loss: 0.0506 | Grad Norm: 1.4660 | Clipped: 3/4
Epoch [1357/4000] | Avg Makespan: 310.23 | Actor Loss: -0.0037 | Critic Loss: 0.0375 | Grad Norm: 1.4349 | Clipped: 3/4
Epoch [1358/4000] | Avg Makespan: 318.79 | Actor Loss: -0.0008 | Critic Loss: 0.0401 | Grad Norm: 1.8143 | Clipped: 4/4
Epoch [1359/4000] | Avg Makespan: 322.60 | Actor Loss: -0.0056 | Critic Loss: 0.0694 | Grad Norm: 0.8982 | Clipped: 1/4
Epoch [1360/4000] | Avg Makespan: 319.64 | Actor Loss: -0.0053 | Critic Loss: 0.0222 | Grad Norm: 1.3883 | Clipped: 4/4
Epoch [1361/4000] | Avg Makespan: 323.65 | Actor Loss: -0.0040 | Critic Loss: 0.2452 | Grad Norm: 1.1923 | Clipped: 2/4
Epoch [1362/4000] | Avg Makespan: 321.35 | Actor Loss: -0.0032 | Critic Loss: 0.0511 | Grad Norm: 1.3612 | Clipped: 4/4
Epoch [1363/4000] | Avg Makespan: 325.27 | Actor Loss: -0.0030 | Critic Loss: 0.0856 | Grad Norm: 1.2242 | Clipped: 3/4
Epoch [1364/4000] | Avg Makespan: 320.44 | Actor Loss: 0.0005 | Critic Loss: 0.0313 | Grad Norm: 2.6635 | Clipped: 4/4
Epoch [1365/4000] | Avg Makespan: 332.67 | Actor Loss: -0.0020 | Critic Loss: 0.1205 | Grad Norm: 1.7730 | Clipped: 4/4
Epoch [1366/4000] | Avg Makespan: 322.86 | Actor Loss: -0.0056 | Critic Loss: 0.0316 | Grad Norm: 1.1955 | Clipped: 4/4
Epoch [1367/4000] | Avg Makespan: 311.34 | Actor Loss: -0.0024 | Critic Loss: 0.0969 | Grad Norm: 1.5744 | Clipped: 4/4
Epoch [1368/4000] | Avg Makespan: 318.85 | Actor Loss: -0.0043 | Critic Loss: 0.0179 | Grad Norm: 2.0625 | Clipped: 4/4
Epoch [1369/4000] | Avg Makespan: 319.92 | Actor Loss: -0.0005 | Critic Loss: 0.0253 | Grad Norm: 1.8874 | Clipped: 4/4
Epoch [1370/4000] | Avg Makespan: 330.29 | Actor Loss: -0.0002 | Critic Loss: 0.1098 | Grad Norm: 1.7385 | Clipped: 3/4
Epoch [1371/4000] | Avg Makespan: 322.54 | Actor Loss: 0.0076 | Critic Loss: 0.0561 | Grad Norm: 3.5616 | Clipped: 4/4
Epoch [1372/4000] | Avg Makespan: 320.46 | Actor Loss: 0.0057 | Critic Loss: 0.0238 | Grad Norm: 3.7686 | Clipped: 4/4
Epoch [1373/4000] | Avg Makespan: 317.12 | Actor Loss: -0.0033 | Critic Loss: 0.0188 | Grad Norm: 2.2207 | Clipped: 4/4
Epoch [1374/4000] | Avg Makespan: 336.22 | Actor Loss: -0.0050 | Critic Loss: 0.1209 | Grad Norm: 1.2493 | Clipped: 2/4
Epoch [1375/4000] | Avg Makespan: 325.02 | Actor Loss: -0.0013 | Critic Loss: 0.0327 | Grad Norm: 1.3886 | Clipped: 4/4
Epoch [1376/4000] | Avg Makespan: 318.61 | Actor Loss: -0.0051 | Critic Loss: 0.0424 | Grad Norm: 1.6047 | Clipped: 4/4
Epoch [1377/4000] | Avg Makespan: 323.02 | Actor Loss: -0.0033 | Critic Loss: 0.0441 | Grad Norm: 1.1291 | Clipped: 3/4
Epoch [1378/4000] | Avg Makespan: 323.74 | Actor Loss: -0.0049 | Critic Loss: 0.0190 | Grad Norm: 1.8358 | Clipped: 4/4
Epoch [1379/4000] | Avg Makespan: 316.95 | Actor Loss: 0.0015 | Critic Loss: 0.0897 | Grad Norm: 1.4451 | Clipped: 4/4
Epoch [1380/4000] | Avg Makespan: 322.38 | Actor Loss: -0.0002 | Critic Loss: 0.0378 | Grad Norm: 1.4453 | Clipped: 4/4
Epoch [1381/4000] | Avg Makespan: 318.13 | Actor Loss: -0.0007 | Critic Loss: 0.0524 | Grad Norm: 1.8348 | Clipped: 4/4
Epoch [1382/4000] | Avg Makespan: 323.48 | Actor Loss: -0.0032 | Critic Loss: 0.0318 | Grad Norm: 1.7042 | Clipped: 4/4
Epoch [1383/4000] | Avg Makespan: 311.53 | Actor Loss: 0.0005 | Critic Loss: 0.0272 | Grad Norm: 2.5908 | Clipped: 3/4
Epoch [1384/4000] | Avg Makespan: 327.82 | Actor Loss: -0.0023 | Critic Loss: 0.0998 | Grad Norm: 1.4792 | Clipped: 3/4
Epoch [1385/4000] | Avg Makespan: 321.89 | Actor Loss: -0.0042 | Critic Loss: 0.0609 | Grad Norm: 1.1136 | Clipped: 3/4
Epoch [1386/4000] | Avg Makespan: 313.54 | Actor Loss: -0.0018 | Critic Loss: 0.0636 | Grad Norm: 1.6901 | Clipped: 4/4
Epoch [1387/4000] | Avg Makespan: 314.72 | Actor Loss: -0.0062 | Critic Loss: 0.0912 | Grad Norm: 1.4259 | Clipped: 3/4
Epoch [1388/4000] | Avg Makespan: 314.70 | Actor Loss: -0.0047 | Critic Loss: 0.0366 | Grad Norm: 0.9436 | Clipped: 1/4
Epoch [1389/4000] | Avg Makespan: 324.50 | Actor Loss: -0.0018 | Critic Loss: 0.0643 | Grad Norm: 1.3909 | Clipped: 3/4
Epoch [1390/4000] | Avg Makespan: 319.38 | Actor Loss: -0.0048 | Critic Loss: 0.0680 | Grad Norm: 1.0995 | Clipped: 4/4
Epoch [1391/4000] | Avg Makespan: 325.56 | Actor Loss: -0.0024 | Critic Loss: 0.0645 | Grad Norm: 1.4415 | Clipped: 3/4
Epoch [1392/4000] | Avg Makespan: 329.33 | Actor Loss: -0.0046 | Critic Loss: 0.0655 | Grad Norm: 1.1251 | Clipped: 3/4
Epoch [1393/4000] | Avg Makespan: 319.23 | Actor Loss: -0.0013 | Critic Loss: 0.0385 | Grad Norm: 1.1129 | Clipped: 3/4
Epoch [1394/4000] | Avg Makespan: 318.41 | Actor Loss: -0.0074 | Critic Loss: 0.0468 | Grad Norm: 1.1725 | Clipped: 3/4
Epoch [1395/4000] | Avg Makespan: 324.94 | Actor Loss: -0.0068 | Critic Loss: 0.0320 | Grad Norm: 1.2957 | Clipped: 3/4
Epoch [1396/4000] | Avg Makespan: 320.32 | Actor Loss: -0.0041 | Critic Loss: 0.0353 | Grad Norm: 1.3840 | Clipped: 3/4
Epoch [1397/4000] | Avg Makespan: 324.52 | Actor Loss: -0.0032 | Critic Loss: 0.0431 | Grad Norm: 0.7866 | Clipped: 0/4
Epoch [1398/4000] | Avg Makespan: 315.84 | Actor Loss: -0.0061 | Critic Loss: 0.0317 | Grad Norm: 1.0139 | Clipped: 2/4
Epoch [1399/4000] | Avg Makespan: 319.93 | Actor Loss: -0.0073 | Critic Loss: 0.0687 | Grad Norm: 0.8469 | Clipped: 0/4
Epoch [1400/4000] | Avg Makespan: 317.67 | Actor Loss: -0.0035 | Critic Loss: 0.0290 | Grad Norm: 1.1025 | Clipped: 3/4
   -> Validation | Samples: 280 | Makespan: 445.49 | Invalid Jobs: 0.01 | Score: 452.63
   -> Saved updated training chart to /home/wei/Desktop/AMR-DFJSP/runs/20260825_013759_v10_F_s42/chart.png
Epoch [1401/4000] | Avg Makespan: 326.18 | Actor Loss: -0.0049 | Critic Loss: 0.1423 | Grad Norm: 1.0386 | Clipped: 2/4
Epoch [1402/4000] | Avg Makespan: 322.50 | Actor Loss: -0.0021 | Critic Loss: 0.0746 | Grad Norm: 0.9754 | Clipped: 2/4
Epoch [1403/4000] | Avg Makespan: 327.73 | Actor Loss: -0.0053 | Critic Loss: 0.1175 | Grad Norm: 0.7626 | Clipped: 0/4
Epoch [1404/4000] | Avg Makespan: 323.53 | Actor Loss: -0.0050 | Critic Loss: 0.0764 | Grad Norm: 1.1692 | Clipped: 1/4
Epoch [1405/4000] | Avg Makespan: 331.78 | Actor Loss: -0.0056 | Critic Loss: 0.4212 | Grad Norm: 1.3143 | Clipped: 4/4
Epoch [1406/4000] | Avg Makespan: 318.21 | Actor Loss: -0.0056 | Critic Loss: 0.0475 | Grad Norm: 1.1439 | Clipped: 2/4
Epoch [1407/4000] | Avg Makespan: 324.16 | Actor Loss: -0.0038 | Critic Loss: 0.0502 | Grad Norm: 0.8248 | Clipped: 1/4
Epoch [1408/4000] | Avg Makespan: 323.41 | Actor Loss: -0.0050 | Critic Loss: 0.0889 | Grad Norm: 0.8681 | Clipped: 1/4
Epoch [1409/4000] | Avg Makespan: 310.29 | Actor Loss: -0.0020 | Critic Loss: 0.0699 | Grad Norm: 1.1490 | Clipped: 3/4
Epoch [1410/4000] | Avg Makespan: 312.30 | Actor Loss: -0.0038 | Critic Loss: 0.0380 | Grad Norm: 1.0476 | Clipped: 2/4
Epoch [1411/4000] | Avg Makespan: 314.79 | Actor Loss: -0.0027 | Critic Loss: 0.0565 | Grad Norm: 1.1447 | Clipped: 2/4
Epoch [1412/4000] | Avg Makespan: 313.48 | Actor Loss: -0.0046 | Critic Loss: 0.0282 | Grad Norm: 1.0268 | Clipped: 1/4
Epoch [1413/4000] | Avg Makespan: 326.89 | Actor Loss: -0.0043 | Critic Loss: 0.1898 | Grad Norm: 1.3196 | Clipped: 4/4
Epoch [1414/4000] | Avg Makespan: 319.25 | Actor Loss: -0.0054 | Critic Loss: 0.0339 | Grad Norm: 1.0913 | Clipped: 2/4
Epoch [1415/4000] | Avg Makespan: 333.89 | Actor Loss: -0.0036 | Critic Loss: 0.1548 | Grad Norm: 0.8233 | Clipped: 1/4
Epoch [1416/4000] | Avg Makespan: 311.17 | Actor Loss: -0.0049 | Critic Loss: 0.0863 | Grad Norm: 0.8859 | Clipped: 1/4
Epoch [1417/4000] | Avg Makespan: 323.08 | Actor Loss: -0.0044 | Critic Loss: 0.1596 | Grad Norm: 0.8054 | Clipped: 0/4
Epoch [1418/4000] | Avg Makespan: 327.77 | Actor Loss: -0.0058 | Critic Loss: 0.0334 | Grad Norm: 1.2971 | Clipped: 4/4
Epoch [1419/4000] | Avg Makespan: 316.78 | Actor Loss: -0.0028 | Critic Loss: 0.0629 | Grad Norm: 1.1353 | Clipped: 3/4
Epoch [1420/4000] | Avg Makespan: 331.01 | Actor Loss: -0.0064 | Critic Loss: 0.0572 | Grad Norm: 1.1893 | Clipped: 4/4
Epoch [1421/4000] | Avg Makespan: 315.47 | Actor Loss: -0.0018 | Critic Loss: 0.1147 | Grad Norm: 1.3923 | Clipped: 2/4
Epoch [1422/4000] | Avg Makespan: 322.18 | Actor Loss: -0.0065 | Critic Loss: 0.1277 | Grad Norm: 1.3339 | Clipped: 3/4
Epoch [1423/4000] | Avg Makespan: 333.11 | Actor Loss: -0.0069 | Critic Loss: 0.2281 | Grad Norm: 1.4157 | Clipped: 3/4
Epoch [1424/4000] | Avg Makespan: 315.23 | Actor Loss: -0.0033 | Critic Loss: 0.0417 | Grad Norm: 1.5147 | Clipped: 4/4
Epoch [1425/4000] | Avg Makespan: 309.20 | Actor Loss: -0.0046 | Critic Loss: 0.0808 | Grad Norm: 1.1946 | Clipped: 4/4
Epoch [1426/4000] | Avg Makespan: 314.07 | Actor Loss: -0.0052 | Critic Loss: 0.0525 | Grad Norm: 0.9637 | Clipped: 1/4
Epoch [1427/4000] | Avg Makespan: 310.03 | Actor Loss: -0.0034 | Critic Loss: 0.0794 | Grad Norm: 0.8813 | Clipped: 1/4
Epoch [1428/4000] | Avg Makespan: 321.57 | Actor Loss: -0.0047 | Critic Loss: 0.1544 | Grad Norm: 1.3363 | Clipped: 4/4
Epoch [1429/4000] | Avg Makespan: 322.06 | Actor Loss: -0.0029 | Critic Loss: 0.0590 | Grad Norm: 1.4795 | Clipped: 4/4
Epoch [1430/4000] | Avg Makespan: 323.88 | Actor Loss: -0.0043 | Critic Loss: 0.1103 | Grad Norm: 1.3872 | Clipped: 4/4
Epoch [1431/4000] | Avg Makespan: 317.43 | Actor Loss: -0.0042 | Critic Loss: 0.0576 | Grad Norm: 1.2214 | Clipped: 3/4
Epoch [1432/4000] | Avg Makespan: 323.27 | Actor Loss: -0.0061 | Critic Loss: 0.0798 | Grad Norm: 1.4845 | Clipped: 3/4
Epoch [1433/4000] | Avg Makespan: 325.88 | Actor Loss: -0.0041 | Critic Loss: 0.1355 | Grad Norm: 1.4027 | Clipped: 3/4
Epoch [1434/4000] | Avg Makespan: 309.73 | Actor Loss: -0.0035 | Critic Loss: 0.0610 | Grad Norm: 1.3254 | Clipped: 4/4
Epoch [1435/4000] | Avg Makespan: 315.35 | Actor Loss: -0.0052 | Critic Loss: 0.1391 | Grad Norm: 1.9616 | Clipped: 4/4
Epoch [1436/4000] | Avg Makespan: 330.67 | Actor Loss: -0.0016 | Critic Loss: 0.2613 | Grad Norm: 1.7596 | Clipped: 4/4
Epoch [1437/4000] | Avg Makespan: 316.63 | Actor Loss: -0.0044 | Critic Loss: 0.0771 | Grad Norm: 1.0921 | Clipped: 2/4
Epoch [1438/4000] | Avg Makespan: 317.67 | Actor Loss: -0.0054 | Critic Loss: 0.0309 | Grad Norm: 1.5483 | Clipped: 4/4
Epoch [1439/4000] | Avg Makespan: 342.13 | Actor Loss: -0.0042 | Critic Loss: 0.3691 | Grad Norm: 2.0073 | Clipped: 4/4
Epoch [1440/4000] | Avg Makespan: 308.01 | Actor Loss: -0.0043 | Critic Loss: 0.1045 | Grad Norm: 2.0638 | Clipped: 4/4
Epoch [1441/4000] | Avg Makespan: 321.48 | Actor Loss: -0.0061 | Critic Loss: 0.0408 | Grad Norm: 1.0613 | Clipped: 1/4
Epoch [1442/4000] | Avg Makespan: 317.09 | Actor Loss: -0.0060 | Critic Loss: 0.0755 | Grad Norm: 1.2822 | Clipped: 3/4
Epoch [1443/4000] | Avg Makespan: 308.45 | Actor Loss: -0.0065 | Critic Loss: 0.0431 | Grad Norm: 1.6491 | Clipped: 3/4
Epoch [1444/4000] | Avg Makespan: 324.17 | Actor Loss: -0.0063 | Critic Loss: 0.1326 | Grad Norm: 1.1663 | Clipped: 3/4
Epoch [1445/4000] | Avg Makespan: 322.02 | Actor Loss: -0.0047 | Critic Loss: 0.1102 | Grad Norm: 1.2931 | Clipped: 4/4
Epoch [1446/4000] | Avg Makespan: 314.81 | Actor Loss: -0.0044 | Critic Loss: 0.1036 | Grad Norm: 1.3029 | Clipped: 4/4
Epoch [1447/4000] | Avg Makespan: 327.99 | Actor Loss: -0.0041 | Critic Loss: 0.3062 | Grad Norm: 1.4571 | Clipped: 4/4
Epoch [1448/4000] | Avg Makespan: 338.27 | Actor Loss: -0.0021 | Critic Loss: 0.2198 | Grad Norm: 1.7295 | Clipped: 3/4
Epoch [1449/4000] | Avg Makespan: 350.17 | Actor Loss: -0.0008 | Critic Loss: 0.5819 | Grad Norm: 1.7636 | Clipped: 4/4
Epoch [1450/4000] | Avg Makespan: 346.07 | Actor Loss: -0.0058 | Critic Loss: 0.2515 | Grad Norm: 1.4359 | Clipped: 3/4
Epoch [1451/4000] | Avg Makespan: 317.54 | Actor Loss: -0.0041 | Critic Loss: 0.2853 | Grad Norm: 1.8537 | Clipped: 4/4
Epoch [1452/4000] | Avg Makespan: 329.79 | Actor Loss: -0.0039 | Critic Loss: 0.2514 | Grad Norm: 1.1466 | Clipped: 2/4
Epoch [1453/4000] | Avg Makespan: 317.29 | Actor Loss: -0.0055 | Critic Loss: 0.1111 | Grad Norm: 1.3499 | Clipped: 3/4
Epoch [1454/4000] | Avg Makespan: 324.82 | Actor Loss: -0.0020 | Critic Loss: 0.0886 | Grad Norm: 1.4964 | Clipped: 3/4
Epoch [1455/4000] | Avg Makespan: 317.19 | Actor Loss: -0.0027 | Critic Loss: 0.1550 | Grad Norm: 1.4392 | Clipped: 4/4
Epoch [1456/4000] | Avg Makespan: 329.65 | Actor Loss: -0.0059 | Critic Loss: 0.5494 | Grad Norm: 1.6985 | Clipped: 4/4
Epoch [1457/4000] | Avg Makespan: 317.20 | Actor Loss: -0.0042 | Critic Loss: 0.0602 | Grad Norm: 1.6972 | Clipped: 4/4
Epoch [1458/4000] | Avg Makespan: 324.05 | Actor Loss: -0.0051 | Critic Loss: 0.0563 | Grad Norm: 1.1381 | Clipped: 3/4
Epoch [1459/4000] | Avg Makespan: 317.12 | Actor Loss: -0.0065 | Critic Loss: 0.1261 | Grad Norm: 1.5438 | Clipped: 4/4
Epoch [1460/4000] | Avg Makespan: 337.56 | Actor Loss: -0.0002 | Critic Loss: 0.3126 | Grad Norm: 2.3689 | Clipped: 4/4
Epoch [1461/4000] | Avg Makespan: 326.62 | Actor Loss: -0.0026 | Critic Loss: 0.1187 | Grad Norm: 2.1097 | Clipped: 4/4
Epoch [1462/4000] | Avg Makespan: 333.68 | Actor Loss: -0.0053 | Critic Loss: 0.2362 | Grad Norm: 1.6919 | Clipped: 4/4
Epoch [1463/4000] | Avg Makespan: 314.62 | Actor Loss: -0.0035 | Critic Loss: 0.1154 | Grad Norm: 1.8849 | Clipped: 4/4
Epoch [1464/4000] | Avg Makespan: 319.53 | Actor Loss: -0.0032 | Critic Loss: 0.1232 | Grad Norm: 2.2220 | Clipped: 4/4
Epoch [1465/4000] | Avg Makespan: 320.23 | Actor Loss: -0.0039 | Critic Loss: 0.1190 | Grad Norm: 1.1384 | Clipped: 3/4
Epoch [1466/4000] | Avg Makespan: 319.91 | Actor Loss: 0.0001 | Critic Loss: 0.1523 | Grad Norm: 1.4538 | Clipped: 4/4
Epoch [1467/4000] | Avg Makespan: 317.12 | Actor Loss: -0.0037 | Critic Loss: 0.1329 | Grad Norm: 1.9443 | Clipped: 4/4
Epoch [1468/4000] | Avg Makespan: 317.30 | Actor Loss: -0.0047 | Critic Loss: 0.1171 | Grad Norm: 1.2387 | Clipped: 4/4
Epoch [1469/4000] | Avg Makespan: 315.33 | Actor Loss: -0.0054 | Critic Loss: 0.1055 | Grad Norm: 1.2763 | Clipped: 4/4
Epoch [1470/4000] | Avg Makespan: 323.85 | Actor Loss: -0.0048 | Critic Loss: 0.1485 | Grad Norm: 2.0070 | Clipped: 4/4
Epoch [1471/4000] | Avg Makespan: 314.45 | Actor Loss: -0.0028 | Critic Loss: 0.0742 | Grad Norm: 1.4740 | Clipped: 4/4
Epoch [1472/4000] | Avg Makespan: 316.63 | Actor Loss: 0.0001 | Critic Loss: 0.0554 | Grad Norm: 2.0567 | Clipped: 4/4
Epoch [1473/4000] | Avg Makespan: 319.88 | Actor Loss: -0.0047 | Critic Loss: 0.0831 | Grad Norm: 2.8387 | Clipped: 4/4
Epoch [1474/4000] | Avg Makespan: 328.28 | Actor Loss: -0.0025 | Critic Loss: 0.4007 | Grad Norm: 1.1794 | Clipped: 3/4
Epoch [1475/4000] | Avg Makespan: 324.62 | Actor Loss: 0.0024 | Critic Loss: 0.2268 | Grad Norm: 2.9362 | Clipped: 4/4
Epoch [1476/4000] | Avg Makespan: 318.43 | Actor Loss: -0.0037 | Critic Loss: 0.0549 | Grad Norm: 2.2045 | Clipped: 4/4
Epoch [1477/4000] | Avg Makespan: 317.31 | Actor Loss: -0.0030 | Critic Loss: 0.1899 | Grad Norm: 1.2783 | Clipped: 4/4
Epoch [1478/4000] | Avg Makespan: 310.38 | Actor Loss: -0.0056 | Critic Loss: 0.0804 | Grad Norm: 1.3648 | Clipped: 4/4
Epoch [1479/4000] | Avg Makespan: 342.11 | Actor Loss: -0.0008 | Critic Loss: 0.5334 | Grad Norm: 2.0226 | Clipped: 4/4
Epoch [1480/4000] | Avg Makespan: 325.22 | Actor Loss: -0.0064 | Critic Loss: 0.3512 | Grad Norm: 1.0876 | Clipped: 1/4
Epoch [1481/4000] | Avg Makespan: 311.17 | Actor Loss: -0.0032 | Critic Loss: 0.1295 | Grad Norm: 1.5223 | Clipped: 4/4
Epoch [1482/4000] | Avg Makespan: 310.41 | Actor Loss: -0.0062 | Critic Loss: 0.0914 | Grad Norm: 1.5078 | Clipped: 4/4
Epoch [1483/4000] | Avg Makespan: 311.12 | Actor Loss: -0.0043 | Critic Loss: 0.0845 | Grad Norm: 1.7894 | Clipped: 4/4
Epoch [1484/4000] | Avg Makespan: 323.93 | Actor Loss: -0.0040 | Critic Loss: 0.4122 | Grad Norm: 1.5886 | Clipped: 4/4
Epoch [1485/4000] | Avg Makespan: 318.81 | Actor Loss: -0.0076 | Critic Loss: 0.1056 | Grad Norm: 1.3524 | Clipped: 3/4
Epoch [1486/4000] | Avg Makespan: 311.40 | Actor Loss: -0.0048 | Critic Loss: 0.0758 | Grad Norm: 1.1653 | Clipped: 3/4
Epoch [1487/4000] | Avg Makespan: 301.47 | Actor Loss: -0.0043 | Critic Loss: 0.1189 | Grad Norm: 1.6118 | Clipped: 4/4
Epoch [1488/4000] | Avg Makespan: 319.63 | Actor Loss: -0.0044 | Critic Loss: 0.0752 | Grad Norm: 1.7360 | Clipped: 4/4
Epoch [1489/4000] | Avg Makespan: 315.01 | Actor Loss: -0.0076 | Critic Loss: 0.0664 | Grad Norm: 1.1379 | Clipped: 4/4
Epoch [1490/4000] | Avg Makespan: 319.83 | Actor Loss: -0.0018 | Critic Loss: 0.1141 | Grad Norm: 1.5375 | Clipped: 4/4
Epoch [1491/4000] | Avg Makespan: 307.37 | Actor Loss: -0.0022 | Critic Loss: 0.0726 | Grad Norm: 1.4543 | Clipped: 4/4
Epoch [1492/4000] | Avg Makespan: 324.88 | Actor Loss: -0.0063 | Critic Loss: 0.2145 | Grad Norm: 1.2034 | Clipped: 3/4
Epoch [1493/4000] | Avg Makespan: 306.39 | Actor Loss: -0.0051 | Critic Loss: 0.0489 | Grad Norm: 1.2279 | Clipped: 3/4
Epoch [1494/4000] | Avg Makespan: 317.13 | Actor Loss: -0.0082 | Critic Loss: 0.1443 | Grad Norm: 1.1591 | Clipped: 3/4
Epoch [1495/4000] | Avg Makespan: 321.52 | Actor Loss: -0.0075 | Critic Loss: 0.1026 | Grad Norm: 1.1662 | Clipped: 3/4
Epoch [1496/4000] | Avg Makespan: 314.68 | Actor Loss: -0.0056 | Critic Loss: 0.0726 | Grad Norm: 1.3197 | Clipped: 4/4
Epoch [1497/4000] | Avg Makespan: 324.31 | Actor Loss: -0.0029 | Critic Loss: 0.4322 | Grad Norm: 1.1893 | Clipped: 2/4
Epoch [1498/4000] | Avg Makespan: 318.53 | Actor Loss: -0.0028 | Critic Loss: 0.0484 | Grad Norm: 1.8133 | Clipped: 4/4
Epoch [1499/4000] | Avg Makespan: 312.36 | Actor Loss: -0.0040 | Critic Loss: 0.0597 | Grad Norm: 1.8715 | Clipped: 4/4
Epoch [1500/4000] | Avg Makespan: 322.48 | Actor Loss: -0.0010 | Critic Loss: 0.1916 | Grad Norm: 1.4654 | Clipped: 3/4
   -> Validation | Samples: 280 | Makespan: 441.65 | Invalid Jobs: 0.00 | Score: 445.22
   -> Saved new best model (Val Psi-hat mean of last 5: 418.11; this eval 409.45)
   -> Saved updated training chart to /home/wei/Desktop/AMR-DFJSP/runs/20260825_013759_v10_F_s42/chart.png
Epoch [1501/4000] | Avg Makespan: 324.09 | Actor Loss: -0.0056 | Critic Loss: 0.2098 | Grad Norm: 1.3450 | Clipped: 3/4
Epoch [1502/4000] | Avg Makespan: 310.71 | Actor Loss: -0.0024 | Critic Loss: 0.0937 | Grad Norm: 1.6470 | Clipped: 4/4
Epoch [1503/4000] | Avg Makespan: 315.09 | Actor Loss: -0.0039 | Critic Loss: 0.0184 | Grad Norm: 1.0473 | Clipped: 2/4
Epoch [1504/4000] | Avg Makespan: 320.14 | Actor Loss: -0.0048 | Critic Loss: 0.0732 | Grad Norm: 1.6998 | Clipped: 4/4
Epoch [1505/4000] | Avg Makespan: 324.21 | Actor Loss: -0.0044 | Critic Loss: 0.1471 | Grad Norm: 1.2954 | Clipped: 3/4
Epoch [1506/4000] | Avg Makespan: 318.99 | Actor Loss: -0.0069 | Critic Loss: 0.0752 | Grad Norm: 1.3646 | Clipped: 4/4
Epoch [1507/4000] | Avg Makespan: 312.80 | Actor Loss: -0.0038 | Critic Loss: 0.0427 | Grad Norm: 1.5855 | Clipped: 3/4
Epoch [1508/4000] | Avg Makespan: 330.31 | Actor Loss: 0.0035 | Critic Loss: 0.3708 | Grad Norm: 2.8108 | Clipped: 4/4
Epoch [1509/4000] | Avg Makespan: 320.37 | Actor Loss: 0.0021 | Critic Loss: 0.0394 | Grad Norm: 1.7389 | Clipped: 4/4
Epoch [1510/4000] | Avg Makespan: 321.25 | Actor Loss: 0.0007 | Critic Loss: 0.0754 | Grad Norm: 1.6002 | Clipped: 4/4
Epoch [1511/4000] | Avg Makespan: 309.79 | Actor Loss: -0.0060 | Critic Loss: 0.1281 | Grad Norm: 1.7703 | Clipped: 3/4
Epoch [1512/4000] | Avg Makespan: 312.02 | Actor Loss: -0.0010 | Critic Loss: 0.0196 | Grad Norm: 1.9979 | Clipped: 4/4
Epoch [1513/4000] | Avg Makespan: 320.53 | Actor Loss: 0.0003 | Critic Loss: 0.0736 | Grad Norm: 2.2994 | Clipped: 4/4
Epoch [1514/4000] | Avg Makespan: 323.76 | Actor Loss: -0.0032 | Critic Loss: 0.1611 | Grad Norm: 2.1902 | Clipped: 4/4
Epoch [1515/4000] | Avg Makespan: 333.31 | Actor Loss: -0.0007 | Critic Loss: 0.2044 | Grad Norm: 2.0635 | Clipped: 4/4
Epoch [1516/4000] | Avg Makespan: 319.17 | Actor Loss: -0.0061 | Critic Loss: 0.1460 | Grad Norm: 1.2744 | Clipped: 3/4
Epoch [1517/4000] | Avg Makespan: 314.82 | Actor Loss: -0.0027 | Critic Loss: 0.0768 | Grad Norm: 1.8398 | Clipped: 4/4
Epoch [1518/4000] | Avg Makespan: 302.15 | Actor Loss: -0.0021 | Critic Loss: 0.1493 | Grad Norm: 1.4680 | Clipped: 4/4
Epoch [1519/4000] | Avg Makespan: 337.65 | Actor Loss: -0.0036 | Critic Loss: 0.1664 | Grad Norm: 1.8478 | Clipped: 4/4
Epoch [1520/4000] | Avg Makespan: 311.31 | Actor Loss: -0.0047 | Critic Loss: 0.0856 | Grad Norm: 1.3937 | Clipped: 3/4
Epoch [1521/4000] | Avg Makespan: 312.77 | Actor Loss: -0.0032 | Critic Loss: 0.0381 | Grad Norm: 2.1018 | Clipped: 4/4
Epoch [1522/4000] | Avg Makespan: 307.62 | Actor Loss: 0.0006 | Critic Loss: 0.0252 | Grad Norm: 1.8894 | Clipped: 4/4
Epoch [1523/4000] | Avg Makespan: 324.21 | Actor Loss: 0.0067 | Critic Loss: 0.1815 | Grad Norm: 3.1917 | Clipped: 4/4
Epoch [1524/4000] | Avg Makespan: 308.51 | Actor Loss: -0.0008 | Critic Loss: 0.0488 | Grad Norm: 1.7979 | Clipped: 3/4
Epoch [1525/4000] | Avg Makespan: 314.67 | Actor Loss: -0.0035 | Critic Loss: 0.0431 | Grad Norm: 2.0623 | Clipped: 4/4
Epoch [1526/4000] | Avg Makespan: 314.35 | Actor Loss: -0.0024 | Critic Loss: 0.1519 | Grad Norm: 1.2113 | Clipped: 2/4
Epoch [1527/4000] | Avg Makespan: 304.37 | Actor Loss: -0.0019 | Critic Loss: 0.0465 | Grad Norm: 1.6410 | Clipped: 4/4
Epoch [1528/4000] | Avg Makespan: 311.44 | Actor Loss: -0.0016 | Critic Loss: 0.2487 | Grad Norm: 1.2264 | Clipped: 4/4
Epoch [1529/4000] | Avg Makespan: 323.31 | Actor Loss: -0.0023 | Critic Loss: 0.1105 | Grad Norm: 1.6290 | Clipped: 4/4
Epoch [1530/4000] | Avg Makespan: 317.62 | Actor Loss: -0.0039 | Critic Loss: 0.0181 | Grad Norm: 1.0076 | Clipped: 2/4
Epoch [1531/4000] | Avg Makespan: 315.03 | Actor Loss: -0.0069 | Critic Loss: 0.0538 | Grad Norm: 1.5044 | Clipped: 4/4
Epoch [1532/4000] | Avg Makespan: 333.42 | Actor Loss: -0.0042 | Critic Loss: 0.1716 | Grad Norm: 1.6939 | Clipped: 4/4
Epoch [1533/4000] | Avg Makespan: 313.75 | Actor Loss: -0.0059 | Critic Loss: 0.1229 | Grad Norm: 1.0455 | Clipped: 2/4
Epoch [1534/4000] | Avg Makespan: 332.82 | Actor Loss: -0.0069 | Critic Loss: 0.2982 | Grad Norm: 1.3205 | Clipped: 4/4
Epoch [1535/4000] | Avg Makespan: 315.47 | Actor Loss: -0.0061 | Critic Loss: 0.0640 | Grad Norm: 0.9356 | Clipped: 1/4
Epoch [1536/4000] | Avg Makespan: 332.38 | Actor Loss: -0.0037 | Critic Loss: 0.1692 | Grad Norm: 1.2494 | Clipped: 3/4
Epoch [1537/4000] | Avg Makespan: 311.31 | Actor Loss: -0.0054 | Critic Loss: 0.0604 | Grad Norm: 1.0679 | Clipped: 3/4
Epoch [1538/4000] | Avg Makespan: 317.07 | Actor Loss: -0.0041 | Critic Loss: 0.0384 | Grad Norm: 1.1303 | Clipped: 4/4
Epoch [1539/4000] | Avg Makespan: 329.15 | Actor Loss: -0.0055 | Critic Loss: 0.2095 | Grad Norm: 1.2803 | Clipped: 4/4
Epoch [1540/4000] | Avg Makespan: 325.51 | Actor Loss: -0.0068 | Critic Loss: 0.1743 | Grad Norm: 0.9787 | Clipped: 2/4
Epoch [1541/4000] | Avg Makespan: 314.79 | Actor Loss: -0.0068 | Critic Loss: 0.1464 | Grad Norm: 1.0951 | Clipped: 3/4
Epoch [1542/4000] | Avg Makespan: 326.89 | Actor Loss: -0.0042 | Critic Loss: 0.3023 | Grad Norm: 1.3104 | Clipped: 3/4
Epoch [1543/4000] | Avg Makespan: 311.03 | Actor Loss: 0.0003 | Critic Loss: 0.0817 | Grad Norm: 1.7315 | Clipped: 4/4
Epoch [1544/4000] | Avg Makespan: 311.04 | Actor Loss: 0.0048 | Critic Loss: 0.0680 | Grad Norm: 2.0795 | Clipped: 4/4
Epoch [1545/4000] | Avg Makespan: 328.70 | Actor Loss: 0.0035 | Critic Loss: 0.1162 | Grad Norm: 2.2645 | Clipped: 4/4
Epoch [1546/4000] | Avg Makespan: 311.05 | Actor Loss: 0.0013 | Critic Loss: 0.0441 | Grad Norm: 1.3090 | Clipped: 4/4
Epoch [1547/4000] | Avg Makespan: 306.33 | Actor Loss: -0.0030 | Critic Loss: 0.0647 | Grad Norm: 1.4735 | Clipped: 4/4
Epoch [1548/4000] | Avg Makespan: 317.17 | Actor Loss: -0.0054 | Critic Loss: 0.0839 | Grad Norm: 1.3018 | Clipped: 3/4
Epoch [1549/4000] | Avg Makespan: 322.13 | Actor Loss: -0.0073 | Critic Loss: 0.1584 | Grad Norm: 1.6376 | Clipped: 4/4
Epoch [1550/4000] | Avg Makespan: 312.11 | Actor Loss: -0.0047 | Critic Loss: 0.0444 | Grad Norm: 1.4103 | Clipped: 4/4
Epoch [1551/4000] | Avg Makespan: 311.86 | Actor Loss: -0.0067 | Critic Loss: 0.0855 | Grad Norm: 1.2268 | Clipped: 4/4
Epoch [1552/4000] | Avg Makespan: 309.88 | Actor Loss: -0.0035 | Critic Loss: 0.0370 | Grad Norm: 1.3300 | Clipped: 4/4
Epoch [1553/4000] | Avg Makespan: 325.19 | Actor Loss: -0.0039 | Critic Loss: 0.3452 | Grad Norm: 1.6919 | Clipped: 4/4
Epoch [1554/4000] | Avg Makespan: 316.53 | Actor Loss: -0.0063 | Critic Loss: 0.0782 | Grad Norm: 1.1101 | Clipped: 3/4
Epoch [1555/4000] | Avg Makespan: 325.91 | Actor Loss: -0.0078 | Critic Loss: 0.1048 | Grad Norm: 1.0661 | Clipped: 2/4
Epoch [1556/4000] | Avg Makespan: 323.55 | Actor Loss: -0.0057 | Critic Loss: 0.2102 | Grad Norm: 1.8138 | Clipped: 4/4
Epoch [1557/4000] | Avg Makespan: 322.63 | Actor Loss: -0.0074 | Critic Loss: 0.0515 | Grad Norm: 1.1833 | Clipped: 4/4
Epoch [1558/4000] | Avg Makespan: 313.25 | Actor Loss: -0.0063 | Critic Loss: 0.0706 | Grad Norm: 1.4086 | Clipped: 4/4
Epoch [1559/4000] | Avg Makespan: 318.76 | Actor Loss: -0.0062 | Critic Loss: 0.1091 | Grad Norm: 1.2420 | Clipped: 3/4
Epoch [1560/4000] | Avg Makespan: 316.16 | Actor Loss: -0.0056 | Critic Loss: 0.1229 | Grad Norm: 1.3356 | Clipped: 4/4
Epoch [1561/4000] | Avg Makespan: 318.04 | Actor Loss: -0.0046 | Critic Loss: 0.0263 | Grad Norm: 1.7212 | Clipped: 4/4
Epoch [1562/4000] | Avg Makespan: 322.52 | Actor Loss: -0.0052 | Critic Loss: 0.0947 | Grad Norm: 1.4778 | Clipped: 4/4
Epoch [1563/4000] | Avg Makespan: 318.42 | Actor Loss: -0.0060 | Critic Loss: 0.0584 | Grad Norm: 1.1178 | Clipped: 2/4
Epoch [1564/4000] | Avg Makespan: 314.38 | Actor Loss: -0.0041 | Critic Loss: 0.0361 | Grad Norm: 1.4425 | Clipped: 4/4
Epoch [1565/4000] | Avg Makespan: 317.96 | Actor Loss: -0.0046 | Critic Loss: 0.0205 | Grad Norm: 1.4584 | Clipped: 3/4
Epoch [1566/4000] | Avg Makespan: 320.04 | Actor Loss: -0.0058 | Critic Loss: 0.2082 | Grad Norm: 1.4159 | Clipped: 3/4
Epoch [1567/4000] | Avg Makespan: 320.43 | Actor Loss: -0.0023 | Critic Loss: 0.0688 | Grad Norm: 1.2701 | Clipped: 4/4
Epoch [1568/4000] | Avg Makespan: 321.13 | Actor Loss: -0.0051 | Critic Loss: 0.0296 | Grad Norm: 1.3058 | Clipped: 3/4
Epoch [1569/4000] | Avg Makespan: 321.25 | Actor Loss: -0.0035 | Critic Loss: 0.0272 | Grad Norm: 1.2653 | Clipped: 3/4
Epoch [1570/4000] | Avg Makespan: 318.93 | Actor Loss: -0.0060 | Critic Loss: 0.0536 | Grad Norm: 1.2226 | Clipped: 2/4
Epoch [1571/4000] | Avg Makespan: 314.81 | Actor Loss: -0.0062 | Critic Loss: 0.0426 | Grad Norm: 1.2295 | Clipped: 3/4
Epoch [1572/4000] | Avg Makespan: 327.64 | Actor Loss: -0.0058 | Critic Loss: 0.1124 | Grad Norm: 1.4220 | Clipped: 4/4
Epoch [1573/4000] | Avg Makespan: 321.39 | Actor Loss: -0.0073 | Critic Loss: 0.0656 | Grad Norm: 0.9168 | Clipped: 2/4
Epoch [1574/4000] | Avg Makespan: 315.14 | Actor Loss: -0.0051 | Critic Loss: 0.0682 | Grad Norm: 1.2238 | Clipped: 3/4
Epoch [1575/4000] | Avg Makespan: 320.05 | Actor Loss: -0.0062 | Critic Loss: 0.0238 | Grad Norm: 1.1246 | Clipped: 2/4
Epoch [1576/4000] | Avg Makespan: 317.48 | Actor Loss: -0.0024 | Critic Loss: 0.0530 | Grad Norm: 1.1312 | Clipped: 3/4
Epoch [1577/4000] | Avg Makespan: 314.66 | Actor Loss: -0.0051 | Critic Loss: 0.0416 | Grad Norm: 1.3502 | Clipped: 3/4
Epoch [1578/4000] | Avg Makespan: 331.33 | Actor Loss: -0.0033 | Critic Loss: 0.1110 | Grad Norm: 1.2644 | Clipped: 3/4
Epoch [1579/4000] | Avg Makespan: 327.79 | Actor Loss: -0.0054 | Critic Loss: 0.1421 | Grad Norm: 1.0546 | Clipped: 2/4
Epoch [1580/4000] | Avg Makespan: 324.53 | Actor Loss: -0.0070 | Critic Loss: 0.1610 | Grad Norm: 1.1515 | Clipped: 4/4
Epoch [1581/4000] | Avg Makespan: 326.19 | Actor Loss: -0.0042 | Critic Loss: 0.1374 | Grad Norm: 1.0355 | Clipped: 1/4
Epoch [1582/4000] | Avg Makespan: 321.14 | Actor Loss: -0.0034 | Critic Loss: 0.0606 | Grad Norm: 0.9400 | Clipped: 1/4
Epoch [1583/4000] | Avg Makespan: 327.21 | Actor Loss: -0.0030 | Critic Loss: 0.0297 | Grad Norm: 1.0244 | Clipped: 2/4
Epoch [1584/4000] | Avg Makespan: 324.59 | Actor Loss: -0.0052 | Critic Loss: 0.0337 | Grad Norm: 1.3946 | Clipped: 4/4
Epoch [1585/4000] | Avg Makespan: 318.22 | Actor Loss: -0.0056 | Critic Loss: 0.0222 | Grad Norm: 1.0845 | Clipped: 2/4
Epoch [1586/4000] | Avg Makespan: 318.84 | Actor Loss: -0.0070 | Critic Loss: 0.0841 | Grad Norm: 1.0926 | Clipped: 3/4
Epoch [1587/4000] | Avg Makespan: 328.95 | Actor Loss: -0.0075 | Critic Loss: 0.0697 | Grad Norm: 1.0492 | Clipped: 2/4
Epoch [1588/4000] | Avg Makespan: 315.88 | Actor Loss: -0.0033 | Critic Loss: 0.0341 | Grad Norm: 0.8181 | Clipped: 1/4
Epoch [1589/4000] | Avg Makespan: 326.03 | Actor Loss: -0.0042 | Critic Loss: 0.0711 | Grad Norm: 0.9208 | Clipped: 1/4
Epoch [1590/4000] | Avg Makespan: 322.92 | Actor Loss: -0.0051 | Critic Loss: 0.0564 | Grad Norm: 1.2283 | Clipped: 4/4
Epoch [1591/4000] | Avg Makespan: 322.55 | Actor Loss: -0.0033 | Critic Loss: 0.0601 | Grad Norm: 1.2033 | Clipped: 2/4
Epoch [1592/4000] | Avg Makespan: 315.72 | Actor Loss: -0.0027 | Critic Loss: 0.0386 | Grad Norm: 1.5467 | Clipped: 4/4
Epoch [1593/4000] | Avg Makespan: 313.07 | Actor Loss: -0.0042 | Critic Loss: 0.0377 | Grad Norm: 1.1472 | Clipped: 2/4
Epoch [1594/4000] | Avg Makespan: 319.79 | Actor Loss: -0.0062 | Critic Loss: 0.0372 | Grad Norm: 1.1946 | Clipped: 3/4
Epoch [1595/4000] | Avg Makespan: 316.03 | Actor Loss: -0.0042 | Critic Loss: 0.0316 | Grad Norm: 1.0356 | Clipped: 2/4
Epoch [1596/4000] | Avg Makespan: 315.71 | Actor Loss: -0.0026 | Critic Loss: 0.0133 | Grad Norm: 1.1342 | Clipped: 3/4
Epoch [1597/4000] | Avg Makespan: 322.05 | Actor Loss: -0.0039 | Critic Loss: 0.0361 | Grad Norm: 1.2871 | Clipped: 3/4
Epoch [1598/4000] | Avg Makespan: 319.52 | Actor Loss: -0.0045 | Critic Loss: 0.0508 | Grad Norm: 1.4442 | Clipped: 3/4
Epoch [1599/4000] | Avg Makespan: 320.16 | Actor Loss: -0.0057 | Critic Loss: 0.1305 | Grad Norm: 1.0297 | Clipped: 3/4
Epoch [1600/4000] | Avg Makespan: 316.62 | Actor Loss: -0.0033 | Critic Loss: 0.0328 | Grad Norm: 1.1039 | Clipped: 3/4
   -> Validation | Samples: 280 | Makespan: 445.28 | Invalid Jobs: 0.00 | Score: 445.28
   -> Saved new best model (Val Score mean of last 5: 450.76; this eval 445.28)
   -> Saved new best model (Val Psi-hat mean of last 5: 417.70; this eval 415.38)
   -> Saved updated training chart to /home/wei/Desktop/AMR-DFJSP/runs/20260825_013759_v10_F_s42/chart.png
Epoch [1601/4000] | Avg Makespan: 316.82 | Actor Loss: -0.0063 | Critic Loss: 0.0240 | Grad Norm: 1.4059 | Clipped: 4/4
Epoch [1602/4000] | Avg Makespan: 313.10 | Actor Loss: -0.0028 | Critic Loss: 0.0199 | Grad Norm: 1.0463 | Clipped: 2/4
Epoch [1603/4000] | Avg Makespan: 322.62 | Actor Loss: -0.0042 | Critic Loss: 0.0320 | Grad Norm: 1.3291 | Clipped: 4/4
Epoch [1604/4000] | Avg Makespan: 319.21 | Actor Loss: -0.0053 | Critic Loss: 0.0264 | Grad Norm: 1.1381 | Clipped: 1/4
Epoch [1605/4000] | Avg Makespan: 318.35 | Actor Loss: -0.0033 | Critic Loss: 0.0525 | Grad Norm: 0.9649 | Clipped: 1/4
Epoch [1606/4000] | Avg Makespan: 314.16 | Actor Loss: -0.0033 | Critic Loss: 0.1042 | Grad Norm: 1.4905 | Clipped: 3/4
Epoch [1607/4000] | Avg Makespan: 323.95 | Actor Loss: -0.0030 | Critic Loss: 0.1794 | Grad Norm: 0.8705 | Clipped: 0/4
Epoch [1608/4000] | Avg Makespan: 317.49 | Actor Loss: -0.0056 | Critic Loss: 0.0492 | Grad Norm: 0.7690 | Clipped: 0/4
Epoch [1609/4000] | Avg Makespan: 316.57 | Actor Loss: -0.0035 | Critic Loss: 0.0253 | Grad Norm: 0.9017 | Clipped: 1/4
Epoch [1610/4000] | Avg Makespan: 325.07 | Actor Loss: -0.0054 | Critic Loss: 0.0825 | Grad Norm: 1.1038 | Clipped: 3/4
Epoch [1611/4000] | Avg Makespan: 319.83 | Actor Loss: -0.0005 | Critic Loss: 0.0492 | Grad Norm: 1.3803 | Clipped: 2/4
Epoch [1612/4000] | Avg Makespan: 318.91 | Actor Loss: -0.0035 | Critic Loss: 0.0583 | Grad Norm: 1.6882 | Clipped: 3/4
Epoch [1613/4000] | Avg Makespan: 313.69 | Actor Loss: -0.0047 | Critic Loss: 0.0424 | Grad Norm: 1.3425 | Clipped: 2/4
Epoch [1614/4000] | Avg Makespan: 314.97 | Actor Loss: -0.0053 | Critic Loss: 0.0714 | Grad Norm: 1.0124 | Clipped: 2/4
Epoch [1615/4000] | Avg Makespan: 310.27 | Actor Loss: -0.0031 | Critic Loss: 0.0789 | Grad Norm: 1.6622 | Clipped: 4/4
Epoch [1616/4000] | Avg Makespan: 330.72 | Actor Loss: -0.0047 | Critic Loss: 0.2557 | Grad Norm: 1.0546 | Clipped: 2/4
Epoch [1617/4000] | Avg Makespan: 324.29 | Actor Loss: -0.0049 | Critic Loss: 0.0618 | Grad Norm: 1.1655 | Clipped: 3/4
Epoch [1618/4000] | Avg Makespan: 324.95 | Actor Loss: -0.0050 | Critic Loss: 0.0300 | Grad Norm: 1.1013 | Clipped: 3/4
Epoch [1619/4000] | Avg Makespan: 331.78 | Actor Loss: -0.0021 | Critic Loss: 0.2068 | Grad Norm: 1.6639 | Clipped: 4/4
Epoch [1620/4000] | Avg Makespan: 313.43 | Actor Loss: -0.0031 | Critic Loss: 0.0886 | Grad Norm: 1.4962 | Clipped: 4/4
Epoch [1621/4000] | Avg Makespan: 326.66 | Actor Loss: -0.0038 | Critic Loss: 0.1791 | Grad Norm: 1.1745 | Clipped: 2/4
Epoch [1622/4000] | Avg Makespan: 313.58 | Actor Loss: -0.0040 | Critic Loss: 0.0768 | Grad Norm: 1.1971 | Clipped: 3/4
Epoch [1623/4000] | Avg Makespan: 327.98 | Actor Loss: -0.0049 | Critic Loss: 0.0902 | Grad Norm: 1.4429 | Clipped: 4/4
Epoch [1624/4000] | Avg Makespan: 332.53 | Actor Loss: -0.0052 | Critic Loss: 0.2905 | Grad Norm: 1.2419 | Clipped: 4/4
Epoch [1625/4000] | Avg Makespan: 309.09 | Actor Loss: -0.0023 | Critic Loss: 0.0927 | Grad Norm: 1.0711 | Clipped: 3/4
Epoch [1626/4000] | Avg Makespan: 322.56 | Actor Loss: -0.0044 | Critic Loss: 0.0839 | Grad Norm: 0.9977 | Clipped: 3/4
Epoch [1627/4000] | Avg Makespan: 313.12 | Actor Loss: -0.0033 | Critic Loss: 0.0321 | Grad Norm: 0.9717 | Clipped: 1/4
Epoch [1628/4000] | Avg Makespan: 322.66 | Actor Loss: -0.0042 | Critic Loss: 0.0836 | Grad Norm: 1.0316 | Clipped: 2/4
Epoch [1629/4000] | Avg Makespan: 321.40 | Actor Loss: -0.0048 | Critic Loss: 0.0575 | Grad Norm: 0.9579 | Clipped: 1/4
Epoch [1630/4000] | Avg Makespan: 317.78 | Actor Loss: -0.0047 | Critic Loss: 0.0772 | Grad Norm: 1.1332 | Clipped: 3/4
Epoch [1631/4000] | Avg Makespan: 312.55 | Actor Loss: -0.0035 | Critic Loss: 0.0259 | Grad Norm: 1.2673 | Clipped: 2/4
Epoch [1632/4000] | Avg Makespan: 320.51 | Actor Loss: -0.0053 | Critic Loss: 0.0277 | Grad Norm: 0.9936 | Clipped: 2/4
Epoch [1633/4000] | Avg Makespan: 314.14 | Actor Loss: -0.0031 | Critic Loss: 0.0848 | Grad Norm: 1.2201 | Clipped: 3/4
Epoch [1634/4000] | Avg Makespan: 317.89 | Actor Loss: -0.0058 | Critic Loss: 0.0520 | Grad Norm: 1.0996 | Clipped: 2/4
Epoch [1635/4000] | Avg Makespan: 311.56 | Actor Loss: -0.0038 | Critic Loss: 0.0309 | Grad Norm: 0.8650 | Clipped: 1/4
Epoch [1636/4000] | Avg Makespan: 321.36 | Actor Loss: -0.0047 | Critic Loss: 0.1218 | Grad Norm: 0.8547 | Clipped: 0/4
Epoch [1637/4000] | Avg Makespan: 317.42 | Actor Loss: -0.0068 | Critic Loss: 0.0227 | Grad Norm: 0.9921 | Clipped: 1/4
Epoch [1638/4000] | Avg Makespan: 319.53 | Actor Loss: -0.0059 | Critic Loss: 0.0440 | Grad Norm: 1.3461 | Clipped: 4/4
Epoch [1639/4000] | Avg Makespan: 318.10 | Actor Loss: -0.0060 | Critic Loss: 0.0800 | Grad Norm: 1.3488 | Clipped: 3/4
Epoch [1640/4000] | Avg Makespan: 321.78 | Actor Loss: -0.0043 | Critic Loss: 0.0820 | Grad Norm: 1.1334 | Clipped: 2/4
Epoch [1641/4000] | Avg Makespan: 317.57 | Actor Loss: -0.0057 | Critic Loss: 0.0204 | Grad Norm: 1.0094 | Clipped: 1/4
Epoch [1642/4000] | Avg Makespan: 323.49 | Actor Loss: -0.0024 | Critic Loss: 0.0822 | Grad Norm: 1.3113 | Clipped: 4/4
Epoch [1643/4000] | Avg Makespan: 314.46 | Actor Loss: -0.0030 | Critic Loss: 0.1008 | Grad Norm: 1.3941 | Clipped: 4/4
Epoch [1644/4000] | Avg Makespan: 320.33 | Actor Loss: -0.0050 | Critic Loss: 0.1483 | Grad Norm: 1.5288 | Clipped: 4/4
Epoch [1645/4000] | Avg Makespan: 307.77 | Actor Loss: -0.0055 | Critic Loss: 0.0838 | Grad Norm: 0.8776 | Clipped: 1/4
Epoch [1646/4000] | Avg Makespan: 321.33 | Actor Loss: -0.0063 | Critic Loss: 0.0722 | Grad Norm: 1.1551 | Clipped: 4/4
Epoch [1647/4000] | Avg Makespan: 323.14 | Actor Loss: -0.0012 | Critic Loss: 0.0475 | Grad Norm: 1.7713 | Clipped: 4/4
Epoch [1648/4000] | Avg Makespan: 311.25 | Actor Loss: 0.0001 | Critic Loss: 0.0300 | Grad Norm: 1.4523 | Clipped: 4/4
Epoch [1649/4000] | Avg Makespan: 328.64 | Actor Loss: -0.0049 | Critic Loss: 0.1995 | Grad Norm: 1.0626 | Clipped: 3/4
Epoch [1650/4000] | Avg Makespan: 325.08 | Actor Loss: -0.0027 | Critic Loss: 0.0679 | Grad Norm: 1.0379 | Clipped: 2/4
Epoch [1651/4000] | Avg Makespan: 316.88 | Actor Loss: -0.0041 | Critic Loss: 0.0323 | Grad Norm: 1.5701 | Clipped: 4/4
Epoch [1652/4000] | Avg Makespan: 319.34 | Actor Loss: -0.0035 | Critic Loss: 0.1238 | Grad Norm: 0.8925 | Clipped: 2/4
Epoch [1653/4000] | Avg Makespan: 315.96 | Actor Loss: -0.0036 | Critic Loss: 0.0462 | Grad Norm: 1.5682 | Clipped: 3/4
Epoch [1654/4000] | Avg Makespan: 310.90 | Actor Loss: -0.0022 | Critic Loss: 0.0312 | Grad Norm: 1.1971 | Clipped: 3/4
Epoch [1655/4000] | Avg Makespan: 315.23 | Actor Loss: -0.0011 | Critic Loss: 0.0352 | Grad Norm: 2.1500 | Clipped: 4/4
Epoch [1656/4000] | Avg Makespan: 326.89 | Actor Loss: -0.0041 | Critic Loss: 0.2889 | Grad Norm: 1.7138 | Clipped: 4/4
Epoch [1657/4000] | Avg Makespan: 316.63 | Actor Loss: -0.0054 | Critic Loss: 0.0677 | Grad Norm: 1.3305 | Clipped: 4/4
Epoch [1658/4000] | Avg Makespan: 311.74 | Actor Loss: 0.0008 | Critic Loss: 0.0223 | Grad Norm: 1.9719 | Clipped: 4/4
Epoch [1659/4000] | Avg Makespan: 315.08 | Actor Loss: -0.0055 | Critic Loss: 0.0244 | Grad Norm: 1.1422 | Clipped: 1/4
Epoch [1660/4000] | Avg Makespan: 324.99 | Actor Loss: -0.0065 | Critic Loss: 0.1834 | Grad Norm: 1.0156 | Clipped: 3/4
Epoch [1661/4000] | Avg Makespan: 323.30 | Actor Loss: -0.0032 | Critic Loss: 0.1142 | Grad Norm: 1.5263 | Clipped: 4/4
Epoch [1662/4000] | Avg Makespan: 334.15 | Actor Loss: -0.0014 | Critic Loss: 0.1763 | Grad Norm: 1.5446 | Clipped: 4/4
Epoch [1663/4000] | Avg Makespan: 321.11 | Actor Loss: -0.0047 | Critic Loss: 0.0675 | Grad Norm: 1.1064 | Clipped: 2/4
Epoch [1664/4000] | Avg Makespan: 329.45 | Actor Loss: -0.0039 | Critic Loss: 0.0852 | Grad Norm: 1.1361 | Clipped: 3/4
Epoch [1665/4000] | Avg Makespan: 312.62 | Actor Loss: -0.0059 | Critic Loss: 0.1169 | Grad Norm: 1.0831 | Clipped: 1/4
Epoch [1666/4000] | Avg Makespan: 320.57 | Actor Loss: -0.0061 | Critic Loss: 0.0445 | Grad Norm: 1.1930 | Clipped: 3/4
Epoch [1667/4000] | Avg Makespan: 325.70 | Actor Loss: -0.0042 | Critic Loss: 0.0885 | Grad Norm: 0.9440 | Clipped: 1/4
Epoch [1668/4000] | Avg Makespan: 319.67 | Actor Loss: -0.0065 | Critic Loss: 0.1053 | Grad Norm: 1.1021 | Clipped: 3/4
Epoch [1669/4000] | Avg Makespan: 314.08 | Actor Loss: -0.0060 | Critic Loss: 0.0176 | Grad Norm: 1.1959 | Clipped: 3/4
Epoch [1670/4000] | Avg Makespan: 326.65 | Actor Loss: -0.0050 | Critic Loss: 0.0921 | Grad Norm: 1.0706 | Clipped: 3/4
Epoch [1671/4000] | Avg Makespan: 326.21 | Actor Loss: -0.0059 | Critic Loss: 0.0716 | Grad Norm: 1.4050 | Clipped: 3/4
Epoch [1672/4000] | Avg Makespan: 322.64 | Actor Loss: -0.0029 | Critic Loss: 0.0878 | Grad Norm: 1.0969 | Clipped: 2/4
Epoch [1673/4000] | Avg Makespan: 318.94 | Actor Loss: -0.0054 | Critic Loss: 0.0939 | Grad Norm: 1.0651 | Clipped: 3/4
Epoch [1674/4000] | Avg Makespan: 331.06 | Actor Loss: -0.0073 | Critic Loss: 0.1009 | Grad Norm: 1.0802 | Clipped: 3/4
Epoch [1675/4000] | Avg Makespan: 313.83 | Actor Loss: -0.0037 | Critic Loss: 0.0441 | Grad Norm: 1.1051 | Clipped: 2/4
Epoch [1676/4000] | Avg Makespan: 310.24 | Actor Loss: -0.0037 | Critic Loss: 0.0495 | Grad Norm: 1.1310 | Clipped: 3/4
Epoch [1677/4000] | Avg Makespan: 308.42 | Actor Loss: -0.0043 | Critic Loss: 0.0366 | Grad Norm: 1.4526 | Clipped: 4/4
Epoch [1678/4000] | Avg Makespan: 310.57 | Actor Loss: -0.0051 | Critic Loss: 0.0344 | Grad Norm: 1.4665 | Clipped: 4/4
Epoch [1679/4000] | Avg Makespan: 308.86 | Actor Loss: -0.0057 | Critic Loss: 0.0235 | Grad Norm: 1.5969 | Clipped: 4/4
Epoch [1680/4000] | Avg Makespan: 323.13 | Actor Loss: -0.0058 | Critic Loss: 0.1572 | Grad Norm: 1.0099 | Clipped: 2/4
Epoch [1681/4000] | Avg Makespan: 324.23 | Actor Loss: -0.0042 | Critic Loss: 0.0669 | Grad Norm: 1.1558 | Clipped: 3/4
Epoch [1682/4000] | Avg Makespan: 323.99 | Actor Loss: -0.0023 | Critic Loss: 0.0936 | Grad Norm: 1.3933 | Clipped: 2/4
Epoch [1683/4000] | Avg Makespan: 314.35 | Actor Loss: -0.0022 | Critic Loss: 0.0939 | Grad Norm: 1.4854 | Clipped: 4/4
Epoch [1684/4000] | Avg Makespan: 321.30 | Actor Loss: -0.0030 | Critic Loss: 0.0953 | Grad Norm: 2.2312 | Clipped: 4/4
Epoch [1685/4000] | Avg Makespan: 326.88 | Actor Loss: -0.0013 | Critic Loss: 0.2780 | Grad Norm: 1.8836 | Clipped: 4/4
Epoch [1686/4000] | Avg Makespan: 317.06 | Actor Loss: -0.0037 | Critic Loss: 0.1178 | Grad Norm: 1.6895 | Clipped: 3/4
Epoch [1687/4000] | Avg Makespan: 323.84 | Actor Loss: -0.0017 | Critic Loss: 0.1391 | Grad Norm: 1.4255 | Clipped: 4/4
Epoch [1688/4000] | Avg Makespan: 320.22 | Actor Loss: -0.0043 | Critic Loss: 0.0379 | Grad Norm: 1.2122 | Clipped: 3/4
Epoch [1689/4000] | Avg Makespan: 322.96 | Actor Loss: -0.0025 | Critic Loss: 0.0845 | Grad Norm: 2.0932 | Clipped: 4/4
Epoch [1690/4000] | Avg Makespan: 321.50 | Actor Loss: -0.0023 | Critic Loss: 0.0465 | Grad Norm: 1.6063 | Clipped: 4/4
Epoch [1691/4000] | Avg Makespan: 313.69 | Actor Loss: -0.0055 | Critic Loss: 0.0419 | Grad Norm: 1.5580 | Clipped: 4/4
Epoch [1692/4000] | Avg Makespan: 315.00 | Actor Loss: -0.0040 | Critic Loss: 0.0477 | Grad Norm: 2.1864 | Clipped: 4/4
Epoch [1693/4000] | Avg Makespan: 318.26 | Actor Loss: -0.0068 | Critic Loss: 0.0374 | Grad Norm: 1.8751 | Clipped: 4/4
Epoch [1694/4000] | Avg Makespan: 320.92 | Actor Loss: -0.0065 | Critic Loss: 0.0975 | Grad Norm: 1.3695 | Clipped: 4/4
Epoch [1695/4000] | Avg Makespan: 327.05 | Actor Loss: -0.0039 | Critic Loss: 0.1346 | Grad Norm: 1.5182 | Clipped: 3/4
Epoch [1696/4000] | Avg Makespan: 334.15 | Actor Loss: -0.0020 | Critic Loss: 0.4167 | Grad Norm: 1.9620 | Clipped: 4/4
Epoch [1697/4000] | Avg Makespan: 313.74 | Actor Loss: 0.0005 | Critic Loss: 0.1283 | Grad Norm: 2.2222 | Clipped: 4/4
Epoch [1698/4000] | Avg Makespan: 313.15 | Actor Loss: 0.0005 | Critic Loss: 0.0909 | Grad Norm: 2.0997 | Clipped: 4/4
Epoch [1699/4000] | Avg Makespan: 314.05 | Actor Loss: 0.0003 | Critic Loss: 0.0479 | Grad Norm: 2.6846 | Clipped: 4/4
Epoch [1700/4000] | Avg Makespan: 335.22 | Actor Loss: -0.0021 | Critic Loss: 0.2924 | Grad Norm: 1.7855 | Clipped: 4/4
   -> Validation | Samples: 280 | Makespan: 446.26 | Invalid Jobs: 0.01 | Score: 453.41
   -> Saved new best model (Val Score mean of last 5: 449.77; this eval 453.41)
   -> Saved new best model (Val Psi-hat mean of last 5: 415.75; this eval 415.49)
   -> Saved updated training chart to /home/wei/Desktop/AMR-DFJSP/runs/20260825_013759_v10_F_s42/chart.png
Epoch [1701/4000] | Avg Makespan: 312.83 | Actor Loss: -0.0071 | Critic Loss: 0.0468 | Grad Norm: 1.9698 | Clipped: 4/4
Epoch [1702/4000] | Avg Makespan: 323.85 | Actor Loss: -0.0038 | Critic Loss: 0.1992 | Grad Norm: 1.8230 | Clipped: 4/4
Epoch [1703/4000] | Avg Makespan: 312.10 | Actor Loss: -0.0036 | Critic Loss: 0.0258 | Grad Norm: 2.1106 | Clipped: 4/4
Epoch [1704/4000] | Avg Makespan: 315.16 | Actor Loss: -0.0039 | Critic Loss: 0.0650 | Grad Norm: 2.1939 | Clipped: 4/4
Epoch [1705/4000] | Avg Makespan: 321.87 | Actor Loss: -0.0066 | Critic Loss: 0.1436 | Grad Norm: 1.4799 | Clipped: 4/4
Epoch [1706/4000] | Avg Makespan: 327.60 | Actor Loss: -0.0013 | Critic Loss: 0.0957 | Grad Norm: 2.4420 | Clipped: 4/4
Epoch [1707/4000] | Avg Makespan: 316.55 | Actor Loss: -0.0033 | Critic Loss: 0.0219 | Grad Norm: 2.5017 | Clipped: 4/4
Epoch [1708/4000] | Avg Makespan: 314.39 | Actor Loss: -0.0047 | Critic Loss: 0.0345 | Grad Norm: 1.5104 | Clipped: 4/4
Epoch [1709/4000] | Avg Makespan: 315.42 | Actor Loss: -0.0032 | Critic Loss: 0.0364 | Grad Norm: 2.6901 | Clipped: 4/4
Epoch [1710/4000] | Avg Makespan: 314.11 | Actor Loss: -0.0044 | Critic Loss: 0.0271 | Grad Norm: 1.5823 | Clipped: 4/4
Epoch [1711/4000] | Avg Makespan: 316.46 | Actor Loss: -0.0044 | Critic Loss: 0.0462 | Grad Norm: 1.8617 | Clipped: 4/4
Epoch [1712/4000] | Avg Makespan: 314.43 | Actor Loss: -0.0042 | Critic Loss: 0.0279 | Grad Norm: 2.2125 | Clipped: 4/4
Epoch [1713/4000] | Avg Makespan: 313.17 | Actor Loss: -0.0058 | Critic Loss: 0.0462 | Grad Norm: 2.0980 | Clipped: 4/4
Epoch [1714/4000] | Avg Makespan: 312.11 | Actor Loss: -0.0026 | Critic Loss: 0.0279 | Grad Norm: 1.5075 | Clipped: 4/4
Epoch [1715/4000] | Avg Makespan: 321.35 | Actor Loss: -0.0053 | Critic Loss: 0.1163 | Grad Norm: 1.6862 | Clipped: 4/4
Epoch [1716/4000] | Avg Makespan: 328.89 | Actor Loss: -0.0043 | Critic Loss: 0.1485 | Grad Norm: 1.8031 | Clipped: 4/4
Epoch [1717/4000] | Avg Makespan: 318.23 | Actor Loss: -0.0033 | Critic Loss: 0.0925 | Grad Norm: 1.7771 | Clipped: 4/4
Epoch [1718/4000] | Avg Makespan: 312.55 | Actor Loss: -0.0035 | Critic Loss: 0.1077 | Grad Norm: 1.8435 | Clipped: 4/4
Epoch [1719/4000] | Avg Makespan: 318.76 | Actor Loss: -0.0039 | Critic Loss: 0.0686 | Grad Norm: 1.5325 | Clipped: 4/4
Epoch [1720/4000] | Avg Makespan: 321.38 | Actor Loss: -0.0059 | Critic Loss: 0.1424 | Grad Norm: 1.6366 | Clipped: 4/4
Epoch [1721/4000] | Avg Makespan: 335.90 | Actor Loss: -0.0041 | Critic Loss: 0.3999 | Grad Norm: 1.7916 | Clipped: 3/4
Epoch [1722/4000] | Avg Makespan: 309.58 | Actor Loss: -0.0038 | Critic Loss: 0.0540 | Grad Norm: 1.9244 | Clipped: 3/4
Epoch [1723/4000] | Avg Makespan: 314.22 | Actor Loss: -0.0046 | Critic Loss: 0.0606 | Grad Norm: 1.0831 | Clipped: 2/4
Epoch [1724/4000] | Avg Makespan: 326.41 | Actor Loss: -0.0028 | Critic Loss: 0.0985 | Grad Norm: 1.4222 | Clipped: 4/4
Epoch [1725/4000] | Avg Makespan: 320.40 | Actor Loss: -0.0055 | Critic Loss: 0.1164 | Grad Norm: 1.6517 | Clipped: 4/4
Epoch [1726/4000] | Avg Makespan: 328.85 | Actor Loss: -0.0029 | Critic Loss: 0.0916 | Grad Norm: 1.8486 | Clipped: 4/4
Epoch [1727/4000] | Avg Makespan: 315.53 | Actor Loss: 0.0001 | Critic Loss: 0.0626 | Grad Norm: 2.4272 | Clipped: 4/4
Epoch [1728/4000] | Avg Makespan: 324.40 | Actor Loss: -0.0067 | Critic Loss: 0.1225 | Grad Norm: 2.2498 | Clipped: 4/4
Epoch [1729/4000] | Avg Makespan: 317.35 | Actor Loss: -0.0044 | Critic Loss: 0.0400 | Grad Norm: 1.4015 | Clipped: 2/4
Epoch [1730/4000] | Avg Makespan: 319.90 | Actor Loss: -0.0051 | Critic Loss: 0.0309 | Grad Norm: 1.7172 | Clipped: 4/4
Epoch [1731/4000] | Avg Makespan: 324.00 | Actor Loss: -0.0028 | Critic Loss: 0.0562 | Grad Norm: 1.6123 | Clipped: 4/4
Epoch [1732/4000] | Avg Makespan: 314.85 | Actor Loss: -0.0048 | Critic Loss: 0.0661 | Grad Norm: 1.8046 | Clipped: 4/4
Epoch [1733/4000] | Avg Makespan: 319.51 | Actor Loss: -0.0059 | Critic Loss: 0.0692 | Grad Norm: 1.1997 | Clipped: 2/4
Epoch [1734/4000] | Avg Makespan: 322.07 | Actor Loss: -0.0050 | Critic Loss: 0.0368 | Grad Norm: 1.1307 | Clipped: 3/4
Epoch [1735/4000] | Avg Makespan: 317.47 | Actor Loss: -0.0047 | Critic Loss: 0.0459 | Grad Norm: 1.2820 | Clipped: 2/4
Epoch [1736/4000] | Avg Makespan: 315.27 | Actor Loss: -0.0052 | Critic Loss: 0.0439 | Grad Norm: 1.9479 | Clipped: 4/4
Epoch [1737/4000] | Avg Makespan: 322.71 | Actor Loss: -0.0019 | Critic Loss: 0.2018 | Grad Norm: 2.5024 | Clipped: 4/4
Epoch [1738/4000] | Avg Makespan: 313.02 | Actor Loss: -0.0046 | Critic Loss: 0.0253 | Grad Norm: 1.4720 | Clipped: 3/4
Epoch [1739/4000] | Avg Makespan: 319.99 | Actor Loss: -0.0065 | Critic Loss: 0.1839 | Grad Norm: 1.2805 | Clipped: 3/4
Epoch [1740/4000] | Avg Makespan: 319.60 | Actor Loss: -0.0042 | Critic Loss: 0.0401 | Grad Norm: 1.5447 | Clipped: 4/4
Epoch [1741/4000] | Avg Makespan: 326.49 | Actor Loss: -0.0058 | Critic Loss: 0.0635 | Grad Norm: 1.4340 | Clipped: 4/4
Epoch [1742/4000] | Avg Makespan: 317.54 | Actor Loss: -0.0060 | Critic Loss: 0.1225 | Grad Norm: 2.0335 | Clipped: 4/4
Epoch [1743/4000] | Avg Makespan: 317.53 | Actor Loss: -0.0048 | Critic Loss: 0.0463 | Grad Norm: 1.8552 | Clipped: 4/4
Epoch [1744/4000] | Avg Makespan: 311.55 | Actor Loss: -0.0054 | Critic Loss: 0.0489 | Grad Norm: 1.6615 | Clipped: 4/4
Epoch [1745/4000] | Avg Makespan: 313.44 | Actor Loss: -0.0048 | Critic Loss: 0.0279 | Grad Norm: 1.4785 | Clipped: 4/4
Epoch [1746/4000] | Avg Makespan: 314.54 | Actor Loss: -0.0057 | Critic Loss: 0.0435 | Grad Norm: 2.1769 | Clipped: 4/4
Epoch [1747/4000] | Avg Makespan: 320.65 | Actor Loss: -0.0049 | Critic Loss: 0.0613 | Grad Norm: 2.0904 | Clipped: 4/4
Epoch [1748/4000] | Avg Makespan: 316.73 | Actor Loss: -0.0039 | Critic Loss: 0.0462 | Grad Norm: 2.3782 | Clipped: 4/4
Epoch [1749/4000] | Avg Makespan: 314.01 | Actor Loss: -0.0051 | Critic Loss: 0.0341 | Grad Norm: 1.4818 | Clipped: 3/4
Epoch [1750/4000] | Avg Makespan: 317.37 | Actor Loss: -0.0040 | Critic Loss: 0.0223 | Grad Norm: 1.3010 | Clipped: 3/4
Epoch [1751/4000] | Avg Makespan: 314.94 | Actor Loss: -0.0056 | Critic Loss: 0.0655 | Grad Norm: 1.9879 | Clipped: 4/4
Epoch [1752/4000] | Avg Makespan: 308.94 | Actor Loss: -0.0040 | Critic Loss: 0.0384 | Grad Norm: 2.1491 | Clipped: 4/4
Epoch [1753/4000] | Avg Makespan: 317.01 | Actor Loss: -0.0035 | Critic Loss: 0.0495 | Grad Norm: 2.4134 | Clipped: 4/4
Epoch [1754/4000] | Avg Makespan: 313.89 | Actor Loss: -0.0031 | Critic Loss: 0.0224 | Grad Norm: 2.0741 | Clipped: 4/4
Epoch [1755/4000] | Avg Makespan: 316.46 | Actor Loss: -0.0060 | Critic Loss: 0.0401 | Grad Norm: 1.9127 | Clipped: 4/4
Epoch [1756/4000] | Avg Makespan: 309.10 | Actor Loss: -0.0069 | Critic Loss: 0.0189 | Grad Norm: 1.3938 | Clipped: 4/4
Epoch [1757/4000] | Avg Makespan: 330.51 | Actor Loss: -0.0044 | Critic Loss: 0.1057 | Grad Norm: 1.2332 | Clipped: 4/4
Epoch [1758/4000] | Avg Makespan: 315.63 | Actor Loss: -0.0056 | Critic Loss: 0.0279 | Grad Norm: 1.5829 | Clipped: 4/4
Epoch [1759/4000] | Avg Makespan: 323.88 | Actor Loss: -0.0047 | Critic Loss: 0.0551 | Grad Norm: 1.6665 | Clipped: 4/4
Epoch [1760/4000] | Avg Makespan: 317.52 | Actor Loss: -0.0065 | Critic Loss: 0.0462 | Grad Norm: 2.1330 | Clipped: 4/4
Epoch [1761/4000] | Avg Makespan: 312.87 | Actor Loss: -0.0058 | Critic Loss: 0.1129 | Grad Norm: 2.1307 | Clipped: 4/4
Epoch [1762/4000] | Avg Makespan: 326.77 | Actor Loss: -0.0058 | Critic Loss: 0.1030 | Grad Norm: 1.2379 | Clipped: 3/4
Epoch [1763/4000] | Avg Makespan: 304.62 | Actor Loss: -0.0040 | Critic Loss: 0.1127 | Grad Norm: 1.6621 | Clipped: 4/4
Epoch [1764/4000] | Avg Makespan: 316.80 | Actor Loss: -0.0019 | Critic Loss: 0.0262 | Grad Norm: 2.0124 | Clipped: 4/4
Epoch [1765/4000] | Avg Makespan: 312.97 | Actor Loss: -0.0004 | Critic Loss: 0.0202 | Grad Norm: 2.5038 | Clipped: 4/4
Epoch [1766/4000] | Avg Makespan: 315.01 | Actor Loss: -0.0035 | Critic Loss: 0.0561 | Grad Norm: 2.5566 | Clipped: 4/4
Epoch [1767/4000] | Avg Makespan: 317.53 | Actor Loss: -0.0061 | Critic Loss: 0.0634 | Grad Norm: 1.5090 | Clipped: 3/4
Epoch [1768/4000] | Avg Makespan: 305.64 | Actor Loss: -0.0038 | Critic Loss: 0.0331 | Grad Norm: 1.6188 | Clipped: 3/4
Epoch [1769/4000] | Avg Makespan: 316.61 | Actor Loss: -0.0018 | Critic Loss: 0.0569 | Grad Norm: 1.7079 | Clipped: 4/4
Epoch [1770/4000] | Avg Makespan: 316.54 | Actor Loss: -0.0082 | Critic Loss: 0.1164 | Grad Norm: 1.9439 | Clipped: 4/4
Epoch [1771/4000] | Avg Makespan: 318.41 | Actor Loss: -0.0060 | Critic Loss: 0.0293 | Grad Norm: 1.5368 | Clipped: 4/4
Epoch [1772/4000] | Avg Makespan: 328.75 | Actor Loss: -0.0026 | Critic Loss: 0.1110 | Grad Norm: 1.6632 | Clipped: 4/4
Epoch [1773/4000] | Avg Makespan: 316.79 | Actor Loss: -0.0007 | Critic Loss: 0.1020 | Grad Norm: 2.1831 | Clipped: 4/4
Epoch [1774/4000] | Avg Makespan: 322.08 | Actor Loss: -0.0048 | Critic Loss: 0.0516 | Grad Norm: 2.0351 | Clipped: 4/4
Epoch [1775/4000] | Avg Makespan: 318.46 | Actor Loss: -0.0061 | Critic Loss: 0.0419 | Grad Norm: 1.2340 | Clipped: 4/4
Epoch [1776/4000] | Avg Makespan: 317.05 | Actor Loss: -0.0047 | Critic Loss: 0.0435 | Grad Norm: 1.4939 | Clipped: 4/4
Epoch [1777/4000] | Avg Makespan: 317.80 | Actor Loss: -0.0058 | Critic Loss: 0.0451 | Grad Norm: 1.5759 | Clipped: 4/4
Epoch [1778/4000] | Avg Makespan: 315.70 | Actor Loss: -0.0027 | Critic Loss: 0.0604 | Grad Norm: 1.8211 | Clipped: 4/4
Epoch [1779/4000] | Avg Makespan: 321.42 | Actor Loss: -0.0046 | Critic Loss: 0.0506 | Grad Norm: 2.4158 | Clipped: 4/4
Epoch [1780/4000] | Avg Makespan: 310.47 | Actor Loss: -0.0041 | Critic Loss: 0.0620 | Grad Norm: 2.0504 | Clipped: 4/4
Epoch [1781/4000] | Avg Makespan: 323.81 | Actor Loss: -0.0026 | Critic Loss: 0.0689 | Grad Norm: 1.9417 | Clipped: 4/4
Epoch [1782/4000] | Avg Makespan: 312.20 | Actor Loss: -0.0081 | Critic Loss: 0.0545 | Grad Norm: 1.6843 | Clipped: 4/4
Epoch [1783/4000] | Avg Makespan: 322.87 | Actor Loss: -0.0065 | Critic Loss: 0.3532 | Grad Norm: 1.5853 | Clipped: 4/4
Epoch [1784/4000] | Avg Makespan: 322.53 | Actor Loss: -0.0019 | Critic Loss: 0.1171 | Grad Norm: 2.6021 | Clipped: 4/4
Epoch [1785/4000] | Avg Makespan: 318.35 | Actor Loss: -0.0058 | Critic Loss: 0.0209 | Grad Norm: 1.3540 | Clipped: 3/4
Epoch [1786/4000] | Avg Makespan: 313.76 | Actor Loss: -0.0057 | Critic Loss: 0.0399 | Grad Norm: 1.5487 | Clipped: 4/4
Epoch [1787/4000] | Avg Makespan: 324.45 | Actor Loss: -0.0031 | Critic Loss: 0.1352 | Grad Norm: 2.0309 | Clipped: 4/4
Epoch [1788/4000] | Avg Makespan: 322.61 | Actor Loss: -0.0059 | Critic Loss: 0.1489 | Grad Norm: 2.5703 | Clipped: 4/4
Epoch [1789/4000] | Avg Makespan: 307.25 | Actor Loss: -0.0038 | Critic Loss: 0.0629 | Grad Norm: 1.3588 | Clipped: 4/4
Epoch [1790/4000] | Avg Makespan: 313.62 | Actor Loss: -0.0039 | Critic Loss: 0.0778 | Grad Norm: 1.6496 | Clipped: 4/4
Epoch [1791/4000] | Avg Makespan: 317.75 | Actor Loss: -0.0076 | Critic Loss: 0.0703 | Grad Norm: 2.0981 | Clipped: 4/4
Epoch [1792/4000] | Avg Makespan: 311.83 | Actor Loss: -0.0065 | Critic Loss: 0.1015 | Grad Norm: 1.3606 | Clipped: 4/4
Epoch [1793/4000] | Avg Makespan: 321.42 | Actor Loss: -0.0057 | Critic Loss: 0.0734 | Grad Norm: 2.0305 | Clipped: 4/4
Epoch [1794/4000] | Avg Makespan: 310.65 | Actor Loss: 0.0018 | Critic Loss: 0.0272 | Grad Norm: 2.7818 | Clipped: 4/4
Epoch [1795/4000] | Avg Makespan: 305.15 | Actor Loss: -0.0056 | Critic Loss: 0.0378 | Grad Norm: 1.9216 | Clipped: 4/4
Epoch [1796/4000] | Avg Makespan: 316.88 | Actor Loss: -0.0072 | Critic Loss: 0.1236 | Grad Norm: 1.1987 | Clipped: 4/4
Epoch [1797/4000] | Avg Makespan: 328.15 | Actor Loss: -0.0039 | Critic Loss: 0.1407 | Grad Norm: 1.8028 | Clipped: 4/4
Epoch [1798/4000] | Avg Makespan: 315.32 | Actor Loss: -0.0040 | Critic Loss: 0.0782 | Grad Norm: 1.9893 | Clipped: 4/4
Epoch [1799/4000] | Avg Makespan: 313.99 | Actor Loss: -0.0056 | Critic Loss: 0.0694 | Grad Norm: 1.7179 | Clipped: 4/4
Epoch [1800/4000] | Avg Makespan: 314.47 | Actor Loss: -0.0054 | Critic Loss: 0.0465 | Grad Norm: 1.6343 | Clipped: 4/4
   -> Validation | Samples: 280 | Makespan: 443.61 | Invalid Jobs: 0.01 | Score: 450.76
   -> Saved new best model (Val Score mean of last 5: 449.46; this eval 450.76)
   -> Saved new best model (Val Psi-hat mean of last 5: 413.85; this eval 409.75)
   -> Saved updated training chart to /home/wei/Desktop/AMR-DFJSP/runs/20260825_013759_v10_F_s42/chart.png
Epoch [1801/4000] | Avg Makespan: 318.40 | Actor Loss: -0.0071 | Critic Loss: 0.0598 | Grad Norm: 1.6470 | Clipped: 3/4
Epoch [1802/4000] | Avg Makespan: 315.60 | Actor Loss: -0.0094 | Critic Loss: 0.0624 | Grad Norm: 1.3633 | Clipped: 3/4
Epoch [1803/4000] | Avg Makespan: 324.74 | Actor Loss: -0.0029 | Critic Loss: 0.1418 | Grad Norm: 2.0035 | Clipped: 4/4
Epoch [1804/4000] | Avg Makespan: 319.48 | Actor Loss: -0.0038 | Critic Loss: 0.1172 | Grad Norm: 1.6514 | Clipped: 4/4
Epoch [1805/4000] | Avg Makespan: 315.77 | Actor Loss: -0.0053 | Critic Loss: 0.0622 | Grad Norm: 1.2199 | Clipped: 3/4
Epoch [1806/4000] | Avg Makespan: 330.10 | Actor Loss: -0.0046 | Critic Loss: 0.1583 | Grad Norm: 1.7548 | Clipped: 4/4
Epoch [1807/4000] | Avg Makespan: 309.07 | Actor Loss: -0.0045 | Critic Loss: 0.0792 | Grad Norm: 1.9327 | Clipped: 4/4
Epoch [1808/4000] | Avg Makespan: 312.49 | Actor Loss: -0.0034 | Critic Loss: 0.1567 | Grad Norm: 1.3494 | Clipped: 3/4
Epoch [1809/4000] | Avg Makespan: 312.90 | Actor Loss: -0.0045 | Critic Loss: 0.1027 | Grad Norm: 1.3421 | Clipped: 2/4
Epoch [1810/4000] | Avg Makespan: 319.44 | Actor Loss: -0.0071 | Critic Loss: 0.1138 | Grad Norm: 1.5840 | Clipped: 4/4
Epoch [1811/4000] | Avg Makespan: 316.87 | Actor Loss: -0.0046 | Critic Loss: 0.0681 | Grad Norm: 1.4928 | Clipped: 4/4
Epoch [1812/4000] | Avg Makespan: 313.81 | Actor Loss: -0.0033 | Critic Loss: 0.0563 | Grad Norm: 1.7172 | Clipped: 4/4
Epoch [1813/4000] | Avg Makespan: 316.69 | Actor Loss: -0.0012 | Critic Loss: 0.0495 | Grad Norm: 2.1219 | Clipped: 4/4
Epoch [1814/4000] | Avg Makespan: 325.76 | Actor Loss: -0.0013 | Critic Loss: 0.3483 | Grad Norm: 1.5809 | Clipped: 4/4
Epoch [1815/4000] | Avg Makespan: 313.07 | Actor Loss: -0.0024 | Critic Loss: 0.0459 | Grad Norm: 2.1616 | Clipped: 4/4
Epoch [1816/4000] | Avg Makespan: 314.08 | Actor Loss: -0.0075 | Critic Loss: 0.0693 | Grad Norm: 1.6247 | Clipped: 4/4
Epoch [1817/4000] | Avg Makespan: 317.69 | Actor Loss: -0.0059 | Critic Loss: 0.0543 | Grad Norm: 1.5833 | Clipped: 4/4
Epoch [1818/4000] | Avg Makespan: 324.38 | Actor Loss: -0.0061 | Critic Loss: 0.0548 | Grad Norm: 1.7324 | Clipped: 4/4
Epoch [1819/4000] | Avg Makespan: 308.00 | Actor Loss: -0.0051 | Critic Loss: 0.0698 | Grad Norm: 1.3801 | Clipped: 2/4
Epoch [1820/4000] | Avg Makespan: 319.31 | Actor Loss: -0.0047 | Critic Loss: 0.0480 | Grad Norm: 1.7169 | Clipped: 4/4
Epoch [1821/4000] | Avg Makespan: 311.67 | Actor Loss: -0.0068 | Critic Loss: 0.0329 | Grad Norm: 1.5619 | Clipped: 4/4
Epoch [1822/4000] | Avg Makespan: 324.54 | Actor Loss: -0.0042 | Critic Loss: 0.3024 | Grad Norm: 1.7010 | Clipped: 3/4
Epoch [1823/4000] | Avg Makespan: 307.91 | Actor Loss: -0.0042 | Critic Loss: 0.0552 | Grad Norm: 1.7148 | Clipped: 4/4
Epoch [1824/4000] | Avg Makespan: 317.11 | Actor Loss: -0.0063 | Critic Loss: 0.0809 | Grad Norm: 1.2011 | Clipped: 2/4
Epoch [1825/4000] | Avg Makespan: 312.43 | Actor Loss: -0.0025 | Critic Loss: 0.0363 | Grad Norm: 1.1742 | Clipped: 2/4
Epoch [1826/4000] | Avg Makespan: 313.66 | Actor Loss: -0.0054 | Critic Loss: 0.0414 | Grad Norm: 1.7266 | Clipped: 4/4
Epoch [1827/4000] | Avg Makespan: 338.74 | Actor Loss: -0.0057 | Critic Loss: 0.3293 | Grad Norm: 1.8865 | Clipped: 4/4
Epoch [1828/4000] | Avg Makespan: 316.44 | Actor Loss: -0.0050 | Critic Loss: 0.0652 | Grad Norm: 1.6302 | Clipped: 3/4
Epoch [1829/4000] | Avg Makespan: 312.65 | Actor Loss: -0.0043 | Critic Loss: 0.0754 | Grad Norm: 2.6422 | Clipped: 4/4
Epoch [1830/4000] | Avg Makespan: 315.84 | Actor Loss: -0.0029 | Critic Loss: 0.0420 | Grad Norm: 2.6021 | Clipped: 4/4
Epoch [1831/4000] | Avg Makespan: 323.62 | Actor Loss: -0.0081 | Critic Loss: 0.0486 | Grad Norm: 1.3599 | Clipped: 3/4
Epoch [1832/4000] | Avg Makespan: 322.68 | Actor Loss: -0.0050 | Critic Loss: 0.0470 | Grad Norm: 1.3120 | Clipped: 4/4
Epoch [1833/4000] | Avg Makespan: 317.58 | Actor Loss: 0.0002 | Critic Loss: 0.0643 | Grad Norm: 2.5443 | Clipped: 4/4
Epoch [1834/4000] | Avg Makespan: 320.31 | Actor Loss: -0.0072 | Critic Loss: 0.0581 | Grad Norm: 1.8947 | Clipped: 4/4
Epoch [1835/4000] | Avg Makespan: 315.68 | Actor Loss: -0.0050 | Critic Loss: 0.0558 | Grad Norm: 1.2301 | Clipped: 3/4
Epoch [1836/4000] | Avg Makespan: 314.79 | Actor Loss: -0.0063 | Critic Loss: 0.0709 | Grad Norm: 1.2669 | Clipped: 3/4
Epoch [1837/4000] | Avg Makespan: 323.30 | Actor Loss: -0.0021 | Critic Loss: 0.1115 | Grad Norm: 1.9203 | Clipped: 4/4
Epoch [1838/4000] | Avg Makespan: 326.02 | Actor Loss: -0.0026 | Critic Loss: 0.1144 | Grad Norm: 2.0475 | Clipped: 4/4
Epoch [1839/4000] | Avg Makespan: 327.14 | Actor Loss: -0.0056 | Critic Loss: 0.2225 | Grad Norm: 1.5926 | Clipped: 4/4
Epoch [1840/4000] | Avg Makespan: 334.59 | Actor Loss: -0.0027 | Critic Loss: 0.0780 | Grad Norm: 2.1748 | Clipped: 4/4
Epoch [1841/4000] | Avg Makespan: 302.12 | Actor Loss: -0.0046 | Critic Loss: 0.1958 | Grad Norm: 1.3873 | Clipped: 4/4
Epoch [1842/4000] | Avg Makespan: 317.51 | Actor Loss: -0.0090 | Critic Loss: 0.1193 | Grad Norm: 1.9125 | Clipped: 4/4
Epoch [1843/4000] | Avg Makespan: 317.02 | Actor Loss: -0.0055 | Critic Loss: 0.0554 | Grad Norm: 1.4533 | Clipped: 3/4
Epoch [1844/4000] | Avg Makespan: 317.36 | Actor Loss: -0.0064 | Critic Loss: 0.0463 | Grad Norm: 1.4172 | Clipped: 4/4
Epoch [1845/4000] | Avg Makespan: 314.93 | Actor Loss: -0.0066 | Critic Loss: 0.1142 | Grad Norm: 1.3732 | Clipped: 3/4
Epoch [1846/4000] | Avg Makespan: 309.04 | Actor Loss: -0.0089 | Critic Loss: 0.0936 | Grad Norm: 1.4827 | Clipped: 2/4
Epoch [1847/4000] | Avg Makespan: 311.59 | Actor Loss: 0.0002 | Critic Loss: 0.0476 | Grad Norm: 2.2842 | Clipped: 4/4
Epoch [1848/4000] | Avg Makespan: 319.01 | Actor Loss: -0.0058 | Critic Loss: 0.1100 | Grad Norm: 1.2967 | Clipped: 3/4
Epoch [1849/4000] | Avg Makespan: 314.50 | Actor Loss: -0.0009 | Critic Loss: 0.0331 | Grad Norm: 1.5136 | Clipped: 4/4
Epoch [1850/4000] | Avg Makespan: 311.65 | Actor Loss: -0.0059 | Critic Loss: 0.0464 | Grad Norm: 1.5702 | Clipped: 4/4
Epoch [1851/4000] | Avg Makespan: 318.12 | Actor Loss: -0.0059 | Critic Loss: 0.1570 | Grad Norm: 1.8741 | Clipped: 4/4
Epoch [1852/4000] | Avg Makespan: 327.18 | Actor Loss: -0.0056 | Critic Loss: 0.1798 | Grad Norm: 2.0869 | Clipped: 4/4
Epoch [1853/4000] | Avg Makespan: 310.41 | Actor Loss: -0.0063 | Critic Loss: 0.0391 | Grad Norm: 1.4768 | Clipped: 4/4
Epoch [1854/4000] | Avg Makespan: 317.55 | Actor Loss: -0.0044 | Critic Loss: 0.0946 | Grad Norm: 1.7220 | Clipped: 4/4
Epoch [1855/4000] | Avg Makespan: 315.86 | Actor Loss: -0.0036 | Critic Loss: 0.0167 | Grad Norm: 1.4284 | Clipped: 3/4
Epoch [1856/4000] | Avg Makespan: 301.94 | Actor Loss: -0.0010 | Critic Loss: 0.0782 | Grad Norm: 2.5703 | Clipped: 4/4
Epoch [1857/4000] | Avg Makespan: 314.29 | Actor Loss: -0.0044 | Critic Loss: 0.0716 | Grad Norm: 2.2397 | Clipped: 4/4
Epoch [1858/4000] | Avg Makespan: 315.31 | Actor Loss: -0.0075 | Critic Loss: 0.0900 | Grad Norm: 1.4666 | Clipped: 4/4
Epoch [1859/4000] | Avg Makespan: 314.10 | Actor Loss: -0.0043 | Critic Loss: 0.0398 | Grad Norm: 1.5886 | Clipped: 4/4
Epoch [1860/4000] | Avg Makespan: 307.51 | Actor Loss: -0.0043 | Critic Loss: 0.0430 | Grad Norm: 1.5471 | Clipped: 4/4
Epoch [1861/4000] | Avg Makespan: 306.01 | Actor Loss: -0.0080 | Critic Loss: 0.0158 | Grad Norm: 1.2597 | Clipped: 4/4
Epoch [1862/4000] | Avg Makespan: 315.10 | Actor Loss: -0.0056 | Critic Loss: 0.0415 | Grad Norm: 1.9646 | Clipped: 4/4
Epoch [1863/4000] | Avg Makespan: 313.01 | Actor Loss: -0.0056 | Critic Loss: 0.1770 | Grad Norm: 1.7329 | Clipped: 4/4
Epoch [1864/4000] | Avg Makespan: 311.06 | Actor Loss: -0.0023 | Critic Loss: 0.0798 | Grad Norm: 2.2645 | Clipped: 4/4
Epoch [1865/4000] | Avg Makespan: 320.93 | Actor Loss: -0.0027 | Critic Loss: 0.1019 | Grad Norm: 2.5487 | Clipped: 4/4
Epoch [1866/4000] | Avg Makespan: 306.05 | Actor Loss: -0.0057 | Critic Loss: 0.0469 | Grad Norm: 1.8234 | Clipped: 4/4
Epoch [1867/4000] | Avg Makespan: 315.15 | Actor Loss: -0.0091 | Critic Loss: 0.0630 | Grad Norm: 1.1748 | Clipped: 4/4
Epoch [1868/4000] | Avg Makespan: 330.17 | Actor Loss: -0.0068 | Critic Loss: 0.2512 | Grad Norm: 1.4390 | Clipped: 4/4
Epoch [1869/4000] | Avg Makespan: 309.67 | Actor Loss: -0.0052 | Critic Loss: 0.0962 | Grad Norm: 1.7840 | Clipped: 4/4
Epoch [1870/4000] | Avg Makespan: 312.59 | Actor Loss: -0.0057 | Critic Loss: 0.0411 | Grad Norm: 1.4525 | Clipped: 4/4
Epoch [1871/4000] | Avg Makespan: 304.62 | Actor Loss: -0.0030 | Critic Loss: 0.0355 | Grad Norm: 2.6303 | Clipped: 4/4
Epoch [1872/4000] | Avg Makespan: 324.49 | Actor Loss: -0.0040 | Critic Loss: 0.1002 | Grad Norm: 1.7434 | Clipped: 4/4
Epoch [1873/4000] | Avg Makespan: 313.70 | Actor Loss: -0.0002 | Critic Loss: 0.0497 | Grad Norm: 2.6205 | Clipped: 4/4
Epoch [1874/4000] | Avg Makespan: 324.20 | Actor Loss: -0.0045 | Critic Loss: 0.1861 | Grad Norm: 1.9148 | Clipped: 3/4
Epoch [1875/4000] | Avg Makespan: 319.89 | Actor Loss: -0.0022 | Critic Loss: 0.0750 | Grad Norm: 2.9785 | Clipped: 4/4
Epoch [1876/4000] | Avg Makespan: 325.79 | Actor Loss: -0.0033 | Critic Loss: 0.1676 | Grad Norm: 2.2397 | Clipped: 4/4
Epoch [1877/4000] | Avg Makespan: 304.48 | Actor Loss: -0.0043 | Critic Loss: 0.1286 | Grad Norm: 1.7303 | Clipped: 4/4
Epoch [1878/4000] | Avg Makespan: 314.63 | Actor Loss: -0.0067 | Critic Loss: 0.0464 | Grad Norm: 1.4789 | Clipped: 4/4
Epoch [1879/4000] | Avg Makespan: 311.26 | Actor Loss: -0.0066 | Critic Loss: 0.0480 | Grad Norm: 1.5621 | Clipped: 4/4
Epoch [1880/4000] | Avg Makespan: 327.51 | Actor Loss: -0.0031 | Critic Loss: 0.0988 | Grad Norm: 2.0652 | Clipped: 4/4
Epoch [1881/4000] | Avg Makespan: 311.29 | Actor Loss: -0.0048 | Critic Loss: 0.0221 | Grad Norm: 1.8112 | Clipped: 4/4
Epoch [1882/4000] | Avg Makespan: 306.81 | Actor Loss: -0.0046 | Critic Loss: 0.0469 | Grad Norm: 2.1212 | Clipped: 4/4
Epoch [1883/4000] | Avg Makespan: 314.08 | Actor Loss: -0.0022 | Critic Loss: 0.0271 | Grad Norm: 2.0982 | Clipped: 4/4
Epoch [1884/4000] | Avg Makespan: 319.63 | Actor Loss: -0.0044 | Critic Loss: 0.0602 | Grad Norm: 2.1210 | Clipped: 4/4
Epoch [1885/4000] | Avg Makespan: 312.43 | Actor Loss: -0.0053 | Critic Loss: 0.0227 | Grad Norm: 1.5513 | Clipped: 4/4
Epoch [1886/4000] | Avg Makespan: 317.97 | Actor Loss: -0.0062 | Critic Loss: 0.0392 | Grad Norm: 1.2878 | Clipped: 3/4
Epoch [1887/4000] | Avg Makespan: 321.15 | Actor Loss: -0.0036 | Critic Loss: 0.0317 | Grad Norm: 1.8379 | Clipped: 4/4
Epoch [1888/4000] | Avg Makespan: 315.55 | Actor Loss: -0.0054 | Critic Loss: 0.0381 | Grad Norm: 1.9269 | Clipped: 4/4
Epoch [1889/4000] | Avg Makespan: 311.62 | Actor Loss: -0.0039 | Critic Loss: 0.0699 | Grad Norm: 2.2393 | Clipped: 4/4
Epoch [1890/4000] | Avg Makespan: 311.48 | Actor Loss: -0.0056 | Critic Loss: 0.0274 | Grad Norm: 2.3488 | Clipped: 4/4
Epoch [1891/4000] | Avg Makespan: 307.19 | Actor Loss: -0.0058 | Critic Loss: 0.0803 | Grad Norm: 2.5528 | Clipped: 4/4
Epoch [1892/4000] | Avg Makespan: 325.20 | Actor Loss: -0.0039 | Critic Loss: 0.1706 | Grad Norm: 2.1179 | Clipped: 4/4
Epoch [1893/4000] | Avg Makespan: 319.57 | Actor Loss: -0.0054 | Critic Loss: 0.2280 | Grad Norm: 2.4726 | Clipped: 4/4
Epoch [1894/4000] | Avg Makespan: 316.30 | Actor Loss: -0.0070 | Critic Loss: 0.0750 | Grad Norm: 1.2357 | Clipped: 4/4
Epoch [1895/4000] | Avg Makespan: 310.83 | Actor Loss: -0.0072 | Critic Loss: 0.0418 | Grad Norm: 1.3110 | Clipped: 4/4
Epoch [1896/4000] | Avg Makespan: 317.15 | Actor Loss: -0.0039 | Critic Loss: 0.0483 | Grad Norm: 1.5040 | Clipped: 4/4
Epoch [1897/4000] | Avg Makespan: 310.02 | Actor Loss: -0.0022 | Critic Loss: 0.0640 | Grad Norm: 2.8022 | Clipped: 4/4
Epoch [1898/4000] | Avg Makespan: 309.42 | Actor Loss: -0.0056 | Critic Loss: 0.0176 | Grad Norm: 1.4602 | Clipped: 4/4
Epoch [1899/4000] | Avg Makespan: 310.80 | Actor Loss: -0.0050 | Critic Loss: 0.0380 | Grad Norm: 1.7580 | Clipped: 4/4
Epoch [1900/4000] | Avg Makespan: 315.69 | Actor Loss: -0.0043 | Critic Loss: 0.0968 | Grad Norm: 1.9331 | Clipped: 4/4
   -> Validation | Samples: 280 | Makespan: 444.60 | Invalid Jobs: 0.00 | Score: 448.18
   -> Saved new best model (Val Score mean of last 5: 448.57; this eval 448.18)
   -> Saved new best model (Val Psi-hat mean of last 5: 411.78; this eval 408.85)
   -> Saved updated training chart to /home/wei/Desktop/AMR-DFJSP/runs/20260825_013759_v10_F_s42/chart.png
Epoch [1901/4000] | Avg Makespan: 322.43 | Actor Loss: -0.0052 | Critic Loss: 0.1064 | Grad Norm: 2.8629 | Clipped: 4/4
Epoch [1902/4000] | Avg Makespan: 325.80 | Actor Loss: -0.0046 | Critic Loss: 0.1882 | Grad Norm: 2.5704 | Clipped: 4/4
Epoch [1903/4000] | Avg Makespan: 314.36 | Actor Loss: -0.0033 | Critic Loss: 0.0653 | Grad Norm: 2.1949 | Clipped: 4/4
Epoch [1904/4000] | Avg Makespan: 314.99 | Actor Loss: -0.0010 | Critic Loss: 0.0486 | Grad Norm: 2.5907 | Clipped: 4/4
Epoch [1905/4000] | Avg Makespan: 307.33 | Actor Loss: 0.0010 | Critic Loss: 0.0535 | Grad Norm: 3.1264 | Clipped: 4/4
Epoch [1906/4000] | Avg Makespan: 324.41 | Actor Loss: -0.0032 | Critic Loss: 0.1492 | Grad Norm: 3.0335 | Clipped: 4/4
Epoch [1907/4000] | Avg Makespan: 320.62 | Actor Loss: -0.0054 | Critic Loss: 0.0609 | Grad Norm: 1.9131 | Clipped: 4/4
Epoch [1908/4000] | Avg Makespan: 310.47 | Actor Loss: -0.0039 | Critic Loss: 0.0768 | Grad Norm: 3.0312 | Clipped: 4/4
Epoch [1909/4000] | Avg Makespan: 308.24 | Actor Loss: -0.0033 | Critic Loss: 0.0330 | Grad Norm: 1.7971 | Clipped: 4/4
Epoch [1910/4000] | Avg Makespan: 312.32 | Actor Loss: -0.0039 | Critic Loss: 0.0230 | Grad Norm: 1.8306 | Clipped: 4/4
Epoch [1911/4000] | Avg Makespan: 324.63 | Actor Loss: -0.0044 | Critic Loss: 0.0621 | Grad Norm: 1.5297 | Clipped: 4/4
Epoch [1912/4000] | Avg Makespan: 321.37 | Actor Loss: -0.0018 | Critic Loss: 0.0684 | Grad Norm: 2.6046 | Clipped: 4/4
Epoch [1913/4000] | Avg Makespan: 315.37 | Actor Loss: -0.0048 | Critic Loss: 0.0527 | Grad Norm: 2.9517 | Clipped: 4/4
Epoch [1914/4000] | Avg Makespan: 311.34 | Actor Loss: -0.0043 | Critic Loss: 0.0466 | Grad Norm: 1.5565 | Clipped: 4/4
Epoch [1915/4000] | Avg Makespan: 314.71 | Actor Loss: -0.0050 | Critic Loss: 0.0392 | Grad Norm: 2.9936 | Clipped: 4/4
Epoch [1916/4000] | Avg Makespan: 324.35 | Actor Loss: -0.0057 | Critic Loss: 0.0805 | Grad Norm: 2.2323 | Clipped: 4/4
Epoch [1917/4000] | Avg Makespan: 326.50 | Actor Loss: -0.0024 | Critic Loss: 0.1199 | Grad Norm: 1.8118 | Clipped: 4/4
Epoch [1918/4000] | Avg Makespan: 306.83 | Actor Loss: -0.0011 | Critic Loss: 0.1011 | Grad Norm: 2.3832 | Clipped: 4/4
Epoch [1919/4000] | Avg Makespan: 320.60 | Actor Loss: -0.0018 | Critic Loss: 0.0600 | Grad Norm: 2.4441 | Clipped: 4/4
Epoch [1920/4000] | Avg Makespan: 310.32 | Actor Loss: -0.0026 | Critic Loss: 0.0357 | Grad Norm: 2.4513 | Clipped: 4/4
Epoch [1921/4000] | Avg Makespan: 314.55 | Actor Loss: -0.0007 | Critic Loss: 0.0457 | Grad Norm: 2.5624 | Clipped: 4/4
Epoch [1922/4000] | Avg Makespan: 317.34 | Actor Loss: -0.0030 | Critic Loss: 0.0408 | Grad Norm: 2.2094 | Clipped: 4/4
Epoch [1923/4000] | Avg Makespan: 313.80 | Actor Loss: -0.0033 | Critic Loss: 0.0698 | Grad Norm: 2.5089 | Clipped: 4/4
Epoch [1924/4000] | Avg Makespan: 318.93 | Actor Loss: -0.0043 | Critic Loss: 0.1371 | Grad Norm: 2.1611 | Clipped: 4/4
Epoch [1925/4000] | Avg Makespan: 333.75 | Actor Loss: -0.0015 | Critic Loss: 0.1590 | Grad Norm: 2.4791 | Clipped: 4/4
Epoch [1926/4000] | Avg Makespan: 318.80 | Actor Loss: 0.0013 | Critic Loss: 0.0622 | Grad Norm: 3.0177 | Clipped: 4/4
Epoch [1927/4000] | Avg Makespan: 311.52 | Actor Loss: 0.0014 | Critic Loss: 0.0898 | Grad Norm: 4.5051 | Clipped: 4/4
Epoch [1928/4000] | Avg Makespan: 318.38 | Actor Loss: -0.0027 | Critic Loss: 0.0593 | Grad Norm: 2.1957 | Clipped: 4/4
Epoch [1929/4000] | Avg Makespan: 307.12 | Actor Loss: -0.0021 | Critic Loss: 0.0815 | Grad Norm: 2.2747 | Clipped: 4/4
Epoch [1930/4000] | Avg Makespan: 308.09 | Actor Loss: 0.0025 | Critic Loss: 0.0639 | Grad Norm: 2.8498 | Clipped: 4/4
Epoch [1931/4000] | Avg Makespan: 318.15 | Actor Loss: -0.0017 | Critic Loss: 0.1444 | Grad Norm: 3.4626 | Clipped: 4/4
Epoch [1932/4000] | Avg Makespan: 305.26 | Actor Loss: 0.0006 | Critic Loss: 0.0505 | Grad Norm: 3.5733 | Clipped: 4/4
Epoch [1933/4000] | Avg Makespan: 310.39 | Actor Loss: -0.0031 | Critic Loss: 0.0628 | Grad Norm: 2.7087 | Clipped: 4/4
Epoch [1934/4000] | Avg Makespan: 306.55 | Actor Loss: -0.0065 | Critic Loss: 0.0253 | Grad Norm: 1.7045 | Clipped: 4/4
Epoch [1935/4000] | Avg Makespan: 311.74 | Actor Loss: -0.0029 | Critic Loss: 0.0586 | Grad Norm: 2.4347 | Clipped: 4/4
Epoch [1936/4000] | Avg Makespan: 335.97 | Actor Loss: -0.0042 | Critic Loss: 0.5724 | Grad Norm: 2.0421 | Clipped: 4/4
Epoch [1937/4000] | Avg Makespan: 316.64 | Actor Loss: -0.0061 | Critic Loss: 0.2035 | Grad Norm: 1.3697 | Clipped: 4/4
Epoch [1938/4000] | Avg Makespan: 317.27 | Actor Loss: -0.0052 | Critic Loss: 0.1885 | Grad Norm: 1.6919 | Clipped: 4/4
Epoch [1939/4000] | Avg Makespan: 320.56 | Actor Loss: -0.0062 | Critic Loss: 0.2466 | Grad Norm: 1.7228 | Clipped: 4/4
Epoch [1940/4000] | Avg Makespan: 320.32 | Actor Loss: -0.0055 | Critic Loss: 0.0928 | Grad Norm: 1.7205 | Clipped: 4/4
Epoch [1941/4000] | Avg Makespan: 316.06 | Actor Loss: -0.0041 | Critic Loss: 0.0389 | Grad Norm: 1.2030 | Clipped: 3/4
Epoch [1942/4000] | Avg Makespan: 324.79 | Actor Loss: -0.0012 | Critic Loss: 0.1247 | Grad Norm: 1.7361 | Clipped: 4/4
Epoch [1943/4000] | Avg Makespan: 316.45 | Actor Loss: -0.0038 | Critic Loss: 0.0522 | Grad Norm: 1.8509 | Clipped: 4/4
Epoch [1944/4000] | Avg Makespan: 333.66 | Actor Loss: -0.0066 | Critic Loss: 0.1711 | Grad Norm: 2.4035 | Clipped: 4/4
Epoch [1945/4000] | Avg Makespan: 318.83 | Actor Loss: -0.0057 | Critic Loss: 0.0415 | Grad Norm: 2.2401 | Clipped: 4/4
Epoch [1946/4000] | Avg Makespan: 310.12 | Actor Loss: -0.0053 | Critic Loss: 0.0482 | Grad Norm: 2.4053 | Clipped: 4/4
Epoch [1947/4000] | Avg Makespan: 326.26 | Actor Loss: -0.0064 | Critic Loss: 0.1166 | Grad Norm: 1.1898 | Clipped: 4/4
Epoch [1948/4000] | Avg Makespan: 322.27 | Actor Loss: -0.0048 | Critic Loss: 0.0601 | Grad Norm: 2.3845 | Clipped: 4/4
Epoch [1949/4000] | Avg Makespan: 334.31 | Actor Loss: -0.0067 | Critic Loss: 0.3199 | Grad Norm: 2.4983 | Clipped: 4/4
Epoch [1950/4000] | Avg Makespan: 323.10 | Actor Loss: -0.0061 | Critic Loss: 0.0476 | Grad Norm: 1.6955 | Clipped: 4/4
Epoch [1951/4000] | Avg Makespan: 319.83 | Actor Loss: -0.0029 | Critic Loss: 0.0814 | Grad Norm: 1.9070 | Clipped: 4/4
Epoch [1952/4000] | Avg Makespan: 318.63 | Actor Loss: -0.0050 | Critic Loss: 0.0619 | Grad Norm: 1.8349 | Clipped: 4/4
Epoch [1953/4000] | Avg Makespan: 322.17 | Actor Loss: -0.0064 | Critic Loss: 0.0738 | Grad Norm: 1.6155 | Clipped: 4/4
Epoch [1954/4000] | Avg Makespan: 315.26 | Actor Loss: -0.0038 | Critic Loss: 0.1103 | Grad Norm: 2.0486 | Clipped: 4/4
Epoch [1955/4000] | Avg Makespan: 318.69 | Actor Loss: -0.0051 | Critic Loss: 0.1191 | Grad Norm: 1.3133 | Clipped: 4/4
Epoch [1956/4000] | Avg Makespan: 323.86 | Actor Loss: -0.0030 | Critic Loss: 0.1079 | Grad Norm: 3.0077 | Clipped: 4/4
Epoch [1957/4000] | Avg Makespan: 313.26 | Actor Loss: -0.0063 | Critic Loss: 0.0725 | Grad Norm: 1.3789 | Clipped: 4/4
Epoch [1958/4000] | Avg Makespan: 331.83 | Actor Loss: -0.0035 | Critic Loss: 0.0906 | Grad Norm: 2.1083 | Clipped: 4/4
Epoch [1959/4000] | Avg Makespan: 321.68 | Actor Loss: -0.0048 | Critic Loss: 0.1125 | Grad Norm: 1.9191 | Clipped: 4/4
Epoch [1960/4000] | Avg Makespan: 318.05 | Actor Loss: -0.0060 | Critic Loss: 0.0249 | Grad Norm: 2.4238 | Clipped: 4/4
Epoch [1961/4000] | Avg Makespan: 321.40 | Actor Loss: -0.0083 | Critic Loss: 0.2015 | Grad Norm: 1.4612 | Clipped: 4/4
Epoch [1962/4000] | Avg Makespan: 305.85 | Actor Loss: -0.0041 | Critic Loss: 0.0389 | Grad Norm: 2.2208 | Clipped: 4/4
Epoch [1963/4000] | Avg Makespan: 324.26 | Actor Loss: -0.0025 | Critic Loss: 0.0693 | Grad Norm: 2.4277 | Clipped: 4/4
Epoch [1964/4000] | Avg Makespan: 329.93 | Actor Loss: -0.0048 | Critic Loss: 0.2720 | Grad Norm: 1.8056 | Clipped: 4/4
Epoch [1965/4000] | Avg Makespan: 318.48 | Actor Loss: -0.0021 | Critic Loss: 0.0529 | Grad Norm: 2.3071 | Clipped: 4/4
Epoch [1966/4000] | Avg Makespan: 322.20 | Actor Loss: -0.0033 | Critic Loss: 0.0949 | Grad Norm: 1.8802 | Clipped: 4/4
Epoch [1967/4000] | Avg Makespan: 320.68 | Actor Loss: -0.0018 | Critic Loss: 0.0783 | Grad Norm: 2.9595 | Clipped: 4/4
Epoch [1968/4000] | Avg Makespan: 317.45 | Actor Loss: -0.0040 | Critic Loss: 0.0522 | Grad Norm: 1.8788 | Clipped: 4/4
Epoch [1969/4000] | Avg Makespan: 316.40 | Actor Loss: -0.0050 | Critic Loss: 0.0620 | Grad Norm: 2.2116 | Clipped: 4/4
Epoch [1970/4000] | Avg Makespan: 319.66 | Actor Loss: -0.0039 | Critic Loss: 0.0716 | Grad Norm: 3.1411 | Clipped: 4/4
Epoch [1971/4000] | Avg Makespan: 321.94 | Actor Loss: -0.0007 | Critic Loss: 0.1986 | Grad Norm: 2.8844 | Clipped: 4/4
Epoch [1972/4000] | Avg Makespan: 327.02 | Actor Loss: 0.0030 | Critic Loss: 0.1451 | Grad Norm: 3.5728 | Clipped: 4/4
Epoch [1973/4000] | Avg Makespan: 325.79 | Actor Loss: -0.0019 | Critic Loss: 0.3596 | Grad Norm: 2.0872 | Clipped: 4/4
Epoch [1974/4000] | Avg Makespan: 326.34 | Actor Loss: -0.0049 | Critic Loss: 0.1961 | Grad Norm: 2.9378 | Clipped: 4/4
Epoch [1975/4000] | Avg Makespan: 326.79 | Actor Loss: -0.0028 | Critic Loss: 0.2067 | Grad Norm: 3.3263 | Clipped: 4/4
Epoch [1976/4000] | Avg Makespan: 317.71 | Actor Loss: -0.0034 | Critic Loss: 0.0342 | Grad Norm: 2.1424 | Clipped: 4/4
Epoch [1977/4000] | Avg Makespan: 319.39 | Actor Loss: -0.0078 | Critic Loss: 0.0899 | Grad Norm: 1.9779 | Clipped: 4/4
Epoch [1978/4000] | Avg Makespan: 321.04 | Actor Loss: -0.0057 | Critic Loss: 0.0750 | Grad Norm: 1.8746 | Clipped: 4/4
Epoch [1979/4000] | Avg Makespan: 314.65 | Actor Loss: -0.0058 | Critic Loss: 0.0256 | Grad Norm: 1.5679 | Clipped: 4/4
Epoch [1980/4000] | Avg Makespan: 318.76 | Actor Loss: -0.0049 | Critic Loss: 0.0608 | Grad Norm: 1.8615 | Clipped: 4/4
Epoch [1981/4000] | Avg Makespan: 313.25 | Actor Loss: -0.0056 | Critic Loss: 0.0424 | Grad Norm: 2.0179 | Clipped: 4/4
Epoch [1982/4000] | Avg Makespan: 327.69 | Actor Loss: -0.0058 | Critic Loss: 0.0989 | Grad Norm: 2.5802 | Clipped: 4/4
Epoch [1983/4000] | Avg Makespan: 315.78 | Actor Loss: -0.0069 | Critic Loss: 0.0555 | Grad Norm: 1.8425 | Clipped: 4/4
Epoch [1984/4000] | Avg Makespan: 323.31 | Actor Loss: -0.0046 | Critic Loss: 0.1144 | Grad Norm: 2.1010 | Clipped: 4/4
Epoch [1985/4000] | Avg Makespan: 316.76 | Actor Loss: -0.0057 | Critic Loss: 0.0535 | Grad Norm: 1.0755 | Clipped: 3/4
Epoch [1986/4000] | Avg Makespan: 331.48 | Actor Loss: -0.0027 | Critic Loss: 0.2232 | Grad Norm: 2.0681 | Clipped: 4/4
Epoch [1987/4000] | Avg Makespan: 307.62 | Actor Loss: -0.0012 | Critic Loss: 0.1193 | Grad Norm: 2.7403 | Clipped: 4/4
Epoch [1988/4000] | Avg Makespan: 321.15 | Actor Loss: -0.0017 | Critic Loss: 0.0739 | Grad Norm: 2.3441 | Clipped: 4/4
Epoch [1989/4000] | Avg Makespan: 315.77 | Actor Loss: -0.0061 | Critic Loss: 0.0295 | Grad Norm: 1.8485 | Clipped: 4/4
Epoch [1990/4000] | Avg Makespan: 307.10 | Actor Loss: -0.0047 | Critic Loss: 0.0381 | Grad Norm: 1.6924 | Clipped: 4/4
Epoch [1991/4000] | Avg Makespan: 326.79 | Actor Loss: -0.0063 | Critic Loss: 0.3105 | Grad Norm: 2.5472 | Clipped: 4/4
Epoch [1992/4000] | Avg Makespan: 334.80 | Actor Loss: -0.0073 | Critic Loss: 0.5383 | Grad Norm: 1.9588 | Clipped: 4/4
Epoch [1993/4000] | Avg Makespan: 315.52 | Actor Loss: -0.0016 | Critic Loss: 0.1537 | Grad Norm: 2.1115 | Clipped: 4/4
Epoch [1994/4000] | Avg Makespan: 324.30 | Actor Loss: -0.0023 | Critic Loss: 0.2435 | Grad Norm: 2.3606 | Clipped: 4/4
Epoch [1995/4000] | Avg Makespan: 327.84 | Actor Loss: -0.0047 | Critic Loss: 0.1453 | Grad Norm: 2.1863 | Clipped: 4/4
Epoch [1996/4000] | Avg Makespan: 322.15 | Actor Loss: -0.0061 | Critic Loss: 0.0365 | Grad Norm: 2.0310 | Clipped: 4/4
Epoch [1997/4000] | Avg Makespan: 314.05 | Actor Loss: -0.0065 | Critic Loss: 0.0397 | Grad Norm: 2.0779 | Clipped: 4/4
Epoch [1998/4000] | Avg Makespan: 328.29 | Actor Loss: -0.0015 | Critic Loss: 0.2354 | Grad Norm: 2.0720 | Clipped: 4/4
Epoch [1999/4000] | Avg Makespan: 326.47 | Actor Loss: -0.0048 | Critic Loss: 0.1617 | Grad Norm: 2.5294 | Clipped: 4/4
Epoch [2000/4000] | Avg Makespan: 321.92 | Actor Loss: -0.0058 | Critic Loss: 0.1257 | Grad Norm: 2.5189 | Clipped: 4/4
   -> Validation | Samples: 280 | Makespan: 439.97 | Invalid Jobs: 0.00 | Score: 439.97
   -> Saved new best model (Val Score mean of last 5: 447.52; this eval 439.97)
   -> Saved updated training chart to /home/wei/Desktop/AMR-DFJSP/runs/20260825_013759_v10_F_s42/chart.png
Epoch [2001/4000] | Avg Makespan: 317.52 | Actor Loss: -0.0041 | Critic Loss: 0.1116 | Grad Norm: 2.3142 | Clipped: 4/4
Epoch [2002/4000] | Avg Makespan: 325.17 | Actor Loss: -0.0024 | Critic Loss: 0.2175 | Grad Norm: 4.1680 | Clipped: 4/4
Epoch [2003/4000] | Avg Makespan: 318.24 | Actor Loss: -0.0040 | Critic Loss: 0.0417 | Grad Norm: 2.0956 | Clipped: 4/4
Epoch [2004/4000] | Avg Makespan: 320.07 | Actor Loss: -0.0047 | Critic Loss: 0.0874 | Grad Norm: 2.9525 | Clipped: 4/4
Epoch [2005/4000] | Avg Makespan: 317.80 | Actor Loss: -0.0067 | Critic Loss: 0.0369 | Grad Norm: 1.9879 | Clipped: 4/4
Epoch [2006/4000] | Avg Makespan: 322.02 | Actor Loss: -0.0059 | Critic Loss: 0.0425 | Grad Norm: 1.5912 | Clipped: 4/4
Epoch [2007/4000] | Avg Makespan: 322.08 | Actor Loss: -0.0052 | Critic Loss: 0.1556 | Grad Norm: 1.5130 | Clipped: 4/4
Epoch [2008/4000] | Avg Makespan: 320.91 | Actor Loss: -0.0067 | Critic Loss: 0.0992 | Grad Norm: 1.9101 | Clipped: 4/4
Epoch [2009/4000] | Avg Makespan: 312.31 | Actor Loss: -0.0075 | Critic Loss: 0.0355 | Grad Norm: 1.8519 | Clipped: 4/4
Epoch [2010/4000] | Avg Makespan: 309.77 | Actor Loss: -0.0041 | Critic Loss: 0.1759 | Grad Norm: 2.7309 | Clipped: 4/4
Epoch [2011/4000] | Avg Makespan: 322.82 | Actor Loss: -0.0068 | Critic Loss: 0.1000 | Grad Norm: 1.9057 | Clipped: 4/4
Epoch [2012/4000] | Avg Makespan: 324.29 | Actor Loss: -0.0062 | Critic Loss: 0.1596 | Grad Norm: 1.8834 | Clipped: 3/4
Epoch [2013/4000] | Avg Makespan: 320.59 | Actor Loss: -0.0047 | Critic Loss: 0.1109 | Grad Norm: 1.8384 | Clipped: 4/4
Epoch [2014/4000] | Avg Makespan: 315.90 | Actor Loss: -0.0050 | Critic Loss: 0.1523 | Grad Norm: 1.6940 | Clipped: 4/4
Epoch [2015/4000] | Avg Makespan: 325.33 | Actor Loss: -0.0056 | Critic Loss: 0.1653 | Grad Norm: 1.7289 | Clipped: 4/4
Epoch [2016/4000] | Avg Makespan: 306.23 | Actor Loss: -0.0079 | Critic Loss: 0.1083 | Grad Norm: 1.5734 | Clipped: 4/4
Epoch [2017/4000] | Avg Makespan: 314.12 | Actor Loss: -0.0032 | Critic Loss: 0.0402 | Grad Norm: 2.0811 | Clipped: 4/4
Epoch [2018/4000] | Avg Makespan: 315.86 | Actor Loss: -0.0054 | Critic Loss: 0.1230 | Grad Norm: 1.7409 | Clipped: 4/4
Epoch [2019/4000] | Avg Makespan: 313.57 | Actor Loss: -0.0048 | Critic Loss: 0.0753 | Grad Norm: 3.2843 | Clipped: 4/4
Epoch [2020/4000] | Avg Makespan: 312.98 | Actor Loss: -0.0072 | Critic Loss: 0.0275 | Grad Norm: 2.2267 | Clipped: 4/4
Epoch [2021/4000] | Avg Makespan: 313.16 | Actor Loss: -0.0067 | Critic Loss: 0.0261 | Grad Norm: 1.3040 | Clipped: 3/4
Epoch [2022/4000] | Avg Makespan: 312.94 | Actor Loss: -0.0041 | Critic Loss: 0.1044 | Grad Norm: 1.9727 | Clipped: 4/4
Epoch [2023/4000] | Avg Makespan: 320.06 | Actor Loss: -0.0061 | Critic Loss: 0.0879 | Grad Norm: 2.7248 | Clipped: 4/4
Epoch [2024/4000] | Avg Makespan: 322.91 | Actor Loss: -0.0078 | Critic Loss: 0.3771 | Grad Norm: 1.9880 | Clipped: 4/4
Epoch [2025/4000] | Avg Makespan: 315.31 | Actor Loss: -0.0033 | Critic Loss: 0.0232 | Grad Norm: 1.8747 | Clipped: 4/4
Epoch [2026/4000] | Avg Makespan: 319.27 | Actor Loss: -0.0033 | Critic Loss: 0.0775 | Grad Norm: 3.2648 | Clipped: 4/4
Epoch [2027/4000] | Avg Makespan: 317.66 | Actor Loss: -0.0066 | Critic Loss: 0.0403 | Grad Norm: 1.6311 | Clipped: 4/4
Epoch [2028/4000] | Avg Makespan: 327.72 | Actor Loss: -0.0050 | Critic Loss: 0.3577 | Grad Norm: 2.9782 | Clipped: 4/4
Epoch [2029/4000] | Avg Makespan: 320.56 | Actor Loss: -0.0062 | Critic Loss: 0.1790 | Grad Norm: 1.9750 | Clipped: 4/4
Epoch [2030/4000] | Avg Makespan: 316.95 | Actor Loss: -0.0026 | Critic Loss: 0.0326 | Grad Norm: 2.2380 | Clipped: 4/4
Epoch [2031/4000] | Avg Makespan: 318.16 | Actor Loss: -0.0063 | Critic Loss: 0.0990 | Grad Norm: 1.5623 | Clipped: 4/4
Epoch [2032/4000] | Avg Makespan: 326.03 | Actor Loss: -0.0042 | Critic Loss: 0.1153 | Grad Norm: 2.1105 | Clipped: 4/4
Epoch [2033/4000] | Avg Makespan: 300.79 | Actor Loss: -0.0048 | Critic Loss: 0.1139 | Grad Norm: 2.0560 | Clipped: 4/4
Epoch [2034/4000] | Avg Makespan: 321.45 | Actor Loss: -0.0051 | Critic Loss: 0.1054 | Grad Norm: 2.9659 | Clipped: 4/4
Epoch [2035/4000] | Avg Makespan: 307.46 | Actor Loss: -0.0042 | Critic Loss: 0.0669 | Grad Norm: 2.9674 | Clipped: 4/4
Epoch [2036/4000] | Avg Makespan: 317.00 | Actor Loss: -0.0015 | Critic Loss: 0.1854 | Grad Norm: 2.9706 | Clipped: 4/4
Epoch [2037/4000] | Avg Makespan: 313.86 | Actor Loss: -0.0039 | Critic Loss: 0.0697 | Grad Norm: 3.6502 | Clipped: 4/4
Epoch [2038/4000] | Avg Makespan: 323.92 | Actor Loss: -0.0060 | Critic Loss: 0.0893 | Grad Norm: 1.8505 | Clipped: 4/4
Epoch [2039/4000] | Avg Makespan: 308.60 | Actor Loss: -0.0048 | Critic Loss: 0.0656 | Grad Norm: 2.7911 | Clipped: 4/4
Epoch [2040/4000] | Avg Makespan: 317.92 | Actor Loss: -0.0075 | Critic Loss: 0.1422 | Grad Norm: 1.7180 | Clipped: 4/4
Epoch [2041/4000] | Avg Makespan: 334.33 | Actor Loss: -0.0045 | Critic Loss: 0.3179 | Grad Norm: 2.1978 | Clipped: 4/4
Epoch [2042/4000] | Avg Makespan: 307.18 | Actor Loss: -0.0051 | Critic Loss: 0.1329 | Grad Norm: 2.3968 | Clipped: 4/4
Epoch [2043/4000] | Avg Makespan: 314.95 | Actor Loss: -0.0042 | Critic Loss: 0.1404 | Grad Norm: 3.4971 | Clipped: 4/4
Epoch [2044/4000] | Avg Makespan: 318.13 | Actor Loss: -0.0011 | Critic Loss: 0.1198 | Grad Norm: 3.1929 | Clipped: 4/4
Epoch [2045/4000] | Avg Makespan: 312.72 | Actor Loss: -0.0077 | Critic Loss: 0.0839 | Grad Norm: 2.3395 | Clipped: 4/4
Epoch [2046/4000] | Avg Makespan: 318.68 | Actor Loss: -0.0061 | Critic Loss: 0.0266 | Grad Norm: 2.0028 | Clipped: 4/4
Epoch [2047/4000] | Avg Makespan: 316.93 | Actor Loss: -0.0054 | Critic Loss: 0.1426 | Grad Norm: 2.2840 | Clipped: 4/4
Epoch [2048/4000] | Avg Makespan: 313.58 | Actor Loss: -0.0073 | Critic Loss: 0.2127 | Grad Norm: 2.0411 | Clipped: 4/4
Epoch [2049/4000] | Avg Makespan: 335.63 | Actor Loss: -0.0039 | Critic Loss: 0.1683 | Grad Norm: 2.8223 | Clipped: 4/4
Epoch [2050/4000] | Avg Makespan: 310.19 | Actor Loss: -0.0072 | Critic Loss: 0.0811 | Grad Norm: 1.8919 | Clipped: 4/4
Epoch [2051/4000] | Avg Makespan: 298.14 | Actor Loss: -0.0045 | Critic Loss: 0.1642 | Grad Norm: 2.1388 | Clipped: 4/4
Epoch [2052/4000] | Avg Makespan: 327.08 | Actor Loss: -0.0049 | Critic Loss: 0.1897 | Grad Norm: 2.1088 | Clipped: 4/4
Epoch [2053/4000] | Avg Makespan: 308.50 | Actor Loss: -0.0060 | Critic Loss: 0.0283 | Grad Norm: 2.7276 | Clipped: 4/4
Epoch [2054/4000] | Avg Makespan: 333.58 | Actor Loss: -0.0068 | Critic Loss: 0.2584 | Grad Norm: 2.5248 | Clipped: 4/4
Epoch [2055/4000] | Avg Makespan: 309.76 | Actor Loss: -0.0055 | Critic Loss: 0.0969 | Grad Norm: 2.7463 | Clipped: 4/4
Epoch [2056/4000] | Avg Makespan: 321.60 | Actor Loss: -0.0045 | Critic Loss: 0.1143 | Grad Norm: 2.5164 | Clipped: 4/4
Epoch [2057/4000] | Avg Makespan: 318.10 | Actor Loss: -0.0074 | Critic Loss: 0.1031 | Grad Norm: 2.2022 | Clipped: 4/4
Epoch [2058/4000] | Avg Makespan: 316.56 | Actor Loss: -0.0059 | Critic Loss: 0.0910 | Grad Norm: 2.6454 | Clipped: 4/4
Epoch [2059/4000] | Avg Makespan: 322.40 | Actor Loss: -0.0054 | Critic Loss: 0.1264 | Grad Norm: 1.8211 | Clipped: 4/4
Epoch [2060/4000] | Avg Makespan: 316.65 | Actor Loss: -0.0062 | Critic Loss: 0.2003 | Grad Norm: 2.0802 | Clipped: 4/4
Epoch [2061/4000] | Avg Makespan: 339.18 | Actor Loss: -0.0033 | Critic Loss: 0.3051 | Grad Norm: 2.1178 | Clipped: 4/4
Epoch [2062/4000] | Avg Makespan: 318.46 | Actor Loss: -0.0058 | Critic Loss: 0.1612 | Grad Norm: 1.8659 | Clipped: 4/4
Epoch [2063/4000] | Avg Makespan: 309.40 | Actor Loss: -0.0028 | Critic Loss: 0.0738 | Grad Norm: 1.8095 | Clipped: 4/4
Epoch [2064/4000] | Avg Makespan: 320.09 | Actor Loss: -0.0046 | Critic Loss: 0.0378 | Grad Norm: 2.5011 | Clipped: 4/4
Epoch [2065/4000] | Avg Makespan: 313.69 | Actor Loss: 0.0001 | Critic Loss: 0.0567 | Grad Norm: 2.5628 | Clipped: 4/4
Epoch [2066/4000] | Avg Makespan: 317.10 | Actor Loss: -0.0048 | Critic Loss: 0.0551 | Grad Norm: 2.1871 | Clipped: 4/4
Epoch [2067/4000] | Avg Makespan: 311.88 | Actor Loss: -0.0045 | Critic Loss: 0.0368 | Grad Norm: 2.6556 | Clipped: 4/4
Epoch [2068/4000] | Avg Makespan: 307.32 | Actor Loss: -0.0061 | Critic Loss: 0.0302 | Grad Norm: 1.8470 | Clipped: 4/4
Epoch [2069/4000] | Avg Makespan: 316.18 | Actor Loss: -0.0053 | Critic Loss: 0.0712 | Grad Norm: 1.7721 | Clipped: 4/4
Epoch [2070/4000] | Avg Makespan: 315.52 | Actor Loss: -0.0057 | Critic Loss: 0.0382 | Grad Norm: 2.5387 | Clipped: 4/4
Epoch [2071/4000] | Avg Makespan: 320.17 | Actor Loss: -0.0011 | Critic Loss: 0.1260 | Grad Norm: 2.4434 | Clipped: 4/4
Epoch [2072/4000] | Avg Makespan: 314.21 | Actor Loss: -0.0051 | Critic Loss: 0.0568 | Grad Norm: 1.9400 | Clipped: 4/4
Epoch [2073/4000] | Avg Makespan: 316.62 | Actor Loss: -0.0007 | Critic Loss: 0.1772 | Grad Norm: 3.9613 | Clipped: 4/4
Epoch [2074/4000] | Avg Makespan: 320.96 | Actor Loss: -0.0045 | Critic Loss: 0.1320 | Grad Norm: 1.8497 | Clipped: 4/4
Epoch [2075/4000] | Avg Makespan: 330.83 | Actor Loss: -0.0018 | Critic Loss: 0.0776 | Grad Norm: 2.8599 | Clipped: 4/4
Epoch [2076/4000] | Avg Makespan: 316.67 | Actor Loss: -0.0066 | Critic Loss: 0.0883 | Grad Norm: 1.4577 | Clipped: 4/4
Epoch [2077/4000] | Avg Makespan: 308.98 | Actor Loss: -0.0045 | Critic Loss: 0.0644 | Grad Norm: 2.6589 | Clipped: 4/4
Epoch [2078/4000] | Avg Makespan: 320.00 | Actor Loss: -0.0056 | Critic Loss: 0.0946 | Grad Norm: 2.3258 | Clipped: 4/4
Epoch [2079/4000] | Avg Makespan: 322.34 | Actor Loss: -0.0049 | Critic Loss: 0.1085 | Grad Norm: 2.1893 | Clipped: 4/4
Epoch [2080/4000] | Avg Makespan: 325.41 | Actor Loss: -0.0070 | Critic Loss: 0.1620 | Grad Norm: 2.3857 | Clipped: 4/4
Epoch [2081/4000] | Avg Makespan: 316.16 | Actor Loss: 0.0004 | Critic Loss: 0.0979 | Grad Norm: 3.3122 | Clipped: 4/4
Epoch [2082/4000] | Avg Makespan: 319.73 | Actor Loss: -0.0040 | Critic Loss: 0.0682 | Grad Norm: 3.9888 | Clipped: 4/4
Epoch [2083/4000] | Avg Makespan: 317.18 | Actor Loss: -0.0029 | Critic Loss: 0.2234 | Grad Norm: 4.2857 | Clipped: 4/4
Epoch [2084/4000] | Avg Makespan: 318.41 | Actor Loss: -0.0049 | Critic Loss: 0.0414 | Grad Norm: 2.5080 | Clipped: 4/4
Epoch [2085/4000] | Avg Makespan: 327.69 | Actor Loss: -0.0050 | Critic Loss: 0.1640 | Grad Norm: 2.5858 | Clipped: 4/4
Epoch [2086/4000] | Avg Makespan: 310.81 | Actor Loss: -0.0055 | Critic Loss: 0.0653 | Grad Norm: 2.1363 | Clipped: 4/4
Epoch [2087/4000] | Avg Makespan: 313.32 | Actor Loss: -0.0003 | Critic Loss: 0.0331 | Grad Norm: 3.8737 | Clipped: 4/4
Epoch [2088/4000] | Avg Makespan: 315.62 | Actor Loss: -0.0044 | Critic Loss: 0.0547 | Grad Norm: 2.5622 | Clipped: 4/4
Epoch [2089/4000] | Avg Makespan: 306.02 | Actor Loss: 0.0024 | Critic Loss: 0.0246 | Grad Norm: 3.8260 | Clipped: 4/4
Epoch [2090/4000] | Avg Makespan: 318.95 | Actor Loss: -0.0038 | Critic Loss: 0.2115 | Grad Norm: 2.6855 | Clipped: 4/4
Epoch [2091/4000] | Avg Makespan: 323.59 | Actor Loss: -0.0047 | Critic Loss: 0.0712 | Grad Norm: 2.6325 | Clipped: 4/4
Epoch [2092/4000] | Avg Makespan: 307.80 | Actor Loss: -0.0049 | Critic Loss: 0.0946 | Grad Norm: 3.1393 | Clipped: 4/4
Epoch [2093/4000] | Avg Makespan: 318.63 | Actor Loss: 0.0016 | Critic Loss: 0.1611 | Grad Norm: 4.1613 | Clipped: 4/4
Epoch [2094/4000] | Avg Makespan: 307.96 | Actor Loss: 0.0003 | Critic Loss: 0.0887 | Grad Norm: 2.6050 | Clipped: 4/4
Epoch [2095/4000] | Avg Makespan: 324.31 | Actor Loss: -0.0000 | Critic Loss: 0.6420 | Grad Norm: 3.1246 | Clipped: 4/4
Epoch [2096/4000] | Avg Makespan: 316.04 | Actor Loss: -0.0025 | Critic Loss: 0.0749 | Grad Norm: 2.5063 | Clipped: 4/4
Epoch [2097/4000] | Avg Makespan: 322.41 | Actor Loss: -0.0066 | Critic Loss: 0.1837 | Grad Norm: 2.1406 | Clipped: 4/4
Epoch [2098/4000] | Avg Makespan: 309.66 | Actor Loss: -0.0033 | Critic Loss: 0.0621 | Grad Norm: 3.6119 | Clipped: 4/4
Epoch [2099/4000] | Avg Makespan: 315.94 | Actor Loss: -0.0020 | Critic Loss: 0.0350 | Grad Norm: 3.3757 | Clipped: 4/4
Epoch [2100/4000] | Avg Makespan: 315.36 | Actor Loss: -0.0040 | Critic Loss: 0.0628 | Grad Norm: 2.5548 | Clipped: 4/4
   -> Validation | Samples: 280 | Makespan: 431.48 | Invalid Jobs: 0.01 | Score: 438.62
   -> Saved new best model (Val Score mean of last 5: 446.19; this eval 438.62)
   -> Saved new best model (Val Psi-hat mean of last 5: 409.31; this eval 401.32)
   -> Saved updated training chart to /home/wei/Desktop/AMR-DFJSP/runs/20260825_013759_v10_F_s42/chart.png
Epoch [2101/4000] | Avg Makespan: 311.46 | Actor Loss: -0.0033 | Critic Loss: 0.0726 | Grad Norm: 3.6065 | Clipped: 4/4
Epoch [2102/4000] | Avg Makespan: 311.50 | Actor Loss: -0.0028 | Critic Loss: 0.0713 | Grad Norm: 2.8373 | Clipped: 4/4
Epoch [2103/4000] | Avg Makespan: 318.21 | Actor Loss: -0.0055 | Critic Loss: 0.0699 | Grad Norm: 2.9648 | Clipped: 4/4
Epoch [2104/4000] | Avg Makespan: 326.35 | Actor Loss: -0.0044 | Critic Loss: 0.1425 | Grad Norm: 3.4700 | Clipped: 4/4
Epoch [2105/4000] | Avg Makespan: 315.00 | Actor Loss: -0.0043 | Critic Loss: 0.0813 | Grad Norm: 2.6936 | Clipped: 4/4
Epoch [2106/4000] | Avg Makespan: 311.22 | Actor Loss: -0.0070 | Critic Loss: 0.0679 | Grad Norm: 1.9826 | Clipped: 4/4
Epoch [2107/4000] | Avg Makespan: 312.98 | Actor Loss: -0.0050 | Critic Loss: 0.0602 | Grad Norm: 1.5824 | Clipped: 4/4
Epoch [2108/4000] | Avg Makespan: 310.82 | Actor Loss: -0.0054 | Critic Loss: 0.0657 | Grad Norm: 1.4689 | Clipped: 3/4
Epoch [2109/4000] | Avg Makespan: 315.80 | Actor Loss: -0.0023 | Critic Loss: 0.2005 | Grad Norm: 3.6291 | Clipped: 4/4
Epoch [2110/4000] | Avg Makespan: 313.09 | Actor Loss: -0.0062 | Critic Loss: 0.1369 | Grad Norm: 2.5646 | Clipped: 4/4
Epoch [2111/4000] | Avg Makespan: 300.75 | Actor Loss: -0.0050 | Critic Loss: 0.0644 | Grad Norm: 2.8413 | Clipped: 4/4
Epoch [2112/4000] | Avg Makespan: 311.99 | Actor Loss: -0.0055 | Critic Loss: 0.0683 | Grad Norm: 1.7990 | Clipped: 4/4
Epoch [2113/4000] | Avg Makespan: 315.38 | Actor Loss: -0.0066 | Critic Loss: 0.0623 | Grad Norm: 2.6173 | Clipped: 4/4
Epoch [2114/4000] | Avg Makespan: 311.12 | Actor Loss: -0.0066 | Critic Loss: 0.0860 | Grad Norm: 1.6601 | Clipped: 4/4
Epoch [2115/4000] | Avg Makespan: 304.66 | Actor Loss: -0.0041 | Critic Loss: 0.0312 | Grad Norm: 2.4001 | Clipped: 4/4
Epoch [2116/4000] | Avg Makespan: 315.74 | Actor Loss: -0.0055 | Critic Loss: 0.1408 | Grad Norm: 1.7696 | Clipped: 4/4
Epoch [2117/4000] | Avg Makespan: 324.49 | Actor Loss: -0.0038 | Critic Loss: 0.1179 | Grad Norm: 2.4756 | Clipped: 4/4
Epoch [2118/4000] | Avg Makespan: 312.20 | Actor Loss: -0.0016 | Critic Loss: 0.0582 | Grad Norm: 2.9162 | Clipped: 4/4
Epoch [2119/4000] | Avg Makespan: 316.85 | Actor Loss: -0.0052 | Critic Loss: 0.0382 | Grad Norm: 2.0856 | Clipped: 4/4
Epoch [2120/4000] | Avg Makespan: 298.14 | Actor Loss: -0.0010 | Critic Loss: 0.1009 | Grad Norm: 2.9440 | Clipped: 4/4
Epoch [2121/4000] | Avg Makespan: 307.62 | Actor Loss: -0.0006 | Critic Loss: 0.0418 | Grad Norm: 2.8346 | Clipped: 4/4
Epoch [2122/4000] | Avg Makespan: 314.10 | Actor Loss: 0.0041 | Critic Loss: 0.1483 | Grad Norm: 3.2558 | Clipped: 4/4
Epoch [2123/4000] | Avg Makespan: 316.77 | Actor Loss: -0.0027 | Critic Loss: 0.0815 | Grad Norm: 2.2258 | Clipped: 4/4
Epoch [2124/4000] | Avg Makespan: 309.52 | Actor Loss: -0.0028 | Critic Loss: 0.0332 | Grad Norm: 2.0940 | Clipped: 4/4
Epoch [2125/4000] | Avg Makespan: 312.35 | Actor Loss: -0.0007 | Critic Loss: 0.0645 | Grad Norm: 2.4547 | Clipped: 4/4
Epoch [2126/4000] | Avg Makespan: 314.67 | Actor Loss: -0.0028 | Critic Loss: 0.0559 | Grad Norm: 2.6881 | Clipped: 4/4
Epoch [2127/4000] | Avg Makespan: 303.71 | Actor Loss: -0.0039 | Critic Loss: 0.0626 | Grad Norm: 3.2200 | Clipped: 4/4
Epoch [2128/4000] | Avg Makespan: 323.15 | Actor Loss: -0.0051 | Critic Loss: 0.2946 | Grad Norm: 2.2144 | Clipped: 4/4
Epoch [2129/4000] | Avg Makespan: 313.40 | Actor Loss: -0.0022 | Critic Loss: 0.0268 | Grad Norm: 3.2909 | Clipped: 4/4
Epoch [2130/4000] | Avg Makespan: 318.73 | Actor Loss: -0.0050 | Critic Loss: 0.0456 | Grad Norm: 1.7264 | Clipped: 4/4
Epoch [2131/4000] | Avg Makespan: 320.26 | Actor Loss: -0.0064 | Critic Loss: 0.1255 | Grad Norm: 1.7870 | Clipped: 4/4
Epoch [2132/4000] | Avg Makespan: 320.29 | Actor Loss: -0.0060 | Critic Loss: 0.1182 | Grad Norm: 2.0821 | Clipped: 4/4
Epoch [2133/4000] | Avg Makespan: 316.93 | Actor Loss: -0.0059 | Critic Loss: 0.0837 | Grad Norm: 1.7414 | Clipped: 4/4
Epoch [2134/4000] | Avg Makespan: 304.70 | Actor Loss: -0.0043 | Critic Loss: 0.1335 | Grad Norm: 1.8097 | Clipped: 4/4
Epoch [2135/4000] | Avg Makespan: 311.69 | Actor Loss: -0.0058 | Critic Loss: 0.0654 | Grad Norm: 2.2843 | Clipped: 4/4
Epoch [2136/4000] | Avg Makespan: 319.28 | Actor Loss: -0.0009 | Critic Loss: 0.1202 | Grad Norm: 4.2657 | Clipped: 4/4
Epoch [2137/4000] | Avg Makespan: 304.18 | Actor Loss: -0.0066 | Critic Loss: 0.0618 | Grad Norm: 1.7024 | Clipped: 2/4
Epoch [2138/4000] | Avg Makespan: 315.86 | Actor Loss: -0.0036 | Critic Loss: 0.1219 | Grad Norm: 2.1895 | Clipped: 4/4
Epoch [2139/4000] | Avg Makespan: 304.27 | Actor Loss: -0.0034 | Critic Loss: 0.0196 | Grad Norm: 2.0488 | Clipped: 4/4
Epoch [2140/4000] | Avg Makespan: 314.84 | Actor Loss: -0.0043 | Critic Loss: 0.0544 | Grad Norm: 2.1376 | Clipped: 4/4
Epoch [2141/4000] | Avg Makespan: 320.28 | Actor Loss: -0.0063 | Critic Loss: 0.1142 | Grad Norm: 2.1192 | Clipped: 4/4
Epoch [2142/4000] | Avg Makespan: 310.85 | Actor Loss: -0.0084 | Critic Loss: 0.1165 | Grad Norm: 1.5667 | Clipped: 4/4
Epoch [2143/4000] | Avg Makespan: 309.37 | Actor Loss: 0.0017 | Critic Loss: 0.0509 | Grad Norm: 2.4171 | Clipped: 4/4
Epoch [2144/4000] | Avg Makespan: 320.56 | Actor Loss: -0.0065 | Critic Loss: 0.1265 | Grad Norm: 1.3929 | Clipped: 4/4
Epoch [2145/4000] | Avg Makespan: 313.96 | Actor Loss: -0.0005 | Critic Loss: 0.0647 | Grad Norm: 4.3895 | Clipped: 4/4
Epoch [2146/4000] | Avg Makespan: 305.72 | Actor Loss: 0.0047 | Critic Loss: 0.0431 | Grad Norm: 4.4942 | Clipped: 4/4
Epoch [2147/4000] | Avg Makespan: 316.39 | Actor Loss: -0.0029 | Critic Loss: 0.1326 | Grad Norm: 2.1865 | Clipped: 4/4
Epoch [2148/4000] | Avg Makespan: 309.40 | Actor Loss: -0.0060 | Critic Loss: 0.0420 | Grad Norm: 1.8915 | Clipped: 4/4
Epoch [2149/4000] | Avg Makespan: 317.83 | Actor Loss: -0.0055 | Critic Loss: 0.2693 | Grad Norm: 1.8737 | Clipped: 4/4
Epoch [2150/4000] | Avg Makespan: 325.71 | Actor Loss: -0.0055 | Critic Loss: 0.2863 | Grad Norm: 2.1767 | Clipped: 4/4
Epoch [2151/4000] | Avg Makespan: 318.73 | Actor Loss: 0.0003 | Critic Loss: 0.0457 | Grad Norm: 3.2213 | Clipped: 4/4
Epoch [2152/4000] | Avg Makespan: 324.20 | Actor Loss: -0.0043 | Critic Loss: 0.1106 | Grad Norm: 2.2300 | Clipped: 4/4
Epoch [2153/4000] | Avg Makespan: 315.72 | Actor Loss: -0.0010 | Critic Loss: 0.1317 | Grad Norm: 3.0490 | Clipped: 4/4
Epoch [2154/4000] | Avg Makespan: 306.65 | Actor Loss: -0.0021 | Critic Loss: 0.1427 | Grad Norm: 3.9001 | Clipped: 4/4
Epoch [2155/4000] | Avg Makespan: 321.24 | Actor Loss: -0.0031 | Critic Loss: 0.0632 | Grad Norm: 2.4297 | Clipped: 4/4
Epoch [2156/4000] | Avg Makespan: 312.74 | Actor Loss: 0.0131 | Critic Loss: 0.0513 | Grad Norm: 7.8406 | Clipped: 4/4
Epoch [2157/4000] | Avg Makespan: 329.73 | Actor Loss: -0.0035 | Critic Loss: 0.1301 | Grad Norm: 2.4205 | Clipped: 4/4
Epoch [2158/4000] | Avg Makespan: 304.83 | Actor Loss: -0.0048 | Critic Loss: 0.0699 | Grad Norm: 2.4136 | Clipped: 4/4
Epoch [2159/4000] | Avg Makespan: 311.36 | Actor Loss: -0.0065 | Critic Loss: 0.0256 | Grad Norm: 1.8309 | Clipped: 4/4
Epoch [2160/4000] | Avg Makespan: 317.59 | Actor Loss: -0.0045 | Critic Loss: 0.0164 | Grad Norm: 1.2968 | Clipped: 2/4
Epoch [2161/4000] | Avg Makespan: 314.28 | Actor Loss: -0.0040 | Critic Loss: 0.0318 | Grad Norm: 2.4460 | Clipped: 4/4
Epoch [2162/4000] | Avg Makespan: 311.82 | Actor Loss: -0.0044 | Critic Loss: 0.0858 | Grad Norm: 2.8672 | Clipped: 4/4
Epoch [2163/4000] | Avg Makespan: 323.38 | Actor Loss: -0.0063 | Critic Loss: 0.1550 | Grad Norm: 1.5786 | Clipped: 4/4
Epoch [2164/4000] | Avg Makespan: 324.49 | Actor Loss: -0.0054 | Critic Loss: 0.0343 | Grad Norm: 1.6441 | Clipped: 4/4
Epoch [2165/4000] | Avg Makespan: 309.20 | Actor Loss: -0.0036 | Critic Loss: 0.0728 | Grad Norm: 2.5039 | Clipped: 4/4
Epoch [2166/4000] | Avg Makespan: 315.48 | Actor Loss: -0.0022 | Critic Loss: 0.0249 | Grad Norm: 1.5314 | Clipped: 4/4
Epoch [2167/4000] | Avg Makespan: 320.71 | Actor Loss: 0.0022 | Critic Loss: 0.0629 | Grad Norm: 3.0257 | Clipped: 4/4
Epoch [2168/4000] | Avg Makespan: 326.51 | Actor Loss: -0.0035 | Critic Loss: 0.3077 | Grad Norm: 2.8605 | Clipped: 4/4
Epoch [2169/4000] | Avg Makespan: 313.42 | Actor Loss: -0.0005 | Critic Loss: 0.0195 | Grad Norm: 2.9491 | Clipped: 4/4
Epoch [2170/4000] | Avg Makespan: 317.37 | Actor Loss: -0.0008 | Critic Loss: 0.0645 | Grad Norm: 3.8931 | Clipped: 4/4
Epoch [2171/4000] | Avg Makespan: 323.66 | Actor Loss: -0.0046 | Critic Loss: 0.1037 | Grad Norm: 2.4084 | Clipped: 4/4
Epoch [2172/4000] | Avg Makespan: 308.45 | Actor Loss: 0.0017 | Critic Loss: 0.0987 | Grad Norm: 3.7008 | Clipped: 4/4
Epoch [2173/4000] | Avg Makespan: 319.63 | Actor Loss: -0.0029 | Critic Loss: 0.1183 | Grad Norm: 2.8817 | Clipped: 4/4
Epoch [2174/4000] | Avg Makespan: 310.42 | Actor Loss: -0.0055 | Critic Loss: 0.0218 | Grad Norm: 1.8455 | Clipped: 4/4
Epoch [2175/4000] | Avg Makespan: 319.85 | Actor Loss: -0.0044 | Critic Loss: 0.0817 | Grad Norm: 1.7605 | Clipped: 4/4
Epoch [2176/4000] | Avg Makespan: 315.02 | Actor Loss: -0.0036 | Critic Loss: 0.1098 | Grad Norm: 2.2142 | Clipped: 3/4
Epoch [2177/4000] | Avg Makespan: 308.10 | Actor Loss: -0.0033 | Critic Loss: 0.0479 | Grad Norm: 3.5007 | Clipped: 4/4
Epoch [2178/4000] | Avg Makespan: 311.71 | Actor Loss: -0.0051 | Critic Loss: 0.0496 | Grad Norm: 1.9418 | Clipped: 4/4
Epoch [2179/4000] | Avg Makespan: 319.17 | Actor Loss: -0.0054 | Critic Loss: 0.0643 | Grad Norm: 2.2311 | Clipped: 4/4
Epoch [2180/4000] | Avg Makespan: 324.57 | Actor Loss: -0.0057 | Critic Loss: 0.2742 | Grad Norm: 2.0443 | Clipped: 4/4
Epoch [2181/4000] | Avg Makespan: 310.74 | Actor Loss: -0.0035 | Critic Loss: 0.0593 | Grad Norm: 2.5539 | Clipped: 4/4
Epoch [2182/4000] | Avg Makespan: 323.16 | Actor Loss: -0.0048 | Critic Loss: 0.2104 | Grad Norm: 1.6813 | Clipped: 3/4
Epoch [2183/4000] | Avg Makespan: 318.64 | Actor Loss: -0.0041 | Critic Loss: 0.1634 | Grad Norm: 1.7892 | Clipped: 4/4
Epoch [2184/4000] | Avg Makespan: 329.07 | Actor Loss: -0.0031 | Critic Loss: 0.2485 | Grad Norm: 2.3997 | Clipped: 4/4
Epoch [2185/4000] | Avg Makespan: 316.85 | Actor Loss: -0.0017 | Critic Loss: 0.0747 | Grad Norm: 2.3332 | Clipped: 4/4
Epoch [2186/4000] | Avg Makespan: 312.64 | Actor Loss: -0.0040 | Critic Loss: 0.0702 | Grad Norm: 2.9301 | Clipped: 4/4
Epoch [2187/4000] | Avg Makespan: 317.35 | Actor Loss: -0.0010 | Critic Loss: 0.0423 | Grad Norm: 2.9194 | Clipped: 4/4
Epoch [2188/4000] | Avg Makespan: 321.94 | Actor Loss: -0.0018 | Critic Loss: 0.0880 | Grad Norm: 3.2246 | Clipped: 4/4
Epoch [2189/4000] | Avg Makespan: 321.83 | Actor Loss: -0.0032 | Critic Loss: 0.1646 | Grad Norm: 2.3699 | Clipped: 4/4
Epoch [2190/4000] | Avg Makespan: 318.49 | Actor Loss: -0.0022 | Critic Loss: 0.1673 | Grad Norm: 1.8800 | Clipped: 4/4
Epoch [2191/4000] | Avg Makespan: 320.13 | Actor Loss: -0.0062 | Critic Loss: 0.1023 | Grad Norm: 1.6035 | Clipped: 4/4
Epoch [2192/4000] | Avg Makespan: 307.18 | Actor Loss: -0.0038 | Critic Loss: 0.0699 | Grad Norm: 1.8341 | Clipped: 4/4
Epoch [2193/4000] | Avg Makespan: 309.79 | Actor Loss: -0.0037 | Critic Loss: 0.0289 | Grad Norm: 1.6024 | Clipped: 3/4
Epoch [2194/4000] | Avg Makespan: 318.09 | Actor Loss: -0.0002 | Critic Loss: 0.0798 | Grad Norm: 2.1865 | Clipped: 4/4
Epoch [2195/4000] | Avg Makespan: 318.44 | Actor Loss: -0.0035 | Critic Loss: 0.1020 | Grad Norm: 2.7564 | Clipped: 4/4
Epoch [2196/4000] | Avg Makespan: 309.03 | Actor Loss: -0.0029 | Critic Loss: 0.0648 | Grad Norm: 2.5457 | Clipped: 4/4
Epoch [2197/4000] | Avg Makespan: 318.31 | Actor Loss: -0.0059 | Critic Loss: 0.1417 | Grad Norm: 1.8595 | Clipped: 4/4
Epoch [2198/4000] | Avg Makespan: 309.96 | Actor Loss: -0.0037 | Critic Loss: 0.0750 | Grad Norm: 1.8977 | Clipped: 4/4
Epoch [2199/4000] | Avg Makespan: 312.64 | Actor Loss: -0.0056 | Critic Loss: 0.0329 | Grad Norm: 1.9326 | Clipped: 4/4
Epoch [2200/4000] | Avg Makespan: 320.74 | Actor Loss: -0.0044 | Critic Loss: 0.0848 | Grad Norm: 1.8503 | Clipped: 4/4
   -> Validation | Samples: 280 | Makespan: 442.32 | Invalid Jobs: 0.00 | Score: 442.32
   -> Saved new best model (Val Score mean of last 5: 443.97; this eval 442.32)
   -> Saved new best model (Val Psi-hat mean of last 5: 407.97; this eval 408.78)
   -> Saved updated training chart to /home/wei/Desktop/AMR-DFJSP/runs/20260825_013759_v10_F_s42/chart.png
Epoch [2201/4000] | Avg Makespan: 306.05 | Actor Loss: -0.0001 | Critic Loss: 0.0523 | Grad Norm: 2.1535 | Clipped: 4/4
Epoch [2202/4000] | Avg Makespan: 327.06 | Actor Loss: 0.0009 | Critic Loss: 0.2114 | Grad Norm: 2.4995 | Clipped: 4/4
Epoch [2203/4000] | Avg Makespan: 320.88 | Actor Loss: -0.0055 | Critic Loss: 0.1582 | Grad Norm: 1.8358 | Clipped: 4/4
Epoch [2204/4000] | Avg Makespan: 309.46 | Actor Loss: -0.0006 | Critic Loss: 0.0558 | Grad Norm: 3.1434 | Clipped: 4/4
Epoch [2205/4000] | Avg Makespan: 311.43 | Actor Loss: -0.0019 | Critic Loss: 0.0296 | Grad Norm: 3.7998 | Clipped: 4/4
Epoch [2206/4000] | Avg Makespan: 324.09 | Actor Loss: -0.0074 | Critic Loss: 0.0756 | Grad Norm: 1.6298 | Clipped: 4/4
Epoch [2207/4000] | Avg Makespan: 311.98 | Actor Loss: -0.0053 | Critic Loss: 0.0565 | Grad Norm: 2.0869 | Clipped: 4/4
Epoch [2208/4000] | Avg Makespan: 320.77 | Actor Loss: -0.0070 | Critic Loss: 0.0576 | Grad Norm: 1.7264 | Clipped: 4/4
Epoch [2209/4000] | Avg Makespan: 311.68 | Actor Loss: -0.0058 | Critic Loss: 0.0368 | Grad Norm: 1.6586 | Clipped: 4/4
Epoch [2210/4000] | Avg Makespan: 310.83 | Actor Loss: -0.0045 | Critic Loss: 0.0462 | Grad Norm: 2.4085 | Clipped: 4/4
Epoch [2211/4000] | Avg Makespan: 313.07 | Actor Loss: -0.0049 | Critic Loss: 0.0361 | Grad Norm: 2.4284 | Clipped: 4/4
Epoch [2212/4000] | Avg Makespan: 317.97 | Actor Loss: -0.0049 | Critic Loss: 0.1025 | Grad Norm: 1.9577 | Clipped: 4/4
Epoch [2213/4000] | Avg Makespan: 321.08 | Actor Loss: -0.0058 | Critic Loss: 0.1204 | Grad Norm: 1.8143 | Clipped: 4/4
Epoch [2214/4000] | Avg Makespan: 309.51 | Actor Loss: -0.0000 | Critic Loss: 0.0171 | Grad Norm: 3.4434 | Clipped: 4/4
Epoch [2215/4000] | Avg Makespan: 308.75 | Actor Loss: -0.0029 | Critic Loss: 0.0729 | Grad Norm: 2.0732 | Clipped: 4/4
Epoch [2216/4000] | Avg Makespan: 318.82 | Actor Loss: -0.0038 | Critic Loss: 0.0645 | Grad Norm: 2.4615 | Clipped: 4/4
Epoch [2217/4000] | Avg Makespan: 306.43 | Actor Loss: -0.0026 | Critic Loss: 0.0514 | Grad Norm: 2.2516 | Clipped: 4/4
Epoch [2218/4000] | Avg Makespan: 324.83 | Actor Loss: -0.0033 | Critic Loss: 0.1782 | Grad Norm: 3.0506 | Clipped: 4/4
Epoch [2219/4000] | Avg Makespan: 320.35 | Actor Loss: -0.0058 | Critic Loss: 0.1250 | Grad Norm: 1.5720 | Clipped: 4/4
Epoch [2220/4000] | Avg Makespan: 313.71 | Actor Loss: -0.0031 | Critic Loss: 0.0503 | Grad Norm: 2.5362 | Clipped: 4/4
Epoch [2221/4000] | Avg Makespan: 321.72 | Actor Loss: -0.0032 | Critic Loss: 0.2760 | Grad Norm: 2.4286 | Clipped: 4/4
Epoch [2222/4000] | Avg Makespan: 320.32 | Actor Loss: -0.0039 | Critic Loss: 0.0985 | Grad Norm: 1.9721 | Clipped: 4/4
Epoch [2223/4000] | Avg Makespan: 309.92 | Actor Loss: -0.0048 | Critic Loss: 0.0728 | Grad Norm: 1.7861 | Clipped: 4/4
Epoch [2224/4000] | Avg Makespan: 313.78 | Actor Loss: -0.0052 | Critic Loss: 0.1248 | Grad Norm: 2.4997 | Clipped: 4/4
Epoch [2225/4000] | Avg Makespan: 307.53 | Actor Loss: -0.0035 | Critic Loss: 0.0401 | Grad Norm: 2.3016 | Clipped: 4/4
Epoch [2226/4000] | Avg Makespan: 318.74 | Actor Loss: -0.0062 | Critic Loss: 0.0992 | Grad Norm: 2.1464 | Clipped: 4/4
Epoch [2227/4000] | Avg Makespan: 319.84 | Actor Loss: -0.0051 | Critic Loss: 0.0811 | Grad Norm: 2.9862 | Clipped: 4/4
Epoch [2228/4000] | Avg Makespan: 325.02 | Actor Loss: -0.0049 | Critic Loss: 0.2853 | Grad Norm: 2.6338 | Clipped: 4/4
Epoch [2229/4000] | Avg Makespan: 312.56 | Actor Loss: -0.0061 | Critic Loss: 0.0274 | Grad Norm: 1.8886 | Clipped: 4/4
Epoch [2230/4000] | Avg Makespan: 305.08 | Actor Loss: -0.0022 | Critic Loss: 0.0730 | Grad Norm: 2.5145 | Clipped: 4/4
Epoch [2231/4000] | Avg Makespan: 318.93 | Actor Loss: -0.0043 | Critic Loss: 0.0966 | Grad Norm: 2.6414 | Clipped: 4/4
Epoch [2232/4000] | Avg Makespan: 310.91 | Actor Loss: -0.0041 | Critic Loss: 0.0348 | Grad Norm: 2.0879 | Clipped: 4/4
Epoch [2233/4000] | Avg Makespan: 321.65 | Actor Loss: -0.0043 | Critic Loss: 0.0612 | Grad Norm: 2.5286 | Clipped: 4/4
Epoch [2234/4000] | Avg Makespan: 311.88 | Actor Loss: -0.0038 | Critic Loss: 0.0877 | Grad Norm: 2.9816 | Clipped: 4/4
Epoch [2235/4000] | Avg Makespan: 316.18 | Actor Loss: -0.0039 | Critic Loss: 0.0173 | Grad Norm: 1.5524 | Clipped: 3/4
Epoch [2236/4000] | Avg Makespan: 318.82 | Actor Loss: -0.0048 | Critic Loss: 0.0637 | Grad Norm: 2.5280 | Clipped: 4/4
Epoch [2237/4000] | Avg Makespan: 317.28 | Actor Loss: -0.0034 | Critic Loss: 0.0351 | Grad Norm: 1.9788 | Clipped: 4/4
Epoch [2238/4000] | Avg Makespan: 309.71 | Actor Loss: -0.0046 | Critic Loss: 0.0273 | Grad Norm: 2.3084 | Clipped: 4/4
Epoch [2239/4000] | Avg Makespan: 322.76 | Actor Loss: -0.0048 | Critic Loss: 0.0498 | Grad Norm: 1.7678 | Clipped: 4/4
Epoch [2240/4000] | Avg Makespan: 323.92 | Actor Loss: -0.0047 | Critic Loss: 0.2213 | Grad Norm: 1.9008 | Clipped: 4/4
Epoch [2241/4000] | Avg Makespan: 315.03 | Actor Loss: -0.0044 | Critic Loss: 0.0842 | Grad Norm: 1.9289 | Clipped: 4/4
Epoch [2242/4000] | Avg Makespan: 311.87 | Actor Loss: -0.0001 | Critic Loss: 0.0360 | Grad Norm: 2.9365 | Clipped: 4/4
Epoch [2243/4000] | Avg Makespan: 323.20 | Actor Loss: -0.0042 | Critic Loss: 0.0331 | Grad Norm: 2.9194 | Clipped: 4/4
Epoch [2244/4000] | Avg Makespan: 306.60 | Actor Loss: -0.0066 | Critic Loss: 0.0522 | Grad Norm: 2.0190 | Clipped: 4/4
Epoch [2245/4000] | Avg Makespan: 326.93 | Actor Loss: -0.0051 | Critic Loss: 0.1403 | Grad Norm: 1.4586 | Clipped: 4/4
Epoch [2246/4000] | Avg Makespan: 330.81 | Actor Loss: -0.0028 | Critic Loss: 0.1373 | Grad Norm: 2.8860 | Clipped: 4/4
Epoch [2247/4000] | Avg Makespan: 318.06 | Actor Loss: -0.0061 | Critic Loss: 0.0576 | Grad Norm: 2.1370 | Clipped: 4/4
Epoch [2248/4000] | Avg Makespan: 310.41 | Actor Loss: -0.0063 | Critic Loss: 0.0652 | Grad Norm: 1.8565 | Clipped: 4/4
Epoch [2249/4000] | Avg Makespan: 311.93 | Actor Loss: -0.0041 | Critic Loss: 0.0235 | Grad Norm: 2.0600 | Clipped: 4/4
Epoch [2250/4000] | Avg Makespan: 311.12 | Actor Loss: 0.0010 | Critic Loss: 0.0537 | Grad Norm: 4.6174 | Clipped: 4/4
Epoch [2251/4000] | Avg Makespan: 328.30 | Actor Loss: 0.0018 | Critic Loss: 0.3333 | Grad Norm: 3.3499 | Clipped: 4/4
Epoch [2252/4000] | Avg Makespan: 315.15 | Actor Loss: -0.0044 | Critic Loss: 0.0422 | Grad Norm: 3.3539 | Clipped: 4/4
Epoch [2253/4000] | Avg Makespan: 320.90 | Actor Loss: -0.0042 | Critic Loss: 0.1010 | Grad Norm: 1.6825 | Clipped: 4/4
Epoch [2254/4000] | Avg Makespan: 322.83 | Actor Loss: -0.0037 | Critic Loss: 0.1838 | Grad Norm: 2.7614 | Clipped: 4/4
Epoch [2255/4000] | Avg Makespan: 328.21 | Actor Loss: -0.0071 | Critic Loss: 0.4014 | Grad Norm: 2.6633 | Clipped: 4/4
Epoch [2256/4000] | Avg Makespan: 310.19 | Actor Loss: -0.0017 | Critic Loss: 0.0777 | Grad Norm: 2.4505 | Clipped: 4/4
Epoch [2257/4000] | Avg Makespan: 312.91 | Actor Loss: -0.0046 | Critic Loss: 0.0361 | Grad Norm: 2.1464 | Clipped: 4/4
Epoch [2258/4000] | Avg Makespan: 312.72 | Actor Loss: -0.0065 | Critic Loss: 0.0796 | Grad Norm: 1.5005 | Clipped: 4/4
Epoch [2259/4000] | Avg Makespan: 320.61 | Actor Loss: -0.0002 | Critic Loss: 0.1900 | Grad Norm: 3.3361 | Clipped: 4/4
Epoch [2260/4000] | Avg Makespan: 315.05 | Actor Loss: -0.0056 | Critic Loss: 0.0525 | Grad Norm: 3.1970 | Clipped: 4/4
Epoch [2261/4000] | Avg Makespan: 318.56 | Actor Loss: -0.0052 | Critic Loss: 0.0680 | Grad Norm: 1.9074 | Clipped: 4/4
Epoch [2262/4000] | Avg Makespan: 309.36 | Actor Loss: -0.0041 | Critic Loss: 0.0309 | Grad Norm: 1.1973 | Clipped: 4/4
Epoch [2263/4000] | Avg Makespan: 308.07 | Actor Loss: -0.0043 | Critic Loss: 0.0392 | Grad Norm: 2.6295 | Clipped: 4/4
Epoch [2264/4000] | Avg Makespan: 311.90 | Actor Loss: -0.0053 | Critic Loss: 0.0853 | Grad Norm: 2.0728 | Clipped: 4/4
Epoch [2265/4000] | Avg Makespan: 319.64 | Actor Loss: -0.0043 | Critic Loss: 0.1360 | Grad Norm: 1.6096 | Clipped: 4/4
Epoch [2266/4000] | Avg Makespan: 309.35 | Actor Loss: -0.0031 | Critic Loss: 0.0224 | Grad Norm: 2.6506 | Clipped: 4/4
Epoch [2267/4000] | Avg Makespan: 308.97 | Actor Loss: -0.0034 | Critic Loss: 0.0215 | Grad Norm: 2.7032 | Clipped: 4/4
Epoch [2268/4000] | Avg Makespan: 307.07 | Actor Loss: -0.0053 | Critic Loss: 0.0987 | Grad Norm: 2.7969 | Clipped: 4/4
Epoch [2269/4000] | Avg Makespan: 318.47 | Actor Loss: -0.0050 | Critic Loss: 0.1296 | Grad Norm: 1.8705 | Clipped: 4/4
Epoch [2270/4000] | Avg Makespan: 310.91 | Actor Loss: -0.0032 | Critic Loss: 0.0300 | Grad Norm: 3.4031 | Clipped: 4/4
Epoch [2271/4000] | Avg Makespan: 326.78 | Actor Loss: -0.0064 | Critic Loss: 0.2051 | Grad Norm: 2.4740 | Clipped: 4/4
Epoch [2272/4000] | Avg Makespan: 315.73 | Actor Loss: -0.0026 | Critic Loss: 0.0256 | Grad Norm: 2.3705 | Clipped: 4/4
Epoch [2273/4000] | Avg Makespan: 319.28 | Actor Loss: -0.0061 | Critic Loss: 0.0808 | Grad Norm: 2.5589 | Clipped: 4/4
Epoch [2274/4000] | Avg Makespan: 313.78 | Actor Loss: -0.0049 | Critic Loss: 0.0609 | Grad Norm: 2.6240 | Clipped: 4/4
Epoch [2275/4000] | Avg Makespan: 315.17 | Actor Loss: -0.0010 | Critic Loss: 0.0186 | Grad Norm: 2.6789 | Clipped: 4/4
Epoch [2276/4000] | Avg Makespan: 309.02 | Actor Loss: -0.0028 | Critic Loss: 0.0895 | Grad Norm: 2.2625 | Clipped: 4/4
Epoch [2277/4000] | Avg Makespan: 314.07 | Actor Loss: -0.0062 | Critic Loss: 0.0335 | Grad Norm: 2.0548 | Clipped: 4/4
Epoch [2278/4000] | Avg Makespan: 319.01 | Actor Loss: -0.0039 | Critic Loss: 0.0967 | Grad Norm: 2.3646 | Clipped: 4/4
Epoch [2279/4000] | Avg Makespan: 319.87 | Actor Loss: -0.0052 | Critic Loss: 0.0694 | Grad Norm: 1.5265 | Clipped: 4/4
Epoch [2280/4000] | Avg Makespan: 311.38 | Actor Loss: -0.0058 | Critic Loss: 0.0257 | Grad Norm: 2.0631 | Clipped: 4/4
Epoch [2281/4000] | Avg Makespan: 320.85 | Actor Loss: -0.0029 | Critic Loss: 0.0860 | Grad Norm: 1.7647 | Clipped: 4/4
Epoch [2282/4000] | Avg Makespan: 325.06 | Actor Loss: -0.0032 | Critic Loss: 0.0697 | Grad Norm: 2.8709 | Clipped: 4/4
Epoch [2283/4000] | Avg Makespan: 310.86 | Actor Loss: -0.0040 | Critic Loss: 0.0524 | Grad Norm: 2.0833 | Clipped: 4/4
Epoch [2284/4000] | Avg Makespan: 332.12 | Actor Loss: -0.0088 | Critic Loss: 0.1830 | Grad Norm: 2.1210 | Clipped: 4/4
Epoch [2285/4000] | Avg Makespan: 310.44 | Actor Loss: -0.0039 | Critic Loss: 0.0700 | Grad Norm: 1.7360 | Clipped: 4/4
Epoch [2286/4000] | Avg Makespan: 305.87 | Actor Loss: -0.0065 | Critic Loss: 0.1181 | Grad Norm: 2.4557 | Clipped: 4/4
Epoch [2287/4000] | Avg Makespan: 320.41 | Actor Loss: -0.0024 | Critic Loss: 0.0591 | Grad Norm: 3.4441 | Clipped: 4/4
Epoch [2288/4000] | Avg Makespan: 333.42 | Actor Loss: -0.0021 | Critic Loss: 0.2701 | Grad Norm: 2.5177 | Clipped: 4/4
Epoch [2289/4000] | Avg Makespan: 320.65 | Actor Loss: 0.0003 | Critic Loss: 0.1219 | Grad Norm: 4.1866 | Clipped: 4/4
Epoch [2290/4000] | Avg Makespan: 310.28 | Actor Loss: -0.0039 | Critic Loss: 0.0412 | Grad Norm: 2.5504 | Clipped: 4/4
Epoch [2291/4000] | Avg Makespan: 311.78 | Actor Loss: -0.0044 | Critic Loss: 0.0350 | Grad Norm: 2.0254 | Clipped: 4/4
Epoch [2292/4000] | Avg Makespan: 321.87 | Actor Loss: -0.0040 | Critic Loss: 0.1667 | Grad Norm: 2.7234 | Clipped: 4/4
Epoch [2293/4000] | Avg Makespan: 315.63 | Actor Loss: -0.0049 | Critic Loss: 0.0386 | Grad Norm: 1.6161 | Clipped: 4/4
Epoch [2294/4000] | Avg Makespan: 305.70 | Actor Loss: -0.0065 | Critic Loss: 0.0349 | Grad Norm: 1.8773 | Clipped: 4/4
Epoch [2295/4000] | Avg Makespan: 311.99 | Actor Loss: -0.0047 | Critic Loss: 0.0331 | Grad Norm: 1.5956 | Clipped: 4/4
Epoch [2296/4000] | Avg Makespan: 313.39 | Actor Loss: -0.0037 | Critic Loss: 0.1228 | Grad Norm: 1.6282 | Clipped: 4/4
Epoch [2297/4000] | Avg Makespan: 318.89 | Actor Loss: -0.0039 | Critic Loss: 0.1383 | Grad Norm: 1.6451 | Clipped: 4/4
Epoch [2298/4000] | Avg Makespan: 313.54 | Actor Loss: -0.0062 | Critic Loss: 0.0497 | Grad Norm: 1.8109 | Clipped: 4/4
Epoch [2299/4000] | Avg Makespan: 312.79 | Actor Loss: -0.0039 | Critic Loss: 0.0425 | Grad Norm: 1.7362 | Clipped: 4/4
Epoch [2300/4000] | Avg Makespan: 308.67 | Actor Loss: -0.0026 | Critic Loss: 0.0768 | Grad Norm: 2.9834 | Clipped: 4/4
   -> Validation | Samples: 280 | Makespan: 439.32 | Invalid Jobs: 0.00 | Score: 439.32
   -> Saved new best model (Val Score mean of last 5: 441.68; this eval 439.32)
   -> Saved new best model (Val Psi-hat mean of last 5: 407.29; this eval 406.33)
   -> Saved updated training chart to /home/wei/Desktop/AMR-DFJSP/runs/20260825_013759_v10_F_s42/chart.png
Epoch [2301/4000] | Avg Makespan: 321.03 | Actor Loss: -0.0064 | Critic Loss: 0.1490 | Grad Norm: 1.5308 | Clipped: 4/4
Epoch [2302/4000] | Avg Makespan: 312.98 | Actor Loss: -0.0041 | Critic Loss: 0.0497 | Grad Norm: 1.8471 | Clipped: 4/4
Epoch [2303/4000] | Avg Makespan: 307.15 | Actor Loss: -0.0052 | Critic Loss: 0.0400 | Grad Norm: 2.5147 | Clipped: 4/4
Epoch [2304/4000] | Avg Makespan: 313.38 | Actor Loss: -0.0059 | Critic Loss: 0.0165 | Grad Norm: 2.5675 | Clipped: 3/4
Epoch [2305/4000] | Avg Makespan: 315.88 | Actor Loss: -0.0038 | Critic Loss: 0.1470 | Grad Norm: 2.5265 | Clipped: 4/4
Epoch [2306/4000] | Avg Makespan: 317.16 | Actor Loss: -0.0056 | Critic Loss: 0.1360 | Grad Norm: 2.1125 | Clipped: 4/4
Epoch [2307/4000] | Avg Makespan: 317.63 | Actor Loss: -0.0022 | Critic Loss: 0.0395 | Grad Norm: 3.3224 | Clipped: 4/4
Epoch [2308/4000] | Avg Makespan: 322.12 | Actor Loss: -0.0007 | Critic Loss: 0.0448 | Grad Norm: 4.0946 | Clipped: 4/4
Epoch [2309/4000] | Avg Makespan: 308.88 | Actor Loss: 0.0006 | Critic Loss: 0.1538 | Grad Norm: 2.9205 | Clipped: 4/4
Epoch [2310/4000] | Avg Makespan: 316.43 | Actor Loss: -0.0009 | Critic Loss: 0.0262 | Grad Norm: 2.8910 | Clipped: 4/4
Epoch [2311/4000] | Avg Makespan: 313.85 | Actor Loss: 0.0009 | Critic Loss: 0.0722 | Grad Norm: 4.9494 | Clipped: 4/4
Epoch [2312/4000] | Avg Makespan: 303.30 | Actor Loss: 0.0032 | Critic Loss: 0.1102 | Grad Norm: 4.2550 | Clipped: 4/4
Epoch [2313/4000] | Avg Makespan: 317.28 | Actor Loss: -0.0006 | Critic Loss: 0.0852 | Grad Norm: 3.2172 | Clipped: 4/4
Epoch [2314/4000] | Avg Makespan: 332.47 | Actor Loss: 0.0026 | Critic Loss: 0.5762 | Grad Norm: 4.5208 | Clipped: 4/4
Epoch [2315/4000] | Avg Makespan: 308.17 | Actor Loss: -0.0027 | Critic Loss: 0.0509 | Grad Norm: 3.5882 | Clipped: 4/4
Epoch [2316/4000] | Avg Makespan: 312.46 | Actor Loss: -0.0041 | Critic Loss: 0.0662 | Grad Norm: 2.2992 | Clipped: 4/4
Epoch [2317/4000] | Avg Makespan: 311.48 | Actor Loss: -0.0038 | Critic Loss: 0.0663 | Grad Norm: 2.5677 | Clipped: 4/4
Epoch [2318/4000] | Avg Makespan: 313.95 | Actor Loss: -0.0066 | Critic Loss: 0.0517 | Grad Norm: 1.4028 | Clipped: 4/4
Epoch [2319/4000] | Avg Makespan: 308.75 | Actor Loss: -0.0022 | Critic Loss: 0.0244 | Grad Norm: 3.0682 | Clipped: 4/4
Epoch [2320/4000] | Avg Makespan: 307.32 | Actor Loss: -0.0033 | Critic Loss: 0.0635 | Grad Norm: 2.4243 | Clipped: 4/4
Epoch [2321/4000] | Avg Makespan: 312.27 | Actor Loss: -0.0056 | Critic Loss: 0.0685 | Grad Norm: 1.8103 | Clipped: 4/4
Epoch [2322/4000] | Avg Makespan: 310.09 | Actor Loss: 0.0006 | Critic Loss: 0.0564 | Grad Norm: 3.8666 | Clipped: 4/4
Epoch [2323/4000] | Avg Makespan: 317.14 | Actor Loss: -0.0031 | Critic Loss: 0.0505 | Grad Norm: 2.3149 | Clipped: 4/4
Epoch [2324/4000] | Avg Makespan: 320.26 | Actor Loss: 0.0034 | Critic Loss: 0.1323 | Grad Norm: 4.5269 | Clipped: 4/4
Epoch [2325/4000] | Avg Makespan: 313.55 | Actor Loss: -0.0004 | Critic Loss: 0.0309 | Grad Norm: 4.3348 | Clipped: 4/4
Epoch [2326/4000] | Avg Makespan: 317.77 | Actor Loss: 0.0015 | Critic Loss: 0.1013 | Grad Norm: 4.5730 | Clipped: 4/4
Epoch [2327/4000] | Avg Makespan: 311.95 | Actor Loss: -0.0030 | Critic Loss: 0.1618 | Grad Norm: 2.7837 | Clipped: 4/4
Epoch [2328/4000] | Avg Makespan: 310.96 | Actor Loss: -0.0009 | Critic Loss: 0.0478 | Grad Norm: 2.9564 | Clipped: 4/4
Epoch [2329/4000] | Avg Makespan: 313.72 | Actor Loss: -0.0044 | Critic Loss: 0.0788 | Grad Norm: 2.4436 | Clipped: 4/4
Epoch [2330/4000] | Avg Makespan: 311.70 | Actor Loss: -0.0043 | Critic Loss: 0.0669 | Grad Norm: 1.6159 | Clipped: 4/4
Epoch [2331/4000] | Avg Makespan: 305.58 | Actor Loss: -0.0042 | Critic Loss: 0.0284 | Grad Norm: 2.1588 | Clipped: 4/4
Epoch [2332/4000] | Avg Makespan: 315.06 | Actor Loss: -0.0020 | Critic Loss: 0.0680 | Grad Norm: 3.3672 | Clipped: 4/4
Epoch [2333/4000] | Avg Makespan: 314.24 | Actor Loss: -0.0034 | Critic Loss: 0.1047 | Grad Norm: 3.1694 | Clipped: 4/4
Epoch [2334/4000] | Avg Makespan: 312.48 | Actor Loss: -0.0039 | Critic Loss: 0.0412 | Grad Norm: 3.2426 | Clipped: 4/4
Epoch [2335/4000] | Avg Makespan: 321.90 | Actor Loss: -0.0049 | Critic Loss: 0.4032 | Grad Norm: 1.6863 | Clipped: 4/4
Epoch [2336/4000] | Avg Makespan: 312.94 | Actor Loss: -0.0043 | Critic Loss: 0.0497 | Grad Norm: 1.5569 | Clipped: 4/4
Epoch [2337/4000] | Avg Makespan: 314.52 | Actor Loss: -0.0008 | Critic Loss: 0.1021 | Grad Norm: 3.3401 | Clipped: 4/4
Epoch [2338/4000] | Avg Makespan: 302.80 | Actor Loss: -0.0026 | Critic Loss: 0.1142 | Grad Norm: 2.2233 | Clipped: 4/4
Epoch [2339/4000] | Avg Makespan: 316.53 | Actor Loss: -0.0040 | Critic Loss: 0.0969 | Grad Norm: 2.5488 | Clipped: 4/4
Epoch [2340/4000] | Avg Makespan: 320.07 | Actor Loss: -0.0055 | Critic Loss: 0.1403 | Grad Norm: 1.6842 | Clipped: 4/4
Epoch [2341/4000] | Avg Makespan: 306.99 | Actor Loss: -0.0065 | Critic Loss: 0.0784 | Grad Norm: 1.6272 | Clipped: 4/4
Epoch [2342/4000] | Avg Makespan: 316.33 | Actor Loss: -0.0024 | Critic Loss: 0.0681 | Grad Norm: 2.2185 | Clipped: 4/4
Epoch [2343/4000] | Avg Makespan: 312.93 | Actor Loss: -0.0046 | Critic Loss: 0.0501 | Grad Norm: 2.6305 | Clipped: 4/4
Epoch [2344/4000] | Avg Makespan: 307.30 | Actor Loss: 0.0016 | Critic Loss: 0.0559 | Grad Norm: 5.0158 | Clipped: 4/4
Epoch [2345/4000] | Avg Makespan: 306.36 | Actor Loss: -0.0042 | Critic Loss: 0.0163 | Grad Norm: 2.8083 | Clipped: 4/4
Epoch [2346/4000] | Avg Makespan: 308.12 | Actor Loss: -0.0025 | Critic Loss: 0.0667 | Grad Norm: 2.0909 | Clipped: 4/4
Epoch [2347/4000] | Avg Makespan: 328.47 | Actor Loss: -0.0029 | Critic Loss: 0.5529 | Grad Norm: 3.2701 | Clipped: 4/4
Epoch [2348/4000] | Avg Makespan: 315.81 | Actor Loss: -0.0034 | Critic Loss: 0.1333 | Grad Norm: 2.4911 | Clipped: 4/4
Epoch [2349/4000] | Avg Makespan: 317.94 | Actor Loss: -0.0045 | Critic Loss: 0.2212 | Grad Norm: 1.8523 | Clipped: 4/4
Epoch [2350/4000] | Avg Makespan: 310.83 | Actor Loss: -0.0048 | Critic Loss: 0.0294 | Grad Norm: 2.2849 | Clipped: 4/4
Epoch [2351/4000] | Avg Makespan: 313.54 | Actor Loss: -0.0038 | Critic Loss: 0.0949 | Grad Norm: 2.4189 | Clipped: 4/4
Epoch [2352/4000] | Avg Makespan: 309.00 | Actor Loss: -0.0072 | Critic Loss: 0.0496 | Grad Norm: 2.1177 | Clipped: 4/4
Epoch [2353/4000] | Avg Makespan: 305.13 | Actor Loss: -0.0056 | Critic Loss: 0.1094 | Grad Norm: 1.5158 | Clipped: 4/4
Epoch [2354/4000] | Avg Makespan: 305.69 | Actor Loss: -0.0036 | Critic Loss: 0.0679 | Grad Norm: 2.0807 | Clipped: 4/4
Epoch [2355/4000] | Avg Makespan: 308.34 | Actor Loss: -0.0006 | Critic Loss: 0.0442 | Grad Norm: 3.1258 | Clipped: 4/4
Epoch [2356/4000] | Avg Makespan: 297.75 | Actor Loss: -0.0057 | Critic Loss: 0.0361 | Grad Norm: 1.9028 | Clipped: 4/4
Epoch [2357/4000] | Avg Makespan: 317.02 | Actor Loss: -0.0039 | Critic Loss: 0.1762 | Grad Norm: 3.3024 | Clipped: 4/4
Epoch [2358/4000] | Avg Makespan: 306.76 | Actor Loss: -0.0044 | Critic Loss: 0.0724 | Grad Norm: 2.2147 | Clipped: 4/4
Epoch [2359/4000] | Avg Makespan: 325.14 | Actor Loss: -0.0037 | Critic Loss: 0.1931 | Grad Norm: 1.9131 | Clipped: 4/4
Epoch [2360/4000] | Avg Makespan: 309.24 | Actor Loss: -0.0040 | Critic Loss: 0.0561 | Grad Norm: 2.2823 | Clipped: 4/4
Epoch [2361/4000] | Avg Makespan: 315.81 | Actor Loss: -0.0024 | Critic Loss: 0.0517 | Grad Norm: 2.4685 | Clipped: 4/4
Epoch [2362/4000] | Avg Makespan: 309.81 | Actor Loss: 0.0104 | Critic Loss: 0.0405 | Grad Norm: 6.0149 | Clipped: 4/4
Epoch [2363/4000] | Avg Makespan: 317.67 | Actor Loss: -0.0043 | Critic Loss: 0.1276 | Grad Norm: 2.4450 | Clipped: 4/4
Epoch [2364/4000] | Avg Makespan: 321.61 | Actor Loss: -0.0050 | Critic Loss: 0.1107 | Grad Norm: 2.5110 | Clipped: 4/4
Epoch [2365/4000] | Avg Makespan: 316.32 | Actor Loss: -0.0050 | Critic Loss: 0.0702 | Grad Norm: 2.6366 | Clipped: 4/4
Epoch [2366/4000] | Avg Makespan: 308.88 | Actor Loss: -0.0026 | Critic Loss: 0.0368 | Grad Norm: 3.1815 | Clipped: 4/4
Epoch [2367/4000] | Avg Makespan: 316.96 | Actor Loss: -0.0053 | Critic Loss: 0.2217 | Grad Norm: 2.2338 | Clipped: 4/4
Epoch [2368/4000] | Avg Makespan: 302.80 | Actor Loss: -0.0027 | Critic Loss: 0.0576 | Grad Norm: 2.8876 | Clipped: 4/4
Epoch [2369/4000] | Avg Makespan: 306.86 | Actor Loss: -0.0048 | Critic Loss: 0.0555 | Grad Norm: 2.3232 | Clipped: 4/4
Epoch [2370/4000] | Avg Makespan: 310.69 | Actor Loss: -0.0012 | Critic Loss: 0.0368 | Grad Norm: 2.7576 | Clipped: 4/4
Epoch [2371/4000] | Avg Makespan: 308.28 | Actor Loss: -0.0015 | Critic Loss: 0.0431 | Grad Norm: 2.8145 | Clipped: 4/4
Epoch [2372/4000] | Avg Makespan: 313.29 | Actor Loss: -0.0033 | Critic Loss: 0.1108 | Grad Norm: 2.2965 | Clipped: 4/4
Epoch [2373/4000] | Avg Makespan: 317.75 | Actor Loss: -0.0033 | Critic Loss: 0.0629 | Grad Norm: 2.2794 | Clipped: 4/4
Epoch [2374/4000] | Avg Makespan: 322.41 | Actor Loss: -0.0033 | Critic Loss: 0.1180 | Grad Norm: 2.5644 | Clipped: 4/4
Epoch [2375/4000] | Avg Makespan: 315.13 | Actor Loss: -0.0032 | Critic Loss: 0.0959 | Grad Norm: 2.0894 | Clipped: 4/4
Epoch [2376/4000] | Avg Makespan: 307.11 | Actor Loss: -0.0027 | Critic Loss: 0.0492 | Grad Norm: 2.1581 | Clipped: 4/4
Epoch [2377/4000] | Avg Makespan: 308.02 | Actor Loss: -0.0052 | Critic Loss: 0.0581 | Grad Norm: 1.4774 | Clipped: 4/4
Epoch [2378/4000] | Avg Makespan: 316.91 | Actor Loss: -0.0053 | Critic Loss: 0.1141 | Grad Norm: 2.4489 | Clipped: 4/4
Epoch [2379/4000] | Avg Makespan: 323.70 | Actor Loss: -0.0001 | Critic Loss: 0.2898 | Grad Norm: 3.5179 | Clipped: 4/4
Epoch [2380/4000] | Avg Makespan: 305.84 | Actor Loss: -0.0033 | Critic Loss: 0.0723 | Grad Norm: 2.1546 | Clipped: 4/4
Epoch [2381/4000] | Avg Makespan: 316.93 | Actor Loss: -0.0051 | Critic Loss: 0.3267 | Grad Norm: 2.1638 | Clipped: 4/4
Epoch [2382/4000] | Avg Makespan: 302.59 | Actor Loss: -0.0026 | Critic Loss: 0.0571 | Grad Norm: 2.9238 | Clipped: 4/4
Epoch [2383/4000] | Avg Makespan: 305.86 | Actor Loss: -0.0045 | Critic Loss: 0.0669 | Grad Norm: 3.3499 | Clipped: 4/4
Epoch [2384/4000] | Avg Makespan: 307.59 | Actor Loss: -0.0041 | Critic Loss: 0.0322 | Grad Norm: 3.1374 | Clipped: 4/4
Epoch [2385/4000] | Avg Makespan: 324.43 | Actor Loss: -0.0038 | Critic Loss: 0.1567 | Grad Norm: 2.4979 | Clipped: 4/4
Epoch [2386/4000] | Avg Makespan: 330.97 | Actor Loss: -0.0021 | Critic Loss: 0.3105 | Grad Norm: 2.3973 | Clipped: 4/4
Epoch [2387/4000] | Avg Makespan: 312.14 | Actor Loss: -0.0022 | Critic Loss: 0.1054 | Grad Norm: 2.7593 | Clipped: 4/4
Epoch [2388/4000] | Avg Makespan: 323.72 | Actor Loss: -0.0052 | Critic Loss: 0.1109 | Grad Norm: 1.9775 | Clipped: 4/4
Epoch [2389/4000] | Avg Makespan: 309.67 | Actor Loss: -0.0002 | Critic Loss: 0.0804 | Grad Norm: 4.8660 | Clipped: 4/4
Epoch [2390/4000] | Avg Makespan: 308.93 | Actor Loss: -0.0060 | Critic Loss: 0.0528 | Grad Norm: 2.3923 | Clipped: 4/4
Epoch [2391/4000] | Avg Makespan: 311.70 | Actor Loss: -0.0061 | Critic Loss: 0.1269 | Grad Norm: 2.0714 | Clipped: 4/4
Epoch [2392/4000] | Avg Makespan: 306.86 | Actor Loss: -0.0025 | Critic Loss: 0.0361 | Grad Norm: 3.6878 | Clipped: 4/4
Epoch [2393/4000] | Avg Makespan: 308.45 | Actor Loss: -0.0062 | Critic Loss: 0.0364 | Grad Norm: 2.4669 | Clipped: 4/4
Epoch [2394/4000] | Avg Makespan: 318.68 | Actor Loss: -0.0054 | Critic Loss: 0.1559 | Grad Norm: 2.9715 | Clipped: 4/4
Epoch [2395/4000] | Avg Makespan: 315.59 | Actor Loss: -0.0022 | Critic Loss: 0.2019 | Grad Norm: 3.1156 | Clipped: 4/4
Epoch [2396/4000] | Avg Makespan: 309.99 | Actor Loss: -0.0043 | Critic Loss: 0.0781 | Grad Norm: 2.4416 | Clipped: 4/4
Epoch [2397/4000] | Avg Makespan: 308.39 | Actor Loss: -0.0045 | Critic Loss: 0.0446 | Grad Norm: 2.3171 | Clipped: 4/4
Epoch [2398/4000] | Avg Makespan: 319.91 | Actor Loss: -0.0033 | Critic Loss: 0.2596 | Grad Norm: 3.4244 | Clipped: 4/4
Epoch [2399/4000] | Avg Makespan: 318.58 | Actor Loss: -0.0024 | Critic Loss: 0.0618 | Grad Norm: 3.1513 | Clipped: 4/4
Epoch [2400/4000] | Avg Makespan: 310.59 | Actor Loss: -0.0031 | Critic Loss: 0.0323 | Grad Norm: 3.3807 | Clipped: 4/4
   -> Validation | Samples: 280 | Makespan: 436.39 | Invalid Jobs: 0.00 | Score: 436.39
   -> Saved new best model (Val Score mean of last 5: 439.33; this eval 436.39)
   -> Saved new best model (Val Psi-hat mean of last 5: 406.36; this eval 404.22)
   -> Saved updated training chart to /home/wei/Desktop/AMR-DFJSP/runs/20260825_013759_v10_F_s42/chart.png
Epoch [2401/4000] | Avg Makespan: 306.29 | Actor Loss: -0.0046 | Critic Loss: 0.0587 | Grad Norm: 2.4007 | Clipped: 4/4
Epoch [2402/4000] | Avg Makespan: 311.41 | Actor Loss: -0.0055 | Critic Loss: 0.2732 | Grad Norm: 1.9671 | Clipped: 4/4
Epoch [2403/4000] | Avg Makespan: 322.22 | Actor Loss: -0.0056 | Critic Loss: 0.1276 | Grad Norm: 2.6797 | Clipped: 4/4
Epoch [2404/4000] | Avg Makespan: 317.09 | Actor Loss: -0.0045 | Critic Loss: 0.1253 | Grad Norm: 2.0056 | Clipped: 4/4
Epoch [2405/4000] | Avg Makespan: 315.49 | Actor Loss: -0.0061 | Critic Loss: 0.0679 | Grad Norm: 2.5617 | Clipped: 4/4
Epoch [2406/4000] | Avg Makespan: 305.52 | Actor Loss: -0.0055 | Critic Loss: 0.0971 | Grad Norm: 3.3773 | Clipped: 4/4
Epoch [2407/4000] | Avg Makespan: 345.72 | Actor Loss: -0.0018 | Critic Loss: 0.3689 | Grad Norm: 2.8978 | Clipped: 4/4
Epoch [2408/4000] | Avg Makespan: 315.65 | Actor Loss: -0.0032 | Critic Loss: 0.0581 | Grad Norm: 2.0996 | Clipped: 4/4
Epoch [2409/4000] | Avg Makespan: 316.01 | Actor Loss: -0.0053 | Critic Loss: 0.1273 | Grad Norm: 2.2599 | Clipped: 4/4
Epoch [2410/4000] | Avg Makespan: 308.88 | Actor Loss: -0.0045 | Critic Loss: 0.1252 | Grad Norm: 1.8490 | Clipped: 4/4
Epoch [2411/4000] | Avg Makespan: 315.03 | Actor Loss: -0.0045 | Critic Loss: 0.1197 | Grad Norm: 2.4268 | Clipped: 4/4
Epoch [2412/4000] | Avg Makespan: 316.25 | Actor Loss: -0.0060 | Critic Loss: 0.1951 | Grad Norm: 1.8082 | Clipped: 4/4
Epoch [2413/4000] | Avg Makespan: 327.45 | Actor Loss: -0.0065 | Critic Loss: 0.3754 | Grad Norm: 1.8615 | Clipped: 4/4
Epoch [2414/4000] | Avg Makespan: 318.57 | Actor Loss: -0.0031 | Critic Loss: 0.0830 | Grad Norm: 3.4112 | Clipped: 4/4
Epoch [2415/4000] | Avg Makespan: 310.67 | Actor Loss: -0.0043 | Critic Loss: 0.1070 | Grad Norm: 2.3961 | Clipped: 4/4
Epoch [2416/4000] | Avg Makespan: 310.14 | Actor Loss: -0.0019 | Critic Loss: 0.1115 | Grad Norm: 3.2352 | Clipped: 4/4
Epoch [2417/4000] | Avg Makespan: 304.52 | Actor Loss: -0.0034 | Critic Loss: 0.0958 | Grad Norm: 3.2657 | Clipped: 4/4
Epoch [2418/4000] | Avg Makespan: 320.00 | Actor Loss: -0.0039 | Critic Loss: 0.1184 | Grad Norm: 2.5590 | Clipped: 4/4
Epoch [2419/4000] | Avg Makespan: 319.21 | Actor Loss: -0.0055 | Critic Loss: 0.0991 | Grad Norm: 2.0096 | Clipped: 4/4
Epoch [2420/4000] | Avg Makespan: 308.69 | Actor Loss: -0.0031 | Critic Loss: 0.0812 | Grad Norm: 3.2808 | Clipped: 4/4
Epoch [2421/4000] | Avg Makespan: 327.83 | Actor Loss: -0.0024 | Critic Loss: 0.1305 | Grad Norm: 2.3682 | Clipped: 4/4
Epoch [2422/4000] | Avg Makespan: 321.81 | Actor Loss: -0.0043 | Critic Loss: 0.1268 | Grad Norm: 2.7481 | Clipped: 4/4
Epoch [2423/4000] | Avg Makespan: 324.40 | Actor Loss: -0.0051 | Critic Loss: 0.1838 | Grad Norm: 1.2837 | Clipped: 4/4
Epoch [2424/4000] | Avg Makespan: 316.08 | Actor Loss: -0.0038 | Critic Loss: 0.0497 | Grad Norm: 2.0750 | Clipped: 4/4
Epoch [2425/4000] | Avg Makespan: 310.57 | Actor Loss: -0.0032 | Critic Loss: 0.0959 | Grad Norm: 2.2154 | Clipped: 4/4
Epoch [2426/4000] | Avg Makespan: 309.51 | Actor Loss: -0.0038 | Critic Loss: 0.0619 | Grad Norm: 2.4734 | Clipped: 4/4
Epoch [2427/4000] | Avg Makespan: 308.71 | Actor Loss: -0.0031 | Critic Loss: 0.0632 | Grad Norm: 2.2831 | Clipped: 4/4
Epoch [2428/4000] | Avg Makespan: 302.08 | Actor Loss: -0.0044 | Critic Loss: 0.0176 | Grad Norm: 2.5378 | Clipped: 4/4
Epoch [2429/4000] | Avg Makespan: 315.38 | Actor Loss: -0.0045 | Critic Loss: 0.0706 | Grad Norm: 2.4620 | Clipped: 4/4
Epoch [2430/4000] | Avg Makespan: 314.28 | Actor Loss: -0.0036 | Critic Loss: 0.0493 | Grad Norm: 2.6792 | Clipped: 4/4
Epoch [2431/4000] | Avg Makespan: 332.83 | Actor Loss: -0.0043 | Critic Loss: 0.5819 | Grad Norm: 3.3272 | Clipped: 4/4
Epoch [2432/4000] | Avg Makespan: 313.57 | Actor Loss: -0.0050 | Critic Loss: 0.0476 | Grad Norm: 2.1136 | Clipped: 4/4
Epoch [2433/4000] | Avg Makespan: 311.28 | Actor Loss: -0.0059 | Critic Loss: 0.1409 | Grad Norm: 1.6892 | Clipped: 4/4
Epoch [2434/4000] | Avg Makespan: 318.54 | Actor Loss: -0.0056 | Critic Loss: 0.0757 | Grad Norm: 2.3357 | Clipped: 4/4
Epoch [2435/4000] | Avg Makespan: 309.91 | Actor Loss: -0.0046 | Critic Loss: 0.0666 | Grad Norm: 1.9460 | Clipped: 4/4
Epoch [2436/4000] | Avg Makespan: 305.48 | Actor Loss: -0.0040 | Critic Loss: 0.0602 | Grad Norm: 3.1233 | Clipped: 4/4
Epoch [2437/4000] | Avg Makespan: 310.79 | Actor Loss: -0.0052 | Critic Loss: 0.0791 | Grad Norm: 1.9380 | Clipped: 4/4
Epoch [2438/4000] | Avg Makespan: 335.66 | Actor Loss: -0.0045 | Critic Loss: 0.5206 | Grad Norm: 2.0119 | Clipped: 4/4
Epoch [2439/4000] | Avg Makespan: 318.62 | Actor Loss: -0.0055 | Critic Loss: 0.1735 | Grad Norm: 2.4753 | Clipped: 4/4
Epoch [2440/4000] | Avg Makespan: 309.66 | Actor Loss: -0.0042 | Critic Loss: 0.0931 | Grad Norm: 2.4166 | Clipped: 4/4
Epoch [2441/4000] | Avg Makespan: 318.86 | Actor Loss: -0.0052 | Critic Loss: 0.1678 | Grad Norm: 1.9097 | Clipped: 4/4
Epoch [2442/4000] | Avg Makespan: 312.21 | Actor Loss: -0.0063 | Critic Loss: 0.1951 | Grad Norm: 2.2188 | Clipped: 4/4
Epoch [2443/4000] | Avg Makespan: 310.54 | Actor Loss: -0.0060 | Critic Loss: 0.0516 | Grad Norm: 2.3574 | Clipped: 4/4
Epoch [2444/4000] | Avg Makespan: 308.99 | Actor Loss: -0.0034 | Critic Loss: 0.0529 | Grad Norm: 1.8246 | Clipped: 4/4
Epoch [2445/4000] | Avg Makespan: 324.04 | Actor Loss: -0.0062 | Critic Loss: 0.2785 | Grad Norm: 2.2210 | Clipped: 4/4
Epoch [2446/4000] | Avg Makespan: 308.54 | Actor Loss: -0.0028 | Critic Loss: 0.0551 | Grad Norm: 2.0293 | Clipped: 4/4
Epoch [2447/4000] | Avg Makespan: 312.54 | Actor Loss: -0.0051 | Critic Loss: 0.0571 | Grad Norm: 1.6704 | Clipped: 4/4
Epoch [2448/4000] | Avg Makespan: 317.95 | Actor Loss: -0.0045 | Critic Loss: 0.0571 | Grad Norm: 1.9309 | Clipped: 4/4
Epoch [2449/4000] | Avg Makespan: 317.86 | Actor Loss: -0.0049 | Critic Loss: 0.0288 | Grad Norm: 1.3233 | Clipped: 3/4
Epoch [2450/4000] | Avg Makespan: 316.08 | Actor Loss: -0.0041 | Critic Loss: 0.0376 | Grad Norm: 2.3187 | Clipped: 4/4
Epoch [2451/4000] | Avg Makespan: 316.91 | Actor Loss: -0.0059 | Critic Loss: 0.1105 | Grad Norm: 2.1169 | Clipped: 4/4
Epoch [2452/4000] | Avg Makespan: 323.55 | Actor Loss: -0.0047 | Critic Loss: 0.3040 | Grad Norm: 1.7835 | Clipped: 4/4
Epoch [2453/4000] | Avg Makespan: 313.27 | Actor Loss: -0.0061 | Critic Loss: 0.0935 | Grad Norm: 1.8412 | Clipped: 4/4
Epoch [2454/4000] | Avg Makespan: 315.68 | Actor Loss: -0.0039 | Critic Loss: 0.0250 | Grad Norm: 2.1035 | Clipped: 4/4
Epoch [2455/4000] | Avg Makespan: 314.75 | Actor Loss: -0.0047 | Critic Loss: 0.0424 | Grad Norm: 1.7137 | Clipped: 4/4
Epoch [2456/4000] | Avg Makespan: 315.67 | Actor Loss: -0.0047 | Critic Loss: 0.0940 | Grad Norm: 1.8520 | Clipped: 4/4
Epoch [2457/4000] | Avg Makespan: 318.24 | Actor Loss: -0.0048 | Critic Loss: 0.1249 | Grad Norm: 2.1835 | Clipped: 3/4
Epoch [2458/4000] | Avg Makespan: 313.95 | Actor Loss: -0.0060 | Critic Loss: 0.0801 | Grad Norm: 1.7947 | Clipped: 4/4
Epoch [2459/4000] | Avg Makespan: 317.03 | Actor Loss: -0.0036 | Critic Loss: 0.0879 | Grad Norm: 1.6635 | Clipped: 4/4
Epoch [2460/4000] | Avg Makespan: 327.26 | Actor Loss: -0.0045 | Critic Loss: 0.1150 | Grad Norm: 2.1608 | Clipped: 4/4
Epoch [2461/4000] | Avg Makespan: 310.83 | Actor Loss: -0.0024 | Critic Loss: 0.0322 | Grad Norm: 2.4331 | Clipped: 4/4
Epoch [2462/4000] | Avg Makespan: 317.28 | Actor Loss: -0.0043 | Critic Loss: 0.1595 | Grad Norm: 2.1991 | Clipped: 4/4
Epoch [2463/4000] | Avg Makespan: 315.59 | Actor Loss: -0.0062 | Critic Loss: 0.0167 | Grad Norm: 1.8009 | Clipped: 4/4
Epoch [2464/4000] | Avg Makespan: 315.50 | Actor Loss: -0.0052 | Critic Loss: 0.0646 | Grad Norm: 2.2602 | Clipped: 3/4
Epoch [2465/4000] | Avg Makespan: 337.98 | Actor Loss: -0.0058 | Critic Loss: 0.5004 | Grad Norm: 1.4533 | Clipped: 4/4
Epoch [2466/4000] | Avg Makespan: 319.30 | Actor Loss: -0.0045 | Critic Loss: 0.0945 | Grad Norm: 2.3407 | Clipped: 4/4
Epoch [2467/4000] | Avg Makespan: 338.30 | Actor Loss: -0.0059 | Critic Loss: 0.2825 | Grad Norm: 1.8736 | Clipped: 4/4
Epoch [2468/4000] | Avg Makespan: 319.23 | Actor Loss: -0.0051 | Critic Loss: 0.1060 | Grad Norm: 1.9740 | Clipped: 4/4
Epoch [2469/4000] | Avg Makespan: 314.09 | Actor Loss: -0.0024 | Critic Loss: 0.1439 | Grad Norm: 2.4218 | Clipped: 4/4
Epoch [2470/4000] | Avg Makespan: 317.35 | Actor Loss: -0.0058 | Critic Loss: 0.1810 | Grad Norm: 1.9532 | Clipped: 4/4
Epoch [2471/4000] | Avg Makespan: 331.52 | Actor Loss: -0.0075 | Critic Loss: 0.3297 | Grad Norm: 2.6374 | Clipped: 4/4
Epoch [2472/4000] | Avg Makespan: 315.65 | Actor Loss: -0.0030 | Critic Loss: 0.0824 | Grad Norm: 2.6289 | Clipped: 4/4
Epoch [2473/4000] | Avg Makespan: 311.68 | Actor Loss: -0.0027 | Critic Loss: 0.0427 | Grad Norm: 3.1150 | Clipped: 4/4
Epoch [2474/4000] | Avg Makespan: 319.83 | Actor Loss: -0.0044 | Critic Loss: 0.1044 | Grad Norm: 2.2614 | Clipped: 4/4
Epoch [2475/4000] | Avg Makespan: 314.63 | Actor Loss: -0.0062 | Critic Loss: 0.0467 | Grad Norm: 1.9404 | Clipped: 4/4
Epoch [2476/4000] | Avg Makespan: 327.07 | Actor Loss: -0.0050 | Critic Loss: 0.2981 | Grad Norm: 1.9860 | Clipped: 4/4
Epoch [2477/4000] | Avg Makespan: 317.09 | Actor Loss: -0.0014 | Critic Loss: 0.1179 | Grad Norm: 2.0549 | Clipped: 4/4
Epoch [2478/4000] | Avg Makespan: 310.45 | Actor Loss: -0.0060 | Critic Loss: 0.0563 | Grad Norm: 1.6868 | Clipped: 4/4
Epoch [2479/4000] | Avg Makespan: 311.36 | Actor Loss: -0.0042 | Critic Loss: 0.0903 | Grad Norm: 1.7747 | Clipped: 4/4
Epoch [2480/4000] | Avg Makespan: 312.98 | Actor Loss: -0.0034 | Critic Loss: 0.0668 | Grad Norm: 1.7059 | Clipped: 4/4
Epoch [2481/4000] | Avg Makespan: 328.98 | Actor Loss: -0.0041 | Critic Loss: 0.7316 | Grad Norm: 2.1882 | Clipped: 4/4
Epoch [2482/4000] | Avg Makespan: 321.16 | Actor Loss: -0.0048 | Critic Loss: 0.0946 | Grad Norm: 2.1783 | Clipped: 4/4
Epoch [2483/4000] | Avg Makespan: 325.44 | Actor Loss: -0.0067 | Critic Loss: 0.1067 | Grad Norm: 1.9905 | Clipped: 4/4
Epoch [2484/4000] | Avg Makespan: 325.20 | Actor Loss: -0.0041 | Critic Loss: 0.0793 | Grad Norm: 1.6591 | Clipped: 4/4
Epoch [2485/4000] | Avg Makespan: 313.29 | Actor Loss: -0.0010 | Critic Loss: 0.0643 | Grad Norm: 2.8927 | Clipped: 4/4
Epoch [2486/4000] | Avg Makespan: 318.84 | Actor Loss: -0.0050 | Critic Loss: 0.1174 | Grad Norm: 1.5944 | Clipped: 4/4
Epoch [2487/4000] | Avg Makespan: 324.51 | Actor Loss: -0.0018 | Critic Loss: 0.3557 | Grad Norm: 2.2423 | Clipped: 4/4
Epoch [2488/4000] | Avg Makespan: 322.78 | Actor Loss: -0.0050 | Critic Loss: 0.0937 | Grad Norm: 1.9190 | Clipped: 4/4
Epoch [2489/4000] | Avg Makespan: 319.37 | Actor Loss: -0.0036 | Critic Loss: 0.2920 | Grad Norm: 1.9659 | Clipped: 4/4
Epoch [2490/4000] | Avg Makespan: 325.69 | Actor Loss: -0.0017 | Critic Loss: 0.2268 | Grad Norm: 4.5181 | Clipped: 4/4
Epoch [2491/4000] | Avg Makespan: 320.45 | Actor Loss: -0.0028 | Critic Loss: 0.0523 | Grad Norm: 2.2137 | Clipped: 4/4
Epoch [2492/4000] | Avg Makespan: 324.17 | Actor Loss: -0.0056 | Critic Loss: 0.0846 | Grad Norm: 2.2799 | Clipped: 4/4
Epoch [2493/4000] | Avg Makespan: 317.20 | Actor Loss: -0.0039 | Critic Loss: 0.1817 | Grad Norm: 2.0462 | Clipped: 4/4
Epoch [2494/4000] | Avg Makespan: 318.46 | Actor Loss: -0.0050 | Critic Loss: 0.0634 | Grad Norm: 2.5142 | Clipped: 4/4
Epoch [2495/4000] | Avg Makespan: 321.17 | Actor Loss: -0.0031 | Critic Loss: 0.0919 | Grad Norm: 2.1510 | Clipped: 4/4
Epoch [2496/4000] | Avg Makespan: 306.43 | Actor Loss: -0.0058 | Critic Loss: 0.0549 | Grad Norm: 2.1215 | Clipped: 4/4
Epoch [2497/4000] | Avg Makespan: 322.94 | Actor Loss: -0.0023 | Critic Loss: 0.1699 | Grad Norm: 2.3205 | Clipped: 4/4
Epoch [2498/4000] | Avg Makespan: 313.30 | Actor Loss: -0.0013 | Critic Loss: 0.0346 | Grad Norm: 4.0797 | Clipped: 4/4
Epoch [2499/4000] | Avg Makespan: 316.52 | Actor Loss: -0.0044 | Critic Loss: 0.0307 | Grad Norm: 2.4571 | Clipped: 4/4
Epoch [2500/4000] | Avg Makespan: 323.92 | Actor Loss: -0.0034 | Critic Loss: 0.1209 | Grad Norm: 1.5411 | Clipped: 4/4
   -> Validation | Samples: 280 | Makespan: 439.07 | Invalid Jobs: 0.00 | Score: 442.64
   -> Saved new best model (Val Psi-hat mean of last 5: 405.80; this eval 408.35)
   -> Saved updated training chart to /home/wei/Desktop/AMR-DFJSP/runs/20260825_013759_v10_F_s42/chart.png
Epoch [2501/4000] | Avg Makespan: 319.31 | Actor Loss: -0.0059 | Critic Loss: 0.1646 | Grad Norm: 2.2145 | Clipped: 4/4
Epoch [2502/4000] | Avg Makespan: 308.97 | Actor Loss: -0.0038 | Critic Loss: 0.1357 | Grad Norm: 2.8859 | Clipped: 4/4
Epoch [2503/4000] | Avg Makespan: 311.68 | Actor Loss: -0.0066 | Critic Loss: 0.0654 | Grad Norm: 2.2204 | Clipped: 4/4
Epoch [2504/4000] | Avg Makespan: 329.37 | Actor Loss: -0.0050 | Critic Loss: 0.1498 | Grad Norm: 2.9362 | Clipped: 4/4
Epoch [2505/4000] | Avg Makespan: 311.19 | Actor Loss: -0.0029 | Critic Loss: 0.0494 | Grad Norm: 3.8343 | Clipped: 4/4
Epoch [2506/4000] | Avg Makespan: 327.14 | Actor Loss: -0.0048 | Critic Loss: 0.2805 | Grad Norm: 2.4764 | Clipped: 4/4
Epoch [2507/4000] | Avg Makespan: 311.47 | Actor Loss: -0.0043 | Critic Loss: 0.0640 | Grad Norm: 1.9690 | Clipped: 4/4
Epoch [2508/4000] | Avg Makespan: 322.14 | Actor Loss: -0.0059 | Critic Loss: 0.0485 | Grad Norm: 1.8795 | Clipped: 4/4
Epoch [2509/4000] | Avg Makespan: 321.04 | Actor Loss: 0.0031 | Critic Loss: 0.0512 | Grad Norm: 3.4115 | Clipped: 4/4
Epoch [2510/4000] | Avg Makespan: 336.36 | Actor Loss: -0.0007 | Critic Loss: 0.2383 | Grad Norm: 3.2886 | Clipped: 4/4
Epoch [2511/4000] | Avg Makespan: 319.50 | Actor Loss: -0.0038 | Critic Loss: 0.0455 | Grad Norm: 2.3419 | Clipped: 4/4
Epoch [2512/4000] | Avg Makespan: 322.11 | Actor Loss: -0.0057 | Critic Loss: 0.0724 | Grad Norm: 2.0694 | Clipped: 4/4
Epoch [2513/4000] | Avg Makespan: 319.28 | Actor Loss: -0.0008 | Critic Loss: 0.0416 | Grad Norm: 2.4626 | Clipped: 4/4
Epoch [2514/4000] | Avg Makespan: 319.50 | Actor Loss: -0.0045 | Critic Loss: 0.0601 | Grad Norm: 1.8059 | Clipped: 4/4
Epoch [2515/4000] | Avg Makespan: 313.15 | Actor Loss: -0.0045 | Critic Loss: 0.0614 | Grad Norm: 2.0729 | Clipped: 4/4
Epoch [2516/4000] | Avg Makespan: 313.36 | Actor Loss: -0.0048 | Critic Loss: 0.0244 | Grad Norm: 1.8261 | Clipped: 4/4
Epoch [2517/4000] | Avg Makespan: 312.87 | Actor Loss: -0.0039 | Critic Loss: 0.0158 | Grad Norm: 2.0963 | Clipped: 3/4
Epoch [2518/4000] | Avg Makespan: 316.94 | Actor Loss: -0.0030 | Critic Loss: 0.1023 | Grad Norm: 2.2799 | Clipped: 4/4
Epoch [2519/4000] | Avg Makespan: 309.61 | Actor Loss: -0.0049 | Critic Loss: 0.0314 | Grad Norm: 3.5955 | Clipped: 4/4
Epoch [2520/4000] | Avg Makespan: 313.38 | Actor Loss: 0.0020 | Critic Loss: 0.0675 | Grad Norm: 5.4025 | Clipped: 4/4
Epoch [2521/4000] | Avg Makespan: 319.37 | Actor Loss: -0.0020 | Critic Loss: 0.0303 | Grad Norm: 3.3003 | Clipped: 4/4
Epoch [2522/4000] | Avg Makespan: 316.64 | Actor Loss: -0.0040 | Critic Loss: 0.0635 | Grad Norm: 1.9801 | Clipped: 4/4
Epoch [2523/4000] | Avg Makespan: 322.40 | Actor Loss: -0.0031 | Critic Loss: 0.1667 | Grad Norm: 2.5170 | Clipped: 4/4
Epoch [2524/4000] | Avg Makespan: 321.54 | Actor Loss: -0.0048 | Critic Loss: 0.1636 | Grad Norm: 1.4645 | Clipped: 4/4
Epoch [2525/4000] | Avg Makespan: 317.34 | Actor Loss: -0.0040 | Critic Loss: 0.0760 | Grad Norm: 2.4521 | Clipped: 4/4
Epoch [2526/4000] | Avg Makespan: 315.19 | Actor Loss: 0.0053 | Critic Loss: 0.0597 | Grad Norm: 4.6150 | Clipped: 4/4
Epoch [2527/4000] | Avg Makespan: 328.29 | Actor Loss: -0.0056 | Critic Loss: 0.3019 | Grad Norm: 1.8257 | Clipped: 4/4
Epoch [2528/4000] | Avg Makespan: 316.67 | Actor Loss: -0.0044 | Critic Loss: 0.1852 | Grad Norm: 2.3619 | Clipped: 4/4
Epoch [2529/4000] | Avg Makespan: 310.42 | Actor Loss: -0.0022 | Critic Loss: 0.1189 | Grad Norm: 2.6870 | Clipped: 4/4
Epoch [2530/4000] | Avg Makespan: 319.22 | Actor Loss: -0.0035 | Critic Loss: 0.0460 | Grad Norm: 2.2812 | Clipped: 4/4
Epoch [2531/4000] | Avg Makespan: 319.12 | Actor Loss: -0.0057 | Critic Loss: 0.0393 | Grad Norm: 1.7332 | Clipped: 4/4
Epoch [2532/4000] | Avg Makespan: 314.03 | Actor Loss: -0.0051 | Critic Loss: 0.0476 | Grad Norm: 1.5621 | Clipped: 4/4
Epoch [2533/4000] | Avg Makespan: 310.46 | Actor Loss: -0.0021 | Critic Loss: 0.0684 | Grad Norm: 2.9692 | Clipped: 4/4
Epoch [2534/4000] | Avg Makespan: 325.68 | Actor Loss: -0.0049 | Critic Loss: 0.2929 | Grad Norm: 1.7153 | Clipped: 4/4
Epoch [2535/4000] | Avg Makespan: 323.33 | Actor Loss: -0.0039 | Critic Loss: 0.3728 | Grad Norm: 2.2468 | Clipped: 4/4
Epoch [2536/4000] | Avg Makespan: 319.19 | Actor Loss: -0.0036 | Critic Loss: 0.0305 | Grad Norm: 2.5558 | Clipped: 4/4
Epoch [2537/4000] | Avg Makespan: 313.36 | Actor Loss: -0.0033 | Critic Loss: 0.0435 | Grad Norm: 1.8896 | Clipped: 4/4
Epoch [2538/4000] | Avg Makespan: 315.51 | Actor Loss: 0.0011 | Critic Loss: 0.0570 | Grad Norm: 3.4577 | Clipped: 4/4
Epoch [2539/4000] | Avg Makespan: 320.85 | Actor Loss: -0.0034 | Critic Loss: 0.1419 | Grad Norm: 3.2981 | Clipped: 4/4
Epoch [2540/4000] | Avg Makespan: 320.33 | Actor Loss: -0.0021 | Critic Loss: 0.1309 | Grad Norm: 3.4077 | Clipped: 4/4
Epoch [2541/4000] | Avg Makespan: 318.34 | Actor Loss: -0.0045 | Critic Loss: 0.0590 | Grad Norm: 2.3035 | Clipped: 4/4
Epoch [2542/4000] | Avg Makespan: 321.30 | Actor Loss: -0.0031 | Critic Loss: 0.1434 | Grad Norm: 2.1910 | Clipped: 4/4
Epoch [2543/4000] | Avg Makespan: 317.32 | Actor Loss: -0.0052 | Critic Loss: 0.1159 | Grad Norm: 2.5253 | Clipped: 4/4
Epoch [2544/4000] | Avg Makespan: 318.85 | Actor Loss: -0.0040 | Critic Loss: 0.2417 | Grad Norm: 1.7373 | Clipped: 4/4
Epoch [2545/4000] | Avg Makespan: 317.63 | Actor Loss: -0.0045 | Critic Loss: 0.0381 | Grad Norm: 2.0565 | Clipped: 4/4
Epoch [2546/4000] | Avg Makespan: 319.90 | Actor Loss: -0.0036 | Critic Loss: 0.0830 | Grad Norm: 2.5779 | Clipped: 4/4
Epoch [2547/4000] | Avg Makespan: 308.68 | Actor Loss: -0.0046 | Critic Loss: 0.0680 | Grad Norm: 1.5575 | Clipped: 4/4
Epoch [2548/4000] | Avg Makespan: 313.27 | Actor Loss: -0.0038 | Critic Loss: 0.0914 | Grad Norm: 1.4582 | Clipped: 4/4
Epoch [2549/4000] | Avg Makespan: 325.67 | Actor Loss: -0.0048 | Critic Loss: 0.2991 | Grad Norm: 2.6378 | Clipped: 4/4
Epoch [2550/4000] | Avg Makespan: 314.81 | Actor Loss: -0.0031 | Critic Loss: 0.0291 | Grad Norm: 2.3517 | Clipped: 4/4
Epoch [2551/4000] | Avg Makespan: 317.16 | Actor Loss: -0.0041 | Critic Loss: 0.0356 | Grad Norm: 1.8189 | Clipped: 4/4
Epoch [2552/4000] | Avg Makespan: 312.48 | Actor Loss: -0.0039 | Critic Loss: 0.0688 | Grad Norm: 1.8487 | Clipped: 4/4
Epoch [2553/4000] | Avg Makespan: 319.34 | Actor Loss: -0.0070 | Critic Loss: 0.0572 | Grad Norm: 2.1249 | Clipped: 4/4
Epoch [2554/4000] | Avg Makespan: 321.06 | Actor Loss: -0.0042 | Critic Loss: 0.0841 | Grad Norm: 1.6540 | Clipped: 4/4
Epoch [2555/4000] | Avg Makespan: 330.18 | Actor Loss: -0.0040 | Critic Loss: 0.2040 | Grad Norm: 3.1777 | Clipped: 4/4
Epoch [2556/4000] | Avg Makespan: 310.12 | Actor Loss: -0.0048 | Critic Loss: 0.0639 | Grad Norm: 1.9328 | Clipped: 4/4
Epoch [2557/4000] | Avg Makespan: 324.23 | Actor Loss: -0.0043 | Critic Loss: 0.1110 | Grad Norm: 1.9497 | Clipped: 4/4
Epoch [2558/4000] | Avg Makespan: 320.63 | Actor Loss: -0.0046 | Critic Loss: 0.0537 | Grad Norm: 2.0267 | Clipped: 4/4
Epoch [2559/4000] | Avg Makespan: 321.82 | Actor Loss: -0.0046 | Critic Loss: 0.2083 | Grad Norm: 1.4172 | Clipped: 4/4
Epoch [2560/4000] | Avg Makespan: 324.90 | Actor Loss: -0.0041 | Critic Loss: 0.0757 | Grad Norm: 1.6926 | Clipped: 4/4
Epoch [2561/4000] | Avg Makespan: 321.92 | Actor Loss: -0.0052 | Critic Loss: 0.0379 | Grad Norm: 1.2846 | Clipped: 3/4
Epoch [2562/4000] | Avg Makespan: 310.52 | Actor Loss: -0.0042 | Critic Loss: 0.1057 | Grad Norm: 2.5464 | Clipped: 4/4
Epoch [2563/4000] | Avg Makespan: 314.03 | Actor Loss: -0.0032 | Critic Loss: 0.0723 | Grad Norm: 2.8250 | Clipped: 4/4
Epoch [2564/4000] | Avg Makespan: 323.14 | Actor Loss: -0.0040 | Critic Loss: 0.0831 | Grad Norm: 3.2772 | Clipped: 4/4
Epoch [2565/4000] | Avg Makespan: 319.30 | Actor Loss: -0.0014 | Critic Loss: 0.1207 | Grad Norm: 2.6654 | Clipped: 4/4
Epoch [2566/4000] | Avg Makespan: 330.24 | Actor Loss: -0.0034 | Critic Loss: 0.2097 | Grad Norm: 2.5516 | Clipped: 4/4
Epoch [2567/4000] | Avg Makespan: 321.75 | Actor Loss: -0.0031 | Critic Loss: 0.0472 | Grad Norm: 2.3646 | Clipped: 4/4
Epoch [2568/4000] | Avg Makespan: 313.16 | Actor Loss: -0.0042 | Critic Loss: 0.0636 | Grad Norm: 1.9460 | Clipped: 4/4
Epoch [2569/4000] | Avg Makespan: 323.99 | Actor Loss: -0.0024 | Critic Loss: 0.1039 | Grad Norm: 2.7575 | Clipped: 4/4
Epoch [2570/4000] | Avg Makespan: 328.57 | Actor Loss: -0.0053 | Critic Loss: 0.0796 | Grad Norm: 2.3628 | Clipped: 4/4
Epoch [2571/4000] | Avg Makespan: 316.38 | Actor Loss: -0.0028 | Critic Loss: 0.1286 | Grad Norm: 2.0320 | Clipped: 4/4
Epoch [2572/4000] | Avg Makespan: 332.25 | Actor Loss: -0.0055 | Critic Loss: 0.1726 | Grad Norm: 1.9249 | Clipped: 4/4
Epoch [2573/4000] | Avg Makespan: 323.43 | Actor Loss: -0.0050 | Critic Loss: 0.1168 | Grad Norm: 2.1670 | Clipped: 4/4
Epoch [2574/4000] | Avg Makespan: 317.19 | Actor Loss: -0.0062 | Critic Loss: 0.1495 | Grad Norm: 2.1657 | Clipped: 4/4
Epoch [2575/4000] | Avg Makespan: 315.56 | Actor Loss: -0.0017 | Critic Loss: 0.0436 | Grad Norm: 1.8275 | Clipped: 4/4
Epoch [2576/4000] | Avg Makespan: 308.04 | Actor Loss: -0.0031 | Critic Loss: 0.0641 | Grad Norm: 2.5246 | Clipped: 4/4
Epoch [2577/4000] | Avg Makespan: 322.91 | Actor Loss: -0.0040 | Critic Loss: 0.1123 | Grad Norm: 2.3064 | Clipped: 4/4
Epoch [2578/4000] | Avg Makespan: 324.15 | Actor Loss: -0.0039 | Critic Loss: 0.2015 | Grad Norm: 2.4991 | Clipped: 4/4
Epoch [2579/4000] | Avg Makespan: 325.63 | Actor Loss: -0.0059 | Critic Loss: 0.1266 | Grad Norm: 1.2373 | Clipped: 3/4
Epoch [2580/4000] | Avg Makespan: 321.89 | Actor Loss: -0.0040 | Critic Loss: 0.0679 | Grad Norm: 2.1461 | Clipped: 4/4
Epoch [2581/4000] | Avg Makespan: 311.59 | Actor Loss: -0.0021 | Critic Loss: 0.1408 | Grad Norm: 2.6291 | Clipped: 4/4
Epoch [2582/4000] | Avg Makespan: 309.83 | Actor Loss: -0.0012 | Critic Loss: 0.0625 | Grad Norm: 2.7797 | Clipped: 4/4
Epoch [2583/4000] | Avg Makespan: 313.66 | Actor Loss: -0.0037 | Critic Loss: 0.0690 | Grad Norm: 1.4068 | Clipped: 4/4
Epoch [2584/4000] | Avg Makespan: 315.15 | Actor Loss: -0.0046 | Critic Loss: 0.1316 | Grad Norm: 2.9211 | Clipped: 4/4
Epoch [2585/4000] | Avg Makespan: 313.27 | Actor Loss: -0.0053 | Critic Loss: 0.0643 | Grad Norm: 1.9667 | Clipped: 4/4
Epoch [2586/4000] | Avg Makespan: 327.47 | Actor Loss: -0.0040 | Critic Loss: 0.3477 | Grad Norm: 1.7612 | Clipped: 4/4
Epoch [2587/4000] | Avg Makespan: 313.43 | Actor Loss: -0.0039 | Critic Loss: 0.0712 | Grad Norm: 1.7764 | Clipped: 4/4
Epoch [2588/4000] | Avg Makespan: 314.07 | Actor Loss: -0.0022 | Critic Loss: 0.0445 | Grad Norm: 2.8442 | Clipped: 4/4
Epoch [2589/4000] | Avg Makespan: 322.57 | Actor Loss: -0.0025 | Critic Loss: 0.0590 | Grad Norm: 2.2971 | Clipped: 4/4
Epoch [2590/4000] | Avg Makespan: 325.27 | Actor Loss: 0.0012 | Critic Loss: 0.1012 | Grad Norm: 2.4587 | Clipped: 4/4
Epoch [2591/4000] | Avg Makespan: 316.41 | Actor Loss: 0.0028 | Critic Loss: 0.1012 | Grad Norm: 3.5565 | Clipped: 4/4
Epoch [2592/4000] | Avg Makespan: 313.80 | Actor Loss: -0.0013 | Critic Loss: 0.0544 | Grad Norm: 2.7249 | Clipped: 4/4
Epoch [2593/4000] | Avg Makespan: 320.96 | Actor Loss: -0.0018 | Critic Loss: 0.0415 | Grad Norm: 2.3110 | Clipped: 4/4
Epoch [2594/4000] | Avg Makespan: 316.84 | Actor Loss: -0.0048 | Critic Loss: 0.1359 | Grad Norm: 2.0091 | Clipped: 4/4
Epoch [2595/4000] | Avg Makespan: 319.43 | Actor Loss: 0.0006 | Critic Loss: 0.0660 | Grad Norm: 3.6079 | Clipped: 4/4
Epoch [2596/4000] | Avg Makespan: 323.79 | Actor Loss: -0.0009 | Critic Loss: 0.0321 | Grad Norm: 3.1469 | Clipped: 4/4
Epoch [2597/4000] | Avg Makespan: 312.95 | Actor Loss: -0.0057 | Critic Loss: 0.0393 | Grad Norm: 1.7998 | Clipped: 4/4
Epoch [2598/4000] | Avg Makespan: 323.95 | Actor Loss: -0.0056 | Critic Loss: 0.1071 | Grad Norm: 1.8576 | Clipped: 3/4
Epoch [2599/4000] | Avg Makespan: 314.45 | Actor Loss: -0.0049 | Critic Loss: 0.0707 | Grad Norm: 1.4817 | Clipped: 4/4
Epoch [2600/4000] | Avg Makespan: 338.42 | Actor Loss: -0.0041 | Critic Loss: 0.2933 | Grad Norm: 2.0962 | Clipped: 4/4
   -> Validation | Samples: 280 | Makespan: 444.40 | Invalid Jobs: 0.01 | Score: 451.54
   -> Saved updated training chart to /home/wei/Desktop/AMR-DFJSP/runs/20260825_013759_v10_F_s42/chart.png
Epoch [2601/4000] | Avg Makespan: 325.59 | Actor Loss: -0.0029 | Critic Loss: 0.0855 | Grad Norm: 1.6894 | Clipped: 4/4
Epoch [2602/4000] | Avg Makespan: 330.83 | Actor Loss: -0.0040 | Critic Loss: 0.3640 | Grad Norm: 1.8402 | Clipped: 4/4
Epoch [2603/4000] | Avg Makespan: 311.19 | Actor Loss: -0.0027 | Critic Loss: 0.1411 | Grad Norm: 1.5705 | Clipped: 4/4
Epoch [2604/4000] | Avg Makespan: 324.25 | Actor Loss: -0.0055 | Critic Loss: 0.1306 | Grad Norm: 1.8273 | Clipped: 4/4
Epoch [2605/4000] | Avg Makespan: 332.27 | Actor Loss: -0.0025 | Critic Loss: 0.2530 | Grad Norm: 1.8187 | Clipped: 4/4
Epoch [2606/4000] | Avg Makespan: 331.00 | Actor Loss: -0.0028 | Critic Loss: 0.1384 | Grad Norm: 2.0492 | Clipped: 4/4
Epoch [2607/4000] | Avg Makespan: 328.57 | Actor Loss: -0.0033 | Critic Loss: 0.1551 | Grad Norm: 1.7053 | Clipped: 4/4
Epoch [2608/4000] | Avg Makespan: 315.22 | Actor Loss: -0.0051 | Critic Loss: 0.1103 | Grad Norm: 1.3471 | Clipped: 4/4
Epoch [2609/4000] | Avg Makespan: 323.23 | Actor Loss: -0.0052 | Critic Loss: 0.0803 | Grad Norm: 1.4346 | Clipped: 4/4
Epoch [2610/4000] | Avg Makespan: 339.17 | Actor Loss: -0.0053 | Critic Loss: 0.4232 | Grad Norm: 2.1817 | Clipped: 4/4
Epoch [2611/4000] | Avg Makespan: 329.76 | Actor Loss: -0.0037 | Critic Loss: 0.1418 | Grad Norm: 2.2676 | Clipped: 4/4
Epoch [2612/4000] | Avg Makespan: 314.83 | Actor Loss: 0.0014 | Critic Loss: 0.1029 | Grad Norm: 2.3788 | Clipped: 4/4
Epoch [2613/4000] | Avg Makespan: 317.96 | Actor Loss: -0.0035 | Critic Loss: 0.0321 | Grad Norm: 2.1354 | Clipped: 4/4
Epoch [2614/4000] | Avg Makespan: 319.76 | Actor Loss: -0.0058 | Critic Loss: 0.1193 | Grad Norm: 1.5040 | Clipped: 4/4
Epoch [2615/4000] | Avg Makespan: 322.68 | Actor Loss: -0.0049 | Critic Loss: 0.0774 | Grad Norm: 2.2060 | Clipped: 4/4
Epoch [2616/4000] | Avg Makespan: 310.25 | Actor Loss: -0.0053 | Critic Loss: 0.0472 | Grad Norm: 1.6662 | Clipped: 4/4
Epoch [2617/4000] | Avg Makespan: 317.61 | Actor Loss: -0.0041 | Critic Loss: 0.0278 | Grad Norm: 2.3294 | Clipped: 4/4
Epoch [2618/4000] | Avg Makespan: 325.91 | Actor Loss: -0.0059 | Critic Loss: 0.1475 | Grad Norm: 1.7221 | Clipped: 4/4
Epoch [2619/4000] | Avg Makespan: 329.00 | Actor Loss: -0.0032 | Critic Loss: 0.2919 | Grad Norm: 2.0603 | Clipped: 4/4
Epoch [2620/4000] | Avg Makespan: 325.80 | Actor Loss: -0.0051 | Critic Loss: 0.0746 | Grad Norm: 1.5309 | Clipped: 4/4
Epoch [2621/4000] | Avg Makespan: 315.21 | Actor Loss: -0.0039 | Critic Loss: 0.0580 | Grad Norm: 1.7843 | Clipped: 4/4
Epoch [2622/4000] | Avg Makespan: 318.18 | Actor Loss: -0.0050 | Critic Loss: 0.0341 | Grad Norm: 1.6243 | Clipped: 4/4
Epoch [2623/4000] | Avg Makespan: 313.12 | Actor Loss: 0.0003 | Critic Loss: 0.0391 | Grad Norm: 2.5424 | Clipped: 4/4
Epoch [2624/4000] | Avg Makespan: 317.02 | Actor Loss: -0.0047 | Critic Loss: 0.0361 | Grad Norm: 1.6697 | Clipped: 4/4
Epoch [2625/4000] | Avg Makespan: 323.31 | Actor Loss: -0.0040 | Critic Loss: 0.0574 | Grad Norm: 2.1423 | Clipped: 4/4
Epoch [2626/4000] | Avg Makespan: 324.05 | Actor Loss: -0.0044 | Critic Loss: 0.0847 | Grad Norm: 1.7777 | Clipped: 4/4
Epoch [2627/4000] | Avg Makespan: 323.73 | Actor Loss: -0.0039 | Critic Loss: 0.0872 | Grad Norm: 1.7810 | Clipped: 4/4
Epoch [2628/4000] | Avg Makespan: 322.32 | Actor Loss: -0.0055 | Critic Loss: 0.0863 | Grad Norm: 1.8947 | Clipped: 4/4
Epoch [2629/4000] | Avg Makespan: 333.93 | Actor Loss: -0.0039 | Critic Loss: 0.1374 | Grad Norm: 2.3176 | Clipped: 4/4
Epoch [2630/4000] | Avg Makespan: 311.80 | Actor Loss: -0.0032 | Critic Loss: 0.0703 | Grad Norm: 2.2034 | Clipped: 4/4
Epoch [2631/4000] | Avg Makespan: 320.74 | Actor Loss: -0.0062 | Critic Loss: 0.0466 | Grad Norm: 1.5177 | Clipped: 4/4
Epoch [2632/4000] | Avg Makespan: 317.28 | Actor Loss: -0.0052 | Critic Loss: 0.0369 | Grad Norm: 1.8635 | Clipped: 4/4
Epoch [2633/4000] | Avg Makespan: 319.45 | Actor Loss: -0.0022 | Critic Loss: 0.0337 | Grad Norm: 1.8968 | Clipped: 4/4
Epoch [2634/4000] | Avg Makespan: 322.99 | Actor Loss: -0.0050 | Critic Loss: 0.0375 | Grad Norm: 1.4159 | Clipped: 4/4
Epoch [2635/4000] | Avg Makespan: 312.87 | Actor Loss: -0.0037 | Critic Loss: 0.0478 | Grad Norm: 2.5595 | Clipped: 4/4
Epoch [2636/4000] | Avg Makespan: 314.51 | Actor Loss: -0.0025 | Critic Loss: 0.0311 | Grad Norm: 1.6071 | Clipped: 4/4
Epoch [2637/4000] | Avg Makespan: 330.48 | Actor Loss: -0.0028 | Critic Loss: 0.1676 | Grad Norm: 1.8248 | Clipped: 4/4
Epoch [2638/4000] | Avg Makespan: 336.12 | Actor Loss: -0.0033 | Critic Loss: 0.4821 | Grad Norm: 1.8352 | Clipped: 4/4
Epoch [2639/4000] | Avg Makespan: 323.33 | Actor Loss: -0.0043 | Critic Loss: 0.0520 | Grad Norm: 1.9260 | Clipped: 4/4
Epoch [2640/4000] | Avg Makespan: 321.98 | Actor Loss: -0.0065 | Critic Loss: 0.1180 | Grad Norm: 1.3569 | Clipped: 4/4
Epoch [2641/4000] | Avg Makespan: 329.81 | Actor Loss: -0.0051 | Critic Loss: 0.1059 | Grad Norm: 1.6388 | Clipped: 4/4
Epoch [2642/4000] | Avg Makespan: 314.88 | Actor Loss: -0.0019 | Critic Loss: 0.0788 | Grad Norm: 1.9460 | Clipped: 4/4
Epoch [2643/4000] | Avg Makespan: 319.37 | Actor Loss: -0.0038 | Critic Loss: 0.0466 | Grad Norm: 1.4494 | Clipped: 4/4
Epoch [2644/4000] | Avg Makespan: 320.00 | Actor Loss: -0.0053 | Critic Loss: 0.0959 | Grad Norm: 1.9222 | Clipped: 4/4
Epoch [2645/4000] | Avg Makespan: 321.51 | Actor Loss: -0.0040 | Critic Loss: 0.0970 | Grad Norm: 1.4812 | Clipped: 4/4
Epoch [2646/4000] | Avg Makespan: 318.85 | Actor Loss: -0.0029 | Critic Loss: 0.0499 | Grad Norm: 1.5645 | Clipped: 4/4
Epoch [2647/4000] | Avg Makespan: 315.97 | Actor Loss: -0.0048 | Critic Loss: 0.0238 | Grad Norm: 1.2837 | Clipped: 3/4
Epoch [2648/4000] | Avg Makespan: 316.05 | Actor Loss: -0.0012 | Critic Loss: 0.0543 | Grad Norm: 2.2664 | Clipped: 4/4
Epoch [2649/4000] | Avg Makespan: 323.71 | Actor Loss: -0.0030 | Critic Loss: 0.0828 | Grad Norm: 2.8906 | Clipped: 4/4
Epoch [2650/4000] | Avg Makespan: 324.81 | Actor Loss: -0.0004 | Critic Loss: 0.0953 | Grad Norm: 2.4620 | Clipped: 4/4
Epoch [2651/4000] | Avg Makespan: 325.65 | Actor Loss: -0.0042 | Critic Loss: 0.0853 | Grad Norm: 1.3213 | Clipped: 4/4
Epoch [2652/4000] | Avg Makespan: 321.85 | Actor Loss: -0.0038 | Critic Loss: 0.0234 | Grad Norm: 1.9291 | Clipped: 4/4
Epoch [2653/4000] | Avg Makespan: 313.83 | Actor Loss: -0.0050 | Critic Loss: 0.0464 | Grad Norm: 1.2790 | Clipped: 4/4
Epoch [2654/4000] | Avg Makespan: 316.02 | Actor Loss: -0.0044 | Critic Loss: 0.0489 | Grad Norm: 1.8867 | Clipped: 4/4
Epoch [2655/4000] | Avg Makespan: 318.16 | Actor Loss: -0.0031 | Critic Loss: 0.0358 | Grad Norm: 1.8342 | Clipped: 4/4
Epoch [2656/4000] | Avg Makespan: 316.30 | Actor Loss: -0.0041 | Critic Loss: 0.0154 | Grad Norm: 2.3480 | Clipped: 4/4
Epoch [2657/4000] | Avg Makespan: 316.31 | Actor Loss: -0.0043 | Critic Loss: 0.0485 | Grad Norm: 2.4373 | Clipped: 4/4
Epoch [2658/4000] | Avg Makespan: 320.29 | Actor Loss: -0.0042 | Critic Loss: 0.0740 | Grad Norm: 1.5964 | Clipped: 4/4
Epoch [2659/4000] | Avg Makespan: 323.65 | Actor Loss: -0.0014 | Critic Loss: 0.1704 | Grad Norm: 2.1790 | Clipped: 4/4
Epoch [2660/4000] | Avg Makespan: 313.81 | Actor Loss: -0.0029 | Critic Loss: 0.0500 | Grad Norm: 2.1072 | Clipped: 4/4
Epoch [2661/4000] | Avg Makespan: 317.44 | Actor Loss: -0.0053 | Critic Loss: 0.0666 | Grad Norm: 2.5677 | Clipped: 4/4
Epoch [2662/4000] | Avg Makespan: 322.69 | Actor Loss: -0.0034 | Critic Loss: 0.0996 | Grad Norm: 1.3188 | Clipped: 4/4
Epoch [2663/4000] | Avg Makespan: 317.22 | Actor Loss: -0.0059 | Critic Loss: 0.0520 | Grad Norm: 1.5661 | Clipped: 4/4
Epoch [2664/4000] | Avg Makespan: 319.79 | Actor Loss: -0.0023 | Critic Loss: 0.0632 | Grad Norm: 2.0754 | Clipped: 4/4
Epoch [2665/4000] | Avg Makespan: 317.94 | Actor Loss: -0.0023 | Critic Loss: 0.0838 | Grad Norm: 2.0379 | Clipped: 4/4
Epoch [2666/4000] | Avg Makespan: 322.35 | Actor Loss: -0.0035 | Critic Loss: 0.0835 | Grad Norm: 2.1571 | Clipped: 4/4
Epoch [2667/4000] | Avg Makespan: 317.23 | Actor Loss: -0.0030 | Critic Loss: 0.0738 | Grad Norm: 1.9118 | Clipped: 4/4
Epoch [2668/4000] | Avg Makespan: 311.05 | Actor Loss: -0.0060 | Critic Loss: 0.0338 | Grad Norm: 1.8670 | Clipped: 4/4
Epoch [2669/4000] | Avg Makespan: 323.80 | Actor Loss: 0.0006 | Critic Loss: 0.0442 | Grad Norm: 2.9331 | Clipped: 4/4
Epoch [2670/4000] | Avg Makespan: 309.85 | Actor Loss: -0.0024 | Critic Loss: 0.0637 | Grad Norm: 3.2966 | Clipped: 4/4
Epoch [2671/4000] | Avg Makespan: 320.97 | Actor Loss: -0.0035 | Critic Loss: 0.0774 | Grad Norm: 2.8412 | Clipped: 4/4
Epoch [2672/4000] | Avg Makespan: 325.11 | Actor Loss: -0.0046 | Critic Loss: 0.1933 | Grad Norm: 2.1829 | Clipped: 4/4
Epoch [2673/4000] | Avg Makespan: 324.69 | Actor Loss: -0.0035 | Critic Loss: 0.0426 | Grad Norm: 2.0334 | Clipped: 4/4
Epoch [2674/4000] | Avg Makespan: 316.49 | Actor Loss: -0.0046 | Critic Loss: 0.0568 | Grad Norm: 1.7312 | Clipped: 4/4
Epoch [2675/4000] | Avg Makespan: 316.19 | Actor Loss: -0.0031 | Critic Loss: 0.0704 | Grad Norm: 1.9553 | Clipped: 4/4
Epoch [2676/4000] | Avg Makespan: 312.81 | Actor Loss: -0.0050 | Critic Loss: 0.0283 | Grad Norm: 1.5768 | Clipped: 4/4
Epoch [2677/4000] | Avg Makespan: 313.95 | Actor Loss: -0.0036 | Critic Loss: 0.0765 | Grad Norm: 1.5593 | Clipped: 4/4
Epoch [2678/4000] | Avg Makespan: 319.75 | Actor Loss: -0.0052 | Critic Loss: 0.1201 | Grad Norm: 1.9580 | Clipped: 4/4
Epoch [2679/4000] | Avg Makespan: 321.17 | Actor Loss: -0.0032 | Critic Loss: 0.0730 | Grad Norm: 1.8987 | Clipped: 4/4
Epoch [2680/4000] | Avg Makespan: 316.41 | Actor Loss: -0.0063 | Critic Loss: 0.0252 | Grad Norm: 1.8914 | Clipped: 4/4
Epoch [2681/4000] | Avg Makespan: 321.34 | Actor Loss: -0.0024 | Critic Loss: 0.0672 | Grad Norm: 2.0705 | Clipped: 4/4
Epoch [2682/4000] | Avg Makespan: 309.04 | Actor Loss: -0.0029 | Critic Loss: 0.0660 | Grad Norm: 2.1180 | Clipped: 4/4
Epoch [2683/4000] | Avg Makespan: 320.21 | Actor Loss: -0.0015 | Critic Loss: 0.1935 | Grad Norm: 2.9122 | Clipped: 4/4
Epoch [2684/4000] | Avg Makespan: 333.97 | Actor Loss: -0.0034 | Critic Loss: 0.2875 | Grad Norm: 1.6548 | Clipped: 4/4
Epoch [2685/4000] | Avg Makespan: 320.36 | Actor Loss: -0.0044 | Critic Loss: 0.0605 | Grad Norm: 1.6302 | Clipped: 4/4
Epoch [2686/4000] | Avg Makespan: 337.96 | Actor Loss: -0.0054 | Critic Loss: 0.1737 | Grad Norm: 1.3957 | Clipped: 4/4
Epoch [2687/4000] | Avg Makespan: 320.22 | Actor Loss: -0.0069 | Critic Loss: 0.0875 | Grad Norm: 1.9924 | Clipped: 4/4
Epoch [2688/4000] | Avg Makespan: 322.09 | Actor Loss: -0.0048 | Critic Loss: 0.1398 | Grad Norm: 1.6646 | Clipped: 4/4
Epoch [2689/4000] | Avg Makespan: 318.49 | Actor Loss: -0.0013 | Critic Loss: 0.0546 | Grad Norm: 1.8926 | Clipped: 4/4
Epoch [2690/4000] | Avg Makespan: 318.87 | Actor Loss: -0.0024 | Critic Loss: 0.0407 | Grad Norm: 2.2035 | Clipped: 4/4
Epoch [2691/4000] | Avg Makespan: 324.84 | Actor Loss: -0.0034 | Critic Loss: 0.0857 | Grad Norm: 1.6541 | Clipped: 4/4
Epoch [2692/4000] | Avg Makespan: 331.88 | Actor Loss: -0.0031 | Critic Loss: 0.1413 | Grad Norm: 3.4128 | Clipped: 4/4
Epoch [2693/4000] | Avg Makespan: 313.03 | Actor Loss: 0.0006 | Critic Loss: 0.0386 | Grad Norm: 2.8419 | Clipped: 4/4
Epoch [2694/4000] | Avg Makespan: 320.11 | Actor Loss: -0.0016 | Critic Loss: 0.0306 | Grad Norm: 2.6886 | Clipped: 4/4
Epoch [2695/4000] | Avg Makespan: 330.01 | Actor Loss: -0.0055 | Critic Loss: 0.0546 | Grad Norm: 2.0076 | Clipped: 4/4
Epoch [2696/4000] | Avg Makespan: 317.31 | Actor Loss: -0.0031 | Critic Loss: 0.0627 | Grad Norm: 2.0478 | Clipped: 4/4
Epoch [2697/4000] | Avg Makespan: 323.60 | Actor Loss: -0.0036 | Critic Loss: 0.0763 | Grad Norm: 1.4757 | Clipped: 4/4
Epoch [2698/4000] | Avg Makespan: 316.68 | Actor Loss: -0.0001 | Critic Loss: 0.0604 | Grad Norm: 2.0935 | Clipped: 4/4
Epoch [2699/4000] | Avg Makespan: 315.51 | Actor Loss: -0.0038 | Critic Loss: 0.0484 | Grad Norm: 1.6731 | Clipped: 4/4
Epoch [2700/4000] | Avg Makespan: 313.30 | Actor Loss: -0.0014 | Critic Loss: 0.0986 | Grad Norm: 1.3692 | Clipped: 3/4
   -> Validation | Samples: 280 | Makespan: 455.25 | Invalid Jobs: 0.01 | Score: 465.96
   -> Saved updated training chart to /home/wei/Desktop/AMR-DFJSP/runs/20260825_013759_v10_F_s42/chart.png
Epoch [2701/4000] | Avg Makespan: 315.28 | Actor Loss: -0.0027 | Critic Loss: 0.0611 | Grad Norm: 2.2344 | Clipped: 4/4
Epoch [2702/4000] | Avg Makespan: 317.51 | Actor Loss: -0.0031 | Critic Loss: 0.0699 | Grad Norm: 1.9121 | Clipped: 4/4
Epoch [2703/4000] | Avg Makespan: 316.87 | Actor Loss: -0.0039 | Critic Loss: 0.0457 | Grad Norm: 1.8233 | Clipped: 4/4
Epoch [2704/4000] | Avg Makespan: 319.43 | Actor Loss: -0.0037 | Critic Loss: 0.0551 | Grad Norm: 1.7339 | Clipped: 4/4
Epoch [2705/4000] | Avg Makespan: 324.43 | Actor Loss: -0.0048 | Critic Loss: 0.0860 | Grad Norm: 1.4330 | Clipped: 3/4
Epoch [2706/4000] | Avg Makespan: 326.33 | Actor Loss: -0.0057 | Critic Loss: 0.1885 | Grad Norm: 1.6718 | Clipped: 4/4
Epoch [2707/4000] | Avg Makespan: 325.37 | Actor Loss: -0.0050 | Critic Loss: 0.0499 | Grad Norm: 1.6293 | Clipped: 4/4
Epoch [2708/4000] | Avg Makespan: 334.94 | Actor Loss: -0.0059 | Critic Loss: 0.4074 | Grad Norm: 1.5016 | Clipped: 4/4
Epoch [2709/4000] | Avg Makespan: 315.40 | Actor Loss: -0.0032 | Critic Loss: 0.2043 | Grad Norm: 1.9275 | Clipped: 4/4
Epoch [2710/4000] | Avg Makespan: 326.45 | Actor Loss: -0.0026 | Critic Loss: 0.0825 | Grad Norm: 2.6677 | Clipped: 4/4
Epoch [2711/4000] | Avg Makespan: 314.43 | Actor Loss: -0.0035 | Critic Loss: 0.0751 | Grad Norm: 2.0378 | Clipped: 4/4
Epoch [2712/4000] | Avg Makespan: 330.62 | Actor Loss: -0.0050 | Critic Loss: 0.2083 | Grad Norm: 1.6027 | Clipped: 4/4
Epoch [2713/4000] | Avg Makespan: 328.35 | Actor Loss: -0.0017 | Critic Loss: 0.2822 | Grad Norm: 1.8888 | Clipped: 4/4
Epoch [2714/4000] | Avg Makespan: 322.85 | Actor Loss: -0.0048 | Critic Loss: 0.1512 | Grad Norm: 1.7817 | Clipped: 4/4
Epoch [2715/4000] | Avg Makespan: 323.12 | Actor Loss: -0.0020 | Critic Loss: 0.0590 | Grad Norm: 2.2800 | Clipped: 4/4
Epoch [2716/4000] | Avg Makespan: 325.95 | Actor Loss: -0.0037 | Critic Loss: 0.0359 | Grad Norm: 2.7390 | Clipped: 4/4
Epoch [2717/4000] | Avg Makespan: 318.67 | Actor Loss: -0.0038 | Critic Loss: 0.1121 | Grad Norm: 2.0606 | Clipped: 4/4
Epoch [2718/4000] | Avg Makespan: 321.00 | Actor Loss: -0.0037 | Critic Loss: 0.0800 | Grad Norm: 2.2415 | Clipped: 4/4
Epoch [2719/4000] | Avg Makespan: 326.18 | Actor Loss: -0.0036 | Critic Loss: 0.2359 | Grad Norm: 1.4117 | Clipped: 4/4
Epoch [2720/4000] | Avg Makespan: 312.77 | Actor Loss: -0.0050 | Critic Loss: 0.0685 | Grad Norm: 1.8741 | Clipped: 4/4
Epoch [2721/4000] | Avg Makespan: 322.49 | Actor Loss: -0.0036 | Critic Loss: 0.1650 | Grad Norm: 1.5560 | Clipped: 4/4
Epoch [2722/4000] | Avg Makespan: 312.66 | Actor Loss: -0.0010 | Critic Loss: 0.0804 | Grad Norm: 2.4779 | Clipped: 4/4
Epoch [2723/4000] | Avg Makespan: 315.03 | Actor Loss: -0.0065 | Critic Loss: 0.0572 | Grad Norm: 1.3106 | Clipped: 4/4
Epoch [2724/4000] | Avg Makespan: 327.54 | Actor Loss: -0.0042 | Critic Loss: 0.2244 | Grad Norm: 1.6259 | Clipped: 4/4
Epoch [2725/4000] | Avg Makespan: 318.86 | Actor Loss: -0.0054 | Critic Loss: 0.0367 | Grad Norm: 1.3569 | Clipped: 3/4
Epoch [2726/4000] | Avg Makespan: 328.81 | Actor Loss: -0.0070 | Critic Loss: 0.1306 | Grad Norm: 2.3618 | Clipped: 4/4
Epoch [2727/4000] | Avg Makespan: 316.78 | Actor Loss: -0.0023 | Critic Loss: 0.0838 | Grad Norm: 1.7100 | Clipped: 4/4
Epoch [2728/4000] | Avg Makespan: 318.20 | Actor Loss: -0.0030 | Critic Loss: 0.1333 | Grad Norm: 2.4530 | Clipped: 4/4
Epoch [2729/4000] | Avg Makespan: 316.83 | Actor Loss: -0.0043 | Critic Loss: 0.0921 | Grad Norm: 2.3011 | Clipped: 4/4
Epoch [2730/4000] | Avg Makespan: 323.25 | Actor Loss: -0.0032 | Critic Loss: 0.0773 | Grad Norm: 2.7371 | Clipped: 4/4
Epoch [2731/4000] | Avg Makespan: 327.48 | Actor Loss: -0.0032 | Critic Loss: 0.0548 | Grad Norm: 1.9856 | Clipped: 4/4
Epoch [2732/4000] | Avg Makespan: 332.67 | Actor Loss: -0.0022 | Critic Loss: 0.2494 | Grad Norm: 2.1150 | Clipped: 4/4
Epoch [2733/4000] | Avg Makespan: 319.93 | Actor Loss: -0.0048 | Critic Loss: 0.0673 | Grad Norm: 1.7709 | Clipped: 4/4
Epoch [2734/4000] | Avg Makespan: 317.98 | Actor Loss: -0.0045 | Critic Loss: 0.0703 | Grad Norm: 1.7336 | Clipped: 4/4
Epoch [2735/4000] | Avg Makespan: 308.76 | Actor Loss: -0.0035 | Critic Loss: 0.1304 | Grad Norm: 2.1515 | Clipped: 4/4
Epoch [2736/4000] | Avg Makespan: 328.44 | Actor Loss: -0.0036 | Critic Loss: 0.1313 | Grad Norm: 1.6662 | Clipped: 4/4
Epoch [2737/4000] | Avg Makespan: 314.98 | Actor Loss: -0.0044 | Critic Loss: 0.0374 | Grad Norm: 1.4579 | Clipped: 4/4
Epoch [2738/4000] | Avg Makespan: 331.21 | Actor Loss: -0.0020 | Critic Loss: 0.1875 | Grad Norm: 2.5301 | Clipped: 4/4
Epoch [2739/4000] | Avg Makespan: 322.69 | Actor Loss: -0.0026 | Critic Loss: 0.1642 | Grad Norm: 1.5611 | Clipped: 4/4
Epoch [2740/4000] | Avg Makespan: 318.06 | Actor Loss: -0.0023 | Critic Loss: 0.0697 | Grad Norm: 2.2476 | Clipped: 4/4
Epoch [2741/4000] | Avg Makespan: 316.98 | Actor Loss: -0.0031 | Critic Loss: 0.0519 | Grad Norm: 1.7327 | Clipped: 4/4
Epoch [2742/4000] | Avg Makespan: 316.69 | Actor Loss: -0.0052 | Critic Loss: 0.0556 | Grad Norm: 1.4779 | Clipped: 4/4
Epoch [2743/4000] | Avg Makespan: 320.66 | Actor Loss: -0.0043 | Critic Loss: 0.0300 | Grad Norm: 1.1769 | Clipped: 3/4
Epoch [2744/4000] | Avg Makespan: 320.36 | Actor Loss: -0.0050 | Critic Loss: 0.0471 | Grad Norm: 1.2645 | Clipped: 4/4
Epoch [2745/4000] | Avg Makespan: 326.32 | Actor Loss: -0.0054 | Critic Loss: 0.0489 | Grad Norm: 1.5372 | Clipped: 4/4
Epoch [2746/4000] | Avg Makespan: 314.87 | Actor Loss: -0.0051 | Critic Loss: 0.0550 | Grad Norm: 1.7711 | Clipped: 4/4
Epoch [2747/4000] | Avg Makespan: 310.84 | Actor Loss: -0.0035 | Critic Loss: 0.1014 | Grad Norm: 1.6017 | Clipped: 4/4
Epoch [2748/4000] | Avg Makespan: 318.51 | Actor Loss: -0.0028 | Critic Loss: 0.0725 | Grad Norm: 1.3357 | Clipped: 4/4
Epoch [2749/4000] | Avg Makespan: 317.06 | Actor Loss: -0.0036 | Critic Loss: 0.0447 | Grad Norm: 1.4691 | Clipped: 4/4
Epoch [2750/4000] | Avg Makespan: 320.05 | Actor Loss: -0.0036 | Critic Loss: 0.1391 | Grad Norm: 1.4969 | Clipped: 4/4
Epoch [2751/4000] | Avg Makespan: 321.13 | Actor Loss: -0.0026 | Critic Loss: 0.0840 | Grad Norm: 1.9639 | Clipped: 4/4
Epoch [2752/4000] | Avg Makespan: 320.84 | Actor Loss: -0.0022 | Critic Loss: 0.0661 | Grad Norm: 2.0962 | Clipped: 4/4
Epoch [2753/4000] | Avg Makespan: 315.08 | Actor Loss: -0.0007 | Critic Loss: 0.0813 | Grad Norm: 2.1426 | Clipped: 4/4
Epoch [2754/4000] | Avg Makespan: 307.81 | Actor Loss: -0.0027 | Critic Loss: 0.0485 | Grad Norm: 1.7655 | Clipped: 4/4
Epoch [2755/4000] | Avg Makespan: 323.07 | Actor Loss: -0.0056 | Critic Loss: 0.0481 | Grad Norm: 1.5243 | Clipped: 4/4
Epoch [2756/4000] | Avg Makespan: 312.59 | Actor Loss: -0.0021 | Critic Loss: 0.0449 | Grad Norm: 1.6818 | Clipped: 4/4
Epoch [2757/4000] | Avg Makespan: 321.20 | Actor Loss: -0.0042 | Critic Loss: 0.0797 | Grad Norm: 1.9898 | Clipped: 4/4
Epoch [2758/4000] | Avg Makespan: 318.62 | Actor Loss: -0.0026 | Critic Loss: 0.0262 | Grad Norm: 1.8891 | Clipped: 4/4
Epoch [2759/4000] | Avg Makespan: 315.67 | Actor Loss: -0.0031 | Critic Loss: 0.1056 | Grad Norm: 1.4329 | Clipped: 4/4
Epoch [2760/4000] | Avg Makespan: 319.57 | Actor Loss: -0.0040 | Critic Loss: 0.1104 | Grad Norm: 2.1223 | Clipped: 4/4
Epoch [2761/4000] | Avg Makespan: 318.25 | Actor Loss: -0.0027 | Critic Loss: 0.0860 | Grad Norm: 1.8411 | Clipped: 4/4
Epoch [2762/4000] | Avg Makespan: 316.96 | Actor Loss: -0.0025 | Critic Loss: 0.0377 | Grad Norm: 1.9919 | Clipped: 4/4
Epoch [2763/4000] | Avg Makespan: 316.31 | Actor Loss: -0.0024 | Critic Loss: 0.0230 | Grad Norm: 2.2045 | Clipped: 4/4
Epoch [2764/4000] | Avg Makespan: 319.93 | Actor Loss: -0.0006 | Critic Loss: 0.1110 | Grad Norm: 2.8351 | Clipped: 4/4
Epoch [2765/4000] | Avg Makespan: 318.31 | Actor Loss: -0.0029 | Critic Loss: 0.0219 | Grad Norm: 2.1141 | Clipped: 4/4
Epoch [2766/4000] | Avg Makespan: 323.89 | Actor Loss: -0.0006 | Critic Loss: 0.0545 | Grad Norm: 3.6302 | Clipped: 4/4
Epoch [2767/4000] | Avg Makespan: 318.85 | Actor Loss: -0.0030 | Critic Loss: 0.0549 | Grad Norm: 2.2349 | Clipped: 4/4
Epoch [2768/4000] | Avg Makespan: 319.03 | Actor Loss: -0.0041 | Critic Loss: 0.1284 | Grad Norm: 1.5842 | Clipped: 4/4
Epoch [2769/4000] | Avg Makespan: 317.25 | Actor Loss: -0.0041 | Critic Loss: 0.0385 | Grad Norm: 2.2743 | Clipped: 4/4
Epoch [2770/4000] | Avg Makespan: 322.90 | Actor Loss: -0.0017 | Critic Loss: 0.0532 | Grad Norm: 4.5736 | Clipped: 4/4
Epoch [2771/4000] | Avg Makespan: 319.06 | Actor Loss: 0.0006 | Critic Loss: 0.0659 | Grad Norm: 3.0449 | Clipped: 4/4
Epoch [2772/4000] | Avg Makespan: 318.92 | Actor Loss: -0.0021 | Critic Loss: 0.0425 | Grad Norm: 2.4169 | Clipped: 4/4
Epoch [2773/4000] | Avg Makespan: 322.53 | Actor Loss: -0.0059 | Critic Loss: 0.1061 | Grad Norm: 2.2889 | Clipped: 4/4
Epoch [2774/4000] | Avg Makespan: 311.62 | Actor Loss: -0.0039 | Critic Loss: 0.0668 | Grad Norm: 2.0015 | Clipped: 4/4
Epoch [2775/4000] | Avg Makespan: 314.69 | Actor Loss: -0.0028 | Critic Loss: 0.0550 | Grad Norm: 2.1528 | Clipped: 4/4
Epoch [2776/4000] | Avg Makespan: 316.17 | Actor Loss: -0.0008 | Critic Loss: 0.0503 | Grad Norm: 3.1771 | Clipped: 4/4
Epoch [2777/4000] | Avg Makespan: 319.40 | Actor Loss: -0.0009 | Critic Loss: 0.0564 | Grad Norm: 3.5335 | Clipped: 4/4
Epoch [2778/4000] | Avg Makespan: 316.46 | Actor Loss: -0.0007 | Critic Loss: 0.0625 | Grad Norm: 2.6668 | Clipped: 4/4
Epoch [2779/4000] | Avg Makespan: 342.50 | Actor Loss: 0.0004 | Critic Loss: 0.3281 | Grad Norm: 3.6732 | Clipped: 4/4
Epoch [2780/4000] | Avg Makespan: 327.21 | Actor Loss: -0.0041 | Critic Loss: 0.1769 | Grad Norm: 4.7464 | Clipped: 4/4
Epoch [2781/4000] | Avg Makespan: 314.18 | Actor Loss: -0.0006 | Critic Loss: 0.1115 | Grad Norm: 1.5382 | Clipped: 4/4
Epoch [2782/4000] | Avg Makespan: 319.97 | Actor Loss: -0.0017 | Critic Loss: 0.0743 | Grad Norm: 2.7335 | Clipped: 4/4
Epoch [2783/4000] | Avg Makespan: 325.37 | Actor Loss: -0.0025 | Critic Loss: 0.1115 | Grad Norm: 2.3950 | Clipped: 4/4
Epoch [2784/4000] | Avg Makespan: 327.68 | Actor Loss: -0.0018 | Critic Loss: 0.1317 | Grad Norm: 2.1919 | Clipped: 4/4
Epoch [2785/4000] | Avg Makespan: 322.89 | Actor Loss: -0.0048 | Critic Loss: 0.0458 | Grad Norm: 2.1243 | Clipped: 4/4
Epoch [2786/4000] | Avg Makespan: 320.19 | Actor Loss: -0.0018 | Critic Loss: 0.0461 | Grad Norm: 2.4526 | Clipped: 4/4
Epoch [2787/4000] | Avg Makespan: 321.21 | Actor Loss: -0.0032 | Critic Loss: 0.1912 | Grad Norm: 2.4322 | Clipped: 4/4
Epoch [2788/4000] | Avg Makespan: 317.94 | Actor Loss: -0.0031 | Critic Loss: 0.0694 | Grad Norm: 2.4908 | Clipped: 4/4
Epoch [2789/4000] | Avg Makespan: 316.26 | Actor Loss: -0.0063 | Critic Loss: 0.0466 | Grad Norm: 2.6264 | Clipped: 4/4
Epoch [2790/4000] | Avg Makespan: 313.20 | Actor Loss: -0.0036 | Critic Loss: 0.0730 | Grad Norm: 2.4603 | Clipped: 4/4
Epoch [2791/4000] | Avg Makespan: 319.22 | Actor Loss: 0.0001 | Critic Loss: 0.0395 | Grad Norm: 2.8457 | Clipped: 4/4
Epoch [2792/4000] | Avg Makespan: 321.57 | Actor Loss: -0.0023 | Critic Loss: 0.2401 | Grad Norm: 2.5910 | Clipped: 4/4
Epoch [2793/4000] | Avg Makespan: 313.85 | Actor Loss: -0.0027 | Critic Loss: 0.0149 | Grad Norm: 2.5228 | Clipped: 4/4
Epoch [2794/4000] | Avg Makespan: 321.94 | Actor Loss: 0.0001 | Critic Loss: 0.1178 | Grad Norm: 2.7765 | Clipped: 4/4
Epoch [2795/4000] | Avg Makespan: 324.40 | Actor Loss: -0.0017 | Critic Loss: 0.1570 | Grad Norm: 2.5167 | Clipped: 4/4
Epoch [2796/4000] | Avg Makespan: 327.91 | Actor Loss: -0.0033 | Critic Loss: 0.2444 | Grad Norm: 2.5001 | Clipped: 4/4
Epoch [2797/4000] | Avg Makespan: 324.23 | Actor Loss: -0.0057 | Critic Loss: 0.1331 | Grad Norm: 1.7806 | Clipped: 4/4
Epoch [2798/4000] | Avg Makespan: 320.26 | Actor Loss: -0.0044 | Critic Loss: 0.0793 | Grad Norm: 1.9876 | Clipped: 4/4
Epoch [2799/4000] | Avg Makespan: 324.35 | Actor Loss: 0.0006 | Critic Loss: 0.0411 | Grad Norm: 3.6286 | Clipped: 4/4
Epoch [2800/4000] | Avg Makespan: 328.04 | Actor Loss: 0.0004 | Critic Loss: 0.1163 | Grad Norm: 2.6867 | Clipped: 4/4
   -> Validation | Samples: 280 | Makespan: 456.43 | Invalid Jobs: 0.00 | Score: 456.43
   -> Saved updated training chart to /home/wei/Desktop/AMR-DFJSP/runs/20260825_013759_v10_F_s42/chart.png
Epoch [2801/4000] | Avg Makespan: 330.91 | Actor Loss: -0.0027 | Critic Loss: 0.2708 | Grad Norm: 2.3003 | Clipped: 4/4
Epoch [2802/4000] | Avg Makespan: 331.23 | Actor Loss: -0.0038 | Critic Loss: 0.0942 | Grad Norm: 2.3312 | Clipped: 4/4
Epoch [2803/4000] | Avg Makespan: 319.53 | Actor Loss: -0.0009 | Critic Loss: 0.0893 | Grad Norm: 2.0508 | Clipped: 4/4
Epoch [2804/4000] | Avg Makespan: 339.85 | Actor Loss: -0.0047 | Critic Loss: 0.3816 | Grad Norm: 2.4582 | Clipped: 4/4
Epoch [2805/4000] | Avg Makespan: 317.34 | Actor Loss: -0.0047 | Critic Loss: 0.0690 | Grad Norm: 2.8889 | Clipped: 4/4
Epoch [2806/4000] | Avg Makespan: 321.99 | Actor Loss: -0.0035 | Critic Loss: 0.0356 | Grad Norm: 2.0526 | Clipped: 4/4
Epoch [2807/4000] | Avg Makespan: 320.51 | Actor Loss: -0.0026 | Critic Loss: 0.0538 | Grad Norm: 1.9640 | Clipped: 4/4
Epoch [2808/4000] | Avg Makespan: 310.81 | Actor Loss: -0.0020 | Critic Loss: 0.1213 | Grad Norm: 2.1307 | Clipped: 4/4
Epoch [2809/4000] | Avg Makespan: 340.40 | Actor Loss: -0.0039 | Critic Loss: 0.3308 | Grad Norm: 2.5060 | Clipped: 4/4
Epoch [2810/4000] | Avg Makespan: 321.93 | Actor Loss: -0.0045 | Critic Loss: 0.1148 | Grad Norm: 1.7527 | Clipped: 4/4
Epoch [2811/4000] | Avg Makespan: 326.00 | Actor Loss: -0.0027 | Critic Loss: 0.1304 | Grad Norm: 2.3269 | Clipped: 4/4
Epoch [2812/4000] | Avg Makespan: 328.08 | Actor Loss: -0.0032 | Critic Loss: 0.1228 | Grad Norm: 2.0868 | Clipped: 4/4
Epoch [2813/4000] | Avg Makespan: 328.44 | Actor Loss: -0.0061 | Critic Loss: 0.3212 | Grad Norm: 2.3139 | Clipped: 4/4
Epoch [2814/4000] | Avg Makespan: 321.55 | Actor Loss: -0.0054 | Critic Loss: 0.0432 | Grad Norm: 2.0136 | Clipped: 4/4
Epoch [2815/4000] | Avg Makespan: 330.27 | Actor Loss: -0.0035 | Critic Loss: 0.0557 | Grad Norm: 2.4128 | Clipped: 4/4
Epoch [2816/4000] | Avg Makespan: 331.63 | Actor Loss: -0.0057 | Critic Loss: 0.1134 | Grad Norm: 2.2039 | Clipped: 4/4
Epoch [2817/4000] | Avg Makespan: 331.01 | Actor Loss: 0.0006 | Critic Loss: 0.0540 | Grad Norm: 3.1256 | Clipped: 4/4
Epoch [2818/4000] | Avg Makespan: 320.87 | Actor Loss: -0.0026 | Critic Loss: 0.0698 | Grad Norm: 2.8380 | Clipped: 4/4
Epoch [2819/4000] | Avg Makespan: 333.15 | Actor Loss: -0.0013 | Critic Loss: 0.0891 | Grad Norm: 4.3936 | Clipped: 4/4
Epoch [2820/4000] | Avg Makespan: 311.62 | Actor Loss: -0.0025 | Critic Loss: 0.0693 | Grad Norm: 2.0662 | Clipped: 4/4
Epoch [2821/4000] | Avg Makespan: 327.08 | Actor Loss: -0.0028 | Critic Loss: 0.3045 | Grad Norm: 2.4963 | Clipped: 4/4
Epoch [2822/4000] | Avg Makespan: 323.55 | Actor Loss: -0.0045 | Critic Loss: 0.0735 | Grad Norm: 2.7847 | Clipped: 4/4
Epoch [2823/4000] | Avg Makespan: 324.98 | Actor Loss: -0.0045 | Critic Loss: 0.2565 | Grad Norm: 2.3334 | Clipped: 4/4
Epoch [2824/4000] | Avg Makespan: 334.06 | Actor Loss: -0.0059 | Critic Loss: 0.0699 | Grad Norm: 2.1738 | Clipped: 4/4
Epoch [2825/4000] | Avg Makespan: 329.27 | Actor Loss: -0.0033 | Critic Loss: 0.0911 | Grad Norm: 3.3875 | Clipped: 4/4
Epoch [2826/4000] | Avg Makespan: 330.07 | Actor Loss: -0.0037 | Critic Loss: 0.1380 | Grad Norm: 1.7902 | Clipped: 4/4
Epoch [2827/4000] | Avg Makespan: 330.77 | Actor Loss: -0.0020 | Critic Loss: 0.0883 | Grad Norm: 2.4364 | Clipped: 4/4
Epoch [2828/4000] | Avg Makespan: 326.87 | Actor Loss: -0.0004 | Critic Loss: 0.0759 | Grad Norm: 3.3464 | Clipped: 4/4
Epoch [2829/4000] | Avg Makespan: 333.48 | Actor Loss: -0.0022 | Critic Loss: 0.3428 | Grad Norm: 2.2380 | Clipped: 4/4
Epoch [2830/4000] | Avg Makespan: 327.32 | Actor Loss: -0.0011 | Critic Loss: 0.0898 | Grad Norm: 2.8628 | Clipped: 4/4
Epoch [2831/4000] | Avg Makespan: 321.19 | Actor Loss: -0.0055 | Critic Loss: 0.1042 | Grad Norm: 2.3180 | Clipped: 4/4
Epoch [2832/4000] | Avg Makespan: 317.34 | Actor Loss: -0.0031 | Critic Loss: 0.1535 | Grad Norm: 2.6222 | Clipped: 4/4
Epoch [2833/4000] | Avg Makespan: 324.22 | Actor Loss: -0.0045 | Critic Loss: 0.0798 | Grad Norm: 1.9080 | Clipped: 4/4
Epoch [2834/4000] | Avg Makespan: 327.09 | Actor Loss: 0.0032 | Critic Loss: 0.0581 | Grad Norm: 4.3055 | Clipped: 4/4
Epoch [2835/4000] | Avg Makespan: 325.53 | Actor Loss: -0.0027 | Critic Loss: 0.0753 | Grad Norm: 3.4203 | Clipped: 4/4
Epoch [2836/4000] | Avg Makespan: 311.48 | Actor Loss: 0.0004 | Critic Loss: 0.1113 | Grad Norm: 3.7324 | Clipped: 4/4
Epoch [2837/4000] | Avg Makespan: 333.38 | Actor Loss: -0.0036 | Critic Loss: 0.1724 | Grad Norm: 3.0654 | Clipped: 4/4
Epoch [2838/4000] | Avg Makespan: 306.16 | Actor Loss: -0.0029 | Critic Loss: 0.1336 | Grad Norm: 2.0761 | Clipped: 4/4
Epoch [2839/4000] | Avg Makespan: 325.03 | Actor Loss: -0.0074 | Critic Loss: 0.2429 | Grad Norm: 3.0767 | Clipped: 4/4
Epoch [2840/4000] | Avg Makespan: 316.83 | Actor Loss: -0.0040 | Critic Loss: 0.0689 | Grad Norm: 1.6286 | Clipped: 4/4
Epoch [2841/4000] | Avg Makespan: 326.50 | Actor Loss: -0.0048 | Critic Loss: 0.2919 | Grad Norm: 2.0319 | Clipped: 4/4
Epoch [2842/4000] | Avg Makespan: 318.21 | Actor Loss: -0.0035 | Critic Loss: 0.0787 | Grad Norm: 2.1967 | Clipped: 4/4
Epoch [2843/4000] | Avg Makespan: 320.42 | Actor Loss: -0.0049 | Critic Loss: 0.0770 | Grad Norm: 2.4429 | Clipped: 4/4
Epoch [2844/4000] | Avg Makespan: 320.64 | Actor Loss: -0.0040 | Critic Loss: 0.0718 | Grad Norm: 1.6375 | Clipped: 4/4
Epoch [2845/4000] | Avg Makespan: 309.22 | Actor Loss: -0.0016 | Critic Loss: 0.1274 | Grad Norm: 2.0730 | Clipped: 4/4
Epoch [2846/4000] | Avg Makespan: 323.32 | Actor Loss: -0.0055 | Critic Loss: 0.1347 | Grad Norm: 2.0285 | Clipped: 4/4
Epoch [2847/4000] | Avg Makespan: 315.23 | Actor Loss: -0.0021 | Critic Loss: 0.0788 | Grad Norm: 1.9890 | Clipped: 4/4
Epoch [2848/4000] | Avg Makespan: 328.95 | Actor Loss: -0.0038 | Critic Loss: 0.1261 | Grad Norm: 1.7778 | Clipped: 4/4
Epoch [2849/4000] | Avg Makespan: 310.81 | Actor Loss: -0.0036 | Critic Loss: 0.0443 | Grad Norm: 1.8496 | Clipped: 4/4
Epoch [2850/4000] | Avg Makespan: 320.11 | Actor Loss: -0.0033 | Critic Loss: 0.0347 | Grad Norm: 1.9898 | Clipped: 4/4
Epoch [2851/4000] | Avg Makespan: 322.10 | Actor Loss: -0.0056 | Critic Loss: 0.0530 | Grad Norm: 1.7290 | Clipped: 4/4
Epoch [2852/4000] | Avg Makespan: 320.86 | Actor Loss: -0.0026 | Critic Loss: 0.0894 | Grad Norm: 1.9531 | Clipped: 4/4
Epoch [2853/4000] | Avg Makespan: 312.84 | Actor Loss: -0.0020 | Critic Loss: 0.0896 | Grad Norm: 2.3956 | Clipped: 4/4
Epoch [2854/4000] | Avg Makespan: 314.38 | Actor Loss: -0.0060 | Critic Loss: 0.0551 | Grad Norm: 1.7703 | Clipped: 4/4
Epoch [2855/4000] | Avg Makespan: 320.19 | Actor Loss: -0.0011 | Critic Loss: 0.0336 | Grad Norm: 2.4701 | Clipped: 4/4
Epoch [2856/4000] | Avg Makespan: 314.46 | Actor Loss: -0.0023 | Critic Loss: 0.0621 | Grad Norm: 1.8463 | Clipped: 4/4
Epoch [2857/4000] | Avg Makespan: 317.18 | Actor Loss: -0.0050 | Critic Loss: 0.0444 | Grad Norm: 1.5010 | Clipped: 4/4
Epoch [2858/4000] | Avg Makespan: 317.94 | Actor Loss: -0.0024 | Critic Loss: 0.0756 | Grad Norm: 2.1724 | Clipped: 4/4
Epoch [2859/4000] | Avg Makespan: 311.15 | Actor Loss: -0.0048 | Critic Loss: 0.0841 | Grad Norm: 1.7751 | Clipped: 4/4
Epoch [2860/4000] | Avg Makespan: 310.05 | Actor Loss: -0.0024 | Critic Loss: 0.0456 | Grad Norm: 2.4481 | Clipped: 4/4
Epoch [2861/4000] | Avg Makespan: 330.32 | Actor Loss: -0.0030 | Critic Loss: 0.4229 | Grad Norm: 1.8581 | Clipped: 4/4
Epoch [2862/4000] | Avg Makespan: 329.90 | Actor Loss: -0.0054 | Critic Loss: 0.4264 | Grad Norm: 1.9732 | Clipped: 4/4
Epoch [2863/4000] | Avg Makespan: 328.90 | Actor Loss: -0.0047 | Critic Loss: 0.2025 | Grad Norm: 2.2557 | Clipped: 4/4
Epoch [2864/4000] | Avg Makespan: 308.82 | Actor Loss: -0.0057 | Critic Loss: 0.1621 | Grad Norm: 2.6260 | Clipped: 4/4
Epoch [2865/4000] | Avg Makespan: 309.18 | Actor Loss: -0.0025 | Critic Loss: 0.1502 | Grad Norm: 2.4295 | Clipped: 4/4
Epoch [2866/4000] | Avg Makespan: 323.50 | Actor Loss: -0.0039 | Critic Loss: 0.3792 | Grad Norm: 3.0777 | Clipped: 4/4
Epoch [2867/4000] | Avg Makespan: 318.12 | Actor Loss: -0.0041 | Critic Loss: 0.1021 | Grad Norm: 2.2822 | Clipped: 4/4
Epoch [2868/4000] | Avg Makespan: 312.40 | Actor Loss: -0.0057 | Critic Loss: 0.0763 | Grad Norm: 2.0149 | Clipped: 4/4
Epoch [2869/4000] | Avg Makespan: 320.26 | Actor Loss: -0.0037 | Critic Loss: 0.1914 | Grad Norm: 1.7442 | Clipped: 4/4
Epoch [2870/4000] | Avg Makespan: 316.01 | Actor Loss: -0.0053 | Critic Loss: 0.0413 | Grad Norm: 2.2638 | Clipped: 4/4
Epoch [2871/4000] | Avg Makespan: 317.65 | Actor Loss: -0.0012 | Critic Loss: 0.0773 | Grad Norm: 1.7546 | Clipped: 4/4
Epoch [2872/4000] | Avg Makespan: 318.70 | Actor Loss: -0.0012 | Critic Loss: 0.1816 | Grad Norm: 2.8697 | Clipped: 4/4
Epoch [2873/4000] | Avg Makespan: 312.76 | Actor Loss: -0.0000 | Critic Loss: 0.0542 | Grad Norm: 2.6571 | Clipped: 4/4
Epoch [2874/4000] | Avg Makespan: 309.73 | Actor Loss: -0.0040 | Critic Loss: 0.0592 | Grad Norm: 1.6304 | Clipped: 3/4
Epoch [2875/4000] | Avg Makespan: 313.44 | Actor Loss: -0.0025 | Critic Loss: 0.0557 | Grad Norm: 1.5755 | Clipped: 4/4
Epoch [2876/4000] | Avg Makespan: 312.19 | Actor Loss: -0.0050 | Critic Loss: 0.0469 | Grad Norm: 2.4254 | Clipped: 4/4
Epoch [2877/4000] | Avg Makespan: 322.88 | Actor Loss: -0.0029 | Critic Loss: 0.1514 | Grad Norm: 1.9732 | Clipped: 4/4
Epoch [2878/4000] | Avg Makespan: 323.28 | Actor Loss: -0.0046 | Critic Loss: 0.2180 | Grad Norm: 1.8934 | Clipped: 4/4
Epoch [2879/4000] | Avg Makespan: 314.76 | Actor Loss: -0.0025 | Critic Loss: 0.1246 | Grad Norm: 1.5891 | Clipped: 4/4
Epoch [2880/4000] | Avg Makespan: 315.37 | Actor Loss: -0.0038 | Critic Loss: 0.0864 | Grad Norm: 2.6920 | Clipped: 4/4
Epoch [2881/4000] | Avg Makespan: 316.92 | Actor Loss: -0.0036 | Critic Loss: 0.1088 | Grad Norm: 2.4190 | Clipped: 4/4
Epoch [2882/4000] | Avg Makespan: 305.05 | Actor Loss: -0.0018 | Critic Loss: 0.1292 | Grad Norm: 2.4899 | Clipped: 4/4
Epoch [2883/4000] | Avg Makespan: 305.97 | Actor Loss: -0.0025 | Critic Loss: 0.0422 | Grad Norm: 2.0481 | Clipped: 4/4
Epoch [2884/4000] | Avg Makespan: 308.64 | Actor Loss: -0.0018 | Critic Loss: 0.0289 | Grad Norm: 2.1708 | Clipped: 4/4
Epoch [2885/4000] | Avg Makespan: 302.72 | Actor Loss: -0.0033 | Critic Loss: 0.0525 | Grad Norm: 2.5401 | Clipped: 4/4
Epoch [2886/4000] | Avg Makespan: 302.66 | Actor Loss: 0.0004 | Critic Loss: 0.0480 | Grad Norm: 3.2745 | Clipped: 4/4
Epoch [2887/4000] | Avg Makespan: 312.95 | Actor Loss: -0.0029 | Critic Loss: 0.0977 | Grad Norm: 1.8179 | Clipped: 4/4
Epoch [2888/4000] | Avg Makespan: 314.50 | Actor Loss: -0.0030 | Critic Loss: 0.1189 | Grad Norm: 2.9948 | Clipped: 4/4
Epoch [2889/4000] | Avg Makespan: 310.63 | Actor Loss: -0.0023 | Critic Loss: 0.0568 | Grad Norm: 2.2013 | Clipped: 4/4
Epoch [2890/4000] | Avg Makespan: 307.53 | Actor Loss: -0.0028 | Critic Loss: 0.0323 | Grad Norm: 2.7880 | Clipped: 4/4
Epoch [2891/4000] | Avg Makespan: 304.57 | Actor Loss: -0.0037 | Critic Loss: 0.0996 | Grad Norm: 2.2472 | Clipped: 4/4
Epoch [2892/4000] | Avg Makespan: 311.21 | Actor Loss: -0.0022 | Critic Loss: 0.0431 | Grad Norm: 2.0678 | Clipped: 4/4
Epoch [2893/4000] | Avg Makespan: 306.70 | Actor Loss: -0.0050 | Critic Loss: 0.0348 | Grad Norm: 2.2348 | Clipped: 4/4
Epoch [2894/4000] | Avg Makespan: 312.24 | Actor Loss: -0.0005 | Critic Loss: 0.0322 | Grad Norm: 2.7995 | Clipped: 4/4
Epoch [2895/4000] | Avg Makespan: 310.49 | Actor Loss: -0.0022 | Critic Loss: 0.1252 | Grad Norm: 3.1672 | Clipped: 4/4
Epoch [2896/4000] | Avg Makespan: 305.84 | Actor Loss: -0.0009 | Critic Loss: 0.0348 | Grad Norm: 2.7706 | Clipped: 4/4
Epoch [2897/4000] | Avg Makespan: 306.78 | Actor Loss: -0.0033 | Critic Loss: 0.0386 | Grad Norm: 2.1003 | Clipped: 4/4
Epoch [2898/4000] | Avg Makespan: 310.41 | Actor Loss: -0.0041 | Critic Loss: 0.0881 | Grad Norm: 2.2351 | Clipped: 4/4
Epoch [2899/4000] | Avg Makespan: 311.95 | Actor Loss: -0.0026 | Critic Loss: 0.0426 | Grad Norm: 1.8835 | Clipped: 4/4
Epoch [2900/4000] | Avg Makespan: 305.94 | Actor Loss: -0.0045 | Critic Loss: 0.0887 | Grad Norm: 2.0004 | Clipped: 4/4
   -> Validation | Samples: 280 | Makespan: 448.44 | Invalid Jobs: 0.00 | Score: 452.01
   -> Saved updated training chart to /home/wei/Desktop/AMR-DFJSP/runs/20260825_013759_v10_F_s42/chart.png
Epoch [2901/4000] | Avg Makespan: 318.21 | Actor Loss: -0.0051 | Critic Loss: 0.2910 | Grad Norm: 2.1110 | Clipped: 4/4
Epoch [2902/4000] | Avg Makespan: 312.07 | Actor Loss: -0.0048 | Critic Loss: 0.1204 | Grad Norm: 1.5205 | Clipped: 4/4
Epoch [2903/4000] | Avg Makespan: 307.69 | Actor Loss: -0.0028 | Critic Loss: 0.0577 | Grad Norm: 1.7430 | Clipped: 4/4
Epoch [2904/4000] | Avg Makespan: 316.17 | Actor Loss: -0.0038 | Critic Loss: 0.1752 | Grad Norm: 2.1175 | Clipped: 4/4
Epoch [2905/4000] | Avg Makespan: 312.82 | Actor Loss: -0.0031 | Critic Loss: 0.0484 | Grad Norm: 1.7200 | Clipped: 4/4
Epoch [2906/4000] | Avg Makespan: 316.51 | Actor Loss: -0.0041 | Critic Loss: 0.0514 | Grad Norm: 1.9066 | Clipped: 4/4
Epoch [2907/4000] | Avg Makespan: 312.26 | Actor Loss: -0.0019 | Critic Loss: 0.0578 | Grad Norm: 2.7704 | Clipped: 4/4
Epoch [2908/4000] | Avg Makespan: 310.92 | Actor Loss: -0.0025 | Critic Loss: 0.0745 | Grad Norm: 1.7949 | Clipped: 4/4
Epoch [2909/4000] | Avg Makespan: 318.46 | Actor Loss: -0.0023 | Critic Loss: 0.1011 | Grad Norm: 1.5692 | Clipped: 4/4
Epoch [2910/4000] | Avg Makespan: 320.45 | Actor Loss: -0.0022 | Critic Loss: 0.0924 | Grad Norm: 2.0569 | Clipped: 4/4
Epoch [2911/4000] | Avg Makespan: 309.48 | Actor Loss: -0.0021 | Critic Loss: 0.0721 | Grad Norm: 2.6963 | Clipped: 4/4
Epoch [2912/4000] | Avg Makespan: 322.25 | Actor Loss: -0.0031 | Critic Loss: 0.2897 | Grad Norm: 3.1158 | Clipped: 4/4
Epoch [2913/4000] | Avg Makespan: 315.06 | Actor Loss: -0.0007 | Critic Loss: 0.0508 | Grad Norm: 2.4814 | Clipped: 4/4
Epoch [2914/4000] | Avg Makespan: 306.21 | Actor Loss: -0.0011 | Critic Loss: 0.0681 | Grad Norm: 2.2214 | Clipped: 4/4
Epoch [2915/4000] | Avg Makespan: 317.02 | Actor Loss: -0.0033 | Critic Loss: 0.0819 | Grad Norm: 1.8449 | Clipped: 4/4
Epoch [2916/4000] | Avg Makespan: 310.59 | Actor Loss: -0.0024 | Critic Loss: 0.0267 | Grad Norm: 1.4970 | Clipped: 4/4
Epoch [2917/4000] | Avg Makespan: 322.67 | Actor Loss: -0.0032 | Critic Loss: 0.2019 | Grad Norm: 2.2308 | Clipped: 4/4
Epoch [2918/4000] | Avg Makespan: 307.36 | Actor Loss: -0.0032 | Critic Loss: 0.0693 | Grad Norm: 1.5728 | Clipped: 4/4
Epoch [2919/4000] | Avg Makespan: 311.59 | Actor Loss: -0.0028 | Critic Loss: 0.0476 | Grad Norm: 1.8440 | Clipped: 4/4
Epoch [2920/4000] | Avg Makespan: 311.15 | Actor Loss: -0.0018 | Critic Loss: 0.0422 | Grad Norm: 1.7036 | Clipped: 4/4
Epoch [2921/4000] | Avg Makespan: 311.88 | Actor Loss: -0.0031 | Critic Loss: 0.0354 | Grad Norm: 1.5542 | Clipped: 4/4
Epoch [2922/4000] | Avg Makespan: 319.24 | Actor Loss: -0.0037 | Critic Loss: 0.1126 | Grad Norm: 1.4337 | Clipped: 4/4
Epoch [2923/4000] | Avg Makespan: 316.10 | Actor Loss: -0.0013 | Critic Loss: 0.0510 | Grad Norm: 1.9006 | Clipped: 4/4
Epoch [2924/4000] | Avg Makespan: 318.47 | Actor Loss: -0.0035 | Critic Loss: 0.0801 | Grad Norm: 1.7602 | Clipped: 4/4
Epoch [2925/4000] | Avg Makespan: 314.27 | Actor Loss: -0.0037 | Critic Loss: 0.0274 | Grad Norm: 1.4703 | Clipped: 4/4
Epoch [2926/4000] | Avg Makespan: 319.57 | Actor Loss: -0.0026 | Critic Loss: 0.1215 | Grad Norm: 1.8614 | Clipped: 4/4
Epoch [2927/4000] | Avg Makespan: 313.66 | Actor Loss: -0.0029 | Critic Loss: 0.0137 | Grad Norm: 1.7592 | Clipped: 4/4
Epoch [2928/4000] | Avg Makespan: 316.40 | Actor Loss: -0.0025 | Critic Loss: 0.0250 | Grad Norm: 1.7755 | Clipped: 4/4
Epoch [2929/4000] | Avg Makespan: 313.55 | Actor Loss: -0.0024 | Critic Loss: 0.0815 | Grad Norm: 1.9298 | Clipped: 4/4
Epoch [2930/4000] | Avg Makespan: 315.66 | Actor Loss: -0.0022 | Critic Loss: 0.0640 | Grad Norm: 1.7809 | Clipped: 4/4
Epoch [2931/4000] | Avg Makespan: 321.54 | Actor Loss: -0.0029 | Critic Loss: 0.1047 | Grad Norm: 2.4441 | Clipped: 4/4
Epoch [2932/4000] | Avg Makespan: 311.57 | Actor Loss: -0.0015 | Critic Loss: 0.0384 | Grad Norm: 2.1437 | Clipped: 4/4
Epoch [2933/4000] | Avg Makespan: 315.31 | Actor Loss: -0.0026 | Critic Loss: 0.3244 | Grad Norm: 2.1674 | Clipped: 4/4
Epoch [2934/4000] | Avg Makespan: 316.63 | Actor Loss: -0.0035 | Critic Loss: 0.0685 | Grad Norm: 1.6416 | Clipped: 4/4
Epoch [2935/4000] | Avg Makespan: 316.04 | Actor Loss: -0.0025 | Critic Loss: 0.0844 | Grad Norm: 1.4243 | Clipped: 4/4
Epoch [2936/4000] | Avg Makespan: 314.24 | Actor Loss: -0.0043 | Critic Loss: 0.0651 | Grad Norm: 1.4827 | Clipped: 4/4
Epoch [2937/4000] | Avg Makespan: 314.49 | Actor Loss: -0.0051 | Critic Loss: 0.0508 | Grad Norm: 1.6788 | Clipped: 4/4
Epoch [2938/4000] | Avg Makespan: 324.63 | Actor Loss: -0.0013 | Critic Loss: 0.1748 | Grad Norm: 1.9179 | Clipped: 3/4
Epoch [2939/4000] | Avg Makespan: 306.49 | Actor Loss: -0.0018 | Critic Loss: 0.1048 | Grad Norm: 1.5580 | Clipped: 4/4
Epoch [2940/4000] | Avg Makespan: 321.61 | Actor Loss: -0.0041 | Critic Loss: 0.1370 | Grad Norm: 1.6997 | Clipped: 4/4
Epoch [2941/4000] | Avg Makespan: 314.23 | Actor Loss: -0.0044 | Critic Loss: 0.0558 | Grad Norm: 1.6880 | Clipped: 4/4
Epoch [2942/4000] | Avg Makespan: 314.94 | Actor Loss: -0.0022 | Critic Loss: 0.0345 | Grad Norm: 2.0795 | Clipped: 4/4
Epoch [2943/4000] | Avg Makespan: 321.87 | Actor Loss: -0.0033 | Critic Loss: 0.1558 | Grad Norm: 1.3426 | Clipped: 4/4
Epoch [2944/4000] | Avg Makespan: 307.29 | Actor Loss: -0.0046 | Critic Loss: 0.0963 | Grad Norm: 2.3093 | Clipped: 4/4
Epoch [2945/4000] | Avg Makespan: 313.31 | Actor Loss: -0.0031 | Critic Loss: 0.0758 | Grad Norm: 1.3051 | Clipped: 4/4
Epoch [2946/4000] | Avg Makespan: 323.54 | Actor Loss: -0.0022 | Critic Loss: 0.3108 | Grad Norm: 1.8281 | Clipped: 4/4
Epoch [2947/4000] | Avg Makespan: 306.67 | Actor Loss: -0.0027 | Critic Loss: 0.0598 | Grad Norm: 1.8828 | Clipped: 4/4
Epoch [2948/4000] | Avg Makespan: 312.26 | Actor Loss: -0.0034 | Critic Loss: 0.0784 | Grad Norm: 1.3728 | Clipped: 4/4
Epoch [2949/4000] | Avg Makespan: 316.95 | Actor Loss: -0.0031 | Critic Loss: 0.0850 | Grad Norm: 2.0585 | Clipped: 4/4
Epoch [2950/4000] | Avg Makespan: 311.88 | Actor Loss: -0.0034 | Critic Loss: 0.0301 | Grad Norm: 1.9159 | Clipped: 4/4
Epoch [2951/4000] | Avg Makespan: 310.62 | Actor Loss: -0.0027 | Critic Loss: 0.0809 | Grad Norm: 1.5192 | Clipped: 4/4
Epoch [2952/4000] | Avg Makespan: 308.05 | Actor Loss: -0.0021 | Critic Loss: 0.0435 | Grad Norm: 1.8978 | Clipped: 4/4
Epoch [2953/4000] | Avg Makespan: 302.56 | Actor Loss: -0.0018 | Critic Loss: 0.0744 | Grad Norm: 2.6850 | Clipped: 4/4
Epoch [2954/4000] | Avg Makespan: 312.53 | Actor Loss: -0.0027 | Critic Loss: 0.1312 | Grad Norm: 1.6230 | Clipped: 4/4
Epoch [2955/4000] | Avg Makespan: 316.28 | Actor Loss: -0.0026 | Critic Loss: 0.2369 | Grad Norm: 1.8496 | Clipped: 4/4
Epoch [2956/4000] | Avg Makespan: 315.74 | Actor Loss: -0.0016 | Critic Loss: 0.1762 | Grad Norm: 1.4967 | Clipped: 4/4
Epoch [2957/4000] | Avg Makespan: 316.61 | Actor Loss: -0.0019 | Critic Loss: 0.2357 | Grad Norm: 1.8373 | Clipped: 4/4
Epoch [2958/4000] | Avg Makespan: 303.57 | Actor Loss: -0.0016 | Critic Loss: 0.1175 | Grad Norm: 2.3491 | Clipped: 4/4
Epoch [2959/4000] | Avg Makespan: 305.27 | Actor Loss: -0.0025 | Critic Loss: 0.0960 | Grad Norm: 2.0668 | Clipped: 4/4
Epoch [2960/4000] | Avg Makespan: 320.78 | Actor Loss: -0.0024 | Critic Loss: 0.0973 | Grad Norm: 1.9935 | Clipped: 4/4
Epoch [2961/4000] | Avg Makespan: 321.14 | Actor Loss: -0.0037 | Critic Loss: 0.2138 | Grad Norm: 2.1783 | Clipped: 4/4
Epoch [2962/4000] | Avg Makespan: 320.47 | Actor Loss: -0.0026 | Critic Loss: 0.1459 | Grad Norm: 2.0372 | Clipped: 4/4
Epoch [2963/4000] | Avg Makespan: 314.11 | Actor Loss: -0.0060 | Critic Loss: 0.0709 | Grad Norm: 1.8391 | Clipped: 4/4
Epoch [2964/4000] | Avg Makespan: 310.09 | Actor Loss: -0.0031 | Critic Loss: 0.0839 | Grad Norm: 2.0011 | Clipped: 4/4
Epoch [2965/4000] | Avg Makespan: 310.75 | Actor Loss: -0.0037 | Critic Loss: 0.1389 | Grad Norm: 2.3399 | Clipped: 4/4
Epoch [2966/4000] | Avg Makespan: 308.84 | Actor Loss: -0.0037 | Critic Loss: 0.0493 | Grad Norm: 2.0635 | Clipped: 4/4
Epoch [2967/4000] | Avg Makespan: 315.19 | Actor Loss: -0.0043 | Critic Loss: 0.1137 | Grad Norm: 1.6293 | Clipped: 4/4
Epoch [2968/4000] | Avg Makespan: 307.28 | Actor Loss: -0.0036 | Critic Loss: 0.0559 | Grad Norm: 2.0999 | Clipped: 4/4
Epoch [2969/4000] | Avg Makespan: 308.56 | Actor Loss: -0.0032 | Critic Loss: 0.0350 | Grad Norm: 1.7015 | Clipped: 4/4
Epoch [2970/4000] | Avg Makespan: 309.92 | Actor Loss: -0.0034 | Critic Loss: 0.0361 | Grad Norm: 1.5450 | Clipped: 4/4
Epoch [2971/4000] | Avg Makespan: 320.58 | Actor Loss: -0.0042 | Critic Loss: 0.1318 | Grad Norm: 1.9695 | Clipped: 4/4
Epoch [2972/4000] | Avg Makespan: 320.10 | Actor Loss: -0.0018 | Critic Loss: 0.1319 | Grad Norm: 2.4823 | Clipped: 4/4
Epoch [2973/4000] | Avg Makespan: 317.02 | Actor Loss: -0.0035 | Critic Loss: 0.0877 | Grad Norm: 1.7949 | Clipped: 4/4
Epoch [2974/4000] | Avg Makespan: 315.03 | Actor Loss: -0.0021 | Critic Loss: 0.0499 | Grad Norm: 2.1466 | Clipped: 4/4
Epoch [2975/4000] | Avg Makespan: 312.57 | Actor Loss: -0.0032 | Critic Loss: 0.0833 | Grad Norm: 2.3992 | Clipped: 4/4
Epoch [2976/4000] | Avg Makespan: 301.48 | Actor Loss: -0.0020 | Critic Loss: 0.1186 | Grad Norm: 2.2220 | Clipped: 4/4
Epoch [2977/4000] | Avg Makespan: 314.86 | Actor Loss: -0.0038 | Critic Loss: 0.0438 | Grad Norm: 2.1686 | Clipped: 4/4
Epoch [2978/4000] | Avg Makespan: 310.56 | Actor Loss: -0.0046 | Critic Loss: 0.1053 | Grad Norm: 1.7347 | Clipped: 4/4
Epoch [2979/4000] | Avg Makespan: 307.29 | Actor Loss: -0.0046 | Critic Loss: 0.0902 | Grad Norm: 1.7422 | Clipped: 4/4
Epoch [2980/4000] | Avg Makespan: 301.91 | Actor Loss: -0.0034 | Critic Loss: 0.0581 | Grad Norm: 2.2688 | Clipped: 4/4
Epoch [2981/4000] | Avg Makespan: 320.22 | Actor Loss: -0.0008 | Critic Loss: 0.1330 | Grad Norm: 2.2720 | Clipped: 4/4
Epoch [2982/4000] | Avg Makespan: 315.30 | Actor Loss: -0.0033 | Critic Loss: 0.0476 | Grad Norm: 1.5167 | Clipped: 4/4
Epoch [2983/4000] | Avg Makespan: 322.91 | Actor Loss: -0.0023 | Critic Loss: 0.2138 | Grad Norm: 1.9566 | Clipped: 4/4
Epoch [2984/4000] | Avg Makespan: 332.73 | Actor Loss: -0.0023 | Critic Loss: 0.5733 | Grad Norm: 2.2754 | Clipped: 4/4
Epoch [2985/4000] | Avg Makespan: 313.06 | Actor Loss: -0.0022 | Critic Loss: 0.1110 | Grad Norm: 2.6183 | Clipped: 4/4
Epoch [2986/4000] | Avg Makespan: 318.31 | Actor Loss: -0.0010 | Critic Loss: 0.0715 | Grad Norm: 1.9299 | Clipped: 4/4
Epoch [2987/4000] | Avg Makespan: 309.47 | Actor Loss: -0.0034 | Critic Loss: 0.1608 | Grad Norm: 2.3449 | Clipped: 4/4
Epoch [2988/4000] | Avg Makespan: 298.75 | Actor Loss: -0.0031 | Critic Loss: 0.1280 | Grad Norm: 1.4806 | Clipped: 4/4
Epoch [2989/4000] | Avg Makespan: 309.18 | Actor Loss: -0.0025 | Critic Loss: 0.0471 | Grad Norm: 3.3195 | Clipped: 4/4
Epoch [2990/4000] | Avg Makespan: 319.61 | Actor Loss: -0.0026 | Critic Loss: 0.1231 | Grad Norm: 2.1485 | Clipped: 4/4
Epoch [2991/4000] | Avg Makespan: 321.73 | Actor Loss: -0.0029 | Critic Loss: 0.2205 | Grad Norm: 2.7782 | Clipped: 4/4
Epoch [2992/4000] | Avg Makespan: 315.83 | Actor Loss: -0.0032 | Critic Loss: 0.1441 | Grad Norm: 2.0162 | Clipped: 4/4
Epoch [2993/4000] | Avg Makespan: 316.44 | Actor Loss: -0.0043 | Critic Loss: 0.0529 | Grad Norm: 1.4985 | Clipped: 3/4
Epoch [2994/4000] | Avg Makespan: 307.81 | Actor Loss: -0.0018 | Critic Loss: 0.0673 | Grad Norm: 1.9980 | Clipped: 4/4
Epoch [2995/4000] | Avg Makespan: 311.16 | Actor Loss: -0.0012 | Critic Loss: 0.0302 | Grad Norm: 2.4481 | Clipped: 4/4
Epoch [2996/4000] | Avg Makespan: 311.73 | Actor Loss: -0.0030 | Critic Loss: 0.0720 | Grad Norm: 2.3827 | Clipped: 4/4
Epoch [2997/4000] | Avg Makespan: 317.70 | Actor Loss: -0.0034 | Critic Loss: 0.0820 | Grad Norm: 1.7285 | Clipped: 4/4
Epoch [2998/4000] | Avg Makespan: 314.82 | Actor Loss: -0.0022 | Critic Loss: 0.1142 | Grad Norm: 1.8186 | Clipped: 4/4
Epoch [2999/4000] | Avg Makespan: 314.44 | Actor Loss: -0.0040 | Critic Loss: 0.1867 | Grad Norm: 1.8558 | Clipped: 4/4
Epoch [3000/4000] | Avg Makespan: 307.62 | Actor Loss: -0.0022 | Critic Loss: 0.1083 | Grad Norm: 1.8705 | Clipped: 4/4
   -> Validation | Samples: 280 | Makespan: 447.14 | Invalid Jobs: 0.00 | Score: 450.71
   -> Saved updated training chart to /home/wei/Desktop/AMR-DFJSP/runs/20260825_013759_v10_F_s42/chart.png
Epoch [3001/4000] | Avg Makespan: 310.59 | Actor Loss: -0.0013 | Critic Loss: 0.0202 | Grad Norm: 2.9273 | Clipped: 4/4
Epoch [3002/4000] | Avg Makespan: 324.66 | Actor Loss: -0.0015 | Critic Loss: 0.1335 | Grad Norm: 1.9234 | Clipped: 4/4
Epoch [3003/4000] | Avg Makespan: 311.21 | Actor Loss: -0.0027 | Critic Loss: 0.0606 | Grad Norm: 2.0408 | Clipped: 4/4
Epoch [3004/4000] | Avg Makespan: 314.20 | Actor Loss: -0.0013 | Critic Loss: 0.0740 | Grad Norm: 2.6771 | Clipped: 4/4
Epoch [3005/4000] | Avg Makespan: 319.17 | Actor Loss: -0.0025 | Critic Loss: 0.1342 | Grad Norm: 2.0507 | Clipped: 4/4
Epoch [3006/4000] | Avg Makespan: 318.08 | Actor Loss: -0.0014 | Critic Loss: 0.1211 | Grad Norm: 2.4531 | Clipped: 4/4
Epoch [3007/4000] | Avg Makespan: 321.13 | Actor Loss: -0.0035 | Critic Loss: 0.0738 | Grad Norm: 1.8066 | Clipped: 4/4
Epoch [3008/4000] | Avg Makespan: 300.69 | Actor Loss: -0.0028 | Critic Loss: 0.0977 | Grad Norm: 1.4531 | Clipped: 4/4
Epoch [3009/4000] | Avg Makespan: 314.68 | Actor Loss: -0.0036 | Critic Loss: 0.1579 | Grad Norm: 1.9328 | Clipped: 4/4
Epoch [3010/4000] | Avg Makespan: 315.63 | Actor Loss: -0.0018 | Critic Loss: 0.0676 | Grad Norm: 2.5242 | Clipped: 4/4
Epoch [3011/4000] | Avg Makespan: 322.60 | Actor Loss: -0.0009 | Critic Loss: 0.2197 | Grad Norm: 2.8743 | Clipped: 4/4
Epoch [3012/4000] | Avg Makespan: 311.30 | Actor Loss: -0.0014 | Critic Loss: 0.1864 | Grad Norm: 3.8850 | Clipped: 4/4
Epoch [3013/4000] | Avg Makespan: 310.13 | Actor Loss: 0.0008 | Critic Loss: 0.1149 | Grad Norm: 4.9303 | Clipped: 4/4
Epoch [3014/4000] | Avg Makespan: 308.80 | Actor Loss: -0.0037 | Critic Loss: 0.0525 | Grad Norm: 2.5397 | Clipped: 4/4
Epoch [3015/4000] | Avg Makespan: 305.53 | Actor Loss: -0.0022 | Critic Loss: 0.0633 | Grad Norm: 1.8489 | Clipped: 4/4
Epoch [3016/4000] | Avg Makespan: 301.45 | Actor Loss: -0.0020 | Critic Loss: 0.0498 | Grad Norm: 2.8848 | Clipped: 4/4
Epoch [3017/4000] | Avg Makespan: 309.02 | Actor Loss: -0.0032 | Critic Loss: 0.0929 | Grad Norm: 1.6903 | Clipped: 4/4
Epoch [3018/4000] | Avg Makespan: 315.48 | Actor Loss: -0.0058 | Critic Loss: 0.2459 | Grad Norm: 1.9716 | Clipped: 4/4
Epoch [3019/4000] | Avg Makespan: 305.39 | Actor Loss: -0.0040 | Critic Loss: 0.0815 | Grad Norm: 2.0891 | Clipped: 4/4
Epoch [3020/4000] | Avg Makespan: 315.57 | Actor Loss: -0.0026 | Critic Loss: 0.1635 | Grad Norm: 2.3813 | Clipped: 4/4
Epoch [3021/4000] | Avg Makespan: 315.95 | Actor Loss: -0.0033 | Critic Loss: 0.1788 | Grad Norm: 1.6623 | Clipped: 4/4
Epoch [3022/4000] | Avg Makespan: 311.71 | Actor Loss: -0.0039 | Critic Loss: 0.1670 | Grad Norm: 1.3125 | Clipped: 4/4
Epoch [3023/4000] | Avg Makespan: 310.08 | Actor Loss: -0.0026 | Critic Loss: 0.1594 | Grad Norm: 2.7054 | Clipped: 4/4
Epoch [3024/4000] | Avg Makespan: 308.99 | Actor Loss: -0.0027 | Critic Loss: 0.0426 | Grad Norm: 2.4656 | Clipped: 4/4
Epoch [3025/4000] | Avg Makespan: 307.60 | Actor Loss: -0.0029 | Critic Loss: 0.0473 | Grad Norm: 2.0879 | Clipped: 4/4
Epoch [3026/4000] | Avg Makespan: 339.82 | Actor Loss: -0.0043 | Critic Loss: 0.5698 | Grad Norm: 3.1458 | Clipped: 4/4
Epoch [3027/4000] | Avg Makespan: 313.31 | Actor Loss: -0.0047 | Critic Loss: 0.1572 | Grad Norm: 2.2056 | Clipped: 4/4
Epoch [3028/4000] | Avg Makespan: 306.53 | Actor Loss: -0.0006 | Critic Loss: 0.0715 | Grad Norm: 4.0293 | Clipped: 4/4
Epoch [3029/4000] | Avg Makespan: 308.38 | Actor Loss: -0.0040 | Critic Loss: 0.1008 | Grad Norm: 1.2272 | Clipped: 4/4
Epoch [3030/4000] | Avg Makespan: 300.72 | Actor Loss: -0.0036 | Critic Loss: 0.1210 | Grad Norm: 2.3691 | Clipped: 4/4
Epoch [3031/4000] | Avg Makespan: 317.36 | Actor Loss: -0.0007 | Critic Loss: 0.1916 | Grad Norm: 4.0417 | Clipped: 4/4
Epoch [3032/4000] | Avg Makespan: 323.49 | Actor Loss: -0.0052 | Critic Loss: 0.5161 | Grad Norm: 1.8051 | Clipped: 4/4
Epoch [3033/4000] | Avg Makespan: 310.10 | Actor Loss: -0.0008 | Critic Loss: 0.0825 | Grad Norm: 3.6307 | Clipped: 4/4
Epoch [3034/4000] | Avg Makespan: 308.78 | Actor Loss: -0.0033 | Critic Loss: 0.0405 | Grad Norm: 2.2626 | Clipped: 4/4
Epoch [3035/4000] | Avg Makespan: 303.51 | Actor Loss: -0.0022 | Critic Loss: 0.0529 | Grad Norm: 2.6751 | Clipped: 4/4
Epoch [3036/4000] | Avg Makespan: 305.88 | Actor Loss: -0.0040 | Critic Loss: 0.0733 | Grad Norm: 1.7684 | Clipped: 4/4
Epoch [3037/4000] | Avg Makespan: 313.69 | Actor Loss: -0.0035 | Critic Loss: 0.2457 | Grad Norm: 1.8889 | Clipped: 4/4
Epoch [3038/4000] | Avg Makespan: 319.87 | Actor Loss: -0.0045 | Critic Loss: 0.1736 | Grad Norm: 1.8452 | Clipped: 4/4
Epoch [3039/4000] | Avg Makespan: 302.59 | Actor Loss: -0.0046 | Critic Loss: 0.1405 | Grad Norm: 2.5231 | Clipped: 4/4
Epoch [3040/4000] | Avg Makespan: 305.33 | Actor Loss: -0.0041 | Critic Loss: 0.0604 | Grad Norm: 1.7974 | Clipped: 4/4
Epoch [3041/4000] | Avg Makespan: 314.83 | Actor Loss: -0.0030 | Critic Loss: 0.1201 | Grad Norm: 2.8759 | Clipped: 4/4
Epoch [3042/4000] | Avg Makespan: 312.65 | Actor Loss: -0.0034 | Critic Loss: 0.1764 | Grad Norm: 2.0404 | Clipped: 4/4
Epoch [3043/4000] | Avg Makespan: 317.31 | Actor Loss: -0.0020 | Critic Loss: 0.0891 | Grad Norm: 1.7355 | Clipped: 4/4
Epoch [3044/4000] | Avg Makespan: 317.26 | Actor Loss: -0.0038 | Critic Loss: 0.1543 | Grad Norm: 2.3878 | Clipped: 4/4
Epoch [3045/4000] | Avg Makespan: 307.93 | Actor Loss: -0.0041 | Critic Loss: 0.0884 | Grad Norm: 2.8831 | Clipped: 4/4
Epoch [3046/4000] | Avg Makespan: 322.06 | Actor Loss: -0.0029 | Critic Loss: 0.3564 | Grad Norm: 2.4369 | Clipped: 4/4
Epoch [3047/4000] | Avg Makespan: 309.52 | Actor Loss: -0.0036 | Critic Loss: 0.0492 | Grad Norm: 1.7702 | Clipped: 4/4
Epoch [3048/4000] | Avg Makespan: 317.36 | Actor Loss: -0.0027 | Critic Loss: 0.1670 | Grad Norm: 2.6877 | Clipped: 4/4
Epoch [3049/4000] | Avg Makespan: 302.94 | Actor Loss: -0.0018 | Critic Loss: 0.1116 | Grad Norm: 2.2058 | Clipped: 4/4
Epoch [3050/4000] | Avg Makespan: 312.84 | Actor Loss: -0.0023 | Critic Loss: 0.1147 | Grad Norm: 2.3863 | Clipped: 4/4
Epoch [3051/4000] | Avg Makespan: 311.53 | Actor Loss: -0.0019 | Critic Loss: 0.0973 | Grad Norm: 2.1315 | Clipped: 4/4
Epoch [3052/4000] | Avg Makespan: 310.64 | Actor Loss: -0.0031 | Critic Loss: 0.0784 | Grad Norm: 2.0158 | Clipped: 4/4
Epoch [3053/4000] | Avg Makespan: 321.40 | Actor Loss: -0.0028 | Critic Loss: 0.1382 | Grad Norm: 1.9084 | Clipped: 4/4
Epoch [3054/4000] | Avg Makespan: 308.66 | Actor Loss: -0.0020 | Critic Loss: 0.0875 | Grad Norm: 1.7299 | Clipped: 4/4
Epoch [3055/4000] | Avg Makespan: 316.56 | Actor Loss: -0.0028 | Critic Loss: 0.0450 | Grad Norm: 2.0380 | Clipped: 4/4
Epoch [3056/4000] | Avg Makespan: 303.51 | Actor Loss: -0.0038 | Critic Loss: 0.0602 | Grad Norm: 2.1214 | Clipped: 4/4
Epoch [3057/4000] | Avg Makespan: 314.16 | Actor Loss: -0.0046 | Critic Loss: 0.0879 | Grad Norm: 2.1241 | Clipped: 4/4
Epoch [3058/4000] | Avg Makespan: 299.83 | Actor Loss: -0.0046 | Critic Loss: 0.1006 | Grad Norm: 1.6898 | Clipped: 4/4
Epoch [3059/4000] | Avg Makespan: 322.60 | Actor Loss: -0.0040 | Critic Loss: 0.2647 | Grad Norm: 1.9053 | Clipped: 4/4
Epoch [3060/4000] | Avg Makespan: 313.83 | Actor Loss: -0.0015 | Critic Loss: 0.0954 | Grad Norm: 2.9905 | Clipped: 4/4
Epoch [3061/4000] | Avg Makespan: 321.42 | Actor Loss: -0.0037 | Critic Loss: 0.1682 | Grad Norm: 2.1716 | Clipped: 4/4
Epoch [3062/4000] | Avg Makespan: 311.79 | Actor Loss: -0.0045 | Critic Loss: 0.1082 | Grad Norm: 1.8517 | Clipped: 4/4
Epoch [3063/4000] | Avg Makespan: 308.27 | Actor Loss: -0.0037 | Critic Loss: 0.0446 | Grad Norm: 1.6858 | Clipped: 4/4
Epoch [3064/4000] | Avg Makespan: 304.04 | Actor Loss: -0.0027 | Critic Loss: 0.1709 | Grad Norm: 2.2773 | Clipped: 4/4
Epoch [3065/4000] | Avg Makespan: 323.18 | Actor Loss: -0.0009 | Critic Loss: 0.4290 | Grad Norm: 2.9847 | Clipped: 4/4
Epoch [3066/4000] | Avg Makespan: 325.43 | Actor Loss: 0.0005 | Critic Loss: 0.1623 | Grad Norm: 4.3377 | Clipped: 4/4
Epoch [3067/4000] | Avg Makespan: 303.91 | Actor Loss: -0.0028 | Critic Loss: 0.0638 | Grad Norm: 2.3124 | Clipped: 4/4
Epoch [3068/4000] | Avg Makespan: 324.54 | Actor Loss: -0.0034 | Critic Loss: 0.1880 | Grad Norm: 2.5472 | Clipped: 4/4
Epoch [3069/4000] | Avg Makespan: 313.88 | Actor Loss: -0.0047 | Critic Loss: 0.1925 | Grad Norm: 3.0006 | Clipped: 4/4
Epoch [3070/4000] | Avg Makespan: 314.90 | Actor Loss: -0.0031 | Critic Loss: 0.0805 | Grad Norm: 2.8937 | Clipped: 4/4
Epoch [3071/4000] | Avg Makespan: 313.82 | Actor Loss: -0.0056 | Critic Loss: 0.1124 | Grad Norm: 2.2360 | Clipped: 4/4
Epoch [3072/4000] | Avg Makespan: 332.08 | Actor Loss: -0.0034 | Critic Loss: 0.6373 | Grad Norm: 3.4681 | Clipped: 4/4
Epoch [3073/4000] | Avg Makespan: 306.76 | Actor Loss: -0.0035 | Critic Loss: 0.0966 | Grad Norm: 1.6749 | Clipped: 4/4
Epoch [3074/4000] | Avg Makespan: 311.53 | Actor Loss: 0.0005 | Critic Loss: 0.0660 | Grad Norm: 3.8215 | Clipped: 4/4
Epoch [3075/4000] | Avg Makespan: 310.64 | Actor Loss: -0.0023 | Critic Loss: 0.0638 | Grad Norm: 2.3275 | Clipped: 4/4
Epoch [3076/4000] | Avg Makespan: 309.01 | Actor Loss: 0.0010 | Critic Loss: 0.0527 | Grad Norm: 2.9925 | Clipped: 4/4
Epoch [3077/4000] | Avg Makespan: 317.90 | Actor Loss: -0.0024 | Critic Loss: 0.2217 | Grad Norm: 2.5290 | Clipped: 4/4
Epoch [3078/4000] | Avg Makespan: 310.69 | Actor Loss: -0.0024 | Critic Loss: 0.0708 | Grad Norm: 1.6745 | Clipped: 4/4
Epoch [3079/4000] | Avg Makespan: 303.32 | Actor Loss: -0.0039 | Critic Loss: 0.0997 | Grad Norm: 2.9040 | Clipped: 4/4
Epoch [3080/4000] | Avg Makespan: 300.26 | Actor Loss: -0.0009 | Critic Loss: 0.1001 | Grad Norm: 3.4392 | Clipped: 4/4
Epoch [3081/4000] | Avg Makespan: 315.30 | Actor Loss: -0.0020 | Critic Loss: 0.0931 | Grad Norm: 3.4064 | Clipped: 4/4
Epoch [3082/4000] | Avg Makespan: 314.73 | Actor Loss: -0.0052 | Critic Loss: 0.0542 | Grad Norm: 2.8401 | Clipped: 4/4
Epoch [3083/4000] | Avg Makespan: 312.31 | Actor Loss: 0.0015 | Critic Loss: 0.0967 | Grad Norm: 4.1714 | Clipped: 4/4
Epoch [3084/4000] | Avg Makespan: 300.46 | Actor Loss: -0.0014 | Critic Loss: 0.0421 | Grad Norm: 3.4381 | Clipped: 4/4
Epoch [3085/4000] | Avg Makespan: 314.27 | Actor Loss: -0.0037 | Critic Loss: 0.0554 | Grad Norm: 3.4396 | Clipped: 4/4
Epoch [3086/4000] | Avg Makespan: 305.98 | Actor Loss: -0.0009 | Critic Loss: 0.0205 | Grad Norm: 2.2976 | Clipped: 4/4
Epoch [3087/4000] | Avg Makespan: 318.22 | Actor Loss: -0.0026 | Critic Loss: 0.1892 | Grad Norm: 1.7505 | Clipped: 4/4
Epoch [3088/4000] | Avg Makespan: 310.02 | Actor Loss: -0.0014 | Critic Loss: 0.0983 | Grad Norm: 2.4149 | Clipped: 4/4
Epoch [3089/4000] | Avg Makespan: 305.89 | Actor Loss: -0.0043 | Critic Loss: 0.0573 | Grad Norm: 1.5756 | Clipped: 4/4
Epoch [3090/4000] | Avg Makespan: 311.45 | Actor Loss: 0.0008 | Critic Loss: 0.0779 | Grad Norm: 3.3214 | Clipped: 4/4
Epoch [3091/4000] | Avg Makespan: 309.36 | Actor Loss: -0.0037 | Critic Loss: 0.0624 | Grad Norm: 1.8720 | Clipped: 4/4
Epoch [3092/4000] | Avg Makespan: 317.58 | Actor Loss: -0.0041 | Critic Loss: 0.0640 | Grad Norm: 1.9643 | Clipped: 4/4
Epoch [3093/4000] | Avg Makespan: 309.72 | Actor Loss: -0.0035 | Critic Loss: 0.0874 | Grad Norm: 1.4655 | Clipped: 4/4
Epoch [3094/4000] | Avg Makespan: 312.62 | Actor Loss: -0.0022 | Critic Loss: 0.0423 | Grad Norm: 2.9632 | Clipped: 4/4
Epoch [3095/4000] | Avg Makespan: 319.46 | Actor Loss: -0.0036 | Critic Loss: 0.0672 | Grad Norm: 2.0614 | Clipped: 4/4
Epoch [3096/4000] | Avg Makespan: 315.33 | Actor Loss: -0.0021 | Critic Loss: 0.1711 | Grad Norm: 1.9106 | Clipped: 4/4
Epoch [3097/4000] | Avg Makespan: 312.13 | Actor Loss: -0.0038 | Critic Loss: 0.0470 | Grad Norm: 1.7659 | Clipped: 4/4
Epoch [3098/4000] | Avg Makespan: 312.69 | Actor Loss: -0.0029 | Critic Loss: 0.1063 | Grad Norm: 2.1953 | Clipped: 4/4
Epoch [3099/4000] | Avg Makespan: 311.13 | Actor Loss: -0.0017 | Critic Loss: 0.0328 | Grad Norm: 3.7200 | Clipped: 4/4
Epoch [3100/4000] | Avg Makespan: 317.60 | Actor Loss: -0.0009 | Critic Loss: 0.0492 | Grad Norm: 4.4176 | Clipped: 4/4
   -> Validation | Samples: 280 | Makespan: 439.77 | Invalid Jobs: 0.00 | Score: 443.34
   -> Saved updated training chart to /home/wei/Desktop/AMR-DFJSP/runs/20260825_013759_v10_F_s42/chart.png
Epoch [3101/4000] | Avg Makespan: 312.18 | Actor Loss: -0.0035 | Critic Loss: 0.0136 | Grad Norm: 2.1394 | Clipped: 4/4
Epoch [3102/4000] | Avg Makespan: 323.11 | Actor Loss: -0.0038 | Critic Loss: 0.4614 | Grad Norm: 2.0657 | Clipped: 4/4
Epoch [3103/4000] | Avg Makespan: 314.02 | Actor Loss: -0.0035 | Critic Loss: 0.0534 | Grad Norm: 1.2833 | Clipped: 4/4
Epoch [3104/4000] | Avg Makespan: 318.86 | Actor Loss: 0.0000 | Critic Loss: 0.1547 | Grad Norm: 3.2655 | Clipped: 4/4
Epoch [3105/4000] | Avg Makespan: 309.72 | Actor Loss: -0.0009 | Critic Loss: 0.0533 | Grad Norm: 3.8567 | Clipped: 4/4
Epoch [3106/4000] | Avg Makespan: 313.41 | Actor Loss: -0.0006 | Critic Loss: 0.0681 | Grad Norm: 3.8263 | Clipped: 4/4
Epoch [3107/4000] | Avg Makespan: 311.31 | Actor Loss: -0.0033 | Critic Loss: 0.0884 | Grad Norm: 2.3454 | Clipped: 4/4
Epoch [3108/4000] | Avg Makespan: 303.65 | Actor Loss: -0.0028 | Critic Loss: 0.0696 | Grad Norm: 2.3279 | Clipped: 4/4
Epoch [3109/4000] | Avg Makespan: 318.12 | Actor Loss: -0.0028 | Critic Loss: 0.0895 | Grad Norm: 1.6568 | Clipped: 4/4
Epoch [3110/4000] | Avg Makespan: 314.24 | Actor Loss: -0.0022 | Critic Loss: 0.1148 | Grad Norm: 1.6360 | Clipped: 4/4
Epoch [3111/4000] | Avg Makespan: 322.25 | Actor Loss: -0.0022 | Critic Loss: 0.2615 | Grad Norm: 1.6037 | Clipped: 4/4
Epoch [3112/4000] | Avg Makespan: 324.27 | Actor Loss: -0.0035 | Critic Loss: 0.1745 | Grad Norm: 3.0065 | Clipped: 4/4
Epoch [3113/4000] | Avg Makespan: 316.03 | Actor Loss: -0.0028 | Critic Loss: 0.0898 | Grad Norm: 2.5473 | Clipped: 4/4
Epoch [3114/4000] | Avg Makespan: 307.38 | Actor Loss: -0.0020 | Critic Loss: 0.0882 | Grad Norm: 2.5107 | Clipped: 4/4
Epoch [3115/4000] | Avg Makespan: 308.69 | Actor Loss: -0.0022 | Critic Loss: 0.0906 | Grad Norm: 1.7765 | Clipped: 4/4
Epoch [3116/4000] | Avg Makespan: 302.80 | Actor Loss: -0.0043 | Critic Loss: 0.0974 | Grad Norm: 1.8171 | Clipped: 4/4
Epoch [3117/4000] | Avg Makespan: 315.55 | Actor Loss: -0.0016 | Critic Loss: 0.0759 | Grad Norm: 2.3089 | Clipped: 4/4
Epoch [3118/4000] | Avg Makespan: 309.25 | Actor Loss: -0.0038 | Critic Loss: 0.0379 | Grad Norm: 2.4811 | Clipped: 4/4
Epoch [3119/4000] | Avg Makespan: 326.92 | Actor Loss: -0.0026 | Critic Loss: 0.2251 | Grad Norm: 2.4839 | Clipped: 4/4
Epoch [3120/4000] | Avg Makespan: 312.53 | Actor Loss: -0.0029 | Critic Loss: 0.1285 | Grad Norm: 2.3943 | Clipped: 4/4
Epoch [3121/4000] | Avg Makespan: 306.04 | Actor Loss: -0.0001 | Critic Loss: 0.1006 | Grad Norm: 2.9162 | Clipped: 4/4
Epoch [3122/4000] | Avg Makespan: 323.90 | Actor Loss: -0.0036 | Critic Loss: 0.2967 | Grad Norm: 2.3103 | Clipped: 4/4
Epoch [3123/4000] | Avg Makespan: 309.27 | Actor Loss: -0.0035 | Critic Loss: 0.0634 | Grad Norm: 1.6126 | Clipped: 4/4
Epoch [3124/4000] | Avg Makespan: 307.36 | Actor Loss: -0.0009 | Critic Loss: 0.0879 | Grad Norm: 3.9632 | Clipped: 4/4
Epoch [3125/4000] | Avg Makespan: 313.18 | Actor Loss: -0.0038 | Critic Loss: 0.1644 | Grad Norm: 2.8564 | Clipped: 4/4
Epoch [3126/4000] | Avg Makespan: 306.92 | Actor Loss: -0.0058 | Critic Loss: 0.0480 | Grad Norm: 1.7600 | Clipped: 4/4
Epoch [3127/4000] | Avg Makespan: 310.49 | Actor Loss: -0.0040 | Critic Loss: 0.0567 | Grad Norm: 1.9842 | Clipped: 4/4
Epoch [3128/4000] | Avg Makespan: 313.32 | Actor Loss: -0.0021 | Critic Loss: 0.1217 | Grad Norm: 2.2062 | Clipped: 4/4
Epoch [3129/4000] | Avg Makespan: 317.32 | Actor Loss: -0.0035 | Critic Loss: 0.0612 | Grad Norm: 3.1479 | Clipped: 4/4
Epoch [3130/4000] | Avg Makespan: 317.42 | Actor Loss: -0.0041 | Critic Loss: 0.1308 | Grad Norm: 2.0912 | Clipped: 4/4
Epoch [3131/4000] | Avg Makespan: 308.27 | Actor Loss: -0.0028 | Critic Loss: 0.0620 | Grad Norm: 2.1088 | Clipped: 4/4
Epoch [3132/4000] | Avg Makespan: 310.30 | Actor Loss: -0.0030 | Critic Loss: 0.0586 | Grad Norm: 2.8555 | Clipped: 4/4
Epoch [3133/4000] | Avg Makespan: 301.17 | Actor Loss: -0.0042 | Critic Loss: 0.1137 | Grad Norm: 1.9093 | Clipped: 4/4
Epoch [3134/4000] | Avg Makespan: 319.82 | Actor Loss: -0.0044 | Critic Loss: 0.1880 | Grad Norm: 3.2064 | Clipped: 4/4
Epoch [3135/4000] | Avg Makespan: 311.43 | Actor Loss: -0.0046 | Critic Loss: 0.0676 | Grad Norm: 2.6937 | Clipped: 4/4
Epoch [3136/4000] | Avg Makespan: 304.34 | Actor Loss: -0.0044 | Critic Loss: 0.0731 | Grad Norm: 2.2733 | Clipped: 4/4
Epoch [3137/4000] | Avg Makespan: 314.85 | Actor Loss: -0.0044 | Critic Loss: 0.1648 | Grad Norm: 2.2370 | Clipped: 4/4
Epoch [3138/4000] | Avg Makespan: 313.75 | Actor Loss: -0.0021 | Critic Loss: 0.1412 | Grad Norm: 3.4263 | Clipped: 4/4
Epoch [3139/4000] | Avg Makespan: 309.04 | Actor Loss: -0.0027 | Critic Loss: 0.0769 | Grad Norm: 2.5643 | Clipped: 4/4
Epoch [3140/4000] | Avg Makespan: 305.65 | Actor Loss: -0.0058 | Critic Loss: 0.0324 | Grad Norm: 2.7273 | Clipped: 4/4
Epoch [3141/4000] | Avg Makespan: 316.70 | Actor Loss: -0.0010 | Critic Loss: 0.1602 | Grad Norm: 3.2697 | Clipped: 4/4
Epoch [3142/4000] | Avg Makespan: 322.00 | Actor Loss: -0.0017 | Critic Loss: 0.1447 | Grad Norm: 2.5407 | Clipped: 4/4
Epoch [3143/4000] | Avg Makespan: 314.67 | Actor Loss: -0.0042 | Critic Loss: 0.2398 | Grad Norm: 2.1399 | Clipped: 4/4
Epoch [3144/4000] | Avg Makespan: 304.38 | Actor Loss: -0.0034 | Critic Loss: 0.1155 | Grad Norm: 1.8743 | Clipped: 4/4
Epoch [3145/4000] | Avg Makespan: 310.75 | Actor Loss: -0.0037 | Critic Loss: 0.1207 | Grad Norm: 2.3622 | Clipped: 4/4
Epoch [3146/4000] | Avg Makespan: 331.37 | Actor Loss: -0.0050 | Critic Loss: 0.3515 | Grad Norm: 2.0922 | Clipped: 4/4
Epoch [3147/4000] | Avg Makespan: 304.94 | Actor Loss: -0.0041 | Critic Loss: 0.1143 | Grad Norm: 1.9081 | Clipped: 4/4
Epoch [3148/4000] | Avg Makespan: 311.10 | Actor Loss: -0.0047 | Critic Loss: 0.0712 | Grad Norm: 2.6891 | Clipped: 4/4
Epoch [3149/4000] | Avg Makespan: 304.30 | Actor Loss: -0.0040 | Critic Loss: 0.0505 | Grad Norm: 1.9900 | Clipped: 4/4
Epoch [3150/4000] | Avg Makespan: 305.44 | Actor Loss: -0.0033 | Critic Loss: 0.0533 | Grad Norm: 2.1338 | Clipped: 4/4
Epoch [3151/4000] | Avg Makespan: 312.49 | Actor Loss: -0.0028 | Critic Loss: 0.1053 | Grad Norm: 4.3977 | Clipped: 4/4
Epoch [3152/4000] | Avg Makespan: 319.97 | Actor Loss: -0.0001 | Critic Loss: 0.2057 | Grad Norm: 2.9753 | Clipped: 4/4
Epoch [3153/4000] | Avg Makespan: 306.89 | Actor Loss: -0.0040 | Critic Loss: 0.0873 | Grad Norm: 2.7856 | Clipped: 4/4
Epoch [3154/4000] | Avg Makespan: 309.68 | Actor Loss: -0.0022 | Critic Loss: 0.0825 | Grad Norm: 3.5030 | Clipped: 4/4
Epoch [3155/4000] | Avg Makespan: 302.53 | Actor Loss: -0.0032 | Critic Loss: 0.0586 | Grad Norm: 2.8536 | Clipped: 4/4
Epoch [3156/4000] | Avg Makespan: 322.84 | Actor Loss: -0.0036 | Critic Loss: 0.1132 | Grad Norm: 1.5893 | Clipped: 4/4
Epoch [3157/4000] | Avg Makespan: 315.62 | Actor Loss: -0.0027 | Critic Loss: 0.3437 | Grad Norm: 2.3622 | Clipped: 4/4
Epoch [3158/4000] | Avg Makespan: 300.26 | Actor Loss: -0.0025 | Critic Loss: 0.1686 | Grad Norm: 2.9211 | Clipped: 4/4
Epoch [3159/4000] | Avg Makespan: 303.05 | Actor Loss: -0.0038 | Critic Loss: 0.0715 | Grad Norm: 1.7853 | Clipped: 4/4
Epoch [3160/4000] | Avg Makespan: 313.45 | Actor Loss: -0.0036 | Critic Loss: 0.1229 | Grad Norm: 1.9003 | Clipped: 4/4
Epoch [3161/4000] | Avg Makespan: 307.81 | Actor Loss: -0.0033 | Critic Loss: 0.0440 | Grad Norm: 1.5640 | Clipped: 4/4
Epoch [3162/4000] | Avg Makespan: 312.04 | Actor Loss: -0.0031 | Critic Loss: 0.0445 | Grad Norm: 2.2225 | Clipped: 4/4
Epoch [3163/4000] | Avg Makespan: 331.29 | Actor Loss: -0.0015 | Critic Loss: 0.6854 | Grad Norm: 1.9703 | Clipped: 4/4
Epoch [3164/4000] | Avg Makespan: 306.59 | Actor Loss: -0.0044 | Critic Loss: 0.0821 | Grad Norm: 2.5823 | Clipped: 4/4
Epoch [3165/4000] | Avg Makespan: 302.52 | Actor Loss: -0.0028 | Critic Loss: 0.1327 | Grad Norm: 2.2555 | Clipped: 4/4
Epoch [3166/4000] | Avg Makespan: 312.13 | Actor Loss: -0.0041 | Critic Loss: 0.2737 | Grad Norm: 2.0911 | Clipped: 4/4
Epoch [3167/4000] | Avg Makespan: 315.02 | Actor Loss: -0.0014 | Critic Loss: 0.1109 | Grad Norm: 2.8988 | Clipped: 4/4
Epoch [3168/4000] | Avg Makespan: 319.99 | Actor Loss: -0.0022 | Critic Loss: 0.4600 | Grad Norm: 2.6455 | Clipped: 4/4
Epoch [3169/4000] | Avg Makespan: 312.63 | Actor Loss: -0.0024 | Critic Loss: 0.0502 | Grad Norm: 2.2008 | Clipped: 4/4
Epoch [3170/4000] | Avg Makespan: 308.92 | Actor Loss: -0.0053 | Critic Loss: 0.2249 | Grad Norm: 2.4400 | Clipped: 4/4
Epoch [3171/4000] | Avg Makespan: 308.12 | Actor Loss: -0.0011 | Critic Loss: 0.0378 | Grad Norm: 2.4699 | Clipped: 4/4
Epoch [3172/4000] | Avg Makespan: 306.90 | Actor Loss: -0.0039 | Critic Loss: 0.0806 | Grad Norm: 2.1019 | Clipped: 4/4
Epoch [3173/4000] | Avg Makespan: 310.90 | Actor Loss: -0.0043 | Critic Loss: 0.2256 | Grad Norm: 2.5857 | Clipped: 4/4
Epoch [3174/4000] | Avg Makespan: 316.79 | Actor Loss: -0.0045 | Critic Loss: 0.4792 | Grad Norm: 2.0120 | Clipped: 4/4
Epoch [3175/4000] | Avg Makespan: 324.72 | Actor Loss: -0.0028 | Critic Loss: 0.3300 | Grad Norm: 2.5887 | Clipped: 4/4
Epoch [3176/4000] | Avg Makespan: 308.34 | Actor Loss: -0.0041 | Critic Loss: 0.4235 | Grad Norm: 2.9087 | Clipped: 4/4
Epoch [3177/4000] | Avg Makespan: 308.91 | Actor Loss: -0.0028 | Critic Loss: 0.1262 | Grad Norm: 2.4418 | Clipped: 4/4
Epoch [3178/4000] | Avg Makespan: 313.51 | Actor Loss: -0.0053 | Critic Loss: 0.1487 | Grad Norm: 2.0430 | Clipped: 4/4
Epoch [3179/4000] | Avg Makespan: 329.30 | Actor Loss: -0.0021 | Critic Loss: 0.6765 | Grad Norm: 2.8587 | Clipped: 4/4
Epoch [3180/4000] | Avg Makespan: 309.14 | Actor Loss: -0.0043 | Critic Loss: 0.1804 | Grad Norm: 2.2954 | Clipped: 4/4
Epoch [3181/4000] | Avg Makespan: 317.03 | Actor Loss: -0.0049 | Critic Loss: 0.1022 | Grad Norm: 4.3613 | Clipped: 4/4
Epoch [3182/4000] | Avg Makespan: 302.32 | Actor Loss: -0.0061 | Critic Loss: 0.1086 | Grad Norm: 2.1624 | Clipped: 4/4
Epoch [3183/4000] | Avg Makespan: 316.68 | Actor Loss: -0.0032 | Critic Loss: 0.1165 | Grad Norm: 3.8432 | Clipped: 4/4
Epoch [3184/4000] | Avg Makespan: 306.86 | Actor Loss: -0.0009 | Critic Loss: 0.0365 | Grad Norm: 2.8238 | Clipped: 4/4
Epoch [3185/4000] | Avg Makespan: 306.40 | Actor Loss: -0.0023 | Critic Loss: 0.0375 | Grad Norm: 4.4178 | Clipped: 4/4
Epoch [3186/4000] | Avg Makespan: 313.01 | Actor Loss: -0.0024 | Critic Loss: 0.0699 | Grad Norm: 3.7134 | Clipped: 4/4
Epoch [3187/4000] | Avg Makespan: 329.04 | Actor Loss: -0.0031 | Critic Loss: 0.3584 | Grad Norm: 2.9316 | Clipped: 4/4
Epoch [3188/4000] | Avg Makespan: 304.32 | Actor Loss: -0.0020 | Critic Loss: 0.0381 | Grad Norm: 3.3625 | Clipped: 4/4
Epoch [3189/4000] | Avg Makespan: 308.11 | Actor Loss: -0.0021 | Critic Loss: 0.0603 | Grad Norm: 1.8754 | Clipped: 4/4
Epoch [3190/4000] | Avg Makespan: 314.07 | Actor Loss: -0.0029 | Critic Loss: 0.0902 | Grad Norm: 2.2974 | Clipped: 4/4
Epoch [3191/4000] | Avg Makespan: 324.51 | Actor Loss: -0.0045 | Critic Loss: 0.2887 | Grad Norm: 3.7822 | Clipped: 4/4
Epoch [3192/4000] | Avg Makespan: 310.98 | Actor Loss: -0.0044 | Critic Loss: 0.2973 | Grad Norm: 2.8180 | Clipped: 4/4
Epoch [3193/4000] | Avg Makespan: 310.27 | Actor Loss: -0.0019 | Critic Loss: 0.1051 | Grad Norm: 2.3111 | Clipped: 4/4
Epoch [3194/4000] | Avg Makespan: 305.75 | Actor Loss: -0.0019 | Critic Loss: 0.0484 | Grad Norm: 2.0204 | Clipped: 4/4
Epoch [3195/4000] | Avg Makespan: 325.53 | Actor Loss: -0.0041 | Critic Loss: 0.1727 | Grad Norm: 2.5109 | Clipped: 4/4
Epoch [3196/4000] | Avg Makespan: 313.20 | Actor Loss: -0.0034 | Critic Loss: 0.0696 | Grad Norm: 1.9215 | Clipped: 4/4
Epoch [3197/4000] | Avg Makespan: 310.86 | Actor Loss: -0.0029 | Critic Loss: 0.0855 | Grad Norm: 4.7923 | Clipped: 4/4
Epoch [3198/4000] | Avg Makespan: 307.43 | Actor Loss: -0.0003 | Critic Loss: 0.0890 | Grad Norm: 4.0462 | Clipped: 4/4
Epoch [3199/4000] | Avg Makespan: 304.58 | Actor Loss: -0.0029 | Critic Loss: 0.0663 | Grad Norm: 2.5265 | Clipped: 4/4
Epoch [3200/4000] | Avg Makespan: 313.20 | Actor Loss: -0.0029 | Critic Loss: 0.1510 | Grad Norm: 2.9621 | Clipped: 4/4
   -> Validation | Samples: 280 | Makespan: 441.93 | Invalid Jobs: 0.04 | Score: 484.78
   -> Saved updated training chart to /home/wei/Desktop/AMR-DFJSP/runs/20260825_013759_v10_F_s42/chart.png
Epoch [3201/4000] | Avg Makespan: 312.61 | Actor Loss: -0.0033 | Critic Loss: 0.1286 | Grad Norm: 2.8874 | Clipped: 4/4
Epoch [3202/4000] | Avg Makespan: 317.85 | Actor Loss: -0.0044 | Critic Loss: 0.1735 | Grad Norm: 2.1113 | Clipped: 4/4
Epoch [3203/4000] | Avg Makespan: 312.94 | Actor Loss: -0.0008 | Critic Loss: 0.0628 | Grad Norm: 2.9545 | Clipped: 4/4
Epoch [3204/4000] | Avg Makespan: 322.24 | Actor Loss: -0.0037 | Critic Loss: 0.2662 | Grad Norm: 2.1954 | Clipped: 4/4
Epoch [3205/4000] | Avg Makespan: 315.08 | Actor Loss: -0.0029 | Critic Loss: 0.0876 | Grad Norm: 2.0282 | Clipped: 4/4
Epoch [3206/4000] | Avg Makespan: 311.94 | Actor Loss: -0.0018 | Critic Loss: 0.0785 | Grad Norm: 5.0240 | Clipped: 4/4
Epoch [3207/4000] | Avg Makespan: 307.78 | Actor Loss: -0.0031 | Critic Loss: 0.0963 | Grad Norm: 2.9953 | Clipped: 4/4
Epoch [3208/4000] | Avg Makespan: 303.46 | Actor Loss: -0.0033 | Critic Loss: 0.0898 | Grad Norm: 2.1203 | Clipped: 4/4
Epoch [3209/4000] | Avg Makespan: 311.75 | Actor Loss: -0.0048 | Critic Loss: 0.0907 | Grad Norm: 4.0114 | Clipped: 4/4
Epoch [3210/4000] | Avg Makespan: 319.41 | Actor Loss: -0.0019 | Critic Loss: 0.2543 | Grad Norm: 2.4885 | Clipped: 4/4
Epoch [3211/4000] | Avg Makespan: 314.13 | Actor Loss: -0.0033 | Critic Loss: 0.2144 | Grad Norm: 2.3247 | Clipped: 4/4
Epoch [3212/4000] | Avg Makespan: 309.49 | Actor Loss: -0.0015 | Critic Loss: 0.0663 | Grad Norm: 2.6945 | Clipped: 4/4
Epoch [3213/4000] | Avg Makespan: 322.81 | Actor Loss: -0.0040 | Critic Loss: 0.1675 | Grad Norm: 3.1481 | Clipped: 4/4
Epoch [3214/4000] | Avg Makespan: 319.45 | Actor Loss: -0.0009 | Critic Loss: 0.1584 | Grad Norm: 3.0130 | Clipped: 4/4
Epoch [3215/4000] | Avg Makespan: 312.61 | Actor Loss: -0.0051 | Critic Loss: 0.0786 | Grad Norm: 2.7138 | Clipped: 4/4
Epoch [3216/4000] | Avg Makespan: 322.33 | Actor Loss: -0.0037 | Critic Loss: 0.3223 | Grad Norm: 3.9712 | Clipped: 4/4
Epoch [3217/4000] | Avg Makespan: 307.07 | Actor Loss: -0.0028 | Critic Loss: 0.0538 | Grad Norm: 2.8021 | Clipped: 4/4
Epoch [3218/4000] | Avg Makespan: 306.09 | Actor Loss: -0.0029 | Critic Loss: 0.0530 | Grad Norm: 1.8452 | Clipped: 4/4
Epoch [3219/4000] | Avg Makespan: 306.95 | Actor Loss: -0.0010 | Critic Loss: 0.1565 | Grad Norm: 2.5462 | Clipped: 4/4
Epoch [3220/4000] | Avg Makespan: 311.51 | Actor Loss: -0.0026 | Critic Loss: 0.0830 | Grad Norm: 2.1543 | Clipped: 4/4
Epoch [3221/4000] | Avg Makespan: 312.73 | Actor Loss: -0.0039 | Critic Loss: 0.2754 | Grad Norm: 2.2165 | Clipped: 4/4
Epoch [3222/4000] | Avg Makespan: 303.52 | Actor Loss: -0.0052 | Critic Loss: 0.1348 | Grad Norm: 2.4709 | Clipped: 4/4
Epoch [3223/4000] | Avg Makespan: 314.92 | Actor Loss: -0.0054 | Critic Loss: 0.2449 | Grad Norm: 1.8656 | Clipped: 4/4
Epoch [3224/4000] | Avg Makespan: 319.49 | Actor Loss: -0.0047 | Critic Loss: 0.2613 | Grad Norm: 1.6087 | Clipped: 4/4
Epoch [3225/4000] | Avg Makespan: 315.07 | Actor Loss: -0.0036 | Critic Loss: 0.0419 | Grad Norm: 2.0952 | Clipped: 4/4
Epoch [3226/4000] | Avg Makespan: 312.30 | Actor Loss: -0.0033 | Critic Loss: 0.1089 | Grad Norm: 2.7363 | Clipped: 4/4
Epoch [3227/4000] | Avg Makespan: 314.05 | Actor Loss: -0.0021 | Critic Loss: 0.2546 | Grad Norm: 1.9205 | Clipped: 4/4
Epoch [3228/4000] | Avg Makespan: 312.94 | Actor Loss: -0.0011 | Critic Loss: 0.1362 | Grad Norm: 2.9998 | Clipped: 4/4
Epoch [3229/4000] | Avg Makespan: 319.36 | Actor Loss: -0.0031 | Critic Loss: 0.1545 | Grad Norm: 2.3868 | Clipped: 4/4
Epoch [3230/4000] | Avg Makespan: 301.52 | Actor Loss: -0.0006 | Critic Loss: 0.0901 | Grad Norm: 2.9166 | Clipped: 4/4
Epoch [3231/4000] | Avg Makespan: 303.14 | Actor Loss: -0.0035 | Critic Loss: 0.0754 | Grad Norm: 2.5617 | Clipped: 4/4
Epoch [3232/4000] | Avg Makespan: 319.75 | Actor Loss: -0.0022 | Critic Loss: 0.2547 | Grad Norm: 2.1712 | Clipped: 4/4
Epoch [3233/4000] | Avg Makespan: 303.74 | Actor Loss: -0.0026 | Critic Loss: 0.0469 | Grad Norm: 1.7285 | Clipped: 4/4
Epoch [3234/4000] | Avg Makespan: 309.79 | Actor Loss: -0.0034 | Critic Loss: 0.0183 | Grad Norm: 2.3300 | Clipped: 4/4
Epoch [3235/4000] | Avg Makespan: 314.62 | Actor Loss: -0.0021 | Critic Loss: 0.2258 | Grad Norm: 2.2755 | Clipped: 4/4
Epoch [3236/4000] | Avg Makespan: 314.09 | Actor Loss: -0.0045 | Critic Loss: 0.1120 | Grad Norm: 1.9391 | Clipped: 4/4
Epoch [3237/4000] | Avg Makespan: 304.78 | Actor Loss: -0.0043 | Critic Loss: 0.0932 | Grad Norm: 1.6855 | Clipped: 4/4
Epoch [3238/4000] | Avg Makespan: 324.97 | Actor Loss: -0.0024 | Critic Loss: 0.2818 | Grad Norm: 2.3059 | Clipped: 4/4
Epoch [3239/4000] | Avg Makespan: 311.60 | Actor Loss: -0.0047 | Critic Loss: 0.0623 | Grad Norm: 1.5261 | Clipped: 4/4
Epoch [3240/4000] | Avg Makespan: 301.34 | Actor Loss: -0.0025 | Critic Loss: 0.1381 | Grad Norm: 3.0176 | Clipped: 4/4
Epoch [3241/4000] | Avg Makespan: 310.61 | Actor Loss: -0.0042 | Critic Loss: 0.2038 | Grad Norm: 1.2105 | Clipped: 4/4
Epoch [3242/4000] | Avg Makespan: 312.83 | Actor Loss: -0.0044 | Critic Loss: 0.0653 | Grad Norm: 2.0091 | Clipped: 4/4
Epoch [3243/4000] | Avg Makespan: 307.60 | Actor Loss: -0.0030 | Critic Loss: 0.0305 | Grad Norm: 1.8206 | Clipped: 4/4
Epoch [3244/4000] | Avg Makespan: 312.89 | Actor Loss: -0.0023 | Critic Loss: 0.0406 | Grad Norm: 1.7002 | Clipped: 4/4
Epoch [3245/4000] | Avg Makespan: 311.05 | Actor Loss: -0.0024 | Critic Loss: 0.1124 | Grad Norm: 1.8976 | Clipped: 4/4
Epoch [3246/4000] | Avg Makespan: 310.17 | Actor Loss: -0.0029 | Critic Loss: 0.0653 | Grad Norm: 1.8216 | Clipped: 4/4
Epoch [3247/4000] | Avg Makespan: 304.85 | Actor Loss: -0.0013 | Critic Loss: 0.0373 | Grad Norm: 2.3464 | Clipped: 4/4
Epoch [3248/4000] | Avg Makespan: 313.98 | Actor Loss: -0.0033 | Critic Loss: 0.1385 | Grad Norm: 2.4068 | Clipped: 4/4
Epoch [3249/4000] | Avg Makespan: 307.18 | Actor Loss: -0.0016 | Critic Loss: 0.0541 | Grad Norm: 3.0555 | Clipped: 4/4
Epoch [3250/4000] | Avg Makespan: 305.56 | Actor Loss: -0.0036 | Critic Loss: 0.0620 | Grad Norm: 2.3900 | Clipped: 4/4
Epoch [3251/4000] | Avg Makespan: 308.84 | Actor Loss: -0.0027 | Critic Loss: 0.0451 | Grad Norm: 1.8072 | Clipped: 4/4
Epoch [3252/4000] | Avg Makespan: 308.29 | Actor Loss: -0.0013 | Critic Loss: 0.0167 | Grad Norm: 1.9335 | Clipped: 4/4
Epoch [3253/4000] | Avg Makespan: 308.01 | Actor Loss: -0.0029 | Critic Loss: 0.0295 | Grad Norm: 2.0366 | Clipped: 4/4
Epoch [3254/4000] | Avg Makespan: 314.40 | Actor Loss: -0.0044 | Critic Loss: 0.1706 | Grad Norm: 1.9031 | Clipped: 4/4
Epoch [3255/4000] | Avg Makespan: 319.28 | Actor Loss: -0.0042 | Critic Loss: 0.1408 | Grad Norm: 2.1869 | Clipped: 4/4
Epoch [3256/4000] | Avg Makespan: 305.08 | Actor Loss: -0.0028 | Critic Loss: 0.0781 | Grad Norm: 2.0171 | Clipped: 4/4
Epoch [3257/4000] | Avg Makespan: 308.18 | Actor Loss: -0.0046 | Critic Loss: 0.0878 | Grad Norm: 2.5159 | Clipped: 4/4
Epoch [3258/4000] | Avg Makespan: 308.30 | Actor Loss: -0.0052 | Critic Loss: 0.0313 | Grad Norm: 2.5342 | Clipped: 4/4
Epoch [3259/4000] | Avg Makespan: 306.38 | Actor Loss: -0.0011 | Critic Loss: 0.0746 | Grad Norm: 2.4587 | Clipped: 4/4
Epoch [3260/4000] | Avg Makespan: 315.31 | Actor Loss: -0.0020 | Critic Loss: 0.1048 | Grad Norm: 2.2034 | Clipped: 4/4
Epoch [3261/4000] | Avg Makespan: 307.25 | Actor Loss: -0.0038 | Critic Loss: 0.0861 | Grad Norm: 1.8710 | Clipped: 4/4
Epoch [3262/4000] | Avg Makespan: 320.14 | Actor Loss: -0.0023 | Critic Loss: 0.1601 | Grad Norm: 2.2218 | Clipped: 4/4
Epoch [3263/4000] | Avg Makespan: 323.68 | Actor Loss: -0.0028 | Critic Loss: 0.7577 | Grad Norm: 2.3492 | Clipped: 4/4
Epoch [3264/4000] | Avg Makespan: 313.92 | Actor Loss: -0.0056 | Critic Loss: 0.0611 | Grad Norm: 1.8587 | Clipped: 4/4
Epoch [3265/4000] | Avg Makespan: 310.17 | Actor Loss: -0.0035 | Critic Loss: 0.1950 | Grad Norm: 2.0394 | Clipped: 4/4
Epoch [3266/4000] | Avg Makespan: 304.40 | Actor Loss: -0.0026 | Critic Loss: 0.0546 | Grad Norm: 1.5526 | Clipped: 4/4
Epoch [3267/4000] | Avg Makespan: 309.52 | Actor Loss: -0.0044 | Critic Loss: 0.1217 | Grad Norm: 2.4581 | Clipped: 4/4
Epoch [3268/4000] | Avg Makespan: 313.38 | Actor Loss: -0.0022 | Critic Loss: 0.0999 | Grad Norm: 1.7947 | Clipped: 4/4
Epoch [3269/4000] | Avg Makespan: 303.88 | Actor Loss: -0.0025 | Critic Loss: 0.0533 | Grad Norm: 2.4101 | Clipped: 4/4
Epoch [3270/4000] | Avg Makespan: 301.79 | Actor Loss: -0.0039 | Critic Loss: 0.0359 | Grad Norm: 1.8215 | Clipped: 4/4
Epoch [3271/4000] | Avg Makespan: 304.21 | Actor Loss: -0.0023 | Critic Loss: 0.0772 | Grad Norm: 2.0398 | Clipped: 4/4
Epoch [3272/4000] | Avg Makespan: 316.96 | Actor Loss: -0.0028 | Critic Loss: 0.3390 | Grad Norm: 1.9882 | Clipped: 4/4
Epoch [3273/4000] | Avg Makespan: 308.72 | Actor Loss: -0.0031 | Critic Loss: 0.0163 | Grad Norm: 1.6858 | Clipped: 4/4
Epoch [3274/4000] | Avg Makespan: 314.49 | Actor Loss: -0.0040 | Critic Loss: 0.0905 | Grad Norm: 1.7503 | Clipped: 4/4
Epoch [3275/4000] | Avg Makespan: 321.97 | Actor Loss: -0.0032 | Critic Loss: 0.1723 | Grad Norm: 1.8466 | Clipped: 4/4
Epoch [3276/4000] | Avg Makespan: 308.24 | Actor Loss: -0.0021 | Critic Loss: 0.0828 | Grad Norm: 2.2870 | Clipped: 4/4
Epoch [3277/4000] | Avg Makespan: 310.49 | Actor Loss: -0.0031 | Critic Loss: 0.0199 | Grad Norm: 2.2097 | Clipped: 4/4
Epoch [3278/4000] | Avg Makespan: 317.64 | Actor Loss: -0.0029 | Critic Loss: 0.3945 | Grad Norm: 2.0758 | Clipped: 4/4
Epoch [3279/4000] | Avg Makespan: 313.97 | Actor Loss: -0.0027 | Critic Loss: 0.1489 | Grad Norm: 2.0397 | Clipped: 4/4
Epoch [3280/4000] | Avg Makespan: 319.93 | Actor Loss: -0.0038 | Critic Loss: 0.1088 | Grad Norm: 1.8336 | Clipped: 4/4
Epoch [3281/4000] | Avg Makespan: 319.33 | Actor Loss: -0.0028 | Critic Loss: 0.1312 | Grad Norm: 1.6883 | Clipped: 4/4
Epoch [3282/4000] | Avg Makespan: 312.77 | Actor Loss: -0.0031 | Critic Loss: 0.0552 | Grad Norm: 2.6122 | Clipped: 4/4
Epoch [3283/4000] | Avg Makespan: 298.65 | Actor Loss: -0.0015 | Critic Loss: 0.2134 | Grad Norm: 2.3804 | Clipped: 4/4
Epoch [3284/4000] | Avg Makespan: 308.14 | Actor Loss: 0.0002 | Critic Loss: 0.0525 | Grad Norm: 2.3400 | Clipped: 4/4
Epoch [3285/4000] | Avg Makespan: 299.56 | Actor Loss: -0.0017 | Critic Loss: 0.0588 | Grad Norm: 2.0757 | Clipped: 4/4
Epoch [3286/4000] | Avg Makespan: 306.67 | Actor Loss: -0.0015 | Critic Loss: 0.0393 | Grad Norm: 2.5023 | Clipped: 4/4
Epoch [3287/4000] | Avg Makespan: 310.12 | Actor Loss: -0.0031 | Critic Loss: 0.2046 | Grad Norm: 2.1723 | Clipped: 4/4
Epoch [3288/4000] | Avg Makespan: 325.91 | Actor Loss: -0.0028 | Critic Loss: 0.4928 | Grad Norm: 2.8310 | Clipped: 4/4
Epoch [3289/4000] | Avg Makespan: 307.74 | Actor Loss: -0.0047 | Critic Loss: 0.0970 | Grad Norm: 1.7441 | Clipped: 4/4
Epoch [3290/4000] | Avg Makespan: 307.82 | Actor Loss: -0.0019 | Critic Loss: 0.1152 | Grad Norm: 1.5895 | Clipped: 4/4
Epoch [3291/4000] | Avg Makespan: 309.25 | Actor Loss: -0.0036 | Critic Loss: 0.2582 | Grad Norm: 1.8521 | Clipped: 4/4
Epoch [3292/4000] | Avg Makespan: 311.50 | Actor Loss: -0.0023 | Critic Loss: 0.1388 | Grad Norm: 1.8653 | Clipped: 4/4
Epoch [3293/4000] | Avg Makespan: 306.17 | Actor Loss: -0.0019 | Critic Loss: 0.1214 | Grad Norm: 2.5435 | Clipped: 4/4
Epoch [3294/4000] | Avg Makespan: 301.70 | Actor Loss: -0.0055 | Critic Loss: 0.0934 | Grad Norm: 1.6362 | Clipped: 4/4
Epoch [3295/4000] | Avg Makespan: 316.73 | Actor Loss: -0.0022 | Critic Loss: 0.2798 | Grad Norm: 2.7850 | Clipped: 4/4
Epoch [3296/4000] | Avg Makespan: 305.79 | Actor Loss: -0.0048 | Critic Loss: 0.0779 | Grad Norm: 2.4545 | Clipped: 4/4
Epoch [3297/4000] | Avg Makespan: 307.25 | Actor Loss: -0.0016 | Critic Loss: 0.0720 | Grad Norm: 1.6826 | Clipped: 4/4
Epoch [3298/4000] | Avg Makespan: 298.39 | Actor Loss: -0.0044 | Critic Loss: 0.1904 | Grad Norm: 2.4735 | Clipped: 4/4
Epoch [3299/4000] | Avg Makespan: 314.77 | Actor Loss: -0.0040 | Critic Loss: 0.2373 | Grad Norm: 1.8943 | Clipped: 4/4
Epoch [3300/4000] | Avg Makespan: 304.36 | Actor Loss: -0.0028 | Critic Loss: 0.0729 | Grad Norm: 1.8681 | Clipped: 4/4
   -> Validation | Samples: 280 | Makespan: 429.38 | Invalid Jobs: 0.03 | Score: 454.38
   -> Saved updated training chart to /home/wei/Desktop/AMR-DFJSP/runs/20260825_013759_v10_F_s42/chart.png
Epoch [3301/4000] | Avg Makespan: 307.50 | Actor Loss: -0.0051 | Critic Loss: 0.2986 | Grad Norm: 1.9229 | Clipped: 4/4
Epoch [3302/4000] | Avg Makespan: 305.92 | Actor Loss: -0.0022 | Critic Loss: 0.0395 | Grad Norm: 2.2536 | Clipped: 4/4
Epoch [3303/4000] | Avg Makespan: 303.36 | Actor Loss: -0.0050 | Critic Loss: 0.0464 | Grad Norm: 1.3455 | Clipped: 4/4
Epoch [3304/4000] | Avg Makespan: 305.03 | Actor Loss: -0.0041 | Critic Loss: 0.1345 | Grad Norm: 1.4811 | Clipped: 4/4
Epoch [3305/4000] | Avg Makespan: 316.07 | Actor Loss: -0.0017 | Critic Loss: 0.1363 | Grad Norm: 1.8352 | Clipped: 4/4
Epoch [3306/4000] | Avg Makespan: 323.41 | Actor Loss: -0.0025 | Critic Loss: 0.1828 | Grad Norm: 2.7293 | Clipped: 4/4
Epoch [3307/4000] | Avg Makespan: 296.32 | Actor Loss: -0.0024 | Critic Loss: 0.1005 | Grad Norm: 1.8303 | Clipped: 4/4
Epoch [3308/4000] | Avg Makespan: 306.11 | Actor Loss: -0.0030 | Critic Loss: 0.0513 | Grad Norm: 1.5104 | Clipped: 4/4
Epoch [3309/4000] | Avg Makespan: 307.18 | Actor Loss: -0.0014 | Critic Loss: 0.1175 | Grad Norm: 1.1843 | Clipped: 4/4
Epoch [3310/4000] | Avg Makespan: 302.22 | Actor Loss: -0.0034 | Critic Loss: 0.0943 | Grad Norm: 2.3446 | Clipped: 4/4
Epoch [3311/4000] | Avg Makespan: 315.68 | Actor Loss: -0.0040 | Critic Loss: 0.2553 | Grad Norm: 2.6586 | Clipped: 4/4
Epoch [3312/4000] | Avg Makespan: 312.11 | Actor Loss: -0.0034 | Critic Loss: 0.1281 | Grad Norm: 1.9921 | Clipped: 4/4
Epoch [3313/4000] | Avg Makespan: 309.32 | Actor Loss: -0.0031 | Critic Loss: 0.1411 | Grad Norm: 1.6893 | Clipped: 4/4
Epoch [3314/4000] | Avg Makespan: 327.72 | Actor Loss: -0.0027 | Critic Loss: 0.3276 | Grad Norm: 1.6828 | Clipped: 4/4
Epoch [3315/4000] | Avg Makespan: 316.94 | Actor Loss: -0.0045 | Critic Loss: 0.0543 | Grad Norm: 2.0027 | Clipped: 4/4
Epoch [3316/4000] | Avg Makespan: 305.61 | Actor Loss: -0.0017 | Critic Loss: 0.1105 | Grad Norm: 1.6183 | Clipped: 4/4
Epoch [3317/4000] | Avg Makespan: 307.87 | Actor Loss: -0.0030 | Critic Loss: 0.0729 | Grad Norm: 1.7790 | Clipped: 4/4
Epoch [3318/4000] | Avg Makespan: 307.20 | Actor Loss: -0.0036 | Critic Loss: 0.0615 | Grad Norm: 1.8916 | Clipped: 4/4
Epoch [3319/4000] | Avg Makespan: 310.61 | Actor Loss: -0.0022 | Critic Loss: 0.0861 | Grad Norm: 2.1534 | Clipped: 4/4
Epoch [3320/4000] | Avg Makespan: 315.78 | Actor Loss: -0.0012 | Critic Loss: 0.0874 | Grad Norm: 2.4094 | Clipped: 4/4
Epoch [3321/4000] | Avg Makespan: 328.52 | Actor Loss: -0.0042 | Critic Loss: 0.6502 | Grad Norm: 2.0355 | Clipped: 4/4
Epoch [3322/4000] | Avg Makespan: 300.88 | Actor Loss: -0.0022 | Critic Loss: 0.0606 | Grad Norm: 1.6640 | Clipped: 4/4
Epoch [3323/4000] | Avg Makespan: 307.71 | Actor Loss: -0.0045 | Critic Loss: 0.0553 | Grad Norm: 1.7109 | Clipped: 4/4
Epoch [3324/4000] | Avg Makespan: 307.17 | Actor Loss: -0.0025 | Critic Loss: 0.0556 | Grad Norm: 3.2365 | Clipped: 4/4
Epoch [3325/4000] | Avg Makespan: 307.24 | Actor Loss: -0.0004 | Critic Loss: 0.1365 | Grad Norm: 2.3194 | Clipped: 4/4
Epoch [3326/4000] | Avg Makespan: 299.31 | Actor Loss: -0.0030 | Critic Loss: 0.0251 | Grad Norm: 1.7989 | Clipped: 4/4
Epoch [3327/4000] | Avg Makespan: 317.10 | Actor Loss: -0.0025 | Critic Loss: 0.1666 | Grad Norm: 1.4026 | Clipped: 4/4
Epoch [3328/4000] | Avg Makespan: 308.98 | Actor Loss: -0.0026 | Critic Loss: 0.1906 | Grad Norm: 1.4205 | Clipped: 4/4
Epoch [3329/4000] | Avg Makespan: 304.40 | Actor Loss: -0.0039 | Critic Loss: 0.1013 | Grad Norm: 1.9769 | Clipped: 4/4
Epoch [3330/4000] | Avg Makespan: 318.41 | Actor Loss: -0.0031 | Critic Loss: 0.1920 | Grad Norm: 1.5252 | Clipped: 4/4
Epoch [3331/4000] | Avg Makespan: 307.35 | Actor Loss: -0.0022 | Critic Loss: 0.0593 | Grad Norm: 1.9315 | Clipped: 4/4
Epoch [3332/4000] | Avg Makespan: 303.88 | Actor Loss: -0.0046 | Critic Loss: 0.0894 | Grad Norm: 1.9914 | Clipped: 4/4
Epoch [3333/4000] | Avg Makespan: 300.52 | Actor Loss: -0.0026 | Critic Loss: 0.0940 | Grad Norm: 1.3790 | Clipped: 4/4
Epoch [3334/4000] | Avg Makespan: 304.48 | Actor Loss: -0.0048 | Critic Loss: 0.0892 | Grad Norm: 1.9757 | Clipped: 4/4
Epoch [3335/4000] | Avg Makespan: 305.08 | Actor Loss: -0.0039 | Critic Loss: 0.0556 | Grad Norm: 1.9666 | Clipped: 4/4
Epoch [3336/4000] | Avg Makespan: 301.82 | Actor Loss: -0.0024 | Critic Loss: 0.0787 | Grad Norm: 1.3537 | Clipped: 4/4
Epoch [3337/4000] | Avg Makespan: 316.40 | Actor Loss: -0.0022 | Critic Loss: 0.1953 | Grad Norm: 1.4342 | Clipped: 3/4
Epoch [3338/4000] | Avg Makespan: 308.00 | Actor Loss: -0.0028 | Critic Loss: 0.0429 | Grad Norm: 1.6071 | Clipped: 4/4
Epoch [3339/4000] | Avg Makespan: 310.89 | Actor Loss: -0.0031 | Critic Loss: 0.0793 | Grad Norm: 1.8288 | Clipped: 4/4
Epoch [3340/4000] | Avg Makespan: 304.32 | Actor Loss: -0.0017 | Critic Loss: 0.0736 | Grad Norm: 1.8009 | Clipped: 4/4
Epoch [3341/4000] | Avg Makespan: 310.49 | Actor Loss: -0.0026 | Critic Loss: 0.1422 | Grad Norm: 1.9241 | Clipped: 4/4
Epoch [3342/4000] | Avg Makespan: 308.53 | Actor Loss: -0.0043 | Critic Loss: 0.0744 | Grad Norm: 1.6402 | Clipped: 4/4
Epoch [3343/4000] | Avg Makespan: 311.58 | Actor Loss: -0.0038 | Critic Loss: 0.4003 | Grad Norm: 1.7557 | Clipped: 4/4
Epoch [3344/4000] | Avg Makespan: 298.42 | Actor Loss: -0.0021 | Critic Loss: 0.0752 | Grad Norm: 2.1091 | Clipped: 4/4
Epoch [3345/4000] | Avg Makespan: 303.89 | Actor Loss: -0.0023 | Critic Loss: 0.1084 | Grad Norm: 1.6508 | Clipped: 4/4
Epoch [3346/4000] | Avg Makespan: 297.56 | Actor Loss: -0.0032 | Critic Loss: 0.0196 | Grad Norm: 1.9948 | Clipped: 4/4
Epoch [3347/4000] | Avg Makespan: 312.70 | Actor Loss: -0.0022 | Critic Loss: 0.2111 | Grad Norm: 1.7885 | Clipped: 4/4
Epoch [3348/4000] | Avg Makespan: 301.74 | Actor Loss: -0.0029 | Critic Loss: 0.0174 | Grad Norm: 1.7952 | Clipped: 4/4
Epoch [3349/4000] | Avg Makespan: 301.97 | Actor Loss: -0.0023 | Critic Loss: 0.0342 | Grad Norm: 1.4829 | Clipped: 4/4
Epoch [3350/4000] | Avg Makespan: 318.76 | Actor Loss: -0.0021 | Critic Loss: 0.3576 | Grad Norm: 3.0103 | Clipped: 4/4
Epoch [3351/4000] | Avg Makespan: 312.60 | Actor Loss: -0.0022 | Critic Loss: 0.2845 | Grad Norm: 2.4570 | Clipped: 4/4
Epoch [3352/4000] | Avg Makespan: 307.37 | Actor Loss: -0.0026 | Critic Loss: 0.0305 | Grad Norm: 1.8439 | Clipped: 4/4
Epoch [3353/4000] | Avg Makespan: 302.81 | Actor Loss: -0.0042 | Critic Loss: 0.0656 | Grad Norm: 2.0567 | Clipped: 4/4
Epoch [3354/4000] | Avg Makespan: 310.21 | Actor Loss: -0.0031 | Critic Loss: 0.0740 | Grad Norm: 2.0507 | Clipped: 4/4
Epoch [3355/4000] | Avg Makespan: 303.81 | Actor Loss: -0.0028 | Critic Loss: 0.0922 | Grad Norm: 2.1678 | Clipped: 4/4
Epoch [3356/4000] | Avg Makespan: 301.87 | Actor Loss: -0.0026 | Critic Loss: 0.0948 | Grad Norm: 1.8889 | Clipped: 4/4
Epoch [3357/4000] | Avg Makespan: 309.06 | Actor Loss: -0.0029 | Critic Loss: 0.0666 | Grad Norm: 2.1813 | Clipped: 4/4
Epoch [3358/4000] | Avg Makespan: 295.31 | Actor Loss: -0.0026 | Critic Loss: 0.0939 | Grad Norm: 2.7709 | Clipped: 4/4
Epoch [3359/4000] | Avg Makespan: 303.21 | Actor Loss: -0.0031 | Critic Loss: 0.0353 | Grad Norm: 1.3522 | Clipped: 4/4
Epoch [3360/4000] | Avg Makespan: 300.44 | Actor Loss: -0.0018 | Critic Loss: 0.0919 | Grad Norm: 2.5910 | Clipped: 4/4
Epoch [3361/4000] | Avg Makespan: 315.27 | Actor Loss: -0.0032 | Critic Loss: 0.2787 | Grad Norm: 2.1006 | Clipped: 4/4
Epoch [3362/4000] | Avg Makespan: 311.51 | Actor Loss: -0.0020 | Critic Loss: 0.0731 | Grad Norm: 1.7802 | Clipped: 4/4
Epoch [3363/4000] | Avg Makespan: 301.98 | Actor Loss: -0.0025 | Critic Loss: 0.0685 | Grad Norm: 2.3810 | Clipped: 4/4
Epoch [3364/4000] | Avg Makespan: 313.64 | Actor Loss: -0.0032 | Critic Loss: 0.1399 | Grad Norm: 1.9931 | Clipped: 4/4
Epoch [3365/4000] | Avg Makespan: 303.78 | Actor Loss: -0.0026 | Critic Loss: 0.0882 | Grad Norm: 2.3641 | Clipped: 4/4
Epoch [3366/4000] | Avg Makespan: 298.85 | Actor Loss: -0.0037 | Critic Loss: 0.0775 | Grad Norm: 3.0796 | Clipped: 4/4
Epoch [3367/4000] | Avg Makespan: 306.49 | Actor Loss: -0.0021 | Critic Loss: 0.0388 | Grad Norm: 1.7680 | Clipped: 4/4
Epoch [3368/4000] | Avg Makespan: 301.43 | Actor Loss: -0.0033 | Critic Loss: 0.0597 | Grad Norm: 2.3634 | Clipped: 4/4
Epoch [3369/4000] | Avg Makespan: 309.38 | Actor Loss: -0.0032 | Critic Loss: 0.0482 | Grad Norm: 2.0028 | Clipped: 4/4
Epoch [3370/4000] | Avg Makespan: 303.25 | Actor Loss: -0.0013 | Critic Loss: 0.0985 | Grad Norm: 3.0620 | Clipped: 4/4
Epoch [3371/4000] | Avg Makespan: 313.84 | Actor Loss: -0.0027 | Critic Loss: 0.1186 | Grad Norm: 2.4628 | Clipped: 4/4
Epoch [3372/4000] | Avg Makespan: 302.34 | Actor Loss: -0.0034 | Critic Loss: 0.1332 | Grad Norm: 2.6907 | Clipped: 4/4
Epoch [3373/4000] | Avg Makespan: 300.67 | Actor Loss: -0.0051 | Critic Loss: 0.0261 | Grad Norm: 2.2965 | Clipped: 4/4
Epoch [3374/4000] | Avg Makespan: 302.98 | Actor Loss: -0.0034 | Critic Loss: 0.1803 | Grad Norm: 1.4821 | Clipped: 4/4
Epoch [3375/4000] | Avg Makespan: 311.45 | Actor Loss: -0.0038 | Critic Loss: 0.1600 | Grad Norm: 2.0785 | Clipped: 4/4
Epoch [3376/4000] | Avg Makespan: 304.84 | Actor Loss: -0.0023 | Critic Loss: 0.1019 | Grad Norm: 1.5080 | Clipped: 4/4
Epoch [3377/4000] | Avg Makespan: 307.50 | Actor Loss: -0.0031 | Critic Loss: 0.0746 | Grad Norm: 1.8291 | Clipped: 4/4
Epoch [3378/4000] | Avg Makespan: 311.91 | Actor Loss: -0.0030 | Critic Loss: 0.1052 | Grad Norm: 2.7605 | Clipped: 4/4
Epoch [3379/4000] | Avg Makespan: 306.98 | Actor Loss: -0.0044 | Critic Loss: 0.0461 | Grad Norm: 2.3949 | Clipped: 4/4
Epoch [3380/4000] | Avg Makespan: 309.49 | Actor Loss: -0.0020 | Critic Loss: 0.1232 | Grad Norm: 2.2727 | Clipped: 4/4
Epoch [3381/4000] | Avg Makespan: 309.02 | Actor Loss: -0.0022 | Critic Loss: 0.1193 | Grad Norm: 2.5560 | Clipped: 4/4
Epoch [3382/4000] | Avg Makespan: 313.01 | Actor Loss: -0.0035 | Critic Loss: 0.2411 | Grad Norm: 1.4676 | Clipped: 4/4
Epoch [3383/4000] | Avg Makespan: 313.28 | Actor Loss: -0.0035 | Critic Loss: 0.0625 | Grad Norm: 1.6258 | Clipped: 4/4
Epoch [3384/4000] | Avg Makespan: 313.46 | Actor Loss: -0.0046 | Critic Loss: 0.1626 | Grad Norm: 2.1880 | Clipped: 4/4
Epoch [3385/4000] | Avg Makespan: 305.78 | Actor Loss: -0.0024 | Critic Loss: 0.0539 | Grad Norm: 1.6732 | Clipped: 4/4
Epoch [3386/4000] | Avg Makespan: 315.18 | Actor Loss: -0.0026 | Critic Loss: 0.0813 | Grad Norm: 2.1047 | Clipped: 4/4
Epoch [3387/4000] | Avg Makespan: 321.56 | Actor Loss: -0.0015 | Critic Loss: 0.2036 | Grad Norm: 2.3301 | Clipped: 4/4
Epoch [3388/4000] | Avg Makespan: 316.50 | Actor Loss: -0.0031 | Critic Loss: 0.2138 | Grad Norm: 2.5884 | Clipped: 4/4
Epoch [3389/4000] | Avg Makespan: 315.11 | Actor Loss: -0.0019 | Critic Loss: 0.1839 | Grad Norm: 1.8962 | Clipped: 4/4
Epoch [3390/4000] | Avg Makespan: 321.47 | Actor Loss: -0.0036 | Critic Loss: 0.2186 | Grad Norm: 1.6298 | Clipped: 4/4
Epoch [3391/4000] | Avg Makespan: 324.98 | Actor Loss: -0.0031 | Critic Loss: 0.1524 | Grad Norm: 1.5242 | Clipped: 4/4
Epoch [3392/4000] | Avg Makespan: 309.21 | Actor Loss: -0.0014 | Critic Loss: 0.0786 | Grad Norm: 2.2903 | Clipped: 4/4
Epoch [3393/4000] | Avg Makespan: 318.33 | Actor Loss: -0.0052 | Critic Loss: 0.2780 | Grad Norm: 1.7564 | Clipped: 4/4
Epoch [3394/4000] | Avg Makespan: 319.40 | Actor Loss: -0.0025 | Critic Loss: 0.2467 | Grad Norm: 2.4028 | Clipped: 4/4
Epoch [3395/4000] | Avg Makespan: 312.24 | Actor Loss: -0.0024 | Critic Loss: 0.2580 | Grad Norm: 1.7792 | Clipped: 4/4
Epoch [3396/4000] | Avg Makespan: 312.22 | Actor Loss: -0.0054 | Critic Loss: 0.0376 | Grad Norm: 1.3249 | Clipped: 3/4
Epoch [3397/4000] | Avg Makespan: 310.27 | Actor Loss: -0.0026 | Critic Loss: 0.0804 | Grad Norm: 1.4771 | Clipped: 4/4
Epoch [3398/4000] | Avg Makespan: 317.53 | Actor Loss: -0.0049 | Critic Loss: 0.1841 | Grad Norm: 1.9470 | Clipped: 4/4
Epoch [3399/4000] | Avg Makespan: 304.55 | Actor Loss: -0.0029 | Critic Loss: 0.1340 | Grad Norm: 2.0076 | Clipped: 4/4
Epoch [3400/4000] | Avg Makespan: 317.36 | Actor Loss: -0.0025 | Critic Loss: 0.1601 | Grad Norm: 1.9014 | Clipped: 4/4
   -> Validation | Samples: 280 | Makespan: 435.09 | Invalid Jobs: 0.00 | Score: 435.09
   -> Saved updated training chart to /home/wei/Desktop/AMR-DFJSP/runs/20260825_013759_v10_F_s42/chart.png
Epoch [3401/4000] | Avg Makespan: 309.74 | Actor Loss: -0.0035 | Critic Loss: 0.0557 | Grad Norm: 1.8727 | Clipped: 4/4
Epoch [3402/4000] | Avg Makespan: 316.70 | Actor Loss: -0.0023 | Critic Loss: 0.2803 | Grad Norm: 2.0496 | Clipped: 4/4
Epoch [3403/4000] | Avg Makespan: 323.59 | Actor Loss: -0.0024 | Critic Loss: 0.1248 | Grad Norm: 2.5285 | Clipped: 4/4
Epoch [3404/4000] | Avg Makespan: 317.31 | Actor Loss: -0.0023 | Critic Loss: 0.3120 | Grad Norm: 3.4983 | Clipped: 4/4
Epoch [3405/4000] | Avg Makespan: 303.88 | Actor Loss: -0.0025 | Critic Loss: 0.1284 | Grad Norm: 1.9962 | Clipped: 4/4
Epoch [3406/4000] | Avg Makespan: 318.93 | Actor Loss: -0.0038 | Critic Loss: 0.4240 | Grad Norm: 2.2209 | Clipped: 4/4
Epoch [3407/4000] | Avg Makespan: 321.21 | Actor Loss: -0.0028 | Critic Loss: 0.3032 | Grad Norm: 3.4829 | Clipped: 4/4
Epoch [3408/4000] | Avg Makespan: 313.82 | Actor Loss: -0.0055 | Critic Loss: 0.0904 | Grad Norm: 1.8835 | Clipped: 4/4
Epoch [3409/4000] | Avg Makespan: 310.89 | Actor Loss: -0.0009 | Critic Loss: 0.2549 | Grad Norm: 2.7924 | Clipped: 4/4
Epoch [3410/4000] | Avg Makespan: 300.39 | Actor Loss: -0.0035 | Critic Loss: 0.0774 | Grad Norm: 2.1352 | Clipped: 4/4
Epoch [3411/4000] | Avg Makespan: 306.81 | Actor Loss: -0.0036 | Critic Loss: 0.0875 | Grad Norm: 2.1976 | Clipped: 4/4
Epoch [3412/4000] | Avg Makespan: 304.23 | Actor Loss: -0.0035 | Critic Loss: 0.1048 | Grad Norm: 1.7358 | Clipped: 4/4
Epoch [3413/4000] | Avg Makespan: 317.76 | Actor Loss: -0.0017 | Critic Loss: 0.1068 | Grad Norm: 2.0830 | Clipped: 4/4
Epoch [3414/4000] | Avg Makespan: 320.83 | Actor Loss: -0.0024 | Critic Loss: 0.3059 | Grad Norm: 2.4079 | Clipped: 4/4
Epoch [3415/4000] | Avg Makespan: 308.58 | Actor Loss: -0.0032 | Critic Loss: 0.0654 | Grad Norm: 2.4702 | Clipped: 4/4
Epoch [3416/4000] | Avg Makespan: 306.02 | Actor Loss: -0.0026 | Critic Loss: 0.0726 | Grad Norm: 2.1394 | Clipped: 4/4
Epoch [3417/4000] | Avg Makespan: 303.13 | Actor Loss: -0.0027 | Critic Loss: 0.1017 | Grad Norm: 1.8022 | Clipped: 4/4
Epoch [3418/4000] | Avg Makespan: 307.68 | Actor Loss: -0.0019 | Critic Loss: 0.1489 | Grad Norm: 3.8217 | Clipped: 4/4
Epoch [3419/4000] | Avg Makespan: 308.65 | Actor Loss: -0.0018 | Critic Loss: 0.0583 | Grad Norm: 1.9335 | Clipped: 4/4
Epoch [3420/4000] | Avg Makespan: 301.01 | Actor Loss: -0.0033 | Critic Loss: 0.0448 | Grad Norm: 1.9244 | Clipped: 4/4
Epoch [3421/4000] | Avg Makespan: 302.70 | Actor Loss: -0.0030 | Critic Loss: 0.1080 | Grad Norm: 2.0434 | Clipped: 4/4
Epoch [3422/4000] | Avg Makespan: 310.45 | Actor Loss: -0.0040 | Critic Loss: 0.1941 | Grad Norm: 1.5976 | Clipped: 4/4
Epoch [3423/4000] | Avg Makespan: 302.96 | Actor Loss: -0.0033 | Critic Loss: 0.0908 | Grad Norm: 2.8380 | Clipped: 4/4
Epoch [3424/4000] | Avg Makespan: 314.06 | Actor Loss: -0.0023 | Critic Loss: 0.1583 | Grad Norm: 2.4632 | Clipped: 4/4
Epoch [3425/4000] | Avg Makespan: 314.08 | Actor Loss: -0.0037 | Critic Loss: 0.1489 | Grad Norm: 2.3668 | Clipped: 4/4
Epoch [3426/4000] | Avg Makespan: 318.31 | Actor Loss: -0.0021 | Critic Loss: 0.4035 | Grad Norm: 2.7940 | Clipped: 4/4
Epoch [3427/4000] | Avg Makespan: 312.52 | Actor Loss: -0.0027 | Critic Loss: 0.2791 | Grad Norm: 2.4910 | Clipped: 4/4
Epoch [3428/4000] | Avg Makespan: 332.36 | Actor Loss: -0.0036 | Critic Loss: 0.7895 | Grad Norm: 2.0915 | Clipped: 4/4
Epoch [3429/4000] | Avg Makespan: 315.33 | Actor Loss: -0.0014 | Critic Loss: 0.1416 | Grad Norm: 2.5619 | Clipped: 4/4
Epoch [3430/4000] | Avg Makespan: 314.42 | Actor Loss: -0.0027 | Critic Loss: 0.2243 | Grad Norm: 2.8351 | Clipped: 4/4
Epoch [3431/4000] | Avg Makespan: 312.05 | Actor Loss: -0.0035 | Critic Loss: 0.1333 | Grad Norm: 2.6372 | Clipped: 4/4
Epoch [3432/4000] | Avg Makespan: 322.29 | Actor Loss: -0.0026 | Critic Loss: 0.1698 | Grad Norm: 2.8672 | Clipped: 4/4
Epoch [3433/4000] | Avg Makespan: 311.68 | Actor Loss: -0.0048 | Critic Loss: 0.3210 | Grad Norm: 2.3327 | Clipped: 4/4
Epoch [3434/4000] | Avg Makespan: 310.80 | Actor Loss: -0.0002 | Critic Loss: 0.1438 | Grad Norm: 3.0377 | Clipped: 4/4
Epoch [3435/4000] | Avg Makespan: 307.41 | Actor Loss: -0.0041 | Critic Loss: 0.0810 | Grad Norm: 2.3379 | Clipped: 4/4
Epoch [3436/4000] | Avg Makespan: 312.39 | Actor Loss: -0.0028 | Critic Loss: 0.1159 | Grad Norm: 3.2384 | Clipped: 4/4
Epoch [3437/4000] | Avg Makespan: 322.04 | Actor Loss: -0.0020 | Critic Loss: 0.2556 | Grad Norm: 3.3866 | Clipped: 4/4
Epoch [3438/4000] | Avg Makespan: 324.28 | Actor Loss: -0.0024 | Critic Loss: 0.1453 | Grad Norm: 2.1837 | Clipped: 4/4
Epoch [3439/4000] | Avg Makespan: 320.01 | Actor Loss: -0.0019 | Critic Loss: 0.4725 | Grad Norm: 3.7246 | Clipped: 4/4
Epoch [3440/4000] | Avg Makespan: 301.67 | Actor Loss: -0.0029 | Critic Loss: 0.1683 | Grad Norm: 2.7079 | Clipped: 4/4
Epoch [3441/4000] | Avg Makespan: 307.91 | Actor Loss: -0.0030 | Critic Loss: 0.1243 | Grad Norm: 2.6231 | Clipped: 4/4
Epoch [3442/4000] | Avg Makespan: 305.93 | Actor Loss: -0.0022 | Critic Loss: 0.1365 | Grad Norm: 2.9404 | Clipped: 4/4
Epoch [3443/4000] | Avg Makespan: 313.35 | Actor Loss: -0.0026 | Critic Loss: 0.1579 | Grad Norm: 2.8616 | Clipped: 4/4
Epoch [3444/4000] | Avg Makespan: 313.95 | Actor Loss: -0.0017 | Critic Loss: 0.1438 | Grad Norm: 3.3231 | Clipped: 4/4
Epoch [3445/4000] | Avg Makespan: 317.82 | Actor Loss: -0.0029 | Critic Loss: 0.0715 | Grad Norm: 2.6440 | Clipped: 4/4
Epoch [3446/4000] | Avg Makespan: 307.77 | Actor Loss: -0.0049 | Critic Loss: 0.0955 | Grad Norm: 2.5321 | Clipped: 4/4
Epoch [3447/4000] | Avg Makespan: 323.63 | Actor Loss: -0.0043 | Critic Loss: 0.4260 | Grad Norm: 2.6606 | Clipped: 4/4
Epoch [3448/4000] | Avg Makespan: 303.67 | Actor Loss: -0.0035 | Critic Loss: 0.0416 | Grad Norm: 1.5366 | Clipped: 4/4
Epoch [3449/4000] | Avg Makespan: 310.87 | Actor Loss: -0.0014 | Critic Loss: 0.1857 | Grad Norm: 1.8354 | Clipped: 4/4
Epoch [3450/4000] | Avg Makespan: 321.09 | Actor Loss: -0.0006 | Critic Loss: 0.2578 | Grad Norm: 2.8459 | Clipped: 4/4
Epoch [3451/4000] | Avg Makespan: 306.12 | Actor Loss: -0.0029 | Critic Loss: 0.1301 | Grad Norm: 2.8437 | Clipped: 4/4
Epoch [3452/4000] | Avg Makespan: 307.02 | Actor Loss: -0.0030 | Critic Loss: 0.1294 | Grad Norm: 2.6230 | Clipped: 4/4
Epoch [3453/4000] | Avg Makespan: 301.18 | Actor Loss: -0.0022 | Critic Loss: 0.1482 | Grad Norm: 2.6827 | Clipped: 4/4
Epoch [3454/4000] | Avg Makespan: 307.65 | Actor Loss: -0.0037 | Critic Loss: 0.0873 | Grad Norm: 2.4185 | Clipped: 4/4
Epoch [3455/4000] | Avg Makespan: 316.01 | Actor Loss: -0.0012 | Critic Loss: 0.2514 | Grad Norm: 3.3645 | Clipped: 4/4
Epoch [3456/4000] | Avg Makespan: 313.33 | Actor Loss: -0.0013 | Critic Loss: 0.1813 | Grad Norm: 3.7297 | Clipped: 4/4
Epoch [3457/4000] | Avg Makespan: 316.05 | Actor Loss: -0.0034 | Critic Loss: 0.1681 | Grad Norm: 3.5357 | Clipped: 4/4
Epoch [3458/4000] | Avg Makespan: 301.70 | Actor Loss: -0.0022 | Critic Loss: 0.1387 | Grad Norm: 2.7492 | Clipped: 4/4
Epoch [3459/4000] | Avg Makespan: 323.32 | Actor Loss: -0.0009 | Critic Loss: 0.2925 | Grad Norm: 3.0259 | Clipped: 4/4
Epoch [3460/4000] | Avg Makespan: 314.92 | Actor Loss: -0.0017 | Critic Loss: 0.2167 | Grad Norm: 3.7295 | Clipped: 4/4
Epoch [3461/4000] | Avg Makespan: 313.43 | Actor Loss: -0.0007 | Critic Loss: 0.0955 | Grad Norm: 3.6330 | Clipped: 4/4
Epoch [3462/4000] | Avg Makespan: 318.11 | Actor Loss: -0.0028 | Critic Loss: 0.0947 | Grad Norm: 3.5059 | Clipped: 4/4
Epoch [3463/4000] | Avg Makespan: 327.84 | Actor Loss: -0.0005 | Critic Loss: 0.5532 | Grad Norm: 4.8745 | Clipped: 4/4
Epoch [3464/4000] | Avg Makespan: 303.06 | Actor Loss: -0.0014 | Critic Loss: 0.1712 | Grad Norm: 3.8540 | Clipped: 4/4
Epoch [3465/4000] | Avg Makespan: 325.58 | Actor Loss: -0.0010 | Critic Loss: 0.6383 | Grad Norm: 2.5484 | Clipped: 4/4
Epoch [3466/4000] | Avg Makespan: 301.55 | Actor Loss: -0.0025 | Critic Loss: 0.0941 | Grad Norm: 2.9667 | Clipped: 4/4
Epoch [3467/4000] | Avg Makespan: 307.08 | Actor Loss: -0.0035 | Critic Loss: 0.1987 | Grad Norm: 3.2248 | Clipped: 4/4
Epoch [3468/4000] | Avg Makespan: 322.59 | Actor Loss: -0.0030 | Critic Loss: 0.7627 | Grad Norm: 2.1619 | Clipped: 4/4
Epoch [3469/4000] | Avg Makespan: 317.94 | Actor Loss: -0.0014 | Critic Loss: 0.2505 | Grad Norm: 3.2221 | Clipped: 4/4
Epoch [3470/4000] | Avg Makespan: 301.82 | Actor Loss: -0.0020 | Critic Loss: 0.0852 | Grad Norm: 2.1681 | Clipped: 4/4
Epoch [3471/4000] | Avg Makespan: 318.05 | Actor Loss: -0.0054 | Critic Loss: 0.3034 | Grad Norm: 2.6116 | Clipped: 4/4
Epoch [3472/4000] | Avg Makespan: 302.75 | Actor Loss: -0.0039 | Critic Loss: 0.2070 | Grad Norm: 2.7774 | Clipped: 4/4
Epoch [3473/4000] | Avg Makespan: 299.70 | Actor Loss: -0.0017 | Critic Loss: 0.0953 | Grad Norm: 2.2942 | Clipped: 4/4
Epoch [3474/4000] | Avg Makespan: 301.69 | Actor Loss: -0.0038 | Critic Loss: 0.0398 | Grad Norm: 2.2087 | Clipped: 4/4
Epoch [3475/4000] | Avg Makespan: 310.33 | Actor Loss: -0.0035 | Critic Loss: 0.1137 | Grad Norm: 1.7024 | Clipped: 4/4
Epoch [3476/4000] | Avg Makespan: 303.71 | Actor Loss: -0.0027 | Critic Loss: 0.1215 | Grad Norm: 2.3422 | Clipped: 4/4
Epoch [3477/4000] | Avg Makespan: 307.50 | Actor Loss: 0.0009 | Critic Loss: 0.0707 | Grad Norm: 4.2672 | Clipped: 4/4
Epoch [3478/4000] | Avg Makespan: 306.72 | Actor Loss: -0.0006 | Critic Loss: 0.0485 | Grad Norm: 3.6923 | Clipped: 4/4
Epoch [3479/4000] | Avg Makespan: 322.45 | Actor Loss: -0.0024 | Critic Loss: 0.2479 | Grad Norm: 3.1940 | Clipped: 4/4
Epoch [3480/4000] | Avg Makespan: 318.13 | Actor Loss: -0.0035 | Critic Loss: 0.1391 | Grad Norm: 2.8705 | Clipped: 4/4
Epoch [3481/4000] | Avg Makespan: 318.15 | Actor Loss: -0.0016 | Critic Loss: 0.3273 | Grad Norm: 2.3371 | Clipped: 4/4
Epoch [3482/4000] | Avg Makespan: 313.45 | Actor Loss: -0.0040 | Critic Loss: 0.1443 | Grad Norm: 3.2999 | Clipped: 4/4
Epoch [3483/4000] | Avg Makespan: 301.28 | Actor Loss: -0.0040 | Critic Loss: 0.2015 | Grad Norm: 3.4663 | Clipped: 4/4
Epoch [3484/4000] | Avg Makespan: 315.64 | Actor Loss: -0.0030 | Critic Loss: 0.0992 | Grad Norm: 2.7927 | Clipped: 4/4
Epoch [3485/4000] | Avg Makespan: 325.26 | Actor Loss: -0.0025 | Critic Loss: 0.1629 | Grad Norm: 2.6653 | Clipped: 4/4
Epoch [3486/4000] | Avg Makespan: 311.07 | Actor Loss: -0.0032 | Critic Loss: 0.2108 | Grad Norm: 2.4869 | Clipped: 4/4
Epoch [3487/4000] | Avg Makespan: 320.54 | Actor Loss: -0.0008 | Critic Loss: 0.3579 | Grad Norm: 2.9226 | Clipped: 4/4
Epoch [3488/4000] | Avg Makespan: 320.12 | Actor Loss: -0.0023 | Critic Loss: 0.2679 | Grad Norm: 3.3092 | Clipped: 4/4
Epoch [3489/4000] | Avg Makespan: 309.70 | Actor Loss: -0.0025 | Critic Loss: 0.3220 | Grad Norm: 4.2745 | Clipped: 4/4
Epoch [3490/4000] | Avg Makespan: 324.56 | Actor Loss: -0.0045 | Critic Loss: 0.3457 | Grad Norm: 3.4066 | Clipped: 4/4
Epoch [3491/4000] | Avg Makespan: 317.39 | Actor Loss: -0.0045 | Critic Loss: 0.2369 | Grad Norm: 1.7610 | Clipped: 4/4
Epoch [3492/4000] | Avg Makespan: 306.89 | Actor Loss: -0.0034 | Critic Loss: 0.1584 | Grad Norm: 2.5380 | Clipped: 4/4
Epoch [3493/4000] | Avg Makespan: 327.42 | Actor Loss: -0.0007 | Critic Loss: 0.2405 | Grad Norm: 3.8604 | Clipped: 4/4
Epoch [3494/4000] | Avg Makespan: 308.78 | Actor Loss: -0.0022 | Critic Loss: 0.0588 | Grad Norm: 3.4435 | Clipped: 4/4
Epoch [3495/4000] | Avg Makespan: 302.95 | Actor Loss: -0.0033 | Critic Loss: 0.0788 | Grad Norm: 2.3433 | Clipped: 4/4
Epoch [3496/4000] | Avg Makespan: 320.10 | Actor Loss: -0.0022 | Critic Loss: 0.2614 | Grad Norm: 3.7432 | Clipped: 4/4
Epoch [3497/4000] | Avg Makespan: 326.64 | Actor Loss: -0.0033 | Critic Loss: 0.3924 | Grad Norm: 3.4419 | Clipped: 4/4
Epoch [3498/4000] | Avg Makespan: 309.24 | Actor Loss: -0.0046 | Critic Loss: 0.0836 | Grad Norm: 2.5695 | Clipped: 4/4
Epoch [3499/4000] | Avg Makespan: 311.30 | Actor Loss: -0.0053 | Critic Loss: 0.1217 | Grad Norm: 1.7798 | Clipped: 4/4
Epoch [3500/4000] | Avg Makespan: 321.83 | Actor Loss: -0.0034 | Critic Loss: 0.2480 | Grad Norm: 1.6706 | Clipped: 4/4
   -> Validation | Samples: 280 | Makespan: 430.87 | Invalid Jobs: 0.00 | Score: 434.44
   -> Saved new best model (Val Psi-hat mean of last 5: 404.20; this eval 400.68)
   -> Saved updated training chart to /home/wei/Desktop/AMR-DFJSP/runs/20260825_013759_v10_F_s42/chart.png
Epoch [3501/4000] | Avg Makespan: 317.75 | Actor Loss: -0.0036 | Critic Loss: 0.8773 | Grad Norm: 2.2790 | Clipped: 4/4
Epoch [3502/4000] | Avg Makespan: 307.76 | Actor Loss: -0.0016 | Critic Loss: 0.1442 | Grad Norm: 2.1518 | Clipped: 4/4
Epoch [3503/4000] | Avg Makespan: 325.55 | Actor Loss: -0.0030 | Critic Loss: 0.4476 | Grad Norm: 2.6542 | Clipped: 4/4
Epoch [3504/4000] | Avg Makespan: 322.77 | Actor Loss: -0.0051 | Critic Loss: 0.2709 | Grad Norm: 2.4619 | Clipped: 4/4
Epoch [3505/4000] | Avg Makespan: 296.23 | Actor Loss: -0.0035 | Critic Loss: 0.1632 | Grad Norm: 2.1847 | Clipped: 4/4
Epoch [3506/4000] | Avg Makespan: 318.39 | Actor Loss: -0.0020 | Critic Loss: 0.4185 | Grad Norm: 2.2309 | Clipped: 4/4
Epoch [3507/4000] | Avg Makespan: 312.91 | Actor Loss: -0.0029 | Critic Loss: 0.1520 | Grad Norm: 2.4087 | Clipped: 4/4
Epoch [3508/4000] | Avg Makespan: 314.42 | Actor Loss: -0.0039 | Critic Loss: 0.0955 | Grad Norm: 2.4872 | Clipped: 4/4
Epoch [3509/4000] | Avg Makespan: 317.48 | Actor Loss: -0.0033 | Critic Loss: 0.1406 | Grad Norm: 2.1588 | Clipped: 4/4
Epoch [3510/4000] | Avg Makespan: 313.19 | Actor Loss: -0.0006 | Critic Loss: 0.1626 | Grad Norm: 3.2138 | Clipped: 4/4
Epoch [3511/4000] | Avg Makespan: 299.59 | Actor Loss: -0.0034 | Critic Loss: 0.0695 | Grad Norm: 2.6641 | Clipped: 4/4
Epoch [3512/4000] | Avg Makespan: 310.78 | Actor Loss: -0.0042 | Critic Loss: 0.4749 | Grad Norm: 2.6892 | Clipped: 4/4
Epoch [3513/4000] | Avg Makespan: 315.22 | Actor Loss: -0.0030 | Critic Loss: 0.1696 | Grad Norm: 2.5189 | Clipped: 4/4
Epoch [3514/4000] | Avg Makespan: 300.80 | Actor Loss: -0.0042 | Critic Loss: 0.0396 | Grad Norm: 3.0155 | Clipped: 4/4
Epoch [3515/4000] | Avg Makespan: 309.74 | Actor Loss: -0.0042 | Critic Loss: 0.1187 | Grad Norm: 2.3038 | Clipped: 4/4
Epoch [3516/4000] | Avg Makespan: 320.07 | Actor Loss: -0.0040 | Critic Loss: 0.3858 | Grad Norm: 2.4507 | Clipped: 4/4
Epoch [3517/4000] | Avg Makespan: 307.93 | Actor Loss: -0.0017 | Critic Loss: 0.0387 | Grad Norm: 3.0725 | Clipped: 4/4
Epoch [3518/4000] | Avg Makespan: 311.93 | Actor Loss: -0.0026 | Critic Loss: 0.0869 | Grad Norm: 3.0176 | Clipped: 4/4
Epoch [3519/4000] | Avg Makespan: 336.45 | Actor Loss: -0.0025 | Critic Loss: 0.5500 | Grad Norm: 2.8964 | Clipped: 4/4
Epoch [3520/4000] | Avg Makespan: 318.12 | Actor Loss: -0.0025 | Critic Loss: 0.4065 | Grad Norm: 2.5385 | Clipped: 4/4
Epoch [3521/4000] | Avg Makespan: 304.55 | Actor Loss: -0.0033 | Critic Loss: 0.0944 | Grad Norm: 2.6578 | Clipped: 4/4
Epoch [3522/4000] | Avg Makespan: 298.07 | Actor Loss: -0.0026 | Critic Loss: 0.2426 | Grad Norm: 3.2445 | Clipped: 4/4
Epoch [3523/4000] | Avg Makespan: 307.65 | Actor Loss: -0.0018 | Critic Loss: 0.0842 | Grad Norm: 2.4969 | Clipped: 4/4
Epoch [3524/4000] | Avg Makespan: 310.20 | Actor Loss: -0.0028 | Critic Loss: 0.1506 | Grad Norm: 3.2315 | Clipped: 4/4
Epoch [3525/4000] | Avg Makespan: 307.42 | Actor Loss: -0.0015 | Critic Loss: 0.1245 | Grad Norm: 2.2022 | Clipped: 4/4
Epoch [3526/4000] | Avg Makespan: 324.01 | Actor Loss: -0.0039 | Critic Loss: 0.2936 | Grad Norm: 2.3668 | Clipped: 4/4
Epoch [3527/4000] | Avg Makespan: 312.95 | Actor Loss: -0.0037 | Critic Loss: 0.0929 | Grad Norm: 2.6164 | Clipped: 4/4
Epoch [3528/4000] | Avg Makespan: 305.17 | Actor Loss: -0.0012 | Critic Loss: 0.0948 | Grad Norm: 2.2314 | Clipped: 4/4
Epoch [3529/4000] | Avg Makespan: 314.05 | Actor Loss: -0.0020 | Critic Loss: 0.0602 | Grad Norm: 2.6366 | Clipped: 4/4
Epoch [3530/4000] | Avg Makespan: 321.72 | Actor Loss: -0.0022 | Critic Loss: 0.3024 | Grad Norm: 2.9875 | Clipped: 4/4
Epoch [3531/4000] | Avg Makespan: 301.46 | Actor Loss: -0.0035 | Critic Loss: 0.1829 | Grad Norm: 2.7817 | Clipped: 4/4
Epoch [3532/4000] | Avg Makespan: 305.47 | Actor Loss: -0.0002 | Critic Loss: 0.1297 | Grad Norm: 3.2302 | Clipped: 4/4
Epoch [3533/4000] | Avg Makespan: 311.56 | Actor Loss: -0.0027 | Critic Loss: 0.0713 | Grad Norm: 3.0433 | Clipped: 4/4
Epoch [3534/4000] | Avg Makespan: 314.61 | Actor Loss: -0.0037 | Critic Loss: 0.2570 | Grad Norm: 2.4008 | Clipped: 4/4
Epoch [3535/4000] | Avg Makespan: 317.95 | Actor Loss: -0.0032 | Critic Loss: 0.2547 | Grad Norm: 2.6067 | Clipped: 4/4
Epoch [3536/4000] | Avg Makespan: 317.25 | Actor Loss: -0.0024 | Critic Loss: 0.9142 | Grad Norm: 2.2449 | Clipped: 4/4
Epoch [3537/4000] | Avg Makespan: 316.59 | Actor Loss: -0.0012 | Critic Loss: 0.0724 | Grad Norm: 3.7946 | Clipped: 4/4
Epoch [3538/4000] | Avg Makespan: 311.86 | Actor Loss: -0.0054 | Critic Loss: 0.0434 | Grad Norm: 3.1649 | Clipped: 4/4
Epoch [3539/4000] | Avg Makespan: 303.49 | Actor Loss: -0.0016 | Critic Loss: 0.1598 | Grad Norm: 3.0538 | Clipped: 4/4
Epoch [3540/4000] | Avg Makespan: 318.61 | Actor Loss: -0.0025 | Critic Loss: 0.1109 | Grad Norm: 3.2536 | Clipped: 4/4
Epoch [3541/4000] | Avg Makespan: 304.13 | Actor Loss: -0.0018 | Critic Loss: 0.1756 | Grad Norm: 4.0085 | Clipped: 4/4
Epoch [3542/4000] | Avg Makespan: 312.16 | Actor Loss: -0.0040 | Critic Loss: 0.0765 | Grad Norm: 2.3800 | Clipped: 4/4
Epoch [3543/4000] | Avg Makespan: 317.54 | Actor Loss: -0.0040 | Critic Loss: 0.1991 | Grad Norm: 1.8110 | Clipped: 4/4
Epoch [3544/4000] | Avg Makespan: 314.58 | Actor Loss: -0.0022 | Critic Loss: 0.0774 | Grad Norm: 2.9054 | Clipped: 4/4
Epoch [3545/4000] | Avg Makespan: 309.19 | Actor Loss: -0.0020 | Critic Loss: 0.0601 | Grad Norm: 2.7551 | Clipped: 4/4
Epoch [3546/4000] | Avg Makespan: 309.59 | Actor Loss: -0.0023 | Critic Loss: 0.0577 | Grad Norm: 2.4003 | Clipped: 4/4
Epoch [3547/4000] | Avg Makespan: 326.76 | Actor Loss: -0.0052 | Critic Loss: 0.2830 | Grad Norm: 3.3201 | Clipped: 4/4
Epoch [3548/4000] | Avg Makespan: 306.62 | Actor Loss: -0.0008 | Critic Loss: 0.0818 | Grad Norm: 3.6675 | Clipped: 4/4
Epoch [3549/4000] | Avg Makespan: 316.64 | Actor Loss: -0.0030 | Critic Loss: 0.4458 | Grad Norm: 2.7906 | Clipped: 4/4
Epoch [3550/4000] | Avg Makespan: 304.52 | Actor Loss: 0.0009 | Critic Loss: 0.1289 | Grad Norm: 5.7488 | Clipped: 4/4
Epoch [3551/4000] | Avg Makespan: 330.51 | Actor Loss: -0.0031 | Critic Loss: 0.3759 | Grad Norm: 3.2690 | Clipped: 4/4
Epoch [3552/4000] | Avg Makespan: 315.75 | Actor Loss: -0.0017 | Critic Loss: 0.1269 | Grad Norm: 3.0847 | Clipped: 4/4
Epoch [3553/4000] | Avg Makespan: 314.32 | Actor Loss: -0.0034 | Critic Loss: 0.3186 | Grad Norm: 3.5151 | Clipped: 4/4
Epoch [3554/4000] | Avg Makespan: 312.66 | Actor Loss: -0.0029 | Critic Loss: 0.1308 | Grad Norm: 2.2857 | Clipped: 4/4
Epoch [3555/4000] | Avg Makespan: 304.83 | Actor Loss: -0.0042 | Critic Loss: 0.0563 | Grad Norm: 2.8715 | Clipped: 4/4
Epoch [3556/4000] | Avg Makespan: 310.03 | Actor Loss: -0.0028 | Critic Loss: 0.1295 | Grad Norm: 1.9932 | Clipped: 4/4
Epoch [3557/4000] | Avg Makespan: 315.92 | Actor Loss: -0.0008 | Critic Loss: 0.1430 | Grad Norm: 3.5202 | Clipped: 4/4
Epoch [3558/4000] | Avg Makespan: 305.66 | Actor Loss: -0.0028 | Critic Loss: 0.0447 | Grad Norm: 1.6716 | Clipped: 4/4
Epoch [3559/4000] | Avg Makespan: 316.51 | Actor Loss: -0.0038 | Critic Loss: 0.1142 | Grad Norm: 2.8165 | Clipped: 4/4
Epoch [3560/4000] | Avg Makespan: 314.31 | Actor Loss: -0.0018 | Critic Loss: 0.0912 | Grad Norm: 2.4392 | Clipped: 4/4
Epoch [3561/4000] | Avg Makespan: 294.71 | Actor Loss: -0.0024 | Critic Loss: 0.1507 | Grad Norm: 2.3320 | Clipped: 4/4
Epoch [3562/4000] | Avg Makespan: 300.24 | Actor Loss: -0.0031 | Critic Loss: 0.0656 | Grad Norm: 3.8378 | Clipped: 4/4
Epoch [3563/4000] | Avg Makespan: 302.18 | Actor Loss: -0.0037 | Critic Loss: 0.0732 | Grad Norm: 2.5704 | Clipped: 4/4
Epoch [3564/4000] | Avg Makespan: 329.71 | Actor Loss: -0.0040 | Critic Loss: 0.4452 | Grad Norm: 3.1977 | Clipped: 4/4
Epoch [3565/4000] | Avg Makespan: 310.10 | Actor Loss: -0.0033 | Critic Loss: 0.1441 | Grad Norm: 2.5067 | Clipped: 4/4
Epoch [3566/4000] | Avg Makespan: 309.26 | Actor Loss: -0.0043 | Critic Loss: 0.1216 | Grad Norm: 2.4089 | Clipped: 4/4
Epoch [3567/4000] | Avg Makespan: 323.00 | Actor Loss: -0.0041 | Critic Loss: 0.2543 | Grad Norm: 2.1467 | Clipped: 4/4
Epoch [3568/4000] | Avg Makespan: 325.87 | Actor Loss: -0.0021 | Critic Loss: 0.6211 | Grad Norm: 2.8687 | Clipped: 4/4
Epoch [3569/4000] | Avg Makespan: 308.41 | Actor Loss: -0.0012 | Critic Loss: 0.1433 | Grad Norm: 3.9916 | Clipped: 4/4
Epoch [3570/4000] | Avg Makespan: 307.73 | Actor Loss: -0.0027 | Critic Loss: 0.1508 | Grad Norm: 1.8468 | Clipped: 4/4
Epoch [3571/4000] | Avg Makespan: 313.79 | Actor Loss: -0.0036 | Critic Loss: 0.4399 | Grad Norm: 3.0072 | Clipped: 4/4
Epoch [3572/4000] | Avg Makespan: 304.56 | Actor Loss: -0.0019 | Critic Loss: 0.1324 | Grad Norm: 3.8857 | Clipped: 4/4
Epoch [3573/4000] | Avg Makespan: 320.84 | Actor Loss: -0.0025 | Critic Loss: 0.2530 | Grad Norm: 2.5093 | Clipped: 4/4
Epoch [3574/4000] | Avg Makespan: 299.78 | Actor Loss: -0.0030 | Critic Loss: 0.1089 | Grad Norm: 3.2275 | Clipped: 4/4
Epoch [3575/4000] | Avg Makespan: 320.89 | Actor Loss: -0.0016 | Critic Loss: 0.2179 | Grad Norm: 2.7832 | Clipped: 4/4
Epoch [3576/4000] | Avg Makespan: 316.95 | Actor Loss: -0.0030 | Critic Loss: 0.2023 | Grad Norm: 2.4197 | Clipped: 4/4
Epoch [3577/4000] | Avg Makespan: 305.74 | Actor Loss: -0.0020 | Critic Loss: 0.0520 | Grad Norm: 2.8533 | Clipped: 4/4
Epoch [3578/4000] | Avg Makespan: 311.36 | Actor Loss: -0.0030 | Critic Loss: 0.1241 | Grad Norm: 5.3893 | Clipped: 4/4
Epoch [3579/4000] | Avg Makespan: 318.35 | Actor Loss: -0.0039 | Critic Loss: 0.2655 | Grad Norm: 3.2592 | Clipped: 4/4
Epoch [3580/4000] | Avg Makespan: 309.65 | Actor Loss: -0.0014 | Critic Loss: 0.2009 | Grad Norm: 5.7229 | Clipped: 4/4
Epoch [3581/4000] | Avg Makespan: 316.30 | Actor Loss: -0.0044 | Critic Loss: 0.1052 | Grad Norm: 2.0722 | Clipped: 4/4
Epoch [3582/4000] | Avg Makespan: 306.44 | Actor Loss: -0.0039 | Critic Loss: 0.2545 | Grad Norm: 2.4933 | Clipped: 4/4
Epoch [3583/4000] | Avg Makespan: 310.28 | Actor Loss: -0.0012 | Critic Loss: 0.2465 | Grad Norm: 3.0042 | Clipped: 4/4
Epoch [3584/4000] | Avg Makespan: 334.78 | Actor Loss: -0.0018 | Critic Loss: 0.3972 | Grad Norm: 3.8684 | Clipped: 4/4
Epoch [3585/4000] | Avg Makespan: 313.55 | Actor Loss: -0.0030 | Critic Loss: 0.0799 | Grad Norm: 2.9505 | Clipped: 4/4
Epoch [3586/4000] | Avg Makespan: 318.19 | Actor Loss: -0.0021 | Critic Loss: 0.1579 | Grad Norm: 2.9088 | Clipped: 4/4
Epoch [3587/4000] | Avg Makespan: 301.92 | Actor Loss: -0.0032 | Critic Loss: 0.1022 | Grad Norm: 1.8827 | Clipped: 4/4
Epoch [3588/4000] | Avg Makespan: 325.81 | Actor Loss: -0.0023 | Critic Loss: 0.5148 | Grad Norm: 2.4584 | Clipped: 4/4
Epoch [3589/4000] | Avg Makespan: 309.62 | Actor Loss: -0.0021 | Critic Loss: 0.1003 | Grad Norm: 3.0731 | Clipped: 4/4
Epoch [3590/4000] | Avg Makespan: 301.80 | Actor Loss: -0.0016 | Critic Loss: 0.0602 | Grad Norm: 2.5798 | Clipped: 4/4
Epoch [3591/4000] | Avg Makespan: 317.67 | Actor Loss: -0.0030 | Critic Loss: 0.1277 | Grad Norm: 2.0135 | Clipped: 4/4
Epoch [3592/4000] | Avg Makespan: 325.47 | Actor Loss: -0.0023 | Critic Loss: 0.1818 | Grad Norm: 2.7980 | Clipped: 4/4
Epoch [3593/4000] | Avg Makespan: 314.27 | Actor Loss: -0.0030 | Critic Loss: 0.1070 | Grad Norm: 2.7810 | Clipped: 4/4
Epoch [3594/4000] | Avg Makespan: 308.99 | Actor Loss: -0.0027 | Critic Loss: 0.0565 | Grad Norm: 1.6664 | Clipped: 4/4
Epoch [3595/4000] | Avg Makespan: 308.14 | Actor Loss: -0.0055 | Critic Loss: 0.0481 | Grad Norm: 3.8451 | Clipped: 4/4
Epoch [3596/4000] | Avg Makespan: 311.27 | Actor Loss: -0.0016 | Critic Loss: 0.1903 | Grad Norm: 2.8153 | Clipped: 4/4
Epoch [3597/4000] | Avg Makespan: 311.80 | Actor Loss: -0.0023 | Critic Loss: 0.1577 | Grad Norm: 2.8703 | Clipped: 4/4
Epoch [3598/4000] | Avg Makespan: 304.61 | Actor Loss: -0.0035 | Critic Loss: 0.0634 | Grad Norm: 2.0410 | Clipped: 4/4
Epoch [3599/4000] | Avg Makespan: 306.48 | Actor Loss: -0.0021 | Critic Loss: 0.0663 | Grad Norm: 2.7892 | Clipped: 4/4
Epoch [3600/4000] | Avg Makespan: 297.43 | Actor Loss: -0.0033 | Critic Loss: 0.1435 | Grad Norm: 3.9373 | Clipped: 4/4
   -> Validation | Samples: 280 | Makespan: 435.29 | Invalid Jobs: 0.00 | Score: 435.29
   -> Saved new best model (Val Psi-hat mean of last 5: 402.86; this eval 404.43)
   -> Saved updated training chart to /home/wei/Desktop/AMR-DFJSP/runs/20260825_013759_v10_F_s42/chart.png
Epoch [3601/4000] | Avg Makespan: 302.27 | Actor Loss: -0.0032 | Critic Loss: 0.0578 | Grad Norm: 1.5731 | Clipped: 4/4
Epoch [3602/4000] | Avg Makespan: 306.80 | Actor Loss: -0.0032 | Critic Loss: 0.1440 | Grad Norm: 2.4757 | Clipped: 4/4
Epoch [3603/4000] | Avg Makespan: 320.96 | Actor Loss: -0.0026 | Critic Loss: 0.2958 | Grad Norm: 2.0924 | Clipped: 4/4
Epoch [3604/4000] | Avg Makespan: 308.27 | Actor Loss: -0.0004 | Critic Loss: 0.1333 | Grad Norm: 2.7823 | Clipped: 4/4
Epoch [3605/4000] | Avg Makespan: 308.63 | Actor Loss: -0.0027 | Critic Loss: 0.1311 | Grad Norm: 2.2412 | Clipped: 4/4
Epoch [3606/4000] | Avg Makespan: 321.63 | Actor Loss: -0.0021 | Critic Loss: 0.1100 | Grad Norm: 2.9613 | Clipped: 4/4
Epoch [3607/4000] | Avg Makespan: 305.53 | Actor Loss: -0.0023 | Critic Loss: 0.0456 | Grad Norm: 2.5530 | Clipped: 4/4
Epoch [3608/4000] | Avg Makespan: 302.57 | Actor Loss: -0.0020 | Critic Loss: 0.1534 | Grad Norm: 3.1548 | Clipped: 4/4
Epoch [3609/4000] | Avg Makespan: 315.48 | Actor Loss: -0.0041 | Critic Loss: 0.5055 | Grad Norm: 3.1133 | Clipped: 4/4
Epoch [3610/4000] | Avg Makespan: 318.14 | Actor Loss: -0.0028 | Critic Loss: 0.2389 | Grad Norm: 2.6123 | Clipped: 4/4
Epoch [3611/4000] | Avg Makespan: 316.84 | Actor Loss: -0.0029 | Critic Loss: 0.3264 | Grad Norm: 2.0813 | Clipped: 4/4
Epoch [3612/4000] | Avg Makespan: 301.80 | Actor Loss: -0.0035 | Critic Loss: 0.1394 | Grad Norm: 3.0266 | Clipped: 4/4
Epoch [3613/4000] | Avg Makespan: 312.29 | Actor Loss: -0.0031 | Critic Loss: 0.1692 | Grad Norm: 2.2058 | Clipped: 4/4
Epoch [3614/4000] | Avg Makespan: 334.81 | Actor Loss: -0.0033 | Critic Loss: 0.2535 | Grad Norm: 3.3920 | Clipped: 4/4
Epoch [3615/4000] | Avg Makespan: 304.47 | Actor Loss: -0.0040 | Critic Loss: 0.2035 | Grad Norm: 2.1981 | Clipped: 4/4
Epoch [3616/4000] | Avg Makespan: 316.19 | Actor Loss: -0.0019 | Critic Loss: 0.1426 | Grad Norm: 4.3202 | Clipped: 4/4
Epoch [3617/4000] | Avg Makespan: 301.54 | Actor Loss: -0.0028 | Critic Loss: 0.0729 | Grad Norm: 2.9812 | Clipped: 4/4
Epoch [3618/4000] | Avg Makespan: 327.31 | Actor Loss: -0.0021 | Critic Loss: 0.3238 | Grad Norm: 3.2561 | Clipped: 4/4
Epoch [3619/4000] | Avg Makespan: 304.73 | Actor Loss: -0.0020 | Critic Loss: 0.1246 | Grad Norm: 2.8920 | Clipped: 4/4
Epoch [3620/4000] | Avg Makespan: 297.76 | Actor Loss: -0.0034 | Critic Loss: 0.1114 | Grad Norm: 3.5682 | Clipped: 4/4
Epoch [3621/4000] | Avg Makespan: 313.60 | Actor Loss: -0.0020 | Critic Loss: 0.1557 | Grad Norm: 4.3823 | Clipped: 4/4
Epoch [3622/4000] | Avg Makespan: 307.52 | Actor Loss: -0.0031 | Critic Loss: 0.0762 | Grad Norm: 2.0262 | Clipped: 4/4
Epoch [3623/4000] | Avg Makespan: 310.65 | Actor Loss: -0.0031 | Critic Loss: 0.0925 | Grad Norm: 2.5108 | Clipped: 4/4
Epoch [3624/4000] | Avg Makespan: 308.27 | Actor Loss: -0.0012 | Critic Loss: 0.1967 | Grad Norm: 3.1256 | Clipped: 4/4
Epoch [3625/4000] | Avg Makespan: 300.06 | Actor Loss: -0.0038 | Critic Loss: 0.0951 | Grad Norm: 2.9319 | Clipped: 4/4
Epoch [3626/4000] | Avg Makespan: 329.45 | Actor Loss: -0.0036 | Critic Loss: 0.2831 | Grad Norm: 2.9138 | Clipped: 4/4
Epoch [3627/4000] | Avg Makespan: 318.95 | Actor Loss: -0.0028 | Critic Loss: 0.0891 | Grad Norm: 2.3324 | Clipped: 4/4
Epoch [3628/4000] | Avg Makespan: 316.88 | Actor Loss: -0.0028 | Critic Loss: 0.2003 | Grad Norm: 3.2136 | Clipped: 4/4
Epoch [3629/4000] | Avg Makespan: 312.69 | Actor Loss: -0.0016 | Critic Loss: 0.1768 | Grad Norm: 3.1863 | Clipped: 4/4
Epoch [3630/4000] | Avg Makespan: 300.66 | Actor Loss: -0.0028 | Critic Loss: 0.1745 | Grad Norm: 2.9013 | Clipped: 4/4
Epoch [3631/4000] | Avg Makespan: 307.39 | Actor Loss: -0.0025 | Critic Loss: 0.1796 | Grad Norm: 2.6450 | Clipped: 4/4
Epoch [3632/4000] | Avg Makespan: 295.48 | Actor Loss: -0.0029 | Critic Loss: 0.2364 | Grad Norm: 2.2788 | Clipped: 4/4
Epoch [3633/4000] | Avg Makespan: 309.94 | Actor Loss: -0.0041 | Critic Loss: 0.1443 | Grad Norm: 3.2665 | Clipped: 4/4
Epoch [3634/4000] | Avg Makespan: 306.87 | Actor Loss: -0.0013 | Critic Loss: 0.1730 | Grad Norm: 2.5441 | Clipped: 4/4
Epoch [3635/4000] | Avg Makespan: 298.21 | Actor Loss: -0.0035 | Critic Loss: 0.0402 | Grad Norm: 4.0779 | Clipped: 4/4
Epoch [3636/4000] | Avg Makespan: 303.30 | Actor Loss: -0.0032 | Critic Loss: 0.2104 | Grad Norm: 2.1802 | Clipped: 4/4
Epoch [3637/4000] | Avg Makespan: 305.34 | Actor Loss: -0.0031 | Critic Loss: 0.1021 | Grad Norm: 1.9696 | Clipped: 4/4
Epoch [3638/4000] | Avg Makespan: 314.72 | Actor Loss: -0.0022 | Critic Loss: 0.4510 | Grad Norm: 2.2962 | Clipped: 4/4
Epoch [3639/4000] | Avg Makespan: 313.68 | Actor Loss: -0.0042 | Critic Loss: 0.3563 | Grad Norm: 2.3320 | Clipped: 4/4
Epoch [3640/4000] | Avg Makespan: 305.87 | Actor Loss: -0.0034 | Critic Loss: 0.1045 | Grad Norm: 3.0441 | Clipped: 4/4
Epoch [3641/4000] | Avg Makespan: 316.80 | Actor Loss: -0.0041 | Critic Loss: 0.1128 | Grad Norm: 2.9753 | Clipped: 4/4
Epoch [3642/4000] | Avg Makespan: 310.38 | Actor Loss: -0.0003 | Critic Loss: 0.1201 | Grad Norm: 4.4421 | Clipped: 4/4
Epoch [3643/4000] | Avg Makespan: 313.12 | Actor Loss: -0.0015 | Critic Loss: 0.0872 | Grad Norm: 2.7629 | Clipped: 4/4
Epoch [3644/4000] | Avg Makespan: 312.92 | Actor Loss: -0.0029 | Critic Loss: 0.0766 | Grad Norm: 2.8809 | Clipped: 4/4
Epoch [3645/4000] | Avg Makespan: 300.03 | Actor Loss: -0.0025 | Critic Loss: 0.1214 | Grad Norm: 2.5882 | Clipped: 4/4
Epoch [3646/4000] | Avg Makespan: 312.49 | Actor Loss: -0.0029 | Critic Loss: 0.1362 | Grad Norm: 2.6416 | Clipped: 4/4
Epoch [3647/4000] | Avg Makespan: 324.82 | Actor Loss: -0.0027 | Critic Loss: 0.3597 | Grad Norm: 2.6164 | Clipped: 4/4
Epoch [3648/4000] | Avg Makespan: 306.61 | Actor Loss: -0.0025 | Critic Loss: 0.0458 | Grad Norm: 2.7391 | Clipped: 4/4
Epoch [3649/4000] | Avg Makespan: 313.55 | Actor Loss: -0.0033 | Critic Loss: 0.1303 | Grad Norm: 2.5104 | Clipped: 4/4
Epoch [3650/4000] | Avg Makespan: 297.33 | Actor Loss: -0.0021 | Critic Loss: 0.1304 | Grad Norm: 2.0465 | Clipped: 4/4
Epoch [3651/4000] | Avg Makespan: 310.36 | Actor Loss: -0.0029 | Critic Loss: 0.1485 | Grad Norm: 1.7984 | Clipped: 4/4
Epoch [3652/4000] | Avg Makespan: 300.42 | Actor Loss: -0.0020 | Critic Loss: 0.0965 | Grad Norm: 2.7878 | Clipped: 4/4
Epoch [3653/4000] | Avg Makespan: 307.09 | Actor Loss: -0.0022 | Critic Loss: 0.1761 | Grad Norm: 2.2261 | Clipped: 4/4
Epoch [3654/4000] | Avg Makespan: 313.20 | Actor Loss: -0.0028 | Critic Loss: 0.2251 | Grad Norm: 1.7778 | Clipped: 4/4
Epoch [3655/4000] | Avg Makespan: 315.00 | Actor Loss: -0.0015 | Critic Loss: 0.2016 | Grad Norm: 2.3238 | Clipped: 4/4
Epoch [3656/4000] | Avg Makespan: 298.17 | Actor Loss: -0.0019 | Critic Loss: 0.0743 | Grad Norm: 2.8317 | Clipped: 4/4
Epoch [3657/4000] | Avg Makespan: 311.68 | Actor Loss: -0.0020 | Critic Loss: 0.2640 | Grad Norm: 2.4001 | Clipped: 4/4
Epoch [3658/4000] | Avg Makespan: 311.03 | Actor Loss: -0.0030 | Critic Loss: 0.4861 | Grad Norm: 1.7936 | Clipped: 4/4
Epoch [3659/4000] | Avg Makespan: 317.75 | Actor Loss: -0.0031 | Critic Loss: 0.5209 | Grad Norm: 3.2566 | Clipped: 4/4
Epoch [3660/4000] | Avg Makespan: 312.67 | Actor Loss: -0.0054 | Critic Loss: 0.1930 | Grad Norm: 2.2044 | Clipped: 4/4
Epoch [3661/4000] | Avg Makespan: 297.32 | Actor Loss: -0.0019 | Critic Loss: 0.0964 | Grad Norm: 3.1118 | Clipped: 4/4
Epoch [3662/4000] | Avg Makespan: 298.54 | Actor Loss: -0.0027 | Critic Loss: 0.0576 | Grad Norm: 1.9332 | Clipped: 4/4
Epoch [3663/4000] | Avg Makespan: 309.91 | Actor Loss: -0.0029 | Critic Loss: 0.2889 | Grad Norm: 2.4354 | Clipped: 4/4
Epoch [3664/4000] | Avg Makespan: 307.25 | Actor Loss: -0.0037 | Critic Loss: 0.1175 | Grad Norm: 1.5941 | Clipped: 4/4
Epoch [3665/4000] | Avg Makespan: 318.70 | Actor Loss: -0.0027 | Critic Loss: 0.1117 | Grad Norm: 2.6572 | Clipped: 4/4
Epoch [3666/4000] | Avg Makespan: 303.53 | Actor Loss: -0.0032 | Critic Loss: 0.0821 | Grad Norm: 2.5650 | Clipped: 4/4
Epoch [3667/4000] | Avg Makespan: 298.90 | Actor Loss: -0.0012 | Critic Loss: 0.1403 | Grad Norm: 2.3905 | Clipped: 4/4
Epoch [3668/4000] | Avg Makespan: 296.86 | Actor Loss: -0.0025 | Critic Loss: 0.0966 | Grad Norm: 2.1393 | Clipped: 4/4
Epoch [3669/4000] | Avg Makespan: 312.71 | Actor Loss: -0.0028 | Critic Loss: 0.1567 | Grad Norm: 3.0086 | Clipped: 4/4
Epoch [3670/4000] | Avg Makespan: 296.46 | Actor Loss: -0.0028 | Critic Loss: 0.0258 | Grad Norm: 2.6885 | Clipped: 4/4
Epoch [3671/4000] | Avg Makespan: 302.46 | Actor Loss: -0.0021 | Critic Loss: 0.0560 | Grad Norm: 2.5561 | Clipped: 4/4
Epoch [3672/4000] | Avg Makespan: 306.31 | Actor Loss: -0.0023 | Critic Loss: 0.1634 | Grad Norm: 3.0863 | Clipped: 4/4
Epoch [3673/4000] | Avg Makespan: 305.90 | Actor Loss: -0.0029 | Critic Loss: 0.2021 | Grad Norm: 2.6164 | Clipped: 4/4
Epoch [3674/4000] | Avg Makespan: 302.04 | Actor Loss: -0.0029 | Critic Loss: 0.0637 | Grad Norm: 1.9277 | Clipped: 4/4
Epoch [3675/4000] | Avg Makespan: 311.77 | Actor Loss: -0.0037 | Critic Loss: 0.1778 | Grad Norm: 2.0418 | Clipped: 4/4
Epoch [3676/4000] | Avg Makespan: 297.74 | Actor Loss: -0.0015 | Critic Loss: 0.0515 | Grad Norm: 2.1723 | Clipped: 4/4
Epoch [3677/4000] | Avg Makespan: 299.02 | Actor Loss: -0.0030 | Critic Loss: 0.0446 | Grad Norm: 1.9713 | Clipped: 4/4
Epoch [3678/4000] | Avg Makespan: 298.33 | Actor Loss: -0.0033 | Critic Loss: 0.0733 | Grad Norm: 2.0511 | Clipped: 4/4
Epoch [3679/4000] | Avg Makespan: 310.04 | Actor Loss: -0.0028 | Critic Loss: 0.2226 | Grad Norm: 2.4654 | Clipped: 4/4
Epoch [3680/4000] | Avg Makespan: 318.42 | Actor Loss: -0.0033 | Critic Loss: 0.3228 | Grad Norm: 2.4837 | Clipped: 4/4
Epoch [3681/4000] | Avg Makespan: 310.72 | Actor Loss: -0.0021 | Critic Loss: 0.2729 | Grad Norm: 2.7837 | Clipped: 4/4
Epoch [3682/4000] | Avg Makespan: 312.22 | Actor Loss: -0.0043 | Critic Loss: 0.2852 | Grad Norm: 2.5587 | Clipped: 4/4
Epoch [3683/4000] | Avg Makespan: 299.23 | Actor Loss: -0.0033 | Critic Loss: 0.1003 | Grad Norm: 2.0707 | Clipped: 4/4
Epoch [3684/4000] | Avg Makespan: 298.72 | Actor Loss: -0.0027 | Critic Loss: 0.0916 | Grad Norm: 2.0910 | Clipped: 4/4
Epoch [3685/4000] | Avg Makespan: 293.03 | Actor Loss: -0.0016 | Critic Loss: 0.0769 | Grad Norm: 2.1608 | Clipped: 4/4
Epoch [3686/4000] | Avg Makespan: 310.19 | Actor Loss: -0.0021 | Critic Loss: 0.2126 | Grad Norm: 2.0634 | Clipped: 4/4
Epoch [3687/4000] | Avg Makespan: 302.33 | Actor Loss: -0.0028 | Critic Loss: 0.1616 | Grad Norm: 1.4816 | Clipped: 4/4
Epoch [3688/4000] | Avg Makespan: 310.14 | Actor Loss: -0.0015 | Critic Loss: 0.1734 | Grad Norm: 2.2941 | Clipped: 4/4
Epoch [3689/4000] | Avg Makespan: 311.13 | Actor Loss: -0.0014 | Critic Loss: 0.2384 | Grad Norm: 3.4892 | Clipped: 4/4
Epoch [3690/4000] | Avg Makespan: 310.21 | Actor Loss: -0.0029 | Critic Loss: 0.3721 | Grad Norm: 3.0153 | Clipped: 4/4
Epoch [3691/4000] | Avg Makespan: 291.45 | Actor Loss: -0.0007 | Critic Loss: 0.1432 | Grad Norm: 2.7804 | Clipped: 4/4
Epoch [3692/4000] | Avg Makespan: 312.19 | Actor Loss: -0.0033 | Critic Loss: 0.2456 | Grad Norm: 2.6261 | Clipped: 4/4
Epoch [3693/4000] | Avg Makespan: 314.05 | Actor Loss: -0.0023 | Critic Loss: 0.2823 | Grad Norm: 1.6107 | Clipped: 4/4
Epoch [3694/4000] | Avg Makespan: 315.28 | Actor Loss: -0.0027 | Critic Loss: 0.2811 | Grad Norm: 3.0243 | Clipped: 4/4
Epoch [3695/4000] | Avg Makespan: 311.73 | Actor Loss: -0.0028 | Critic Loss: 0.1766 | Grad Norm: 2.9298 | Clipped: 4/4
Epoch [3696/4000] | Avg Makespan: 306.56 | Actor Loss: -0.0034 | Critic Loss: 0.1603 | Grad Norm: 2.2037 | Clipped: 4/4
Epoch [3697/4000] | Avg Makespan: 303.90 | Actor Loss: -0.0025 | Critic Loss: 0.2146 | Grad Norm: 1.7891 | Clipped: 4/4
Epoch [3698/4000] | Avg Makespan: 302.35 | Actor Loss: -0.0021 | Critic Loss: 0.0836 | Grad Norm: 2.6289 | Clipped: 4/4
Epoch [3699/4000] | Avg Makespan: 298.19 | Actor Loss: -0.0033 | Critic Loss: 0.0693 | Grad Norm: 2.5535 | Clipped: 4/4
Epoch [3700/4000] | Avg Makespan: 296.16 | Actor Loss: -0.0027 | Critic Loss: 0.0950 | Grad Norm: 1.7634 | Clipped: 4/4
   -> Validation | Samples: 280 | Makespan: 426.26 | Invalid Jobs: 0.00 | Score: 429.83
   -> Saved new best model (Val Score mean of last 5: 437.81; this eval 429.83)
   -> Saved new best model (Val Psi-hat mean of last 5: 399.68; this eval 394.30)
   -> Saved updated training chart to /home/wei/Desktop/AMR-DFJSP/runs/20260825_013759_v10_F_s42/chart.png
Epoch [3701/4000] | Avg Makespan: 297.13 | Actor Loss: -0.0033 | Critic Loss: 0.0755 | Grad Norm: 2.3763 | Clipped: 4/4
Epoch [3702/4000] | Avg Makespan: 321.05 | Actor Loss: -0.0021 | Critic Loss: 0.5229 | Grad Norm: 2.5858 | Clipped: 4/4
Epoch [3703/4000] | Avg Makespan: 298.10 | Actor Loss: -0.0032 | Critic Loss: 0.0491 | Grad Norm: 2.7065 | Clipped: 4/4
Epoch [3704/4000] | Avg Makespan: 311.33 | Actor Loss: -0.0031 | Critic Loss: 0.2196 | Grad Norm: 2.7054 | Clipped: 4/4
Epoch [3705/4000] | Avg Makespan: 313.80 | Actor Loss: -0.0013 | Critic Loss: 0.2114 | Grad Norm: 2.1450 | Clipped: 4/4
Epoch [3706/4000] | Avg Makespan: 313.17 | Actor Loss: -0.0021 | Critic Loss: 0.1269 | Grad Norm: 3.0167 | Clipped: 4/4
Epoch [3707/4000] | Avg Makespan: 311.39 | Actor Loss: -0.0032 | Critic Loss: 0.3713 | Grad Norm: 1.7397 | Clipped: 4/4
Epoch [3708/4000] | Avg Makespan: 301.23 | Actor Loss: -0.0034 | Critic Loss: 0.1918 | Grad Norm: 2.1307 | Clipped: 4/4
Epoch [3709/4000] | Avg Makespan: 306.72 | Actor Loss: -0.0011 | Critic Loss: 0.1012 | Grad Norm: 2.8244 | Clipped: 4/4
Epoch [3710/4000] | Avg Makespan: 310.58 | Actor Loss: -0.0030 | Critic Loss: 0.1075 | Grad Norm: 2.6512 | Clipped: 4/4
Epoch [3711/4000] | Avg Makespan: 307.01 | Actor Loss: -0.0042 | Critic Loss: 0.4006 | Grad Norm: 1.6962 | Clipped: 4/4
Epoch [3712/4000] | Avg Makespan: 306.39 | Actor Loss: -0.0020 | Critic Loss: 0.2073 | Grad Norm: 3.4079 | Clipped: 4/4
Epoch [3713/4000] | Avg Makespan: 306.79 | Actor Loss: -0.0015 | Critic Loss: 0.0757 | Grad Norm: 2.2790 | Clipped: 4/4
Epoch [3714/4000] | Avg Makespan: 305.62 | Actor Loss: -0.0031 | Critic Loss: 0.1286 | Grad Norm: 2.7531 | Clipped: 4/4
Epoch [3715/4000] | Avg Makespan: 305.83 | Actor Loss: -0.0024 | Critic Loss: 0.0954 | Grad Norm: 2.1716 | Clipped: 4/4
Epoch [3716/4000] | Avg Makespan: 317.50 | Actor Loss: -0.0038 | Critic Loss: 0.3738 | Grad Norm: 2.5358 | Clipped: 4/4
Epoch [3717/4000] | Avg Makespan: 305.15 | Actor Loss: -0.0041 | Critic Loss: 0.1553 | Grad Norm: 2.7963 | Clipped: 4/4
Epoch [3718/4000] | Avg Makespan: 297.04 | Actor Loss: -0.0016 | Critic Loss: 0.1318 | Grad Norm: 3.1174 | Clipped: 4/4
Epoch [3719/4000] | Avg Makespan: 319.66 | Actor Loss: -0.0036 | Critic Loss: 0.2067 | Grad Norm: 3.2588 | Clipped: 4/4
Epoch [3720/4000] | Avg Makespan: 306.20 | Actor Loss: -0.0022 | Critic Loss: 0.0702 | Grad Norm: 2.1990 | Clipped: 4/4
Epoch [3721/4000] | Avg Makespan: 305.93 | Actor Loss: -0.0015 | Critic Loss: 0.1568 | Grad Norm: 3.0027 | Clipped: 4/4
Epoch [3722/4000] | Avg Makespan: 335.28 | Actor Loss: -0.0026 | Critic Loss: 0.6632 | Grad Norm: 1.9835 | Clipped: 4/4
Epoch [3723/4000] | Avg Makespan: 315.77 | Actor Loss: -0.0029 | Critic Loss: 0.2853 | Grad Norm: 2.2793 | Clipped: 4/4
Epoch [3724/4000] | Avg Makespan: 312.51 | Actor Loss: -0.0034 | Critic Loss: 0.2199 | Grad Norm: 2.2970 | Clipped: 4/4
Epoch [3725/4000] | Avg Makespan: 303.51 | Actor Loss: -0.0014 | Critic Loss: 0.2149 | Grad Norm: 2.0629 | Clipped: 4/4
Epoch [3726/4000] | Avg Makespan: 319.19 | Actor Loss: -0.0003 | Critic Loss: 0.1909 | Grad Norm: 2.4811 | Clipped: 4/4
Epoch [3727/4000] | Avg Makespan: 321.39 | Actor Loss: -0.0026 | Critic Loss: 0.3369 | Grad Norm: 2.4013 | Clipped: 4/4
Epoch [3728/4000] | Avg Makespan: 321.45 | Actor Loss: -0.0025 | Critic Loss: 0.3174 | Grad Norm: 2.5361 | Clipped: 4/4
Epoch [3729/4000] | Avg Makespan: 302.57 | Actor Loss: -0.0024 | Critic Loss: 0.1548 | Grad Norm: 2.5667 | Clipped: 4/4
Epoch [3730/4000] | Avg Makespan: 302.37 | Actor Loss: -0.0021 | Critic Loss: 0.2259 | Grad Norm: 2.8730 | Clipped: 4/4
Epoch [3731/4000] | Avg Makespan: 325.50 | Actor Loss: -0.0033 | Critic Loss: 0.8473 | Grad Norm: 2.1304 | Clipped: 4/4
Epoch [3732/4000] | Avg Makespan: 306.87 | Actor Loss: -0.0046 | Critic Loss: 0.4329 | Grad Norm: 2.4661 | Clipped: 4/4
Epoch [3733/4000] | Avg Makespan: 307.44 | Actor Loss: -0.0030 | Critic Loss: 0.1392 | Grad Norm: 1.9677 | Clipped: 4/4
Epoch [3734/4000] | Avg Makespan: 312.16 | Actor Loss: -0.0009 | Critic Loss: 0.3562 | Grad Norm: 1.7129 | Clipped: 4/4
Epoch [3735/4000] | Avg Makespan: 306.41 | Actor Loss: -0.0034 | Critic Loss: 0.1640 | Grad Norm: 2.1017 | Clipped: 4/4
Epoch [3736/4000] | Avg Makespan: 307.28 | Actor Loss: -0.0039 | Critic Loss: 0.3194 | Grad Norm: 2.2167 | Clipped: 4/4
Epoch [3737/4000] | Avg Makespan: 302.04 | Actor Loss: -0.0020 | Critic Loss: 0.1364 | Grad Norm: 1.7628 | Clipped: 4/4
Epoch [3738/4000] | Avg Makespan: 292.38 | Actor Loss: -0.0024 | Critic Loss: 0.1103 | Grad Norm: 1.9203 | Clipped: 4/4
Epoch [3739/4000] | Avg Makespan: 299.38 | Actor Loss: 0.0002 | Critic Loss: 0.0948 | Grad Norm: 3.4074 | Clipped: 4/4
Epoch [3740/4000] | Avg Makespan: 315.64 | Actor Loss: -0.0030 | Critic Loss: 0.5777 | Grad Norm: 2.7030 | Clipped: 4/4
Epoch [3741/4000] | Avg Makespan: 318.05 | Actor Loss: -0.0023 | Critic Loss: 0.4022 | Grad Norm: 2.8369 | Clipped: 4/4
Epoch [3742/4000] | Avg Makespan: 296.80 | Actor Loss: -0.0040 | Critic Loss: 0.1383 | Grad Norm: 2.7617 | Clipped: 4/4
Epoch [3743/4000] | Avg Makespan: 310.96 | Actor Loss: -0.0058 | Critic Loss: 0.1012 | Grad Norm: 2.6548 | Clipped: 4/4
Epoch [3744/4000] | Avg Makespan: 293.81 | Actor Loss: -0.0013 | Critic Loss: 0.0531 | Grad Norm: 2.0224 | Clipped: 4/4
Epoch [3745/4000] | Avg Makespan: 308.19 | Actor Loss: -0.0043 | Critic Loss: 0.1227 | Grad Norm: 1.9642 | Clipped: 4/4
Epoch [3746/4000] | Avg Makespan: 297.49 | Actor Loss: -0.0024 | Critic Loss: 0.1366 | Grad Norm: 2.0113 | Clipped: 4/4
Epoch [3747/4000] | Avg Makespan: 300.50 | Actor Loss: -0.0053 | Critic Loss: 0.0722 | Grad Norm: 2.5118 | Clipped: 4/4
Epoch [3748/4000] | Avg Makespan: 314.33 | Actor Loss: -0.0029 | Critic Loss: 0.2514 | Grad Norm: 2.0613 | Clipped: 4/4
Epoch [3749/4000] | Avg Makespan: 290.75 | Actor Loss: -0.0023 | Critic Loss: 0.1304 | Grad Norm: 2.2944 | Clipped: 4/4
Epoch [3750/4000] | Avg Makespan: 295.27 | Actor Loss: -0.0026 | Critic Loss: 0.0513 | Grad Norm: 1.9285 | Clipped: 4/4
Epoch [3751/4000] | Avg Makespan: 307.20 | Actor Loss: -0.0022 | Critic Loss: 0.2903 | Grad Norm: 1.4266 | Clipped: 4/4
Epoch [3752/4000] | Avg Makespan: 296.63 | Actor Loss: -0.0025 | Critic Loss: 0.0527 | Grad Norm: 2.7708 | Clipped: 4/4
Epoch [3753/4000] | Avg Makespan: 299.87 | Actor Loss: -0.0021 | Critic Loss: 0.0712 | Grad Norm: 1.9649 | Clipped: 4/4
Epoch [3754/4000] | Avg Makespan: 303.51 | Actor Loss: -0.0037 | Critic Loss: 0.0826 | Grad Norm: 2.4720 | Clipped: 4/4
Epoch [3755/4000] | Avg Makespan: 302.33 | Actor Loss: -0.0012 | Critic Loss: 0.1637 | Grad Norm: 3.2054 | Clipped: 4/4
Epoch [3756/4000] | Avg Makespan: 299.92 | Actor Loss: -0.0023 | Critic Loss: 0.1716 | Grad Norm: 2.5855 | Clipped: 4/4
Epoch [3757/4000] | Avg Makespan: 313.05 | Actor Loss: -0.0030 | Critic Loss: 0.3961 | Grad Norm: 2.3321 | Clipped: 4/4
Epoch [3758/4000] | Avg Makespan: 315.81 | Actor Loss: -0.0025 | Critic Loss: 0.1604 | Grad Norm: 2.4081 | Clipped: 4/4
Epoch [3759/4000] | Avg Makespan: 306.25 | Actor Loss: -0.0020 | Critic Loss: 0.1916 | Grad Norm: 2.1199 | Clipped: 4/4
Epoch [3760/4000] | Avg Makespan: 323.43 | Actor Loss: -0.0013 | Critic Loss: 0.4816 | Grad Norm: 3.6978 | Clipped: 4/4
Epoch [3761/4000] | Avg Makespan: 304.15 | Actor Loss: -0.0023 | Critic Loss: 0.1214 | Grad Norm: 2.4987 | Clipped: 4/4
Epoch [3762/4000] | Avg Makespan: 301.13 | Actor Loss: -0.0021 | Critic Loss: 0.1134 | Grad Norm: 2.5468 | Clipped: 4/4
Epoch [3763/4000] | Avg Makespan: 295.29 | Actor Loss: -0.0034 | Critic Loss: 0.0789 | Grad Norm: 1.8109 | Clipped: 4/4
Epoch [3764/4000] | Avg Makespan: 301.36 | Actor Loss: -0.0018 | Critic Loss: 0.0911 | Grad Norm: 1.8039 | Clipped: 4/4
Epoch [3765/4000] | Avg Makespan: 304.88 | Actor Loss: -0.0028 | Critic Loss: 0.1650 | Grad Norm: 2.1200 | Clipped: 4/4
Epoch [3766/4000] | Avg Makespan: 303.02 | Actor Loss: -0.0034 | Critic Loss: 0.1578 | Grad Norm: 2.6239 | Clipped: 4/4
Epoch [3767/4000] | Avg Makespan: 325.65 | Actor Loss: -0.0014 | Critic Loss: 0.6940 | Grad Norm: 3.0409 | Clipped: 4/4
Epoch [3768/4000] | Avg Makespan: 302.54 | Actor Loss: -0.0021 | Critic Loss: 0.1169 | Grad Norm: 2.2877 | Clipped: 4/4
Epoch [3769/4000] | Avg Makespan: 319.30 | Actor Loss: -0.0027 | Critic Loss: 0.2541 | Grad Norm: 2.4229 | Clipped: 4/4
Epoch [3770/4000] | Avg Makespan: 300.40 | Actor Loss: -0.0040 | Critic Loss: 0.1154 | Grad Norm: 2.4370 | Clipped: 4/4
Epoch [3771/4000] | Avg Makespan: 307.54 | Actor Loss: -0.0019 | Critic Loss: 0.1081 | Grad Norm: 2.0574 | Clipped: 4/4
Epoch [3772/4000] | Avg Makespan: 296.30 | Actor Loss: -0.0022 | Critic Loss: 0.1151 | Grad Norm: 2.9102 | Clipped: 4/4
Epoch [3773/4000] | Avg Makespan: 298.92 | Actor Loss: -0.0049 | Critic Loss: 0.1105 | Grad Norm: 2.6226 | Clipped: 4/4
Epoch [3774/4000] | Avg Makespan: 316.77 | Actor Loss: -0.0020 | Critic Loss: 0.1497 | Grad Norm: 2.2231 | Clipped: 4/4
Epoch [3775/4000] | Avg Makespan: 301.67 | Actor Loss: -0.0015 | Critic Loss: 0.0820 | Grad Norm: 2.0495 | Clipped: 4/4
Epoch [3776/4000] | Avg Makespan: 303.83 | Actor Loss: -0.0022 | Critic Loss: 0.2616 | Grad Norm: 2.5301 | Clipped: 4/4
Epoch [3777/4000] | Avg Makespan: 302.25 | Actor Loss: -0.0045 | Critic Loss: 0.1320 | Grad Norm: 1.8460 | Clipped: 4/4
Epoch [3778/4000] | Avg Makespan: 318.93 | Actor Loss: -0.0031 | Critic Loss: 0.1357 | Grad Norm: 2.1762 | Clipped: 4/4
Epoch [3779/4000] | Avg Makespan: 309.06 | Actor Loss: -0.0030 | Critic Loss: 0.1203 | Grad Norm: 3.0746 | Clipped: 4/4
Epoch [3780/4000] | Avg Makespan: 301.88 | Actor Loss: -0.0019 | Critic Loss: 0.1021 | Grad Norm: 2.2657 | Clipped: 4/4
Epoch [3781/4000] | Avg Makespan: 304.03 | Actor Loss: -0.0034 | Critic Loss: 0.1560 | Grad Norm: 1.8450 | Clipped: 4/4
Epoch [3782/4000] | Avg Makespan: 311.44 | Actor Loss: 0.0000 | Critic Loss: 0.2845 | Grad Norm: 2.9531 | Clipped: 4/4
Epoch [3783/4000] | Avg Makespan: 308.54 | Actor Loss: -0.0022 | Critic Loss: 0.0473 | Grad Norm: 1.9800 | Clipped: 4/4
Epoch [3784/4000] | Avg Makespan: 299.48 | Actor Loss: -0.0010 | Critic Loss: 0.0503 | Grad Norm: 2.1660 | Clipped: 4/4
Epoch [3785/4000] | Avg Makespan: 308.96 | Actor Loss: -0.0024 | Critic Loss: 0.1823 | Grad Norm: 1.8226 | Clipped: 4/4
Epoch [3786/4000] | Avg Makespan: 304.85 | Actor Loss: -0.0021 | Critic Loss: 0.0604 | Grad Norm: 2.2424 | Clipped: 4/4
Epoch [3787/4000] | Avg Makespan: 307.20 | Actor Loss: -0.0015 | Critic Loss: 0.0268 | Grad Norm: 2.0045 | Clipped: 4/4
Epoch [3788/4000] | Avg Makespan: 297.60 | Actor Loss: -0.0051 | Critic Loss: 0.0769 | Grad Norm: 2.6895 | Clipped: 4/4
Epoch [3789/4000] | Avg Makespan: 328.71 | Actor Loss: -0.0012 | Critic Loss: 0.7282 | Grad Norm: 2.4475 | Clipped: 4/4
Epoch [3790/4000] | Avg Makespan: 300.99 | Actor Loss: -0.0027 | Critic Loss: 0.0944 | Grad Norm: 2.7665 | Clipped: 4/4
Epoch [3791/4000] | Avg Makespan: 295.85 | Actor Loss: -0.0015 | Critic Loss: 0.0776 | Grad Norm: 3.0733 | Clipped: 4/4
Epoch [3792/4000] | Avg Makespan: 299.87 | Actor Loss: -0.0026 | Critic Loss: 0.1931 | Grad Norm: 1.3632 | Clipped: 4/4
Epoch [3793/4000] | Avg Makespan: 311.01 | Actor Loss: -0.0011 | Critic Loss: 0.2583 | Grad Norm: 2.4884 | Clipped: 4/4
Epoch [3794/4000] | Avg Makespan: 297.93 | Actor Loss: -0.0022 | Critic Loss: 0.0525 | Grad Norm: 1.6348 | Clipped: 4/4
Epoch [3795/4000] | Avg Makespan: 307.15 | Actor Loss: -0.0027 | Critic Loss: 0.0674 | Grad Norm: 1.8221 | Clipped: 3/4
Epoch [3796/4000] | Avg Makespan: 314.49 | Actor Loss: -0.0014 | Critic Loss: 0.1689 | Grad Norm: 2.0299 | Clipped: 4/4
Epoch [3797/4000] | Avg Makespan: 311.64 | Actor Loss: -0.0029 | Critic Loss: 0.1506 | Grad Norm: 1.4212 | Clipped: 4/4
Epoch [3798/4000] | Avg Makespan: 298.70 | Actor Loss: -0.0023 | Critic Loss: 0.1375 | Grad Norm: 1.5103 | Clipped: 4/4
Epoch [3799/4000] | Avg Makespan: 315.86 | Actor Loss: -0.0027 | Critic Loss: 0.4015 | Grad Norm: 3.4259 | Clipped: 4/4
Epoch [3800/4000] | Avg Makespan: 299.03 | Actor Loss: -0.0028 | Critic Loss: 0.0932 | Grad Norm: 1.7403 | Clipped: 4/4
   -> Validation | Samples: 280 | Makespan: 426.13 | Invalid Jobs: 0.01 | Score: 436.84
   -> Saved new best model (Val Score mean of last 5: 434.30; this eval 436.84)
   -> Saved new best model (Val Psi-hat mean of last 5: 398.86; this eval 391.42)
   -> Saved updated training chart to /home/wei/Desktop/AMR-DFJSP/runs/20260825_013759_v10_F_s42/chart.png
Epoch [3801/4000] | Avg Makespan: 306.64 | Actor Loss: -0.0037 | Critic Loss: 0.0524 | Grad Norm: 1.9318 | Clipped: 4/4
Epoch [3802/4000] | Avg Makespan: 320.55 | Actor Loss: -0.0021 | Critic Loss: 0.5292 | Grad Norm: 2.1943 | Clipped: 4/4
Epoch [3803/4000] | Avg Makespan: 287.57 | Actor Loss: -0.0012 | Critic Loss: 0.2214 | Grad Norm: 2.2690 | Clipped: 4/4
Epoch [3804/4000] | Avg Makespan: 310.72 | Actor Loss: -0.0024 | Critic Loss: 0.1615 | Grad Norm: 1.7460 | Clipped: 4/4
Epoch [3805/4000] | Avg Makespan: 307.28 | Actor Loss: -0.0022 | Critic Loss: 0.1175 | Grad Norm: 2.0103 | Clipped: 4/4
Epoch [3806/4000] | Avg Makespan: 311.36 | Actor Loss: -0.0035 | Critic Loss: 0.2893 | Grad Norm: 3.7281 | Clipped: 4/4
Epoch [3807/4000] | Avg Makespan: 304.01 | Actor Loss: -0.0014 | Critic Loss: 0.1535 | Grad Norm: 2.4477 | Clipped: 4/4
Epoch [3808/4000] | Avg Makespan: 308.91 | Actor Loss: -0.0033 | Critic Loss: 0.0454 | Grad Norm: 1.9039 | Clipped: 4/4
Epoch [3809/4000] | Avg Makespan: 297.38 | Actor Loss: -0.0031 | Critic Loss: 0.0994 | Grad Norm: 2.3766 | Clipped: 4/4
Epoch [3810/4000] | Avg Makespan: 310.11 | Actor Loss: -0.0012 | Critic Loss: 0.2037 | Grad Norm: 1.9100 | Clipped: 4/4
Epoch [3811/4000] | Avg Makespan: 303.40 | Actor Loss: -0.0019 | Critic Loss: 0.0903 | Grad Norm: 2.3395 | Clipped: 4/4
Epoch [3812/4000] | Avg Makespan: 304.26 | Actor Loss: -0.0027 | Critic Loss: 0.0889 | Grad Norm: 1.6544 | Clipped: 4/4
Epoch [3813/4000] | Avg Makespan: 311.98 | Actor Loss: -0.0021 | Critic Loss: 0.1334 | Grad Norm: 2.1791 | Clipped: 4/4
Epoch [3814/4000] | Avg Makespan: 314.83 | Actor Loss: -0.0042 | Critic Loss: 0.1464 | Grad Norm: 2.5598 | Clipped: 4/4
Epoch [3815/4000] | Avg Makespan: 301.11 | Actor Loss: -0.0021 | Critic Loss: 0.1376 | Grad Norm: 1.9009 | Clipped: 4/4
Epoch [3816/4000] | Avg Makespan: 307.95 | Actor Loss: -0.0032 | Critic Loss: 0.4114 | Grad Norm: 2.0800 | Clipped: 4/4
Epoch [3817/4000] | Avg Makespan: 315.43 | Actor Loss: -0.0017 | Critic Loss: 0.3967 | Grad Norm: 1.3378 | Clipped: 4/4
Epoch [3818/4000] | Avg Makespan: 305.09 | Actor Loss: -0.0031 | Critic Loss: 0.2765 | Grad Norm: 1.7951 | Clipped: 4/4
Epoch [3819/4000] | Avg Makespan: 298.20 | Actor Loss: -0.0017 | Critic Loss: 0.1430 | Grad Norm: 1.7017 | Clipped: 4/4
Epoch [3820/4000] | Avg Makespan: 308.14 | Actor Loss: -0.0028 | Critic Loss: 0.0929 | Grad Norm: 2.1445 | Clipped: 4/4
Epoch [3821/4000] | Avg Makespan: 310.16 | Actor Loss: -0.0027 | Critic Loss: 0.3848 | Grad Norm: 1.9635 | Clipped: 4/4
Epoch [3822/4000] | Avg Makespan: 299.85 | Actor Loss: -0.0014 | Critic Loss: 0.1352 | Grad Norm: 1.7996 | Clipped: 4/4
Epoch [3823/4000] | Avg Makespan: 297.67 | Actor Loss: -0.0024 | Critic Loss: 0.0778 | Grad Norm: 1.9223 | Clipped: 4/4
Epoch [3824/4000] | Avg Makespan: 309.03 | Actor Loss: -0.0023 | Critic Loss: 0.2814 | Grad Norm: 1.9104 | Clipped: 4/4
Epoch [3825/4000] | Avg Makespan: 318.29 | Actor Loss: -0.0015 | Critic Loss: 0.3213 | Grad Norm: 1.9211 | Clipped: 4/4
Epoch [3826/4000] | Avg Makespan: 300.33 | Actor Loss: -0.0020 | Critic Loss: 0.0341 | Grad Norm: 2.1405 | Clipped: 4/4
Epoch [3827/4000] | Avg Makespan: 301.69 | Actor Loss: -0.0026 | Critic Loss: 0.1395 | Grad Norm: 1.6986 | Clipped: 4/4
Epoch [3828/4000] | Avg Makespan: 310.09 | Actor Loss: -0.0014 | Critic Loss: 0.0623 | Grad Norm: 2.0901 | Clipped: 4/4
Epoch [3829/4000] | Avg Makespan: 301.22 | Actor Loss: -0.0010 | Critic Loss: 0.1271 | Grad Norm: 2.1331 | Clipped: 4/4
Epoch [3830/4000] | Avg Makespan: 310.11 | Actor Loss: -0.0031 | Critic Loss: 0.1185 | Grad Norm: 1.8186 | Clipped: 4/4
Epoch [3831/4000] | Avg Makespan: 319.07 | Actor Loss: -0.0019 | Critic Loss: 0.3924 | Grad Norm: 2.3821 | Clipped: 4/4
Epoch [3832/4000] | Avg Makespan: 295.63 | Actor Loss: -0.0031 | Critic Loss: 0.0724 | Grad Norm: 1.5702 | Clipped: 4/4
Epoch [3833/4000] | Avg Makespan: 294.70 | Actor Loss: -0.0030 | Critic Loss: 0.0853 | Grad Norm: 1.8925 | Clipped: 4/4
Epoch [3834/4000] | Avg Makespan: 311.01 | Actor Loss: -0.0011 | Critic Loss: 0.3146 | Grad Norm: 1.8624 | Clipped: 4/4
Epoch [3835/4000] | Avg Makespan: 313.79 | Actor Loss: -0.0011 | Critic Loss: 0.3204 | Grad Norm: 2.8814 | Clipped: 4/4
Epoch [3836/4000] | Avg Makespan: 308.11 | Actor Loss: -0.0024 | Critic Loss: 0.2560 | Grad Norm: 1.7565 | Clipped: 4/4
Epoch [3837/4000] | Avg Makespan: 309.01 | Actor Loss: -0.0027 | Critic Loss: 0.0898 | Grad Norm: 1.7962 | Clipped: 4/4
Epoch [3838/4000] | Avg Makespan: 307.79 | Actor Loss: -0.0034 | Critic Loss: 0.1283 | Grad Norm: 2.1847 | Clipped: 4/4
Epoch [3839/4000] | Avg Makespan: 321.45 | Actor Loss: -0.0012 | Critic Loss: 0.2410 | Grad Norm: 2.0640 | Clipped: 4/4
Epoch [3840/4000] | Avg Makespan: 313.99 | Actor Loss: -0.0025 | Critic Loss: 0.4644 | Grad Norm: 1.8770 | Clipped: 4/4
Epoch [3841/4000] | Avg Makespan: 329.08 | Actor Loss: -0.0019 | Critic Loss: 0.3005 | Grad Norm: 2.3334 | Clipped: 4/4
Epoch [3842/4000] | Avg Makespan: 306.87 | Actor Loss: -0.0026 | Critic Loss: 0.4376 | Grad Norm: 1.9773 | Clipped: 4/4
Epoch [3843/4000] | Avg Makespan: 298.38 | Actor Loss: -0.0027 | Critic Loss: 0.3117 | Grad Norm: 2.1437 | Clipped: 4/4
Epoch [3844/4000] | Avg Makespan: 305.75 | Actor Loss: -0.0031 | Critic Loss: 0.1093 | Grad Norm: 1.9849 | Clipped: 4/4
Epoch [3845/4000] | Avg Makespan: 298.82 | Actor Loss: -0.0026 | Critic Loss: 0.1043 | Grad Norm: 2.8984 | Clipped: 4/4
Epoch [3846/4000] | Avg Makespan: 313.77 | Actor Loss: -0.0016 | Critic Loss: 0.2148 | Grad Norm: 2.2038 | Clipped: 4/4
Epoch [3847/4000] | Avg Makespan: 306.48 | Actor Loss: -0.0033 | Critic Loss: 0.2001 | Grad Norm: 1.6528 | Clipped: 4/4
Epoch [3848/4000] | Avg Makespan: 307.71 | Actor Loss: -0.0031 | Critic Loss: 0.1071 | Grad Norm: 1.8645 | Clipped: 4/4
Epoch [3849/4000] | Avg Makespan: 296.77 | Actor Loss: -0.0014 | Critic Loss: 0.0942 | Grad Norm: 1.6846 | Clipped: 4/4
Epoch [3850/4000] | Avg Makespan: 303.59 | Actor Loss: -0.0016 | Critic Loss: 0.2042 | Grad Norm: 1.7233 | Clipped: 4/4
Epoch [3851/4000] | Avg Makespan: 309.10 | Actor Loss: -0.0022 | Critic Loss: 0.2604 | Grad Norm: 1.9226 | Clipped: 4/4
Epoch [3852/4000] | Avg Makespan: 310.32 | Actor Loss: -0.0022 | Critic Loss: 0.1372 | Grad Norm: 2.2592 | Clipped: 4/4
Epoch [3853/4000] | Avg Makespan: 299.20 | Actor Loss: -0.0025 | Critic Loss: 0.0906 | Grad Norm: 2.5223 | Clipped: 4/4
Epoch [3854/4000] | Avg Makespan: 306.79 | Actor Loss: -0.0028 | Critic Loss: 0.3257 | Grad Norm: 2.1623 | Clipped: 4/4
Epoch [3855/4000] | Avg Makespan: 297.76 | Actor Loss: -0.0019 | Critic Loss: 0.1535 | Grad Norm: 1.9600 | Clipped: 4/4
Epoch [3856/4000] | Avg Makespan: 305.52 | Actor Loss: -0.0025 | Critic Loss: 0.0962 | Grad Norm: 1.7151 | Clipped: 4/4
Epoch [3857/4000] | Avg Makespan: 293.06 | Actor Loss: -0.0018 | Critic Loss: 0.0428 | Grad Norm: 1.6911 | Clipped: 4/4
Epoch [3858/4000] | Avg Makespan: 304.17 | Actor Loss: -0.0034 | Critic Loss: 0.1098 | Grad Norm: 1.5887 | Clipped: 4/4
Epoch [3859/4000] | Avg Makespan: 303.55 | Actor Loss: -0.0030 | Critic Loss: 0.3282 | Grad Norm: 1.3948 | Clipped: 4/4
Epoch [3860/4000] | Avg Makespan: 299.26 | Actor Loss: -0.0029 | Critic Loss: 0.1207 | Grad Norm: 1.8597 | Clipped: 4/4
Epoch [3861/4000] | Avg Makespan: 311.55 | Actor Loss: -0.0026 | Critic Loss: 0.1230 | Grad Norm: 1.5823 | Clipped: 4/4
Epoch [3862/4000] | Avg Makespan: 306.23 | Actor Loss: -0.0019 | Critic Loss: 0.0512 | Grad Norm: 2.3850 | Clipped: 4/4
Epoch [3863/4000] | Avg Makespan: 304.38 | Actor Loss: -0.0024 | Critic Loss: 0.3901 | Grad Norm: 2.3608 | Clipped: 4/4
Epoch [3864/4000] | Avg Makespan: 290.15 | Actor Loss: -0.0023 | Critic Loss: 0.1441 | Grad Norm: 2.2848 | Clipped: 4/4
Epoch [3865/4000] | Avg Makespan: 304.06 | Actor Loss: -0.0019 | Critic Loss: 0.0677 | Grad Norm: 2.5537 | Clipped: 4/4
Epoch [3866/4000] | Avg Makespan: 314.27 | Actor Loss: -0.0017 | Critic Loss: 0.2678 | Grad Norm: 1.8767 | Clipped: 4/4
Epoch [3867/4000] | Avg Makespan: 297.72 | Actor Loss: -0.0028 | Critic Loss: 0.0899 | Grad Norm: 1.5127 | Clipped: 4/4
Epoch [3868/4000] | Avg Makespan: 299.24 | Actor Loss: -0.0002 | Critic Loss: 0.0550 | Grad Norm: 2.4371 | Clipped: 4/4
Epoch [3869/4000] | Avg Makespan: 307.70 | Actor Loss: -0.0018 | Critic Loss: 0.6591 | Grad Norm: 1.5416 | Clipped: 4/4
Epoch [3870/4000] | Avg Makespan: 293.42 | Actor Loss: -0.0019 | Critic Loss: 0.0645 | Grad Norm: 1.7122 | Clipped: 4/4
Epoch [3871/4000] | Avg Makespan: 325.07 | Actor Loss: -0.0009 | Critic Loss: 0.6743 | Grad Norm: 2.8033 | Clipped: 4/4
Epoch [3872/4000] | Avg Makespan: 304.04 | Actor Loss: -0.0022 | Critic Loss: 0.0683 | Grad Norm: 2.0395 | Clipped: 4/4
Epoch [3873/4000] | Avg Makespan: 312.35 | Actor Loss: -0.0029 | Critic Loss: 0.1422 | Grad Norm: 1.7021 | Clipped: 4/4
Epoch [3874/4000] | Avg Makespan: 310.15 | Actor Loss: -0.0008 | Critic Loss: 0.2517 | Grad Norm: 2.9516 | Clipped: 4/4
Epoch [3875/4000] | Avg Makespan: 310.81 | Actor Loss: -0.0017 | Critic Loss: 0.1065 | Grad Norm: 2.3704 | Clipped: 4/4
Epoch [3876/4000] | Avg Makespan: 305.49 | Actor Loss: -0.0016 | Critic Loss: 0.0947 | Grad Norm: 1.5540 | Clipped: 4/4
Epoch [3877/4000] | Avg Makespan: 302.09 | Actor Loss: -0.0028 | Critic Loss: 0.1088 | Grad Norm: 2.1357 | Clipped: 4/4
Epoch [3878/4000] | Avg Makespan: 301.65 | Actor Loss: -0.0009 | Critic Loss: 0.0538 | Grad Norm: 2.1118 | Clipped: 4/4
Epoch [3879/4000] | Avg Makespan: 298.17 | Actor Loss: -0.0022 | Critic Loss: 0.0767 | Grad Norm: 1.5768 | Clipped: 4/4
Epoch [3880/4000] | Avg Makespan: 295.20 | Actor Loss: -0.0018 | Critic Loss: 0.1433 | Grad Norm: 2.8825 | Clipped: 4/4
Epoch [3881/4000] | Avg Makespan: 290.79 | Actor Loss: -0.0026 | Critic Loss: 0.0918 | Grad Norm: 1.8184 | Clipped: 4/4
Epoch [3882/4000] | Avg Makespan: 289.53 | Actor Loss: -0.0028 | Critic Loss: 0.0655 | Grad Norm: 1.8022 | Clipped: 4/4
Epoch [3883/4000] | Avg Makespan: 310.55 | Actor Loss: -0.0020 | Critic Loss: 0.2121 | Grad Norm: 1.9687 | Clipped: 4/4
Epoch [3884/4000] | Avg Makespan: 297.87 | Actor Loss: -0.0013 | Critic Loss: 0.1108 | Grad Norm: 2.0857 | Clipped: 4/4
Epoch [3885/4000] | Avg Makespan: 294.32 | Actor Loss: -0.0019 | Critic Loss: 0.0765 | Grad Norm: 2.0812 | Clipped: 4/4
Epoch [3886/4000] | Avg Makespan: 308.68 | Actor Loss: -0.0016 | Critic Loss: 0.2646 | Grad Norm: 3.0070 | Clipped: 4/4
Epoch [3887/4000] | Avg Makespan: 312.95 | Actor Loss: -0.0028 | Critic Loss: 0.1131 | Grad Norm: 2.0260 | Clipped: 4/4
Epoch [3888/4000] | Avg Makespan: 313.58 | Actor Loss: -0.0013 | Critic Loss: 0.2943 | Grad Norm: 1.9256 | Clipped: 4/4
Epoch [3889/4000] | Avg Makespan: 296.39 | Actor Loss: -0.0029 | Critic Loss: 0.1437 | Grad Norm: 1.7563 | Clipped: 4/4
Epoch [3890/4000] | Avg Makespan: 300.07 | Actor Loss: -0.0016 | Critic Loss: 0.1056 | Grad Norm: 2.4693 | Clipped: 4/4
Epoch [3891/4000] | Avg Makespan: 298.86 | Actor Loss: -0.0024 | Critic Loss: 0.1315 | Grad Norm: 1.9095 | Clipped: 4/4
Epoch [3892/4000] | Avg Makespan: 315.49 | Actor Loss: -0.0018 | Critic Loss: 0.5010 | Grad Norm: 1.7591 | Clipped: 4/4
Epoch [3893/4000] | Avg Makespan: 300.92 | Actor Loss: -0.0025 | Critic Loss: 0.1911 | Grad Norm: 1.5437 | Clipped: 4/4
Epoch [3894/4000] | Avg Makespan: 295.91 | Actor Loss: -0.0016 | Critic Loss: 0.0924 | Grad Norm: 2.2200 | Clipped: 4/4
Epoch [3895/4000] | Avg Makespan: 311.68 | Actor Loss: -0.0031 | Critic Loss: 0.1475 | Grad Norm: 2.4388 | Clipped: 4/4
Epoch [3896/4000] | Avg Makespan: 301.98 | Actor Loss: -0.0025 | Critic Loss: 0.0336 | Grad Norm: 2.2435 | Clipped: 4/4
Epoch [3897/4000] | Avg Makespan: 305.84 | Actor Loss: -0.0017 | Critic Loss: 0.1342 | Grad Norm: 2.7211 | Clipped: 4/4
Epoch [3898/4000] | Avg Makespan: 325.40 | Actor Loss: -0.0017 | Critic Loss: 0.5182 | Grad Norm: 1.9301 | Clipped: 4/4
Epoch [3899/4000] | Avg Makespan: 306.33 | Actor Loss: -0.0018 | Critic Loss: 0.0890 | Grad Norm: 1.8088 | Clipped: 4/4
Epoch [3900/4000] | Avg Makespan: 300.68 | Actor Loss: -0.0021 | Critic Loss: 0.1433 | Grad Norm: 2.2839 | Clipped: 4/4
   -> Validation | Samples: 280 | Makespan: 424.17 | Invalid Jobs: 0.00 | Score: 427.74
   -> Saved new best model (Val Score mean of last 5: 432.83; this eval 427.74)
   -> Saved new best model (Val Psi-hat mean of last 5: 395.98; this eval 389.08)
   -> Saved updated training chart to /home/wei/Desktop/AMR-DFJSP/runs/20260825_013759_v10_F_s42/chart.png
Epoch [3901/4000] | Avg Makespan: 311.52 | Actor Loss: -0.0030 | Critic Loss: 0.1475 | Grad Norm: 1.8534 | Clipped: 4/4
Epoch [3902/4000] | Avg Makespan: 294.06 | Actor Loss: -0.0016 | Critic Loss: 0.2286 | Grad Norm: 3.0813 | Clipped: 4/4
Epoch [3903/4000] | Avg Makespan: 301.27 | Actor Loss: -0.0026 | Critic Loss: 0.1134 | Grad Norm: 1.7406 | Clipped: 4/4
Epoch [3904/4000] | Avg Makespan: 315.14 | Actor Loss: -0.0020 | Critic Loss: 0.2240 | Grad Norm: 1.6550 | Clipped: 4/4
Epoch [3905/4000] | Avg Makespan: 310.12 | Actor Loss: -0.0024 | Critic Loss: 0.0960 | Grad Norm: 1.4750 | Clipped: 4/4
Epoch [3906/4000] | Avg Makespan: 302.69 | Actor Loss: -0.0023 | Critic Loss: 0.1051 | Grad Norm: 1.2473 | Clipped: 2/4
Epoch [3907/4000] | Avg Makespan: 312.53 | Actor Loss: -0.0020 | Critic Loss: 0.2146 | Grad Norm: 1.8806 | Clipped: 4/4
Epoch [3908/4000] | Avg Makespan: 295.90 | Actor Loss: -0.0016 | Critic Loss: 0.0803 | Grad Norm: 2.2589 | Clipped: 4/4
Epoch [3909/4000] | Avg Makespan: 303.62 | Actor Loss: -0.0027 | Critic Loss: 0.3085 | Grad Norm: 1.9266 | Clipped: 4/4
Epoch [3910/4000] | Avg Makespan: 317.58 | Actor Loss: -0.0010 | Critic Loss: 0.4150 | Grad Norm: 1.9990 | Clipped: 4/4
Epoch [3911/4000] | Avg Makespan: 305.95 | Actor Loss: -0.0026 | Critic Loss: 0.1603 | Grad Norm: 2.1909 | Clipped: 4/4
Epoch [3912/4000] | Avg Makespan: 311.61 | Actor Loss: -0.0023 | Critic Loss: 0.2365 | Grad Norm: 2.2902 | Clipped: 4/4
Epoch [3913/4000] | Avg Makespan: 312.94 | Actor Loss: -0.0018 | Critic Loss: 0.2031 | Grad Norm: 1.4223 | Clipped: 4/4
Epoch [3914/4000] | Avg Makespan: 292.79 | Actor Loss: -0.0028 | Critic Loss: 0.2352 | Grad Norm: 1.9331 | Clipped: 4/4
Epoch [3915/4000] | Avg Makespan: 297.42 | Actor Loss: -0.0023 | Critic Loss: 0.2231 | Grad Norm: 2.9190 | Clipped: 4/4
Epoch [3916/4000] | Avg Makespan: 312.98 | Actor Loss: -0.0040 | Critic Loss: 0.1416 | Grad Norm: 2.1586 | Clipped: 4/4
Epoch [3917/4000] | Avg Makespan: 307.38 | Actor Loss: -0.0024 | Critic Loss: 0.1322 | Grad Norm: 1.7035 | Clipped: 4/4
Epoch [3918/4000] | Avg Makespan: 299.57 | Actor Loss: -0.0024 | Critic Loss: 0.0801 | Grad Norm: 2.4601 | Clipped: 4/4
Epoch [3919/4000] | Avg Makespan: 293.10 | Actor Loss: -0.0014 | Critic Loss: 0.0838 | Grad Norm: 2.0655 | Clipped: 4/4
Epoch [3920/4000] | Avg Makespan: 318.67 | Actor Loss: -0.0017 | Critic Loss: 0.3448 | Grad Norm: 1.8356 | Clipped: 4/4
Epoch [3921/4000] | Avg Makespan: 303.72 | Actor Loss: -0.0022 | Critic Loss: 0.2621 | Grad Norm: 1.7667 | Clipped: 4/4
Epoch [3922/4000] | Avg Makespan: 296.65 | Actor Loss: -0.0054 | Critic Loss: 0.0447 | Grad Norm: 2.4606 | Clipped: 4/4
Epoch [3923/4000] | Avg Makespan: 301.46 | Actor Loss: -0.0018 | Critic Loss: 0.1065 | Grad Norm: 2.2816 | Clipped: 4/4
Epoch [3924/4000] | Avg Makespan: 303.12 | Actor Loss: -0.0020 | Critic Loss: 0.1533 | Grad Norm: 2.5682 | Clipped: 4/4
Epoch [3925/4000] | Avg Makespan: 298.50 | Actor Loss: -0.0024 | Critic Loss: 0.0421 | Grad Norm: 1.6141 | Clipped: 4/4
Epoch [3926/4000] | Avg Makespan: 300.82 | Actor Loss: -0.0031 | Critic Loss: 0.0755 | Grad Norm: 2.2016 | Clipped: 4/4
Epoch [3927/4000] | Avg Makespan: 312.09 | Actor Loss: -0.0024 | Critic Loss: 0.2281 | Grad Norm: 1.3985 | Clipped: 4/4
Epoch [3928/4000] | Avg Makespan: 306.10 | Actor Loss: -0.0031 | Critic Loss: 0.0825 | Grad Norm: 1.3971 | Clipped: 4/4
Epoch [3929/4000] | Avg Makespan: 312.87 | Actor Loss: -0.0016 | Critic Loss: 0.3264 | Grad Norm: 2.5088 | Clipped: 4/4
Epoch [3930/4000] | Avg Makespan: 297.07 | Actor Loss: -0.0017 | Critic Loss: 0.1359 | Grad Norm: 1.2580 | Clipped: 4/4
Epoch [3931/4000] | Avg Makespan: 302.10 | Actor Loss: -0.0020 | Critic Loss: 0.1430 | Grad Norm: 1.8120 | Clipped: 4/4
Epoch [3932/4000] | Avg Makespan: 308.58 | Actor Loss: -0.0023 | Critic Loss: 0.2696 | Grad Norm: 2.0862 | Clipped: 4/4
Epoch [3933/4000] | Avg Makespan: 314.91 | Actor Loss: -0.0014 | Critic Loss: 0.4884 | Grad Norm: 1.2661 | Clipped: 3/4
Epoch [3934/4000] | Avg Makespan: 298.52 | Actor Loss: -0.0018 | Critic Loss: 0.2094 | Grad Norm: 2.2337 | Clipped: 4/4
Epoch [3935/4000] | Avg Makespan: 309.71 | Actor Loss: -0.0023 | Critic Loss: 0.3376 | Grad Norm: 1.3166 | Clipped: 4/4
Epoch [3936/4000] | Avg Makespan: 295.55 | Actor Loss: -0.0020 | Critic Loss: 0.0825 | Grad Norm: 2.3931 | Clipped: 4/4
Epoch [3937/4000] | Avg Makespan: 308.09 | Actor Loss: -0.0021 | Critic Loss: 0.0711 | Grad Norm: 2.0228 | Clipped: 4/4
Epoch [3938/4000] | Avg Makespan: 310.20 | Actor Loss: -0.0024 | Critic Loss: 0.2698 | Grad Norm: 1.7948 | Clipped: 4/4
Epoch [3939/4000] | Avg Makespan: 302.28 | Actor Loss: -0.0031 | Critic Loss: 0.1151 | Grad Norm: 1.5159 | Clipped: 4/4
Epoch [3940/4000] | Avg Makespan: 311.06 | Actor Loss: -0.0020 | Critic Loss: 0.4482 | Grad Norm: 1.4746 | Clipped: 4/4
Epoch [3941/4000] | Avg Makespan: 301.61 | Actor Loss: -0.0011 | Critic Loss: 0.0497 | Grad Norm: 2.3034 | Clipped: 4/4
Epoch [3942/4000] | Avg Makespan: 302.61 | Actor Loss: -0.0023 | Critic Loss: 0.1121 | Grad Norm: 2.0620 | Clipped: 4/4
Epoch [3943/4000] | Avg Makespan: 308.61 | Actor Loss: -0.0006 | Critic Loss: 0.2002 | Grad Norm: 1.8184 | Clipped: 4/4
Epoch [3944/4000] | Avg Makespan: 309.06 | Actor Loss: -0.0032 | Critic Loss: 0.1048 | Grad Norm: 2.1313 | Clipped: 4/4
Epoch [3945/4000] | Avg Makespan: 301.07 | Actor Loss: -0.0007 | Critic Loss: 0.1814 | Grad Norm: 2.7535 | Clipped: 4/4
Epoch [3946/4000] | Avg Makespan: 310.03 | Actor Loss: -0.0019 | Critic Loss: 0.3324 | Grad Norm: 1.8698 | Clipped: 4/4
Epoch [3947/4000] | Avg Makespan: 319.18 | Actor Loss: -0.0007 | Critic Loss: 0.2514 | Grad Norm: 1.7271 | Clipped: 4/4
Epoch [3948/4000] | Avg Makespan: 308.62 | Actor Loss: -0.0023 | Critic Loss: 0.2039 | Grad Norm: 1.3773 | Clipped: 4/4
Epoch [3949/4000] | Avg Makespan: 302.17 | Actor Loss: -0.0016 | Critic Loss: 0.1261 | Grad Norm: 2.3444 | Clipped: 4/4
Epoch [3950/4000] | Avg Makespan: 306.50 | Actor Loss: -0.0002 | Critic Loss: 0.0325 | Grad Norm: 2.2026 | Clipped: 4/4
Epoch [3951/4000] | Avg Makespan: 299.10 | Actor Loss: -0.0023 | Critic Loss: 0.1008 | Grad Norm: 2.0198 | Clipped: 4/4
Epoch [3952/4000] | Avg Makespan: 304.03 | Actor Loss: -0.0023 | Critic Loss: 0.1053 | Grad Norm: 1.7951 | Clipped: 4/4
Epoch [3953/4000] | Avg Makespan: 300.51 | Actor Loss: -0.0016 | Critic Loss: 0.0591 | Grad Norm: 1.8582 | Clipped: 4/4
Epoch [3954/4000] | Avg Makespan: 308.41 | Actor Loss: -0.0015 | Critic Loss: 0.4374 | Grad Norm: 2.3958 | Clipped: 4/4
Epoch [3955/4000] | Avg Makespan: 304.52 | Actor Loss: -0.0012 | Critic Loss: 0.1669 | Grad Norm: 1.1322 | Clipped: 4/4
Epoch [3956/4000] | Avg Makespan: 301.61 | Actor Loss: -0.0020 | Critic Loss: 0.1437 | Grad Norm: 2.1532 | Clipped: 4/4
Epoch [3957/4000] | Avg Makespan: 309.04 | Actor Loss: -0.0024 | Critic Loss: 0.1477 | Grad Norm: 1.0723 | Clipped: 4/4
Epoch [3958/4000] | Avg Makespan: 295.68 | Actor Loss: -0.0003 | Critic Loss: 0.0586 | Grad Norm: 2.3862 | Clipped: 4/4
Epoch [3959/4000] | Avg Makespan: 298.78 | Actor Loss: -0.0020 | Critic Loss: 0.0667 | Grad Norm: 1.7305 | Clipped: 4/4
Epoch [3960/4000] | Avg Makespan: 310.40 | Actor Loss: -0.0021 | Critic Loss: 0.1933 | Grad Norm: 1.6226 | Clipped: 4/4
Epoch [3961/4000] | Avg Makespan: 311.79 | Actor Loss: -0.0030 | Critic Loss: 0.0924 | Grad Norm: 1.5872 | Clipped: 4/4
Epoch [3962/4000] | Avg Makespan: 303.45 | Actor Loss: -0.0024 | Critic Loss: 0.0286 | Grad Norm: 1.2383 | Clipped: 4/4
Epoch [3963/4000] | Avg Makespan: 312.77 | Actor Loss: -0.0018 | Critic Loss: 0.1924 | Grad Norm: 1.4267 | Clipped: 4/4
Epoch [3964/4000] | Avg Makespan: 307.90 | Actor Loss: -0.0034 | Critic Loss: 0.1949 | Grad Norm: 1.5888 | Clipped: 4/4
Epoch [3965/4000] | Avg Makespan: 301.21 | Actor Loss: -0.0010 | Critic Loss: 0.0365 | Grad Norm: 1.1755 | Clipped: 3/4
Epoch [3966/4000] | Avg Makespan: 297.78 | Actor Loss: -0.0031 | Critic Loss: 0.0510 | Grad Norm: 2.5413 | Clipped: 4/4
Epoch [3967/4000] | Avg Makespan: 322.72 | Actor Loss: -0.0017 | Critic Loss: 0.3393 | Grad Norm: 1.9155 | Clipped: 4/4
Epoch [3968/4000] | Avg Makespan: 298.20 | Actor Loss: -0.0020 | Critic Loss: 0.0837 | Grad Norm: 1.8076 | Clipped: 4/4
Epoch [3969/4000] | Avg Makespan: 307.55 | Actor Loss: -0.0026 | Critic Loss: 0.2604 | Grad Norm: 1.3654 | Clipped: 4/4
Epoch [3970/4000] | Avg Makespan: 302.16 | Actor Loss: -0.0025 | Critic Loss: 0.1103 | Grad Norm: 1.8083 | Clipped: 4/4
Epoch [3971/4000] | Avg Makespan: 306.44 | Actor Loss: -0.0024 | Critic Loss: 0.0667 | Grad Norm: 1.6082 | Clipped: 4/4
Epoch [3972/4000] | Avg Makespan: 307.92 | Actor Loss: -0.0019 | Critic Loss: 0.0487 | Grad Norm: 1.3534 | Clipped: 4/4
Epoch [3973/4000] | Avg Makespan: 310.43 | Actor Loss: -0.0007 | Critic Loss: 0.1162 | Grad Norm: 1.8688 | Clipped: 4/4
Epoch [3974/4000] | Avg Makespan: 313.59 | Actor Loss: -0.0026 | Critic Loss: 0.1447 | Grad Norm: 2.4155 | Clipped: 4/4
Epoch [3975/4000] | Avg Makespan: 320.23 | Actor Loss: -0.0022 | Critic Loss: 0.4782 | Grad Norm: 2.7700 | Clipped: 4/4
Epoch [3976/4000] | Avg Makespan: 300.91 | Actor Loss: -0.0029 | Critic Loss: 0.0781 | Grad Norm: 1.8749 | Clipped: 4/4
Epoch [3977/4000] | Avg Makespan: 300.59 | Actor Loss: -0.0025 | Critic Loss: 0.0553 | Grad Norm: 2.3521 | Clipped: 4/4
Epoch [3978/4000] | Avg Makespan: 296.80 | Actor Loss: -0.0021 | Critic Loss: 0.1133 | Grad Norm: 2.4217 | Clipped: 4/4
Epoch [3979/4000] | Avg Makespan: 310.69 | Actor Loss: -0.0022 | Critic Loss: 0.1774 | Grad Norm: 1.7494 | Clipped: 4/4
Epoch [3980/4000] | Avg Makespan: 301.69 | Actor Loss: -0.0031 | Critic Loss: 0.0802 | Grad Norm: 1.7512 | Clipped: 4/4
Epoch [3981/4000] | Avg Makespan: 307.21 | Actor Loss: -0.0020 | Critic Loss: 0.1599 | Grad Norm: 1.5419 | Clipped: 4/4
Epoch [3982/4000] | Avg Makespan: 294.33 | Actor Loss: -0.0018 | Critic Loss: 0.0596 | Grad Norm: 1.7733 | Clipped: 4/4
Epoch [3983/4000] | Avg Makespan: 301.08 | Actor Loss: -0.0011 | Critic Loss: 0.0398 | Grad Norm: 2.1746 | Clipped: 4/4
Epoch [3984/4000] | Avg Makespan: 301.45 | Actor Loss: -0.0031 | Critic Loss: 0.1007 | Grad Norm: 1.7366 | Clipped: 4/4
Epoch [3985/4000] | Avg Makespan: 308.32 | Actor Loss: -0.0005 | Critic Loss: 0.0803 | Grad Norm: 1.4964 | Clipped: 4/4
Epoch [3986/4000] | Avg Makespan: 304.16 | Actor Loss: -0.0012 | Critic Loss: 0.0653 | Grad Norm: 2.1083 | Clipped: 4/4
Epoch [3987/4000] | Avg Makespan: 308.40 | Actor Loss: -0.0030 | Critic Loss: 0.0878 | Grad Norm: 1.8484 | Clipped: 4/4
Epoch [3988/4000] | Avg Makespan: 318.96 | Actor Loss: -0.0030 | Critic Loss: 0.1621 | Grad Norm: 1.4238 | Clipped: 4/4
Epoch [3989/4000] | Avg Makespan: 308.08 | Actor Loss: -0.0028 | Critic Loss: 0.1595 | Grad Norm: 1.4744 | Clipped: 4/4
Epoch [3990/4000] | Avg Makespan: 303.06 | Actor Loss: -0.0025 | Critic Loss: 0.0605 | Grad Norm: 1.6078 | Clipped: 4/4
Epoch [3991/4000] | Avg Makespan: 301.82 | Actor Loss: -0.0017 | Critic Loss: 0.0846 | Grad Norm: 1.8070 | Clipped: 4/4
Epoch [3992/4000] | Avg Makespan: 310.37 | Actor Loss: -0.0021 | Critic Loss: 0.1048 | Grad Norm: 2.0645 | Clipped: 4/4
Epoch [3993/4000] | Avg Makespan: 300.75 | Actor Loss: -0.0019 | Critic Loss: 0.0280 | Grad Norm: 1.7415 | Clipped: 4/4
Epoch [3994/4000] | Avg Makespan: 301.98 | Actor Loss: -0.0023 | Critic Loss: 0.0763 | Grad Norm: 1.9820 | Clipped: 4/4
Epoch [3995/4000] | Avg Makespan: 301.98 | Actor Loss: -0.0028 | Critic Loss: 0.0434 | Grad Norm: 1.5739 | Clipped: 4/4
Epoch [3996/4000] | Avg Makespan: 308.85 | Actor Loss: -0.0010 | Critic Loss: 0.0309 | Grad Norm: 1.1946 | Clipped: 3/4
Epoch [3997/4000] | Avg Makespan: 300.09 | Actor Loss: -0.0023 | Critic Loss: 0.0838 | Grad Norm: 2.5016 | Clipped: 4/4
Epoch [3998/4000] | Avg Makespan: 308.82 | Actor Loss: -0.0024 | Critic Loss: 0.1320 | Grad Norm: 2.7051 | Clipped: 4/4
Epoch [3999/4000] | Avg Makespan: 301.29 | Actor Loss: -0.0030 | Critic Loss: 0.0440 | Grad Norm: 2.3643 | Clipped: 4/4
Epoch [4000/4000] | Avg Makespan: 304.49 | Actor Loss: -0.0012 | Critic Loss: 0.0536 | Grad Norm: 2.1192 | Clipped: 4/4
   -> Validation | Samples: 280 | Makespan: 427.57 | Invalid Jobs: 0.00 | Score: 431.14
   -> Saved new best model (Val Score mean of last 5: 432.17; this eval 431.14)
   -> Saved new best model (Val Psi-hat mean of last 5: 394.59; this eval 393.74)
   -> Saved updated training chart to /home/wei/Desktop/AMR-DFJSP/runs/20260825_013759_v10_F_s42/chart.png
