   -> training feature mask L3 installed: {'amr': (9,), 'dock': (2, 3, 4, 5, 6), 'action': (2,)}
Training on: cuda
Run directory: /home/wei/Desktop/AMR-DFJSP/runs/20260819_144532_v10_C_s44
Loaded 5000 dispatch events from test_case/v3/train_60.jsonl
Loaded 40 dispatch events from test_case/v3/mix/val_mix_20.jsonl
Loaded 40 dispatch events from test_case/v3/mix/val_mix_40.jsonl
Loaded 40 dispatch events from test_case/v3/mix/val_mix_60.jsonl
Loaded 40 dispatch events from test_case/v3/mix/val_mix_80.jsonl
Loaded 40 dispatch events from test_case/v3/mix/val_mix_100.jsonl
Loaded 40 dispatch events from test_case/v3/mix/val_mix_120.jsonl
Loaded 40 dispatch events from test_case/v3/mix/val_mix_140.jsonl
Loaded 280 validation event(s).
Starting hybrid dock-aware extend_GNN PPO training with critic-based advantage.
Epoch [1/4000] | Avg Makespan: 666.50 | Actor Loss: -0.0043 | Critic Loss: 1.0252 | Grad Norm: 2.7186 | Clipped: 3/4
   -> Validation | Samples: 280 | Makespan: 798.11 | Invalid Jobs: 0.02 | Score: 819.54
   -> Val Score 819.54 (warming up 1/5, no selection yet)
   -> Saved updated training chart to /home/wei/Desktop/AMR-DFJSP/runs/20260819_144532_v10_C_s44/chart.png
Epoch [2/4000] | Avg Makespan: 637.12 | Actor Loss: -0.0010 | Critic Loss: 0.9448 | Grad Norm: 2.9539 | Clipped: 4/4
Epoch [3/4000] | Avg Makespan: 674.62 | Actor Loss: -0.0020 | Critic Loss: 0.9295 | Grad Norm: 2.3022 | Clipped: 4/4
Epoch [4/4000] | Avg Makespan: 622.38 | Actor Loss: -0.0023 | Critic Loss: 0.7985 | Grad Norm: 2.1739 | Clipped: 4/4
Epoch [5/4000] | Avg Makespan: 662.75 | Actor Loss: -0.0013 | Critic Loss: 1.1161 | Grad Norm: 1.2877 | Clipped: 4/4
Epoch [6/4000] | Avg Makespan: 628.88 | Actor Loss: -0.0014 | Critic Loss: 0.5332 | Grad Norm: 1.5206 | Clipped: 4/4
Epoch [7/4000] | Avg Makespan: 612.62 | Actor Loss: -0.0009 | Critic Loss: 0.7248 | Grad Norm: 0.8342 | Clipped: 2/4
Epoch [8/4000] | Avg Makespan: 620.88 | Actor Loss: -0.0010 | Critic Loss: 0.4388 | Grad Norm: 1.4197 | Clipped: 3/4
Epoch [9/4000] | Avg Makespan: 679.88 | Actor Loss: -0.0007 | Critic Loss: 0.8713 | Grad Norm: 1.9028 | Clipped: 3/4
Epoch [10/4000] | Avg Makespan: 648.50 | Actor Loss: -0.0007 | Critic Loss: 1.2665 | Grad Norm: 3.1579 | Clipped: 4/4
Epoch [11/4000] | Avg Makespan: 603.25 | Actor Loss: -0.0005 | Critic Loss: 1.2483 | Grad Norm: 3.0326 | Clipped: 4/4
Epoch [12/4000] | Avg Makespan: 643.25 | Actor Loss: -0.0015 | Critic Loss: 0.3916 | Grad Norm: 1.0851 | Clipped: 3/4
Epoch [13/4000] | Avg Makespan: 630.38 | Actor Loss: -0.0019 | Critic Loss: 0.6035 | Grad Norm: 0.4050 | Clipped: 0/4
Epoch [14/4000] | Avg Makespan: 646.88 | Actor Loss: -0.0014 | Critic Loss: 0.6312 | Grad Norm: 0.2707 | Clipped: 0/4
Epoch [15/4000] | Avg Makespan: 599.62 | Actor Loss: -0.0009 | Critic Loss: 1.1367 | Grad Norm: 1.8149 | Clipped: 4/4
Epoch [16/4000] | Avg Makespan: 595.75 | Actor Loss: -0.0014 | Critic Loss: 0.7403 | Grad Norm: 0.5725 | Clipped: 1/4
Epoch [17/4000] | Avg Makespan: 647.50 | Actor Loss: -0.0003 | Critic Loss: 1.1713 | Grad Norm: 2.3296 | Clipped: 4/4
Epoch [18/4000] | Avg Makespan: 642.38 | Actor Loss: -0.0007 | Critic Loss: 0.9863 | Grad Norm: 1.2952 | Clipped: 3/4
Epoch [19/4000] | Avg Makespan: 654.00 | Actor Loss: -0.0015 | Critic Loss: 1.1406 | Grad Norm: 0.7721 | Clipped: 1/4
Epoch [20/4000] | Avg Makespan: 644.12 | Actor Loss: -0.0025 | Critic Loss: 1.7247 | Grad Norm: 1.2901 | Clipped: 3/4
Epoch [21/4000] | Avg Makespan: 603.00 | Actor Loss: 0.0001 | Critic Loss: 1.0916 | Grad Norm: 1.1434 | Clipped: 2/4
Epoch [22/4000] | Avg Makespan: 588.88 | Actor Loss: -0.0021 | Critic Loss: 0.8181 | Grad Norm: 0.8996 | Clipped: 2/4
Epoch [23/4000] | Avg Makespan: 626.75 | Actor Loss: -0.0016 | Critic Loss: 1.0706 | Grad Norm: 1.8235 | Clipped: 3/4
Epoch [24/4000] | Avg Makespan: 596.00 | Actor Loss: -0.0026 | Critic Loss: 0.7924 | Grad Norm: 3.2398 | Clipped: 4/4
Epoch [25/4000] | Avg Makespan: 602.38 | Actor Loss: -0.0018 | Critic Loss: 0.2069 | Grad Norm: 0.7756 | Clipped: 1/4
Epoch [26/4000] | Avg Makespan: 589.88 | Actor Loss: -0.0018 | Critic Loss: 0.8674 | Grad Norm: 0.8419 | Clipped: 1/4
Epoch [27/4000] | Avg Makespan: 571.25 | Actor Loss: -0.0014 | Critic Loss: 0.4052 | Grad Norm: 0.7790 | Clipped: 0/4
Epoch [28/4000] | Avg Makespan: 570.25 | Actor Loss: -0.0014 | Critic Loss: 0.3344 | Grad Norm: 0.4601 | Clipped: 0/4
Epoch [29/4000] | Avg Makespan: 594.00 | Actor Loss: -0.0030 | Critic Loss: 0.5110 | Grad Norm: 1.0869 | Clipped: 2/4
Epoch [30/4000] | Avg Makespan: 561.00 | Actor Loss: 0.0003 | Critic Loss: 0.9037 | Grad Norm: 1.7016 | Clipped: 4/4
Epoch [31/4000] | Avg Makespan: 551.38 | Actor Loss: -0.0020 | Critic Loss: 0.5979 | Grad Norm: 1.1598 | Clipped: 2/4
Epoch [32/4000] | Avg Makespan: 591.75 | Actor Loss: -0.0015 | Critic Loss: 1.1178 | Grad Norm: 1.9114 | Clipped: 4/4
Epoch [33/4000] | Avg Makespan: 571.25 | Actor Loss: -0.0064 | Critic Loss: 0.4757 | Grad Norm: 0.8097 | Clipped: 1/4
Epoch [34/4000] | Avg Makespan: 554.38 | Actor Loss: -0.0036 | Critic Loss: 0.4149 | Grad Norm: 0.7639 | Clipped: 1/4
Epoch [35/4000] | Avg Makespan: 548.00 | Actor Loss: -0.0058 | Critic Loss: 0.2182 | Grad Norm: 0.5400 | Clipped: 0/4
Epoch [36/4000] | Avg Makespan: 544.38 | Actor Loss: -0.0029 | Critic Loss: 0.1516 | Grad Norm: 0.3249 | Clipped: 0/4
Epoch [37/4000] | Avg Makespan: 528.25 | Actor Loss: -0.0037 | Critic Loss: 0.3180 | Grad Norm: 0.3022 | Clipped: 0/4
Epoch [38/4000] | Avg Makespan: 527.50 | Actor Loss: -0.0037 | Critic Loss: 0.3576 | Grad Norm: 0.3147 | Clipped: 0/4
Epoch [39/4000] | Avg Makespan: 534.88 | Actor Loss: -0.0040 | Critic Loss: 0.3800 | Grad Norm: 0.3895 | Clipped: 0/4
Epoch [40/4000] | Avg Makespan: 485.25 | Actor Loss: -0.0037 | Critic Loss: 0.5805 | Grad Norm: 1.3176 | Clipped: 4/4
Epoch [41/4000] | Avg Makespan: 491.12 | Actor Loss: -0.0033 | Critic Loss: 0.1896 | Grad Norm: 0.4348 | Clipped: 0/4
Epoch [42/4000] | Avg Makespan: 505.75 | Actor Loss: -0.0040 | Critic Loss: 0.2235 | Grad Norm: 1.1597 | Clipped: 3/4
Epoch [43/4000] | Avg Makespan: 490.50 | Actor Loss: -0.0006 | Critic Loss: 0.1630 | Grad Norm: 0.3959 | Clipped: 0/4
Epoch [44/4000] | Avg Makespan: 476.38 | Actor Loss: -0.0029 | Critic Loss: 0.1862 | Grad Norm: 0.7806 | Clipped: 0/4
Epoch [45/4000] | Avg Makespan: 486.12 | Actor Loss: -0.0084 | Critic Loss: 0.1570 | Grad Norm: 0.4733 | Clipped: 0/4
Epoch [46/4000] | Avg Makespan: 477.75 | Actor Loss: -0.0031 | Critic Loss: 0.1164 | Grad Norm: 0.2803 | Clipped: 0/4
Epoch [47/4000] | Avg Makespan: 478.62 | Actor Loss: -0.0042 | Critic Loss: 0.0941 | Grad Norm: 0.2517 | Clipped: 0/4
Epoch [48/4000] | Avg Makespan: 481.50 | Actor Loss: -0.0032 | Critic Loss: 0.0472 | Grad Norm: 0.3024 | Clipped: 0/4
Epoch [49/4000] | Avg Makespan: 489.75 | Actor Loss: -0.0039 | Critic Loss: 0.0452 | Grad Norm: 0.3844 | Clipped: 0/4
Epoch [50/4000] | Avg Makespan: 501.00 | Actor Loss: -0.0030 | Critic Loss: 0.2907 | Grad Norm: 0.4853 | Clipped: 0/4
Epoch [51/4000] | Avg Makespan: 486.00 | Actor Loss: -0.0034 | Critic Loss: 0.0971 | Grad Norm: 0.5218 | Clipped: 0/4
Epoch [52/4000] | Avg Makespan: 499.38 | Actor Loss: -0.0054 | Critic Loss: 0.1835 | Grad Norm: 0.3144 | Clipped: 0/4
Epoch [53/4000] | Avg Makespan: 496.75 | Actor Loss: -0.0091 | Critic Loss: 0.1413 | Grad Norm: 0.3618 | Clipped: 0/4
Epoch [54/4000] | Avg Makespan: 467.00 | Actor Loss: -0.0038 | Critic Loss: 0.1201 | Grad Norm: 0.5171 | Clipped: 0/4
Epoch [55/4000] | Avg Makespan: 467.88 | Actor Loss: -0.0025 | Critic Loss: 0.0645 | Grad Norm: 0.2750 | Clipped: 0/4
Epoch [56/4000] | Avg Makespan: 477.62 | Actor Loss: -0.0039 | Critic Loss: 0.1300 | Grad Norm: 0.5653 | Clipped: 0/4
Epoch [57/4000] | Avg Makespan: 471.38 | Actor Loss: -0.0060 | Critic Loss: 0.0443 | Grad Norm: 0.4246 | Clipped: 0/4
Epoch [58/4000] | Avg Makespan: 454.50 | Actor Loss: -0.0046 | Critic Loss: 0.0961 | Grad Norm: 0.4882 | Clipped: 0/4
Epoch [59/4000] | Avg Makespan: 475.12 | Actor Loss: -0.0023 | Critic Loss: 0.0761 | Grad Norm: 0.3518 | Clipped: 0/4
Epoch [60/4000] | Avg Makespan: 452.75 | Actor Loss: -0.0029 | Critic Loss: 0.0714 | Grad Norm: 0.3639 | Clipped: 0/4
Epoch [61/4000] | Avg Makespan: 456.38 | Actor Loss: -0.0041 | Critic Loss: 0.0437 | Grad Norm: 0.2857 | Clipped: 0/4
Epoch [62/4000] | Avg Makespan: 459.75 | Actor Loss: -0.0052 | Critic Loss: 0.0808 | Grad Norm: 0.4285 | Clipped: 0/4
Epoch [63/4000] | Avg Makespan: 446.75 | Actor Loss: -0.0041 | Critic Loss: 0.0622 | Grad Norm: 0.3834 | Clipped: 0/4
Epoch [64/4000] | Avg Makespan: 438.62 | Actor Loss: -0.0081 | Critic Loss: 0.0696 | Grad Norm: 0.4741 | Clipped: 0/4
Epoch [65/4000] | Avg Makespan: 455.88 | Actor Loss: -0.0027 | Critic Loss: 0.1410 | Grad Norm: 0.6083 | Clipped: 0/4
Epoch [66/4000] | Avg Makespan: 442.25 | Actor Loss: -0.0051 | Critic Loss: 0.0941 | Grad Norm: 0.4275 | Clipped: 0/4
Epoch [67/4000] | Avg Makespan: 439.25 | Actor Loss: -0.0045 | Critic Loss: 0.0953 | Grad Norm: 0.4333 | Clipped: 0/4
Epoch [68/4000] | Avg Makespan: 450.50 | Actor Loss: -0.0015 | Critic Loss: 0.0421 | Grad Norm: 0.2606 | Clipped: 0/4
Epoch [69/4000] | Avg Makespan: 448.62 | Actor Loss: -0.0039 | Critic Loss: 0.0593 | Grad Norm: 0.4310 | Clipped: 0/4
Epoch [70/4000] | Avg Makespan: 460.12 | Actor Loss: -0.0054 | Critic Loss: 0.1634 | Grad Norm: 0.4405 | Clipped: 0/4
Epoch [71/4000] | Avg Makespan: 451.38 | Actor Loss: -0.0047 | Critic Loss: 0.1016 | Grad Norm: 0.4863 | Clipped: 0/4
Epoch [72/4000] | Avg Makespan: 452.88 | Actor Loss: -0.0056 | Critic Loss: 0.0391 | Grad Norm: 0.3087 | Clipped: 0/4
Epoch [73/4000] | Avg Makespan: 438.12 | Actor Loss: -0.0052 | Critic Loss: 0.0327 | Grad Norm: 0.6095 | Clipped: 1/4
Epoch [74/4000] | Avg Makespan: 467.25 | Actor Loss: -0.0049 | Critic Loss: 0.1587 | Grad Norm: 0.8071 | Clipped: 0/4
Epoch [75/4000] | Avg Makespan: 450.88 | Actor Loss: -0.0033 | Critic Loss: 0.0596 | Grad Norm: 0.5043 | Clipped: 0/4
Epoch [76/4000] | Avg Makespan: 444.38 | Actor Loss: -0.0024 | Critic Loss: 0.0557 | Grad Norm: 0.4459 | Clipped: 0/4
Epoch [77/4000] | Avg Makespan: 436.12 | Actor Loss: -0.0082 | Critic Loss: 0.0779 | Grad Norm: 0.6235 | Clipped: 0/4
Epoch [78/4000] | Avg Makespan: 451.88 | Actor Loss: -0.0032 | Critic Loss: 0.1367 | Grad Norm: 0.6808 | Clipped: 0/4
Epoch [79/4000] | Avg Makespan: 447.88 | Actor Loss: -0.0035 | Critic Loss: 0.0651 | Grad Norm: 0.4458 | Clipped: 0/4
Epoch [80/4000] | Avg Makespan: 442.38 | Actor Loss: -0.0030 | Critic Loss: 0.0644 | Grad Norm: 0.4820 | Clipped: 0/4
Epoch [81/4000] | Avg Makespan: 456.38 | Actor Loss: -0.0076 | Critic Loss: 0.0659 | Grad Norm: 0.6967 | Clipped: 1/4
Epoch [82/4000] | Avg Makespan: 450.38 | Actor Loss: -0.0019 | Critic Loss: 0.0743 | Grad Norm: 0.3640 | Clipped: 0/4
Epoch [83/4000] | Avg Makespan: 454.00 | Actor Loss: -0.0016 | Critic Loss: 0.0442 | Grad Norm: 0.4846 | Clipped: 0/4
Epoch [84/4000] | Avg Makespan: 452.50 | Actor Loss: -0.0027 | Critic Loss: 0.0339 | Grad Norm: 0.3541 | Clipped: 0/4
Epoch [85/4000] | Avg Makespan: 456.25 | Actor Loss: -0.0027 | Critic Loss: 0.0548 | Grad Norm: 0.4866 | Clipped: 0/4
Epoch [86/4000] | Avg Makespan: 451.38 | Actor Loss: -0.0053 | Critic Loss: 0.0508 | Grad Norm: 0.5111 | Clipped: 0/4
Epoch [87/4000] | Avg Makespan: 442.62 | Actor Loss: -0.0046 | Critic Loss: 0.0458 | Grad Norm: 0.5325 | Clipped: 0/4
Epoch [88/4000] | Avg Makespan: 437.75 | Actor Loss: -0.0046 | Critic Loss: 0.0484 | Grad Norm: 0.3701 | Clipped: 0/4
Epoch [89/4000] | Avg Makespan: 442.75 | Actor Loss: -0.0041 | Critic Loss: 0.0385 | Grad Norm: 0.4847 | Clipped: 0/4
Epoch [90/4000] | Avg Makespan: 438.25 | Actor Loss: -0.0025 | Critic Loss: 0.0392 | Grad Norm: 0.3675 | Clipped: 0/4
Epoch [91/4000] | Avg Makespan: 429.75 | Actor Loss: -0.0062 | Critic Loss: 0.0520 | Grad Norm: 0.5827 | Clipped: 0/4
Epoch [92/4000] | Avg Makespan: 431.00 | Actor Loss: -0.0033 | Critic Loss: 0.0293 | Grad Norm: 0.3820 | Clipped: 0/4
Epoch [93/4000] | Avg Makespan: 440.62 | Actor Loss: -0.0005 | Critic Loss: 0.1290 | Grad Norm: 0.5432 | Clipped: 0/4
Epoch [94/4000] | Avg Makespan: 432.00 | Actor Loss: -0.0036 | Critic Loss: 0.0326 | Grad Norm: 0.4233 | Clipped: 0/4
Epoch [95/4000] | Avg Makespan: 430.25 | Actor Loss: -0.0026 | Critic Loss: 0.1173 | Grad Norm: 0.3854 | Clipped: 0/4
Epoch [96/4000] | Avg Makespan: 437.62 | Actor Loss: -0.0063 | Critic Loss: 0.0678 | Grad Norm: 0.4802 | Clipped: 0/4
Epoch [97/4000] | Avg Makespan: 444.50 | Actor Loss: -0.0041 | Critic Loss: 0.0676 | Grad Norm: 0.4994 | Clipped: 0/4
Epoch [98/4000] | Avg Makespan: 430.00 | Actor Loss: -0.0063 | Critic Loss: 0.0877 | Grad Norm: 0.8251 | Clipped: 1/4
Epoch [99/4000] | Avg Makespan: 421.50 | Actor Loss: -0.0024 | Critic Loss: 0.0436 | Grad Norm: 0.5528 | Clipped: 0/4
Epoch [100/4000] | Avg Makespan: 429.88 | Actor Loss: -0.0047 | Critic Loss: 0.0597 | Grad Norm: 0.5540 | Clipped: 0/4
   -> Validation | Samples: 280 | Makespan: 528.89 | Invalid Jobs: 0.00 | Score: 528.89
   -> Val Score 528.89 (warming up 2/5, no selection yet)
   -> Saved updated training chart to /home/wei/Desktop/AMR-DFJSP/runs/20260819_144532_v10_C_s44/chart.png
Epoch [101/4000] | Avg Makespan: 411.62 | Actor Loss: -0.0053 | Critic Loss: 0.0608 | Grad Norm: 0.5165 | Clipped: 0/4
Epoch [102/4000] | Avg Makespan: 435.50 | Actor Loss: -0.0053 | Critic Loss: 0.0707 | Grad Norm: 0.6236 | Clipped: 0/4
Epoch [103/4000] | Avg Makespan: 426.88 | Actor Loss: -0.0025 | Critic Loss: 0.0397 | Grad Norm: 0.5620 | Clipped: 0/4
Epoch [104/4000] | Avg Makespan: 425.62 | Actor Loss: -0.0052 | Critic Loss: 0.0520 | Grad Norm: 0.4967 | Clipped: 0/4
Epoch [105/4000] | Avg Makespan: 418.50 | Actor Loss: -0.0061 | Critic Loss: 0.0597 | Grad Norm: 0.5812 | Clipped: 0/4
Epoch [106/4000] | Avg Makespan: 438.12 | Actor Loss: -0.0082 | Critic Loss: 0.0848 | Grad Norm: 0.8273 | Clipped: 1/4
Epoch [107/4000] | Avg Makespan: 432.38 | Actor Loss: -0.0040 | Critic Loss: 0.1026 | Grad Norm: 0.5757 | Clipped: 0/4
Epoch [108/4000] | Avg Makespan: 428.00 | Actor Loss: -0.0031 | Critic Loss: 0.0461 | Grad Norm: 0.5638 | Clipped: 0/4
Epoch [109/4000] | Avg Makespan: 423.38 | Actor Loss: -0.0070 | Critic Loss: 0.0628 | Grad Norm: 0.7611 | Clipped: 0/4
Epoch [110/4000] | Avg Makespan: 415.50 | Actor Loss: -0.0048 | Critic Loss: 0.0330 | Grad Norm: 0.7156 | Clipped: 0/4
Epoch [111/4000] | Avg Makespan: 424.12 | Actor Loss: -0.0049 | Critic Loss: 0.0425 | Grad Norm: 0.7771 | Clipped: 0/4
Epoch [112/4000] | Avg Makespan: 434.75 | Actor Loss: -0.0034 | Critic Loss: 0.0355 | Grad Norm: 0.5659 | Clipped: 0/4
Epoch [113/4000] | Avg Makespan: 427.00 | Actor Loss: -0.0048 | Critic Loss: 0.0772 | Grad Norm: 0.6084 | Clipped: 0/4
Epoch [114/4000] | Avg Makespan: 431.25 | Actor Loss: -0.0010 | Critic Loss: 0.0569 | Grad Norm: 0.3359 | Clipped: 0/4
Epoch [115/4000] | Avg Makespan: 404.75 | Actor Loss: -0.0058 | Critic Loss: 0.0751 | Grad Norm: 0.6177 | Clipped: 0/4
Epoch [116/4000] | Avg Makespan: 410.88 | Actor Loss: -0.0019 | Critic Loss: 0.0312 | Grad Norm: 0.4667 | Clipped: 0/4
Epoch [117/4000] | Avg Makespan: 430.00 | Actor Loss: -0.0029 | Critic Loss: 0.1712 | Grad Norm: 0.9687 | Clipped: 1/4
Epoch [118/4000] | Avg Makespan: 425.12 | Actor Loss: -0.0037 | Critic Loss: 0.0487 | Grad Norm: 0.6266 | Clipped: 0/4
Epoch [119/4000] | Avg Makespan: 417.88 | Actor Loss: -0.0064 | Critic Loss: 0.0518 | Grad Norm: 0.7977 | Clipped: 0/4
Epoch [120/4000] | Avg Makespan: 440.00 | Actor Loss: -0.0030 | Critic Loss: 0.0278 | Grad Norm: 0.6720 | Clipped: 0/4
Epoch [121/4000] | Avg Makespan: 420.00 | Actor Loss: -0.0048 | Critic Loss: 0.0775 | Grad Norm: 0.7629 | Clipped: 0/4
Epoch [122/4000] | Avg Makespan: 435.75 | Actor Loss: -0.0049 | Critic Loss: 0.1123 | Grad Norm: 0.8122 | Clipped: 0/4
Epoch [123/4000] | Avg Makespan: 420.75 | Actor Loss: -0.0026 | Critic Loss: 0.0877 | Grad Norm: 0.7029 | Clipped: 0/4
Epoch [124/4000] | Avg Makespan: 437.75 | Actor Loss: -0.0013 | Critic Loss: 0.0615 | Grad Norm: 0.6868 | Clipped: 1/4
Epoch [125/4000] | Avg Makespan: 430.25 | Actor Loss: -0.0040 | Critic Loss: 0.0469 | Grad Norm: 0.9417 | Clipped: 1/4
Epoch [126/4000] | Avg Makespan: 426.62 | Actor Loss: -0.0033 | Critic Loss: 0.0259 | Grad Norm: 0.8090 | Clipped: 1/4
Epoch [127/4000] | Avg Makespan: 423.50 | Actor Loss: -0.0049 | Critic Loss: 0.0279 | Grad Norm: 0.7843 | Clipped: 0/4
Epoch [128/4000] | Avg Makespan: 430.12 | Actor Loss: -0.0053 | Critic Loss: 0.0703 | Grad Norm: 0.6443 | Clipped: 0/4
Epoch [129/4000] | Avg Makespan: 418.50 | Actor Loss: -0.0035 | Critic Loss: 0.0314 | Grad Norm: 0.6718 | Clipped: 0/4
Epoch [130/4000] | Avg Makespan: 424.25 | Actor Loss: -0.0054 | Critic Loss: 0.0721 | Grad Norm: 0.6111 | Clipped: 0/4
Epoch [131/4000] | Avg Makespan: 421.12 | Actor Loss: -0.0024 | Critic Loss: 0.0417 | Grad Norm: 0.6510 | Clipped: 0/4
Epoch [132/4000] | Avg Makespan: 426.38 | Actor Loss: -0.0026 | Critic Loss: 0.0460 | Grad Norm: 0.6145 | Clipped: 0/4
Epoch [133/4000] | Avg Makespan: 413.88 | Actor Loss: -0.0048 | Critic Loss: 0.0459 | Grad Norm: 0.9326 | Clipped: 2/4
Epoch [134/4000] | Avg Makespan: 421.38 | Actor Loss: -0.0007 | Critic Loss: 0.0609 | Grad Norm: 0.6674 | Clipped: 0/4
Epoch [135/4000] | Avg Makespan: 421.00 | Actor Loss: -0.0031 | Critic Loss: 0.0900 | Grad Norm: 0.5916 | Clipped: 0/4
Epoch [136/4000] | Avg Makespan: 416.25 | Actor Loss: -0.0041 | Critic Loss: 0.0704 | Grad Norm: 0.9580 | Clipped: 2/4
Epoch [137/4000] | Avg Makespan: 436.75 | Actor Loss: -0.0053 | Critic Loss: 0.1183 | Grad Norm: 0.6650 | Clipped: 0/4
Epoch [138/4000] | Avg Makespan: 411.75 | Actor Loss: -0.0034 | Critic Loss: 0.0677 | Grad Norm: 0.6506 | Clipped: 0/4
Epoch [139/4000] | Avg Makespan: 426.62 | Actor Loss: -0.0057 | Critic Loss: 0.0436 | Grad Norm: 0.5307 | Clipped: 0/4
Epoch [140/4000] | Avg Makespan: 423.00 | Actor Loss: -0.0039 | Critic Loss: 0.0938 | Grad Norm: 1.1712 | Clipped: 3/4
Epoch [141/4000] | Avg Makespan: 416.38 | Actor Loss: -0.0046 | Critic Loss: 0.0287 | Grad Norm: 0.6535 | Clipped: 0/4
Epoch [142/4000] | Avg Makespan: 412.75 | Actor Loss: -0.0023 | Critic Loss: 0.0393 | Grad Norm: 0.7508 | Clipped: 1/4
Epoch [143/4000] | Avg Makespan: 425.12 | Actor Loss: -0.0060 | Critic Loss: 0.0503 | Grad Norm: 0.6419 | Clipped: 0/4
Epoch [144/4000] | Avg Makespan: 422.75 | Actor Loss: -0.0036 | Critic Loss: 0.0876 | Grad Norm: 0.5514 | Clipped: 0/4
Epoch [145/4000] | Avg Makespan: 413.88 | Actor Loss: -0.0084 | Critic Loss: 0.0579 | Grad Norm: 0.7615 | Clipped: 0/4
Epoch [146/4000] | Avg Makespan: 403.00 | Actor Loss: -0.0018 | Critic Loss: 0.0358 | Grad Norm: 0.8884 | Clipped: 1/4
Epoch [147/4000] | Avg Makespan: 400.50 | Actor Loss: -0.0038 | Critic Loss: 0.0671 | Grad Norm: 1.2619 | Clipped: 3/4
Epoch [148/4000] | Avg Makespan: 417.75 | Actor Loss: 0.0003 | Critic Loss: 0.2321 | Grad Norm: 1.3405 | Clipped: 4/4
Epoch [149/4000] | Avg Makespan: 407.50 | Actor Loss: -0.0054 | Critic Loss: 0.0612 | Grad Norm: 0.6566 | Clipped: 0/4
Epoch [150/4000] | Avg Makespan: 414.25 | Actor Loss: -0.0041 | Critic Loss: 0.0366 | Grad Norm: 0.7943 | Clipped: 1/4
Epoch [151/4000] | Avg Makespan: 402.62 | Actor Loss: -0.0034 | Critic Loss: 0.0817 | Grad Norm: 1.6024 | Clipped: 3/4
Epoch [152/4000] | Avg Makespan: 407.75 | Actor Loss: -0.0051 | Critic Loss: 0.1001 | Grad Norm: 0.7892 | Clipped: 1/4
Epoch [153/4000] | Avg Makespan: 405.75 | Actor Loss: -0.0020 | Critic Loss: 0.0983 | Grad Norm: 0.6658 | Clipped: 0/4
Epoch [154/4000] | Avg Makespan: 412.00 | Actor Loss: -0.0056 | Critic Loss: 0.0293 | Grad Norm: 0.8408 | Clipped: 1/4
Epoch [155/4000] | Avg Makespan: 403.38 | Actor Loss: -0.0018 | Critic Loss: 0.0213 | Grad Norm: 1.7056 | Clipped: 4/4
Epoch [156/4000] | Avg Makespan: 401.25 | Actor Loss: -0.0036 | Critic Loss: 0.0389 | Grad Norm: 0.9302 | Clipped: 2/4
Epoch [157/4000] | Avg Makespan: 402.12 | Actor Loss: -0.0060 | Critic Loss: 0.0398 | Grad Norm: 1.0107 | Clipped: 2/4
Epoch [158/4000] | Avg Makespan: 401.38 | Actor Loss: -0.0024 | Critic Loss: 0.0411 | Grad Norm: 1.7202 | Clipped: 2/4
Epoch [159/4000] | Avg Makespan: 400.00 | Actor Loss: 0.0025 | Critic Loss: 0.0579 | Grad Norm: 2.0797 | Clipped: 4/4
Epoch [160/4000] | Avg Makespan: 405.62 | Actor Loss: -0.0001 | Critic Loss: 0.0703 | Grad Norm: 1.2259 | Clipped: 3/4
Epoch [161/4000] | Avg Makespan: 396.75 | Actor Loss: -0.0016 | Critic Loss: 0.0388 | Grad Norm: 1.3877 | Clipped: 2/4
Epoch [162/4000] | Avg Makespan: 389.62 | Actor Loss: 0.0094 | Critic Loss: 0.0315 | Grad Norm: 2.5358 | Clipped: 3/4
Epoch [163/4000] | Avg Makespan: 385.12 | Actor Loss: 0.0113 | Critic Loss: 0.0140 | Grad Norm: 2.6349 | Clipped: 3/4
Epoch [164/4000] | Avg Makespan: 383.25 | Actor Loss: -0.0008 | Critic Loss: 0.0253 | Grad Norm: 1.2002 | Clipped: 2/4
Epoch [165/4000] | Avg Makespan: 398.50 | Actor Loss: -0.0050 | Critic Loss: 0.0457 | Grad Norm: 0.9890 | Clipped: 1/4
Epoch [166/4000] | Avg Makespan: 390.38 | Actor Loss: -0.0053 | Critic Loss: 0.0711 | Grad Norm: 0.8264 | Clipped: 1/4
Epoch [167/4000] | Avg Makespan: 413.38 | Actor Loss: -0.0061 | Critic Loss: 0.0473 | Grad Norm: 0.8677 | Clipped: 0/4
Epoch [168/4000] | Avg Makespan: 395.00 | Actor Loss: -0.0039 | Critic Loss: 0.0314 | Grad Norm: 0.9789 | Clipped: 2/4
Epoch [169/4000] | Avg Makespan: 392.75 | Actor Loss: -0.0020 | Critic Loss: 0.0272 | Grad Norm: 1.5870 | Clipped: 3/4
Epoch [170/4000] | Avg Makespan: 408.25 | Actor Loss: 0.0126 | Critic Loss: 0.1154 | Grad Norm: 2.4465 | Clipped: 4/4
Epoch [171/4000] | Avg Makespan: 399.25 | Actor Loss: -0.0010 | Critic Loss: 0.0333 | Grad Norm: 1.3492 | Clipped: 2/4
Epoch [172/4000] | Avg Makespan: 399.75 | Actor Loss: -0.0057 | Critic Loss: 0.0443 | Grad Norm: 0.7696 | Clipped: 0/4
Epoch [173/4000] | Avg Makespan: 400.50 | Actor Loss: -0.0039 | Critic Loss: 0.0280 | Grad Norm: 0.8344 | Clipped: 1/4
Epoch [174/4000] | Avg Makespan: 388.12 | Actor Loss: -0.0037 | Critic Loss: 0.0309 | Grad Norm: 1.2745 | Clipped: 3/4
Epoch [175/4000] | Avg Makespan: 389.38 | Actor Loss: -0.0064 | Critic Loss: 0.0105 | Grad Norm: 0.8047 | Clipped: 1/4
Epoch [176/4000] | Avg Makespan: 392.62 | Actor Loss: -0.0042 | Critic Loss: 0.0380 | Grad Norm: 0.7260 | Clipped: 1/4
Epoch [177/4000] | Avg Makespan: 391.75 | Actor Loss: -0.0047 | Critic Loss: 0.0104 | Grad Norm: 0.9077 | Clipped: 2/4
Epoch [178/4000] | Avg Makespan: 396.25 | Actor Loss: -0.0049 | Critic Loss: 0.0523 | Grad Norm: 0.7980 | Clipped: 0/4
Epoch [179/4000] | Avg Makespan: 383.62 | Actor Loss: -0.0082 | Critic Loss: 0.0432 | Grad Norm: 1.0226 | Clipped: 2/4
Epoch [180/4000] | Avg Makespan: 388.00 | Actor Loss: -0.0040 | Critic Loss: 0.0328 | Grad Norm: 0.6526 | Clipped: 0/4
Epoch [181/4000] | Avg Makespan: 392.50 | Actor Loss: -0.0048 | Critic Loss: 0.0388 | Grad Norm: 1.2948 | Clipped: 3/4
Epoch [182/4000] | Avg Makespan: 390.75 | Actor Loss: -0.0048 | Critic Loss: 0.0257 | Grad Norm: 0.9719 | Clipped: 2/4
Epoch [183/4000] | Avg Makespan: 382.88 | Actor Loss: -0.0087 | Critic Loss: 0.0811 | Grad Norm: 0.8099 | Clipped: 0/4
Epoch [184/4000] | Avg Makespan: 387.12 | Actor Loss: -0.0047 | Critic Loss: 0.0172 | Grad Norm: 0.9830 | Clipped: 2/4
Epoch [185/4000] | Avg Makespan: 391.50 | Actor Loss: -0.0048 | Critic Loss: 0.0220 | Grad Norm: 0.9840 | Clipped: 2/4
Epoch [186/4000] | Avg Makespan: 383.00 | Actor Loss: -0.0036 | Critic Loss: 0.0341 | Grad Norm: 1.2356 | Clipped: 2/4
Epoch [187/4000] | Avg Makespan: 381.38 | Actor Loss: -0.0038 | Critic Loss: 0.0737 | Grad Norm: 1.1379 | Clipped: 3/4
Epoch [188/4000] | Avg Makespan: 399.00 | Actor Loss: -0.0070 | Critic Loss: 0.0349 | Grad Norm: 0.8695 | Clipped: 1/4
Epoch [189/4000] | Avg Makespan: 381.62 | Actor Loss: -0.0065 | Critic Loss: 0.0732 | Grad Norm: 0.8874 | Clipped: 1/4
Epoch [190/4000] | Avg Makespan: 397.50 | Actor Loss: -0.0062 | Critic Loss: 0.0409 | Grad Norm: 1.2689 | Clipped: 3/4
Epoch [191/4000] | Avg Makespan: 390.00 | Actor Loss: -0.0069 | Critic Loss: 0.0601 | Grad Norm: 0.8967 | Clipped: 1/4
Epoch [192/4000] | Avg Makespan: 386.38 | Actor Loss: -0.0037 | Critic Loss: 0.0191 | Grad Norm: 0.7450 | Clipped: 0/4
Epoch [193/4000] | Avg Makespan: 387.25 | Actor Loss: -0.0054 | Critic Loss: 0.0479 | Grad Norm: 0.7509 | Clipped: 1/4
Epoch [194/4000] | Avg Makespan: 385.38 | Actor Loss: -0.0060 | Critic Loss: 0.0270 | Grad Norm: 0.8142 | Clipped: 1/4
Epoch [195/4000] | Avg Makespan: 395.75 | Actor Loss: -0.0049 | Critic Loss: 0.0337 | Grad Norm: 0.7923 | Clipped: 1/4
Epoch [196/4000] | Avg Makespan: 382.50 | Actor Loss: -0.0076 | Critic Loss: 0.0406 | Grad Norm: 0.9744 | Clipped: 2/4
Epoch [197/4000] | Avg Makespan: 384.88 | Actor Loss: -0.0030 | Critic Loss: 0.0139 | Grad Norm: 1.1494 | Clipped: 3/4
Epoch [198/4000] | Avg Makespan: 384.12 | Actor Loss: -0.0048 | Critic Loss: 0.0385 | Grad Norm: 0.7002 | Clipped: 1/4
Epoch [199/4000] | Avg Makespan: 387.50 | Actor Loss: -0.0059 | Critic Loss: 0.0391 | Grad Norm: 0.7630 | Clipped: 1/4
Epoch [200/4000] | Avg Makespan: 378.88 | Actor Loss: -0.0075 | Critic Loss: 0.0462 | Grad Norm: 1.1797 | Clipped: 4/4
   -> Validation | Samples: 280 | Makespan: 533.69 | Invalid Jobs: 0.01 | Score: 540.83
   -> Val Score 540.83 (warming up 3/5, no selection yet)
   -> Saved updated training chart to /home/wei/Desktop/AMR-DFJSP/runs/20260819_144532_v10_C_s44/chart.png
Epoch [201/4000] | Avg Makespan: 382.88 | Actor Loss: -0.0029 | Critic Loss: 0.0778 | Grad Norm: 1.1250 | Clipped: 3/4
Epoch [202/4000] | Avg Makespan: 386.25 | Actor Loss: -0.0059 | Critic Loss: 0.0755 | Grad Norm: 0.9223 | Clipped: 1/4
Epoch [203/4000] | Avg Makespan: 390.12 | Actor Loss: -0.0058 | Critic Loss: 0.0346 | Grad Norm: 0.9415 | Clipped: 3/4
Epoch [204/4000] | Avg Makespan: 390.75 | Actor Loss: -0.0069 | Critic Loss: 0.0299 | Grad Norm: 1.2462 | Clipped: 1/4
Epoch [205/4000] | Avg Makespan: 385.25 | Actor Loss: -0.0091 | Critic Loss: 0.1027 | Grad Norm: 0.8648 | Clipped: 1/4
Epoch [206/4000] | Avg Makespan: 380.75 | Actor Loss: -0.0066 | Critic Loss: 0.0153 | Grad Norm: 0.9733 | Clipped: 1/4
Epoch [207/4000] | Avg Makespan: 384.50 | Actor Loss: -0.0063 | Critic Loss: 0.0363 | Grad Norm: 0.6284 | Clipped: 0/4
Epoch [208/4000] | Avg Makespan: 374.62 | Actor Loss: -0.0056 | Critic Loss: 0.0134 | Grad Norm: 0.8608 | Clipped: 1/4
Epoch [209/4000] | Avg Makespan: 374.12 | Actor Loss: -0.0067 | Critic Loss: 0.0271 | Grad Norm: 0.7166 | Clipped: 0/4
Epoch [210/4000] | Avg Makespan: 383.88 | Actor Loss: -0.0023 | Critic Loss: 0.0552 | Grad Norm: 0.9497 | Clipped: 2/4
Epoch [211/4000] | Avg Makespan: 375.25 | Actor Loss: -0.0042 | Critic Loss: 0.0247 | Grad Norm: 0.9887 | Clipped: 1/4
Epoch [212/4000] | Avg Makespan: 385.12 | Actor Loss: -0.0024 | Critic Loss: 0.0230 | Grad Norm: 0.9464 | Clipped: 2/4
Epoch [213/4000] | Avg Makespan: 380.00 | Actor Loss: -0.0046 | Critic Loss: 0.0208 | Grad Norm: 1.0331 | Clipped: 2/4
Epoch [214/4000] | Avg Makespan: 396.50 | Actor Loss: -0.0030 | Critic Loss: 0.0481 | Grad Norm: 1.1756 | Clipped: 2/4
Epoch [215/4000] | Avg Makespan: 386.12 | Actor Loss: -0.0019 | Critic Loss: 0.0652 | Grad Norm: 1.4431 | Clipped: 3/4
Epoch [216/4000] | Avg Makespan: 382.62 | Actor Loss: -0.0079 | Critic Loss: 0.0372 | Grad Norm: 1.3214 | Clipped: 3/4
Epoch [217/4000] | Avg Makespan: 376.50 | Actor Loss: -0.0012 | Critic Loss: 0.0250 | Grad Norm: 1.5246 | Clipped: 4/4
Epoch [218/4000] | Avg Makespan: 382.62 | Actor Loss: -0.0045 | Critic Loss: 0.0390 | Grad Norm: 1.1619 | Clipped: 3/4
Epoch [219/4000] | Avg Makespan: 377.88 | Actor Loss: -0.0028 | Critic Loss: 0.0345 | Grad Norm: 1.2321 | Clipped: 3/4
Epoch [220/4000] | Avg Makespan: 387.38 | Actor Loss: -0.0087 | Critic Loss: 0.0285 | Grad Norm: 1.6017 | Clipped: 4/4
Epoch [221/4000] | Avg Makespan: 394.75 | Actor Loss: -0.0051 | Critic Loss: 0.0444 | Grad Norm: 1.4157 | Clipped: 3/4
Epoch [222/4000] | Avg Makespan: 392.88 | Actor Loss: -0.0024 | Critic Loss: 0.0332 | Grad Norm: 1.1915 | Clipped: 3/4
Epoch [223/4000] | Avg Makespan: 388.00 | Actor Loss: -0.0037 | Critic Loss: 0.0368 | Grad Norm: 0.9589 | Clipped: 1/4
Epoch [224/4000] | Avg Makespan: 388.38 | Actor Loss: 0.0099 | Critic Loss: 0.0358 | Grad Norm: 1.8909 | Clipped: 4/4
Epoch [225/4000] | Avg Makespan: 379.00 | Actor Loss: -0.0049 | Critic Loss: 0.0439 | Grad Norm: 0.7603 | Clipped: 1/4
Epoch [226/4000] | Avg Makespan: 381.50 | Actor Loss: 0.0005 | Critic Loss: 0.0289 | Grad Norm: 1.1666 | Clipped: 2/4
Epoch [227/4000] | Avg Makespan: 389.00 | Actor Loss: -0.0020 | Critic Loss: 0.0522 | Grad Norm: 0.7185 | Clipped: 0/4
Epoch [228/4000] | Avg Makespan: 397.25 | Actor Loss: -0.0052 | Critic Loss: 0.0337 | Grad Norm: 0.7753 | Clipped: 0/4
Epoch [229/4000] | Avg Makespan: 389.25 | Actor Loss: -0.0087 | Critic Loss: 0.0338 | Grad Norm: 0.8155 | Clipped: 0/4
Epoch [230/4000] | Avg Makespan: 388.62 | Actor Loss: -0.0038 | Critic Loss: 0.0176 | Grad Norm: 0.6935 | Clipped: 1/4
Epoch [231/4000] | Avg Makespan: 379.88 | Actor Loss: -0.0068 | Critic Loss: 0.0217 | Grad Norm: 0.7482 | Clipped: 0/4
Epoch [232/4000] | Avg Makespan: 388.25 | Actor Loss: -0.0076 | Critic Loss: 0.0533 | Grad Norm: 0.6714 | Clipped: 0/4
Epoch [233/4000] | Avg Makespan: 386.38 | Actor Loss: -0.0075 | Critic Loss: 0.0355 | Grad Norm: 0.8584 | Clipped: 1/4
Epoch [234/4000] | Avg Makespan: 391.12 | Actor Loss: -0.0073 | Critic Loss: 0.0235 | Grad Norm: 0.9493 | Clipped: 2/4
Epoch [235/4000] | Avg Makespan: 386.50 | Actor Loss: -0.0088 | Critic Loss: 0.0451 | Grad Norm: 0.8307 | Clipped: 1/4
Epoch [236/4000] | Avg Makespan: 385.00 | Actor Loss: -0.0059 | Critic Loss: 0.0367 | Grad Norm: 0.8210 | Clipped: 1/4
Epoch [237/4000] | Avg Makespan: 388.75 | Actor Loss: -0.0047 | Critic Loss: 0.0416 | Grad Norm: 0.7531 | Clipped: 0/4
Epoch [238/4000] | Avg Makespan: 378.12 | Actor Loss: -0.0045 | Critic Loss: 0.0159 | Grad Norm: 0.5610 | Clipped: 0/4
Epoch [239/4000] | Avg Makespan: 389.75 | Actor Loss: -0.0013 | Critic Loss: 0.0533 | Grad Norm: 1.2229 | Clipped: 2/4
Epoch [240/4000] | Avg Makespan: 372.00 | Actor Loss: -0.0040 | Critic Loss: 0.0629 | Grad Norm: 0.7514 | Clipped: 0/4
Epoch [241/4000] | Avg Makespan: 394.62 | Actor Loss: -0.0039 | Critic Loss: 0.0854 | Grad Norm: 0.8007 | Clipped: 0/4
Epoch [242/4000] | Avg Makespan: 391.25 | Actor Loss: -0.0069 | Critic Loss: 0.0306 | Grad Norm: 0.8653 | Clipped: 0/4
Epoch [243/4000] | Avg Makespan: 385.38 | Actor Loss: -0.0052 | Critic Loss: 0.0474 | Grad Norm: 1.0318 | Clipped: 1/4
Epoch [244/4000] | Avg Makespan: 368.25 | Actor Loss: -0.0036 | Critic Loss: 0.0278 | Grad Norm: 0.6927 | Clipped: 0/4
Epoch [245/4000] | Avg Makespan: 393.75 | Actor Loss: -0.0007 | Critic Loss: 0.1543 | Grad Norm: 1.3182 | Clipped: 3/4
Epoch [246/4000] | Avg Makespan: 384.25 | Actor Loss: -0.0039 | Critic Loss: 0.0362 | Grad Norm: 1.2304 | Clipped: 2/4
Epoch [247/4000] | Avg Makespan: 395.25 | Actor Loss: -0.0069 | Critic Loss: 0.0575 | Grad Norm: 1.0155 | Clipped: 2/4
Epoch [248/4000] | Avg Makespan: 387.25 | Actor Loss: -0.0029 | Critic Loss: 0.0306 | Grad Norm: 1.2057 | Clipped: 3/4
Epoch [249/4000] | Avg Makespan: 383.62 | Actor Loss: -0.0064 | Critic Loss: 0.0667 | Grad Norm: 0.7601 | Clipped: 1/4
Epoch [250/4000] | Avg Makespan: 379.00 | Actor Loss: -0.0040 | Critic Loss: 0.0327 | Grad Norm: 0.7970 | Clipped: 0/4
Epoch [251/4000] | Avg Makespan: 379.88 | Actor Loss: -0.0032 | Critic Loss: 0.0262 | Grad Norm: 1.3268 | Clipped: 2/4
Epoch [252/4000] | Avg Makespan: 383.00 | Actor Loss: -0.0066 | Critic Loss: 0.0746 | Grad Norm: 0.8205 | Clipped: 0/4
Epoch [253/4000] | Avg Makespan: 385.50 | Actor Loss: -0.0047 | Critic Loss: 0.0668 | Grad Norm: 0.8572 | Clipped: 1/4
Epoch [254/4000] | Avg Makespan: 367.00 | Actor Loss: -0.0039 | Critic Loss: 0.0588 | Grad Norm: 0.7663 | Clipped: 0/4
Epoch [255/4000] | Avg Makespan: 384.12 | Actor Loss: -0.0052 | Critic Loss: 0.0494 | Grad Norm: 0.7966 | Clipped: 1/4
Epoch [256/4000] | Avg Makespan: 397.75 | Actor Loss: -0.0059 | Critic Loss: 0.0958 | Grad Norm: 0.9945 | Clipped: 1/4
Epoch [257/4000] | Avg Makespan: 381.50 | Actor Loss: -0.0056 | Critic Loss: 0.0673 | Grad Norm: 0.7206 | Clipped: 0/4
Epoch [258/4000] | Avg Makespan: 381.00 | Actor Loss: -0.0041 | Critic Loss: 0.1070 | Grad Norm: 0.8937 | Clipped: 1/4
Epoch [259/4000] | Avg Makespan: 384.00 | Actor Loss: -0.0045 | Critic Loss: 0.0515 | Grad Norm: 1.0268 | Clipped: 2/4
Epoch [260/4000] | Avg Makespan: 394.38 | Actor Loss: -0.0044 | Critic Loss: 0.0444 | Grad Norm: 0.8580 | Clipped: 2/4
Epoch [261/4000] | Avg Makespan: 380.00 | Actor Loss: -0.0042 | Critic Loss: 0.0223 | Grad Norm: 0.9545 | Clipped: 2/4
Epoch [262/4000] | Avg Makespan: 395.38 | Actor Loss: -0.0051 | Critic Loss: 0.0508 | Grad Norm: 1.5391 | Clipped: 4/4
Epoch [263/4000] | Avg Makespan: 384.25 | Actor Loss: -0.0040 | Critic Loss: 0.0406 | Grad Norm: 0.9666 | Clipped: 1/4
Epoch [264/4000] | Avg Makespan: 371.50 | Actor Loss: -0.0046 | Critic Loss: 0.0473 | Grad Norm: 1.1876 | Clipped: 3/4
Epoch [265/4000] | Avg Makespan: 375.88 | Actor Loss: -0.0036 | Critic Loss: 0.0419 | Grad Norm: 1.0383 | Clipped: 2/4
Epoch [266/4000] | Avg Makespan: 387.00 | Actor Loss: -0.0047 | Critic Loss: 0.0989 | Grad Norm: 1.1803 | Clipped: 3/4
Epoch [267/4000] | Avg Makespan: 376.25 | Actor Loss: -0.0085 | Critic Loss: 0.0812 | Grad Norm: 1.2195 | Clipped: 3/4
Epoch [268/4000] | Avg Makespan: 386.88 | Actor Loss: -0.0052 | Critic Loss: 0.0231 | Grad Norm: 1.0097 | Clipped: 3/4
Epoch [269/4000] | Avg Makespan: 393.25 | Actor Loss: -0.0022 | Critic Loss: 0.0277 | Grad Norm: 0.9552 | Clipped: 1/4
Epoch [270/4000] | Avg Makespan: 384.00 | Actor Loss: -0.0073 | Critic Loss: 0.0256 | Grad Norm: 1.8443 | Clipped: 4/4
Epoch [271/4000] | Avg Makespan: 389.88 | Actor Loss: -0.0023 | Critic Loss: 0.0446 | Grad Norm: 1.3987 | Clipped: 4/4
Epoch [272/4000] | Avg Makespan: 393.00 | Actor Loss: -0.0060 | Critic Loss: 0.0305 | Grad Norm: 0.9820 | Clipped: 1/4
Epoch [273/4000] | Avg Makespan: 382.62 | Actor Loss: -0.0005 | Critic Loss: 0.0740 | Grad Norm: 1.3130 | Clipped: 3/4
Epoch [274/4000] | Avg Makespan: 389.00 | Actor Loss: -0.0078 | Critic Loss: 0.0196 | Grad Norm: 0.8234 | Clipped: 1/4
Epoch [275/4000] | Avg Makespan: 383.12 | Actor Loss: -0.0040 | Critic Loss: 0.0088 | Grad Norm: 1.3296 | Clipped: 4/4
Epoch [276/4000] | Avg Makespan: 390.00 | Actor Loss: -0.0071 | Critic Loss: 0.0494 | Grad Norm: 1.0090 | Clipped: 2/4
Epoch [277/4000] | Avg Makespan: 384.00 | Actor Loss: -0.0015 | Critic Loss: 0.0608 | Grad Norm: 1.5712 | Clipped: 4/4
Epoch [278/4000] | Avg Makespan: 389.88 | Actor Loss: -0.0002 | Critic Loss: 0.0128 | Grad Norm: 1.4870 | Clipped: 4/4
Epoch [279/4000] | Avg Makespan: 389.25 | Actor Loss: -0.0050 | Critic Loss: 0.0395 | Grad Norm: 0.9541 | Clipped: 2/4
Epoch [280/4000] | Avg Makespan: 399.12 | Actor Loss: -0.0025 | Critic Loss: 0.0787 | Grad Norm: 2.0254 | Clipped: 4/4
Epoch [281/4000] | Avg Makespan: 387.25 | Actor Loss: -0.0068 | Critic Loss: 0.0934 | Grad Norm: 0.8663 | Clipped: 1/4
Epoch [282/4000] | Avg Makespan: 383.62 | Actor Loss: -0.0037 | Critic Loss: 0.0112 | Grad Norm: 1.2260 | Clipped: 4/4
Epoch [283/4000] | Avg Makespan: 384.12 | Actor Loss: -0.0029 | Critic Loss: 0.0181 | Grad Norm: 1.3228 | Clipped: 4/4
Epoch [284/4000] | Avg Makespan: 375.62 | Actor Loss: -0.0064 | Critic Loss: 0.0577 | Grad Norm: 1.0330 | Clipped: 3/4
Epoch [285/4000] | Avg Makespan: 382.00 | Actor Loss: -0.0071 | Critic Loss: 0.0549 | Grad Norm: 0.7954 | Clipped: 1/4
Epoch [286/4000] | Avg Makespan: 375.50 | Actor Loss: -0.0021 | Critic Loss: 0.0317 | Grad Norm: 1.4736 | Clipped: 3/4
Epoch [287/4000] | Avg Makespan: 380.62 | Actor Loss: -0.0017 | Critic Loss: 0.0336 | Grad Norm: 1.2765 | Clipped: 3/4
Epoch [288/4000] | Avg Makespan: 392.25 | Actor Loss: -0.0007 | Critic Loss: 0.0309 | Grad Norm: 1.5769 | Clipped: 2/4
Epoch [289/4000] | Avg Makespan: 384.38 | Actor Loss: -0.0036 | Critic Loss: 0.0304 | Grad Norm: 1.2151 | Clipped: 4/4
Epoch [290/4000] | Avg Makespan: 379.75 | Actor Loss: -0.0045 | Critic Loss: 0.0558 | Grad Norm: 1.2133 | Clipped: 2/4
Epoch [291/4000] | Avg Makespan: 384.50 | Actor Loss: -0.0032 | Critic Loss: 0.0525 | Grad Norm: 1.3618 | Clipped: 3/4
Epoch [292/4000] | Avg Makespan: 380.75 | Actor Loss: 0.0062 | Critic Loss: 0.0232 | Grad Norm: 1.4484 | Clipped: 3/4
Epoch [293/4000] | Avg Makespan: 388.38 | Actor Loss: -0.0012 | Critic Loss: 0.0227 | Grad Norm: 1.1421 | Clipped: 3/4
Epoch [294/4000] | Avg Makespan: 390.50 | Actor Loss: -0.0035 | Critic Loss: 0.0264 | Grad Norm: 0.8671 | Clipped: 0/4
Epoch [295/4000] | Avg Makespan: 381.75 | Actor Loss: -0.0067 | Critic Loss: 0.0384 | Grad Norm: 0.9804 | Clipped: 2/4
Epoch [296/4000] | Avg Makespan: 387.62 | Actor Loss: 0.0101 | Critic Loss: 0.0355 | Grad Norm: 5.6854 | Clipped: 4/4
Epoch [297/4000] | Avg Makespan: 392.88 | Actor Loss: -0.0035 | Critic Loss: 0.0359 | Grad Norm: 3.3265 | Clipped: 4/4
Epoch [298/4000] | Avg Makespan: 385.38 | Actor Loss: 0.0013 | Critic Loss: 0.0547 | Grad Norm: 1.8124 | Clipped: 4/4
Epoch [299/4000] | Avg Makespan: 381.12 | Actor Loss: 0.0013 | Critic Loss: 0.0174 | Grad Norm: 2.2019 | Clipped: 4/4
Epoch [300/4000] | Avg Makespan: 392.50 | Actor Loss: 0.0011 | Critic Loss: 0.0258 | Grad Norm: 1.8035 | Clipped: 4/4
   -> Validation | Samples: 280 | Makespan: 521.23 | Invalid Jobs: 0.02 | Score: 539.08
   -> Val Score 539.08 (warming up 4/5, no selection yet)
   -> Saved updated training chart to /home/wei/Desktop/AMR-DFJSP/runs/20260819_144532_v10_C_s44/chart.png
Epoch [301/4000] | Avg Makespan: 385.38 | Actor Loss: -0.0017 | Critic Loss: 0.0430 | Grad Norm: 1.1083 | Clipped: 2/4
Epoch [302/4000] | Avg Makespan: 381.25 | Actor Loss: -0.0003 | Critic Loss: 0.0784 | Grad Norm: 1.0491 | Clipped: 1/4
Epoch [303/4000] | Avg Makespan: 386.00 | Actor Loss: -0.0016 | Critic Loss: 0.0254 | Grad Norm: 1.6617 | Clipped: 4/4
Epoch [304/4000] | Avg Makespan: 373.00 | Actor Loss: -0.0056 | Critic Loss: 0.0265 | Grad Norm: 1.9933 | Clipped: 3/4
Epoch [305/4000] | Avg Makespan: 379.38 | Actor Loss: 0.0006 | Critic Loss: 0.0307 | Grad Norm: 1.3098 | Clipped: 2/4
Epoch [306/4000] | Avg Makespan: 393.88 | Actor Loss: -0.0016 | Critic Loss: 0.0472 | Grad Norm: 1.3891 | Clipped: 4/4
Epoch [307/4000] | Avg Makespan: 379.88 | Actor Loss: -0.0044 | Critic Loss: 0.0810 | Grad Norm: 1.4300 | Clipped: 4/4
Epoch [308/4000] | Avg Makespan: 389.50 | Actor Loss: -0.0067 | Critic Loss: 0.0504 | Grad Norm: 1.0804 | Clipped: 1/4
Epoch [309/4000] | Avg Makespan: 379.00 | Actor Loss: -0.0066 | Critic Loss: 0.0248 | Grad Norm: 0.8746 | Clipped: 1/4
Epoch [310/4000] | Avg Makespan: 384.38 | Actor Loss: -0.0046 | Critic Loss: 0.0850 | Grad Norm: 0.9745 | Clipped: 2/4
Epoch [311/4000] | Avg Makespan: 391.50 | Actor Loss: -0.0045 | Critic Loss: 0.0427 | Grad Norm: 0.9353 | Clipped: 1/4
Epoch [312/4000] | Avg Makespan: 402.38 | Actor Loss: -0.0039 | Critic Loss: 0.1160 | Grad Norm: 1.8306 | Clipped: 2/4
Epoch [313/4000] | Avg Makespan: 383.62 | Actor Loss: -0.0004 | Critic Loss: 0.0499 | Grad Norm: 1.3805 | Clipped: 4/4
Epoch [314/4000] | Avg Makespan: 380.62 | Actor Loss: -0.0048 | Critic Loss: 0.0440 | Grad Norm: 0.9013 | Clipped: 1/4
Epoch [315/4000] | Avg Makespan: 407.75 | Actor Loss: 0.0012 | Critic Loss: 0.0954 | Grad Norm: 1.4948 | Clipped: 4/4
Epoch [316/4000] | Avg Makespan: 392.25 | Actor Loss: -0.0031 | Critic Loss: 0.0887 | Grad Norm: 1.1617 | Clipped: 3/4
Epoch [317/4000] | Avg Makespan: 372.38 | Actor Loss: 0.0016 | Critic Loss: 0.0452 | Grad Norm: 1.0741 | Clipped: 3/4
Epoch [318/4000] | Avg Makespan: 384.12 | Actor Loss: -0.0026 | Critic Loss: 0.0726 | Grad Norm: 1.1813 | Clipped: 3/4
Epoch [319/4000] | Avg Makespan: 402.12 | Actor Loss: -0.0019 | Critic Loss: 0.1686 | Grad Norm: 1.5954 | Clipped: 4/4
Epoch [320/4000] | Avg Makespan: 370.38 | Actor Loss: -0.0045 | Critic Loss: 0.1564 | Grad Norm: 1.3038 | Clipped: 4/4
Epoch [321/4000] | Avg Makespan: 394.38 | Actor Loss: -0.0075 | Critic Loss: 0.1967 | Grad Norm: 1.0732 | Clipped: 3/4
Epoch [322/4000] | Avg Makespan: 385.62 | Actor Loss: -0.0035 | Critic Loss: 0.0909 | Grad Norm: 1.5816 | Clipped: 3/4
Epoch [323/4000] | Avg Makespan: 389.00 | Actor Loss: -0.0011 | Critic Loss: 0.0476 | Grad Norm: 1.1844 | Clipped: 3/4
Epoch [324/4000] | Avg Makespan: 390.75 | Actor Loss: -0.0010 | Critic Loss: 0.0495 | Grad Norm: 1.5935 | Clipped: 3/4
Epoch [325/4000] | Avg Makespan: 400.25 | Actor Loss: -0.0066 | Critic Loss: 0.0413 | Grad Norm: 1.0657 | Clipped: 2/4
Epoch [326/4000] | Avg Makespan: 398.12 | Actor Loss: -0.0026 | Critic Loss: 0.0822 | Grad Norm: 1.1356 | Clipped: 3/4
Epoch [327/4000] | Avg Makespan: 375.12 | Actor Loss: -0.0034 | Critic Loss: 0.1345 | Grad Norm: 1.3253 | Clipped: 3/4
Epoch [328/4000] | Avg Makespan: 388.38 | Actor Loss: -0.0088 | Critic Loss: 0.0819 | Grad Norm: 1.0326 | Clipped: 2/4
Epoch [329/4000] | Avg Makespan: 385.12 | Actor Loss: -0.0051 | Critic Loss: 0.0584 | Grad Norm: 1.5023 | Clipped: 4/4
Epoch [330/4000] | Avg Makespan: 391.12 | Actor Loss: -0.0042 | Critic Loss: 0.0564 | Grad Norm: 1.4778 | Clipped: 4/4
Epoch [331/4000] | Avg Makespan: 391.75 | Actor Loss: -0.0072 | Critic Loss: 0.0621 | Grad Norm: 0.7120 | Clipped: 0/4
Epoch [332/4000] | Avg Makespan: 398.12 | Actor Loss: -0.0040 | Critic Loss: 0.0747 | Grad Norm: 1.0024 | Clipped: 1/4
Epoch [333/4000] | Avg Makespan: 387.50 | Actor Loss: -0.0037 | Critic Loss: 0.1465 | Grad Norm: 1.2896 | Clipped: 2/4
Epoch [334/4000] | Avg Makespan: 381.00 | Actor Loss: -0.0055 | Critic Loss: 0.0666 | Grad Norm: 1.0977 | Clipped: 2/4
Epoch [335/4000] | Avg Makespan: 390.75 | Actor Loss: -0.0037 | Critic Loss: 0.0930 | Grad Norm: 1.4749 | Clipped: 1/4
Epoch [336/4000] | Avg Makespan: 399.25 | Actor Loss: -0.0025 | Critic Loss: 0.2092 | Grad Norm: 1.7016 | Clipped: 2/4
Epoch [337/4000] | Avg Makespan: 380.50 | Actor Loss: -0.0041 | Critic Loss: 0.0490 | Grad Norm: 1.1605 | Clipped: 4/4
Epoch [338/4000] | Avg Makespan: 378.00 | Actor Loss: -0.0073 | Critic Loss: 0.0394 | Grad Norm: 1.5744 | Clipped: 2/4
Epoch [339/4000] | Avg Makespan: 388.75 | Actor Loss: -0.0063 | Critic Loss: 0.0688 | Grad Norm: 1.0968 | Clipped: 3/4
Epoch [340/4000] | Avg Makespan: 384.00 | Actor Loss: -0.0087 | Critic Loss: 0.0443 | Grad Norm: 1.5228 | Clipped: 4/4
Epoch [341/4000] | Avg Makespan: 383.88 | Actor Loss: -0.0062 | Critic Loss: 0.0204 | Grad Norm: 1.3812 | Clipped: 3/4
Epoch [342/4000] | Avg Makespan: 388.50 | Actor Loss: -0.0064 | Critic Loss: 0.0598 | Grad Norm: 1.0500 | Clipped: 3/4
Epoch [343/4000] | Avg Makespan: 404.62 | Actor Loss: -0.0067 | Critic Loss: 0.0702 | Grad Norm: 1.2318 | Clipped: 3/4
Epoch [344/4000] | Avg Makespan: 388.62 | Actor Loss: -0.0078 | Critic Loss: 0.0889 | Grad Norm: 1.0433 | Clipped: 2/4
Epoch [345/4000] | Avg Makespan: 390.25 | Actor Loss: -0.0057 | Critic Loss: 0.0336 | Grad Norm: 1.5425 | Clipped: 3/4
Epoch [346/4000] | Avg Makespan: 390.25 | Actor Loss: -0.0088 | Critic Loss: 0.0697 | Grad Norm: 1.0546 | Clipped: 2/4
Epoch [347/4000] | Avg Makespan: 394.88 | Actor Loss: -0.0045 | Critic Loss: 0.0590 | Grad Norm: 1.3606 | Clipped: 3/4
Epoch [348/4000] | Avg Makespan: 390.38 | Actor Loss: -0.0037 | Critic Loss: 0.0511 | Grad Norm: 1.6433 | Clipped: 4/4
Epoch [349/4000] | Avg Makespan: 383.25 | Actor Loss: -0.0008 | Critic Loss: 0.1106 | Grad Norm: 2.5099 | Clipped: 4/4
Epoch [350/4000] | Avg Makespan: 385.50 | Actor Loss: 0.0009 | Critic Loss: 0.0622 | Grad Norm: 2.7671 | Clipped: 3/4
Epoch [351/4000] | Avg Makespan: 380.25 | Actor Loss: -0.0024 | Critic Loss: 0.0093 | Grad Norm: 1.7056 | Clipped: 4/4
Epoch [352/4000] | Avg Makespan: 384.75 | Actor Loss: -0.0039 | Critic Loss: 0.0543 | Grad Norm: 1.5239 | Clipped: 4/4
Epoch [353/4000] | Avg Makespan: 385.12 | Actor Loss: -0.0039 | Critic Loss: 0.0570 | Grad Norm: 1.6938 | Clipped: 3/4
Epoch [354/4000] | Avg Makespan: 393.50 | Actor Loss: -0.0074 | Critic Loss: 0.0616 | Grad Norm: 1.4362 | Clipped: 4/4
Epoch [355/4000] | Avg Makespan: 374.62 | Actor Loss: -0.0054 | Critic Loss: 0.0396 | Grad Norm: 1.4509 | Clipped: 4/4
Epoch [356/4000] | Avg Makespan: 381.75 | Actor Loss: -0.0035 | Critic Loss: 0.2023 | Grad Norm: 1.2530 | Clipped: 4/4
Epoch [357/4000] | Avg Makespan: 379.75 | Actor Loss: -0.0038 | Critic Loss: 0.0258 | Grad Norm: 1.5924 | Clipped: 4/4
Epoch [358/4000] | Avg Makespan: 373.38 | Actor Loss: -0.0027 | Critic Loss: 0.0375 | Grad Norm: 1.4174 | Clipped: 4/4
Epoch [359/4000] | Avg Makespan: 377.00 | Actor Loss: -0.0050 | Critic Loss: 0.0288 | Grad Norm: 1.3562 | Clipped: 3/4
Epoch [360/4000] | Avg Makespan: 367.38 | Actor Loss: -0.0049 | Critic Loss: 0.0148 | Grad Norm: 0.9734 | Clipped: 2/4
Epoch [361/4000] | Avg Makespan: 385.38 | Actor Loss: -0.0010 | Critic Loss: 0.0423 | Grad Norm: 1.7935 | Clipped: 2/4
Epoch [362/4000] | Avg Makespan: 377.38 | Actor Loss: -0.0038 | Critic Loss: 0.0490 | Grad Norm: 1.1662 | Clipped: 3/4
Epoch [363/4000] | Avg Makespan: 375.50 | Actor Loss: -0.0033 | Critic Loss: 0.0170 | Grad Norm: 1.6377 | Clipped: 3/4
Epoch [364/4000] | Avg Makespan: 375.88 | Actor Loss: -0.0034 | Critic Loss: 0.0411 | Grad Norm: 0.9893 | Clipped: 2/4
Epoch [365/4000] | Avg Makespan: 395.75 | Actor Loss: -0.0046 | Critic Loss: 0.0642 | Grad Norm: 1.5044 | Clipped: 2/4
Epoch [366/4000] | Avg Makespan: 394.38 | Actor Loss: -0.0042 | Critic Loss: 0.0402 | Grad Norm: 1.1353 | Clipped: 3/4
Epoch [367/4000] | Avg Makespan: 384.12 | Actor Loss: -0.0035 | Critic Loss: 0.0960 | Grad Norm: 1.2233 | Clipped: 3/4
Epoch [368/4000] | Avg Makespan: 367.88 | Actor Loss: -0.0054 | Critic Loss: 0.0490 | Grad Norm: 0.9780 | Clipped: 2/4
Epoch [369/4000] | Avg Makespan: 386.50 | Actor Loss: -0.0033 | Critic Loss: 0.1509 | Grad Norm: 0.7493 | Clipped: 0/4
Epoch [370/4000] | Avg Makespan: 384.75 | Actor Loss: -0.0019 | Critic Loss: 0.0503 | Grad Norm: 0.7864 | Clipped: 0/4
Epoch [371/4000] | Avg Makespan: 374.50 | Actor Loss: -0.0058 | Critic Loss: 0.1215 | Grad Norm: 1.0847 | Clipped: 2/4
Epoch [372/4000] | Avg Makespan: 394.75 | Actor Loss: -0.0071 | Critic Loss: 0.0961 | Grad Norm: 0.9942 | Clipped: 1/4
Epoch [373/4000] | Avg Makespan: 387.38 | Actor Loss: -0.0034 | Critic Loss: 0.0318 | Grad Norm: 0.8376 | Clipped: 1/4
Epoch [374/4000] | Avg Makespan: 377.75 | Actor Loss: -0.0035 | Critic Loss: 0.0451 | Grad Norm: 1.4134 | Clipped: 3/4
Epoch [375/4000] | Avg Makespan: 392.12 | Actor Loss: -0.0042 | Critic Loss: 0.0750 | Grad Norm: 0.7783 | Clipped: 1/4
Epoch [376/4000] | Avg Makespan: 371.38 | Actor Loss: -0.0018 | Critic Loss: 0.0446 | Grad Norm: 1.1169 | Clipped: 1/4
Epoch [377/4000] | Avg Makespan: 374.75 | Actor Loss: -0.0037 | Critic Loss: 0.0579 | Grad Norm: 0.5737 | Clipped: 0/4
Epoch [378/4000] | Avg Makespan: 378.88 | Actor Loss: -0.0055 | Critic Loss: 0.0371 | Grad Norm: 0.8485 | Clipped: 0/4
Epoch [379/4000] | Avg Makespan: 371.88 | Actor Loss: -0.0048 | Critic Loss: 0.0375 | Grad Norm: 0.9483 | Clipped: 1/4
Epoch [380/4000] | Avg Makespan: 386.00 | Actor Loss: -0.0013 | Critic Loss: 0.0605 | Grad Norm: 0.9016 | Clipped: 2/4
Epoch [381/4000] | Avg Makespan: 372.25 | Actor Loss: -0.0051 | Critic Loss: 0.0271 | Grad Norm: 0.9215 | Clipped: 1/4
Epoch [382/4000] | Avg Makespan: 373.75 | Actor Loss: -0.0026 | Critic Loss: 0.0419 | Grad Norm: 0.9308 | Clipped: 1/4
Epoch [383/4000] | Avg Makespan: 378.38 | Actor Loss: -0.0022 | Critic Loss: 0.1098 | Grad Norm: 0.6123 | Clipped: 0/4
Epoch [384/4000] | Avg Makespan: 376.62 | Actor Loss: -0.0040 | Critic Loss: 0.0452 | Grad Norm: 0.6046 | Clipped: 1/4
Epoch [385/4000] | Avg Makespan: 390.00 | Actor Loss: -0.0051 | Critic Loss: 0.0432 | Grad Norm: 0.7822 | Clipped: 1/4
Epoch [386/4000] | Avg Makespan: 391.62 | Actor Loss: -0.0049 | Critic Loss: 0.1077 | Grad Norm: 0.7399 | Clipped: 0/4
Epoch [387/4000] | Avg Makespan: 386.25 | Actor Loss: -0.0051 | Critic Loss: 0.0554 | Grad Norm: 0.7349 | Clipped: 0/4
Epoch [388/4000] | Avg Makespan: 359.75 | Actor Loss: -0.0046 | Critic Loss: 0.0873 | Grad Norm: 0.7798 | Clipped: 1/4
Epoch [389/4000] | Avg Makespan: 377.88 | Actor Loss: -0.0059 | Critic Loss: 0.1106 | Grad Norm: 0.7144 | Clipped: 0/4
Epoch [390/4000] | Avg Makespan: 367.75 | Actor Loss: -0.0020 | Critic Loss: 0.0253 | Grad Norm: 1.3159 | Clipped: 1/4
Epoch [391/4000] | Avg Makespan: 390.62 | Actor Loss: -0.0052 | Critic Loss: 0.0615 | Grad Norm: 0.7755 | Clipped: 1/4
Epoch [392/4000] | Avg Makespan: 375.88 | Actor Loss: -0.0050 | Critic Loss: 0.0618 | Grad Norm: 1.0932 | Clipped: 2/4
Epoch [393/4000] | Avg Makespan: 393.62 | Actor Loss: -0.0030 | Critic Loss: 0.1124 | Grad Norm: 0.6337 | Clipped: 0/4
Epoch [394/4000] | Avg Makespan: 385.88 | Actor Loss: -0.0051 | Critic Loss: 0.0875 | Grad Norm: 0.6903 | Clipped: 0/4
Epoch [395/4000] | Avg Makespan: 360.38 | Actor Loss: -0.0046 | Critic Loss: 0.0606 | Grad Norm: 0.7189 | Clipped: 0/4
Epoch [396/4000] | Avg Makespan: 383.50 | Actor Loss: -0.0053 | Critic Loss: 0.0879 | Grad Norm: 0.9142 | Clipped: 1/4
Epoch [397/4000] | Avg Makespan: 385.12 | Actor Loss: -0.0045 | Critic Loss: 0.0951 | Grad Norm: 0.6442 | Clipped: 0/4
Epoch [398/4000] | Avg Makespan: 391.38 | Actor Loss: -0.0095 | Critic Loss: 0.0441 | Grad Norm: 1.0104 | Clipped: 3/4
Epoch [399/4000] | Avg Makespan: 389.12 | Actor Loss: -0.0035 | Critic Loss: 0.1144 | Grad Norm: 0.8856 | Clipped: 1/4
Epoch [400/4000] | Avg Makespan: 381.25 | Actor Loss: -0.0042 | Critic Loss: 0.0574 | Grad Norm: 0.7002 | Clipped: 0/4
   -> Validation | Samples: 280 | Makespan: 525.73 | Invalid Jobs: 0.01 | Score: 532.88
   -> Saved new best model (Val Score mean of last 5: 592.24; this eval 532.88)
   -> Saved updated training chart to /home/wei/Desktop/AMR-DFJSP/runs/20260819_144532_v10_C_s44/chart.png
Epoch [401/4000] | Avg Makespan: 376.38 | Actor Loss: -0.0078 | Critic Loss: 0.0843 | Grad Norm: 0.9116 | Clipped: 1/4
Epoch [402/4000] | Avg Makespan: 385.00 | Actor Loss: -0.0014 | Critic Loss: 0.0403 | Grad Norm: 1.0597 | Clipped: 2/4
Epoch [403/4000] | Avg Makespan: 389.38 | Actor Loss: -0.0040 | Critic Loss: 0.0696 | Grad Norm: 0.9335 | Clipped: 1/4
Epoch [404/4000] | Avg Makespan: 387.25 | Actor Loss: -0.0066 | Critic Loss: 0.0355 | Grad Norm: 1.3143 | Clipped: 4/4
Epoch [405/4000] | Avg Makespan: 389.62 | Actor Loss: -0.0067 | Critic Loss: 0.0564 | Grad Norm: 0.9938 | Clipped: 1/4
Epoch [406/4000] | Avg Makespan: 382.88 | Actor Loss: -0.0078 | Critic Loss: 0.0892 | Grad Norm: 0.9195 | Clipped: 1/4
Epoch [407/4000] | Avg Makespan: 383.25 | Actor Loss: -0.0058 | Critic Loss: 0.0397 | Grad Norm: 0.6657 | Clipped: 0/4
Epoch [408/4000] | Avg Makespan: 388.12 | Actor Loss: -0.0042 | Critic Loss: 0.0687 | Grad Norm: 0.7216 | Clipped: 1/4
Epoch [409/4000] | Avg Makespan: 371.75 | Actor Loss: -0.0059 | Critic Loss: 0.0241 | Grad Norm: 0.8878 | Clipped: 2/4
Epoch [410/4000] | Avg Makespan: 372.50 | Actor Loss: -0.0031 | Critic Loss: 0.0464 | Grad Norm: 0.8374 | Clipped: 2/4
Epoch [411/4000] | Avg Makespan: 374.75 | Actor Loss: 0.0005 | Critic Loss: 0.0640 | Grad Norm: 1.3194 | Clipped: 4/4
Epoch [412/4000] | Avg Makespan: 374.62 | Actor Loss: 0.0032 | Critic Loss: 0.0449 | Grad Norm: 1.3098 | Clipped: 4/4
Epoch [413/4000] | Avg Makespan: 385.50 | Actor Loss: 0.0002 | Critic Loss: 0.0344 | Grad Norm: 1.2049 | Clipped: 2/4
Epoch [414/4000] | Avg Makespan: 395.38 | Actor Loss: -0.0016 | Critic Loss: 0.0553 | Grad Norm: 0.9308 | Clipped: 2/4
Epoch [415/4000] | Avg Makespan: 371.75 | Actor Loss: -0.0003 | Critic Loss: 0.0910 | Grad Norm: 0.7716 | Clipped: 0/4
Epoch [416/4000] | Avg Makespan: 379.62 | Actor Loss: -0.0043 | Critic Loss: 0.0658 | Grad Norm: 0.7513 | Clipped: 1/4
Epoch [417/4000] | Avg Makespan: 376.38 | Actor Loss: -0.0033 | Critic Loss: 0.0258 | Grad Norm: 0.4977 | Clipped: 0/4
Epoch [418/4000] | Avg Makespan: 379.25 | Actor Loss: -0.0038 | Critic Loss: 0.0444 | Grad Norm: 0.6481 | Clipped: 0/4
Epoch [419/4000] | Avg Makespan: 377.88 | Actor Loss: -0.0073 | Critic Loss: 0.0444 | Grad Norm: 0.8011 | Clipped: 1/4
Epoch [420/4000] | Avg Makespan: 376.00 | Actor Loss: -0.0068 | Critic Loss: 0.0764 | Grad Norm: 0.7789 | Clipped: 1/4
Epoch [421/4000] | Avg Makespan: 382.25 | Actor Loss: -0.0026 | Critic Loss: 0.1737 | Grad Norm: 0.7578 | Clipped: 0/4
Epoch [422/4000] | Avg Makespan: 391.00 | Actor Loss: -0.0029 | Critic Loss: 0.0576 | Grad Norm: 0.6232 | Clipped: 0/4
Epoch [423/4000] | Avg Makespan: 394.62 | Actor Loss: -0.0046 | Critic Loss: 0.0869 | Grad Norm: 1.3430 | Clipped: 2/4
Epoch [424/4000] | Avg Makespan: 388.12 | Actor Loss: -0.0045 | Critic Loss: 0.0399 | Grad Norm: 0.7527 | Clipped: 1/4
Epoch [425/4000] | Avg Makespan: 385.38 | Actor Loss: -0.0043 | Critic Loss: 0.0491 | Grad Norm: 0.6678 | Clipped: 0/4
Epoch [426/4000] | Avg Makespan: 390.12 | Actor Loss: -0.0074 | Critic Loss: 0.0843 | Grad Norm: 0.9661 | Clipped: 1/4
Epoch [427/4000] | Avg Makespan: 383.38 | Actor Loss: -0.0057 | Critic Loss: 0.0290 | Grad Norm: 0.6335 | Clipped: 0/4
Epoch [428/4000] | Avg Makespan: 390.62 | Actor Loss: -0.0043 | Critic Loss: 0.0495 | Grad Norm: 0.6962 | Clipped: 0/4
Epoch [429/4000] | Avg Makespan: 374.75 | Actor Loss: -0.0013 | Critic Loss: 0.0692 | Grad Norm: 0.7526 | Clipped: 1/4
Epoch [430/4000] | Avg Makespan: 380.12 | Actor Loss: -0.0026 | Critic Loss: 0.0784 | Grad Norm: 0.8086 | Clipped: 1/4
Epoch [431/4000] | Avg Makespan: 375.88 | Actor Loss: -0.0053 | Critic Loss: 0.0573 | Grad Norm: 0.6800 | Clipped: 0/4
Epoch [432/4000] | Avg Makespan: 375.62 | Actor Loss: -0.0046 | Critic Loss: 0.0860 | Grad Norm: 0.9973 | Clipped: 2/4
Epoch [433/4000] | Avg Makespan: 383.62 | Actor Loss: -0.0045 | Critic Loss: 0.0876 | Grad Norm: 0.9537 | Clipped: 1/4
Epoch [434/4000] | Avg Makespan: 388.00 | Actor Loss: -0.0020 | Critic Loss: 0.2042 | Grad Norm: 0.9760 | Clipped: 1/4
Epoch [435/4000] | Avg Makespan: 375.12 | Actor Loss: -0.0048 | Critic Loss: 0.0555 | Grad Norm: 1.0761 | Clipped: 3/4
Epoch [436/4000] | Avg Makespan: 378.25 | Actor Loss: -0.0044 | Critic Loss: 0.0544 | Grad Norm: 0.6258 | Clipped: 0/4
Epoch [437/4000] | Avg Makespan: 381.38 | Actor Loss: -0.0080 | Critic Loss: 0.1763 | Grad Norm: 0.9094 | Clipped: 2/4
Epoch [438/4000] | Avg Makespan: 389.00 | Actor Loss: -0.0018 | Critic Loss: 0.1079 | Grad Norm: 0.9125 | Clipped: 1/4
Epoch [439/4000] | Avg Makespan: 393.88 | Actor Loss: -0.0040 | Critic Loss: 0.0748 | Grad Norm: 1.2031 | Clipped: 4/4
Epoch [440/4000] | Avg Makespan: 369.12 | Actor Loss: 0.0001 | Critic Loss: 0.1317 | Grad Norm: 1.4841 | Clipped: 4/4
Epoch [441/4000] | Avg Makespan: 376.50 | Actor Loss: 0.0008 | Critic Loss: 0.1206 | Grad Norm: 1.1036 | Clipped: 2/4
Epoch [442/4000] | Avg Makespan: 383.12 | Actor Loss: -0.0035 | Critic Loss: 0.1587 | Grad Norm: 1.0498 | Clipped: 2/4
Epoch [443/4000] | Avg Makespan: 382.62 | Actor Loss: -0.0057 | Critic Loss: 0.0878 | Grad Norm: 0.9255 | Clipped: 2/4
Epoch [444/4000] | Avg Makespan: 379.50 | Actor Loss: -0.0054 | Critic Loss: 0.0847 | Grad Norm: 1.2481 | Clipped: 4/4
Epoch [445/4000] | Avg Makespan: 383.00 | Actor Loss: -0.0046 | Critic Loss: 0.0556 | Grad Norm: 1.2101 | Clipped: 3/4
Epoch [446/4000] | Avg Makespan: 375.25 | Actor Loss: -0.0050 | Critic Loss: 0.1165 | Grad Norm: 0.7906 | Clipped: 1/4
Epoch [447/4000] | Avg Makespan: 383.00 | Actor Loss: -0.0034 | Critic Loss: 0.0517 | Grad Norm: 1.0519 | Clipped: 1/4
Epoch [448/4000] | Avg Makespan: 377.50 | Actor Loss: -0.0062 | Critic Loss: 0.1658 | Grad Norm: 0.6384 | Clipped: 0/4
Epoch [449/4000] | Avg Makespan: 373.00 | Actor Loss: -0.0053 | Critic Loss: 0.0566 | Grad Norm: 0.6583 | Clipped: 0/4
Epoch [450/4000] | Avg Makespan: 384.50 | Actor Loss: -0.0054 | Critic Loss: 0.0746 | Grad Norm: 0.7118 | Clipped: 0/4
Epoch [451/4000] | Avg Makespan: 375.00 | Actor Loss: -0.0045 | Critic Loss: 0.0688 | Grad Norm: 0.9765 | Clipped: 1/4
Epoch [452/4000] | Avg Makespan: 375.12 | Actor Loss: -0.0045 | Critic Loss: 0.0914 | Grad Norm: 0.7226 | Clipped: 0/4
Epoch [453/4000] | Avg Makespan: 383.88 | Actor Loss: -0.0060 | Critic Loss: 0.0367 | Grad Norm: 0.8851 | Clipped: 1/4
Epoch [454/4000] | Avg Makespan: 385.25 | Actor Loss: -0.0024 | Critic Loss: 0.0677 | Grad Norm: 0.6218 | Clipped: 0/4
Epoch [455/4000] | Avg Makespan: 393.25 | Actor Loss: -0.0048 | Critic Loss: 0.0397 | Grad Norm: 1.0745 | Clipped: 3/4
Epoch [456/4000] | Avg Makespan: 394.50 | Actor Loss: -0.0052 | Critic Loss: 0.1200 | Grad Norm: 0.6064 | Clipped: 0/4
Epoch [457/4000] | Avg Makespan: 384.38 | Actor Loss: -0.0053 | Critic Loss: 0.0625 | Grad Norm: 1.0297 | Clipped: 2/4
Epoch [458/4000] | Avg Makespan: 369.50 | Actor Loss: -0.0018 | Critic Loss: 0.1041 | Grad Norm: 1.0783 | Clipped: 2/4
Epoch [459/4000] | Avg Makespan: 381.00 | Actor Loss: -0.0046 | Critic Loss: 0.0548 | Grad Norm: 1.0315 | Clipped: 2/4
Epoch [460/4000] | Avg Makespan: 372.25 | Actor Loss: -0.0036 | Critic Loss: 0.0781 | Grad Norm: 0.7071 | Clipped: 0/4
Epoch [461/4000] | Avg Makespan: 375.50 | Actor Loss: -0.0031 | Critic Loss: 0.0562 | Grad Norm: 1.2381 | Clipped: 2/4
Epoch [462/4000] | Avg Makespan: 370.00 | Actor Loss: -0.0046 | Critic Loss: 0.0883 | Grad Norm: 0.8721 | Clipped: 1/4
Epoch [463/4000] | Avg Makespan: 372.38 | Actor Loss: -0.0072 | Critic Loss: 0.0354 | Grad Norm: 0.9883 | Clipped: 2/4
Epoch [464/4000] | Avg Makespan: 382.88 | Actor Loss: -0.0055 | Critic Loss: 0.0569 | Grad Norm: 0.9129 | Clipped: 2/4
Epoch [465/4000] | Avg Makespan: 382.25 | Actor Loss: -0.0043 | Critic Loss: 0.1008 | Grad Norm: 0.8551 | Clipped: 1/4
Epoch [466/4000] | Avg Makespan: 380.75 | Actor Loss: -0.0046 | Critic Loss: 0.0400 | Grad Norm: 0.7770 | Clipped: 0/4
Epoch [467/4000] | Avg Makespan: 375.50 | Actor Loss: -0.0017 | Critic Loss: 0.0497 | Grad Norm: 0.8580 | Clipped: 1/4
Epoch [468/4000] | Avg Makespan: 371.75 | Actor Loss: -0.0007 | Critic Loss: 0.0664 | Grad Norm: 1.0842 | Clipped: 1/4
Epoch [469/4000] | Avg Makespan: 367.50 | Actor Loss: -0.0036 | Critic Loss: 0.0291 | Grad Norm: 0.6138 | Clipped: 0/4
Epoch [470/4000] | Avg Makespan: 377.12 | Actor Loss: -0.0021 | Critic Loss: 0.1021 | Grad Norm: 0.7509 | Clipped: 1/4
Epoch [471/4000] | Avg Makespan: 360.25 | Actor Loss: -0.0047 | Critic Loss: 0.0392 | Grad Norm: 0.5471 | Clipped: 0/4
Epoch [472/4000] | Avg Makespan: 378.25 | Actor Loss: -0.0041 | Critic Loss: 0.0696 | Grad Norm: 0.5532 | Clipped: 0/4
Epoch [473/4000] | Avg Makespan: 376.25 | Actor Loss: -0.0041 | Critic Loss: 0.0429 | Grad Norm: 0.7994 | Clipped: 0/4
Epoch [474/4000] | Avg Makespan: 372.38 | Actor Loss: -0.0034 | Critic Loss: 0.1016 | Grad Norm: 0.8085 | Clipped: 1/4
Epoch [475/4000] | Avg Makespan: 370.12 | Actor Loss: -0.0051 | Critic Loss: 0.0564 | Grad Norm: 0.6971 | Clipped: 0/4
Epoch [476/4000] | Avg Makespan: 393.00 | Actor Loss: -0.0034 | Critic Loss: 0.1659 | Grad Norm: 0.8288 | Clipped: 0/4
Epoch [477/4000] | Avg Makespan: 376.50 | Actor Loss: -0.0044 | Critic Loss: 0.0588 | Grad Norm: 1.1504 | Clipped: 4/4
Epoch [478/4000] | Avg Makespan: 374.62 | Actor Loss: -0.0035 | Critic Loss: 0.0298 | Grad Norm: 0.5948 | Clipped: 0/4
Epoch [479/4000] | Avg Makespan: 370.88 | Actor Loss: -0.0034 | Critic Loss: 0.0444 | Grad Norm: 0.5333 | Clipped: 0/4
Epoch [480/4000] | Avg Makespan: 377.38 | Actor Loss: -0.0040 | Critic Loss: 0.0485 | Grad Norm: 0.7521 | Clipped: 0/4
Epoch [481/4000] | Avg Makespan: 388.75 | Actor Loss: -0.0021 | Critic Loss: 0.1343 | Grad Norm: 0.6648 | Clipped: 0/4
Epoch [482/4000] | Avg Makespan: 380.88 | Actor Loss: -0.0043 | Critic Loss: 0.0560 | Grad Norm: 0.9124 | Clipped: 0/4
Epoch [483/4000] | Avg Makespan: 381.88 | Actor Loss: -0.0037 | Critic Loss: 0.0559 | Grad Norm: 0.8059 | Clipped: 0/4
Epoch [484/4000] | Avg Makespan: 363.12 | Actor Loss: -0.0040 | Critic Loss: 0.0960 | Grad Norm: 0.7007 | Clipped: 1/4
Epoch [485/4000] | Avg Makespan: 375.12 | Actor Loss: -0.0054 | Critic Loss: 0.0461 | Grad Norm: 0.8334 | Clipped: 1/4
Epoch [486/4000] | Avg Makespan: 395.12 | Actor Loss: -0.0009 | Critic Loss: 0.2131 | Grad Norm: 0.7911 | Clipped: 1/4
Epoch [487/4000] | Avg Makespan: 388.38 | Actor Loss: -0.0026 | Critic Loss: 0.0394 | Grad Norm: 0.6028 | Clipped: 0/4
Epoch [488/4000] | Avg Makespan: 380.50 | Actor Loss: -0.0056 | Critic Loss: 0.1140 | Grad Norm: 0.7174 | Clipped: 0/4
Epoch [489/4000] | Avg Makespan: 372.75 | Actor Loss: -0.0023 | Critic Loss: 0.1069 | Grad Norm: 0.6887 | Clipped: 0/4
Epoch [490/4000] | Avg Makespan: 387.38 | Actor Loss: -0.0047 | Critic Loss: 0.0651 | Grad Norm: 0.9859 | Clipped: 2/4
Epoch [491/4000] | Avg Makespan: 387.38 | Actor Loss: -0.0051 | Critic Loss: 0.1444 | Grad Norm: 0.7516 | Clipped: 1/4
Epoch [492/4000] | Avg Makespan: 376.50 | Actor Loss: -0.0038 | Critic Loss: 0.0553 | Grad Norm: 0.7959 | Clipped: 1/4
Epoch [493/4000] | Avg Makespan: 384.38 | Actor Loss: -0.0072 | Critic Loss: 0.0780 | Grad Norm: 0.6643 | Clipped: 0/4
Epoch [494/4000] | Avg Makespan: 382.75 | Actor Loss: -0.0052 | Critic Loss: 0.0447 | Grad Norm: 0.6774 | Clipped: 0/4
Epoch [495/4000] | Avg Makespan: 381.25 | Actor Loss: -0.0031 | Critic Loss: 0.0590 | Grad Norm: 0.6198 | Clipped: 0/4
Epoch [496/4000] | Avg Makespan: 381.88 | Actor Loss: -0.0051 | Critic Loss: 0.0201 | Grad Norm: 0.5477 | Clipped: 0/4
Epoch [497/4000] | Avg Makespan: 376.00 | Actor Loss: -0.0027 | Critic Loss: 0.0406 | Grad Norm: 0.6070 | Clipped: 0/4
Epoch [498/4000] | Avg Makespan: 381.75 | Actor Loss: -0.0069 | Critic Loss: 0.0567 | Grad Norm: 0.4164 | Clipped: 0/4
Epoch [499/4000] | Avg Makespan: 387.75 | Actor Loss: -0.0045 | Critic Loss: 0.0471 | Grad Norm: 0.5292 | Clipped: 0/4
Epoch [500/4000] | Avg Makespan: 388.25 | Actor Loss: -0.0040 | Critic Loss: 0.0314 | Grad Norm: 0.5817 | Clipped: 0/4
   -> Validation | Samples: 280 | Makespan: 529.01 | Invalid Jobs: 0.01 | Score: 536.15
   -> Saved new best model (Val Score mean of last 5: 535.57; this eval 536.15)
   -> Saved updated training chart to /home/wei/Desktop/AMR-DFJSP/runs/20260819_144532_v10_C_s44/chart.png
Epoch [501/4000] | Avg Makespan: 377.75 | Actor Loss: -0.0023 | Critic Loss: 0.0308 | Grad Norm: 0.3760 | Clipped: 0/4
Epoch [502/4000] | Avg Makespan: 371.00 | Actor Loss: -0.0022 | Critic Loss: 0.0556 | Grad Norm: 0.6811 | Clipped: 0/4
Epoch [503/4000] | Avg Makespan: 378.75 | Actor Loss: -0.0032 | Critic Loss: 0.0646 | Grad Norm: 0.6285 | Clipped: 0/4
Epoch [504/4000] | Avg Makespan: 382.88 | Actor Loss: -0.0017 | Critic Loss: 0.0714 | Grad Norm: 0.5674 | Clipped: 0/4
Epoch [505/4000] | Avg Makespan: 381.62 | Actor Loss: -0.0040 | Critic Loss: 0.1641 | Grad Norm: 0.7339 | Clipped: 0/4
Epoch [506/4000] | Avg Makespan: 400.00 | Actor Loss: -0.0033 | Critic Loss: 0.1556 | Grad Norm: 0.7532 | Clipped: 0/4
Epoch [507/4000] | Avg Makespan: 380.25 | Actor Loss: -0.0025 | Critic Loss: 0.0626 | Grad Norm: 0.5281 | Clipped: 0/4
Epoch [508/4000] | Avg Makespan: 383.62 | Actor Loss: -0.0031 | Critic Loss: 0.0799 | Grad Norm: 0.7425 | Clipped: 1/4
Epoch [509/4000] | Avg Makespan: 371.50 | Actor Loss: -0.0026 | Critic Loss: 0.0969 | Grad Norm: 0.5879 | Clipped: 0/4
Epoch [510/4000] | Avg Makespan: 373.75 | Actor Loss: -0.0018 | Critic Loss: 0.0592 | Grad Norm: 0.5315 | Clipped: 0/4
Epoch [511/4000] | Avg Makespan: 378.25 | Actor Loss: -0.0031 | Critic Loss: 0.0620 | Grad Norm: 0.7220 | Clipped: 0/4
Epoch [512/4000] | Avg Makespan: 384.12 | Actor Loss: -0.0023 | Critic Loss: 0.1067 | Grad Norm: 0.5352 | Clipped: 0/4
Epoch [513/4000] | Avg Makespan: 370.38 | Actor Loss: -0.0019 | Critic Loss: 0.0419 | Grad Norm: 0.7356 | Clipped: 0/4
Epoch [514/4000] | Avg Makespan: 390.75 | Actor Loss: -0.0042 | Critic Loss: 0.2567 | Grad Norm: 0.7995 | Clipped: 1/4
Epoch [515/4000] | Avg Makespan: 389.38 | Actor Loss: -0.0023 | Critic Loss: 0.0484 | Grad Norm: 0.5000 | Clipped: 0/4
Epoch [516/4000] | Avg Makespan: 395.25 | Actor Loss: -0.0040 | Critic Loss: 0.1363 | Grad Norm: 0.5177 | Clipped: 0/4
Epoch [517/4000] | Avg Makespan: 390.88 | Actor Loss: -0.0031 | Critic Loss: 0.0580 | Grad Norm: 0.4647 | Clipped: 0/4
Epoch [518/4000] | Avg Makespan: 381.25 | Actor Loss: -0.0044 | Critic Loss: 0.0909 | Grad Norm: 0.6133 | Clipped: 1/4
Epoch [519/4000] | Avg Makespan: 391.38 | Actor Loss: -0.0032 | Critic Loss: 0.0358 | Grad Norm: 0.4198 | Clipped: 0/4
Epoch [520/4000] | Avg Makespan: 379.00 | Actor Loss: -0.0024 | Critic Loss: 0.0476 | Grad Norm: 0.4230 | Clipped: 0/4
Epoch [521/4000] | Avg Makespan: 380.50 | Actor Loss: -0.0039 | Critic Loss: 0.0386 | Grad Norm: 0.3315 | Clipped: 0/4
Epoch [522/4000] | Avg Makespan: 374.88 | Actor Loss: -0.0034 | Critic Loss: 0.0339 | Grad Norm: 0.4704 | Clipped: 0/4
Epoch [523/4000] | Avg Makespan: 386.25 | Actor Loss: -0.0025 | Critic Loss: 0.0547 | Grad Norm: 0.7462 | Clipped: 0/4
Epoch [524/4000] | Avg Makespan: 390.12 | Actor Loss: -0.0009 | Critic Loss: 0.0911 | Grad Norm: 0.5691 | Clipped: 0/4
Epoch [525/4000] | Avg Makespan: 383.00 | Actor Loss: -0.0025 | Critic Loss: 0.0949 | Grad Norm: 0.4457 | Clipped: 0/4
Epoch [526/4000] | Avg Makespan: 375.75 | Actor Loss: -0.0047 | Critic Loss: 0.0342 | Grad Norm: 0.5721 | Clipped: 0/4
Epoch [527/4000] | Avg Makespan: 379.38 | Actor Loss: -0.0023 | Critic Loss: 0.0823 | Grad Norm: 0.4650 | Clipped: 0/4
Epoch [528/4000] | Avg Makespan: 381.75 | Actor Loss: -0.0037 | Critic Loss: 0.0186 | Grad Norm: 0.6396 | Clipped: 0/4
Epoch [529/4000] | Avg Makespan: 384.62 | Actor Loss: -0.0028 | Critic Loss: 0.0487 | Grad Norm: 0.6746 | Clipped: 0/4
Epoch [530/4000] | Avg Makespan: 387.38 | Actor Loss: -0.0033 | Critic Loss: 0.1011 | Grad Norm: 0.4026 | Clipped: 0/4
Epoch [531/4000] | Avg Makespan: 370.50 | Actor Loss: -0.0038 | Critic Loss: 0.0933 | Grad Norm: 0.6201 | Clipped: 0/4
Epoch [532/4000] | Avg Makespan: 382.25 | Actor Loss: -0.0043 | Critic Loss: 0.0133 | Grad Norm: 0.8609 | Clipped: 2/4
Epoch [533/4000] | Avg Makespan: 381.88 | Actor Loss: -0.0032 | Critic Loss: 0.1227 | Grad Norm: 0.9657 | Clipped: 1/4
Epoch [534/4000] | Avg Makespan: 378.25 | Actor Loss: -0.0033 | Critic Loss: 0.0125 | Grad Norm: 0.6663 | Clipped: 0/4
Epoch [535/4000] | Avg Makespan: 378.88 | Actor Loss: -0.0037 | Critic Loss: 0.0449 | Grad Norm: 0.7151 | Clipped: 0/4
Epoch [536/4000] | Avg Makespan: 386.50 | Actor Loss: -0.0031 | Critic Loss: 0.0244 | Grad Norm: 0.5772 | Clipped: 0/4
Epoch [537/4000] | Avg Makespan: 383.38 | Actor Loss: -0.0009 | Critic Loss: 0.0241 | Grad Norm: 1.0845 | Clipped: 1/4
Epoch [538/4000] | Avg Makespan: 380.50 | Actor Loss: -0.0023 | Critic Loss: 0.0686 | Grad Norm: 0.5789 | Clipped: 0/4
Epoch [539/4000] | Avg Makespan: 374.62 | Actor Loss: -0.0041 | Critic Loss: 0.0524 | Grad Norm: 0.6604 | Clipped: 1/4
Epoch [540/4000] | Avg Makespan: 396.00 | Actor Loss: -0.0014 | Critic Loss: 0.1033 | Grad Norm: 0.8791 | Clipped: 2/4
Epoch [541/4000] | Avg Makespan: 369.00 | Actor Loss: -0.0061 | Critic Loss: 0.1093 | Grad Norm: 0.7095 | Clipped: 0/4
Epoch [542/4000] | Avg Makespan: 371.62 | Actor Loss: -0.0020 | Critic Loss: 0.0671 | Grad Norm: 1.2953 | Clipped: 2/4
Epoch [543/4000] | Avg Makespan: 378.75 | Actor Loss: -0.0028 | Critic Loss: 0.1087 | Grad Norm: 1.1881 | Clipped: 1/4
Epoch [544/4000] | Avg Makespan: 374.62 | Actor Loss: -0.0013 | Critic Loss: 0.0333 | Grad Norm: 1.1707 | Clipped: 2/4
Epoch [545/4000] | Avg Makespan: 378.75 | Actor Loss: -0.0040 | Critic Loss: 0.0377 | Grad Norm: 0.8744 | Clipped: 1/4
Epoch [546/4000] | Avg Makespan: 384.25 | Actor Loss: -0.0045 | Critic Loss: 0.0955 | Grad Norm: 0.7800 | Clipped: 0/4
Epoch [547/4000] | Avg Makespan: 372.75 | Actor Loss: -0.0033 | Critic Loss: 0.0826 | Grad Norm: 0.6496 | Clipped: 0/4
Epoch [548/4000] | Avg Makespan: 390.50 | Actor Loss: -0.0033 | Critic Loss: 0.2221 | Grad Norm: 1.1221 | Clipped: 1/4
Epoch [549/4000] | Avg Makespan: 377.88 | Actor Loss: -0.0028 | Critic Loss: 0.0783 | Grad Norm: 0.7476 | Clipped: 0/4
Epoch [550/4000] | Avg Makespan: 372.88 | Actor Loss: -0.0045 | Critic Loss: 0.0993 | Grad Norm: 1.0475 | Clipped: 2/4
Epoch [551/4000] | Avg Makespan: 369.62 | Actor Loss: -0.0045 | Critic Loss: 0.1276 | Grad Norm: 0.8683 | Clipped: 1/4
Epoch [552/4000] | Avg Makespan: 371.75 | Actor Loss: -0.0007 | Critic Loss: 0.0134 | Grad Norm: 1.1099 | Clipped: 3/4
Epoch [553/4000] | Avg Makespan: 385.12 | Actor Loss: -0.0021 | Critic Loss: 0.0528 | Grad Norm: 0.9943 | Clipped: 2/4
Epoch [554/4000] | Avg Makespan: 374.88 | Actor Loss: -0.0045 | Critic Loss: 0.0546 | Grad Norm: 0.7036 | Clipped: 1/4
Epoch [555/4000] | Avg Makespan: 391.50 | Actor Loss: -0.0039 | Critic Loss: 0.0959 | Grad Norm: 1.7572 | Clipped: 4/4
Epoch [556/4000] | Avg Makespan: 375.75 | Actor Loss: -0.0005 | Critic Loss: 0.0566 | Grad Norm: 0.9939 | Clipped: 3/4
Epoch [557/4000] | Avg Makespan: 397.50 | Actor Loss: -0.0030 | Critic Loss: 0.1564 | Grad Norm: 0.6894 | Clipped: 0/4
Epoch [558/4000] | Avg Makespan: 386.50 | Actor Loss: -0.0007 | Critic Loss: 0.0420 | Grad Norm: 0.9721 | Clipped: 2/4
Epoch [559/4000] | Avg Makespan: 369.25 | Actor Loss: -0.0037 | Critic Loss: 0.0729 | Grad Norm: 0.9017 | Clipped: 2/4
Epoch [560/4000] | Avg Makespan: 385.25 | Actor Loss: -0.0039 | Critic Loss: 0.1017 | Grad Norm: 0.6187 | Clipped: 0/4
Epoch [561/4000] | Avg Makespan: 385.00 | Actor Loss: -0.0024 | Critic Loss: 0.0763 | Grad Norm: 0.9501 | Clipped: 1/4
Epoch [562/4000] | Avg Makespan: 384.25 | Actor Loss: -0.0025 | Critic Loss: 0.0304 | Grad Norm: 1.0379 | Clipped: 1/4
Epoch [563/4000] | Avg Makespan: 377.62 | Actor Loss: -0.0026 | Critic Loss: 0.0807 | Grad Norm: 0.9670 | Clipped: 2/4
Epoch [564/4000] | Avg Makespan: 381.88 | Actor Loss: -0.0039 | Critic Loss: 0.0426 | Grad Norm: 0.9255 | Clipped: 1/4
Epoch [565/4000] | Avg Makespan: 386.75 | Actor Loss: -0.0032 | Critic Loss: 0.0712 | Grad Norm: 1.2783 | Clipped: 1/4
Epoch [566/4000] | Avg Makespan: 391.88 | Actor Loss: -0.0055 | Critic Loss: 0.0427 | Grad Norm: 0.7725 | Clipped: 0/4
Epoch [567/4000] | Avg Makespan: 383.25 | Actor Loss: -0.0020 | Critic Loss: 0.0579 | Grad Norm: 1.3882 | Clipped: 2/4
Epoch [568/4000] | Avg Makespan: 377.25 | Actor Loss: -0.0071 | Critic Loss: 0.0765 | Grad Norm: 0.7466 | Clipped: 0/4
Epoch [569/4000] | Avg Makespan: 377.50 | Actor Loss: -0.0051 | Critic Loss: 0.0427 | Grad Norm: 0.9031 | Clipped: 1/4
Epoch [570/4000] | Avg Makespan: 392.75 | Actor Loss: -0.0046 | Critic Loss: 0.1824 | Grad Norm: 1.4415 | Clipped: 4/4
Epoch [571/4000] | Avg Makespan: 382.38 | Actor Loss: -0.0030 | Critic Loss: 0.0886 | Grad Norm: 0.8940 | Clipped: 1/4
Epoch [572/4000] | Avg Makespan: 380.50 | Actor Loss: -0.0047 | Critic Loss: 0.0560 | Grad Norm: 0.9661 | Clipped: 2/4
Epoch [573/4000] | Avg Makespan: 378.88 | Actor Loss: -0.0049 | Critic Loss: 0.0397 | Grad Norm: 1.1691 | Clipped: 3/4
Epoch [574/4000] | Avg Makespan: 381.75 | Actor Loss: -0.0067 | Critic Loss: 0.0363 | Grad Norm: 0.6148 | Clipped: 0/4
Epoch [575/4000] | Avg Makespan: 382.62 | Actor Loss: -0.0033 | Critic Loss: 0.0245 | Grad Norm: 0.9433 | Clipped: 1/4
Epoch [576/4000] | Avg Makespan: 380.25 | Actor Loss: -0.0055 | Critic Loss: 0.0226 | Grad Norm: 1.6657 | Clipped: 3/4
Epoch [577/4000] | Avg Makespan: 379.50 | Actor Loss: -0.0043 | Critic Loss: 0.0427 | Grad Norm: 0.9644 | Clipped: 2/4
Epoch [578/4000] | Avg Makespan: 379.75 | Actor Loss: -0.0081 | Critic Loss: 0.1130 | Grad Norm: 0.9831 | Clipped: 2/4
Epoch [579/4000] | Avg Makespan: 387.62 | Actor Loss: -0.0062 | Critic Loss: 0.0603 | Grad Norm: 0.9124 | Clipped: 1/4
Epoch [580/4000] | Avg Makespan: 380.88 | Actor Loss: -0.0033 | Critic Loss: 0.0517 | Grad Norm: 0.9015 | Clipped: 2/4
Epoch [581/4000] | Avg Makespan: 377.50 | Actor Loss: -0.0024 | Critic Loss: 0.0274 | Grad Norm: 1.2584 | Clipped: 2/4
Epoch [582/4000] | Avg Makespan: 375.50 | Actor Loss: -0.0036 | Critic Loss: 0.0277 | Grad Norm: 1.3204 | Clipped: 1/4
Epoch [583/4000] | Avg Makespan: 381.88 | Actor Loss: -0.0069 | Critic Loss: 0.0565 | Grad Norm: 0.7905 | Clipped: 1/4
Epoch [584/4000] | Avg Makespan: 386.88 | Actor Loss: -0.0022 | Critic Loss: 0.0827 | Grad Norm: 1.0650 | Clipped: 2/4
Epoch [585/4000] | Avg Makespan: 387.62 | Actor Loss: -0.0040 | Critic Loss: 0.1436 | Grad Norm: 0.9746 | Clipped: 2/4
Epoch [586/4000] | Avg Makespan: 392.50 | Actor Loss: -0.0020 | Critic Loss: 0.0734 | Grad Norm: 0.8078 | Clipped: 0/4
Epoch [587/4000] | Avg Makespan: 381.00 | Actor Loss: -0.0025 | Critic Loss: 0.0697 | Grad Norm: 0.6337 | Clipped: 0/4
Epoch [588/4000] | Avg Makespan: 379.38 | Actor Loss: -0.0055 | Critic Loss: 0.0769 | Grad Norm: 1.0451 | Clipped: 3/4
Epoch [589/4000] | Avg Makespan: 375.88 | Actor Loss: -0.0026 | Critic Loss: 0.0305 | Grad Norm: 1.4540 | Clipped: 3/4
Epoch [590/4000] | Avg Makespan: 399.38 | Actor Loss: -0.0003 | Critic Loss: 0.2033 | Grad Norm: 1.5475 | Clipped: 4/4
Epoch [591/4000] | Avg Makespan: 391.00 | Actor Loss: -0.0021 | Critic Loss: 0.0983 | Grad Norm: 1.2862 | Clipped: 3/4
Epoch [592/4000] | Avg Makespan: 377.50 | Actor Loss: -0.0023 | Critic Loss: 0.0784 | Grad Norm: 1.2447 | Clipped: 4/4
Epoch [593/4000] | Avg Makespan: 380.00 | Actor Loss: -0.0022 | Critic Loss: 0.0516 | Grad Norm: 0.9110 | Clipped: 2/4
Epoch [594/4000] | Avg Makespan: 384.50 | Actor Loss: -0.0007 | Critic Loss: 0.0997 | Grad Norm: 1.3269 | Clipped: 3/4
Epoch [595/4000] | Avg Makespan: 390.12 | Actor Loss: -0.0039 | Critic Loss: 0.0770 | Grad Norm: 1.1176 | Clipped: 2/4
Epoch [596/4000] | Avg Makespan: 376.00 | Actor Loss: -0.0032 | Critic Loss: 0.0410 | Grad Norm: 0.6039 | Clipped: 0/4
Epoch [597/4000] | Avg Makespan: 378.00 | Actor Loss: -0.0046 | Critic Loss: 0.0438 | Grad Norm: 0.7789 | Clipped: 1/4
Epoch [598/4000] | Avg Makespan: 379.88 | Actor Loss: -0.0030 | Critic Loss: 0.0575 | Grad Norm: 0.5435 | Clipped: 0/4
Epoch [599/4000] | Avg Makespan: 377.88 | Actor Loss: -0.0054 | Critic Loss: 0.1136 | Grad Norm: 0.7078 | Clipped: 0/4
Epoch [600/4000] | Avg Makespan: 393.62 | Actor Loss: -0.0031 | Critic Loss: 0.1298 | Grad Norm: 1.0522 | Clipped: 3/4
   -> Validation | Samples: 280 | Makespan: 512.67 | Invalid Jobs: 0.01 | Score: 526.96
   -> Saved new best model (Val Score mean of last 5: 535.18; this eval 526.96)
   -> Saved updated training chart to /home/wei/Desktop/AMR-DFJSP/runs/20260819_144532_v10_C_s44/chart.png
Epoch [601/4000] | Avg Makespan: 382.00 | Actor Loss: -0.0038 | Critic Loss: 0.0514 | Grad Norm: 1.2443 | Clipped: 3/4
Epoch [602/4000] | Avg Makespan: 380.75 | Actor Loss: 0.0007 | Critic Loss: 0.0958 | Grad Norm: 1.2069 | Clipped: 4/4
Epoch [603/4000] | Avg Makespan: 378.50 | Actor Loss: -0.0002 | Critic Loss: 0.0278 | Grad Norm: 1.6386 | Clipped: 4/4
Epoch [604/4000] | Avg Makespan: 379.62 | Actor Loss: -0.0032 | Critic Loss: 0.0441 | Grad Norm: 0.9516 | Clipped: 2/4
Epoch [605/4000] | Avg Makespan: 370.00 | Actor Loss: -0.0062 | Critic Loss: 0.0603 | Grad Norm: 1.0229 | Clipped: 2/4
Epoch [606/4000] | Avg Makespan: 375.25 | Actor Loss: 0.0005 | Critic Loss: 0.1006 | Grad Norm: 1.1913 | Clipped: 3/4
Epoch [607/4000] | Avg Makespan: 376.00 | Actor Loss: -0.0038 | Critic Loss: 0.0435 | Grad Norm: 0.7353 | Clipped: 0/4
Epoch [608/4000] | Avg Makespan: 383.12 | Actor Loss: -0.0043 | Critic Loss: 0.0416 | Grad Norm: 0.5836 | Clipped: 0/4
Epoch [609/4000] | Avg Makespan: 374.75 | Actor Loss: -0.0042 | Critic Loss: 0.0704 | Grad Norm: 0.6182 | Clipped: 0/4
Epoch [610/4000] | Avg Makespan: 380.62 | Actor Loss: -0.0050 | Critic Loss: 0.0505 | Grad Norm: 0.9840 | Clipped: 3/4
Epoch [611/4000] | Avg Makespan: 377.75 | Actor Loss: -0.0036 | Critic Loss: 0.0657 | Grad Norm: 0.9122 | Clipped: 2/4
Epoch [612/4000] | Avg Makespan: 381.88 | Actor Loss: -0.0048 | Critic Loss: 0.0395 | Grad Norm: 0.6107 | Clipped: 0/4
Epoch [613/4000] | Avg Makespan: 380.12 | Actor Loss: -0.0038 | Critic Loss: 0.0945 | Grad Norm: 0.7468 | Clipped: 1/4
Epoch [614/4000] | Avg Makespan: 381.25 | Actor Loss: -0.0038 | Critic Loss: 0.0534 | Grad Norm: 0.7809 | Clipped: 1/4
Epoch [615/4000] | Avg Makespan: 390.25 | Actor Loss: -0.0049 | Critic Loss: 0.1598 | Grad Norm: 1.1518 | Clipped: 3/4
Epoch [616/4000] | Avg Makespan: 392.12 | Actor Loss: -0.0052 | Critic Loss: 0.0762 | Grad Norm: 0.7157 | Clipped: 1/4
Epoch [617/4000] | Avg Makespan: 386.38 | Actor Loss: -0.0048 | Critic Loss: 0.0772 | Grad Norm: 0.9988 | Clipped: 2/4
Epoch [618/4000] | Avg Makespan: 391.25 | Actor Loss: -0.0060 | Critic Loss: 0.0760 | Grad Norm: 0.5562 | Clipped: 0/4
Epoch [619/4000] | Avg Makespan: 384.88 | Actor Loss: -0.0025 | Critic Loss: 0.0601 | Grad Norm: 1.0832 | Clipped: 1/4
Epoch [620/4000] | Avg Makespan: 369.38 | Actor Loss: -0.0014 | Critic Loss: 0.0938 | Grad Norm: 1.0767 | Clipped: 2/4
Epoch [621/4000] | Avg Makespan: 375.38 | Actor Loss: -0.0008 | Critic Loss: 0.0750 | Grad Norm: 0.9743 | Clipped: 2/4
Epoch [622/4000] | Avg Makespan: 379.62 | Actor Loss: -0.0059 | Critic Loss: 0.0970 | Grad Norm: 1.2021 | Clipped: 1/4
Epoch [623/4000] | Avg Makespan: 380.62 | Actor Loss: -0.0022 | Critic Loss: 0.0704 | Grad Norm: 1.4336 | Clipped: 4/4
Epoch [624/4000] | Avg Makespan: 376.88 | Actor Loss: -0.0032 | Critic Loss: 0.0626 | Grad Norm: 1.1561 | Clipped: 2/4
Epoch [625/4000] | Avg Makespan: 373.25 | Actor Loss: -0.0051 | Critic Loss: 0.0632 | Grad Norm: 1.1546 | Clipped: 3/4
Epoch [626/4000] | Avg Makespan: 386.88 | Actor Loss: -0.0036 | Critic Loss: 0.0486 | Grad Norm: 0.7352 | Clipped: 0/4
Epoch [627/4000] | Avg Makespan: 376.88 | Actor Loss: -0.0036 | Critic Loss: 0.0346 | Grad Norm: 0.6046 | Clipped: 0/4
Epoch [628/4000] | Avg Makespan: 375.00 | Actor Loss: -0.0041 | Critic Loss: 0.0824 | Grad Norm: 0.9198 | Clipped: 2/4
Epoch [629/4000] | Avg Makespan: 384.75 | Actor Loss: -0.0026 | Critic Loss: 0.0831 | Grad Norm: 0.8868 | Clipped: 0/4
Epoch [630/4000] | Avg Makespan: 381.25 | Actor Loss: -0.0055 | Critic Loss: 0.0352 | Grad Norm: 1.0545 | Clipped: 2/4
Epoch [631/4000] | Avg Makespan: 378.75 | Actor Loss: -0.0023 | Critic Loss: 0.0255 | Grad Norm: 0.8235 | Clipped: 1/4
Epoch [632/4000] | Avg Makespan: 378.12 | Actor Loss: -0.0041 | Critic Loss: 0.0302 | Grad Norm: 0.7849 | Clipped: 1/4
Epoch [633/4000] | Avg Makespan: 380.75 | Actor Loss: -0.0028 | Critic Loss: 0.0248 | Grad Norm: 0.9571 | Clipped: 2/4
Epoch [634/4000] | Avg Makespan: 383.38 | Actor Loss: -0.0022 | Critic Loss: 0.0330 | Grad Norm: 0.5927 | Clipped: 0/4
Epoch [635/4000] | Avg Makespan: 384.12 | Actor Loss: -0.0028 | Critic Loss: 0.0545 | Grad Norm: 0.6557 | Clipped: 0/4
Epoch [636/4000] | Avg Makespan: 381.88 | Actor Loss: -0.0040 | Critic Loss: 0.0676 | Grad Norm: 0.7333 | Clipped: 0/4
Epoch [637/4000] | Avg Makespan: 386.62 | Actor Loss: -0.0047 | Critic Loss: 0.0389 | Grad Norm: 0.5846 | Clipped: 0/4
Epoch [638/4000] | Avg Makespan: 385.00 | Actor Loss: -0.0025 | Critic Loss: 0.0565 | Grad Norm: 1.1585 | Clipped: 2/4
Epoch [639/4000] | Avg Makespan: 374.50 | Actor Loss: -0.0015 | Critic Loss: 0.1057 | Grad Norm: 1.3262 | Clipped: 2/4
Epoch [640/4000] | Avg Makespan: 383.62 | Actor Loss: -0.0030 | Critic Loss: 0.0453 | Grad Norm: 0.7134 | Clipped: 0/4
Epoch [641/4000] | Avg Makespan: 375.75 | Actor Loss: -0.0035 | Critic Loss: 0.0491 | Grad Norm: 0.9260 | Clipped: 2/4
Epoch [642/4000] | Avg Makespan: 374.75 | Actor Loss: -0.0035 | Critic Loss: 0.0386 | Grad Norm: 1.0977 | Clipped: 2/4
Epoch [643/4000] | Avg Makespan: 384.38 | Actor Loss: -0.0005 | Critic Loss: 0.0634 | Grad Norm: 1.4911 | Clipped: 3/4
Epoch [644/4000] | Avg Makespan: 376.25 | Actor Loss: -0.0017 | Critic Loss: 0.0370 | Grad Norm: 0.9253 | Clipped: 2/4
Epoch [645/4000] | Avg Makespan: 371.62 | Actor Loss: -0.0018 | Critic Loss: 0.0343 | Grad Norm: 0.8887 | Clipped: 1/4
Epoch [646/4000] | Avg Makespan: 374.88 | Actor Loss: -0.0065 | Critic Loss: 0.0297 | Grad Norm: 1.3004 | Clipped: 1/4
Epoch [647/4000] | Avg Makespan: 383.75 | Actor Loss: -0.0013 | Critic Loss: 0.0561 | Grad Norm: 1.0645 | Clipped: 2/4
Epoch [648/4000] | Avg Makespan: 376.00 | Actor Loss: -0.0025 | Critic Loss: 0.0292 | Grad Norm: 1.0620 | Clipped: 3/4
Epoch [649/4000] | Avg Makespan: 371.62 | Actor Loss: -0.0035 | Critic Loss: 0.0448 | Grad Norm: 1.2860 | Clipped: 3/4
Epoch [650/4000] | Avg Makespan: 381.75 | Actor Loss: -0.0030 | Critic Loss: 0.0441 | Grad Norm: 0.9773 | Clipped: 2/4
Epoch [651/4000] | Avg Makespan: 379.75 | Actor Loss: -0.0028 | Critic Loss: 0.0426 | Grad Norm: 1.1806 | Clipped: 4/4
Epoch [652/4000] | Avg Makespan: 382.88 | Actor Loss: -0.0036 | Critic Loss: 0.0331 | Grad Norm: 0.6734 | Clipped: 1/4
Epoch [653/4000] | Avg Makespan: 392.62 | Actor Loss: -0.0025 | Critic Loss: 0.0727 | Grad Norm: 1.0161 | Clipped: 1/4
Epoch [654/4000] | Avg Makespan: 374.75 | Actor Loss: -0.0022 | Critic Loss: 0.1092 | Grad Norm: 1.3980 | Clipped: 4/4
Epoch [655/4000] | Avg Makespan: 387.25 | Actor Loss: -0.0054 | Critic Loss: 0.0687 | Grad Norm: 1.2165 | Clipped: 3/4
Epoch [656/4000] | Avg Makespan: 368.00 | Actor Loss: -0.0035 | Critic Loss: 0.1082 | Grad Norm: 1.2837 | Clipped: 3/4
Epoch [657/4000] | Avg Makespan: 377.25 | Actor Loss: -0.0031 | Critic Loss: 0.0225 | Grad Norm: 0.9640 | Clipped: 1/4
Epoch [658/4000] | Avg Makespan: 381.00 | Actor Loss: -0.0058 | Critic Loss: 0.0727 | Grad Norm: 1.4737 | Clipped: 2/4
Epoch [659/4000] | Avg Makespan: 377.62 | Actor Loss: -0.0047 | Critic Loss: 0.0518 | Grad Norm: 0.8703 | Clipped: 1/4
Epoch [660/4000] | Avg Makespan: 376.38 | Actor Loss: -0.0019 | Critic Loss: 0.0495 | Grad Norm: 1.6476 | Clipped: 4/4
Epoch [661/4000] | Avg Makespan: 375.25 | Actor Loss: -0.0047 | Critic Loss: 0.0876 | Grad Norm: 1.0243 | Clipped: 2/4
Epoch [662/4000] | Avg Makespan: 381.25 | Actor Loss: -0.0032 | Critic Loss: 0.0813 | Grad Norm: 1.8295 | Clipped: 3/4
Epoch [663/4000] | Avg Makespan: 373.12 | Actor Loss: -0.0051 | Critic Loss: 0.0323 | Grad Norm: 0.8663 | Clipped: 1/4
Epoch [664/4000] | Avg Makespan: 382.50 | Actor Loss: -0.0056 | Critic Loss: 0.0250 | Grad Norm: 1.0686 | Clipped: 2/4
Epoch [665/4000] | Avg Makespan: 376.25 | Actor Loss: -0.0017 | Critic Loss: 0.0442 | Grad Norm: 1.6784 | Clipped: 4/4
Epoch [666/4000] | Avg Makespan: 386.12 | Actor Loss: -0.0021 | Critic Loss: 0.0276 | Grad Norm: 1.0451 | Clipped: 2/4
Epoch [667/4000] | Avg Makespan: 376.38 | Actor Loss: -0.0040 | Critic Loss: 0.0970 | Grad Norm: 1.2509 | Clipped: 2/4
Epoch [668/4000] | Avg Makespan: 380.88 | Actor Loss: -0.0027 | Critic Loss: 0.0526 | Grad Norm: 0.8788 | Clipped: 1/4
Epoch [669/4000] | Avg Makespan: 382.38 | Actor Loss: -0.0025 | Critic Loss: 0.0952 | Grad Norm: 0.9257 | Clipped: 1/4
Epoch [670/4000] | Avg Makespan: 384.50 | Actor Loss: -0.0040 | Critic Loss: 0.0420 | Grad Norm: 1.1913 | Clipped: 3/4
Epoch [671/4000] | Avg Makespan: 372.50 | Actor Loss: -0.0031 | Critic Loss: 0.0542 | Grad Norm: 1.0483 | Clipped: 3/4
Epoch [672/4000] | Avg Makespan: 374.75 | Actor Loss: -0.0030 | Critic Loss: 0.0548 | Grad Norm: 0.6158 | Clipped: 0/4
Epoch [673/4000] | Avg Makespan: 370.12 | Actor Loss: -0.0044 | Critic Loss: 0.0194 | Grad Norm: 0.8972 | Clipped: 2/4
Epoch [674/4000] | Avg Makespan: 378.50 | Actor Loss: -0.0054 | Critic Loss: 0.0436 | Grad Norm: 0.8626 | Clipped: 1/4
Epoch [675/4000] | Avg Makespan: 387.12 | Actor Loss: -0.0029 | Critic Loss: 0.0590 | Grad Norm: 0.9832 | Clipped: 1/4
Epoch [676/4000] | Avg Makespan: 374.88 | Actor Loss: -0.0012 | Critic Loss: 0.0619 | Grad Norm: 2.4349 | Clipped: 3/4
Epoch [677/4000] | Avg Makespan: 385.38 | Actor Loss: -0.0046 | Critic Loss: 0.1397 | Grad Norm: 1.0878 | Clipped: 3/4
Epoch [678/4000] | Avg Makespan: 369.88 | Actor Loss: -0.0034 | Critic Loss: 0.0960 | Grad Norm: 1.1395 | Clipped: 2/4
Epoch [679/4000] | Avg Makespan: 380.00 | Actor Loss: 0.0003 | Critic Loss: 0.0392 | Grad Norm: 1.8944 | Clipped: 4/4
Epoch [680/4000] | Avg Makespan: 384.12 | Actor Loss: -0.0041 | Critic Loss: 0.0723 | Grad Norm: 1.0321 | Clipped: 2/4
Epoch [681/4000] | Avg Makespan: 382.12 | Actor Loss: -0.0045 | Critic Loss: 0.0334 | Grad Norm: 1.1167 | Clipped: 2/4
Epoch [682/4000] | Avg Makespan: 384.38 | Actor Loss: -0.0038 | Critic Loss: 0.0312 | Grad Norm: 0.8582 | Clipped: 1/4
Epoch [683/4000] | Avg Makespan: 380.25 | Actor Loss: -0.0018 | Critic Loss: 0.0446 | Grad Norm: 0.9629 | Clipped: 1/4
Epoch [684/4000] | Avg Makespan: 376.38 | Actor Loss: -0.0041 | Critic Loss: 0.0725 | Grad Norm: 1.0452 | Clipped: 2/4
Epoch [685/4000] | Avg Makespan: 378.75 | Actor Loss: -0.0007 | Critic Loss: 0.0172 | Grad Norm: 1.5171 | Clipped: 4/4
Epoch [686/4000] | Avg Makespan: 371.12 | Actor Loss: -0.0013 | Critic Loss: 0.0987 | Grad Norm: 0.7583 | Clipped: 0/4
Epoch [687/4000] | Avg Makespan: 378.88 | Actor Loss: -0.0017 | Critic Loss: 0.0349 | Grad Norm: 1.5170 | Clipped: 4/4
Epoch [688/4000] | Avg Makespan: 375.88 | Actor Loss: -0.0051 | Critic Loss: 0.0636 | Grad Norm: 1.4042 | Clipped: 3/4
Epoch [689/4000] | Avg Makespan: 370.50 | Actor Loss: -0.0034 | Critic Loss: 0.0467 | Grad Norm: 1.4781 | Clipped: 4/4
Epoch [690/4000] | Avg Makespan: 378.00 | Actor Loss: -0.0017 | Critic Loss: 0.0708 | Grad Norm: 1.4931 | Clipped: 3/4
Epoch [691/4000] | Avg Makespan: 371.38 | Actor Loss: -0.0033 | Critic Loss: 0.0405 | Grad Norm: 1.1571 | Clipped: 3/4
Epoch [692/4000] | Avg Makespan: 390.88 | Actor Loss: 0.0010 | Critic Loss: 0.1496 | Grad Norm: 1.7710 | Clipped: 4/4
Epoch [693/4000] | Avg Makespan: 380.25 | Actor Loss: 0.0043 | Critic Loss: 0.0174 | Grad Norm: 2.1230 | Clipped: 4/4
Epoch [694/4000] | Avg Makespan: 376.12 | Actor Loss: -0.0013 | Critic Loss: 0.0722 | Grad Norm: 2.6025 | Clipped: 4/4
Epoch [695/4000] | Avg Makespan: 372.25 | Actor Loss: 0.0039 | Critic Loss: 0.0652 | Grad Norm: 1.7013 | Clipped: 4/4
Epoch [696/4000] | Avg Makespan: 378.50 | Actor Loss: -0.0041 | Critic Loss: 0.0239 | Grad Norm: 1.0380 | Clipped: 2/4
Epoch [697/4000] | Avg Makespan: 380.75 | Actor Loss: -0.0012 | Critic Loss: 0.0480 | Grad Norm: 1.7321 | Clipped: 3/4
Epoch [698/4000] | Avg Makespan: 384.38 | Actor Loss: -0.0022 | Critic Loss: 0.0618 | Grad Norm: 1.2101 | Clipped: 4/4
Epoch [699/4000] | Avg Makespan: 371.75 | Actor Loss: -0.0050 | Critic Loss: 0.0332 | Grad Norm: 1.2197 | Clipped: 4/4
Epoch [700/4000] | Avg Makespan: 380.12 | Actor Loss: -0.0029 | Critic Loss: 0.0363 | Grad Norm: 0.8919 | Clipped: 1/4
   -> Validation | Samples: 280 | Makespan: 499.45 | Invalid Jobs: 0.00 | Score: 499.45
   -> Saved new best model (Val Score mean of last 5: 526.90; this eval 499.45)
   -> Saved updated training chart to /home/wei/Desktop/AMR-DFJSP/runs/20260819_144532_v10_C_s44/chart.png
Epoch [701/4000] | Avg Makespan: 384.88 | Actor Loss: -0.0019 | Critic Loss: 0.0726 | Grad Norm: 1.1242 | Clipped: 2/4
Epoch [702/4000] | Avg Makespan: 384.25 | Actor Loss: -0.0040 | Critic Loss: 0.0818 | Grad Norm: 0.9270 | Clipped: 1/4
Epoch [703/4000] | Avg Makespan: 388.25 | Actor Loss: -0.0042 | Critic Loss: 0.2132 | Grad Norm: 0.6251 | Clipped: 0/4
Epoch [704/4000] | Avg Makespan: 380.00 | Actor Loss: -0.0044 | Critic Loss: 0.0392 | Grad Norm: 1.2066 | Clipped: 4/4
Epoch [705/4000] | Avg Makespan: 389.62 | Actor Loss: -0.0012 | Critic Loss: 0.0639 | Grad Norm: 0.9582 | Clipped: 1/4
Epoch [706/4000] | Avg Makespan: 382.75 | Actor Loss: -0.0025 | Critic Loss: 0.0512 | Grad Norm: 1.0761 | Clipped: 2/4
Epoch [707/4000] | Avg Makespan: 378.75 | Actor Loss: -0.0036 | Critic Loss: 0.0599 | Grad Norm: 1.0097 | Clipped: 1/4
Epoch [708/4000] | Avg Makespan: 376.00 | Actor Loss: -0.0013 | Critic Loss: 0.0669 | Grad Norm: 1.6126 | Clipped: 3/4
Epoch [709/4000] | Avg Makespan: 376.25 | Actor Loss: -0.0031 | Critic Loss: 0.0797 | Grad Norm: 1.0480 | Clipped: 2/4
Epoch [710/4000] | Avg Makespan: 377.62 | Actor Loss: 0.0041 | Critic Loss: 0.0403 | Grad Norm: 2.2966 | Clipped: 4/4
Epoch [711/4000] | Avg Makespan: 379.50 | Actor Loss: -0.0012 | Critic Loss: 0.0353 | Grad Norm: 2.1262 | Clipped: 3/4
Epoch [712/4000] | Avg Makespan: 383.75 | Actor Loss: -0.0022 | Critic Loss: 0.0592 | Grad Norm: 1.4422 | Clipped: 3/4
Epoch [713/4000] | Avg Makespan: 381.50 | Actor Loss: 0.0004 | Critic Loss: 0.0913 | Grad Norm: 2.0928 | Clipped: 4/4
Epoch [714/4000] | Avg Makespan: 376.50 | Actor Loss: -0.0057 | Critic Loss: 0.0652 | Grad Norm: 1.6612 | Clipped: 2/4
Epoch [715/4000] | Avg Makespan: 386.00 | Actor Loss: -0.0015 | Critic Loss: 0.0302 | Grad Norm: 1.8794 | Clipped: 4/4
Epoch [716/4000] | Avg Makespan: 389.25 | Actor Loss: -0.0034 | Critic Loss: 0.0668 | Grad Norm: 1.0249 | Clipped: 1/4
Epoch [717/4000] | Avg Makespan: 371.12 | Actor Loss: -0.0018 | Critic Loss: 0.0421 | Grad Norm: 1.0378 | Clipped: 2/4
Epoch [718/4000] | Avg Makespan: 380.00 | Actor Loss: -0.0033 | Critic Loss: 0.0401 | Grad Norm: 0.9880 | Clipped: 2/4
Epoch [719/4000] | Avg Makespan: 369.00 | Actor Loss: 0.0096 | Critic Loss: 0.0757 | Grad Norm: 3.5279 | Clipped: 4/4
Epoch [720/4000] | Avg Makespan: 377.50 | Actor Loss: 0.0108 | Critic Loss: 0.0367 | Grad Norm: 4.3673 | Clipped: 4/4
Epoch [721/4000] | Avg Makespan: 379.62 | Actor Loss: 0.0061 | Critic Loss: 0.0503 | Grad Norm: 2.7520 | Clipped: 4/4
Epoch [722/4000] | Avg Makespan: 391.38 | Actor Loss: 0.0044 | Critic Loss: 0.1777 | Grad Norm: 3.0867 | Clipped: 4/4
Epoch [723/4000] | Avg Makespan: 377.38 | Actor Loss: 0.0073 | Critic Loss: 0.0273 | Grad Norm: 2.8558 | Clipped: 4/4
Epoch [724/4000] | Avg Makespan: 382.38 | Actor Loss: -0.0001 | Critic Loss: 0.0374 | Grad Norm: 2.3966 | Clipped: 4/4
Epoch [725/4000] | Avg Makespan: 382.88 | Actor Loss: -0.0023 | Critic Loss: 0.0483 | Grad Norm: 2.0818 | Clipped: 4/4
Epoch [726/4000] | Avg Makespan: 388.88 | Actor Loss: -0.0036 | Critic Loss: 0.0737 | Grad Norm: 1.4552 | Clipped: 3/4
Epoch [727/4000] | Avg Makespan: 383.12 | Actor Loss: 0.0024 | Critic Loss: 0.0292 | Grad Norm: 3.1079 | Clipped: 4/4
Epoch [728/4000] | Avg Makespan: 376.12 | Actor Loss: 0.0083 | Critic Loss: 0.0599 | Grad Norm: 2.5261 | Clipped: 4/4
Epoch [729/4000] | Avg Makespan: 382.25 | Actor Loss: 0.0035 | Critic Loss: 0.0371 | Grad Norm: 4.0811 | Clipped: 4/4
Epoch [730/4000] | Avg Makespan: 397.12 | Actor Loss: -0.0016 | Critic Loss: 0.1941 | Grad Norm: 1.7457 | Clipped: 4/4
Epoch [731/4000] | Avg Makespan: 385.00 | Actor Loss: -0.0035 | Critic Loss: 0.0260 | Grad Norm: 2.1963 | Clipped: 3/4
Epoch [732/4000] | Avg Makespan: 375.62 | Actor Loss: 0.0022 | Critic Loss: 0.0677 | Grad Norm: 4.2183 | Clipped: 4/4
Epoch [733/4000] | Avg Makespan: 385.88 | Actor Loss: -0.0020 | Critic Loss: 0.0891 | Grad Norm: 1.8488 | Clipped: 4/4
Epoch [734/4000] | Avg Makespan: 383.50 | Actor Loss: -0.0054 | Critic Loss: 0.0197 | Grad Norm: 1.3939 | Clipped: 4/4
Epoch [735/4000] | Avg Makespan: 386.88 | Actor Loss: 0.0009 | Critic Loss: 0.0349 | Grad Norm: 3.2428 | Clipped: 4/4
Epoch [736/4000] | Avg Makespan: 379.12 | Actor Loss: -0.0046 | Critic Loss: 0.0912 | Grad Norm: 1.8669 | Clipped: 3/4
Epoch [737/4000] | Avg Makespan: 380.50 | Actor Loss: -0.0044 | Critic Loss: 0.0349 | Grad Norm: 1.3173 | Clipped: 3/4
Epoch [738/4000] | Avg Makespan: 383.12 | Actor Loss: -0.0036 | Critic Loss: 0.0351 | Grad Norm: 1.2396 | Clipped: 3/4
Epoch [739/4000] | Avg Makespan: 388.88 | Actor Loss: -0.0034 | Critic Loss: 0.2400 | Grad Norm: 1.1188 | Clipped: 3/4
Epoch [740/4000] | Avg Makespan: 376.50 | Actor Loss: -0.0040 | Critic Loss: 0.0349 | Grad Norm: 1.6557 | Clipped: 3/4
Epoch [741/4000] | Avg Makespan: 374.38 | Actor Loss: -0.0024 | Critic Loss: 0.0313 | Grad Norm: 1.5504 | Clipped: 4/4
Epoch [742/4000] | Avg Makespan: 381.62 | Actor Loss: 0.0013 | Critic Loss: 0.0472 | Grad Norm: 2.2833 | Clipped: 4/4
Epoch [743/4000] | Avg Makespan: 387.62 | Actor Loss: -0.0055 | Critic Loss: 0.3342 | Grad Norm: 1.9672 | Clipped: 2/4
Epoch [744/4000] | Avg Makespan: 377.50 | Actor Loss: 0.0002 | Critic Loss: 0.0538 | Grad Norm: 1.8197 | Clipped: 4/4
Epoch [745/4000] | Avg Makespan: 394.50 | Actor Loss: -0.0037 | Critic Loss: 0.0489 | Grad Norm: 1.1484 | Clipped: 3/4
Epoch [746/4000] | Avg Makespan: 377.25 | Actor Loss: -0.0015 | Critic Loss: 0.0867 | Grad Norm: 2.1709 | Clipped: 4/4
Epoch [747/4000] | Avg Makespan: 378.00 | Actor Loss: -0.0006 | Critic Loss: 0.0581 | Grad Norm: 1.1543 | Clipped: 2/4
Epoch [748/4000] | Avg Makespan: 382.88 | Actor Loss: -0.0023 | Critic Loss: 0.0419 | Grad Norm: 1.3441 | Clipped: 4/4
Epoch [749/4000] | Avg Makespan: 386.25 | Actor Loss: -0.0010 | Critic Loss: 0.0850 | Grad Norm: 1.6446 | Clipped: 3/4
Epoch [750/4000] | Avg Makespan: 381.25 | Actor Loss: -0.0018 | Critic Loss: 0.0413 | Grad Norm: 2.2515 | Clipped: 3/4
Epoch [751/4000] | Avg Makespan: 381.62 | Actor Loss: 0.0004 | Critic Loss: 0.0568 | Grad Norm: 1.3275 | Clipped: 4/4
Epoch [752/4000] | Avg Makespan: 385.75 | Actor Loss: 0.0009 | Critic Loss: 0.0443 | Grad Norm: 1.7853 | Clipped: 4/4
Epoch [753/4000] | Avg Makespan: 377.12 | Actor Loss: -0.0022 | Critic Loss: 0.0835 | Grad Norm: 2.0037 | Clipped: 4/4
Epoch [754/4000] | Avg Makespan: 371.75 | Actor Loss: 0.0031 | Critic Loss: 0.0336 | Grad Norm: 2.3725 | Clipped: 4/4
Epoch [755/4000] | Avg Makespan: 366.50 | Actor Loss: 0.0088 | Critic Loss: 0.0450 | Grad Norm: 3.0213 | Clipped: 4/4
Epoch [756/4000] | Avg Makespan: 368.88 | Actor Loss: -0.0012 | Critic Loss: 0.0510 | Grad Norm: 2.4875 | Clipped: 4/4
Epoch [757/4000] | Avg Makespan: 375.38 | Actor Loss: 0.0023 | Critic Loss: 0.0624 | Grad Norm: 1.6183 | Clipped: 4/4
Epoch [758/4000] | Avg Makespan: 373.25 | Actor Loss: -0.0019 | Critic Loss: 0.0317 | Grad Norm: 0.9658 | Clipped: 2/4
Epoch [759/4000] | Avg Makespan: 382.12 | Actor Loss: -0.0016 | Critic Loss: 0.0267 | Grad Norm: 1.3369 | Clipped: 3/4
Epoch [760/4000] | Avg Makespan: 377.62 | Actor Loss: -0.0037 | Critic Loss: 0.0621 | Grad Norm: 1.5096 | Clipped: 3/4
Epoch [761/4000] | Avg Makespan: 384.75 | Actor Loss: -0.0037 | Critic Loss: 0.0354 | Grad Norm: 1.0624 | Clipped: 3/4
Epoch [762/4000] | Avg Makespan: 385.88 | Actor Loss: -0.0038 | Critic Loss: 0.0525 | Grad Norm: 1.0927 | Clipped: 1/4
Epoch [763/4000] | Avg Makespan: 383.75 | Actor Loss: -0.0046 | Critic Loss: 0.0995 | Grad Norm: 1.4600 | Clipped: 3/4
Epoch [764/4000] | Avg Makespan: 387.00 | Actor Loss: -0.0032 | Critic Loss: 0.0599 | Grad Norm: 1.7005 | Clipped: 3/4
Epoch [765/4000] | Avg Makespan: 375.00 | Actor Loss: -0.0039 | Critic Loss: 0.0762 | Grad Norm: 1.0056 | Clipped: 1/4
Epoch [766/4000] | Avg Makespan: 386.38 | Actor Loss: 0.0007 | Critic Loss: 0.0451 | Grad Norm: 1.7404 | Clipped: 3/4
Epoch [767/4000] | Avg Makespan: 372.75 | Actor Loss: -0.0041 | Critic Loss: 0.0494 | Grad Norm: 1.5838 | Clipped: 4/4
Epoch [768/4000] | Avg Makespan: 383.62 | Actor Loss: -0.0019 | Critic Loss: 0.0709 | Grad Norm: 1.9540 | Clipped: 4/4
Epoch [769/4000] | Avg Makespan: 387.75 | Actor Loss: -0.0060 | Critic Loss: 0.0542 | Grad Norm: 1.1429 | Clipped: 3/4
Epoch [770/4000] | Avg Makespan: 376.25 | Actor Loss: -0.0013 | Critic Loss: 0.0585 | Grad Norm: 1.3213 | Clipped: 4/4
Epoch [771/4000] | Avg Makespan: 383.75 | Actor Loss: -0.0004 | Critic Loss: 0.0629 | Grad Norm: 1.8097 | Clipped: 4/4
Epoch [772/4000] | Avg Makespan: 392.25 | Actor Loss: -0.0031 | Critic Loss: 0.0864 | Grad Norm: 2.2496 | Clipped: 4/4
Epoch [773/4000] | Avg Makespan: 386.00 | Actor Loss: -0.0057 | Critic Loss: 0.0272 | Grad Norm: 1.3905 | Clipped: 3/4
Epoch [774/4000] | Avg Makespan: 386.12 | Actor Loss: 0.0001 | Critic Loss: 0.1034 | Grad Norm: 1.9144 | Clipped: 4/4
Epoch [775/4000] | Avg Makespan: 373.25 | Actor Loss: 0.0009 | Critic Loss: 0.0810 | Grad Norm: 1.7852 | Clipped: 4/4
Epoch [776/4000] | Avg Makespan: 378.50 | Actor Loss: -0.0033 | Critic Loss: 0.0447 | Grad Norm: 1.5928 | Clipped: 3/4
Epoch [777/4000] | Avg Makespan: 373.38 | Actor Loss: -0.0033 | Critic Loss: 0.0334 | Grad Norm: 1.6490 | Clipped: 3/4
Epoch [778/4000] | Avg Makespan: 380.12 | Actor Loss: 0.0022 | Critic Loss: 0.0471 | Grad Norm: 2.7872 | Clipped: 4/4
Epoch [779/4000] | Avg Makespan: 369.75 | Actor Loss: 0.0041 | Critic Loss: 0.0278 | Grad Norm: 2.4954 | Clipped: 4/4
Epoch [780/4000] | Avg Makespan: 371.38 | Actor Loss: 0.0121 | Critic Loss: 0.0451 | Grad Norm: 2.8072 | Clipped: 4/4
Epoch [781/4000] | Avg Makespan: 381.00 | Actor Loss: 0.0076 | Critic Loss: 0.1538 | Grad Norm: 3.8702 | Clipped: 4/4
Epoch [782/4000] | Avg Makespan: 375.62 | Actor Loss: -0.0029 | Critic Loss: 0.0514 | Grad Norm: 1.7129 | Clipped: 4/4
Epoch [783/4000] | Avg Makespan: 374.50 | Actor Loss: -0.0043 | Critic Loss: 0.0960 | Grad Norm: 1.7515 | Clipped: 4/4
Epoch [784/4000] | Avg Makespan: 371.38 | Actor Loss: 0.0016 | Critic Loss: 0.0302 | Grad Norm: 3.8516 | Clipped: 4/4
Epoch [785/4000] | Avg Makespan: 387.38 | Actor Loss: -0.0053 | Critic Loss: 0.1375 | Grad Norm: 1.5725 | Clipped: 4/4
Epoch [786/4000] | Avg Makespan: 384.38 | Actor Loss: -0.0049 | Critic Loss: 0.1268 | Grad Norm: 1.0263 | Clipped: 2/4
Epoch [787/4000] | Avg Makespan: 373.50 | Actor Loss: -0.0032 | Critic Loss: 0.0454 | Grad Norm: 1.5211 | Clipped: 3/4
Epoch [788/4000] | Avg Makespan: 384.12 | Actor Loss: -0.0034 | Critic Loss: 0.0894 | Grad Norm: 1.3387 | Clipped: 2/4
Epoch [789/4000] | Avg Makespan: 387.00 | Actor Loss: -0.0029 | Critic Loss: 0.0357 | Grad Norm: 1.3302 | Clipped: 3/4
Epoch [790/4000] | Avg Makespan: 384.00 | Actor Loss: -0.0027 | Critic Loss: 0.0279 | Grad Norm: 1.4101 | Clipped: 3/4
Epoch [791/4000] | Avg Makespan: 380.75 | Actor Loss: -0.0032 | Critic Loss: 0.0271 | Grad Norm: 1.4281 | Clipped: 4/4
Epoch [792/4000] | Avg Makespan: 372.88 | Actor Loss: 0.0028 | Critic Loss: 0.0628 | Grad Norm: 1.9069 | Clipped: 4/4
Epoch [793/4000] | Avg Makespan: 372.00 | Actor Loss: 0.0023 | Critic Loss: 0.0250 | Grad Norm: 1.9118 | Clipped: 3/4
Epoch [794/4000] | Avg Makespan: 376.00 | Actor Loss: 0.0002 | Critic Loss: 0.0469 | Grad Norm: 2.2683 | Clipped: 4/4
Epoch [795/4000] | Avg Makespan: 387.50 | Actor Loss: -0.0039 | Critic Loss: 0.0887 | Grad Norm: 1.6989 | Clipped: 4/4
Epoch [796/4000] | Avg Makespan: 386.50 | Actor Loss: -0.0010 | Critic Loss: 0.1040 | Grad Norm: 1.7477 | Clipped: 4/4
Epoch [797/4000] | Avg Makespan: 389.38 | Actor Loss: 0.0017 | Critic Loss: 0.0852 | Grad Norm: 1.6740 | Clipped: 4/4
Epoch [798/4000] | Avg Makespan: 379.12 | Actor Loss: 0.0031 | Critic Loss: 0.0997 | Grad Norm: 2.0498 | Clipped: 4/4
Epoch [799/4000] | Avg Makespan: 382.75 | Actor Loss: -0.0016 | Critic Loss: 0.1128 | Grad Norm: 2.1469 | Clipped: 4/4
Epoch [800/4000] | Avg Makespan: 374.62 | Actor Loss: 0.0004 | Critic Loss: 0.0741 | Grad Norm: 2.4661 | Clipped: 4/4
   -> Validation | Samples: 280 | Makespan: 511.90 | Invalid Jobs: 0.01 | Score: 526.18
   -> Saved new best model (Val Score mean of last 5: 524.32; this eval 526.18)
   -> Saved updated training chart to /home/wei/Desktop/AMR-DFJSP/runs/20260819_144532_v10_C_s44/chart.png
Epoch [801/4000] | Avg Makespan: 377.00 | Actor Loss: -0.0024 | Critic Loss: 0.0313 | Grad Norm: 1.1636 | Clipped: 2/4
Epoch [802/4000] | Avg Makespan: 380.12 | Actor Loss: -0.0035 | Critic Loss: 0.0494 | Grad Norm: 1.9575 | Clipped: 4/4
Epoch [803/4000] | Avg Makespan: 373.75 | Actor Loss: 0.0013 | Critic Loss: 0.0516 | Grad Norm: 1.6064 | Clipped: 4/4
Epoch [804/4000] | Avg Makespan: 383.25 | Actor Loss: -0.0005 | Critic Loss: 0.0506 | Grad Norm: 1.9874 | Clipped: 4/4
Epoch [805/4000] | Avg Makespan: 385.50 | Actor Loss: -0.0020 | Critic Loss: 0.1246 | Grad Norm: 2.2298 | Clipped: 4/4
Epoch [806/4000] | Avg Makespan: 377.75 | Actor Loss: 0.0007 | Critic Loss: 0.0531 | Grad Norm: 1.9615 | Clipped: 4/4
Epoch [807/4000] | Avg Makespan: 389.88 | Actor Loss: -0.0009 | Critic Loss: 0.0940 | Grad Norm: 1.4654 | Clipped: 2/4
Epoch [808/4000] | Avg Makespan: 375.50 | Actor Loss: -0.0024 | Critic Loss: 0.0337 | Grad Norm: 2.6071 | Clipped: 4/4
Epoch [809/4000] | Avg Makespan: 380.88 | Actor Loss: 0.0015 | Critic Loss: 0.0465 | Grad Norm: 1.4980 | Clipped: 4/4
Epoch [810/4000] | Avg Makespan: 399.62 | Actor Loss: -0.0037 | Critic Loss: 0.1294 | Grad Norm: 1.7612 | Clipped: 4/4
Epoch [811/4000] | Avg Makespan: 380.88 | Actor Loss: 0.0073 | Critic Loss: 0.1054 | Grad Norm: 3.4256 | Clipped: 4/4
Epoch [812/4000] | Avg Makespan: 377.50 | Actor Loss: -0.0025 | Critic Loss: 0.0465 | Grad Norm: 1.3502 | Clipped: 4/4
Epoch [813/4000] | Avg Makespan: 380.38 | Actor Loss: -0.0009 | Critic Loss: 0.0400 | Grad Norm: 1.5816 | Clipped: 4/4
Epoch [814/4000] | Avg Makespan: 379.38 | Actor Loss: -0.0025 | Critic Loss: 0.0615 | Grad Norm: 1.8146 | Clipped: 4/4
Epoch [815/4000] | Avg Makespan: 386.12 | Actor Loss: -0.0012 | Critic Loss: 0.0478 | Grad Norm: 2.2725 | Clipped: 3/4
Epoch [816/4000] | Avg Makespan: 375.75 | Actor Loss: -0.0033 | Critic Loss: 0.0397 | Grad Norm: 1.6757 | Clipped: 3/4
Epoch [817/4000] | Avg Makespan: 382.75 | Actor Loss: -0.0007 | Critic Loss: 0.0558 | Grad Norm: 2.1186 | Clipped: 3/4
Epoch [818/4000] | Avg Makespan: 370.75 | Actor Loss: -0.0021 | Critic Loss: 0.0632 | Grad Norm: 1.4946 | Clipped: 4/4
Epoch [819/4000] | Avg Makespan: 374.00 | Actor Loss: -0.0017 | Critic Loss: 0.0179 | Grad Norm: 1.4608 | Clipped: 4/4
Epoch [820/4000] | Avg Makespan: 372.75 | Actor Loss: -0.0025 | Critic Loss: 0.0179 | Grad Norm: 1.6323 | Clipped: 2/4
Epoch [821/4000] | Avg Makespan: 379.25 | Actor Loss: -0.0007 | Critic Loss: 0.0332 | Grad Norm: 1.5108 | Clipped: 4/4
Epoch [822/4000] | Avg Makespan: 377.75 | Actor Loss: -0.0025 | Critic Loss: 0.0701 | Grad Norm: 1.2633 | Clipped: 3/4
Epoch [823/4000] | Avg Makespan: 366.00 | Actor Loss: -0.0039 | Critic Loss: 0.1201 | Grad Norm: 1.4353 | Clipped: 4/4
Epoch [824/4000] | Avg Makespan: 379.75 | Actor Loss: -0.0030 | Critic Loss: 0.0268 | Grad Norm: 1.7340 | Clipped: 4/4
Epoch [825/4000] | Avg Makespan: 387.12 | Actor Loss: -0.0010 | Critic Loss: 0.0914 | Grad Norm: 0.9481 | Clipped: 1/4
Epoch [826/4000] | Avg Makespan: 372.25 | Actor Loss: -0.0002 | Critic Loss: 0.0407 | Grad Norm: 2.1290 | Clipped: 4/4
Epoch [827/4000] | Avg Makespan: 371.75 | Actor Loss: -0.0022 | Critic Loss: 0.1384 | Grad Norm: 2.2555 | Clipped: 4/4
Epoch [828/4000] | Avg Makespan: 383.38 | Actor Loss: 0.0013 | Critic Loss: 0.0738 | Grad Norm: 2.2922 | Clipped: 4/4
Epoch [829/4000] | Avg Makespan: 378.12 | Actor Loss: 0.0009 | Critic Loss: 0.0340 | Grad Norm: 2.0871 | Clipped: 4/4
Epoch [830/4000] | Avg Makespan: 388.38 | Actor Loss: 0.0005 | Critic Loss: 0.0545 | Grad Norm: 2.2409 | Clipped: 4/4
Epoch [831/4000] | Avg Makespan: 378.88 | Actor Loss: -0.0006 | Critic Loss: 0.0348 | Grad Norm: 1.9992 | Clipped: 3/4
Epoch [832/4000] | Avg Makespan: 387.25 | Actor Loss: -0.0009 | Critic Loss: 0.0309 | Grad Norm: 1.6459 | Clipped: 3/4
Epoch [833/4000] | Avg Makespan: 394.88 | Actor Loss: -0.0048 | Critic Loss: 0.1778 | Grad Norm: 1.0046 | Clipped: 1/4
Epoch [834/4000] | Avg Makespan: 381.75 | Actor Loss: -0.0049 | Critic Loss: 0.1056 | Grad Norm: 0.7552 | Clipped: 1/4
Epoch [835/4000] | Avg Makespan: 375.75 | Actor Loss: -0.0034 | Critic Loss: 0.0582 | Grad Norm: 1.5870 | Clipped: 4/4
Epoch [836/4000] | Avg Makespan: 385.00 | Actor Loss: -0.0029 | Critic Loss: 0.0478 | Grad Norm: 0.8827 | Clipped: 1/4
Epoch [837/4000] | Avg Makespan: 377.88 | Actor Loss: -0.0021 | Critic Loss: 0.0766 | Grad Norm: 1.2122 | Clipped: 2/4
Epoch [838/4000] | Avg Makespan: 376.25 | Actor Loss: -0.0018 | Critic Loss: 0.0483 | Grad Norm: 0.8472 | Clipped: 1/4
Epoch [839/4000] | Avg Makespan: 368.25 | Actor Loss: -0.0027 | Critic Loss: 0.0438 | Grad Norm: 1.5353 | Clipped: 4/4
Epoch [840/4000] | Avg Makespan: 375.50 | Actor Loss: -0.0048 | Critic Loss: 0.0546 | Grad Norm: 1.0210 | Clipped: 3/4
Epoch [841/4000] | Avg Makespan: 381.00 | Actor Loss: 0.0010 | Critic Loss: 0.0629 | Grad Norm: 1.5740 | Clipped: 4/4
Epoch [842/4000] | Avg Makespan: 381.75 | Actor Loss: -0.0030 | Critic Loss: 0.0232 | Grad Norm: 0.7995 | Clipped: 0/4
Epoch [843/4000] | Avg Makespan: 381.25 | Actor Loss: -0.0012 | Critic Loss: 0.0573 | Grad Norm: 0.8768 | Clipped: 1/4
Epoch [844/4000] | Avg Makespan: 384.75 | Actor Loss: -0.0014 | Critic Loss: 0.0592 | Grad Norm: 1.1663 | Clipped: 3/4
Epoch [845/4000] | Avg Makespan: 382.50 | Actor Loss: -0.0023 | Critic Loss: 0.0429 | Grad Norm: 1.1868 | Clipped: 3/4
Epoch [846/4000] | Avg Makespan: 378.25 | Actor Loss: 0.0006 | Critic Loss: 0.0709 | Grad Norm: 2.5351 | Clipped: 4/4
Epoch [847/4000] | Avg Makespan: 378.88 | Actor Loss: -0.0027 | Critic Loss: 0.0328 | Grad Norm: 0.7840 | Clipped: 0/4
Epoch [848/4000] | Avg Makespan: 382.38 | Actor Loss: 0.0005 | Critic Loss: 0.0624 | Grad Norm: 1.7476 | Clipped: 4/4
Epoch [849/4000] | Avg Makespan: 382.38 | Actor Loss: -0.0017 | Critic Loss: 0.0319 | Grad Norm: 1.8337 | Clipped: 3/4
Epoch [850/4000] | Avg Makespan: 381.38 | Actor Loss: -0.0009 | Critic Loss: 0.0433 | Grad Norm: 1.3505 | Clipped: 4/4
Epoch [851/4000] | Avg Makespan: 381.75 | Actor Loss: -0.0042 | Critic Loss: 0.0521 | Grad Norm: 1.0543 | Clipped: 1/4
Epoch [852/4000] | Avg Makespan: 376.12 | Actor Loss: -0.0015 | Critic Loss: 0.0461 | Grad Norm: 1.5933 | Clipped: 3/4
Epoch [853/4000] | Avg Makespan: 383.62 | Actor Loss: -0.0030 | Critic Loss: 0.0333 | Grad Norm: 1.0781 | Clipped: 1/4
Epoch [854/4000] | Avg Makespan: 383.50 | Actor Loss: -0.0020 | Critic Loss: 0.0668 | Grad Norm: 1.5615 | Clipped: 3/4
Epoch [855/4000] | Avg Makespan: 386.38 | Actor Loss: 0.0029 | Critic Loss: 0.0462 | Grad Norm: 2.1900 | Clipped: 4/4
Epoch [856/4000] | Avg Makespan: 369.25 | Actor Loss: -0.0004 | Critic Loss: 0.1027 | Grad Norm: 1.2942 | Clipped: 2/4
Epoch [857/4000] | Avg Makespan: 372.75 | Actor Loss: -0.0009 | Critic Loss: 0.0476 | Grad Norm: 1.3745 | Clipped: 2/4
Epoch [858/4000] | Avg Makespan: 388.12 | Actor Loss: 0.0014 | Critic Loss: 0.1249 | Grad Norm: 1.5784 | Clipped: 4/4
Epoch [859/4000] | Avg Makespan: 376.88 | Actor Loss: -0.0011 | Critic Loss: 0.0426 | Grad Norm: 1.6843 | Clipped: 4/4
Epoch [860/4000] | Avg Makespan: 380.62 | Actor Loss: -0.0019 | Critic Loss: 0.0649 | Grad Norm: 0.8000 | Clipped: 1/4
Epoch [861/4000] | Avg Makespan: 369.25 | Actor Loss: -0.0036 | Critic Loss: 0.0596 | Grad Norm: 1.0562 | Clipped: 1/4
Epoch [862/4000] | Avg Makespan: 371.12 | Actor Loss: -0.0015 | Critic Loss: 0.0450 | Grad Norm: 0.8613 | Clipped: 1/4
Epoch [863/4000] | Avg Makespan: 377.12 | Actor Loss: -0.0050 | Critic Loss: 0.0282 | Grad Norm: 0.7698 | Clipped: 1/4
Epoch [864/4000] | Avg Makespan: 378.75 | Actor Loss: -0.0040 | Critic Loss: 0.0705 | Grad Norm: 1.1688 | Clipped: 3/4
Epoch [865/4000] | Avg Makespan: 377.88 | Actor Loss: -0.0030 | Critic Loss: 0.0932 | Grad Norm: 2.1929 | Clipped: 4/4
Epoch [866/4000] | Avg Makespan: 378.50 | Actor Loss: -0.0019 | Critic Loss: 0.0874 | Grad Norm: 1.4996 | Clipped: 3/4
Epoch [867/4000] | Avg Makespan: 372.50 | Actor Loss: -0.0038 | Critic Loss: 0.0550 | Grad Norm: 0.6257 | Clipped: 0/4
Epoch [868/4000] | Avg Makespan: 378.62 | Actor Loss: -0.0044 | Critic Loss: 0.0503 | Grad Norm: 1.0819 | Clipped: 2/4
Epoch [869/4000] | Avg Makespan: 385.00 | Actor Loss: -0.0036 | Critic Loss: 0.0889 | Grad Norm: 0.8779 | Clipped: 1/4
Epoch [870/4000] | Avg Makespan: 381.00 | Actor Loss: -0.0009 | Critic Loss: 0.0782 | Grad Norm: 1.2987 | Clipped: 2/4
Epoch [871/4000] | Avg Makespan: 380.12 | Actor Loss: -0.0017 | Critic Loss: 0.0315 | Grad Norm: 1.4861 | Clipped: 4/4
Epoch [872/4000] | Avg Makespan: 384.12 | Actor Loss: -0.0031 | Critic Loss: 0.0849 | Grad Norm: 0.8015 | Clipped: 1/4
Epoch [873/4000] | Avg Makespan: 379.00 | Actor Loss: -0.0035 | Critic Loss: 0.0307 | Grad Norm: 0.9083 | Clipped: 2/4
Epoch [874/4000] | Avg Makespan: 377.88 | Actor Loss: -0.0031 | Critic Loss: 0.0876 | Grad Norm: 2.1864 | Clipped: 4/4
Epoch [875/4000] | Avg Makespan: 381.75 | Actor Loss: -0.0029 | Critic Loss: 0.1207 | Grad Norm: 0.8440 | Clipped: 0/4
Epoch [876/4000] | Avg Makespan: 381.25 | Actor Loss: -0.0042 | Critic Loss: 0.0488 | Grad Norm: 0.7418 | Clipped: 1/4
Epoch [877/4000] | Avg Makespan: 382.88 | Actor Loss: -0.0048 | Critic Loss: 0.0663 | Grad Norm: 0.7579 | Clipped: 0/4
Epoch [878/4000] | Avg Makespan: 371.75 | Actor Loss: -0.0046 | Critic Loss: 0.0432 | Grad Norm: 0.7087 | Clipped: 0/4
Epoch [879/4000] | Avg Makespan: 380.62 | Actor Loss: -0.0003 | Critic Loss: 0.0588 | Grad Norm: 1.6853 | Clipped: 4/4
Epoch [880/4000] | Avg Makespan: 379.62 | Actor Loss: -0.0027 | Critic Loss: 0.1261 | Grad Norm: 1.4840 | Clipped: 3/4
Epoch [881/4000] | Avg Makespan: 379.38 | Actor Loss: -0.0057 | Critic Loss: 0.0185 | Grad Norm: 1.0636 | Clipped: 1/4
Epoch [882/4000] | Avg Makespan: 375.12 | Actor Loss: -0.0046 | Critic Loss: 0.0688 | Grad Norm: 0.7295 | Clipped: 0/4
Epoch [883/4000] | Avg Makespan: 384.62 | Actor Loss: -0.0048 | Critic Loss: 0.0388 | Grad Norm: 0.9112 | Clipped: 1/4
Epoch [884/4000] | Avg Makespan: 389.50 | Actor Loss: -0.0035 | Critic Loss: 0.0568 | Grad Norm: 1.3715 | Clipped: 3/4
Epoch [885/4000] | Avg Makespan: 383.12 | Actor Loss: -0.0061 | Critic Loss: 0.1215 | Grad Norm: 1.0221 | Clipped: 2/4
Epoch [886/4000] | Avg Makespan: 382.00 | Actor Loss: -0.0012 | Critic Loss: 0.0731 | Grad Norm: 1.4709 | Clipped: 4/4
Epoch [887/4000] | Avg Makespan: 392.88 | Actor Loss: -0.0039 | Critic Loss: 0.0861 | Grad Norm: 1.1756 | Clipped: 3/4
Epoch [888/4000] | Avg Makespan: 381.88 | Actor Loss: -0.0029 | Critic Loss: 0.1145 | Grad Norm: 1.6767 | Clipped: 4/4
Epoch [889/4000] | Avg Makespan: 391.00 | Actor Loss: -0.0015 | Critic Loss: 0.0775 | Grad Norm: 1.5919 | Clipped: 4/4
Epoch [890/4000] | Avg Makespan: 381.25 | Actor Loss: 0.0015 | Critic Loss: 0.0297 | Grad Norm: 1.9279 | Clipped: 4/4
Epoch [891/4000] | Avg Makespan: 386.75 | Actor Loss: -0.0046 | Critic Loss: 0.0587 | Grad Norm: 1.0936 | Clipped: 3/4
Epoch [892/4000] | Avg Makespan: 385.62 | Actor Loss: -0.0048 | Critic Loss: 0.0113 | Grad Norm: 0.8320 | Clipped: 0/4
Epoch [893/4000] | Avg Makespan: 404.62 | Actor Loss: -0.0053 | Critic Loss: 0.1929 | Grad Norm: 0.9888 | Clipped: 1/4
Epoch [894/4000] | Avg Makespan: 376.75 | Actor Loss: -0.0001 | Critic Loss: 0.1964 | Grad Norm: 1.6651 | Clipped: 4/4
Epoch [895/4000] | Avg Makespan: 394.12 | Actor Loss: -0.0064 | Critic Loss: 0.0499 | Grad Norm: 1.3957 | Clipped: 3/4
Epoch [896/4000] | Avg Makespan: 376.38 | Actor Loss: -0.0051 | Critic Loss: 0.0507 | Grad Norm: 1.7936 | Clipped: 4/4
Epoch [897/4000] | Avg Makespan: 385.88 | Actor Loss: -0.0034 | Critic Loss: 0.0371 | Grad Norm: 1.5088 | Clipped: 3/4
Epoch [898/4000] | Avg Makespan: 383.75 | Actor Loss: -0.0033 | Critic Loss: 0.1834 | Grad Norm: 0.9707 | Clipped: 1/4
Epoch [899/4000] | Avg Makespan: 389.00 | Actor Loss: -0.0042 | Critic Loss: 0.1169 | Grad Norm: 1.1609 | Clipped: 3/4
Epoch [900/4000] | Avg Makespan: 372.50 | Actor Loss: -0.0033 | Critic Loss: 0.0783 | Grad Norm: 1.4731 | Clipped: 3/4
   -> Validation | Samples: 280 | Makespan: 488.71 | Invalid Jobs: 0.00 | Score: 488.71
   -> Saved new best model (Val Score mean of last 5: 515.49; this eval 488.71)
   -> Saved updated training chart to /home/wei/Desktop/AMR-DFJSP/runs/20260819_144532_v10_C_s44/chart.png
Epoch [901/4000] | Avg Makespan: 390.25 | Actor Loss: -0.0073 | Critic Loss: 0.0583 | Grad Norm: 1.0792 | Clipped: 2/4
Epoch [902/4000] | Avg Makespan: 383.00 | Actor Loss: -0.0058 | Critic Loss: 0.0360 | Grad Norm: 0.9205 | Clipped: 1/4
Epoch [903/4000] | Avg Makespan: 377.12 | Actor Loss: -0.0066 | Critic Loss: 0.0550 | Grad Norm: 1.1371 | Clipped: 2/4
Epoch [904/4000] | Avg Makespan: 386.12 | Actor Loss: -0.0044 | Critic Loss: 0.1845 | Grad Norm: 1.4799 | Clipped: 3/4
Epoch [905/4000] | Avg Makespan: 378.12 | Actor Loss: -0.0030 | Critic Loss: 0.1042 | Grad Norm: 1.2576 | Clipped: 4/4
Epoch [906/4000] | Avg Makespan: 379.12 | Actor Loss: -0.0047 | Critic Loss: 0.1161 | Grad Norm: 1.1322 | Clipped: 3/4
Epoch [907/4000] | Avg Makespan: 389.25 | Actor Loss: -0.0049 | Critic Loss: 0.1909 | Grad Norm: 1.6695 | Clipped: 3/4
Epoch [908/4000] | Avg Makespan: 379.75 | Actor Loss: -0.0055 | Critic Loss: 0.0745 | Grad Norm: 1.1374 | Clipped: 2/4
Epoch [909/4000] | Avg Makespan: 372.50 | Actor Loss: -0.0032 | Critic Loss: 0.0691 | Grad Norm: 1.7283 | Clipped: 4/4
Epoch [910/4000] | Avg Makespan: 380.12 | Actor Loss: -0.0002 | Critic Loss: 0.0424 | Grad Norm: 2.1163 | Clipped: 4/4
Epoch [911/4000] | Avg Makespan: 374.62 | Actor Loss: -0.0022 | Critic Loss: 0.0609 | Grad Norm: 1.3862 | Clipped: 3/4
Epoch [912/4000] | Avg Makespan: 387.38 | Actor Loss: -0.0044 | Critic Loss: 0.1375 | Grad Norm: 1.4936 | Clipped: 4/4
Epoch [913/4000] | Avg Makespan: 380.75 | Actor Loss: -0.0058 | Critic Loss: 0.1013 | Grad Norm: 1.1379 | Clipped: 2/4
Epoch [914/4000] | Avg Makespan: 381.50 | Actor Loss: -0.0036 | Critic Loss: 0.0229 | Grad Norm: 1.3553 | Clipped: 3/4
Epoch [915/4000] | Avg Makespan: 379.75 | Actor Loss: -0.0065 | Critic Loss: 0.0604 | Grad Norm: 1.3451 | Clipped: 3/4
Epoch [916/4000] | Avg Makespan: 384.75 | Actor Loss: -0.0049 | Critic Loss: 0.1102 | Grad Norm: 1.3558 | Clipped: 2/4
Epoch [917/4000] | Avg Makespan: 381.00 | Actor Loss: -0.0007 | Critic Loss: 0.1193 | Grad Norm: 1.8320 | Clipped: 4/4
Epoch [918/4000] | Avg Makespan: 382.62 | Actor Loss: -0.0050 | Critic Loss: 0.1182 | Grad Norm: 1.4053 | Clipped: 4/4
Epoch [919/4000] | Avg Makespan: 370.38 | Actor Loss: -0.0038 | Critic Loss: 0.0692 | Grad Norm: 1.2887 | Clipped: 2/4
Epoch [920/4000] | Avg Makespan: 380.50 | Actor Loss: -0.0020 | Critic Loss: 0.1352 | Grad Norm: 1.6556 | Clipped: 4/4
Epoch [921/4000] | Avg Makespan: 382.75 | Actor Loss: -0.0037 | Critic Loss: 0.1599 | Grad Norm: 1.7739 | Clipped: 4/4
Epoch [922/4000] | Avg Makespan: 381.62 | Actor Loss: -0.0041 | Critic Loss: 0.0547 | Grad Norm: 2.6548 | Clipped: 3/4
Epoch [923/4000] | Avg Makespan: 387.62 | Actor Loss: -0.0019 | Critic Loss: 0.0740 | Grad Norm: 1.7555 | Clipped: 3/4
Epoch [924/4000] | Avg Makespan: 378.75 | Actor Loss: -0.0067 | Critic Loss: 0.1860 | Grad Norm: 1.1093 | Clipped: 2/4
Epoch [925/4000] | Avg Makespan: 393.25 | Actor Loss: -0.0038 | Critic Loss: 0.3551 | Grad Norm: 1.2627 | Clipped: 3/4
Epoch [926/4000] | Avg Makespan: 382.62 | Actor Loss: -0.0055 | Critic Loss: 0.1004 | Grad Norm: 1.1884 | Clipped: 3/4
Epoch [927/4000] | Avg Makespan: 379.25 | Actor Loss: -0.0014 | Critic Loss: 0.0435 | Grad Norm: 1.6432 | Clipped: 4/4
Epoch [928/4000] | Avg Makespan: 382.50 | Actor Loss: -0.0023 | Critic Loss: 0.0803 | Grad Norm: 3.0073 | Clipped: 4/4
Epoch [929/4000] | Avg Makespan: 380.25 | Actor Loss: -0.0043 | Critic Loss: 0.2260 | Grad Norm: 1.3879 | Clipped: 2/4
Epoch [930/4000] | Avg Makespan: 378.88 | Actor Loss: -0.0019 | Critic Loss: 0.0571 | Grad Norm: 1.6984 | Clipped: 4/4
Epoch [931/4000] | Avg Makespan: 383.75 | Actor Loss: -0.0019 | Critic Loss: 0.0373 | Grad Norm: 1.1959 | Clipped: 2/4
Epoch [932/4000] | Avg Makespan: 388.25 | Actor Loss: -0.0024 | Critic Loss: 0.1832 | Grad Norm: 1.3891 | Clipped: 2/4
Epoch [933/4000] | Avg Makespan: 374.50 | Actor Loss: -0.0058 | Critic Loss: 0.0998 | Grad Norm: 1.4165 | Clipped: 4/4
Epoch [934/4000] | Avg Makespan: 375.00 | Actor Loss: -0.0013 | Critic Loss: 0.0659 | Grad Norm: 1.6964 | Clipped: 3/4
Epoch [935/4000] | Avg Makespan: 394.00 | Actor Loss: -0.0019 | Critic Loss: 0.2503 | Grad Norm: 1.5692 | Clipped: 3/4
Epoch [936/4000] | Avg Makespan: 381.00 | Actor Loss: 0.0012 | Critic Loss: 0.1282 | Grad Norm: 1.7602 | Clipped: 4/4
Epoch [937/4000] | Avg Makespan: 375.25 | Actor Loss: -0.0004 | Critic Loss: 0.1121 | Grad Norm: 1.7752 | Clipped: 3/4
Epoch [938/4000] | Avg Makespan: 379.50 | Actor Loss: -0.0034 | Critic Loss: 0.0739 | Grad Norm: 1.3635 | Clipped: 3/4
Epoch [939/4000] | Avg Makespan: 377.62 | Actor Loss: -0.0015 | Critic Loss: 0.0712 | Grad Norm: 1.9990 | Clipped: 4/4
Epoch [940/4000] | Avg Makespan: 386.25 | Actor Loss: -0.0095 | Critic Loss: 0.0589 | Grad Norm: 0.9654 | Clipped: 2/4
Epoch [941/4000] | Avg Makespan: 372.88 | Actor Loss: 0.0012 | Critic Loss: 0.0577 | Grad Norm: 1.6748 | Clipped: 4/4
Epoch [942/4000] | Avg Makespan: 376.25 | Actor Loss: -0.0040 | Critic Loss: 0.0255 | Grad Norm: 2.1084 | Clipped: 4/4
Epoch [943/4000] | Avg Makespan: 372.75 | Actor Loss: -0.0080 | Critic Loss: 0.0568 | Grad Norm: 1.2426 | Clipped: 2/4
Epoch [944/4000] | Avg Makespan: 381.38 | Actor Loss: 0.0017 | Critic Loss: 0.0630 | Grad Norm: 2.2301 | Clipped: 3/4
Epoch [945/4000] | Avg Makespan: 377.50 | Actor Loss: -0.0037 | Critic Loss: 0.0688 | Grad Norm: 1.7967 | Clipped: 3/4
Epoch [946/4000] | Avg Makespan: 388.00 | Actor Loss: -0.0027 | Critic Loss: 0.1257 | Grad Norm: 1.1239 | Clipped: 3/4
Epoch [947/4000] | Avg Makespan: 366.75 | Actor Loss: -0.0024 | Critic Loss: 0.0954 | Grad Norm: 1.4924 | Clipped: 4/4
Epoch [948/4000] | Avg Makespan: 371.00 | Actor Loss: -0.0019 | Critic Loss: 0.0217 | Grad Norm: 1.6636 | Clipped: 3/4
Epoch [949/4000] | Avg Makespan: 382.12 | Actor Loss: -0.0000 | Critic Loss: 0.1129 | Grad Norm: 1.5786 | Clipped: 4/4
Epoch [950/4000] | Avg Makespan: 375.12 | Actor Loss: 0.0021 | Critic Loss: 0.0707 | Grad Norm: 1.8205 | Clipped: 4/4
Epoch [951/4000] | Avg Makespan: 373.25 | Actor Loss: -0.0033 | Critic Loss: 0.0690 | Grad Norm: 1.5241 | Clipped: 4/4
Epoch [952/4000] | Avg Makespan: 378.12 | Actor Loss: -0.0029 | Critic Loss: 0.0609 | Grad Norm: 1.2962 | Clipped: 3/4
Epoch [953/4000] | Avg Makespan: 374.38 | Actor Loss: -0.0023 | Critic Loss: 0.0509 | Grad Norm: 1.1083 | Clipped: 3/4
Epoch [954/4000] | Avg Makespan: 372.12 | Actor Loss: -0.0039 | Critic Loss: 0.0637 | Grad Norm: 1.2129 | Clipped: 3/4
Epoch [955/4000] | Avg Makespan: 370.38 | Actor Loss: -0.0050 | Critic Loss: 0.0269 | Grad Norm: 1.0864 | Clipped: 2/4
Epoch [956/4000] | Avg Makespan: 381.50 | Actor Loss: -0.0001 | Critic Loss: 0.0675 | Grad Norm: 1.3638 | Clipped: 2/4
Epoch [957/4000] | Avg Makespan: 377.50 | Actor Loss: -0.0030 | Critic Loss: 0.0525 | Grad Norm: 1.7635 | Clipped: 3/4
Epoch [958/4000] | Avg Makespan: 383.25 | Actor Loss: -0.0010 | Critic Loss: 0.1377 | Grad Norm: 1.3121 | Clipped: 4/4
Epoch [959/4000] | Avg Makespan: 385.00 | Actor Loss: -0.0037 | Critic Loss: 0.1013 | Grad Norm: 1.4772 | Clipped: 3/4
Epoch [960/4000] | Avg Makespan: 365.25 | Actor Loss: -0.0045 | Critic Loss: 0.1445 | Grad Norm: 1.1274 | Clipped: 2/4
Epoch [961/4000] | Avg Makespan: 379.38 | Actor Loss: -0.0057 | Critic Loss: 0.1205 | Grad Norm: 1.0358 | Clipped: 2/4
Epoch [962/4000] | Avg Makespan: 378.25 | Actor Loss: -0.0067 | Critic Loss: 0.0901 | Grad Norm: 0.8461 | Clipped: 1/4
Epoch [963/4000] | Avg Makespan: 389.12 | Actor Loss: -0.0030 | Critic Loss: 0.1047 | Grad Norm: 1.0898 | Clipped: 3/4
Epoch [964/4000] | Avg Makespan: 386.00 | Actor Loss: -0.0051 | Critic Loss: 0.0541 | Grad Norm: 1.1488 | Clipped: 2/4
Epoch [965/4000] | Avg Makespan: 388.50 | Actor Loss: -0.0007 | Critic Loss: 0.0724 | Grad Norm: 1.6528 | Clipped: 3/4
Epoch [966/4000] | Avg Makespan: 382.38 | Actor Loss: -0.0036 | Critic Loss: 0.0497 | Grad Norm: 1.1973 | Clipped: 2/4
Epoch [967/4000] | Avg Makespan: 382.38 | Actor Loss: -0.0053 | Critic Loss: 0.0475 | Grad Norm: 0.9878 | Clipped: 1/4
Epoch [968/4000] | Avg Makespan: 379.38 | Actor Loss: -0.0052 | Critic Loss: 0.0559 | Grad Norm: 0.8011 | Clipped: 1/4
Epoch [969/4000] | Avg Makespan: 385.38 | Actor Loss: -0.0043 | Critic Loss: 0.0538 | Grad Norm: 0.5954 | Clipped: 0/4
Epoch [970/4000] | Avg Makespan: 379.38 | Actor Loss: -0.0034 | Critic Loss: 0.0352 | Grad Norm: 1.5851 | Clipped: 4/4
Epoch [971/4000] | Avg Makespan: 376.00 | Actor Loss: -0.0057 | Critic Loss: 0.0451 | Grad Norm: 1.0109 | Clipped: 3/4
Epoch [972/4000] | Avg Makespan: 378.75 | Actor Loss: -0.0020 | Critic Loss: 0.0630 | Grad Norm: 1.8115 | Clipped: 4/4
Epoch [973/4000] | Avg Makespan: 379.75 | Actor Loss: -0.0046 | Critic Loss: 0.2662 | Grad Norm: 0.8730 | Clipped: 2/4
Epoch [974/4000] | Avg Makespan: 385.00 | Actor Loss: -0.0038 | Critic Loss: 0.0600 | Grad Norm: 0.8902 | Clipped: 1/4
Epoch [975/4000] | Avg Makespan: 387.62 | Actor Loss: -0.0020 | Critic Loss: 0.0515 | Grad Norm: 1.4779 | Clipped: 2/4
Epoch [976/4000] | Avg Makespan: 384.12 | Actor Loss: -0.0052 | Critic Loss: 0.0554 | Grad Norm: 0.9943 | Clipped: 1/4
Epoch [977/4000] | Avg Makespan: 382.62 | Actor Loss: -0.0023 | Critic Loss: 0.0715 | Grad Norm: 1.0643 | Clipped: 3/4
Epoch [978/4000] | Avg Makespan: 382.62 | Actor Loss: -0.0049 | Critic Loss: 0.0248 | Grad Norm: 0.9530 | Clipped: 2/4
Epoch [979/4000] | Avg Makespan: 375.38 | Actor Loss: -0.0025 | Critic Loss: 0.0957 | Grad Norm: 1.0076 | Clipped: 1/4
Epoch [980/4000] | Avg Makespan: 380.75 | Actor Loss: -0.0013 | Critic Loss: 0.0488 | Grad Norm: 1.5105 | Clipped: 4/4
Epoch [981/4000] | Avg Makespan: 387.25 | Actor Loss: -0.0032 | Critic Loss: 0.0699 | Grad Norm: 1.3457 | Clipped: 3/4
Epoch [982/4000] | Avg Makespan: 379.75 | Actor Loss: -0.0031 | Critic Loss: 0.0493 | Grad Norm: 1.3697 | Clipped: 3/4
Epoch [983/4000] | Avg Makespan: 393.88 | Actor Loss: 0.0027 | Critic Loss: 0.0699 | Grad Norm: 1.8461 | Clipped: 4/4
Epoch [984/4000] | Avg Makespan: 388.75 | Actor Loss: -0.0013 | Critic Loss: 0.0603 | Grad Norm: 1.6960 | Clipped: 3/4
Epoch [985/4000] | Avg Makespan: 374.88 | Actor Loss: 0.0038 | Critic Loss: 0.1384 | Grad Norm: 2.8662 | Clipped: 4/4
Epoch [986/4000] | Avg Makespan: 388.00 | Actor Loss: -0.0034 | Critic Loss: 0.1157 | Grad Norm: 1.2606 | Clipped: 3/4
Epoch [987/4000] | Avg Makespan: 388.62 | Actor Loss: -0.0059 | Critic Loss: 0.1162 | Grad Norm: 0.9123 | Clipped: 2/4
Epoch [988/4000] | Avg Makespan: 376.25 | Actor Loss: -0.0032 | Critic Loss: 0.0746 | Grad Norm: 1.2251 | Clipped: 4/4
Epoch [989/4000] | Avg Makespan: 391.88 | Actor Loss: -0.0040 | Critic Loss: 0.0869 | Grad Norm: 0.9850 | Clipped: 2/4
Epoch [990/4000] | Avg Makespan: 381.00 | Actor Loss: -0.0022 | Critic Loss: 0.0650 | Grad Norm: 1.6216 | Clipped: 3/4
Epoch [991/4000] | Avg Makespan: 389.00 | Actor Loss: -0.0054 | Critic Loss: 0.0466 | Grad Norm: 1.4506 | Clipped: 4/4
Epoch [992/4000] | Avg Makespan: 379.38 | Actor Loss: -0.0044 | Critic Loss: 0.1293 | Grad Norm: 0.7556 | Clipped: 1/4
Epoch [993/4000] | Avg Makespan: 385.12 | Actor Loss: -0.0038 | Critic Loss: 0.0534 | Grad Norm: 1.6174 | Clipped: 3/4
Epoch [994/4000] | Avg Makespan: 390.38 | Actor Loss: -0.0030 | Critic Loss: 0.1595 | Grad Norm: 1.2915 | Clipped: 4/4
Epoch [995/4000] | Avg Makespan: 389.75 | Actor Loss: -0.0025 | Critic Loss: 0.0349 | Grad Norm: 1.3826 | Clipped: 4/4
Epoch [996/4000] | Avg Makespan: 379.12 | Actor Loss: -0.0018 | Critic Loss: 0.1118 | Grad Norm: 1.5282 | Clipped: 4/4
Epoch [997/4000] | Avg Makespan: 386.50 | Actor Loss: -0.0026 | Critic Loss: 0.0835 | Grad Norm: 0.7621 | Clipped: 0/4
Epoch [998/4000] | Avg Makespan: 387.00 | Actor Loss: -0.0043 | Critic Loss: 0.1022 | Grad Norm: 1.4852 | Clipped: 2/4
Epoch [999/4000] | Avg Makespan: 381.62 | Actor Loss: 0.0009 | Critic Loss: 0.0898 | Grad Norm: 2.3182 | Clipped: 4/4
Epoch [1000/4000] | Avg Makespan: 374.62 | Actor Loss: -0.0005 | Critic Loss: 0.0771 | Grad Norm: 1.7977 | Clipped: 4/4
   -> Validation | Samples: 280 | Makespan: 508.49 | Invalid Jobs: 0.00 | Score: 508.49
   -> Saved new best model (Val Score mean of last 5: 509.96; this eval 508.49)
   -> Saved updated training chart to /home/wei/Desktop/AMR-DFJSP/runs/20260819_144532_v10_C_s44/chart.png
Epoch [1001/4000] | Avg Makespan: 386.00 | Actor Loss: -0.0001 | Critic Loss: 0.0504 | Grad Norm: 2.1125 | Clipped: 4/4
Epoch [1002/4000] | Avg Makespan: 377.25 | Actor Loss: -0.0031 | Critic Loss: 0.0256 | Grad Norm: 0.9822 | Clipped: 2/4
Epoch [1003/4000] | Avg Makespan: 380.75 | Actor Loss: -0.0043 | Critic Loss: 0.0844 | Grad Norm: 1.0664 | Clipped: 3/4
Epoch [1004/4000] | Avg Makespan: 382.75 | Actor Loss: -0.0022 | Critic Loss: 0.1248 | Grad Norm: 1.3233 | Clipped: 4/4
Epoch [1005/4000] | Avg Makespan: 386.62 | Actor Loss: 0.0016 | Critic Loss: 0.0996 | Grad Norm: 1.8634 | Clipped: 4/4
Epoch [1006/4000] | Avg Makespan: 390.00 | Actor Loss: -0.0060 | Critic Loss: 0.0902 | Grad Norm: 1.4436 | Clipped: 1/4
Epoch [1007/4000] | Avg Makespan: 392.50 | Actor Loss: -0.0027 | Critic Loss: 0.1015 | Grad Norm: 1.4712 | Clipped: 3/4
Epoch [1008/4000] | Avg Makespan: 384.88 | Actor Loss: -0.0011 | Critic Loss: 0.1283 | Grad Norm: 1.7077 | Clipped: 4/4
Epoch [1009/4000] | Avg Makespan: 390.12 | Actor Loss: -0.0028 | Critic Loss: 0.0512 | Grad Norm: 0.9808 | Clipped: 1/4
Epoch [1010/4000] | Avg Makespan: 375.75 | Actor Loss: 0.0002 | Critic Loss: 0.0797 | Grad Norm: 1.8065 | Clipped: 4/4
Epoch [1011/4000] | Avg Makespan: 383.75 | Actor Loss: 0.0035 | Critic Loss: 0.2399 | Grad Norm: 1.7096 | Clipped: 4/4
Epoch [1012/4000] | Avg Makespan: 370.88 | Actor Loss: 0.0015 | Critic Loss: 0.0416 | Grad Norm: 2.3957 | Clipped: 4/4
Epoch [1013/4000] | Avg Makespan: 393.62 | Actor Loss: -0.0032 | Critic Loss: 0.1211 | Grad Norm: 1.4307 | Clipped: 3/4
Epoch [1014/4000] | Avg Makespan: 381.12 | Actor Loss: -0.0005 | Critic Loss: 0.0650 | Grad Norm: 1.0337 | Clipped: 3/4
Epoch [1015/4000] | Avg Makespan: 379.75 | Actor Loss: -0.0026 | Critic Loss: 0.0522 | Grad Norm: 1.3115 | Clipped: 4/4
Epoch [1016/4000] | Avg Makespan: 385.88 | Actor Loss: 0.0009 | Critic Loss: 0.1027 | Grad Norm: 2.6368 | Clipped: 4/4
Epoch [1017/4000] | Avg Makespan: 383.75 | Actor Loss: 0.0021 | Critic Loss: 0.1019 | Grad Norm: 1.6054 | Clipped: 4/4
Epoch [1018/4000] | Avg Makespan: 381.88 | Actor Loss: 0.0069 | Critic Loss: 0.0585 | Grad Norm: 1.5708 | Clipped: 3/4
Epoch [1019/4000] | Avg Makespan: 379.50 | Actor Loss: -0.0018 | Critic Loss: 0.0206 | Grad Norm: 1.5725 | Clipped: 4/4
Epoch [1020/4000] | Avg Makespan: 381.38 | Actor Loss: -0.0002 | Critic Loss: 0.0323 | Grad Norm: 3.0964 | Clipped: 4/4
Epoch [1021/4000] | Avg Makespan: 384.62 | Actor Loss: -0.0012 | Critic Loss: 0.0367 | Grad Norm: 1.2694 | Clipped: 3/4
Epoch [1022/4000] | Avg Makespan: 387.75 | Actor Loss: -0.0037 | Critic Loss: 0.1767 | Grad Norm: 0.9442 | Clipped: 2/4
Epoch [1023/4000] | Avg Makespan: 372.38 | Actor Loss: -0.0062 | Critic Loss: 0.1131 | Grad Norm: 0.8269 | Clipped: 1/4
Epoch [1024/4000] | Avg Makespan: 378.50 | Actor Loss: -0.0046 | Critic Loss: 0.0338 | Grad Norm: 0.7445 | Clipped: 0/4
Epoch [1025/4000] | Avg Makespan: 379.38 | Actor Loss: -0.0039 | Critic Loss: 0.0988 | Grad Norm: 1.6553 | Clipped: 3/4
Epoch [1026/4000] | Avg Makespan: 370.12 | Actor Loss: -0.0024 | Critic Loss: 0.0563 | Grad Norm: 0.9825 | Clipped: 1/4
Epoch [1027/4000] | Avg Makespan: 378.25 | Actor Loss: 0.0009 | Critic Loss: 0.1390 | Grad Norm: 2.1371 | Clipped: 4/4
Epoch [1028/4000] | Avg Makespan: 378.50 | Actor Loss: -0.0000 | Critic Loss: 0.0598 | Grad Norm: 1.3502 | Clipped: 3/4
Epoch [1029/4000] | Avg Makespan: 385.50 | Actor Loss: -0.0011 | Critic Loss: 0.1756 | Grad Norm: 1.2992 | Clipped: 3/4
Epoch [1030/4000] | Avg Makespan: 384.12 | Actor Loss: -0.0036 | Critic Loss: 0.0631 | Grad Norm: 1.2165 | Clipped: 3/4
Epoch [1031/4000] | Avg Makespan: 379.50 | Actor Loss: -0.0010 | Critic Loss: 0.0526 | Grad Norm: 1.7104 | Clipped: 2/4
Epoch [1032/4000] | Avg Makespan: 384.38 | Actor Loss: -0.0027 | Critic Loss: 0.0419 | Grad Norm: 0.7051 | Clipped: 1/4
Epoch [1033/4000] | Avg Makespan: 379.25 | Actor Loss: -0.0027 | Critic Loss: 0.0648 | Grad Norm: 1.0504 | Clipped: 2/4
Epoch [1034/4000] | Avg Makespan: 376.88 | Actor Loss: -0.0021 | Critic Loss: 0.0376 | Grad Norm: 1.2902 | Clipped: 3/4
Epoch [1035/4000] | Avg Makespan: 386.25 | Actor Loss: -0.0031 | Critic Loss: 0.0868 | Grad Norm: 1.0994 | Clipped: 2/4
Epoch [1036/4000] | Avg Makespan: 371.12 | Actor Loss: 0.0027 | Critic Loss: 0.0359 | Grad Norm: 2.0630 | Clipped: 4/4
Epoch [1037/4000] | Avg Makespan: 372.12 | Actor Loss: 0.0068 | Critic Loss: 0.0407 | Grad Norm: 2.0607 | Clipped: 4/4
Epoch [1038/4000] | Avg Makespan: 384.00 | Actor Loss: 0.0004 | Critic Loss: 0.0494 | Grad Norm: 2.0194 | Clipped: 4/4
Epoch [1039/4000] | Avg Makespan: 382.25 | Actor Loss: -0.0001 | Critic Loss: 0.0503 | Grad Norm: 1.4430 | Clipped: 3/4
Epoch [1040/4000] | Avg Makespan: 389.88 | Actor Loss: -0.0015 | Critic Loss: 0.1286 | Grad Norm: 1.1029 | Clipped: 3/4
Epoch [1041/4000] | Avg Makespan: 379.88 | Actor Loss: 0.0023 | Critic Loss: 0.0610 | Grad Norm: 1.7098 | Clipped: 3/4
Epoch [1042/4000] | Avg Makespan: 394.75 | Actor Loss: 0.0013 | Critic Loss: 0.0279 | Grad Norm: 2.0320 | Clipped: 4/4
Epoch [1043/4000] | Avg Makespan: 384.50 | Actor Loss: -0.0041 | Critic Loss: 0.0677 | Grad Norm: 1.2744 | Clipped: 2/4
Epoch [1044/4000] | Avg Makespan: 384.38 | Actor Loss: -0.0035 | Critic Loss: 0.0670 | Grad Norm: 0.7115 | Clipped: 0/4
Epoch [1045/4000] | Avg Makespan: 405.12 | Actor Loss: -0.0037 | Critic Loss: 0.5031 | Grad Norm: 1.0110 | Clipped: 1/4
Epoch [1046/4000] | Avg Makespan: 392.12 | Actor Loss: -0.0023 | Critic Loss: 0.1153 | Grad Norm: 1.0546 | Clipped: 1/4
Epoch [1047/4000] | Avg Makespan: 381.62 | Actor Loss: -0.0023 | Critic Loss: 0.2129 | Grad Norm: 1.1843 | Clipped: 4/4
Epoch [1048/4000] | Avg Makespan: 378.12 | Actor Loss: -0.0020 | Critic Loss: 0.1492 | Grad Norm: 1.1294 | Clipped: 2/4
Epoch [1049/4000] | Avg Makespan: 387.00 | Actor Loss: -0.0011 | Critic Loss: 0.0895 | Grad Norm: 0.9917 | Clipped: 1/4
Epoch [1050/4000] | Avg Makespan: 372.12 | Actor Loss: -0.0027 | Critic Loss: 0.0441 | Grad Norm: 0.7072 | Clipped: 0/4
Epoch [1051/4000] | Avg Makespan: 379.38 | Actor Loss: -0.0039 | Critic Loss: 0.0306 | Grad Norm: 1.1852 | Clipped: 1/4
Epoch [1052/4000] | Avg Makespan: 379.12 | Actor Loss: -0.0013 | Critic Loss: 0.0451 | Grad Norm: 1.0444 | Clipped: 2/4
Epoch [1053/4000] | Avg Makespan: 375.00 | Actor Loss: -0.0029 | Critic Loss: 0.0351 | Grad Norm: 1.0813 | Clipped: 2/4
Epoch [1054/4000] | Avg Makespan: 377.88 | Actor Loss: -0.0036 | Critic Loss: 0.0658 | Grad Norm: 0.8594 | Clipped: 1/4
Epoch [1055/4000] | Avg Makespan: 385.12 | Actor Loss: -0.0006 | Critic Loss: 0.0998 | Grad Norm: 1.6181 | Clipped: 3/4
Epoch [1056/4000] | Avg Makespan: 370.25 | Actor Loss: -0.0023 | Critic Loss: 0.0398 | Grad Norm: 1.0131 | Clipped: 1/4
Epoch [1057/4000] | Avg Makespan: 378.75 | Actor Loss: -0.0018 | Critic Loss: 0.0599 | Grad Norm: 0.9455 | Clipped: 2/4
Epoch [1058/4000] | Avg Makespan: 375.75 | Actor Loss: -0.0024 | Critic Loss: 0.1189 | Grad Norm: 1.0750 | Clipped: 2/4
Epoch [1059/4000] | Avg Makespan: 387.25 | Actor Loss: -0.0029 | Critic Loss: 0.1114 | Grad Norm: 1.2621 | Clipped: 3/4
Epoch [1060/4000] | Avg Makespan: 372.62 | Actor Loss: 0.0001 | Critic Loss: 0.0639 | Grad Norm: 1.3288 | Clipped: 3/4
Epoch [1061/4000] | Avg Makespan: 372.88 | Actor Loss: -0.0031 | Critic Loss: 0.0781 | Grad Norm: 1.0575 | Clipped: 3/4
Epoch [1062/4000] | Avg Makespan: 380.50 | Actor Loss: -0.0009 | Critic Loss: 0.1192 | Grad Norm: 1.3036 | Clipped: 2/4
Epoch [1063/4000] | Avg Makespan: 387.62 | Actor Loss: -0.0016 | Critic Loss: 0.0757 | Grad Norm: 1.1203 | Clipped: 3/4
Epoch [1064/4000] | Avg Makespan: 382.38 | Actor Loss: -0.0008 | Critic Loss: 0.0305 | Grad Norm: 0.9313 | Clipped: 1/4
Epoch [1065/4000] | Avg Makespan: 384.00 | Actor Loss: 0.0012 | Critic Loss: 0.0598 | Grad Norm: 1.4695 | Clipped: 4/4
Epoch [1066/4000] | Avg Makespan: 390.00 | Actor Loss: 0.0018 | Critic Loss: 0.0764 | Grad Norm: 1.2153 | Clipped: 3/4
Epoch [1067/4000] | Avg Makespan: 382.12 | Actor Loss: -0.0023 | Critic Loss: 0.0844 | Grad Norm: 0.9159 | Clipped: 2/4
Epoch [1068/4000] | Avg Makespan: 370.00 | Actor Loss: -0.0016 | Critic Loss: 0.1602 | Grad Norm: 1.5860 | Clipped: 1/4
Epoch [1069/4000] | Avg Makespan: 379.75 | Actor Loss: -0.0023 | Critic Loss: 0.1049 | Grad Norm: 0.9013 | Clipped: 1/4
Epoch [1070/4000] | Avg Makespan: 380.25 | Actor Loss: -0.0048 | Critic Loss: 0.0321 | Grad Norm: 1.1626 | Clipped: 3/4
Epoch [1071/4000] | Avg Makespan: 380.50 | Actor Loss: -0.0021 | Critic Loss: 0.0791 | Grad Norm: 0.9133 | Clipped: 2/4
Epoch [1072/4000] | Avg Makespan: 367.62 | Actor Loss: -0.0023 | Critic Loss: 0.0613 | Grad Norm: 0.9792 | Clipped: 2/4
Epoch [1073/4000] | Avg Makespan: 395.12 | Actor Loss: -0.0018 | Critic Loss: 0.0855 | Grad Norm: 0.7198 | Clipped: 1/4
Epoch [1074/4000] | Avg Makespan: 372.25 | Actor Loss: -0.0033 | Critic Loss: 0.0648 | Grad Norm: 0.5453 | Clipped: 0/4
Epoch [1075/4000] | Avg Makespan: 378.25 | Actor Loss: -0.0025 | Critic Loss: 0.0889 | Grad Norm: 0.6471 | Clipped: 0/4
Epoch [1076/4000] | Avg Makespan: 375.62 | Actor Loss: -0.0015 | Critic Loss: 0.0778 | Grad Norm: 0.5962 | Clipped: 0/4
Epoch [1077/4000] | Avg Makespan: 374.25 | Actor Loss: -0.0025 | Critic Loss: 0.0212 | Grad Norm: 0.7785 | Clipped: 1/4
Epoch [1078/4000] | Avg Makespan: 385.25 | Actor Loss: -0.0050 | Critic Loss: 0.0924 | Grad Norm: 0.6252 | Clipped: 0/4
Epoch [1079/4000] | Avg Makespan: 377.88 | Actor Loss: -0.0014 | Critic Loss: 0.1221 | Grad Norm: 0.5168 | Clipped: 0/4
Epoch [1080/4000] | Avg Makespan: 382.00 | Actor Loss: -0.0015 | Critic Loss: 0.0759 | Grad Norm: 1.3429 | Clipped: 1/4
Epoch [1081/4000] | Avg Makespan: 368.75 | Actor Loss: -0.0021 | Critic Loss: 0.0753 | Grad Norm: 1.3847 | Clipped: 3/4
Epoch [1082/4000] | Avg Makespan: 390.75 | Actor Loss: -0.0022 | Critic Loss: 0.2044 | Grad Norm: 1.8497 | Clipped: 4/4
Epoch [1083/4000] | Avg Makespan: 375.75 | Actor Loss: -0.0024 | Critic Loss: 0.0391 | Grad Norm: 0.9415 | Clipped: 1/4
Epoch [1084/4000] | Avg Makespan: 378.75 | Actor Loss: -0.0026 | Critic Loss: 0.0650 | Grad Norm: 0.6100 | Clipped: 0/4
Epoch [1085/4000] | Avg Makespan: 374.50 | Actor Loss: -0.0012 | Critic Loss: 0.1071 | Grad Norm: 1.3352 | Clipped: 2/4
Epoch [1086/4000] | Avg Makespan: 389.62 | Actor Loss: -0.0019 | Critic Loss: 0.3237 | Grad Norm: 0.8454 | Clipped: 1/4
Epoch [1087/4000] | Avg Makespan: 373.00 | Actor Loss: -0.0035 | Critic Loss: 0.0592 | Grad Norm: 0.8930 | Clipped: 2/4
Epoch [1088/4000] | Avg Makespan: 376.88 | Actor Loss: -0.0022 | Critic Loss: 0.0925 | Grad Norm: 0.5527 | Clipped: 0/4
Epoch [1089/4000] | Avg Makespan: 376.25 | Actor Loss: -0.0033 | Critic Loss: 0.0697 | Grad Norm: 1.2721 | Clipped: 1/4
Epoch [1090/4000] | Avg Makespan: 372.12 | Actor Loss: -0.0054 | Critic Loss: 0.0573 | Grad Norm: 1.2157 | Clipped: 3/4
Epoch [1091/4000] | Avg Makespan: 377.12 | Actor Loss: -0.0033 | Critic Loss: 0.0923 | Grad Norm: 0.9637 | Clipped: 1/4
Epoch [1092/4000] | Avg Makespan: 381.88 | Actor Loss: -0.0044 | Critic Loss: 0.0753 | Grad Norm: 1.1263 | Clipped: 1/4
Epoch [1093/4000] | Avg Makespan: 368.38 | Actor Loss: -0.0044 | Critic Loss: 0.0229 | Grad Norm: 0.6817 | Clipped: 0/4
Epoch [1094/4000] | Avg Makespan: 383.00 | Actor Loss: -0.0037 | Critic Loss: 0.0522 | Grad Norm: 0.7601 | Clipped: 0/4
Epoch [1095/4000] | Avg Makespan: 385.25 | Actor Loss: -0.0032 | Critic Loss: 0.1559 | Grad Norm: 0.7383 | Clipped: 1/4
Epoch [1096/4000] | Avg Makespan: 386.00 | Actor Loss: -0.0022 | Critic Loss: 0.0574 | Grad Norm: 0.9507 | Clipped: 2/4
Epoch [1097/4000] | Avg Makespan: 396.25 | Actor Loss: -0.0043 | Critic Loss: 0.0712 | Grad Norm: 0.4746 | Clipped: 0/4
Epoch [1098/4000] | Avg Makespan: 387.50 | Actor Loss: -0.0033 | Critic Loss: 0.1030 | Grad Norm: 0.9607 | Clipped: 3/4
Epoch [1099/4000] | Avg Makespan: 380.75 | Actor Loss: -0.0044 | Critic Loss: 0.0800 | Grad Norm: 0.8925 | Clipped: 1/4
Epoch [1100/4000] | Avg Makespan: 378.50 | Actor Loss: -0.0041 | Critic Loss: 0.0862 | Grad Norm: 0.6364 | Clipped: 1/4
   -> Validation | Samples: 280 | Makespan: 520.49 | Invalid Jobs: 0.01 | Score: 531.20
   -> Saved updated training chart to /home/wei/Desktop/AMR-DFJSP/runs/20260819_144532_v10_C_s44/chart.png
Epoch [1101/4000] | Avg Makespan: 390.50 | Actor Loss: -0.0028 | Critic Loss: 0.0886 | Grad Norm: 0.7313 | Clipped: 1/4
Epoch [1102/4000] | Avg Makespan: 380.62 | Actor Loss: -0.0029 | Critic Loss: 0.0629 | Grad Norm: 0.6194 | Clipped: 1/4
Epoch [1103/4000] | Avg Makespan: 369.38 | Actor Loss: -0.0014 | Critic Loss: 0.0843 | Grad Norm: 0.7924 | Clipped: 1/4
Epoch [1104/4000] | Avg Makespan: 388.25 | Actor Loss: -0.0039 | Critic Loss: 0.0655 | Grad Norm: 0.8904 | Clipped: 1/4
Epoch [1105/4000] | Avg Makespan: 387.62 | Actor Loss: 0.0004 | Critic Loss: 0.0799 | Grad Norm: 0.5656 | Clipped: 0/4
Epoch [1106/4000] | Avg Makespan: 382.25 | Actor Loss: -0.0005 | Critic Loss: 0.0377 | Grad Norm: 1.3037 | Clipped: 4/4
Epoch [1107/4000] | Avg Makespan: 381.62 | Actor Loss: -0.0022 | Critic Loss: 0.1203 | Grad Norm: 0.8963 | Clipped: 2/4
Epoch [1108/4000] | Avg Makespan: 382.50 | Actor Loss: -0.0024 | Critic Loss: 0.0518 | Grad Norm: 1.1950 | Clipped: 2/4
Epoch [1109/4000] | Avg Makespan: 374.12 | Actor Loss: -0.0013 | Critic Loss: 0.0630 | Grad Norm: 0.7075 | Clipped: 0/4
Epoch [1110/4000] | Avg Makespan: 374.88 | Actor Loss: -0.0017 | Critic Loss: 0.0583 | Grad Norm: 1.0221 | Clipped: 2/4
Epoch [1111/4000] | Avg Makespan: 389.62 | Actor Loss: 0.0007 | Critic Loss: 0.1559 | Grad Norm: 1.0686 | Clipped: 2/4
Epoch [1112/4000] | Avg Makespan: 382.38 | Actor Loss: -0.0029 | Critic Loss: 0.0391 | Grad Norm: 0.6754 | Clipped: 1/4
Epoch [1113/4000] | Avg Makespan: 377.62 | Actor Loss: -0.0041 | Critic Loss: 0.0830 | Grad Norm: 0.6841 | Clipped: 0/4
Epoch [1114/4000] | Avg Makespan: 390.12 | Actor Loss: -0.0044 | Critic Loss: 0.0924 | Grad Norm: 0.7239 | Clipped: 1/4
Epoch [1115/4000] | Avg Makespan: 396.75 | Actor Loss: -0.0050 | Critic Loss: 0.1341 | Grad Norm: 0.7830 | Clipped: 1/4
Epoch [1116/4000] | Avg Makespan: 386.62 | Actor Loss: -0.0044 | Critic Loss: 0.0918 | Grad Norm: 0.9597 | Clipped: 1/4
Epoch [1117/4000] | Avg Makespan: 393.75 | Actor Loss: -0.0034 | Critic Loss: 0.0507 | Grad Norm: 0.4674 | Clipped: 0/4
Epoch [1118/4000] | Avg Makespan: 384.25 | Actor Loss: -0.0035 | Critic Loss: 0.0640 | Grad Norm: 1.3138 | Clipped: 2/4
Epoch [1119/4000] | Avg Makespan: 389.25 | Actor Loss: -0.0014 | Critic Loss: 0.0307 | Grad Norm: 0.6955 | Clipped: 1/4
Epoch [1120/4000] | Avg Makespan: 382.88 | Actor Loss: -0.0038 | Critic Loss: 0.0110 | Grad Norm: 0.7339 | Clipped: 1/4
Epoch [1121/4000] | Avg Makespan: 380.88 | Actor Loss: -0.0015 | Critic Loss: 0.0553 | Grad Norm: 0.7815 | Clipped: 1/4
Epoch [1122/4000] | Avg Makespan: 371.00 | Actor Loss: -0.0037 | Critic Loss: 0.0706 | Grad Norm: 0.7822 | Clipped: 0/4
Epoch [1123/4000] | Avg Makespan: 375.75 | Actor Loss: -0.0007 | Critic Loss: 0.1084 | Grad Norm: 1.3720 | Clipped: 3/4
Epoch [1124/4000] | Avg Makespan: 382.50 | Actor Loss: -0.0034 | Critic Loss: 0.1140 | Grad Norm: 1.3831 | Clipped: 4/4
Epoch [1125/4000] | Avg Makespan: 385.88 | Actor Loss: -0.0037 | Critic Loss: 0.1441 | Grad Norm: 1.1533 | Clipped: 2/4
Epoch [1126/4000] | Avg Makespan: 370.12 | Actor Loss: -0.0037 | Critic Loss: 0.1114 | Grad Norm: 1.1785 | Clipped: 3/4
Epoch [1127/4000] | Avg Makespan: 393.12 | Actor Loss: -0.0031 | Critic Loss: 0.1038 | Grad Norm: 0.9507 | Clipped: 2/4
Epoch [1128/4000] | Avg Makespan: 377.62 | Actor Loss: -0.0031 | Critic Loss: 0.2223 | Grad Norm: 1.5574 | Clipped: 3/4
Epoch [1129/4000] | Avg Makespan: 380.00 | Actor Loss: -0.0022 | Critic Loss: 0.1275 | Grad Norm: 0.9367 | Clipped: 1/4
Epoch [1130/4000] | Avg Makespan: 374.62 | Actor Loss: 0.0026 | Critic Loss: 0.0735 | Grad Norm: 1.9677 | Clipped: 3/4
Epoch [1131/4000] | Avg Makespan: 381.12 | Actor Loss: -0.0034 | Critic Loss: 0.0724 | Grad Norm: 0.9161 | Clipped: 2/4
Epoch [1132/4000] | Avg Makespan: 387.50 | Actor Loss: -0.0009 | Critic Loss: 0.0374 | Grad Norm: 0.5701 | Clipped: 0/4
Epoch [1133/4000] | Avg Makespan: 375.00 | Actor Loss: -0.0014 | Critic Loss: 0.0631 | Grad Norm: 0.8544 | Clipped: 1/4
Epoch [1134/4000] | Avg Makespan: 391.88 | Actor Loss: -0.0039 | Critic Loss: 0.1587 | Grad Norm: 1.1098 | Clipped: 2/4
Epoch [1135/4000] | Avg Makespan: 379.25 | Actor Loss: -0.0042 | Critic Loss: 0.0871 | Grad Norm: 0.9115 | Clipped: 1/4
Epoch [1136/4000] | Avg Makespan: 374.88 | Actor Loss: -0.0023 | Critic Loss: 0.0542 | Grad Norm: 0.8240 | Clipped: 1/4
Epoch [1137/4000] | Avg Makespan: 376.50 | Actor Loss: -0.0026 | Critic Loss: 0.0537 | Grad Norm: 0.5738 | Clipped: 0/4
Epoch [1138/4000] | Avg Makespan: 373.50 | Actor Loss: -0.0032 | Critic Loss: 0.0435 | Grad Norm: 0.8938 | Clipped: 1/4
Epoch [1139/4000] | Avg Makespan: 375.00 | Actor Loss: -0.0026 | Critic Loss: 0.0446 | Grad Norm: 0.6626 | Clipped: 1/4
Epoch [1140/4000] | Avg Makespan: 385.12 | Actor Loss: -0.0021 | Critic Loss: 0.0643 | Grad Norm: 0.8091 | Clipped: 1/4
Epoch [1141/4000] | Avg Makespan: 381.62 | Actor Loss: -0.0022 | Critic Loss: 0.0443 | Grad Norm: 1.2366 | Clipped: 1/4
Epoch [1142/4000] | Avg Makespan: 384.00 | Actor Loss: -0.0042 | Critic Loss: 0.1111 | Grad Norm: 0.8893 | Clipped: 1/4
Epoch [1143/4000] | Avg Makespan: 383.62 | Actor Loss: -0.0021 | Critic Loss: 0.2368 | Grad Norm: 0.9867 | Clipped: 2/4
Epoch [1144/4000] | Avg Makespan: 378.00 | Actor Loss: 0.0019 | Critic Loss: 0.0980 | Grad Norm: 0.7820 | Clipped: 0/4
Epoch [1145/4000] | Avg Makespan: 374.38 | Actor Loss: -0.0014 | Critic Loss: 0.0450 | Grad Norm: 0.8830 | Clipped: 2/4
Epoch [1146/4000] | Avg Makespan: 377.00 | Actor Loss: -0.0019 | Critic Loss: 0.0632 | Grad Norm: 0.6929 | Clipped: 1/4
Epoch [1147/4000] | Avg Makespan: 377.00 | Actor Loss: -0.0019 | Critic Loss: 0.0727 | Grad Norm: 1.1234 | Clipped: 3/4
Epoch [1148/4000] | Avg Makespan: 384.50 | Actor Loss: -0.0019 | Critic Loss: 0.0457 | Grad Norm: 0.7502 | Clipped: 0/4
Epoch [1149/4000] | Avg Makespan: 382.25 | Actor Loss: -0.0036 | Critic Loss: 0.0742 | Grad Norm: 0.5010 | Clipped: 0/4
Epoch [1150/4000] | Avg Makespan: 372.62 | Actor Loss: -0.0031 | Critic Loss: 0.0803 | Grad Norm: 0.5312 | Clipped: 0/4
Epoch [1151/4000] | Avg Makespan: 384.38 | Actor Loss: -0.0030 | Critic Loss: 0.0892 | Grad Norm: 0.9034 | Clipped: 1/4
Epoch [1152/4000] | Avg Makespan: 393.12 | Actor Loss: -0.0047 | Critic Loss: 0.3591 | Grad Norm: 1.2068 | Clipped: 2/4
Epoch [1153/4000] | Avg Makespan: 377.62 | Actor Loss: -0.0037 | Critic Loss: 0.0781 | Grad Norm: 1.3115 | Clipped: 2/4
Epoch [1154/4000] | Avg Makespan: 381.88 | Actor Loss: -0.0014 | Critic Loss: 0.0609 | Grad Norm: 0.6200 | Clipped: 1/4
Epoch [1155/4000] | Avg Makespan: 382.12 | Actor Loss: -0.0028 | Critic Loss: 0.0606 | Grad Norm: 0.5290 | Clipped: 0/4
Epoch [1156/4000] | Avg Makespan: 385.00 | Actor Loss: -0.0037 | Critic Loss: 0.0695 | Grad Norm: 0.7292 | Clipped: 0/4
Epoch [1157/4000] | Avg Makespan: 366.88 | Actor Loss: -0.0022 | Critic Loss: 0.1100 | Grad Norm: 0.8362 | Clipped: 1/4
Epoch [1158/4000] | Avg Makespan: 372.88 | Actor Loss: -0.0017 | Critic Loss: 0.0732 | Grad Norm: 0.6159 | Clipped: 0/4
Epoch [1159/4000] | Avg Makespan: 383.12 | Actor Loss: 0.0012 | Critic Loss: 0.0907 | Grad Norm: 1.2123 | Clipped: 3/4
Epoch [1160/4000] | Avg Makespan: 382.25 | Actor Loss: 0.0012 | Critic Loss: 0.0432 | Grad Norm: 0.9482 | Clipped: 2/4
Epoch [1161/4000] | Avg Makespan: 375.50 | Actor Loss: -0.0023 | Critic Loss: 0.0629 | Grad Norm: 0.6074 | Clipped: 0/4
Epoch [1162/4000] | Avg Makespan: 380.75 | Actor Loss: -0.0029 | Critic Loss: 0.2318 | Grad Norm: 0.4751 | Clipped: 0/4
Epoch [1163/4000] | Avg Makespan: 384.88 | Actor Loss: -0.0027 | Critic Loss: 0.1168 | Grad Norm: 0.5534 | Clipped: 0/4
Epoch [1164/4000] | Avg Makespan: 364.38 | Actor Loss: -0.0024 | Critic Loss: 0.1455 | Grad Norm: 1.0667 | Clipped: 1/4
Epoch [1165/4000] | Avg Makespan: 383.38 | Actor Loss: -0.0042 | Critic Loss: 0.0956 | Grad Norm: 0.5003 | Clipped: 0/4
Epoch [1166/4000] | Avg Makespan: 370.12 | Actor Loss: -0.0012 | Critic Loss: 0.0646 | Grad Norm: 0.5929 | Clipped: 0/4
Epoch [1167/4000] | Avg Makespan: 372.25 | Actor Loss: -0.0024 | Critic Loss: 0.1298 | Grad Norm: 0.7685 | Clipped: 0/4
Epoch [1168/4000] | Avg Makespan: 375.25 | Actor Loss: -0.0024 | Critic Loss: 0.0677 | Grad Norm: 0.8500 | Clipped: 2/4
Epoch [1169/4000] | Avg Makespan: 388.25 | Actor Loss: -0.0025 | Critic Loss: 0.1787 | Grad Norm: 0.6908 | Clipped: 0/4
Epoch [1170/4000] | Avg Makespan: 394.00 | Actor Loss: -0.0048 | Critic Loss: 0.0971 | Grad Norm: 0.6896 | Clipped: 0/4
Epoch [1171/4000] | Avg Makespan: 379.88 | Actor Loss: -0.0019 | Critic Loss: 0.0980 | Grad Norm: 0.6737 | Clipped: 1/4
Epoch [1172/4000] | Avg Makespan: 381.50 | Actor Loss: -0.0031 | Critic Loss: 0.2184 | Grad Norm: 0.8449 | Clipped: 1/4
Epoch [1173/4000] | Avg Makespan: 379.88 | Actor Loss: -0.0017 | Critic Loss: 0.0565 | Grad Norm: 0.7709 | Clipped: 0/4
Epoch [1174/4000] | Avg Makespan: 379.25 | Actor Loss: -0.0032 | Critic Loss: 0.1818 | Grad Norm: 1.1244 | Clipped: 2/4
Epoch [1175/4000] | Avg Makespan: 376.00 | Actor Loss: -0.0042 | Critic Loss: 0.0717 | Grad Norm: 0.9386 | Clipped: 2/4
Epoch [1176/4000] | Avg Makespan: 382.00 | Actor Loss: -0.0019 | Critic Loss: 0.2639 | Grad Norm: 1.3138 | Clipped: 1/4
Epoch [1177/4000] | Avg Makespan: 381.62 | Actor Loss: -0.0010 | Critic Loss: 0.0391 | Grad Norm: 0.6423 | Clipped: 0/4
Epoch [1178/4000] | Avg Makespan: 386.38 | Actor Loss: -0.0036 | Critic Loss: 0.1632 | Grad Norm: 1.0121 | Clipped: 2/4
Epoch [1179/4000] | Avg Makespan: 374.75 | Actor Loss: -0.0016 | Critic Loss: 0.0265 | Grad Norm: 0.7803 | Clipped: 0/4
Epoch [1180/4000] | Avg Makespan: 384.12 | Actor Loss: -0.0037 | Critic Loss: 0.0996 | Grad Norm: 0.6649 | Clipped: 1/4
Epoch [1181/4000] | Avg Makespan: 375.00 | Actor Loss: -0.0014 | Critic Loss: 0.1222 | Grad Norm: 0.6849 | Clipped: 0/4
Epoch [1182/4000] | Avg Makespan: 368.75 | Actor Loss: -0.0014 | Critic Loss: 0.0307 | Grad Norm: 0.6226 | Clipped: 0/4
Epoch [1183/4000] | Avg Makespan: 375.12 | Actor Loss: -0.0035 | Critic Loss: 0.1428 | Grad Norm: 0.8156 | Clipped: 1/4
Epoch [1184/4000] | Avg Makespan: 374.62 | Actor Loss: -0.0012 | Critic Loss: 0.1005 | Grad Norm: 0.6970 | Clipped: 0/4
Epoch [1185/4000] | Avg Makespan: 375.88 | Actor Loss: -0.0019 | Critic Loss: 0.1874 | Grad Norm: 0.6936 | Clipped: 0/4
Epoch [1186/4000] | Avg Makespan: 384.50 | Actor Loss: -0.0016 | Critic Loss: 0.0312 | Grad Norm: 1.0876 | Clipped: 1/4
Epoch [1187/4000] | Avg Makespan: 381.62 | Actor Loss: -0.0026 | Critic Loss: 0.0533 | Grad Norm: 0.5385 | Clipped: 0/4
Epoch [1188/4000] | Avg Makespan: 376.62 | Actor Loss: 0.0005 | Critic Loss: 0.0550 | Grad Norm: 0.9179 | Clipped: 1/4
Epoch [1189/4000] | Avg Makespan: 389.12 | Actor Loss: -0.0010 | Critic Loss: 0.1159 | Grad Norm: 0.8372 | Clipped: 0/4
Epoch [1190/4000] | Avg Makespan: 367.50 | Actor Loss: -0.0023 | Critic Loss: 0.1245 | Grad Norm: 1.0098 | Clipped: 1/4
Epoch [1191/4000] | Avg Makespan: 380.50 | Actor Loss: -0.0000 | Critic Loss: 0.0371 | Grad Norm: 0.8092 | Clipped: 0/4
Epoch [1192/4000] | Avg Makespan: 373.50 | Actor Loss: -0.0014 | Critic Loss: 0.0576 | Grad Norm: 0.4219 | Clipped: 0/4
Epoch [1193/4000] | Avg Makespan: 377.62 | Actor Loss: -0.0013 | Critic Loss: 0.0464 | Grad Norm: 0.3699 | Clipped: 0/4
Epoch [1194/4000] | Avg Makespan: 373.38 | Actor Loss: -0.0021 | Critic Loss: 0.0569 | Grad Norm: 0.6536 | Clipped: 0/4
Epoch [1195/4000] | Avg Makespan: 379.38 | Actor Loss: -0.0042 | Critic Loss: 0.0357 | Grad Norm: 0.5503 | Clipped: 0/4
Epoch [1196/4000] | Avg Makespan: 377.75 | Actor Loss: -0.0014 | Critic Loss: 0.1032 | Grad Norm: 1.1733 | Clipped: 4/4
Epoch [1197/4000] | Avg Makespan: 376.12 | Actor Loss: -0.0017 | Critic Loss: 0.0366 | Grad Norm: 0.8552 | Clipped: 1/4
Epoch [1198/4000] | Avg Makespan: 381.00 | Actor Loss: -0.0016 | Critic Loss: 0.0551 | Grad Norm: 0.4746 | Clipped: 0/4
Epoch [1199/4000] | Avg Makespan: 379.00 | Actor Loss: -0.0026 | Critic Loss: 0.0534 | Grad Norm: 0.4874 | Clipped: 0/4
Epoch [1200/4000] | Avg Makespan: 367.75 | Actor Loss: -0.0030 | Critic Loss: 0.1395 | Grad Norm: 1.2508 | Clipped: 3/4
   -> Validation | Samples: 280 | Makespan: 501.73 | Invalid Jobs: 0.01 | Score: 508.88
   -> Saved updated training chart to /home/wei/Desktop/AMR-DFJSP/runs/20260819_144532_v10_C_s44/chart.png
Epoch [1201/4000] | Avg Makespan: 379.00 | Actor Loss: -0.0021 | Critic Loss: 0.2039 | Grad Norm: 0.6203 | Clipped: 0/4
Epoch [1202/4000] | Avg Makespan: 384.50 | Actor Loss: -0.0031 | Critic Loss: 0.0828 | Grad Norm: 0.9791 | Clipped: 2/4
Epoch [1203/4000] | Avg Makespan: 387.50 | Actor Loss: -0.0028 | Critic Loss: 0.1089 | Grad Norm: 0.6252 | Clipped: 0/4
Epoch [1204/4000] | Avg Makespan: 370.62 | Actor Loss: -0.0020 | Critic Loss: 0.0772 | Grad Norm: 0.5836 | Clipped: 0/4
Epoch [1205/4000] | Avg Makespan: 375.62 | Actor Loss: -0.0018 | Critic Loss: 0.0286 | Grad Norm: 0.8266 | Clipped: 1/4
Epoch [1206/4000] | Avg Makespan: 371.12 | Actor Loss: -0.0026 | Critic Loss: 0.0403 | Grad Norm: 0.7697 | Clipped: 1/4
Epoch [1207/4000] | Avg Makespan: 378.00 | Actor Loss: -0.0017 | Critic Loss: 0.1058 | Grad Norm: 0.8569 | Clipped: 1/4
Epoch [1208/4000] | Avg Makespan: 371.50 | Actor Loss: -0.0020 | Critic Loss: 0.0497 | Grad Norm: 0.8118 | Clipped: 1/4
Epoch [1209/4000] | Avg Makespan: 379.38 | Actor Loss: -0.0026 | Critic Loss: 0.0772 | Grad Norm: 0.6779 | Clipped: 0/4
Epoch [1210/4000] | Avg Makespan: 379.62 | Actor Loss: -0.0030 | Critic Loss: 0.0744 | Grad Norm: 0.3975 | Clipped: 0/4
Epoch [1211/4000] | Avg Makespan: 383.50 | Actor Loss: -0.0013 | Critic Loss: 0.0749 | Grad Norm: 0.7404 | Clipped: 1/4
Epoch [1212/4000] | Avg Makespan: 375.38 | Actor Loss: -0.0014 | Critic Loss: 0.1097 | Grad Norm: 0.6406 | Clipped: 0/4
Epoch [1213/4000] | Avg Makespan: 396.00 | Actor Loss: -0.0017 | Critic Loss: 0.2092 | Grad Norm: 0.5584 | Clipped: 0/4
Epoch [1214/4000] | Avg Makespan: 381.12 | Actor Loss: -0.0037 | Critic Loss: 0.0367 | Grad Norm: 0.8826 | Clipped: 0/4
Epoch [1215/4000] | Avg Makespan: 383.12 | Actor Loss: -0.0024 | Critic Loss: 0.0403 | Grad Norm: 0.4085 | Clipped: 0/4
Epoch [1216/4000] | Avg Makespan: 371.50 | Actor Loss: -0.0013 | Critic Loss: 0.0779 | Grad Norm: 0.8747 | Clipped: 0/4
Epoch [1217/4000] | Avg Makespan: 382.50 | Actor Loss: -0.0021 | Critic Loss: 0.2260 | Grad Norm: 0.6823 | Clipped: 0/4
Epoch [1218/4000] | Avg Makespan: 376.25 | Actor Loss: -0.0011 | Critic Loss: 0.0358 | Grad Norm: 0.4633 | Clipped: 0/4
Epoch [1219/4000] | Avg Makespan: 367.00 | Actor Loss: -0.0036 | Critic Loss: 0.0865 | Grad Norm: 0.6209 | Clipped: 0/4
Epoch [1220/4000] | Avg Makespan: 386.75 | Actor Loss: -0.0048 | Critic Loss: 0.2042 | Grad Norm: 0.6200 | Clipped: 0/4
Epoch [1221/4000] | Avg Makespan: 381.88 | Actor Loss: -0.0011 | Critic Loss: 0.0892 | Grad Norm: 0.5846 | Clipped: 0/4
Epoch [1222/4000] | Avg Makespan: 381.38 | Actor Loss: -0.0030 | Critic Loss: 0.1565 | Grad Norm: 0.7709 | Clipped: 1/4
Epoch [1223/4000] | Avg Makespan: 373.12 | Actor Loss: -0.0025 | Critic Loss: 0.1440 | Grad Norm: 0.5152 | Clipped: 0/4
Epoch [1224/4000] | Avg Makespan: 365.00 | Actor Loss: -0.0027 | Critic Loss: 0.0513 | Grad Norm: 0.4995 | Clipped: 0/4
Epoch [1225/4000] | Avg Makespan: 371.50 | Actor Loss: -0.0031 | Critic Loss: 0.0447 | Grad Norm: 0.7479 | Clipped: 1/4
Epoch [1226/4000] | Avg Makespan: 370.50 | Actor Loss: -0.0026 | Critic Loss: 0.1678 | Grad Norm: 0.7366 | Clipped: 1/4
Epoch [1227/4000] | Avg Makespan: 377.50 | Actor Loss: -0.0025 | Critic Loss: 0.0485 | Grad Norm: 1.5587 | Clipped: 3/4
Epoch [1228/4000] | Avg Makespan: 378.25 | Actor Loss: -0.0026 | Critic Loss: 0.0727 | Grad Norm: 0.9567 | Clipped: 1/4
Epoch [1229/4000] | Avg Makespan: 375.88 | Actor Loss: -0.0046 | Critic Loss: 0.1174 | Grad Norm: 0.9047 | Clipped: 1/4
Epoch [1230/4000] | Avg Makespan: 373.88 | Actor Loss: -0.0035 | Critic Loss: 0.1305 | Grad Norm: 1.1459 | Clipped: 2/4
Epoch [1231/4000] | Avg Makespan: 377.50 | Actor Loss: -0.0022 | Critic Loss: 0.0819 | Grad Norm: 0.9743 | Clipped: 2/4
Epoch [1232/4000] | Avg Makespan: 374.12 | Actor Loss: -0.0029 | Critic Loss: 0.0504 | Grad Norm: 0.7411 | Clipped: 1/4
Epoch [1233/4000] | Avg Makespan: 393.00 | Actor Loss: -0.0026 | Critic Loss: 0.1783 | Grad Norm: 0.8495 | Clipped: 1/4
Epoch [1234/4000] | Avg Makespan: 381.88 | Actor Loss: -0.0016 | Critic Loss: 0.1884 | Grad Norm: 1.1407 | Clipped: 1/4
Epoch [1235/4000] | Avg Makespan: 382.12 | Actor Loss: -0.0053 | Critic Loss: 0.0768 | Grad Norm: 1.0587 | Clipped: 2/4
Epoch [1236/4000] | Avg Makespan: 371.62 | Actor Loss: -0.0011 | Critic Loss: 0.1457 | Grad Norm: 1.0404 | Clipped: 1/4
Epoch [1237/4000] | Avg Makespan: 386.25 | Actor Loss: -0.0022 | Critic Loss: 0.1204 | Grad Norm: 1.6902 | Clipped: 3/4
Epoch [1238/4000] | Avg Makespan: 389.75 | Actor Loss: -0.0003 | Critic Loss: 0.1363 | Grad Norm: 0.8032 | Clipped: 1/4
Epoch [1239/4000] | Avg Makespan: 376.25 | Actor Loss: -0.0026 | Critic Loss: 0.0282 | Grad Norm: 1.1307 | Clipped: 3/4
Epoch [1240/4000] | Avg Makespan: 381.88 | Actor Loss: -0.0006 | Critic Loss: 0.0392 | Grad Norm: 1.8467 | Clipped: 4/4
Epoch [1241/4000] | Avg Makespan: 383.75 | Actor Loss: -0.0019 | Critic Loss: 0.0600 | Grad Norm: 1.2648 | Clipped: 3/4
Epoch [1242/4000] | Avg Makespan: 379.75 | Actor Loss: -0.0028 | Critic Loss: 0.0360 | Grad Norm: 0.9492 | Clipped: 2/4
Epoch [1243/4000] | Avg Makespan: 386.38 | Actor Loss: -0.0023 | Critic Loss: 0.1686 | Grad Norm: 0.9226 | Clipped: 1/4
Epoch [1244/4000] | Avg Makespan: 376.50 | Actor Loss: -0.0015 | Critic Loss: 0.0560 | Grad Norm: 1.9202 | Clipped: 4/4
Epoch [1245/4000] | Avg Makespan: 375.62 | Actor Loss: -0.0053 | Critic Loss: 0.0420 | Grad Norm: 0.9313 | Clipped: 1/4
Epoch [1246/4000] | Avg Makespan: 385.00 | Actor Loss: -0.0031 | Critic Loss: 0.0792 | Grad Norm: 0.9474 | Clipped: 2/4
Epoch [1247/4000] | Avg Makespan: 378.75 | Actor Loss: -0.0013 | Critic Loss: 0.0691 | Grad Norm: 1.5103 | Clipped: 3/4
Epoch [1248/4000] | Avg Makespan: 376.88 | Actor Loss: -0.0055 | Critic Loss: 0.0730 | Grad Norm: 0.5851 | Clipped: 1/4
Epoch [1249/4000] | Avg Makespan: 386.88 | Actor Loss: -0.0021 | Critic Loss: 0.0707 | Grad Norm: 0.6326 | Clipped: 0/4
Epoch [1250/4000] | Avg Makespan: 372.75 | Actor Loss: 0.0041 | Critic Loss: 0.0792 | Grad Norm: 4.8161 | Clipped: 4/4
Epoch [1251/4000] | Avg Makespan: 372.12 | Actor Loss: -0.0016 | Critic Loss: 0.0723 | Grad Norm: 0.7283 | Clipped: 1/4
Epoch [1252/4000] | Avg Makespan: 391.12 | Actor Loss: -0.0026 | Critic Loss: 0.2040 | Grad Norm: 0.6767 | Clipped: 1/4
Epoch [1253/4000] | Avg Makespan: 375.38 | Actor Loss: -0.0021 | Critic Loss: 0.0929 | Grad Norm: 1.1078 | Clipped: 3/4
Epoch [1254/4000] | Avg Makespan: 375.88 | Actor Loss: -0.0028 | Critic Loss: 0.0355 | Grad Norm: 0.9877 | Clipped: 2/4
Epoch [1255/4000] | Avg Makespan: 377.25 | Actor Loss: -0.0032 | Critic Loss: 0.0710 | Grad Norm: 0.8890 | Clipped: 1/4
Epoch [1256/4000] | Avg Makespan: 378.88 | Actor Loss: -0.0041 | Critic Loss: 0.0559 | Grad Norm: 0.6338 | Clipped: 1/4
Epoch [1257/4000] | Avg Makespan: 369.62 | Actor Loss: 0.0005 | Critic Loss: 0.0442 | Grad Norm: 1.8689 | Clipped: 4/4
Epoch [1258/4000] | Avg Makespan: 381.12 | Actor Loss: -0.0034 | Critic Loss: 0.0874 | Grad Norm: 1.0334 | Clipped: 2/4
Epoch [1259/4000] | Avg Makespan: 381.00 | Actor Loss: -0.0023 | Critic Loss: 0.0802 | Grad Norm: 1.0120 | Clipped: 2/4
Epoch [1260/4000] | Avg Makespan: 383.62 | Actor Loss: -0.0022 | Critic Loss: 0.0971 | Grad Norm: 0.5313 | Clipped: 0/4
Epoch [1261/4000] | Avg Makespan: 377.12 | Actor Loss: -0.0050 | Critic Loss: 0.1067 | Grad Norm: 0.6971 | Clipped: 1/4
Epoch [1262/4000] | Avg Makespan: 375.88 | Actor Loss: -0.0021 | Critic Loss: 0.0705 | Grad Norm: 0.6879 | Clipped: 1/4
Epoch [1263/4000] | Avg Makespan: 389.38 | Actor Loss: -0.0018 | Critic Loss: 0.0844 | Grad Norm: 0.5817 | Clipped: 0/4
Epoch [1264/4000] | Avg Makespan: 379.62 | Actor Loss: -0.0019 | Critic Loss: 0.0668 | Grad Norm: 0.6445 | Clipped: 0/4
Epoch [1265/4000] | Avg Makespan: 376.62 | Actor Loss: -0.0043 | Critic Loss: 0.0473 | Grad Norm: 0.9648 | Clipped: 1/4
Epoch [1266/4000] | Avg Makespan: 386.38 | Actor Loss: -0.0020 | Critic Loss: 0.0930 | Grad Norm: 0.8783 | Clipped: 1/4
Epoch [1267/4000] | Avg Makespan: 380.00 | Actor Loss: -0.0027 | Critic Loss: 0.0513 | Grad Norm: 0.5779 | Clipped: 0/4
Epoch [1268/4000] | Avg Makespan: 378.75 | Actor Loss: -0.0071 | Critic Loss: 0.0474 | Grad Norm: 0.8465 | Clipped: 1/4
Epoch [1269/4000] | Avg Makespan: 382.12 | Actor Loss: -0.0012 | Critic Loss: 0.0891 | Grad Norm: 0.9214 | Clipped: 1/4
Epoch [1270/4000] | Avg Makespan: 380.00 | Actor Loss: -0.0037 | Critic Loss: 0.0833 | Grad Norm: 0.9461 | Clipped: 1/4
Epoch [1271/4000] | Avg Makespan: 381.62 | Actor Loss: -0.0025 | Critic Loss: 0.0189 | Grad Norm: 0.9178 | Clipped: 2/4
Epoch [1272/4000] | Avg Makespan: 384.00 | Actor Loss: -0.0025 | Critic Loss: 0.1275 | Grad Norm: 1.0930 | Clipped: 2/4
Epoch [1273/4000] | Avg Makespan: 383.12 | Actor Loss: -0.0041 | Critic Loss: 0.1295 | Grad Norm: 0.7425 | Clipped: 1/4
Epoch [1274/4000] | Avg Makespan: 370.88 | Actor Loss: -0.0004 | Critic Loss: 0.0724 | Grad Norm: 1.0420 | Clipped: 2/4
Epoch [1275/4000] | Avg Makespan: 391.75 | Actor Loss: -0.0005 | Critic Loss: 0.2949 | Grad Norm: 1.1536 | Clipped: 2/4
Epoch [1276/4000] | Avg Makespan: 373.88 | Actor Loss: -0.0020 | Critic Loss: 0.0407 | Grad Norm: 2.1533 | Clipped: 3/4
Epoch [1277/4000] | Avg Makespan: 377.00 | Actor Loss: -0.0030 | Critic Loss: 0.0759 | Grad Norm: 0.4693 | Clipped: 0/4
Epoch [1278/4000] | Avg Makespan: 387.00 | Actor Loss: -0.0017 | Critic Loss: 0.2932 | Grad Norm: 1.1274 | Clipped: 1/4
Epoch [1279/4000] | Avg Makespan: 375.12 | Actor Loss: -0.0040 | Critic Loss: 0.0282 | Grad Norm: 1.0414 | Clipped: 1/4
Epoch [1280/4000] | Avg Makespan: 373.62 | Actor Loss: -0.0017 | Critic Loss: 0.0943 | Grad Norm: 0.7925 | Clipped: 0/4
Epoch [1281/4000] | Avg Makespan: 374.75 | Actor Loss: -0.0039 | Critic Loss: 0.0394 | Grad Norm: 0.6740 | Clipped: 0/4
Epoch [1282/4000] | Avg Makespan: 369.62 | Actor Loss: -0.0019 | Critic Loss: 0.0686 | Grad Norm: 0.6795 | Clipped: 0/4
Epoch [1283/4000] | Avg Makespan: 366.88 | Actor Loss: -0.0005 | Critic Loss: 0.0281 | Grad Norm: 0.9220 | Clipped: 1/4
Epoch [1284/4000] | Avg Makespan: 378.38 | Actor Loss: -0.0039 | Critic Loss: 0.0807 | Grad Norm: 0.8399 | Clipped: 1/4
Epoch [1285/4000] | Avg Makespan: 376.88 | Actor Loss: -0.0025 | Critic Loss: 0.0370 | Grad Norm: 0.8530 | Clipped: 1/4
Epoch [1286/4000] | Avg Makespan: 375.50 | Actor Loss: -0.0017 | Critic Loss: 0.0419 | Grad Norm: 1.0677 | Clipped: 2/4
Epoch [1287/4000] | Avg Makespan: 380.12 | Actor Loss: -0.0035 | Critic Loss: 0.0459 | Grad Norm: 0.5906 | Clipped: 0/4
Epoch [1288/4000] | Avg Makespan: 386.50 | Actor Loss: -0.0009 | Critic Loss: 0.0903 | Grad Norm: 1.6245 | Clipped: 3/4
Epoch [1289/4000] | Avg Makespan: 379.38 | Actor Loss: -0.0026 | Critic Loss: 0.0288 | Grad Norm: 1.6130 | Clipped: 2/4
Epoch [1290/4000] | Avg Makespan: 386.25 | Actor Loss: -0.0015 | Critic Loss: 0.0568 | Grad Norm: 0.9279 | Clipped: 1/4
Epoch [1291/4000] | Avg Makespan: 381.75 | Actor Loss: -0.0031 | Critic Loss: 0.0580 | Grad Norm: 1.0272 | Clipped: 2/4
Epoch [1292/4000] | Avg Makespan: 373.25 | Actor Loss: -0.0005 | Critic Loss: 0.0597 | Grad Norm: 1.0989 | Clipped: 1/4
Epoch [1293/4000] | Avg Makespan: 380.38 | Actor Loss: -0.0020 | Critic Loss: 0.0549 | Grad Norm: 0.8399 | Clipped: 1/4
Epoch [1294/4000] | Avg Makespan: 376.38 | Actor Loss: -0.0043 | Critic Loss: 0.0922 | Grad Norm: 0.8470 | Clipped: 1/4
Epoch [1295/4000] | Avg Makespan: 377.38 | Actor Loss: -0.0020 | Critic Loss: 0.0633 | Grad Norm: 1.0374 | Clipped: 1/4
Epoch [1296/4000] | Avg Makespan: 375.88 | Actor Loss: -0.0015 | Critic Loss: 0.1644 | Grad Norm: 0.7726 | Clipped: 0/4
Epoch [1297/4000] | Avg Makespan: 387.25 | Actor Loss: -0.0034 | Critic Loss: 0.0533 | Grad Norm: 0.8019 | Clipped: 1/4
Epoch [1298/4000] | Avg Makespan: 376.00 | Actor Loss: -0.0037 | Critic Loss: 0.0593 | Grad Norm: 1.2646 | Clipped: 1/4
Epoch [1299/4000] | Avg Makespan: 382.50 | Actor Loss: -0.0010 | Critic Loss: 0.1114 | Grad Norm: 1.2493 | Clipped: 3/4
Epoch [1300/4000] | Avg Makespan: 380.50 | Actor Loss: -0.0021 | Critic Loss: 0.1020 | Grad Norm: 1.1252 | Clipped: 1/4
   -> Validation | Samples: 280 | Makespan: 506.94 | Invalid Jobs: 0.01 | Score: 521.22
   -> Saved updated training chart to /home/wei/Desktop/AMR-DFJSP/runs/20260819_144532_v10_C_s44/chart.png
Epoch [1301/4000] | Avg Makespan: 371.75 | Actor Loss: -0.0036 | Critic Loss: 0.0474 | Grad Norm: 1.2082 | Clipped: 1/4
Epoch [1302/4000] | Avg Makespan: 382.00 | Actor Loss: -0.0018 | Critic Loss: 0.0537 | Grad Norm: 0.7149 | Clipped: 1/4
Epoch [1303/4000] | Avg Makespan: 376.25 | Actor Loss: -0.0046 | Critic Loss: 0.0283 | Grad Norm: 0.7833 | Clipped: 1/4
Epoch [1304/4000] | Avg Makespan: 374.38 | Actor Loss: -0.0046 | Critic Loss: 0.0281 | Grad Norm: 0.5751 | Clipped: 0/4
Epoch [1305/4000] | Avg Makespan: 386.62 | Actor Loss: -0.0019 | Critic Loss: 0.0827 | Grad Norm: 0.6544 | Clipped: 1/4
Epoch [1306/4000] | Avg Makespan: 375.50 | Actor Loss: -0.0051 | Critic Loss: 0.0808 | Grad Norm: 0.7307 | Clipped: 0/4
Epoch [1307/4000] | Avg Makespan: 386.38 | Actor Loss: -0.0051 | Critic Loss: 0.0305 | Grad Norm: 0.5448 | Clipped: 0/4
Epoch [1308/4000] | Avg Makespan: 378.62 | Actor Loss: -0.0038 | Critic Loss: 0.0575 | Grad Norm: 0.5704 | Clipped: 0/4
Epoch [1309/4000] | Avg Makespan: 383.50 | Actor Loss: -0.0056 | Critic Loss: 0.0471 | Grad Norm: 0.6918 | Clipped: 1/4
Epoch [1310/4000] | Avg Makespan: 374.88 | Actor Loss: -0.0037 | Critic Loss: 0.0216 | Grad Norm: 0.5144 | Clipped: 0/4
Epoch [1311/4000] | Avg Makespan: 375.88 | Actor Loss: -0.0052 | Critic Loss: 0.0828 | Grad Norm: 0.7208 | Clipped: 1/4
Epoch [1312/4000] | Avg Makespan: 377.50 | Actor Loss: -0.0027 | Critic Loss: 0.0348 | Grad Norm: 0.8740 | Clipped: 1/4
Epoch [1313/4000] | Avg Makespan: 381.88 | Actor Loss: -0.0026 | Critic Loss: 0.0516 | Grad Norm: 0.4021 | Clipped: 0/4
Epoch [1314/4000] | Avg Makespan: 381.88 | Actor Loss: -0.0022 | Critic Loss: 0.1162 | Grad Norm: 1.5366 | Clipped: 2/4
Epoch [1315/4000] | Avg Makespan: 384.62 | Actor Loss: -0.0030 | Critic Loss: 0.0359 | Grad Norm: 0.6167 | Clipped: 1/4
Epoch [1316/4000] | Avg Makespan: 382.12 | Actor Loss: -0.0027 | Critic Loss: 0.0541 | Grad Norm: 0.6971 | Clipped: 1/4
Epoch [1317/4000] | Avg Makespan: 378.62 | Actor Loss: -0.0016 | Critic Loss: 0.2519 | Grad Norm: 0.7230 | Clipped: 1/4
Epoch [1318/4000] | Avg Makespan: 374.38 | Actor Loss: -0.0035 | Critic Loss: 0.0266 | Grad Norm: 0.5449 | Clipped: 0/4
Epoch [1319/4000] | Avg Makespan: 376.12 | Actor Loss: -0.0024 | Critic Loss: 0.0785 | Grad Norm: 0.9353 | Clipped: 1/4
Epoch [1320/4000] | Avg Makespan: 370.00 | Actor Loss: -0.0018 | Critic Loss: 0.1205 | Grad Norm: 0.5718 | Clipped: 0/4
Epoch [1321/4000] | Avg Makespan: 382.62 | Actor Loss: -0.0040 | Critic Loss: 0.0898 | Grad Norm: 0.7329 | Clipped: 0/4
Epoch [1322/4000] | Avg Makespan: 387.25 | Actor Loss: -0.0032 | Critic Loss: 0.1025 | Grad Norm: 0.6703 | Clipped: 1/4
Epoch [1323/4000] | Avg Makespan: 383.50 | Actor Loss: -0.0019 | Critic Loss: 0.0594 | Grad Norm: 0.5771 | Clipped: 0/4
Epoch [1324/4000] | Avg Makespan: 370.25 | Actor Loss: -0.0006 | Critic Loss: 0.1127 | Grad Norm: 0.6890 | Clipped: 1/4
Epoch [1325/4000] | Avg Makespan: 379.50 | Actor Loss: -0.0024 | Critic Loss: 0.1061 | Grad Norm: 0.7638 | Clipped: 1/4
Epoch [1326/4000] | Avg Makespan: 374.62 | Actor Loss: -0.0014 | Critic Loss: 0.0568 | Grad Norm: 0.4366 | Clipped: 0/4
Epoch [1327/4000] | Avg Makespan: 382.25 | Actor Loss: -0.0014 | Critic Loss: 0.1491 | Grad Norm: 1.2106 | Clipped: 2/4
Epoch [1328/4000] | Avg Makespan: 375.12 | Actor Loss: -0.0026 | Critic Loss: 0.0644 | Grad Norm: 0.4172 | Clipped: 0/4
Epoch [1329/4000] | Avg Makespan: 383.00 | Actor Loss: -0.0002 | Critic Loss: 0.0361 | Grad Norm: 0.6538 | Clipped: 1/4
Epoch [1330/4000] | Avg Makespan: 381.50 | Actor Loss: -0.0011 | Critic Loss: 0.0874 | Grad Norm: 0.4923 | Clipped: 0/4
Epoch [1331/4000] | Avg Makespan: 382.00 | Actor Loss: -0.0019 | Critic Loss: 0.0604 | Grad Norm: 0.3629 | Clipped: 0/4
Epoch [1332/4000] | Avg Makespan: 377.62 | Actor Loss: -0.0029 | Critic Loss: 0.0555 | Grad Norm: 0.3829 | Clipped: 0/4
Epoch [1333/4000] | Avg Makespan: 386.25 | Actor Loss: -0.0055 | Critic Loss: 0.1326 | Grad Norm: 0.5223 | Clipped: 0/4
Epoch [1334/4000] | Avg Makespan: 376.12 | Actor Loss: -0.0021 | Critic Loss: 0.1784 | Grad Norm: 0.5903 | Clipped: 1/4
Epoch [1335/4000] | Avg Makespan: 381.12 | Actor Loss: -0.0019 | Critic Loss: 0.1499 | Grad Norm: 0.5661 | Clipped: 0/4
Epoch [1336/4000] | Avg Makespan: 388.50 | Actor Loss: -0.0014 | Critic Loss: 0.3736 | Grad Norm: 0.5063 | Clipped: 0/4
Epoch [1337/4000] | Avg Makespan: 386.50 | Actor Loss: -0.0015 | Critic Loss: 0.0748 | Grad Norm: 0.5384 | Clipped: 0/4
Epoch [1338/4000] | Avg Makespan: 375.25 | Actor Loss: -0.0018 | Critic Loss: 0.0678 | Grad Norm: 1.4558 | Clipped: 2/4
Epoch [1339/4000] | Avg Makespan: 373.50 | Actor Loss: -0.0006 | Critic Loss: 0.0614 | Grad Norm: 1.0999 | Clipped: 2/4
Epoch [1340/4000] | Avg Makespan: 380.38 | Actor Loss: -0.0009 | Critic Loss: 0.0975 | Grad Norm: 1.1515 | Clipped: 4/4
Epoch [1341/4000] | Avg Makespan: 373.00 | Actor Loss: -0.0023 | Critic Loss: 0.0583 | Grad Norm: 1.1696 | Clipped: 2/4
Epoch [1342/4000] | Avg Makespan: 383.12 | Actor Loss: -0.0036 | Critic Loss: 0.0276 | Grad Norm: 1.0495 | Clipped: 2/4
Epoch [1343/4000] | Avg Makespan: 385.75 | Actor Loss: -0.0023 | Critic Loss: 0.2222 | Grad Norm: 1.1320 | Clipped: 3/4
Epoch [1344/4000] | Avg Makespan: 372.88 | Actor Loss: -0.0021 | Critic Loss: 0.0677 | Grad Norm: 0.8911 | Clipped: 1/4
Epoch [1345/4000] | Avg Makespan: 384.62 | Actor Loss: -0.0008 | Critic Loss: 0.0362 | Grad Norm: 1.0926 | Clipped: 2/4
Epoch [1346/4000] | Avg Makespan: 382.25 | Actor Loss: -0.0034 | Critic Loss: 0.0807 | Grad Norm: 1.0779 | Clipped: 2/4
Epoch [1347/4000] | Avg Makespan: 379.00 | Actor Loss: -0.0024 | Critic Loss: 0.0312 | Grad Norm: 0.5541 | Clipped: 1/4
Epoch [1348/4000] | Avg Makespan: 373.50 | Actor Loss: 0.0039 | Critic Loss: 0.0448 | Grad Norm: 1.1064 | Clipped: 1/4
Epoch [1349/4000] | Avg Makespan: 375.38 | Actor Loss: -0.0031 | Critic Loss: 0.0637 | Grad Norm: 1.3885 | Clipped: 3/4
Epoch [1350/4000] | Avg Makespan: 379.38 | Actor Loss: -0.0018 | Critic Loss: 0.0612 | Grad Norm: 1.3397 | Clipped: 2/4
Epoch [1351/4000] | Avg Makespan: 377.62 | Actor Loss: -0.0023 | Critic Loss: 0.0693 | Grad Norm: 1.9798 | Clipped: 4/4
Epoch [1352/4000] | Avg Makespan: 387.88 | Actor Loss: -0.0043 | Critic Loss: 0.0422 | Grad Norm: 0.7783 | Clipped: 0/4
Epoch [1353/4000] | Avg Makespan: 380.00 | Actor Loss: -0.0034 | Critic Loss: 0.0133 | Grad Norm: 0.9106 | Clipped: 2/4
Epoch [1354/4000] | Avg Makespan: 373.62 | Actor Loss: -0.0048 | Critic Loss: 0.0587 | Grad Norm: 1.1876 | Clipped: 3/4
Epoch [1355/4000] | Avg Makespan: 367.38 | Actor Loss: -0.0015 | Critic Loss: 0.0715 | Grad Norm: 1.2435 | Clipped: 1/4
Epoch [1356/4000] | Avg Makespan: 377.25 | Actor Loss: -0.0016 | Critic Loss: 0.0503 | Grad Norm: 1.5511 | Clipped: 4/4
Epoch [1357/4000] | Avg Makespan: 376.50 | Actor Loss: 0.0012 | Critic Loss: 0.0264 | Grad Norm: 1.3613 | Clipped: 3/4
Epoch [1358/4000] | Avg Makespan: 378.88 | Actor Loss: -0.0001 | Critic Loss: 0.0915 | Grad Norm: 1.9090 | Clipped: 4/4
Epoch [1359/4000] | Avg Makespan: 376.00 | Actor Loss: -0.0013 | Critic Loss: 0.0258 | Grad Norm: 2.5089 | Clipped: 4/4
Epoch [1360/4000] | Avg Makespan: 377.75 | Actor Loss: -0.0037 | Critic Loss: 0.0369 | Grad Norm: 0.6069 | Clipped: 0/4
Epoch [1361/4000] | Avg Makespan: 370.88 | Actor Loss: -0.0037 | Critic Loss: 0.0502 | Grad Norm: 1.6817 | Clipped: 3/4
Epoch [1362/4000] | Avg Makespan: 371.38 | Actor Loss: -0.0033 | Critic Loss: 0.0575 | Grad Norm: 1.3140 | Clipped: 3/4
Epoch [1363/4000] | Avg Makespan: 374.88 | Actor Loss: 0.0012 | Critic Loss: 0.0686 | Grad Norm: 1.6582 | Clipped: 3/4
Epoch [1364/4000] | Avg Makespan: 388.12 | Actor Loss: 0.0002 | Critic Loss: 0.2669 | Grad Norm: 2.3086 | Clipped: 4/4
Epoch [1365/4000] | Avg Makespan: 379.38 | Actor Loss: -0.0015 | Critic Loss: 0.0336 | Grad Norm: 0.9024 | Clipped: 2/4
Epoch [1366/4000] | Avg Makespan: 390.25 | Actor Loss: -0.0024 | Critic Loss: 0.1142 | Grad Norm: 0.7561 | Clipped: 1/4
Epoch [1367/4000] | Avg Makespan: 373.38 | Actor Loss: 0.0005 | Critic Loss: 0.1197 | Grad Norm: 2.2500 | Clipped: 4/4
Epoch [1368/4000] | Avg Makespan: 371.88 | Actor Loss: -0.0040 | Critic Loss: 0.1001 | Grad Norm: 1.3010 | Clipped: 4/4
Epoch [1369/4000] | Avg Makespan: 376.12 | Actor Loss: -0.0027 | Critic Loss: 0.0568 | Grad Norm: 1.1712 | Clipped: 2/4
Epoch [1370/4000] | Avg Makespan: 376.25 | Actor Loss: 0.0001 | Critic Loss: 0.0689 | Grad Norm: 1.9824 | Clipped: 3/4
Epoch [1371/4000] | Avg Makespan: 374.00 | Actor Loss: 0.0020 | Critic Loss: 0.1139 | Grad Norm: 4.3143 | Clipped: 4/4
Epoch [1372/4000] | Avg Makespan: 383.62 | Actor Loss: -0.0014 | Critic Loss: 0.1120 | Grad Norm: 1.4948 | Clipped: 3/4
Epoch [1373/4000] | Avg Makespan: 374.00 | Actor Loss: -0.0019 | Critic Loss: 0.0494 | Grad Norm: 1.1684 | Clipped: 1/4
Epoch [1374/4000] | Avg Makespan: 370.12 | Actor Loss: -0.0014 | Critic Loss: 0.0808 | Grad Norm: 1.9434 | Clipped: 4/4
Epoch [1375/4000] | Avg Makespan: 378.50 | Actor Loss: -0.0013 | Critic Loss: 0.0684 | Grad Norm: 1.2566 | Clipped: 4/4
Epoch [1376/4000] | Avg Makespan: 374.75 | Actor Loss: 0.0020 | Critic Loss: 0.0945 | Grad Norm: 9.6602 | Clipped: 4/4
Epoch [1377/4000] | Avg Makespan: 383.75 | Actor Loss: -0.0007 | Critic Loss: 0.0785 | Grad Norm: 1.0168 | Clipped: 1/4
Epoch [1378/4000] | Avg Makespan: 385.38 | Actor Loss: -0.0018 | Critic Loss: 0.0480 | Grad Norm: 1.2127 | Clipped: 3/4
Epoch [1379/4000] | Avg Makespan: 376.62 | Actor Loss: -0.0010 | Critic Loss: 0.0602 | Grad Norm: 2.6693 | Clipped: 4/4
Epoch [1380/4000] | Avg Makespan: 385.25 | Actor Loss: 0.0014 | Critic Loss: 0.0382 | Grad Norm: 0.9428 | Clipped: 1/4
Epoch [1381/4000] | Avg Makespan: 386.25 | Actor Loss: -0.0026 | Critic Loss: 0.0336 | Grad Norm: 0.9875 | Clipped: 3/4
Epoch [1382/4000] | Avg Makespan: 376.62 | Actor Loss: -0.0005 | Critic Loss: 0.0328 | Grad Norm: 0.8823 | Clipped: 2/4
Epoch [1383/4000] | Avg Makespan: 378.62 | Actor Loss: -0.0006 | Critic Loss: 0.1441 | Grad Norm: 0.8736 | Clipped: 1/4
Epoch [1384/4000] | Avg Makespan: 369.75 | Actor Loss: 0.0011 | Critic Loss: 0.0696 | Grad Norm: 0.8960 | Clipped: 2/4
Epoch [1385/4000] | Avg Makespan: 385.62 | Actor Loss: -0.0035 | Critic Loss: 0.2092 | Grad Norm: 0.9658 | Clipped: 1/4
Epoch [1386/4000] | Avg Makespan: 371.50 | Actor Loss: -0.0013 | Critic Loss: 0.1513 | Grad Norm: 1.4893 | Clipped: 4/4
Epoch [1387/4000] | Avg Makespan: 382.12 | Actor Loss: -0.0041 | Critic Loss: 0.0525 | Grad Norm: 1.3591 | Clipped: 2/4
Epoch [1388/4000] | Avg Makespan: 375.50 | Actor Loss: 0.0014 | Critic Loss: 0.0576 | Grad Norm: 1.1449 | Clipped: 3/4
Epoch [1389/4000] | Avg Makespan: 380.25 | Actor Loss: -0.0021 | Critic Loss: 0.0501 | Grad Norm: 1.5658 | Clipped: 4/4
Epoch [1390/4000] | Avg Makespan: 382.62 | Actor Loss: -0.0012 | Critic Loss: 0.0879 | Grad Norm: 0.7884 | Clipped: 1/4
Epoch [1391/4000] | Avg Makespan: 376.75 | Actor Loss: -0.0020 | Critic Loss: 0.0723 | Grad Norm: 1.5161 | Clipped: 4/4
Epoch [1392/4000] | Avg Makespan: 374.75 | Actor Loss: 0.0014 | Critic Loss: 0.0323 | Grad Norm: 2.8358 | Clipped: 4/4
Epoch [1393/4000] | Avg Makespan: 375.88 | Actor Loss: 0.0009 | Critic Loss: 0.0515 | Grad Norm: 1.3715 | Clipped: 2/4
Epoch [1394/4000] | Avg Makespan: 369.12 | Actor Loss: -0.0030 | Critic Loss: 0.0758 | Grad Norm: 1.0202 | Clipped: 2/4
Epoch [1395/4000] | Avg Makespan: 373.75 | Actor Loss: -0.0024 | Critic Loss: 0.0878 | Grad Norm: 1.1395 | Clipped: 2/4
Epoch [1396/4000] | Avg Makespan: 370.00 | Actor Loss: -0.0029 | Critic Loss: 0.0664 | Grad Norm: 0.5637 | Clipped: 0/4
Epoch [1397/4000] | Avg Makespan: 374.25 | Actor Loss: -0.0051 | Critic Loss: 0.0238 | Grad Norm: 0.9680 | Clipped: 1/4
Epoch [1398/4000] | Avg Makespan: 380.50 | Actor Loss: -0.0023 | Critic Loss: 0.1379 | Grad Norm: 0.9749 | Clipped: 1/4
Epoch [1399/4000] | Avg Makespan: 368.88 | Actor Loss: 0.0009 | Critic Loss: 0.0964 | Grad Norm: 1.4776 | Clipped: 3/4
Epoch [1400/4000] | Avg Makespan: 374.75 | Actor Loss: -0.0006 | Critic Loss: 0.1238 | Grad Norm: 1.5208 | Clipped: 3/4
   -> Validation | Samples: 280 | Makespan: 487.16 | Invalid Jobs: 0.01 | Score: 494.30
   -> Saved updated training chart to /home/wei/Desktop/AMR-DFJSP/runs/20260819_144532_v10_C_s44/chart.png
Epoch [1401/4000] | Avg Makespan: 370.62 | Actor Loss: -0.0017 | Critic Loss: 0.1385 | Grad Norm: 1.0954 | Clipped: 1/4
Epoch [1402/4000] | Avg Makespan: 370.88 | Actor Loss: -0.0022 | Critic Loss: 0.0942 | Grad Norm: 1.2790 | Clipped: 1/4
Epoch [1403/4000] | Avg Makespan: 382.00 | Actor Loss: 0.0002 | Critic Loss: 0.0821 | Grad Norm: 1.3758 | Clipped: 2/4
Epoch [1404/4000] | Avg Makespan: 372.12 | Actor Loss: -0.0018 | Critic Loss: 0.0783 | Grad Norm: 1.0584 | Clipped: 2/4
Epoch [1405/4000] | Avg Makespan: 371.75 | Actor Loss: -0.0010 | Critic Loss: 0.0884 | Grad Norm: 1.3202 | Clipped: 2/4
Epoch [1406/4000] | Avg Makespan: 376.88 | Actor Loss: -0.0022 | Critic Loss: 0.0137 | Grad Norm: 0.7259 | Clipped: 1/4
Epoch [1407/4000] | Avg Makespan: 372.75 | Actor Loss: -0.0020 | Critic Loss: 0.0465 | Grad Norm: 1.2557 | Clipped: 3/4
Epoch [1408/4000] | Avg Makespan: 377.12 | Actor Loss: -0.0010 | Critic Loss: 0.0599 | Grad Norm: 1.7467 | Clipped: 4/4
Epoch [1409/4000] | Avg Makespan: 367.12 | Actor Loss: -0.0035 | Critic Loss: 0.0623 | Grad Norm: 0.9360 | Clipped: 1/4
Epoch [1410/4000] | Avg Makespan: 371.62 | Actor Loss: -0.0029 | Critic Loss: 0.0797 | Grad Norm: 1.3206 | Clipped: 2/4
Epoch [1411/4000] | Avg Makespan: 372.88 | Actor Loss: -0.0028 | Critic Loss: 0.1066 | Grad Norm: 0.8977 | Clipped: 1/4
Epoch [1412/4000] | Avg Makespan: 368.38 | Actor Loss: -0.0009 | Critic Loss: 0.0933 | Grad Norm: 1.6036 | Clipped: 2/4
Epoch [1413/4000] | Avg Makespan: 380.38 | Actor Loss: -0.0042 | Critic Loss: 0.0625 | Grad Norm: 0.8805 | Clipped: 1/4
Epoch [1414/4000] | Avg Makespan: 373.50 | Actor Loss: -0.0002 | Critic Loss: 0.0573 | Grad Norm: 1.1615 | Clipped: 3/4
Epoch [1415/4000] | Avg Makespan: 371.25 | Actor Loss: -0.0005 | Critic Loss: 0.1063 | Grad Norm: 1.2155 | Clipped: 3/4
Epoch [1416/4000] | Avg Makespan: 370.88 | Actor Loss: -0.0029 | Critic Loss: 0.0534 | Grad Norm: 0.5840 | Clipped: 0/4
Epoch [1417/4000] | Avg Makespan: 372.62 | Actor Loss: 0.0083 | Critic Loss: 0.0335 | Grad Norm: 3.3470 | Clipped: 4/4
Epoch [1418/4000] | Avg Makespan: 382.62 | Actor Loss: 0.0018 | Critic Loss: 0.0678 | Grad Norm: 1.0963 | Clipped: 2/4
Epoch [1419/4000] | Avg Makespan: 392.00 | Actor Loss: -0.0044 | Critic Loss: 0.4459 | Grad Norm: 1.2827 | Clipped: 3/4
Epoch [1420/4000] | Avg Makespan: 380.00 | Actor Loss: -0.0033 | Critic Loss: 0.1141 | Grad Norm: 1.4976 | Clipped: 4/4
Epoch [1421/4000] | Avg Makespan: 369.88 | Actor Loss: -0.0018 | Critic Loss: 0.1071 | Grad Norm: 1.7716 | Clipped: 4/4
Epoch [1422/4000] | Avg Makespan: 385.75 | Actor Loss: -0.0012 | Critic Loss: 0.1319 | Grad Norm: 1.4330 | Clipped: 4/4
Epoch [1423/4000] | Avg Makespan: 384.62 | Actor Loss: -0.0014 | Critic Loss: 0.1023 | Grad Norm: 2.0354 | Clipped: 3/4
Epoch [1424/4000] | Avg Makespan: 381.00 | Actor Loss: -0.0041 | Critic Loss: 0.0890 | Grad Norm: 0.6645 | Clipped: 1/4
Epoch [1425/4000] | Avg Makespan: 375.62 | Actor Loss: -0.0039 | Critic Loss: 0.0663 | Grad Norm: 0.7189 | Clipped: 0/4
Epoch [1426/4000] | Avg Makespan: 374.12 | Actor Loss: -0.0043 | Critic Loss: 0.0531 | Grad Norm: 0.8934 | Clipped: 1/4
Epoch [1427/4000] | Avg Makespan: 371.38 | Actor Loss: -0.0019 | Critic Loss: 0.0356 | Grad Norm: 0.9031 | Clipped: 2/4
Epoch [1428/4000] | Avg Makespan: 373.00 | Actor Loss: -0.0026 | Critic Loss: 0.1020 | Grad Norm: 1.3257 | Clipped: 2/4
Epoch [1429/4000] | Avg Makespan: 372.38 | Actor Loss: -0.0028 | Critic Loss: 0.0709 | Grad Norm: 1.4156 | Clipped: 2/4
Epoch [1430/4000] | Avg Makespan: 381.50 | Actor Loss: -0.0009 | Critic Loss: 0.0937 | Grad Norm: 1.3716 | Clipped: 2/4
Epoch [1431/4000] | Avg Makespan: 374.25 | Actor Loss: 0.0023 | Critic Loss: 0.1084 | Grad Norm: 1.4161 | Clipped: 3/4
Epoch [1432/4000] | Avg Makespan: 374.12 | Actor Loss: -0.0037 | Critic Loss: 0.0705 | Grad Norm: 1.7547 | Clipped: 3/4
Epoch [1433/4000] | Avg Makespan: 374.12 | Actor Loss: -0.0004 | Critic Loss: 0.0667 | Grad Norm: 1.5412 | Clipped: 3/4
Epoch [1434/4000] | Avg Makespan: 385.38 | Actor Loss: 0.0006 | Critic Loss: 0.0607 | Grad Norm: 1.4004 | Clipped: 4/4
Epoch [1435/4000] | Avg Makespan: 374.38 | Actor Loss: -0.0019 | Critic Loss: 0.0793 | Grad Norm: 1.9218 | Clipped: 3/4
Epoch [1436/4000] | Avg Makespan: 378.12 | Actor Loss: -0.0030 | Critic Loss: 0.0220 | Grad Norm: 0.9255 | Clipped: 2/4
Epoch [1437/4000] | Avg Makespan: 372.25 | Actor Loss: -0.0018 | Critic Loss: 0.1417 | Grad Norm: 1.6094 | Clipped: 3/4
Epoch [1438/4000] | Avg Makespan: 377.25 | Actor Loss: 0.0007 | Critic Loss: 0.0872 | Grad Norm: 1.3107 | Clipped: 2/4
Epoch [1439/4000] | Avg Makespan: 373.75 | Actor Loss: -0.0041 | Critic Loss: 0.4275 | Grad Norm: 0.7053 | Clipped: 0/4
Epoch [1440/4000] | Avg Makespan: 374.38 | Actor Loss: 0.0012 | Critic Loss: 0.0481 | Grad Norm: 2.8076 | Clipped: 4/4
Epoch [1441/4000] | Avg Makespan: 370.00 | Actor Loss: -0.0021 | Critic Loss: 0.1785 | Grad Norm: 0.7556 | Clipped: 1/4
Epoch [1442/4000] | Avg Makespan: 364.88 | Actor Loss: 0.0020 | Critic Loss: 0.0927 | Grad Norm: 1.8694 | Clipped: 4/4
Epoch [1443/4000] | Avg Makespan: 379.00 | Actor Loss: -0.0031 | Critic Loss: 0.0775 | Grad Norm: 1.1968 | Clipped: 2/4
Epoch [1444/4000] | Avg Makespan: 368.00 | Actor Loss: -0.0030 | Critic Loss: 0.0310 | Grad Norm: 1.2982 | Clipped: 3/4
Epoch [1445/4000] | Avg Makespan: 379.25 | Actor Loss: -0.0023 | Critic Loss: 0.0972 | Grad Norm: 1.0521 | Clipped: 2/4
Epoch [1446/4000] | Avg Makespan: 372.00 | Actor Loss: -0.0043 | Critic Loss: 0.0703 | Grad Norm: 0.7678 | Clipped: 0/4
Epoch [1447/4000] | Avg Makespan: 377.50 | Actor Loss: -0.0008 | Critic Loss: 0.0488 | Grad Norm: 0.6748 | Clipped: 0/4
Epoch [1448/4000] | Avg Makespan: 371.75 | Actor Loss: -0.0021 | Critic Loss: 0.0556 | Grad Norm: 2.1706 | Clipped: 4/4
Epoch [1449/4000] | Avg Makespan: 371.38 | Actor Loss: -0.0003 | Critic Loss: 0.0516 | Grad Norm: 1.7529 | Clipped: 4/4
Epoch [1450/4000] | Avg Makespan: 369.88 | Actor Loss: -0.0030 | Critic Loss: 0.0180 | Grad Norm: 0.5892 | Clipped: 0/4
Epoch [1451/4000] | Avg Makespan: 371.88 | Actor Loss: -0.0020 | Critic Loss: 0.0542 | Grad Norm: 0.9160 | Clipped: 2/4
Epoch [1452/4000] | Avg Makespan: 368.38 | Actor Loss: -0.0016 | Critic Loss: 0.0671 | Grad Norm: 1.2601 | Clipped: 2/4
Epoch [1453/4000] | Avg Makespan: 369.25 | Actor Loss: 0.0008 | Critic Loss: 0.0487 | Grad Norm: 1.0822 | Clipped: 1/4
Epoch [1454/4000] | Avg Makespan: 376.00 | Actor Loss: -0.0028 | Critic Loss: 0.0227 | Grad Norm: 0.9032 | Clipped: 1/4
Epoch [1455/4000] | Avg Makespan: 379.88 | Actor Loss: -0.0042 | Critic Loss: 0.1223 | Grad Norm: 0.6460 | Clipped: 0/4
Epoch [1456/4000] | Avg Makespan: 367.00 | Actor Loss: -0.0023 | Critic Loss: 0.0610 | Grad Norm: 1.5828 | Clipped: 4/4
Epoch [1457/4000] | Avg Makespan: 372.88 | Actor Loss: -0.0002 | Critic Loss: 0.0726 | Grad Norm: 0.7858 | Clipped: 1/4
Epoch [1458/4000] | Avg Makespan: 366.88 | Actor Loss: -0.0020 | Critic Loss: 0.0561 | Grad Norm: 1.7667 | Clipped: 4/4
Epoch [1459/4000] | Avg Makespan: 367.25 | Actor Loss: -0.0026 | Critic Loss: 0.0703 | Grad Norm: 0.9323 | Clipped: 1/4
Epoch [1460/4000] | Avg Makespan: 369.38 | Actor Loss: -0.0010 | Critic Loss: 0.0395 | Grad Norm: 1.4172 | Clipped: 3/4
Epoch [1461/4000] | Avg Makespan: 379.00 | Actor Loss: -0.0024 | Critic Loss: 0.0704 | Grad Norm: 1.2592 | Clipped: 2/4
Epoch [1462/4000] | Avg Makespan: 370.12 | Actor Loss: -0.0043 | Critic Loss: 0.0911 | Grad Norm: 0.8075 | Clipped: 1/4
Epoch [1463/4000] | Avg Makespan: 375.38 | Actor Loss: -0.0024 | Critic Loss: 0.0395 | Grad Norm: 1.3448 | Clipped: 2/4
Epoch [1464/4000] | Avg Makespan: 376.12 | Actor Loss: -0.0018 | Critic Loss: 0.0510 | Grad Norm: 1.9634 | Clipped: 3/4
Epoch [1465/4000] | Avg Makespan: 381.75 | Actor Loss: -0.0050 | Critic Loss: 0.0643 | Grad Norm: 1.0212 | Clipped: 2/4
Epoch [1466/4000] | Avg Makespan: 382.25 | Actor Loss: -0.0023 | Critic Loss: 0.0680 | Grad Norm: 0.7659 | Clipped: 1/4
Epoch [1467/4000] | Avg Makespan: 372.25 | Actor Loss: -0.0031 | Critic Loss: 0.1065 | Grad Norm: 1.1252 | Clipped: 2/4
Epoch [1468/4000] | Avg Makespan: 377.00 | Actor Loss: -0.0038 | Critic Loss: 0.0771 | Grad Norm: 0.8087 | Clipped: 1/4
Epoch [1469/4000] | Avg Makespan: 374.88 | Actor Loss: -0.0034 | Critic Loss: 0.0474 | Grad Norm: 1.0037 | Clipped: 1/4
Epoch [1470/4000] | Avg Makespan: 379.00 | Actor Loss: -0.0035 | Critic Loss: 0.1356 | Grad Norm: 0.7189 | Clipped: 0/4
Epoch [1471/4000] | Avg Makespan: 382.12 | Actor Loss: -0.0022 | Critic Loss: 0.1249 | Grad Norm: 1.9298 | Clipped: 1/4
Epoch [1472/4000] | Avg Makespan: 382.00 | Actor Loss: -0.0009 | Critic Loss: 0.0894 | Grad Norm: 2.1476 | Clipped: 4/4
Epoch [1473/4000] | Avg Makespan: 374.25 | Actor Loss: -0.0027 | Critic Loss: 0.0377 | Grad Norm: 1.3570 | Clipped: 1/4
Epoch [1474/4000] | Avg Makespan: 369.50 | Actor Loss: 0.0005 | Critic Loss: 0.0662 | Grad Norm: 1.5621 | Clipped: 3/4
Epoch [1475/4000] | Avg Makespan: 374.88 | Actor Loss: 0.0003 | Critic Loss: 0.0568 | Grad Norm: 1.3629 | Clipped: 3/4
Epoch [1476/4000] | Avg Makespan: 383.62 | Actor Loss: 0.0001 | Critic Loss: 0.0546 | Grad Norm: 1.2550 | Clipped: 4/4
Epoch [1477/4000] | Avg Makespan: 376.38 | Actor Loss: -0.0003 | Critic Loss: 0.0347 | Grad Norm: 1.2297 | Clipped: 4/4
Epoch [1478/4000] | Avg Makespan: 379.75 | Actor Loss: -0.0039 | Critic Loss: 0.0343 | Grad Norm: 0.9578 | Clipped: 1/4
Epoch [1479/4000] | Avg Makespan: 368.75 | Actor Loss: 0.0007 | Critic Loss: 0.0876 | Grad Norm: 1.7928 | Clipped: 3/4
Epoch [1480/4000] | Avg Makespan: 379.25 | Actor Loss: -0.0023 | Critic Loss: 0.0440 | Grad Norm: 0.8798 | Clipped: 1/4
Epoch [1481/4000] | Avg Makespan: 369.75 | Actor Loss: -0.0047 | Critic Loss: 0.0265 | Grad Norm: 1.0342 | Clipped: 1/4
Epoch [1482/4000] | Avg Makespan: 382.38 | Actor Loss: -0.0016 | Critic Loss: 0.0791 | Grad Norm: 1.3314 | Clipped: 3/4
Epoch [1483/4000] | Avg Makespan: 382.25 | Actor Loss: 0.0000 | Critic Loss: 0.0368 | Grad Norm: 0.8135 | Clipped: 1/4
Epoch [1484/4000] | Avg Makespan: 375.12 | Actor Loss: -0.0030 | Critic Loss: 0.0601 | Grad Norm: 1.3479 | Clipped: 4/4
Epoch [1485/4000] | Avg Makespan: 376.00 | Actor Loss: -0.0046 | Critic Loss: 0.0879 | Grad Norm: 1.0337 | Clipped: 2/4
Epoch [1486/4000] | Avg Makespan: 377.62 | Actor Loss: -0.0028 | Critic Loss: 0.0830 | Grad Norm: 0.9950 | Clipped: 1/4
Epoch [1487/4000] | Avg Makespan: 375.88 | Actor Loss: -0.0026 | Critic Loss: 0.0435 | Grad Norm: 1.3037 | Clipped: 3/4
Epoch [1488/4000] | Avg Makespan: 386.38 | Actor Loss: -0.0027 | Critic Loss: 0.0745 | Grad Norm: 1.0129 | Clipped: 1/4
Epoch [1489/4000] | Avg Makespan: 379.88 | Actor Loss: -0.0026 | Critic Loss: 0.0521 | Grad Norm: 1.0262 | Clipped: 2/4
Epoch [1490/4000] | Avg Makespan: 371.62 | Actor Loss: -0.0029 | Critic Loss: 0.0946 | Grad Norm: 2.0719 | Clipped: 4/4
Epoch [1491/4000] | Avg Makespan: 382.62 | Actor Loss: -0.0027 | Critic Loss: 0.1260 | Grad Norm: 1.5872 | Clipped: 4/4
Epoch [1492/4000] | Avg Makespan: 371.50 | Actor Loss: -0.0002 | Critic Loss: 0.0502 | Grad Norm: 1.9775 | Clipped: 4/4
Epoch [1493/4000] | Avg Makespan: 368.25 | Actor Loss: -0.0053 | Critic Loss: 0.0314 | Grad Norm: 1.2313 | Clipped: 2/4
Epoch [1494/4000] | Avg Makespan: 367.25 | Actor Loss: -0.0045 | Critic Loss: 0.0611 | Grad Norm: 1.0758 | Clipped: 2/4
Epoch [1495/4000] | Avg Makespan: 372.25 | Actor Loss: -0.0042 | Critic Loss: 0.0602 | Grad Norm: 0.9221 | Clipped: 2/4
Epoch [1496/4000] | Avg Makespan: 376.12 | Actor Loss: -0.0023 | Critic Loss: 0.0754 | Grad Norm: 1.5727 | Clipped: 4/4
Epoch [1497/4000] | Avg Makespan: 372.50 | Actor Loss: -0.0038 | Critic Loss: 0.0910 | Grad Norm: 0.8312 | Clipped: 1/4
Epoch [1498/4000] | Avg Makespan: 374.38 | Actor Loss: -0.0009 | Critic Loss: 0.0619 | Grad Norm: 1.6930 | Clipped: 4/4
Epoch [1499/4000] | Avg Makespan: 369.62 | Actor Loss: -0.0027 | Critic Loss: 0.0900 | Grad Norm: 0.7014 | Clipped: 0/4
Epoch [1500/4000] | Avg Makespan: 381.38 | Actor Loss: -0.0031 | Critic Loss: 0.0950 | Grad Norm: 1.4728 | Clipped: 3/4
   -> Validation | Samples: 280 | Makespan: 485.82 | Invalid Jobs: 0.00 | Score: 489.39
   -> Saved new best model (Val Score mean of last 5: 509.00; this eval 489.39)
   -> Saved updated training chart to /home/wei/Desktop/AMR-DFJSP/runs/20260819_144532_v10_C_s44/chart.png
Epoch [1501/4000] | Avg Makespan: 389.00 | Actor Loss: -0.0046 | Critic Loss: 0.3092 | Grad Norm: 1.1203 | Clipped: 3/4
Epoch [1502/4000] | Avg Makespan: 376.75 | Actor Loss: -0.0043 | Critic Loss: 0.0888 | Grad Norm: 0.9816 | Clipped: 2/4
Epoch [1503/4000] | Avg Makespan: 374.25 | Actor Loss: 0.0018 | Critic Loss: 0.0789 | Grad Norm: 1.6273 | Clipped: 4/4
Epoch [1504/4000] | Avg Makespan: 376.38 | Actor Loss: 0.0003 | Critic Loss: 0.0683 | Grad Norm: 3.1528 | Clipped: 4/4
Epoch [1505/4000] | Avg Makespan: 373.62 | Actor Loss: -0.0050 | Critic Loss: 0.1496 | Grad Norm: 1.2105 | Clipped: 3/4
Epoch [1506/4000] | Avg Makespan: 379.75 | Actor Loss: -0.0028 | Critic Loss: 0.0597 | Grad Norm: 1.2531 | Clipped: 3/4
Epoch [1507/4000] | Avg Makespan: 377.75 | Actor Loss: -0.0014 | Critic Loss: 0.0606 | Grad Norm: 2.1881 | Clipped: 4/4
Epoch [1508/4000] | Avg Makespan: 373.50 | Actor Loss: -0.0021 | Critic Loss: 0.0420 | Grad Norm: 1.6438 | Clipped: 2/4
Epoch [1509/4000] | Avg Makespan: 375.00 | Actor Loss: 0.0006 | Critic Loss: 0.0661 | Grad Norm: 1.9953 | Clipped: 3/4
Epoch [1510/4000] | Avg Makespan: 371.38 | Actor Loss: -0.0014 | Critic Loss: 0.0317 | Grad Norm: 1.2160 | Clipped: 3/4
Epoch [1511/4000] | Avg Makespan: 367.75 | Actor Loss: -0.0024 | Critic Loss: 0.0692 | Grad Norm: 1.0172 | Clipped: 1/4
Epoch [1512/4000] | Avg Makespan: 371.62 | Actor Loss: -0.0009 | Critic Loss: 0.0695 | Grad Norm: 2.0452 | Clipped: 4/4
Epoch [1513/4000] | Avg Makespan: 375.62 | Actor Loss: -0.0002 | Critic Loss: 0.0742 | Grad Norm: 1.1990 | Clipped: 4/4
Epoch [1514/4000] | Avg Makespan: 371.25 | Actor Loss: 0.0013 | Critic Loss: 0.0702 | Grad Norm: 1.8766 | Clipped: 4/4
Epoch [1515/4000] | Avg Makespan: 369.38 | Actor Loss: -0.0026 | Critic Loss: 0.1232 | Grad Norm: 2.2957 | Clipped: 2/4
Epoch [1516/4000] | Avg Makespan: 376.50 | Actor Loss: 0.0007 | Critic Loss: 0.0558 | Grad Norm: 1.6405 | Clipped: 3/4
Epoch [1517/4000] | Avg Makespan: 378.50 | Actor Loss: 0.0000 | Critic Loss: 0.0204 | Grad Norm: 2.4668 | Clipped: 3/4
Epoch [1518/4000] | Avg Makespan: 372.25 | Actor Loss: 0.0002 | Critic Loss: 0.0765 | Grad Norm: 1.6209 | Clipped: 4/4
Epoch [1519/4000] | Avg Makespan: 379.75 | Actor Loss: -0.0026 | Critic Loss: 0.0473 | Grad Norm: 1.3609 | Clipped: 3/4
Epoch [1520/4000] | Avg Makespan: 378.62 | Actor Loss: -0.0034 | Critic Loss: 0.0590 | Grad Norm: 0.9050 | Clipped: 1/4
Epoch [1521/4000] | Avg Makespan: 369.25 | Actor Loss: -0.0054 | Critic Loss: 0.0565 | Grad Norm: 1.6717 | Clipped: 3/4
Epoch [1522/4000] | Avg Makespan: 374.25 | Actor Loss: -0.0027 | Critic Loss: 0.0301 | Grad Norm: 1.0033 | Clipped: 1/4
Epoch [1523/4000] | Avg Makespan: 374.38 | Actor Loss: -0.0021 | Critic Loss: 0.1020 | Grad Norm: 1.0600 | Clipped: 2/4
Epoch [1524/4000] | Avg Makespan: 368.00 | Actor Loss: 0.0001 | Critic Loss: 0.0411 | Grad Norm: 1.4422 | Clipped: 1/4
Epoch [1525/4000] | Avg Makespan: 378.38 | Actor Loss: -0.0030 | Critic Loss: 0.0565 | Grad Norm: 0.9383 | Clipped: 1/4
Epoch [1526/4000] | Avg Makespan: 369.38 | Actor Loss: -0.0043 | Critic Loss: 0.0696 | Grad Norm: 0.7711 | Clipped: 1/4
Epoch [1527/4000] | Avg Makespan: 380.75 | Actor Loss: -0.0024 | Critic Loss: 0.1751 | Grad Norm: 1.2678 | Clipped: 2/4
Epoch [1528/4000] | Avg Makespan: 383.62 | Actor Loss: 0.0006 | Critic Loss: 0.1042 | Grad Norm: 1.1417 | Clipped: 2/4
Epoch [1529/4000] | Avg Makespan: 372.50 | Actor Loss: -0.0001 | Critic Loss: 0.0634 | Grad Norm: 1.3178 | Clipped: 3/4
Epoch [1530/4000] | Avg Makespan: 378.38 | Actor Loss: -0.0008 | Critic Loss: 0.0398 | Grad Norm: 1.5709 | Clipped: 4/4
Epoch [1531/4000] | Avg Makespan: 380.88 | Actor Loss: -0.0018 | Critic Loss: 0.1123 | Grad Norm: 1.7258 | Clipped: 4/4
Epoch [1532/4000] | Avg Makespan: 370.38 | Actor Loss: -0.0032 | Critic Loss: 0.1686 | Grad Norm: 1.4990 | Clipped: 2/4
Epoch [1533/4000] | Avg Makespan: 380.12 | Actor Loss: -0.0025 | Critic Loss: 0.1223 | Grad Norm: 0.8800 | Clipped: 1/4
Epoch [1534/4000] | Avg Makespan: 371.38 | Actor Loss: -0.0036 | Critic Loss: 0.0412 | Grad Norm: 0.6050 | Clipped: 0/4
Epoch [1535/4000] | Avg Makespan: 375.00 | Actor Loss: -0.0048 | Critic Loss: 0.0288 | Grad Norm: 0.5893 | Clipped: 0/4
Epoch [1536/4000] | Avg Makespan: 382.38 | Actor Loss: -0.0017 | Critic Loss: 0.0778 | Grad Norm: 1.0492 | Clipped: 3/4
Epoch [1537/4000] | Avg Makespan: 391.50 | Actor Loss: -0.0014 | Critic Loss: 0.1681 | Grad Norm: 1.3684 | Clipped: 3/4
Epoch [1538/4000] | Avg Makespan: 374.25 | Actor Loss: -0.0003 | Critic Loss: 0.1712 | Grad Norm: 1.1918 | Clipped: 4/4
Epoch [1539/4000] | Avg Makespan: 379.25 | Actor Loss: 0.0005 | Critic Loss: 0.0844 | Grad Norm: 1.5544 | Clipped: 4/4
Epoch [1540/4000] | Avg Makespan: 385.25 | Actor Loss: -0.0022 | Critic Loss: 0.2603 | Grad Norm: 1.2004 | Clipped: 3/4
Epoch [1541/4000] | Avg Makespan: 392.25 | Actor Loss: -0.0042 | Critic Loss: 0.1839 | Grad Norm: 0.7273 | Clipped: 0/4
Epoch [1542/4000] | Avg Makespan: 385.38 | Actor Loss: -0.0038 | Critic Loss: 0.0959 | Grad Norm: 0.7745 | Clipped: 1/4
Epoch [1543/4000] | Avg Makespan: 389.75 | Actor Loss: -0.0013 | Critic Loss: 0.1175 | Grad Norm: 2.1878 | Clipped: 4/4
Epoch [1544/4000] | Avg Makespan: 383.00 | Actor Loss: -0.0022 | Critic Loss: 0.1055 | Grad Norm: 1.3710 | Clipped: 3/4
Epoch [1545/4000] | Avg Makespan: 387.75 | Actor Loss: 0.0008 | Critic Loss: 0.0806 | Grad Norm: 2.8547 | Clipped: 3/4
Epoch [1546/4000] | Avg Makespan: 386.38 | Actor Loss: -0.0030 | Critic Loss: 0.1236 | Grad Norm: 0.6665 | Clipped: 1/4
Epoch [1547/4000] | Avg Makespan: 374.88 | Actor Loss: -0.0038 | Critic Loss: 0.0878 | Grad Norm: 1.0319 | Clipped: 3/4
Epoch [1548/4000] | Avg Makespan: 393.75 | Actor Loss: -0.0008 | Critic Loss: 0.2480 | Grad Norm: 1.1308 | Clipped: 2/4
Epoch [1549/4000] | Avg Makespan: 369.00 | Actor Loss: -0.0023 | Critic Loss: 0.0675 | Grad Norm: 1.6876 | Clipped: 4/4
Epoch [1550/4000] | Avg Makespan: 378.62 | Actor Loss: -0.0053 | Critic Loss: 0.0330 | Grad Norm: 0.7034 | Clipped: 0/4
Epoch [1551/4000] | Avg Makespan: 380.88 | Actor Loss: -0.0030 | Critic Loss: 0.0607 | Grad Norm: 1.4374 | Clipped: 2/4
Epoch [1552/4000] | Avg Makespan: 383.12 | Actor Loss: -0.0048 | Critic Loss: 0.0725 | Grad Norm: 0.6907 | Clipped: 0/4
Epoch [1553/4000] | Avg Makespan: 376.50 | Actor Loss: -0.0025 | Critic Loss: 0.0942 | Grad Norm: 0.7352 | Clipped: 1/4
Epoch [1554/4000] | Avg Makespan: 375.12 | Actor Loss: -0.0030 | Critic Loss: 0.0945 | Grad Norm: 1.8795 | Clipped: 4/4
Epoch [1555/4000] | Avg Makespan: 377.25 | Actor Loss: -0.0048 | Critic Loss: 0.0397 | Grad Norm: 1.8741 | Clipped: 4/4
Epoch [1556/4000] | Avg Makespan: 383.88 | Actor Loss: -0.0020 | Critic Loss: 0.1561 | Grad Norm: 1.6954 | Clipped: 3/4
Epoch [1557/4000] | Avg Makespan: 388.88 | Actor Loss: -0.0014 | Critic Loss: 0.1094 | Grad Norm: 1.8982 | Clipped: 4/4
Epoch [1558/4000] | Avg Makespan: 385.25 | Actor Loss: -0.0022 | Critic Loss: 0.0547 | Grad Norm: 1.4227 | Clipped: 3/4
Epoch [1559/4000] | Avg Makespan: 388.38 | Actor Loss: -0.0021 | Critic Loss: 0.0525 | Grad Norm: 1.4707 | Clipped: 2/4
Epoch [1560/4000] | Avg Makespan: 380.75 | Actor Loss: -0.0055 | Critic Loss: 0.1046 | Grad Norm: 1.2050 | Clipped: 2/4
Epoch [1561/4000] | Avg Makespan: 380.38 | Actor Loss: -0.0007 | Critic Loss: 0.0644 | Grad Norm: 2.6685 | Clipped: 4/4
Epoch [1562/4000] | Avg Makespan: 385.12 | Actor Loss: -0.0047 | Critic Loss: 0.0619 | Grad Norm: 1.5813 | Clipped: 4/4
Epoch [1563/4000] | Avg Makespan: 376.12 | Actor Loss: -0.0033 | Critic Loss: 0.0794 | Grad Norm: 1.4964 | Clipped: 3/4
Epoch [1564/4000] | Avg Makespan: 377.88 | Actor Loss: -0.0019 | Critic Loss: 0.0847 | Grad Norm: 2.4476 | Clipped: 3/4
Epoch [1565/4000] | Avg Makespan: 374.00 | Actor Loss: -0.0044 | Critic Loss: 0.0561 | Grad Norm: 1.5581 | Clipped: 2/4
Epoch [1566/4000] | Avg Makespan: 366.00 | Actor Loss: -0.0024 | Critic Loss: 0.0703 | Grad Norm: 1.4926 | Clipped: 2/4
Epoch [1567/4000] | Avg Makespan: 374.38 | Actor Loss: -0.0051 | Critic Loss: 0.1107 | Grad Norm: 1.0708 | Clipped: 2/4
Epoch [1568/4000] | Avg Makespan: 378.50 | Actor Loss: -0.0071 | Critic Loss: 0.0847 | Grad Norm: 1.0213 | Clipped: 1/4
Epoch [1569/4000] | Avg Makespan: 378.25 | Actor Loss: -0.0032 | Critic Loss: 0.1745 | Grad Norm: 1.7294 | Clipped: 4/4
Epoch [1570/4000] | Avg Makespan: 371.38 | Actor Loss: -0.0023 | Critic Loss: 0.0926 | Grad Norm: 1.9145 | Clipped: 3/4
Epoch [1571/4000] | Avg Makespan: 371.38 | Actor Loss: -0.0043 | Critic Loss: 0.0523 | Grad Norm: 1.0167 | Clipped: 2/4
Epoch [1572/4000] | Avg Makespan: 367.25 | Actor Loss: -0.0027 | Critic Loss: 0.1290 | Grad Norm: 1.7727 | Clipped: 4/4
Epoch [1573/4000] | Avg Makespan: 375.50 | Actor Loss: -0.0028 | Critic Loss: 0.2041 | Grad Norm: 0.9193 | Clipped: 2/4
Epoch [1574/4000] | Avg Makespan: 377.88 | Actor Loss: -0.0045 | Critic Loss: 0.0938 | Grad Norm: 0.7688 | Clipped: 0/4
Epoch [1575/4000] | Avg Makespan: 375.38 | Actor Loss: -0.0038 | Critic Loss: 0.0674 | Grad Norm: 1.2864 | Clipped: 3/4
Epoch [1576/4000] | Avg Makespan: 370.38 | Actor Loss: -0.0019 | Critic Loss: 0.0695 | Grad Norm: 1.6645 | Clipped: 3/4
Epoch [1577/4000] | Avg Makespan: 373.38 | Actor Loss: -0.0046 | Critic Loss: 0.0375 | Grad Norm: 0.7968 | Clipped: 0/4
Epoch [1578/4000] | Avg Makespan: 365.75 | Actor Loss: -0.0020 | Critic Loss: 0.0244 | Grad Norm: 1.6488 | Clipped: 3/4
Epoch [1579/4000] | Avg Makespan: 378.88 | Actor Loss: -0.0037 | Critic Loss: 0.1874 | Grad Norm: 1.0046 | Clipped: 2/4
Epoch [1580/4000] | Avg Makespan: 389.50 | Actor Loss: -0.0010 | Critic Loss: 0.1647 | Grad Norm: 0.9562 | Clipped: 1/4
Epoch [1581/4000] | Avg Makespan: 380.50 | Actor Loss: -0.0017 | Critic Loss: 0.0899 | Grad Norm: 1.3899 | Clipped: 4/4
Epoch [1582/4000] | Avg Makespan: 377.50 | Actor Loss: -0.0049 | Critic Loss: 0.1455 | Grad Norm: 1.4017 | Clipped: 4/4
Epoch [1583/4000] | Avg Makespan: 381.88 | Actor Loss: -0.0060 | Critic Loss: 0.1436 | Grad Norm: 1.0949 | Clipped: 2/4
Epoch [1584/4000] | Avg Makespan: 375.00 | Actor Loss: -0.0022 | Critic Loss: 0.0774 | Grad Norm: 1.4321 | Clipped: 2/4
Epoch [1585/4000] | Avg Makespan: 374.62 | Actor Loss: -0.0045 | Critic Loss: 0.0953 | Grad Norm: 0.7453 | Clipped: 0/4
Epoch [1586/4000] | Avg Makespan: 372.88 | Actor Loss: -0.0049 | Critic Loss: 0.0337 | Grad Norm: 0.8996 | Clipped: 1/4
Epoch [1587/4000] | Avg Makespan: 366.12 | Actor Loss: -0.0040 | Critic Loss: 0.0598 | Grad Norm: 0.8868 | Clipped: 1/4
Epoch [1588/4000] | Avg Makespan: 380.88 | Actor Loss: -0.0045 | Critic Loss: 0.1924 | Grad Norm: 1.3209 | Clipped: 3/4
Epoch [1589/4000] | Avg Makespan: 380.88 | Actor Loss: -0.0027 | Critic Loss: 0.1821 | Grad Norm: 1.1463 | Clipped: 4/4
Epoch [1590/4000] | Avg Makespan: 366.00 | Actor Loss: -0.0054 | Critic Loss: 0.1124 | Grad Norm: 1.3052 | Clipped: 2/4
Epoch [1591/4000] | Avg Makespan: 378.88 | Actor Loss: -0.0049 | Critic Loss: 0.0659 | Grad Norm: 1.0862 | Clipped: 2/4
Epoch [1592/4000] | Avg Makespan: 373.25 | Actor Loss: -0.0018 | Critic Loss: 0.0493 | Grad Norm: 0.8988 | Clipped: 1/4
Epoch [1593/4000] | Avg Makespan: 368.25 | Actor Loss: -0.0057 | Critic Loss: 0.0594 | Grad Norm: 1.0485 | Clipped: 2/4
Epoch [1594/4000] | Avg Makespan: 378.62 | Actor Loss: -0.0072 | Critic Loss: 0.0823 | Grad Norm: 0.9671 | Clipped: 1/4
Epoch [1595/4000] | Avg Makespan: 383.12 | Actor Loss: -0.0025 | Critic Loss: 0.1345 | Grad Norm: 1.1737 | Clipped: 3/4
Epoch [1596/4000] | Avg Makespan: 373.38 | Actor Loss: -0.0062 | Critic Loss: 0.0764 | Grad Norm: 1.1817 | Clipped: 2/4
Epoch [1597/4000] | Avg Makespan: 376.38 | Actor Loss: 0.0006 | Critic Loss: 0.1164 | Grad Norm: 1.4932 | Clipped: 3/4
Epoch [1598/4000] | Avg Makespan: 380.38 | Actor Loss: -0.0037 | Critic Loss: 0.0253 | Grad Norm: 1.2111 | Clipped: 4/4
Epoch [1599/4000] | Avg Makespan: 371.12 | Actor Loss: 0.0024 | Critic Loss: 0.0835 | Grad Norm: 2.1399 | Clipped: 4/4
Epoch [1600/4000] | Avg Makespan: 375.88 | Actor Loss: -0.0082 | Critic Loss: 0.1069 | Grad Norm: 1.4955 | Clipped: 3/4
   -> Validation | Samples: 280 | Makespan: 485.67 | Invalid Jobs: 0.00 | Score: 485.67
   -> Saved new best model (Val Score mean of last 5: 499.89; this eval 485.67)
   -> Saved updated training chart to /home/wei/Desktop/AMR-DFJSP/runs/20260819_144532_v10_C_s44/chart.png
Epoch [1601/4000] | Avg Makespan: 373.12 | Actor Loss: -0.0059 | Critic Loss: 0.0457 | Grad Norm: 1.7192 | Clipped: 4/4
Epoch [1602/4000] | Avg Makespan: 382.62 | Actor Loss: -0.0043 | Critic Loss: 0.0898 | Grad Norm: 1.2662 | Clipped: 2/4
Epoch [1603/4000] | Avg Makespan: 376.00 | Actor Loss: -0.0048 | Critic Loss: 0.1013 | Grad Norm: 1.8367 | Clipped: 4/4
Epoch [1604/4000] | Avg Makespan: 372.50 | Actor Loss: -0.0054 | Critic Loss: 0.0479 | Grad Norm: 1.0222 | Clipped: 3/4
Epoch [1605/4000] | Avg Makespan: 373.50 | Actor Loss: -0.0042 | Critic Loss: 0.1069 | Grad Norm: 1.1978 | Clipped: 3/4
Epoch [1606/4000] | Avg Makespan: 367.50 | Actor Loss: 0.0003 | Critic Loss: 0.0438 | Grad Norm: 1.6175 | Clipped: 3/4
Epoch [1607/4000] | Avg Makespan: 368.25 | Actor Loss: 0.0011 | Critic Loss: 0.1191 | Grad Norm: 2.1503 | Clipped: 4/4
Epoch [1608/4000] | Avg Makespan: 371.75 | Actor Loss: 0.0002 | Critic Loss: 0.1238 | Grad Norm: 2.2140 | Clipped: 4/4
Epoch [1609/4000] | Avg Makespan: 376.12 | Actor Loss: -0.0058 | Critic Loss: 0.0403 | Grad Norm: 0.8658 | Clipped: 0/4
Epoch [1610/4000] | Avg Makespan: 371.25 | Actor Loss: -0.0039 | Critic Loss: 0.1276 | Grad Norm: 1.3059 | Clipped: 2/4
Epoch [1611/4000] | Avg Makespan: 378.62 | Actor Loss: -0.0024 | Critic Loss: 0.1927 | Grad Norm: 0.8166 | Clipped: 1/4
Epoch [1612/4000] | Avg Makespan: 377.25 | Actor Loss: -0.0057 | Critic Loss: 0.0531 | Grad Norm: 1.1256 | Clipped: 3/4
Epoch [1613/4000] | Avg Makespan: 370.75 | Actor Loss: -0.0059 | Critic Loss: 0.0439 | Grad Norm: 1.2821 | Clipped: 3/4
Epoch [1614/4000] | Avg Makespan: 388.00 | Actor Loss: -0.0024 | Critic Loss: 0.1878 | Grad Norm: 0.9882 | Clipped: 1/4
Epoch [1615/4000] | Avg Makespan: 382.62 | Actor Loss: -0.0054 | Critic Loss: 0.1469 | Grad Norm: 1.0107 | Clipped: 2/4
Epoch [1616/4000] | Avg Makespan: 369.62 | Actor Loss: -0.0030 | Critic Loss: 0.1327 | Grad Norm: 1.2794 | Clipped: 4/4
Epoch [1617/4000] | Avg Makespan: 372.62 | Actor Loss: -0.0022 | Critic Loss: 0.0829 | Grad Norm: 1.0846 | Clipped: 2/4
Epoch [1618/4000] | Avg Makespan: 372.00 | Actor Loss: -0.0034 | Critic Loss: 0.0759 | Grad Norm: 1.5560 | Clipped: 4/4
Epoch [1619/4000] | Avg Makespan: 373.50 | Actor Loss: -0.0039 | Critic Loss: 0.0413 | Grad Norm: 0.8906 | Clipped: 1/4
Epoch [1620/4000] | Avg Makespan: 368.62 | Actor Loss: -0.0043 | Critic Loss: 0.0290 | Grad Norm: 1.0971 | Clipped: 3/4
Epoch [1621/4000] | Avg Makespan: 373.12 | Actor Loss: -0.0058 | Critic Loss: 0.0793 | Grad Norm: 0.9792 | Clipped: 1/4
Epoch [1622/4000] | Avg Makespan: 376.00 | Actor Loss: -0.0053 | Critic Loss: 0.0816 | Grad Norm: 1.1180 | Clipped: 1/4
Epoch [1623/4000] | Avg Makespan: 370.88 | Actor Loss: -0.0031 | Critic Loss: 0.0463 | Grad Norm: 1.3023 | Clipped: 3/4
Epoch [1624/4000] | Avg Makespan: 369.38 | Actor Loss: -0.0052 | Critic Loss: 0.0441 | Grad Norm: 1.1177 | Clipped: 3/4
Epoch [1625/4000] | Avg Makespan: 372.75 | Actor Loss: -0.0068 | Critic Loss: 0.0320 | Grad Norm: 1.6896 | Clipped: 4/4
Epoch [1626/4000] | Avg Makespan: 380.38 | Actor Loss: -0.0072 | Critic Loss: 0.1614 | Grad Norm: 0.7620 | Clipped: 0/4
Epoch [1627/4000] | Avg Makespan: 373.50 | Actor Loss: -0.0054 | Critic Loss: 0.1650 | Grad Norm: 1.1123 | Clipped: 2/4
Epoch [1628/4000] | Avg Makespan: 369.00 | Actor Loss: -0.0066 | Critic Loss: 0.0735 | Grad Norm: 1.0477 | Clipped: 3/4
Epoch [1629/4000] | Avg Makespan: 374.62 | Actor Loss: -0.0039 | Critic Loss: 0.0746 | Grad Norm: 1.0717 | Clipped: 1/4
Epoch [1630/4000] | Avg Makespan: 383.88 | Actor Loss: -0.0038 | Critic Loss: 0.1339 | Grad Norm: 1.1169 | Clipped: 3/4
Epoch [1631/4000] | Avg Makespan: 381.88 | Actor Loss: -0.0034 | Critic Loss: 0.1438 | Grad Norm: 1.2812 | Clipped: 4/4
Epoch [1632/4000] | Avg Makespan: 384.25 | Actor Loss: -0.0055 | Critic Loss: 0.0878 | Grad Norm: 0.9875 | Clipped: 2/4
Epoch [1633/4000] | Avg Makespan: 386.62 | Actor Loss: -0.0026 | Critic Loss: 0.0776 | Grad Norm: 1.7785 | Clipped: 3/4
Epoch [1634/4000] | Avg Makespan: 377.75 | Actor Loss: -0.0039 | Critic Loss: 0.0991 | Grad Norm: 0.9403 | Clipped: 1/4
Epoch [1635/4000] | Avg Makespan: 373.62 | Actor Loss: -0.0038 | Critic Loss: 0.0654 | Grad Norm: 1.1334 | Clipped: 3/4
Epoch [1636/4000] | Avg Makespan: 377.88 | Actor Loss: -0.0048 | Critic Loss: 0.1452 | Grad Norm: 1.1712 | Clipped: 4/4
Epoch [1637/4000] | Avg Makespan: 386.50 | Actor Loss: -0.0029 | Critic Loss: 0.1044 | Grad Norm: 1.2360 | Clipped: 3/4
Epoch [1638/4000] | Avg Makespan: 378.88 | Actor Loss: -0.0068 | Critic Loss: 0.0530 | Grad Norm: 1.1395 | Clipped: 3/4
Epoch [1639/4000] | Avg Makespan: 375.75 | Actor Loss: -0.0024 | Critic Loss: 0.1574 | Grad Norm: 1.1670 | Clipped: 4/4
Epoch [1640/4000] | Avg Makespan: 376.75 | Actor Loss: -0.0034 | Critic Loss: 0.1149 | Grad Norm: 2.6978 | Clipped: 3/4
Epoch [1641/4000] | Avg Makespan: 376.50 | Actor Loss: -0.0042 | Critic Loss: 0.1293 | Grad Norm: 1.3997 | Clipped: 3/4
Epoch [1642/4000] | Avg Makespan: 386.12 | Actor Loss: -0.0036 | Critic Loss: 0.0617 | Grad Norm: 1.1267 | Clipped: 3/4
Epoch [1643/4000] | Avg Makespan: 387.62 | Actor Loss: -0.0025 | Critic Loss: 0.0774 | Grad Norm: 1.1888 | Clipped: 3/4
Epoch [1644/4000] | Avg Makespan: 387.00 | Actor Loss: -0.0016 | Critic Loss: 0.0993 | Grad Norm: 1.9800 | Clipped: 4/4
Epoch [1645/4000] | Avg Makespan: 371.38 | Actor Loss: -0.0038 | Critic Loss: 0.1056 | Grad Norm: 1.0516 | Clipped: 3/4
Epoch [1646/4000] | Avg Makespan: 379.25 | Actor Loss: -0.0047 | Critic Loss: 0.0545 | Grad Norm: 1.2473 | Clipped: 2/4
Epoch [1647/4000] | Avg Makespan: 386.75 | Actor Loss: -0.0022 | Critic Loss: 0.1428 | Grad Norm: 1.5893 | Clipped: 4/4
Epoch [1648/4000] | Avg Makespan: 379.00 | Actor Loss: -0.0042 | Critic Loss: 0.0768 | Grad Norm: 1.2597 | Clipped: 2/4
Epoch [1649/4000] | Avg Makespan: 384.50 | Actor Loss: -0.0029 | Critic Loss: 0.0647 | Grad Norm: 1.4516 | Clipped: 3/4
Epoch [1650/4000] | Avg Makespan: 378.50 | Actor Loss: -0.0031 | Critic Loss: 0.0815 | Grad Norm: 1.2006 | Clipped: 3/4
Epoch [1651/4000] | Avg Makespan: 371.12 | Actor Loss: -0.0022 | Critic Loss: 0.0745 | Grad Norm: 1.2998 | Clipped: 3/4
Epoch [1652/4000] | Avg Makespan: 374.75 | Actor Loss: -0.0052 | Critic Loss: 0.0397 | Grad Norm: 1.0127 | Clipped: 2/4
Epoch [1653/4000] | Avg Makespan: 378.75 | Actor Loss: -0.0039 | Critic Loss: 0.0862 | Grad Norm: 1.1782 | Clipped: 2/4
Epoch [1654/4000] | Avg Makespan: 381.75 | Actor Loss: -0.0012 | Critic Loss: 0.0939 | Grad Norm: 1.4808 | Clipped: 4/4
Epoch [1655/4000] | Avg Makespan: 386.50 | Actor Loss: -0.0061 | Critic Loss: 0.1449 | Grad Norm: 0.9051 | Clipped: 1/4
Epoch [1656/4000] | Avg Makespan: 379.62 | Actor Loss: -0.0053 | Critic Loss: 0.1505 | Grad Norm: 1.5119 | Clipped: 3/4
Epoch [1657/4000] | Avg Makespan: 389.62 | Actor Loss: -0.0063 | Critic Loss: 0.3392 | Grad Norm: 0.8589 | Clipped: 1/4
Epoch [1658/4000] | Avg Makespan: 372.25 | Actor Loss: -0.0032 | Critic Loss: 0.2566 | Grad Norm: 1.0353 | Clipped: 2/4
Epoch [1659/4000] | Avg Makespan: 371.38 | Actor Loss: -0.0012 | Critic Loss: 0.0910 | Grad Norm: 1.0170 | Clipped: 1/4
Epoch [1660/4000] | Avg Makespan: 370.00 | Actor Loss: -0.0014 | Critic Loss: 0.1004 | Grad Norm: 1.2036 | Clipped: 3/4
Epoch [1661/4000] | Avg Makespan: 364.62 | Actor Loss: -0.0037 | Critic Loss: 0.1257 | Grad Norm: 0.9122 | Clipped: 1/4
Epoch [1662/4000] | Avg Makespan: 378.75 | Actor Loss: -0.0024 | Critic Loss: 0.1672 | Grad Norm: 1.2413 | Clipped: 4/4
Epoch [1663/4000] | Avg Makespan: 376.50 | Actor Loss: -0.0031 | Critic Loss: 0.0891 | Grad Norm: 0.7566 | Clipped: 0/4
Epoch [1664/4000] | Avg Makespan: 373.00 | Actor Loss: -0.0038 | Critic Loss: 0.1218 | Grad Norm: 0.9665 | Clipped: 1/4
Epoch [1665/4000] | Avg Makespan: 373.88 | Actor Loss: -0.0023 | Critic Loss: 0.0356 | Grad Norm: 0.9364 | Clipped: 1/4
Epoch [1666/4000] | Avg Makespan: 376.75 | Actor Loss: -0.0024 | Critic Loss: 0.1123 | Grad Norm: 0.7984 | Clipped: 0/4
Epoch [1667/4000] | Avg Makespan: 374.50 | Actor Loss: -0.0013 | Critic Loss: 0.0674 | Grad Norm: 0.9892 | Clipped: 2/4
Epoch [1668/4000] | Avg Makespan: 373.38 | Actor Loss: -0.0027 | Critic Loss: 0.0619 | Grad Norm: 1.3461 | Clipped: 4/4
Epoch [1669/4000] | Avg Makespan: 380.62 | Actor Loss: -0.0035 | Critic Loss: 0.0326 | Grad Norm: 1.4483 | Clipped: 4/4
Epoch [1670/4000] | Avg Makespan: 379.38 | Actor Loss: -0.0038 | Critic Loss: 0.0196 | Grad Norm: 0.9382 | Clipped: 1/4
Epoch [1671/4000] | Avg Makespan: 363.25 | Actor Loss: -0.0028 | Critic Loss: 0.1039 | Grad Norm: 1.4634 | Clipped: 2/4
Epoch [1672/4000] | Avg Makespan: 367.88 | Actor Loss: -0.0030 | Critic Loss: 0.0319 | Grad Norm: 1.4412 | Clipped: 4/4
Epoch [1673/4000] | Avg Makespan: 364.00 | Actor Loss: -0.0034 | Critic Loss: 0.0571 | Grad Norm: 0.8211 | Clipped: 0/4
Epoch [1674/4000] | Avg Makespan: 372.38 | Actor Loss: -0.0031 | Critic Loss: 0.0567 | Grad Norm: 1.3650 | Clipped: 4/4
Epoch [1675/4000] | Avg Makespan: 377.88 | Actor Loss: 0.0007 | Critic Loss: 0.1415 | Grad Norm: 1.3367 | Clipped: 4/4
Epoch [1676/4000] | Avg Makespan: 371.00 | Actor Loss: 0.0063 | Critic Loss: 0.1049 | Grad Norm: 5.0068 | Clipped: 3/4
Epoch [1677/4000] | Avg Makespan: 375.12 | Actor Loss: -0.0019 | Critic Loss: 0.1213 | Grad Norm: 1.6177 | Clipped: 4/4
Epoch [1678/4000] | Avg Makespan: 376.12 | Actor Loss: -0.0021 | Critic Loss: 0.0787 | Grad Norm: 1.6159 | Clipped: 4/4
Epoch [1679/4000] | Avg Makespan: 380.25 | Actor Loss: -0.0026 | Critic Loss: 0.1192 | Grad Norm: 1.6008 | Clipped: 3/4
Epoch [1680/4000] | Avg Makespan: 376.75 | Actor Loss: -0.0029 | Critic Loss: 0.0621 | Grad Norm: 1.3034 | Clipped: 2/4
Epoch [1681/4000] | Avg Makespan: 379.12 | Actor Loss: -0.0032 | Critic Loss: 0.0930 | Grad Norm: 0.8799 | Clipped: 1/4
Epoch [1682/4000] | Avg Makespan: 381.00 | Actor Loss: -0.0006 | Critic Loss: 0.0543 | Grad Norm: 1.4801 | Clipped: 4/4
Epoch [1683/4000] | Avg Makespan: 383.38 | Actor Loss: -0.0028 | Critic Loss: 0.2517 | Grad Norm: 1.0248 | Clipped: 3/4
Epoch [1684/4000] | Avg Makespan: 365.25 | Actor Loss: -0.0023 | Critic Loss: 0.1188 | Grad Norm: 1.0333 | Clipped: 3/4
Epoch [1685/4000] | Avg Makespan: 368.75 | Actor Loss: -0.0046 | Critic Loss: 0.0551 | Grad Norm: 1.4244 | Clipped: 3/4
Epoch [1686/4000] | Avg Makespan: 368.50 | Actor Loss: -0.0010 | Critic Loss: 0.0731 | Grad Norm: 1.4929 | Clipped: 4/4
Epoch [1687/4000] | Avg Makespan: 378.12 | Actor Loss: -0.0033 | Critic Loss: 0.0635 | Grad Norm: 0.9587 | Clipped: 1/4
Epoch [1688/4000] | Avg Makespan: 381.50 | Actor Loss: -0.0029 | Critic Loss: 0.0730 | Grad Norm: 1.1203 | Clipped: 3/4
Epoch [1689/4000] | Avg Makespan: 377.25 | Actor Loss: -0.0011 | Critic Loss: 0.0761 | Grad Norm: 1.1816 | Clipped: 2/4
Epoch [1690/4000] | Avg Makespan: 385.62 | Actor Loss: -0.0016 | Critic Loss: 0.0433 | Grad Norm: 1.0229 | Clipped: 2/4
Epoch [1691/4000] | Avg Makespan: 365.88 | Actor Loss: -0.0024 | Critic Loss: 0.0481 | Grad Norm: 1.5658 | Clipped: 4/4
Epoch [1692/4000] | Avg Makespan: 370.38 | Actor Loss: -0.0035 | Critic Loss: 0.0591 | Grad Norm: 1.1603 | Clipped: 3/4
Epoch [1693/4000] | Avg Makespan: 369.12 | Actor Loss: -0.0023 | Critic Loss: 0.0367 | Grad Norm: 1.0809 | Clipped: 1/4
Epoch [1694/4000] | Avg Makespan: 370.88 | Actor Loss: -0.0027 | Critic Loss: 0.0702 | Grad Norm: 0.7952 | Clipped: 0/4
Epoch [1695/4000] | Avg Makespan: 365.25 | Actor Loss: -0.0034 | Critic Loss: 0.0477 | Grad Norm: 1.2153 | Clipped: 1/4
Epoch [1696/4000] | Avg Makespan: 373.75 | Actor Loss: -0.0017 | Critic Loss: 0.0176 | Grad Norm: 1.7405 | Clipped: 3/4
Epoch [1697/4000] | Avg Makespan: 372.62 | Actor Loss: -0.0050 | Critic Loss: 0.0238 | Grad Norm: 0.8114 | Clipped: 0/4
Epoch [1698/4000] | Avg Makespan: 370.62 | Actor Loss: -0.0025 | Critic Loss: 0.0668 | Grad Norm: 1.1038 | Clipped: 2/4
Epoch [1699/4000] | Avg Makespan: 369.62 | Actor Loss: -0.0028 | Critic Loss: 0.0807 | Grad Norm: 1.1692 | Clipped: 3/4
Epoch [1700/4000] | Avg Makespan: 388.75 | Actor Loss: -0.0028 | Critic Loss: 0.1154 | Grad Norm: 0.9172 | Clipped: 1/4
   -> Validation | Samples: 280 | Makespan: 510.01 | Invalid Jobs: 0.00 | Score: 510.01
   -> Saved updated training chart to /home/wei/Desktop/AMR-DFJSP/runs/20260819_144532_v10_C_s44/chart.png
Epoch [1701/4000] | Avg Makespan: 376.25 | Actor Loss: -0.0035 | Critic Loss: 0.0943 | Grad Norm: 0.8839 | Clipped: 1/4
Epoch [1702/4000] | Avg Makespan: 384.88 | Actor Loss: -0.0033 | Critic Loss: 0.0244 | Grad Norm: 1.4636 | Clipped: 4/4
Epoch [1703/4000] | Avg Makespan: 366.25 | Actor Loss: -0.0021 | Critic Loss: 0.1318 | Grad Norm: 1.3276 | Clipped: 3/4
Epoch [1704/4000] | Avg Makespan: 390.88 | Actor Loss: -0.0048 | Critic Loss: 0.5530 | Grad Norm: 1.0960 | Clipped: 2/4
Epoch [1705/4000] | Avg Makespan: 369.75 | Actor Loss: -0.0035 | Critic Loss: 0.1409 | Grad Norm: 1.3773 | Clipped: 4/4
Epoch [1706/4000] | Avg Makespan: 379.38 | Actor Loss: -0.0023 | Critic Loss: 0.0795 | Grad Norm: 0.8392 | Clipped: 0/4
Epoch [1707/4000] | Avg Makespan: 389.00 | Actor Loss: -0.0032 | Critic Loss: 0.1866 | Grad Norm: 0.6902 | Clipped: 0/4
Epoch [1708/4000] | Avg Makespan: 377.88 | Actor Loss: -0.0027 | Critic Loss: 0.0310 | Grad Norm: 0.9548 | Clipped: 1/4
Epoch [1709/4000] | Avg Makespan: 374.38 | Actor Loss: -0.0039 | Critic Loss: 0.0594 | Grad Norm: 1.1662 | Clipped: 2/4
Epoch [1710/4000] | Avg Makespan: 382.00 | Actor Loss: -0.0041 | Critic Loss: 0.1085 | Grad Norm: 0.9023 | Clipped: 1/4
Epoch [1711/4000] | Avg Makespan: 371.75 | Actor Loss: -0.0018 | Critic Loss: 0.0452 | Grad Norm: 1.0405 | Clipped: 1/4
Epoch [1712/4000] | Avg Makespan: 366.50 | Actor Loss: -0.0035 | Critic Loss: 0.0813 | Grad Norm: 1.0886 | Clipped: 1/4
Epoch [1713/4000] | Avg Makespan: 377.12 | Actor Loss: -0.0030 | Critic Loss: 0.1028 | Grad Norm: 1.8266 | Clipped: 4/4
Epoch [1714/4000] | Avg Makespan: 377.50 | Actor Loss: -0.0047 | Critic Loss: 0.1530 | Grad Norm: 1.2301 | Clipped: 2/4
Epoch [1715/4000] | Avg Makespan: 374.25 | Actor Loss: -0.0009 | Critic Loss: 0.0431 | Grad Norm: 0.9294 | Clipped: 1/4
Epoch [1716/4000] | Avg Makespan: 375.62 | Actor Loss: -0.0027 | Critic Loss: 0.1331 | Grad Norm: 0.8366 | Clipped: 0/4
Epoch [1717/4000] | Avg Makespan: 383.00 | Actor Loss: -0.0038 | Critic Loss: 0.1079 | Grad Norm: 0.8698 | Clipped: 1/4
Epoch [1718/4000] | Avg Makespan: 380.62 | Actor Loss: -0.0032 | Critic Loss: 0.0732 | Grad Norm: 0.7737 | Clipped: 1/4
Epoch [1719/4000] | Avg Makespan: 386.50 | Actor Loss: -0.0027 | Critic Loss: 0.1327 | Grad Norm: 1.0146 | Clipped: 1/4
Epoch [1720/4000] | Avg Makespan: 373.00 | Actor Loss: -0.0034 | Critic Loss: 0.1043 | Grad Norm: 1.1968 | Clipped: 4/4
Epoch [1721/4000] | Avg Makespan: 381.12 | Actor Loss: -0.0041 | Critic Loss: 0.0552 | Grad Norm: 1.1825 | Clipped: 3/4
Epoch [1722/4000] | Avg Makespan: 368.62 | Actor Loss: -0.0044 | Critic Loss: 0.0933 | Grad Norm: 1.3241 | Clipped: 3/4
Epoch [1723/4000] | Avg Makespan: 380.00 | Actor Loss: -0.0052 | Critic Loss: 0.1000 | Grad Norm: 1.3478 | Clipped: 4/4
Epoch [1724/4000] | Avg Makespan: 380.62 | Actor Loss: -0.0022 | Critic Loss: 0.1515 | Grad Norm: 1.8363 | Clipped: 4/4
Epoch [1725/4000] | Avg Makespan: 370.38 | Actor Loss: -0.0038 | Critic Loss: 0.0404 | Grad Norm: 0.7572 | Clipped: 0/4
Epoch [1726/4000] | Avg Makespan: 371.88 | Actor Loss: -0.0025 | Critic Loss: 0.1129 | Grad Norm: 1.2517 | Clipped: 4/4
Epoch [1727/4000] | Avg Makespan: 375.00 | Actor Loss: -0.0053 | Critic Loss: 0.0536 | Grad Norm: 0.7477 | Clipped: 1/4
Epoch [1728/4000] | Avg Makespan: 372.25 | Actor Loss: -0.0032 | Critic Loss: 0.0474 | Grad Norm: 1.1599 | Clipped: 4/4
Epoch [1729/4000] | Avg Makespan: 368.75 | Actor Loss: -0.0029 | Critic Loss: 0.0211 | Grad Norm: 0.7230 | Clipped: 0/4
Epoch [1730/4000] | Avg Makespan: 376.38 | Actor Loss: -0.0034 | Critic Loss: 0.0627 | Grad Norm: 0.8704 | Clipped: 1/4
Epoch [1731/4000] | Avg Makespan: 368.50 | Actor Loss: -0.0028 | Critic Loss: 0.0625 | Grad Norm: 1.2561 | Clipped: 4/4
Epoch [1732/4000] | Avg Makespan: 377.50 | Actor Loss: -0.0035 | Critic Loss: 0.0757 | Grad Norm: 0.8542 | Clipped: 1/4
Epoch [1733/4000] | Avg Makespan: 377.12 | Actor Loss: -0.0033 | Critic Loss: 0.0312 | Grad Norm: 1.1949 | Clipped: 3/4
Epoch [1734/4000] | Avg Makespan: 381.12 | Actor Loss: -0.0051 | Critic Loss: 0.0418 | Grad Norm: 1.1068 | Clipped: 3/4
Epoch [1735/4000] | Avg Makespan: 384.38 | Actor Loss: -0.0035 | Critic Loss: 0.1217 | Grad Norm: 1.0127 | Clipped: 2/4
Epoch [1736/4000] | Avg Makespan: 367.00 | Actor Loss: -0.0012 | Critic Loss: 0.1491 | Grad Norm: 1.3500 | Clipped: 4/4
Epoch [1737/4000] | Avg Makespan: 375.88 | Actor Loss: -0.0029 | Critic Loss: 0.0456 | Grad Norm: 1.1517 | Clipped: 3/4
Epoch [1738/4000] | Avg Makespan: 377.12 | Actor Loss: -0.0029 | Critic Loss: 0.0893 | Grad Norm: 1.3423 | Clipped: 3/4
Epoch [1739/4000] | Avg Makespan: 380.00 | Actor Loss: -0.0005 | Critic Loss: 0.0678 | Grad Norm: 1.5169 | Clipped: 3/4
Epoch [1740/4000] | Avg Makespan: 369.75 | Actor Loss: -0.0030 | Critic Loss: 0.0628 | Grad Norm: 1.3584 | Clipped: 3/4
Epoch [1741/4000] | Avg Makespan: 383.75 | Actor Loss: -0.0025 | Critic Loss: 0.1185 | Grad Norm: 0.9514 | Clipped: 1/4
Epoch [1742/4000] | Avg Makespan: 373.62 | Actor Loss: -0.0021 | Critic Loss: 0.1376 | Grad Norm: 1.2470 | Clipped: 2/4
Epoch [1743/4000] | Avg Makespan: 375.12 | Actor Loss: -0.0016 | Critic Loss: 0.0572 | Grad Norm: 0.8448 | Clipped: 1/4
Epoch [1744/4000] | Avg Makespan: 370.75 | Actor Loss: -0.0042 | Critic Loss: 0.0569 | Grad Norm: 1.0959 | Clipped: 2/4
Epoch [1745/4000] | Avg Makespan: 386.12 | Actor Loss: -0.0016 | Critic Loss: 0.1700 | Grad Norm: 0.8626 | Clipped: 1/4
Epoch [1746/4000] | Avg Makespan: 374.12 | Actor Loss: -0.0037 | Critic Loss: 0.0494 | Grad Norm: 1.5536 | Clipped: 3/4
Epoch [1747/4000] | Avg Makespan: 365.88 | Actor Loss: -0.0052 | Critic Loss: 0.0458 | Grad Norm: 1.0961 | Clipped: 2/4
Epoch [1748/4000] | Avg Makespan: 376.25 | Actor Loss: -0.0007 | Critic Loss: 0.0823 | Grad Norm: 2.6339 | Clipped: 4/4
Epoch [1749/4000] | Avg Makespan: 367.25 | Actor Loss: -0.0055 | Critic Loss: 0.0374 | Grad Norm: 0.8030 | Clipped: 0/4
Epoch [1750/4000] | Avg Makespan: 365.50 | Actor Loss: -0.0038 | Critic Loss: 0.0750 | Grad Norm: 0.9272 | Clipped: 1/4
Epoch [1751/4000] | Avg Makespan: 373.62 | Actor Loss: -0.0011 | Critic Loss: 0.0617 | Grad Norm: 1.0005 | Clipped: 2/4
Epoch [1752/4000] | Avg Makespan: 383.38 | Actor Loss: -0.0044 | Critic Loss: 0.0721 | Grad Norm: 1.2477 | Clipped: 3/4
Epoch [1753/4000] | Avg Makespan: 378.00 | Actor Loss: -0.0037 | Critic Loss: 0.1758 | Grad Norm: 1.1896 | Clipped: 3/4
Epoch [1754/4000] | Avg Makespan: 377.50 | Actor Loss: -0.0040 | Critic Loss: 0.0857 | Grad Norm: 0.7588 | Clipped: 0/4
Epoch [1755/4000] | Avg Makespan: 363.38 | Actor Loss: -0.0011 | Critic Loss: 0.1189 | Grad Norm: 0.8891 | Clipped: 1/4
Epoch [1756/4000] | Avg Makespan: 374.12 | Actor Loss: 0.0000 | Critic Loss: 0.0866 | Grad Norm: 1.6604 | Clipped: 4/4
Epoch [1757/4000] | Avg Makespan: 377.00 | Actor Loss: -0.0003 | Critic Loss: 0.1134 | Grad Norm: 1.4971 | Clipped: 4/4
Epoch [1758/4000] | Avg Makespan: 373.12 | Actor Loss: -0.0045 | Critic Loss: 0.1294 | Grad Norm: 0.8650 | Clipped: 2/4
Epoch [1759/4000] | Avg Makespan: 367.50 | Actor Loss: -0.0048 | Critic Loss: 0.0781 | Grad Norm: 1.1619 | Clipped: 3/4
Epoch [1760/4000] | Avg Makespan: 372.12 | Actor Loss: -0.0031 | Critic Loss: 0.0799 | Grad Norm: 0.9960 | Clipped: 3/4
Epoch [1761/4000] | Avg Makespan: 371.12 | Actor Loss: -0.0039 | Critic Loss: 0.0619 | Grad Norm: 0.9700 | Clipped: 2/4
Epoch [1762/4000] | Avg Makespan: 371.62 | Actor Loss: -0.0006 | Critic Loss: 0.1054 | Grad Norm: 1.3446 | Clipped: 2/4
Epoch [1763/4000] | Avg Makespan: 367.88 | Actor Loss: -0.0041 | Critic Loss: 0.0494 | Grad Norm: 1.5702 | Clipped: 3/4
Epoch [1764/4000] | Avg Makespan: 378.75 | Actor Loss: -0.0010 | Critic Loss: 0.2605 | Grad Norm: 1.5963 | Clipped: 3/4
Epoch [1765/4000] | Avg Makespan: 379.88 | Actor Loss: -0.0028 | Critic Loss: 0.0690 | Grad Norm: 1.2627 | Clipped: 3/4
Epoch [1766/4000] | Avg Makespan: 372.88 | Actor Loss: -0.0029 | Critic Loss: 0.1117 | Grad Norm: 0.7667 | Clipped: 0/4
Epoch [1767/4000] | Avg Makespan: 368.12 | Actor Loss: -0.0031 | Critic Loss: 0.0977 | Grad Norm: 0.8086 | Clipped: 0/4
Epoch [1768/4000] | Avg Makespan: 369.75 | Actor Loss: -0.0019 | Critic Loss: 0.0914 | Grad Norm: 1.1619 | Clipped: 3/4
Epoch [1769/4000] | Avg Makespan: 376.25 | Actor Loss: -0.0035 | Critic Loss: 0.0448 | Grad Norm: 1.4791 | Clipped: 4/4
Epoch [1770/4000] | Avg Makespan: 373.75 | Actor Loss: -0.0037 | Critic Loss: 0.0863 | Grad Norm: 1.0610 | Clipped: 2/4
Epoch [1771/4000] | Avg Makespan: 373.50 | Actor Loss: -0.0026 | Critic Loss: 0.1452 | Grad Norm: 1.5413 | Clipped: 4/4
Epoch [1772/4000] | Avg Makespan: 374.75 | Actor Loss: -0.0029 | Critic Loss: 0.0608 | Grad Norm: 0.7353 | Clipped: 1/4
Epoch [1773/4000] | Avg Makespan: 379.38 | Actor Loss: -0.0036 | Critic Loss: 0.0472 | Grad Norm: 1.0340 | Clipped: 3/4
Epoch [1774/4000] | Avg Makespan: 370.50 | Actor Loss: -0.0049 | Critic Loss: 0.0907 | Grad Norm: 0.8974 | Clipped: 1/4
Epoch [1775/4000] | Avg Makespan: 377.25 | Actor Loss: -0.0030 | Critic Loss: 0.0457 | Grad Norm: 0.7770 | Clipped: 2/4
Epoch [1776/4000] | Avg Makespan: 372.62 | Actor Loss: -0.0034 | Critic Loss: 0.1069 | Grad Norm: 0.7833 | Clipped: 0/4
Epoch [1777/4000] | Avg Makespan: 364.50 | Actor Loss: -0.0014 | Critic Loss: 0.0545 | Grad Norm: 0.6485 | Clipped: 0/4
Epoch [1778/4000] | Avg Makespan: 374.75 | Actor Loss: -0.0046 | Critic Loss: 0.0536 | Grad Norm: 1.4152 | Clipped: 2/4
Epoch [1779/4000] | Avg Makespan: 373.12 | Actor Loss: -0.0037 | Critic Loss: 0.0826 | Grad Norm: 1.4001 | Clipped: 3/4
Epoch [1780/4000] | Avg Makespan: 369.88 | Actor Loss: -0.0042 | Critic Loss: 0.1311 | Grad Norm: 1.2279 | Clipped: 4/4
Epoch [1781/4000] | Avg Makespan: 374.25 | Actor Loss: -0.0043 | Critic Loss: 0.0894 | Grad Norm: 0.6604 | Clipped: 0/4
Epoch [1782/4000] | Avg Makespan: 370.50 | Actor Loss: -0.0022 | Critic Loss: 0.0437 | Grad Norm: 0.9241 | Clipped: 2/4
Epoch [1783/4000] | Avg Makespan: 369.62 | Actor Loss: -0.0026 | Critic Loss: 0.0380 | Grad Norm: 1.1769 | Clipped: 2/4
Epoch [1784/4000] | Avg Makespan: 375.00 | Actor Loss: -0.0021 | Critic Loss: 0.0629 | Grad Norm: 0.9351 | Clipped: 0/4
Epoch [1785/4000] | Avg Makespan: 365.38 | Actor Loss: -0.0005 | Critic Loss: 0.0507 | Grad Norm: 0.7135 | Clipped: 0/4
Epoch [1786/4000] | Avg Makespan: 375.25 | Actor Loss: -0.0039 | Critic Loss: 0.0662 | Grad Norm: 0.7736 | Clipped: 0/4
Epoch [1787/4000] | Avg Makespan: 375.38 | Actor Loss: -0.0032 | Critic Loss: 0.0470 | Grad Norm: 1.3045 | Clipped: 1/4
Epoch [1788/4000] | Avg Makespan: 377.25 | Actor Loss: -0.0029 | Critic Loss: 0.1254 | Grad Norm: 0.9125 | Clipped: 0/4
Epoch [1789/4000] | Avg Makespan: 379.88 | Actor Loss: -0.0041 | Critic Loss: 0.0733 | Grad Norm: 0.9918 | Clipped: 2/4
Epoch [1790/4000] | Avg Makespan: 377.75 | Actor Loss: -0.0030 | Critic Loss: 0.1156 | Grad Norm: 1.1413 | Clipped: 3/4
Epoch [1791/4000] | Avg Makespan: 367.25 | Actor Loss: -0.0018 | Critic Loss: 0.0666 | Grad Norm: 0.8558 | Clipped: 0/4
Epoch [1792/4000] | Avg Makespan: 382.38 | Actor Loss: -0.0027 | Critic Loss: 0.0821 | Grad Norm: 0.6836 | Clipped: 0/4
Epoch [1793/4000] | Avg Makespan: 377.75 | Actor Loss: -0.0020 | Critic Loss: 0.0473 | Grad Norm: 0.7060 | Clipped: 0/4
Epoch [1794/4000] | Avg Makespan: 377.12 | Actor Loss: -0.0016 | Critic Loss: 0.0339 | Grad Norm: 0.6381 | Clipped: 0/4
Epoch [1795/4000] | Avg Makespan: 380.38 | Actor Loss: -0.0034 | Critic Loss: 0.0955 | Grad Norm: 0.9163 | Clipped: 2/4
Epoch [1796/4000] | Avg Makespan: 373.25 | Actor Loss: -0.0023 | Critic Loss: 0.1883 | Grad Norm: 0.6682 | Clipped: 0/4
Epoch [1797/4000] | Avg Makespan: 373.75 | Actor Loss: -0.0028 | Critic Loss: 0.0729 | Grad Norm: 0.6904 | Clipped: 1/4
Epoch [1798/4000] | Avg Makespan: 376.38 | Actor Loss: -0.0039 | Critic Loss: 0.1584 | Grad Norm: 0.9373 | Clipped: 2/4
Epoch [1799/4000] | Avg Makespan: 374.25 | Actor Loss: -0.0027 | Critic Loss: 0.0996 | Grad Norm: 0.5934 | Clipped: 0/4
Epoch [1800/4000] | Avg Makespan: 382.75 | Actor Loss: -0.0025 | Critic Loss: 0.1331 | Grad Norm: 0.9570 | Clipped: 1/4
   -> Validation | Samples: 280 | Makespan: 502.96 | Invalid Jobs: 0.00 | Score: 502.96
   -> Saved new best model (Val Score mean of last 5: 496.47; this eval 502.96)
   -> Saved updated training chart to /home/wei/Desktop/AMR-DFJSP/runs/20260819_144532_v10_C_s44/chart.png
Epoch [1801/4000] | Avg Makespan: 375.00 | Actor Loss: -0.0028 | Critic Loss: 0.0610 | Grad Norm: 0.6655 | Clipped: 0/4
Epoch [1802/4000] | Avg Makespan: 375.25 | Actor Loss: -0.0027 | Critic Loss: 0.0883 | Grad Norm: 1.1460 | Clipped: 1/4
Epoch [1803/4000] | Avg Makespan: 378.00 | Actor Loss: -0.0016 | Critic Loss: 0.2539 | Grad Norm: 0.7404 | Clipped: 0/4
Epoch [1804/4000] | Avg Makespan: 370.88 | Actor Loss: -0.0022 | Critic Loss: 0.0625 | Grad Norm: 2.3179 | Clipped: 4/4
Epoch [1805/4000] | Avg Makespan: 380.50 | Actor Loss: -0.0035 | Critic Loss: 0.1087 | Grad Norm: 0.9347 | Clipped: 1/4
Epoch [1806/4000] | Avg Makespan: 376.25 | Actor Loss: -0.0012 | Critic Loss: 0.0682 | Grad Norm: 1.0143 | Clipped: 3/4
Epoch [1807/4000] | Avg Makespan: 372.00 | Actor Loss: -0.0011 | Critic Loss: 0.1256 | Grad Norm: 1.6390 | Clipped: 3/4
Epoch [1808/4000] | Avg Makespan: 369.88 | Actor Loss: -0.0010 | Critic Loss: 0.0943 | Grad Norm: 1.2606 | Clipped: 3/4
Epoch [1809/4000] | Avg Makespan: 380.62 | Actor Loss: -0.0039 | Critic Loss: 0.0766 | Grad Norm: 0.7217 | Clipped: 0/4
Epoch [1810/4000] | Avg Makespan: 372.75 | Actor Loss: -0.0026 | Critic Loss: 0.0856 | Grad Norm: 1.1767 | Clipped: 3/4
Epoch [1811/4000] | Avg Makespan: 369.50 | Actor Loss: -0.0018 | Critic Loss: 0.1059 | Grad Norm: 1.1063 | Clipped: 3/4
Epoch [1812/4000] | Avg Makespan: 369.12 | Actor Loss: -0.0043 | Critic Loss: 0.0349 | Grad Norm: 0.9689 | Clipped: 1/4
Epoch [1813/4000] | Avg Makespan: 382.50 | Actor Loss: -0.0019 | Critic Loss: 0.1134 | Grad Norm: 1.0709 | Clipped: 3/4
Epoch [1814/4000] | Avg Makespan: 373.25 | Actor Loss: -0.0036 | Critic Loss: 0.1180 | Grad Norm: 0.8337 | Clipped: 1/4
Epoch [1815/4000] | Avg Makespan: 370.12 | Actor Loss: -0.0010 | Critic Loss: 0.0737 | Grad Norm: 1.1826 | Clipped: 2/4
Epoch [1816/4000] | Avg Makespan: 375.12 | Actor Loss: -0.0028 | Critic Loss: 0.0368 | Grad Norm: 1.1848 | Clipped: 4/4
Epoch [1817/4000] | Avg Makespan: 368.88 | Actor Loss: -0.0024 | Critic Loss: 0.0696 | Grad Norm: 1.1175 | Clipped: 2/4
Epoch [1818/4000] | Avg Makespan: 375.00 | Actor Loss: -0.0033 | Critic Loss: 0.0870 | Grad Norm: 1.3321 | Clipped: 3/4
Epoch [1819/4000] | Avg Makespan: 376.62 | Actor Loss: -0.0013 | Critic Loss: 0.1605 | Grad Norm: 1.2323 | Clipped: 4/4
Epoch [1820/4000] | Avg Makespan: 377.62 | Actor Loss: -0.0021 | Critic Loss: 0.1450 | Grad Norm: 1.2977 | Clipped: 3/4
Epoch [1821/4000] | Avg Makespan: 376.00 | Actor Loss: -0.0033 | Critic Loss: 0.0585 | Grad Norm: 1.2016 | Clipped: 2/4
Epoch [1822/4000] | Avg Makespan: 372.12 | Actor Loss: -0.0013 | Critic Loss: 0.0651 | Grad Norm: 1.6402 | Clipped: 3/4
Epoch [1823/4000] | Avg Makespan: 379.25 | Actor Loss: -0.0044 | Critic Loss: 0.0818 | Grad Norm: 1.0430 | Clipped: 2/4
Epoch [1824/4000] | Avg Makespan: 370.38 | Actor Loss: -0.0035 | Critic Loss: 0.0727 | Grad Norm: 0.9467 | Clipped: 0/4
Epoch [1825/4000] | Avg Makespan: 378.12 | Actor Loss: -0.0020 | Critic Loss: 0.1222 | Grad Norm: 1.2865 | Clipped: 2/4
Epoch [1826/4000] | Avg Makespan: 373.38 | Actor Loss: -0.0030 | Critic Loss: 0.0407 | Grad Norm: 1.4720 | Clipped: 3/4
Epoch [1827/4000] | Avg Makespan: 375.00 | Actor Loss: -0.0009 | Critic Loss: 0.0435 | Grad Norm: 0.9813 | Clipped: 2/4
Epoch [1828/4000] | Avg Makespan: 370.75 | Actor Loss: -0.0026 | Critic Loss: 0.0797 | Grad Norm: 0.8966 | Clipped: 1/4
Epoch [1829/4000] | Avg Makespan: 375.12 | Actor Loss: -0.0025 | Critic Loss: 0.0607 | Grad Norm: 1.0051 | Clipped: 2/4
Epoch [1830/4000] | Avg Makespan: 371.12 | Actor Loss: -0.0040 | Critic Loss: 0.0448 | Grad Norm: 1.1785 | Clipped: 2/4
Epoch [1831/4000] | Avg Makespan: 377.38 | Actor Loss: -0.0008 | Critic Loss: 0.0668 | Grad Norm: 0.9136 | Clipped: 1/4
Epoch [1832/4000] | Avg Makespan: 372.88 | Actor Loss: -0.0023 | Critic Loss: 0.0790 | Grad Norm: 0.9652 | Clipped: 1/4
Epoch [1833/4000] | Avg Makespan: 376.75 | Actor Loss: -0.0048 | Critic Loss: 0.0801 | Grad Norm: 0.7692 | Clipped: 1/4
Epoch [1834/4000] | Avg Makespan: 375.25 | Actor Loss: -0.0039 | Critic Loss: 0.0689 | Grad Norm: 0.7459 | Clipped: 0/4
Epoch [1835/4000] | Avg Makespan: 375.62 | Actor Loss: -0.0028 | Critic Loss: 0.0620 | Grad Norm: 0.9447 | Clipped: 1/4
Epoch [1836/4000] | Avg Makespan: 374.38 | Actor Loss: -0.0035 | Critic Loss: 0.0309 | Grad Norm: 0.7297 | Clipped: 1/4
Epoch [1837/4000] | Avg Makespan: 375.50 | Actor Loss: -0.0045 | Critic Loss: 0.0654 | Grad Norm: 1.1798 | Clipped: 3/4
Epoch [1838/4000] | Avg Makespan: 373.00 | Actor Loss: -0.0008 | Critic Loss: 0.0981 | Grad Norm: 1.9453 | Clipped: 3/4
Epoch [1839/4000] | Avg Makespan: 372.62 | Actor Loss: -0.0019 | Critic Loss: 0.0447 | Grad Norm: 1.0337 | Clipped: 1/4
Epoch [1840/4000] | Avg Makespan: 373.88 | Actor Loss: -0.0013 | Critic Loss: 0.0566 | Grad Norm: 1.2970 | Clipped: 1/4
Epoch [1841/4000] | Avg Makespan: 374.25 | Actor Loss: -0.0026 | Critic Loss: 0.0819 | Grad Norm: 0.8474 | Clipped: 2/4
Epoch [1842/4000] | Avg Makespan: 364.38 | Actor Loss: -0.0036 | Critic Loss: 0.1262 | Grad Norm: 0.8963 | Clipped: 1/4
Epoch [1843/4000] | Avg Makespan: 364.12 | Actor Loss: -0.0040 | Critic Loss: 0.0763 | Grad Norm: 1.2830 | Clipped: 3/4
Epoch [1844/4000] | Avg Makespan: 365.62 | Actor Loss: -0.0002 | Critic Loss: 0.0342 | Grad Norm: 0.9982 | Clipped: 1/4
Epoch [1845/4000] | Avg Makespan: 368.75 | Actor Loss: -0.0020 | Critic Loss: 0.0979 | Grad Norm: 1.0513 | Clipped: 2/4
Epoch [1846/4000] | Avg Makespan: 374.00 | Actor Loss: -0.0035 | Critic Loss: 0.1217 | Grad Norm: 1.0689 | Clipped: 2/4
Epoch [1847/4000] | Avg Makespan: 369.62 | Actor Loss: -0.0045 | Critic Loss: 0.1519 | Grad Norm: 0.6310 | Clipped: 0/4
Epoch [1848/4000] | Avg Makespan: 374.25 | Actor Loss: -0.0018 | Critic Loss: 0.0680 | Grad Norm: 1.3102 | Clipped: 2/4
Epoch [1849/4000] | Avg Makespan: 363.00 | Actor Loss: -0.0045 | Critic Loss: 0.1407 | Grad Norm: 0.9833 | Clipped: 2/4
Epoch [1850/4000] | Avg Makespan: 368.75 | Actor Loss: -0.0009 | Critic Loss: 0.0536 | Grad Norm: 0.7664 | Clipped: 0/4
Epoch [1851/4000] | Avg Makespan: 364.25 | Actor Loss: -0.0024 | Critic Loss: 0.0216 | Grad Norm: 1.7694 | Clipped: 4/4
Epoch [1852/4000] | Avg Makespan: 383.75 | Actor Loss: 0.0003 | Critic Loss: 0.3542 | Grad Norm: 2.2860 | Clipped: 4/4
Epoch [1853/4000] | Avg Makespan: 361.75 | Actor Loss: -0.0035 | Critic Loss: 0.0735 | Grad Norm: 0.8513 | Clipped: 1/4
Epoch [1854/4000] | Avg Makespan: 373.50 | Actor Loss: -0.0026 | Critic Loss: 0.0538 | Grad Norm: 1.1784 | Clipped: 1/4
Epoch [1855/4000] | Avg Makespan: 366.00 | Actor Loss: -0.0022 | Critic Loss: 0.1215 | Grad Norm: 1.4905 | Clipped: 3/4
Epoch [1856/4000] | Avg Makespan: 365.62 | Actor Loss: -0.0033 | Critic Loss: 0.0481 | Grad Norm: 0.7686 | Clipped: 0/4
Epoch [1857/4000] | Avg Makespan: 371.25 | Actor Loss: -0.0037 | Critic Loss: 0.0684 | Grad Norm: 1.1561 | Clipped: 1/4
Epoch [1858/4000] | Avg Makespan: 366.12 | Actor Loss: -0.0017 | Critic Loss: 0.0572 | Grad Norm: 1.3996 | Clipped: 3/4
Epoch [1859/4000] | Avg Makespan: 368.25 | Actor Loss: -0.0023 | Critic Loss: 0.1172 | Grad Norm: 0.9868 | Clipped: 2/4
Epoch [1860/4000] | Avg Makespan: 363.38 | Actor Loss: -0.0046 | Critic Loss: 0.0708 | Grad Norm: 1.0151 | Clipped: 2/4
Epoch [1861/4000] | Avg Makespan: 373.50 | Actor Loss: -0.0034 | Critic Loss: 0.0579 | Grad Norm: 1.1375 | Clipped: 3/4
Epoch [1862/4000] | Avg Makespan: 368.88 | Actor Loss: -0.0035 | Critic Loss: 0.0307 | Grad Norm: 0.9311 | Clipped: 1/4
Epoch [1863/4000] | Avg Makespan: 367.38 | Actor Loss: -0.0027 | Critic Loss: 0.2006 | Grad Norm: 1.4234 | Clipped: 3/4
Epoch [1864/4000] | Avg Makespan: 370.25 | Actor Loss: -0.0025 | Critic Loss: 0.1283 | Grad Norm: 1.2899 | Clipped: 3/4
Epoch [1865/4000] | Avg Makespan: 367.75 | Actor Loss: -0.0022 | Critic Loss: 0.0434 | Grad Norm: 1.4572 | Clipped: 4/4
Epoch [1866/4000] | Avg Makespan: 372.00 | Actor Loss: -0.0040 | Critic Loss: 0.0635 | Grad Norm: 1.0994 | Clipped: 2/4
Epoch [1867/4000] | Avg Makespan: 365.50 | Actor Loss: -0.0033 | Critic Loss: 0.0587 | Grad Norm: 1.4617 | Clipped: 3/4
Epoch [1868/4000] | Avg Makespan: 365.88 | Actor Loss: -0.0036 | Critic Loss: 0.0587 | Grad Norm: 1.4691 | Clipped: 3/4
Epoch [1869/4000] | Avg Makespan: 367.38 | Actor Loss: -0.0045 | Critic Loss: 0.0452 | Grad Norm: 1.2290 | Clipped: 3/4
Epoch [1870/4000] | Avg Makespan: 368.62 | Actor Loss: -0.0029 | Critic Loss: 0.0678 | Grad Norm: 1.4493 | Clipped: 3/4
Epoch [1871/4000] | Avg Makespan: 364.38 | Actor Loss: -0.0011 | Critic Loss: 0.0394 | Grad Norm: 1.7598 | Clipped: 4/4
Epoch [1872/4000] | Avg Makespan: 376.12 | Actor Loss: -0.0028 | Critic Loss: 0.2798 | Grad Norm: 0.9586 | Clipped: 1/4
Epoch [1873/4000] | Avg Makespan: 365.12 | Actor Loss: -0.0052 | Critic Loss: 0.0783 | Grad Norm: 1.4237 | Clipped: 4/4
Epoch [1874/4000] | Avg Makespan: 360.12 | Actor Loss: -0.0014 | Critic Loss: 0.1172 | Grad Norm: 1.4616 | Clipped: 3/4
Epoch [1875/4000] | Avg Makespan: 363.38 | Actor Loss: -0.0008 | Critic Loss: 0.1149 | Grad Norm: 1.6806 | Clipped: 4/4
Epoch [1876/4000] | Avg Makespan: 362.25 | Actor Loss: -0.0042 | Critic Loss: 0.0402 | Grad Norm: 0.9758 | Clipped: 3/4
Epoch [1877/4000] | Avg Makespan: 373.00 | Actor Loss: -0.0022 | Critic Loss: 0.1235 | Grad Norm: 1.0975 | Clipped: 3/4
Epoch [1878/4000] | Avg Makespan: 358.75 | Actor Loss: -0.0043 | Critic Loss: 0.0897 | Grad Norm: 1.1285 | Clipped: 2/4
Epoch [1879/4000] | Avg Makespan: 359.88 | Actor Loss: -0.0032 | Critic Loss: 0.0206 | Grad Norm: 1.1105 | Clipped: 2/4
Epoch [1880/4000] | Avg Makespan: 363.50 | Actor Loss: -0.0046 | Critic Loss: 0.1442 | Grad Norm: 0.9493 | Clipped: 1/4
Epoch [1881/4000] | Avg Makespan: 361.25 | Actor Loss: -0.0035 | Critic Loss: 0.0806 | Grad Norm: 1.3739 | Clipped: 1/4
Epoch [1882/4000] | Avg Makespan: 368.62 | Actor Loss: -0.0031 | Critic Loss: 0.0415 | Grad Norm: 1.3583 | Clipped: 3/4
Epoch [1883/4000] | Avg Makespan: 363.25 | Actor Loss: -0.0013 | Critic Loss: 0.0843 | Grad Norm: 1.5916 | Clipped: 3/4
Epoch [1884/4000] | Avg Makespan: 364.12 | Actor Loss: 0.0012 | Critic Loss: 0.0731 | Grad Norm: 1.4684 | Clipped: 3/4
Epoch [1885/4000] | Avg Makespan: 364.00 | Actor Loss: -0.0020 | Critic Loss: 0.0540 | Grad Norm: 1.3549 | Clipped: 3/4
Epoch [1886/4000] | Avg Makespan: 362.25 | Actor Loss: -0.0053 | Critic Loss: 0.0478 | Grad Norm: 1.1914 | Clipped: 2/4
Epoch [1887/4000] | Avg Makespan: 371.62 | Actor Loss: -0.0024 | Critic Loss: 0.1500 | Grad Norm: 1.3935 | Clipped: 4/4
Epoch [1888/4000] | Avg Makespan: 370.38 | Actor Loss: -0.0024 | Critic Loss: 0.0810 | Grad Norm: 1.3345 | Clipped: 2/4
Epoch [1889/4000] | Avg Makespan: 371.00 | Actor Loss: -0.0020 | Critic Loss: 0.0496 | Grad Norm: 1.3592 | Clipped: 3/4
Epoch [1890/4000] | Avg Makespan: 369.38 | Actor Loss: -0.0034 | Critic Loss: 0.0420 | Grad Norm: 1.0519 | Clipped: 2/4
Epoch [1891/4000] | Avg Makespan: 366.12 | Actor Loss: -0.0056 | Critic Loss: 0.0534 | Grad Norm: 0.9624 | Clipped: 2/4
Epoch [1892/4000] | Avg Makespan: 378.62 | Actor Loss: -0.0026 | Critic Loss: 0.0756 | Grad Norm: 1.2014 | Clipped: 2/4
Epoch [1893/4000] | Avg Makespan: 368.00 | Actor Loss: -0.0019 | Critic Loss: 0.0859 | Grad Norm: 1.0170 | Clipped: 2/4
Epoch [1894/4000] | Avg Makespan: 361.38 | Actor Loss: -0.0024 | Critic Loss: 0.0529 | Grad Norm: 0.9564 | Clipped: 2/4
Epoch [1895/4000] | Avg Makespan: 369.12 | Actor Loss: -0.0045 | Critic Loss: 0.0491 | Grad Norm: 0.8753 | Clipped: 1/4
Epoch [1896/4000] | Avg Makespan: 354.62 | Actor Loss: -0.0046 | Critic Loss: 0.0508 | Grad Norm: 1.1000 | Clipped: 2/4
Epoch [1897/4000] | Avg Makespan: 373.00 | Actor Loss: -0.0025 | Critic Loss: 0.1552 | Grad Norm: 1.4435 | Clipped: 4/4
Epoch [1898/4000] | Avg Makespan: 372.12 | Actor Loss: -0.0014 | Critic Loss: 0.1093 | Grad Norm: 1.1315 | Clipped: 4/4
Epoch [1899/4000] | Avg Makespan: 368.00 | Actor Loss: -0.0014 | Critic Loss: 0.0356 | Grad Norm: 1.3922 | Clipped: 4/4
Epoch [1900/4000] | Avg Makespan: 362.50 | Actor Loss: -0.0018 | Critic Loss: 0.1144 | Grad Norm: 1.2902 | Clipped: 3/4
   -> Validation | Samples: 280 | Makespan: 485.86 | Invalid Jobs: 0.00 | Score: 489.43
   -> Saved new best model (Val Score mean of last 5: 495.49; this eval 489.43)
   -> Saved updated training chart to /home/wei/Desktop/AMR-DFJSP/runs/20260819_144532_v10_C_s44/chart.png
Epoch [1901/4000] | Avg Makespan: 361.38 | Actor Loss: -0.0046 | Critic Loss: 0.0326 | Grad Norm: 1.0829 | Clipped: 2/4
Epoch [1902/4000] | Avg Makespan: 370.62 | Actor Loss: -0.0006 | Critic Loss: 0.0662 | Grad Norm: 1.2528 | Clipped: 3/4
Epoch [1903/4000] | Avg Makespan: 366.00 | Actor Loss: -0.0036 | Critic Loss: 0.0621 | Grad Norm: 1.2693 | Clipped: 3/4
Epoch [1904/4000] | Avg Makespan: 359.62 | Actor Loss: -0.0032 | Critic Loss: 0.0844 | Grad Norm: 1.0182 | Clipped: 2/4
Epoch [1905/4000] | Avg Makespan: 375.75 | Actor Loss: -0.0033 | Critic Loss: 0.0911 | Grad Norm: 1.2678 | Clipped: 3/4
Epoch [1906/4000] | Avg Makespan: 371.62 | Actor Loss: -0.0011 | Critic Loss: 0.0854 | Grad Norm: 1.0474 | Clipped: 3/4
Epoch [1907/4000] | Avg Makespan: 369.25 | Actor Loss: -0.0047 | Critic Loss: 0.0678 | Grad Norm: 1.0352 | Clipped: 2/4
Epoch [1908/4000] | Avg Makespan: 376.62 | Actor Loss: -0.0022 | Critic Loss: 0.0560 | Grad Norm: 0.9099 | Clipped: 1/4
Epoch [1909/4000] | Avg Makespan: 367.75 | Actor Loss: -0.0043 | Critic Loss: 0.1409 | Grad Norm: 1.1444 | Clipped: 3/4
Epoch [1910/4000] | Avg Makespan: 356.62 | Actor Loss: -0.0024 | Critic Loss: 0.0883 | Grad Norm: 1.3355 | Clipped: 4/4
Epoch [1911/4000] | Avg Makespan: 363.38 | Actor Loss: -0.0007 | Critic Loss: 0.0408 | Grad Norm: 1.3000 | Clipped: 3/4
Epoch [1912/4000] | Avg Makespan: 367.88 | Actor Loss: -0.0033 | Critic Loss: 0.1407 | Grad Norm: 1.2522 | Clipped: 4/4
Epoch [1913/4000] | Avg Makespan: 361.38 | Actor Loss: -0.0040 | Critic Loss: 0.0981 | Grad Norm: 0.8788 | Clipped: 0/4
Epoch [1914/4000] | Avg Makespan: 369.00 | Actor Loss: -0.0034 | Critic Loss: 0.0298 | Grad Norm: 0.9637 | Clipped: 1/4
Epoch [1915/4000] | Avg Makespan: 360.38 | Actor Loss: -0.0012 | Critic Loss: 0.0736 | Grad Norm: 0.8079 | Clipped: 0/4
Epoch [1916/4000] | Avg Makespan: 373.50 | Actor Loss: -0.0016 | Critic Loss: 0.1838 | Grad Norm: 0.8580 | Clipped: 1/4
Epoch [1917/4000] | Avg Makespan: 363.75 | Actor Loss: -0.0047 | Critic Loss: 0.1007 | Grad Norm: 1.4654 | Clipped: 2/4
Epoch [1918/4000] | Avg Makespan: 367.75 | Actor Loss: -0.0035 | Critic Loss: 0.0408 | Grad Norm: 0.7846 | Clipped: 0/4
Epoch [1919/4000] | Avg Makespan: 364.62 | Actor Loss: -0.0015 | Critic Loss: 0.0604 | Grad Norm: 0.8674 | Clipped: 1/4
Epoch [1920/4000] | Avg Makespan: 370.62 | Actor Loss: -0.0033 | Critic Loss: 0.0539 | Grad Norm: 0.9325 | Clipped: 1/4
Epoch [1921/4000] | Avg Makespan: 359.12 | Actor Loss: -0.0038 | Critic Loss: 0.0325 | Grad Norm: 0.8005 | Clipped: 0/4
Epoch [1922/4000] | Avg Makespan: 369.50 | Actor Loss: -0.0024 | Critic Loss: 0.0907 | Grad Norm: 0.5997 | Clipped: 0/4
Epoch [1923/4000] | Avg Makespan: 369.00 | Actor Loss: -0.0022 | Critic Loss: 0.1083 | Grad Norm: 1.1621 | Clipped: 1/4
Epoch [1924/4000] | Avg Makespan: 369.75 | Actor Loss: -0.0036 | Critic Loss: 0.0628 | Grad Norm: 1.1575 | Clipped: 1/4
Epoch [1925/4000] | Avg Makespan: 359.88 | Actor Loss: -0.0041 | Critic Loss: 0.0371 | Grad Norm: 1.1878 | Clipped: 2/4
Epoch [1926/4000] | Avg Makespan: 363.50 | Actor Loss: -0.0026 | Critic Loss: 0.0718 | Grad Norm: 0.5552 | Clipped: 0/4
Epoch [1927/4000] | Avg Makespan: 370.88 | Actor Loss: -0.0027 | Critic Loss: 0.1327 | Grad Norm: 1.1832 | Clipped: 2/4
Epoch [1928/4000] | Avg Makespan: 361.38 | Actor Loss: -0.0035 | Critic Loss: 0.0431 | Grad Norm: 1.2021 | Clipped: 3/4
Epoch [1929/4000] | Avg Makespan: 369.00 | Actor Loss: -0.0026 | Critic Loss: 0.0893 | Grad Norm: 1.0920 | Clipped: 1/4
Epoch [1930/4000] | Avg Makespan: 374.50 | Actor Loss: -0.0059 | Critic Loss: 0.0947 | Grad Norm: 0.8252 | Clipped: 1/4
Epoch [1931/4000] | Avg Makespan: 383.38 | Actor Loss: -0.0024 | Critic Loss: 0.0633 | Grad Norm: 1.1772 | Clipped: 1/4
Epoch [1932/4000] | Avg Makespan: 376.12 | Actor Loss: -0.0043 | Critic Loss: 0.0831 | Grad Norm: 0.9483 | Clipped: 2/4
Epoch [1933/4000] | Avg Makespan: 368.75 | Actor Loss: -0.0016 | Critic Loss: 0.3841 | Grad Norm: 0.9176 | Clipped: 1/4
Epoch [1934/4000] | Avg Makespan: 368.00 | Actor Loss: -0.0039 | Critic Loss: 0.1480 | Grad Norm: 1.1605 | Clipped: 2/4
Epoch [1935/4000] | Avg Makespan: 377.38 | Actor Loss: -0.0015 | Critic Loss: 0.0911 | Grad Norm: 0.9573 | Clipped: 2/4
Epoch [1936/4000] | Avg Makespan: 369.12 | Actor Loss: -0.0037 | Critic Loss: 0.1565 | Grad Norm: 1.1408 | Clipped: 3/4
Epoch [1937/4000] | Avg Makespan: 357.38 | Actor Loss: -0.0025 | Critic Loss: 0.0648 | Grad Norm: 0.5793 | Clipped: 0/4
Epoch [1938/4000] | Avg Makespan: 374.00 | Actor Loss: -0.0052 | Critic Loss: 0.1741 | Grad Norm: 1.0260 | Clipped: 2/4
Epoch [1939/4000] | Avg Makespan: 359.00 | Actor Loss: -0.0028 | Critic Loss: 0.0501 | Grad Norm: 0.7917 | Clipped: 0/4
Epoch [1940/4000] | Avg Makespan: 370.50 | Actor Loss: -0.0043 | Critic Loss: 0.1145 | Grad Norm: 1.3510 | Clipped: 1/4
Epoch [1941/4000] | Avg Makespan: 377.12 | Actor Loss: -0.0039 | Critic Loss: 0.0765 | Grad Norm: 0.9763 | Clipped: 2/4
Epoch [1942/4000] | Avg Makespan: 368.62 | Actor Loss: -0.0034 | Critic Loss: 0.0506 | Grad Norm: 1.0885 | Clipped: 2/4
Epoch [1943/4000] | Avg Makespan: 376.25 | Actor Loss: -0.0034 | Critic Loss: 0.0435 | Grad Norm: 0.9924 | Clipped: 1/4
Epoch [1944/4000] | Avg Makespan: 370.75 | Actor Loss: -0.0047 | Critic Loss: 0.0657 | Grad Norm: 1.0726 | Clipped: 2/4
Epoch [1945/4000] | Avg Makespan: 363.88 | Actor Loss: -0.0008 | Critic Loss: 0.0781 | Grad Norm: 1.5009 | Clipped: 4/4
Epoch [1946/4000] | Avg Makespan: 365.25 | Actor Loss: -0.0023 | Critic Loss: 0.0311 | Grad Norm: 1.4121 | Clipped: 4/4
Epoch [1947/4000] | Avg Makespan: 373.62 | Actor Loss: -0.0042 | Critic Loss: 0.1298 | Grad Norm: 1.1016 | Clipped: 2/4
Epoch [1948/4000] | Avg Makespan: 368.75 | Actor Loss: -0.0026 | Critic Loss: 0.0999 | Grad Norm: 1.1845 | Clipped: 3/4
Epoch [1949/4000] | Avg Makespan: 371.38 | Actor Loss: -0.0021 | Critic Loss: 0.0652 | Grad Norm: 1.5086 | Clipped: 3/4
Epoch [1950/4000] | Avg Makespan: 368.25 | Actor Loss: -0.0019 | Critic Loss: 0.1232 | Grad Norm: 1.3306 | Clipped: 3/4
Epoch [1951/4000] | Avg Makespan: 370.88 | Actor Loss: -0.0028 | Critic Loss: 0.0906 | Grad Norm: 0.9413 | Clipped: 2/4
Epoch [1952/4000] | Avg Makespan: 368.50 | Actor Loss: -0.0030 | Critic Loss: 0.0315 | Grad Norm: 1.0556 | Clipped: 1/4
Epoch [1953/4000] | Avg Makespan: 367.62 | Actor Loss: -0.0031 | Critic Loss: 0.0999 | Grad Norm: 1.2631 | Clipped: 4/4
Epoch [1954/4000] | Avg Makespan: 366.75 | Actor Loss: -0.0033 | Critic Loss: 0.0650 | Grad Norm: 1.5725 | Clipped: 3/4
Epoch [1955/4000] | Avg Makespan: 369.50 | Actor Loss: -0.0037 | Critic Loss: 0.0471 | Grad Norm: 0.9382 | Clipped: 2/4
Epoch [1956/4000] | Avg Makespan: 369.50 | Actor Loss: -0.0039 | Critic Loss: 0.1018 | Grad Norm: 1.0455 | Clipped: 1/4
Epoch [1957/4000] | Avg Makespan: 382.75 | Actor Loss: -0.0027 | Critic Loss: 0.0687 | Grad Norm: 1.4306 | Clipped: 3/4
Epoch [1958/4000] | Avg Makespan: 358.62 | Actor Loss: -0.0033 | Critic Loss: 0.0773 | Grad Norm: 1.5420 | Clipped: 4/4
Epoch [1959/4000] | Avg Makespan: 361.75 | Actor Loss: -0.0024 | Critic Loss: 0.0923 | Grad Norm: 0.7473 | Clipped: 0/4
Epoch [1960/4000] | Avg Makespan: 367.75 | Actor Loss: -0.0024 | Critic Loss: 0.0384 | Grad Norm: 1.1771 | Clipped: 3/4
Epoch [1961/4000] | Avg Makespan: 368.12 | Actor Loss: -0.0028 | Critic Loss: 0.0964 | Grad Norm: 1.7043 | Clipped: 2/4
Epoch [1962/4000] | Avg Makespan: 365.88 | Actor Loss: -0.0029 | Critic Loss: 0.0414 | Grad Norm: 0.9827 | Clipped: 2/4
Epoch [1963/4000] | Avg Makespan: 372.38 | Actor Loss: -0.0036 | Critic Loss: 0.0932 | Grad Norm: 1.2729 | Clipped: 4/4
Epoch [1964/4000] | Avg Makespan: 367.75 | Actor Loss: -0.0002 | Critic Loss: 0.0644 | Grad Norm: 1.7014 | Clipped: 4/4
Epoch [1965/4000] | Avg Makespan: 372.25 | Actor Loss: -0.0026 | Critic Loss: 0.0362 | Grad Norm: 1.0911 | Clipped: 3/4
Epoch [1966/4000] | Avg Makespan: 371.50 | Actor Loss: -0.0022 | Critic Loss: 0.1005 | Grad Norm: 1.2989 | Clipped: 3/4
Epoch [1967/4000] | Avg Makespan: 371.12 | Actor Loss: -0.0036 | Critic Loss: 0.0960 | Grad Norm: 1.2203 | Clipped: 2/4
Epoch [1968/4000] | Avg Makespan: 360.38 | Actor Loss: -0.0025 | Critic Loss: 0.0332 | Grad Norm: 1.1557 | Clipped: 1/4
Epoch [1969/4000] | Avg Makespan: 363.25 | Actor Loss: -0.0008 | Critic Loss: 0.1629 | Grad Norm: 2.1456 | Clipped: 4/4
Epoch [1970/4000] | Avg Makespan: 368.50 | Actor Loss: -0.0015 | Critic Loss: 0.1034 | Grad Norm: 1.5730 | Clipped: 3/4
Epoch [1971/4000] | Avg Makespan: 364.62 | Actor Loss: -0.0035 | Critic Loss: 0.0790 | Grad Norm: 0.7790 | Clipped: 0/4
Epoch [1972/4000] | Avg Makespan: 355.62 | Actor Loss: -0.0016 | Critic Loss: 0.0532 | Grad Norm: 1.2167 | Clipped: 2/4
Epoch [1973/4000] | Avg Makespan: 369.12 | Actor Loss: -0.0028 | Critic Loss: 0.0437 | Grad Norm: 0.9898 | Clipped: 2/4
Epoch [1974/4000] | Avg Makespan: 372.62 | Actor Loss: -0.0028 | Critic Loss: 0.1818 | Grad Norm: 1.2647 | Clipped: 1/4
Epoch [1975/4000] | Avg Makespan: 370.88 | Actor Loss: -0.0027 | Critic Loss: 0.0672 | Grad Norm: 1.3187 | Clipped: 3/4
Epoch [1976/4000] | Avg Makespan: 368.88 | Actor Loss: -0.0022 | Critic Loss: 0.0161 | Grad Norm: 1.4919 | Clipped: 4/4
Epoch [1977/4000] | Avg Makespan: 377.00 | Actor Loss: -0.0047 | Critic Loss: 0.1075 | Grad Norm: 1.2608 | Clipped: 3/4
Epoch [1978/4000] | Avg Makespan: 366.50 | Actor Loss: 0.0004 | Critic Loss: 0.1360 | Grad Norm: 1.3056 | Clipped: 4/4
Epoch [1979/4000] | Avg Makespan: 373.12 | Actor Loss: -0.0018 | Critic Loss: 0.0432 | Grad Norm: 1.2980 | Clipped: 4/4
Epoch [1980/4000] | Avg Makespan: 368.12 | Actor Loss: -0.0023 | Critic Loss: 0.0263 | Grad Norm: 1.0870 | Clipped: 3/4
Epoch [1981/4000] | Avg Makespan: 377.00 | Actor Loss: -0.0040 | Critic Loss: 0.0808 | Grad Norm: 1.0094 | Clipped: 2/4
Epoch [1982/4000] | Avg Makespan: 362.88 | Actor Loss: 0.0000 | Critic Loss: 0.0592 | Grad Norm: 2.4171 | Clipped: 4/4
Epoch [1983/4000] | Avg Makespan: 375.00 | Actor Loss: -0.0023 | Critic Loss: 0.0566 | Grad Norm: 1.8406 | Clipped: 3/4
Epoch [1984/4000] | Avg Makespan: 365.00 | Actor Loss: -0.0033 | Critic Loss: 0.0595 | Grad Norm: 1.2545 | Clipped: 1/4
Epoch [1985/4000] | Avg Makespan: 363.38 | Actor Loss: -0.0022 | Critic Loss: 0.0521 | Grad Norm: 2.1903 | Clipped: 4/4
Epoch [1986/4000] | Avg Makespan: 366.38 | Actor Loss: -0.0031 | Critic Loss: 0.0412 | Grad Norm: 1.0958 | Clipped: 2/4
Epoch [1987/4000] | Avg Makespan: 377.12 | Actor Loss: 0.0005 | Critic Loss: 0.1421 | Grad Norm: 2.4041 | Clipped: 4/4
Epoch [1988/4000] | Avg Makespan: 365.88 | Actor Loss: -0.0019 | Critic Loss: 0.0816 | Grad Norm: 2.0969 | Clipped: 4/4
Epoch [1989/4000] | Avg Makespan: 369.25 | Actor Loss: 0.0011 | Critic Loss: 0.0446 | Grad Norm: 5.6513 | Clipped: 4/4
Epoch [1990/4000] | Avg Makespan: 375.00 | Actor Loss: -0.0045 | Critic Loss: 0.0368 | Grad Norm: 1.5517 | Clipped: 4/4
Epoch [1991/4000] | Avg Makespan: 370.50 | Actor Loss: 0.0056 | Critic Loss: 0.0468 | Grad Norm: 1.5102 | Clipped: 3/4
Epoch [1992/4000] | Avg Makespan: 370.88 | Actor Loss: 0.0012 | Critic Loss: 0.0425 | Grad Norm: 2.8763 | Clipped: 3/4
Epoch [1993/4000] | Avg Makespan: 367.50 | Actor Loss: -0.0036 | Critic Loss: 0.0583 | Grad Norm: 1.1147 | Clipped: 2/4
Epoch [1994/4000] | Avg Makespan: 363.75 | Actor Loss: -0.0007 | Critic Loss: 0.0739 | Grad Norm: 1.2738 | Clipped: 3/4
Epoch [1995/4000] | Avg Makespan: 362.00 | Actor Loss: -0.0013 | Critic Loss: 0.0469 | Grad Norm: 1.7938 | Clipped: 4/4
Epoch [1996/4000] | Avg Makespan: 379.50 | Actor Loss: -0.0017 | Critic Loss: 0.1511 | Grad Norm: 2.5025 | Clipped: 4/4
Epoch [1997/4000] | Avg Makespan: 373.62 | Actor Loss: -0.0006 | Critic Loss: 0.1185 | Grad Norm: 1.4420 | Clipped: 4/4
Epoch [1998/4000] | Avg Makespan: 379.38 | Actor Loss: 0.0043 | Critic Loss: 0.1191 | Grad Norm: 4.0777 | Clipped: 4/4
Epoch [1999/4000] | Avg Makespan: 366.88 | Actor Loss: 0.0007 | Critic Loss: 0.1192 | Grad Norm: 2.1580 | Clipped: 4/4
Epoch [2000/4000] | Avg Makespan: 379.88 | Actor Loss: 0.0011 | Critic Loss: 0.4228 | Grad Norm: 2.5752 | Clipped: 4/4
   -> Validation | Samples: 280 | Makespan: 494.64 | Invalid Jobs: 0.00 | Score: 494.64
   -> Saved updated training chart to /home/wei/Desktop/AMR-DFJSP/runs/20260819_144532_v10_C_s44/chart.png
Epoch [2001/4000] | Avg Makespan: 375.25 | Actor Loss: -0.0011 | Critic Loss: 0.0581 | Grad Norm: 2.1107 | Clipped: 4/4
Epoch [2002/4000] | Avg Makespan: 371.00 | Actor Loss: -0.0015 | Critic Loss: 0.0507 | Grad Norm: 1.1427 | Clipped: 2/4
Epoch [2003/4000] | Avg Makespan: 372.62 | Actor Loss: 0.0035 | Critic Loss: 0.0463 | Grad Norm: 2.0709 | Clipped: 3/4
Epoch [2004/4000] | Avg Makespan: 371.62 | Actor Loss: 0.0068 | Critic Loss: 0.1009 | Grad Norm: 3.9921 | Clipped: 4/4
Epoch [2005/4000] | Avg Makespan: 371.75 | Actor Loss: -0.0020 | Critic Loss: 0.1447 | Grad Norm: 7.1294 | Clipped: 3/4
Epoch [2006/4000] | Avg Makespan: 382.00 | Actor Loss: -0.0011 | Critic Loss: 0.0980 | Grad Norm: 2.1895 | Clipped: 4/4
Epoch [2007/4000] | Avg Makespan: 374.50 | Actor Loss: 0.0003 | Critic Loss: 0.0728 | Grad Norm: 2.9570 | Clipped: 4/4
Epoch [2008/4000] | Avg Makespan: 371.62 | Actor Loss: 0.0037 | Critic Loss: 0.0532 | Grad Norm: 2.0172 | Clipped: 4/4
Epoch [2009/4000] | Avg Makespan: 367.75 | Actor Loss: -0.0017 | Critic Loss: 0.0821 | Grad Norm: 1.9246 | Clipped: 3/4
Epoch [2010/4000] | Avg Makespan: 365.50 | Actor Loss: -0.0017 | Critic Loss: 0.0760 | Grad Norm: 1.0601 | Clipped: 2/4
Epoch [2011/4000] | Avg Makespan: 370.88 | Actor Loss: 0.0004 | Critic Loss: 0.0135 | Grad Norm: 2.4175 | Clipped: 4/4
Epoch [2012/4000] | Avg Makespan: 379.25 | Actor Loss: -0.0012 | Critic Loss: 0.1116 | Grad Norm: 2.2233 | Clipped: 4/4
Epoch [2013/4000] | Avg Makespan: 374.38 | Actor Loss: 0.0033 | Critic Loss: 0.1558 | Grad Norm: 2.8020 | Clipped: 4/4
Epoch [2014/4000] | Avg Makespan: 364.00 | Actor Loss: -0.0007 | Critic Loss: 0.0770 | Grad Norm: 2.6702 | Clipped: 4/4
Epoch [2015/4000] | Avg Makespan: 387.75 | Actor Loss: -0.0031 | Critic Loss: 0.2008 | Grad Norm: 1.1127 | Clipped: 3/4
Epoch [2016/4000] | Avg Makespan: 365.62 | Actor Loss: -0.0013 | Critic Loss: 0.0967 | Grad Norm: 2.3344 | Clipped: 4/4
Epoch [2017/4000] | Avg Makespan: 375.62 | Actor Loss: -0.0027 | Critic Loss: 0.0518 | Grad Norm: 2.3287 | Clipped: 3/4
Epoch [2018/4000] | Avg Makespan: 371.50 | Actor Loss: 0.0108 | Critic Loss: 0.1655 | Grad Norm: 2.8265 | Clipped: 4/4
Epoch [2019/4000] | Avg Makespan: 374.75 | Actor Loss: -0.0015 | Critic Loss: 0.1127 | Grad Norm: 1.2913 | Clipped: 2/4
Epoch [2020/4000] | Avg Makespan: 365.38 | Actor Loss: -0.0020 | Critic Loss: 0.0479 | Grad Norm: 2.0475 | Clipped: 3/4
Epoch [2021/4000] | Avg Makespan: 370.00 | Actor Loss: -0.0017 | Critic Loss: 0.1054 | Grad Norm: 1.2944 | Clipped: 3/4
Epoch [2022/4000] | Avg Makespan: 371.62 | Actor Loss: -0.0011 | Critic Loss: 0.0766 | Grad Norm: 1.3686 | Clipped: 2/4
Epoch [2023/4000] | Avg Makespan: 367.50 | Actor Loss: -0.0022 | Critic Loss: 0.0597 | Grad Norm: 2.4604 | Clipped: 4/4
Epoch [2024/4000] | Avg Makespan: 371.25 | Actor Loss: -0.0004 | Critic Loss: 0.1058 | Grad Norm: 2.6463 | Clipped: 4/4
Epoch [2025/4000] | Avg Makespan: 373.12 | Actor Loss: -0.0021 | Critic Loss: 0.0605 | Grad Norm: 1.7777 | Clipped: 4/4
Epoch [2026/4000] | Avg Makespan: 371.75 | Actor Loss: -0.0041 | Critic Loss: 0.0916 | Grad Norm: 1.6280 | Clipped: 3/4
Epoch [2027/4000] | Avg Makespan: 361.88 | Actor Loss: -0.0012 | Critic Loss: 0.0969 | Grad Norm: 1.5731 | Clipped: 3/4
Epoch [2028/4000] | Avg Makespan: 372.00 | Actor Loss: 0.0086 | Critic Loss: 0.1056 | Grad Norm: 6.3355 | Clipped: 4/4
Epoch [2029/4000] | Avg Makespan: 366.38 | Actor Loss: 0.0065 | Critic Loss: 0.1195 | Grad Norm: 2.3511 | Clipped: 4/4
Epoch [2030/4000] | Avg Makespan: 373.25 | Actor Loss: 0.0007 | Critic Loss: 0.1040 | Grad Norm: 1.9207 | Clipped: 4/4
Epoch [2031/4000] | Avg Makespan: 366.25 | Actor Loss: -0.0017 | Critic Loss: 0.0642 | Grad Norm: 1.9903 | Clipped: 4/4
Epoch [2032/4000] | Avg Makespan: 378.12 | Actor Loss: -0.0009 | Critic Loss: 0.3843 | Grad Norm: 3.4525 | Clipped: 4/4
Epoch [2033/4000] | Avg Makespan: 372.25 | Actor Loss: -0.0021 | Critic Loss: 0.0617 | Grad Norm: 1.7602 | Clipped: 4/4
Epoch [2034/4000] | Avg Makespan: 364.12 | Actor Loss: -0.0022 | Critic Loss: 0.1203 | Grad Norm: 2.3308 | Clipped: 4/4
Epoch [2035/4000] | Avg Makespan: 373.38 | Actor Loss: -0.0042 | Critic Loss: 0.1032 | Grad Norm: 1.6417 | Clipped: 4/4
Epoch [2036/4000] | Avg Makespan: 371.25 | Actor Loss: 0.0003 | Critic Loss: 0.0682 | Grad Norm: 2.7574 | Clipped: 4/4
Epoch [2037/4000] | Avg Makespan: 370.88 | Actor Loss: -0.0018 | Critic Loss: 0.1456 | Grad Norm: 1.5962 | Clipped: 4/4
Epoch [2038/4000] | Avg Makespan: 372.62 | Actor Loss: -0.0016 | Critic Loss: 0.0669 | Grad Norm: 2.0500 | Clipped: 4/4
Epoch [2039/4000] | Avg Makespan: 369.88 | Actor Loss: 0.0075 | Critic Loss: 0.0637 | Grad Norm: 7.1035 | Clipped: 4/4
Epoch [2040/4000] | Avg Makespan: 373.50 | Actor Loss: 0.0001 | Critic Loss: 0.0531 | Grad Norm: 2.4316 | Clipped: 4/4
Epoch [2041/4000] | Avg Makespan: 382.12 | Actor Loss: 0.0010 | Critic Loss: 0.1812 | Grad Norm: 4.3934 | Clipped: 4/4
Epoch [2042/4000] | Avg Makespan: 366.38 | Actor Loss: 0.0061 | Critic Loss: 0.2065 | Grad Norm: 2.6153 | Clipped: 4/4
Epoch [2043/4000] | Avg Makespan: 371.25 | Actor Loss: 0.0068 | Critic Loss: 0.0804 | Grad Norm: 3.1858 | Clipped: 4/4
Epoch [2044/4000] | Avg Makespan: 378.50 | Actor Loss: -0.0016 | Critic Loss: 0.0410 | Grad Norm: 1.8212 | Clipped: 4/4
Epoch [2045/4000] | Avg Makespan: 367.75 | Actor Loss: -0.0026 | Critic Loss: 0.0670 | Grad Norm: 1.5418 | Clipped: 4/4
Epoch [2046/4000] | Avg Makespan: 369.25 | Actor Loss: -0.0035 | Critic Loss: 0.1065 | Grad Norm: 1.0710 | Clipped: 1/4
Epoch [2047/4000] | Avg Makespan: 367.00 | Actor Loss: -0.0003 | Critic Loss: 0.0481 | Grad Norm: 2.8429 | Clipped: 4/4
Epoch [2048/4000] | Avg Makespan: 370.25 | Actor Loss: -0.0030 | Critic Loss: 0.0515 | Grad Norm: 1.7793 | Clipped: 3/4
Epoch [2049/4000] | Avg Makespan: 371.25 | Actor Loss: -0.0036 | Critic Loss: 0.2124 | Grad Norm: 1.3724 | Clipped: 2/4
Epoch [2050/4000] | Avg Makespan: 371.25 | Actor Loss: -0.0031 | Critic Loss: 0.1461 | Grad Norm: 1.5205 | Clipped: 4/4
Epoch [2051/4000] | Avg Makespan: 368.38 | Actor Loss: -0.0005 | Critic Loss: 0.1153 | Grad Norm: 2.1967 | Clipped: 4/4
Epoch [2052/4000] | Avg Makespan: 363.12 | Actor Loss: -0.0025 | Critic Loss: 0.0935 | Grad Norm: 2.3275 | Clipped: 4/4
Epoch [2053/4000] | Avg Makespan: 378.25 | Actor Loss: -0.0038 | Critic Loss: 0.1672 | Grad Norm: 3.2223 | Clipped: 4/4
Epoch [2054/4000] | Avg Makespan: 365.75 | Actor Loss: -0.0038 | Critic Loss: 0.0838 | Grad Norm: 1.2282 | Clipped: 3/4
Epoch [2055/4000] | Avg Makespan: 369.75 | Actor Loss: -0.0036 | Critic Loss: 0.0331 | Grad Norm: 1.4077 | Clipped: 3/4
Epoch [2056/4000] | Avg Makespan: 373.50 | Actor Loss: -0.0029 | Critic Loss: 0.2001 | Grad Norm: 2.3809 | Clipped: 4/4
Epoch [2057/4000] | Avg Makespan: 363.62 | Actor Loss: -0.0045 | Critic Loss: 0.0698 | Grad Norm: 1.4988 | Clipped: 4/4
Epoch [2058/4000] | Avg Makespan: 361.88 | Actor Loss: 0.0012 | Critic Loss: 0.1062 | Grad Norm: 3.2389 | Clipped: 4/4
Epoch [2059/4000] | Avg Makespan: 369.50 | Actor Loss: -0.0027 | Critic Loss: 0.0359 | Grad Norm: 1.3686 | Clipped: 4/4
Epoch [2060/4000] | Avg Makespan: 363.50 | Actor Loss: -0.0020 | Critic Loss: 0.0608 | Grad Norm: 1.6951 | Clipped: 4/4
Epoch [2061/4000] | Avg Makespan: 372.38 | Actor Loss: -0.0022 | Critic Loss: 0.0984 | Grad Norm: 2.1420 | Clipped: 4/4
Epoch [2062/4000] | Avg Makespan: 374.50 | Actor Loss: -0.0015 | Critic Loss: 0.0745 | Grad Norm: 3.2344 | Clipped: 4/4
Epoch [2063/4000] | Avg Makespan: 357.88 | Actor Loss: 0.0010 | Critic Loss: 0.1596 | Grad Norm: 2.8112 | Clipped: 4/4
Epoch [2064/4000] | Avg Makespan: 365.12 | Actor Loss: -0.0024 | Critic Loss: 0.0976 | Grad Norm: 1.8764 | Clipped: 3/4
Epoch [2065/4000] | Avg Makespan: 371.38 | Actor Loss: -0.0017 | Critic Loss: 0.0293 | Grad Norm: 1.9417 | Clipped: 4/4
Epoch [2066/4000] | Avg Makespan: 364.38 | Actor Loss: -0.0046 | Critic Loss: 0.1081 | Grad Norm: 1.3722 | Clipped: 3/4
Epoch [2067/4000] | Avg Makespan: 362.75 | Actor Loss: -0.0012 | Critic Loss: 0.1211 | Grad Norm: 1.7333 | Clipped: 4/4
Epoch [2068/4000] | Avg Makespan: 372.12 | Actor Loss: -0.0023 | Critic Loss: 0.0549 | Grad Norm: 2.1517 | Clipped: 4/4
Epoch [2069/4000] | Avg Makespan: 364.50 | Actor Loss: -0.0042 | Critic Loss: 0.0624 | Grad Norm: 1.5215 | Clipped: 3/4
Epoch [2070/4000] | Avg Makespan: 375.50 | Actor Loss: -0.0039 | Critic Loss: 0.0969 | Grad Norm: 1.3267 | Clipped: 3/4
Epoch [2071/4000] | Avg Makespan: 368.62 | Actor Loss: -0.0031 | Critic Loss: 0.1520 | Grad Norm: 1.1797 | Clipped: 3/4
Epoch [2072/4000] | Avg Makespan: 371.50 | Actor Loss: -0.0036 | Critic Loss: 0.0585 | Grad Norm: 1.2508 | Clipped: 2/4
Epoch [2073/4000] | Avg Makespan: 367.88 | Actor Loss: -0.0014 | Critic Loss: 0.0910 | Grad Norm: 1.4697 | Clipped: 2/4
Epoch [2074/4000] | Avg Makespan: 375.62 | Actor Loss: -0.0002 | Critic Loss: 0.0512 | Grad Norm: 2.2496 | Clipped: 4/4
Epoch [2075/4000] | Avg Makespan: 362.75 | Actor Loss: -0.0016 | Critic Loss: 0.0986 | Grad Norm: 1.5521 | Clipped: 4/4
Epoch [2076/4000] | Avg Makespan: 365.88 | Actor Loss: -0.0021 | Critic Loss: 0.1434 | Grad Norm: 1.4440 | Clipped: 4/4
Epoch [2077/4000] | Avg Makespan: 369.12 | Actor Loss: -0.0002 | Critic Loss: 0.1386 | Grad Norm: 1.9484 | Clipped: 4/4
Epoch [2078/4000] | Avg Makespan: 367.88 | Actor Loss: -0.0038 | Critic Loss: 0.0805 | Grad Norm: 1.1084 | Clipped: 4/4
Epoch [2079/4000] | Avg Makespan: 364.12 | Actor Loss: -0.0026 | Critic Loss: 0.0385 | Grad Norm: 1.4212 | Clipped: 4/4
Epoch [2080/4000] | Avg Makespan: 370.62 | Actor Loss: -0.0030 | Critic Loss: 0.1050 | Grad Norm: 1.1468 | Clipped: 2/4
Epoch [2081/4000] | Avg Makespan: 365.50 | Actor Loss: -0.0020 | Critic Loss: 0.0605 | Grad Norm: 0.9744 | Clipped: 1/4
Epoch [2082/4000] | Avg Makespan: 365.25 | Actor Loss: -0.0033 | Critic Loss: 0.0459 | Grad Norm: 1.2514 | Clipped: 1/4
Epoch [2083/4000] | Avg Makespan: 363.12 | Actor Loss: -0.0036 | Critic Loss: 0.0410 | Grad Norm: 1.0904 | Clipped: 2/4
Epoch [2084/4000] | Avg Makespan: 368.00 | Actor Loss: -0.0033 | Critic Loss: 0.0753 | Grad Norm: 1.0855 | Clipped: 2/4
Epoch [2085/4000] | Avg Makespan: 374.12 | Actor Loss: -0.0038 | Critic Loss: 0.0469 | Grad Norm: 0.8515 | Clipped: 1/4
Epoch [2086/4000] | Avg Makespan: 368.50 | Actor Loss: -0.0034 | Critic Loss: 0.0393 | Grad Norm: 1.1229 | Clipped: 1/4
Epoch [2087/4000] | Avg Makespan: 368.25 | Actor Loss: -0.0030 | Critic Loss: 0.0516 | Grad Norm: 0.9719 | Clipped: 1/4
Epoch [2088/4000] | Avg Makespan: 373.38 | Actor Loss: -0.0027 | Critic Loss: 0.0540 | Grad Norm: 1.1918 | Clipped: 3/4
Epoch [2089/4000] | Avg Makespan: 365.75 | Actor Loss: -0.0032 | Critic Loss: 0.0407 | Grad Norm: 2.0612 | Clipped: 4/4
Epoch [2090/4000] | Avg Makespan: 367.50 | Actor Loss: -0.0026 | Critic Loss: 0.0867 | Grad Norm: 0.7386 | Clipped: 0/4
Epoch [2091/4000] | Avg Makespan: 359.25 | Actor Loss: -0.0047 | Critic Loss: 0.0655 | Grad Norm: 1.1506 | Clipped: 3/4
Epoch [2092/4000] | Avg Makespan: 364.75 | Actor Loss: -0.0041 | Critic Loss: 0.0876 | Grad Norm: 1.2529 | Clipped: 2/4
Epoch [2093/4000] | Avg Makespan: 362.62 | Actor Loss: -0.0032 | Critic Loss: 0.0367 | Grad Norm: 1.5291 | Clipped: 4/4
Epoch [2094/4000] | Avg Makespan: 361.62 | Actor Loss: -0.0023 | Critic Loss: 0.0434 | Grad Norm: 1.2390 | Clipped: 4/4
Epoch [2095/4000] | Avg Makespan: 363.50 | Actor Loss: -0.0039 | Critic Loss: 0.0789 | Grad Norm: 0.9363 | Clipped: 1/4
Epoch [2096/4000] | Avg Makespan: 372.75 | Actor Loss: -0.0064 | Critic Loss: 0.1155 | Grad Norm: 0.9219 | Clipped: 2/4
Epoch [2097/4000] | Avg Makespan: 363.62 | Actor Loss: -0.0049 | Critic Loss: 0.0963 | Grad Norm: 1.3336 | Clipped: 2/4
Epoch [2098/4000] | Avg Makespan: 371.50 | Actor Loss: -0.0039 | Critic Loss: 0.0947 | Grad Norm: 0.9897 | Clipped: 1/4
Epoch [2099/4000] | Avg Makespan: 365.12 | Actor Loss: -0.0031 | Critic Loss: 0.0549 | Grad Norm: 1.0672 | Clipped: 1/4
Epoch [2100/4000] | Avg Makespan: 370.38 | Actor Loss: -0.0064 | Critic Loss: 0.0385 | Grad Norm: 0.8549 | Clipped: 1/4
   -> Validation | Samples: 280 | Makespan: 488.77 | Invalid Jobs: 0.00 | Score: 488.77
   -> Saved updated training chart to /home/wei/Desktop/AMR-DFJSP/runs/20260819_144532_v10_C_s44/chart.png
Epoch [2101/4000] | Avg Makespan: 369.25 | Actor Loss: -0.0031 | Critic Loss: 0.1169 | Grad Norm: 0.8476 | Clipped: 0/4
Epoch [2102/4000] | Avg Makespan: 370.38 | Actor Loss: -0.0043 | Critic Loss: 0.0888 | Grad Norm: 0.9225 | Clipped: 2/4
Epoch [2103/4000] | Avg Makespan: 368.62 | Actor Loss: -0.0024 | Critic Loss: 0.0506 | Grad Norm: 0.9153 | Clipped: 1/4
Epoch [2104/4000] | Avg Makespan: 364.75 | Actor Loss: -0.0035 | Critic Loss: 0.0843 | Grad Norm: 0.9908 | Clipped: 1/4
Epoch [2105/4000] | Avg Makespan: 376.38 | Actor Loss: -0.0034 | Critic Loss: 0.1703 | Grad Norm: 1.1600 | Clipped: 2/4
Epoch [2106/4000] | Avg Makespan: 365.12 | Actor Loss: -0.0037 | Critic Loss: 0.0587 | Grad Norm: 0.7948 | Clipped: 1/4
Epoch [2107/4000] | Avg Makespan: 369.75 | Actor Loss: -0.0041 | Critic Loss: 0.0415 | Grad Norm: 1.3512 | Clipped: 3/4
Epoch [2108/4000] | Avg Makespan: 374.12 | Actor Loss: -0.0050 | Critic Loss: 0.1180 | Grad Norm: 1.3329 | Clipped: 1/4
Epoch [2109/4000] | Avg Makespan: 360.38 | Actor Loss: -0.0012 | Critic Loss: 0.1564 | Grad Norm: 1.0206 | Clipped: 2/4
Epoch [2110/4000] | Avg Makespan: 362.88 | Actor Loss: -0.0025 | Critic Loss: 0.0517 | Grad Norm: 0.8486 | Clipped: 1/4
Epoch [2111/4000] | Avg Makespan: 365.25 | Actor Loss: -0.0042 | Critic Loss: 0.1378 | Grad Norm: 1.6509 | Clipped: 3/4
Epoch [2112/4000] | Avg Makespan: 370.38 | Actor Loss: -0.0033 | Critic Loss: 0.2589 | Grad Norm: 1.0384 | Clipped: 2/4
Epoch [2113/4000] | Avg Makespan: 377.00 | Actor Loss: -0.0048 | Critic Loss: 0.1016 | Grad Norm: 1.1149 | Clipped: 2/4
Epoch [2114/4000] | Avg Makespan: 370.75 | Actor Loss: 0.0027 | Critic Loss: 0.0933 | Grad Norm: 2.1688 | Clipped: 4/4
Epoch [2115/4000] | Avg Makespan: 363.75 | Actor Loss: 0.0024 | Critic Loss: 0.1245 | Grad Norm: 1.9530 | Clipped: 4/4
Epoch [2116/4000] | Avg Makespan: 372.12 | Actor Loss: -0.0011 | Critic Loss: 0.1126 | Grad Norm: 1.7478 | Clipped: 4/4
Epoch [2117/4000] | Avg Makespan: 371.38 | Actor Loss: -0.0028 | Critic Loss: 0.1164 | Grad Norm: 1.0354 | Clipped: 2/4
Epoch [2118/4000] | Avg Makespan: 366.12 | Actor Loss: -0.0018 | Critic Loss: 0.0697 | Grad Norm: 1.6163 | Clipped: 2/4
Epoch [2119/4000] | Avg Makespan: 375.12 | Actor Loss: -0.0021 | Critic Loss: 0.0789 | Grad Norm: 1.4825 | Clipped: 3/4
Epoch [2120/4000] | Avg Makespan: 362.88 | Actor Loss: -0.0045 | Critic Loss: 0.0553 | Grad Norm: 1.2323 | Clipped: 3/4
Epoch [2121/4000] | Avg Makespan: 366.75 | Actor Loss: -0.0040 | Critic Loss: 0.0937 | Grad Norm: 1.4941 | Clipped: 1/4
Epoch [2122/4000] | Avg Makespan: 372.62 | Actor Loss: -0.0017 | Critic Loss: 0.1240 | Grad Norm: 1.2047 | Clipped: 2/4
Epoch [2123/4000] | Avg Makespan: 358.75 | Actor Loss: -0.0005 | Critic Loss: 0.1006 | Grad Norm: 0.9349 | Clipped: 1/4
Epoch [2124/4000] | Avg Makespan: 372.62 | Actor Loss: -0.0042 | Critic Loss: 0.1253 | Grad Norm: 1.1794 | Clipped: 2/4
Epoch [2125/4000] | Avg Makespan: 369.75 | Actor Loss: -0.0048 | Critic Loss: 0.1778 | Grad Norm: 1.1227 | Clipped: 2/4
Epoch [2126/4000] | Avg Makespan: 364.38 | Actor Loss: -0.0025 | Critic Loss: 0.0582 | Grad Norm: 1.0183 | Clipped: 2/4
Epoch [2127/4000] | Avg Makespan: 367.25 | Actor Loss: -0.0026 | Critic Loss: 0.0363 | Grad Norm: 0.9669 | Clipped: 1/4
Epoch [2128/4000] | Avg Makespan: 367.88 | Actor Loss: -0.0039 | Critic Loss: 0.0379 | Grad Norm: 0.6029 | Clipped: 0/4
Epoch [2129/4000] | Avg Makespan: 366.75 | Actor Loss: -0.0027 | Critic Loss: 0.0822 | Grad Norm: 1.1228 | Clipped: 3/4
Epoch [2130/4000] | Avg Makespan: 366.00 | Actor Loss: -0.0020 | Critic Loss: 0.0372 | Grad Norm: 0.7170 | Clipped: 0/4
Epoch [2131/4000] | Avg Makespan: 362.75 | Actor Loss: -0.0043 | Critic Loss: 0.0832 | Grad Norm: 0.8087 | Clipped: 1/4
Epoch [2132/4000] | Avg Makespan: 360.50 | Actor Loss: -0.0049 | Critic Loss: 0.0575 | Grad Norm: 0.8251 | Clipped: 0/4
Epoch [2133/4000] | Avg Makespan: 370.88 | Actor Loss: -0.0031 | Critic Loss: 0.2343 | Grad Norm: 1.2070 | Clipped: 3/4
Epoch [2134/4000] | Avg Makespan: 367.25 | Actor Loss: -0.0022 | Critic Loss: 0.0650 | Grad Norm: 1.0926 | Clipped: 2/4
Epoch [2135/4000] | Avg Makespan: 360.12 | Actor Loss: -0.0035 | Critic Loss: 0.0940 | Grad Norm: 1.2195 | Clipped: 3/4
Epoch [2136/4000] | Avg Makespan: 362.62 | Actor Loss: -0.0036 | Critic Loss: 0.0505 | Grad Norm: 0.9830 | Clipped: 1/4
Epoch [2137/4000] | Avg Makespan: 370.25 | Actor Loss: -0.0035 | Critic Loss: 0.1370 | Grad Norm: 0.7159 | Clipped: 0/4
Epoch [2138/4000] | Avg Makespan: 371.00 | Actor Loss: -0.0020 | Critic Loss: 0.0751 | Grad Norm: 0.8385 | Clipped: 0/4
Epoch [2139/4000] | Avg Makespan: 360.50 | Actor Loss: -0.0035 | Critic Loss: 0.0493 | Grad Norm: 1.0444 | Clipped: 3/4
Epoch [2140/4000] | Avg Makespan: 364.75 | Actor Loss: -0.0017 | Critic Loss: 0.0826 | Grad Norm: 0.7475 | Clipped: 1/4
Epoch [2141/4000] | Avg Makespan: 360.50 | Actor Loss: -0.0039 | Critic Loss: 0.0796 | Grad Norm: 1.1129 | Clipped: 3/4
Epoch [2142/4000] | Avg Makespan: 368.25 | Actor Loss: -0.0017 | Critic Loss: 0.1193 | Grad Norm: 0.8324 | Clipped: 1/4
Epoch [2143/4000] | Avg Makespan: 361.62 | Actor Loss: -0.0025 | Critic Loss: 0.0500 | Grad Norm: 0.7386 | Clipped: 1/4
Epoch [2144/4000] | Avg Makespan: 373.25 | Actor Loss: -0.0048 | Critic Loss: 0.1446 | Grad Norm: 0.9763 | Clipped: 1/4
Epoch [2145/4000] | Avg Makespan: 371.62 | Actor Loss: -0.0016 | Critic Loss: 0.0244 | Grad Norm: 0.8425 | Clipped: 1/4
Epoch [2146/4000] | Avg Makespan: 370.88 | Actor Loss: -0.0032 | Critic Loss: 0.0412 | Grad Norm: 0.9311 | Clipped: 1/4
Epoch [2147/4000] | Avg Makespan: 365.75 | Actor Loss: -0.0027 | Critic Loss: 0.0959 | Grad Norm: 1.0349 | Clipped: 2/4
Epoch [2148/4000] | Avg Makespan: 365.62 | Actor Loss: -0.0018 | Critic Loss: 0.0501 | Grad Norm: 1.3069 | Clipped: 1/4
Epoch [2149/4000] | Avg Makespan: 366.12 | Actor Loss: -0.0030 | Critic Loss: 0.0904 | Grad Norm: 0.6242 | Clipped: 0/4
Epoch [2150/4000] | Avg Makespan: 368.50 | Actor Loss: -0.0025 | Critic Loss: 0.0742 | Grad Norm: 0.6726 | Clipped: 0/4
Epoch [2151/4000] | Avg Makespan: 364.50 | Actor Loss: -0.0055 | Critic Loss: 0.0610 | Grad Norm: 1.1169 | Clipped: 2/4
Epoch [2152/4000] | Avg Makespan: 375.00 | Actor Loss: -0.0002 | Critic Loss: 0.1692 | Grad Norm: 0.6812 | Clipped: 0/4
Epoch [2153/4000] | Avg Makespan: 367.88 | Actor Loss: -0.0033 | Critic Loss: 0.0880 | Grad Norm: 0.6232 | Clipped: 0/4
Epoch [2154/4000] | Avg Makespan: 361.38 | Actor Loss: -0.0047 | Critic Loss: 0.0711 | Grad Norm: 0.7111 | Clipped: 1/4
Epoch [2155/4000] | Avg Makespan: 370.12 | Actor Loss: -0.0035 | Critic Loss: 0.0645 | Grad Norm: 0.9159 | Clipped: 1/4
Epoch [2156/4000] | Avg Makespan: 360.25 | Actor Loss: -0.0025 | Critic Loss: 0.0560 | Grad Norm: 0.6868 | Clipped: 0/4
Epoch [2157/4000] | Avg Makespan: 364.62 | Actor Loss: -0.0021 | Critic Loss: 0.1022 | Grad Norm: 0.9185 | Clipped: 2/4
Epoch [2158/4000] | Avg Makespan: 369.00 | Actor Loss: -0.0033 | Critic Loss: 0.0891 | Grad Norm: 0.9424 | Clipped: 1/4
Epoch [2159/4000] | Avg Makespan: 376.75 | Actor Loss: -0.0046 | Critic Loss: 0.1030 | Grad Norm: 1.0827 | Clipped: 2/4
Epoch [2160/4000] | Avg Makespan: 368.88 | Actor Loss: -0.0053 | Critic Loss: 0.0946 | Grad Norm: 0.7693 | Clipped: 0/4
Epoch [2161/4000] | Avg Makespan: 368.88 | Actor Loss: -0.0022 | Critic Loss: 0.1505 | Grad Norm: 1.0217 | Clipped: 1/4
Epoch [2162/4000] | Avg Makespan: 369.50 | Actor Loss: -0.0017 | Critic Loss: 0.2339 | Grad Norm: 0.9913 | Clipped: 1/4
Epoch [2163/4000] | Avg Makespan: 383.00 | Actor Loss: -0.0034 | Critic Loss: 0.2031 | Grad Norm: 1.3694 | Clipped: 2/4
Epoch [2164/4000] | Avg Makespan: 377.88 | Actor Loss: -0.0017 | Critic Loss: 0.1980 | Grad Norm: 0.8180 | Clipped: 0/4
Epoch [2165/4000] | Avg Makespan: 367.25 | Actor Loss: -0.0020 | Critic Loss: 0.1572 | Grad Norm: 1.0458 | Clipped: 1/4
Epoch [2166/4000] | Avg Makespan: 359.25 | Actor Loss: -0.0036 | Critic Loss: 0.1071 | Grad Norm: 1.1221 | Clipped: 2/4
Epoch [2167/4000] | Avg Makespan: 363.12 | Actor Loss: -0.0025 | Critic Loss: 0.0609 | Grad Norm: 1.0573 | Clipped: 2/4
Epoch [2168/4000] | Avg Makespan: 373.38 | Actor Loss: -0.0025 | Critic Loss: 0.1761 | Grad Norm: 1.3880 | Clipped: 4/4
Epoch [2169/4000] | Avg Makespan: 369.25 | Actor Loss: -0.0020 | Critic Loss: 0.0761 | Grad Norm: 0.6716 | Clipped: 0/4
Epoch [2170/4000] | Avg Makespan: 373.50 | Actor Loss: -0.0034 | Critic Loss: 0.0872 | Grad Norm: 1.1388 | Clipped: 1/4
Epoch [2171/4000] | Avg Makespan: 368.75 | Actor Loss: -0.0024 | Critic Loss: 0.0689 | Grad Norm: 0.8393 | Clipped: 0/4
Epoch [2172/4000] | Avg Makespan: 369.38 | Actor Loss: -0.0027 | Critic Loss: 0.0770 | Grad Norm: 0.8943 | Clipped: 1/4
Epoch [2173/4000] | Avg Makespan: 362.88 | Actor Loss: -0.0025 | Critic Loss: 0.0879 | Grad Norm: 1.1552 | Clipped: 1/4
Epoch [2174/4000] | Avg Makespan: 357.62 | Actor Loss: -0.0033 | Critic Loss: 0.1191 | Grad Norm: 0.7904 | Clipped: 0/4
Epoch [2175/4000] | Avg Makespan: 368.88 | Actor Loss: -0.0029 | Critic Loss: 0.1608 | Grad Norm: 1.0433 | Clipped: 1/4
Epoch [2176/4000] | Avg Makespan: 367.62 | Actor Loss: -0.0022 | Critic Loss: 0.1636 | Grad Norm: 0.8972 | Clipped: 1/4
Epoch [2177/4000] | Avg Makespan: 358.12 | Actor Loss: -0.0026 | Critic Loss: 0.0392 | Grad Norm: 1.5419 | Clipped: 2/4
Epoch [2178/4000] | Avg Makespan: 362.12 | Actor Loss: -0.0019 | Critic Loss: 0.0533 | Grad Norm: 0.8596 | Clipped: 1/4
Epoch [2179/4000] | Avg Makespan: 360.75 | Actor Loss: -0.0024 | Critic Loss: 0.0345 | Grad Norm: 0.9880 | Clipped: 2/4
Epoch [2180/4000] | Avg Makespan: 362.75 | Actor Loss: -0.0020 | Critic Loss: 0.0740 | Grad Norm: 1.1713 | Clipped: 3/4
Epoch [2181/4000] | Avg Makespan: 364.25 | Actor Loss: -0.0020 | Critic Loss: 0.0274 | Grad Norm: 1.4250 | Clipped: 3/4
Epoch [2182/4000] | Avg Makespan: 355.88 | Actor Loss: -0.0020 | Critic Loss: 0.0453 | Grad Norm: 0.7428 | Clipped: 1/4
Epoch [2183/4000] | Avg Makespan: 365.88 | Actor Loss: -0.0030 | Critic Loss: 0.0838 | Grad Norm: 1.1012 | Clipped: 2/4
Epoch [2184/4000] | Avg Makespan: 361.50 | Actor Loss: -0.0018 | Critic Loss: 0.0729 | Grad Norm: 1.2108 | Clipped: 3/4
Epoch [2185/4000] | Avg Makespan: 366.25 | Actor Loss: -0.0023 | Critic Loss: 0.0600 | Grad Norm: 1.0180 | Clipped: 2/4
Epoch [2186/4000] | Avg Makespan: 364.62 | Actor Loss: -0.0017 | Critic Loss: 0.0479 | Grad Norm: 0.8060 | Clipped: 0/4
Epoch [2187/4000] | Avg Makespan: 362.50 | Actor Loss: -0.0032 | Critic Loss: 0.0753 | Grad Norm: 0.5627 | Clipped: 0/4
Epoch [2188/4000] | Avg Makespan: 376.00 | Actor Loss: -0.0045 | Critic Loss: 0.1125 | Grad Norm: 1.4162 | Clipped: 3/4
Epoch [2189/4000] | Avg Makespan: 371.50 | Actor Loss: -0.0005 | Critic Loss: 0.0676 | Grad Norm: 1.3231 | Clipped: 1/4
Epoch [2190/4000] | Avg Makespan: 366.50 | Actor Loss: -0.0010 | Critic Loss: 0.0681 | Grad Norm: 0.9589 | Clipped: 2/4
Epoch [2191/4000] | Avg Makespan: 363.12 | Actor Loss: -0.0023 | Critic Loss: 0.0640 | Grad Norm: 0.8948 | Clipped: 2/4
Epoch [2192/4000] | Avg Makespan: 368.25 | Actor Loss: -0.0022 | Critic Loss: 0.0618 | Grad Norm: 0.9108 | Clipped: 1/4
Epoch [2193/4000] | Avg Makespan: 371.38 | Actor Loss: -0.0015 | Critic Loss: 0.0864 | Grad Norm: 1.9139 | Clipped: 2/4
Epoch [2194/4000] | Avg Makespan: 367.12 | Actor Loss: -0.0015 | Critic Loss: 0.0225 | Grad Norm: 1.0268 | Clipped: 2/4
Epoch [2195/4000] | Avg Makespan: 374.62 | Actor Loss: -0.0023 | Critic Loss: 0.0559 | Grad Norm: 1.1043 | Clipped: 2/4
Epoch [2196/4000] | Avg Makespan: 363.38 | Actor Loss: -0.0064 | Critic Loss: 0.0285 | Grad Norm: 0.9625 | Clipped: 1/4
Epoch [2197/4000] | Avg Makespan: 372.50 | Actor Loss: -0.0014 | Critic Loss: 0.0870 | Grad Norm: 0.5633 | Clipped: 0/4
Epoch [2198/4000] | Avg Makespan: 367.12 | Actor Loss: -0.0017 | Critic Loss: 0.0682 | Grad Norm: 1.0174 | Clipped: 1/4
Epoch [2199/4000] | Avg Makespan: 374.38 | Actor Loss: -0.0041 | Critic Loss: 0.1338 | Grad Norm: 0.9877 | Clipped: 3/4
Epoch [2200/4000] | Avg Makespan: 374.62 | Actor Loss: -0.0024 | Critic Loss: 0.0805 | Grad Norm: 0.7628 | Clipped: 1/4
   -> Validation | Samples: 280 | Makespan: 473.95 | Invalid Jobs: 0.01 | Score: 481.10
   -> Saved new best model (Val Score mean of last 5: 491.38; this eval 481.10)
   -> Saved updated training chart to /home/wei/Desktop/AMR-DFJSP/runs/20260819_144532_v10_C_s44/chart.png
Epoch [2201/4000] | Avg Makespan: 369.62 | Actor Loss: -0.0012 | Critic Loss: 0.1112 | Grad Norm: 1.1311 | Clipped: 2/4
Epoch [2202/4000] | Avg Makespan: 374.62 | Actor Loss: -0.0015 | Critic Loss: 0.0689 | Grad Norm: 0.7288 | Clipped: 1/4
Epoch [2203/4000] | Avg Makespan: 370.50 | Actor Loss: -0.0027 | Critic Loss: 0.1286 | Grad Norm: 0.9284 | Clipped: 1/4
Epoch [2204/4000] | Avg Makespan: 369.62 | Actor Loss: -0.0031 | Critic Loss: 0.0641 | Grad Norm: 0.6866 | Clipped: 0/4
Epoch [2205/4000] | Avg Makespan: 360.62 | Actor Loss: -0.0036 | Critic Loss: 0.0729 | Grad Norm: 0.7139 | Clipped: 0/4
Epoch [2206/4000] | Avg Makespan: 361.62 | Actor Loss: -0.0034 | Critic Loss: 0.1337 | Grad Norm: 0.9234 | Clipped: 1/4
Epoch [2207/4000] | Avg Makespan: 370.75 | Actor Loss: -0.0029 | Critic Loss: 0.0985 | Grad Norm: 1.1709 | Clipped: 2/4
Epoch [2208/4000] | Avg Makespan: 367.88 | Actor Loss: -0.0023 | Critic Loss: 0.0760 | Grad Norm: 1.2359 | Clipped: 2/4
Epoch [2209/4000] | Avg Makespan: 374.75 | Actor Loss: -0.0031 | Critic Loss: 0.1114 | Grad Norm: 0.9781 | Clipped: 2/4
Epoch [2210/4000] | Avg Makespan: 371.38 | Actor Loss: -0.0023 | Critic Loss: 0.0918 | Grad Norm: 0.7441 | Clipped: 0/4
Epoch [2211/4000] | Avg Makespan: 367.75 | Actor Loss: -0.0027 | Critic Loss: 0.0490 | Grad Norm: 0.9477 | Clipped: 1/4
Epoch [2212/4000] | Avg Makespan: 374.75 | Actor Loss: -0.0015 | Critic Loss: 0.4812 | Grad Norm: 1.8123 | Clipped: 4/4
Epoch [2213/4000] | Avg Makespan: 366.12 | Actor Loss: -0.0034 | Critic Loss: 0.0947 | Grad Norm: 0.8598 | Clipped: 1/4
Epoch [2214/4000] | Avg Makespan: 362.50 | Actor Loss: -0.0021 | Critic Loss: 0.0839 | Grad Norm: 0.8234 | Clipped: 1/4
Epoch [2215/4000] | Avg Makespan: 363.62 | Actor Loss: -0.0044 | Critic Loss: 0.0653 | Grad Norm: 1.4483 | Clipped: 3/4
Epoch [2216/4000] | Avg Makespan: 367.75 | Actor Loss: -0.0015 | Critic Loss: 0.0664 | Grad Norm: 0.8970 | Clipped: 1/4
Epoch [2217/4000] | Avg Makespan: 374.38 | Actor Loss: -0.0024 | Critic Loss: 0.1068 | Grad Norm: 1.0878 | Clipped: 2/4
Epoch [2218/4000] | Avg Makespan: 360.75 | Actor Loss: -0.0024 | Critic Loss: 0.0698 | Grad Norm: 0.9995 | Clipped: 2/4
Epoch [2219/4000] | Avg Makespan: 365.38 | Actor Loss: -0.0030 | Critic Loss: 0.1664 | Grad Norm: 1.2682 | Clipped: 2/4
Epoch [2220/4000] | Avg Makespan: 363.12 | Actor Loss: -0.0015 | Critic Loss: 0.1215 | Grad Norm: 0.9490 | Clipped: 2/4
Epoch [2221/4000] | Avg Makespan: 370.25 | Actor Loss: -0.0025 | Critic Loss: 0.2161 | Grad Norm: 1.1522 | Clipped: 3/4
Epoch [2222/4000] | Avg Makespan: 375.88 | Actor Loss: -0.0007 | Critic Loss: 0.0992 | Grad Norm: 0.9845 | Clipped: 1/4
Epoch [2223/4000] | Avg Makespan: 371.50 | Actor Loss: -0.0021 | Critic Loss: 0.0957 | Grad Norm: 1.3145 | Clipped: 3/4
Epoch [2224/4000] | Avg Makespan: 376.62 | Actor Loss: -0.0035 | Critic Loss: 0.0622 | Grad Norm: 0.8604 | Clipped: 1/4
Epoch [2225/4000] | Avg Makespan: 366.12 | Actor Loss: -0.0041 | Critic Loss: 0.1693 | Grad Norm: 1.7139 | Clipped: 3/4
Epoch [2226/4000] | Avg Makespan: 372.00 | Actor Loss: -0.0027 | Critic Loss: 0.0662 | Grad Norm: 0.7441 | Clipped: 0/4
Epoch [2227/4000] | Avg Makespan: 365.38 | Actor Loss: -0.0023 | Critic Loss: 0.1307 | Grad Norm: 0.7766 | Clipped: 1/4
Epoch [2228/4000] | Avg Makespan: 361.00 | Actor Loss: -0.0036 | Critic Loss: 0.0496 | Grad Norm: 0.7050 | Clipped: 0/4
Epoch [2229/4000] | Avg Makespan: 375.00 | Actor Loss: -0.0028 | Critic Loss: 0.2466 | Grad Norm: 1.2597 | Clipped: 4/4
Epoch [2230/4000] | Avg Makespan: 371.38 | Actor Loss: -0.0026 | Critic Loss: 0.0901 | Grad Norm: 1.3623 | Clipped: 4/4
Epoch [2231/4000] | Avg Makespan: 372.50 | Actor Loss: -0.0029 | Critic Loss: 0.1385 | Grad Norm: 1.2461 | Clipped: 4/4
Epoch [2232/4000] | Avg Makespan: 363.38 | Actor Loss: -0.0037 | Critic Loss: 0.0838 | Grad Norm: 1.1634 | Clipped: 3/4
Epoch [2233/4000] | Avg Makespan: 360.12 | Actor Loss: -0.0040 | Critic Loss: 0.0712 | Grad Norm: 1.1088 | Clipped: 3/4
Epoch [2234/4000] | Avg Makespan: 362.75 | Actor Loss: -0.0025 | Critic Loss: 0.0225 | Grad Norm: 1.6340 | Clipped: 3/4
Epoch [2235/4000] | Avg Makespan: 373.62 | Actor Loss: -0.0013 | Critic Loss: 0.1236 | Grad Norm: 1.8841 | Clipped: 4/4
Epoch [2236/4000] | Avg Makespan: 359.50 | Actor Loss: -0.0052 | Critic Loss: 0.0724 | Grad Norm: 1.2383 | Clipped: 3/4
Epoch [2237/4000] | Avg Makespan: 361.25 | Actor Loss: -0.0045 | Critic Loss: 0.0563 | Grad Norm: 1.5903 | Clipped: 4/4
Epoch [2238/4000] | Avg Makespan: 381.62 | Actor Loss: -0.0019 | Critic Loss: 0.6363 | Grad Norm: 1.1628 | Clipped: 2/4
Epoch [2239/4000] | Avg Makespan: 355.75 | Actor Loss: -0.0062 | Critic Loss: 0.1414 | Grad Norm: 1.6307 | Clipped: 3/4
Epoch [2240/4000] | Avg Makespan: 359.12 | Actor Loss: -0.0020 | Critic Loss: 0.0860 | Grad Norm: 1.6741 | Clipped: 4/4
Epoch [2241/4000] | Avg Makespan: 372.12 | Actor Loss: 0.0019 | Critic Loss: 0.1560 | Grad Norm: 5.0116 | Clipped: 4/4
Epoch [2242/4000] | Avg Makespan: 367.50 | Actor Loss: -0.0034 | Critic Loss: 0.0591 | Grad Norm: 0.8423 | Clipped: 0/4
Epoch [2243/4000] | Avg Makespan: 366.38 | Actor Loss: -0.0012 | Critic Loss: 0.0648 | Grad Norm: 2.1171 | Clipped: 4/4
Epoch [2244/4000] | Avg Makespan: 374.75 | Actor Loss: -0.0026 | Critic Loss: 0.0620 | Grad Norm: 2.0465 | Clipped: 3/4
Epoch [2245/4000] | Avg Makespan: 368.88 | Actor Loss: -0.0020 | Critic Loss: 0.2615 | Grad Norm: 1.4713 | Clipped: 4/4
Epoch [2246/4000] | Avg Makespan: 374.25 | Actor Loss: -0.0028 | Critic Loss: 0.0686 | Grad Norm: 2.1306 | Clipped: 4/4
Epoch [2247/4000] | Avg Makespan: 370.12 | Actor Loss: -0.0026 | Critic Loss: 0.0569 | Grad Norm: 1.9020 | Clipped: 4/4
Epoch [2248/4000] | Avg Makespan: 372.62 | Actor Loss: 0.0017 | Critic Loss: 0.1870 | Grad Norm: 3.9635 | Clipped: 3/4
Epoch [2249/4000] | Avg Makespan: 371.38 | Actor Loss: 0.0007 | Critic Loss: 0.0689 | Grad Norm: 1.3104 | Clipped: 4/4
Epoch [2250/4000] | Avg Makespan: 368.50 | Actor Loss: -0.0026 | Critic Loss: 0.0885 | Grad Norm: 1.6560 | Clipped: 4/4
Epoch [2251/4000] | Avg Makespan: 367.75 | Actor Loss: -0.0018 | Critic Loss: 0.0314 | Grad Norm: 1.3566 | Clipped: 4/4
Epoch [2252/4000] | Avg Makespan: 368.00 | Actor Loss: -0.0018 | Critic Loss: 0.0714 | Grad Norm: 1.3770 | Clipped: 3/4
Epoch [2253/4000] | Avg Makespan: 370.25 | Actor Loss: -0.0018 | Critic Loss: 0.0387 | Grad Norm: 1.6542 | Clipped: 4/4
Epoch [2254/4000] | Avg Makespan: 368.75 | Actor Loss: -0.0031 | Critic Loss: 0.1475 | Grad Norm: 1.3085 | Clipped: 3/4
Epoch [2255/4000] | Avg Makespan: 370.12 | Actor Loss: -0.0026 | Critic Loss: 0.0567 | Grad Norm: 1.8097 | Clipped: 4/4
Epoch [2256/4000] | Avg Makespan: 370.50 | Actor Loss: -0.0033 | Critic Loss: 0.1817 | Grad Norm: 1.4228 | Clipped: 4/4
Epoch [2257/4000] | Avg Makespan: 364.50 | Actor Loss: -0.0009 | Critic Loss: 0.0516 | Grad Norm: 1.6408 | Clipped: 4/4
Epoch [2258/4000] | Avg Makespan: 364.62 | Actor Loss: -0.0051 | Critic Loss: 0.1780 | Grad Norm: 1.3209 | Clipped: 3/4
Epoch [2259/4000] | Avg Makespan: 363.25 | Actor Loss: -0.0047 | Critic Loss: 0.1023 | Grad Norm: 1.6587 | Clipped: 2/4
Epoch [2260/4000] | Avg Makespan: 370.50 | Actor Loss: -0.0033 | Critic Loss: 0.0759 | Grad Norm: 1.6832 | Clipped: 3/4
Epoch [2261/4000] | Avg Makespan: 368.00 | Actor Loss: -0.0022 | Critic Loss: 0.0582 | Grad Norm: 0.8572 | Clipped: 1/4
Epoch [2262/4000] | Avg Makespan: 367.88 | Actor Loss: -0.0027 | Critic Loss: 0.0606 | Grad Norm: 2.1027 | Clipped: 4/4
Epoch [2263/4000] | Avg Makespan: 367.75 | Actor Loss: -0.0050 | Critic Loss: 0.1171 | Grad Norm: 1.6739 | Clipped: 4/4
Epoch [2264/4000] | Avg Makespan: 370.88 | Actor Loss: -0.0006 | Critic Loss: 0.0778 | Grad Norm: 2.3221 | Clipped: 4/4
Epoch [2265/4000] | Avg Makespan: 364.12 | Actor Loss: -0.0026 | Critic Loss: 0.0831 | Grad Norm: 2.2106 | Clipped: 4/4
Epoch [2266/4000] | Avg Makespan: 369.88 | Actor Loss: -0.0053 | Critic Loss: 0.1494 | Grad Norm: 1.4612 | Clipped: 4/4
Epoch [2267/4000] | Avg Makespan: 361.12 | Actor Loss: -0.0060 | Critic Loss: 0.0704 | Grad Norm: 1.6127 | Clipped: 4/4
Epoch [2268/4000] | Avg Makespan: 374.88 | Actor Loss: -0.0006 | Critic Loss: 0.0892 | Grad Norm: 1.7180 | Clipped: 3/4
Epoch [2269/4000] | Avg Makespan: 361.25 | Actor Loss: -0.0007 | Critic Loss: 0.0739 | Grad Norm: 2.1092 | Clipped: 4/4
Epoch [2270/4000] | Avg Makespan: 354.00 | Actor Loss: -0.0016 | Critic Loss: 0.0705 | Grad Norm: 4.2215 | Clipped: 4/4
Epoch [2271/4000] | Avg Makespan: 367.38 | Actor Loss: -0.0046 | Critic Loss: 0.1105 | Grad Norm: 2.0643 | Clipped: 4/4
Epoch [2272/4000] | Avg Makespan: 361.25 | Actor Loss: -0.0082 | Critic Loss: 0.1426 | Grad Norm: 1.7923 | Clipped: 2/4
Epoch [2273/4000] | Avg Makespan: 368.00 | Actor Loss: -0.0020 | Critic Loss: 0.1506 | Grad Norm: 1.6200 | Clipped: 3/4
Epoch [2274/4000] | Avg Makespan: 364.00 | Actor Loss: -0.0032 | Critic Loss: 0.0863 | Grad Norm: 1.6027 | Clipped: 3/4
Epoch [2275/4000] | Avg Makespan: 368.75 | Actor Loss: -0.0028 | Critic Loss: 0.0864 | Grad Norm: 1.2108 | Clipped: 4/4
Epoch [2276/4000] | Avg Makespan: 364.38 | Actor Loss: -0.0018 | Critic Loss: 0.0279 | Grad Norm: 1.6509 | Clipped: 4/4
Epoch [2277/4000] | Avg Makespan: 367.88 | Actor Loss: -0.0036 | Critic Loss: 0.1059 | Grad Norm: 1.9823 | Clipped: 4/4
Epoch [2278/4000] | Avg Makespan: 363.75 | Actor Loss: -0.0017 | Critic Loss: 0.1804 | Grad Norm: 1.1054 | Clipped: 2/4
Epoch [2279/4000] | Avg Makespan: 368.88 | Actor Loss: -0.0008 | Critic Loss: 0.0596 | Grad Norm: 2.5632 | Clipped: 4/4
Epoch [2280/4000] | Avg Makespan: 358.25 | Actor Loss: -0.0011 | Critic Loss: 0.0800 | Grad Norm: 2.1662 | Clipped: 4/4
Epoch [2281/4000] | Avg Makespan: 376.50 | Actor Loss: -0.0035 | Critic Loss: 0.1040 | Grad Norm: 2.1696 | Clipped: 4/4
Epoch [2282/4000] | Avg Makespan: 368.25 | Actor Loss: -0.0058 | Critic Loss: 0.1233 | Grad Norm: 1.7949 | Clipped: 3/4
Epoch [2283/4000] | Avg Makespan: 367.25 | Actor Loss: -0.0027 | Critic Loss: 0.0765 | Grad Norm: 1.3162 | Clipped: 3/4
Epoch [2284/4000] | Avg Makespan: 363.75 | Actor Loss: -0.0025 | Critic Loss: 0.0671 | Grad Norm: 1.5166 | Clipped: 4/4
Epoch [2285/4000] | Avg Makespan: 368.75 | Actor Loss: -0.0014 | Critic Loss: 0.1042 | Grad Norm: 1.7344 | Clipped: 4/4
Epoch [2286/4000] | Avg Makespan: 371.12 | Actor Loss: -0.0029 | Critic Loss: 0.1038 | Grad Norm: 1.9685 | Clipped: 4/4
Epoch [2287/4000] | Avg Makespan: 373.00 | Actor Loss: -0.0060 | Critic Loss: 0.1001 | Grad Norm: 1.4716 | Clipped: 2/4
Epoch [2288/4000] | Avg Makespan: 368.75 | Actor Loss: -0.0008 | Critic Loss: 0.0911 | Grad Norm: 1.6248 | Clipped: 4/4
Epoch [2289/4000] | Avg Makespan: 379.88 | Actor Loss: -0.0021 | Critic Loss: 0.2995 | Grad Norm: 2.0643 | Clipped: 4/4
Epoch [2290/4000] | Avg Makespan: 361.75 | Actor Loss: -0.0014 | Critic Loss: 0.1793 | Grad Norm: 1.8073 | Clipped: 4/4
Epoch [2291/4000] | Avg Makespan: 365.62 | Actor Loss: -0.0041 | Critic Loss: 0.0989 | Grad Norm: 1.6862 | Clipped: 4/4
Epoch [2292/4000] | Avg Makespan: 362.38 | Actor Loss: -0.0032 | Critic Loss: 0.1748 | Grad Norm: 1.3570 | Clipped: 4/4
Epoch [2293/4000] | Avg Makespan: 363.50 | Actor Loss: -0.0028 | Critic Loss: 0.0439 | Grad Norm: 1.1075 | Clipped: 3/4
Epoch [2294/4000] | Avg Makespan: 361.38 | Actor Loss: -0.0034 | Critic Loss: 0.0795 | Grad Norm: 1.2918 | Clipped: 4/4
Epoch [2295/4000] | Avg Makespan: 370.88 | Actor Loss: -0.0008 | Critic Loss: 0.1794 | Grad Norm: 1.7801 | Clipped: 4/4
Epoch [2296/4000] | Avg Makespan: 367.00 | Actor Loss: -0.0028 | Critic Loss: 0.0508 | Grad Norm: 1.4194 | Clipped: 3/4
Epoch [2297/4000] | Avg Makespan: 364.38 | Actor Loss: -0.0021 | Critic Loss: 0.0651 | Grad Norm: 1.3949 | Clipped: 4/4
Epoch [2298/4000] | Avg Makespan: 376.38 | Actor Loss: -0.0037 | Critic Loss: 0.4802 | Grad Norm: 1.0214 | Clipped: 2/4
Epoch [2299/4000] | Avg Makespan: 364.12 | Actor Loss: -0.0021 | Critic Loss: 0.0599 | Grad Norm: 1.2826 | Clipped: 3/4
Epoch [2300/4000] | Avg Makespan: 356.38 | Actor Loss: -0.0019 | Critic Loss: 0.0787 | Grad Norm: 1.7885 | Clipped: 4/4
   -> Validation | Samples: 280 | Makespan: 479.09 | Invalid Jobs: 0.00 | Score: 479.09
   -> Saved new best model (Val Score mean of last 5: 486.60; this eval 479.09)
   -> Saved updated training chart to /home/wei/Desktop/AMR-DFJSP/runs/20260819_144532_v10_C_s44/chart.png
Epoch [2301/4000] | Avg Makespan: 368.50 | Actor Loss: -0.0013 | Critic Loss: 0.0750 | Grad Norm: 1.4330 | Clipped: 3/4
Epoch [2302/4000] | Avg Makespan: 362.25 | Actor Loss: -0.0018 | Critic Loss: 0.0287 | Grad Norm: 1.5418 | Clipped: 3/4
Epoch [2303/4000] | Avg Makespan: 359.12 | Actor Loss: -0.0022 | Critic Loss: 0.0547 | Grad Norm: 0.8627 | Clipped: 1/4
Epoch [2304/4000] | Avg Makespan: 365.00 | Actor Loss: -0.0039 | Critic Loss: 0.0708 | Grad Norm: 0.9967 | Clipped: 2/4
Epoch [2305/4000] | Avg Makespan: 363.50 | Actor Loss: -0.0034 | Critic Loss: 0.0467 | Grad Norm: 1.1665 | Clipped: 4/4
Epoch [2306/4000] | Avg Makespan: 367.25 | Actor Loss: -0.0023 | Critic Loss: 0.1019 | Grad Norm: 1.5408 | Clipped: 3/4
Epoch [2307/4000] | Avg Makespan: 368.75 | Actor Loss: -0.0042 | Critic Loss: 0.1088 | Grad Norm: 1.2499 | Clipped: 4/4
Epoch [2308/4000] | Avg Makespan: 359.62 | Actor Loss: -0.0029 | Critic Loss: 0.0438 | Grad Norm: 1.4165 | Clipped: 4/4
Epoch [2309/4000] | Avg Makespan: 364.62 | Actor Loss: -0.0034 | Critic Loss: 0.1449 | Grad Norm: 1.4658 | Clipped: 2/4
Epoch [2310/4000] | Avg Makespan: 365.62 | Actor Loss: -0.0001 | Critic Loss: 0.0331 | Grad Norm: 2.1484 | Clipped: 4/4
Epoch [2311/4000] | Avg Makespan: 360.75 | Actor Loss: -0.0018 | Critic Loss: 0.0381 | Grad Norm: 1.9197 | Clipped: 4/4
Epoch [2312/4000] | Avg Makespan: 362.75 | Actor Loss: -0.0024 | Critic Loss: 0.0632 | Grad Norm: 2.4336 | Clipped: 4/4
Epoch [2313/4000] | Avg Makespan: 372.50 | Actor Loss: -0.0013 | Critic Loss: 0.1246 | Grad Norm: 2.0623 | Clipped: 4/4
Epoch [2314/4000] | Avg Makespan: 367.75 | Actor Loss: -0.0018 | Critic Loss: 0.1102 | Grad Norm: 1.1747 | Clipped: 3/4
Epoch [2315/4000] | Avg Makespan: 362.25 | Actor Loss: -0.0029 | Critic Loss: 0.0917 | Grad Norm: 2.1563 | Clipped: 4/4
Epoch [2316/4000] | Avg Makespan: 356.00 | Actor Loss: -0.0037 | Critic Loss: 0.1046 | Grad Norm: 1.7644 | Clipped: 4/4
Epoch [2317/4000] | Avg Makespan: 363.12 | Actor Loss: -0.0040 | Critic Loss: 0.1680 | Grad Norm: 1.1911 | Clipped: 4/4
Epoch [2318/4000] | Avg Makespan: 367.00 | Actor Loss: -0.0008 | Critic Loss: 0.1177 | Grad Norm: 1.3808 | Clipped: 3/4
Epoch [2319/4000] | Avg Makespan: 370.62 | Actor Loss: -0.0011 | Critic Loss: 0.0587 | Grad Norm: 3.6567 | Clipped: 4/4
Epoch [2320/4000] | Avg Makespan: 368.00 | Actor Loss: -0.0016 | Critic Loss: 0.0500 | Grad Norm: 1.8501 | Clipped: 4/4
Epoch [2321/4000] | Avg Makespan: 365.12 | Actor Loss: -0.0027 | Critic Loss: 0.0679 | Grad Norm: 1.5608 | Clipped: 4/4
Epoch [2322/4000] | Avg Makespan: 364.62 | Actor Loss: -0.0036 | Critic Loss: 0.0490 | Grad Norm: 2.3289 | Clipped: 4/4
Epoch [2323/4000] | Avg Makespan: 358.00 | Actor Loss: -0.0030 | Critic Loss: 0.0727 | Grad Norm: 1.9093 | Clipped: 4/4
Epoch [2324/4000] | Avg Makespan: 365.38 | Actor Loss: -0.0011 | Critic Loss: 0.0555 | Grad Norm: 1.7430 | Clipped: 4/4
Epoch [2325/4000] | Avg Makespan: 368.50 | Actor Loss: -0.0000 | Critic Loss: 0.1068 | Grad Norm: 1.8354 | Clipped: 4/4
Epoch [2326/4000] | Avg Makespan: 360.50 | Actor Loss: -0.0022 | Critic Loss: 0.0759 | Grad Norm: 1.5208 | Clipped: 3/4
Epoch [2327/4000] | Avg Makespan: 368.12 | Actor Loss: -0.0022 | Critic Loss: 0.0761 | Grad Norm: 1.0347 | Clipped: 3/4
Epoch [2328/4000] | Avg Makespan: 365.25 | Actor Loss: -0.0025 | Critic Loss: 0.1301 | Grad Norm: 1.7684 | Clipped: 4/4
Epoch [2329/4000] | Avg Makespan: 372.75 | Actor Loss: -0.0038 | Critic Loss: 0.1180 | Grad Norm: 1.7603 | Clipped: 3/4
Epoch [2330/4000] | Avg Makespan: 367.62 | Actor Loss: -0.0015 | Critic Loss: 0.0522 | Grad Norm: 1.3839 | Clipped: 4/4
Epoch [2331/4000] | Avg Makespan: 371.00 | Actor Loss: -0.0025 | Critic Loss: 0.0310 | Grad Norm: 0.8818 | Clipped: 0/4
Epoch [2332/4000] | Avg Makespan: 370.25 | Actor Loss: -0.0025 | Critic Loss: 0.0695 | Grad Norm: 1.0704 | Clipped: 3/4
Epoch [2333/4000] | Avg Makespan: 362.75 | Actor Loss: -0.0015 | Critic Loss: 0.0563 | Grad Norm: 1.4093 | Clipped: 3/4
Epoch [2334/4000] | Avg Makespan: 364.25 | Actor Loss: -0.0041 | Critic Loss: 0.1041 | Grad Norm: 1.5587 | Clipped: 3/4
Epoch [2335/4000] | Avg Makespan: 361.75 | Actor Loss: -0.0040 | Critic Loss: 0.0401 | Grad Norm: 2.0997 | Clipped: 4/4
Epoch [2336/4000] | Avg Makespan: 360.75 | Actor Loss: -0.0026 | Critic Loss: 0.0328 | Grad Norm: 1.1530 | Clipped: 4/4
Epoch [2337/4000] | Avg Makespan: 364.75 | Actor Loss: -0.0026 | Critic Loss: 0.0619 | Grad Norm: 2.1558 | Clipped: 4/4
Epoch [2338/4000] | Avg Makespan: 367.88 | Actor Loss: -0.0041 | Critic Loss: 0.1047 | Grad Norm: 1.6866 | Clipped: 3/4
Epoch [2339/4000] | Avg Makespan: 371.00 | Actor Loss: -0.0023 | Critic Loss: 0.2266 | Grad Norm: 1.8518 | Clipped: 4/4
Epoch [2340/4000] | Avg Makespan: 369.50 | Actor Loss: -0.0010 | Critic Loss: 0.0748 | Grad Norm: 1.2270 | Clipped: 3/4
Epoch [2341/4000] | Avg Makespan: 361.50 | Actor Loss: -0.0008 | Critic Loss: 0.1309 | Grad Norm: 2.1582 | Clipped: 4/4
Epoch [2342/4000] | Avg Makespan: 361.62 | Actor Loss: -0.0026 | Critic Loss: 0.0685 | Grad Norm: 1.7224 | Clipped: 4/4
Epoch [2343/4000] | Avg Makespan: 359.75 | Actor Loss: -0.0020 | Critic Loss: 0.0670 | Grad Norm: 1.7748 | Clipped: 4/4
Epoch [2344/4000] | Avg Makespan: 367.00 | Actor Loss: 0.0013 | Critic Loss: 0.0901 | Grad Norm: 1.8932 | Clipped: 4/4
Epoch [2345/4000] | Avg Makespan: 365.25 | Actor Loss: -0.0007 | Critic Loss: 0.0616 | Grad Norm: 1.8355 | Clipped: 4/4
Epoch [2346/4000] | Avg Makespan: 362.00 | Actor Loss: -0.0017 | Critic Loss: 0.0692 | Grad Norm: 1.4004 | Clipped: 4/4
Epoch [2347/4000] | Avg Makespan: 361.88 | Actor Loss: -0.0017 | Critic Loss: 0.0694 | Grad Norm: 2.4424 | Clipped: 4/4
Epoch [2348/4000] | Avg Makespan: 353.75 | Actor Loss: -0.0024 | Critic Loss: 0.1295 | Grad Norm: 1.5619 | Clipped: 4/4
Epoch [2349/4000] | Avg Makespan: 357.25 | Actor Loss: -0.0019 | Critic Loss: 0.0426 | Grad Norm: 1.8171 | Clipped: 4/4
Epoch [2350/4000] | Avg Makespan: 366.50 | Actor Loss: -0.0021 | Critic Loss: 0.1507 | Grad Norm: 1.7287 | Clipped: 3/4
Epoch [2351/4000] | Avg Makespan: 364.25 | Actor Loss: -0.0035 | Critic Loss: 0.0659 | Grad Norm: 1.2447 | Clipped: 2/4
Epoch [2352/4000] | Avg Makespan: 353.25 | Actor Loss: -0.0017 | Critic Loss: 0.0920 | Grad Norm: 1.8203 | Clipped: 3/4
Epoch [2353/4000] | Avg Makespan: 371.75 | Actor Loss: -0.0037 | Critic Loss: 0.2503 | Grad Norm: 0.9697 | Clipped: 1/4
Epoch [2354/4000] | Avg Makespan: 366.88 | Actor Loss: -0.0026 | Critic Loss: 0.0706 | Grad Norm: 1.4258 | Clipped: 3/4
Epoch [2355/4000] | Avg Makespan: 362.75 | Actor Loss: -0.0036 | Critic Loss: 0.1122 | Grad Norm: 1.4804 | Clipped: 4/4
Epoch [2356/4000] | Avg Makespan: 367.25 | Actor Loss: -0.0031 | Critic Loss: 0.0456 | Grad Norm: 0.9335 | Clipped: 2/4
Epoch [2357/4000] | Avg Makespan: 365.50 | Actor Loss: -0.0027 | Critic Loss: 0.0173 | Grad Norm: 1.0554 | Clipped: 2/4
Epoch [2358/4000] | Avg Makespan: 368.00 | Actor Loss: -0.0036 | Critic Loss: 0.0875 | Grad Norm: 1.3294 | Clipped: 4/4
Epoch [2359/4000] | Avg Makespan: 371.25 | Actor Loss: -0.0046 | Critic Loss: 0.0918 | Grad Norm: 1.7349 | Clipped: 4/4
Epoch [2360/4000] | Avg Makespan: 371.75 | Actor Loss: -0.0025 | Critic Loss: 0.1175 | Grad Norm: 1.0642 | Clipped: 2/4
Epoch [2361/4000] | Avg Makespan: 368.12 | Actor Loss: -0.0029 | Critic Loss: 0.1994 | Grad Norm: 1.5356 | Clipped: 4/4
Epoch [2362/4000] | Avg Makespan: 365.75 | Actor Loss: -0.0031 | Critic Loss: 0.1275 | Grad Norm: 1.9456 | Clipped: 4/4
Epoch [2363/4000] | Avg Makespan: 366.50 | Actor Loss: -0.0039 | Critic Loss: 0.0700 | Grad Norm: 1.7214 | Clipped: 4/4
Epoch [2364/4000] | Avg Makespan: 356.62 | Actor Loss: -0.0016 | Critic Loss: 0.2020 | Grad Norm: 1.2016 | Clipped: 4/4
Epoch [2365/4000] | Avg Makespan: 367.88 | Actor Loss: -0.0036 | Critic Loss: 0.0997 | Grad Norm: 1.2665 | Clipped: 2/4
Epoch [2366/4000] | Avg Makespan: 365.50 | Actor Loss: -0.0024 | Critic Loss: 0.0894 | Grad Norm: 1.2212 | Clipped: 3/4
Epoch [2367/4000] | Avg Makespan: 366.62 | Actor Loss: -0.0026 | Critic Loss: 0.0537 | Grad Norm: 1.1258 | Clipped: 1/4
Epoch [2368/4000] | Avg Makespan: 364.12 | Actor Loss: -0.0020 | Critic Loss: 0.0678 | Grad Norm: 0.9539 | Clipped: 2/4
Epoch [2369/4000] | Avg Makespan: 369.88 | Actor Loss: -0.0041 | Critic Loss: 0.1830 | Grad Norm: 1.3917 | Clipped: 3/4
Epoch [2370/4000] | Avg Makespan: 369.38 | Actor Loss: -0.0020 | Critic Loss: 0.0981 | Grad Norm: 0.7387 | Clipped: 0/4
Epoch [2371/4000] | Avg Makespan: 366.25 | Actor Loss: -0.0027 | Critic Loss: 0.1118 | Grad Norm: 1.5061 | Clipped: 3/4
Epoch [2372/4000] | Avg Makespan: 358.88 | Actor Loss: -0.0026 | Critic Loss: 0.1363 | Grad Norm: 1.0514 | Clipped: 2/4
Epoch [2373/4000] | Avg Makespan: 368.88 | Actor Loss: -0.0023 | Critic Loss: 0.0675 | Grad Norm: 0.6335 | Clipped: 0/4
Epoch [2374/4000] | Avg Makespan: 363.62 | Actor Loss: -0.0016 | Critic Loss: 0.0405 | Grad Norm: 1.1564 | Clipped: 3/4
Epoch [2375/4000] | Avg Makespan: 366.88 | Actor Loss: -0.0027 | Critic Loss: 0.1562 | Grad Norm: 1.1220 | Clipped: 3/4
Epoch [2376/4000] | Avg Makespan: 363.62 | Actor Loss: -0.0040 | Critic Loss: 0.0935 | Grad Norm: 1.7454 | Clipped: 4/4
Epoch [2377/4000] | Avg Makespan: 370.00 | Actor Loss: -0.0022 | Critic Loss: 0.0979 | Grad Norm: 1.6421 | Clipped: 4/4
Epoch [2378/4000] | Avg Makespan: 367.88 | Actor Loss: -0.0012 | Critic Loss: 0.0541 | Grad Norm: 1.4254 | Clipped: 3/4
Epoch [2379/4000] | Avg Makespan: 365.62 | Actor Loss: -0.0030 | Critic Loss: 0.1407 | Grad Norm: 1.5491 | Clipped: 3/4
Epoch [2380/4000] | Avg Makespan: 352.00 | Actor Loss: -0.0036 | Critic Loss: 0.3255 | Grad Norm: 1.9777 | Clipped: 4/4
Epoch [2381/4000] | Avg Makespan: 362.88 | Actor Loss: -0.0030 | Critic Loss: 0.1255 | Grad Norm: 1.7101 | Clipped: 2/4
Epoch [2382/4000] | Avg Makespan: 361.00 | Actor Loss: -0.0016 | Critic Loss: 0.1895 | Grad Norm: 1.6946 | Clipped: 4/4
Epoch [2383/4000] | Avg Makespan: 371.00 | Actor Loss: -0.0031 | Critic Loss: 0.1002 | Grad Norm: 1.1801 | Clipped: 2/4
Epoch [2384/4000] | Avg Makespan: 373.25 | Actor Loss: -0.0023 | Critic Loss: 0.1607 | Grad Norm: 1.0977 | Clipped: 1/4
Epoch [2385/4000] | Avg Makespan: 361.62 | Actor Loss: -0.0033 | Critic Loss: 0.0388 | Grad Norm: 1.2374 | Clipped: 2/4
Epoch [2386/4000] | Avg Makespan: 365.38 | Actor Loss: -0.0037 | Critic Loss: 0.1093 | Grad Norm: 0.6711 | Clipped: 0/4
Epoch [2387/4000] | Avg Makespan: 361.50 | Actor Loss: -0.0024 | Critic Loss: 0.1200 | Grad Norm: 0.8587 | Clipped: 1/4
Epoch [2388/4000] | Avg Makespan: 360.88 | Actor Loss: -0.0045 | Critic Loss: 0.0585 | Grad Norm: 1.8081 | Clipped: 4/4
Epoch [2389/4000] | Avg Makespan: 363.38 | Actor Loss: -0.0048 | Critic Loss: 0.0496 | Grad Norm: 1.2824 | Clipped: 2/4
Epoch [2390/4000] | Avg Makespan: 359.88 | Actor Loss: -0.0026 | Critic Loss: 0.0672 | Grad Norm: 1.1063 | Clipped: 3/4
Epoch [2391/4000] | Avg Makespan: 362.00 | Actor Loss: -0.0019 | Critic Loss: 0.0847 | Grad Norm: 2.0564 | Clipped: 4/4
Epoch [2392/4000] | Avg Makespan: 362.62 | Actor Loss: -0.0043 | Critic Loss: 0.0751 | Grad Norm: 0.9069 | Clipped: 1/4
Epoch [2393/4000] | Avg Makespan: 356.75 | Actor Loss: -0.0023 | Critic Loss: 0.0311 | Grad Norm: 1.4521 | Clipped: 4/4
Epoch [2394/4000] | Avg Makespan: 349.62 | Actor Loss: -0.0011 | Critic Loss: 0.0744 | Grad Norm: 1.4246 | Clipped: 3/4
Epoch [2395/4000] | Avg Makespan: 365.50 | Actor Loss: -0.0022 | Critic Loss: 0.1587 | Grad Norm: 1.3512 | Clipped: 4/4
Epoch [2396/4000] | Avg Makespan: 360.62 | Actor Loss: -0.0038 | Critic Loss: 0.0672 | Grad Norm: 1.1309 | Clipped: 2/4
Epoch [2397/4000] | Avg Makespan: 375.75 | Actor Loss: -0.0012 | Critic Loss: 0.1157 | Grad Norm: 1.2234 | Clipped: 4/4
Epoch [2398/4000] | Avg Makespan: 358.75 | Actor Loss: -0.0029 | Critic Loss: 0.0855 | Grad Norm: 1.6878 | Clipped: 4/4
Epoch [2399/4000] | Avg Makespan: 356.75 | Actor Loss: -0.0028 | Critic Loss: 0.1430 | Grad Norm: 1.5686 | Clipped: 4/4
Epoch [2400/4000] | Avg Makespan: 355.62 | Actor Loss: 0.0005 | Critic Loss: 0.0614 | Grad Norm: 2.4823 | Clipped: 4/4
   -> Validation | Samples: 280 | Makespan: 480.21 | Invalid Jobs: 0.01 | Score: 487.35
   -> Saved new best model (Val Score mean of last 5: 486.19; this eval 487.35)
   -> Saved updated training chart to /home/wei/Desktop/AMR-DFJSP/runs/20260819_144532_v10_C_s44/chart.png
Epoch [2401/4000] | Avg Makespan: 364.88 | Actor Loss: 0.0006 | Critic Loss: 0.0582 | Grad Norm: 1.5864 | Clipped: 4/4
Epoch [2402/4000] | Avg Makespan: 361.62 | Actor Loss: -0.0015 | Critic Loss: 0.0394 | Grad Norm: 2.0450 | Clipped: 4/4
Epoch [2403/4000] | Avg Makespan: 361.50 | Actor Loss: -0.0041 | Critic Loss: 0.0443 | Grad Norm: 1.5125 | Clipped: 4/4
Epoch [2404/4000] | Avg Makespan: 365.38 | Actor Loss: -0.0036 | Critic Loss: 0.1000 | Grad Norm: 1.4193 | Clipped: 4/4
Epoch [2405/4000] | Avg Makespan: 355.25 | Actor Loss: -0.0023 | Critic Loss: 0.0358 | Grad Norm: 1.7453 | Clipped: 4/4
Epoch [2406/4000] | Avg Makespan: 368.88 | Actor Loss: -0.0031 | Critic Loss: 0.1146 | Grad Norm: 1.1335 | Clipped: 2/4
Epoch [2407/4000] | Avg Makespan: 360.75 | Actor Loss: -0.0046 | Critic Loss: 0.0984 | Grad Norm: 0.9836 | Clipped: 2/4
Epoch [2408/4000] | Avg Makespan: 370.88 | Actor Loss: -0.0004 | Critic Loss: 0.0975 | Grad Norm: 1.5114 | Clipped: 4/4
Epoch [2409/4000] | Avg Makespan: 348.62 | Actor Loss: -0.0001 | Critic Loss: 0.1939 | Grad Norm: 1.5105 | Clipped: 4/4
Epoch [2410/4000] | Avg Makespan: 353.75 | Actor Loss: -0.0010 | Critic Loss: 0.0689 | Grad Norm: 1.4436 | Clipped: 4/4
Epoch [2411/4000] | Avg Makespan: 374.75 | Actor Loss: -0.0036 | Critic Loss: 0.6206 | Grad Norm: 1.4024 | Clipped: 4/4
Epoch [2412/4000] | Avg Makespan: 363.50 | Actor Loss: -0.0037 | Critic Loss: 0.0626 | Grad Norm: 1.5772 | Clipped: 2/4
Epoch [2413/4000] | Avg Makespan: 358.12 | Actor Loss: -0.0025 | Critic Loss: 0.0656 | Grad Norm: 1.1897 | Clipped: 3/4
Epoch [2414/4000] | Avg Makespan: 354.12 | Actor Loss: -0.0047 | Critic Loss: 0.0582 | Grad Norm: 1.3212 | Clipped: 4/4
Epoch [2415/4000] | Avg Makespan: 367.50 | Actor Loss: -0.0032 | Critic Loss: 0.0895 | Grad Norm: 1.6475 | Clipped: 3/4
Epoch [2416/4000] | Avg Makespan: 353.50 | Actor Loss: -0.0032 | Critic Loss: 0.0876 | Grad Norm: 2.1126 | Clipped: 3/4
Epoch [2417/4000] | Avg Makespan: 362.88 | Actor Loss: -0.0011 | Critic Loss: 0.0582 | Grad Norm: 2.0717 | Clipped: 4/4
Epoch [2418/4000] | Avg Makespan: 359.25 | Actor Loss: -0.0027 | Critic Loss: 0.0564 | Grad Norm: 1.7529 | Clipped: 4/4
Epoch [2419/4000] | Avg Makespan: 372.88 | Actor Loss: -0.0030 | Critic Loss: 0.7141 | Grad Norm: 1.4327 | Clipped: 4/4
Epoch [2420/4000] | Avg Makespan: 355.50 | Actor Loss: -0.0029 | Critic Loss: 0.0590 | Grad Norm: 1.2062 | Clipped: 3/4
Epoch [2421/4000] | Avg Makespan: 361.12 | Actor Loss: -0.0046 | Critic Loss: 0.0922 | Grad Norm: 1.3849 | Clipped: 2/4
Epoch [2422/4000] | Avg Makespan: 354.62 | Actor Loss: -0.0037 | Critic Loss: 0.0878 | Grad Norm: 1.3992 | Clipped: 4/4
Epoch [2423/4000] | Avg Makespan: 356.25 | Actor Loss: -0.0045 | Critic Loss: 0.0852 | Grad Norm: 1.0880 | Clipped: 2/4
Epoch [2424/4000] | Avg Makespan: 369.62 | Actor Loss: -0.0031 | Critic Loss: 0.1992 | Grad Norm: 1.4906 | Clipped: 4/4
Epoch [2425/4000] | Avg Makespan: 370.12 | Actor Loss: -0.0025 | Critic Loss: 0.1952 | Grad Norm: 1.9086 | Clipped: 4/4
Epoch [2426/4000] | Avg Makespan: 363.38 | Actor Loss: -0.0023 | Critic Loss: 0.0666 | Grad Norm: 1.5687 | Clipped: 2/4
Epoch [2427/4000] | Avg Makespan: 353.62 | Actor Loss: -0.0038 | Critic Loss: 0.0745 | Grad Norm: 1.3287 | Clipped: 3/4
Epoch [2428/4000] | Avg Makespan: 372.50 | Actor Loss: -0.0015 | Critic Loss: 0.1152 | Grad Norm: 1.5193 | Clipped: 3/4
Epoch [2429/4000] | Avg Makespan: 366.62 | Actor Loss: -0.0047 | Critic Loss: 0.0792 | Grad Norm: 1.4918 | Clipped: 3/4
Epoch [2430/4000] | Avg Makespan: 362.62 | Actor Loss: -0.0012 | Critic Loss: 0.1429 | Grad Norm: 1.7364 | Clipped: 4/4
Epoch [2431/4000] | Avg Makespan: 360.12 | Actor Loss: -0.0028 | Critic Loss: 0.0393 | Grad Norm: 1.5437 | Clipped: 4/4
Epoch [2432/4000] | Avg Makespan: 369.00 | Actor Loss: -0.0017 | Critic Loss: 0.1751 | Grad Norm: 2.3096 | Clipped: 4/4
Epoch [2433/4000] | Avg Makespan: 369.12 | Actor Loss: -0.0035 | Critic Loss: 0.0276 | Grad Norm: 1.0764 | Clipped: 1/4
Epoch [2434/4000] | Avg Makespan: 367.25 | Actor Loss: -0.0018 | Critic Loss: 0.0996 | Grad Norm: 1.1420 | Clipped: 2/4
Epoch [2435/4000] | Avg Makespan: 361.38 | Actor Loss: -0.0034 | Critic Loss: 0.1133 | Grad Norm: 0.8426 | Clipped: 2/4
Epoch [2436/4000] | Avg Makespan: 367.38 | Actor Loss: -0.0045 | Critic Loss: 0.1344 | Grad Norm: 1.0065 | Clipped: 2/4
Epoch [2437/4000] | Avg Makespan: 377.25 | Actor Loss: -0.0034 | Critic Loss: 0.1826 | Grad Norm: 1.4127 | Clipped: 3/4
Epoch [2438/4000] | Avg Makespan: 370.75 | Actor Loss: -0.0035 | Critic Loss: 0.1125 | Grad Norm: 0.9809 | Clipped: 2/4
Epoch [2439/4000] | Avg Makespan: 363.38 | Actor Loss: -0.0028 | Critic Loss: 0.0738 | Grad Norm: 1.4013 | Clipped: 3/4
Epoch [2440/4000] | Avg Makespan: 356.75 | Actor Loss: -0.0047 | Critic Loss: 0.1873 | Grad Norm: 1.5782 | Clipped: 4/4
Epoch [2441/4000] | Avg Makespan: 368.00 | Actor Loss: -0.0026 | Critic Loss: 0.2020 | Grad Norm: 1.1550 | Clipped: 3/4
Epoch [2442/4000] | Avg Makespan: 364.38 | Actor Loss: -0.0040 | Critic Loss: 0.0751 | Grad Norm: 0.8726 | Clipped: 1/4
Epoch [2443/4000] | Avg Makespan: 363.62 | Actor Loss: -0.0042 | Critic Loss: 0.0893 | Grad Norm: 1.2483 | Clipped: 3/4
Epoch [2444/4000] | Avg Makespan: 360.00 | Actor Loss: -0.0060 | Critic Loss: 0.1372 | Grad Norm: 1.4048 | Clipped: 4/4
Epoch [2445/4000] | Avg Makespan: 363.75 | Actor Loss: -0.0021 | Critic Loss: 0.0276 | Grad Norm: 1.2280 | Clipped: 3/4
Epoch [2446/4000] | Avg Makespan: 364.25 | Actor Loss: -0.0039 | Critic Loss: 0.1152 | Grad Norm: 1.2175 | Clipped: 4/4
Epoch [2447/4000] | Avg Makespan: 358.75 | Actor Loss: -0.0040 | Critic Loss: 0.0733 | Grad Norm: 1.0303 | Clipped: 3/4
Epoch [2448/4000] | Avg Makespan: 362.50 | Actor Loss: -0.0025 | Critic Loss: 0.0586 | Grad Norm: 1.1958 | Clipped: 1/4
Epoch [2449/4000] | Avg Makespan: 371.88 | Actor Loss: -0.0044 | Critic Loss: 0.1571 | Grad Norm: 1.2652 | Clipped: 4/4
Epoch [2450/4000] | Avg Makespan: 369.00 | Actor Loss: -0.0056 | Critic Loss: 0.0590 | Grad Norm: 1.6938 | Clipped: 3/4
Epoch [2451/4000] | Avg Makespan: 382.12 | Actor Loss: -0.0041 | Critic Loss: 0.5646 | Grad Norm: 1.2267 | Clipped: 3/4
Epoch [2452/4000] | Avg Makespan: 379.25 | Actor Loss: -0.0046 | Critic Loss: 0.2601 | Grad Norm: 1.6166 | Clipped: 3/4
Epoch [2453/4000] | Avg Makespan: 371.88 | Actor Loss: -0.0031 | Critic Loss: 0.1388 | Grad Norm: 1.3310 | Clipped: 4/4
Epoch [2454/4000] | Avg Makespan: 371.12 | Actor Loss: -0.0024 | Critic Loss: 0.1356 | Grad Norm: 1.7150 | Clipped: 4/4
Epoch [2455/4000] | Avg Makespan: 384.12 | Actor Loss: -0.0037 | Critic Loss: 0.1836 | Grad Norm: 1.6503 | Clipped: 4/4
Epoch [2456/4000] | Avg Makespan: 370.25 | Actor Loss: -0.0044 | Critic Loss: 0.1517 | Grad Norm: 1.2842 | Clipped: 3/4
Epoch [2457/4000] | Avg Makespan: 376.62 | Actor Loss: -0.0054 | Critic Loss: 0.1013 | Grad Norm: 1.1542 | Clipped: 3/4
Epoch [2458/4000] | Avg Makespan: 367.50 | Actor Loss: -0.0045 | Critic Loss: 0.1299 | Grad Norm: 1.0470 | Clipped: 3/4
Epoch [2459/4000] | Avg Makespan: 370.75 | Actor Loss: -0.0040 | Critic Loss: 0.0885 | Grad Norm: 1.3258 | Clipped: 3/4
Epoch [2460/4000] | Avg Makespan: 372.12 | Actor Loss: -0.0016 | Critic Loss: 0.1595 | Grad Norm: 1.3191 | Clipped: 4/4
Epoch [2461/4000] | Avg Makespan: 371.00 | Actor Loss: -0.0044 | Critic Loss: 0.2246 | Grad Norm: 1.0148 | Clipped: 3/4
Epoch [2462/4000] | Avg Makespan: 363.75 | Actor Loss: -0.0034 | Critic Loss: 0.0675 | Grad Norm: 1.3709 | Clipped: 3/4
Epoch [2463/4000] | Avg Makespan: 362.12 | Actor Loss: -0.0034 | Critic Loss: 0.0893 | Grad Norm: 1.0627 | Clipped: 2/4
Epoch [2464/4000] | Avg Makespan: 366.62 | Actor Loss: -0.0019 | Critic Loss: 0.1989 | Grad Norm: 1.5101 | Clipped: 4/4
Epoch [2465/4000] | Avg Makespan: 365.75 | Actor Loss: -0.0020 | Critic Loss: 0.0923 | Grad Norm: 1.1326 | Clipped: 2/4
Epoch [2466/4000] | Avg Makespan: 365.88 | Actor Loss: -0.0036 | Critic Loss: 0.1376 | Grad Norm: 0.9517 | Clipped: 1/4
Epoch [2467/4000] | Avg Makespan: 364.62 | Actor Loss: -0.0029 | Critic Loss: 0.0636 | Grad Norm: 1.1202 | Clipped: 3/4
Epoch [2468/4000] | Avg Makespan: 358.88 | Actor Loss: -0.0028 | Critic Loss: 0.0954 | Grad Norm: 2.1875 | Clipped: 4/4
Epoch [2469/4000] | Avg Makespan: 360.50 | Actor Loss: -0.0014 | Critic Loss: 0.0925 | Grad Norm: 1.9646 | Clipped: 4/4
Epoch [2470/4000] | Avg Makespan: 365.88 | Actor Loss: -0.0037 | Critic Loss: 0.0784 | Grad Norm: 0.7147 | Clipped: 0/4
Epoch [2471/4000] | Avg Makespan: 360.75 | Actor Loss: -0.0023 | Critic Loss: 0.0516 | Grad Norm: 1.4676 | Clipped: 4/4
Epoch [2472/4000] | Avg Makespan: 364.50 | Actor Loss: -0.0047 | Critic Loss: 0.0686 | Grad Norm: 1.1396 | Clipped: 3/4
Epoch [2473/4000] | Avg Makespan: 356.38 | Actor Loss: -0.0032 | Critic Loss: 0.1325 | Grad Norm: 2.0185 | Clipped: 4/4
Epoch [2474/4000] | Avg Makespan: 361.62 | Actor Loss: -0.0030 | Critic Loss: 0.0509 | Grad Norm: 2.0182 | Clipped: 3/4
Epoch [2475/4000] | Avg Makespan: 369.12 | Actor Loss: -0.0048 | Critic Loss: 0.1315 | Grad Norm: 2.5705 | Clipped: 4/4
Epoch [2476/4000] | Avg Makespan: 358.12 | Actor Loss: -0.0017 | Critic Loss: 0.0666 | Grad Norm: 2.2506 | Clipped: 3/4
Epoch [2477/4000] | Avg Makespan: 360.50 | Actor Loss: -0.0028 | Critic Loss: 0.0964 | Grad Norm: 1.0197 | Clipped: 3/4
Epoch [2478/4000] | Avg Makespan: 351.00 | Actor Loss: -0.0027 | Critic Loss: 0.1139 | Grad Norm: 1.1870 | Clipped: 4/4
Epoch [2479/4000] | Avg Makespan: 363.75 | Actor Loss: -0.0024 | Critic Loss: 0.0754 | Grad Norm: 1.6960 | Clipped: 4/4
Epoch [2480/4000] | Avg Makespan: 352.88 | Actor Loss: -0.0041 | Critic Loss: 0.0504 | Grad Norm: 1.3083 | Clipped: 2/4
Epoch [2481/4000] | Avg Makespan: 362.12 | Actor Loss: -0.0032 | Critic Loss: 0.0767 | Grad Norm: 1.4375 | Clipped: 4/4
Epoch [2482/4000] | Avg Makespan: 355.62 | Actor Loss: -0.0029 | Critic Loss: 0.0830 | Grad Norm: 1.3675 | Clipped: 4/4
Epoch [2483/4000] | Avg Makespan: 348.00 | Actor Loss: -0.0025 | Critic Loss: 0.0772 | Grad Norm: 1.6283 | Clipped: 4/4
Epoch [2484/4000] | Avg Makespan: 352.25 | Actor Loss: -0.0048 | Critic Loss: 0.0677 | Grad Norm: 1.8818 | Clipped: 4/4
Epoch [2485/4000] | Avg Makespan: 351.75 | Actor Loss: -0.0031 | Critic Loss: 0.0366 | Grad Norm: 1.0993 | Clipped: 3/4
Epoch [2486/4000] | Avg Makespan: 355.12 | Actor Loss: -0.0038 | Critic Loss: 0.0494 | Grad Norm: 1.1166 | Clipped: 2/4
Epoch [2487/4000] | Avg Makespan: 357.25 | Actor Loss: -0.0020 | Critic Loss: 0.0732 | Grad Norm: 1.5079 | Clipped: 4/4
Epoch [2488/4000] | Avg Makespan: 353.75 | Actor Loss: -0.0054 | Critic Loss: 0.0468 | Grad Norm: 1.3336 | Clipped: 4/4
Epoch [2489/4000] | Avg Makespan: 360.75 | Actor Loss: -0.0042 | Critic Loss: 0.1350 | Grad Norm: 0.9824 | Clipped: 3/4
Epoch [2490/4000] | Avg Makespan: 362.25 | Actor Loss: -0.0025 | Critic Loss: 0.0867 | Grad Norm: 1.4153 | Clipped: 3/4
Epoch [2491/4000] | Avg Makespan: 359.38 | Actor Loss: -0.0044 | Critic Loss: 0.0416 | Grad Norm: 1.6426 | Clipped: 4/4
Epoch [2492/4000] | Avg Makespan: 358.50 | Actor Loss: -0.0004 | Critic Loss: 0.0612 | Grad Norm: 1.6004 | Clipped: 4/4
Epoch [2493/4000] | Avg Makespan: 355.62 | Actor Loss: -0.0028 | Critic Loss: 0.0495 | Grad Norm: 1.7260 | Clipped: 4/4
Epoch [2494/4000] | Avg Makespan: 363.62 | Actor Loss: -0.0032 | Critic Loss: 0.1243 | Grad Norm: 1.3729 | Clipped: 3/4
Epoch [2495/4000] | Avg Makespan: 357.00 | Actor Loss: -0.0043 | Critic Loss: 0.1030 | Grad Norm: 1.4196 | Clipped: 3/4
Epoch [2496/4000] | Avg Makespan: 362.62 | Actor Loss: -0.0013 | Critic Loss: 0.0591 | Grad Norm: 1.3935 | Clipped: 4/4
Epoch [2497/4000] | Avg Makespan: 360.38 | Actor Loss: -0.0033 | Critic Loss: 0.0475 | Grad Norm: 1.2681 | Clipped: 2/4
Epoch [2498/4000] | Avg Makespan: 352.75 | Actor Loss: -0.0023 | Critic Loss: 0.0235 | Grad Norm: 1.5305 | Clipped: 4/4
Epoch [2499/4000] | Avg Makespan: 350.75 | Actor Loss: -0.0030 | Critic Loss: 0.0311 | Grad Norm: 1.1122 | Clipped: 2/4
Epoch [2500/4000] | Avg Makespan: 366.25 | Actor Loss: -0.0020 | Critic Loss: 0.1929 | Grad Norm: 2.4223 | Clipped: 4/4
   -> Validation | Samples: 280 | Makespan: 474.16 | Invalid Jobs: 0.01 | Score: 484.87
   -> Saved new best model (Val Score mean of last 5: 484.24; this eval 484.87)
   -> Saved updated training chart to /home/wei/Desktop/AMR-DFJSP/runs/20260819_144532_v10_C_s44/chart.png
Epoch [2501/4000] | Avg Makespan: 366.62 | Actor Loss: -0.0032 | Critic Loss: 0.1347 | Grad Norm: 1.4285 | Clipped: 4/4
Epoch [2502/4000] | Avg Makespan: 362.50 | Actor Loss: -0.0025 | Critic Loss: 0.1914 | Grad Norm: 1.3110 | Clipped: 2/4
Epoch [2503/4000] | Avg Makespan: 363.50 | Actor Loss: -0.0016 | Critic Loss: 0.1022 | Grad Norm: 1.6893 | Clipped: 3/4
Epoch [2504/4000] | Avg Makespan: 357.62 | Actor Loss: -0.0023 | Critic Loss: 0.0994 | Grad Norm: 2.1822 | Clipped: 4/4
Epoch [2505/4000] | Avg Makespan: 367.25 | Actor Loss: -0.0040 | Critic Loss: 0.1456 | Grad Norm: 0.9981 | Clipped: 1/4
Epoch [2506/4000] | Avg Makespan: 351.50 | Actor Loss: -0.0012 | Critic Loss: 0.0603 | Grad Norm: 1.7456 | Clipped: 4/4
Epoch [2507/4000] | Avg Makespan: 350.38 | Actor Loss: -0.0029 | Critic Loss: 0.1483 | Grad Norm: 1.0859 | Clipped: 1/4
Epoch [2508/4000] | Avg Makespan: 356.88 | Actor Loss: -0.0022 | Critic Loss: 0.0855 | Grad Norm: 1.4743 | Clipped: 3/4
Epoch [2509/4000] | Avg Makespan: 366.50 | Actor Loss: -0.0012 | Critic Loss: 0.1181 | Grad Norm: 2.0202 | Clipped: 4/4
Epoch [2510/4000] | Avg Makespan: 363.12 | Actor Loss: -0.0006 | Critic Loss: 0.0617 | Grad Norm: 1.2407 | Clipped: 3/4
Epoch [2511/4000] | Avg Makespan: 362.50 | Actor Loss: -0.0030 | Critic Loss: 0.0768 | Grad Norm: 1.4020 | Clipped: 4/4
Epoch [2512/4000] | Avg Makespan: 365.75 | Actor Loss: -0.0035 | Critic Loss: 0.0591 | Grad Norm: 1.3236 | Clipped: 1/4
Epoch [2513/4000] | Avg Makespan: 352.12 | Actor Loss: -0.0029 | Critic Loss: 0.1638 | Grad Norm: 1.3136 | Clipped: 4/4
Epoch [2514/4000] | Avg Makespan: 357.62 | Actor Loss: -0.0041 | Critic Loss: 0.1715 | Grad Norm: 1.3132 | Clipped: 2/4
Epoch [2515/4000] | Avg Makespan: 364.00 | Actor Loss: -0.0014 | Critic Loss: 0.2064 | Grad Norm: 1.4642 | Clipped: 4/4
Epoch [2516/4000] | Avg Makespan: 358.12 | Actor Loss: -0.0027 | Critic Loss: 0.1193 | Grad Norm: 1.4074 | Clipped: 4/4
Epoch [2517/4000] | Avg Makespan: 354.75 | Actor Loss: -0.0027 | Critic Loss: 0.0375 | Grad Norm: 1.2861 | Clipped: 3/4
Epoch [2518/4000] | Avg Makespan: 365.62 | Actor Loss: -0.0038 | Critic Loss: 0.1603 | Grad Norm: 1.4275 | Clipped: 4/4
Epoch [2519/4000] | Avg Makespan: 366.50 | Actor Loss: -0.0053 | Critic Loss: 0.1116 | Grad Norm: 1.1428 | Clipped: 3/4
Epoch [2520/4000] | Avg Makespan: 362.75 | Actor Loss: -0.0016 | Critic Loss: 0.1054 | Grad Norm: 1.6893 | Clipped: 3/4
Epoch [2521/4000] | Avg Makespan: 355.38 | Actor Loss: -0.0038 | Critic Loss: 0.0997 | Grad Norm: 2.0500 | Clipped: 4/4
Epoch [2522/4000] | Avg Makespan: 360.75 | Actor Loss: -0.0011 | Critic Loss: 0.0397 | Grad Norm: 1.4936 | Clipped: 4/4
Epoch [2523/4000] | Avg Makespan: 360.88 | Actor Loss: -0.0037 | Critic Loss: 0.0979 | Grad Norm: 0.9850 | Clipped: 2/4
Epoch [2524/4000] | Avg Makespan: 351.25 | Actor Loss: -0.0041 | Critic Loss: 0.0985 | Grad Norm: 1.5644 | Clipped: 2/4
Epoch [2525/4000] | Avg Makespan: 366.62 | Actor Loss: -0.0036 | Critic Loss: 0.1772 | Grad Norm: 1.6989 | Clipped: 4/4
Epoch [2526/4000] | Avg Makespan: 358.00 | Actor Loss: -0.0030 | Critic Loss: 0.0848 | Grad Norm: 1.2487 | Clipped: 2/4
Epoch [2527/4000] | Avg Makespan: 358.00 | Actor Loss: -0.0007 | Critic Loss: 0.0598 | Grad Norm: 2.0509 | Clipped: 4/4
Epoch [2528/4000] | Avg Makespan: 364.38 | Actor Loss: -0.0026 | Critic Loss: 0.0706 | Grad Norm: 1.4254 | Clipped: 4/4
Epoch [2529/4000] | Avg Makespan: 362.38 | Actor Loss: -0.0013 | Critic Loss: 0.1070 | Grad Norm: 1.4822 | Clipped: 4/4
Epoch [2530/4000] | Avg Makespan: 355.38 | Actor Loss: -0.0024 | Critic Loss: 0.0839 | Grad Norm: 1.9552 | Clipped: 3/4
Epoch [2531/4000] | Avg Makespan: 356.00 | Actor Loss: -0.0030 | Critic Loss: 0.0778 | Grad Norm: 1.9526 | Clipped: 4/4
Epoch [2532/4000] | Avg Makespan: 357.88 | Actor Loss: -0.0008 | Critic Loss: 0.0772 | Grad Norm: 2.6475 | Clipped: 4/4
Epoch [2533/4000] | Avg Makespan: 361.00 | Actor Loss: -0.0010 | Critic Loss: 0.0865 | Grad Norm: 1.9334 | Clipped: 4/4
Epoch [2534/4000] | Avg Makespan: 352.50 | Actor Loss: -0.0043 | Critic Loss: 0.0482 | Grad Norm: 0.8680 | Clipped: 0/4
Epoch [2535/4000] | Avg Makespan: 360.38 | Actor Loss: -0.0024 | Critic Loss: 0.0653 | Grad Norm: 1.2431 | Clipped: 2/4
Epoch [2536/4000] | Avg Makespan: 353.75 | Actor Loss: -0.0021 | Critic Loss: 0.0846 | Grad Norm: 1.7968 | Clipped: 4/4
Epoch [2537/4000] | Avg Makespan: 370.38 | Actor Loss: -0.0011 | Critic Loss: 0.0651 | Grad Norm: 1.4106 | Clipped: 4/4
Epoch [2538/4000] | Avg Makespan: 354.50 | Actor Loss: -0.0034 | Critic Loss: 0.0966 | Grad Norm: 2.0449 | Clipped: 4/4
Epoch [2539/4000] | Avg Makespan: 351.88 | Actor Loss: -0.0026 | Critic Loss: 0.0568 | Grad Norm: 1.5671 | Clipped: 3/4
Epoch [2540/4000] | Avg Makespan: 352.25 | Actor Loss: -0.0022 | Critic Loss: 0.0489 | Grad Norm: 1.7016 | Clipped: 3/4
Epoch [2541/4000] | Avg Makespan: 364.25 | Actor Loss: -0.0030 | Critic Loss: 0.1355 | Grad Norm: 1.2531 | Clipped: 4/4
Epoch [2542/4000] | Avg Makespan: 360.88 | Actor Loss: -0.0024 | Critic Loss: 0.1121 | Grad Norm: 1.4532 | Clipped: 2/4
Epoch [2543/4000] | Avg Makespan: 356.38 | Actor Loss: -0.0035 | Critic Loss: 0.0838 | Grad Norm: 1.3962 | Clipped: 4/4
Epoch [2544/4000] | Avg Makespan: 363.38 | Actor Loss: -0.0052 | Critic Loss: 0.0686 | Grad Norm: 1.3054 | Clipped: 4/4
Epoch [2545/4000] | Avg Makespan: 357.00 | Actor Loss: -0.0035 | Critic Loss: 0.1129 | Grad Norm: 1.5137 | Clipped: 2/4
Epoch [2546/4000] | Avg Makespan: 361.00 | Actor Loss: -0.0040 | Critic Loss: 0.0579 | Grad Norm: 1.6802 | Clipped: 3/4
Epoch [2547/4000] | Avg Makespan: 359.38 | Actor Loss: -0.0033 | Critic Loss: 0.0731 | Grad Norm: 1.4767 | Clipped: 3/4
Epoch [2548/4000] | Avg Makespan: 357.88 | Actor Loss: -0.0027 | Critic Loss: 0.0557 | Grad Norm: 0.9589 | Clipped: 1/4
Epoch [2549/4000] | Avg Makespan: 353.12 | Actor Loss: -0.0035 | Critic Loss: 0.0774 | Grad Norm: 1.7423 | Clipped: 4/4
Epoch [2550/4000] | Avg Makespan: 362.25 | Actor Loss: -0.0044 | Critic Loss: 0.0332 | Grad Norm: 1.1411 | Clipped: 3/4
Epoch [2551/4000] | Avg Makespan: 353.00 | Actor Loss: -0.0036 | Critic Loss: 0.0518 | Grad Norm: 1.3082 | Clipped: 4/4
Epoch [2552/4000] | Avg Makespan: 359.50 | Actor Loss: -0.0016 | Critic Loss: 0.0632 | Grad Norm: 1.1700 | Clipped: 3/4
Epoch [2553/4000] | Avg Makespan: 352.50 | Actor Loss: -0.0022 | Critic Loss: 0.0589 | Grad Norm: 1.6424 | Clipped: 4/4
Epoch [2554/4000] | Avg Makespan: 356.38 | Actor Loss: -0.0043 | Critic Loss: 0.0598 | Grad Norm: 1.0967 | Clipped: 3/4
Epoch [2555/4000] | Avg Makespan: 355.12 | Actor Loss: -0.0029 | Critic Loss: 0.1398 | Grad Norm: 1.0022 | Clipped: 3/4
Epoch [2556/4000] | Avg Makespan: 358.88 | Actor Loss: -0.0038 | Critic Loss: 0.0921 | Grad Norm: 1.1710 | Clipped: 4/4
Epoch [2557/4000] | Avg Makespan: 351.12 | Actor Loss: -0.0021 | Critic Loss: 0.0677 | Grad Norm: 1.5387 | Clipped: 4/4
Epoch [2558/4000] | Avg Makespan: 357.50 | Actor Loss: -0.0037 | Critic Loss: 0.1257 | Grad Norm: 0.9895 | Clipped: 2/4
Epoch [2559/4000] | Avg Makespan: 359.00 | Actor Loss: -0.0037 | Critic Loss: 0.0625 | Grad Norm: 1.1299 | Clipped: 2/4
Epoch [2560/4000] | Avg Makespan: 358.12 | Actor Loss: -0.0043 | Critic Loss: 0.0977 | Grad Norm: 1.4521 | Clipped: 3/4
Epoch [2561/4000] | Avg Makespan: 361.00 | Actor Loss: -0.0034 | Critic Loss: 0.0767 | Grad Norm: 1.0995 | Clipped: 3/4
Epoch [2562/4000] | Avg Makespan: 355.75 | Actor Loss: -0.0046 | Critic Loss: 0.0552 | Grad Norm: 1.4108 | Clipped: 3/4
Epoch [2563/4000] | Avg Makespan: 365.62 | Actor Loss: -0.0032 | Critic Loss: 0.0951 | Grad Norm: 1.4749 | Clipped: 3/4
Epoch [2564/4000] | Avg Makespan: 359.25 | Actor Loss: -0.0045 | Critic Loss: 0.1666 | Grad Norm: 1.3733 | Clipped: 4/4
Epoch [2565/4000] | Avg Makespan: 353.50 | Actor Loss: -0.0017 | Critic Loss: 0.0716 | Grad Norm: 1.7551 | Clipped: 4/4
Epoch [2566/4000] | Avg Makespan: 354.00 | Actor Loss: -0.0042 | Critic Loss: 0.0662 | Grad Norm: 1.4434 | Clipped: 3/4
Epoch [2567/4000] | Avg Makespan: 354.00 | Actor Loss: -0.0025 | Critic Loss: 0.0227 | Grad Norm: 1.3467 | Clipped: 3/4
Epoch [2568/4000] | Avg Makespan: 351.38 | Actor Loss: -0.0045 | Critic Loss: 0.0533 | Grad Norm: 1.6402 | Clipped: 3/4
Epoch [2569/4000] | Avg Makespan: 361.62 | Actor Loss: -0.0032 | Critic Loss: 0.2674 | Grad Norm: 1.2800 | Clipped: 4/4
Epoch [2570/4000] | Avg Makespan: 355.12 | Actor Loss: -0.0028 | Critic Loss: 0.0341 | Grad Norm: 1.6082 | Clipped: 4/4
Epoch [2571/4000] | Avg Makespan: 358.38 | Actor Loss: -0.0025 | Critic Loss: 0.0808 | Grad Norm: 1.2826 | Clipped: 3/4
Epoch [2572/4000] | Avg Makespan: 358.12 | Actor Loss: -0.0039 | Critic Loss: 0.0805 | Grad Norm: 1.1332 | Clipped: 2/4
Epoch [2573/4000] | Avg Makespan: 352.12 | Actor Loss: -0.0040 | Critic Loss: 0.0383 | Grad Norm: 1.7807 | Clipped: 2/4
Epoch [2574/4000] | Avg Makespan: 359.88 | Actor Loss: -0.0023 | Critic Loss: 0.1217 | Grad Norm: 1.3138 | Clipped: 3/4
Epoch [2575/4000] | Avg Makespan: 358.88 | Actor Loss: -0.0035 | Critic Loss: 0.0946 | Grad Norm: 1.8193 | Clipped: 4/4
Epoch [2576/4000] | Avg Makespan: 368.25 | Actor Loss: -0.0038 | Critic Loss: 0.1666 | Grad Norm: 1.2022 | Clipped: 3/4
Epoch [2577/4000] | Avg Makespan: 361.88 | Actor Loss: -0.0022 | Critic Loss: 0.0576 | Grad Norm: 1.1347 | Clipped: 3/4
Epoch [2578/4000] | Avg Makespan: 351.50 | Actor Loss: -0.0021 | Critic Loss: 0.1120 | Grad Norm: 1.9539 | Clipped: 4/4
Epoch [2579/4000] | Avg Makespan: 355.25 | Actor Loss: -0.0025 | Critic Loss: 0.0984 | Grad Norm: 1.5098 | Clipped: 4/4
Epoch [2580/4000] | Avg Makespan: 356.88 | Actor Loss: -0.0022 | Critic Loss: 0.0637 | Grad Norm: 2.6036 | Clipped: 4/4
Epoch [2581/4000] | Avg Makespan: 362.50 | Actor Loss: 0.0000 | Critic Loss: 0.0966 | Grad Norm: 1.8335 | Clipped: 4/4
Epoch [2582/4000] | Avg Makespan: 352.38 | Actor Loss: -0.0055 | Critic Loss: 0.0909 | Grad Norm: 1.5592 | Clipped: 4/4
Epoch [2583/4000] | Avg Makespan: 352.38 | Actor Loss: -0.0034 | Critic Loss: 0.0607 | Grad Norm: 1.9671 | Clipped: 4/4
Epoch [2584/4000] | Avg Makespan: 362.50 | Actor Loss: -0.0036 | Critic Loss: 0.0482 | Grad Norm: 1.0369 | Clipped: 1/4
Epoch [2585/4000] | Avg Makespan: 358.00 | Actor Loss: -0.0037 | Critic Loss: 0.1153 | Grad Norm: 1.7037 | Clipped: 4/4
Epoch [2586/4000] | Avg Makespan: 359.12 | Actor Loss: -0.0024 | Critic Loss: 0.0475 | Grad Norm: 1.3285 | Clipped: 3/4
Epoch [2587/4000] | Avg Makespan: 353.25 | Actor Loss: -0.0013 | Critic Loss: 0.0814 | Grad Norm: 1.4258 | Clipped: 3/4
Epoch [2588/4000] | Avg Makespan: 352.88 | Actor Loss: -0.0010 | Critic Loss: 0.0531 | Grad Norm: 2.0514 | Clipped: 4/4
Epoch [2589/4000] | Avg Makespan: 358.38 | Actor Loss: -0.0027 | Critic Loss: 0.1242 | Grad Norm: 2.5128 | Clipped: 3/4
Epoch [2590/4000] | Avg Makespan: 355.12 | Actor Loss: 0.0020 | Critic Loss: 0.1211 | Grad Norm: 4.1242 | Clipped: 4/4
Epoch [2591/4000] | Avg Makespan: 352.12 | Actor Loss: -0.0014 | Critic Loss: 0.0345 | Grad Norm: 1.7653 | Clipped: 4/4
Epoch [2592/4000] | Avg Makespan: 358.25 | Actor Loss: -0.0022 | Critic Loss: 0.0913 | Grad Norm: 1.7837 | Clipped: 3/4
Epoch [2593/4000] | Avg Makespan: 354.88 | Actor Loss: -0.0031 | Critic Loss: 0.1171 | Grad Norm: 1.0970 | Clipped: 3/4
Epoch [2594/4000] | Avg Makespan: 355.25 | Actor Loss: -0.0022 | Critic Loss: 0.0381 | Grad Norm: 1.2980 | Clipped: 2/4
Epoch [2595/4000] | Avg Makespan: 360.88 | Actor Loss: -0.0035 | Critic Loss: 0.0932 | Grad Norm: 1.3053 | Clipped: 3/4
Epoch [2596/4000] | Avg Makespan: 359.50 | Actor Loss: -0.0034 | Critic Loss: 0.1314 | Grad Norm: 1.0640 | Clipped: 3/4
Epoch [2597/4000] | Avg Makespan: 353.25 | Actor Loss: -0.0026 | Critic Loss: 0.1048 | Grad Norm: 2.1215 | Clipped: 3/4
Epoch [2598/4000] | Avg Makespan: 359.38 | Actor Loss: -0.0030 | Critic Loss: 0.0847 | Grad Norm: 1.3175 | Clipped: 4/4
Epoch [2599/4000] | Avg Makespan: 360.75 | Actor Loss: -0.0027 | Critic Loss: 0.1079 | Grad Norm: 1.8120 | Clipped: 4/4
Epoch [2600/4000] | Avg Makespan: 361.12 | Actor Loss: -0.0037 | Critic Loss: 0.1034 | Grad Norm: 1.2863 | Clipped: 3/4
   -> Validation | Samples: 280 | Makespan: 460.28 | Invalid Jobs: 0.00 | Score: 463.85
   -> Saved new best model (Val Score mean of last 5: 479.25; this eval 463.85)
   -> Saved updated training chart to /home/wei/Desktop/AMR-DFJSP/runs/20260819_144532_v10_C_s44/chart.png
Epoch [2601/4000] | Avg Makespan: 351.25 | Actor Loss: -0.0032 | Critic Loss: 0.1198 | Grad Norm: 1.5374 | Clipped: 4/4
Epoch [2602/4000] | Avg Makespan: 362.62 | Actor Loss: -0.0026 | Critic Loss: 0.0286 | Grad Norm: 1.8054 | Clipped: 4/4
Epoch [2603/4000] | Avg Makespan: 352.75 | Actor Loss: -0.0015 | Critic Loss: 0.0354 | Grad Norm: 1.1706 | Clipped: 4/4
Epoch [2604/4000] | Avg Makespan: 358.25 | Actor Loss: -0.0049 | Critic Loss: 0.1574 | Grad Norm: 1.5824 | Clipped: 4/4
Epoch [2605/4000] | Avg Makespan: 352.00 | Actor Loss: -0.0028 | Critic Loss: 0.0968 | Grad Norm: 1.1632 | Clipped: 2/4
Epoch [2606/4000] | Avg Makespan: 350.38 | Actor Loss: -0.0039 | Critic Loss: 0.1195 | Grad Norm: 1.4435 | Clipped: 4/4
Epoch [2607/4000] | Avg Makespan: 352.25 | Actor Loss: -0.0044 | Critic Loss: 0.0490 | Grad Norm: 1.3151 | Clipped: 4/4
Epoch [2608/4000] | Avg Makespan: 355.62 | Actor Loss: -0.0006 | Critic Loss: 0.1319 | Grad Norm: 1.5572 | Clipped: 4/4
Epoch [2609/4000] | Avg Makespan: 353.00 | Actor Loss: -0.0031 | Critic Loss: 0.0619 | Grad Norm: 1.1613 | Clipped: 3/4
Epoch [2610/4000] | Avg Makespan: 352.75 | Actor Loss: -0.0025 | Critic Loss: 0.0765 | Grad Norm: 1.3392 | Clipped: 4/4
Epoch [2611/4000] | Avg Makespan: 361.75 | Actor Loss: -0.0037 | Critic Loss: 0.0575 | Grad Norm: 1.7074 | Clipped: 4/4
Epoch [2612/4000] | Avg Makespan: 361.12 | Actor Loss: -0.0027 | Critic Loss: 0.0977 | Grad Norm: 1.8689 | Clipped: 4/4
Epoch [2613/4000] | Avg Makespan: 360.00 | Actor Loss: -0.0019 | Critic Loss: 0.0806 | Grad Norm: 1.6662 | Clipped: 4/4
Epoch [2614/4000] | Avg Makespan: 357.62 | Actor Loss: -0.0021 | Critic Loss: 0.0860 | Grad Norm: 1.9389 | Clipped: 4/4
Epoch [2615/4000] | Avg Makespan: 357.50 | Actor Loss: -0.0021 | Critic Loss: 0.1059 | Grad Norm: 1.5880 | Clipped: 4/4
Epoch [2616/4000] | Avg Makespan: 357.12 | Actor Loss: -0.0025 | Critic Loss: 0.1477 | Grad Norm: 1.6617 | Clipped: 3/4
Epoch [2617/4000] | Avg Makespan: 361.88 | Actor Loss: -0.0026 | Critic Loss: 0.0596 | Grad Norm: 1.0145 | Clipped: 2/4
Epoch [2618/4000] | Avg Makespan: 361.12 | Actor Loss: -0.0037 | Critic Loss: 0.5275 | Grad Norm: 1.2887 | Clipped: 4/4
Epoch [2619/4000] | Avg Makespan: 361.00 | Actor Loss: -0.0003 | Critic Loss: 0.0589 | Grad Norm: 2.1604 | Clipped: 4/4
Epoch [2620/4000] | Avg Makespan: 356.50 | Actor Loss: -0.0033 | Critic Loss: 0.0914 | Grad Norm: 0.9364 | Clipped: 1/4
Epoch [2621/4000] | Avg Makespan: 360.00 | Actor Loss: -0.0004 | Critic Loss: 0.1418 | Grad Norm: 2.9530 | Clipped: 4/4
Epoch [2622/4000] | Avg Makespan: 363.00 | Actor Loss: -0.0018 | Critic Loss: 0.1604 | Grad Norm: 1.8162 | Clipped: 4/4
Epoch [2623/4000] | Avg Makespan: 348.00 | Actor Loss: -0.0008 | Critic Loss: 0.0714 | Grad Norm: 1.3383 | Clipped: 4/4
Epoch [2624/4000] | Avg Makespan: 358.12 | Actor Loss: -0.0012 | Critic Loss: 0.0933 | Grad Norm: 1.9069 | Clipped: 4/4
Epoch [2625/4000] | Avg Makespan: 374.00 | Actor Loss: -0.0013 | Critic Loss: 0.4237 | Grad Norm: 1.8201 | Clipped: 4/4
Epoch [2626/4000] | Avg Makespan: 355.00 | Actor Loss: -0.0027 | Critic Loss: 0.0651 | Grad Norm: 1.2004 | Clipped: 3/4
Epoch [2627/4000] | Avg Makespan: 363.25 | Actor Loss: -0.0031 | Critic Loss: 0.1276 | Grad Norm: 1.4423 | Clipped: 3/4
Epoch [2628/4000] | Avg Makespan: 367.50 | Actor Loss: -0.0029 | Critic Loss: 0.2384 | Grad Norm: 1.4725 | Clipped: 4/4
Epoch [2629/4000] | Avg Makespan: 349.88 | Actor Loss: -0.0036 | Critic Loss: 0.1602 | Grad Norm: 2.4380 | Clipped: 4/4
Epoch [2630/4000] | Avg Makespan: 361.62 | Actor Loss: -0.0027 | Critic Loss: 0.0614 | Grad Norm: 1.1821 | Clipped: 2/4
Epoch [2631/4000] | Avg Makespan: 354.88 | Actor Loss: -0.0027 | Critic Loss: 0.1364 | Grad Norm: 1.4510 | Clipped: 3/4
Epoch [2632/4000] | Avg Makespan: 358.50 | Actor Loss: -0.0021 | Critic Loss: 0.0811 | Grad Norm: 1.1191 | Clipped: 3/4
Epoch [2633/4000] | Avg Makespan: 363.00 | Actor Loss: -0.0024 | Critic Loss: 0.1864 | Grad Norm: 1.6064 | Clipped: 4/4
Epoch [2634/4000] | Avg Makespan: 357.38 | Actor Loss: -0.0032 | Critic Loss: 0.0818 | Grad Norm: 0.9965 | Clipped: 2/4
Epoch [2635/4000] | Avg Makespan: 363.75 | Actor Loss: -0.0005 | Critic Loss: 0.0422 | Grad Norm: 1.8251 | Clipped: 4/4
Epoch [2636/4000] | Avg Makespan: 356.88 | Actor Loss: 0.0010 | Critic Loss: 0.0379 | Grad Norm: 2.0650 | Clipped: 4/4
Epoch [2637/4000] | Avg Makespan: 359.00 | Actor Loss: -0.0041 | Critic Loss: 0.1880 | Grad Norm: 1.1485 | Clipped: 3/4
Epoch [2638/4000] | Avg Makespan: 356.12 | Actor Loss: -0.0029 | Critic Loss: 0.0587 | Grad Norm: 1.2262 | Clipped: 2/4
Epoch [2639/4000] | Avg Makespan: 359.00 | Actor Loss: -0.0025 | Critic Loss: 0.0422 | Grad Norm: 1.1016 | Clipped: 3/4
Epoch [2640/4000] | Avg Makespan: 352.12 | Actor Loss: -0.0010 | Critic Loss: 0.0994 | Grad Norm: 1.1676 | Clipped: 3/4
Epoch [2641/4000] | Avg Makespan: 353.50 | Actor Loss: -0.0026 | Critic Loss: 0.1898 | Grad Norm: 1.7215 | Clipped: 4/4
Epoch [2642/4000] | Avg Makespan: 358.00 | Actor Loss: -0.0029 | Critic Loss: 0.0746 | Grad Norm: 2.0576 | Clipped: 4/4
Epoch [2643/4000] | Avg Makespan: 361.88 | Actor Loss: -0.0012 | Critic Loss: 0.0770 | Grad Norm: 1.8905 | Clipped: 4/4
Epoch [2644/4000] | Avg Makespan: 350.38 | Actor Loss: -0.0035 | Critic Loss: 0.1145 | Grad Norm: 1.6752 | Clipped: 4/4
Epoch [2645/4000] | Avg Makespan: 359.25 | Actor Loss: -0.0022 | Critic Loss: 0.0947 | Grad Norm: 1.3885 | Clipped: 3/4
Epoch [2646/4000] | Avg Makespan: 358.75 | Actor Loss: -0.0026 | Critic Loss: 0.1214 | Grad Norm: 1.1436 | Clipped: 3/4
Epoch [2647/4000] | Avg Makespan: 359.88 | Actor Loss: -0.0035 | Critic Loss: 0.0305 | Grad Norm: 0.9242 | Clipped: 1/4
Epoch [2648/4000] | Avg Makespan: 360.12 | Actor Loss: -0.0024 | Critic Loss: 0.0373 | Grad Norm: 1.2670 | Clipped: 1/4
Epoch [2649/4000] | Avg Makespan: 360.88 | Actor Loss: -0.0030 | Critic Loss: 0.0335 | Grad Norm: 0.9893 | Clipped: 2/4
Epoch [2650/4000] | Avg Makespan: 358.75 | Actor Loss: -0.0022 | Critic Loss: 0.0526 | Grad Norm: 1.8306 | Clipped: 3/4
Epoch [2651/4000] | Avg Makespan: 356.88 | Actor Loss: -0.0023 | Critic Loss: 0.0806 | Grad Norm: 1.6564 | Clipped: 4/4
Epoch [2652/4000] | Avg Makespan: 365.88 | Actor Loss: -0.0026 | Critic Loss: 0.1447 | Grad Norm: 1.1018 | Clipped: 3/4
Epoch [2653/4000] | Avg Makespan: 358.38 | Actor Loss: -0.0021 | Critic Loss: 0.1163 | Grad Norm: 1.2520 | Clipped: 3/4
Epoch [2654/4000] | Avg Makespan: 356.38 | Actor Loss: -0.0036 | Critic Loss: 0.1276 | Grad Norm: 1.1798 | Clipped: 4/4
Epoch [2655/4000] | Avg Makespan: 365.00 | Actor Loss: -0.0022 | Critic Loss: 0.0885 | Grad Norm: 1.5417 | Clipped: 3/4
Epoch [2656/4000] | Avg Makespan: 353.00 | Actor Loss: -0.0015 | Critic Loss: 0.0978 | Grad Norm: 1.6279 | Clipped: 4/4
Epoch [2657/4000] | Avg Makespan: 355.62 | Actor Loss: -0.0036 | Critic Loss: 0.0552 | Grad Norm: 1.6072 | Clipped: 4/4
Epoch [2658/4000] | Avg Makespan: 359.88 | Actor Loss: -0.0014 | Critic Loss: 0.1442 | Grad Norm: 1.8962 | Clipped: 4/4
Epoch [2659/4000] | Avg Makespan: 357.00 | Actor Loss: -0.0032 | Critic Loss: 0.0932 | Grad Norm: 1.3740 | Clipped: 3/4
Epoch [2660/4000] | Avg Makespan: 360.88 | Actor Loss: -0.0019 | Critic Loss: 0.0589 | Grad Norm: 1.2885 | Clipped: 3/4
Epoch [2661/4000] | Avg Makespan: 362.38 | Actor Loss: -0.0035 | Critic Loss: 0.0700 | Grad Norm: 1.4725 | Clipped: 3/4
Epoch [2662/4000] | Avg Makespan: 361.00 | Actor Loss: -0.0007 | Critic Loss: 0.1378 | Grad Norm: 2.3019 | Clipped: 4/4
Epoch [2663/4000] | Avg Makespan: 364.12 | Actor Loss: -0.0048 | Critic Loss: 0.0967 | Grad Norm: 1.0425 | Clipped: 1/4
Epoch [2664/4000] | Avg Makespan: 351.62 | Actor Loss: -0.0013 | Critic Loss: 0.1756 | Grad Norm: 1.8037 | Clipped: 4/4
Epoch [2665/4000] | Avg Makespan: 354.50 | Actor Loss: -0.0012 | Critic Loss: 0.0726 | Grad Norm: 2.0992 | Clipped: 4/4
Epoch [2666/4000] | Avg Makespan: 354.62 | Actor Loss: -0.0044 | Critic Loss: 0.0526 | Grad Norm: 1.2507 | Clipped: 3/4
Epoch [2667/4000] | Avg Makespan: 359.12 | Actor Loss: -0.0016 | Critic Loss: 0.0891 | Grad Norm: 1.3891 | Clipped: 4/4
Epoch [2668/4000] | Avg Makespan: 348.38 | Actor Loss: -0.0032 | Critic Loss: 0.0960 | Grad Norm: 0.9557 | Clipped: 2/4
Epoch [2669/4000] | Avg Makespan: 357.38 | Actor Loss: -0.0030 | Critic Loss: 0.0738 | Grad Norm: 0.8180 | Clipped: 0/4
Epoch [2670/4000] | Avg Makespan: 356.38 | Actor Loss: -0.0026 | Critic Loss: 0.1150 | Grad Norm: 1.3207 | Clipped: 3/4
Epoch [2671/4000] | Avg Makespan: 361.75 | Actor Loss: -0.0025 | Critic Loss: 0.0628 | Grad Norm: 1.0483 | Clipped: 2/4
Epoch [2672/4000] | Avg Makespan: 371.62 | Actor Loss: -0.0022 | Critic Loss: 0.3490 | Grad Norm: 1.4152 | Clipped: 4/4
Epoch [2673/4000] | Avg Makespan: 357.50 | Actor Loss: -0.0007 | Critic Loss: 0.1002 | Grad Norm: 1.9262 | Clipped: 4/4
Epoch [2674/4000] | Avg Makespan: 364.00 | Actor Loss: -0.0028 | Critic Loss: 0.1259 | Grad Norm: 1.2855 | Clipped: 4/4
Epoch [2675/4000] | Avg Makespan: 369.00 | Actor Loss: -0.0019 | Critic Loss: 0.6189 | Grad Norm: 1.5202 | Clipped: 3/4
Epoch [2676/4000] | Avg Makespan: 355.12 | Actor Loss: -0.0034 | Critic Loss: 0.1234 | Grad Norm: 1.5024 | Clipped: 4/4
Epoch [2677/4000] | Avg Makespan: 359.12 | Actor Loss: -0.0022 | Critic Loss: 0.1379 | Grad Norm: 1.6263 | Clipped: 4/4
Epoch [2678/4000] | Avg Makespan: 360.50 | Actor Loss: -0.0010 | Critic Loss: 0.1746 | Grad Norm: 1.3548 | Clipped: 3/4
Epoch [2679/4000] | Avg Makespan: 358.75 | Actor Loss: -0.0041 | Critic Loss: 0.1364 | Grad Norm: 1.0961 | Clipped: 3/4
Epoch [2680/4000] | Avg Makespan: 358.12 | Actor Loss: -0.0030 | Critic Loss: 0.1710 | Grad Norm: 1.3981 | Clipped: 3/4
Epoch [2681/4000] | Avg Makespan: 349.75 | Actor Loss: -0.0027 | Critic Loss: 0.0837 | Grad Norm: 1.1883 | Clipped: 2/4
Epoch [2682/4000] | Avg Makespan: 355.88 | Actor Loss: -0.0043 | Critic Loss: 0.0380 | Grad Norm: 1.7660 | Clipped: 3/4
Epoch [2683/4000] | Avg Makespan: 361.00 | Actor Loss: -0.0003 | Critic Loss: 0.1066 | Grad Norm: 1.6769 | Clipped: 4/4
Epoch [2684/4000] | Avg Makespan: 358.00 | Actor Loss: -0.0023 | Critic Loss: 0.0698 | Grad Norm: 1.8121 | Clipped: 4/4
Epoch [2685/4000] | Avg Makespan: 363.00 | Actor Loss: -0.0024 | Critic Loss: 0.1089 | Grad Norm: 0.9235 | Clipped: 2/4
Epoch [2686/4000] | Avg Makespan: 354.50 | Actor Loss: -0.0020 | Critic Loss: 0.0605 | Grad Norm: 2.2218 | Clipped: 4/4
Epoch [2687/4000] | Avg Makespan: 353.12 | Actor Loss: -0.0024 | Critic Loss: 0.0466 | Grad Norm: 1.3650 | Clipped: 3/4
Epoch [2688/4000] | Avg Makespan: 360.12 | Actor Loss: -0.0015 | Critic Loss: 0.1077 | Grad Norm: 1.7717 | Clipped: 4/4
Epoch [2689/4000] | Avg Makespan: 375.50 | Actor Loss: -0.0027 | Critic Loss: 0.2869 | Grad Norm: 1.6868 | Clipped: 4/4
Epoch [2690/4000] | Avg Makespan: 363.62 | Actor Loss: -0.0042 | Critic Loss: 0.0994 | Grad Norm: 1.1866 | Clipped: 2/4
Epoch [2691/4000] | Avg Makespan: 363.12 | Actor Loss: -0.0035 | Critic Loss: 0.0685 | Grad Norm: 0.9531 | Clipped: 1/4
Epoch [2692/4000] | Avg Makespan: 363.88 | Actor Loss: -0.0024 | Critic Loss: 0.1351 | Grad Norm: 1.4055 | Clipped: 4/4
Epoch [2693/4000] | Avg Makespan: 360.50 | Actor Loss: -0.0032 | Critic Loss: 0.1567 | Grad Norm: 1.3148 | Clipped: 4/4
Epoch [2694/4000] | Avg Makespan: 353.12 | Actor Loss: -0.0023 | Critic Loss: 0.0600 | Grad Norm: 1.3629 | Clipped: 3/4
Epoch [2695/4000] | Avg Makespan: 371.75 | Actor Loss: -0.0026 | Critic Loss: 0.0757 | Grad Norm: 1.2111 | Clipped: 4/4
Epoch [2696/4000] | Avg Makespan: 371.25 | Actor Loss: -0.0028 | Critic Loss: 0.1602 | Grad Norm: 1.5201 | Clipped: 4/4
Epoch [2697/4000] | Avg Makespan: 356.75 | Actor Loss: -0.0044 | Critic Loss: 0.0651 | Grad Norm: 1.4274 | Clipped: 4/4
Epoch [2698/4000] | Avg Makespan: 355.38 | Actor Loss: -0.0038 | Critic Loss: 0.1045 | Grad Norm: 1.7565 | Clipped: 4/4
Epoch [2699/4000] | Avg Makespan: 363.12 | Actor Loss: -0.0006 | Critic Loss: 0.0589 | Grad Norm: 1.3394 | Clipped: 3/4
Epoch [2700/4000] | Avg Makespan: 359.38 | Actor Loss: -0.0031 | Critic Loss: 0.0875 | Grad Norm: 1.5416 | Clipped: 3/4
   -> Validation | Samples: 280 | Makespan: 468.17 | Invalid Jobs: 0.01 | Score: 475.31
   -> Saved new best model (Val Score mean of last 5: 478.09; this eval 475.31)
   -> Saved updated training chart to /home/wei/Desktop/AMR-DFJSP/runs/20260819_144532_v10_C_s44/chart.png
Epoch [2701/4000] | Avg Makespan: 362.50 | Actor Loss: -0.0017 | Critic Loss: 0.0752 | Grad Norm: 1.5615 | Clipped: 4/4
Epoch [2702/4000] | Avg Makespan: 359.38 | Actor Loss: -0.0022 | Critic Loss: 0.0857 | Grad Norm: 2.3679 | Clipped: 3/4
Epoch [2703/4000] | Avg Makespan: 366.25 | Actor Loss: -0.0039 | Critic Loss: 0.1503 | Grad Norm: 1.2092 | Clipped: 3/4
Epoch [2704/4000] | Avg Makespan: 358.75 | Actor Loss: -0.0045 | Critic Loss: 0.1448 | Grad Norm: 1.0259 | Clipped: 1/4
Epoch [2705/4000] | Avg Makespan: 359.00 | Actor Loss: -0.0008 | Critic Loss: 0.0424 | Grad Norm: 1.5908 | Clipped: 4/4
Epoch [2706/4000] | Avg Makespan: 356.75 | Actor Loss: -0.0030 | Critic Loss: 0.0889 | Grad Norm: 1.8246 | Clipped: 4/4
Epoch [2707/4000] | Avg Makespan: 358.62 | Actor Loss: -0.0012 | Critic Loss: 0.0611 | Grad Norm: 2.2930 | Clipped: 4/4
Epoch [2708/4000] | Avg Makespan: 361.00 | Actor Loss: -0.0026 | Critic Loss: 0.1739 | Grad Norm: 1.2738 | Clipped: 3/4
Epoch [2709/4000] | Avg Makespan: 359.38 | Actor Loss: -0.0032 | Critic Loss: 0.0962 | Grad Norm: 1.1787 | Clipped: 4/4
Epoch [2710/4000] | Avg Makespan: 363.75 | Actor Loss: -0.0027 | Critic Loss: 0.1037 | Grad Norm: 1.4167 | Clipped: 4/4
Epoch [2711/4000] | Avg Makespan: 364.00 | Actor Loss: -0.0048 | Critic Loss: 0.0618 | Grad Norm: 1.4831 | Clipped: 4/4
Epoch [2712/4000] | Avg Makespan: 361.50 | Actor Loss: -0.0026 | Critic Loss: 0.0502 | Grad Norm: 1.5741 | Clipped: 3/4
Epoch [2713/4000] | Avg Makespan: 363.62 | Actor Loss: -0.0041 | Critic Loss: 0.1078 | Grad Norm: 1.3464 | Clipped: 3/4
Epoch [2714/4000] | Avg Makespan: 360.12 | Actor Loss: -0.0032 | Critic Loss: 0.0484 | Grad Norm: 0.9994 | Clipped: 3/4
Epoch [2715/4000] | Avg Makespan: 350.38 | Actor Loss: -0.0029 | Critic Loss: 0.0980 | Grad Norm: 1.0464 | Clipped: 2/4
Epoch [2716/4000] | Avg Makespan: 362.75 | Actor Loss: -0.0020 | Critic Loss: 0.1674 | Grad Norm: 1.1303 | Clipped: 3/4
Epoch [2717/4000] | Avg Makespan: 367.38 | Actor Loss: -0.0025 | Critic Loss: 0.1195 | Grad Norm: 1.6130 | Clipped: 4/4
Epoch [2718/4000] | Avg Makespan: 367.75 | Actor Loss: -0.0037 | Critic Loss: 0.2340 | Grad Norm: 1.3744 | Clipped: 4/4
Epoch [2719/4000] | Avg Makespan: 356.88 | Actor Loss: -0.0024 | Critic Loss: 0.1137 | Grad Norm: 1.2624 | Clipped: 4/4
Epoch [2720/4000] | Avg Makespan: 366.88 | Actor Loss: -0.0031 | Critic Loss: 0.0977 | Grad Norm: 1.2059 | Clipped: 3/4
Epoch [2721/4000] | Avg Makespan: 360.12 | Actor Loss: -0.0042 | Critic Loss: 0.0652 | Grad Norm: 1.5046 | Clipped: 3/4
Epoch [2722/4000] | Avg Makespan: 368.50 | Actor Loss: -0.0017 | Critic Loss: 0.1086 | Grad Norm: 2.4412 | Clipped: 4/4
Epoch [2723/4000] | Avg Makespan: 358.50 | Actor Loss: -0.0049 | Critic Loss: 0.0463 | Grad Norm: 1.0585 | Clipped: 2/4
Epoch [2724/4000] | Avg Makespan: 360.88 | Actor Loss: -0.0026 | Critic Loss: 0.0605 | Grad Norm: 1.7257 | Clipped: 4/4
Epoch [2725/4000] | Avg Makespan: 356.75 | Actor Loss: -0.0029 | Critic Loss: 0.0632 | Grad Norm: 1.8204 | Clipped: 4/4
Epoch [2726/4000] | Avg Makespan: 355.00 | Actor Loss: -0.0029 | Critic Loss: 0.0547 | Grad Norm: 1.5348 | Clipped: 4/4
Epoch [2727/4000] | Avg Makespan: 357.88 | Actor Loss: -0.0017 | Critic Loss: 0.0352 | Grad Norm: 1.2643 | Clipped: 4/4
Epoch [2728/4000] | Avg Makespan: 370.12 | Actor Loss: -0.0030 | Critic Loss: 0.1305 | Grad Norm: 1.0690 | Clipped: 2/4
Epoch [2729/4000] | Avg Makespan: 362.88 | Actor Loss: -0.0034 | Critic Loss: 0.1554 | Grad Norm: 1.1627 | Clipped: 3/4
Epoch [2730/4000] | Avg Makespan: 362.00 | Actor Loss: -0.0027 | Critic Loss: 0.2662 | Grad Norm: 1.0239 | Clipped: 3/4
Epoch [2731/4000] | Avg Makespan: 359.12 | Actor Loss: -0.0023 | Critic Loss: 0.3474 | Grad Norm: 1.3653 | Clipped: 2/4
Epoch [2732/4000] | Avg Makespan: 360.75 | Actor Loss: -0.0046 | Critic Loss: 0.0385 | Grad Norm: 1.1100 | Clipped: 2/4
Epoch [2733/4000] | Avg Makespan: 363.38 | Actor Loss: -0.0028 | Critic Loss: 0.0661 | Grad Norm: 1.1696 | Clipped: 1/4
Epoch [2734/4000] | Avg Makespan: 354.50 | Actor Loss: -0.0023 | Critic Loss: 0.1053 | Grad Norm: 1.1995 | Clipped: 3/4
Epoch [2735/4000] | Avg Makespan: 354.50 | Actor Loss: -0.0011 | Critic Loss: 0.0526 | Grad Norm: 1.0958 | Clipped: 2/4
Epoch [2736/4000] | Avg Makespan: 358.38 | Actor Loss: -0.0039 | Critic Loss: 0.0673 | Grad Norm: 1.2074 | Clipped: 3/4
Epoch [2737/4000] | Avg Makespan: 352.88 | Actor Loss: -0.0033 | Critic Loss: 0.0953 | Grad Norm: 1.4969 | Clipped: 3/4
Epoch [2738/4000] | Avg Makespan: 359.88 | Actor Loss: -0.0028 | Critic Loss: 0.0962 | Grad Norm: 0.9354 | Clipped: 1/4
Epoch [2739/4000] | Avg Makespan: 365.25 | Actor Loss: -0.0022 | Critic Loss: 0.2268 | Grad Norm: 1.3842 | Clipped: 2/4
Epoch [2740/4000] | Avg Makespan: 358.62 | Actor Loss: -0.0049 | Critic Loss: 0.0365 | Grad Norm: 1.2338 | Clipped: 3/4
Epoch [2741/4000] | Avg Makespan: 358.88 | Actor Loss: -0.0043 | Critic Loss: 0.1052 | Grad Norm: 1.2702 | Clipped: 4/4
Epoch [2742/4000] | Avg Makespan: 362.50 | Actor Loss: -0.0044 | Critic Loss: 0.0693 | Grad Norm: 1.0699 | Clipped: 4/4
Epoch [2743/4000] | Avg Makespan: 356.12 | Actor Loss: -0.0026 | Critic Loss: 0.0686 | Grad Norm: 1.2420 | Clipped: 4/4
Epoch [2744/4000] | Avg Makespan: 357.75 | Actor Loss: -0.0023 | Critic Loss: 0.0855 | Grad Norm: 1.4958 | Clipped: 4/4
Epoch [2745/4000] | Avg Makespan: 350.38 | Actor Loss: -0.0034 | Critic Loss: 0.0438 | Grad Norm: 1.0147 | Clipped: 2/4
Epoch [2746/4000] | Avg Makespan: 366.25 | Actor Loss: -0.0027 | Critic Loss: 0.2032 | Grad Norm: 1.6510 | Clipped: 3/4
Epoch [2747/4000] | Avg Makespan: 357.50 | Actor Loss: -0.0043 | Critic Loss: 0.0542 | Grad Norm: 1.1657 | Clipped: 4/4
Epoch [2748/4000] | Avg Makespan: 362.25 | Actor Loss: -0.0027 | Critic Loss: 0.2153 | Grad Norm: 1.3226 | Clipped: 4/4
Epoch [2749/4000] | Avg Makespan: 360.50 | Actor Loss: -0.0015 | Critic Loss: 0.0781 | Grad Norm: 1.5891 | Clipped: 2/4
Epoch [2750/4000] | Avg Makespan: 358.88 | Actor Loss: -0.0030 | Critic Loss: 0.1669 | Grad Norm: 1.6582 | Clipped: 4/4
Epoch [2751/4000] | Avg Makespan: 357.25 | Actor Loss: -0.0034 | Critic Loss: 0.0620 | Grad Norm: 1.5725 | Clipped: 4/4
Epoch [2752/4000] | Avg Makespan: 361.25 | Actor Loss: -0.0029 | Critic Loss: 0.1927 | Grad Norm: 1.9955 | Clipped: 3/4
Epoch [2753/4000] | Avg Makespan: 356.88 | Actor Loss: -0.0022 | Critic Loss: 0.1038 | Grad Norm: 1.6341 | Clipped: 4/4
Epoch [2754/4000] | Avg Makespan: 357.75 | Actor Loss: -0.0017 | Critic Loss: 0.1476 | Grad Norm: 1.1422 | Clipped: 2/4
Epoch [2755/4000] | Avg Makespan: 351.12 | Actor Loss: -0.0021 | Critic Loss: 0.0513 | Grad Norm: 1.4089 | Clipped: 4/4
Epoch [2756/4000] | Avg Makespan: 356.88 | Actor Loss: -0.0037 | Critic Loss: 0.0915 | Grad Norm: 1.8670 | Clipped: 4/4
Epoch [2757/4000] | Avg Makespan: 351.12 | Actor Loss: -0.0030 | Critic Loss: 0.0905 | Grad Norm: 1.4685 | Clipped: 3/4
Epoch [2758/4000] | Avg Makespan: 354.12 | Actor Loss: -0.0034 | Critic Loss: 0.1465 | Grad Norm: 1.1751 | Clipped: 2/4
Epoch [2759/4000] | Avg Makespan: 360.62 | Actor Loss: -0.0027 | Critic Loss: 0.0818 | Grad Norm: 1.5538 | Clipped: 4/4
Epoch [2760/4000] | Avg Makespan: 363.50 | Actor Loss: -0.0027 | Critic Loss: 0.0898 | Grad Norm: 1.4678 | Clipped: 4/4
Epoch [2761/4000] | Avg Makespan: 357.62 | Actor Loss: -0.0017 | Critic Loss: 0.0656 | Grad Norm: 1.3119 | Clipped: 3/4
Epoch [2762/4000] | Avg Makespan: 351.62 | Actor Loss: -0.0040 | Critic Loss: 0.0995 | Grad Norm: 1.1747 | Clipped: 4/4
Epoch [2763/4000] | Avg Makespan: 357.62 | Actor Loss: -0.0011 | Critic Loss: 0.0532 | Grad Norm: 1.1439 | Clipped: 3/4
Epoch [2764/4000] | Avg Makespan: 357.50 | Actor Loss: -0.0019 | Critic Loss: 0.0408 | Grad Norm: 1.2651 | Clipped: 4/4
Epoch [2765/4000] | Avg Makespan: 354.88 | Actor Loss: -0.0034 | Critic Loss: 0.0691 | Grad Norm: 1.3450 | Clipped: 3/4
Epoch [2766/4000] | Avg Makespan: 362.50 | Actor Loss: -0.0024 | Critic Loss: 0.0889 | Grad Norm: 1.5385 | Clipped: 4/4
Epoch [2767/4000] | Avg Makespan: 358.38 | Actor Loss: -0.0028 | Critic Loss: 0.0907 | Grad Norm: 1.0921 | Clipped: 3/4
Epoch [2768/4000] | Avg Makespan: 366.62 | Actor Loss: -0.0021 | Critic Loss: 0.1133 | Grad Norm: 1.2491 | Clipped: 3/4
Epoch [2769/4000] | Avg Makespan: 353.50 | Actor Loss: -0.0041 | Critic Loss: 0.1368 | Grad Norm: 1.9114 | Clipped: 4/4
Epoch [2770/4000] | Avg Makespan: 348.12 | Actor Loss: -0.0030 | Critic Loss: 0.3170 | Grad Norm: 2.1832 | Clipped: 4/4
Epoch [2771/4000] | Avg Makespan: 358.12 | Actor Loss: -0.0028 | Critic Loss: 0.1056 | Grad Norm: 1.4702 | Clipped: 4/4
Epoch [2772/4000] | Avg Makespan: 351.88 | Actor Loss: -0.0027 | Critic Loss: 0.1166 | Grad Norm: 1.3515 | Clipped: 4/4
Epoch [2773/4000] | Avg Makespan: 354.88 | Actor Loss: -0.0017 | Critic Loss: 0.0671 | Grad Norm: 1.1346 | Clipped: 4/4
Epoch [2774/4000] | Avg Makespan: 358.25 | Actor Loss: -0.0022 | Critic Loss: 0.1697 | Grad Norm: 1.2415 | Clipped: 4/4
Epoch [2775/4000] | Avg Makespan: 351.88 | Actor Loss: -0.0024 | Critic Loss: 0.0316 | Grad Norm: 1.2913 | Clipped: 2/4
Epoch [2776/4000] | Avg Makespan: 364.88 | Actor Loss: -0.0030 | Critic Loss: 0.0848 | Grad Norm: 1.6140 | Clipped: 3/4
Epoch [2777/4000] | Avg Makespan: 354.50 | Actor Loss: -0.0034 | Critic Loss: 0.0612 | Grad Norm: 0.9411 | Clipped: 1/4
Epoch [2778/4000] | Avg Makespan: 360.12 | Actor Loss: -0.0042 | Critic Loss: 0.1103 | Grad Norm: 0.9706 | Clipped: 2/4
Epoch [2779/4000] | Avg Makespan: 353.88 | Actor Loss: -0.0012 | Critic Loss: 0.0915 | Grad Norm: 2.8652 | Clipped: 4/4
Epoch [2780/4000] | Avg Makespan: 363.38 | Actor Loss: -0.0027 | Critic Loss: 0.0837 | Grad Norm: 1.6250 | Clipped: 4/4
Epoch [2781/4000] | Avg Makespan: 359.62 | Actor Loss: -0.0023 | Critic Loss: 0.1010 | Grad Norm: 1.8417 | Clipped: 4/4
Epoch [2782/4000] | Avg Makespan: 361.25 | Actor Loss: -0.0043 | Critic Loss: 0.1164 | Grad Norm: 1.1743 | Clipped: 4/4
Epoch [2783/4000] | Avg Makespan: 360.50 | Actor Loss: -0.0020 | Critic Loss: 0.0543 | Grad Norm: 1.4270 | Clipped: 4/4
Epoch [2784/4000] | Avg Makespan: 355.88 | Actor Loss: -0.0032 | Critic Loss: 0.1252 | Grad Norm: 1.7342 | Clipped: 4/4
Epoch [2785/4000] | Avg Makespan: 348.75 | Actor Loss: -0.0024 | Critic Loss: 0.0814 | Grad Norm: 1.3442 | Clipped: 4/4
Epoch [2786/4000] | Avg Makespan: 355.25 | Actor Loss: -0.0014 | Critic Loss: 0.1244 | Grad Norm: 1.2737 | Clipped: 4/4
Epoch [2787/4000] | Avg Makespan: 348.25 | Actor Loss: -0.0026 | Critic Loss: 0.0340 | Grad Norm: 1.2430 | Clipped: 4/4
Epoch [2788/4000] | Avg Makespan: 357.12 | Actor Loss: -0.0024 | Critic Loss: 0.0803 | Grad Norm: 1.2654 | Clipped: 3/4
Epoch [2789/4000] | Avg Makespan: 367.75 | Actor Loss: -0.0017 | Critic Loss: 0.3347 | Grad Norm: 1.7421 | Clipped: 4/4
Epoch [2790/4000] | Avg Makespan: 350.88 | Actor Loss: -0.0045 | Critic Loss: 0.0772 | Grad Norm: 1.4443 | Clipped: 4/4
Epoch [2791/4000] | Avg Makespan: 349.38 | Actor Loss: -0.0022 | Critic Loss: 0.0620 | Grad Norm: 1.2227 | Clipped: 4/4
Epoch [2792/4000] | Avg Makespan: 357.75 | Actor Loss: -0.0024 | Critic Loss: 0.1223 | Grad Norm: 1.6189 | Clipped: 4/4
Epoch [2793/4000] | Avg Makespan: 359.38 | Actor Loss: -0.0025 | Critic Loss: 0.1267 | Grad Norm: 1.4706 | Clipped: 4/4
Epoch [2794/4000] | Avg Makespan: 355.25 | Actor Loss: -0.0020 | Critic Loss: 0.0311 | Grad Norm: 1.1388 | Clipped: 1/4
Epoch [2795/4000] | Avg Makespan: 353.50 | Actor Loss: -0.0022 | Critic Loss: 0.0402 | Grad Norm: 1.1768 | Clipped: 3/4
Epoch [2796/4000] | Avg Makespan: 360.25 | Actor Loss: -0.0031 | Critic Loss: 0.0552 | Grad Norm: 1.1384 | Clipped: 3/4
Epoch [2797/4000] | Avg Makespan: 349.62 | Actor Loss: -0.0023 | Critic Loss: 0.1175 | Grad Norm: 1.4920 | Clipped: 3/4
Epoch [2798/4000] | Avg Makespan: 358.00 | Actor Loss: -0.0037 | Critic Loss: 0.0732 | Grad Norm: 1.4559 | Clipped: 4/4
Epoch [2799/4000] | Avg Makespan: 358.38 | Actor Loss: -0.0005 | Critic Loss: 0.0576 | Grad Norm: 1.7078 | Clipped: 4/4
Epoch [2800/4000] | Avg Makespan: 356.50 | Actor Loss: -0.0017 | Critic Loss: 0.1659 | Grad Norm: 1.1253 | Clipped: 2/4
   -> Validation | Samples: 280 | Makespan: 466.71 | Invalid Jobs: 0.00 | Score: 470.29
   -> Saved new best model (Val Score mean of last 5: 476.33; this eval 470.29)
   -> Saved updated training chart to /home/wei/Desktop/AMR-DFJSP/runs/20260819_144532_v10_C_s44/chart.png
Epoch [2801/4000] | Avg Makespan: 361.62 | Actor Loss: -0.0036 | Critic Loss: 0.0864 | Grad Norm: 0.9001 | Clipped: 1/4
Epoch [2802/4000] | Avg Makespan: 361.25 | Actor Loss: -0.0030 | Critic Loss: 0.0701 | Grad Norm: 1.6839 | Clipped: 2/4
Epoch [2803/4000] | Avg Makespan: 357.75 | Actor Loss: -0.0036 | Critic Loss: 0.0764 | Grad Norm: 0.9173 | Clipped: 0/4
Epoch [2804/4000] | Avg Makespan: 353.88 | Actor Loss: -0.0015 | Critic Loss: 0.1125 | Grad Norm: 1.8509 | Clipped: 3/4
Epoch [2805/4000] | Avg Makespan: 356.50 | Actor Loss: -0.0025 | Critic Loss: 0.1063 | Grad Norm: 1.0914 | Clipped: 3/4
Epoch [2806/4000] | Avg Makespan: 356.12 | Actor Loss: -0.0026 | Critic Loss: 0.0957 | Grad Norm: 1.8529 | Clipped: 4/4
Epoch [2807/4000] | Avg Makespan: 359.12 | Actor Loss: -0.0024 | Critic Loss: 0.1102 | Grad Norm: 1.9321 | Clipped: 3/4
Epoch [2808/4000] | Avg Makespan: 355.62 | Actor Loss: -0.0052 | Critic Loss: 0.0471 | Grad Norm: 1.6451 | Clipped: 3/4
Epoch [2809/4000] | Avg Makespan: 353.12 | Actor Loss: -0.0036 | Critic Loss: 0.0512 | Grad Norm: 0.9589 | Clipped: 1/4
Epoch [2810/4000] | Avg Makespan: 355.12 | Actor Loss: -0.0017 | Critic Loss: 0.0537 | Grad Norm: 1.5244 | Clipped: 3/4
Epoch [2811/4000] | Avg Makespan: 360.00 | Actor Loss: -0.0023 | Critic Loss: 0.3524 | Grad Norm: 1.1341 | Clipped: 2/4
Epoch [2812/4000] | Avg Makespan: 352.62 | Actor Loss: -0.0027 | Critic Loss: 0.1190 | Grad Norm: 1.3434 | Clipped: 3/4
Epoch [2813/4000] | Avg Makespan: 359.50 | Actor Loss: -0.0052 | Critic Loss: 0.1034 | Grad Norm: 1.1938 | Clipped: 1/4
Epoch [2814/4000] | Avg Makespan: 348.25 | Actor Loss: -0.0026 | Critic Loss: 0.1012 | Grad Norm: 1.2446 | Clipped: 4/4
Epoch [2815/4000] | Avg Makespan: 358.12 | Actor Loss: -0.0021 | Critic Loss: 0.0604 | Grad Norm: 0.7008 | Clipped: 0/4
Epoch [2816/4000] | Avg Makespan: 353.62 | Actor Loss: -0.0028 | Critic Loss: 0.1029 | Grad Norm: 1.0140 | Clipped: 2/4
Epoch [2817/4000] | Avg Makespan: 353.50 | Actor Loss: -0.0032 | Critic Loss: 0.0575 | Grad Norm: 1.0752 | Clipped: 4/4
Epoch [2818/4000] | Avg Makespan: 360.50 | Actor Loss: -0.0040 | Critic Loss: 0.2487 | Grad Norm: 1.6166 | Clipped: 3/4
Epoch [2819/4000] | Avg Makespan: 359.25 | Actor Loss: -0.0016 | Critic Loss: 0.1509 | Grad Norm: 4.3673 | Clipped: 4/4
Epoch [2820/4000] | Avg Makespan: 356.62 | Actor Loss: -0.0034 | Critic Loss: 0.0866 | Grad Norm: 1.1122 | Clipped: 3/4
Epoch [2821/4000] | Avg Makespan: 360.50 | Actor Loss: -0.0039 | Critic Loss: 0.0848 | Grad Norm: 1.6216 | Clipped: 4/4
Epoch [2822/4000] | Avg Makespan: 350.75 | Actor Loss: -0.0022 | Critic Loss: 0.0636 | Grad Norm: 1.0454 | Clipped: 2/4
Epoch [2823/4000] | Avg Makespan: 356.75 | Actor Loss: -0.0019 | Critic Loss: 0.0750 | Grad Norm: 0.8352 | Clipped: 1/4
Epoch [2824/4000] | Avg Makespan: 351.38 | Actor Loss: -0.0036 | Critic Loss: 0.0386 | Grad Norm: 1.0520 | Clipped: 1/4
Epoch [2825/4000] | Avg Makespan: 348.38 | Actor Loss: -0.0014 | Critic Loss: 0.0802 | Grad Norm: 0.9164 | Clipped: 0/4
Epoch [2826/4000] | Avg Makespan: 358.25 | Actor Loss: -0.0024 | Critic Loss: 0.0742 | Grad Norm: 0.8938 | Clipped: 1/4
Epoch [2827/4000] | Avg Makespan: 356.62 | Actor Loss: -0.0015 | Critic Loss: 0.0971 | Grad Norm: 1.2023 | Clipped: 3/4
Epoch [2828/4000] | Avg Makespan: 364.75 | Actor Loss: -0.0018 | Critic Loss: 0.1445 | Grad Norm: 1.0490 | Clipped: 3/4
Epoch [2829/4000] | Avg Makespan: 355.88 | Actor Loss: -0.0032 | Critic Loss: 0.0872 | Grad Norm: 1.4755 | Clipped: 4/4
Epoch [2830/4000] | Avg Makespan: 360.62 | Actor Loss: -0.0030 | Critic Loss: 0.2438 | Grad Norm: 0.9269 | Clipped: 1/4
Epoch [2831/4000] | Avg Makespan: 357.00 | Actor Loss: -0.0032 | Critic Loss: 0.1139 | Grad Norm: 1.3932 | Clipped: 4/4
Epoch [2832/4000] | Avg Makespan: 347.12 | Actor Loss: -0.0044 | Critic Loss: 0.1400 | Grad Norm: 1.4715 | Clipped: 4/4
Epoch [2833/4000] | Avg Makespan: 348.38 | Actor Loss: -0.0023 | Critic Loss: 0.0669 | Grad Norm: 1.0487 | Clipped: 2/4
Epoch [2834/4000] | Avg Makespan: 351.00 | Actor Loss: -0.0029 | Critic Loss: 0.0568 | Grad Norm: 1.2550 | Clipped: 3/4
Epoch [2835/4000] | Avg Makespan: 350.62 | Actor Loss: -0.0017 | Critic Loss: 0.0861 | Grad Norm: 1.4774 | Clipped: 4/4
Epoch [2836/4000] | Avg Makespan: 352.88 | Actor Loss: -0.0021 | Critic Loss: 0.0576 | Grad Norm: 1.2377 | Clipped: 4/4
Epoch [2837/4000] | Avg Makespan: 352.88 | Actor Loss: -0.0035 | Critic Loss: 0.0779 | Grad Norm: 1.1474 | Clipped: 3/4
Epoch [2838/4000] | Avg Makespan: 356.62 | Actor Loss: -0.0041 | Critic Loss: 0.1035 | Grad Norm: 1.0773 | Clipped: 2/4
Epoch [2839/4000] | Avg Makespan: 347.62 | Actor Loss: -0.0024 | Critic Loss: 0.1055 | Grad Norm: 1.4164 | Clipped: 4/4
Epoch [2840/4000] | Avg Makespan: 342.00 | Actor Loss: -0.0022 | Critic Loss: 0.0996 | Grad Norm: 1.1213 | Clipped: 2/4
Epoch [2841/4000] | Avg Makespan: 352.50 | Actor Loss: -0.0010 | Critic Loss: 0.0465 | Grad Norm: 1.7081 | Clipped: 4/4
Epoch [2842/4000] | Avg Makespan: 352.88 | Actor Loss: -0.0029 | Critic Loss: 0.2556 | Grad Norm: 1.2398 | Clipped: 3/4
Epoch [2843/4000] | Avg Makespan: 353.12 | Actor Loss: -0.0032 | Critic Loss: 0.1660 | Grad Norm: 1.4363 | Clipped: 3/4
Epoch [2844/4000] | Avg Makespan: 348.62 | Actor Loss: -0.0027 | Critic Loss: 0.0465 | Grad Norm: 1.3922 | Clipped: 2/4
Epoch [2845/4000] | Avg Makespan: 343.25 | Actor Loss: -0.0026 | Critic Loss: 0.0505 | Grad Norm: 1.7206 | Clipped: 4/4
Epoch [2846/4000] | Avg Makespan: 348.12 | Actor Loss: -0.0026 | Critic Loss: 0.0386 | Grad Norm: 1.2746 | Clipped: 3/4
Epoch [2847/4000] | Avg Makespan: 361.12 | Actor Loss: -0.0025 | Critic Loss: 0.1173 | Grad Norm: 1.0500 | Clipped: 3/4
Epoch [2848/4000] | Avg Makespan: 367.38 | Actor Loss: -0.0023 | Critic Loss: 0.2205 | Grad Norm: 1.1866 | Clipped: 3/4
Epoch [2849/4000] | Avg Makespan: 347.38 | Actor Loss: -0.0028 | Critic Loss: 0.1097 | Grad Norm: 1.1043 | Clipped: 1/4
Epoch [2850/4000] | Avg Makespan: 355.62 | Actor Loss: -0.0021 | Critic Loss: 0.1566 | Grad Norm: 1.6238 | Clipped: 4/4
Epoch [2851/4000] | Avg Makespan: 351.75 | Actor Loss: -0.0021 | Critic Loss: 0.0813 | Grad Norm: 1.1830 | Clipped: 2/4
Epoch [2852/4000] | Avg Makespan: 356.00 | Actor Loss: -0.0032 | Critic Loss: 0.1240 | Grad Norm: 1.1768 | Clipped: 3/4
Epoch [2853/4000] | Avg Makespan: 353.12 | Actor Loss: -0.0017 | Critic Loss: 0.0445 | Grad Norm: 1.4361 | Clipped: 4/4
Epoch [2854/4000] | Avg Makespan: 360.00 | Actor Loss: -0.0019 | Critic Loss: 0.2014 | Grad Norm: 1.3191 | Clipped: 4/4
Epoch [2855/4000] | Avg Makespan: 360.12 | Actor Loss: -0.0028 | Critic Loss: 0.0712 | Grad Norm: 1.9152 | Clipped: 4/4
Epoch [2856/4000] | Avg Makespan: 356.38 | Actor Loss: -0.0012 | Critic Loss: 0.1611 | Grad Norm: 2.6153 | Clipped: 4/4
Epoch [2857/4000] | Avg Makespan: 350.00 | Actor Loss: -0.0021 | Critic Loss: 0.0696 | Grad Norm: 1.3437 | Clipped: 4/4
Epoch [2858/4000] | Avg Makespan: 361.50 | Actor Loss: -0.0030 | Critic Loss: 0.1392 | Grad Norm: 1.9430 | Clipped: 3/4
Epoch [2859/4000] | Avg Makespan: 359.12 | Actor Loss: -0.0017 | Critic Loss: 0.0729 | Grad Norm: 1.3242 | Clipped: 3/4
Epoch [2860/4000] | Avg Makespan: 361.88 | Actor Loss: -0.0026 | Critic Loss: 0.3102 | Grad Norm: 0.9787 | Clipped: 1/4
Epoch [2861/4000] | Avg Makespan: 362.38 | Actor Loss: -0.0044 | Critic Loss: 0.1241 | Grad Norm: 1.1536 | Clipped: 2/4
Epoch [2862/4000] | Avg Makespan: 363.62 | Actor Loss: -0.0035 | Critic Loss: 0.0640 | Grad Norm: 1.4577 | Clipped: 4/4
Epoch [2863/4000] | Avg Makespan: 355.00 | Actor Loss: -0.0018 | Critic Loss: 0.0953 | Grad Norm: 1.5099 | Clipped: 3/4
Epoch [2864/4000] | Avg Makespan: 362.62 | Actor Loss: -0.0025 | Critic Loss: 0.2139 | Grad Norm: 1.2903 | Clipped: 4/4
Epoch [2865/4000] | Avg Makespan: 362.12 | Actor Loss: -0.0026 | Critic Loss: 0.0909 | Grad Norm: 2.0966 | Clipped: 4/4
Epoch [2866/4000] | Avg Makespan: 346.38 | Actor Loss: -0.0018 | Critic Loss: 0.1014 | Grad Norm: 1.0036 | Clipped: 3/4
Epoch [2867/4000] | Avg Makespan: 352.88 | Actor Loss: -0.0042 | Critic Loss: 0.0977 | Grad Norm: 1.0940 | Clipped: 3/4
Epoch [2868/4000] | Avg Makespan: 354.62 | Actor Loss: -0.0018 | Critic Loss: 0.2642 | Grad Norm: 1.5529 | Clipped: 4/4
Epoch [2869/4000] | Avg Makespan: 348.25 | Actor Loss: -0.0016 | Critic Loss: 0.1733 | Grad Norm: 1.9353 | Clipped: 4/4
Epoch [2870/4000] | Avg Makespan: 350.50 | Actor Loss: -0.0012 | Critic Loss: 0.2118 | Grad Norm: 2.1067 | Clipped: 4/4
Epoch [2871/4000] | Avg Makespan: 351.00 | Actor Loss: -0.0036 | Critic Loss: 0.0472 | Grad Norm: 1.4237 | Clipped: 4/4
Epoch [2872/4000] | Avg Makespan: 356.62 | Actor Loss: -0.0023 | Critic Loss: 0.2120 | Grad Norm: 1.7007 | Clipped: 4/4
Epoch [2873/4000] | Avg Makespan: 355.00 | Actor Loss: -0.0023 | Critic Loss: 0.0637 | Grad Norm: 2.4705 | Clipped: 4/4
Epoch [2874/4000] | Avg Makespan: 358.00 | Actor Loss: -0.0038 | Critic Loss: 0.0519 | Grad Norm: 1.2314 | Clipped: 2/4
Epoch [2875/4000] | Avg Makespan: 360.88 | Actor Loss: -0.0025 | Critic Loss: 0.0979 | Grad Norm: 2.1598 | Clipped: 4/4
Epoch [2876/4000] | Avg Makespan: 360.62 | Actor Loss: -0.0033 | Critic Loss: 0.1360 | Grad Norm: 1.8452 | Clipped: 4/4
Epoch [2877/4000] | Avg Makespan: 360.00 | Actor Loss: -0.0035 | Critic Loss: 0.0247 | Grad Norm: 1.6310 | Clipped: 4/4
Epoch [2878/4000] | Avg Makespan: 349.50 | Actor Loss: -0.0021 | Critic Loss: 0.2311 | Grad Norm: 1.9552 | Clipped: 4/4
Epoch [2879/4000] | Avg Makespan: 358.62 | Actor Loss: -0.0037 | Critic Loss: 0.1596 | Grad Norm: 1.1359 | Clipped: 3/4
Epoch [2880/4000] | Avg Makespan: 345.75 | Actor Loss: -0.0026 | Critic Loss: 0.1327 | Grad Norm: 1.7060 | Clipped: 2/4
Epoch [2881/4000] | Avg Makespan: 350.75 | Actor Loss: -0.0026 | Critic Loss: 0.0415 | Grad Norm: 1.1852 | Clipped: 3/4
Epoch [2882/4000] | Avg Makespan: 356.00 | Actor Loss: -0.0044 | Critic Loss: 0.1172 | Grad Norm: 1.9053 | Clipped: 4/4
Epoch [2883/4000] | Avg Makespan: 354.75 | Actor Loss: -0.0041 | Critic Loss: 0.1543 | Grad Norm: 1.2549 | Clipped: 4/4
Epoch [2884/4000] | Avg Makespan: 360.25 | Actor Loss: -0.0047 | Critic Loss: 0.2484 | Grad Norm: 1.4084 | Clipped: 3/4
Epoch [2885/4000] | Avg Makespan: 352.50 | Actor Loss: -0.0022 | Critic Loss: 0.0643 | Grad Norm: 2.0675 | Clipped: 4/4
Epoch [2886/4000] | Avg Makespan: 353.75 | Actor Loss: -0.0054 | Critic Loss: 0.0965 | Grad Norm: 1.3627 | Clipped: 4/4
Epoch [2887/4000] | Avg Makespan: 354.38 | Actor Loss: -0.0034 | Critic Loss: 0.1543 | Grad Norm: 1.6470 | Clipped: 3/4
Epoch [2888/4000] | Avg Makespan: 353.62 | Actor Loss: -0.0025 | Critic Loss: 0.0741 | Grad Norm: 1.0383 | Clipped: 3/4
Epoch [2889/4000] | Avg Makespan: 354.75 | Actor Loss: -0.0039 | Critic Loss: 0.0770 | Grad Norm: 1.7835 | Clipped: 4/4
Epoch [2890/4000] | Avg Makespan: 346.12 | Actor Loss: -0.0031 | Critic Loss: 0.0960 | Grad Norm: 1.6227 | Clipped: 4/4
Epoch [2891/4000] | Avg Makespan: 354.25 | Actor Loss: -0.0037 | Critic Loss: 0.1669 | Grad Norm: 1.4291 | Clipped: 4/4
Epoch [2892/4000] | Avg Makespan: 351.00 | Actor Loss: -0.0021 | Critic Loss: 0.1513 | Grad Norm: 1.5018 | Clipped: 4/4
Epoch [2893/4000] | Avg Makespan: 364.25 | Actor Loss: -0.0030 | Critic Loss: 0.2917 | Grad Norm: 1.3823 | Clipped: 4/4
Epoch [2894/4000] | Avg Makespan: 358.50 | Actor Loss: -0.0022 | Critic Loss: 0.3421 | Grad Norm: 1.5159 | Clipped: 4/4
Epoch [2895/4000] | Avg Makespan: 364.50 | Actor Loss: -0.0035 | Critic Loss: 0.1138 | Grad Norm: 1.8307 | Clipped: 4/4
Epoch [2896/4000] | Avg Makespan: 356.38 | Actor Loss: -0.0028 | Critic Loss: 0.3644 | Grad Norm: 1.7072 | Clipped: 4/4
Epoch [2897/4000] | Avg Makespan: 350.88 | Actor Loss: -0.0035 | Critic Loss: 0.0649 | Grad Norm: 1.1781 | Clipped: 3/4
Epoch [2898/4000] | Avg Makespan: 350.88 | Actor Loss: -0.0015 | Critic Loss: 0.1134 | Grad Norm: 1.7018 | Clipped: 4/4
Epoch [2899/4000] | Avg Makespan: 347.50 | Actor Loss: -0.0029 | Critic Loss: 0.0741 | Grad Norm: 1.7238 | Clipped: 3/4
Epoch [2900/4000] | Avg Makespan: 364.38 | Actor Loss: 0.0003 | Critic Loss: 0.2111 | Grad Norm: 2.7971 | Clipped: 4/4
   -> Validation | Samples: 280 | Makespan: 474.54 | Invalid Jobs: 0.00 | Score: 474.54
   -> Saved new best model (Val Score mean of last 5: 473.77; this eval 474.54)
   -> Saved updated training chart to /home/wei/Desktop/AMR-DFJSP/runs/20260819_144532_v10_C_s44/chart.png
Epoch [2901/4000] | Avg Makespan: 354.75 | Actor Loss: -0.0029 | Critic Loss: 0.0695 | Grad Norm: 1.5580 | Clipped: 4/4
Epoch [2902/4000] | Avg Makespan: 349.38 | Actor Loss: -0.0030 | Critic Loss: 0.0494 | Grad Norm: 1.8475 | Clipped: 4/4
Epoch [2903/4000] | Avg Makespan: 346.38 | Actor Loss: -0.0005 | Critic Loss: 0.0428 | Grad Norm: 2.2010 | Clipped: 4/4
Epoch [2904/4000] | Avg Makespan: 353.62 | Actor Loss: -0.0031 | Critic Loss: 0.0712 | Grad Norm: 1.8663 | Clipped: 4/4
Epoch [2905/4000] | Avg Makespan: 369.38 | Actor Loss: -0.0018 | Critic Loss: 0.3770 | Grad Norm: 2.3029 | Clipped: 4/4
Epoch [2906/4000] | Avg Makespan: 354.88 | Actor Loss: -0.0032 | Critic Loss: 0.1961 | Grad Norm: 1.7166 | Clipped: 4/4
Epoch [2907/4000] | Avg Makespan: 357.25 | Actor Loss: -0.0049 | Critic Loss: 0.1477 | Grad Norm: 1.0526 | Clipped: 3/4
Epoch [2908/4000] | Avg Makespan: 346.12 | Actor Loss: -0.0030 | Critic Loss: 0.0875 | Grad Norm: 1.2192 | Clipped: 2/4
Epoch [2909/4000] | Avg Makespan: 360.12 | Actor Loss: -0.0046 | Critic Loss: 0.1587 | Grad Norm: 1.2395 | Clipped: 4/4
Epoch [2910/4000] | Avg Makespan: 361.12 | Actor Loss: -0.0028 | Critic Loss: 0.0961 | Grad Norm: 1.9939 | Clipped: 4/4
Epoch [2911/4000] | Avg Makespan: 353.88 | Actor Loss: -0.0014 | Critic Loss: 0.0765 | Grad Norm: 1.4902 | Clipped: 4/4
Epoch [2912/4000] | Avg Makespan: 352.62 | Actor Loss: -0.0027 | Critic Loss: 0.1505 | Grad Norm: 2.1525 | Clipped: 4/4
Epoch [2913/4000] | Avg Makespan: 358.25 | Actor Loss: -0.0033 | Critic Loss: 0.0501 | Grad Norm: 1.7608 | Clipped: 3/4
Epoch [2914/4000] | Avg Makespan: 348.50 | Actor Loss: -0.0028 | Critic Loss: 0.1505 | Grad Norm: 2.3120 | Clipped: 4/4
Epoch [2915/4000] | Avg Makespan: 351.50 | Actor Loss: -0.0040 | Critic Loss: 0.1454 | Grad Norm: 1.5431 | Clipped: 4/4
Epoch [2916/4000] | Avg Makespan: 361.50 | Actor Loss: -0.0029 | Critic Loss: 0.2881 | Grad Norm: 1.9475 | Clipped: 4/4
Epoch [2917/4000] | Avg Makespan: 364.25 | Actor Loss: -0.0049 | Critic Loss: 0.1096 | Grad Norm: 1.4626 | Clipped: 4/4
Epoch [2918/4000] | Avg Makespan: 347.00 | Actor Loss: -0.0039 | Critic Loss: 0.1614 | Grad Norm: 1.8458 | Clipped: 4/4
Epoch [2919/4000] | Avg Makespan: 345.12 | Actor Loss: -0.0034 | Critic Loss: 0.0839 | Grad Norm: 1.4713 | Clipped: 4/4
Epoch [2920/4000] | Avg Makespan: 359.50 | Actor Loss: -0.0035 | Critic Loss: 0.0512 | Grad Norm: 2.1560 | Clipped: 4/4
Epoch [2921/4000] | Avg Makespan: 354.88 | Actor Loss: -0.0041 | Critic Loss: 0.0766 | Grad Norm: 1.5835 | Clipped: 4/4
Epoch [2922/4000] | Avg Makespan: 356.62 | Actor Loss: -0.0033 | Critic Loss: 0.1115 | Grad Norm: 1.4789 | Clipped: 3/4
Epoch [2923/4000] | Avg Makespan: 357.50 | Actor Loss: -0.0027 | Critic Loss: 0.3060 | Grad Norm: 1.7173 | Clipped: 4/4
Epoch [2924/4000] | Avg Makespan: 352.75 | Actor Loss: -0.0020 | Critic Loss: 0.0952 | Grad Norm: 1.6600 | Clipped: 4/4
Epoch [2925/4000] | Avg Makespan: 357.50 | Actor Loss: -0.0012 | Critic Loss: 0.1153 | Grad Norm: 1.7037 | Clipped: 4/4
Epoch [2926/4000] | Avg Makespan: 358.75 | Actor Loss: -0.0017 | Critic Loss: 0.2527 | Grad Norm: 2.4995 | Clipped: 4/4
Epoch [2927/4000] | Avg Makespan: 349.50 | Actor Loss: -0.0030 | Critic Loss: 0.2143 | Grad Norm: 1.7460 | Clipped: 4/4
Epoch [2928/4000] | Avg Makespan: 363.75 | Actor Loss: -0.0041 | Critic Loss: 0.3536 | Grad Norm: 1.9384 | Clipped: 4/4
Epoch [2929/4000] | Avg Makespan: 352.50 | Actor Loss: -0.0039 | Critic Loss: 0.0360 | Grad Norm: 1.6861 | Clipped: 3/4
Epoch [2930/4000] | Avg Makespan: 352.50 | Actor Loss: -0.0018 | Critic Loss: 0.1050 | Grad Norm: 1.6372 | Clipped: 4/4
Epoch [2931/4000] | Avg Makespan: 345.75 | Actor Loss: -0.0047 | Critic Loss: 0.1327 | Grad Norm: 2.1739 | Clipped: 4/4
Epoch [2932/4000] | Avg Makespan: 348.25 | Actor Loss: -0.0046 | Critic Loss: 0.1408 | Grad Norm: 2.0024 | Clipped: 4/4
Epoch [2933/4000] | Avg Makespan: 353.00 | Actor Loss: -0.0026 | Critic Loss: 0.0782 | Grad Norm: 1.4676 | Clipped: 4/4
Epoch [2934/4000] | Avg Makespan: 358.25 | Actor Loss: -0.0027 | Critic Loss: 0.4434 | Grad Norm: 1.4921 | Clipped: 4/4
Epoch [2935/4000] | Avg Makespan: 359.88 | Actor Loss: -0.0017 | Critic Loss: 0.0740 | Grad Norm: 2.2964 | Clipped: 4/4
Epoch [2936/4000] | Avg Makespan: 351.38 | Actor Loss: -0.0047 | Critic Loss: 0.0745 | Grad Norm: 1.6030 | Clipped: 4/4
Epoch [2937/4000] | Avg Makespan: 353.25 | Actor Loss: -0.0025 | Critic Loss: 0.1073 | Grad Norm: 1.1694 | Clipped: 4/4
Epoch [2938/4000] | Avg Makespan: 349.88 | Actor Loss: -0.0038 | Critic Loss: 0.0819 | Grad Norm: 1.5091 | Clipped: 4/4
Epoch [2939/4000] | Avg Makespan: 352.75 | Actor Loss: -0.0031 | Critic Loss: 0.0455 | Grad Norm: 1.5179 | Clipped: 4/4
Epoch [2940/4000] | Avg Makespan: 348.12 | Actor Loss: -0.0031 | Critic Loss: 0.0673 | Grad Norm: 1.5342 | Clipped: 4/4
Epoch [2941/4000] | Avg Makespan: 352.50 | Actor Loss: -0.0035 | Critic Loss: 0.0679 | Grad Norm: 1.8720 | Clipped: 4/4
Epoch [2942/4000] | Avg Makespan: 353.12 | Actor Loss: -0.0025 | Critic Loss: 0.1681 | Grad Norm: 1.7909 | Clipped: 4/4
Epoch [2943/4000] | Avg Makespan: 358.00 | Actor Loss: -0.0038 | Critic Loss: 0.1172 | Grad Norm: 1.5882 | Clipped: 4/4
Epoch [2944/4000] | Avg Makespan: 357.25 | Actor Loss: -0.0038 | Critic Loss: 0.2534 | Grad Norm: 2.2254 | Clipped: 4/4
Epoch [2945/4000] | Avg Makespan: 346.12 | Actor Loss: -0.0032 | Critic Loss: 0.1101 | Grad Norm: 1.6491 | Clipped: 4/4
Epoch [2946/4000] | Avg Makespan: 359.12 | Actor Loss: -0.0024 | Critic Loss: 0.1513 | Grad Norm: 1.9292 | Clipped: 4/4
Epoch [2947/4000] | Avg Makespan: 347.38 | Actor Loss: -0.0047 | Critic Loss: 0.1132 | Grad Norm: 1.3056 | Clipped: 3/4
Epoch [2948/4000] | Avg Makespan: 360.75 | Actor Loss: -0.0018 | Critic Loss: 0.0710 | Grad Norm: 1.5947 | Clipped: 4/4
Epoch [2949/4000] | Avg Makespan: 359.75 | Actor Loss: -0.0029 | Critic Loss: 0.1457 | Grad Norm: 1.8303 | Clipped: 4/4
Epoch [2950/4000] | Avg Makespan: 366.75 | Actor Loss: -0.0054 | Critic Loss: 0.1588 | Grad Norm: 1.6920 | Clipped: 4/4
Epoch [2951/4000] | Avg Makespan: 357.00 | Actor Loss: -0.0039 | Critic Loss: 0.0402 | Grad Norm: 2.1026 | Clipped: 4/4
Epoch [2952/4000] | Avg Makespan: 355.00 | Actor Loss: -0.0040 | Critic Loss: 0.0827 | Grad Norm: 1.3769 | Clipped: 4/4
Epoch [2953/4000] | Avg Makespan: 349.25 | Actor Loss: -0.0018 | Critic Loss: 0.2224 | Grad Norm: 1.7459 | Clipped: 4/4
Epoch [2954/4000] | Avg Makespan: 351.25 | Actor Loss: -0.0022 | Critic Loss: 0.0657 | Grad Norm: 1.6397 | Clipped: 4/4
Epoch [2955/4000] | Avg Makespan: 345.50 | Actor Loss: -0.0035 | Critic Loss: 0.1233 | Grad Norm: 2.2811 | Clipped: 4/4
Epoch [2956/4000] | Avg Makespan: 356.12 | Actor Loss: -0.0036 | Critic Loss: 0.2830 | Grad Norm: 1.8620 | Clipped: 4/4
Epoch [2957/4000] | Avg Makespan: 359.38 | Actor Loss: -0.0037 | Critic Loss: 0.1131 | Grad Norm: 1.7188 | Clipped: 4/4
Epoch [2958/4000] | Avg Makespan: 364.25 | Actor Loss: -0.0025 | Critic Loss: 0.1760 | Grad Norm: 1.2477 | Clipped: 4/4
Epoch [2959/4000] | Avg Makespan: 357.25 | Actor Loss: -0.0030 | Critic Loss: 0.1422 | Grad Norm: 1.8130 | Clipped: 4/4
Epoch [2960/4000] | Avg Makespan: 351.12 | Actor Loss: -0.0028 | Critic Loss: 0.1032 | Grad Norm: 1.8578 | Clipped: 4/4
Epoch [2961/4000] | Avg Makespan: 352.88 | Actor Loss: -0.0033 | Critic Loss: 0.1051 | Grad Norm: 1.3504 | Clipped: 4/4
Epoch [2962/4000] | Avg Makespan: 353.00 | Actor Loss: -0.0059 | Critic Loss: 0.1721 | Grad Norm: 1.9621 | Clipped: 4/4
Epoch [2963/4000] | Avg Makespan: 352.75 | Actor Loss: -0.0026 | Critic Loss: 0.0929 | Grad Norm: 1.8858 | Clipped: 4/4
Epoch [2964/4000] | Avg Makespan: 347.88 | Actor Loss: -0.0035 | Critic Loss: 0.0636 | Grad Norm: 1.3195 | Clipped: 3/4
Epoch [2965/4000] | Avg Makespan: 345.12 | Actor Loss: -0.0029 | Critic Loss: 0.0715 | Grad Norm: 1.5233 | Clipped: 4/4
Epoch [2966/4000] | Avg Makespan: 350.25 | Actor Loss: -0.0026 | Critic Loss: 0.0787 | Grad Norm: 0.9306 | Clipped: 1/4
Epoch [2967/4000] | Avg Makespan: 353.00 | Actor Loss: -0.0037 | Critic Loss: 0.0819 | Grad Norm: 1.3362 | Clipped: 4/4
Epoch [2968/4000] | Avg Makespan: 347.12 | Actor Loss: -0.0042 | Critic Loss: 0.0876 | Grad Norm: 1.3313 | Clipped: 4/4
Epoch [2969/4000] | Avg Makespan: 353.88 | Actor Loss: -0.0045 | Critic Loss: 0.1012 | Grad Norm: 1.5456 | Clipped: 3/4
Epoch [2970/4000] | Avg Makespan: 345.88 | Actor Loss: -0.0020 | Critic Loss: 0.0907 | Grad Norm: 1.8935 | Clipped: 3/4
Epoch [2971/4000] | Avg Makespan: 351.75 | Actor Loss: -0.0023 | Critic Loss: 0.1127 | Grad Norm: 1.2029 | Clipped: 4/4
Epoch [2972/4000] | Avg Makespan: 348.75 | Actor Loss: -0.0032 | Critic Loss: 0.1941 | Grad Norm: 1.0406 | Clipped: 3/4
Epoch [2973/4000] | Avg Makespan: 349.75 | Actor Loss: -0.0025 | Critic Loss: 0.0550 | Grad Norm: 1.5996 | Clipped: 4/4
Epoch [2974/4000] | Avg Makespan: 349.75 | Actor Loss: -0.0053 | Critic Loss: 0.2185 | Grad Norm: 1.6606 | Clipped: 4/4
Epoch [2975/4000] | Avg Makespan: 346.38 | Actor Loss: -0.0023 | Critic Loss: 0.0888 | Grad Norm: 1.3006 | Clipped: 4/4
Epoch [2976/4000] | Avg Makespan: 344.75 | Actor Loss: -0.0040 | Critic Loss: 0.0766 | Grad Norm: 1.2107 | Clipped: 3/4
Epoch [2977/4000] | Avg Makespan: 343.75 | Actor Loss: -0.0017 | Critic Loss: 0.0691 | Grad Norm: 1.4042 | Clipped: 4/4
Epoch [2978/4000] | Avg Makespan: 349.50 | Actor Loss: -0.0025 | Critic Loss: 0.1188 | Grad Norm: 1.2399 | Clipped: 3/4
Epoch [2979/4000] | Avg Makespan: 348.50 | Actor Loss: -0.0042 | Critic Loss: 0.2181 | Grad Norm: 2.0029 | Clipped: 4/4
Epoch [2980/4000] | Avg Makespan: 352.75 | Actor Loss: -0.0036 | Critic Loss: 0.1553 | Grad Norm: 1.3849 | Clipped: 4/4
Epoch [2981/4000] | Avg Makespan: 349.12 | Actor Loss: -0.0031 | Critic Loss: 0.1909 | Grad Norm: 1.8397 | Clipped: 4/4
Epoch [2982/4000] | Avg Makespan: 349.00 | Actor Loss: -0.0007 | Critic Loss: 0.0979 | Grad Norm: 1.7538 | Clipped: 4/4
Epoch [2983/4000] | Avg Makespan: 351.38 | Actor Loss: -0.0032 | Critic Loss: 0.0428 | Grad Norm: 1.1410 | Clipped: 4/4
Epoch [2984/4000] | Avg Makespan: 347.88 | Actor Loss: -0.0020 | Critic Loss: 0.0582 | Grad Norm: 1.3376 | Clipped: 4/4
Epoch [2985/4000] | Avg Makespan: 342.75 | Actor Loss: -0.0034 | Critic Loss: 0.0544 | Grad Norm: 1.6586 | Clipped: 4/4
Epoch [2986/4000] | Avg Makespan: 350.75 | Actor Loss: -0.0021 | Critic Loss: 0.0534 | Grad Norm: 2.3164 | Clipped: 4/4
Epoch [2987/4000] | Avg Makespan: 348.25 | Actor Loss: -0.0028 | Critic Loss: 0.0871 | Grad Norm: 1.5140 | Clipped: 4/4
Epoch [2988/4000] | Avg Makespan: 355.62 | Actor Loss: -0.0022 | Critic Loss: 0.1013 | Grad Norm: 1.4451 | Clipped: 4/4
Epoch [2989/4000] | Avg Makespan: 351.25 | Actor Loss: -0.0034 | Critic Loss: 0.1059 | Grad Norm: 1.3897 | Clipped: 4/4
Epoch [2990/4000] | Avg Makespan: 366.38 | Actor Loss: -0.0028 | Critic Loss: 0.2880 | Grad Norm: 2.0029 | Clipped: 4/4
Epoch [2991/4000] | Avg Makespan: 357.50 | Actor Loss: -0.0034 | Critic Loss: 0.1022 | Grad Norm: 1.1777 | Clipped: 3/4
Epoch [2992/4000] | Avg Makespan: 344.50 | Actor Loss: -0.0030 | Critic Loss: 0.2429 | Grad Norm: 1.8515 | Clipped: 4/4
Epoch [2993/4000] | Avg Makespan: 351.12 | Actor Loss: -0.0014 | Critic Loss: 0.1179 | Grad Norm: 1.3756 | Clipped: 4/4
Epoch [2994/4000] | Avg Makespan: 345.00 | Actor Loss: -0.0038 | Critic Loss: 0.0956 | Grad Norm: 1.6706 | Clipped: 4/4
Epoch [2995/4000] | Avg Makespan: 357.25 | Actor Loss: -0.0030 | Critic Loss: 0.1609 | Grad Norm: 1.9998 | Clipped: 4/4
Epoch [2996/4000] | Avg Makespan: 349.75 | Actor Loss: -0.0010 | Critic Loss: 0.0863 | Grad Norm: 2.7105 | Clipped: 4/4
Epoch [2997/4000] | Avg Makespan: 347.38 | Actor Loss: -0.0028 | Critic Loss: 0.0616 | Grad Norm: 1.6287 | Clipped: 4/4
Epoch [2998/4000] | Avg Makespan: 345.12 | Actor Loss: -0.0035 | Critic Loss: 0.1311 | Grad Norm: 1.3505 | Clipped: 4/4
Epoch [2999/4000] | Avg Makespan: 347.12 | Actor Loss: -0.0023 | Critic Loss: 0.1065 | Grad Norm: 1.2753 | Clipped: 3/4
Epoch [3000/4000] | Avg Makespan: 340.38 | Actor Loss: -0.0005 | Critic Loss: 0.1081 | Grad Norm: 1.7081 | Clipped: 4/4
   -> Validation | Samples: 280 | Makespan: 463.93 | Invalid Jobs: 0.00 | Score: 463.93
   -> Saved new best model (Val Score mean of last 5: 469.58; this eval 463.93)
   -> Saved updated training chart to /home/wei/Desktop/AMR-DFJSP/runs/20260819_144532_v10_C_s44/chart.png
Epoch [3001/4000] | Avg Makespan: 359.62 | Actor Loss: -0.0029 | Critic Loss: 0.2379 | Grad Norm: 2.0465 | Clipped: 4/4
Epoch [3002/4000] | Avg Makespan: 346.75 | Actor Loss: -0.0025 | Critic Loss: 0.0894 | Grad Norm: 2.2098 | Clipped: 4/4
Epoch [3003/4000] | Avg Makespan: 353.62 | Actor Loss: -0.0033 | Critic Loss: 0.1407 | Grad Norm: 1.3245 | Clipped: 4/4
Epoch [3004/4000] | Avg Makespan: 360.50 | Actor Loss: -0.0035 | Critic Loss: 0.2013 | Grad Norm: 1.5806 | Clipped: 4/4
Epoch [3005/4000] | Avg Makespan: 348.50 | Actor Loss: -0.0026 | Critic Loss: 0.1566 | Grad Norm: 1.2041 | Clipped: 4/4
Epoch [3006/4000] | Avg Makespan: 358.75 | Actor Loss: -0.0026 | Critic Loss: 0.0998 | Grad Norm: 1.4428 | Clipped: 3/4
Epoch [3007/4000] | Avg Makespan: 353.25 | Actor Loss: -0.0022 | Critic Loss: 0.0817 | Grad Norm: 2.3801 | Clipped: 4/4
Epoch [3008/4000] | Avg Makespan: 351.75 | Actor Loss: -0.0030 | Critic Loss: 0.1329 | Grad Norm: 1.7833 | Clipped: 4/4
Epoch [3009/4000] | Avg Makespan: 357.38 | Actor Loss: -0.0042 | Critic Loss: 0.1237 | Grad Norm: 1.6918 | Clipped: 4/4
Epoch [3010/4000] | Avg Makespan: 352.00 | Actor Loss: -0.0024 | Critic Loss: 0.0596 | Grad Norm: 1.0276 | Clipped: 2/4
Epoch [3011/4000] | Avg Makespan: 368.12 | Actor Loss: -0.0042 | Critic Loss: 0.2795 | Grad Norm: 1.5505 | Clipped: 4/4
Epoch [3012/4000] | Avg Makespan: 344.00 | Actor Loss: -0.0025 | Critic Loss: 0.1159 | Grad Norm: 1.7057 | Clipped: 4/4
Epoch [3013/4000] | Avg Makespan: 355.88 | Actor Loss: -0.0034 | Critic Loss: 0.1372 | Grad Norm: 1.2596 | Clipped: 3/4
Epoch [3014/4000] | Avg Makespan: 347.88 | Actor Loss: -0.0012 | Critic Loss: 0.1302 | Grad Norm: 2.1110 | Clipped: 4/4
Epoch [3015/4000] | Avg Makespan: 349.12 | Actor Loss: -0.0031 | Critic Loss: 0.2931 | Grad Norm: 1.9348 | Clipped: 4/4
Epoch [3016/4000] | Avg Makespan: 350.75 | Actor Loss: -0.0049 | Critic Loss: 0.0918 | Grad Norm: 1.6976 | Clipped: 4/4
Epoch [3017/4000] | Avg Makespan: 354.25 | Actor Loss: -0.0032 | Critic Loss: 0.1775 | Grad Norm: 1.5214 | Clipped: 4/4
Epoch [3018/4000] | Avg Makespan: 350.25 | Actor Loss: -0.0028 | Critic Loss: 0.1206 | Grad Norm: 2.2418 | Clipped: 4/4
Epoch [3019/4000] | Avg Makespan: 353.88 | Actor Loss: -0.0036 | Critic Loss: 0.1038 | Grad Norm: 1.9542 | Clipped: 4/4
Epoch [3020/4000] | Avg Makespan: 350.00 | Actor Loss: -0.0030 | Critic Loss: 0.0621 | Grad Norm: 1.9209 | Clipped: 4/4
Epoch [3021/4000] | Avg Makespan: 356.12 | Actor Loss: -0.0028 | Critic Loss: 0.0870 | Grad Norm: 1.6071 | Clipped: 4/4
Epoch [3022/4000] | Avg Makespan: 350.50 | Actor Loss: -0.0034 | Critic Loss: 0.0999 | Grad Norm: 1.3102 | Clipped: 3/4
Epoch [3023/4000] | Avg Makespan: 352.00 | Actor Loss: -0.0021 | Critic Loss: 0.0817 | Grad Norm: 1.6650 | Clipped: 4/4
Epoch [3024/4000] | Avg Makespan: 355.12 | Actor Loss: -0.0020 | Critic Loss: 0.0650 | Grad Norm: 2.1978 | Clipped: 4/4
Epoch [3025/4000] | Avg Makespan: 354.12 | Actor Loss: -0.0004 | Critic Loss: 0.2476 | Grad Norm: 2.6809 | Clipped: 4/4
Epoch [3026/4000] | Avg Makespan: 353.50 | Actor Loss: -0.0041 | Critic Loss: 0.1153 | Grad Norm: 1.9036 | Clipped: 4/4
Epoch [3027/4000] | Avg Makespan: 349.88 | Actor Loss: -0.0039 | Critic Loss: 0.0686 | Grad Norm: 2.0010 | Clipped: 4/4
Epoch [3028/4000] | Avg Makespan: 352.38 | Actor Loss: -0.0049 | Critic Loss: 0.0726 | Grad Norm: 1.5575 | Clipped: 4/4
Epoch [3029/4000] | Avg Makespan: 358.25 | Actor Loss: -0.0042 | Critic Loss: 0.1419 | Grad Norm: 1.3398 | Clipped: 4/4
Epoch [3030/4000] | Avg Makespan: 365.38 | Actor Loss: -0.0023 | Critic Loss: 0.5155 | Grad Norm: 2.0547 | Clipped: 4/4
Epoch [3031/4000] | Avg Makespan: 356.38 | Actor Loss: -0.0015 | Critic Loss: 0.1004 | Grad Norm: 2.3339 | Clipped: 4/4
Epoch [3032/4000] | Avg Makespan: 353.00 | Actor Loss: -0.0028 | Critic Loss: 0.1105 | Grad Norm: 1.5138 | Clipped: 4/4
Epoch [3033/4000] | Avg Makespan: 350.12 | Actor Loss: -0.0006 | Critic Loss: 0.1007 | Grad Norm: 3.0062 | Clipped: 4/4
Epoch [3034/4000] | Avg Makespan: 356.25 | Actor Loss: -0.0021 | Critic Loss: 0.1199 | Grad Norm: 2.8971 | Clipped: 4/4
Epoch [3035/4000] | Avg Makespan: 350.25 | Actor Loss: -0.0034 | Critic Loss: 0.1737 | Grad Norm: 1.4691 | Clipped: 4/4
Epoch [3036/4000] | Avg Makespan: 356.62 | Actor Loss: -0.0026 | Critic Loss: 0.1301 | Grad Norm: 2.0594 | Clipped: 4/4
Epoch [3037/4000] | Avg Makespan: 349.38 | Actor Loss: -0.0026 | Critic Loss: 0.0609 | Grad Norm: 1.5804 | Clipped: 4/4
Epoch [3038/4000] | Avg Makespan: 350.88 | Actor Loss: -0.0020 | Critic Loss: 0.0500 | Grad Norm: 1.7099 | Clipped: 4/4
Epoch [3039/4000] | Avg Makespan: 359.62 | Actor Loss: -0.0044 | Critic Loss: 0.1047 | Grad Norm: 1.5302 | Clipped: 4/4
Epoch [3040/4000] | Avg Makespan: 351.12 | Actor Loss: -0.0019 | Critic Loss: 0.0903 | Grad Norm: 1.5951 | Clipped: 4/4
Epoch [3041/4000] | Avg Makespan: 358.88 | Actor Loss: -0.0017 | Critic Loss: 0.3186 | Grad Norm: 1.3337 | Clipped: 4/4
Epoch [3042/4000] | Avg Makespan: 350.38 | Actor Loss: -0.0030 | Critic Loss: 0.0439 | Grad Norm: 1.2849 | Clipped: 3/4
Epoch [3043/4000] | Avg Makespan: 354.88 | Actor Loss: -0.0039 | Critic Loss: 0.0341 | Grad Norm: 1.8067 | Clipped: 4/4
Epoch [3044/4000] | Avg Makespan: 343.00 | Actor Loss: -0.0005 | Critic Loss: 0.1846 | Grad Norm: 2.0119 | Clipped: 4/4
Epoch [3045/4000] | Avg Makespan: 359.62 | Actor Loss: -0.0038 | Critic Loss: 0.2659 | Grad Norm: 1.3328 | Clipped: 4/4
Epoch [3046/4000] | Avg Makespan: 350.62 | Actor Loss: -0.0003 | Critic Loss: 0.1170 | Grad Norm: 1.7685 | Clipped: 4/4
Epoch [3047/4000] | Avg Makespan: 361.00 | Actor Loss: -0.0022 | Critic Loss: 0.4417 | Grad Norm: 1.3927 | Clipped: 3/4
Epoch [3048/4000] | Avg Makespan: 359.88 | Actor Loss: -0.0027 | Critic Loss: 0.1009 | Grad Norm: 2.0269 | Clipped: 4/4
Epoch [3049/4000] | Avg Makespan: 363.25 | Actor Loss: -0.0022 | Critic Loss: 0.3099 | Grad Norm: 1.6488 | Clipped: 3/4
Epoch [3050/4000] | Avg Makespan: 348.62 | Actor Loss: -0.0036 | Critic Loss: 0.1406 | Grad Norm: 2.5586 | Clipped: 4/4
Epoch [3051/4000] | Avg Makespan: 358.00 | Actor Loss: -0.0023 | Critic Loss: 0.0891 | Grad Norm: 1.7946 | Clipped: 4/4
Epoch [3052/4000] | Avg Makespan: 358.75 | Actor Loss: -0.0026 | Critic Loss: 0.1783 | Grad Norm: 1.4320 | Clipped: 4/4
Epoch [3053/4000] | Avg Makespan: 356.75 | Actor Loss: -0.0034 | Critic Loss: 0.0778 | Grad Norm: 1.6056 | Clipped: 4/4
Epoch [3054/4000] | Avg Makespan: 352.38 | Actor Loss: -0.0026 | Critic Loss: 0.1037 | Grad Norm: 1.6221 | Clipped: 4/4
Epoch [3055/4000] | Avg Makespan: 363.50 | Actor Loss: -0.0024 | Critic Loss: 0.1477 | Grad Norm: 1.7672 | Clipped: 4/4
Epoch [3056/4000] | Avg Makespan: 361.00 | Actor Loss: -0.0041 | Critic Loss: 0.0836 | Grad Norm: 1.1547 | Clipped: 3/4
Epoch [3057/4000] | Avg Makespan: 360.75 | Actor Loss: -0.0021 | Critic Loss: 0.1120 | Grad Norm: 1.2702 | Clipped: 4/4
Epoch [3058/4000] | Avg Makespan: 364.50 | Actor Loss: -0.0033 | Critic Loss: 0.2728 | Grad Norm: 1.9265 | Clipped: 4/4
Epoch [3059/4000] | Avg Makespan: 357.38 | Actor Loss: -0.0033 | Critic Loss: 0.0618 | Grad Norm: 1.3870 | Clipped: 4/4
Epoch [3060/4000] | Avg Makespan: 357.12 | Actor Loss: -0.0023 | Critic Loss: 0.1352 | Grad Norm: 1.7006 | Clipped: 4/4
Epoch [3061/4000] | Avg Makespan: 353.12 | Actor Loss: -0.0026 | Critic Loss: 0.1088 | Grad Norm: 1.3556 | Clipped: 4/4
Epoch [3062/4000] | Avg Makespan: 362.12 | Actor Loss: -0.0030 | Critic Loss: 0.2384 | Grad Norm: 1.8793 | Clipped: 4/4
Epoch [3063/4000] | Avg Makespan: 358.88 | Actor Loss: -0.0016 | Critic Loss: 0.2702 | Grad Norm: 1.4970 | Clipped: 3/4
Epoch [3064/4000] | Avg Makespan: 361.50 | Actor Loss: -0.0024 | Critic Loss: 0.2242 | Grad Norm: 1.6630 | Clipped: 4/4
Epoch [3065/4000] | Avg Makespan: 365.62 | Actor Loss: -0.0037 | Critic Loss: 0.1093 | Grad Norm: 2.0642 | Clipped: 4/4
Epoch [3066/4000] | Avg Makespan: 358.38 | Actor Loss: -0.0014 | Critic Loss: 0.0762 | Grad Norm: 1.5363 | Clipped: 4/4
Epoch [3067/4000] | Avg Makespan: 354.62 | Actor Loss: -0.0032 | Critic Loss: 0.2597 | Grad Norm: 1.2904 | Clipped: 2/4
Epoch [3068/4000] | Avg Makespan: 360.00 | Actor Loss: -0.0039 | Critic Loss: 0.0899 | Grad Norm: 2.0063 | Clipped: 4/4
Epoch [3069/4000] | Avg Makespan: 354.88 | Actor Loss: -0.0023 | Critic Loss: 0.0733 | Grad Norm: 1.7082 | Clipped: 4/4
Epoch [3070/4000] | Avg Makespan: 353.75 | Actor Loss: -0.0045 | Critic Loss: 0.0920 | Grad Norm: 2.2684 | Clipped: 4/4
Epoch [3071/4000] | Avg Makespan: 344.50 | Actor Loss: -0.0027 | Critic Loss: 0.2042 | Grad Norm: 2.1980 | Clipped: 4/4
Epoch [3072/4000] | Avg Makespan: 344.12 | Actor Loss: -0.0025 | Critic Loss: 0.1551 | Grad Norm: 1.6339 | Clipped: 4/4
Epoch [3073/4000] | Avg Makespan: 368.00 | Actor Loss: -0.0034 | Critic Loss: 0.4475 | Grad Norm: 1.4839 | Clipped: 4/4
Epoch [3074/4000] | Avg Makespan: 357.88 | Actor Loss: -0.0034 | Critic Loss: 0.1568 | Grad Norm: 1.9721 | Clipped: 4/4
Epoch [3075/4000] | Avg Makespan: 357.25 | Actor Loss: -0.0025 | Critic Loss: 0.0701 | Grad Norm: 1.4293 | Clipped: 4/4
Epoch [3076/4000] | Avg Makespan: 349.88 | Actor Loss: -0.0029 | Critic Loss: 0.1391 | Grad Norm: 1.2634 | Clipped: 3/4
Epoch [3077/4000] | Avg Makespan: 362.38 | Actor Loss: -0.0034 | Critic Loss: 0.2294 | Grad Norm: 1.4398 | Clipped: 3/4
Epoch [3078/4000] | Avg Makespan: 354.88 | Actor Loss: -0.0017 | Critic Loss: 0.1563 | Grad Norm: 1.5455 | Clipped: 4/4
Epoch [3079/4000] | Avg Makespan: 351.50 | Actor Loss: -0.0022 | Critic Loss: 0.2153 | Grad Norm: 2.0728 | Clipped: 4/4
Epoch [3080/4000] | Avg Makespan: 339.12 | Actor Loss: -0.0019 | Critic Loss: 0.1648 | Grad Norm: 3.3246 | Clipped: 4/4
Epoch [3081/4000] | Avg Makespan: 347.62 | Actor Loss: -0.0024 | Critic Loss: 0.1534 | Grad Norm: 1.1716 | Clipped: 2/4
Epoch [3082/4000] | Avg Makespan: 351.50 | Actor Loss: -0.0028 | Critic Loss: 0.1417 | Grad Norm: 1.2582 | Clipped: 3/4
Epoch [3083/4000] | Avg Makespan: 355.88 | Actor Loss: -0.0015 | Critic Loss: 0.1775 | Grad Norm: 1.7729 | Clipped: 4/4
Epoch [3084/4000] | Avg Makespan: 349.62 | Actor Loss: -0.0016 | Critic Loss: 0.1182 | Grad Norm: 1.6016 | Clipped: 4/4
Epoch [3085/4000] | Avg Makespan: 351.00 | Actor Loss: -0.0038 | Critic Loss: 0.1169 | Grad Norm: 1.3525 | Clipped: 4/4
Epoch [3086/4000] | Avg Makespan: 356.00 | Actor Loss: -0.0036 | Critic Loss: 0.1254 | Grad Norm: 1.5929 | Clipped: 4/4
Epoch [3087/4000] | Avg Makespan: 345.12 | Actor Loss: -0.0014 | Critic Loss: 0.1234 | Grad Norm: 1.9288 | Clipped: 3/4
Epoch [3088/4000] | Avg Makespan: 342.75 | Actor Loss: -0.0023 | Critic Loss: 0.1114 | Grad Norm: 1.9971 | Clipped: 4/4
Epoch [3089/4000] | Avg Makespan: 358.88 | Actor Loss: -0.0029 | Critic Loss: 0.1728 | Grad Norm: 1.4281 | Clipped: 4/4
Epoch [3090/4000] | Avg Makespan: 346.25 | Actor Loss: -0.0012 | Critic Loss: 0.0386 | Grad Norm: 1.9755 | Clipped: 4/4
Epoch [3091/4000] | Avg Makespan: 363.25 | Actor Loss: -0.0047 | Critic Loss: 0.4383 | Grad Norm: 1.6887 | Clipped: 4/4
Epoch [3092/4000] | Avg Makespan: 347.75 | Actor Loss: -0.0031 | Critic Loss: 0.1779 | Grad Norm: 1.6144 | Clipped: 4/4
Epoch [3093/4000] | Avg Makespan: 355.50 | Actor Loss: -0.0027 | Critic Loss: 0.0820 | Grad Norm: 1.3014 | Clipped: 4/4
Epoch [3094/4000] | Avg Makespan: 363.12 | Actor Loss: -0.0020 | Critic Loss: 0.4120 | Grad Norm: 1.9655 | Clipped: 4/4
Epoch [3095/4000] | Avg Makespan: 349.12 | Actor Loss: -0.0023 | Critic Loss: 0.1076 | Grad Norm: 1.3498 | Clipped: 4/4
Epoch [3096/4000] | Avg Makespan: 356.25 | Actor Loss: -0.0043 | Critic Loss: 0.1341 | Grad Norm: 1.1862 | Clipped: 4/4
Epoch [3097/4000] | Avg Makespan: 347.00 | Actor Loss: -0.0014 | Critic Loss: 0.1390 | Grad Norm: 1.6237 | Clipped: 4/4
Epoch [3098/4000] | Avg Makespan: 350.62 | Actor Loss: -0.0030 | Critic Loss: 0.1177 | Grad Norm: 1.0545 | Clipped: 4/4
Epoch [3099/4000] | Avg Makespan: 357.75 | Actor Loss: -0.0024 | Critic Loss: 0.1534 | Grad Norm: 1.6233 | Clipped: 4/4
Epoch [3100/4000] | Avg Makespan: 363.12 | Actor Loss: -0.0011 | Critic Loss: 0.2686 | Grad Norm: 1.6247 | Clipped: 4/4
   -> Validation | Samples: 280 | Makespan: 464.01 | Invalid Jobs: 0.00 | Score: 467.59
   -> Saved updated training chart to /home/wei/Desktop/AMR-DFJSP/runs/20260819_144532_v10_C_s44/chart.png
Epoch [3101/4000] | Avg Makespan: 353.25 | Actor Loss: -0.0024 | Critic Loss: 0.2442 | Grad Norm: 1.3713 | Clipped: 3/4
Epoch [3102/4000] | Avg Makespan: 361.12 | Actor Loss: -0.0038 | Critic Loss: 0.1562 | Grad Norm: 2.0211 | Clipped: 4/4
Epoch [3103/4000] | Avg Makespan: 351.00 | Actor Loss: -0.0030 | Critic Loss: 0.0693 | Grad Norm: 1.4857 | Clipped: 4/4
Epoch [3104/4000] | Avg Makespan: 345.88 | Actor Loss: -0.0026 | Critic Loss: 0.1654 | Grad Norm: 1.8128 | Clipped: 4/4
Epoch [3105/4000] | Avg Makespan: 347.12 | Actor Loss: -0.0010 | Critic Loss: 0.1255 | Grad Norm: 1.5593 | Clipped: 4/4
Epoch [3106/4000] | Avg Makespan: 350.75 | Actor Loss: -0.0026 | Critic Loss: 0.0545 | Grad Norm: 1.6155 | Clipped: 3/4
Epoch [3107/4000] | Avg Makespan: 352.88 | Actor Loss: -0.0025 | Critic Loss: 0.0471 | Grad Norm: 1.0777 | Clipped: 2/4
Epoch [3108/4000] | Avg Makespan: 347.62 | Actor Loss: -0.0021 | Critic Loss: 0.0439 | Grad Norm: 2.0040 | Clipped: 4/4
Epoch [3109/4000] | Avg Makespan: 356.38 | Actor Loss: -0.0020 | Critic Loss: 0.1474 | Grad Norm: 1.6565 | Clipped: 4/4
Epoch [3110/4000] | Avg Makespan: 344.25 | Actor Loss: -0.0033 | Critic Loss: 0.0539 | Grad Norm: 1.2001 | Clipped: 4/4
Epoch [3111/4000] | Avg Makespan: 352.00 | Actor Loss: -0.0031 | Critic Loss: 0.0700 | Grad Norm: 1.6648 | Clipped: 4/4
Epoch [3112/4000] | Avg Makespan: 359.38 | Actor Loss: -0.0033 | Critic Loss: 0.1788 | Grad Norm: 1.2984 | Clipped: 4/4
Epoch [3113/4000] | Avg Makespan: 342.00 | Actor Loss: -0.0036 | Critic Loss: 0.1206 | Grad Norm: 1.5098 | Clipped: 4/4
Epoch [3114/4000] | Avg Makespan: 353.50 | Actor Loss: -0.0026 | Critic Loss: 0.0335 | Grad Norm: 2.2310 | Clipped: 4/4
Epoch [3115/4000] | Avg Makespan: 349.25 | Actor Loss: -0.0016 | Critic Loss: 0.1098 | Grad Norm: 2.4413 | Clipped: 4/4
Epoch [3116/4000] | Avg Makespan: 351.00 | Actor Loss: -0.0025 | Critic Loss: 0.3607 | Grad Norm: 1.5847 | Clipped: 4/4
Epoch [3117/4000] | Avg Makespan: 354.88 | Actor Loss: -0.0016 | Critic Loss: 0.1882 | Grad Norm: 1.8922 | Clipped: 4/4
Epoch [3118/4000] | Avg Makespan: 367.38 | Actor Loss: -0.0020 | Critic Loss: 0.1799 | Grad Norm: 2.0621 | Clipped: 4/4
Epoch [3119/4000] | Avg Makespan: 354.25 | Actor Loss: -0.0013 | Critic Loss: 0.1078 | Grad Norm: 2.2507 | Clipped: 4/4
Epoch [3120/4000] | Avg Makespan: 352.12 | Actor Loss: -0.0020 | Critic Loss: 0.0904 | Grad Norm: 1.8150 | Clipped: 4/4
Epoch [3121/4000] | Avg Makespan: 344.12 | Actor Loss: -0.0015 | Critic Loss: 0.1824 | Grad Norm: 2.4673 | Clipped: 4/4
Epoch [3122/4000] | Avg Makespan: 355.25 | Actor Loss: -0.0024 | Critic Loss: 0.1349 | Grad Norm: 1.9370 | Clipped: 4/4
Epoch [3123/4000] | Avg Makespan: 348.25 | Actor Loss: -0.0024 | Critic Loss: 0.0719 | Grad Norm: 1.9314 | Clipped: 4/4
Epoch [3124/4000] | Avg Makespan: 348.62 | Actor Loss: -0.0025 | Critic Loss: 0.1469 | Grad Norm: 1.8062 | Clipped: 4/4
Epoch [3125/4000] | Avg Makespan: 349.25 | Actor Loss: -0.0028 | Critic Loss: 0.0613 | Grad Norm: 1.5542 | Clipped: 4/4
Epoch [3126/4000] | Avg Makespan: 357.00 | Actor Loss: -0.0014 | Critic Loss: 0.1031 | Grad Norm: 1.6692 | Clipped: 4/4
Epoch [3127/4000] | Avg Makespan: 350.75 | Actor Loss: -0.0026 | Critic Loss: 0.0947 | Grad Norm: 0.9305 | Clipped: 1/4
Epoch [3128/4000] | Avg Makespan: 349.38 | Actor Loss: -0.0024 | Critic Loss: 0.0423 | Grad Norm: 2.5295 | Clipped: 4/4
Epoch [3129/4000] | Avg Makespan: 354.38 | Actor Loss: -0.0045 | Critic Loss: 0.0790 | Grad Norm: 1.1103 | Clipped: 4/4
Epoch [3130/4000] | Avg Makespan: 350.00 | Actor Loss: -0.0025 | Critic Loss: 0.0564 | Grad Norm: 1.9946 | Clipped: 4/4
Epoch [3131/4000] | Avg Makespan: 345.50 | Actor Loss: -0.0018 | Critic Loss: 0.0443 | Grad Norm: 1.9176 | Clipped: 4/4
Epoch [3132/4000] | Avg Makespan: 348.75 | Actor Loss: -0.0025 | Critic Loss: 0.1384 | Grad Norm: 1.2193 | Clipped: 3/4
Epoch [3133/4000] | Avg Makespan: 358.00 | Actor Loss: -0.0013 | Critic Loss: 0.1020 | Grad Norm: 1.7648 | Clipped: 4/4
Epoch [3134/4000] | Avg Makespan: 353.00 | Actor Loss: -0.0021 | Critic Loss: 0.0524 | Grad Norm: 1.2446 | Clipped: 3/4
Epoch [3135/4000] | Avg Makespan: 348.88 | Actor Loss: -0.0028 | Critic Loss: 0.0808 | Grad Norm: 1.4280 | Clipped: 3/4
Epoch [3136/4000] | Avg Makespan: 361.75 | Actor Loss: -0.0014 | Critic Loss: 0.1762 | Grad Norm: 1.9289 | Clipped: 4/4
Epoch [3137/4000] | Avg Makespan: 345.62 | Actor Loss: -0.0022 | Critic Loss: 0.1420 | Grad Norm: 1.7396 | Clipped: 3/4
Epoch [3138/4000] | Avg Makespan: 357.50 | Actor Loss: -0.0025 | Critic Loss: 0.1837 | Grad Norm: 1.4210 | Clipped: 4/4
Epoch [3139/4000] | Avg Makespan: 354.38 | Actor Loss: -0.0031 | Critic Loss: 0.0540 | Grad Norm: 1.7016 | Clipped: 4/4
Epoch [3140/4000] | Avg Makespan: 346.50 | Actor Loss: -0.0017 | Critic Loss: 0.0965 | Grad Norm: 1.1374 | Clipped: 4/4
Epoch [3141/4000] | Avg Makespan: 343.25 | Actor Loss: -0.0019 | Critic Loss: 0.0697 | Grad Norm: 1.6618 | Clipped: 4/4
Epoch [3142/4000] | Avg Makespan: 355.12 | Actor Loss: -0.0036 | Critic Loss: 0.0560 | Grad Norm: 2.1152 | Clipped: 4/4
Epoch [3143/4000] | Avg Makespan: 348.62 | Actor Loss: -0.0033 | Critic Loss: 0.0365 | Grad Norm: 1.6858 | Clipped: 4/4
Epoch [3144/4000] | Avg Makespan: 358.12 | Actor Loss: -0.0029 | Critic Loss: 0.0784 | Grad Norm: 1.7507 | Clipped: 4/4
Epoch [3145/4000] | Avg Makespan: 358.62 | Actor Loss: -0.0021 | Critic Loss: 0.2921 | Grad Norm: 1.7478 | Clipped: 2/4
Epoch [3146/4000] | Avg Makespan: 353.12 | Actor Loss: -0.0018 | Critic Loss: 0.1427 | Grad Norm: 1.7763 | Clipped: 3/4
Epoch [3147/4000] | Avg Makespan: 348.62 | Actor Loss: -0.0031 | Critic Loss: 0.1313 | Grad Norm: 1.8767 | Clipped: 4/4
Epoch [3148/4000] | Avg Makespan: 356.00 | Actor Loss: -0.0022 | Critic Loss: 0.3636 | Grad Norm: 1.3682 | Clipped: 4/4
Epoch [3149/4000] | Avg Makespan: 353.12 | Actor Loss: -0.0012 | Critic Loss: 0.0486 | Grad Norm: 1.9627 | Clipped: 4/4
Epoch [3150/4000] | Avg Makespan: 350.62 | Actor Loss: -0.0033 | Critic Loss: 0.0928 | Grad Norm: 1.9001 | Clipped: 3/4
Epoch [3151/4000] | Avg Makespan: 350.12 | Actor Loss: -0.0016 | Critic Loss: 0.1040 | Grad Norm: 1.8409 | Clipped: 4/4
Epoch [3152/4000] | Avg Makespan: 364.38 | Actor Loss: -0.0021 | Critic Loss: 0.1318 | Grad Norm: 1.6137 | Clipped: 4/4
Epoch [3153/4000] | Avg Makespan: 352.25 | Actor Loss: -0.0018 | Critic Loss: 0.1373 | Grad Norm: 1.8366 | Clipped: 4/4
Epoch [3154/4000] | Avg Makespan: 352.62 | Actor Loss: -0.0015 | Critic Loss: 0.0518 | Grad Norm: 2.0894 | Clipped: 4/4
Epoch [3155/4000] | Avg Makespan: 355.00 | Actor Loss: -0.0020 | Critic Loss: 0.0695 | Grad Norm: 1.6039 | Clipped: 3/4
Epoch [3156/4000] | Avg Makespan: 344.50 | Actor Loss: -0.0026 | Critic Loss: 0.1190 | Grad Norm: 1.2412 | Clipped: 4/4
Epoch [3157/4000] | Avg Makespan: 356.62 | Actor Loss: -0.0029 | Critic Loss: 0.3144 | Grad Norm: 1.4467 | Clipped: 4/4
Epoch [3158/4000] | Avg Makespan: 354.62 | Actor Loss: -0.0027 | Critic Loss: 0.1874 | Grad Norm: 1.9610 | Clipped: 4/4
Epoch [3159/4000] | Avg Makespan: 349.75 | Actor Loss: -0.0024 | Critic Loss: 0.0827 | Grad Norm: 1.3724 | Clipped: 2/4
Epoch [3160/4000] | Avg Makespan: 356.62 | Actor Loss: -0.0023 | Critic Loss: 0.0558 | Grad Norm: 0.8969 | Clipped: 0/4
Epoch [3161/4000] | Avg Makespan: 360.25 | Actor Loss: -0.0035 | Critic Loss: 0.7605 | Grad Norm: 2.0267 | Clipped: 3/4
Epoch [3162/4000] | Avg Makespan: 359.50 | Actor Loss: -0.0020 | Critic Loss: 0.1104 | Grad Norm: 1.6561 | Clipped: 4/4
Epoch [3163/4000] | Avg Makespan: 346.12 | Actor Loss: -0.0007 | Critic Loss: 0.2341 | Grad Norm: 1.4847 | Clipped: 4/4
Epoch [3164/4000] | Avg Makespan: 356.88 | Actor Loss: -0.0024 | Critic Loss: 0.0978 | Grad Norm: 1.4139 | Clipped: 3/4
Epoch [3165/4000] | Avg Makespan: 353.00 | Actor Loss: -0.0028 | Critic Loss: 0.0634 | Grad Norm: 0.9872 | Clipped: 1/4
Epoch [3166/4000] | Avg Makespan: 350.75 | Actor Loss: -0.0030 | Critic Loss: 0.1153 | Grad Norm: 1.1962 | Clipped: 3/4
Epoch [3167/4000] | Avg Makespan: 348.88 | Actor Loss: -0.0015 | Critic Loss: 0.1169 | Grad Norm: 1.3179 | Clipped: 3/4
Epoch [3168/4000] | Avg Makespan: 345.88 | Actor Loss: -0.0018 | Critic Loss: 0.1138 | Grad Norm: 1.6255 | Clipped: 4/4
Epoch [3169/4000] | Avg Makespan: 349.62 | Actor Loss: -0.0016 | Critic Loss: 0.0989 | Grad Norm: 1.2036 | Clipped: 4/4
Epoch [3170/4000] | Avg Makespan: 349.12 | Actor Loss: -0.0017 | Critic Loss: 0.0922 | Grad Norm: 2.2749 | Clipped: 4/4
Epoch [3171/4000] | Avg Makespan: 349.12 | Actor Loss: -0.0024 | Critic Loss: 0.0607 | Grad Norm: 1.0947 | Clipped: 3/4
Epoch [3172/4000] | Avg Makespan: 355.38 | Actor Loss: -0.0016 | Critic Loss: 0.0353 | Grad Norm: 1.3786 | Clipped: 4/4
Epoch [3173/4000] | Avg Makespan: 354.38 | Actor Loss: -0.0025 | Critic Loss: 0.1345 | Grad Norm: 1.4947 | Clipped: 3/4
Epoch [3174/4000] | Avg Makespan: 350.75 | Actor Loss: -0.0044 | Critic Loss: 0.1714 | Grad Norm: 2.3101 | Clipped: 4/4
Epoch [3175/4000] | Avg Makespan: 349.62 | Actor Loss: -0.0015 | Critic Loss: 0.0937 | Grad Norm: 1.7584 | Clipped: 4/4
Epoch [3176/4000] | Avg Makespan: 349.62 | Actor Loss: -0.0029 | Critic Loss: 0.1615 | Grad Norm: 1.8820 | Clipped: 4/4
Epoch [3177/4000] | Avg Makespan: 345.38 | Actor Loss: -0.0015 | Critic Loss: 0.0884 | Grad Norm: 1.7135 | Clipped: 4/4
Epoch [3178/4000] | Avg Makespan: 366.25 | Actor Loss: -0.0021 | Critic Loss: 0.2451 | Grad Norm: 2.0097 | Clipped: 4/4
Epoch [3179/4000] | Avg Makespan: 355.88 | Actor Loss: -0.0015 | Critic Loss: 0.1218 | Grad Norm: 1.4976 | Clipped: 4/4
Epoch [3180/4000] | Avg Makespan: 355.25 | Actor Loss: -0.0031 | Critic Loss: 0.0797 | Grad Norm: 1.3275 | Clipped: 3/4
Epoch [3181/4000] | Avg Makespan: 351.50 | Actor Loss: -0.0023 | Critic Loss: 0.1061 | Grad Norm: 1.1964 | Clipped: 2/4
Epoch [3182/4000] | Avg Makespan: 355.50 | Actor Loss: -0.0016 | Critic Loss: 0.0937 | Grad Norm: 1.3131 | Clipped: 2/4
Epoch [3183/4000] | Avg Makespan: 345.00 | Actor Loss: -0.0019 | Critic Loss: 0.1371 | Grad Norm: 1.3800 | Clipped: 4/4
Epoch [3184/4000] | Avg Makespan: 360.50 | Actor Loss: -0.0028 | Critic Loss: 0.3463 | Grad Norm: 1.3927 | Clipped: 4/4
Epoch [3185/4000] | Avg Makespan: 355.38 | Actor Loss: -0.0023 | Critic Loss: 0.1348 | Grad Norm: 1.2168 | Clipped: 4/4
Epoch [3186/4000] | Avg Makespan: 354.88 | Actor Loss: -0.0036 | Critic Loss: 0.0900 | Grad Norm: 1.4370 | Clipped: 4/4
Epoch [3187/4000] | Avg Makespan: 356.50 | Actor Loss: -0.0024 | Critic Loss: 0.1052 | Grad Norm: 1.5972 | Clipped: 4/4
Epoch [3188/4000] | Avg Makespan: 360.38 | Actor Loss: -0.0029 | Critic Loss: 0.2653 | Grad Norm: 1.7064 | Clipped: 2/4
Epoch [3189/4000] | Avg Makespan: 343.50 | Actor Loss: -0.0026 | Critic Loss: 0.1131 | Grad Norm: 1.9135 | Clipped: 4/4
Epoch [3190/4000] | Avg Makespan: 353.62 | Actor Loss: -0.0032 | Critic Loss: 0.1470 | Grad Norm: 1.4022 | Clipped: 4/4
Epoch [3191/4000] | Avg Makespan: 350.38 | Actor Loss: -0.0021 | Critic Loss: 0.1025 | Grad Norm: 1.1155 | Clipped: 2/4
Epoch [3192/4000] | Avg Makespan: 350.25 | Actor Loss: -0.0020 | Critic Loss: 0.0933 | Grad Norm: 1.8152 | Clipped: 4/4
Epoch [3193/4000] | Avg Makespan: 358.00 | Actor Loss: -0.0040 | Critic Loss: 0.0647 | Grad Norm: 1.3866 | Clipped: 2/4
Epoch [3194/4000] | Avg Makespan: 348.50 | Actor Loss: -0.0025 | Critic Loss: 0.0798 | Grad Norm: 1.5575 | Clipped: 4/4
Epoch [3195/4000] | Avg Makespan: 354.38 | Actor Loss: -0.0014 | Critic Loss: 0.1039 | Grad Norm: 1.7496 | Clipped: 4/4
Epoch [3196/4000] | Avg Makespan: 356.00 | Actor Loss: -0.0035 | Critic Loss: 0.1755 | Grad Norm: 2.6242 | Clipped: 4/4
Epoch [3197/4000] | Avg Makespan: 351.50 | Actor Loss: 0.0002 | Critic Loss: 0.0459 | Grad Norm: 2.7177 | Clipped: 4/4
Epoch [3198/4000] | Avg Makespan: 344.00 | Actor Loss: -0.0033 | Critic Loss: 0.0948 | Grad Norm: 2.8502 | Clipped: 4/4
Epoch [3199/4000] | Avg Makespan: 347.50 | Actor Loss: -0.0027 | Critic Loss: 0.0818 | Grad Norm: 2.5580 | Clipped: 4/4
Epoch [3200/4000] | Avg Makespan: 353.62 | Actor Loss: -0.0019 | Critic Loss: 0.1742 | Grad Norm: 2.4774 | Clipped: 4/4
   -> Validation | Samples: 280 | Makespan: 462.00 | Invalid Jobs: 0.00 | Score: 462.00
   -> Saved new best model (Val Score mean of last 5: 467.67; this eval 462.00)
   -> Saved updated training chart to /home/wei/Desktop/AMR-DFJSP/runs/20260819_144532_v10_C_s44/chart.png
Epoch [3201/4000] | Avg Makespan: 365.00 | Actor Loss: -0.0030 | Critic Loss: 0.2427 | Grad Norm: 1.8100 | Clipped: 4/4
Epoch [3202/4000] | Avg Makespan: 352.00 | Actor Loss: -0.0017 | Critic Loss: 0.1585 | Grad Norm: 2.1281 | Clipped: 4/4
Epoch [3203/4000] | Avg Makespan: 357.00 | Actor Loss: -0.0025 | Critic Loss: 0.1833 | Grad Norm: 1.7091 | Clipped: 4/4
Epoch [3204/4000] | Avg Makespan: 358.25 | Actor Loss: -0.0013 | Critic Loss: 0.1335 | Grad Norm: 2.2868 | Clipped: 4/4
Epoch [3205/4000] | Avg Makespan: 356.12 | Actor Loss: -0.0023 | Critic Loss: 0.0998 | Grad Norm: 1.6786 | Clipped: 3/4
Epoch [3206/4000] | Avg Makespan: 361.88 | Actor Loss: -0.0011 | Critic Loss: 0.0875 | Grad Norm: 1.6303 | Clipped: 4/4
Epoch [3207/4000] | Avg Makespan: 353.62 | Actor Loss: -0.0016 | Critic Loss: 0.1075 | Grad Norm: 2.4077 | Clipped: 4/4
Epoch [3208/4000] | Avg Makespan: 350.25 | Actor Loss: -0.0015 | Critic Loss: 0.1500 | Grad Norm: 2.5225 | Clipped: 4/4
Epoch [3209/4000] | Avg Makespan: 348.00 | Actor Loss: -0.0009 | Critic Loss: 0.0873 | Grad Norm: 2.8193 | Clipped: 4/4
Epoch [3210/4000] | Avg Makespan: 352.25 | Actor Loss: -0.0024 | Critic Loss: 0.1251 | Grad Norm: 2.9370 | Clipped: 4/4
Epoch [3211/4000] | Avg Makespan: 352.25 | Actor Loss: -0.0019 | Critic Loss: 0.1151 | Grad Norm: 1.5478 | Clipped: 4/4
Epoch [3212/4000] | Avg Makespan: 342.25 | Actor Loss: -0.0022 | Critic Loss: 0.0411 | Grad Norm: 1.3906 | Clipped: 4/4
Epoch [3213/4000] | Avg Makespan: 363.88 | Actor Loss: -0.0020 | Critic Loss: 0.2321 | Grad Norm: 2.4264 | Clipped: 4/4
Epoch [3214/4000] | Avg Makespan: 347.88 | Actor Loss: -0.0016 | Critic Loss: 0.1075 | Grad Norm: 1.8027 | Clipped: 4/4
Epoch [3215/4000] | Avg Makespan: 360.38 | Actor Loss: -0.0017 | Critic Loss: 0.2726 | Grad Norm: 2.3772 | Clipped: 4/4
Epoch [3216/4000] | Avg Makespan: 342.62 | Actor Loss: -0.0026 | Critic Loss: 0.0532 | Grad Norm: 1.7836 | Clipped: 3/4
Epoch [3217/4000] | Avg Makespan: 350.00 | Actor Loss: -0.0023 | Critic Loss: 0.0492 | Grad Norm: 1.9245 | Clipped: 4/4
Epoch [3218/4000] | Avg Makespan: 343.62 | Actor Loss: -0.0020 | Critic Loss: 0.0999 | Grad Norm: 1.9168 | Clipped: 4/4
Epoch [3219/4000] | Avg Makespan: 351.50 | Actor Loss: -0.0019 | Critic Loss: 0.0994 | Grad Norm: 2.2553 | Clipped: 4/4
Epoch [3220/4000] | Avg Makespan: 355.00 | Actor Loss: -0.0026 | Critic Loss: 0.1766 | Grad Norm: 1.4863 | Clipped: 4/4
Epoch [3221/4000] | Avg Makespan: 351.75 | Actor Loss: -0.0019 | Critic Loss: 0.1410 | Grad Norm: 1.9817 | Clipped: 4/4
Epoch [3222/4000] | Avg Makespan: 366.62 | Actor Loss: -0.0006 | Critic Loss: 0.2535 | Grad Norm: 1.6132 | Clipped: 4/4
Epoch [3223/4000] | Avg Makespan: 356.25 | Actor Loss: -0.0023 | Critic Loss: 0.1431 | Grad Norm: 1.4977 | Clipped: 3/4
Epoch [3224/4000] | Avg Makespan: 358.75 | Actor Loss: -0.0010 | Critic Loss: 0.1078 | Grad Norm: 1.2896 | Clipped: 3/4
Epoch [3225/4000] | Avg Makespan: 365.25 | Actor Loss: -0.0040 | Critic Loss: 0.2051 | Grad Norm: 1.7809 | Clipped: 3/4
Epoch [3226/4000] | Avg Makespan: 343.50 | Actor Loss: -0.0027 | Critic Loss: 0.2191 | Grad Norm: 2.2090 | Clipped: 4/4
Epoch [3227/4000] | Avg Makespan: 364.50 | Actor Loss: -0.0004 | Critic Loss: 0.2323 | Grad Norm: 2.3401 | Clipped: 4/4
Epoch [3228/4000] | Avg Makespan: 358.88 | Actor Loss: -0.0024 | Critic Loss: 0.1043 | Grad Norm: 1.3647 | Clipped: 2/4
Epoch [3229/4000] | Avg Makespan: 354.00 | Actor Loss: -0.0012 | Critic Loss: 0.0991 | Grad Norm: 2.3926 | Clipped: 4/4
Epoch [3230/4000] | Avg Makespan: 357.75 | Actor Loss: -0.0023 | Critic Loss: 0.0834 | Grad Norm: 1.9588 | Clipped: 4/4
Epoch [3231/4000] | Avg Makespan: 347.50 | Actor Loss: -0.0032 | Critic Loss: 0.0812 | Grad Norm: 1.9840 | Clipped: 4/4
Epoch [3232/4000] | Avg Makespan: 355.50 | Actor Loss: -0.0020 | Critic Loss: 0.2212 | Grad Norm: 2.6053 | Clipped: 4/4
Epoch [3233/4000] | Avg Makespan: 349.62 | Actor Loss: -0.0022 | Critic Loss: 0.1996 | Grad Norm: 1.2690 | Clipped: 4/4
Epoch [3234/4000] | Avg Makespan: 350.88 | Actor Loss: -0.0015 | Critic Loss: 0.1418 | Grad Norm: 1.6949 | Clipped: 4/4
Epoch [3235/4000] | Avg Makespan: 354.38 | Actor Loss: -0.0023 | Critic Loss: 0.1579 | Grad Norm: 2.1147 | Clipped: 4/4
Epoch [3236/4000] | Avg Makespan: 359.00 | Actor Loss: -0.0015 | Critic Loss: 0.1203 | Grad Norm: 3.3095 | Clipped: 4/4
Epoch [3237/4000] | Avg Makespan: 354.12 | Actor Loss: -0.0021 | Critic Loss: 0.0761 | Grad Norm: 1.9644 | Clipped: 4/4
Epoch [3238/4000] | Avg Makespan: 356.00 | Actor Loss: -0.0013 | Critic Loss: 0.1180 | Grad Norm: 2.3725 | Clipped: 4/4
Epoch [3239/4000] | Avg Makespan: 354.00 | Actor Loss: -0.0031 | Critic Loss: 0.0659 | Grad Norm: 1.6141 | Clipped: 4/4
Epoch [3240/4000] | Avg Makespan: 354.38 | Actor Loss: -0.0024 | Critic Loss: 0.1138 | Grad Norm: 2.0193 | Clipped: 4/4
Epoch [3241/4000] | Avg Makespan: 343.62 | Actor Loss: -0.0012 | Critic Loss: 0.1127 | Grad Norm: 1.4743 | Clipped: 4/4
Epoch [3242/4000] | Avg Makespan: 356.25 | Actor Loss: -0.0036 | Critic Loss: 0.1005 | Grad Norm: 2.4613 | Clipped: 4/4
Epoch [3243/4000] | Avg Makespan: 357.12 | Actor Loss: -0.0017 | Critic Loss: 0.1749 | Grad Norm: 1.9183 | Clipped: 4/4
Epoch [3244/4000] | Avg Makespan: 347.12 | Actor Loss: -0.0021 | Critic Loss: 0.1968 | Grad Norm: 2.2251 | Clipped: 4/4
Epoch [3245/4000] | Avg Makespan: 366.00 | Actor Loss: -0.0028 | Critic Loss: 0.3091 | Grad Norm: 2.0756 | Clipped: 4/4
Epoch [3246/4000] | Avg Makespan: 357.88 | Actor Loss: -0.0012 | Critic Loss: 0.0939 | Grad Norm: 1.7827 | Clipped: 4/4
Epoch [3247/4000] | Avg Makespan: 353.25 | Actor Loss: -0.0023 | Critic Loss: 0.0597 | Grad Norm: 1.5810 | Clipped: 4/4
Epoch [3248/4000] | Avg Makespan: 354.38 | Actor Loss: -0.0022 | Critic Loss: 0.3308 | Grad Norm: 2.8142 | Clipped: 4/4
Epoch [3249/4000] | Avg Makespan: 360.50 | Actor Loss: -0.0002 | Critic Loss: 0.2733 | Grad Norm: 5.1873 | Clipped: 4/4
Epoch [3250/4000] | Avg Makespan: 357.25 | Actor Loss: -0.0021 | Critic Loss: 0.1827 | Grad Norm: 1.7436 | Clipped: 4/4
Epoch [3251/4000] | Avg Makespan: 364.50 | Actor Loss: -0.0017 | Critic Loss: 0.1048 | Grad Norm: 1.5389 | Clipped: 4/4
Epoch [3252/4000] | Avg Makespan: 354.62 | Actor Loss: -0.0024 | Critic Loss: 0.2263 | Grad Norm: 2.3418 | Clipped: 4/4
Epoch [3253/4000] | Avg Makespan: 341.25 | Actor Loss: -0.0011 | Critic Loss: 0.2506 | Grad Norm: 1.9586 | Clipped: 4/4
Epoch [3254/4000] | Avg Makespan: 354.50 | Actor Loss: -0.0032 | Critic Loss: 0.2785 | Grad Norm: 1.4010 | Clipped: 3/4
Epoch [3255/4000] | Avg Makespan: 349.75 | Actor Loss: -0.0031 | Critic Loss: 0.1200 | Grad Norm: 1.4164 | Clipped: 4/4
Epoch [3256/4000] | Avg Makespan: 360.25 | Actor Loss: -0.0015 | Critic Loss: 0.1603 | Grad Norm: 2.1109 | Clipped: 2/4
Epoch [3257/4000] | Avg Makespan: 357.62 | Actor Loss: -0.0020 | Critic Loss: 0.1551 | Grad Norm: 1.7420 | Clipped: 4/4
Epoch [3258/4000] | Avg Makespan: 359.00 | Actor Loss: -0.0025 | Critic Loss: 0.1779 | Grad Norm: 1.3134 | Clipped: 3/4
Epoch [3259/4000] | Avg Makespan: 359.88 | Actor Loss: -0.0042 | Critic Loss: 0.1381 | Grad Norm: 1.9912 | Clipped: 4/4
Epoch [3260/4000] | Avg Makespan: 362.50 | Actor Loss: -0.0011 | Critic Loss: 0.0415 | Grad Norm: 2.3922 | Clipped: 4/4
Epoch [3261/4000] | Avg Makespan: 353.88 | Actor Loss: 0.0003 | Critic Loss: 0.0670 | Grad Norm: 2.9121 | Clipped: 4/4
Epoch [3262/4000] | Avg Makespan: 348.38 | Actor Loss: -0.0012 | Critic Loss: 0.1312 | Grad Norm: 2.0605 | Clipped: 4/4
Epoch [3263/4000] | Avg Makespan: 351.12 | Actor Loss: -0.0031 | Critic Loss: 0.0627 | Grad Norm: 1.9082 | Clipped: 4/4
Epoch [3264/4000] | Avg Makespan: 357.12 | Actor Loss: -0.0019 | Critic Loss: 0.0353 | Grad Norm: 1.2675 | Clipped: 4/4
Epoch [3265/4000] | Avg Makespan: 361.00 | Actor Loss: -0.0024 | Critic Loss: 0.0931 | Grad Norm: 2.4618 | Clipped: 4/4
Epoch [3266/4000] | Avg Makespan: 348.12 | Actor Loss: -0.0007 | Critic Loss: 0.1009 | Grad Norm: 2.0014 | Clipped: 4/4
Epoch [3267/4000] | Avg Makespan: 338.50 | Actor Loss: -0.0034 | Critic Loss: 0.1896 | Grad Norm: 1.8632 | Clipped: 4/4
Epoch [3268/4000] | Avg Makespan: 353.62 | Actor Loss: -0.0038 | Critic Loss: 0.1642 | Grad Norm: 1.7907 | Clipped: 4/4
Epoch [3269/4000] | Avg Makespan: 356.88 | Actor Loss: -0.0016 | Critic Loss: 0.2967 | Grad Norm: 3.1157 | Clipped: 4/4
Epoch [3270/4000] | Avg Makespan: 351.88 | Actor Loss: -0.0011 | Critic Loss: 0.1124 | Grad Norm: 2.9149 | Clipped: 4/4
Epoch [3271/4000] | Avg Makespan: 359.00 | Actor Loss: -0.0010 | Critic Loss: 0.1063 | Grad Norm: 2.2889 | Clipped: 4/4
Epoch [3272/4000] | Avg Makespan: 351.50 | Actor Loss: -0.0013 | Critic Loss: 0.1360 | Grad Norm: 2.2880 | Clipped: 4/4
Epoch [3273/4000] | Avg Makespan: 360.25 | Actor Loss: -0.0025 | Critic Loss: 0.2011 | Grad Norm: 1.7881 | Clipped: 4/4
Epoch [3274/4000] | Avg Makespan: 353.38 | Actor Loss: -0.0033 | Critic Loss: 0.0511 | Grad Norm: 1.4011 | Clipped: 4/4
Epoch [3275/4000] | Avg Makespan: 348.62 | Actor Loss: -0.0014 | Critic Loss: 0.0706 | Grad Norm: 3.2354 | Clipped: 4/4
Epoch [3276/4000] | Avg Makespan: 365.38 | Actor Loss: -0.0031 | Critic Loss: 0.1271 | Grad Norm: 2.1804 | Clipped: 4/4
Epoch [3277/4000] | Avg Makespan: 364.38 | Actor Loss: -0.0023 | Critic Loss: 0.1718 | Grad Norm: 1.8483 | Clipped: 4/4
Epoch [3278/4000] | Avg Makespan: 364.62 | Actor Loss: -0.0016 | Critic Loss: 0.1996 | Grad Norm: 1.6748 | Clipped: 3/4
Epoch [3279/4000] | Avg Makespan: 351.88 | Actor Loss: -0.0025 | Critic Loss: 0.2569 | Grad Norm: 2.5426 | Clipped: 4/4
Epoch [3280/4000] | Avg Makespan: 354.88 | Actor Loss: -0.0016 | Critic Loss: 0.1265 | Grad Norm: 1.5493 | Clipped: 4/4
Epoch [3281/4000] | Avg Makespan: 364.62 | Actor Loss: -0.0041 | Critic Loss: 0.2877 | Grad Norm: 1.4855 | Clipped: 4/4
Epoch [3282/4000] | Avg Makespan: 351.50 | Actor Loss: -0.0020 | Critic Loss: 0.0775 | Grad Norm: 1.3002 | Clipped: 4/4
Epoch [3283/4000] | Avg Makespan: 349.25 | Actor Loss: -0.0017 | Critic Loss: 0.1503 | Grad Norm: 2.2195 | Clipped: 4/4
Epoch [3284/4000] | Avg Makespan: 361.00 | Actor Loss: -0.0027 | Critic Loss: 0.1470 | Grad Norm: 1.6444 | Clipped: 4/4
Epoch [3285/4000] | Avg Makespan: 357.38 | Actor Loss: -0.0024 | Critic Loss: 0.0958 | Grad Norm: 1.5340 | Clipped: 4/4
Epoch [3286/4000] | Avg Makespan: 341.25 | Actor Loss: -0.0018 | Critic Loss: 0.1001 | Grad Norm: 1.7122 | Clipped: 4/4
Epoch [3287/4000] | Avg Makespan: 356.75 | Actor Loss: -0.0036 | Critic Loss: 0.2434 | Grad Norm: 1.7890 | Clipped: 4/4
Epoch [3288/4000] | Avg Makespan: 353.75 | Actor Loss: -0.0020 | Critic Loss: 0.1917 | Grad Norm: 2.8042 | Clipped: 4/4
Epoch [3289/4000] | Avg Makespan: 354.50 | Actor Loss: -0.0020 | Critic Loss: 0.1368 | Grad Norm: 2.5043 | Clipped: 4/4
Epoch [3290/4000] | Avg Makespan: 354.00 | Actor Loss: -0.0022 | Critic Loss: 0.0726 | Grad Norm: 1.7636 | Clipped: 3/4
Epoch [3291/4000] | Avg Makespan: 349.75 | Actor Loss: -0.0026 | Critic Loss: 0.0567 | Grad Norm: 2.5429 | Clipped: 4/4
Epoch [3292/4000] | Avg Makespan: 346.00 | Actor Loss: -0.0025 | Critic Loss: 0.1350 | Grad Norm: 3.0797 | Clipped: 4/4
Epoch [3293/4000] | Avg Makespan: 353.25 | Actor Loss: -0.0019 | Critic Loss: 0.1206 | Grad Norm: 2.0687 | Clipped: 4/4
Epoch [3294/4000] | Avg Makespan: 348.75 | Actor Loss: -0.0026 | Critic Loss: 0.0281 | Grad Norm: 1.5394 | Clipped: 4/4
Epoch [3295/4000] | Avg Makespan: 356.12 | Actor Loss: -0.0018 | Critic Loss: 0.2298 | Grad Norm: 1.8249 | Clipped: 4/4
Epoch [3296/4000] | Avg Makespan: 350.75 | Actor Loss: -0.0006 | Critic Loss: 0.1010 | Grad Norm: 2.7272 | Clipped: 4/4
Epoch [3297/4000] | Avg Makespan: 347.62 | Actor Loss: -0.0029 | Critic Loss: 0.0661 | Grad Norm: 2.2101 | Clipped: 4/4
Epoch [3298/4000] | Avg Makespan: 360.00 | Actor Loss: -0.0012 | Critic Loss: 0.1243 | Grad Norm: 3.4287 | Clipped: 4/4
Epoch [3299/4000] | Avg Makespan: 345.50 | Actor Loss: -0.0022 | Critic Loss: 0.1006 | Grad Norm: 1.8621 | Clipped: 4/4
Epoch [3300/4000] | Avg Makespan: 351.75 | Actor Loss: -0.0020 | Critic Loss: 0.1316 | Grad Norm: 1.9228 | Clipped: 4/4
   -> Validation | Samples: 280 | Makespan: 462.11 | Invalid Jobs: 0.00 | Score: 462.11
   -> Saved new best model (Val Score mean of last 5: 466.03; this eval 462.11)
   -> Saved updated training chart to /home/wei/Desktop/AMR-DFJSP/runs/20260819_144532_v10_C_s44/chart.png
Epoch [3301/4000] | Avg Makespan: 359.88 | Actor Loss: -0.0042 | Critic Loss: 0.1149 | Grad Norm: 2.1378 | Clipped: 4/4
Epoch [3302/4000] | Avg Makespan: 352.75 | Actor Loss: -0.0021 | Critic Loss: 0.1575 | Grad Norm: 1.8478 | Clipped: 3/4
Epoch [3303/4000] | Avg Makespan: 349.88 | Actor Loss: -0.0026 | Critic Loss: 0.0870 | Grad Norm: 1.9130 | Clipped: 4/4
Epoch [3304/4000] | Avg Makespan: 349.62 | Actor Loss: -0.0023 | Critic Loss: 0.0991 | Grad Norm: 2.2995 | Clipped: 4/4
Epoch [3305/4000] | Avg Makespan: 356.00 | Actor Loss: -0.0029 | Critic Loss: 0.2421 | Grad Norm: 1.9681 | Clipped: 4/4
Epoch [3306/4000] | Avg Makespan: 344.75 | Actor Loss: -0.0023 | Critic Loss: 0.1750 | Grad Norm: 2.7924 | Clipped: 4/4
Epoch [3307/4000] | Avg Makespan: 355.12 | Actor Loss: -0.0027 | Critic Loss: 0.1973 | Grad Norm: 1.8589 | Clipped: 4/4
Epoch [3308/4000] | Avg Makespan: 356.00 | Actor Loss: -0.0031 | Critic Loss: 0.0963 | Grad Norm: 2.0486 | Clipped: 4/4
Epoch [3309/4000] | Avg Makespan: 344.00 | Actor Loss: -0.0020 | Critic Loss: 0.0958 | Grad Norm: 1.9385 | Clipped: 4/4
Epoch [3310/4000] | Avg Makespan: 354.88 | Actor Loss: -0.0007 | Critic Loss: 0.1298 | Grad Norm: 1.8499 | Clipped: 4/4
Epoch [3311/4000] | Avg Makespan: 356.12 | Actor Loss: -0.0008 | Critic Loss: 0.0621 | Grad Norm: 1.7107 | Clipped: 4/4
Epoch [3312/4000] | Avg Makespan: 364.00 | Actor Loss: -0.0020 | Critic Loss: 0.2891 | Grad Norm: 2.1092 | Clipped: 4/4
Epoch [3313/4000] | Avg Makespan: 354.75 | Actor Loss: -0.0020 | Critic Loss: 0.2673 | Grad Norm: 3.1660 | Clipped: 4/4
Epoch [3314/4000] | Avg Makespan: 353.25 | Actor Loss: -0.0040 | Critic Loss: 0.0793 | Grad Norm: 3.0249 | Clipped: 4/4
Epoch [3315/4000] | Avg Makespan: 352.00 | Actor Loss: -0.0026 | Critic Loss: 0.1646 | Grad Norm: 2.3947 | Clipped: 4/4
Epoch [3316/4000] | Avg Makespan: 348.62 | Actor Loss: -0.0034 | Critic Loss: 0.1539 | Grad Norm: 2.2411 | Clipped: 4/4
Epoch [3317/4000] | Avg Makespan: 360.00 | Actor Loss: -0.0027 | Critic Loss: 0.1211 | Grad Norm: 2.0490 | Clipped: 4/4
Epoch [3318/4000] | Avg Makespan: 353.50 | Actor Loss: -0.0016 | Critic Loss: 0.1286 | Grad Norm: 3.9623 | Clipped: 4/4
Epoch [3319/4000] | Avg Makespan: 358.88 | Actor Loss: -0.0038 | Critic Loss: 0.2348 | Grad Norm: 1.5910 | Clipped: 4/4
Epoch [3320/4000] | Avg Makespan: 361.12 | Actor Loss: -0.0019 | Critic Loss: 0.2011 | Grad Norm: 2.3114 | Clipped: 4/4
Epoch [3321/4000] | Avg Makespan: 355.88 | Actor Loss: -0.0034 | Critic Loss: 0.1383 | Grad Norm: 2.0468 | Clipped: 4/4
Epoch [3322/4000] | Avg Makespan: 350.25 | Actor Loss: -0.0033 | Critic Loss: 0.1805 | Grad Norm: 1.4195 | Clipped: 4/4
Epoch [3323/4000] | Avg Makespan: 357.38 | Actor Loss: -0.0014 | Critic Loss: 0.0977 | Grad Norm: 1.6448 | Clipped: 4/4
Epoch [3324/4000] | Avg Makespan: 364.25 | Actor Loss: -0.0031 | Critic Loss: 0.1064 | Grad Norm: 1.7738 | Clipped: 4/4
Epoch [3325/4000] | Avg Makespan: 361.75 | Actor Loss: -0.0021 | Critic Loss: 0.2127 | Grad Norm: 2.1971 | Clipped: 4/4
Epoch [3326/4000] | Avg Makespan: 353.25 | Actor Loss: -0.0030 | Critic Loss: 0.1884 | Grad Norm: 1.8231 | Clipped: 4/4
Epoch [3327/4000] | Avg Makespan: 356.62 | Actor Loss: -0.0038 | Critic Loss: 0.1036 | Grad Norm: 2.4942 | Clipped: 4/4
Epoch [3328/4000] | Avg Makespan: 356.25 | Actor Loss: -0.0023 | Critic Loss: 0.0596 | Grad Norm: 2.3348 | Clipped: 4/4
Epoch [3329/4000] | Avg Makespan: 352.50 | Actor Loss: -0.0009 | Critic Loss: 0.0495 | Grad Norm: 2.8021 | Clipped: 4/4
Epoch [3330/4000] | Avg Makespan: 346.00 | Actor Loss: -0.0030 | Critic Loss: 0.1113 | Grad Norm: 3.4768 | Clipped: 4/4
Epoch [3331/4000] | Avg Makespan: 355.38 | Actor Loss: -0.0016 | Critic Loss: 0.2245 | Grad Norm: 2.8575 | Clipped: 4/4
Epoch [3332/4000] | Avg Makespan: 356.50 | Actor Loss: -0.0024 | Critic Loss: 0.0684 | Grad Norm: 1.9706 | Clipped: 4/4
Epoch [3333/4000] | Avg Makespan: 349.12 | Actor Loss: -0.0019 | Critic Loss: 0.1158 | Grad Norm: 1.9226 | Clipped: 4/4
Epoch [3334/4000] | Avg Makespan: 342.75 | Actor Loss: -0.0028 | Critic Loss: 0.1557 | Grad Norm: 2.4635 | Clipped: 4/4
Epoch [3335/4000] | Avg Makespan: 351.75 | Actor Loss: -0.0018 | Critic Loss: 0.1323 | Grad Norm: 3.0525 | Clipped: 4/4
Epoch [3336/4000] | Avg Makespan: 369.62 | Actor Loss: -0.0017 | Critic Loss: 0.2447 | Grad Norm: 2.9278 | Clipped: 4/4
Epoch [3337/4000] | Avg Makespan: 362.38 | Actor Loss: -0.0014 | Critic Loss: 0.3408 | Grad Norm: 1.9511 | Clipped: 4/4
Epoch [3338/4000] | Avg Makespan: 357.25 | Actor Loss: -0.0033 | Critic Loss: 0.4061 | Grad Norm: 2.0402 | Clipped: 4/4
Epoch [3339/4000] | Avg Makespan: 352.12 | Actor Loss: -0.0027 | Critic Loss: 0.1054 | Grad Norm: 1.5352 | Clipped: 4/4
Epoch [3340/4000] | Avg Makespan: 354.12 | Actor Loss: -0.0015 | Critic Loss: 0.0865 | Grad Norm: 2.6141 | Clipped: 4/4
Epoch [3341/4000] | Avg Makespan: 350.75 | Actor Loss: -0.0024 | Critic Loss: 0.1261 | Grad Norm: 1.6000 | Clipped: 3/4
Epoch [3342/4000] | Avg Makespan: 359.62 | Actor Loss: -0.0023 | Critic Loss: 0.3393 | Grad Norm: 2.1493 | Clipped: 4/4
Epoch [3343/4000] | Avg Makespan: 355.75 | Actor Loss: -0.0023 | Critic Loss: 0.0795 | Grad Norm: 1.6204 | Clipped: 4/4
Epoch [3344/4000] | Avg Makespan: 351.88 | Actor Loss: -0.0023 | Critic Loss: 0.1162 | Grad Norm: 1.9380 | Clipped: 4/4
Epoch [3345/4000] | Avg Makespan: 358.75 | Actor Loss: -0.0021 | Critic Loss: 0.0993 | Grad Norm: 2.3003 | Clipped: 4/4
Epoch [3346/4000] | Avg Makespan: 359.38 | Actor Loss: -0.0005 | Critic Loss: 0.5446 | Grad Norm: 1.8236 | Clipped: 4/4
Epoch [3347/4000] | Avg Makespan: 361.00 | Actor Loss: -0.0028 | Critic Loss: 0.1219 | Grad Norm: 2.9349 | Clipped: 4/4
Epoch [3348/4000] | Avg Makespan: 362.50 | Actor Loss: -0.0016 | Critic Loss: 0.2465 | Grad Norm: 1.6263 | Clipped: 4/4
Epoch [3349/4000] | Avg Makespan: 345.12 | Actor Loss: -0.0024 | Critic Loss: 0.1300 | Grad Norm: 2.0980 | Clipped: 4/4
Epoch [3350/4000] | Avg Makespan: 353.25 | Actor Loss: -0.0011 | Critic Loss: 0.0639 | Grad Norm: 2.6065 | Clipped: 4/4
Epoch [3351/4000] | Avg Makespan: 357.38 | Actor Loss: -0.0018 | Critic Loss: 0.2682 | Grad Norm: 2.6679 | Clipped: 4/4
Epoch [3352/4000] | Avg Makespan: 349.12 | Actor Loss: -0.0026 | Critic Loss: 0.2366 | Grad Norm: 1.8229 | Clipped: 4/4
Epoch [3353/4000] | Avg Makespan: 358.25 | Actor Loss: -0.0026 | Critic Loss: 0.0569 | Grad Norm: 1.7050 | Clipped: 4/4
Epoch [3354/4000] | Avg Makespan: 362.12 | Actor Loss: -0.0016 | Critic Loss: 0.5668 | Grad Norm: 1.6491 | Clipped: 4/4
Epoch [3355/4000] | Avg Makespan: 357.75 | Actor Loss: -0.0018 | Critic Loss: 0.0920 | Grad Norm: 3.1406 | Clipped: 4/4
Epoch [3356/4000] | Avg Makespan: 358.00 | Actor Loss: 0.0025 | Critic Loss: 0.1989 | Grad Norm: 8.1512 | Clipped: 4/4
Epoch [3357/4000] | Avg Makespan: 347.12 | Actor Loss: -0.0025 | Critic Loss: 0.2130 | Grad Norm: 2.3437 | Clipped: 4/4
Epoch [3358/4000] | Avg Makespan: 356.62 | Actor Loss: -0.0020 | Critic Loss: 0.1560 | Grad Norm: 3.3075 | Clipped: 4/4
Epoch [3359/4000] | Avg Makespan: 353.25 | Actor Loss: -0.0019 | Critic Loss: 0.0835 | Grad Norm: 1.8051 | Clipped: 4/4
Epoch [3360/4000] | Avg Makespan: 344.38 | Actor Loss: -0.0031 | Critic Loss: 0.0623 | Grad Norm: 2.4176 | Clipped: 4/4
Epoch [3361/4000] | Avg Makespan: 354.88 | Actor Loss: -0.0029 | Critic Loss: 0.1902 | Grad Norm: 3.4477 | Clipped: 4/4
Epoch [3362/4000] | Avg Makespan: 360.12 | Actor Loss: -0.0024 | Critic Loss: 0.2508 | Grad Norm: 3.2081 | Clipped: 4/4
Epoch [3363/4000] | Avg Makespan: 353.00 | Actor Loss: -0.0017 | Critic Loss: 0.1216 | Grad Norm: 1.9391 | Clipped: 4/4
Epoch [3364/4000] | Avg Makespan: 351.00 | Actor Loss: -0.0035 | Critic Loss: 0.1255 | Grad Norm: 2.5571 | Clipped: 4/4
Epoch [3365/4000] | Avg Makespan: 348.25 | Actor Loss: -0.0024 | Critic Loss: 0.1539 | Grad Norm: 2.0665 | Clipped: 4/4
Epoch [3366/4000] | Avg Makespan: 346.88 | Actor Loss: -0.0022 | Critic Loss: 0.0830 | Grad Norm: 1.6893 | Clipped: 4/4
Epoch [3367/4000] | Avg Makespan: 347.50 | Actor Loss: -0.0028 | Critic Loss: 0.1744 | Grad Norm: 2.3566 | Clipped: 4/4
Epoch [3368/4000] | Avg Makespan: 352.38 | Actor Loss: -0.0024 | Critic Loss: 0.1696 | Grad Norm: 1.8494 | Clipped: 4/4
Epoch [3369/4000] | Avg Makespan: 352.88 | Actor Loss: -0.0019 | Critic Loss: 0.1305 | Grad Norm: 2.2225 | Clipped: 4/4
Epoch [3370/4000] | Avg Makespan: 352.62 | Actor Loss: -0.0018 | Critic Loss: 0.1214 | Grad Norm: 2.9315 | Clipped: 4/4
Epoch [3371/4000] | Avg Makespan: 349.12 | Actor Loss: -0.0021 | Critic Loss: 0.0391 | Grad Norm: 2.1986 | Clipped: 4/4
Epoch [3372/4000] | Avg Makespan: 353.75 | Actor Loss: -0.0025 | Critic Loss: 0.1462 | Grad Norm: 1.8046 | Clipped: 4/4
Epoch [3373/4000] | Avg Makespan: 338.38 | Actor Loss: -0.0014 | Critic Loss: 0.1273 | Grad Norm: 1.7474 | Clipped: 4/4
Epoch [3374/4000] | Avg Makespan: 350.62 | Actor Loss: -0.0016 | Critic Loss: 0.1381 | Grad Norm: 2.3086 | Clipped: 4/4
Epoch [3375/4000] | Avg Makespan: 356.75 | Actor Loss: -0.0014 | Critic Loss: 0.4713 | Grad Norm: 1.1045 | Clipped: 3/4
Epoch [3376/4000] | Avg Makespan: 347.12 | Actor Loss: -0.0036 | Critic Loss: 0.0935 | Grad Norm: 2.7956 | Clipped: 4/4
Epoch [3377/4000] | Avg Makespan: 361.75 | Actor Loss: -0.0018 | Critic Loss: 0.3339 | Grad Norm: 1.5159 | Clipped: 4/4
Epoch [3378/4000] | Avg Makespan: 357.12 | Actor Loss: -0.0006 | Critic Loss: 0.0962 | Grad Norm: 1.7084 | Clipped: 4/4
Epoch [3379/4000] | Avg Makespan: 356.75 | Actor Loss: -0.0036 | Critic Loss: 0.1598 | Grad Norm: 2.9501 | Clipped: 4/4
Epoch [3380/4000] | Avg Makespan: 348.75 | Actor Loss: -0.0023 | Critic Loss: 0.2101 | Grad Norm: 1.9322 | Clipped: 4/4
Epoch [3381/4000] | Avg Makespan: 370.62 | Actor Loss: -0.0038 | Critic Loss: 0.2584 | Grad Norm: 2.4660 | Clipped: 4/4
Epoch [3382/4000] | Avg Makespan: 350.00 | Actor Loss: -0.0022 | Critic Loss: 0.1320 | Grad Norm: 2.2538 | Clipped: 4/4
Epoch [3383/4000] | Avg Makespan: 350.50 | Actor Loss: -0.0028 | Critic Loss: 0.3976 | Grad Norm: 2.6311 | Clipped: 4/4
Epoch [3384/4000] | Avg Makespan: 353.50 | Actor Loss: -0.0005 | Critic Loss: 0.1909 | Grad Norm: 2.0243 | Clipped: 4/4
Epoch [3385/4000] | Avg Makespan: 346.88 | Actor Loss: -0.0007 | Critic Loss: 0.1136 | Grad Norm: 2.1012 | Clipped: 4/4
Epoch [3386/4000] | Avg Makespan: 356.88 | Actor Loss: -0.0028 | Critic Loss: 0.1340 | Grad Norm: 2.3572 | Clipped: 4/4
Epoch [3387/4000] | Avg Makespan: 360.38 | Actor Loss: -0.0018 | Critic Loss: 0.1622 | Grad Norm: 1.8528 | Clipped: 4/4
Epoch [3388/4000] | Avg Makespan: 343.75 | Actor Loss: -0.0018 | Critic Loss: 0.1600 | Grad Norm: 2.1498 | Clipped: 4/4
Epoch [3389/4000] | Avg Makespan: 350.75 | Actor Loss: -0.0035 | Critic Loss: 0.1283 | Grad Norm: 1.4294 | Clipped: 4/4
Epoch [3390/4000] | Avg Makespan: 354.88 | Actor Loss: -0.0032 | Critic Loss: 0.1485 | Grad Norm: 2.1138 | Clipped: 4/4
Epoch [3391/4000] | Avg Makespan: 350.12 | Actor Loss: -0.0036 | Critic Loss: 0.1325 | Grad Norm: 2.8605 | Clipped: 4/4
Epoch [3392/4000] | Avg Makespan: 360.12 | Actor Loss: -0.0020 | Critic Loss: 0.1310 | Grad Norm: 2.7322 | Clipped: 4/4
Epoch [3393/4000] | Avg Makespan: 346.50 | Actor Loss: -0.0021 | Critic Loss: 0.0977 | Grad Norm: 2.4984 | Clipped: 4/4
Epoch [3394/4000] | Avg Makespan: 359.88 | Actor Loss: -0.0024 | Critic Loss: 0.1012 | Grad Norm: 2.1629 | Clipped: 4/4
Epoch [3395/4000] | Avg Makespan: 351.00 | Actor Loss: -0.0032 | Critic Loss: 0.1960 | Grad Norm: 3.2029 | Clipped: 4/4
Epoch [3396/4000] | Avg Makespan: 359.88 | Actor Loss: -0.0009 | Critic Loss: 0.0304 | Grad Norm: 2.1529 | Clipped: 4/4
Epoch [3397/4000] | Avg Makespan: 359.00 | Actor Loss: -0.0022 | Critic Loss: 0.1077 | Grad Norm: 2.9731 | Clipped: 4/4
Epoch [3398/4000] | Avg Makespan: 350.88 | Actor Loss: -0.0018 | Critic Loss: 0.1001 | Grad Norm: 1.3582 | Clipped: 4/4
Epoch [3399/4000] | Avg Makespan: 356.12 | Actor Loss: -0.0017 | Critic Loss: 0.1035 | Grad Norm: 1.7613 | Clipped: 4/4
Epoch [3400/4000] | Avg Makespan: 350.88 | Actor Loss: -0.0041 | Critic Loss: 0.0643 | Grad Norm: 1.8157 | Clipped: 4/4
   -> Validation | Samples: 280 | Makespan: 466.07 | Invalid Jobs: 0.00 | Score: 469.65
   -> Saved new best model (Val Score mean of last 5: 465.05; this eval 469.65)
   -> Saved updated training chart to /home/wei/Desktop/AMR-DFJSP/runs/20260819_144532_v10_C_s44/chart.png
Epoch [3401/4000] | Avg Makespan: 362.38 | Actor Loss: -0.0012 | Critic Loss: 0.1954 | Grad Norm: 3.7950 | Clipped: 4/4
Epoch [3402/4000] | Avg Makespan: 369.12 | Actor Loss: -0.0004 | Critic Loss: 0.3923 | Grad Norm: 2.8124 | Clipped: 4/4
Epoch [3403/4000] | Avg Makespan: 349.25 | Actor Loss: -0.0040 | Critic Loss: 0.0822 | Grad Norm: 2.3683 | Clipped: 4/4
Epoch [3404/4000] | Avg Makespan: 359.88 | Actor Loss: -0.0018 | Critic Loss: 0.1122 | Grad Norm: 2.1493 | Clipped: 4/4
Epoch [3405/4000] | Avg Makespan: 346.38 | Actor Loss: -0.0023 | Critic Loss: 0.1421 | Grad Norm: 2.7043 | Clipped: 4/4
Epoch [3406/4000] | Avg Makespan: 355.00 | Actor Loss: -0.0022 | Critic Loss: 0.2694 | Grad Norm: 2.2475 | Clipped: 4/4
Epoch [3407/4000] | Avg Makespan: 361.88 | Actor Loss: -0.0024 | Critic Loss: 0.3436 | Grad Norm: 2.1823 | Clipped: 4/4
Epoch [3408/4000] | Avg Makespan: 356.00 | Actor Loss: -0.0008 | Critic Loss: 0.1444 | Grad Norm: 1.8973 | Clipped: 4/4
Epoch [3409/4000] | Avg Makespan: 351.25 | Actor Loss: -0.0023 | Critic Loss: 0.1093 | Grad Norm: 1.4174 | Clipped: 4/4
Epoch [3410/4000] | Avg Makespan: 347.62 | Actor Loss: -0.0021 | Critic Loss: 0.1000 | Grad Norm: 2.0682 | Clipped: 4/4
Epoch [3411/4000] | Avg Makespan: 359.25 | Actor Loss: -0.0018 | Critic Loss: 0.1781 | Grad Norm: 2.6099 | Clipped: 4/4
Epoch [3412/4000] | Avg Makespan: 346.12 | Actor Loss: -0.0017 | Critic Loss: 0.1034 | Grad Norm: 2.2654 | Clipped: 4/4
Epoch [3413/4000] | Avg Makespan: 358.00 | Actor Loss: -0.0028 | Critic Loss: 0.1257 | Grad Norm: 2.3059 | Clipped: 4/4
Epoch [3414/4000] | Avg Makespan: 357.38 | Actor Loss: -0.0026 | Critic Loss: 0.1066 | Grad Norm: 2.1801 | Clipped: 4/4
Epoch [3415/4000] | Avg Makespan: 356.50 | Actor Loss: -0.0018 | Critic Loss: 0.0763 | Grad Norm: 1.7772 | Clipped: 4/4
Epoch [3416/4000] | Avg Makespan: 360.12 | Actor Loss: -0.0020 | Critic Loss: 0.1342 | Grad Norm: 1.7347 | Clipped: 4/4
Epoch [3417/4000] | Avg Makespan: 358.38 | Actor Loss: -0.0034 | Critic Loss: 0.0377 | Grad Norm: 1.4272 | Clipped: 4/4
Epoch [3418/4000] | Avg Makespan: 348.00 | Actor Loss: -0.0019 | Critic Loss: 0.0792 | Grad Norm: 2.0249 | Clipped: 4/4
Epoch [3419/4000] | Avg Makespan: 341.25 | Actor Loss: -0.0014 | Critic Loss: 0.2492 | Grad Norm: 1.8663 | Clipped: 4/4
Epoch [3420/4000] | Avg Makespan: 362.12 | Actor Loss: -0.0017 | Critic Loss: 0.2613 | Grad Norm: 1.7375 | Clipped: 4/4
Epoch [3421/4000] | Avg Makespan: 353.00 | Actor Loss: -0.0019 | Critic Loss: 0.1152 | Grad Norm: 1.6091 | Clipped: 4/4
Epoch [3422/4000] | Avg Makespan: 354.00 | Actor Loss: -0.0017 | Critic Loss: 0.0491 | Grad Norm: 3.2911 | Clipped: 4/4
Epoch [3423/4000] | Avg Makespan: 347.75 | Actor Loss: -0.0006 | Critic Loss: 0.1149 | Grad Norm: 1.9973 | Clipped: 4/4
Epoch [3424/4000] | Avg Makespan: 349.00 | Actor Loss: -0.0018 | Critic Loss: 0.1184 | Grad Norm: 1.5138 | Clipped: 4/4
Epoch [3425/4000] | Avg Makespan: 349.75 | Actor Loss: -0.0030 | Critic Loss: 0.1306 | Grad Norm: 1.5400 | Clipped: 4/4
Epoch [3426/4000] | Avg Makespan: 353.38 | Actor Loss: -0.0024 | Critic Loss: 0.0983 | Grad Norm: 1.6393 | Clipped: 4/4
Epoch [3427/4000] | Avg Makespan: 346.88 | Actor Loss: -0.0021 | Critic Loss: 0.1166 | Grad Norm: 1.3422 | Clipped: 4/4
Epoch [3428/4000] | Avg Makespan: 351.12 | Actor Loss: -0.0016 | Critic Loss: 0.0924 | Grad Norm: 1.7772 | Clipped: 4/4
Epoch [3429/4000] | Avg Makespan: 358.50 | Actor Loss: -0.0004 | Critic Loss: 0.1998 | Grad Norm: 1.8815 | Clipped: 4/4
Epoch [3430/4000] | Avg Makespan: 345.75 | Actor Loss: -0.0017 | Critic Loss: 0.0566 | Grad Norm: 1.5394 | Clipped: 4/4
Epoch [3431/4000] | Avg Makespan: 358.62 | Actor Loss: -0.0013 | Critic Loss: 0.6517 | Grad Norm: 2.1624 | Clipped: 4/4
Epoch [3432/4000] | Avg Makespan: 350.88 | Actor Loss: -0.0033 | Critic Loss: 0.1041 | Grad Norm: 1.5991 | Clipped: 4/4
Epoch [3433/4000] | Avg Makespan: 351.50 | Actor Loss: -0.0018 | Critic Loss: 0.0434 | Grad Norm: 1.8560 | Clipped: 4/4
Epoch [3434/4000] | Avg Makespan: 354.25 | Actor Loss: -0.0021 | Critic Loss: 0.1786 | Grad Norm: 1.4741 | Clipped: 4/4
Epoch [3435/4000] | Avg Makespan: 356.12 | Actor Loss: -0.0016 | Critic Loss: 0.1081 | Grad Norm: 2.1136 | Clipped: 4/4
Epoch [3436/4000] | Avg Makespan: 343.88 | Actor Loss: -0.0022 | Critic Loss: 0.0592 | Grad Norm: 1.1655 | Clipped: 4/4
Epoch [3437/4000] | Avg Makespan: 348.62 | Actor Loss: -0.0022 | Critic Loss: 0.0712 | Grad Norm: 1.3894 | Clipped: 4/4
Epoch [3438/4000] | Avg Makespan: 351.50 | Actor Loss: -0.0008 | Critic Loss: 0.1685 | Grad Norm: 3.0927 | Clipped: 4/4
Epoch [3439/4000] | Avg Makespan: 357.12 | Actor Loss: -0.0013 | Critic Loss: 0.3701 | Grad Norm: 2.4725 | Clipped: 4/4
Epoch [3440/4000] | Avg Makespan: 357.88 | Actor Loss: -0.0014 | Critic Loss: 0.1379 | Grad Norm: 2.2721 | Clipped: 4/4
Epoch [3441/4000] | Avg Makespan: 362.62 | Actor Loss: -0.0018 | Critic Loss: 0.2474 | Grad Norm: 2.6662 | Clipped: 4/4
Epoch [3442/4000] | Avg Makespan: 350.75 | Actor Loss: -0.0018 | Critic Loss: 0.1305 | Grad Norm: 1.9931 | Clipped: 4/4
Epoch [3443/4000] | Avg Makespan: 355.00 | Actor Loss: -0.0025 | Critic Loss: 0.0794 | Grad Norm: 1.7361 | Clipped: 4/4
Epoch [3444/4000] | Avg Makespan: 360.62 | Actor Loss: -0.0026 | Critic Loss: 0.0781 | Grad Norm: 1.2375 | Clipped: 2/4
Epoch [3445/4000] | Avg Makespan: 353.62 | Actor Loss: -0.0010 | Critic Loss: 0.2064 | Grad Norm: 1.2319 | Clipped: 2/4
Epoch [3446/4000] | Avg Makespan: 348.12 | Actor Loss: -0.0032 | Critic Loss: 0.1194 | Grad Norm: 2.2905 | Clipped: 4/4
Epoch [3447/4000] | Avg Makespan: 352.75 | Actor Loss: -0.0007 | Critic Loss: 0.1335 | Grad Norm: 2.3496 | Clipped: 4/4
Epoch [3448/4000] | Avg Makespan: 354.00 | Actor Loss: -0.0018 | Critic Loss: 0.1363 | Grad Norm: 1.6022 | Clipped: 4/4
Epoch [3449/4000] | Avg Makespan: 360.00 | Actor Loss: -0.0017 | Critic Loss: 0.3288 | Grad Norm: 1.9502 | Clipped: 4/4
Epoch [3450/4000] | Avg Makespan: 355.12 | Actor Loss: -0.0008 | Critic Loss: 0.1771 | Grad Norm: 1.6254 | Clipped: 4/4
Epoch [3451/4000] | Avg Makespan: 352.25 | Actor Loss: -0.0019 | Critic Loss: 0.0407 | Grad Norm: 1.4614 | Clipped: 4/4
Epoch [3452/4000] | Avg Makespan: 358.62 | Actor Loss: -0.0026 | Critic Loss: 0.1434 | Grad Norm: 1.8639 | Clipped: 4/4
Epoch [3453/4000] | Avg Makespan: 352.25 | Actor Loss: -0.0014 | Critic Loss: 0.0853 | Grad Norm: 1.7507 | Clipped: 4/4
Epoch [3454/4000] | Avg Makespan: 346.88 | Actor Loss: -0.0016 | Critic Loss: 0.1466 | Grad Norm: 1.3288 | Clipped: 4/4
Epoch [3455/4000] | Avg Makespan: 354.12 | Actor Loss: -0.0024 | Critic Loss: 0.0724 | Grad Norm: 1.9248 | Clipped: 4/4
Epoch [3456/4000] | Avg Makespan: 350.38 | Actor Loss: -0.0013 | Critic Loss: 0.1325 | Grad Norm: 2.3565 | Clipped: 4/4
Epoch [3457/4000] | Avg Makespan: 351.62 | Actor Loss: -0.0012 | Critic Loss: 0.0608 | Grad Norm: 1.8610 | Clipped: 4/4
Epoch [3458/4000] | Avg Makespan: 362.50 | Actor Loss: -0.0010 | Critic Loss: 0.0987 | Grad Norm: 1.3841 | Clipped: 4/4
Epoch [3459/4000] | Avg Makespan: 363.88 | Actor Loss: -0.0016 | Critic Loss: 0.1120 | Grad Norm: 2.1812 | Clipped: 3/4
Epoch [3460/4000] | Avg Makespan: 349.38 | Actor Loss: -0.0020 | Critic Loss: 0.0857 | Grad Norm: 1.8992 | Clipped: 4/4
Epoch [3461/4000] | Avg Makespan: 353.62 | Actor Loss: -0.0020 | Critic Loss: 0.0962 | Grad Norm: 1.9729 | Clipped: 4/4
Epoch [3462/4000] | Avg Makespan: 351.25 | Actor Loss: -0.0026 | Critic Loss: 0.1120 | Grad Norm: 3.0542 | Clipped: 4/4
Epoch [3463/4000] | Avg Makespan: 363.62 | Actor Loss: -0.0009 | Critic Loss: 0.5807 | Grad Norm: 2.3300 | Clipped: 4/4
Epoch [3464/4000] | Avg Makespan: 352.00 | Actor Loss: -0.0024 | Critic Loss: 0.0952 | Grad Norm: 1.3250 | Clipped: 4/4
Epoch [3465/4000] | Avg Makespan: 350.62 | Actor Loss: -0.0025 | Critic Loss: 0.1329 | Grad Norm: 1.4478 | Clipped: 4/4
Epoch [3466/4000] | Avg Makespan: 348.38 | Actor Loss: -0.0024 | Critic Loss: 0.1298 | Grad Norm: 1.7182 | Clipped: 4/4
Epoch [3467/4000] | Avg Makespan: 353.12 | Actor Loss: -0.0018 | Critic Loss: 0.0858 | Grad Norm: 1.4516 | Clipped: 4/4
Epoch [3468/4000] | Avg Makespan: 347.50 | Actor Loss: -0.0016 | Critic Loss: 0.2527 | Grad Norm: 1.6693 | Clipped: 4/4
Epoch [3469/4000] | Avg Makespan: 350.38 | Actor Loss: -0.0005 | Critic Loss: 0.0815 | Grad Norm: 1.8392 | Clipped: 4/4
Epoch [3470/4000] | Avg Makespan: 355.00 | Actor Loss: -0.0031 | Critic Loss: 0.1014 | Grad Norm: 1.3083 | Clipped: 3/4
Epoch [3471/4000] | Avg Makespan: 350.25 | Actor Loss: -0.0026 | Critic Loss: 0.0643 | Grad Norm: 1.2370 | Clipped: 2/4
Epoch [3472/4000] | Avg Makespan: 351.50 | Actor Loss: -0.0017 | Critic Loss: 0.1543 | Grad Norm: 1.4351 | Clipped: 4/4
Epoch [3473/4000] | Avg Makespan: 351.75 | Actor Loss: -0.0014 | Critic Loss: 0.0669 | Grad Norm: 1.5414 | Clipped: 4/4
Epoch [3474/4000] | Avg Makespan: 362.00 | Actor Loss: -0.0013 | Critic Loss: 0.2007 | Grad Norm: 1.9254 | Clipped: 4/4
Epoch [3475/4000] | Avg Makespan: 356.50 | Actor Loss: -0.0017 | Critic Loss: 0.1928 | Grad Norm: 1.5197 | Clipped: 3/4
Epoch [3476/4000] | Avg Makespan: 352.50 | Actor Loss: -0.0017 | Critic Loss: 0.1103 | Grad Norm: 1.9617 | Clipped: 4/4
Epoch [3477/4000] | Avg Makespan: 346.88 | Actor Loss: -0.0031 | Critic Loss: 0.1038 | Grad Norm: 2.6473 | Clipped: 4/4
Epoch [3478/4000] | Avg Makespan: 353.38 | Actor Loss: -0.0023 | Critic Loss: 0.1466 | Grad Norm: 1.9008 | Clipped: 4/4
Epoch [3479/4000] | Avg Makespan: 358.38 | Actor Loss: -0.0032 | Critic Loss: 0.0684 | Grad Norm: 1.6497 | Clipped: 4/4
Epoch [3480/4000] | Avg Makespan: 351.75 | Actor Loss: -0.0017 | Critic Loss: 0.1545 | Grad Norm: 2.1310 | Clipped: 4/4
Epoch [3481/4000] | Avg Makespan: 357.75 | Actor Loss: -0.0031 | Critic Loss: 0.1079 | Grad Norm: 2.3199 | Clipped: 3/4
Epoch [3482/4000] | Avg Makespan: 350.62 | Actor Loss: -0.0015 | Critic Loss: 0.0590 | Grad Norm: 1.3549 | Clipped: 4/4
Epoch [3483/4000] | Avg Makespan: 353.00 | Actor Loss: -0.0023 | Critic Loss: 0.1654 | Grad Norm: 1.0351 | Clipped: 2/4
Epoch [3484/4000] | Avg Makespan: 362.25 | Actor Loss: -0.0021 | Critic Loss: 0.1831 | Grad Norm: 1.3575 | Clipped: 4/4
Epoch [3485/4000] | Avg Makespan: 351.25 | Actor Loss: -0.0016 | Critic Loss: 0.1266 | Grad Norm: 2.0402 | Clipped: 2/4
Epoch [3486/4000] | Avg Makespan: 364.38 | Actor Loss: -0.0011 | Critic Loss: 0.4696 | Grad Norm: 2.1556 | Clipped: 4/4
Epoch [3487/4000] | Avg Makespan: 356.50 | Actor Loss: -0.0010 | Critic Loss: 0.1857 | Grad Norm: 1.6165 | Clipped: 4/4
Epoch [3488/4000] | Avg Makespan: 353.62 | Actor Loss: -0.0020 | Critic Loss: 0.1695 | Grad Norm: 1.5493 | Clipped: 4/4
Epoch [3489/4000] | Avg Makespan: 357.12 | Actor Loss: -0.0006 | Critic Loss: 0.0971 | Grad Norm: 1.1498 | Clipped: 4/4
Epoch [3490/4000] | Avg Makespan: 350.12 | Actor Loss: -0.0017 | Critic Loss: 0.1955 | Grad Norm: 1.8714 | Clipped: 4/4
Epoch [3491/4000] | Avg Makespan: 349.12 | Actor Loss: -0.0037 | Critic Loss: 0.0682 | Grad Norm: 1.9365 | Clipped: 4/4
Epoch [3492/4000] | Avg Makespan: 349.62 | Actor Loss: -0.0022 | Critic Loss: 0.0897 | Grad Norm: 1.7883 | Clipped: 4/4
Epoch [3493/4000] | Avg Makespan: 356.75 | Actor Loss: -0.0011 | Critic Loss: 0.0948 | Grad Norm: 1.4951 | Clipped: 4/4
Epoch [3494/4000] | Avg Makespan: 361.12 | Actor Loss: -0.0022 | Critic Loss: 0.2740 | Grad Norm: 1.7368 | Clipped: 4/4
Epoch [3495/4000] | Avg Makespan: 355.62 | Actor Loss: -0.0016 | Critic Loss: 0.2367 | Grad Norm: 1.1555 | Clipped: 3/4
Epoch [3496/4000] | Avg Makespan: 346.88 | Actor Loss: -0.0014 | Critic Loss: 0.2296 | Grad Norm: 1.8285 | Clipped: 4/4
Epoch [3497/4000] | Avg Makespan: 361.88 | Actor Loss: -0.0020 | Critic Loss: 0.2589 | Grad Norm: 1.3421 | Clipped: 3/4
Epoch [3498/4000] | Avg Makespan: 348.62 | Actor Loss: -0.0010 | Critic Loss: 0.1126 | Grad Norm: 1.9552 | Clipped: 4/4
Epoch [3499/4000] | Avg Makespan: 348.62 | Actor Loss: -0.0015 | Critic Loss: 0.0937 | Grad Norm: 1.2375 | Clipped: 4/4
Epoch [3500/4000] | Avg Makespan: 346.50 | Actor Loss: -0.0019 | Critic Loss: 0.0982 | Grad Norm: 1.7279 | Clipped: 4/4
   -> Validation | Samples: 280 | Makespan: 466.40 | Invalid Jobs: 0.00 | Score: 469.97
   -> Saved updated training chart to /home/wei/Desktop/AMR-DFJSP/runs/20260819_144532_v10_C_s44/chart.png
Epoch [3501/4000] | Avg Makespan: 354.88 | Actor Loss: -0.0019 | Critic Loss: 0.2314 | Grad Norm: 1.8874 | Clipped: 4/4
Epoch [3502/4000] | Avg Makespan: 351.00 | Actor Loss: -0.0010 | Critic Loss: 0.1167 | Grad Norm: 2.5928 | Clipped: 4/4
Epoch [3503/4000] | Avg Makespan: 342.50 | Actor Loss: -0.0022 | Critic Loss: 0.0893 | Grad Norm: 1.2458 | Clipped: 3/4
Epoch [3504/4000] | Avg Makespan: 352.25 | Actor Loss: -0.0021 | Critic Loss: 0.1061 | Grad Norm: 1.1836 | Clipped: 4/4
Epoch [3505/4000] | Avg Makespan: 358.62 | Actor Loss: -0.0019 | Critic Loss: 0.0995 | Grad Norm: 1.3659 | Clipped: 4/4
Epoch [3506/4000] | Avg Makespan: 359.50 | Actor Loss: -0.0010 | Critic Loss: 0.3054 | Grad Norm: 2.0919 | Clipped: 4/4
Epoch [3507/4000] | Avg Makespan: 356.62 | Actor Loss: -0.0017 | Critic Loss: 0.1273 | Grad Norm: 1.9121 | Clipped: 4/4
Epoch [3508/4000] | Avg Makespan: 351.00 | Actor Loss: -0.0024 | Critic Loss: 0.2536 | Grad Norm: 1.7814 | Clipped: 4/4
Epoch [3509/4000] | Avg Makespan: 348.50 | Actor Loss: -0.0017 | Critic Loss: 0.1723 | Grad Norm: 1.0906 | Clipped: 3/4
Epoch [3510/4000] | Avg Makespan: 353.62 | Actor Loss: -0.0018 | Critic Loss: 0.1239 | Grad Norm: 1.7615 | Clipped: 4/4
Epoch [3511/4000] | Avg Makespan: 352.00 | Actor Loss: -0.0031 | Critic Loss: 0.0524 | Grad Norm: 1.6121 | Clipped: 4/4
Epoch [3512/4000] | Avg Makespan: 350.50 | Actor Loss: -0.0026 | Critic Loss: 0.0981 | Grad Norm: 1.9912 | Clipped: 4/4
Epoch [3513/4000] | Avg Makespan: 346.75 | Actor Loss: -0.0015 | Critic Loss: 0.1437 | Grad Norm: 2.2409 | Clipped: 4/4
Epoch [3514/4000] | Avg Makespan: 356.62 | Actor Loss: -0.0010 | Critic Loss: 0.1437 | Grad Norm: 2.7192 | Clipped: 4/4
Epoch [3515/4000] | Avg Makespan: 348.12 | Actor Loss: -0.0018 | Critic Loss: 0.0942 | Grad Norm: 1.5342 | Clipped: 4/4
Epoch [3516/4000] | Avg Makespan: 352.00 | Actor Loss: -0.0022 | Critic Loss: 0.0298 | Grad Norm: 1.7397 | Clipped: 4/4
Epoch [3517/4000] | Avg Makespan: 347.62 | Actor Loss: -0.0015 | Critic Loss: 0.0984 | Grad Norm: 1.5564 | Clipped: 4/4
Epoch [3518/4000] | Avg Makespan: 354.75 | Actor Loss: -0.0024 | Critic Loss: 0.1459 | Grad Norm: 1.4747 | Clipped: 4/4
Epoch [3519/4000] | Avg Makespan: 354.75 | Actor Loss: -0.0027 | Critic Loss: 0.1582 | Grad Norm: 1.2878 | Clipped: 3/4
Epoch [3520/4000] | Avg Makespan: 358.25 | Actor Loss: -0.0040 | Critic Loss: 0.1368 | Grad Norm: 1.8226 | Clipped: 4/4
Epoch [3521/4000] | Avg Makespan: 350.50 | Actor Loss: -0.0046 | Critic Loss: 0.0773 | Grad Norm: 1.9336 | Clipped: 4/4
Epoch [3522/4000] | Avg Makespan: 342.62 | Actor Loss: -0.0008 | Critic Loss: 0.1977 | Grad Norm: 1.2331 | Clipped: 4/4
Epoch [3523/4000] | Avg Makespan: 350.50 | Actor Loss: -0.0028 | Critic Loss: 0.1169 | Grad Norm: 1.2787 | Clipped: 4/4
Epoch [3524/4000] | Avg Makespan: 355.75 | Actor Loss: -0.0018 | Critic Loss: 0.0760 | Grad Norm: 1.1870 | Clipped: 4/4
Epoch [3525/4000] | Avg Makespan: 354.62 | Actor Loss: -0.0010 | Critic Loss: 0.2440 | Grad Norm: 1.8758 | Clipped: 4/4
Epoch [3526/4000] | Avg Makespan: 352.12 | Actor Loss: -0.0019 | Critic Loss: 0.1456 | Grad Norm: 1.5466 | Clipped: 4/4
Epoch [3527/4000] | Avg Makespan: 348.88 | Actor Loss: -0.0011 | Critic Loss: 0.2094 | Grad Norm: 2.3796 | Clipped: 4/4
Epoch [3528/4000] | Avg Makespan: 371.25 | Actor Loss: -0.0022 | Critic Loss: 0.3387 | Grad Norm: 1.7207 | Clipped: 4/4
Epoch [3529/4000] | Avg Makespan: 347.50 | Actor Loss: -0.0015 | Critic Loss: 0.1338 | Grad Norm: 2.0265 | Clipped: 4/4
Epoch [3530/4000] | Avg Makespan: 349.12 | Actor Loss: -0.0030 | Critic Loss: 0.1165 | Grad Norm: 1.5508 | Clipped: 4/4
Epoch [3531/4000] | Avg Makespan: 358.38 | Actor Loss: -0.0022 | Critic Loss: 0.1875 | Grad Norm: 1.8041 | Clipped: 4/4
Epoch [3532/4000] | Avg Makespan: 353.38 | Actor Loss: -0.0026 | Critic Loss: 0.0876 | Grad Norm: 1.8427 | Clipped: 4/4
Epoch [3533/4000] | Avg Makespan: 353.25 | Actor Loss: -0.0025 | Critic Loss: 0.1479 | Grad Norm: 1.2810 | Clipped: 2/4
Epoch [3534/4000] | Avg Makespan: 352.00 | Actor Loss: -0.0020 | Critic Loss: 0.1250 | Grad Norm: 1.2864 | Clipped: 3/4
Epoch [3535/4000] | Avg Makespan: 353.38 | Actor Loss: -0.0025 | Critic Loss: 0.1099 | Grad Norm: 1.2526 | Clipped: 4/4
Epoch [3536/4000] | Avg Makespan: 355.00 | Actor Loss: -0.0022 | Critic Loss: 0.1744 | Grad Norm: 1.2824 | Clipped: 4/4
Epoch [3537/4000] | Avg Makespan: 342.12 | Actor Loss: -0.0010 | Critic Loss: 0.1043 | Grad Norm: 1.6285 | Clipped: 4/4
Epoch [3538/4000] | Avg Makespan: 348.00 | Actor Loss: -0.0026 | Critic Loss: 0.0737 | Grad Norm: 2.4277 | Clipped: 4/4
Epoch [3539/4000] | Avg Makespan: 356.25 | Actor Loss: -0.0009 | Critic Loss: 0.1022 | Grad Norm: 1.9150 | Clipped: 4/4
Epoch [3540/4000] | Avg Makespan: 348.50 | Actor Loss: -0.0030 | Critic Loss: 0.1359 | Grad Norm: 2.0978 | Clipped: 4/4
Epoch [3541/4000] | Avg Makespan: 348.25 | Actor Loss: -0.0015 | Critic Loss: 0.1451 | Grad Norm: 1.2529 | Clipped: 4/4
Epoch [3542/4000] | Avg Makespan: 357.50 | Actor Loss: -0.0012 | Critic Loss: 0.1931 | Grad Norm: 2.1648 | Clipped: 4/4
Epoch [3543/4000] | Avg Makespan: 348.25 | Actor Loss: -0.0027 | Critic Loss: 0.1646 | Grad Norm: 1.7389 | Clipped: 4/4
Epoch [3544/4000] | Avg Makespan: 344.88 | Actor Loss: -0.0014 | Critic Loss: 0.0806 | Grad Norm: 1.9562 | Clipped: 4/4
Epoch [3545/4000] | Avg Makespan: 351.00 | Actor Loss: -0.0026 | Critic Loss: 0.0780 | Grad Norm: 1.6405 | Clipped: 4/4
Epoch [3546/4000] | Avg Makespan: 353.75 | Actor Loss: -0.0019 | Critic Loss: 0.1674 | Grad Norm: 2.0269 | Clipped: 4/4
Epoch [3547/4000] | Avg Makespan: 348.75 | Actor Loss: -0.0021 | Critic Loss: 0.0631 | Grad Norm: 1.4671 | Clipped: 4/4
Epoch [3548/4000] | Avg Makespan: 350.50 | Actor Loss: -0.0030 | Critic Loss: 0.0608 | Grad Norm: 1.8662 | Clipped: 4/4
Epoch [3549/4000] | Avg Makespan: 349.38 | Actor Loss: -0.0032 | Critic Loss: 0.1359 | Grad Norm: 1.9058 | Clipped: 4/4
Epoch [3550/4000] | Avg Makespan: 353.12 | Actor Loss: -0.0010 | Critic Loss: 0.1179 | Grad Norm: 0.9871 | Clipped: 2/4
Epoch [3551/4000] | Avg Makespan: 357.00 | Actor Loss: -0.0024 | Critic Loss: 0.3391 | Grad Norm: 1.7250 | Clipped: 4/4
Epoch [3552/4000] | Avg Makespan: 348.50 | Actor Loss: -0.0011 | Critic Loss: 0.1531 | Grad Norm: 1.5561 | Clipped: 4/4
Epoch [3553/4000] | Avg Makespan: 357.12 | Actor Loss: -0.0016 | Critic Loss: 0.1321 | Grad Norm: 1.7357 | Clipped: 4/4
Epoch [3554/4000] | Avg Makespan: 346.12 | Actor Loss: -0.0004 | Critic Loss: 0.0814 | Grad Norm: 2.3613 | Clipped: 4/4
Epoch [3555/4000] | Avg Makespan: 343.88 | Actor Loss: -0.0017 | Critic Loss: 0.0948 | Grad Norm: 1.4560 | Clipped: 4/4
Epoch [3556/4000] | Avg Makespan: 347.12 | Actor Loss: -0.0023 | Critic Loss: 0.1271 | Grad Norm: 2.0111 | Clipped: 4/4
Epoch [3557/4000] | Avg Makespan: 343.50 | Actor Loss: -0.0017 | Critic Loss: 0.1182 | Grad Norm: 2.8254 | Clipped: 4/4
Epoch [3558/4000] | Avg Makespan: 357.75 | Actor Loss: -0.0003 | Critic Loss: 0.3128 | Grad Norm: 2.4067 | Clipped: 4/4
Epoch [3559/4000] | Avg Makespan: 350.38 | Actor Loss: -0.0022 | Critic Loss: 0.0400 | Grad Norm: 1.6014 | Clipped: 4/4
Epoch [3560/4000] | Avg Makespan: 345.12 | Actor Loss: -0.0015 | Critic Loss: 0.1253 | Grad Norm: 1.6132 | Clipped: 4/4
Epoch [3561/4000] | Avg Makespan: 345.12 | Actor Loss: -0.0019 | Critic Loss: 0.0924 | Grad Norm: 1.9026 | Clipped: 4/4
Epoch [3562/4000] | Avg Makespan: 348.75 | Actor Loss: -0.0007 | Critic Loss: 0.1735 | Grad Norm: 2.1215 | Clipped: 4/4
Epoch [3563/4000] | Avg Makespan: 359.62 | Actor Loss: -0.0014 | Critic Loss: 0.1795 | Grad Norm: 2.4564 | Clipped: 4/4
Epoch [3564/4000] | Avg Makespan: 347.50 | Actor Loss: -0.0017 | Critic Loss: 0.0668 | Grad Norm: 1.6962 | Clipped: 4/4
Epoch [3565/4000] | Avg Makespan: 356.38 | Actor Loss: -0.0013 | Critic Loss: 0.2323 | Grad Norm: 1.8344 | Clipped: 4/4
Epoch [3566/4000] | Avg Makespan: 343.62 | Actor Loss: -0.0017 | Critic Loss: 0.1332 | Grad Norm: 2.7888 | Clipped: 4/4
Epoch [3567/4000] | Avg Makespan: 346.38 | Actor Loss: -0.0022 | Critic Loss: 0.1485 | Grad Norm: 2.4133 | Clipped: 4/4
Epoch [3568/4000] | Avg Makespan: 351.75 | Actor Loss: -0.0018 | Critic Loss: 0.0325 | Grad Norm: 1.0548 | Clipped: 3/4
Epoch [3569/4000] | Avg Makespan: 347.00 | Actor Loss: -0.0013 | Critic Loss: 0.0680 | Grad Norm: 1.8888 | Clipped: 4/4
Epoch [3570/4000] | Avg Makespan: 349.75 | Actor Loss: -0.0028 | Critic Loss: 0.1416 | Grad Norm: 1.3933 | Clipped: 4/4
Epoch [3571/4000] | Avg Makespan: 353.75 | Actor Loss: -0.0024 | Critic Loss: 0.1037 | Grad Norm: 1.4564 | Clipped: 4/4
Epoch [3572/4000] | Avg Makespan: 359.50 | Actor Loss: -0.0017 | Critic Loss: 0.3448 | Grad Norm: 1.1965 | Clipped: 3/4
Epoch [3573/4000] | Avg Makespan: 346.88 | Actor Loss: -0.0023 | Critic Loss: 0.1368 | Grad Norm: 1.6401 | Clipped: 4/4
Epoch [3574/4000] | Avg Makespan: 349.50 | Actor Loss: -0.0016 | Critic Loss: 0.0594 | Grad Norm: 2.0456 | Clipped: 4/4
Epoch [3575/4000] | Avg Makespan: 352.38 | Actor Loss: -0.0023 | Critic Loss: 0.2192 | Grad Norm: 1.2034 | Clipped: 4/4
Epoch [3576/4000] | Avg Makespan: 356.62 | Actor Loss: -0.0026 | Critic Loss: 0.1133 | Grad Norm: 1.0653 | Clipped: 4/4
Epoch [3577/4000] | Avg Makespan: 349.25 | Actor Loss: -0.0020 | Critic Loss: 0.0601 | Grad Norm: 1.5775 | Clipped: 4/4
Epoch [3578/4000] | Avg Makespan: 347.25 | Actor Loss: -0.0021 | Critic Loss: 0.1042 | Grad Norm: 1.4882 | Clipped: 3/4
Epoch [3579/4000] | Avg Makespan: 351.62 | Actor Loss: -0.0020 | Critic Loss: 0.0924 | Grad Norm: 1.8196 | Clipped: 4/4
Epoch [3580/4000] | Avg Makespan: 349.75 | Actor Loss: -0.0026 | Critic Loss: 0.1558 | Grad Norm: 1.3408 | Clipped: 4/4
Epoch [3581/4000] | Avg Makespan: 353.50 | Actor Loss: -0.0022 | Critic Loss: 0.0759 | Grad Norm: 2.2935 | Clipped: 4/4
Epoch [3582/4000] | Avg Makespan: 354.75 | Actor Loss: -0.0029 | Critic Loss: 0.2126 | Grad Norm: 1.8186 | Clipped: 4/4
Epoch [3583/4000] | Avg Makespan: 358.25 | Actor Loss: -0.0019 | Critic Loss: 0.1780 | Grad Norm: 1.1054 | Clipped: 3/4
Epoch [3584/4000] | Avg Makespan: 352.25 | Actor Loss: -0.0017 | Critic Loss: 0.0522 | Grad Norm: 1.2245 | Clipped: 3/4
Epoch [3585/4000] | Avg Makespan: 352.38 | Actor Loss: -0.0019 | Critic Loss: 0.0391 | Grad Norm: 1.3364 | Clipped: 4/4
Epoch [3586/4000] | Avg Makespan: 346.62 | Actor Loss: -0.0029 | Critic Loss: 0.0820 | Grad Norm: 1.7015 | Clipped: 4/4
Epoch [3587/4000] | Avg Makespan: 355.62 | Actor Loss: -0.0006 | Critic Loss: 0.1431 | Grad Norm: 2.1590 | Clipped: 4/4
Epoch [3588/4000] | Avg Makespan: 358.62 | Actor Loss: -0.0022 | Critic Loss: 0.1362 | Grad Norm: 2.3936 | Clipped: 4/4
Epoch [3589/4000] | Avg Makespan: 356.75 | Actor Loss: -0.0012 | Critic Loss: 0.1072 | Grad Norm: 1.0545 | Clipped: 3/4
Epoch [3590/4000] | Avg Makespan: 343.75 | Actor Loss: -0.0023 | Critic Loss: 0.0848 | Grad Norm: 1.8889 | Clipped: 3/4
Epoch [3591/4000] | Avg Makespan: 362.00 | Actor Loss: -0.0031 | Critic Loss: 0.1852 | Grad Norm: 1.9668 | Clipped: 4/4
Epoch [3592/4000] | Avg Makespan: 347.38 | Actor Loss: -0.0014 | Critic Loss: 0.0873 | Grad Norm: 1.8293 | Clipped: 4/4
Epoch [3593/4000] | Avg Makespan: 356.75 | Actor Loss: -0.0032 | Critic Loss: 0.1218 | Grad Norm: 3.6602 | Clipped: 4/4
Epoch [3594/4000] | Avg Makespan: 349.75 | Actor Loss: -0.0011 | Critic Loss: 0.0893 | Grad Norm: 1.7913 | Clipped: 4/4
Epoch [3595/4000] | Avg Makespan: 346.75 | Actor Loss: -0.0015 | Critic Loss: 0.1979 | Grad Norm: 2.8092 | Clipped: 4/4
Epoch [3596/4000] | Avg Makespan: 362.00 | Actor Loss: -0.0015 | Critic Loss: 0.0886 | Grad Norm: 1.3635 | Clipped: 2/4
Epoch [3597/4000] | Avg Makespan: 351.25 | Actor Loss: -0.0010 | Critic Loss: 0.0596 | Grad Norm: 1.8953 | Clipped: 4/4
Epoch [3598/4000] | Avg Makespan: 359.12 | Actor Loss: -0.0024 | Critic Loss: 0.2036 | Grad Norm: 1.5483 | Clipped: 4/4
Epoch [3599/4000] | Avg Makespan: 346.88 | Actor Loss: -0.0017 | Critic Loss: 0.0942 | Grad Norm: 1.2781 | Clipped: 4/4
Epoch [3600/4000] | Avg Makespan: 340.12 | Actor Loss: -0.0018 | Critic Loss: 0.1651 | Grad Norm: 1.9397 | Clipped: 4/4
   -> Validation | Samples: 280 | Makespan: 467.19 | Invalid Jobs: 0.00 | Score: 470.76
   -> Saved updated training chart to /home/wei/Desktop/AMR-DFJSP/runs/20260819_144532_v10_C_s44/chart.png
Epoch [3601/4000] | Avg Makespan: 347.00 | Actor Loss: -0.0016 | Critic Loss: 0.1111 | Grad Norm: 1.7298 | Clipped: 3/4
Epoch [3602/4000] | Avg Makespan: 351.75 | Actor Loss: -0.0013 | Critic Loss: 0.1497 | Grad Norm: 2.4636 | Clipped: 3/4
Epoch [3603/4000] | Avg Makespan: 350.88 | Actor Loss: -0.0023 | Critic Loss: 0.1062 | Grad Norm: 2.6618 | Clipped: 4/4
Epoch [3604/4000] | Avg Makespan: 360.12 | Actor Loss: -0.0023 | Critic Loss: 0.2661 | Grad Norm: 1.6005 | Clipped: 4/4
Epoch [3605/4000] | Avg Makespan: 362.00 | Actor Loss: -0.0019 | Critic Loss: 0.3681 | Grad Norm: 1.9707 | Clipped: 4/4
Epoch [3606/4000] | Avg Makespan: 358.50 | Actor Loss: -0.0024 | Critic Loss: 0.2075 | Grad Norm: 1.3592 | Clipped: 4/4
Epoch [3607/4000] | Avg Makespan: 352.38 | Actor Loss: -0.0021 | Critic Loss: 0.1733 | Grad Norm: 1.4141 | Clipped: 3/4
Epoch [3608/4000] | Avg Makespan: 355.75 | Actor Loss: -0.0019 | Critic Loss: 0.1338 | Grad Norm: 1.5986 | Clipped: 4/4
Epoch [3609/4000] | Avg Makespan: 353.75 | Actor Loss: -0.0011 | Critic Loss: 0.1054 | Grad Norm: 1.9204 | Clipped: 4/4
Epoch [3610/4000] | Avg Makespan: 351.12 | Actor Loss: -0.0028 | Critic Loss: 0.1288 | Grad Norm: 1.7234 | Clipped: 4/4
Epoch [3611/4000] | Avg Makespan: 344.50 | Actor Loss: -0.0027 | Critic Loss: 0.1843 | Grad Norm: 1.5386 | Clipped: 4/4
Epoch [3612/4000] | Avg Makespan: 350.12 | Actor Loss: -0.0012 | Critic Loss: 0.0965 | Grad Norm: 1.5501 | Clipped: 4/4
Epoch [3613/4000] | Avg Makespan: 360.62 | Actor Loss: -0.0016 | Critic Loss: 0.1602 | Grad Norm: 1.2288 | Clipped: 3/4
Epoch [3614/4000] | Avg Makespan: 357.62 | Actor Loss: -0.0021 | Critic Loss: 0.0674 | Grad Norm: 1.5199 | Clipped: 3/4
Epoch [3615/4000] | Avg Makespan: 357.00 | Actor Loss: -0.0028 | Critic Loss: 0.0881 | Grad Norm: 2.8578 | Clipped: 4/4
Epoch [3616/4000] | Avg Makespan: 346.12 | Actor Loss: -0.0013 | Critic Loss: 0.0963 | Grad Norm: 2.0469 | Clipped: 4/4
Epoch [3617/4000] | Avg Makespan: 345.38 | Actor Loss: -0.0014 | Critic Loss: 0.0899 | Grad Norm: 2.2183 | Clipped: 4/4
Epoch [3618/4000] | Avg Makespan: 355.38 | Actor Loss: -0.0014 | Critic Loss: 0.3308 | Grad Norm: 1.5823 | Clipped: 4/4
Epoch [3619/4000] | Avg Makespan: 353.88 | Actor Loss: -0.0021 | Critic Loss: 0.1049 | Grad Norm: 1.4879 | Clipped: 3/4
Epoch [3620/4000] | Avg Makespan: 344.25 | Actor Loss: -0.0006 | Critic Loss: 0.0840 | Grad Norm: 2.2679 | Clipped: 4/4
Epoch [3621/4000] | Avg Makespan: 355.25 | Actor Loss: -0.0011 | Critic Loss: 0.1655 | Grad Norm: 2.4576 | Clipped: 4/4
Epoch [3622/4000] | Avg Makespan: 348.62 | Actor Loss: -0.0026 | Critic Loss: 0.1195 | Grad Norm: 1.2443 | Clipped: 4/4
Epoch [3623/4000] | Avg Makespan: 359.00 | Actor Loss: -0.0022 | Critic Loss: 0.0855 | Grad Norm: 1.2533 | Clipped: 4/4
Epoch [3624/4000] | Avg Makespan: 352.88 | Actor Loss: -0.0024 | Critic Loss: 0.1148 | Grad Norm: 2.2477 | Clipped: 4/4
Epoch [3625/4000] | Avg Makespan: 354.50 | Actor Loss: -0.0017 | Critic Loss: 0.3964 | Grad Norm: 1.9073 | Clipped: 4/4
Epoch [3626/4000] | Avg Makespan: 356.88 | Actor Loss: -0.0015 | Critic Loss: 0.1601 | Grad Norm: 1.5183 | Clipped: 3/4
Epoch [3627/4000] | Avg Makespan: 350.62 | Actor Loss: -0.0011 | Critic Loss: 0.1275 | Grad Norm: 1.6725 | Clipped: 4/4
Epoch [3628/4000] | Avg Makespan: 349.25 | Actor Loss: -0.0026 | Critic Loss: 0.1361 | Grad Norm: 1.8455 | Clipped: 4/4
Epoch [3629/4000] | Avg Makespan: 354.25 | Actor Loss: -0.0022 | Critic Loss: 0.2260 | Grad Norm: 1.6437 | Clipped: 4/4
Epoch [3630/4000] | Avg Makespan: 341.62 | Actor Loss: -0.0019 | Critic Loss: 0.1220 | Grad Norm: 1.4793 | Clipped: 4/4
Epoch [3631/4000] | Avg Makespan: 347.62 | Actor Loss: -0.0018 | Critic Loss: 0.0815 | Grad Norm: 1.6670 | Clipped: 4/4
Epoch [3632/4000] | Avg Makespan: 360.88 | Actor Loss: -0.0014 | Critic Loss: 0.6056 | Grad Norm: 2.4189 | Clipped: 4/4
Epoch [3633/4000] | Avg Makespan: 355.62 | Actor Loss: -0.0023 | Critic Loss: 0.1998 | Grad Norm: 2.0423 | Clipped: 4/4
Epoch [3634/4000] | Avg Makespan: 351.25 | Actor Loss: -0.0011 | Critic Loss: 0.2896 | Grad Norm: 2.0444 | Clipped: 4/4
Epoch [3635/4000] | Avg Makespan: 349.75 | Actor Loss: -0.0026 | Critic Loss: 0.2142 | Grad Norm: 1.9964 | Clipped: 4/4
Epoch [3636/4000] | Avg Makespan: 362.38 | Actor Loss: -0.0027 | Critic Loss: 0.3070 | Grad Norm: 2.0082 | Clipped: 4/4
Epoch [3637/4000] | Avg Makespan: 344.50 | Actor Loss: -0.0006 | Critic Loss: 0.1565 | Grad Norm: 2.0680 | Clipped: 4/4
Epoch [3638/4000] | Avg Makespan: 352.12 | Actor Loss: -0.0003 | Critic Loss: 0.0767 | Grad Norm: 4.5391 | Clipped: 4/4
Epoch [3639/4000] | Avg Makespan: 350.38 | Actor Loss: -0.0016 | Critic Loss: 0.1006 | Grad Norm: 2.3365 | Clipped: 4/4
Epoch [3640/4000] | Avg Makespan: 362.00 | Actor Loss: -0.0032 | Critic Loss: 0.4864 | Grad Norm: 2.2869 | Clipped: 4/4
Epoch [3641/4000] | Avg Makespan: 347.75 | Actor Loss: -0.0022 | Critic Loss: 0.0438 | Grad Norm: 1.4678 | Clipped: 4/4
Epoch [3642/4000] | Avg Makespan: 359.50 | Actor Loss: -0.0029 | Critic Loss: 0.1965 | Grad Norm: 2.3008 | Clipped: 3/4
Epoch [3643/4000] | Avg Makespan: 357.12 | Actor Loss: -0.0023 | Critic Loss: 0.1158 | Grad Norm: 1.8917 | Clipped: 4/4
Epoch [3644/4000] | Avg Makespan: 352.12 | Actor Loss: -0.0025 | Critic Loss: 0.1299 | Grad Norm: 1.5166 | Clipped: 4/4
Epoch [3645/4000] | Avg Makespan: 348.00 | Actor Loss: -0.0011 | Critic Loss: 0.1191 | Grad Norm: 1.2801 | Clipped: 4/4
Epoch [3646/4000] | Avg Makespan: 353.50 | Actor Loss: -0.0028 | Critic Loss: 0.1723 | Grad Norm: 1.7435 | Clipped: 4/4
Epoch [3647/4000] | Avg Makespan: 350.62 | Actor Loss: -0.0022 | Critic Loss: 0.1445 | Grad Norm: 2.0514 | Clipped: 4/4
Epoch [3648/4000] | Avg Makespan: 353.50 | Actor Loss: -0.0027 | Critic Loss: 0.1287 | Grad Norm: 2.2964 | Clipped: 4/4
Epoch [3649/4000] | Avg Makespan: 349.88 | Actor Loss: -0.0018 | Critic Loss: 0.1193 | Grad Norm: 1.2564 | Clipped: 3/4
Epoch [3650/4000] | Avg Makespan: 362.62 | Actor Loss: -0.0018 | Critic Loss: 0.2525 | Grad Norm: 1.5626 | Clipped: 4/4
Epoch [3651/4000] | Avg Makespan: 350.75 | Actor Loss: -0.0017 | Critic Loss: 0.1423 | Grad Norm: 1.7587 | Clipped: 4/4
Epoch [3652/4000] | Avg Makespan: 352.25 | Actor Loss: -0.0016 | Critic Loss: 0.0829 | Grad Norm: 1.4098 | Clipped: 4/4
Epoch [3653/4000] | Avg Makespan: 356.38 | Actor Loss: -0.0006 | Critic Loss: 0.0745 | Grad Norm: 2.3674 | Clipped: 4/4
Epoch [3654/4000] | Avg Makespan: 349.88 | Actor Loss: -0.0021 | Critic Loss: 0.0731 | Grad Norm: 2.9023 | Clipped: 4/4
Epoch [3655/4000] | Avg Makespan: 345.50 | Actor Loss: -0.0026 | Critic Loss: 0.2831 | Grad Norm: 1.9825 | Clipped: 4/4
Epoch [3656/4000] | Avg Makespan: 348.75 | Actor Loss: -0.0014 | Critic Loss: 0.1089 | Grad Norm: 2.0156 | Clipped: 4/4
Epoch [3657/4000] | Avg Makespan: 355.75 | Actor Loss: -0.0011 | Critic Loss: 0.2342 | Grad Norm: 2.3144 | Clipped: 4/4
Epoch [3658/4000] | Avg Makespan: 353.75 | Actor Loss: -0.0024 | Critic Loss: 0.0949 | Grad Norm: 1.9239 | Clipped: 4/4
Epoch [3659/4000] | Avg Makespan: 345.62 | Actor Loss: -0.0026 | Critic Loss: 0.0502 | Grad Norm: 2.1338 | Clipped: 4/4
Epoch [3660/4000] | Avg Makespan: 348.75 | Actor Loss: -0.0019 | Critic Loss: 0.1047 | Grad Norm: 1.8026 | Clipped: 4/4
Epoch [3661/4000] | Avg Makespan: 359.50 | Actor Loss: -0.0019 | Critic Loss: 0.2617 | Grad Norm: 1.0965 | Clipped: 4/4
Epoch [3662/4000] | Avg Makespan: 350.88 | Actor Loss: -0.0016 | Critic Loss: 0.0489 | Grad Norm: 3.0513 | Clipped: 4/4
Epoch [3663/4000] | Avg Makespan: 349.62 | Actor Loss: -0.0022 | Critic Loss: 0.0428 | Grad Norm: 1.8203 | Clipped: 4/4
Epoch [3664/4000] | Avg Makespan: 347.00 | Actor Loss: -0.0009 | Critic Loss: 0.1113 | Grad Norm: 1.8168 | Clipped: 3/4
Epoch [3665/4000] | Avg Makespan: 347.50 | Actor Loss: -0.0018 | Critic Loss: 0.0519 | Grad Norm: 1.2081 | Clipped: 4/4
Epoch [3666/4000] | Avg Makespan: 355.00 | Actor Loss: -0.0010 | Critic Loss: 0.0946 | Grad Norm: 1.7468 | Clipped: 4/4
Epoch [3667/4000] | Avg Makespan: 351.75 | Actor Loss: -0.0026 | Critic Loss: 0.1544 | Grad Norm: 1.8956 | Clipped: 4/4
Epoch [3668/4000] | Avg Makespan: 364.50 | Actor Loss: -0.0011 | Critic Loss: 0.1975 | Grad Norm: 3.3479 | Clipped: 4/4
Epoch [3669/4000] | Avg Makespan: 349.25 | Actor Loss: -0.0018 | Critic Loss: 0.1400 | Grad Norm: 2.0208 | Clipped: 4/4
Epoch [3670/4000] | Avg Makespan: 352.50 | Actor Loss: -0.0022 | Critic Loss: 0.1558 | Grad Norm: 1.1027 | Clipped: 2/4
Epoch [3671/4000] | Avg Makespan: 343.88 | Actor Loss: -0.0009 | Critic Loss: 0.0783 | Grad Norm: 3.1345 | Clipped: 4/4
Epoch [3672/4000] | Avg Makespan: 338.62 | Actor Loss: -0.0016 | Critic Loss: 0.1818 | Grad Norm: 1.4607 | Clipped: 4/4
Epoch [3673/4000] | Avg Makespan: 350.75 | Actor Loss: -0.0012 | Critic Loss: 0.0877 | Grad Norm: 2.2998 | Clipped: 4/4
Epoch [3674/4000] | Avg Makespan: 347.62 | Actor Loss: -0.0014 | Critic Loss: 0.1541 | Grad Norm: 2.4606 | Clipped: 4/4
Epoch [3675/4000] | Avg Makespan: 352.62 | Actor Loss: -0.0024 | Critic Loss: 0.1539 | Grad Norm: 2.3496 | Clipped: 4/4
Epoch [3676/4000] | Avg Makespan: 352.62 | Actor Loss: -0.0013 | Critic Loss: 0.1707 | Grad Norm: 2.0832 | Clipped: 4/4
Epoch [3677/4000] | Avg Makespan: 351.62 | Actor Loss: -0.0015 | Critic Loss: 0.1210 | Grad Norm: 2.6076 | Clipped: 4/4
Epoch [3678/4000] | Avg Makespan: 341.62 | Actor Loss: -0.0024 | Critic Loss: 0.1448 | Grad Norm: 1.9966 | Clipped: 4/4
Epoch [3679/4000] | Avg Makespan: 351.00 | Actor Loss: -0.0018 | Critic Loss: 0.1156 | Grad Norm: 1.9067 | Clipped: 4/4
Epoch [3680/4000] | Avg Makespan: 352.25 | Actor Loss: -0.0011 | Critic Loss: 0.3123 | Grad Norm: 2.0516 | Clipped: 4/4
Epoch [3681/4000] | Avg Makespan: 353.75 | Actor Loss: -0.0026 | Critic Loss: 0.0778 | Grad Norm: 1.5187 | Clipped: 4/4
Epoch [3682/4000] | Avg Makespan: 358.00 | Actor Loss: -0.0034 | Critic Loss: 0.1681 | Grad Norm: 2.1287 | Clipped: 4/4
Epoch [3683/4000] | Avg Makespan: 343.38 | Actor Loss: -0.0026 | Critic Loss: 0.0719 | Grad Norm: 2.2353 | Clipped: 4/4
Epoch [3684/4000] | Avg Makespan: 351.62 | Actor Loss: -0.0028 | Critic Loss: 0.1732 | Grad Norm: 1.2464 | Clipped: 4/4
Epoch [3685/4000] | Avg Makespan: 352.62 | Actor Loss: -0.0010 | Critic Loss: 0.1482 | Grad Norm: 2.1500 | Clipped: 4/4
Epoch [3686/4000] | Avg Makespan: 357.88 | Actor Loss: -0.0025 | Critic Loss: 0.1832 | Grad Norm: 2.4078 | Clipped: 4/4
Epoch [3687/4000] | Avg Makespan: 353.50 | Actor Loss: -0.0012 | Critic Loss: 0.1105 | Grad Norm: 3.3661 | Clipped: 4/4
Epoch [3688/4000] | Avg Makespan: 357.25 | Actor Loss: -0.0016 | Critic Loss: 0.1786 | Grad Norm: 1.4534 | Clipped: 4/4
Epoch [3689/4000] | Avg Makespan: 352.00 | Actor Loss: -0.0031 | Critic Loss: 0.0764 | Grad Norm: 1.8914 | Clipped: 4/4
Epoch [3690/4000] | Avg Makespan: 347.50 | Actor Loss: -0.0017 | Critic Loss: 0.1020 | Grad Norm: 1.4585 | Clipped: 4/4
Epoch [3691/4000] | Avg Makespan: 349.38 | Actor Loss: -0.0022 | Critic Loss: 0.0529 | Grad Norm: 2.1424 | Clipped: 4/4
Epoch [3692/4000] | Avg Makespan: 365.12 | Actor Loss: -0.0022 | Critic Loss: 0.4285 | Grad Norm: 1.4784 | Clipped: 4/4
Epoch [3693/4000] | Avg Makespan: 351.00 | Actor Loss: -0.0026 | Critic Loss: 0.1055 | Grad Norm: 1.4325 | Clipped: 3/4
Epoch [3694/4000] | Avg Makespan: 353.25 | Actor Loss: -0.0016 | Critic Loss: 0.1831 | Grad Norm: 1.6502 | Clipped: 4/4
Epoch [3695/4000] | Avg Makespan: 346.50 | Actor Loss: -0.0025 | Critic Loss: 0.1368 | Grad Norm: 1.7963 | Clipped: 4/4
Epoch [3696/4000] | Avg Makespan: 352.75 | Actor Loss: -0.0032 | Critic Loss: 0.0830 | Grad Norm: 2.1996 | Clipped: 4/4
Epoch [3697/4000] | Avg Makespan: 351.50 | Actor Loss: -0.0018 | Critic Loss: 0.0729 | Grad Norm: 2.2857 | Clipped: 4/4
Epoch [3698/4000] | Avg Makespan: 358.00 | Actor Loss: -0.0022 | Critic Loss: 0.1611 | Grad Norm: 3.2127 | Clipped: 4/4
Epoch [3699/4000] | Avg Makespan: 345.75 | Actor Loss: -0.0016 | Critic Loss: 0.1119 | Grad Norm: 1.4382 | Clipped: 4/4
Epoch [3700/4000] | Avg Makespan: 347.25 | Actor Loss: -0.0018 | Critic Loss: 0.2628 | Grad Norm: 1.8792 | Clipped: 4/4
   -> Validation | Samples: 280 | Makespan: 465.46 | Invalid Jobs: 0.01 | Score: 479.75
   -> Saved updated training chart to /home/wei/Desktop/AMR-DFJSP/runs/20260819_144532_v10_C_s44/chart.png
Epoch [3701/4000] | Avg Makespan: 359.38 | Actor Loss: -0.0031 | Critic Loss: 0.1600 | Grad Norm: 1.3009 | Clipped: 4/4
Epoch [3702/4000] | Avg Makespan: 359.38 | Actor Loss: -0.0012 | Critic Loss: 0.0625 | Grad Norm: 2.4774 | Clipped: 4/4
Epoch [3703/4000] | Avg Makespan: 343.25 | Actor Loss: -0.0021 | Critic Loss: 0.1682 | Grad Norm: 1.9152 | Clipped: 4/4
Epoch [3704/4000] | Avg Makespan: 352.88 | Actor Loss: -0.0017 | Critic Loss: 0.1931 | Grad Norm: 2.2305 | Clipped: 3/4
Epoch [3705/4000] | Avg Makespan: 356.00 | Actor Loss: -0.0017 | Critic Loss: 0.1834 | Grad Norm: 2.4026 | Clipped: 4/4
Epoch [3706/4000] | Avg Makespan: 363.25 | Actor Loss: -0.0019 | Critic Loss: 0.4067 | Grad Norm: 2.2714 | Clipped: 4/4
Epoch [3707/4000] | Avg Makespan: 346.50 | Actor Loss: -0.0013 | Critic Loss: 0.1150 | Grad Norm: 2.2087 | Clipped: 4/4
Epoch [3708/4000] | Avg Makespan: 353.88 | Actor Loss: -0.0022 | Critic Loss: 0.1612 | Grad Norm: 1.3641 | Clipped: 4/4
Epoch [3709/4000] | Avg Makespan: 360.75 | Actor Loss: -0.0010 | Critic Loss: 0.2142 | Grad Norm: 1.4533 | Clipped: 3/4
Epoch [3710/4000] | Avg Makespan: 359.12 | Actor Loss: -0.0028 | Critic Loss: 0.1421 | Grad Norm: 1.7683 | Clipped: 4/4
Epoch [3711/4000] | Avg Makespan: 350.00 | Actor Loss: -0.0017 | Critic Loss: 0.2067 | Grad Norm: 1.1704 | Clipped: 4/4
Epoch [3712/4000] | Avg Makespan: 372.12 | Actor Loss: -0.0020 | Critic Loss: 0.3289 | Grad Norm: 2.0943 | Clipped: 4/4
Epoch [3713/4000] | Avg Makespan: 352.12 | Actor Loss: -0.0011 | Critic Loss: 0.0978 | Grad Norm: 1.8461 | Clipped: 4/4
Epoch [3714/4000] | Avg Makespan: 345.50 | Actor Loss: -0.0016 | Critic Loss: 0.1035 | Grad Norm: 1.5232 | Clipped: 4/4
Epoch [3715/4000] | Avg Makespan: 346.25 | Actor Loss: -0.0027 | Critic Loss: 0.1907 | Grad Norm: 1.8629 | Clipped: 4/4
Epoch [3716/4000] | Avg Makespan: 356.75 | Actor Loss: -0.0018 | Critic Loss: 0.1231 | Grad Norm: 1.2696 | Clipped: 4/4
Epoch [3717/4000] | Avg Makespan: 355.25 | Actor Loss: -0.0007 | Critic Loss: 0.1141 | Grad Norm: 1.6066 | Clipped: 4/4
Epoch [3718/4000] | Avg Makespan: 361.12 | Actor Loss: -0.0030 | Critic Loss: 0.2461 | Grad Norm: 2.0512 | Clipped: 4/4
Epoch [3719/4000] | Avg Makespan: 359.50 | Actor Loss: -0.0022 | Critic Loss: 0.3400 | Grad Norm: 1.1777 | Clipped: 4/4
Epoch [3720/4000] | Avg Makespan: 352.62 | Actor Loss: -0.0013 | Critic Loss: 0.1461 | Grad Norm: 1.8036 | Clipped: 4/4
Epoch [3721/4000] | Avg Makespan: 350.50 | Actor Loss: -0.0008 | Critic Loss: 0.2211 | Grad Norm: 1.7974 | Clipped: 4/4
Epoch [3722/4000] | Avg Makespan: 352.12 | Actor Loss: -0.0012 | Critic Loss: 0.1238 | Grad Norm: 1.6561 | Clipped: 4/4
Epoch [3723/4000] | Avg Makespan: 361.62 | Actor Loss: -0.0018 | Critic Loss: 0.4359 | Grad Norm: 1.6970 | Clipped: 4/4
Epoch [3724/4000] | Avg Makespan: 358.75 | Actor Loss: -0.0022 | Critic Loss: 0.3716 | Grad Norm: 1.3876 | Clipped: 4/4
Epoch [3725/4000] | Avg Makespan: 350.75 | Actor Loss: -0.0018 | Critic Loss: 0.1373 | Grad Norm: 2.3596 | Clipped: 4/4
Epoch [3726/4000] | Avg Makespan: 347.75 | Actor Loss: -0.0025 | Critic Loss: 0.1488 | Grad Norm: 2.1667 | Clipped: 4/4
Epoch [3727/4000] | Avg Makespan: 352.12 | Actor Loss: -0.0022 | Critic Loss: 0.1234 | Grad Norm: 1.1218 | Clipped: 4/4
Epoch [3728/4000] | Avg Makespan: 354.38 | Actor Loss: -0.0017 | Critic Loss: 0.1119 | Grad Norm: 2.0466 | Clipped: 4/4
Epoch [3729/4000] | Avg Makespan: 354.00 | Actor Loss: -0.0024 | Critic Loss: 0.0466 | Grad Norm: 2.3220 | Clipped: 4/4
Epoch [3730/4000] | Avg Makespan: 358.62 | Actor Loss: -0.0018 | Critic Loss: 0.3711 | Grad Norm: 2.5629 | Clipped: 4/4
Epoch [3731/4000] | Avg Makespan: 354.38 | Actor Loss: -0.0022 | Critic Loss: 0.1009 | Grad Norm: 1.6226 | Clipped: 4/4
Epoch [3732/4000] | Avg Makespan: 355.62 | Actor Loss: -0.0024 | Critic Loss: 0.1501 | Grad Norm: 1.8516 | Clipped: 4/4
Epoch [3733/4000] | Avg Makespan: 359.62 | Actor Loss: -0.0019 | Critic Loss: 0.0954 | Grad Norm: 1.7646 | Clipped: 4/4
Epoch [3734/4000] | Avg Makespan: 352.25 | Actor Loss: -0.0016 | Critic Loss: 0.1460 | Grad Norm: 0.9495 | Clipped: 2/4
Epoch [3735/4000] | Avg Makespan: 351.00 | Actor Loss: -0.0017 | Critic Loss: 0.1819 | Grad Norm: 1.5604 | Clipped: 4/4
Epoch [3736/4000] | Avg Makespan: 350.12 | Actor Loss: -0.0011 | Critic Loss: 0.0939 | Grad Norm: 2.3964 | Clipped: 4/4
Epoch [3737/4000] | Avg Makespan: 344.38 | Actor Loss: -0.0008 | Critic Loss: 0.1164 | Grad Norm: 1.4801 | Clipped: 4/4
Epoch [3738/4000] | Avg Makespan: 349.75 | Actor Loss: -0.0011 | Critic Loss: 0.1174 | Grad Norm: 2.2449 | Clipped: 4/4
Epoch [3739/4000] | Avg Makespan: 345.50 | Actor Loss: -0.0022 | Critic Loss: 0.1379 | Grad Norm: 2.9779 | Clipped: 4/4
Epoch [3740/4000] | Avg Makespan: 352.50 | Actor Loss: -0.0020 | Critic Loss: 0.1593 | Grad Norm: 1.2227 | Clipped: 3/4
Epoch [3741/4000] | Avg Makespan: 352.75 | Actor Loss: -0.0004 | Critic Loss: 0.1282 | Grad Norm: 2.0258 | Clipped: 4/4
Epoch [3742/4000] | Avg Makespan: 351.62 | Actor Loss: -0.0027 | Critic Loss: 0.1605 | Grad Norm: 1.1848 | Clipped: 4/4
Epoch [3743/4000] | Avg Makespan: 356.12 | Actor Loss: -0.0011 | Critic Loss: 0.1196 | Grad Norm: 1.7873 | Clipped: 4/4
Epoch [3744/4000] | Avg Makespan: 342.62 | Actor Loss: -0.0028 | Critic Loss: 0.0908 | Grad Norm: 2.0032 | Clipped: 4/4
Epoch [3745/4000] | Avg Makespan: 347.75 | Actor Loss: -0.0028 | Critic Loss: 0.1782 | Grad Norm: 1.4033 | Clipped: 4/4
Epoch [3746/4000] | Avg Makespan: 343.50 | Actor Loss: -0.0020 | Critic Loss: 0.1000 | Grad Norm: 1.9626 | Clipped: 4/4
Epoch [3747/4000] | Avg Makespan: 343.88 | Actor Loss: -0.0015 | Critic Loss: 0.0857 | Grad Norm: 1.8660 | Clipped: 4/4
Epoch [3748/4000] | Avg Makespan: 341.75 | Actor Loss: -0.0027 | Critic Loss: 0.1473 | Grad Norm: 2.3409 | Clipped: 4/4
Epoch [3749/4000] | Avg Makespan: 353.88 | Actor Loss: -0.0013 | Critic Loss: 0.1582 | Grad Norm: 1.3270 | Clipped: 3/4
Epoch [3750/4000] | Avg Makespan: 343.75 | Actor Loss: -0.0023 | Critic Loss: 0.2200 | Grad Norm: 1.6078 | Clipped: 3/4
Epoch [3751/4000] | Avg Makespan: 358.50 | Actor Loss: -0.0005 | Critic Loss: 0.4803 | Grad Norm: 1.7600 | Clipped: 4/4
Epoch [3752/4000] | Avg Makespan: 350.88 | Actor Loss: -0.0013 | Critic Loss: 0.1144 | Grad Norm: 1.5024 | Clipped: 4/4
Epoch [3753/4000] | Avg Makespan: 343.88 | Actor Loss: -0.0019 | Critic Loss: 0.0889 | Grad Norm: 2.0143 | Clipped: 4/4
Epoch [3754/4000] | Avg Makespan: 352.00 | Actor Loss: -0.0024 | Critic Loss: 0.0963 | Grad Norm: 1.7311 | Clipped: 4/4
Epoch [3755/4000] | Avg Makespan: 343.12 | Actor Loss: -0.0017 | Critic Loss: 0.1170 | Grad Norm: 2.0255 | Clipped: 4/4
Epoch [3756/4000] | Avg Makespan: 363.25 | Actor Loss: -0.0009 | Critic Loss: 0.3971 | Grad Norm: 2.2002 | Clipped: 4/4
Epoch [3757/4000] | Avg Makespan: 344.75 | Actor Loss: -0.0011 | Critic Loss: 0.0321 | Grad Norm: 3.0728 | Clipped: 4/4
Epoch [3758/4000] | Avg Makespan: 365.88 | Actor Loss: -0.0013 | Critic Loss: 0.1972 | Grad Norm: 1.7763 | Clipped: 4/4
Epoch [3759/4000] | Avg Makespan: 354.88 | Actor Loss: -0.0023 | Critic Loss: 0.0902 | Grad Norm: 2.8666 | Clipped: 3/4
Epoch [3760/4000] | Avg Makespan: 356.50 | Actor Loss: -0.0014 | Critic Loss: 0.1915 | Grad Norm: 1.6353 | Clipped: 4/4
Epoch [3761/4000] | Avg Makespan: 353.62 | Actor Loss: -0.0011 | Critic Loss: 0.1629 | Grad Norm: 1.2572 | Clipped: 2/4
Epoch [3762/4000] | Avg Makespan: 354.75 | Actor Loss: -0.0035 | Critic Loss: 0.2783 | Grad Norm: 2.2670 | Clipped: 4/4
Epoch [3763/4000] | Avg Makespan: 345.38 | Actor Loss: -0.0007 | Critic Loss: 0.1838 | Grad Norm: 1.9024 | Clipped: 4/4
Epoch [3764/4000] | Avg Makespan: 351.50 | Actor Loss: -0.0015 | Critic Loss: 0.1663 | Grad Norm: 1.9248 | Clipped: 4/4
Epoch [3765/4000] | Avg Makespan: 347.38 | Actor Loss: -0.0019 | Critic Loss: 0.0857 | Grad Norm: 1.3821 | Clipped: 4/4
Epoch [3766/4000] | Avg Makespan: 350.38 | Actor Loss: -0.0021 | Critic Loss: 0.1567 | Grad Norm: 2.1011 | Clipped: 4/4
Epoch [3767/4000] | Avg Makespan: 350.00 | Actor Loss: -0.0020 | Critic Loss: 0.1118 | Grad Norm: 1.6322 | Clipped: 4/4
Epoch [3768/4000] | Avg Makespan: 357.00 | Actor Loss: -0.0017 | Critic Loss: 0.2526 | Grad Norm: 1.7913 | Clipped: 4/4
Epoch [3769/4000] | Avg Makespan: 352.25 | Actor Loss: -0.0005 | Critic Loss: 0.0759 | Grad Norm: 3.0010 | Clipped: 4/4
Epoch [3770/4000] | Avg Makespan: 347.25 | Actor Loss: -0.0013 | Critic Loss: 0.1709 | Grad Norm: 1.7789 | Clipped: 4/4
Epoch [3771/4000] | Avg Makespan: 352.00 | Actor Loss: -0.0020 | Critic Loss: 0.1404 | Grad Norm: 2.1989 | Clipped: 4/4
Epoch [3772/4000] | Avg Makespan: 351.12 | Actor Loss: -0.0015 | Critic Loss: 0.1900 | Grad Norm: 1.4946 | Clipped: 4/4
Epoch [3773/4000] | Avg Makespan: 357.50 | Actor Loss: -0.0016 | Critic Loss: 0.0986 | Grad Norm: 1.0657 | Clipped: 3/4
Epoch [3774/4000] | Avg Makespan: 354.25 | Actor Loss: -0.0014 | Critic Loss: 0.3233 | Grad Norm: 3.2862 | Clipped: 4/4
Epoch [3775/4000] | Avg Makespan: 355.88 | Actor Loss: -0.0013 | Critic Loss: 0.1801 | Grad Norm: 2.2377 | Clipped: 4/4
Epoch [3776/4000] | Avg Makespan: 347.62 | Actor Loss: -0.0003 | Critic Loss: 0.0752 | Grad Norm: 2.2480 | Clipped: 4/4
Epoch [3777/4000] | Avg Makespan: 349.25 | Actor Loss: -0.0010 | Critic Loss: 0.1287 | Grad Norm: 2.5573 | Clipped: 4/4
Epoch [3778/4000] | Avg Makespan: 360.38 | Actor Loss: -0.0026 | Critic Loss: 0.2884 | Grad Norm: 2.1056 | Clipped: 4/4
Epoch [3779/4000] | Avg Makespan: 349.38 | Actor Loss: -0.0028 | Critic Loss: 0.1626 | Grad Norm: 1.7507 | Clipped: 4/4
Epoch [3780/4000] | Avg Makespan: 345.62 | Actor Loss: -0.0016 | Critic Loss: 0.1280 | Grad Norm: 1.8758 | Clipped: 4/4
Epoch [3781/4000] | Avg Makespan: 355.88 | Actor Loss: -0.0015 | Critic Loss: 0.1035 | Grad Norm: 1.5709 | Clipped: 4/4
Epoch [3782/4000] | Avg Makespan: 362.38 | Actor Loss: -0.0027 | Critic Loss: 0.1612 | Grad Norm: 1.4682 | Clipped: 4/4
Epoch [3783/4000] | Avg Makespan: 351.62 | Actor Loss: -0.0029 | Critic Loss: 0.2185 | Grad Norm: 1.5191 | Clipped: 3/4
Epoch [3784/4000] | Avg Makespan: 360.25 | Actor Loss: -0.0008 | Critic Loss: 0.2737 | Grad Norm: 2.4194 | Clipped: 4/4
Epoch [3785/4000] | Avg Makespan: 342.50 | Actor Loss: -0.0021 | Critic Loss: 0.2339 | Grad Norm: 3.7026 | Clipped: 4/4
Epoch [3786/4000] | Avg Makespan: 350.88 | Actor Loss: -0.0013 | Critic Loss: 0.1049 | Grad Norm: 2.6779 | Clipped: 4/4
Epoch [3787/4000] | Avg Makespan: 351.75 | Actor Loss: -0.0009 | Critic Loss: 0.0841 | Grad Norm: 3.1359 | Clipped: 4/4
Epoch [3788/4000] | Avg Makespan: 350.25 | Actor Loss: -0.0017 | Critic Loss: 0.0828 | Grad Norm: 1.6665 | Clipped: 4/4
Epoch [3789/4000] | Avg Makespan: 352.50 | Actor Loss: -0.0017 | Critic Loss: 0.3435 | Grad Norm: 2.1138 | Clipped: 4/4
Epoch [3790/4000] | Avg Makespan: 348.75 | Actor Loss: -0.0009 | Critic Loss: 0.1385 | Grad Norm: 1.4011 | Clipped: 2/4
Epoch [3791/4000] | Avg Makespan: 349.00 | Actor Loss: -0.0012 | Critic Loss: 0.1820 | Grad Norm: 1.5549 | Clipped: 4/4
Epoch [3792/4000] | Avg Makespan: 350.00 | Actor Loss: -0.0026 | Critic Loss: 0.0569 | Grad Norm: 2.1047 | Clipped: 4/4
Epoch [3793/4000] | Avg Makespan: 349.50 | Actor Loss: -0.0009 | Critic Loss: 0.1549 | Grad Norm: 1.8990 | Clipped: 4/4
Epoch [3794/4000] | Avg Makespan: 342.75 | Actor Loss: -0.0027 | Critic Loss: 0.3279 | Grad Norm: 1.8770 | Clipped: 4/4
Epoch [3795/4000] | Avg Makespan: 343.75 | Actor Loss: -0.0013 | Critic Loss: 0.1405 | Grad Norm: 2.8088 | Clipped: 4/4
Epoch [3796/4000] | Avg Makespan: 350.00 | Actor Loss: -0.0021 | Critic Loss: 0.1276 | Grad Norm: 2.7665 | Clipped: 4/4
Epoch [3797/4000] | Avg Makespan: 364.88 | Actor Loss: -0.0022 | Critic Loss: 0.3512 | Grad Norm: 2.6227 | Clipped: 4/4
Epoch [3798/4000] | Avg Makespan: 355.88 | Actor Loss: -0.0001 | Critic Loss: 0.0959 | Grad Norm: 1.8473 | Clipped: 4/4
Epoch [3799/4000] | Avg Makespan: 352.62 | Actor Loss: -0.0020 | Critic Loss: 0.0721 | Grad Norm: 1.8588 | Clipped: 4/4
Epoch [3800/4000] | Avg Makespan: 354.12 | Actor Loss: -0.0015 | Critic Loss: 0.2615 | Grad Norm: 1.4125 | Clipped: 3/4
   -> Validation | Samples: 280 | Makespan: 457.69 | Invalid Jobs: 0.00 | Score: 461.26
   -> Saved updated training chart to /home/wei/Desktop/AMR-DFJSP/runs/20260819_144532_v10_C_s44/chart.png
Epoch [3801/4000] | Avg Makespan: 362.38 | Actor Loss: -0.0023 | Critic Loss: 0.1659 | Grad Norm: 1.6833 | Clipped: 4/4
Epoch [3802/4000] | Avg Makespan: 350.88 | Actor Loss: -0.0026 | Critic Loss: 0.0862 | Grad Norm: 1.3326 | Clipped: 3/4
Epoch [3803/4000] | Avg Makespan: 348.12 | Actor Loss: -0.0013 | Critic Loss: 0.1283 | Grad Norm: 1.4901 | Clipped: 4/4
Epoch [3804/4000] | Avg Makespan: 356.25 | Actor Loss: -0.0028 | Critic Loss: 0.0891 | Grad Norm: 2.6125 | Clipped: 4/4
Epoch [3805/4000] | Avg Makespan: 350.38 | Actor Loss: -0.0016 | Critic Loss: 0.1260 | Grad Norm: 2.0384 | Clipped: 4/4
Epoch [3806/4000] | Avg Makespan: 354.50 | Actor Loss: -0.0015 | Critic Loss: 0.2464 | Grad Norm: 1.9877 | Clipped: 4/4
Epoch [3807/4000] | Avg Makespan: 350.12 | Actor Loss: -0.0014 | Critic Loss: 0.1369 | Grad Norm: 1.5567 | Clipped: 4/4
Epoch [3808/4000] | Avg Makespan: 348.00 | Actor Loss: -0.0025 | Critic Loss: 0.1032 | Grad Norm: 1.2974 | Clipped: 4/4
Epoch [3809/4000] | Avg Makespan: 357.12 | Actor Loss: -0.0031 | Critic Loss: 0.3265 | Grad Norm: 1.7743 | Clipped: 4/4
Epoch [3810/4000] | Avg Makespan: 348.50 | Actor Loss: -0.0020 | Critic Loss: 0.1360 | Grad Norm: 2.1221 | Clipped: 4/4
Epoch [3811/4000] | Avg Makespan: 347.75 | Actor Loss: -0.0008 | Critic Loss: 0.2644 | Grad Norm: 1.6020 | Clipped: 4/4
Epoch [3812/4000] | Avg Makespan: 356.38 | Actor Loss: -0.0016 | Critic Loss: 0.0680 | Grad Norm: 1.7873 | Clipped: 4/4
Epoch [3813/4000] | Avg Makespan: 362.62 | Actor Loss: -0.0027 | Critic Loss: 0.2638 | Grad Norm: 2.7946 | Clipped: 4/4
Epoch [3814/4000] | Avg Makespan: 359.50 | Actor Loss: -0.0015 | Critic Loss: 0.1881 | Grad Norm: 1.7941 | Clipped: 4/4
Epoch [3815/4000] | Avg Makespan: 350.38 | Actor Loss: -0.0015 | Critic Loss: 0.0450 | Grad Norm: 1.5003 | Clipped: 4/4
Epoch [3816/4000] | Avg Makespan: 350.12 | Actor Loss: -0.0015 | Critic Loss: 0.1454 | Grad Norm: 2.0456 | Clipped: 4/4
Epoch [3817/4000] | Avg Makespan: 347.00 | Actor Loss: -0.0019 | Critic Loss: 0.0972 | Grad Norm: 2.5600 | Clipped: 4/4
Epoch [3818/4000] | Avg Makespan: 352.50 | Actor Loss: -0.0024 | Critic Loss: 0.1128 | Grad Norm: 1.3049 | Clipped: 4/4
Epoch [3819/4000] | Avg Makespan: 356.75 | Actor Loss: -0.0027 | Critic Loss: 0.1015 | Grad Norm: 1.6180 | Clipped: 3/4
Epoch [3820/4000] | Avg Makespan: 352.25 | Actor Loss: -0.0019 | Critic Loss: 0.1038 | Grad Norm: 1.8707 | Clipped: 4/4
Epoch [3821/4000] | Avg Makespan: 337.12 | Actor Loss: -0.0016 | Critic Loss: 0.1648 | Grad Norm: 1.7862 | Clipped: 4/4
Epoch [3822/4000] | Avg Makespan: 351.38 | Actor Loss: -0.0025 | Critic Loss: 0.1740 | Grad Norm: 1.3744 | Clipped: 4/4
Epoch [3823/4000] | Avg Makespan: 347.62 | Actor Loss: -0.0021 | Critic Loss: 0.1498 | Grad Norm: 1.7916 | Clipped: 4/4
Epoch [3824/4000] | Avg Makespan: 349.75 | Actor Loss: -0.0009 | Critic Loss: 0.0851 | Grad Norm: 1.7184 | Clipped: 4/4
Epoch [3825/4000] | Avg Makespan: 347.75 | Actor Loss: -0.0017 | Critic Loss: 0.1414 | Grad Norm: 1.9294 | Clipped: 4/4
Epoch [3826/4000] | Avg Makespan: 348.38 | Actor Loss: -0.0012 | Critic Loss: 0.0620 | Grad Norm: 1.8840 | Clipped: 4/4
Epoch [3827/4000] | Avg Makespan: 344.88 | Actor Loss: -0.0015 | Critic Loss: 0.3136 | Grad Norm: 2.3201 | Clipped: 4/4
Epoch [3828/4000] | Avg Makespan: 348.62 | Actor Loss: -0.0024 | Critic Loss: 0.1076 | Grad Norm: 1.5989 | Clipped: 4/4
Epoch [3829/4000] | Avg Makespan: 356.88 | Actor Loss: -0.0017 | Critic Loss: 0.1287 | Grad Norm: 1.5029 | Clipped: 3/4
Epoch [3830/4000] | Avg Makespan: 348.88 | Actor Loss: -0.0014 | Critic Loss: 0.0894 | Grad Norm: 2.3628 | Clipped: 4/4
Epoch [3831/4000] | Avg Makespan: 359.12 | Actor Loss: -0.0013 | Critic Loss: 0.1598 | Grad Norm: 3.0781 | Clipped: 4/4
Epoch [3832/4000] | Avg Makespan: 358.50 | Actor Loss: -0.0027 | Critic Loss: 0.1499 | Grad Norm: 3.4759 | Clipped: 4/4
Epoch [3833/4000] | Avg Makespan: 345.50 | Actor Loss: -0.0017 | Critic Loss: 0.0580 | Grad Norm: 2.0914 | Clipped: 4/4
Epoch [3834/4000] | Avg Makespan: 355.88 | Actor Loss: -0.0008 | Critic Loss: 0.3095 | Grad Norm: 1.4817 | Clipped: 4/4
Epoch [3835/4000] | Avg Makespan: 350.25 | Actor Loss: -0.0024 | Critic Loss: 0.1629 | Grad Norm: 1.8116 | Clipped: 4/4
Epoch [3836/4000] | Avg Makespan: 356.00 | Actor Loss: -0.0007 | Critic Loss: 0.3306 | Grad Norm: 1.8348 | Clipped: 4/4
Epoch [3837/4000] | Avg Makespan: 353.00 | Actor Loss: -0.0023 | Critic Loss: 0.0743 | Grad Norm: 1.8940 | Clipped: 4/4
Epoch [3838/4000] | Avg Makespan: 350.00 | Actor Loss: -0.0022 | Critic Loss: 0.0694 | Grad Norm: 1.7485 | Clipped: 4/4
Epoch [3839/4000] | Avg Makespan: 350.25 | Actor Loss: -0.0021 | Critic Loss: 0.3283 | Grad Norm: 1.9409 | Clipped: 4/4
Epoch [3840/4000] | Avg Makespan: 356.12 | Actor Loss: -0.0024 | Critic Loss: 0.2665 | Grad Norm: 2.1174 | Clipped: 3/4
Epoch [3841/4000] | Avg Makespan: 352.88 | Actor Loss: -0.0024 | Critic Loss: 0.2124 | Grad Norm: 1.4106 | Clipped: 4/4
Epoch [3842/4000] | Avg Makespan: 358.50 | Actor Loss: -0.0011 | Critic Loss: 0.2295 | Grad Norm: 1.2061 | Clipped: 4/4
Epoch [3843/4000] | Avg Makespan: 348.12 | Actor Loss: -0.0012 | Critic Loss: 0.0828 | Grad Norm: 2.2209 | Clipped: 4/4
Epoch [3844/4000] | Avg Makespan: 353.12 | Actor Loss: -0.0020 | Critic Loss: 0.0713 | Grad Norm: 2.7274 | Clipped: 4/4
Epoch [3845/4000] | Avg Makespan: 358.75 | Actor Loss: -0.0013 | Critic Loss: 0.2581 | Grad Norm: 2.2283 | Clipped: 4/4
Epoch [3846/4000] | Avg Makespan: 347.88 | Actor Loss: -0.0032 | Critic Loss: 0.1547 | Grad Norm: 1.8494 | Clipped: 4/4
Epoch [3847/4000] | Avg Makespan: 353.12 | Actor Loss: -0.0014 | Critic Loss: 0.1694 | Grad Norm: 2.1751 | Clipped: 4/4
Epoch [3848/4000] | Avg Makespan: 346.62 | Actor Loss: -0.0019 | Critic Loss: 0.1398 | Grad Norm: 1.3991 | Clipped: 4/4
Epoch [3849/4000] | Avg Makespan: 347.88 | Actor Loss: -0.0032 | Critic Loss: 0.0632 | Grad Norm: 2.8414 | Clipped: 4/4
Epoch [3850/4000] | Avg Makespan: 350.62 | Actor Loss: -0.0004 | Critic Loss: 0.1546 | Grad Norm: 4.1989 | Clipped: 4/4
Epoch [3851/4000] | Avg Makespan: 342.75 | Actor Loss: -0.0020 | Critic Loss: 0.1396 | Grad Norm: 2.0483 | Clipped: 4/4
Epoch [3852/4000] | Avg Makespan: 360.50 | Actor Loss: -0.0032 | Critic Loss: 0.1971 | Grad Norm: 1.6704 | Clipped: 4/4
Epoch [3853/4000] | Avg Makespan: 356.88 | Actor Loss: -0.0011 | Critic Loss: 0.1869 | Grad Norm: 1.4818 | Clipped: 4/4
Epoch [3854/4000] | Avg Makespan: 357.25 | Actor Loss: -0.0015 | Critic Loss: 0.1665 | Grad Norm: 2.0335 | Clipped: 3/4
Epoch [3855/4000] | Avg Makespan: 346.25 | Actor Loss: -0.0011 | Critic Loss: 0.0526 | Grad Norm: 3.0645 | Clipped: 4/4
Epoch [3856/4000] | Avg Makespan: 359.00 | Actor Loss: -0.0026 | Critic Loss: 0.1120 | Grad Norm: 2.3055 | Clipped: 4/4
Epoch [3857/4000] | Avg Makespan: 349.12 | Actor Loss: -0.0019 | Critic Loss: 0.0656 | Grad Norm: 1.8627 | Clipped: 4/4
Epoch [3858/4000] | Avg Makespan: 354.25 | Actor Loss: -0.0018 | Critic Loss: 0.1826 | Grad Norm: 1.5873 | Clipped: 4/4
Epoch [3859/4000] | Avg Makespan: 350.12 | Actor Loss: -0.0020 | Critic Loss: 0.1154 | Grad Norm: 1.7107 | Clipped: 4/4
Epoch [3860/4000] | Avg Makespan: 361.88 | Actor Loss: -0.0024 | Critic Loss: 0.1063 | Grad Norm: 2.8751 | Clipped: 4/4
Epoch [3861/4000] | Avg Makespan: 360.88 | Actor Loss: -0.0016 | Critic Loss: 0.4200 | Grad Norm: 2.1869 | Clipped: 4/4
Epoch [3862/4000] | Avg Makespan: 339.62 | Actor Loss: -0.0023 | Critic Loss: 0.1615 | Grad Norm: 2.2452 | Clipped: 4/4
Epoch [3863/4000] | Avg Makespan: 356.12 | Actor Loss: -0.0028 | Critic Loss: 0.1685 | Grad Norm: 1.6378 | Clipped: 4/4
Epoch [3864/4000] | Avg Makespan: 359.50 | Actor Loss: -0.0026 | Critic Loss: 0.1982 | Grad Norm: 1.9663 | Clipped: 4/4
Epoch [3865/4000] | Avg Makespan: 355.38 | Actor Loss: -0.0010 | Critic Loss: 0.3465 | Grad Norm: 1.4008 | Clipped: 4/4
Epoch [3866/4000] | Avg Makespan: 368.38 | Actor Loss: -0.0019 | Critic Loss: 1.1340 | Grad Norm: 1.8082 | Clipped: 4/4
Epoch [3867/4000] | Avg Makespan: 348.38 | Actor Loss: -0.0015 | Critic Loss: 0.1522 | Grad Norm: 1.8390 | Clipped: 4/4
Epoch [3868/4000] | Avg Makespan: 349.62 | Actor Loss: -0.0019 | Critic Loss: 0.2345 | Grad Norm: 2.5192 | Clipped: 4/4
Epoch [3869/4000] | Avg Makespan: 361.62 | Actor Loss: -0.0018 | Critic Loss: 0.2085 | Grad Norm: 2.1194 | Clipped: 4/4
Epoch [3870/4000] | Avg Makespan: 348.12 | Actor Loss: -0.0039 | Critic Loss: 0.1508 | Grad Norm: 2.0128 | Clipped: 4/4
Epoch [3871/4000] | Avg Makespan: 354.75 | Actor Loss: -0.0017 | Critic Loss: 0.1325 | Grad Norm: 1.3849 | Clipped: 3/4
Epoch [3872/4000] | Avg Makespan: 358.12 | Actor Loss: -0.0009 | Critic Loss: 0.1367 | Grad Norm: 2.0709 | Clipped: 4/4
Epoch [3873/4000] | Avg Makespan: 351.00 | Actor Loss: -0.0020 | Critic Loss: 0.0470 | Grad Norm: 1.7133 | Clipped: 4/4
Epoch [3874/4000] | Avg Makespan: 357.88 | Actor Loss: -0.0000 | Critic Loss: 0.1291 | Grad Norm: 1.7894 | Clipped: 4/4
Epoch [3875/4000] | Avg Makespan: 351.12 | Actor Loss: -0.0021 | Critic Loss: 0.3001 | Grad Norm: 1.5341 | Clipped: 3/4
Epoch [3876/4000] | Avg Makespan: 337.62 | Actor Loss: -0.0018 | Critic Loss: 0.2853 | Grad Norm: 2.6778 | Clipped: 4/4
Epoch [3877/4000] | Avg Makespan: 355.62 | Actor Loss: -0.0014 | Critic Loss: 0.1258 | Grad Norm: 2.9063 | Clipped: 4/4
Epoch [3878/4000] | Avg Makespan: 358.75 | Actor Loss: -0.0015 | Critic Loss: 0.2460 | Grad Norm: 2.5772 | Clipped: 4/4
Epoch [3879/4000] | Avg Makespan: 342.75 | Actor Loss: -0.0005 | Critic Loss: 0.1754 | Grad Norm: 2.4277 | Clipped: 4/4
Epoch [3880/4000] | Avg Makespan: 352.25 | Actor Loss: -0.0010 | Critic Loss: 0.1570 | Grad Norm: 2.5182 | Clipped: 4/4
Epoch [3881/4000] | Avg Makespan: 347.25 | Actor Loss: -0.0024 | Critic Loss: 0.1050 | Grad Norm: 2.6199 | Clipped: 4/4
Epoch [3882/4000] | Avg Makespan: 350.62 | Actor Loss: -0.0019 | Critic Loss: 0.5236 | Grad Norm: 2.2430 | Clipped: 4/4
Epoch [3883/4000] | Avg Makespan: 343.00 | Actor Loss: -0.0003 | Critic Loss: 0.1251 | Grad Norm: 2.6029 | Clipped: 4/4
Epoch [3884/4000] | Avg Makespan: 344.88 | Actor Loss: -0.0022 | Critic Loss: 0.0373 | Grad Norm: 1.4203 | Clipped: 4/4
Epoch [3885/4000] | Avg Makespan: 346.00 | Actor Loss: -0.0016 | Critic Loss: 0.0742 | Grad Norm: 1.6073 | Clipped: 4/4
Epoch [3886/4000] | Avg Makespan: 358.38 | Actor Loss: -0.0021 | Critic Loss: 0.0944 | Grad Norm: 2.1440 | Clipped: 4/4
Epoch [3887/4000] | Avg Makespan: 345.75 | Actor Loss: -0.0024 | Critic Loss: 0.0672 | Grad Norm: 1.9625 | Clipped: 4/4
Epoch [3888/4000] | Avg Makespan: 352.62 | Actor Loss: -0.0012 | Critic Loss: 0.0810 | Grad Norm: 2.1842 | Clipped: 4/4
Epoch [3889/4000] | Avg Makespan: 352.50 | Actor Loss: -0.0022 | Critic Loss: 0.0501 | Grad Norm: 1.4190 | Clipped: 4/4
Epoch [3890/4000] | Avg Makespan: 349.00 | Actor Loss: -0.0029 | Critic Loss: 0.0632 | Grad Norm: 1.9704 | Clipped: 4/4
Epoch [3891/4000] | Avg Makespan: 360.75 | Actor Loss: -0.0007 | Critic Loss: 0.2161 | Grad Norm: 2.6306 | Clipped: 4/4
Epoch [3892/4000] | Avg Makespan: 349.88 | Actor Loss: -0.0014 | Critic Loss: 0.0465 | Grad Norm: 1.4334 | Clipped: 4/4
Epoch [3893/4000] | Avg Makespan: 352.00 | Actor Loss: -0.0020 | Critic Loss: 0.2304 | Grad Norm: 2.1722 | Clipped: 4/4
Epoch [3894/4000] | Avg Makespan: 350.88 | Actor Loss: -0.0007 | Critic Loss: 0.1023 | Grad Norm: 2.6165 | Clipped: 4/4
Epoch [3895/4000] | Avg Makespan: 355.50 | Actor Loss: -0.0023 | Critic Loss: 0.1959 | Grad Norm: 1.4911 | Clipped: 4/4
Epoch [3896/4000] | Avg Makespan: 350.88 | Actor Loss: -0.0016 | Critic Loss: 0.1439 | Grad Norm: 1.9729 | Clipped: 4/4
Epoch [3897/4000] | Avg Makespan: 350.75 | Actor Loss: -0.0016 | Critic Loss: 0.0719 | Grad Norm: 2.0339 | Clipped: 4/4
Epoch [3898/4000] | Avg Makespan: 346.25 | Actor Loss: -0.0007 | Critic Loss: 0.0901 | Grad Norm: 1.7916 | Clipped: 3/4
Epoch [3899/4000] | Avg Makespan: 349.25 | Actor Loss: -0.0004 | Critic Loss: 0.2486 | Grad Norm: 2.1136 | Clipped: 4/4
Epoch [3900/4000] | Avg Makespan: 355.75 | Actor Loss: -0.0014 | Critic Loss: 0.1154 | Grad Norm: 1.6550 | Clipped: 3/4
   -> Validation | Samples: 280 | Makespan: 461.05 | Invalid Jobs: 0.00 | Score: 464.62
   -> Saved updated training chart to /home/wei/Desktop/AMR-DFJSP/runs/20260819_144532_v10_C_s44/chart.png
Epoch [3901/4000] | Avg Makespan: 354.25 | Actor Loss: -0.0015 | Critic Loss: 0.1316 | Grad Norm: 2.5457 | Clipped: 4/4
Epoch [3902/4000] | Avg Makespan: 355.12 | Actor Loss: -0.0016 | Critic Loss: 0.0709 | Grad Norm: 3.1539 | Clipped: 4/4
Epoch [3903/4000] | Avg Makespan: 347.50 | Actor Loss: -0.0024 | Critic Loss: 0.0493 | Grad Norm: 2.0866 | Clipped: 4/4
Epoch [3904/4000] | Avg Makespan: 349.75 | Actor Loss: -0.0010 | Critic Loss: 0.0931 | Grad Norm: 2.8599 | Clipped: 4/4
Epoch [3905/4000] | Avg Makespan: 348.75 | Actor Loss: -0.0022 | Critic Loss: 0.0493 | Grad Norm: 1.2882 | Clipped: 3/4
Epoch [3906/4000] | Avg Makespan: 362.25 | Actor Loss: -0.0011 | Critic Loss: 0.1596 | Grad Norm: 1.8344 | Clipped: 4/4
Epoch [3907/4000] | Avg Makespan: 349.75 | Actor Loss: -0.0024 | Critic Loss: 0.1120 | Grad Norm: 1.1923 | Clipped: 4/4
Epoch [3908/4000] | Avg Makespan: 353.12 | Actor Loss: -0.0011 | Critic Loss: 0.0854 | Grad Norm: 1.7254 | Clipped: 4/4
Epoch [3909/4000] | Avg Makespan: 347.12 | Actor Loss: -0.0009 | Critic Loss: 0.0632 | Grad Norm: 2.6215 | Clipped: 4/4
Epoch [3910/4000] | Avg Makespan: 360.38 | Actor Loss: -0.0016 | Critic Loss: 0.2077 | Grad Norm: 3.3115 | Clipped: 4/4
Epoch [3911/4000] | Avg Makespan: 351.00 | Actor Loss: -0.0020 | Critic Loss: 0.0672 | Grad Norm: 3.4318 | Clipped: 4/4
Epoch [3912/4000] | Avg Makespan: 350.62 | Actor Loss: -0.0017 | Critic Loss: 0.1316 | Grad Norm: 2.3543 | Clipped: 4/4
Epoch [3913/4000] | Avg Makespan: 354.50 | Actor Loss: -0.0019 | Critic Loss: 0.1257 | Grad Norm: 2.1909 | Clipped: 4/4
Epoch [3914/4000] | Avg Makespan: 350.25 | Actor Loss: -0.0016 | Critic Loss: 0.3076 | Grad Norm: 1.9095 | Clipped: 4/4
Epoch [3915/4000] | Avg Makespan: 358.25 | Actor Loss: -0.0013 | Critic Loss: 0.1147 | Grad Norm: 1.8198 | Clipped: 4/4
Epoch [3916/4000] | Avg Makespan: 346.50 | Actor Loss: -0.0021 | Critic Loss: 0.1607 | Grad Norm: 2.0241 | Clipped: 4/4
Epoch [3917/4000] | Avg Makespan: 355.88 | Actor Loss: -0.0007 | Critic Loss: 0.4550 | Grad Norm: 2.6174 | Clipped: 4/4
Epoch [3918/4000] | Avg Makespan: 352.38 | Actor Loss: -0.0005 | Critic Loss: 0.0284 | Grad Norm: 2.1297 | Clipped: 4/4
Epoch [3919/4000] | Avg Makespan: 353.12 | Actor Loss: -0.0017 | Critic Loss: 0.1244 | Grad Norm: 1.9219 | Clipped: 4/4
Epoch [3920/4000] | Avg Makespan: 350.25 | Actor Loss: -0.0028 | Critic Loss: 0.1535 | Grad Norm: 1.6591 | Clipped: 4/4
Epoch [3921/4000] | Avg Makespan: 351.12 | Actor Loss: -0.0021 | Critic Loss: 0.0802 | Grad Norm: 2.1480 | Clipped: 4/4
Epoch [3922/4000] | Avg Makespan: 349.50 | Actor Loss: -0.0014 | Critic Loss: 0.2460 | Grad Norm: 1.9843 | Clipped: 4/4
Epoch [3923/4000] | Avg Makespan: 355.12 | Actor Loss: -0.0015 | Critic Loss: 0.1262 | Grad Norm: 1.4054 | Clipped: 4/4
Epoch [3924/4000] | Avg Makespan: 357.62 | Actor Loss: -0.0023 | Critic Loss: 0.1562 | Grad Norm: 1.9252 | Clipped: 3/4
Epoch [3925/4000] | Avg Makespan: 363.12 | Actor Loss: -0.0015 | Critic Loss: 0.1910 | Grad Norm: 1.3403 | Clipped: 4/4
Epoch [3926/4000] | Avg Makespan: 354.50 | Actor Loss: -0.0024 | Critic Loss: 0.1111 | Grad Norm: 1.5308 | Clipped: 4/4
Epoch [3927/4000] | Avg Makespan: 358.75 | Actor Loss: -0.0013 | Critic Loss: 0.2471 | Grad Norm: 2.8242 | Clipped: 4/4
Epoch [3928/4000] | Avg Makespan: 355.25 | Actor Loss: -0.0007 | Critic Loss: 0.1759 | Grad Norm: 2.6056 | Clipped: 4/4
Epoch [3929/4000] | Avg Makespan: 370.38 | Actor Loss: -0.0013 | Critic Loss: 0.3324 | Grad Norm: 2.5771 | Clipped: 4/4
Epoch [3930/4000] | Avg Makespan: 344.88 | Actor Loss: -0.0020 | Critic Loss: 0.1493 | Grad Norm: 2.2586 | Clipped: 4/4
Epoch [3931/4000] | Avg Makespan: 355.50 | Actor Loss: -0.0017 | Critic Loss: 0.1046 | Grad Norm: 1.3240 | Clipped: 4/4
Epoch [3932/4000] | Avg Makespan: 351.50 | Actor Loss: -0.0019 | Critic Loss: 0.0740 | Grad Norm: 3.0762 | Clipped: 2/4
Epoch [3933/4000] | Avg Makespan: 360.88 | Actor Loss: -0.0010 | Critic Loss: 0.1721 | Grad Norm: 1.7021 | Clipped: 4/4
Epoch [3934/4000] | Avg Makespan: 349.62 | Actor Loss: -0.0012 | Critic Loss: 0.0735 | Grad Norm: 1.8514 | Clipped: 4/4
Epoch [3935/4000] | Avg Makespan: 359.50 | Actor Loss: -0.0015 | Critic Loss: 0.0898 | Grad Norm: 1.7439 | Clipped: 4/4
Epoch [3936/4000] | Avg Makespan: 346.75 | Actor Loss: -0.0015 | Critic Loss: 0.1712 | Grad Norm: 1.7244 | Clipped: 4/4
Epoch [3937/4000] | Avg Makespan: 352.50 | Actor Loss: -0.0021 | Critic Loss: 0.1200 | Grad Norm: 2.1218 | Clipped: 4/4
Epoch [3938/4000] | Avg Makespan: 344.88 | Actor Loss: -0.0017 | Critic Loss: 0.0775 | Grad Norm: 1.8447 | Clipped: 4/4
Epoch [3939/4000] | Avg Makespan: 353.25 | Actor Loss: -0.0013 | Critic Loss: 0.1036 | Grad Norm: 2.1708 | Clipped: 4/4
Epoch [3940/4000] | Avg Makespan: 358.88 | Actor Loss: -0.0021 | Critic Loss: 0.7944 | Grad Norm: 1.5910 | Clipped: 4/4
Epoch [3941/4000] | Avg Makespan: 352.50 | Actor Loss: -0.0022 | Critic Loss: 0.1199 | Grad Norm: 2.0083 | Clipped: 4/4
Epoch [3942/4000] | Avg Makespan: 345.88 | Actor Loss: -0.0019 | Critic Loss: 0.0592 | Grad Norm: 1.3044 | Clipped: 1/4
Epoch [3943/4000] | Avg Makespan: 362.38 | Actor Loss: -0.0015 | Critic Loss: 0.1076 | Grad Norm: 2.4168 | Clipped: 4/4
Epoch [3944/4000] | Avg Makespan: 348.88 | Actor Loss: -0.0009 | Critic Loss: 0.1439 | Grad Norm: 1.6199 | Clipped: 4/4
Epoch [3945/4000] | Avg Makespan: 354.00 | Actor Loss: -0.0029 | Critic Loss: 0.1990 | Grad Norm: 2.1062 | Clipped: 4/4
Epoch [3946/4000] | Avg Makespan: 358.38 | Actor Loss: -0.0009 | Critic Loss: 0.2385 | Grad Norm: 1.5685 | Clipped: 4/4
Epoch [3947/4000] | Avg Makespan: 350.38 | Actor Loss: -0.0026 | Critic Loss: 0.0886 | Grad Norm: 2.4839 | Clipped: 4/4
Epoch [3948/4000] | Avg Makespan: 351.50 | Actor Loss: -0.0007 | Critic Loss: 0.0833 | Grad Norm: 1.2222 | Clipped: 4/4
Epoch [3949/4000] | Avg Makespan: 349.88 | Actor Loss: -0.0018 | Critic Loss: 0.1541 | Grad Norm: 2.7364 | Clipped: 4/4
Epoch [3950/4000] | Avg Makespan: 344.12 | Actor Loss: -0.0020 | Critic Loss: 0.0701 | Grad Norm: 3.0971 | Clipped: 4/4
Epoch [3951/4000] | Avg Makespan: 354.25 | Actor Loss: -0.0015 | Critic Loss: 0.2006 | Grad Norm: 2.3774 | Clipped: 4/4
Epoch [3952/4000] | Avg Makespan: 349.00 | Actor Loss: -0.0014 | Critic Loss: 0.0897 | Grad Norm: 4.9615 | Clipped: 4/4
Epoch [3953/4000] | Avg Makespan: 355.62 | Actor Loss: -0.0020 | Critic Loss: 0.3760 | Grad Norm: 2.7002 | Clipped: 4/4
Epoch [3954/4000] | Avg Makespan: 360.38 | Actor Loss: -0.0017 | Critic Loss: 0.1398 | Grad Norm: 2.8006 | Clipped: 4/4
Epoch [3955/4000] | Avg Makespan: 341.25 | Actor Loss: -0.0015 | Critic Loss: 0.1504 | Grad Norm: 2.8747 | Clipped: 4/4
Epoch [3956/4000] | Avg Makespan: 361.50 | Actor Loss: -0.0022 | Critic Loss: 0.1403 | Grad Norm: 1.7536 | Clipped: 4/4
Epoch [3957/4000] | Avg Makespan: 363.88 | Actor Loss: -0.0006 | Critic Loss: 0.1666 | Grad Norm: 1.6923 | Clipped: 4/4
Epoch [3958/4000] | Avg Makespan: 358.62 | Actor Loss: -0.0013 | Critic Loss: 0.1985 | Grad Norm: 1.7994 | Clipped: 4/4
Epoch [3959/4000] | Avg Makespan: 351.12 | Actor Loss: -0.0013 | Critic Loss: 0.0356 | Grad Norm: 1.4251 | Clipped: 3/4
Epoch [3960/4000] | Avg Makespan: 347.00 | Actor Loss: -0.0020 | Critic Loss: 0.1947 | Grad Norm: 3.2922 | Clipped: 4/4
Epoch [3961/4000] | Avg Makespan: 357.25 | Actor Loss: -0.0021 | Critic Loss: 0.0662 | Grad Norm: 2.0389 | Clipped: 4/4
Epoch [3962/4000] | Avg Makespan: 358.12 | Actor Loss: -0.0028 | Critic Loss: 0.2675 | Grad Norm: 1.4205 | Clipped: 4/4
Epoch [3963/4000] | Avg Makespan: 358.62 | Actor Loss: -0.0015 | Critic Loss: 0.2755 | Grad Norm: 1.8792 | Clipped: 4/4
Epoch [3964/4000] | Avg Makespan: 358.50 | Actor Loss: -0.0008 | Critic Loss: 0.0531 | Grad Norm: 1.4681 | Clipped: 4/4
Epoch [3965/4000] | Avg Makespan: 352.38 | Actor Loss: -0.0016 | Critic Loss: 0.1601 | Grad Norm: 2.4264 | Clipped: 4/4
Epoch [3966/4000] | Avg Makespan: 351.50 | Actor Loss: -0.0002 | Critic Loss: 0.0814 | Grad Norm: 2.3159 | Clipped: 4/4
Epoch [3967/4000] | Avg Makespan: 355.62 | Actor Loss: -0.0018 | Critic Loss: 0.2149 | Grad Norm: 1.7628 | Clipped: 3/4
Epoch [3968/4000] | Avg Makespan: 350.38 | Actor Loss: -0.0025 | Critic Loss: 0.2028 | Grad Norm: 2.5670 | Clipped: 4/4
Epoch [3969/4000] | Avg Makespan: 350.88 | Actor Loss: -0.0013 | Critic Loss: 0.0870 | Grad Norm: 1.8317 | Clipped: 4/4
Epoch [3970/4000] | Avg Makespan: 348.88 | Actor Loss: -0.0014 | Critic Loss: 0.1776 | Grad Norm: 2.5173 | Clipped: 4/4
Epoch [3971/4000] | Avg Makespan: 347.38 | Actor Loss: -0.0018 | Critic Loss: 0.1417 | Grad Norm: 1.4084 | Clipped: 4/4
Epoch [3972/4000] | Avg Makespan: 344.50 | Actor Loss: -0.0017 | Critic Loss: 0.0827 | Grad Norm: 1.5128 | Clipped: 4/4
Epoch [3973/4000] | Avg Makespan: 347.62 | Actor Loss: -0.0024 | Critic Loss: 0.0987 | Grad Norm: 1.5241 | Clipped: 4/4
Epoch [3974/4000] | Avg Makespan: 353.00 | Actor Loss: -0.0022 | Critic Loss: 0.1832 | Grad Norm: 1.9001 | Clipped: 4/4
Epoch [3975/4000] | Avg Makespan: 347.12 | Actor Loss: -0.0027 | Critic Loss: 0.1775 | Grad Norm: 1.9957 | Clipped: 4/4
Epoch [3976/4000] | Avg Makespan: 354.12 | Actor Loss: -0.0013 | Critic Loss: 0.1261 | Grad Norm: 1.8885 | Clipped: 4/4
Epoch [3977/4000] | Avg Makespan: 354.38 | Actor Loss: -0.0019 | Critic Loss: 0.0796 | Grad Norm: 2.3214 | Clipped: 4/4
Epoch [3978/4000] | Avg Makespan: 356.75 | Actor Loss: -0.0005 | Critic Loss: 0.2714 | Grad Norm: 2.4280 | Clipped: 4/4
Epoch [3979/4000] | Avg Makespan: 342.12 | Actor Loss: -0.0024 | Critic Loss: 0.1560 | Grad Norm: 3.4800 | Clipped: 4/4
Epoch [3980/4000] | Avg Makespan: 346.00 | Actor Loss: -0.0011 | Critic Loss: 0.1346 | Grad Norm: 2.2641 | Clipped: 4/4
Epoch [3981/4000] | Avg Makespan: 364.25 | Actor Loss: -0.0011 | Critic Loss: 0.9014 | Grad Norm: 3.5435 | Clipped: 4/4
Epoch [3982/4000] | Avg Makespan: 338.62 | Actor Loss: -0.0013 | Critic Loss: 0.1424 | Grad Norm: 2.1844 | Clipped: 4/4
Epoch [3983/4000] | Avg Makespan: 354.88 | Actor Loss: -0.0018 | Critic Loss: 0.2242 | Grad Norm: 1.4388 | Clipped: 4/4
Epoch [3984/4000] | Avg Makespan: 356.75 | Actor Loss: -0.0022 | Critic Loss: 0.1931 | Grad Norm: 1.4284 | Clipped: 4/4
Epoch [3985/4000] | Avg Makespan: 348.12 | Actor Loss: -0.0018 | Critic Loss: 0.1282 | Grad Norm: 2.0879 | Clipped: 4/4
Epoch [3986/4000] | Avg Makespan: 355.12 | Actor Loss: -0.0001 | Critic Loss: 0.1341 | Grad Norm: 2.0918 | Clipped: 4/4
Epoch [3987/4000] | Avg Makespan: 344.62 | Actor Loss: -0.0014 | Critic Loss: 0.1878 | Grad Norm: 2.5779 | Clipped: 4/4
Epoch [3988/4000] | Avg Makespan: 356.50 | Actor Loss: -0.0012 | Critic Loss: 0.2616 | Grad Norm: 1.7276 | Clipped: 4/4
Epoch [3989/4000] | Avg Makespan: 348.00 | Actor Loss: -0.0022 | Critic Loss: 0.1259 | Grad Norm: 1.1480 | Clipped: 3/4
Epoch [3990/4000] | Avg Makespan: 351.88 | Actor Loss: -0.0010 | Critic Loss: 0.0709 | Grad Norm: 1.4761 | Clipped: 4/4
Epoch [3991/4000] | Avg Makespan: 357.38 | Actor Loss: -0.0017 | Critic Loss: 0.3500 | Grad Norm: 2.7435 | Clipped: 4/4
Epoch [3992/4000] | Avg Makespan: 347.12 | Actor Loss: -0.0024 | Critic Loss: 0.0885 | Grad Norm: 2.8646 | Clipped: 4/4
Epoch [3993/4000] | Avg Makespan: 350.62 | Actor Loss: -0.0017 | Critic Loss: 0.0612 | Grad Norm: 2.0383 | Clipped: 4/4
Epoch [3994/4000] | Avg Makespan: 359.38 | Actor Loss: -0.0018 | Critic Loss: 0.5385 | Grad Norm: 2.5755 | Clipped: 4/4
Epoch [3995/4000] | Avg Makespan: 358.38 | Actor Loss: -0.0014 | Critic Loss: 0.1094 | Grad Norm: 3.0195 | Clipped: 4/4
Epoch [3996/4000] | Avg Makespan: 350.38 | Actor Loss: -0.0012 | Critic Loss: 0.1188 | Grad Norm: 1.7098 | Clipped: 4/4
Epoch [3997/4000] | Avg Makespan: 344.12 | Actor Loss: -0.0026 | Critic Loss: 0.1423 | Grad Norm: 1.9214 | Clipped: 4/4
Epoch [3998/4000] | Avg Makespan: 353.62 | Actor Loss: -0.0006 | Critic Loss: 0.1010 | Grad Norm: 3.2909 | Clipped: 4/4
Epoch [3999/4000] | Avg Makespan: 352.88 | Actor Loss: -0.0018 | Critic Loss: 0.1185 | Grad Norm: 1.5056 | Clipped: 4/4
Epoch [4000/4000] | Avg Makespan: 345.38 | Actor Loss: -0.0014 | Critic Loss: 0.0559 | Grad Norm: 1.8755 | Clipped: 4/4
   -> Validation | Samples: 280 | Makespan: 457.76 | Invalid Jobs: 0.00 | Score: 461.34
   -> Saved updated training chart to /home/wei/Desktop/AMR-DFJSP/runs/20260819_144532_v10_C_s44/chart.png
