Training on: cuda
Run directory: /home/wei/Desktop/AMR-DFJSP/runs/20260827_084425_v10_B_s42
Loaded 5000 dispatch events from test_case/v3/train_60.jsonl
Loaded 40 dispatch events from test_case/v3/mix/val_mix_20.jsonl
Loaded 40 dispatch events from test_case/v3/mix/val_mix_40.jsonl
Loaded 40 dispatch events from test_case/v3/mix/val_mix_60.jsonl
Loaded 40 dispatch events from test_case/v3/mix/val_mix_80.jsonl
Loaded 40 dispatch events from test_case/v3/mix/val_mix_100.jsonl
Loaded 40 dispatch events from test_case/v3/mix/val_mix_120.jsonl
Loaded 40 dispatch events from test_case/v3/mix/val_mix_140.jsonl
Loaded 280 validation event(s).
Starting hybrid dock-aware extend_GNN PPO training with critic-based advantage.
Second checkpoint protocol: Val C~ selects checkpoints_v10/v10_B_s42_bestideal.pth
Epoch [1/4000] | Avg Makespan: 360.75 | Actor Loss: -0.0040 | Critic Loss: 0.9321 | Grad Norm: 1.8798 | Clipped: 3/4
   -> Validation | Samples: 280 | Makespan: 601.81 | Invalid Jobs: 0.01 | Score: 608.95
   -> Val Score 608.95 (warming up 1/5, no selection yet)
   -> Val C~ 434.36 (warming up 1/5, no selection yet)
   -> Saved updated training chart to /home/wei/Desktop/AMR-DFJSP/runs/20260827_084425_v10_B_s42/chart.png
Epoch [2/4000] | Avg Makespan: 350.00 | Actor Loss: -0.0017 | Critic Loss: 0.9716 | Grad Norm: 1.0782 | Clipped: 2/4
Epoch [3/4000] | Avg Makespan: 328.25 | Actor Loss: -0.0023 | Critic Loss: 0.7280 | Grad Norm: 0.3792 | Clipped: 0/4
Epoch [4/4000] | Avg Makespan: 342.25 | Actor Loss: -0.0026 | Critic Loss: 0.2719 | Grad Norm: 0.8417 | Clipped: 1/4
Epoch [5/4000] | Avg Makespan: 340.75 | Actor Loss: -0.0010 | Critic Loss: 1.1071 | Grad Norm: 0.4949 | Clipped: 0/4
Epoch [6/4000] | Avg Makespan: 326.25 | Actor Loss: -0.0015 | Critic Loss: 0.4853 | Grad Norm: 0.4427 | Clipped: 0/4
Epoch [7/4000] | Avg Makespan: 346.75 | Actor Loss: -0.0006 | Critic Loss: 0.7885 | Grad Norm: 1.6849 | Clipped: 3/4
Epoch [8/4000] | Avg Makespan: 320.00 | Actor Loss: -0.0011 | Critic Loss: 0.6648 | Grad Norm: 2.1983 | Clipped: 4/4
Epoch [9/4000] | Avg Makespan: 347.25 | Actor Loss: -0.0020 | Critic Loss: 1.0827 | Grad Norm: 0.7496 | Clipped: 0/4
Epoch [10/4000] | Avg Makespan: 338.25 | Actor Loss: -0.0006 | Critic Loss: 0.9869 | Grad Norm: 0.4320 | Clipped: 0/4
Epoch [11/4000] | Avg Makespan: 341.50 | Actor Loss: -0.0014 | Critic Loss: 1.2648 | Grad Norm: 0.2919 | Clipped: 0/4
Epoch [12/4000] | Avg Makespan: 327.25 | Actor Loss: -0.0015 | Critic Loss: 0.4370 | Grad Norm: 0.5246 | Clipped: 0/4
Epoch [13/4000] | Avg Makespan: 355.50 | Actor Loss: -0.0000 | Critic Loss: 0.8761 | Grad Norm: 2.3048 | Clipped: 4/4
Epoch [14/4000] | Avg Makespan: 352.50 | Actor Loss: -0.0021 | Critic Loss: 0.7973 | Grad Norm: 0.9189 | Clipped: 1/4
Epoch [15/4000] | Avg Makespan: 315.50 | Actor Loss: -0.0002 | Critic Loss: 1.3973 | Grad Norm: 3.1776 | Clipped: 4/4
Epoch [16/4000] | Avg Makespan: 357.00 | Actor Loss: -0.0006 | Critic Loss: 0.9737 | Grad Norm: 1.4512 | Clipped: 4/4
Epoch [17/4000] | Avg Makespan: 334.00 | Actor Loss: -0.0038 | Critic Loss: 0.7581 | Grad Norm: 0.4945 | Clipped: 0/4
Epoch [18/4000] | Avg Makespan: 327.25 | Actor Loss: -0.0014 | Critic Loss: 1.6348 | Grad Norm: 0.4793 | Clipped: 0/4
Epoch [19/4000] | Avg Makespan: 342.25 | Actor Loss: -0.0007 | Critic Loss: 1.7111 | Grad Norm: 1.0791 | Clipped: 3/4
Epoch [20/4000] | Avg Makespan: 340.25 | Actor Loss: -0.0029 | Critic Loss: 1.0103 | Grad Norm: 0.4403 | Clipped: 0/4
Epoch [21/4000] | Avg Makespan: 333.50 | Actor Loss: -0.0012 | Critic Loss: 0.6257 | Grad Norm: 0.8611 | Clipped: 0/4
Epoch [22/4000] | Avg Makespan: 291.50 | Actor Loss: -0.0008 | Critic Loss: 1.2091 | Grad Norm: 1.8603 | Clipped: 4/4
Epoch [23/4000] | Avg Makespan: 344.50 | Actor Loss: -0.0005 | Critic Loss: 1.1804 | Grad Norm: 1.4078 | Clipped: 4/4
Epoch [24/4000] | Avg Makespan: 326.75 | Actor Loss: -0.0032 | Critic Loss: 0.8430 | Grad Norm: 0.3877 | Clipped: 0/4
Epoch [25/4000] | Avg Makespan: 307.00 | Actor Loss: -0.0014 | Critic Loss: 0.4176 | Grad Norm: 0.9104 | Clipped: 0/4
Epoch [26/4000] | Avg Makespan: 321.75 | Actor Loss: -0.0003 | Critic Loss: 0.6440 | Grad Norm: 0.2164 | Clipped: 0/4
Epoch [27/4000] | Avg Makespan: 362.50 | Actor Loss: -0.0006 | Critic Loss: 1.6636 | Grad Norm: 1.6794 | Clipped: 4/4
Epoch [28/4000] | Avg Makespan: 330.75 | Actor Loss: -0.0011 | Critic Loss: 0.6732 | Grad Norm: 0.2470 | Clipped: 0/4
Epoch [29/4000] | Avg Makespan: 329.50 | Actor Loss: -0.0007 | Critic Loss: 0.4938 | Grad Norm: 0.3253 | Clipped: 0/4
Epoch [30/4000] | Avg Makespan: 351.25 | Actor Loss: -0.0025 | Critic Loss: 1.1353 | Grad Norm: 0.5283 | Clipped: 0/4
Epoch [31/4000] | Avg Makespan: 318.00 | Actor Loss: -0.0017 | Critic Loss: 2.3081 | Grad Norm: 0.7112 | Clipped: 0/4
Epoch [32/4000] | Avg Makespan: 292.25 | Actor Loss: -0.0031 | Critic Loss: 0.8911 | Grad Norm: 1.2711 | Clipped: 4/4
Epoch [33/4000] | Avg Makespan: 321.50 | Actor Loss: -0.0002 | Critic Loss: 0.3683 | Grad Norm: 0.5116 | Clipped: 0/4
Epoch [34/4000] | Avg Makespan: 326.25 | Actor Loss: -0.0015 | Critic Loss: 0.7058 | Grad Norm: 0.4715 | Clipped: 0/4
Epoch [35/4000] | Avg Makespan: 323.50 | Actor Loss: -0.0001 | Critic Loss: 0.4719 | Grad Norm: 0.3084 | Clipped: 0/4
Epoch [36/4000] | Avg Makespan: 319.75 | Actor Loss: -0.0005 | Critic Loss: 0.3050 | Grad Norm: 0.2338 | Clipped: 0/4
Epoch [37/4000] | Avg Makespan: 362.25 | Actor Loss: -0.0009 | Critic Loss: 2.2768 | Grad Norm: 1.7155 | Clipped: 4/4
Epoch [38/4000] | Avg Makespan: 355.25 | Actor Loss: -0.0012 | Critic Loss: 1.2212 | Grad Norm: 0.8035 | Clipped: 1/4
Epoch [39/4000] | Avg Makespan: 299.25 | Actor Loss: -0.0006 | Critic Loss: 2.1614 | Grad Norm: 2.5058 | Clipped: 4/4
Epoch [40/4000] | Avg Makespan: 318.50 | Actor Loss: -0.0014 | Critic Loss: 2.3183 | Grad Norm: 0.9302 | Clipped: 2/4
Epoch [41/4000] | Avg Makespan: 333.25 | Actor Loss: -0.0011 | Critic Loss: 0.4894 | Grad Norm: 0.3668 | Clipped: 0/4
Epoch [42/4000] | Avg Makespan: 316.25 | Actor Loss: 0.0003 | Critic Loss: 0.3424 | Grad Norm: 0.2152 | Clipped: 0/4
Epoch [43/4000] | Avg Makespan: 326.00 | Actor Loss: -0.0007 | Critic Loss: 1.7938 | Grad Norm: 0.2643 | Clipped: 0/4
Epoch [44/4000] | Avg Makespan: 332.00 | Actor Loss: -0.0009 | Critic Loss: 0.4398 | Grad Norm: 0.2194 | Clipped: 0/4
Epoch [45/4000] | Avg Makespan: 310.00 | Actor Loss: -0.0005 | Critic Loss: 0.4635 | Grad Norm: 0.7370 | Clipped: 0/4
Epoch [46/4000] | Avg Makespan: 331.00 | Actor Loss: -0.0019 | Critic Loss: 1.2454 | Grad Norm: 0.2185 | Clipped: 0/4
Epoch [47/4000] | Avg Makespan: 310.00 | Actor Loss: -0.0008 | Critic Loss: 0.2981 | Grad Norm: 0.3232 | Clipped: 0/4
Epoch [48/4000] | Avg Makespan: 315.00 | Actor Loss: -0.0001 | Critic Loss: 0.3391 | Grad Norm: 0.1314 | Clipped: 0/4
Epoch [49/4000] | Avg Makespan: 328.00 | Actor Loss: -0.0017 | Critic Loss: 0.6255 | Grad Norm: 0.4840 | Clipped: 0/4
Epoch [50/4000] | Avg Makespan: 332.75 | Actor Loss: -0.0001 | Critic Loss: 1.5611 | Grad Norm: 0.3679 | Clipped: 0/4
Epoch [51/4000] | Avg Makespan: 316.50 | Actor Loss: -0.0010 | Critic Loss: 0.7380 | Grad Norm: 0.2412 | Clipped: 0/4
Epoch [52/4000] | Avg Makespan: 338.00 | Actor Loss: -0.0018 | Critic Loss: 0.7921 | Grad Norm: 0.1912 | Clipped: 0/4
Epoch [53/4000] | Avg Makespan: 310.50 | Actor Loss: -0.0001 | Critic Loss: 0.8274 | Grad Norm: 0.3695 | Clipped: 0/4
Epoch [54/4000] | Avg Makespan: 328.50 | Actor Loss: -0.0009 | Critic Loss: 1.4121 | Grad Norm: 0.1055 | Clipped: 0/4
Epoch [55/4000] | Avg Makespan: 354.00 | Actor Loss: -0.0008 | Critic Loss: 1.0511 | Grad Norm: 0.4571 | Clipped: 0/4
Epoch [56/4000] | Avg Makespan: 312.25 | Actor Loss: -0.0007 | Critic Loss: 0.8261 | Grad Norm: 0.3100 | Clipped: 0/4
Epoch [57/4000] | Avg Makespan: 319.50 | Actor Loss: -0.0009 | Critic Loss: 0.7105 | Grad Norm: 0.1738 | Clipped: 0/4
Epoch [58/4000] | Avg Makespan: 304.50 | Actor Loss: -0.0012 | Critic Loss: 0.4386 | Grad Norm: 0.3305 | Clipped: 0/4
Epoch [59/4000] | Avg Makespan: 313.00 | Actor Loss: -0.0009 | Critic Loss: 0.1044 | Grad Norm: 0.1100 | Clipped: 0/4
Epoch [60/4000] | Avg Makespan: 317.50 | Actor Loss: -0.0014 | Critic Loss: 0.3835 | Grad Norm: 0.1873 | Clipped: 0/4
Epoch [61/4000] | Avg Makespan: 302.75 | Actor Loss: -0.0021 | Critic Loss: 0.1351 | Grad Norm: 0.1544 | Clipped: 0/4
Epoch [62/4000] | Avg Makespan: 339.00 | Actor Loss: -0.0019 | Critic Loss: 0.7770 | Grad Norm: 0.6816 | Clipped: 0/4
Epoch [63/4000] | Avg Makespan: 315.00 | Actor Loss: -0.0020 | Critic Loss: 0.4603 | Grad Norm: 0.1591 | Clipped: 0/4
Epoch [64/4000] | Avg Makespan: 301.00 | Actor Loss: -0.0023 | Critic Loss: 0.3481 | Grad Norm: 0.3699 | Clipped: 0/4
Epoch [65/4000] | Avg Makespan: 308.50 | Actor Loss: -0.0032 | Critic Loss: 0.7397 | Grad Norm: 0.2125 | Clipped: 0/4
Epoch [66/4000] | Avg Makespan: 296.50 | Actor Loss: -0.0011 | Critic Loss: 1.0165 | Grad Norm: 0.2972 | Clipped: 0/4
Epoch [67/4000] | Avg Makespan: 316.00 | Actor Loss: -0.0053 | Critic Loss: 1.4457 | Grad Norm: 0.4017 | Clipped: 0/4
Epoch [68/4000] | Avg Makespan: 293.50 | Actor Loss: -0.0032 | Critic Loss: 0.1319 | Grad Norm: 0.2360 | Clipped: 0/4
Epoch [69/4000] | Avg Makespan: 291.25 | Actor Loss: -0.0021 | Critic Loss: 0.2966 | Grad Norm: 0.2216 | Clipped: 0/4
Epoch [70/4000] | Avg Makespan: 310.25 | Actor Loss: -0.0036 | Critic Loss: 0.6298 | Grad Norm: 0.4924 | Clipped: 0/4
Epoch [71/4000] | Avg Makespan: 304.25 | Actor Loss: -0.0022 | Critic Loss: 0.6040 | Grad Norm: 0.2811 | Clipped: 0/4
Epoch [72/4000] | Avg Makespan: 284.00 | Actor Loss: -0.0020 | Critic Loss: 0.5135 | Grad Norm: 0.4795 | Clipped: 0/4
Epoch [73/4000] | Avg Makespan: 295.75 | Actor Loss: -0.0043 | Critic Loss: 0.4890 | Grad Norm: 0.2568 | Clipped: 0/4
Epoch [74/4000] | Avg Makespan: 291.00 | Actor Loss: -0.0024 | Critic Loss: 0.3413 | Grad Norm: 0.2471 | Clipped: 0/4
Epoch [75/4000] | Avg Makespan: 289.25 | Actor Loss: -0.0030 | Critic Loss: 0.2024 | Grad Norm: 0.2259 | Clipped: 0/4
Epoch [76/4000] | Avg Makespan: 287.50 | Actor Loss: -0.0045 | Critic Loss: 0.0818 | Grad Norm: 0.2169 | Clipped: 0/4
Epoch [77/4000] | Avg Makespan: 283.25 | Actor Loss: -0.0057 | Critic Loss: 0.4902 | Grad Norm: 0.3473 | Clipped: 0/4
Epoch [78/4000] | Avg Makespan: 291.75 | Actor Loss: 0.0004 | Critic Loss: 0.3787 | Grad Norm: 0.2680 | Clipped: 0/4
Epoch [79/4000] | Avg Makespan: 317.25 | Actor Loss: -0.0020 | Critic Loss: 0.9051 | Grad Norm: 0.7534 | Clipped: 0/4
Epoch [80/4000] | Avg Makespan: 291.00 | Actor Loss: -0.0018 | Critic Loss: 0.2300 | Grad Norm: 0.2305 | Clipped: 0/4
Epoch [81/4000] | Avg Makespan: 306.50 | Actor Loss: -0.0011 | Critic Loss: 1.7454 | Grad Norm: 0.2045 | Clipped: 0/4
Epoch [82/4000] | Avg Makespan: 275.00 | Actor Loss: -0.0029 | Critic Loss: 0.5511 | Grad Norm: 0.7042 | Clipped: 0/4
Epoch [83/4000] | Avg Makespan: 312.00 | Actor Loss: -0.0017 | Critic Loss: 1.0621 | Grad Norm: 0.2970 | Clipped: 0/4
Epoch [84/4000] | Avg Makespan: 290.50 | Actor Loss: -0.0012 | Critic Loss: 0.3036 | Grad Norm: 0.2266 | Clipped: 0/4
Epoch [85/4000] | Avg Makespan: 284.50 | Actor Loss: -0.0026 | Critic Loss: 0.2604 | Grad Norm: 0.3914 | Clipped: 0/4
Epoch [86/4000] | Avg Makespan: 300.50 | Actor Loss: -0.0029 | Critic Loss: 0.4761 | Grad Norm: 0.2951 | Clipped: 0/4
Epoch [87/4000] | Avg Makespan: 312.00 | Actor Loss: -0.0024 | Critic Loss: 0.8892 | Grad Norm: 0.4796 | Clipped: 0/4
Epoch [88/4000] | Avg Makespan: 327.75 | Actor Loss: -0.0024 | Critic Loss: 1.8737 | Grad Norm: 0.6349 | Clipped: 0/4
Epoch [89/4000] | Avg Makespan: 279.50 | Actor Loss: -0.0019 | Critic Loss: 0.7103 | Grad Norm: 0.5451 | Clipped: 0/4
Epoch [90/4000] | Avg Makespan: 295.75 | Actor Loss: -0.0025 | Critic Loss: 0.2041 | Grad Norm: 0.2875 | Clipped: 0/4
Epoch [91/4000] | Avg Makespan: 292.25 | Actor Loss: -0.0009 | Critic Loss: 0.3062 | Grad Norm: 0.2591 | Clipped: 0/4
Epoch [92/4000] | Avg Makespan: 304.75 | Actor Loss: -0.0044 | Critic Loss: 0.8561 | Grad Norm: 0.3419 | Clipped: 0/4
Epoch [93/4000] | Avg Makespan: 300.00 | Actor Loss: -0.0040 | Critic Loss: 0.2473 | Grad Norm: 0.3131 | Clipped: 0/4
Epoch [94/4000] | Avg Makespan: 296.50 | Actor Loss: -0.0035 | Critic Loss: 0.8011 | Grad Norm: 0.2046 | Clipped: 0/4
Epoch [95/4000] | Avg Makespan: 317.50 | Actor Loss: -0.0035 | Critic Loss: 0.7953 | Grad Norm: 0.5139 | Clipped: 0/4
Epoch [96/4000] | Avg Makespan: 303.50 | Actor Loss: -0.0028 | Critic Loss: 0.1770 | Grad Norm: 0.3451 | Clipped: 0/4
Epoch [97/4000] | Avg Makespan: 270.75 | Actor Loss: -0.0037 | Critic Loss: 0.9619 | Grad Norm: 0.8001 | Clipped: 0/4
Epoch [98/4000] | Avg Makespan: 297.25 | Actor Loss: -0.0011 | Critic Loss: 0.4379 | Grad Norm: 0.2988 | Clipped: 0/4
Epoch [99/4000] | Avg Makespan: 298.50 | Actor Loss: -0.0024 | Critic Loss: 0.1292 | Grad Norm: 0.3296 | Clipped: 0/4
Epoch [100/4000] | Avg Makespan: 308.75 | Actor Loss: -0.0022 | Critic Loss: 0.9761 | Grad Norm: 0.4832 | Clipped: 0/4
   -> Validation | Samples: 280 | Makespan: 700.74 | Invalid Jobs: 0.01 | Score: 711.45
   -> Val Score 711.45 (warming up 2/5, no selection yet)
   -> Val C~ 382.40 (warming up 2/5, no selection yet)
   -> Saved updated training chart to /home/wei/Desktop/AMR-DFJSP/runs/20260827_084425_v10_B_s42/chart.png
Epoch [101/4000] | Avg Makespan: 303.00 | Actor Loss: -0.0011 | Critic Loss: 0.1426 | Grad Norm: 0.3639 | Clipped: 0/4
Epoch [102/4000] | Avg Makespan: 286.00 | Actor Loss: -0.0004 | Critic Loss: 0.3958 | Grad Norm: 0.3509 | Clipped: 0/4
Epoch [103/4000] | Avg Makespan: 267.50 | Actor Loss: -0.0021 | Critic Loss: 0.7953 | Grad Norm: 0.5761 | Clipped: 0/4
Epoch [104/4000] | Avg Makespan: 274.50 | Actor Loss: -0.0027 | Critic Loss: 0.4488 | Grad Norm: 0.3885 | Clipped: 0/4
Epoch [105/4000] | Avg Makespan: 291.50 | Actor Loss: -0.0035 | Critic Loss: 0.1462 | Grad Norm: 0.2814 | Clipped: 0/4
Epoch [106/4000] | Avg Makespan: 292.75 | Actor Loss: -0.0018 | Critic Loss: 0.3550 | Grad Norm: 0.2800 | Clipped: 0/4
Epoch [107/4000] | Avg Makespan: 299.00 | Actor Loss: -0.0028 | Critic Loss: 0.6530 | Grad Norm: 0.3361 | Clipped: 0/4
Epoch [108/4000] | Avg Makespan: 297.00 | Actor Loss: -0.0021 | Critic Loss: 0.3063 | Grad Norm: 0.2466 | Clipped: 0/4
Epoch [109/4000] | Avg Makespan: 290.25 | Actor Loss: -0.0064 | Critic Loss: 0.3091 | Grad Norm: 0.2363 | Clipped: 0/4
Epoch [110/4000] | Avg Makespan: 296.75 | Actor Loss: -0.0050 | Critic Loss: 0.5839 | Grad Norm: 0.2397 | Clipped: 0/4
Epoch [111/4000] | Avg Makespan: 293.75 | Actor Loss: -0.0023 | Critic Loss: 0.5804 | Grad Norm: 0.1709 | Clipped: 0/4
Epoch [112/4000] | Avg Makespan: 350.50 | Actor Loss: -0.0028 | Critic Loss: 2.6332 | Grad Norm: 0.9263 | Clipped: 0/4
Epoch [113/4000] | Avg Makespan: 299.00 | Actor Loss: -0.0039 | Critic Loss: 0.2155 | Grad Norm: 0.2532 | Clipped: 0/4
Epoch [114/4000] | Avg Makespan: 296.25 | Actor Loss: -0.0028 | Critic Loss: 0.8672 | Grad Norm: 0.2860 | Clipped: 0/4
Epoch [115/4000] | Avg Makespan: 295.75 | Actor Loss: -0.0027 | Critic Loss: 0.2282 | Grad Norm: 0.2232 | Clipped: 0/4
Epoch [116/4000] | Avg Makespan: 302.00 | Actor Loss: -0.0032 | Critic Loss: 0.2017 | Grad Norm: 0.3148 | Clipped: 0/4
Epoch [117/4000] | Avg Makespan: 297.50 | Actor Loss: -0.0013 | Critic Loss: 0.4310 | Grad Norm: 0.1806 | Clipped: 0/4
Epoch [118/4000] | Avg Makespan: 311.75 | Actor Loss: -0.0026 | Critic Loss: 0.1959 | Grad Norm: 0.3319 | Clipped: 0/4
Epoch [119/4000] | Avg Makespan: 291.00 | Actor Loss: -0.0025 | Critic Loss: 1.0200 | Grad Norm: 0.2590 | Clipped: 0/4
Epoch [120/4000] | Avg Makespan: 312.50 | Actor Loss: -0.0035 | Critic Loss: 0.3617 | Grad Norm: 0.2558 | Clipped: 0/4
Epoch [121/4000] | Avg Makespan: 286.75 | Actor Loss: -0.0056 | Critic Loss: 1.0990 | Grad Norm: 0.3706 | Clipped: 0/4
Epoch [122/4000] | Avg Makespan: 293.50 | Actor Loss: -0.0044 | Critic Loss: 0.2338 | Grad Norm: 0.2814 | Clipped: 0/4
Epoch [123/4000] | Avg Makespan: 295.00 | Actor Loss: -0.0038 | Critic Loss: 0.4020 | Grad Norm: 0.3761 | Clipped: 0/4
Epoch [124/4000] | Avg Makespan: 308.00 | Actor Loss: -0.0046 | Critic Loss: 1.1505 | Grad Norm: 0.4422 | Clipped: 0/4
Epoch [125/4000] | Avg Makespan: 308.75 | Actor Loss: -0.0048 | Critic Loss: 0.3850 | Grad Norm: 0.3834 | Clipped: 0/4
Epoch [126/4000] | Avg Makespan: 296.50 | Actor Loss: -0.0053 | Critic Loss: 0.4623 | Grad Norm: 0.2999 | Clipped: 0/4
Epoch [127/4000] | Avg Makespan: 283.50 | Actor Loss: -0.0050 | Critic Loss: 0.5603 | Grad Norm: 0.4876 | Clipped: 0/4
Epoch [128/4000] | Avg Makespan: 282.00 | Actor Loss: -0.0039 | Critic Loss: 0.3512 | Grad Norm: 0.5129 | Clipped: 0/4
Epoch [129/4000] | Avg Makespan: 301.00 | Actor Loss: -0.0068 | Critic Loss: 0.1995 | Grad Norm: 0.3567 | Clipped: 0/4
Epoch [130/4000] | Avg Makespan: 292.75 | Actor Loss: -0.0074 | Critic Loss: 0.8685 | Grad Norm: 0.3713 | Clipped: 0/4
Epoch [131/4000] | Avg Makespan: 305.25 | Actor Loss: -0.0040 | Critic Loss: 0.2481 | Grad Norm: 0.4268 | Clipped: 0/4
Epoch [132/4000] | Avg Makespan: 318.25 | Actor Loss: -0.0032 | Critic Loss: 0.8794 | Grad Norm: 0.5092 | Clipped: 0/4
Epoch [133/4000] | Avg Makespan: 303.25 | Actor Loss: -0.0060 | Critic Loss: 0.4275 | Grad Norm: 0.4536 | Clipped: 0/4
Epoch [134/4000] | Avg Makespan: 288.25 | Actor Loss: -0.0071 | Critic Loss: 0.5139 | Grad Norm: 0.4124 | Clipped: 0/4
Epoch [135/4000] | Avg Makespan: 291.75 | Actor Loss: -0.0040 | Critic Loss: 0.9519 | Grad Norm: 0.3826 | Clipped: 0/4
Epoch [136/4000] | Avg Makespan: 299.75 | Actor Loss: -0.0048 | Critic Loss: 0.1990 | Grad Norm: 0.3267 | Clipped: 0/4
Epoch [137/4000] | Avg Makespan: 322.75 | Actor Loss: -0.0064 | Critic Loss: 1.8475 | Grad Norm: 0.6769 | Clipped: 0/4
Epoch [138/4000] | Avg Makespan: 297.25 | Actor Loss: -0.0057 | Critic Loss: 0.0728 | Grad Norm: 0.4540 | Clipped: 0/4
Epoch [139/4000] | Avg Makespan: 297.50 | Actor Loss: -0.0039 | Critic Loss: 0.3630 | Grad Norm: 0.2806 | Clipped: 0/4
Epoch [140/4000] | Avg Makespan: 295.25 | Actor Loss: -0.0044 | Critic Loss: 0.6000 | Grad Norm: 0.3829 | Clipped: 0/4
Epoch [141/4000] | Avg Makespan: 296.75 | Actor Loss: -0.0032 | Critic Loss: 0.8057 | Grad Norm: 0.3041 | Clipped: 0/4
Epoch [142/4000] | Avg Makespan: 322.75 | Actor Loss: -0.0064 | Critic Loss: 1.9724 | Grad Norm: 0.5714 | Clipped: 0/4
Epoch [143/4000] | Avg Makespan: 318.75 | Actor Loss: -0.0061 | Critic Loss: 1.1689 | Grad Norm: 0.6128 | Clipped: 0/4
Epoch [144/4000] | Avg Makespan: 309.00 | Actor Loss: -0.0034 | Critic Loss: 1.0121 | Grad Norm: 0.4114 | Clipped: 0/4
Epoch [145/4000] | Avg Makespan: 298.00 | Actor Loss: -0.0038 | Critic Loss: 0.9143 | Grad Norm: 0.5471 | Clipped: 0/4
Epoch [146/4000] | Avg Makespan: 297.50 | Actor Loss: -0.0042 | Critic Loss: 0.7436 | Grad Norm: 0.4783 | Clipped: 0/4
Epoch [147/4000] | Avg Makespan: 301.75 | Actor Loss: -0.0048 | Critic Loss: 0.5566 | Grad Norm: 0.5386 | Clipped: 0/4
Epoch [148/4000] | Avg Makespan: 294.50 | Actor Loss: -0.0067 | Critic Loss: 0.1406 | Grad Norm: 0.4518 | Clipped: 0/4
Epoch [149/4000] | Avg Makespan: 303.75 | Actor Loss: -0.0049 | Critic Loss: 0.2610 | Grad Norm: 0.4987 | Clipped: 0/4
Epoch [150/4000] | Avg Makespan: 278.25 | Actor Loss: -0.0046 | Critic Loss: 0.7269 | Grad Norm: 0.6597 | Clipped: 0/4
Epoch [151/4000] | Avg Makespan: 315.75 | Actor Loss: -0.0048 | Critic Loss: 0.4671 | Grad Norm: 0.7562 | Clipped: 0/4
Epoch [152/4000] | Avg Makespan: 289.75 | Actor Loss: -0.0030 | Critic Loss: 0.3745 | Grad Norm: 0.6860 | Clipped: 0/4
Epoch [153/4000] | Avg Makespan: 298.75 | Actor Loss: -0.0032 | Critic Loss: 0.3117 | Grad Norm: 0.5737 | Clipped: 0/4
Epoch [154/4000] | Avg Makespan: 288.00 | Actor Loss: -0.0034 | Critic Loss: 0.1850 | Grad Norm: 0.7216 | Clipped: 1/4
Epoch [155/4000] | Avg Makespan: 310.00 | Actor Loss: -0.0051 | Critic Loss: 0.4885 | Grad Norm: 0.5773 | Clipped: 0/4
Epoch [156/4000] | Avg Makespan: 295.25 | Actor Loss: -0.0013 | Critic Loss: 0.1219 | Grad Norm: 0.5567 | Clipped: 0/4
Epoch [157/4000] | Avg Makespan: 312.75 | Actor Loss: -0.0065 | Critic Loss: 0.8551 | Grad Norm: 0.8379 | Clipped: 1/4
Epoch [158/4000] | Avg Makespan: 306.00 | Actor Loss: -0.0046 | Critic Loss: 0.5918 | Grad Norm: 0.5477 | Clipped: 0/4
Epoch [159/4000] | Avg Makespan: 290.00 | Actor Loss: -0.0048 | Critic Loss: 0.2801 | Grad Norm: 0.6849 | Clipped: 0/4
Epoch [160/4000] | Avg Makespan: 289.75 | Actor Loss: -0.0013 | Critic Loss: 0.2508 | Grad Norm: 0.5299 | Clipped: 0/4
Epoch [161/4000] | Avg Makespan: 303.25 | Actor Loss: -0.0068 | Critic Loss: 1.1283 | Grad Norm: 0.4535 | Clipped: 0/4
Epoch [162/4000] | Avg Makespan: 292.00 | Actor Loss: -0.0052 | Critic Loss: 0.7364 | Grad Norm: 0.8354 | Clipped: 0/4
Epoch [163/4000] | Avg Makespan: 310.00 | Actor Loss: -0.0026 | Critic Loss: 1.5306 | Grad Norm: 0.6421 | Clipped: 0/4
Epoch [164/4000] | Avg Makespan: 311.00 | Actor Loss: -0.0077 | Critic Loss: 0.8174 | Grad Norm: 0.6319 | Clipped: 0/4
Epoch [165/4000] | Avg Makespan: 298.50 | Actor Loss: -0.0032 | Critic Loss: 0.1090 | Grad Norm: 0.4965 | Clipped: 0/4
Epoch [166/4000] | Avg Makespan: 334.00 | Actor Loss: -0.0033 | Critic Loss: 1.4820 | Grad Norm: 0.6138 | Clipped: 0/4
Epoch [167/4000] | Avg Makespan: 284.75 | Actor Loss: -0.0057 | Critic Loss: 0.8554 | Grad Norm: 0.8430 | Clipped: 0/4
Epoch [168/4000] | Avg Makespan: 287.75 | Actor Loss: -0.0062 | Critic Loss: 1.1778 | Grad Norm: 0.6048 | Clipped: 0/4
Epoch [169/4000] | Avg Makespan: 312.50 | Actor Loss: -0.0068 | Critic Loss: 0.9120 | Grad Norm: 0.6726 | Clipped: 0/4
Epoch [170/4000] | Avg Makespan: 304.25 | Actor Loss: -0.0071 | Critic Loss: 0.3606 | Grad Norm: 0.4479 | Clipped: 0/4
Epoch [171/4000] | Avg Makespan: 318.50 | Actor Loss: -0.0048 | Critic Loss: 0.8262 | Grad Norm: 0.6590 | Clipped: 0/4
Epoch [172/4000] | Avg Makespan: 317.50 | Actor Loss: -0.0021 | Critic Loss: 0.6894 | Grad Norm: 0.6215 | Clipped: 0/4
Epoch [173/4000] | Avg Makespan: 289.50 | Actor Loss: -0.0056 | Critic Loss: 1.2453 | Grad Norm: 0.8415 | Clipped: 1/4
Epoch [174/4000] | Avg Makespan: 285.50 | Actor Loss: -0.0021 | Critic Loss: 0.9266 | Grad Norm: 0.6226 | Clipped: 0/4
Epoch [175/4000] | Avg Makespan: 284.25 | Actor Loss: -0.0032 | Critic Loss: 0.3328 | Grad Norm: 0.6130 | Clipped: 0/4
Epoch [176/4000] | Avg Makespan: 298.75 | Actor Loss: -0.0055 | Critic Loss: 1.0205 | Grad Norm: 0.6270 | Clipped: 0/4
Epoch [177/4000] | Avg Makespan: 304.00 | Actor Loss: -0.0044 | Critic Loss: 0.5905 | Grad Norm: 0.5372 | Clipped: 0/4
Epoch [178/4000] | Avg Makespan: 294.75 | Actor Loss: -0.0039 | Critic Loss: 0.6872 | Grad Norm: 0.5453 | Clipped: 0/4
Epoch [179/4000] | Avg Makespan: 287.50 | Actor Loss: -0.0044 | Critic Loss: 0.2418 | Grad Norm: 0.4288 | Clipped: 0/4
Epoch [180/4000] | Avg Makespan: 305.50 | Actor Loss: -0.0022 | Critic Loss: 0.5091 | Grad Norm: 0.5566 | Clipped: 0/4
Epoch [181/4000] | Avg Makespan: 300.75 | Actor Loss: -0.0033 | Critic Loss: 0.2061 | Grad Norm: 0.7026 | Clipped: 0/4
Epoch [182/4000] | Avg Makespan: 279.50 | Actor Loss: -0.0046 | Critic Loss: 0.7575 | Grad Norm: 0.5472 | Clipped: 0/4
Epoch [183/4000] | Avg Makespan: 301.75 | Actor Loss: -0.0041 | Critic Loss: 0.4377 | Grad Norm: 0.3610 | Clipped: 0/4
Epoch [184/4000] | Avg Makespan: 296.50 | Actor Loss: -0.0046 | Critic Loss: 0.3622 | Grad Norm: 0.4485 | Clipped: 0/4
Epoch [185/4000] | Avg Makespan: 298.75 | Actor Loss: -0.0049 | Critic Loss: 1.1906 | Grad Norm: 0.6274 | Clipped: 0/4
Epoch [186/4000] | Avg Makespan: 287.50 | Actor Loss: -0.0079 | Critic Loss: 0.3629 | Grad Norm: 0.5272 | Clipped: 0/4
Epoch [187/4000] | Avg Makespan: 292.25 | Actor Loss: -0.0047 | Critic Loss: 0.5005 | Grad Norm: 0.4957 | Clipped: 0/4
Epoch [188/4000] | Avg Makespan: 293.25 | Actor Loss: -0.0028 | Critic Loss: 0.1755 | Grad Norm: 0.4579 | Clipped: 0/4
Epoch [189/4000] | Avg Makespan: 303.00 | Actor Loss: -0.0075 | Critic Loss: 1.4709 | Grad Norm: 0.6880 | Clipped: 0/4
Epoch [190/4000] | Avg Makespan: 299.75 | Actor Loss: -0.0097 | Critic Loss: 0.5275 | Grad Norm: 0.5937 | Clipped: 0/4
Epoch [191/4000] | Avg Makespan: 297.00 | Actor Loss: -0.0051 | Critic Loss: 0.3461 | Grad Norm: 0.6193 | Clipped: 0/4
Epoch [192/4000] | Avg Makespan: 315.75 | Actor Loss: -0.0010 | Critic Loss: 1.4273 | Grad Norm: 0.7648 | Clipped: 0/4
Epoch [193/4000] | Avg Makespan: 304.75 | Actor Loss: -0.0049 | Critic Loss: 0.1759 | Grad Norm: 0.5347 | Clipped: 0/4
Epoch [194/4000] | Avg Makespan: 306.00 | Actor Loss: -0.0033 | Critic Loss: 0.8830 | Grad Norm: 0.3208 | Clipped: 0/4
Epoch [195/4000] | Avg Makespan: 265.75 | Actor Loss: -0.0078 | Critic Loss: 1.2137 | Grad Norm: 1.2306 | Clipped: 3/4
Epoch [196/4000] | Avg Makespan: 284.25 | Actor Loss: -0.0007 | Critic Loss: 0.6290 | Grad Norm: 0.6486 | Clipped: 0/4
Epoch [197/4000] | Avg Makespan: 296.00 | Actor Loss: 0.0037 | Critic Loss: 0.1561 | Grad Norm: 1.1675 | Clipped: 3/4
Epoch [198/4000] | Avg Makespan: 284.75 | Actor Loss: -0.0089 | Critic Loss: 0.5648 | Grad Norm: 0.5385 | Clipped: 0/4
Epoch [199/4000] | Avg Makespan: 290.25 | Actor Loss: -0.0040 | Critic Loss: 0.1022 | Grad Norm: 0.5004 | Clipped: 0/4
Epoch [200/4000] | Avg Makespan: 301.50 | Actor Loss: -0.0017 | Critic Loss: 0.9433 | Grad Norm: 0.5760 | Clipped: 0/4
   -> Validation | Samples: 280 | Makespan: 829.21 | Invalid Jobs: 0.01 | Score: 836.35
   -> Val Score 836.35 (warming up 3/5, no selection yet)
   -> Val C~ 429.72 (warming up 3/5, no selection yet)
   -> Saved updated training chart to /home/wei/Desktop/AMR-DFJSP/runs/20260827_084425_v10_B_s42/chart.png
Epoch [201/4000] | Avg Makespan: 304.00 | Actor Loss: -0.0041 | Critic Loss: 1.4924 | Grad Norm: 0.6853 | Clipped: 0/4
Epoch [202/4000] | Avg Makespan: 317.75 | Actor Loss: -0.0067 | Critic Loss: 0.8900 | Grad Norm: 0.8228 | Clipped: 1/4
Epoch [203/4000] | Avg Makespan: 292.75 | Actor Loss: -0.0044 | Critic Loss: 0.4513 | Grad Norm: 0.5880 | Clipped: 0/4
Epoch [204/4000] | Avg Makespan: 291.00 | Actor Loss: -0.0042 | Critic Loss: 0.5896 | Grad Norm: 0.6056 | Clipped: 0/4
Epoch [205/4000] | Avg Makespan: 293.75 | Actor Loss: -0.0044 | Critic Loss: 0.4240 | Grad Norm: 0.6142 | Clipped: 0/4
Epoch [206/4000] | Avg Makespan: 277.00 | Actor Loss: -0.0048 | Critic Loss: 0.3923 | Grad Norm: 0.7366 | Clipped: 0/4
Epoch [207/4000] | Avg Makespan: 278.00 | Actor Loss: -0.0014 | Critic Loss: 0.3774 | Grad Norm: 0.6088 | Clipped: 0/4
Epoch [208/4000] | Avg Makespan: 308.75 | Actor Loss: -0.0025 | Critic Loss: 1.1013 | Grad Norm: 1.4254 | Clipped: 4/4
Epoch [209/4000] | Avg Makespan: 299.00 | Actor Loss: -0.0022 | Critic Loss: 0.4547 | Grad Norm: 0.8122 | Clipped: 1/4
Epoch [210/4000] | Avg Makespan: 300.50 | Actor Loss: -0.0027 | Critic Loss: 0.1501 | Grad Norm: 0.4819 | Clipped: 0/4
Epoch [211/4000] | Avg Makespan: 310.75 | Actor Loss: -0.0029 | Critic Loss: 0.9536 | Grad Norm: 0.6257 | Clipped: 0/4
Epoch [212/4000] | Avg Makespan: 282.75 | Actor Loss: -0.0049 | Critic Loss: 0.6648 | Grad Norm: 0.8376 | Clipped: 1/4
Epoch [213/4000] | Avg Makespan: 322.75 | Actor Loss: -0.0066 | Critic Loss: 2.3283 | Grad Norm: 0.5697 | Clipped: 0/4
Epoch [214/4000] | Avg Makespan: 295.25 | Actor Loss: -0.0048 | Critic Loss: 0.1522 | Grad Norm: 0.6108 | Clipped: 0/4
Epoch [215/4000] | Avg Makespan: 300.25 | Actor Loss: -0.0022 | Critic Loss: 0.3578 | Grad Norm: 0.4029 | Clipped: 0/4
Epoch [216/4000] | Avg Makespan: 306.25 | Actor Loss: -0.0041 | Critic Loss: 0.4486 | Grad Norm: 0.4736 | Clipped: 0/4
Epoch [217/4000] | Avg Makespan: 288.75 | Actor Loss: -0.0036 | Critic Loss: 0.7448 | Grad Norm: 0.7326 | Clipped: 0/4
Epoch [218/4000] | Avg Makespan: 277.00 | Actor Loss: -0.0064 | Critic Loss: 0.8561 | Grad Norm: 0.7551 | Clipped: 0/4
Epoch [219/4000] | Avg Makespan: 282.25 | Actor Loss: -0.0036 | Critic Loss: 0.0928 | Grad Norm: 0.3808 | Clipped: 0/4
Epoch [220/4000] | Avg Makespan: 286.00 | Actor Loss: -0.0036 | Critic Loss: 0.3920 | Grad Norm: 0.6038 | Clipped: 0/4
Epoch [221/4000] | Avg Makespan: 308.50 | Actor Loss: -0.0017 | Critic Loss: 1.0327 | Grad Norm: 0.9910 | Clipped: 2/4
Epoch [222/4000] | Avg Makespan: 284.00 | Actor Loss: -0.0038 | Critic Loss: 0.5229 | Grad Norm: 0.5282 | Clipped: 0/4
Epoch [223/4000] | Avg Makespan: 268.25 | Actor Loss: -0.0059 | Critic Loss: 0.6876 | Grad Norm: 0.7261 | Clipped: 0/4
Epoch [224/4000] | Avg Makespan: 308.00 | Actor Loss: -0.0036 | Critic Loss: 1.2849 | Grad Norm: 0.7193 | Clipped: 0/4
Epoch [225/4000] | Avg Makespan: 310.50 | Actor Loss: -0.0028 | Critic Loss: 0.3005 | Grad Norm: 0.8474 | Clipped: 1/4
Epoch [226/4000] | Avg Makespan: 303.50 | Actor Loss: -0.0045 | Critic Loss: 1.2180 | Grad Norm: 0.6449 | Clipped: 0/4
Epoch [227/4000] | Avg Makespan: 283.25 | Actor Loss: -0.0043 | Critic Loss: 0.4454 | Grad Norm: 0.4975 | Clipped: 0/4
Epoch [228/4000] | Avg Makespan: 282.75 | Actor Loss: -0.0040 | Critic Loss: 0.6940 | Grad Norm: 0.5468 | Clipped: 0/4
Epoch [229/4000] | Avg Makespan: 304.50 | Actor Loss: -0.0056 | Critic Loss: 1.3525 | Grad Norm: 0.7601 | Clipped: 0/4
Epoch [230/4000] | Avg Makespan: 299.00 | Actor Loss: -0.0039 | Critic Loss: 0.8068 | Grad Norm: 0.5994 | Clipped: 0/4
Epoch [231/4000] | Avg Makespan: 289.75 | Actor Loss: -0.0038 | Critic Loss: 0.2063 | Grad Norm: 0.6597 | Clipped: 0/4
Epoch [232/4000] | Avg Makespan: 284.75 | Actor Loss: -0.0035 | Critic Loss: 0.2409 | Grad Norm: 0.7461 | Clipped: 1/4
Epoch [233/4000] | Avg Makespan: 294.50 | Actor Loss: -0.0036 | Critic Loss: 0.2878 | Grad Norm: 0.5277 | Clipped: 0/4
Epoch [234/4000] | Avg Makespan: 275.00 | Actor Loss: -0.0046 | Critic Loss: 0.5627 | Grad Norm: 0.7137 | Clipped: 0/4
Epoch [235/4000] | Avg Makespan: 296.50 | Actor Loss: -0.0038 | Critic Loss: 0.3156 | Grad Norm: 0.6088 | Clipped: 0/4
Epoch [236/4000] | Avg Makespan: 289.25 | Actor Loss: -0.0020 | Critic Loss: 0.5721 | Grad Norm: 0.4344 | Clipped: 0/4
Epoch [237/4000] | Avg Makespan: 307.25 | Actor Loss: -0.0047 | Critic Loss: 2.2204 | Grad Norm: 0.5260 | Clipped: 0/4
Epoch [238/4000] | Avg Makespan: 282.00 | Actor Loss: -0.0058 | Critic Loss: 0.4113 | Grad Norm: 0.5495 | Clipped: 0/4
Epoch [239/4000] | Avg Makespan: 277.25 | Actor Loss: -0.0029 | Critic Loss: 0.3917 | Grad Norm: 0.6561 | Clipped: 0/4
Epoch [240/4000] | Avg Makespan: 287.50 | Actor Loss: -0.0037 | Critic Loss: 0.3161 | Grad Norm: 0.5726 | Clipped: 0/4
Epoch [241/4000] | Avg Makespan: 299.25 | Actor Loss: -0.0026 | Critic Loss: 0.2459 | Grad Norm: 0.4579 | Clipped: 0/4
Epoch [242/4000] | Avg Makespan: 295.25 | Actor Loss: -0.0049 | Critic Loss: 0.7097 | Grad Norm: 0.3911 | Clipped: 0/4
Epoch [243/4000] | Avg Makespan: 293.25 | Actor Loss: -0.0030 | Critic Loss: 0.1145 | Grad Norm: 0.3424 | Clipped: 0/4
Epoch [244/4000] | Avg Makespan: 301.50 | Actor Loss: -0.0025 | Critic Loss: 0.5306 | Grad Norm: 0.4590 | Clipped: 0/4
Epoch [245/4000] | Avg Makespan: 301.50 | Actor Loss: -0.0055 | Critic Loss: 0.3156 | Grad Norm: 1.2935 | Clipped: 3/4
Epoch [246/4000] | Avg Makespan: 306.50 | Actor Loss: -0.0057 | Critic Loss: 0.2240 | Grad Norm: 2.0755 | Clipped: 2/4
Epoch [247/4000] | Avg Makespan: 313.25 | Actor Loss: -0.0045 | Critic Loss: 0.6094 | Grad Norm: 0.5746 | Clipped: 0/4
Epoch [248/4000] | Avg Makespan: 294.50 | Actor Loss: -0.0053 | Critic Loss: 0.7035 | Grad Norm: 0.4689 | Clipped: 0/4
Epoch [249/4000] | Avg Makespan: 305.25 | Actor Loss: -0.0044 | Critic Loss: 0.7660 | Grad Norm: 0.4526 | Clipped: 0/4
Epoch [250/4000] | Avg Makespan: 281.75 | Actor Loss: -0.0048 | Critic Loss: 0.5573 | Grad Norm: 0.3921 | Clipped: 0/4
Epoch [251/4000] | Avg Makespan: 297.75 | Actor Loss: -0.0051 | Critic Loss: 0.8219 | Grad Norm: 0.4562 | Clipped: 0/4
Epoch [252/4000] | Avg Makespan: 288.25 | Actor Loss: -0.0043 | Critic Loss: 0.2910 | Grad Norm: 0.4680 | Clipped: 0/4
Epoch [253/4000] | Avg Makespan: 308.75 | Actor Loss: -0.0062 | Critic Loss: 0.3276 | Grad Norm: 0.7746 | Clipped: 1/4
Epoch [254/4000] | Avg Makespan: 289.25 | Actor Loss: -0.0044 | Critic Loss: 0.5559 | Grad Norm: 0.4725 | Clipped: 0/4
Epoch [255/4000] | Avg Makespan: 279.00 | Actor Loss: -0.0059 | Critic Loss: 0.3465 | Grad Norm: 0.4240 | Clipped: 0/4
Epoch [256/4000] | Avg Makespan: 291.50 | Actor Loss: -0.0030 | Critic Loss: 0.2541 | Grad Norm: 0.6757 | Clipped: 0/4
Epoch [257/4000] | Avg Makespan: 284.75 | Actor Loss: -0.0057 | Critic Loss: 1.2953 | Grad Norm: 0.4807 | Clipped: 0/4
Epoch [258/4000] | Avg Makespan: 281.25 | Actor Loss: -0.0031 | Critic Loss: 0.7567 | Grad Norm: 0.5156 | Clipped: 0/4
Epoch [259/4000] | Avg Makespan: 289.25 | Actor Loss: -0.0042 | Critic Loss: 0.4083 | Grad Norm: 0.6495 | Clipped: 0/4
Epoch [260/4000] | Avg Makespan: 297.75 | Actor Loss: -0.0036 | Critic Loss: 0.7674 | Grad Norm: 0.5506 | Clipped: 0/4
Epoch [261/4000] | Avg Makespan: 289.00 | Actor Loss: -0.0051 | Critic Loss: 0.4032 | Grad Norm: 0.5021 | Clipped: 0/4
Epoch [262/4000] | Avg Makespan: 282.75 | Actor Loss: -0.0040 | Critic Loss: 0.7164 | Grad Norm: 0.5739 | Clipped: 0/4
Epoch [263/4000] | Avg Makespan: 283.75 | Actor Loss: -0.0051 | Critic Loss: 0.4794 | Grad Norm: 0.7283 | Clipped: 0/4
Epoch [264/4000] | Avg Makespan: 296.00 | Actor Loss: -0.0037 | Critic Loss: 0.9454 | Grad Norm: 1.0967 | Clipped: 3/4
Epoch [265/4000] | Avg Makespan: 308.50 | Actor Loss: -0.0093 | Critic Loss: 0.7308 | Grad Norm: 0.7732 | Clipped: 0/4
Epoch [266/4000] | Avg Makespan: 304.75 | Actor Loss: -0.0039 | Critic Loss: 1.0959 | Grad Norm: 0.5231 | Clipped: 0/4
Epoch [267/4000] | Avg Makespan: 302.75 | Actor Loss: -0.0045 | Critic Loss: 1.3747 | Grad Norm: 0.3912 | Clipped: 0/4
Epoch [268/4000] | Avg Makespan: 299.25 | Actor Loss: -0.0032 | Critic Loss: 0.3398 | Grad Norm: 0.5057 | Clipped: 0/4
Epoch [269/4000] | Avg Makespan: 295.25 | Actor Loss: -0.0032 | Critic Loss: 0.5306 | Grad Norm: 0.4961 | Clipped: 0/4
Epoch [270/4000] | Avg Makespan: 283.00 | Actor Loss: -0.0056 | Critic Loss: 0.9899 | Grad Norm: 0.5981 | Clipped: 0/4
Epoch [271/4000] | Avg Makespan: 289.75 | Actor Loss: -0.0030 | Critic Loss: 0.5201 | Grad Norm: 0.6034 | Clipped: 0/4
Epoch [272/4000] | Avg Makespan: 294.25 | Actor Loss: -0.0021 | Critic Loss: 0.1713 | Grad Norm: 0.3434 | Clipped: 0/4
Epoch [273/4000] | Avg Makespan: 309.25 | Actor Loss: -0.0005 | Critic Loss: 0.9997 | Grad Norm: 0.5087 | Clipped: 0/4
Epoch [274/4000] | Avg Makespan: 309.00 | Actor Loss: -0.0058 | Critic Loss: 0.5565 | Grad Norm: 0.5557 | Clipped: 0/4
Epoch [275/4000] | Avg Makespan: 302.50 | Actor Loss: -0.0064 | Critic Loss: 1.1097 | Grad Norm: 0.4892 | Clipped: 0/4
Epoch [276/4000] | Avg Makespan: 297.75 | Actor Loss: -0.0034 | Critic Loss: 0.4623 | Grad Norm: 0.3989 | Clipped: 0/4
Epoch [277/4000] | Avg Makespan: 283.50 | Actor Loss: -0.0038 | Critic Loss: 0.5018 | Grad Norm: 0.5116 | Clipped: 0/4
Epoch [278/4000] | Avg Makespan: 283.25 | Actor Loss: -0.0064 | Critic Loss: 0.5834 | Grad Norm: 0.4738 | Clipped: 0/4
Epoch [279/4000] | Avg Makespan: 314.00 | Actor Loss: -0.0046 | Critic Loss: 0.6122 | Grad Norm: 0.7645 | Clipped: 1/4
Epoch [280/4000] | Avg Makespan: 297.00 | Actor Loss: -0.0035 | Critic Loss: 1.2347 | Grad Norm: 0.6689 | Clipped: 0/4
Epoch [281/4000] | Avg Makespan: 286.25 | Actor Loss: -0.0047 | Critic Loss: 0.2875 | Grad Norm: 0.7689 | Clipped: 0/4
Epoch [282/4000] | Avg Makespan: 297.25 | Actor Loss: -0.0020 | Critic Loss: 0.2043 | Grad Norm: 1.2119 | Clipped: 3/4
Epoch [283/4000] | Avg Makespan: 287.00 | Actor Loss: -0.0044 | Critic Loss: 0.2977 | Grad Norm: 0.9406 | Clipped: 2/4
Epoch [284/4000] | Avg Makespan: 285.75 | Actor Loss: -0.0024 | Critic Loss: 0.1475 | Grad Norm: 0.4389 | Clipped: 0/4
Epoch [285/4000] | Avg Makespan: 304.75 | Actor Loss: -0.0042 | Critic Loss: 0.4844 | Grad Norm: 0.6514 | Clipped: 0/4
Epoch [286/4000] | Avg Makespan: 313.50 | Actor Loss: -0.0021 | Critic Loss: 0.4459 | Grad Norm: 0.5512 | Clipped: 0/4
Epoch [287/4000] | Avg Makespan: 325.75 | Actor Loss: -0.0044 | Critic Loss: 1.2058 | Grad Norm: 0.6772 | Clipped: 0/4
Epoch [288/4000] | Avg Makespan: 296.25 | Actor Loss: -0.0014 | Critic Loss: 0.1336 | Grad Norm: 0.3855 | Clipped: 0/4
Epoch [289/4000] | Avg Makespan: 289.25 | Actor Loss: -0.0047 | Critic Loss: 0.5952 | Grad Norm: 0.4735 | Clipped: 0/4
Epoch [290/4000] | Avg Makespan: 310.00 | Actor Loss: -0.0042 | Critic Loss: 1.2486 | Grad Norm: 0.5810 | Clipped: 0/4
Epoch [291/4000] | Avg Makespan: 302.25 | Actor Loss: -0.0052 | Critic Loss: 1.6720 | Grad Norm: 0.5209 | Clipped: 0/4
Epoch [292/4000] | Avg Makespan: 301.50 | Actor Loss: -0.0023 | Critic Loss: 0.9284 | Grad Norm: 0.5216 | Clipped: 0/4
Epoch [293/4000] | Avg Makespan: 305.50 | Actor Loss: -0.0070 | Critic Loss: 0.8169 | Grad Norm: 0.5298 | Clipped: 0/4
Epoch [294/4000] | Avg Makespan: 309.00 | Actor Loss: -0.0041 | Critic Loss: 1.3241 | Grad Norm: 0.3067 | Clipped: 0/4
Epoch [295/4000] | Avg Makespan: 286.50 | Actor Loss: -0.0019 | Critic Loss: 0.7712 | Grad Norm: 0.6746 | Clipped: 0/4
Epoch [296/4000] | Avg Makespan: 291.50 | Actor Loss: -0.0052 | Critic Loss: 0.2322 | Grad Norm: 0.4878 | Clipped: 0/4
Epoch [297/4000] | Avg Makespan: 298.50 | Actor Loss: -0.0042 | Critic Loss: 0.1400 | Grad Norm: 0.5499 | Clipped: 0/4
Epoch [298/4000] | Avg Makespan: 293.00 | Actor Loss: -0.0063 | Critic Loss: 0.6349 | Grad Norm: 0.5350 | Clipped: 0/4
Epoch [299/4000] | Avg Makespan: 304.00 | Actor Loss: -0.0038 | Critic Loss: 0.6157 | Grad Norm: 0.5405 | Clipped: 0/4
Epoch [300/4000] | Avg Makespan: 287.50 | Actor Loss: -0.0037 | Critic Loss: 0.5960 | Grad Norm: 0.5967 | Clipped: 0/4
   -> Validation | Samples: 280 | Makespan: 947.08 | Invalid Jobs: 0.02 | Score: 964.94
   -> Val Score 964.94 (warming up 4/5, no selection yet)
   -> Val C~ 407.91 (warming up 4/5, no selection yet)
   -> Saved updated training chart to /home/wei/Desktop/AMR-DFJSP/runs/20260827_084425_v10_B_s42/chart.png
Epoch [301/4000] | Avg Makespan: 308.75 | Actor Loss: -0.0054 | Critic Loss: 0.4723 | Grad Norm: 0.3898 | Clipped: 0/4
Epoch [302/4000] | Avg Makespan: 283.00 | Actor Loss: -0.0036 | Critic Loss: 0.8710 | Grad Norm: 0.4985 | Clipped: 0/4
Epoch [303/4000] | Avg Makespan: 291.25 | Actor Loss: -0.0054 | Critic Loss: 1.0284 | Grad Norm: 0.9675 | Clipped: 1/4
Epoch [304/4000] | Avg Makespan: 283.75 | Actor Loss: -0.0052 | Critic Loss: 0.9029 | Grad Norm: 0.7955 | Clipped: 2/4
Epoch [305/4000] | Avg Makespan: 283.25 | Actor Loss: -0.0043 | Critic Loss: 0.7127 | Grad Norm: 0.6296 | Clipped: 0/4
Epoch [306/4000] | Avg Makespan: 279.25 | Actor Loss: -0.0027 | Critic Loss: 0.4641 | Grad Norm: 0.7961 | Clipped: 1/4
Epoch [307/4000] | Avg Makespan: 268.00 | Actor Loss: -0.0040 | Critic Loss: 0.6360 | Grad Norm: 0.9154 | Clipped: 1/4
Epoch [308/4000] | Avg Makespan: 270.50 | Actor Loss: -0.0049 | Critic Loss: 1.2486 | Grad Norm: 0.6361 | Clipped: 0/4
Epoch [309/4000] | Avg Makespan: 288.25 | Actor Loss: -0.0011 | Critic Loss: 0.3516 | Grad Norm: 1.2153 | Clipped: 3/4
Epoch [310/4000] | Avg Makespan: 259.75 | Actor Loss: -0.0046 | Critic Loss: 0.9577 | Grad Norm: 0.7630 | Clipped: 0/4
Epoch [311/4000] | Avg Makespan: 277.00 | Actor Loss: -0.0018 | Critic Loss: 0.1847 | Grad Norm: 0.5516 | Clipped: 0/4
Epoch [312/4000] | Avg Makespan: 262.00 | Actor Loss: -0.0030 | Critic Loss: 0.3227 | Grad Norm: 0.4356 | Clipped: 0/4
Epoch [313/4000] | Avg Makespan: 267.25 | Actor Loss: -0.0047 | Critic Loss: 0.4423 | Grad Norm: 0.4865 | Clipped: 0/4
Epoch [314/4000] | Avg Makespan: 290.50 | Actor Loss: -0.0032 | Critic Loss: 1.3396 | Grad Norm: 0.8429 | Clipped: 1/4
Epoch [315/4000] | Avg Makespan: 297.50 | Actor Loss: -0.0044 | Critic Loss: 2.0909 | Grad Norm: 0.6292 | Clipped: 0/4
Epoch [316/4000] | Avg Makespan: 278.75 | Actor Loss: -0.0030 | Critic Loss: 0.4298 | Grad Norm: 0.3495 | Clipped: 0/4
Epoch [317/4000] | Avg Makespan: 259.25 | Actor Loss: -0.0064 | Critic Loss: 0.8782 | Grad Norm: 0.7715 | Clipped: 0/4
Epoch [318/4000] | Avg Makespan: 270.25 | Actor Loss: -0.0024 | Critic Loss: 0.7198 | Grad Norm: 0.8716 | Clipped: 1/4
Epoch [319/4000] | Avg Makespan: 268.00 | Actor Loss: -0.0031 | Critic Loss: 0.5189 | Grad Norm: 0.3810 | Clipped: 0/4
Epoch [320/4000] | Avg Makespan: 285.50 | Actor Loss: -0.0096 | Critic Loss: 1.6563 | Grad Norm: 0.4951 | Clipped: 0/4
Epoch [321/4000] | Avg Makespan: 284.50 | Actor Loss: -0.0046 | Critic Loss: 0.8669 | Grad Norm: 0.4171 | Clipped: 0/4
Epoch [322/4000] | Avg Makespan: 275.25 | Actor Loss: -0.0033 | Critic Loss: 0.3164 | Grad Norm: 0.3032 | Clipped: 0/4
Epoch [323/4000] | Avg Makespan: 272.75 | Actor Loss: -0.0049 | Critic Loss: 1.1417 | Grad Norm: 0.3673 | Clipped: 0/4
Epoch [324/4000] | Avg Makespan: 292.00 | Actor Loss: -0.0055 | Critic Loss: 1.2928 | Grad Norm: 0.4721 | Clipped: 0/4
Epoch [325/4000] | Avg Makespan: 261.25 | Actor Loss: -0.0041 | Critic Loss: 0.8948 | Grad Norm: 0.5226 | Clipped: 0/4
Epoch [326/4000] | Avg Makespan: 260.50 | Actor Loss: -0.0043 | Critic Loss: 0.7214 | Grad Norm: 0.6081 | Clipped: 0/4
Epoch [327/4000] | Avg Makespan: 261.25 | Actor Loss: -0.0025 | Critic Loss: 0.6650 | Grad Norm: 0.4895 | Clipped: 0/4
Epoch [328/4000] | Avg Makespan: 262.00 | Actor Loss: -0.0028 | Critic Loss: 0.7942 | Grad Norm: 0.4467 | Clipped: 0/4
Epoch [329/4000] | Avg Makespan: 264.25 | Actor Loss: -0.0025 | Critic Loss: 1.3945 | Grad Norm: 0.4255 | Clipped: 0/4
Epoch [330/4000] | Avg Makespan: 257.75 | Actor Loss: -0.0073 | Critic Loss: 0.5181 | Grad Norm: 0.4673 | Clipped: 0/4
Epoch [331/4000] | Avg Makespan: 260.50 | Actor Loss: -0.0048 | Critic Loss: 0.4533 | Grad Norm: 0.5556 | Clipped: 0/4
Epoch [332/4000] | Avg Makespan: 247.25 | Actor Loss: -0.0035 | Critic Loss: 0.3223 | Grad Norm: 0.4895 | Clipped: 0/4
Epoch [333/4000] | Avg Makespan: 285.75 | Actor Loss: -0.0055 | Critic Loss: 2.1887 | Grad Norm: 0.7446 | Clipped: 0/4
Epoch [334/4000] | Avg Makespan: 266.50 | Actor Loss: -0.0051 | Critic Loss: 0.6214 | Grad Norm: 0.3459 | Clipped: 0/4
Epoch [335/4000] | Avg Makespan: 261.00 | Actor Loss: -0.0041 | Critic Loss: 0.5756 | Grad Norm: 0.3838 | Clipped: 0/4
Epoch [336/4000] | Avg Makespan: 261.25 | Actor Loss: -0.0040 | Critic Loss: 1.1974 | Grad Norm: 0.3506 | Clipped: 0/4
Epoch [337/4000] | Avg Makespan: 284.50 | Actor Loss: -0.0046 | Critic Loss: 0.4776 | Grad Norm: 0.5259 | Clipped: 0/4
Epoch [338/4000] | Avg Makespan: 270.25 | Actor Loss: -0.0063 | Critic Loss: 0.2262 | Grad Norm: 0.3609 | Clipped: 0/4
Epoch [339/4000] | Avg Makespan: 286.25 | Actor Loss: -0.0038 | Critic Loss: 1.2215 | Grad Norm: 0.5263 | Clipped: 0/4
Epoch [340/4000] | Avg Makespan: 271.00 | Actor Loss: -0.0020 | Critic Loss: 0.7716 | Grad Norm: 0.4187 | Clipped: 0/4
Epoch [341/4000] | Avg Makespan: 256.25 | Actor Loss: -0.0049 | Critic Loss: 1.0740 | Grad Norm: 0.5843 | Clipped: 0/4
Epoch [342/4000] | Avg Makespan: 265.00 | Actor Loss: -0.0042 | Critic Loss: 0.5032 | Grad Norm: 0.4573 | Clipped: 0/4
Epoch [343/4000] | Avg Makespan: 264.25 | Actor Loss: -0.0053 | Critic Loss: 0.5530 | Grad Norm: 0.3642 | Clipped: 0/4
Epoch [344/4000] | Avg Makespan: 294.00 | Actor Loss: -0.0015 | Critic Loss: 1.9302 | Grad Norm: 0.7983 | Clipped: 0/4
Epoch [345/4000] | Avg Makespan: 268.50 | Actor Loss: -0.0038 | Critic Loss: 0.7812 | Grad Norm: 0.4829 | Clipped: 0/4
Epoch [346/4000] | Avg Makespan: 324.25 | Actor Loss: -0.0131 | Critic Loss: 2.3410 | Grad Norm: 1.5730 | Clipped: 4/4
Epoch [347/4000] | Avg Makespan: 270.25 | Actor Loss: -0.0040 | Critic Loss: 0.5682 | Grad Norm: 0.5069 | Clipped: 0/4
Epoch [348/4000] | Avg Makespan: 272.00 | Actor Loss: -0.0027 | Critic Loss: 0.6944 | Grad Norm: 2.0146 | Clipped: 2/4
Epoch [349/4000] | Avg Makespan: 267.25 | Actor Loss: -0.0116 | Critic Loss: 1.2041 | Grad Norm: 0.6988 | Clipped: 0/4
Epoch [350/4000] | Avg Makespan: 288.00 | Actor Loss: -0.0064 | Critic Loss: 0.4559 | Grad Norm: 0.6445 | Clipped: 0/4
Epoch [351/4000] | Avg Makespan: 257.25 | Actor Loss: -0.0085 | Critic Loss: 0.8834 | Grad Norm: 0.7051 | Clipped: 0/4
Epoch [352/4000] | Avg Makespan: 260.75 | Actor Loss: -0.0071 | Critic Loss: 0.6145 | Grad Norm: 0.5495 | Clipped: 0/4
Epoch [353/4000] | Avg Makespan: 287.00 | Actor Loss: -0.0050 | Critic Loss: 0.6153 | Grad Norm: 1.1663 | Clipped: 3/4
Epoch [354/4000] | Avg Makespan: 294.50 | Actor Loss: -0.0058 | Critic Loss: 1.1144 | Grad Norm: 0.9801 | Clipped: 2/4
Epoch [355/4000] | Avg Makespan: 294.00 | Actor Loss: -0.0007 | Critic Loss: 0.3830 | Grad Norm: 0.6576 | Clipped: 0/4
Epoch [356/4000] | Avg Makespan: 288.50 | Actor Loss: -0.0028 | Critic Loss: 0.7974 | Grad Norm: 1.2897 | Clipped: 3/4
Epoch [357/4000] | Avg Makespan: 282.50 | Actor Loss: -0.0086 | Critic Loss: 0.7839 | Grad Norm: 0.6916 | Clipped: 0/4
Epoch [358/4000] | Avg Makespan: 272.50 | Actor Loss: -0.0044 | Critic Loss: 0.6729 | Grad Norm: 0.7393 | Clipped: 0/4
Epoch [359/4000] | Avg Makespan: 266.75 | Actor Loss: -0.0058 | Critic Loss: 0.6806 | Grad Norm: 0.6186 | Clipped: 0/4
Epoch [360/4000] | Avg Makespan: 270.00 | Actor Loss: -0.0052 | Critic Loss: 0.4653 | Grad Norm: 0.6183 | Clipped: 0/4
Epoch [361/4000] | Avg Makespan: 278.75 | Actor Loss: 0.0003 | Critic Loss: 1.0407 | Grad Norm: 1.2869 | Clipped: 4/4
Epoch [362/4000] | Avg Makespan: 265.75 | Actor Loss: -0.0031 | Critic Loss: 0.9797 | Grad Norm: 0.6470 | Clipped: 0/4
Epoch [363/4000] | Avg Makespan: 273.50 | Actor Loss: -0.0059 | Critic Loss: 0.8961 | Grad Norm: 0.5230 | Clipped: 0/4
Epoch [364/4000] | Avg Makespan: 277.75 | Actor Loss: -0.0057 | Critic Loss: 0.1215 | Grad Norm: 0.4589 | Clipped: 0/4
Epoch [365/4000] | Avg Makespan: 253.00 | Actor Loss: -0.0028 | Critic Loss: 0.7529 | Grad Norm: 1.0811 | Clipped: 2/4
Epoch [366/4000] | Avg Makespan: 286.50 | Actor Loss: -0.0055 | Critic Loss: 0.4682 | Grad Norm: 0.9856 | Clipped: 1/4
Epoch [367/4000] | Avg Makespan: 288.75 | Actor Loss: -0.0062 | Critic Loss: 0.2584 | Grad Norm: 0.6219 | Clipped: 0/4
Epoch [368/4000] | Avg Makespan: 297.00 | Actor Loss: -0.0086 | Critic Loss: 0.4771 | Grad Norm: 0.7080 | Clipped: 0/4
Epoch [369/4000] | Avg Makespan: 240.75 | Actor Loss: -0.0018 | Critic Loss: 1.6625 | Grad Norm: 1.4742 | Clipped: 4/4
Epoch [370/4000] | Avg Makespan: 275.50 | Actor Loss: -0.0068 | Critic Loss: 0.6577 | Grad Norm: 0.4845 | Clipped: 0/4
Epoch [371/4000] | Avg Makespan: 295.75 | Actor Loss: -0.0057 | Critic Loss: 0.6306 | Grad Norm: 0.6950 | Clipped: 1/4
Epoch [372/4000] | Avg Makespan: 260.00 | Actor Loss: -0.0085 | Critic Loss: 0.5257 | Grad Norm: 0.6901 | Clipped: 0/4
Epoch [373/4000] | Avg Makespan: 260.00 | Actor Loss: -0.0078 | Critic Loss: 0.4977 | Grad Norm: 0.6891 | Clipped: 0/4
Epoch [374/4000] | Avg Makespan: 259.00 | Actor Loss: -0.0055 | Critic Loss: 0.3785 | Grad Norm: 0.6691 | Clipped: 0/4
Epoch [375/4000] | Avg Makespan: 243.75 | Actor Loss: -0.0032 | Critic Loss: 0.4419 | Grad Norm: 0.6429 | Clipped: 0/4
Epoch [376/4000] | Avg Makespan: 265.25 | Actor Loss: -0.0044 | Critic Loss: 1.1474 | Grad Norm: 1.2271 | Clipped: 4/4
Epoch [377/4000] | Avg Makespan: 255.50 | Actor Loss: -0.0050 | Critic Loss: 0.5989 | Grad Norm: 0.8700 | Clipped: 1/4
Epoch [378/4000] | Avg Makespan: 276.75 | Actor Loss: -0.0066 | Critic Loss: 0.6523 | Grad Norm: 0.6525 | Clipped: 1/4
Epoch [379/4000] | Avg Makespan: 245.50 | Actor Loss: -0.0038 | Critic Loss: 0.6333 | Grad Norm: 1.0967 | Clipped: 1/4
Epoch [380/4000] | Avg Makespan: 242.75 | Actor Loss: -0.0087 | Critic Loss: 0.5593 | Grad Norm: 0.8903 | Clipped: 1/4
Epoch [381/4000] | Avg Makespan: 259.50 | Actor Loss: -0.0044 | Critic Loss: 0.9519 | Grad Norm: 0.6901 | Clipped: 0/4
Epoch [382/4000] | Avg Makespan: 266.00 | Actor Loss: -0.0073 | Critic Loss: 0.5337 | Grad Norm: 0.5781 | Clipped: 0/4
Epoch [383/4000] | Avg Makespan: 268.25 | Actor Loss: -0.0059 | Critic Loss: 0.4384 | Grad Norm: 0.7518 | Clipped: 0/4
Epoch [384/4000] | Avg Makespan: 258.00 | Actor Loss: -0.0053 | Critic Loss: 0.5232 | Grad Norm: 0.8318 | Clipped: 1/4
Epoch [385/4000] | Avg Makespan: 257.75 | Actor Loss: -0.0050 | Critic Loss: 0.7342 | Grad Norm: 0.6627 | Clipped: 0/4
Epoch [386/4000] | Avg Makespan: 255.75 | Actor Loss: -0.0040 | Critic Loss: 0.2007 | Grad Norm: 0.7622 | Clipped: 0/4
Epoch [387/4000] | Avg Makespan: 275.25 | Actor Loss: -0.0083 | Critic Loss: 1.0236 | Grad Norm: 0.7567 | Clipped: 0/4
Epoch [388/4000] | Avg Makespan: 277.25 | Actor Loss: -0.0067 | Critic Loss: 1.5277 | Grad Norm: 0.9758 | Clipped: 2/4
Epoch [389/4000] | Avg Makespan: 262.50 | Actor Loss: -0.0070 | Critic Loss: 1.2066 | Grad Norm: 0.6883 | Clipped: 0/4
Epoch [390/4000] | Avg Makespan: 242.25 | Actor Loss: -0.0067 | Critic Loss: 0.7185 | Grad Norm: 0.8597 | Clipped: 1/4
Epoch [391/4000] | Avg Makespan: 280.75 | Actor Loss: -0.0070 | Critic Loss: 0.2847 | Grad Norm: 0.6155 | Clipped: 0/4
Epoch [392/4000] | Avg Makespan: 273.75 | Actor Loss: -0.0092 | Critic Loss: 1.2138 | Grad Norm: 0.7669 | Clipped: 0/4
Epoch [393/4000] | Avg Makespan: 271.50 | Actor Loss: -0.0033 | Critic Loss: 0.4326 | Grad Norm: 0.9682 | Clipped: 1/4
Epoch [394/4000] | Avg Makespan: 263.25 | Actor Loss: -0.0046 | Critic Loss: 0.3539 | Grad Norm: 0.8646 | Clipped: 1/4
Epoch [395/4000] | Avg Makespan: 269.00 | Actor Loss: -0.0064 | Critic Loss: 0.2458 | Grad Norm: 0.5545 | Clipped: 0/4
Epoch [396/4000] | Avg Makespan: 281.75 | Actor Loss: -0.0071 | Critic Loss: 0.6474 | Grad Norm: 0.9119 | Clipped: 2/4
Epoch [397/4000] | Avg Makespan: 264.25 | Actor Loss: -0.0047 | Critic Loss: 0.3015 | Grad Norm: 0.6953 | Clipped: 0/4
Epoch [398/4000] | Avg Makespan: 286.50 | Actor Loss: -0.0011 | Critic Loss: 0.3100 | Grad Norm: 0.8694 | Clipped: 0/4
Epoch [399/4000] | Avg Makespan: 247.00 | Actor Loss: -0.0045 | Critic Loss: 0.9300 | Grad Norm: 0.8049 | Clipped: 0/4
Epoch [400/4000] | Avg Makespan: 263.00 | Actor Loss: -0.0053 | Critic Loss: 0.4500 | Grad Norm: 0.7191 | Clipped: 0/4
   -> Validation | Samples: 280 | Makespan: 1065.86 | Invalid Jobs: 0.00 | Score: 1065.86
   -> Saved new best model (Val Score mean of last 5: 837.51; this eval 1065.86)
   -> Saved new best model (Val C~ mean of last 5: 412.42; this eval 407.70)
   -> Saved updated training chart to /home/wei/Desktop/AMR-DFJSP/runs/20260827_084425_v10_B_s42/chart.png
Epoch [401/4000] | Avg Makespan: 280.75 | Actor Loss: -0.0039 | Critic Loss: 0.6456 | Grad Norm: 1.0733 | Clipped: 2/4
Epoch [402/4000] | Avg Makespan: 277.00 | Actor Loss: -0.0059 | Critic Loss: 0.8930 | Grad Norm: 0.7953 | Clipped: 1/4
Epoch [403/4000] | Avg Makespan: 278.75 | Actor Loss: -0.0076 | Critic Loss: 1.0573 | Grad Norm: 0.6869 | Clipped: 0/4
Epoch [404/4000] | Avg Makespan: 263.75 | Actor Loss: -0.0054 | Critic Loss: 0.7422 | Grad Norm: 0.7482 | Clipped: 0/4
Epoch [405/4000] | Avg Makespan: 267.00 | Actor Loss: -0.0063 | Critic Loss: 0.4057 | Grad Norm: 0.7148 | Clipped: 0/4
Epoch [406/4000] | Avg Makespan: 266.75 | Actor Loss: -0.0029 | Critic Loss: 0.4431 | Grad Norm: 1.9416 | Clipped: 4/4
Epoch [407/4000] | Avg Makespan: 278.75 | Actor Loss: 0.0012 | Critic Loss: 0.6280 | Grad Norm: 1.5927 | Clipped: 3/4
Epoch [408/4000] | Avg Makespan: 276.00 | Actor Loss: 0.0082 | Critic Loss: 0.6206 | Grad Norm: 1.7027 | Clipped: 3/4
Epoch [409/4000] | Avg Makespan: 271.75 | Actor Loss: -0.0019 | Critic Loss: 0.2703 | Grad Norm: 0.9063 | Clipped: 1/4
Epoch [410/4000] | Avg Makespan: 258.50 | Actor Loss: -0.0078 | Critic Loss: 0.7573 | Grad Norm: 0.8763 | Clipped: 2/4
Epoch [411/4000] | Avg Makespan: 259.00 | Actor Loss: -0.0054 | Critic Loss: 0.9883 | Grad Norm: 0.6682 | Clipped: 0/4
Epoch [412/4000] | Avg Makespan: 276.00 | Actor Loss: -0.0068 | Critic Loss: 0.4205 | Grad Norm: 0.8691 | Clipped: 0/4
Epoch [413/4000] | Avg Makespan: 271.00 | Actor Loss: -0.0036 | Critic Loss: 0.7116 | Grad Norm: 0.7268 | Clipped: 0/4
Epoch [414/4000] | Avg Makespan: 259.00 | Actor Loss: -0.0053 | Critic Loss: 0.5852 | Grad Norm: 0.9650 | Clipped: 2/4
Epoch [415/4000] | Avg Makespan: 261.50 | Actor Loss: -0.0098 | Critic Loss: 0.4082 | Grad Norm: 0.6672 | Clipped: 0/4
Epoch [416/4000] | Avg Makespan: 271.25 | Actor Loss: -0.0056 | Critic Loss: 0.2889 | Grad Norm: 0.6117 | Clipped: 0/4
Epoch [417/4000] | Avg Makespan: 264.75 | Actor Loss: -0.0023 | Critic Loss: 1.1677 | Grad Norm: 0.7527 | Clipped: 1/4
Epoch [418/4000] | Avg Makespan: 308.50 | Actor Loss: -0.0029 | Critic Loss: 2.4048 | Grad Norm: 1.1778 | Clipped: 3/4
Epoch [419/4000] | Avg Makespan: 279.25 | Actor Loss: -0.0022 | Critic Loss: 1.1259 | Grad Norm: 1.3204 | Clipped: 3/4
Epoch [420/4000] | Avg Makespan: 269.50 | Actor Loss: -0.0020 | Critic Loss: 0.5809 | Grad Norm: 0.7173 | Clipped: 0/4
Epoch [421/4000] | Avg Makespan: 302.25 | Actor Loss: 0.0054 | Critic Loss: 0.8551 | Grad Norm: 1.7039 | Clipped: 4/4
Epoch [422/4000] | Avg Makespan: 280.75 | Actor Loss: -0.0044 | Critic Loss: 0.2276 | Grad Norm: 1.4421 | Clipped: 3/4
Epoch [423/4000] | Avg Makespan: 273.75 | Actor Loss: -0.0086 | Critic Loss: 0.7086 | Grad Norm: 1.1027 | Clipped: 1/4
Epoch [424/4000] | Avg Makespan: 260.25 | Actor Loss: 0.0013 | Critic Loss: 0.8714 | Grad Norm: 1.0125 | Clipped: 2/4
Epoch [425/4000] | Avg Makespan: 279.25 | Actor Loss: -0.0025 | Critic Loss: 1.1010 | Grad Norm: 0.8013 | Clipped: 1/4
Epoch [426/4000] | Avg Makespan: 268.00 | Actor Loss: 0.0025 | Critic Loss: 1.0726 | Grad Norm: 1.5212 | Clipped: 4/4
Epoch [427/4000] | Avg Makespan: 270.00 | Actor Loss: -0.0055 | Critic Loss: 0.6760 | Grad Norm: 0.7517 | Clipped: 0/4
Epoch [428/4000] | Avg Makespan: 250.50 | Actor Loss: -0.0069 | Critic Loss: 0.4107 | Grad Norm: 0.7718 | Clipped: 0/4
Epoch [429/4000] | Avg Makespan: 253.00 | Actor Loss: 0.0013 | Critic Loss: 0.4891 | Grad Norm: 1.0878 | Clipped: 2/4
Epoch [430/4000] | Avg Makespan: 282.75 | Actor Loss: -0.0018 | Critic Loss: 0.8799 | Grad Norm: 1.1546 | Clipped: 1/4
Epoch [431/4000] | Avg Makespan: 268.75 | Actor Loss: -0.0074 | Critic Loss: 0.7424 | Grad Norm: 0.8713 | Clipped: 1/4
Epoch [432/4000] | Avg Makespan: 269.25 | Actor Loss: -0.0061 | Critic Loss: 0.7083 | Grad Norm: 0.7699 | Clipped: 0/4
Epoch [433/4000] | Avg Makespan: 236.25 | Actor Loss: -0.0061 | Critic Loss: 0.9796 | Grad Norm: 0.9719 | Clipped: 2/4
Epoch [434/4000] | Avg Makespan: 265.50 | Actor Loss: -0.0045 | Critic Loss: 0.3719 | Grad Norm: 0.9021 | Clipped: 1/4
Epoch [435/4000] | Avg Makespan: 260.25 | Actor Loss: -0.0036 | Critic Loss: 0.8472 | Grad Norm: 0.9528 | Clipped: 2/4
Epoch [436/4000] | Avg Makespan: 279.00 | Actor Loss: 0.0012 | Critic Loss: 0.3844 | Grad Norm: 1.4107 | Clipped: 4/4
Epoch [437/4000] | Avg Makespan: 266.25 | Actor Loss: -0.0051 | Critic Loss: 0.3056 | Grad Norm: 1.1486 | Clipped: 2/4
Epoch [438/4000] | Avg Makespan: 254.75 | Actor Loss: 0.0017 | Critic Loss: 0.7995 | Grad Norm: 1.6844 | Clipped: 4/4
Epoch [439/4000] | Avg Makespan: 279.00 | Actor Loss: -0.0041 | Critic Loss: 1.2973 | Grad Norm: 1.0161 | Clipped: 2/4
Epoch [440/4000] | Avg Makespan: 282.75 | Actor Loss: -0.0054 | Critic Loss: 1.2053 | Grad Norm: 0.8709 | Clipped: 1/4
Epoch [441/4000] | Avg Makespan: 276.25 | Actor Loss: -0.0030 | Critic Loss: 0.9984 | Grad Norm: 1.5173 | Clipped: 4/4
Epoch [442/4000] | Avg Makespan: 253.00 | Actor Loss: -0.0020 | Critic Loss: 0.6874 | Grad Norm: 1.2361 | Clipped: 2/4
Epoch [443/4000] | Avg Makespan: 266.25 | Actor Loss: -0.0026 | Critic Loss: 0.5491 | Grad Norm: 1.5877 | Clipped: 4/4
Epoch [444/4000] | Avg Makespan: 285.50 | Actor Loss: -0.0077 | Critic Loss: 1.4488 | Grad Norm: 1.3145 | Clipped: 4/4
Epoch [445/4000] | Avg Makespan: 281.75 | Actor Loss: -0.0064 | Critic Loss: 0.4475 | Grad Norm: 1.1510 | Clipped: 3/4
Epoch [446/4000] | Avg Makespan: 264.25 | Actor Loss: -0.0057 | Critic Loss: 0.3961 | Grad Norm: 0.7319 | Clipped: 0/4
Epoch [447/4000] | Avg Makespan: 282.75 | Actor Loss: -0.0030 | Critic Loss: 2.0570 | Grad Norm: 0.9196 | Clipped: 2/4
Epoch [448/4000] | Avg Makespan: 273.75 | Actor Loss: -0.0076 | Critic Loss: 0.6368 | Grad Norm: 0.9658 | Clipped: 1/4
Epoch [449/4000] | Avg Makespan: 269.75 | Actor Loss: -0.0019 | Critic Loss: 1.5790 | Grad Norm: 1.3321 | Clipped: 3/4
Epoch [450/4000] | Avg Makespan: 270.75 | Actor Loss: -0.0099 | Critic Loss: 0.5537 | Grad Norm: 0.7253 | Clipped: 0/4
Epoch [451/4000] | Avg Makespan: 284.00 | Actor Loss: -0.0057 | Critic Loss: 0.8513 | Grad Norm: 0.8124 | Clipped: 0/4
Epoch [452/4000] | Avg Makespan: 280.00 | Actor Loss: -0.0065 | Critic Loss: 0.6588 | Grad Norm: 0.7852 | Clipped: 0/4
Epoch [453/4000] | Avg Makespan: 259.00 | Actor Loss: -0.0060 | Critic Loss: 0.4127 | Grad Norm: 1.0414 | Clipped: 1/4
Epoch [454/4000] | Avg Makespan: 278.50 | Actor Loss: -0.0031 | Critic Loss: 1.0751 | Grad Norm: 1.2427 | Clipped: 3/4
Epoch [455/4000] | Avg Makespan: 281.75 | Actor Loss: -0.0030 | Critic Loss: 0.3296 | Grad Norm: 0.8626 | Clipped: 1/4
Epoch [456/4000] | Avg Makespan: 261.50 | Actor Loss: -0.0068 | Critic Loss: 0.3613 | Grad Norm: 0.9759 | Clipped: 1/4
Epoch [457/4000] | Avg Makespan: 279.75 | Actor Loss: -0.0068 | Critic Loss: 0.7089 | Grad Norm: 1.1219 | Clipped: 2/4
Epoch [458/4000] | Avg Makespan: 263.00 | Actor Loss: -0.0014 | Critic Loss: 0.3908 | Grad Norm: 1.2565 | Clipped: 2/4
Epoch [459/4000] | Avg Makespan: 261.75 | Actor Loss: -0.0085 | Critic Loss: 0.7226 | Grad Norm: 0.8987 | Clipped: 2/4
Epoch [460/4000] | Avg Makespan: 274.00 | Actor Loss: -0.0047 | Critic Loss: 0.3226 | Grad Norm: 0.7626 | Clipped: 0/4
Epoch [461/4000] | Avg Makespan: 277.00 | Actor Loss: -0.0073 | Critic Loss: 0.9269 | Grad Norm: 0.7400 | Clipped: 0/4
Epoch [462/4000] | Avg Makespan: 279.25 | Actor Loss: -0.0067 | Critic Loss: 0.8740 | Grad Norm: 0.7231 | Clipped: 0/4
Epoch [463/4000] | Avg Makespan: 264.25 | Actor Loss: -0.0072 | Critic Loss: 0.2615 | Grad Norm: 0.7496 | Clipped: 0/4
Epoch [464/4000] | Avg Makespan: 263.75 | Actor Loss: -0.0091 | Critic Loss: 0.4987 | Grad Norm: 0.8731 | Clipped: 0/4
Epoch [465/4000] | Avg Makespan: 264.75 | Actor Loss: -0.0086 | Critic Loss: 0.3228 | Grad Norm: 0.8247 | Clipped: 0/4
Epoch [466/4000] | Avg Makespan: 277.00 | Actor Loss: -0.0062 | Critic Loss: 0.8105 | Grad Norm: 0.7519 | Clipped: 1/4
Epoch [467/4000] | Avg Makespan: 272.75 | Actor Loss: -0.0032 | Critic Loss: 0.9996 | Grad Norm: 0.7073 | Clipped: 0/4
Epoch [468/4000] | Avg Makespan: 256.00 | Actor Loss: -0.0095 | Critic Loss: 0.6838 | Grad Norm: 0.7106 | Clipped: 0/4
Epoch [469/4000] | Avg Makespan: 232.75 | Actor Loss: -0.0041 | Critic Loss: 0.8943 | Grad Norm: 0.9703 | Clipped: 1/4
Epoch [470/4000] | Avg Makespan: 255.25 | Actor Loss: -0.0103 | Critic Loss: 0.7673 | Grad Norm: 0.7855 | Clipped: 1/4
Epoch [471/4000] | Avg Makespan: 252.25 | Actor Loss: -0.0082 | Critic Loss: 0.3910 | Grad Norm: 0.5478 | Clipped: 0/4
Epoch [472/4000] | Avg Makespan: 274.75 | Actor Loss: -0.0036 | Critic Loss: 1.3714 | Grad Norm: 0.9499 | Clipped: 1/4
Epoch [473/4000] | Avg Makespan: 249.25 | Actor Loss: -0.0054 | Critic Loss: 0.2887 | Grad Norm: 0.7377 | Clipped: 0/4
Epoch [474/4000] | Avg Makespan: 269.00 | Actor Loss: -0.0060 | Critic Loss: 0.7026 | Grad Norm: 0.6583 | Clipped: 0/4
Epoch [475/4000] | Avg Makespan: 255.75 | Actor Loss: -0.0070 | Critic Loss: 0.8833 | Grad Norm: 0.8645 | Clipped: 1/4
Epoch [476/4000] | Avg Makespan: 255.50 | Actor Loss: -0.0075 | Critic Loss: 0.4596 | Grad Norm: 0.7484 | Clipped: 0/4
Epoch [477/4000] | Avg Makespan: 246.75 | Actor Loss: -0.0097 | Critic Loss: 0.4448 | Grad Norm: 1.4459 | Clipped: 4/4
Epoch [478/4000] | Avg Makespan: 286.25 | Actor Loss: -0.0080 | Critic Loss: 1.0157 | Grad Norm: 1.1015 | Clipped: 3/4
Epoch [479/4000] | Avg Makespan: 261.75 | Actor Loss: -0.0068 | Critic Loss: 0.4388 | Grad Norm: 0.9129 | Clipped: 2/4
Epoch [480/4000] | Avg Makespan: 260.50 | Actor Loss: -0.0064 | Critic Loss: 0.2769 | Grad Norm: 0.7247 | Clipped: 0/4
Epoch [481/4000] | Avg Makespan: 269.75 | Actor Loss: -0.0051 | Critic Loss: 0.4891 | Grad Norm: 0.8284 | Clipped: 1/4
Epoch [482/4000] | Avg Makespan: 248.75 | Actor Loss: -0.0017 | Critic Loss: 0.8891 | Grad Norm: 1.0852 | Clipped: 3/4
Epoch [483/4000] | Avg Makespan: 252.25 | Actor Loss: -0.0066 | Critic Loss: 0.5761 | Grad Norm: 0.7064 | Clipped: 0/4
Epoch [484/4000] | Avg Makespan: 265.25 | Actor Loss: -0.0030 | Critic Loss: 0.3514 | Grad Norm: 1.0737 | Clipped: 4/4
Epoch [485/4000] | Avg Makespan: 258.75 | Actor Loss: -0.0059 | Critic Loss: 0.6370 | Grad Norm: 0.6612 | Clipped: 0/4
Epoch [486/4000] | Avg Makespan: 268.50 | Actor Loss: -0.0084 | Critic Loss: 0.8284 | Grad Norm: 0.6426 | Clipped: 0/4
Epoch [487/4000] | Avg Makespan: 256.50 | Actor Loss: -0.0055 | Critic Loss: 0.2662 | Grad Norm: 0.9467 | Clipped: 1/4
Epoch [488/4000] | Avg Makespan: 261.25 | Actor Loss: -0.0051 | Critic Loss: 0.5890 | Grad Norm: 0.7889 | Clipped: 0/4
Epoch [489/4000] | Avg Makespan: 267.75 | Actor Loss: -0.0059 | Critic Loss: 0.4314 | Grad Norm: 1.1857 | Clipped: 3/4
Epoch [490/4000] | Avg Makespan: 261.00 | Actor Loss: -0.0076 | Critic Loss: 0.3897 | Grad Norm: 0.6766 | Clipped: 0/4
Epoch [491/4000] | Avg Makespan: 259.25 | Actor Loss: -0.0056 | Critic Loss: 0.3973 | Grad Norm: 1.0503 | Clipped: 2/4
Epoch [492/4000] | Avg Makespan: 292.50 | Actor Loss: -0.0059 | Critic Loss: 1.2518 | Grad Norm: 1.0734 | Clipped: 2/4
Epoch [493/4000] | Avg Makespan: 258.50 | Actor Loss: -0.0069 | Critic Loss: 0.8514 | Grad Norm: 1.0254 | Clipped: 2/4
Epoch [494/4000] | Avg Makespan: 289.00 | Actor Loss: -0.0055 | Critic Loss: 0.9208 | Grad Norm: 0.9760 | Clipped: 2/4
Epoch [495/4000] | Avg Makespan: 270.25 | Actor Loss: -0.0080 | Critic Loss: 1.1560 | Grad Norm: 1.0225 | Clipped: 2/4
Epoch [496/4000] | Avg Makespan: 246.75 | Actor Loss: -0.0019 | Critic Loss: 1.2207 | Grad Norm: 1.6850 | Clipped: 4/4
Epoch [497/4000] | Avg Makespan: 268.50 | Actor Loss: -0.0077 | Critic Loss: 0.5414 | Grad Norm: 0.6184 | Clipped: 0/4
Epoch [498/4000] | Avg Makespan: 268.25 | Actor Loss: -0.0005 | Critic Loss: 0.5840 | Grad Norm: 1.5394 | Clipped: 4/4
Epoch [499/4000] | Avg Makespan: 266.50 | Actor Loss: -0.0021 | Critic Loss: 0.1879 | Grad Norm: 0.9147 | Clipped: 1/4
Epoch [500/4000] | Avg Makespan: 233.50 | Actor Loss: -0.0042 | Critic Loss: 0.6671 | Grad Norm: 1.2214 | Clipped: 3/4
   -> Validation | Samples: 280 | Makespan: 1153.04 | Invalid Jobs: 0.01 | Score: 1160.19
   -> Saved new best model (Val C~ mean of last 5: 407.00; this eval 407.29)
   -> Saved updated training chart to /home/wei/Desktop/AMR-DFJSP/runs/20260827_084425_v10_B_s42/chart.png
Epoch [501/4000] | Avg Makespan: 283.50 | Actor Loss: -0.0065 | Critic Loss: 2.5809 | Grad Norm: 1.3438 | Clipped: 3/4
Epoch [502/4000] | Avg Makespan: 227.25 | Actor Loss: -0.0001 | Critic Loss: 0.8028 | Grad Norm: 2.1604 | Clipped: 4/4
Epoch [503/4000] | Avg Makespan: 267.00 | Actor Loss: -0.0059 | Critic Loss: 0.1952 | Grad Norm: 0.9280 | Clipped: 2/4
Epoch [504/4000] | Avg Makespan: 255.25 | Actor Loss: -0.0027 | Critic Loss: 0.5522 | Grad Norm: 1.3939 | Clipped: 4/4
Epoch [505/4000] | Avg Makespan: 262.25 | Actor Loss: -0.0021 | Critic Loss: 0.7176 | Grad Norm: 1.3944 | Clipped: 3/4
Epoch [506/4000] | Avg Makespan: 269.25 | Actor Loss: -0.0051 | Critic Loss: 0.8115 | Grad Norm: 0.9153 | Clipped: 2/4
Epoch [507/4000] | Avg Makespan: 262.00 | Actor Loss: -0.0114 | Critic Loss: 0.3251 | Grad Norm: 0.7291 | Clipped: 0/4
Epoch [508/4000] | Avg Makespan: 249.25 | Actor Loss: -0.0053 | Critic Loss: 0.5799 | Grad Norm: 0.9427 | Clipped: 1/4
Epoch [509/4000] | Avg Makespan: 247.00 | Actor Loss: -0.0069 | Critic Loss: 0.5236 | Grad Norm: 0.7154 | Clipped: 0/4
Epoch [510/4000] | Avg Makespan: 247.50 | Actor Loss: -0.0060 | Critic Loss: 0.3625 | Grad Norm: 0.6704 | Clipped: 0/4
Epoch [511/4000] | Avg Makespan: 264.75 | Actor Loss: -0.0005 | Critic Loss: 0.8932 | Grad Norm: 1.0100 | Clipped: 2/4
Epoch [512/4000] | Avg Makespan: 278.25 | Actor Loss: -0.0032 | Critic Loss: 1.3152 | Grad Norm: 1.0431 | Clipped: 2/4
Epoch [513/4000] | Avg Makespan: 256.00 | Actor Loss: -0.0063 | Critic Loss: 0.6193 | Grad Norm: 0.8677 | Clipped: 0/4
Epoch [514/4000] | Avg Makespan: 265.00 | Actor Loss: -0.0025 | Critic Loss: 0.3919 | Grad Norm: 0.8115 | Clipped: 1/4
Epoch [515/4000] | Avg Makespan: 257.50 | Actor Loss: -0.0058 | Critic Loss: 0.3726 | Grad Norm: 0.6880 | Clipped: 1/4
Epoch [516/4000] | Avg Makespan: 277.50 | Actor Loss: -0.0065 | Critic Loss: 0.5467 | Grad Norm: 0.7533 | Clipped: 0/4
Epoch [517/4000] | Avg Makespan: 269.25 | Actor Loss: -0.0042 | Critic Loss: 0.4081 | Grad Norm: 0.9015 | Clipped: 1/4
Epoch [518/4000] | Avg Makespan: 264.00 | Actor Loss: -0.0074 | Critic Loss: 1.2496 | Grad Norm: 0.8142 | Clipped: 1/4
Epoch [519/4000] | Avg Makespan: 269.25 | Actor Loss: -0.0048 | Critic Loss: 0.4408 | Grad Norm: 0.5402 | Clipped: 0/4
Epoch [520/4000] | Avg Makespan: 266.75 | Actor Loss: -0.0078 | Critic Loss: 1.0774 | Grad Norm: 0.7026 | Clipped: 0/4
Epoch [521/4000] | Avg Makespan: 247.50 | Actor Loss: -0.0052 | Critic Loss: 0.5506 | Grad Norm: 0.9595 | Clipped: 1/4
Epoch [522/4000] | Avg Makespan: 257.25 | Actor Loss: -0.0049 | Critic Loss: 0.3761 | Grad Norm: 0.7037 | Clipped: 0/4
Epoch [523/4000] | Avg Makespan: 272.50 | Actor Loss: -0.0050 | Critic Loss: 0.6266 | Grad Norm: 0.7825 | Clipped: 0/4
Epoch [524/4000] | Avg Makespan: 253.50 | Actor Loss: -0.0044 | Critic Loss: 0.4591 | Grad Norm: 0.9528 | Clipped: 2/4
Epoch [525/4000] | Avg Makespan: 267.25 | Actor Loss: -0.0051 | Critic Loss: 0.3605 | Grad Norm: 0.6939 | Clipped: 0/4
Epoch [526/4000] | Avg Makespan: 266.25 | Actor Loss: -0.0060 | Critic Loss: 0.4463 | Grad Norm: 0.6274 | Clipped: 0/4
Epoch [527/4000] | Avg Makespan: 244.25 | Actor Loss: -0.0055 | Critic Loss: 0.5032 | Grad Norm: 0.9580 | Clipped: 2/4
Epoch [528/4000] | Avg Makespan: 266.25 | Actor Loss: -0.0049 | Critic Loss: 0.5184 | Grad Norm: 0.6370 | Clipped: 0/4
Epoch [529/4000] | Avg Makespan: 235.25 | Actor Loss: -0.0057 | Critic Loss: 0.4842 | Grad Norm: 0.9895 | Clipped: 3/4
Epoch [530/4000] | Avg Makespan: 280.25 | Actor Loss: -0.0049 | Critic Loss: 0.3447 | Grad Norm: 0.9000 | Clipped: 1/4
Epoch [531/4000] | Avg Makespan: 293.25 | Actor Loss: -0.0047 | Critic Loss: 1.5837 | Grad Norm: 1.1673 | Clipped: 3/4
Epoch [532/4000] | Avg Makespan: 270.75 | Actor Loss: -0.0062 | Critic Loss: 0.2205 | Grad Norm: 0.6011 | Clipped: 0/4
Epoch [533/4000] | Avg Makespan: 280.50 | Actor Loss: -0.0040 | Critic Loss: 1.0733 | Grad Norm: 0.8307 | Clipped: 0/4
Epoch [534/4000] | Avg Makespan: 285.50 | Actor Loss: 0.0001 | Critic Loss: 2.0619 | Grad Norm: 1.2601 | Clipped: 3/4
Epoch [535/4000] | Avg Makespan: 275.00 | Actor Loss: -0.0061 | Critic Loss: 0.5785 | Grad Norm: 0.8496 | Clipped: 0/4
Epoch [536/4000] | Avg Makespan: 245.50 | Actor Loss: -0.0016 | Critic Loss: 1.1551 | Grad Norm: 1.0774 | Clipped: 2/4
Epoch [537/4000] | Avg Makespan: 258.25 | Actor Loss: -0.0027 | Critic Loss: 0.7564 | Grad Norm: 0.8514 | Clipped: 2/4
Epoch [538/4000] | Avg Makespan: 257.00 | Actor Loss: -0.0031 | Critic Loss: 1.0084 | Grad Norm: 1.1545 | Clipped: 2/4
Epoch [539/4000] | Avg Makespan: 268.50 | Actor Loss: -0.0005 | Critic Loss: 0.4008 | Grad Norm: 0.9681 | Clipped: 1/4
Epoch [540/4000] | Avg Makespan: 257.00 | Actor Loss: -0.0037 | Critic Loss: 0.6828 | Grad Norm: 1.0538 | Clipped: 2/4
Epoch [541/4000] | Avg Makespan: 267.25 | Actor Loss: 0.0006 | Critic Loss: 0.5368 | Grad Norm: 1.6055 | Clipped: 3/4
Epoch [542/4000] | Avg Makespan: 280.00 | Actor Loss: -0.0066 | Critic Loss: 2.0848 | Grad Norm: 1.0545 | Clipped: 1/4
Epoch [543/4000] | Avg Makespan: 261.25 | Actor Loss: -0.0085 | Critic Loss: 0.3300 | Grad Norm: 0.8958 | Clipped: 1/4
Epoch [544/4000] | Avg Makespan: 270.50 | Actor Loss: -0.0036 | Critic Loss: 0.6198 | Grad Norm: 0.9190 | Clipped: 0/4
Epoch [545/4000] | Avg Makespan: 280.25 | Actor Loss: -0.0007 | Critic Loss: 1.2955 | Grad Norm: 1.1483 | Clipped: 3/4
Epoch [546/4000] | Avg Makespan: 252.00 | Actor Loss: -0.0091 | Critic Loss: 0.6016 | Grad Norm: 0.8923 | Clipped: 1/4
Epoch [547/4000] | Avg Makespan: 275.75 | Actor Loss: -0.0074 | Critic Loss: 1.0305 | Grad Norm: 0.8685 | Clipped: 1/4
Epoch [548/4000] | Avg Makespan: 279.50 | Actor Loss: -0.0074 | Critic Loss: 0.5513 | Grad Norm: 0.7204 | Clipped: 0/4
Epoch [549/4000] | Avg Makespan: 259.00 | Actor Loss: -0.0051 | Critic Loss: 0.3841 | Grad Norm: 0.8025 | Clipped: 0/4
Epoch [550/4000] | Avg Makespan: 265.25 | Actor Loss: -0.0070 | Critic Loss: 0.6690 | Grad Norm: 0.9843 | Clipped: 1/4
Epoch [551/4000] | Avg Makespan: 264.50 | Actor Loss: -0.0041 | Critic Loss: 0.3157 | Grad Norm: 0.8540 | Clipped: 1/4
Epoch [552/4000] | Avg Makespan: 276.00 | Actor Loss: -0.0066 | Critic Loss: 0.3994 | Grad Norm: 0.8352 | Clipped: 1/4
Epoch [553/4000] | Avg Makespan: 265.25 | Actor Loss: -0.0033 | Critic Loss: 0.6935 | Grad Norm: 1.3493 | Clipped: 2/4
Epoch [554/4000] | Avg Makespan: 252.00 | Actor Loss: -0.0069 | Critic Loss: 0.4090 | Grad Norm: 0.9208 | Clipped: 0/4
Epoch [555/4000] | Avg Makespan: 271.50 | Actor Loss: 0.0034 | Critic Loss: 0.4218 | Grad Norm: 2.1043 | Clipped: 4/4
Epoch [556/4000] | Avg Makespan: 267.50 | Actor Loss: -0.0019 | Critic Loss: 0.2522 | Grad Norm: 0.9754 | Clipped: 1/4
Epoch [557/4000] | Avg Makespan: 262.00 | Actor Loss: -0.0021 | Critic Loss: 0.4081 | Grad Norm: 1.0023 | Clipped: 2/4
Epoch [558/4000] | Avg Makespan: 256.50 | Actor Loss: -0.0065 | Critic Loss: 0.4365 | Grad Norm: 0.9584 | Clipped: 2/4
Epoch [559/4000] | Avg Makespan: 263.00 | Actor Loss: -0.0031 | Critic Loss: 0.4026 | Grad Norm: 0.7599 | Clipped: 0/4
Epoch [560/4000] | Avg Makespan: 257.25 | Actor Loss: -0.0074 | Critic Loss: 0.3169 | Grad Norm: 1.0286 | Clipped: 3/4
Epoch [561/4000] | Avg Makespan: 239.50 | Actor Loss: -0.0067 | Critic Loss: 0.3760 | Grad Norm: 1.2543 | Clipped: 2/4
Epoch [562/4000] | Avg Makespan: 247.00 | Actor Loss: -0.0066 | Critic Loss: 0.3438 | Grad Norm: 0.7361 | Clipped: 0/4
Epoch [563/4000] | Avg Makespan: 251.75 | Actor Loss: -0.0055 | Critic Loss: 0.6686 | Grad Norm: 0.8346 | Clipped: 1/4
Epoch [564/4000] | Avg Makespan: 261.25 | Actor Loss: -0.0051 | Critic Loss: 0.4928 | Grad Norm: 0.7068 | Clipped: 0/4
Epoch [565/4000] | Avg Makespan: 266.50 | Actor Loss: -0.0044 | Critic Loss: 0.7971 | Grad Norm: 0.8454 | Clipped: 1/4
Epoch [566/4000] | Avg Makespan: 275.25 | Actor Loss: -0.0069 | Critic Loss: 0.4719 | Grad Norm: 0.9792 | Clipped: 1/4
Epoch [567/4000] | Avg Makespan: 271.50 | Actor Loss: -0.0062 | Critic Loss: 0.2971 | Grad Norm: 0.7846 | Clipped: 0/4
Epoch [568/4000] | Avg Makespan: 275.50 | Actor Loss: -0.0090 | Critic Loss: 0.8239 | Grad Norm: 1.0465 | Clipped: 3/4
Epoch [569/4000] | Avg Makespan: 244.00 | Actor Loss: -0.0030 | Critic Loss: 1.3656 | Grad Norm: 1.0463 | Clipped: 1/4
Epoch [570/4000] | Avg Makespan: 288.00 | Actor Loss: -0.0046 | Critic Loss: 1.3672 | Grad Norm: 0.9561 | Clipped: 1/4
Epoch [571/4000] | Avg Makespan: 284.50 | Actor Loss: -0.0055 | Critic Loss: 0.5660 | Grad Norm: 0.8232 | Clipped: 0/4
Epoch [572/4000] | Avg Makespan: 285.00 | Actor Loss: -0.0046 | Critic Loss: 0.4874 | Grad Norm: 1.0130 | Clipped: 1/4
Epoch [573/4000] | Avg Makespan: 279.50 | Actor Loss: -0.0045 | Critic Loss: 0.3412 | Grad Norm: 1.1477 | Clipped: 3/4
Epoch [574/4000] | Avg Makespan: 268.25 | Actor Loss: -0.0030 | Critic Loss: 0.2856 | Grad Norm: 0.9449 | Clipped: 1/4
Epoch [575/4000] | Avg Makespan: 277.75 | Actor Loss: -0.0083 | Critic Loss: 0.2846 | Grad Norm: 1.3938 | Clipped: 4/4
Epoch [576/4000] | Avg Makespan: 258.00 | Actor Loss: -0.0031 | Critic Loss: 0.6666 | Grad Norm: 1.3250 | Clipped: 3/4
Epoch [577/4000] | Avg Makespan: 259.25 | Actor Loss: -0.0056 | Critic Loss: 0.4671 | Grad Norm: 0.8224 | Clipped: 1/4
Epoch [578/4000] | Avg Makespan: 276.00 | Actor Loss: -0.0038 | Critic Loss: 0.1661 | Grad Norm: 0.7446 | Clipped: 0/4
Epoch [579/4000] | Avg Makespan: 276.25 | Actor Loss: -0.0043 | Critic Loss: 1.4913 | Grad Norm: 1.1104 | Clipped: 2/4
Epoch [580/4000] | Avg Makespan: 257.25 | Actor Loss: -0.0053 | Critic Loss: 0.4745 | Grad Norm: 0.8665 | Clipped: 1/4
Epoch [581/4000] | Avg Makespan: 262.75 | Actor Loss: -0.0011 | Critic Loss: 0.4849 | Grad Norm: 1.6140 | Clipped: 4/4
Epoch [582/4000] | Avg Makespan: 251.75 | Actor Loss: -0.0031 | Critic Loss: 0.5605 | Grad Norm: 0.7567 | Clipped: 0/4
Epoch [583/4000] | Avg Makespan: 236.00 | Actor Loss: -0.0008 | Critic Loss: 0.5867 | Grad Norm: 2.1791 | Clipped: 3/4
Epoch [584/4000] | Avg Makespan: 257.00 | Actor Loss: -0.0050 | Critic Loss: 0.4191 | Grad Norm: 1.4379 | Clipped: 4/4
Epoch [585/4000] | Avg Makespan: 252.75 | Actor Loss: -0.0032 | Critic Loss: 0.2811 | Grad Norm: 1.0941 | Clipped: 3/4
Epoch [586/4000] | Avg Makespan: 242.75 | Actor Loss: -0.0080 | Critic Loss: 0.2924 | Grad Norm: 0.9077 | Clipped: 2/4
Epoch [587/4000] | Avg Makespan: 242.75 | Actor Loss: -0.0104 | Critic Loss: 0.2854 | Grad Norm: 0.7153 | Clipped: 0/4
Epoch [588/4000] | Avg Makespan: 238.75 | Actor Loss: -0.0027 | Critic Loss: 0.5537 | Grad Norm: 1.7482 | Clipped: 4/4
Epoch [589/4000] | Avg Makespan: 263.25 | Actor Loss: -0.0036 | Critic Loss: 0.7040 | Grad Norm: 1.4882 | Clipped: 3/4
Epoch [590/4000] | Avg Makespan: 249.75 | Actor Loss: 0.0035 | Critic Loss: 0.4727 | Grad Norm: 3.0260 | Clipped: 4/4
Epoch [591/4000] | Avg Makespan: 257.25 | Actor Loss: -0.0023 | Critic Loss: 0.6516 | Grad Norm: 1.3441 | Clipped: 2/4
Epoch [592/4000] | Avg Makespan: 265.25 | Actor Loss: 0.0027 | Critic Loss: 0.3510 | Grad Norm: 3.5365 | Clipped: 4/4
Epoch [593/4000] | Avg Makespan: 268.75 | Actor Loss: -0.0074 | Critic Loss: 0.8193 | Grad Norm: 0.9864 | Clipped: 1/4
Epoch [594/4000] | Avg Makespan: 244.50 | Actor Loss: -0.0011 | Critic Loss: 0.5785 | Grad Norm: 1.3784 | Clipped: 3/4
Epoch [595/4000] | Avg Makespan: 239.50 | Actor Loss: -0.0057 | Critic Loss: 0.3961 | Grad Norm: 1.1304 | Clipped: 2/4
Epoch [596/4000] | Avg Makespan: 264.00 | Actor Loss: 0.0032 | Critic Loss: 0.7659 | Grad Norm: 2.5978 | Clipped: 4/4
Epoch [597/4000] | Avg Makespan: 253.00 | Actor Loss: -0.0073 | Critic Loss: 0.5210 | Grad Norm: 1.0386 | Clipped: 3/4
Epoch [598/4000] | Avg Makespan: 249.00 | Actor Loss: -0.0061 | Critic Loss: 0.3439 | Grad Norm: 1.2258 | Clipped: 3/4
Epoch [599/4000] | Avg Makespan: 268.00 | Actor Loss: -0.0027 | Critic Loss: 0.5301 | Grad Norm: 0.8935 | Clipped: 1/4
Epoch [600/4000] | Avg Makespan: 255.25 | Actor Loss: -0.0008 | Critic Loss: 0.4570 | Grad Norm: 1.8862 | Clipped: 4/4
   -> Validation | Samples: 280 | Makespan: 1205.72 | Invalid Jobs: 0.00 | Score: 1205.72
   -> Saved updated training chart to /home/wei/Desktop/AMR-DFJSP/runs/20260827_084425_v10_B_s42/chart.png
Epoch [601/4000] | Avg Makespan: 251.75 | Actor Loss: -0.0062 | Critic Loss: 0.3785 | Grad Norm: 1.0202 | Clipped: 2/4
Epoch [602/4000] | Avg Makespan: 273.50 | Actor Loss: -0.0014 | Critic Loss: 1.5078 | Grad Norm: 2.2041 | Clipped: 4/4
Epoch [603/4000] | Avg Makespan: 262.50 | Actor Loss: 0.0033 | Critic Loss: 2.2518 | Grad Norm: 4.0498 | Clipped: 4/4
Epoch [604/4000] | Avg Makespan: 253.75 | Actor Loss: -0.0071 | Critic Loss: 0.8248 | Grad Norm: 0.9528 | Clipped: 1/4
Epoch [605/4000] | Avg Makespan: 239.50 | Actor Loss: -0.0062 | Critic Loss: 0.5681 | Grad Norm: 0.9216 | Clipped: 2/4
Epoch [606/4000] | Avg Makespan: 231.50 | Actor Loss: -0.0031 | Critic Loss: 0.5581 | Grad Norm: 2.1865 | Clipped: 4/4
Epoch [607/4000] | Avg Makespan: 253.25 | Actor Loss: -0.0024 | Critic Loss: 0.4021 | Grad Norm: 1.4965 | Clipped: 4/4
Epoch [608/4000] | Avg Makespan: 233.00 | Actor Loss: -0.0036 | Critic Loss: 0.2891 | Grad Norm: 0.9786 | Clipped: 2/4
Epoch [609/4000] | Avg Makespan: 252.50 | Actor Loss: -0.0086 | Critic Loss: 1.1245 | Grad Norm: 0.9450 | Clipped: 1/4
Epoch [610/4000] | Avg Makespan: 258.75 | Actor Loss: -0.0011 | Critic Loss: 0.4351 | Grad Norm: 1.3405 | Clipped: 2/4
Epoch [611/4000] | Avg Makespan: 262.75 | Actor Loss: 0.0033 | Critic Loss: 0.3156 | Grad Norm: 1.9673 | Clipped: 4/4
Epoch [612/4000] | Avg Makespan: 305.75 | Actor Loss: 0.0057 | Critic Loss: 1.8348 | Grad Norm: 2.5839 | Clipped: 4/4
Epoch [613/4000] | Avg Makespan: 289.00 | Actor Loss: 0.0004 | Critic Loss: 0.8134 | Grad Norm: 1.8981 | Clipped: 3/4
Epoch [614/4000] | Avg Makespan: 276.00 | Actor Loss: 0.0058 | Critic Loss: 0.6157 | Grad Norm: 1.6288 | Clipped: 4/4
Epoch [615/4000] | Avg Makespan: 276.75 | Actor Loss: 0.0124 | Critic Loss: 0.7543 | Grad Norm: 2.2626 | Clipped: 3/4
Epoch [616/4000] | Avg Makespan: 255.25 | Actor Loss: 0.0192 | Critic Loss: 0.5015 | Grad Norm: 1.3314 | Clipped: 4/4
Epoch [617/4000] | Avg Makespan: 251.25 | Actor Loss: 0.0016 | Critic Loss: 0.7238 | Grad Norm: 2.1133 | Clipped: 4/4
Epoch [618/4000] | Avg Makespan: 250.50 | Actor Loss: -0.0042 | Critic Loss: 0.3797 | Grad Norm: 1.1469 | Clipped: 3/4
Epoch [619/4000] | Avg Makespan: 261.75 | Actor Loss: -0.0039 | Critic Loss: 0.2209 | Grad Norm: 1.2002 | Clipped: 3/4
Epoch [620/4000] | Avg Makespan: 245.50 | Actor Loss: -0.0067 | Critic Loss: 0.6312 | Grad Norm: 1.1165 | Clipped: 3/4
Epoch [621/4000] | Avg Makespan: 243.75 | Actor Loss: -0.0061 | Critic Loss: 0.3071 | Grad Norm: 0.9990 | Clipped: 2/4
Epoch [622/4000] | Avg Makespan: 255.00 | Actor Loss: -0.0054 | Critic Loss: 0.2916 | Grad Norm: 1.1249 | Clipped: 1/4
Epoch [623/4000] | Avg Makespan: 264.75 | Actor Loss: -0.0032 | Critic Loss: 0.4754 | Grad Norm: 1.0871 | Clipped: 2/4
Epoch [624/4000] | Avg Makespan: 265.00 | Actor Loss: 0.0028 | Critic Loss: 0.4146 | Grad Norm: 1.8637 | Clipped: 4/4
Epoch [625/4000] | Avg Makespan: 243.50 | Actor Loss: 0.0037 | Critic Loss: 0.7482 | Grad Norm: 1.3995 | Clipped: 4/4
Epoch [626/4000] | Avg Makespan: 262.75 | Actor Loss: -0.0048 | Critic Loss: 0.9744 | Grad Norm: 1.4171 | Clipped: 3/4
Epoch [627/4000] | Avg Makespan: 261.75 | Actor Loss: -0.0056 | Critic Loss: 0.3935 | Grad Norm: 1.1751 | Clipped: 3/4
Epoch [628/4000] | Avg Makespan: 278.00 | Actor Loss: -0.0075 | Critic Loss: 2.1095 | Grad Norm: 1.3305 | Clipped: 4/4
Epoch [629/4000] | Avg Makespan: 255.75 | Actor Loss: -0.0070 | Critic Loss: 0.1732 | Grad Norm: 0.9559 | Clipped: 2/4
Epoch [630/4000] | Avg Makespan: 268.00 | Actor Loss: -0.0090 | Critic Loss: 0.6107 | Grad Norm: 0.9446 | Clipped: 1/4
Epoch [631/4000] | Avg Makespan: 253.00 | Actor Loss: -0.0047 | Critic Loss: 0.3586 | Grad Norm: 1.1944 | Clipped: 2/4
Epoch [632/4000] | Avg Makespan: 268.00 | Actor Loss: 0.0036 | Critic Loss: 0.4378 | Grad Norm: 1.3225 | Clipped: 3/4
Epoch [633/4000] | Avg Makespan: 243.00 | Actor Loss: -0.0015 | Critic Loss: 0.6264 | Grad Norm: 1.7828 | Clipped: 4/4
Epoch [634/4000] | Avg Makespan: 266.50 | Actor Loss: -0.0014 | Critic Loss: 0.6369 | Grad Norm: 1.0075 | Clipped: 1/4
Epoch [635/4000] | Avg Makespan: 244.25 | Actor Loss: -0.0021 | Critic Loss: 0.5034 | Grad Norm: 1.7355 | Clipped: 4/4
Epoch [636/4000] | Avg Makespan: 266.25 | Actor Loss: -0.0081 | Critic Loss: 0.6888 | Grad Norm: 1.3988 | Clipped: 1/4
Epoch [637/4000] | Avg Makespan: 239.25 | Actor Loss: 0.0002 | Critic Loss: 0.6337 | Grad Norm: 1.7591 | Clipped: 4/4
Epoch [638/4000] | Avg Makespan: 242.50 | Actor Loss: -0.0069 | Critic Loss: 0.5471 | Grad Norm: 1.0295 | Clipped: 2/4
Epoch [639/4000] | Avg Makespan: 265.50 | Actor Loss: 0.0019 | Critic Loss: 1.0444 | Grad Norm: 2.3272 | Clipped: 4/4
Epoch [640/4000] | Avg Makespan: 233.25 | Actor Loss: -0.0074 | Critic Loss: 0.2720 | Grad Norm: 0.8690 | Clipped: 1/4
Epoch [641/4000] | Avg Makespan: 240.25 | Actor Loss: 0.0027 | Critic Loss: 0.4162 | Grad Norm: 3.0386 | Clipped: 4/4
Epoch [642/4000] | Avg Makespan: 251.00 | Actor Loss: 0.0005 | Critic Loss: 0.3392 | Grad Norm: 3.0281 | Clipped: 2/4
Epoch [643/4000] | Avg Makespan: 270.25 | Actor Loss: -0.0083 | Critic Loss: 0.8679 | Grad Norm: 1.2740 | Clipped: 3/4
Epoch [644/4000] | Avg Makespan: 272.75 | Actor Loss: -0.0005 | Critic Loss: 0.5890 | Grad Norm: 2.0146 | Clipped: 4/4
Epoch [645/4000] | Avg Makespan: 248.75 | Actor Loss: -0.0003 | Critic Loss: 0.4178 | Grad Norm: 3.3385 | Clipped: 4/4
Epoch [646/4000] | Avg Makespan: 245.50 | Actor Loss: -0.0011 | Critic Loss: 0.5871 | Grad Norm: 1.8329 | Clipped: 3/4
Epoch [647/4000] | Avg Makespan: 257.00 | Actor Loss: 0.0225 | Critic Loss: 0.4260 | Grad Norm: 2.1758 | Clipped: 4/4
Epoch [648/4000] | Avg Makespan: 256.75 | Actor Loss: 0.0088 | Critic Loss: 0.9407 | Grad Norm: 3.3697 | Clipped: 4/4
Epoch [649/4000] | Avg Makespan: 275.50 | Actor Loss: 0.0076 | Critic Loss: 1.5360 | Grad Norm: 2.7004 | Clipped: 4/4
Epoch [650/4000] | Avg Makespan: 246.00 | Actor Loss: 0.0080 | Critic Loss: 0.4645 | Grad Norm: 2.0843 | Clipped: 4/4
Epoch [651/4000] | Avg Makespan: 269.00 | Actor Loss: -0.0067 | Critic Loss: 0.3889 | Grad Norm: 1.2035 | Clipped: 2/4
Epoch [652/4000] | Avg Makespan: 264.75 | Actor Loss: -0.0079 | Critic Loss: 0.9847 | Grad Norm: 0.9332 | Clipped: 1/4
Epoch [653/4000] | Avg Makespan: 241.50 | Actor Loss: 0.0039 | Critic Loss: 0.5153 | Grad Norm: 1.9433 | Clipped: 4/4
Epoch [654/4000] | Avg Makespan: 279.00 | Actor Loss: -0.0014 | Critic Loss: 1.2455 | Grad Norm: 0.9565 | Clipped: 2/4
Epoch [655/4000] | Avg Makespan: 269.75 | Actor Loss: -0.0056 | Critic Loss: 1.1278 | Grad Norm: 1.1299 | Clipped: 1/4
Epoch [656/4000] | Avg Makespan: 287.25 | Actor Loss: -0.0084 | Critic Loss: 1.1948 | Grad Norm: 0.8281 | Clipped: 1/4
Epoch [657/4000] | Avg Makespan: 273.50 | Actor Loss: -0.0045 | Critic Loss: 2.2926 | Grad Norm: 1.1597 | Clipped: 2/4
Epoch [658/4000] | Avg Makespan: 256.25 | Actor Loss: -0.0063 | Critic Loss: 1.2539 | Grad Norm: 0.8645 | Clipped: 1/4
Epoch [659/4000] | Avg Makespan: 253.50 | Actor Loss: -0.0014 | Critic Loss: 0.9530 | Grad Norm: 1.3538 | Clipped: 3/4
Epoch [660/4000] | Avg Makespan: 265.50 | Actor Loss: -0.0056 | Critic Loss: 0.2715 | Grad Norm: 0.8387 | Clipped: 1/4
Epoch [661/4000] | Avg Makespan: 255.00 | Actor Loss: -0.0070 | Critic Loss: 0.3430 | Grad Norm: 0.8515 | Clipped: 1/4
Epoch [662/4000] | Avg Makespan: 267.75 | Actor Loss: -0.0015 | Critic Loss: 0.2742 | Grad Norm: 1.4005 | Clipped: 3/4
Epoch [663/4000] | Avg Makespan: 287.00 | Actor Loss: 0.0121 | Critic Loss: 1.7691 | Grad Norm: 3.1567 | Clipped: 4/4
Epoch [664/4000] | Avg Makespan: 279.00 | Actor Loss: -0.0034 | Critic Loss: 0.6192 | Grad Norm: 0.7971 | Clipped: 1/4
Epoch [665/4000] | Avg Makespan: 289.25 | Actor Loss: 0.0067 | Critic Loss: 1.5860 | Grad Norm: 2.8860 | Clipped: 4/4
Epoch [666/4000] | Avg Makespan: 256.75 | Actor Loss: -0.0093 | Critic Loss: 0.5838 | Grad Norm: 1.8514 | Clipped: 2/4
Epoch [667/4000] | Avg Makespan: 281.50 | Actor Loss: -0.0033 | Critic Loss: 0.4174 | Grad Norm: 1.3513 | Clipped: 4/4
Epoch [668/4000] | Avg Makespan: 288.25 | Actor Loss: -0.0098 | Critic Loss: 1.4815 | Grad Norm: 1.3726 | Clipped: 2/4
Epoch [669/4000] | Avg Makespan: 291.75 | Actor Loss: -0.0085 | Critic Loss: 0.7667 | Grad Norm: 1.3176 | Clipped: 3/4
Epoch [670/4000] | Avg Makespan: 292.75 | Actor Loss: 0.0014 | Critic Loss: 0.4006 | Grad Norm: 2.6040 | Clipped: 4/4
Epoch [671/4000] | Avg Makespan: 258.50 | Actor Loss: -0.0085 | Critic Loss: 0.7417 | Grad Norm: 0.9662 | Clipped: 2/4
Epoch [672/4000] | Avg Makespan: 286.00 | Actor Loss: 0.0060 | Critic Loss: 1.3635 | Grad Norm: 4.2444 | Clipped: 4/4
Epoch [673/4000] | Avg Makespan: 256.25 | Actor Loss: -0.0090 | Critic Loss: 0.7266 | Grad Norm: 1.3004 | Clipped: 3/4
Epoch [674/4000] | Avg Makespan: 285.25 | Actor Loss: -0.0013 | Critic Loss: 0.9641 | Grad Norm: 1.6044 | Clipped: 3/4
Epoch [675/4000] | Avg Makespan: 251.00 | Actor Loss: -0.0016 | Critic Loss: 0.5237 | Grad Norm: 1.8813 | Clipped: 4/4
Epoch [676/4000] | Avg Makespan: 265.50 | Actor Loss: 0.0076 | Critic Loss: 0.8343 | Grad Norm: 3.0291 | Clipped: 4/4
Epoch [677/4000] | Avg Makespan: 248.75 | Actor Loss: -0.0054 | Critic Loss: 0.6348 | Grad Norm: 1.2153 | Clipped: 4/4
Epoch [678/4000] | Avg Makespan: 274.75 | Actor Loss: -0.0059 | Critic Loss: 1.8889 | Grad Norm: 1.4536 | Clipped: 3/4
Epoch [679/4000] | Avg Makespan: 268.75 | Actor Loss: 0.0005 | Critic Loss: 0.8633 | Grad Norm: 1.6986 | Clipped: 4/4
Epoch [680/4000] | Avg Makespan: 260.25 | Actor Loss: 0.0140 | Critic Loss: 0.4503 | Grad Norm: 2.9630 | Clipped: 4/4
Epoch [681/4000] | Avg Makespan: 282.25 | Actor Loss: -0.0026 | Critic Loss: 0.6223 | Grad Norm: 2.2905 | Clipped: 3/4
Epoch [682/4000] | Avg Makespan: 277.50 | Actor Loss: 0.0008 | Critic Loss: 0.2053 | Grad Norm: 3.2770 | Clipped: 4/4
Epoch [683/4000] | Avg Makespan: 248.25 | Actor Loss: -0.0090 | Critic Loss: 0.6791 | Grad Norm: 1.3278 | Clipped: 4/4
Epoch [684/4000] | Avg Makespan: 283.75 | Actor Loss: 0.0038 | Critic Loss: 1.3274 | Grad Norm: 2.7137 | Clipped: 4/4
Epoch [685/4000] | Avg Makespan: 275.75 | Actor Loss: -0.0102 | Critic Loss: 0.8026 | Grad Norm: 0.9744 | Clipped: 2/4
Epoch [686/4000] | Avg Makespan: 269.50 | Actor Loss: 0.0088 | Critic Loss: 0.6948 | Grad Norm: 3.1632 | Clipped: 4/4
Epoch [687/4000] | Avg Makespan: 252.25 | Actor Loss: -0.0068 | Critic Loss: 0.3924 | Grad Norm: 1.5187 | Clipped: 4/4
Epoch [688/4000] | Avg Makespan: 255.75 | Actor Loss: -0.0045 | Critic Loss: 0.2686 | Grad Norm: 0.8093 | Clipped: 0/4
Epoch [689/4000] | Avg Makespan: 266.75 | Actor Loss: -0.0107 | Critic Loss: 0.6233 | Grad Norm: 2.1365 | Clipped: 4/4
Epoch [690/4000] | Avg Makespan: 252.00 | Actor Loss: -0.0059 | Critic Loss: 0.3568 | Grad Norm: 1.0690 | Clipped: 2/4
Epoch [691/4000] | Avg Makespan: 265.50 | Actor Loss: -0.0042 | Critic Loss: 0.8282 | Grad Norm: 1.1558 | Clipped: 4/4
Epoch [692/4000] | Avg Makespan: 282.50 | Actor Loss: -0.0015 | Critic Loss: 0.5287 | Grad Norm: 1.5163 | Clipped: 2/4
Epoch [693/4000] | Avg Makespan: 288.25 | Actor Loss: 0.0054 | Critic Loss: 0.6661 | Grad Norm: 1.8992 | Clipped: 4/4
Epoch [694/4000] | Avg Makespan: 271.00 | Actor Loss: -0.0053 | Critic Loss: 0.4850 | Grad Norm: 0.9948 | Clipped: 1/4
Epoch [695/4000] | Avg Makespan: 260.00 | Actor Loss: -0.0062 | Critic Loss: 0.4321 | Grad Norm: 1.4155 | Clipped: 4/4
Epoch [696/4000] | Avg Makespan: 254.25 | Actor Loss: -0.0058 | Critic Loss: 0.4941 | Grad Norm: 1.1071 | Clipped: 1/4
Epoch [697/4000] | Avg Makespan: 278.00 | Actor Loss: -0.0077 | Critic Loss: 0.2300 | Grad Norm: 0.8921 | Clipped: 1/4
Epoch [698/4000] | Avg Makespan: 285.00 | Actor Loss: -0.0072 | Critic Loss: 1.5196 | Grad Norm: 1.0792 | Clipped: 2/4
Epoch [699/4000] | Avg Makespan: 257.25 | Actor Loss: -0.0050 | Critic Loss: 1.2122 | Grad Norm: 0.8814 | Clipped: 1/4
Epoch [700/4000] | Avg Makespan: 255.25 | Actor Loss: 0.0035 | Critic Loss: 0.3606 | Grad Norm: 7.3389 | Clipped: 4/4
   -> Validation | Samples: 280 | Makespan: 1232.47 | Invalid Jobs: 0.00 | Score: 1236.04
   -> Saved updated training chart to /home/wei/Desktop/AMR-DFJSP/runs/20260827_084425_v10_B_s42/chart.png
Epoch [701/4000] | Avg Makespan: 271.25 | Actor Loss: -0.0063 | Critic Loss: 0.3974 | Grad Norm: 1.1757 | Clipped: 4/4
Epoch [702/4000] | Avg Makespan: 250.25 | Actor Loss: -0.0060 | Critic Loss: 0.3725 | Grad Norm: 1.1191 | Clipped: 2/4
Epoch [703/4000] | Avg Makespan: 257.25 | Actor Loss: -0.0068 | Critic Loss: 0.4711 | Grad Norm: 0.9525 | Clipped: 1/4
Epoch [704/4000] | Avg Makespan: 294.00 | Actor Loss: -0.0035 | Critic Loss: 1.3014 | Grad Norm: 1.5670 | Clipped: 4/4
Epoch [705/4000] | Avg Makespan: 274.25 | Actor Loss: 0.0036 | Critic Loss: 0.2925 | Grad Norm: 1.1482 | Clipped: 4/4
Epoch [706/4000] | Avg Makespan: 246.00 | Actor Loss: 0.0010 | Critic Loss: 0.6946 | Grad Norm: 2.3960 | Clipped: 4/4
Epoch [707/4000] | Avg Makespan: 249.75 | Actor Loss: -0.0005 | Critic Loss: 0.5078 | Grad Norm: 2.8511 | Clipped: 4/4
Epoch [708/4000] | Avg Makespan: 258.75 | Actor Loss: -0.0016 | Critic Loss: 1.1574 | Grad Norm: 1.4736 | Clipped: 4/4
Epoch [709/4000] | Avg Makespan: 268.50 | Actor Loss: -0.0018 | Critic Loss: 0.7725 | Grad Norm: 2.3637 | Clipped: 4/4
Epoch [710/4000] | Avg Makespan: 251.75 | Actor Loss: -0.0033 | Critic Loss: 0.5679 | Grad Norm: 2.5347 | Clipped: 4/4
Epoch [711/4000] | Avg Makespan: 255.75 | Actor Loss: -0.0035 | Critic Loss: 0.2968 | Grad Norm: 1.4038 | Clipped: 4/4
Epoch [712/4000] | Avg Makespan: 270.00 | Actor Loss: 0.0023 | Critic Loss: 0.2336 | Grad Norm: 1.4814 | Clipped: 3/4
Epoch [713/4000] | Avg Makespan: 250.25 | Actor Loss: -0.0070 | Critic Loss: 0.6153 | Grad Norm: 1.3952 | Clipped: 3/4
Epoch [714/4000] | Avg Makespan: 253.50 | Actor Loss: -0.0100 | Critic Loss: 0.4326 | Grad Norm: 0.8955 | Clipped: 1/4
Epoch [715/4000] | Avg Makespan: 260.75 | Actor Loss: -0.0036 | Critic Loss: 0.3429 | Grad Norm: 1.6487 | Clipped: 4/4
Epoch [716/4000] | Avg Makespan: 264.50 | Actor Loss: 0.0001 | Critic Loss: 0.6695 | Grad Norm: 1.5992 | Clipped: 4/4
Epoch [717/4000] | Avg Makespan: 287.75 | Actor Loss: -0.0023 | Critic Loss: 1.2370 | Grad Norm: 1.1935 | Clipped: 4/4
Epoch [718/4000] | Avg Makespan: 262.50 | Actor Loss: -0.0063 | Critic Loss: 0.2700 | Grad Norm: 0.9316 | Clipped: 1/4
Epoch [719/4000] | Avg Makespan: 259.50 | Actor Loss: -0.0058 | Critic Loss: 0.4452 | Grad Norm: 1.0652 | Clipped: 3/4
Epoch [720/4000] | Avg Makespan: 260.75 | Actor Loss: -0.0070 | Critic Loss: 0.2476 | Grad Norm: 1.2744 | Clipped: 2/4
Epoch [721/4000] | Avg Makespan: 242.75 | Actor Loss: -0.0071 | Critic Loss: 0.5792 | Grad Norm: 1.6980 | Clipped: 4/4
Epoch [722/4000] | Avg Makespan: 254.75 | Actor Loss: -0.0031 | Critic Loss: 0.3900 | Grad Norm: 2.1718 | Clipped: 4/4
Epoch [723/4000] | Avg Makespan: 236.75 | Actor Loss: -0.0060 | Critic Loss: 0.7975 | Grad Norm: 1.6201 | Clipped: 2/4
Epoch [724/4000] | Avg Makespan: 243.50 | Actor Loss: -0.0072 | Critic Loss: 0.4699 | Grad Norm: 1.1026 | Clipped: 2/4
Epoch [725/4000] | Avg Makespan: 262.25 | Actor Loss: -0.0066 | Critic Loss: 0.7795 | Grad Norm: 1.5683 | Clipped: 4/4
Epoch [726/4000] | Avg Makespan: 247.75 | Actor Loss: -0.0070 | Critic Loss: 0.1960 | Grad Norm: 0.9163 | Clipped: 1/4
Epoch [727/4000] | Avg Makespan: 266.50 | Actor Loss: -0.0068 | Critic Loss: 0.3776 | Grad Norm: 1.3355 | Clipped: 3/4
Epoch [728/4000] | Avg Makespan: 273.25 | Actor Loss: -0.0032 | Critic Loss: 0.6862 | Grad Norm: 1.0870 | Clipped: 3/4
Epoch [729/4000] | Avg Makespan: 253.00 | Actor Loss: -0.0095 | Critic Loss: 0.4592 | Grad Norm: 1.0799 | Clipped: 4/4
Epoch [730/4000] | Avg Makespan: 245.50 | Actor Loss: -0.0069 | Critic Loss: 0.4842 | Grad Norm: 1.2676 | Clipped: 4/4
Epoch [731/4000] | Avg Makespan: 258.75 | Actor Loss: -0.0094 | Critic Loss: 0.1593 | Grad Norm: 0.9045 | Clipped: 2/4
Epoch [732/4000] | Avg Makespan: 263.75 | Actor Loss: -0.0070 | Critic Loss: 0.5538 | Grad Norm: 1.3598 | Clipped: 4/4
Epoch [733/4000] | Avg Makespan: 260.50 | Actor Loss: -0.0082 | Critic Loss: 0.3030 | Grad Norm: 0.9852 | Clipped: 1/4
Epoch [734/4000] | Avg Makespan: 288.75 | Actor Loss: -0.0045 | Critic Loss: 1.3028 | Grad Norm: 1.5307 | Clipped: 4/4
Epoch [735/4000] | Avg Makespan: 246.00 | Actor Loss: -0.0028 | Critic Loss: 0.4887 | Grad Norm: 1.4802 | Clipped: 2/4
Epoch [736/4000] | Avg Makespan: 253.25 | Actor Loss: -0.0020 | Critic Loss: 0.3436 | Grad Norm: 1.7880 | Clipped: 3/4
Epoch [737/4000] | Avg Makespan: 263.75 | Actor Loss: -0.0050 | Critic Loss: 0.2193 | Grad Norm: 1.7257 | Clipped: 4/4
Epoch [738/4000] | Avg Makespan: 258.75 | Actor Loss: 0.0061 | Critic Loss: 0.3794 | Grad Norm: 3.3088 | Clipped: 4/4
Epoch [739/4000] | Avg Makespan: 255.00 | Actor Loss: -0.0062 | Critic Loss: 0.2748 | Grad Norm: 1.0240 | Clipped: 2/4
Epoch [740/4000] | Avg Makespan: 245.25 | Actor Loss: 0.0017 | Critic Loss: 0.7839 | Grad Norm: 2.0235 | Clipped: 4/4
Epoch [741/4000] | Avg Makespan: 256.50 | Actor Loss: -0.0043 | Critic Loss: 0.5377 | Grad Norm: 1.5214 | Clipped: 4/4
Epoch [742/4000] | Avg Makespan: 266.25 | Actor Loss: -0.0025 | Critic Loss: 0.7282 | Grad Norm: 3.7537 | Clipped: 4/4
Epoch [743/4000] | Avg Makespan: 272.75 | Actor Loss: -0.0047 | Critic Loss: 0.5142 | Grad Norm: 1.1839 | Clipped: 4/4
Epoch [744/4000] | Avg Makespan: 251.50 | Actor Loss: -0.0049 | Critic Loss: 0.4998 | Grad Norm: 1.3434 | Clipped: 3/4
Epoch [745/4000] | Avg Makespan: 255.50 | Actor Loss: -0.0074 | Critic Loss: 0.5842 | Grad Norm: 1.2564 | Clipped: 3/4
Epoch [746/4000] | Avg Makespan: 265.00 | Actor Loss: -0.0049 | Critic Loss: 0.2604 | Grad Norm: 1.2123 | Clipped: 4/4
Epoch [747/4000] | Avg Makespan: 253.50 | Actor Loss: -0.0081 | Critic Loss: 0.2396 | Grad Norm: 1.0054 | Clipped: 2/4
Epoch [748/4000] | Avg Makespan: 253.75 | Actor Loss: -0.0085 | Critic Loss: 0.3892 | Grad Norm: 0.7544 | Clipped: 1/4
Epoch [749/4000] | Avg Makespan: 277.75 | Actor Loss: -0.0024 | Critic Loss: 1.1741 | Grad Norm: 1.9624 | Clipped: 4/4
Epoch [750/4000] | Avg Makespan: 263.00 | Actor Loss: -0.0071 | Critic Loss: 0.8572 | Grad Norm: 1.5213 | Clipped: 4/4
Epoch [751/4000] | Avg Makespan: 249.25 | Actor Loss: -0.0077 | Critic Loss: 0.4554 | Grad Norm: 1.1074 | Clipped: 3/4
Epoch [752/4000] | Avg Makespan: 267.75 | Actor Loss: -0.0087 | Critic Loss: 0.5809 | Grad Norm: 1.1574 | Clipped: 3/4
Epoch [753/4000] | Avg Makespan: 264.50 | Actor Loss: -0.0077 | Critic Loss: 0.8316 | Grad Norm: 1.0538 | Clipped: 3/4
Epoch [754/4000] | Avg Makespan: 243.50 | Actor Loss: -0.0053 | Critic Loss: 0.3585 | Grad Norm: 1.6676 | Clipped: 3/4
Epoch [755/4000] | Avg Makespan: 249.50 | Actor Loss: -0.0033 | Critic Loss: 0.5000 | Grad Norm: 2.0181 | Clipped: 4/4
Epoch [756/4000] | Avg Makespan: 254.25 | Actor Loss: -0.0025 | Critic Loss: 0.5549 | Grad Norm: 2.0337 | Clipped: 4/4
Epoch [757/4000] | Avg Makespan: 259.50 | Actor Loss: 0.0028 | Critic Loss: 0.5356 | Grad Norm: 2.6066 | Clipped: 4/4
Epoch [758/4000] | Avg Makespan: 281.00 | Actor Loss: -0.0113 | Critic Loss: 3.3304 | Grad Norm: 1.6870 | Clipped: 3/4
Epoch [759/4000] | Avg Makespan: 264.00 | Actor Loss: -0.0046 | Critic Loss: 0.3230 | Grad Norm: 1.4082 | Clipped: 4/4
Epoch [760/4000] | Avg Makespan: 272.50 | Actor Loss: -0.0075 | Critic Loss: 1.1321 | Grad Norm: 1.3768 | Clipped: 4/4
Epoch [761/4000] | Avg Makespan: 242.50 | Actor Loss: -0.0020 | Critic Loss: 0.6841 | Grad Norm: 1.2714 | Clipped: 3/4
Epoch [762/4000] | Avg Makespan: 249.00 | Actor Loss: -0.0060 | Critic Loss: 0.5724 | Grad Norm: 1.3001 | Clipped: 3/4
Epoch [763/4000] | Avg Makespan: 250.75 | Actor Loss: -0.0048 | Critic Loss: 0.3780 | Grad Norm: 1.0446 | Clipped: 2/4
Epoch [764/4000] | Avg Makespan: 261.75 | Actor Loss: -0.0028 | Critic Loss: 0.2588 | Grad Norm: 1.3529 | Clipped: 3/4
Epoch [765/4000] | Avg Makespan: 255.75 | Actor Loss: -0.0065 | Critic Loss: 0.2585 | Grad Norm: 0.9554 | Clipped: 3/4
Epoch [766/4000] | Avg Makespan: 245.50 | Actor Loss: -0.0009 | Critic Loss: 0.5803 | Grad Norm: 2.9519 | Clipped: 4/4
Epoch [767/4000] | Avg Makespan: 269.25 | Actor Loss: -0.0085 | Critic Loss: 0.4935 | Grad Norm: 1.2000 | Clipped: 2/4
Epoch [768/4000] | Avg Makespan: 258.75 | Actor Loss: -0.0033 | Critic Loss: 0.2239 | Grad Norm: 1.7007 | Clipped: 3/4
Epoch [769/4000] | Avg Makespan: 250.25 | Actor Loss: -0.0098 | Critic Loss: 0.3025 | Grad Norm: 1.0833 | Clipped: 2/4
Epoch [770/4000] | Avg Makespan: 268.50 | Actor Loss: -0.0073 | Critic Loss: 0.3144 | Grad Norm: 1.2938 | Clipped: 4/4
Epoch [771/4000] | Avg Makespan: 248.25 | Actor Loss: -0.0032 | Critic Loss: 0.6874 | Grad Norm: 2.2871 | Clipped: 4/4
Epoch [772/4000] | Avg Makespan: 272.00 | Actor Loss: -0.0042 | Critic Loss: 1.0299 | Grad Norm: 2.3333 | Clipped: 4/4
Epoch [773/4000] | Avg Makespan: 270.75 | Actor Loss: -0.0097 | Critic Loss: 0.5621 | Grad Norm: 1.3600 | Clipped: 3/4
Epoch [774/4000] | Avg Makespan: 280.25 | Actor Loss: -0.0081 | Critic Loss: 0.8908 | Grad Norm: 1.2109 | Clipped: 3/4
Epoch [775/4000] | Avg Makespan: 265.75 | Actor Loss: -0.0041 | Critic Loss: 0.1519 | Grad Norm: 1.2599 | Clipped: 2/4
Epoch [776/4000] | Avg Makespan: 292.50 | Actor Loss: -0.0021 | Critic Loss: 0.5276 | Grad Norm: 1.8974 | Clipped: 4/4
Epoch [777/4000] | Avg Makespan: 256.75 | Actor Loss: -0.0036 | Critic Loss: 0.7435 | Grad Norm: 1.2492 | Clipped: 4/4
Epoch [778/4000] | Avg Makespan: 285.00 | Actor Loss: 0.0019 | Critic Loss: 0.8116 | Grad Norm: 1.6597 | Clipped: 4/4
Epoch [779/4000] | Avg Makespan: 275.25 | Actor Loss: -0.0005 | Critic Loss: 0.7155 | Grad Norm: 2.4210 | Clipped: 4/4
Epoch [780/4000] | Avg Makespan: 245.00 | Actor Loss: -0.0034 | Critic Loss: 0.9237 | Grad Norm: 1.4979 | Clipped: 4/4
Epoch [781/4000] | Avg Makespan: 277.75 | Actor Loss: -0.0045 | Critic Loss: 0.3139 | Grad Norm: 1.7265 | Clipped: 4/4
Epoch [782/4000] | Avg Makespan: 277.25 | Actor Loss: -0.0063 | Critic Loss: 0.6693 | Grad Norm: 1.5686 | Clipped: 1/4
Epoch [783/4000] | Avg Makespan: 261.50 | Actor Loss: 0.0020 | Critic Loss: 0.1661 | Grad Norm: 1.9898 | Clipped: 4/4
Epoch [784/4000] | Avg Makespan: 266.25 | Actor Loss: 0.0024 | Critic Loss: 0.3300 | Grad Norm: 1.9382 | Clipped: 4/4
Epoch [785/4000] | Avg Makespan: 268.50 | Actor Loss: -0.0061 | Critic Loss: 0.5861 | Grad Norm: 1.9397 | Clipped: 3/4
Epoch [786/4000] | Avg Makespan: 272.00 | Actor Loss: -0.0040 | Critic Loss: 1.1033 | Grad Norm: 1.4290 | Clipped: 3/4
Epoch [787/4000] | Avg Makespan: 268.50 | Actor Loss: 0.0033 | Critic Loss: 0.7178 | Grad Norm: 1.6142 | Clipped: 4/4
Epoch [788/4000] | Avg Makespan: 259.75 | Actor Loss: 0.0015 | Critic Loss: 0.1975 | Grad Norm: 1.2056 | Clipped: 4/4
Epoch [789/4000] | Avg Makespan: 272.00 | Actor Loss: -0.0018 | Critic Loss: 1.0073 | Grad Norm: 1.1037 | Clipped: 2/4
Epoch [790/4000] | Avg Makespan: 275.25 | Actor Loss: 0.0023 | Critic Loss: 0.6526 | Grad Norm: 1.5968 | Clipped: 4/4
Epoch [791/4000] | Avg Makespan: 275.00 | Actor Loss: -0.0051 | Critic Loss: 0.8392 | Grad Norm: 0.8936 | Clipped: 1/4
Epoch [792/4000] | Avg Makespan: 266.75 | Actor Loss: 0.0005 | Critic Loss: 0.2756 | Grad Norm: 2.6362 | Clipped: 4/4
Epoch [793/4000] | Avg Makespan: 276.50 | Actor Loss: -0.0052 | Critic Loss: 0.6398 | Grad Norm: 1.7187 | Clipped: 4/4
Epoch [794/4000] | Avg Makespan: 268.25 | Actor Loss: 0.0118 | Critic Loss: 0.2752 | Grad Norm: 3.3238 | Clipped: 4/4
Epoch [795/4000] | Avg Makespan: 262.25 | Actor Loss: -0.0043 | Critic Loss: 0.2415 | Grad Norm: 2.5232 | Clipped: 4/4
Epoch [796/4000] | Avg Makespan: 254.75 | Actor Loss: -0.0045 | Critic Loss: 0.3568 | Grad Norm: 2.7015 | Clipped: 4/4
Epoch [797/4000] | Avg Makespan: 274.00 | Actor Loss: 0.0025 | Critic Loss: 0.7412 | Grad Norm: 2.6797 | Clipped: 4/4
Epoch [798/4000] | Avg Makespan: 271.00 | Actor Loss: -0.0057 | Critic Loss: 0.7795 | Grad Norm: 1.9359 | Clipped: 4/4
Epoch [799/4000] | Avg Makespan: 262.75 | Actor Loss: 0.0002 | Critic Loss: 0.3896 | Grad Norm: 2.0826 | Clipped: 4/4
Epoch [800/4000] | Avg Makespan: 253.75 | Actor Loss: -0.0010 | Critic Loss: 0.5442 | Grad Norm: 2.2689 | Clipped: 4/4
   -> Validation | Samples: 280 | Makespan: 1309.49 | Invalid Jobs: 0.00 | Score: 1309.49
   -> Saved updated training chart to /home/wei/Desktop/AMR-DFJSP/runs/20260827_084425_v10_B_s42/chart.png
Epoch [801/4000] | Avg Makespan: 259.75 | Actor Loss: -0.0076 | Critic Loss: 0.1680 | Grad Norm: 2.0172 | Clipped: 4/4
Epoch [802/4000] | Avg Makespan: 251.75 | Actor Loss: 0.0065 | Critic Loss: 0.4389 | Grad Norm: 2.8466 | Clipped: 4/4
Epoch [803/4000] | Avg Makespan: 237.75 | Actor Loss: -0.0077 | Critic Loss: 0.2584 | Grad Norm: 2.1770 | Clipped: 4/4
Epoch [804/4000] | Avg Makespan: 262.75 | Actor Loss: 0.0095 | Critic Loss: 0.5604 | Grad Norm: 4.0632 | Clipped: 4/4
Epoch [805/4000] | Avg Makespan: 255.75 | Actor Loss: -0.0002 | Critic Loss: 0.4945 | Grad Norm: 3.0376 | Clipped: 4/4
Epoch [806/4000] | Avg Makespan: 274.25 | Actor Loss: 0.0033 | Critic Loss: 0.7794 | Grad Norm: 2.9521 | Clipped: 4/4
Epoch [807/4000] | Avg Makespan: 265.00 | Actor Loss: 0.0020 | Critic Loss: 0.0848 | Grad Norm: 2.1509 | Clipped: 4/4
Epoch [808/4000] | Avg Makespan: 236.00 | Actor Loss: 0.0032 | Critic Loss: 0.6691 | Grad Norm: 2.0277 | Clipped: 4/4
Epoch [809/4000] | Avg Makespan: 233.00 | Actor Loss: 0.0007 | Critic Loss: 0.8976 | Grad Norm: 1.9291 | Clipped: 4/4
Epoch [810/4000] | Avg Makespan: 254.75 | Actor Loss: 0.0032 | Critic Loss: 0.4624 | Grad Norm: 2.8097 | Clipped: 4/4
Epoch [811/4000] | Avg Makespan: 239.50 | Actor Loss: -0.0005 | Critic Loss: 0.3229 | Grad Norm: 1.7727 | Clipped: 4/4
Epoch [812/4000] | Avg Makespan: 240.75 | Actor Loss: -0.0004 | Critic Loss: 0.2432 | Grad Norm: 2.9641 | Clipped: 4/4
Epoch [813/4000] | Avg Makespan: 246.25 | Actor Loss: -0.0054 | Critic Loss: 0.2812 | Grad Norm: 1.8643 | Clipped: 4/4
Epoch [814/4000] | Avg Makespan: 234.25 | Actor Loss: -0.0107 | Critic Loss: 0.1844 | Grad Norm: 1.8700 | Clipped: 4/4
Epoch [815/4000] | Avg Makespan: 244.75 | Actor Loss: -0.0023 | Critic Loss: 0.3218 | Grad Norm: 2.4267 | Clipped: 4/4
Epoch [816/4000] | Avg Makespan: 226.25 | Actor Loss: 0.0055 | Critic Loss: 0.1982 | Grad Norm: 1.9165 | Clipped: 4/4
Epoch [817/4000] | Avg Makespan: 229.25 | Actor Loss: 0.0117 | Critic Loss: 0.2065 | Grad Norm: 1.5517 | Clipped: 4/4
Epoch [818/4000] | Avg Makespan: 238.75 | Actor Loss: -0.0045 | Critic Loss: 0.6462 | Grad Norm: 1.3756 | Clipped: 4/4
Epoch [819/4000] | Avg Makespan: 259.25 | Actor Loss: -0.0011 | Critic Loss: 0.7362 | Grad Norm: 1.8005 | Clipped: 4/4
Epoch [820/4000] | Avg Makespan: 255.75 | Actor Loss: -0.0012 | Critic Loss: 0.7201 | Grad Norm: 1.3540 | Clipped: 4/4
Epoch [821/4000] | Avg Makespan: 241.75 | Actor Loss: -0.0057 | Critic Loss: 0.4216 | Grad Norm: 1.4041 | Clipped: 3/4
Epoch [822/4000] | Avg Makespan: 235.00 | Actor Loss: -0.0030 | Critic Loss: 0.3564 | Grad Norm: 1.6063 | Clipped: 4/4
Epoch [823/4000] | Avg Makespan: 245.25 | Actor Loss: -0.0027 | Critic Loss: 0.1865 | Grad Norm: 1.6155 | Clipped: 4/4
Epoch [824/4000] | Avg Makespan: 246.75 | Actor Loss: 0.0000 | Critic Loss: 0.7920 | Grad Norm: 1.2723 | Clipped: 3/4
Epoch [825/4000] | Avg Makespan: 248.25 | Actor Loss: -0.0008 | Critic Loss: 0.6302 | Grad Norm: 2.0065 | Clipped: 4/4
Epoch [826/4000] | Avg Makespan: 260.00 | Actor Loss: 0.0026 | Critic Loss: 1.4086 | Grad Norm: 2.3370 | Clipped: 4/4
Epoch [827/4000] | Avg Makespan: 269.50 | Actor Loss: -0.0047 | Critic Loss: 0.5837 | Grad Norm: 2.2071 | Clipped: 4/4
Epoch [828/4000] | Avg Makespan: 254.00 | Actor Loss: -0.0047 | Critic Loss: 0.5028 | Grad Norm: 1.2872 | Clipped: 4/4
Epoch [829/4000] | Avg Makespan: 232.00 | Actor Loss: 0.0029 | Critic Loss: 0.6570 | Grad Norm: 3.3234 | Clipped: 4/4
Epoch [830/4000] | Avg Makespan: 248.75 | Actor Loss: 0.0048 | Critic Loss: 0.4546 | Grad Norm: 3.5223 | Clipped: 4/4
Epoch [831/4000] | Avg Makespan: 242.00 | Actor Loss: -0.0007 | Critic Loss: 0.5364 | Grad Norm: 2.5818 | Clipped: 4/4
Epoch [832/4000] | Avg Makespan: 250.50 | Actor Loss: -0.0016 | Critic Loss: 0.4827 | Grad Norm: 3.0526 | Clipped: 4/4
Epoch [833/4000] | Avg Makespan: 250.25 | Actor Loss: -0.0049 | Critic Loss: 0.3088 | Grad Norm: 1.1138 | Clipped: 3/4
Epoch [834/4000] | Avg Makespan: 282.75 | Actor Loss: -0.0022 | Critic Loss: 1.4089 | Grad Norm: 1.7025 | Clipped: 4/4
Epoch [835/4000] | Avg Makespan: 266.00 | Actor Loss: -0.0039 | Critic Loss: 1.3821 | Grad Norm: 1.6154 | Clipped: 3/4
Epoch [836/4000] | Avg Makespan: 278.50 | Actor Loss: 0.0014 | Critic Loss: 1.2874 | Grad Norm: 2.0926 | Clipped: 4/4
Epoch [837/4000] | Avg Makespan: 249.50 | Actor Loss: 0.0058 | Critic Loss: 0.4012 | Grad Norm: 3.0221 | Clipped: 4/4
Epoch [838/4000] | Avg Makespan: 259.75 | Actor Loss: -0.0025 | Critic Loss: 0.5057 | Grad Norm: 2.9987 | Clipped: 4/4
Epoch [839/4000] | Avg Makespan: 264.50 | Actor Loss: -0.0059 | Critic Loss: 0.6485 | Grad Norm: 1.7996 | Clipped: 3/4
Epoch [840/4000] | Avg Makespan: 255.25 | Actor Loss: -0.0038 | Critic Loss: 0.5168 | Grad Norm: 1.1974 | Clipped: 1/4
Epoch [841/4000] | Avg Makespan: 267.25 | Actor Loss: 0.0012 | Critic Loss: 0.4978 | Grad Norm: 2.1465 | Clipped: 4/4
Epoch [842/4000] | Avg Makespan: 238.50 | Actor Loss: -0.0060 | Critic Loss: 0.3839 | Grad Norm: 2.7506 | Clipped: 4/4
Epoch [843/4000] | Avg Makespan: 246.50 | Actor Loss: 0.0024 | Critic Loss: 0.7544 | Grad Norm: 1.8449 | Clipped: 4/4
Epoch [844/4000] | Avg Makespan: 234.75 | Actor Loss: 0.0019 | Critic Loss: 0.3743 | Grad Norm: 3.8456 | Clipped: 4/4
Epoch [845/4000] | Avg Makespan: 274.00 | Actor Loss: -0.0059 | Critic Loss: 1.3724 | Grad Norm: 2.7766 | Clipped: 4/4
Epoch [846/4000] | Avg Makespan: 258.00 | Actor Loss: 0.1060 | Critic Loss: 0.9638 | Grad Norm: 7.1701 | Clipped: 4/4
Epoch [847/4000] | Avg Makespan: 252.75 | Actor Loss: 0.0301 | Critic Loss: 1.1786 | Grad Norm: 1.4438 | Clipped: 3/4
Epoch [848/4000] | Avg Makespan: 246.75 | Actor Loss: 0.0034 | Critic Loss: 0.4200 | Grad Norm: 2.8901 | Clipped: 4/4
Epoch [849/4000] | Avg Makespan: 240.75 | Actor Loss: 0.0059 | Critic Loss: 0.4993 | Grad Norm: 3.4168 | Clipped: 4/4
Epoch [850/4000] | Avg Makespan: 248.50 | Actor Loss: 0.0020 | Critic Loss: 0.5001 | Grad Norm: 8.2122 | Clipped: 4/4
Epoch [851/4000] | Avg Makespan: 253.75 | Actor Loss: -0.0004 | Critic Loss: 0.3052 | Grad Norm: 9.1584 | Clipped: 4/4
Epoch [852/4000] | Avg Makespan: 269.25 | Actor Loss: -0.0019 | Critic Loss: 0.5171 | Grad Norm: 3.7860 | Clipped: 4/4
Epoch [853/4000] | Avg Makespan: 250.75 | Actor Loss: -0.0018 | Critic Loss: 0.3229 | Grad Norm: 3.5828 | Clipped: 4/4
Epoch [854/4000] | Avg Makespan: 232.00 | Actor Loss: -0.0067 | Critic Loss: 0.4635 | Grad Norm: 1.7645 | Clipped: 4/4
Epoch [855/4000] | Avg Makespan: 240.00 | Actor Loss: -0.0050 | Critic Loss: 0.4646 | Grad Norm: 1.6879 | Clipped: 4/4
Epoch [856/4000] | Avg Makespan: 254.75 | Actor Loss: -0.0028 | Critic Loss: 0.3727 | Grad Norm: 2.9053 | Clipped: 4/4
Epoch [857/4000] | Avg Makespan: 258.75 | Actor Loss: 0.0203 | Critic Loss: 1.1597 | Grad Norm: 7.0144 | Clipped: 4/4
Epoch [858/4000] | Avg Makespan: 257.75 | Actor Loss: 0.0187 | Critic Loss: 0.4689 | Grad Norm: 13.9063 | Clipped: 4/4
Epoch [859/4000] | Avg Makespan: 258.50 | Actor Loss: 0.0019 | Critic Loss: 0.8202 | Grad Norm: 1.9810 | Clipped: 4/4
Epoch [860/4000] | Avg Makespan: 228.75 | Actor Loss: -0.0004 | Critic Loss: 0.5916 | Grad Norm: 2.4553 | Clipped: 4/4
Epoch [861/4000] | Avg Makespan: 267.75 | Actor Loss: -0.0029 | Critic Loss: 0.6196 | Grad Norm: 2.0093 | Clipped: 4/4
Epoch [862/4000] | Avg Makespan: 250.00 | Actor Loss: -0.0021 | Critic Loss: 0.6084 | Grad Norm: 2.5044 | Clipped: 4/4
Epoch [863/4000] | Avg Makespan: 237.25 | Actor Loss: -0.0018 | Critic Loss: 0.4766 | Grad Norm: 2.1566 | Clipped: 4/4
Epoch [864/4000] | Avg Makespan: 240.25 | Actor Loss: 0.0036 | Critic Loss: 0.5112 | Grad Norm: 3.3275 | Clipped: 4/4
Epoch [865/4000] | Avg Makespan: 244.00 | Actor Loss: 0.0042 | Critic Loss: 0.6577 | Grad Norm: 2.5087 | Clipped: 4/4
Epoch [866/4000] | Avg Makespan: 246.00 | Actor Loss: 0.0026 | Critic Loss: 0.4925 | Grad Norm: 1.8739 | Clipped: 4/4
Epoch [867/4000] | Avg Makespan: 256.00 | Actor Loss: 0.0027 | Critic Loss: 0.6067 | Grad Norm: 3.7141 | Clipped: 4/4
Epoch [868/4000] | Avg Makespan: 243.00 | Actor Loss: 0.0073 | Critic Loss: 0.4055 | Grad Norm: 4.2842 | Clipped: 4/4
Epoch [869/4000] | Avg Makespan: 237.00 | Actor Loss: -0.0001 | Critic Loss: 0.3526 | Grad Norm: 2.4697 | Clipped: 4/4
Epoch [870/4000] | Avg Makespan: 234.25 | Actor Loss: 0.0112 | Critic Loss: 0.5003 | Grad Norm: 4.3954 | Clipped: 4/4
Epoch [871/4000] | Avg Makespan: 237.25 | Actor Loss: -0.0027 | Critic Loss: 0.3249 | Grad Norm: 1.6378 | Clipped: 3/4
Epoch [872/4000] | Avg Makespan: 230.25 | Actor Loss: -0.0103 | Critic Loss: 0.1117 | Grad Norm: 1.0456 | Clipped: 3/4
Epoch [873/4000] | Avg Makespan: 233.25 | Actor Loss: -0.0052 | Critic Loss: 0.1896 | Grad Norm: 1.6622 | Clipped: 3/4
Epoch [874/4000] | Avg Makespan: 273.00 | Actor Loss: -0.0012 | Critic Loss: 1.1632 | Grad Norm: 3.0987 | Clipped: 4/4
Epoch [875/4000] | Avg Makespan: 227.00 | Actor Loss: -0.0006 | Critic Loss: 0.1672 | Grad Norm: 1.9723 | Clipped: 4/4
Epoch [876/4000] | Avg Makespan: 247.75 | Actor Loss: 0.0049 | Critic Loss: 0.5219 | Grad Norm: 2.5703 | Clipped: 4/4
Epoch [877/4000] | Avg Makespan: 268.25 | Actor Loss: 0.0025 | Critic Loss: 1.3504 | Grad Norm: 1.8484 | Clipped: 4/4
Epoch [878/4000] | Avg Makespan: 253.50 | Actor Loss: -0.0047 | Critic Loss: 0.2972 | Grad Norm: 1.7006 | Clipped: 4/4
Epoch [879/4000] | Avg Makespan: 260.25 | Actor Loss: -0.0107 | Critic Loss: 0.4494 | Grad Norm: 1.1153 | Clipped: 1/4
Epoch [880/4000] | Avg Makespan: 245.00 | Actor Loss: 0.0013 | Critic Loss: 0.6467 | Grad Norm: 20.1678 | Clipped: 4/4
Epoch [881/4000] | Avg Makespan: 235.00 | Actor Loss: -0.0079 | Critic Loss: 0.6664 | Grad Norm: 1.6256 | Clipped: 4/4
Epoch [882/4000] | Avg Makespan: 235.00 | Actor Loss: 0.0005 | Critic Loss: 0.3683 | Grad Norm: 1.7704 | Clipped: 4/4
Epoch [883/4000] | Avg Makespan: 231.75 | Actor Loss: -0.0029 | Critic Loss: 0.1964 | Grad Norm: 2.9832 | Clipped: 4/4
Epoch [884/4000] | Avg Makespan: 248.50 | Actor Loss: 0.0064 | Critic Loss: 0.8253 | Grad Norm: 3.5610 | Clipped: 4/4
Epoch [885/4000] | Avg Makespan: 233.25 | Actor Loss: -0.0085 | Critic Loss: 0.0693 | Grad Norm: 1.8907 | Clipped: 3/4
Epoch [886/4000] | Avg Makespan: 228.75 | Actor Loss: -0.0058 | Critic Loss: 0.1333 | Grad Norm: 2.1111 | Clipped: 4/4
Epoch [887/4000] | Avg Makespan: 231.25 | Actor Loss: -0.0039 | Critic Loss: 0.0454 | Grad Norm: 2.3420 | Clipped: 3/4
Epoch [888/4000] | Avg Makespan: 245.00 | Actor Loss: -0.0009 | Critic Loss: 0.4079 | Grad Norm: 5.0343 | Clipped: 4/4
Epoch [889/4000] | Avg Makespan: 262.00 | Actor Loss: 0.0088 | Critic Loss: 0.7436 | Grad Norm: 5.3729 | Clipped: 4/4
Epoch [890/4000] | Avg Makespan: 236.25 | Actor Loss: 0.0439 | Critic Loss: 0.5507 | Grad Norm: 8.4679 | Clipped: 4/4
Epoch [891/4000] | Avg Makespan: 233.25 | Actor Loss: -0.0025 | Critic Loss: 0.1800 | Grad Norm: 2.6621 | Clipped: 4/4
Epoch [892/4000] | Avg Makespan: 242.25 | Actor Loss: 0.0057 | Critic Loss: 0.3323 | Grad Norm: 8.6962 | Clipped: 4/4
Epoch [893/4000] | Avg Makespan: 240.50 | Actor Loss: -0.0034 | Critic Loss: 0.3312 | Grad Norm: 1.2750 | Clipped: 3/4
Epoch [894/4000] | Avg Makespan: 264.25 | Actor Loss: -0.0020 | Critic Loss: 1.8668 | Grad Norm: 5.6884 | Clipped: 4/4
Epoch [895/4000] | Avg Makespan: 259.25 | Actor Loss: 0.0169 | Critic Loss: 0.4154 | Grad Norm: 8.4120 | Clipped: 4/4
Epoch [896/4000] | Avg Makespan: 246.00 | Actor Loss: -0.0006 | Critic Loss: 0.4430 | Grad Norm: 3.5076 | Clipped: 4/4
Epoch [897/4000] | Avg Makespan: 253.50 | Actor Loss: -0.0053 | Critic Loss: 0.4821 | Grad Norm: 1.5012 | Clipped: 3/4
Epoch [898/4000] | Avg Makespan: 245.75 | Actor Loss: -0.0078 | Critic Loss: 0.4650 | Grad Norm: 1.6882 | Clipped: 4/4
Epoch [899/4000] | Avg Makespan: 245.75 | Actor Loss: -0.0014 | Critic Loss: 0.3769 | Grad Norm: 3.2004 | Clipped: 4/4
Epoch [900/4000] | Avg Makespan: 245.50 | Actor Loss: -0.0036 | Critic Loss: 0.3736 | Grad Norm: 2.8350 | Clipped: 4/4
   -> Validation | Samples: 280 | Makespan: 1108.39 | Invalid Jobs: 0.01 | Score: 1115.53
   -> Saved updated training chart to /home/wei/Desktop/AMR-DFJSP/runs/20260827_084425_v10_B_s42/chart.png
Epoch [901/4000] | Avg Makespan: 222.00 | Actor Loss: -0.0056 | Critic Loss: 0.2669 | Grad Norm: 1.7272 | Clipped: 4/4
Epoch [902/4000] | Avg Makespan: 240.25 | Actor Loss: -0.0049 | Critic Loss: 0.2647 | Grad Norm: 1.2885 | Clipped: 3/4
Epoch [903/4000] | Avg Makespan: 243.25 | Actor Loss: 0.0009 | Critic Loss: 0.5590 | Grad Norm: 2.3941 | Clipped: 4/4
Epoch [904/4000] | Avg Makespan: 233.00 | Actor Loss: -0.0036 | Critic Loss: 0.2534 | Grad Norm: 2.4106 | Clipped: 4/4
Epoch [905/4000] | Avg Makespan: 236.50 | Actor Loss: -0.0124 | Critic Loss: 0.2073 | Grad Norm: 1.2918 | Clipped: 2/4
Epoch [906/4000] | Avg Makespan: 231.75 | Actor Loss: -0.0051 | Critic Loss: 0.2929 | Grad Norm: 3.0639 | Clipped: 4/4
Epoch [907/4000] | Avg Makespan: 243.75 | Actor Loss: -0.0037 | Critic Loss: 0.4817 | Grad Norm: 3.2277 | Clipped: 4/4
Epoch [908/4000] | Avg Makespan: 265.75 | Actor Loss: -0.0059 | Critic Loss: 0.9798 | Grad Norm: 1.7294 | Clipped: 4/4
Epoch [909/4000] | Avg Makespan: 268.50 | Actor Loss: -0.0040 | Critic Loss: 0.7596 | Grad Norm: 1.6856 | Clipped: 3/4
Epoch [910/4000] | Avg Makespan: 267.00 | Actor Loss: -0.0033 | Critic Loss: 0.4859 | Grad Norm: 1.5271 | Clipped: 3/4
Epoch [911/4000] | Avg Makespan: 266.00 | Actor Loss: -0.0063 | Critic Loss: 0.3437 | Grad Norm: 1.2138 | Clipped: 3/4
Epoch [912/4000] | Avg Makespan: 251.00 | Actor Loss: -0.0054 | Critic Loss: 1.2038 | Grad Norm: 1.6922 | Clipped: 3/4
Epoch [913/4000] | Avg Makespan: 262.00 | Actor Loss: -0.0079 | Critic Loss: 0.6637 | Grad Norm: 1.0403 | Clipped: 2/4
Epoch [914/4000] | Avg Makespan: 253.75 | Actor Loss: -0.0053 | Critic Loss: 0.5772 | Grad Norm: 1.2973 | Clipped: 3/4
Epoch [915/4000] | Avg Makespan: 257.75 | Actor Loss: 0.0119 | Critic Loss: 0.6513 | Grad Norm: 4.5452 | Clipped: 4/4
Epoch [916/4000] | Avg Makespan: 241.00 | Actor Loss: -0.0055 | Critic Loss: 0.4474 | Grad Norm: 2.3309 | Clipped: 4/4
Epoch [917/4000] | Avg Makespan: 235.50 | Actor Loss: -0.0041 | Critic Loss: 0.5383 | Grad Norm: 1.5968 | Clipped: 4/4
Epoch [918/4000] | Avg Makespan: 258.50 | Actor Loss: -0.0050 | Critic Loss: 0.5742 | Grad Norm: 2.4786 | Clipped: 4/4
Epoch [919/4000] | Avg Makespan: 238.00 | Actor Loss: -0.0051 | Critic Loss: 0.2560 | Grad Norm: 1.4131 | Clipped: 4/4
Epoch [920/4000] | Avg Makespan: 258.25 | Actor Loss: 0.0066 | Critic Loss: 0.7285 | Grad Norm: 3.9873 | Clipped: 4/4
Epoch [921/4000] | Avg Makespan: 248.00 | Actor Loss: -0.0072 | Critic Loss: 0.3819 | Grad Norm: 1.6572 | Clipped: 4/4
Epoch [922/4000] | Avg Makespan: 241.75 | Actor Loss: -0.0032 | Critic Loss: 0.3062 | Grad Norm: 2.0796 | Clipped: 4/4
Epoch [923/4000] | Avg Makespan: 252.75 | Actor Loss: -0.0092 | Critic Loss: 0.4580 | Grad Norm: 1.3207 | Clipped: 2/4
Epoch [924/4000] | Avg Makespan: 238.00 | Actor Loss: -0.0042 | Critic Loss: 0.3061 | Grad Norm: 1.7125 | Clipped: 2/4
Epoch [925/4000] | Avg Makespan: 257.50 | Actor Loss: -0.0038 | Critic Loss: 0.5669 | Grad Norm: 1.9462 | Clipped: 4/4
Epoch [926/4000] | Avg Makespan: 235.50 | Actor Loss: -0.0028 | Critic Loss: 0.3096 | Grad Norm: 3.3161 | Clipped: 4/4
Epoch [927/4000] | Avg Makespan: 237.75 | Actor Loss: -0.0020 | Critic Loss: 0.2804 | Grad Norm: 2.3974 | Clipped: 4/4
Epoch [928/4000] | Avg Makespan: 249.25 | Actor Loss: -0.0069 | Critic Loss: 0.5160 | Grad Norm: 1.4116 | Clipped: 4/4
Epoch [929/4000] | Avg Makespan: 238.50 | Actor Loss: -0.0004 | Critic Loss: 0.3259 | Grad Norm: 3.3974 | Clipped: 4/4
Epoch [930/4000] | Avg Makespan: 258.00 | Actor Loss: -0.0002 | Critic Loss: 0.5678 | Grad Norm: 11.6944 | Clipped: 4/4
Epoch [931/4000] | Avg Makespan: 248.50 | Actor Loss: -0.0070 | Critic Loss: 0.5314 | Grad Norm: 1.4662 | Clipped: 4/4
Epoch [932/4000] | Avg Makespan: 246.00 | Actor Loss: 0.0028 | Critic Loss: 0.3836 | Grad Norm: 2.5050 | Clipped: 4/4
Epoch [933/4000] | Avg Makespan: 252.25 | Actor Loss: 0.0009 | Critic Loss: 0.3659 | Grad Norm: 3.5780 | Clipped: 4/4
Epoch [934/4000] | Avg Makespan: 253.50 | Actor Loss: -0.0035 | Critic Loss: 0.4679 | Grad Norm: 1.8604 | Clipped: 4/4
Epoch [935/4000] | Avg Makespan: 244.75 | Actor Loss: -0.0033 | Critic Loss: 0.2982 | Grad Norm: 2.3809 | Clipped: 4/4
Epoch [936/4000] | Avg Makespan: 241.25 | Actor Loss: -0.0002 | Critic Loss: 0.4731 | Grad Norm: 1.9943 | Clipped: 4/4
Epoch [937/4000] | Avg Makespan: 255.00 | Actor Loss: -0.0038 | Critic Loss: 0.5372 | Grad Norm: 2.6883 | Clipped: 4/4
Epoch [938/4000] | Avg Makespan: 238.00 | Actor Loss: -0.0070 | Critic Loss: 0.3716 | Grad Norm: 1.0443 | Clipped: 2/4
Epoch [939/4000] | Avg Makespan: 240.25 | Actor Loss: -0.0038 | Critic Loss: 0.2083 | Grad Norm: 2.2363 | Clipped: 3/4
Epoch [940/4000] | Avg Makespan: 238.75 | Actor Loss: -0.0004 | Critic Loss: 0.2603 | Grad Norm: 2.2364 | Clipped: 4/4
Epoch [941/4000] | Avg Makespan: 248.00 | Actor Loss: -0.0046 | Critic Loss: 0.5244 | Grad Norm: 2.0940 | Clipped: 4/4
Epoch [942/4000] | Avg Makespan: 232.50 | Actor Loss: -0.0086 | Critic Loss: 0.2170 | Grad Norm: 4.1200 | Clipped: 4/4
Epoch [943/4000] | Avg Makespan: 238.00 | Actor Loss: -0.0058 | Critic Loss: 0.4530 | Grad Norm: 2.1322 | Clipped: 4/4
Epoch [944/4000] | Avg Makespan: 236.50 | Actor Loss: -0.0029 | Critic Loss: 0.3073 | Grad Norm: 2.2192 | Clipped: 4/4
Epoch [945/4000] | Avg Makespan: 232.75 | Actor Loss: -0.0031 | Critic Loss: 0.1202 | Grad Norm: 1.6375 | Clipped: 3/4
Epoch [946/4000] | Avg Makespan: 233.75 | Actor Loss: -0.0029 | Critic Loss: 0.2999 | Grad Norm: 2.5455 | Clipped: 4/4
Epoch [947/4000] | Avg Makespan: 269.00 | Actor Loss: -0.0029 | Critic Loss: 2.1766 | Grad Norm: 2.3286 | Clipped: 4/4
Epoch [948/4000] | Avg Makespan: 245.75 | Actor Loss: -0.0023 | Critic Loss: 0.2657 | Grad Norm: 1.3354 | Clipped: 4/4
Epoch [949/4000] | Avg Makespan: 257.75 | Actor Loss: -0.0044 | Critic Loss: 0.5526 | Grad Norm: 1.0700 | Clipped: 3/4
Epoch [950/4000] | Avg Makespan: 257.50 | Actor Loss: 0.0036 | Critic Loss: 0.5192 | Grad Norm: 5.9530 | Clipped: 4/4
Epoch [951/4000] | Avg Makespan: 242.75 | Actor Loss: -0.0010 | Critic Loss: 0.4091 | Grad Norm: 1.7605 | Clipped: 4/4
Epoch [952/4000] | Avg Makespan: 264.00 | Actor Loss: -0.0054 | Critic Loss: 1.1584 | Grad Norm: 3.0352 | Clipped: 4/4
Epoch [953/4000] | Avg Makespan: 262.25 | Actor Loss: -0.0035 | Critic Loss: 1.2137 | Grad Norm: 2.0802 | Clipped: 4/4
Epoch [954/4000] | Avg Makespan: 239.25 | Actor Loss: -0.0079 | Critic Loss: 0.2892 | Grad Norm: 1.1622 | Clipped: 3/4
Epoch [955/4000] | Avg Makespan: 251.25 | Actor Loss: -0.0032 | Critic Loss: 0.4299 | Grad Norm: 1.9271 | Clipped: 4/4
Epoch [956/4000] | Avg Makespan: 247.25 | Actor Loss: -0.0034 | Critic Loss: 0.3135 | Grad Norm: 3.0128 | Clipped: 3/4
Epoch [957/4000] | Avg Makespan: 245.00 | Actor Loss: -0.0018 | Critic Loss: 0.4574 | Grad Norm: 1.3669 | Clipped: 4/4
Epoch [958/4000] | Avg Makespan: 230.50 | Actor Loss: -0.0043 | Critic Loss: 0.1032 | Grad Norm: 1.3595 | Clipped: 4/4
Epoch [959/4000] | Avg Makespan: 262.50 | Actor Loss: -0.0027 | Critic Loss: 0.8338 | Grad Norm: 1.7314 | Clipped: 4/4
Epoch [960/4000] | Avg Makespan: 252.75 | Actor Loss: -0.0044 | Critic Loss: 0.4659 | Grad Norm: 1.8400 | Clipped: 4/4
Epoch [961/4000] | Avg Makespan: 257.75 | Actor Loss: -0.0089 | Critic Loss: 0.4995 | Grad Norm: 0.9960 | Clipped: 1/4
Epoch [962/4000] | Avg Makespan: 248.50 | Actor Loss: -0.0050 | Critic Loss: 0.3366 | Grad Norm: 1.7532 | Clipped: 4/4
Epoch [963/4000] | Avg Makespan: 257.00 | Actor Loss: 0.0051 | Critic Loss: 0.4543 | Grad Norm: 3.9543 | Clipped: 4/4
Epoch [964/4000] | Avg Makespan: 240.50 | Actor Loss: -0.0101 | Critic Loss: 0.2508 | Grad Norm: 1.1991 | Clipped: 2/4
Epoch [965/4000] | Avg Makespan: 245.50 | Actor Loss: -0.0083 | Critic Loss: 0.5055 | Grad Norm: 2.4456 | Clipped: 3/4
Epoch [966/4000] | Avg Makespan: 244.25 | Actor Loss: -0.0052 | Critic Loss: 0.3756 | Grad Norm: 2.7732 | Clipped: 4/4
Epoch [967/4000] | Avg Makespan: 233.50 | Actor Loss: -0.0052 | Critic Loss: 0.2543 | Grad Norm: 1.2090 | Clipped: 3/4
Epoch [968/4000] | Avg Makespan: 243.00 | Actor Loss: -0.0038 | Critic Loss: 0.2557 | Grad Norm: 1.9528 | Clipped: 4/4
Epoch [969/4000] | Avg Makespan: 242.25 | Actor Loss: -0.0018 | Critic Loss: 0.3745 | Grad Norm: 2.2470 | Clipped: 4/4
Epoch [970/4000] | Avg Makespan: 235.75 | Actor Loss: -0.0090 | Critic Loss: 0.3596 | Grad Norm: 1.3340 | Clipped: 4/4
Epoch [971/4000] | Avg Makespan: 224.50 | Actor Loss: -0.0062 | Critic Loss: 0.1052 | Grad Norm: 1.8083 | Clipped: 4/4
Epoch [972/4000] | Avg Makespan: 252.00 | Actor Loss: -0.0058 | Critic Loss: 0.9329 | Grad Norm: 2.7672 | Clipped: 4/4
Epoch [973/4000] | Avg Makespan: 238.75 | Actor Loss: -0.0026 | Critic Loss: 0.3208 | Grad Norm: 2.2632 | Clipped: 4/4
Epoch [974/4000] | Avg Makespan: 237.25 | Actor Loss: -0.0042 | Critic Loss: 0.2713 | Grad Norm: 1.6433 | Clipped: 4/4
Epoch [975/4000] | Avg Makespan: 266.50 | Actor Loss: -0.0014 | Critic Loss: 0.6038 | Grad Norm: 1.3524 | Clipped: 4/4
Epoch [976/4000] | Avg Makespan: 248.75 | Actor Loss: -0.0026 | Critic Loss: 0.3474 | Grad Norm: 1.6883 | Clipped: 4/4
Epoch [977/4000] | Avg Makespan: 272.25 | Actor Loss: -0.0072 | Critic Loss: 0.5772 | Grad Norm: 2.3698 | Clipped: 4/4
Epoch [978/4000] | Avg Makespan: 246.50 | Actor Loss: -0.0019 | Critic Loss: 0.8501 | Grad Norm: 3.6309 | Clipped: 4/4
Epoch [979/4000] | Avg Makespan: 241.50 | Actor Loss: -0.0063 | Critic Loss: 0.6585 | Grad Norm: 1.4175 | Clipped: 4/4
Epoch [980/4000] | Avg Makespan: 244.25 | Actor Loss: -0.0048 | Critic Loss: 0.4793 | Grad Norm: 2.1456 | Clipped: 4/4
Epoch [981/4000] | Avg Makespan: 241.75 | Actor Loss: 0.0182 | Critic Loss: 0.3859 | Grad Norm: 3.8564 | Clipped: 4/4
Epoch [982/4000] | Avg Makespan: 269.50 | Actor Loss: -0.0020 | Critic Loss: 0.8825 | Grad Norm: 4.0055 | Clipped: 4/4
Epoch [983/4000] | Avg Makespan: 264.25 | Actor Loss: -0.0070 | Critic Loss: 1.0987 | Grad Norm: 1.1463 | Clipped: 3/4
Epoch [984/4000] | Avg Makespan: 255.25 | Actor Loss: 0.0058 | Critic Loss: 0.3826 | Grad Norm: 3.4379 | Clipped: 4/4
Epoch [985/4000] | Avg Makespan: 244.25 | Actor Loss: -0.0082 | Critic Loss: 0.2911 | Grad Norm: 0.9304 | Clipped: 1/4
Epoch [986/4000] | Avg Makespan: 229.75 | Actor Loss: -0.0054 | Critic Loss: 0.3960 | Grad Norm: 2.1006 | Clipped: 4/4
Epoch [987/4000] | Avg Makespan: 260.75 | Actor Loss: -0.0018 | Critic Loss: 0.4054 | Grad Norm: 2.3934 | Clipped: 4/4
Epoch [988/4000] | Avg Makespan: 247.50 | Actor Loss: -0.0013 | Critic Loss: 0.1722 | Grad Norm: 2.9046 | Clipped: 4/4
Epoch [989/4000] | Avg Makespan: 282.00 | Actor Loss: -0.0066 | Critic Loss: 2.5541 | Grad Norm: 1.6685 | Clipped: 4/4
Epoch [990/4000] | Avg Makespan: 252.75 | Actor Loss: -0.0032 | Critic Loss: 0.4440 | Grad Norm: 1.7427 | Clipped: 4/4
Epoch [991/4000] | Avg Makespan: 243.25 | Actor Loss: -0.0048 | Critic Loss: 0.3920 | Grad Norm: 2.7838 | Clipped: 4/4
Epoch [992/4000] | Avg Makespan: 242.00 | Actor Loss: -0.0053 | Critic Loss: 0.3920 | Grad Norm: 1.5135 | Clipped: 4/4
Epoch [993/4000] | Avg Makespan: 221.75 | Actor Loss: -0.0028 | Critic Loss: 0.4659 | Grad Norm: 2.9157 | Clipped: 4/4
Epoch [994/4000] | Avg Makespan: 242.50 | Actor Loss: -0.0036 | Critic Loss: 0.5163 | Grad Norm: 1.8923 | Clipped: 4/4
Epoch [995/4000] | Avg Makespan: 254.25 | Actor Loss: -0.0067 | Critic Loss: 0.4847 | Grad Norm: 1.9471 | Clipped: 4/4
Epoch [996/4000] | Avg Makespan: 248.50 | Actor Loss: -0.0080 | Critic Loss: 0.4548 | Grad Norm: 1.1310 | Clipped: 2/4
Epoch [997/4000] | Avg Makespan: 249.25 | Actor Loss: -0.0051 | Critic Loss: 0.4937 | Grad Norm: 2.8633 | Clipped: 4/4
Epoch [998/4000] | Avg Makespan: 237.75 | Actor Loss: 0.0033 | Critic Loss: 0.4293 | Grad Norm: 2.6512 | Clipped: 4/4
Epoch [999/4000] | Avg Makespan: 259.25 | Actor Loss: -0.0043 | Critic Loss: 0.5811 | Grad Norm: 2.0118 | Clipped: 4/4
Epoch [1000/4000] | Avg Makespan: 241.00 | Actor Loss: -0.0004 | Critic Loss: 0.4630 | Grad Norm: 1.6365 | Clipped: 4/4
   -> Validation | Samples: 280 | Makespan: 1311.93 | Invalid Jobs: 0.01 | Score: 1322.65
   -> Saved updated training chart to /home/wei/Desktop/AMR-DFJSP/runs/20260827_084425_v10_B_s42/chart.png
Epoch [1001/4000] | Avg Makespan: 263.75 | Actor Loss: -0.0121 | Critic Loss: 0.2938 | Grad Norm: 0.9785 | Clipped: 1/4
Epoch [1002/4000] | Avg Makespan: 295.75 | Actor Loss: -0.0023 | Critic Loss: 2.2938 | Grad Norm: 2.1706 | Clipped: 4/4
Epoch [1003/4000] | Avg Makespan: 265.25 | Actor Loss: -0.0068 | Critic Loss: 0.4766 | Grad Norm: 1.3419 | Clipped: 4/4
Epoch [1004/4000] | Avg Makespan: 260.50 | Actor Loss: -0.0050 | Critic Loss: 0.8040 | Grad Norm: 1.2657 | Clipped: 3/4
Epoch [1005/4000] | Avg Makespan: 260.25 | Actor Loss: 0.0070 | Critic Loss: 0.2880 | Grad Norm: 3.3081 | Clipped: 4/4
Epoch [1006/4000] | Avg Makespan: 261.75 | Actor Loss: -0.0007 | Critic Loss: 0.4696 | Grad Norm: 2.2203 | Clipped: 4/4
Epoch [1007/4000] | Avg Makespan: 263.50 | Actor Loss: -0.0082 | Critic Loss: 0.6675 | Grad Norm: 1.7232 | Clipped: 4/4
Epoch [1008/4000] | Avg Makespan: 248.75 | Actor Loss: -0.0074 | Critic Loss: 0.3960 | Grad Norm: 1.7823 | Clipped: 4/4
Epoch [1009/4000] | Avg Makespan: 241.50 | Actor Loss: -0.0053 | Critic Loss: 0.7150 | Grad Norm: 1.4619 | Clipped: 3/4
Epoch [1010/4000] | Avg Makespan: 247.00 | Actor Loss: -0.0029 | Critic Loss: 0.4447 | Grad Norm: 1.5196 | Clipped: 3/4
Epoch [1011/4000] | Avg Makespan: 239.75 | Actor Loss: 0.0086 | Critic Loss: 0.2802 | Grad Norm: 7.1456 | Clipped: 4/4
Epoch [1012/4000] | Avg Makespan: 246.75 | Actor Loss: 0.0006 | Critic Loss: 0.7035 | Grad Norm: 2.6575 | Clipped: 4/4
Epoch [1013/4000] | Avg Makespan: 258.00 | Actor Loss: -0.0066 | Critic Loss: 1.0889 | Grad Norm: 1.3552 | Clipped: 3/4
Epoch [1014/4000] | Avg Makespan: 242.25 | Actor Loss: -0.0062 | Critic Loss: 0.4603 | Grad Norm: 2.3247 | Clipped: 4/4
Epoch [1015/4000] | Avg Makespan: 252.25 | Actor Loss: -0.0064 | Critic Loss: 0.3664 | Grad Norm: 1.5298 | Clipped: 3/4
Epoch [1016/4000] | Avg Makespan: 259.50 | Actor Loss: -0.0044 | Critic Loss: 0.3236 | Grad Norm: 1.1439 | Clipped: 2/4
Epoch [1017/4000] | Avg Makespan: 257.00 | Actor Loss: -0.0002 | Critic Loss: 0.3364 | Grad Norm: 4.2673 | Clipped: 4/4
Epoch [1018/4000] | Avg Makespan: 266.50 | Actor Loss: -0.0012 | Critic Loss: 0.4711 | Grad Norm: 2.1986 | Clipped: 4/4
Epoch [1019/4000] | Avg Makespan: 276.00 | Actor Loss: -0.0059 | Critic Loss: 1.1308 | Grad Norm: 1.5309 | Clipped: 2/4
Epoch [1020/4000] | Avg Makespan: 234.00 | Actor Loss: -0.0048 | Critic Loss: 0.5924 | Grad Norm: 1.4964 | Clipped: 4/4
Epoch [1021/4000] | Avg Makespan: 254.25 | Actor Loss: -0.0050 | Critic Loss: 0.4893 | Grad Norm: 1.5290 | Clipped: 4/4
Epoch [1022/4000] | Avg Makespan: 288.50 | Actor Loss: -0.0031 | Critic Loss: 0.7411 | Grad Norm: 1.4364 | Clipped: 4/4
Epoch [1023/4000] | Avg Makespan: 259.75 | Actor Loss: -0.0096 | Critic Loss: 0.4635 | Grad Norm: 0.8521 | Clipped: 1/4
Epoch [1024/4000] | Avg Makespan: 253.50 | Actor Loss: -0.0049 | Critic Loss: 0.5447 | Grad Norm: 1.3225 | Clipped: 3/4
Epoch [1025/4000] | Avg Makespan: 249.25 | Actor Loss: -0.0037 | Critic Loss: 0.3785 | Grad Norm: 1.4953 | Clipped: 2/4
Epoch [1026/4000] | Avg Makespan: 268.75 | Actor Loss: -0.0053 | Critic Loss: 0.3051 | Grad Norm: 1.2624 | Clipped: 2/4
Epoch [1027/4000] | Avg Makespan: 247.00 | Actor Loss: -0.0031 | Critic Loss: 0.3378 | Grad Norm: 1.6853 | Clipped: 4/4
Epoch [1028/4000] | Avg Makespan: 249.75 | Actor Loss: -0.0052 | Critic Loss: 0.3681 | Grad Norm: 2.8425 | Clipped: 4/4
Epoch [1029/4000] | Avg Makespan: 250.75 | Actor Loss: -0.0104 | Critic Loss: 0.3045 | Grad Norm: 1.0099 | Clipped: 2/4
Epoch [1030/4000] | Avg Makespan: 234.00 | Actor Loss: -0.0021 | Critic Loss: 0.5360 | Grad Norm: 2.0558 | Clipped: 4/4
Epoch [1031/4000] | Avg Makespan: 253.50 | Actor Loss: -0.0018 | Critic Loss: 0.5957 | Grad Norm: 2.2809 | Clipped: 4/4
Epoch [1032/4000] | Avg Makespan: 248.00 | Actor Loss: -0.0043 | Critic Loss: 0.5223 | Grad Norm: 2.4119 | Clipped: 4/4
Epoch [1033/4000] | Avg Makespan: 256.00 | Actor Loss: -0.0022 | Critic Loss: 1.4385 | Grad Norm: 1.6219 | Clipped: 4/4
Epoch [1034/4000] | Avg Makespan: 266.75 | Actor Loss: -0.0045 | Critic Loss: 0.4464 | Grad Norm: 1.8905 | Clipped: 3/4
Epoch [1035/4000] | Avg Makespan: 258.75 | Actor Loss: -0.0017 | Critic Loss: 0.5693 | Grad Norm: 1.6441 | Clipped: 4/4
Epoch [1036/4000] | Avg Makespan: 255.50 | Actor Loss: -0.0012 | Critic Loss: 0.2177 | Grad Norm: 2.2043 | Clipped: 4/4
Epoch [1037/4000] | Avg Makespan: 262.25 | Actor Loss: -0.0065 | Critic Loss: 0.6894 | Grad Norm: 1.7514 | Clipped: 4/4
Epoch [1038/4000] | Avg Makespan: 276.50 | Actor Loss: -0.0074 | Critic Loss: 1.0295 | Grad Norm: 1.3286 | Clipped: 3/4
Epoch [1039/4000] | Avg Makespan: 252.25 | Actor Loss: -0.0062 | Critic Loss: 0.3126 | Grad Norm: 1.2737 | Clipped: 4/4
Epoch [1040/4000] | Avg Makespan: 259.50 | Actor Loss: -0.0064 | Critic Loss: 0.6216 | Grad Norm: 1.5061 | Clipped: 3/4
Epoch [1041/4000] | Avg Makespan: 245.50 | Actor Loss: -0.0087 | Critic Loss: 0.4084 | Grad Norm: 1.0393 | Clipped: 2/4
Epoch [1042/4000] | Avg Makespan: 253.75 | Actor Loss: -0.0092 | Critic Loss: 0.5970 | Grad Norm: 1.3850 | Clipped: 3/4
Epoch [1043/4000] | Avg Makespan: 260.50 | Actor Loss: 0.0205 | Critic Loss: 0.6253 | Grad Norm: 2.1618 | Clipped: 4/4
Epoch [1044/4000] | Avg Makespan: 253.00 | Actor Loss: 0.0009 | Critic Loss: 0.2686 | Grad Norm: 1.6544 | Clipped: 4/4
Epoch [1045/4000] | Avg Makespan: 255.25 | Actor Loss: -0.0064 | Critic Loss: 0.1120 | Grad Norm: 1.3961 | Clipped: 3/4
Epoch [1046/4000] | Avg Makespan: 255.75 | Actor Loss: -0.0015 | Critic Loss: 0.3843 | Grad Norm: 1.7835 | Clipped: 4/4
Epoch [1047/4000] | Avg Makespan: 251.75 | Actor Loss: 0.0007 | Critic Loss: 0.6029 | Grad Norm: 3.0900 | Clipped: 4/4
Epoch [1048/4000] | Avg Makespan: 242.75 | Actor Loss: -0.0088 | Critic Loss: 0.3422 | Grad Norm: 1.2967 | Clipped: 2/4
Epoch [1049/4000] | Avg Makespan: 269.50 | Actor Loss: -0.0103 | Critic Loss: 1.9213 | Grad Norm: 1.0783 | Clipped: 2/4
Epoch [1050/4000] | Avg Makespan: 246.25 | Actor Loss: -0.0023 | Critic Loss: 0.3829 | Grad Norm: 1.9223 | Clipped: 4/4
Epoch [1051/4000] | Avg Makespan: 241.50 | Actor Loss: -0.0004 | Critic Loss: 0.3843 | Grad Norm: 3.4641 | Clipped: 4/4
Epoch [1052/4000] | Avg Makespan: 242.75 | Actor Loss: 0.0008 | Critic Loss: 0.4141 | Grad Norm: 2.8891 | Clipped: 4/4
Epoch [1053/4000] | Avg Makespan: 255.00 | Actor Loss: 0.0061 | Critic Loss: 0.6303 | Grad Norm: 4.3625 | Clipped: 4/4
Epoch [1054/4000] | Avg Makespan: 248.00 | Actor Loss: -0.0003 | Critic Loss: 0.4276 | Grad Norm: 2.6268 | Clipped: 4/4
Epoch [1055/4000] | Avg Makespan: 255.75 | Actor Loss: -0.0037 | Critic Loss: 0.3478 | Grad Norm: 1.9104 | Clipped: 4/4
Epoch [1056/4000] | Avg Makespan: 248.25 | Actor Loss: -0.0067 | Critic Loss: 0.4850 | Grad Norm: 1.2913 | Clipped: 4/4
Epoch [1057/4000] | Avg Makespan: 249.75 | Actor Loss: 0.0002 | Critic Loss: 0.2341 | Grad Norm: 2.2546 | Clipped: 3/4
Epoch [1058/4000] | Avg Makespan: 261.00 | Actor Loss: -0.0047 | Critic Loss: 0.4244 | Grad Norm: 2.1689 | Clipped: 3/4
Epoch [1059/4000] | Avg Makespan: 232.75 | Actor Loss: -0.0053 | Critic Loss: 0.3352 | Grad Norm: 3.6782 | Clipped: 4/4
Epoch [1060/4000] | Avg Makespan: 245.25 | Actor Loss: -0.0029 | Critic Loss: 0.5241 | Grad Norm: 2.5376 | Clipped: 3/4
Epoch [1061/4000] | Avg Makespan: 256.50 | Actor Loss: -0.0004 | Critic Loss: 0.7744 | Grad Norm: 2.1787 | Clipped: 4/4
Epoch [1062/4000] | Avg Makespan: 241.75 | Actor Loss: -0.0045 | Critic Loss: 0.3017 | Grad Norm: 2.3876 | Clipped: 4/4
Epoch [1063/4000] | Avg Makespan: 264.25 | Actor Loss: -0.0037 | Critic Loss: 0.4853 | Grad Norm: 2.6528 | Clipped: 4/4
Epoch [1064/4000] | Avg Makespan: 240.00 | Actor Loss: -0.0038 | Critic Loss: 0.1389 | Grad Norm: 2.6082 | Clipped: 4/4
Epoch [1065/4000] | Avg Makespan: 258.50 | Actor Loss: -0.0004 | Critic Loss: 0.4634 | Grad Norm: 3.3375 | Clipped: 4/4
Epoch [1066/4000] | Avg Makespan: 247.00 | Actor Loss: -0.0126 | Critic Loss: 0.2712 | Grad Norm: 1.0649 | Clipped: 2/4
Epoch [1067/4000] | Avg Makespan: 247.00 | Actor Loss: 0.0008 | Critic Loss: 0.2974 | Grad Norm: 2.5220 | Clipped: 4/4
Epoch [1068/4000] | Avg Makespan: 240.00 | Actor Loss: -0.0050 | Critic Loss: 0.4308 | Grad Norm: 2.3142 | Clipped: 4/4
Epoch [1069/4000] | Avg Makespan: 251.75 | Actor Loss: -0.0094 | Critic Loss: 0.3056 | Grad Norm: 1.2111 | Clipped: 3/4
Epoch [1070/4000] | Avg Makespan: 242.50 | Actor Loss: -0.0080 | Critic Loss: 0.7053 | Grad Norm: 1.6090 | Clipped: 4/4
Epoch [1071/4000] | Avg Makespan: 239.00 | Actor Loss: -0.0030 | Critic Loss: 0.3128 | Grad Norm: 2.2821 | Clipped: 4/4
Epoch [1072/4000] | Avg Makespan: 250.50 | Actor Loss: -0.0074 | Critic Loss: 0.3530 | Grad Norm: 1.3351 | Clipped: 3/4
Epoch [1073/4000] | Avg Makespan: 244.25 | Actor Loss: 0.0019 | Critic Loss: 0.4194 | Grad Norm: 3.0934 | Clipped: 4/4
Epoch [1074/4000] | Avg Makespan: 230.50 | Actor Loss: -0.0023 | Critic Loss: 0.2229 | Grad Norm: 2.2923 | Clipped: 4/4
Epoch [1075/4000] | Avg Makespan: 244.75 | Actor Loss: 0.0029 | Critic Loss: 0.1953 | Grad Norm: 3.2239 | Clipped: 4/4
Epoch [1076/4000] | Avg Makespan: 249.50 | Actor Loss: -0.0079 | Critic Loss: 0.4002 | Grad Norm: 1.2879 | Clipped: 4/4
Epoch [1077/4000] | Avg Makespan: 242.50 | Actor Loss: -0.0029 | Critic Loss: 0.3558 | Grad Norm: 1.9041 | Clipped: 4/4
Epoch [1078/4000] | Avg Makespan: 229.50 | Actor Loss: 0.0039 | Critic Loss: 0.3502 | Grad Norm: 3.2216 | Clipped: 4/4
Epoch [1079/4000] | Avg Makespan: 228.50 | Actor Loss: -0.0046 | Critic Loss: 0.3162 | Grad Norm: 2.2501 | Clipped: 4/4
Epoch [1080/4000] | Avg Makespan: 233.50 | Actor Loss: -0.0045 | Critic Loss: 0.4693 | Grad Norm: 1.4632 | Clipped: 4/4
Epoch [1081/4000] | Avg Makespan: 229.25 | Actor Loss: -0.0080 | Critic Loss: 0.3390 | Grad Norm: 1.0543 | Clipped: 3/4
Epoch [1082/4000] | Avg Makespan: 264.25 | Actor Loss: -0.0072 | Critic Loss: 1.7705 | Grad Norm: 2.1818 | Clipped: 4/4
Epoch [1083/4000] | Avg Makespan: 251.25 | Actor Loss: -0.0013 | Critic Loss: 0.4434 | Grad Norm: 1.9684 | Clipped: 4/4
Epoch [1084/4000] | Avg Makespan: 264.75 | Actor Loss: -0.0025 | Critic Loss: 1.0348 | Grad Norm: 1.7375 | Clipped: 3/4
Epoch [1085/4000] | Avg Makespan: 258.00 | Actor Loss: -0.0091 | Critic Loss: 0.9288 | Grad Norm: 1.4856 | Clipped: 4/4
Epoch [1086/4000] | Avg Makespan: 258.25 | Actor Loss: -0.0051 | Critic Loss: 0.4858 | Grad Norm: 2.8191 | Clipped: 4/4
Epoch [1087/4000] | Avg Makespan: 234.75 | Actor Loss: 0.0035 | Critic Loss: 0.9430 | Grad Norm: 2.4142 | Clipped: 4/4
Epoch [1088/4000] | Avg Makespan: 243.75 | Actor Loss: -0.0032 | Critic Loss: 0.8373 | Grad Norm: 1.5385 | Clipped: 4/4
Epoch [1089/4000] | Avg Makespan: 234.75 | Actor Loss: -0.0050 | Critic Loss: 0.1972 | Grad Norm: 1.3174 | Clipped: 4/4
Epoch [1090/4000] | Avg Makespan: 254.00 | Actor Loss: -0.0035 | Critic Loss: 0.6444 | Grad Norm: 1.6089 | Clipped: 4/4
Epoch [1091/4000] | Avg Makespan: 241.00 | Actor Loss: -0.0061 | Critic Loss: 0.2613 | Grad Norm: 1.3115 | Clipped: 3/4
Epoch [1092/4000] | Avg Makespan: 247.00 | Actor Loss: -0.0022 | Critic Loss: 0.3811 | Grad Norm: 1.6852 | Clipped: 3/4
Epoch [1093/4000] | Avg Makespan: 263.50 | Actor Loss: -0.0029 | Critic Loss: 0.5954 | Grad Norm: 1.9802 | Clipped: 4/4
Epoch [1094/4000] | Avg Makespan: 246.00 | Actor Loss: -0.0040 | Critic Loss: 1.0003 | Grad Norm: 2.4092 | Clipped: 3/4
Epoch [1095/4000] | Avg Makespan: 251.75 | Actor Loss: -0.0062 | Critic Loss: 0.3019 | Grad Norm: 2.4411 | Clipped: 4/4
Epoch [1096/4000] | Avg Makespan: 234.50 | Actor Loss: -0.0051 | Critic Loss: 0.5485 | Grad Norm: 2.0667 | Clipped: 4/4
Epoch [1097/4000] | Avg Makespan: 231.75 | Actor Loss: -0.0048 | Critic Loss: 0.2586 | Grad Norm: 1.7927 | Clipped: 4/4
Epoch [1098/4000] | Avg Makespan: 248.50 | Actor Loss: -0.0070 | Critic Loss: 0.4090 | Grad Norm: 2.8334 | Clipped: 3/4
Epoch [1099/4000] | Avg Makespan: 242.25 | Actor Loss: -0.0074 | Critic Loss: 0.5458 | Grad Norm: 1.1252 | Clipped: 3/4
Epoch [1100/4000] | Avg Makespan: 238.25 | Actor Loss: -0.0036 | Critic Loss: 0.7183 | Grad Norm: 2.0112 | Clipped: 4/4
   -> Validation | Samples: 280 | Makespan: 1398.66 | Invalid Jobs: 0.00 | Score: 1402.23
   -> Saved updated training chart to /home/wei/Desktop/AMR-DFJSP/runs/20260827_084425_v10_B_s42/chart.png
Epoch [1101/4000] | Avg Makespan: 226.25 | Actor Loss: -0.0070 | Critic Loss: 0.2508 | Grad Norm: 1.2529 | Clipped: 3/4
Epoch [1102/4000] | Avg Makespan: 247.00 | Actor Loss: -0.0063 | Critic Loss: 0.5725 | Grad Norm: 1.1608 | Clipped: 2/4
Epoch [1103/4000] | Avg Makespan: 247.00 | Actor Loss: -0.0036 | Critic Loss: 0.6199 | Grad Norm: 1.9482 | Clipped: 4/4
Epoch [1104/4000] | Avg Makespan: 234.25 | Actor Loss: -0.0070 | Critic Loss: 0.3426 | Grad Norm: 0.9219 | Clipped: 1/4
Epoch [1105/4000] | Avg Makespan: 230.25 | Actor Loss: -0.0092 | Critic Loss: 0.2007 | Grad Norm: 1.2541 | Clipped: 3/4
Epoch [1106/4000] | Avg Makespan: 235.25 | Actor Loss: -0.0077 | Critic Loss: 0.2478 | Grad Norm: 1.1435 | Clipped: 3/4
Epoch [1107/4000] | Avg Makespan: 231.75 | Actor Loss: -0.0072 | Critic Loss: 0.0925 | Grad Norm: 1.2137 | Clipped: 2/4
Epoch [1108/4000] | Avg Makespan: 249.75 | Actor Loss: -0.0063 | Critic Loss: 0.4594 | Grad Norm: 1.2778 | Clipped: 3/4
Epoch [1109/4000] | Avg Makespan: 241.75 | Actor Loss: -0.0077 | Critic Loss: 0.3068 | Grad Norm: 1.3779 | Clipped: 4/4
Epoch [1110/4000] | Avg Makespan: 220.25 | Actor Loss: -0.0073 | Critic Loss: 0.1986 | Grad Norm: 1.2168 | Clipped: 3/4
Epoch [1111/4000] | Avg Makespan: 241.75 | Actor Loss: -0.0075 | Critic Loss: 0.2659 | Grad Norm: 1.0594 | Clipped: 1/4
Epoch [1112/4000] | Avg Makespan: 237.00 | Actor Loss: -0.0068 | Critic Loss: 0.1278 | Grad Norm: 0.8943 | Clipped: 1/4
Epoch [1113/4000] | Avg Makespan: 249.75 | Actor Loss: -0.0107 | Critic Loss: 0.4584 | Grad Norm: 1.1576 | Clipped: 3/4
Epoch [1114/4000] | Avg Makespan: 253.75 | Actor Loss: -0.0051 | Critic Loss: 2.3361 | Grad Norm: 0.9776 | Clipped: 1/4
Epoch [1115/4000] | Avg Makespan: 243.75 | Actor Loss: -0.0067 | Critic Loss: 0.4067 | Grad Norm: 1.6816 | Clipped: 4/4
Epoch [1116/4000] | Avg Makespan: 235.00 | Actor Loss: -0.0066 | Critic Loss: 0.5237 | Grad Norm: 1.3098 | Clipped: 3/4
Epoch [1117/4000] | Avg Makespan: 261.50 | Actor Loss: -0.0041 | Critic Loss: 0.6046 | Grad Norm: 1.9742 | Clipped: 4/4
Epoch [1118/4000] | Avg Makespan: 243.50 | Actor Loss: -0.0099 | Critic Loss: 0.2990 | Grad Norm: 1.0521 | Clipped: 2/4
Epoch [1119/4000] | Avg Makespan: 232.75 | Actor Loss: -0.0119 | Critic Loss: 0.3470 | Grad Norm: 0.9703 | Clipped: 2/4
Epoch [1120/4000] | Avg Makespan: 235.75 | Actor Loss: -0.0049 | Critic Loss: 0.2729 | Grad Norm: 1.6343 | Clipped: 3/4
Epoch [1121/4000] | Avg Makespan: 230.50 | Actor Loss: -0.0004 | Critic Loss: 0.0806 | Grad Norm: 2.9088 | Clipped: 4/4
Epoch [1122/4000] | Avg Makespan: 224.25 | Actor Loss: -0.0094 | Critic Loss: 0.1800 | Grad Norm: 1.0001 | Clipped: 2/4
Epoch [1123/4000] | Avg Makespan: 232.00 | Actor Loss: -0.0065 | Critic Loss: 0.1782 | Grad Norm: 1.3810 | Clipped: 4/4
Epoch [1124/4000] | Avg Makespan: 240.75 | Actor Loss: -0.0066 | Critic Loss: 0.6619 | Grad Norm: 2.2314 | Clipped: 4/4
Epoch [1125/4000] | Avg Makespan: 245.50 | Actor Loss: -0.0096 | Critic Loss: 0.5056 | Grad Norm: 1.7425 | Clipped: 3/4
Epoch [1126/4000] | Avg Makespan: 243.50 | Actor Loss: -0.0082 | Critic Loss: 0.4580 | Grad Norm: 1.1470 | Clipped: 1/4
Epoch [1127/4000] | Avg Makespan: 232.25 | Actor Loss: -0.0048 | Critic Loss: 0.4369 | Grad Norm: 1.8364 | Clipped: 4/4
Epoch [1128/4000] | Avg Makespan: 245.25 | Actor Loss: -0.0059 | Critic Loss: 0.2926 | Grad Norm: 1.2937 | Clipped: 2/4
Epoch [1129/4000] | Avg Makespan: 229.50 | Actor Loss: -0.0081 | Critic Loss: 0.1950 | Grad Norm: 1.0258 | Clipped: 1/4
Epoch [1130/4000] | Avg Makespan: 248.00 | Actor Loss: -0.0036 | Critic Loss: 0.2932 | Grad Norm: 2.3231 | Clipped: 4/4
Epoch [1131/4000] | Avg Makespan: 237.25 | Actor Loss: -0.0059 | Critic Loss: 0.3229 | Grad Norm: 3.4099 | Clipped: 4/4
Epoch [1132/4000] | Avg Makespan: 238.00 | Actor Loss: -0.0095 | Critic Loss: 0.2817 | Grad Norm: 1.0968 | Clipped: 3/4
Epoch [1133/4000] | Avg Makespan: 243.50 | Actor Loss: -0.0034 | Critic Loss: 0.4550 | Grad Norm: 2.4991 | Clipped: 2/4
Epoch [1134/4000] | Avg Makespan: 254.25 | Actor Loss: -0.0056 | Critic Loss: 0.6768 | Grad Norm: 2.2312 | Clipped: 4/4
Epoch [1135/4000] | Avg Makespan: 257.75 | Actor Loss: -0.0067 | Critic Loss: 0.7028 | Grad Norm: 1.8706 | Clipped: 3/4
Epoch [1136/4000] | Avg Makespan: 246.25 | Actor Loss: 0.0022 | Critic Loss: 0.4730 | Grad Norm: 2.1160 | Clipped: 4/4
Epoch [1137/4000] | Avg Makespan: 230.25 | Actor Loss: -0.0022 | Critic Loss: 0.3966 | Grad Norm: 2.2219 | Clipped: 4/4
Epoch [1138/4000] | Avg Makespan: 247.00 | Actor Loss: -0.0088 | Critic Loss: 0.9016 | Grad Norm: 0.9728 | Clipped: 1/4
Epoch [1139/4000] | Avg Makespan: 237.25 | Actor Loss: -0.0058 | Critic Loss: 0.2849 | Grad Norm: 1.0814 | Clipped: 3/4
Epoch [1140/4000] | Avg Makespan: 238.75 | Actor Loss: 0.0013 | Critic Loss: 0.5147 | Grad Norm: 3.1574 | Clipped: 4/4
Epoch [1141/4000] | Avg Makespan: 243.00 | Actor Loss: -0.0080 | Critic Loss: 0.2681 | Grad Norm: 1.2274 | Clipped: 2/4
Epoch [1142/4000] | Avg Makespan: 225.00 | Actor Loss: 0.0018 | Critic Loss: 0.1855 | Grad Norm: 7.3591 | Clipped: 4/4
Epoch [1143/4000] | Avg Makespan: 232.75 | Actor Loss: -0.0102 | Critic Loss: 0.1565 | Grad Norm: 2.1516 | Clipped: 3/4
Epoch [1144/4000] | Avg Makespan: 226.75 | Actor Loss: 0.0017 | Critic Loss: 0.0666 | Grad Norm: 5.4761 | Clipped: 4/4
Epoch [1145/4000] | Avg Makespan: 241.25 | Actor Loss: -0.0110 | Critic Loss: 0.4843 | Grad Norm: 1.1856 | Clipped: 4/4
Epoch [1146/4000] | Avg Makespan: 228.25 | Actor Loss: -0.0095 | Critic Loss: 0.1522 | Grad Norm: 0.8871 | Clipped: 1/4
Epoch [1147/4000] | Avg Makespan: 224.50 | Actor Loss: -0.0074 | Critic Loss: 0.0940 | Grad Norm: 1.3309 | Clipped: 4/4
Epoch [1148/4000] | Avg Makespan: 267.75 | Actor Loss: -0.0013 | Critic Loss: 1.1332 | Grad Norm: 2.9778 | Clipped: 4/4
Epoch [1149/4000] | Avg Makespan: 232.50 | Actor Loss: 0.0005 | Critic Loss: 0.1573 | Grad Norm: 1.7871 | Clipped: 3/4
Epoch [1150/4000] | Avg Makespan: 230.50 | Actor Loss: -0.0073 | Critic Loss: 0.0819 | Grad Norm: 0.7133 | Clipped: 0/4
Epoch [1151/4000] | Avg Makespan: 251.75 | Actor Loss: -0.0029 | Critic Loss: 0.3515 | Grad Norm: 1.8207 | Clipped: 4/4
Epoch [1152/4000] | Avg Makespan: 226.25 | Actor Loss: -0.0037 | Critic Loss: 0.2622 | Grad Norm: 3.1574 | Clipped: 4/4
Epoch [1153/4000] | Avg Makespan: 239.00 | Actor Loss: -0.0091 | Critic Loss: 0.2495 | Grad Norm: 1.0557 | Clipped: 2/4
Epoch [1154/4000] | Avg Makespan: 225.50 | Actor Loss: -0.0080 | Critic Loss: 0.4509 | Grad Norm: 1.1706 | Clipped: 3/4
Epoch [1155/4000] | Avg Makespan: 242.00 | Actor Loss: -0.0016 | Critic Loss: 0.6271 | Grad Norm: 2.4088 | Clipped: 4/4
Epoch [1156/4000] | Avg Makespan: 235.50 | Actor Loss: -0.0057 | Critic Loss: 0.1770 | Grad Norm: 2.2041 | Clipped: 4/4
Epoch [1157/4000] | Avg Makespan: 233.75 | Actor Loss: -0.0009 | Critic Loss: 0.2399 | Grad Norm: 3.1502 | Clipped: 2/4
Epoch [1158/4000] | Avg Makespan: 238.50 | Actor Loss: -0.0016 | Critic Loss: 0.4141 | Grad Norm: 2.0114 | Clipped: 4/4
Epoch [1159/4000] | Avg Makespan: 237.25 | Actor Loss: -0.0046 | Critic Loss: 0.2925 | Grad Norm: 1.5788 | Clipped: 3/4
Epoch [1160/4000] | Avg Makespan: 238.25 | Actor Loss: 0.0015 | Critic Loss: 0.1931 | Grad Norm: 2.0779 | Clipped: 4/4
Epoch [1161/4000] | Avg Makespan: 244.50 | Actor Loss: -0.0052 | Critic Loss: 0.4067 | Grad Norm: 2.9333 | Clipped: 4/4
Epoch [1162/4000] | Avg Makespan: 237.00 | Actor Loss: -0.0029 | Critic Loss: 0.3571 | Grad Norm: 1.5890 | Clipped: 2/4
Epoch [1163/4000] | Avg Makespan: 239.00 | Actor Loss: -0.0006 | Critic Loss: 0.2795 | Grad Norm: 2.5440 | Clipped: 4/4
Epoch [1164/4000] | Avg Makespan: 248.00 | Actor Loss: -0.0011 | Critic Loss: 0.4634 | Grad Norm: 2.6840 | Clipped: 4/4
Epoch [1165/4000] | Avg Makespan: 280.50 | Actor Loss: -0.0027 | Critic Loss: 1.9424 | Grad Norm: 2.7933 | Clipped: 4/4
Epoch [1166/4000] | Avg Makespan: 246.00 | Actor Loss: -0.0006 | Critic Loss: 0.2560 | Grad Norm: 1.7330 | Clipped: 4/4
Epoch [1167/4000] | Avg Makespan: 257.25 | Actor Loss: -0.0070 | Critic Loss: 1.3453 | Grad Norm: 1.0958 | Clipped: 2/4
Epoch [1168/4000] | Avg Makespan: 247.25 | Actor Loss: 0.0034 | Critic Loss: 0.6318 | Grad Norm: 2.7355 | Clipped: 4/4
Epoch [1169/4000] | Avg Makespan: 230.25 | Actor Loss: -0.0028 | Critic Loss: 0.4617 | Grad Norm: 1.1410 | Clipped: 2/4
Epoch [1170/4000] | Avg Makespan: 231.50 | Actor Loss: -0.0023 | Critic Loss: 0.2518 | Grad Norm: 3.0019 | Clipped: 4/4
Epoch [1171/4000] | Avg Makespan: 237.00 | Actor Loss: -0.0081 | Critic Loss: 0.1850 | Grad Norm: 1.4988 | Clipped: 3/4
Epoch [1172/4000] | Avg Makespan: 249.25 | Actor Loss: -0.0038 | Critic Loss: 0.5639 | Grad Norm: 1.6111 | Clipped: 4/4
Epoch [1173/4000] | Avg Makespan: 234.25 | Actor Loss: -0.0016 | Critic Loss: 0.4624 | Grad Norm: 2.7722 | Clipped: 3/4
Epoch [1174/4000] | Avg Makespan: 225.50 | Actor Loss: -0.0024 | Critic Loss: 0.2866 | Grad Norm: 1.6021 | Clipped: 4/4
Epoch [1175/4000] | Avg Makespan: 229.00 | Actor Loss: -0.0030 | Critic Loss: 0.2120 | Grad Norm: 1.8233 | Clipped: 2/4
Epoch [1176/4000] | Avg Makespan: 242.50 | Actor Loss: -0.0055 | Critic Loss: 0.4951 | Grad Norm: 1.6414 | Clipped: 4/4
Epoch [1177/4000] | Avg Makespan: 237.00 | Actor Loss: -0.0072 | Critic Loss: 0.2691 | Grad Norm: 0.9600 | Clipped: 1/4
Epoch [1178/4000] | Avg Makespan: 238.25 | Actor Loss: -0.0020 | Critic Loss: 0.5168 | Grad Norm: 2.6078 | Clipped: 4/4
Epoch [1179/4000] | Avg Makespan: 244.00 | Actor Loss: -0.0059 | Critic Loss: 0.2763 | Grad Norm: 1.3264 | Clipped: 4/4
Epoch [1180/4000] | Avg Makespan: 232.50 | Actor Loss: 0.0000 | Critic Loss: 0.2941 | Grad Norm: 2.2453 | Clipped: 4/4
Epoch [1181/4000] | Avg Makespan: 250.25 | Actor Loss: -0.0063 | Critic Loss: 0.2881 | Grad Norm: 1.4567 | Clipped: 4/4
Epoch [1182/4000] | Avg Makespan: 247.50 | Actor Loss: -0.0068 | Critic Loss: 0.7796 | Grad Norm: 0.9831 | Clipped: 2/4
Epoch [1183/4000] | Avg Makespan: 241.00 | Actor Loss: -0.0055 | Critic Loss: 0.4196 | Grad Norm: 1.6273 | Clipped: 3/4
Epoch [1184/4000] | Avg Makespan: 249.00 | Actor Loss: -0.0029 | Critic Loss: 0.4417 | Grad Norm: 1.4133 | Clipped: 3/4
Epoch [1185/4000] | Avg Makespan: 244.50 | Actor Loss: -0.0014 | Critic Loss: 0.6654 | Grad Norm: 1.0813 | Clipped: 2/4
Epoch [1186/4000] | Avg Makespan: 248.75 | Actor Loss: -0.0039 | Critic Loss: 0.4682 | Grad Norm: 3.3347 | Clipped: 4/4
Epoch [1187/4000] | Avg Makespan: 256.00 | Actor Loss: -0.0063 | Critic Loss: 1.2106 | Grad Norm: 3.1030 | Clipped: 4/4
Epoch [1188/4000] | Avg Makespan: 245.00 | Actor Loss: -0.0063 | Critic Loss: 0.8447 | Grad Norm: 2.5134 | Clipped: 4/4
Epoch [1189/4000] | Avg Makespan: 233.25 | Actor Loss: -0.0039 | Critic Loss: 0.3267 | Grad Norm: 1.4980 | Clipped: 3/4
Epoch [1190/4000] | Avg Makespan: 243.25 | Actor Loss: -0.0064 | Critic Loss: 0.7901 | Grad Norm: 1.3032 | Clipped: 2/4
Epoch [1191/4000] | Avg Makespan: 238.00 | Actor Loss: -0.0028 | Critic Loss: 0.2352 | Grad Norm: 2.7529 | Clipped: 4/4
Epoch [1192/4000] | Avg Makespan: 245.75 | Actor Loss: -0.0031 | Critic Loss: 0.4670 | Grad Norm: 2.9542 | Clipped: 4/4
Epoch [1193/4000] | Avg Makespan: 232.00 | Actor Loss: -0.0053 | Critic Loss: 0.5014 | Grad Norm: 1.1969 | Clipped: 3/4
Epoch [1194/4000] | Avg Makespan: 237.25 | Actor Loss: -0.0005 | Critic Loss: 0.7616 | Grad Norm: 1.7959 | Clipped: 4/4
Epoch [1195/4000] | Avg Makespan: 264.50 | Actor Loss: -0.0064 | Critic Loss: 0.8259 | Grad Norm: 2.3931 | Clipped: 4/4
Epoch [1196/4000] | Avg Makespan: 232.00 | Actor Loss: -0.0027 | Critic Loss: 0.3166 | Grad Norm: 1.7703 | Clipped: 3/4
Epoch [1197/4000] | Avg Makespan: 235.25 | Actor Loss: -0.0006 | Critic Loss: 0.5143 | Grad Norm: 3.6697 | Clipped: 4/4
Epoch [1198/4000] | Avg Makespan: 241.75 | Actor Loss: -0.0020 | Critic Loss: 0.5319 | Grad Norm: 1.6152 | Clipped: 4/4
Epoch [1199/4000] | Avg Makespan: 219.75 | Actor Loss: -0.0030 | Critic Loss: 0.2254 | Grad Norm: 2.4369 | Clipped: 4/4
Epoch [1200/4000] | Avg Makespan: 237.75 | Actor Loss: -0.0052 | Critic Loss: 0.2980 | Grad Norm: 1.5240 | Clipped: 4/4
   -> Validation | Samples: 280 | Makespan: 1378.64 | Invalid Jobs: 0.01 | Score: 1385.78
   -> Saved updated training chart to /home/wei/Desktop/AMR-DFJSP/runs/20260827_084425_v10_B_s42/chart.png
Epoch [1201/4000] | Avg Makespan: 264.25 | Actor Loss: -0.0042 | Critic Loss: 1.4068 | Grad Norm: 1.9956 | Clipped: 4/4
Epoch [1202/4000] | Avg Makespan: 265.00 | Actor Loss: 0.0026 | Critic Loss: 0.8910 | Grad Norm: 4.9612 | Clipped: 4/4
Epoch [1203/4000] | Avg Makespan: 252.25 | Actor Loss: 0.0300 | Critic Loss: 0.3599 | Grad Norm: 1.9627 | Clipped: 3/4
Epoch [1204/4000] | Avg Makespan: 255.00 | Actor Loss: -0.0035 | Critic Loss: 0.1756 | Grad Norm: 2.6912 | Clipped: 3/4
Epoch [1205/4000] | Avg Makespan: 242.50 | Actor Loss: -0.0065 | Critic Loss: 0.4877 | Grad Norm: 2.2502 | Clipped: 4/4
Epoch [1206/4000] | Avg Makespan: 246.75 | Actor Loss: -0.0035 | Critic Loss: 0.4596 | Grad Norm: 1.2806 | Clipped: 3/4
Epoch [1207/4000] | Avg Makespan: 250.25 | Actor Loss: -0.0034 | Critic Loss: 0.5440 | Grad Norm: 1.6127 | Clipped: 3/4
Epoch [1208/4000] | Avg Makespan: 236.25 | Actor Loss: -0.0051 | Critic Loss: 0.1850 | Grad Norm: 1.1462 | Clipped: 4/4
Epoch [1209/4000] | Avg Makespan: 255.75 | Actor Loss: 0.0030 | Critic Loss: 0.3541 | Grad Norm: 5.3668 | Clipped: 4/4
Epoch [1210/4000] | Avg Makespan: 239.25 | Actor Loss: -0.0026 | Critic Loss: 0.3817 | Grad Norm: 1.8004 | Clipped: 4/4
Epoch [1211/4000] | Avg Makespan: 252.75 | Actor Loss: -0.0028 | Critic Loss: 0.3426 | Grad Norm: 2.0706 | Clipped: 4/4
Epoch [1212/4000] | Avg Makespan: 266.00 | Actor Loss: -0.0069 | Critic Loss: 1.2175 | Grad Norm: 1.0492 | Clipped: 2/4
Epoch [1213/4000] | Avg Makespan: 230.25 | Actor Loss: 0.0026 | Critic Loss: 0.4763 | Grad Norm: 4.1497 | Clipped: 4/4
Epoch [1214/4000] | Avg Makespan: 234.75 | Actor Loss: -0.0062 | Critic Loss: 0.4076 | Grad Norm: 1.9863 | Clipped: 2/4
Epoch [1215/4000] | Avg Makespan: 242.75 | Actor Loss: -0.0037 | Critic Loss: 0.5117 | Grad Norm: 2.8769 | Clipped: 4/4
Epoch [1216/4000] | Avg Makespan: 225.50 | Actor Loss: -0.0035 | Critic Loss: 0.3155 | Grad Norm: 2.3678 | Clipped: 4/4
Epoch [1217/4000] | Avg Makespan: 243.00 | Actor Loss: -0.0015 | Critic Loss: 0.4733 | Grad Norm: 3.1731 | Clipped: 4/4
Epoch [1218/4000] | Avg Makespan: 256.00 | Actor Loss: -0.0074 | Critic Loss: 0.4371 | Grad Norm: 3.1123 | Clipped: 4/4
Epoch [1219/4000] | Avg Makespan: 246.25 | Actor Loss: -0.0037 | Critic Loss: 0.3217 | Grad Norm: 2.1184 | Clipped: 3/4
Epoch [1220/4000] | Avg Makespan: 231.00 | Actor Loss: -0.0044 | Critic Loss: 0.2182 | Grad Norm: 2.3369 | Clipped: 4/4
Epoch [1221/4000] | Avg Makespan: 249.50 | Actor Loss: -0.0068 | Critic Loss: 0.7290 | Grad Norm: 3.6735 | Clipped: 4/4
Epoch [1222/4000] | Avg Makespan: 259.50 | Actor Loss: -0.0072 | Critic Loss: 0.3705 | Grad Norm: 1.7991 | Clipped: 3/4
Epoch [1223/4000] | Avg Makespan: 246.00 | Actor Loss: -0.0033 | Critic Loss: 0.6754 | Grad Norm: 2.1561 | Clipped: 4/4
Epoch [1224/4000] | Avg Makespan: 237.50 | Actor Loss: -0.0042 | Critic Loss: 0.7525 | Grad Norm: 2.9422 | Clipped: 3/4
Epoch [1225/4000] | Avg Makespan: 234.00 | Actor Loss: 0.0004 | Critic Loss: 0.4976 | Grad Norm: 2.0831 | Clipped: 4/4
Epoch [1226/4000] | Avg Makespan: 254.25 | Actor Loss: -0.0064 | Critic Loss: 0.8016 | Grad Norm: 1.2200 | Clipped: 2/4
Epoch [1227/4000] | Avg Makespan: 257.25 | Actor Loss: -0.0062 | Critic Loss: 0.4144 | Grad Norm: 1.2300 | Clipped: 3/4
Epoch [1228/4000] | Avg Makespan: 247.25 | Actor Loss: -0.0019 | Critic Loss: 0.3340 | Grad Norm: 2.0037 | Clipped: 4/4
Epoch [1229/4000] | Avg Makespan: 249.25 | Actor Loss: -0.0033 | Critic Loss: 1.6361 | Grad Norm: 3.6051 | Clipped: 4/4
Epoch [1230/4000] | Avg Makespan: 236.75 | Actor Loss: 0.0010 | Critic Loss: 0.4828 | Grad Norm: 3.0961 | Clipped: 4/4
Epoch [1231/4000] | Avg Makespan: 249.75 | Actor Loss: -0.0035 | Critic Loss: 0.2856 | Grad Norm: 4.7152 | Clipped: 3/4
Epoch [1232/4000] | Avg Makespan: 237.50 | Actor Loss: -0.0008 | Critic Loss: 0.5364 | Grad Norm: 1.8509 | Clipped: 4/4
Epoch [1233/4000] | Avg Makespan: 248.50 | Actor Loss: -0.0053 | Critic Loss: 0.4822 | Grad Norm: 1.5547 | Clipped: 3/4
Epoch [1234/4000] | Avg Makespan: 259.50 | Actor Loss: -0.0031 | Critic Loss: 0.8956 | Grad Norm: 1.4431 | Clipped: 2/4
Epoch [1235/4000] | Avg Makespan: 245.25 | Actor Loss: -0.0040 | Critic Loss: 0.1724 | Grad Norm: 1.7919 | Clipped: 4/4
Epoch [1236/4000] | Avg Makespan: 262.50 | Actor Loss: 0.0050 | Critic Loss: 0.8849 | Grad Norm: 2.8780 | Clipped: 4/4
Epoch [1237/4000] | Avg Makespan: 254.00 | Actor Loss: 0.0042 | Critic Loss: 0.3747 | Grad Norm: 3.3027 | Clipped: 4/4
Epoch [1238/4000] | Avg Makespan: 254.75 | Actor Loss: -0.0076 | Critic Loss: 0.3290 | Grad Norm: 1.2771 | Clipped: 3/4
Epoch [1239/4000] | Avg Makespan: 236.50 | Actor Loss: -0.0100 | Critic Loss: 0.4765 | Grad Norm: 1.2195 | Clipped: 2/4
Epoch [1240/4000] | Avg Makespan: 242.50 | Actor Loss: -0.0045 | Critic Loss: 0.5488 | Grad Norm: 1.5959 | Clipped: 3/4
Epoch [1241/4000] | Avg Makespan: 244.50 | Actor Loss: 0.0045 | Critic Loss: 0.3218 | Grad Norm: 1.6940 | Clipped: 2/4
Epoch [1242/4000] | Avg Makespan: 234.50 | Actor Loss: 0.0045 | Critic Loss: 0.3369 | Grad Norm: 3.8613 | Clipped: 4/4
Epoch [1243/4000] | Avg Makespan: 257.25 | Actor Loss: 0.0049 | Critic Loss: 1.1385 | Grad Norm: 5.1660 | Clipped: 4/4
Epoch [1244/4000] | Avg Makespan: 249.75 | Actor Loss: -0.0071 | Critic Loss: 0.6419 | Grad Norm: 1.0345 | Clipped: 1/4
Epoch [1245/4000] | Avg Makespan: 253.50 | Actor Loss: -0.0027 | Critic Loss: 0.5823 | Grad Norm: 3.1287 | Clipped: 4/4
Epoch [1246/4000] | Avg Makespan: 247.00 | Actor Loss: 0.0008 | Critic Loss: 0.2341 | Grad Norm: 2.8420 | Clipped: 4/4
Epoch [1247/4000] | Avg Makespan: 237.50 | Actor Loss: -0.0052 | Critic Loss: 0.5112 | Grad Norm: 3.3858 | Clipped: 3/4
Epoch [1248/4000] | Avg Makespan: 240.00 | Actor Loss: -0.0037 | Critic Loss: 0.3884 | Grad Norm: 2.1585 | Clipped: 3/4
Epoch [1249/4000] | Avg Makespan: 256.50 | Actor Loss: -0.0028 | Critic Loss: 0.3810 | Grad Norm: 1.5227 | Clipped: 2/4
Epoch [1250/4000] | Avg Makespan: 257.75 | Actor Loss: -0.0024 | Critic Loss: 0.4790 | Grad Norm: 2.7589 | Clipped: 4/4
Epoch [1251/4000] | Avg Makespan: 273.50 | Actor Loss: 0.0101 | Critic Loss: 1.6272 | Grad Norm: 4.0221 | Clipped: 4/4
Epoch [1252/4000] | Avg Makespan: 255.25 | Actor Loss: -0.0015 | Critic Loss: 0.2524 | Grad Norm: 2.0063 | Clipped: 4/4
Epoch [1253/4000] | Avg Makespan: 241.25 | Actor Loss: 0.0017 | Critic Loss: 0.5494 | Grad Norm: 1.8450 | Clipped: 4/4
Epoch [1254/4000] | Avg Makespan: 230.75 | Actor Loss: -0.0087 | Critic Loss: 0.5519 | Grad Norm: 1.4261 | Clipped: 4/4
Epoch [1255/4000] | Avg Makespan: 258.25 | Actor Loss: 0.0005 | Critic Loss: 0.3257 | Grad Norm: 6.6121 | Clipped: 4/4
Epoch [1256/4000] | Avg Makespan: 252.75 | Actor Loss: -0.0016 | Critic Loss: 0.5890 | Grad Norm: 2.5542 | Clipped: 4/4
Epoch [1257/4000] | Avg Makespan: 271.50 | Actor Loss: -0.0021 | Critic Loss: 1.1493 | Grad Norm: 2.1893 | Clipped: 3/4
Epoch [1258/4000] | Avg Makespan: 249.50 | Actor Loss: 0.0011 | Critic Loss: 0.4434 | Grad Norm: 4.9940 | Clipped: 4/4
Epoch [1259/4000] | Avg Makespan: 242.75 | Actor Loss: 0.0008 | Critic Loss: 0.4665 | Grad Norm: 3.7835 | Clipped: 3/4
Epoch [1260/4000] | Avg Makespan: 251.25 | Actor Loss: -0.0048 | Critic Loss: 0.2863 | Grad Norm: 2.9282 | Clipped: 4/4
Epoch [1261/4000] | Avg Makespan: 254.25 | Actor Loss: -0.0065 | Critic Loss: 0.3384 | Grad Norm: 1.4586 | Clipped: 4/4
Epoch [1262/4000] | Avg Makespan: 277.50 | Actor Loss: -0.0091 | Critic Loss: 1.1462 | Grad Norm: 1.7494 | Clipped: 4/4
Epoch [1263/4000] | Avg Makespan: 254.00 | Actor Loss: -0.0032 | Critic Loss: 1.1096 | Grad Norm: 1.7031 | Clipped: 3/4
Epoch [1264/4000] | Avg Makespan: 241.50 | Actor Loss: -0.0033 | Critic Loss: 0.3718 | Grad Norm: 2.1054 | Clipped: 4/4
Epoch [1265/4000] | Avg Makespan: 271.50 | Actor Loss: -0.0074 | Critic Loss: 0.9308 | Grad Norm: 5.7034 | Clipped: 3/4
Epoch [1266/4000] | Avg Makespan: 250.50 | Actor Loss: -0.0078 | Critic Loss: 0.4529 | Grad Norm: 2.1919 | Clipped: 4/4
Epoch [1267/4000] | Avg Makespan: 265.25 | Actor Loss: -0.0005 | Critic Loss: 0.1969 | Grad Norm: 1.3446 | Clipped: 3/4
Epoch [1268/4000] | Avg Makespan: 276.25 | Actor Loss: 0.0048 | Critic Loss: 2.0570 | Grad Norm: 3.5382 | Clipped: 4/4
Epoch [1269/4000] | Avg Makespan: 265.75 | Actor Loss: 0.0000 | Critic Loss: 0.4382 | Grad Norm: 2.9887 | Clipped: 4/4
Epoch [1270/4000] | Avg Makespan: 241.75 | Actor Loss: -0.0037 | Critic Loss: 0.7423 | Grad Norm: 1.8606 | Clipped: 4/4
Epoch [1271/4000] | Avg Makespan: 255.25 | Actor Loss: -0.0021 | Critic Loss: 1.7121 | Grad Norm: 1.2934 | Clipped: 3/4
Epoch [1272/4000] | Avg Makespan: 247.00 | Actor Loss: 0.0034 | Critic Loss: 0.2704 | Grad Norm: 3.3591 | Clipped: 4/4
Epoch [1273/4000] | Avg Makespan: 242.75 | Actor Loss: -0.0041 | Critic Loss: 0.3397 | Grad Norm: 2.2647 | Clipped: 4/4
Epoch [1274/4000] | Avg Makespan: 254.25 | Actor Loss: -0.0056 | Critic Loss: 0.4580 | Grad Norm: 1.4758 | Clipped: 3/4
Epoch [1275/4000] | Avg Makespan: 238.25 | Actor Loss: -0.0006 | Critic Loss: 0.3200 | Grad Norm: 1.6309 | Clipped: 4/4
Epoch [1276/4000] | Avg Makespan: 237.25 | Actor Loss: -0.0105 | Critic Loss: 0.3916 | Grad Norm: 0.8253 | Clipped: 1/4
Epoch [1277/4000] | Avg Makespan: 225.00 | Actor Loss: -0.0055 | Critic Loss: 0.1774 | Grad Norm: 1.4309 | Clipped: 3/4
Epoch [1278/4000] | Avg Makespan: 222.25 | Actor Loss: -0.0002 | Critic Loss: 0.3508 | Grad Norm: 1.7857 | Clipped: 4/4
Epoch [1279/4000] | Avg Makespan: 265.00 | Actor Loss: 0.0002 | Critic Loss: 1.5269 | Grad Norm: 2.5287 | Clipped: 4/4
Epoch [1280/4000] | Avg Makespan: 250.25 | Actor Loss: -0.0006 | Critic Loss: 0.4278 | Grad Norm: 4.2901 | Clipped: 4/4
Epoch [1281/4000] | Avg Makespan: 244.75 | Actor Loss: -0.0041 | Critic Loss: 0.4472 | Grad Norm: 1.1909 | Clipped: 3/4
Epoch [1282/4000] | Avg Makespan: 250.25 | Actor Loss: -0.0091 | Critic Loss: 0.5871 | Grad Norm: 1.6966 | Clipped: 4/4
Epoch [1283/4000] | Avg Makespan: 235.50 | Actor Loss: -0.0053 | Critic Loss: 0.5633 | Grad Norm: 1.2989 | Clipped: 2/4
Epoch [1284/4000] | Avg Makespan: 240.00 | Actor Loss: -0.0081 | Critic Loss: 0.5534 | Grad Norm: 1.2300 | Clipped: 1/4
Epoch [1285/4000] | Avg Makespan: 240.75 | Actor Loss: -0.0035 | Critic Loss: 0.3497 | Grad Norm: 1.3365 | Clipped: 4/4
Epoch [1286/4000] | Avg Makespan: 221.50 | Actor Loss: -0.0054 | Critic Loss: 0.2558 | Grad Norm: 1.3270 | Clipped: 3/4
Epoch [1287/4000] | Avg Makespan: 239.75 | Actor Loss: -0.0050 | Critic Loss: 0.6941 | Grad Norm: 1.4850 | Clipped: 3/4
Epoch [1288/4000] | Avg Makespan: 257.25 | Actor Loss: -0.0047 | Critic Loss: 0.9925 | Grad Norm: 1.6980 | Clipped: 4/4
Epoch [1289/4000] | Avg Makespan: 274.00 | Actor Loss: -0.0045 | Critic Loss: 1.0327 | Grad Norm: 2.8842 | Clipped: 4/4
Epoch [1290/4000] | Avg Makespan: 248.00 | Actor Loss: -0.0058 | Critic Loss: 0.2877 | Grad Norm: 2.4619 | Clipped: 4/4
Epoch [1291/4000] | Avg Makespan: 255.75 | Actor Loss: -0.0012 | Critic Loss: 0.2992 | Grad Norm: 1.7602 | Clipped: 4/4
Epoch [1292/4000] | Avg Makespan: 250.00 | Actor Loss: 0.0064 | Critic Loss: 0.5104 | Grad Norm: 4.0529 | Clipped: 4/4
Epoch [1293/4000] | Avg Makespan: 243.75 | Actor Loss: -0.0064 | Critic Loss: 0.6127 | Grad Norm: 1.6189 | Clipped: 4/4
Epoch [1294/4000] | Avg Makespan: 240.25 | Actor Loss: -0.0028 | Critic Loss: 0.4737 | Grad Norm: 2.0339 | Clipped: 4/4
Epoch [1295/4000] | Avg Makespan: 235.00 | Actor Loss: -0.0042 | Critic Loss: 0.3449 | Grad Norm: 2.1480 | Clipped: 3/4
Epoch [1296/4000] | Avg Makespan: 261.25 | Actor Loss: -0.0010 | Critic Loss: 1.6156 | Grad Norm: 3.5079 | Clipped: 4/4
Epoch [1297/4000] | Avg Makespan: 254.00 | Actor Loss: -0.0063 | Critic Loss: 0.9192 | Grad Norm: 1.3011 | Clipped: 3/4
Epoch [1298/4000] | Avg Makespan: 251.75 | Actor Loss: -0.0037 | Critic Loss: 0.5772 | Grad Norm: 2.1962 | Clipped: 2/4
Epoch [1299/4000] | Avg Makespan: 256.50 | Actor Loss: 0.0013 | Critic Loss: 0.4782 | Grad Norm: 5.6371 | Clipped: 4/4
Epoch [1300/4000] | Avg Makespan: 252.75 | Actor Loss: -0.0083 | Critic Loss: 0.4484 | Grad Norm: 1.5579 | Clipped: 4/4
   -> Validation | Samples: 280 | Makespan: 1239.78 | Invalid Jobs: 0.02 | Score: 1257.64
   -> Saved updated training chart to /home/wei/Desktop/AMR-DFJSP/runs/20260827_084425_v10_B_s42/chart.png
Epoch [1301/4000] | Avg Makespan: 244.25 | Actor Loss: -0.0031 | Critic Loss: 0.6505 | Grad Norm: 6.1926 | Clipped: 4/4
Epoch [1302/4000] | Avg Makespan: 266.00 | Actor Loss: -0.0011 | Critic Loss: 0.5376 | Grad Norm: 1.3812 | Clipped: 3/4
Epoch [1303/4000] | Avg Makespan: 246.75 | Actor Loss: -0.0065 | Critic Loss: 0.3738 | Grad Norm: 1.1939 | Clipped: 1/4
Epoch [1304/4000] | Avg Makespan: 254.75 | Actor Loss: -0.0053 | Critic Loss: 0.3216 | Grad Norm: 2.0356 | Clipped: 3/4
Epoch [1305/4000] | Avg Makespan: 228.50 | Actor Loss: -0.0027 | Critic Loss: 0.6278 | Grad Norm: 1.1557 | Clipped: 3/4
Epoch [1306/4000] | Avg Makespan: 235.50 | Actor Loss: -0.0032 | Critic Loss: 0.6030 | Grad Norm: 1.1670 | Clipped: 3/4
Epoch [1307/4000] | Avg Makespan: 255.25 | Actor Loss: 0.0005 | Critic Loss: 0.4562 | Grad Norm: 1.6263 | Clipped: 4/4
Epoch [1308/4000] | Avg Makespan: 246.25 | Actor Loss: -0.0065 | Critic Loss: 0.4169 | Grad Norm: 1.0348 | Clipped: 3/4
Epoch [1309/4000] | Avg Makespan: 248.00 | Actor Loss: -0.0028 | Critic Loss: 0.4735 | Grad Norm: 1.6531 | Clipped: 4/4
Epoch [1310/4000] | Avg Makespan: 250.50 | Actor Loss: -0.0011 | Critic Loss: 0.1950 | Grad Norm: 2.2766 | Clipped: 3/4
Epoch [1311/4000] | Avg Makespan: 257.75 | Actor Loss: 0.0029 | Critic Loss: 0.4327 | Grad Norm: 6.7282 | Clipped: 3/4
Epoch [1312/4000] | Avg Makespan: 237.25 | Actor Loss: -0.0064 | Critic Loss: 0.2968 | Grad Norm: 1.4132 | Clipped: 4/4
Epoch [1313/4000] | Avg Makespan: 234.50 | Actor Loss: -0.0092 | Critic Loss: 0.2971 | Grad Norm: 1.3203 | Clipped: 3/4
Epoch [1314/4000] | Avg Makespan: 227.00 | Actor Loss: -0.0035 | Critic Loss: 0.4115 | Grad Norm: 1.0181 | Clipped: 1/4
Epoch [1315/4000] | Avg Makespan: 254.25 | Actor Loss: 0.0000 | Critic Loss: 0.7766 | Grad Norm: 1.7290 | Clipped: 4/4
Epoch [1316/4000] | Avg Makespan: 229.50 | Actor Loss: -0.0019 | Critic Loss: 0.4507 | Grad Norm: 4.5367 | Clipped: 4/4
Epoch [1317/4000] | Avg Makespan: 261.50 | Actor Loss: -0.0029 | Critic Loss: 0.8722 | Grad Norm: 2.1446 | Clipped: 4/4
Epoch [1318/4000] | Avg Makespan: 225.25 | Actor Loss: -0.0028 | Critic Loss: 0.1574 | Grad Norm: 1.8557 | Clipped: 4/4
Epoch [1319/4000] | Avg Makespan: 245.00 | Actor Loss: 0.0003 | Critic Loss: 0.4249 | Grad Norm: 1.9888 | Clipped: 3/4
Epoch [1320/4000] | Avg Makespan: 241.25 | Actor Loss: -0.0047 | Critic Loss: 0.4511 | Grad Norm: 2.5081 | Clipped: 4/4
Epoch [1321/4000] | Avg Makespan: 231.75 | Actor Loss: -0.0015 | Critic Loss: 0.2551 | Grad Norm: 1.4336 | Clipped: 4/4
Epoch [1322/4000] | Avg Makespan: 278.25 | Actor Loss: -0.0037 | Critic Loss: 2.0728 | Grad Norm: 1.8137 | Clipped: 4/4
Epoch [1323/4000] | Avg Makespan: 254.25 | Actor Loss: -0.0013 | Critic Loss: 0.3835 | Grad Norm: 1.5820 | Clipped: 4/4
Epoch [1324/4000] | Avg Makespan: 239.50 | Actor Loss: -0.0008 | Critic Loss: 0.3577 | Grad Norm: 4.0430 | Clipped: 4/4
Epoch [1325/4000] | Avg Makespan: 239.00 | Actor Loss: -0.0044 | Critic Loss: 0.4489 | Grad Norm: 1.5029 | Clipped: 4/4
Epoch [1326/4000] | Avg Makespan: 258.00 | Actor Loss: -0.0071 | Critic Loss: 0.6479 | Grad Norm: 1.2456 | Clipped: 3/4
Epoch [1327/4000] | Avg Makespan: 243.75 | Actor Loss: -0.0073 | Critic Loss: 0.3251 | Grad Norm: 2.0374 | Clipped: 4/4
Epoch [1328/4000] | Avg Makespan: 262.25 | Actor Loss: -0.0080 | Critic Loss: 0.7383 | Grad Norm: 1.3623 | Clipped: 3/4
Epoch [1329/4000] | Avg Makespan: 256.25 | Actor Loss: -0.0066 | Critic Loss: 0.2070 | Grad Norm: 1.3072 | Clipped: 2/4
Epoch [1330/4000] | Avg Makespan: 235.75 | Actor Loss: -0.0042 | Critic Loss: 0.6700 | Grad Norm: 1.6114 | Clipped: 4/4
Epoch [1331/4000] | Avg Makespan: 240.00 | Actor Loss: 0.0013 | Critic Loss: 0.4140 | Grad Norm: 1.9180 | Clipped: 4/4
Epoch [1332/4000] | Avg Makespan: 246.50 | Actor Loss: -0.0017 | Critic Loss: 0.8189 | Grad Norm: 1.7631 | Clipped: 4/4
Epoch [1333/4000] | Avg Makespan: 236.00 | Actor Loss: 0.0028 | Critic Loss: 0.5796 | Grad Norm: 3.6086 | Clipped: 4/4
Epoch [1334/4000] | Avg Makespan: 230.00 | Actor Loss: -0.0007 | Critic Loss: 0.2402 | Grad Norm: 2.0708 | Clipped: 4/4
Epoch [1335/4000] | Avg Makespan: 249.25 | Actor Loss: -0.0013 | Critic Loss: 0.4456 | Grad Norm: 2.3764 | Clipped: 4/4
Epoch [1336/4000] | Avg Makespan: 234.00 | Actor Loss: -0.0059 | Critic Loss: 0.4923 | Grad Norm: 1.0078 | Clipped: 2/4
Epoch [1337/4000] | Avg Makespan: 244.25 | Actor Loss: -0.0069 | Critic Loss: 0.3451 | Grad Norm: 0.7802 | Clipped: 0/4
Epoch [1338/4000] | Avg Makespan: 255.25 | Actor Loss: -0.0005 | Critic Loss: 0.7743 | Grad Norm: 2.9257 | Clipped: 4/4
Epoch [1339/4000] | Avg Makespan: 242.75 | Actor Loss: -0.0040 | Critic Loss: 0.2388 | Grad Norm: 1.2969 | Clipped: 3/4
Epoch [1340/4000] | Avg Makespan: 260.25 | Actor Loss: -0.0061 | Critic Loss: 0.3782 | Grad Norm: 1.0634 | Clipped: 2/4
Epoch [1341/4000] | Avg Makespan: 258.00 | Actor Loss: -0.0040 | Critic Loss: 0.2237 | Grad Norm: 2.5615 | Clipped: 3/4
Epoch [1342/4000] | Avg Makespan: 262.75 | Actor Loss: -0.0045 | Critic Loss: 0.6007 | Grad Norm: 1.1098 | Clipped: 1/4
Epoch [1343/4000] | Avg Makespan: 276.00 | Actor Loss: -0.0080 | Critic Loss: 0.6174 | Grad Norm: 2.0427 | Clipped: 4/4
Epoch [1344/4000] | Avg Makespan: 260.25 | Actor Loss: -0.0049 | Critic Loss: 0.6268 | Grad Norm: 1.3842 | Clipped: 4/4
Epoch [1345/4000] | Avg Makespan: 267.00 | Actor Loss: -0.0026 | Critic Loss: 0.3023 | Grad Norm: 1.2345 | Clipped: 3/4
Epoch [1346/4000] | Avg Makespan: 255.25 | Actor Loss: -0.0083 | Critic Loss: 0.4923 | Grad Norm: 0.8877 | Clipped: 0/4
Epoch [1347/4000] | Avg Makespan: 244.00 | Actor Loss: -0.0069 | Critic Loss: 0.5868 | Grad Norm: 1.8181 | Clipped: 3/4
Epoch [1348/4000] | Avg Makespan: 242.25 | Actor Loss: -0.0057 | Critic Loss: 0.4975 | Grad Norm: 0.9077 | Clipped: 2/4
Epoch [1349/4000] | Avg Makespan: 231.00 | Actor Loss: -0.0048 | Critic Loss: 0.3334 | Grad Norm: 1.8708 | Clipped: 2/4
Epoch [1350/4000] | Avg Makespan: 278.00 | Actor Loss: 0.0018 | Critic Loss: 0.8818 | Grad Norm: 3.3647 | Clipped: 4/4
Epoch [1351/4000] | Avg Makespan: 300.00 | Actor Loss: -0.0003 | Critic Loss: 2.5033 | Grad Norm: 3.0545 | Clipped: 4/4
Epoch [1352/4000] | Avg Makespan: 258.25 | Actor Loss: 0.0020 | Critic Loss: 0.2910 | Grad Norm: 1.8334 | Clipped: 4/4
Epoch [1353/4000] | Avg Makespan: 279.25 | Actor Loss: -0.0013 | Critic Loss: 0.6932 | Grad Norm: 3.3070 | Clipped: 4/4
Epoch [1354/4000] | Avg Makespan: 256.25 | Actor Loss: 0.0002 | Critic Loss: 0.3835 | Grad Norm: 2.2225 | Clipped: 4/4
Epoch [1355/4000] | Avg Makespan: 270.75 | Actor Loss: -0.0028 | Critic Loss: 0.7571 | Grad Norm: 1.2161 | Clipped: 3/4
Epoch [1356/4000] | Avg Makespan: 267.00 | Actor Loss: 0.0060 | Critic Loss: 0.3935 | Grad Norm: 2.9915 | Clipped: 4/4
Epoch [1357/4000] | Avg Makespan: 262.75 | Actor Loss: -0.0033 | Critic Loss: 0.8231 | Grad Norm: 2.1495 | Clipped: 4/4
Epoch [1358/4000] | Avg Makespan: 306.00 | Actor Loss: 0.0054 | Critic Loss: 3.0929 | Grad Norm: 4.2308 | Clipped: 4/4
Epoch [1359/4000] | Avg Makespan: 278.50 | Actor Loss: -0.0014 | Critic Loss: 0.4239 | Grad Norm: 2.3187 | Clipped: 4/4
Epoch [1360/4000] | Avg Makespan: 289.00 | Actor Loss: -0.0050 | Critic Loss: 1.9495 | Grad Norm: 1.1398 | Clipped: 2/4
Epoch [1361/4000] | Avg Makespan: 272.00 | Actor Loss: 0.0017 | Critic Loss: 0.3697 | Grad Norm: 1.8566 | Clipped: 4/4
Epoch [1362/4000] | Avg Makespan: 258.75 | Actor Loss: -0.0017 | Critic Loss: 1.2096 | Grad Norm: 2.2875 | Clipped: 4/4
Epoch [1363/4000] | Avg Makespan: 264.25 | Actor Loss: -0.0008 | Critic Loss: 0.2968 | Grad Norm: 1.6207 | Clipped: 3/4
Epoch [1364/4000] | Avg Makespan: 283.75 | Actor Loss: 0.0059 | Critic Loss: 1.0807 | Grad Norm: 2.1499 | Clipped: 4/4
Epoch [1365/4000] | Avg Makespan: 275.75 | Actor Loss: -0.0010 | Critic Loss: 0.4877 | Grad Norm: 2.1031 | Clipped: 3/4
Epoch [1366/4000] | Avg Makespan: 296.00 | Actor Loss: -0.0034 | Critic Loss: 1.7157 | Grad Norm: 1.4643 | Clipped: 4/4
Epoch [1367/4000] | Avg Makespan: 279.75 | Actor Loss: 0.0001 | Critic Loss: 0.5180 | Grad Norm: 2.3426 | Clipped: 4/4
Epoch [1368/4000] | Avg Makespan: 283.75 | Actor Loss: -0.0037 | Critic Loss: 0.6577 | Grad Norm: 1.7943 | Clipped: 4/4
Epoch [1369/4000] | Avg Makespan: 281.75 | Actor Loss: -0.0007 | Critic Loss: 0.5286 | Grad Norm: 3.1178 | Clipped: 4/4
Epoch [1370/4000] | Avg Makespan: 289.00 | Actor Loss: 0.0023 | Critic Loss: 1.2628 | Grad Norm: 1.6448 | Clipped: 4/4
Epoch [1371/4000] | Avg Makespan: 267.50 | Actor Loss: 0.0060 | Critic Loss: 0.5447 | Grad Norm: 1.7111 | Clipped: 4/4
Epoch [1372/4000] | Avg Makespan: 265.25 | Actor Loss: 0.0008 | Critic Loss: 0.4459 | Grad Norm: 2.9450 | Clipped: 4/4
Epoch [1373/4000] | Avg Makespan: 314.50 | Actor Loss: -0.0031 | Critic Loss: 3.4574 | Grad Norm: 1.7468 | Clipped: 4/4
Epoch [1374/4000] | Avg Makespan: 265.75 | Actor Loss: 0.0006 | Critic Loss: 0.3853 | Grad Norm: 1.6620 | Clipped: 4/4
Epoch [1375/4000] | Avg Makespan: 271.00 | Actor Loss: -0.0041 | Critic Loss: 0.2290 | Grad Norm: 2.3199 | Clipped: 3/4
Epoch [1376/4000] | Avg Makespan: 281.00 | Actor Loss: -0.0031 | Critic Loss: 0.4586 | Grad Norm: 1.3294 | Clipped: 4/4
Epoch [1377/4000] | Avg Makespan: 311.75 | Actor Loss: -0.0031 | Critic Loss: 2.9943 | Grad Norm: 1.5172 | Clipped: 4/4
Epoch [1378/4000] | Avg Makespan: 272.25 | Actor Loss: -0.0019 | Critic Loss: 0.5861 | Grad Norm: 2.3783 | Clipped: 4/4
Epoch [1379/4000] | Avg Makespan: 285.75 | Actor Loss: -0.0059 | Critic Loss: 2.1725 | Grad Norm: 1.2532 | Clipped: 3/4
Epoch [1380/4000] | Avg Makespan: 302.00 | Actor Loss: -0.0000 | Critic Loss: 1.2954 | Grad Norm: 2.4540 | Clipped: 4/4
Epoch [1381/4000] | Avg Makespan: 249.25 | Actor Loss: -0.0019 | Critic Loss: 1.3016 | Grad Norm: 3.1494 | Clipped: 4/4
Epoch [1382/4000] | Avg Makespan: 272.00 | Actor Loss: -0.0012 | Critic Loss: 0.2455 | Grad Norm: 1.8621 | Clipped: 4/4
Epoch [1383/4000] | Avg Makespan: 265.00 | Actor Loss: -0.0019 | Critic Loss: 0.1915 | Grad Norm: 1.9103 | Clipped: 4/4
Epoch [1384/4000] | Avg Makespan: 250.25 | Actor Loss: -0.0035 | Critic Loss: 0.3203 | Grad Norm: 1.5139 | Clipped: 3/4
Epoch [1385/4000] | Avg Makespan: 250.25 | Actor Loss: -0.0000 | Critic Loss: 1.6431 | Grad Norm: 2.0555 | Clipped: 4/4
Epoch [1386/4000] | Avg Makespan: 252.00 | Actor Loss: -0.0028 | Critic Loss: 0.8521 | Grad Norm: 1.0934 | Clipped: 2/4
Epoch [1387/4000] | Avg Makespan: 260.00 | Actor Loss: -0.0051 | Critic Loss: 0.4132 | Grad Norm: 0.7778 | Clipped: 0/4
Epoch [1388/4000] | Avg Makespan: 252.75 | Actor Loss: -0.0058 | Critic Loss: 0.4213 | Grad Norm: 1.2592 | Clipped: 2/4
Epoch [1389/4000] | Avg Makespan: 243.25 | Actor Loss: -0.0042 | Critic Loss: 0.4058 | Grad Norm: 1.4498 | Clipped: 3/4
Epoch [1390/4000] | Avg Makespan: 263.00 | Actor Loss: -0.0029 | Critic Loss: 0.7330 | Grad Norm: 2.7813 | Clipped: 4/4
Epoch [1391/4000] | Avg Makespan: 269.75 | Actor Loss: -0.0023 | Critic Loss: 0.7238 | Grad Norm: 2.2342 | Clipped: 3/4
Epoch [1392/4000] | Avg Makespan: 239.75 | Actor Loss: -0.0018 | Critic Loss: 0.4750 | Grad Norm: 1.1500 | Clipped: 2/4
Epoch [1393/4000] | Avg Makespan: 264.75 | Actor Loss: -0.0053 | Critic Loss: 0.2014 | Grad Norm: 3.2507 | Clipped: 3/4
Epoch [1394/4000] | Avg Makespan: 258.25 | Actor Loss: -0.0063 | Critic Loss: 1.0946 | Grad Norm: 2.5086 | Clipped: 4/4
Epoch [1395/4000] | Avg Makespan: 251.00 | Actor Loss: -0.0060 | Critic Loss: 0.7084 | Grad Norm: 1.0355 | Clipped: 2/4
Epoch [1396/4000] | Avg Makespan: 242.25 | Actor Loss: -0.0010 | Critic Loss: 0.4983 | Grad Norm: 1.7960 | Clipped: 4/4
Epoch [1397/4000] | Avg Makespan: 254.25 | Actor Loss: -0.0019 | Critic Loss: 0.3408 | Grad Norm: 1.4980 | Clipped: 2/4
Epoch [1398/4000] | Avg Makespan: 279.25 | Actor Loss: 0.0123 | Critic Loss: 2.4015 | Grad Norm: 1.8653 | Clipped: 3/4
Epoch [1399/4000] | Avg Makespan: 259.50 | Actor Loss: 0.0195 | Critic Loss: 0.2219 | Grad Norm: 2.3362 | Clipped: 2/4
Epoch [1400/4000] | Avg Makespan: 284.50 | Actor Loss: -0.0023 | Critic Loss: 0.8811 | Grad Norm: 2.2162 | Clipped: 4/4
   -> Validation | Samples: 280 | Makespan: 1391.05 | Invalid Jobs: 0.00 | Score: 1394.62
   -> Saved updated training chart to /home/wei/Desktop/AMR-DFJSP/runs/20260827_084425_v10_B_s42/chart.png
Epoch [1401/4000] | Avg Makespan: 263.00 | Actor Loss: -0.0021 | Critic Loss: 1.2874 | Grad Norm: 1.7873 | Clipped: 4/4
Epoch [1402/4000] | Avg Makespan: 251.25 | Actor Loss: -0.0028 | Critic Loss: 0.3075 | Grad Norm: 1.9206 | Clipped: 4/4
Epoch [1403/4000] | Avg Makespan: 257.00 | Actor Loss: -0.0050 | Critic Loss: 0.1903 | Grad Norm: 1.1090 | Clipped: 2/4
Epoch [1404/4000] | Avg Makespan: 279.25 | Actor Loss: -0.0073 | Critic Loss: 0.4329 | Grad Norm: 1.2654 | Clipped: 2/4
Epoch [1405/4000] | Avg Makespan: 284.50 | Actor Loss: -0.0046 | Critic Loss: 0.7328 | Grad Norm: 1.9611 | Clipped: 3/4
Epoch [1406/4000] | Avg Makespan: 283.75 | Actor Loss: -0.0001 | Critic Loss: 0.5837 | Grad Norm: 1.7127 | Clipped: 3/4
Epoch [1407/4000] | Avg Makespan: 255.50 | Actor Loss: -0.0013 | Critic Loss: 1.2128 | Grad Norm: 2.0911 | Clipped: 4/4
Epoch [1408/4000] | Avg Makespan: 280.00 | Actor Loss: 0.0011 | Critic Loss: 0.3177 | Grad Norm: 3.8833 | Clipped: 4/4
Epoch [1409/4000] | Avg Makespan: 269.25 | Actor Loss: -0.0039 | Critic Loss: 0.0913 | Grad Norm: 1.6517 | Clipped: 3/4
Epoch [1410/4000] | Avg Makespan: 246.75 | Actor Loss: -0.0028 | Critic Loss: 0.6273 | Grad Norm: 2.2092 | Clipped: 4/4
Epoch [1411/4000] | Avg Makespan: 258.75 | Actor Loss: -0.0024 | Critic Loss: 0.4163 | Grad Norm: 1.9204 | Clipped: 3/4
Epoch [1412/4000] | Avg Makespan: 257.50 | Actor Loss: 0.0020 | Critic Loss: 0.3576 | Grad Norm: 3.7688 | Clipped: 4/4
Epoch [1413/4000] | Avg Makespan: 250.25 | Actor Loss: 0.0012 | Critic Loss: 0.3809 | Grad Norm: 6.6550 | Clipped: 4/4
Epoch [1414/4000] | Avg Makespan: 269.75 | Actor Loss: -0.0055 | Critic Loss: 0.8891 | Grad Norm: 1.2970 | Clipped: 3/4
Epoch [1415/4000] | Avg Makespan: 259.00 | Actor Loss: -0.0035 | Critic Loss: 0.4476 | Grad Norm: 1.7804 | Clipped: 2/4
Epoch [1416/4000] | Avg Makespan: 235.50 | Actor Loss: -0.0036 | Critic Loss: 0.6638 | Grad Norm: 1.5167 | Clipped: 4/4
Epoch [1417/4000] | Avg Makespan: 240.50 | Actor Loss: -0.0060 | Critic Loss: 0.4047 | Grad Norm: 1.3846 | Clipped: 4/4
Epoch [1418/4000] | Avg Makespan: 258.75 | Actor Loss: -0.0046 | Critic Loss: 0.2724 | Grad Norm: 2.6249 | Clipped: 4/4
Epoch [1419/4000] | Avg Makespan: 262.75 | Actor Loss: 0.0045 | Critic Loss: 1.4941 | Grad Norm: 3.0535 | Clipped: 4/4
Epoch [1420/4000] | Avg Makespan: 249.75 | Actor Loss: -0.0083 | Critic Loss: 0.6126 | Grad Norm: 0.8186 | Clipped: 1/4
Epoch [1421/4000] | Avg Makespan: 292.25 | Actor Loss: 0.0095 | Critic Loss: 1.4720 | Grad Norm: 2.2113 | Clipped: 4/4
Epoch [1422/4000] | Avg Makespan: 256.00 | Actor Loss: -0.0071 | Critic Loss: 0.2014 | Grad Norm: 1.3804 | Clipped: 3/4
Epoch [1423/4000] | Avg Makespan: 267.25 | Actor Loss: -0.0043 | Critic Loss: 0.6173 | Grad Norm: 3.1867 | Clipped: 4/4
Epoch [1424/4000] | Avg Makespan: 283.75 | Actor Loss: -0.0055 | Critic Loss: 1.4829 | Grad Norm: 1.5106 | Clipped: 3/4
Epoch [1425/4000] | Avg Makespan: 277.25 | Actor Loss: -0.0060 | Critic Loss: 0.4058 | Grad Norm: 1.4941 | Clipped: 2/4
Epoch [1426/4000] | Avg Makespan: 252.75 | Actor Loss: -0.0011 | Critic Loss: 0.6115 | Grad Norm: 1.9290 | Clipped: 4/4
Epoch [1427/4000] | Avg Makespan: 252.75 | Actor Loss: -0.0042 | Critic Loss: 0.9515 | Grad Norm: 2.2788 | Clipped: 3/4
Epoch [1428/4000] | Avg Makespan: 265.75 | Actor Loss: -0.0068 | Critic Loss: 0.6963 | Grad Norm: 1.2571 | Clipped: 3/4
Epoch [1429/4000] | Avg Makespan: 253.25 | Actor Loss: -0.0057 | Critic Loss: 0.3898 | Grad Norm: 0.8171 | Clipped: 1/4
Epoch [1430/4000] | Avg Makespan: 251.25 | Actor Loss: -0.0058 | Critic Loss: 0.6028 | Grad Norm: 0.8988 | Clipped: 1/4
Epoch [1431/4000] | Avg Makespan: 274.50 | Actor Loss: -0.0073 | Critic Loss: 0.5221 | Grad Norm: 1.2452 | Clipped: 2/4
Epoch [1432/4000] | Avg Makespan: 240.50 | Actor Loss: -0.0037 | Critic Loss: 0.4108 | Grad Norm: 1.7810 | Clipped: 4/4
Epoch [1433/4000] | Avg Makespan: 239.25 | Actor Loss: -0.0040 | Critic Loss: 0.5425 | Grad Norm: 1.3080 | Clipped: 4/4
Epoch [1434/4000] | Avg Makespan: 239.75 | Actor Loss: -0.0064 | Critic Loss: 0.2962 | Grad Norm: 1.1436 | Clipped: 2/4
Epoch [1435/4000] | Avg Makespan: 253.50 | Actor Loss: -0.0047 | Critic Loss: 0.3133 | Grad Norm: 2.4060 | Clipped: 4/4
Epoch [1436/4000] | Avg Makespan: 265.75 | Actor Loss: -0.0037 | Critic Loss: 0.5570 | Grad Norm: 1.4033 | Clipped: 3/4
Epoch [1437/4000] | Avg Makespan: 253.25 | Actor Loss: -0.0028 | Critic Loss: 0.4082 | Grad Norm: 1.9612 | Clipped: 4/4
Epoch [1438/4000] | Avg Makespan: 265.25 | Actor Loss: -0.0027 | Critic Loss: 1.4370 | Grad Norm: 2.4402 | Clipped: 4/4
Epoch [1439/4000] | Avg Makespan: 251.50 | Actor Loss: 0.0050 | Critic Loss: 0.4619 | Grad Norm: 2.8123 | Clipped: 4/4
Epoch [1440/4000] | Avg Makespan: 244.75 | Actor Loss: 0.0029 | Critic Loss: 0.4770 | Grad Norm: 1.5731 | Clipped: 3/4
Epoch [1441/4000] | Avg Makespan: 260.75 | Actor Loss: -0.0070 | Critic Loss: 0.3468 | Grad Norm: 0.7043 | Clipped: 0/4
Epoch [1442/4000] | Avg Makespan: 263.75 | Actor Loss: -0.0035 | Critic Loss: 0.6150 | Grad Norm: 2.0569 | Clipped: 2/4
Epoch [1443/4000] | Avg Makespan: 235.75 | Actor Loss: -0.0040 | Critic Loss: 0.7781 | Grad Norm: 3.2128 | Clipped: 4/4
Epoch [1444/4000] | Avg Makespan: 266.50 | Actor Loss: -0.0043 | Critic Loss: 0.4978 | Grad Norm: 1.4150 | Clipped: 4/4
Epoch [1445/4000] | Avg Makespan: 255.50 | Actor Loss: -0.0040 | Critic Loss: 0.3135 | Grad Norm: 1.2868 | Clipped: 2/4
Epoch [1446/4000] | Avg Makespan: 247.50 | Actor Loss: -0.0069 | Critic Loss: 0.7624 | Grad Norm: 1.1322 | Clipped: 2/4
Epoch [1447/4000] | Avg Makespan: 250.75 | Actor Loss: -0.0061 | Critic Loss: 0.7101 | Grad Norm: 1.1362 | Clipped: 1/4
Epoch [1448/4000] | Avg Makespan: 238.25 | Actor Loss: -0.0028 | Critic Loss: 0.5937 | Grad Norm: 2.6214 | Clipped: 4/4
Epoch [1449/4000] | Avg Makespan: 233.25 | Actor Loss: -0.0044 | Critic Loss: 0.4617 | Grad Norm: 1.4009 | Clipped: 2/4
Epoch [1450/4000] | Avg Makespan: 245.75 | Actor Loss: -0.0034 | Critic Loss: 0.4785 | Grad Norm: 2.4357 | Clipped: 4/4
Epoch [1451/4000] | Avg Makespan: 253.00 | Actor Loss: -0.0042 | Critic Loss: 0.7758 | Grad Norm: 2.7266 | Clipped: 4/4
Epoch [1452/4000] | Avg Makespan: 249.25 | Actor Loss: -0.0070 | Critic Loss: 0.6950 | Grad Norm: 2.0169 | Clipped: 4/4
Epoch [1453/4000] | Avg Makespan: 252.25 | Actor Loss: -0.0005 | Critic Loss: 0.4123 | Grad Norm: 3.9845 | Clipped: 4/4
Epoch [1454/4000] | Avg Makespan: 251.00 | Actor Loss: -0.0060 | Critic Loss: 0.5065 | Grad Norm: 1.3481 | Clipped: 3/4
Epoch [1455/4000] | Avg Makespan: 257.50 | Actor Loss: -0.0065 | Critic Loss: 0.5265 | Grad Norm: 1.1489 | Clipped: 2/4
Epoch [1456/4000] | Avg Makespan: 263.25 | Actor Loss: -0.0082 | Critic Loss: 0.3832 | Grad Norm: 1.6444 | Clipped: 2/4
Epoch [1457/4000] | Avg Makespan: 245.00 | Actor Loss: -0.0038 | Critic Loss: 0.6219 | Grad Norm: 2.6261 | Clipped: 4/4
Epoch [1458/4000] | Avg Makespan: 281.50 | Actor Loss: -0.0050 | Critic Loss: 0.5636 | Grad Norm: 2.2881 | Clipped: 4/4
Epoch [1459/4000] | Avg Makespan: 252.00 | Actor Loss: -0.0039 | Critic Loss: 0.6436 | Grad Norm: 2.5269 | Clipped: 4/4
Epoch [1460/4000] | Avg Makespan: 231.25 | Actor Loss: 0.0091 | Critic Loss: 0.8363 | Grad Norm: 4.9258 | Clipped: 4/4
Epoch [1461/4000] | Avg Makespan: 216.25 | Actor Loss: 0.0019 | Critic Loss: 0.9965 | Grad Norm: 2.9896 | Clipped: 4/4
Epoch [1462/4000] | Avg Makespan: 232.50 | Actor Loss: -0.0023 | Critic Loss: 0.3386 | Grad Norm: 2.5474 | Clipped: 4/4
Epoch [1463/4000] | Avg Makespan: 229.00 | Actor Loss: -0.0052 | Critic Loss: 0.4167 | Grad Norm: 2.0237 | Clipped: 4/4
Epoch [1464/4000] | Avg Makespan: 228.75 | Actor Loss: -0.0057 | Critic Loss: 0.2117 | Grad Norm: 1.1210 | Clipped: 1/4
Epoch [1465/4000] | Avg Makespan: 248.75 | Actor Loss: 0.0014 | Critic Loss: 0.7158 | Grad Norm: 5.7361 | Clipped: 4/4
Epoch [1466/4000] | Avg Makespan: 259.75 | Actor Loss: 0.0007 | Critic Loss: 1.5526 | Grad Norm: 8.1298 | Clipped: 4/4
Epoch [1467/4000] | Avg Makespan: 266.75 | Actor Loss: 0.0001 | Critic Loss: 1.6068 | Grad Norm: 2.3009 | Clipped: 4/4
Epoch [1468/4000] | Avg Makespan: 235.75 | Actor Loss: -0.0029 | Critic Loss: 0.4606 | Grad Norm: 1.2667 | Clipped: 3/4
Epoch [1469/4000] | Avg Makespan: 238.25 | Actor Loss: -0.0052 | Critic Loss: 0.3761 | Grad Norm: 1.8123 | Clipped: 4/4
Epoch [1470/4000] | Avg Makespan: 228.75 | Actor Loss: -0.0052 | Critic Loss: 0.3997 | Grad Norm: 1.0824 | Clipped: 2/4
Epoch [1471/4000] | Avg Makespan: 247.50 | Actor Loss: -0.0068 | Critic Loss: 0.6253 | Grad Norm: 1.5816 | Clipped: 3/4
Epoch [1472/4000] | Avg Makespan: 256.25 | Actor Loss: 0.0047 | Critic Loss: 0.3958 | Grad Norm: 7.8053 | Clipped: 4/4
Epoch [1473/4000] | Avg Makespan: 246.75 | Actor Loss: -0.0073 | Critic Loss: 0.6182 | Grad Norm: 0.9986 | Clipped: 2/4
Epoch [1474/4000] | Avg Makespan: 246.25 | Actor Loss: 0.0020 | Critic Loss: 0.3858 | Grad Norm: 4.1886 | Clipped: 4/4
Epoch [1475/4000] | Avg Makespan: 247.50 | Actor Loss: -0.0045 | Critic Loss: 0.5353 | Grad Norm: 2.7489 | Clipped: 3/4
Epoch [1476/4000] | Avg Makespan: 231.75 | Actor Loss: -0.0049 | Critic Loss: 0.3177 | Grad Norm: 1.4305 | Clipped: 4/4
Epoch [1477/4000] | Avg Makespan: 252.50 | Actor Loss: -0.0074 | Critic Loss: 0.2125 | Grad Norm: 1.2118 | Clipped: 4/4
Epoch [1478/4000] | Avg Makespan: 243.75 | Actor Loss: -0.0034 | Critic Loss: 0.5482 | Grad Norm: 3.2358 | Clipped: 4/4
Epoch [1479/4000] | Avg Makespan: 242.75 | Actor Loss: -0.0068 | Critic Loss: 0.4121 | Grad Norm: 1.6232 | Clipped: 2/4
Epoch [1480/4000] | Avg Makespan: 225.50 | Actor Loss: -0.0039 | Critic Loss: 0.4031 | Grad Norm: 1.2679 | Clipped: 3/4
Epoch [1481/4000] | Avg Makespan: 227.50 | Actor Loss: -0.0048 | Critic Loss: 0.2517 | Grad Norm: 1.4921 | Clipped: 4/4
Epoch [1482/4000] | Avg Makespan: 238.00 | Actor Loss: -0.0055 | Critic Loss: 0.3426 | Grad Norm: 1.3744 | Clipped: 4/4
Epoch [1483/4000] | Avg Makespan: 232.50 | Actor Loss: -0.0097 | Critic Loss: 0.3137 | Grad Norm: 0.8154 | Clipped: 1/4
Epoch [1484/4000] | Avg Makespan: 235.50 | Actor Loss: -0.0024 | Critic Loss: 0.2461 | Grad Norm: 1.4251 | Clipped: 3/4
Epoch [1485/4000] | Avg Makespan: 245.25 | Actor Loss: -0.0090 | Critic Loss: 0.4780 | Grad Norm: 1.3989 | Clipped: 3/4
Epoch [1486/4000] | Avg Makespan: 254.75 | Actor Loss: -0.0011 | Critic Loss: 1.0398 | Grad Norm: 2.3737 | Clipped: 4/4
Epoch [1487/4000] | Avg Makespan: 225.00 | Actor Loss: -0.0091 | Critic Loss: 0.3053 | Grad Norm: 1.3143 | Clipped: 3/4
Epoch [1488/4000] | Avg Makespan: 233.25 | Actor Loss: 0.0001 | Critic Loss: 0.2718 | Grad Norm: 4.1129 | Clipped: 4/4
Epoch [1489/4000] | Avg Makespan: 239.25 | Actor Loss: -0.0071 | Critic Loss: 0.3258 | Grad Norm: 1.2181 | Clipped: 1/4
Epoch [1490/4000] | Avg Makespan: 231.50 | Actor Loss: -0.0018 | Critic Loss: 0.3064 | Grad Norm: 1.7747 | Clipped: 3/4
Epoch [1491/4000] | Avg Makespan: 233.50 | Actor Loss: -0.0061 | Critic Loss: 0.7458 | Grad Norm: 1.9768 | Clipped: 3/4
Epoch [1492/4000] | Avg Makespan: 242.25 | Actor Loss: -0.0073 | Critic Loss: 0.4092 | Grad Norm: 3.2603 | Clipped: 2/4
Epoch [1493/4000] | Avg Makespan: 235.75 | Actor Loss: -0.0071 | Critic Loss: 0.3286 | Grad Norm: 1.0949 | Clipped: 2/4
Epoch [1494/4000] | Avg Makespan: 219.00 | Actor Loss: -0.0021 | Critic Loss: 0.0920 | Grad Norm: 2.0471 | Clipped: 3/4
Epoch [1495/4000] | Avg Makespan: 240.50 | Actor Loss: -0.0062 | Critic Loss: 0.4436 | Grad Norm: 1.9492 | Clipped: 4/4
Epoch [1496/4000] | Avg Makespan: 230.25 | Actor Loss: -0.0036 | Critic Loss: 0.3281 | Grad Norm: 2.0684 | Clipped: 4/4
Epoch [1497/4000] | Avg Makespan: 246.50 | Actor Loss: -0.0036 | Critic Loss: 0.8941 | Grad Norm: 1.3043 | Clipped: 4/4
Epoch [1498/4000] | Avg Makespan: 223.75 | Actor Loss: -0.0074 | Critic Loss: 0.2815 | Grad Norm: 1.1177 | Clipped: 1/4
Epoch [1499/4000] | Avg Makespan: 243.75 | Actor Loss: -0.0103 | Critic Loss: 0.4199 | Grad Norm: 1.0655 | Clipped: 1/4
Epoch [1500/4000] | Avg Makespan: 242.25 | Actor Loss: -0.0050 | Critic Loss: 0.6147 | Grad Norm: 0.9600 | Clipped: 2/4
   -> Validation | Samples: 280 | Makespan: 1212.51 | Invalid Jobs: 0.00 | Score: 1216.08
   -> Saved updated training chart to /home/wei/Desktop/AMR-DFJSP/runs/20260827_084425_v10_B_s42/chart.png
Epoch [1501/4000] | Avg Makespan: 245.25 | Actor Loss: -0.0046 | Critic Loss: 0.5227 | Grad Norm: 1.3080 | Clipped: 3/4
Epoch [1502/4000] | Avg Makespan: 224.75 | Actor Loss: -0.0000 | Critic Loss: 0.2935 | Grad Norm: 2.4765 | Clipped: 4/4
Epoch [1503/4000] | Avg Makespan: 240.25 | Actor Loss: -0.0047 | Critic Loss: 0.3216 | Grad Norm: 1.8000 | Clipped: 4/4
Epoch [1504/4000] | Avg Makespan: 241.00 | Actor Loss: -0.0056 | Critic Loss: 0.1182 | Grad Norm: 1.1736 | Clipped: 2/4
Epoch [1505/4000] | Avg Makespan: 226.75 | Actor Loss: -0.0064 | Critic Loss: 0.2778 | Grad Norm: 1.6989 | Clipped: 4/4
Epoch [1506/4000] | Avg Makespan: 255.50 | Actor Loss: -0.0041 | Critic Loss: 0.5866 | Grad Norm: 1.3801 | Clipped: 3/4
Epoch [1507/4000] | Avg Makespan: 216.75 | Actor Loss: -0.0039 | Critic Loss: 0.2178 | Grad Norm: 1.5104 | Clipped: 4/4
Epoch [1508/4000] | Avg Makespan: 242.50 | Actor Loss: -0.0061 | Critic Loss: 0.4118 | Grad Norm: 1.5620 | Clipped: 4/4
Epoch [1509/4000] | Avg Makespan: 226.50 | Actor Loss: -0.0067 | Critic Loss: 0.0775 | Grad Norm: 1.5271 | Clipped: 3/4
Epoch [1510/4000] | Avg Makespan: 256.25 | Actor Loss: -0.0061 | Critic Loss: 2.3149 | Grad Norm: 1.4797 | Clipped: 4/4
Epoch [1511/4000] | Avg Makespan: 231.00 | Actor Loss: -0.0022 | Critic Loss: 0.2730 | Grad Norm: 2.0192 | Clipped: 4/4
Epoch [1512/4000] | Avg Makespan: 232.75 | Actor Loss: -0.0064 | Critic Loss: 0.2825 | Grad Norm: 1.0148 | Clipped: 2/4
Epoch [1513/4000] | Avg Makespan: 252.00 | Actor Loss: -0.0047 | Critic Loss: 1.7130 | Grad Norm: 1.5899 | Clipped: 4/4
Epoch [1514/4000] | Avg Makespan: 226.75 | Actor Loss: 0.0333 | Critic Loss: 0.3596 | Grad Norm: 3.6669 | Clipped: 4/4
Epoch [1515/4000] | Avg Makespan: 250.25 | Actor Loss: 0.0007 | Critic Loss: 0.4087 | Grad Norm: 1.7124 | Clipped: 3/4
Epoch [1516/4000] | Avg Makespan: 233.75 | Actor Loss: -0.0015 | Critic Loss: 0.4607 | Grad Norm: 2.3407 | Clipped: 4/4
Epoch [1517/4000] | Avg Makespan: 225.00 | Actor Loss: -0.0059 | Critic Loss: 0.2134 | Grad Norm: 1.2120 | Clipped: 3/4
Epoch [1518/4000] | Avg Makespan: 235.25 | Actor Loss: -0.0032 | Critic Loss: 0.2396 | Grad Norm: 1.7996 | Clipped: 3/4
Epoch [1519/4000] | Avg Makespan: 241.00 | Actor Loss: -0.0055 | Critic Loss: 0.8173 | Grad Norm: 1.3568 | Clipped: 2/4
Epoch [1520/4000] | Avg Makespan: 235.50 | Actor Loss: -0.0066 | Critic Loss: 0.2971 | Grad Norm: 0.8958 | Clipped: 1/4
Epoch [1521/4000] | Avg Makespan: 230.50 | Actor Loss: -0.0039 | Critic Loss: 0.3944 | Grad Norm: 2.4807 | Clipped: 3/4
Epoch [1522/4000] | Avg Makespan: 232.25 | Actor Loss: -0.0043 | Critic Loss: 0.3643 | Grad Norm: 1.5717 | Clipped: 2/4
Epoch [1523/4000] | Avg Makespan: 270.50 | Actor Loss: -0.0003 | Critic Loss: 4.4332 | Grad Norm: 1.9122 | Clipped: 4/4
Epoch [1524/4000] | Avg Makespan: 242.75 | Actor Loss: -0.0068 | Critic Loss: 0.4174 | Grad Norm: 1.0032 | Clipped: 2/4
Epoch [1525/4000] | Avg Makespan: 230.50 | Actor Loss: -0.0018 | Critic Loss: 0.6404 | Grad Norm: 1.7233 | Clipped: 4/4
Epoch [1526/4000] | Avg Makespan: 234.75 | Actor Loss: -0.0034 | Critic Loss: 0.3493 | Grad Norm: 1.1664 | Clipped: 1/4
Epoch [1527/4000] | Avg Makespan: 236.00 | Actor Loss: -0.0034 | Critic Loss: 0.2605 | Grad Norm: 1.2616 | Clipped: 2/4
Epoch [1528/4000] | Avg Makespan: 226.00 | Actor Loss: -0.0078 | Critic Loss: 0.2656 | Grad Norm: 0.8750 | Clipped: 1/4
Epoch [1529/4000] | Avg Makespan: 240.25 | Actor Loss: -0.0047 | Critic Loss: 0.4369 | Grad Norm: 2.1248 | Clipped: 2/4
Epoch [1530/4000] | Avg Makespan: 249.25 | Actor Loss: -0.0036 | Critic Loss: 0.5706 | Grad Norm: 1.6779 | Clipped: 4/4
Epoch [1531/4000] | Avg Makespan: 236.75 | Actor Loss: -0.0068 | Critic Loss: 0.3618 | Grad Norm: 2.5683 | Clipped: 4/4
Epoch [1532/4000] | Avg Makespan: 247.75 | Actor Loss: -0.0073 | Critic Loss: 0.9781 | Grad Norm: 0.9477 | Clipped: 1/4
Epoch [1533/4000] | Avg Makespan: 225.75 | Actor Loss: -0.0052 | Critic Loss: 0.3891 | Grad Norm: 1.1135 | Clipped: 2/4
Epoch [1534/4000] | Avg Makespan: 234.50 | Actor Loss: -0.0058 | Critic Loss: 0.3277 | Grad Norm: 1.0841 | Clipped: 2/4
Epoch [1535/4000] | Avg Makespan: 249.00 | Actor Loss: -0.0053 | Critic Loss: 0.8195 | Grad Norm: 2.5937 | Clipped: 4/4
Epoch [1536/4000] | Avg Makespan: 234.75 | Actor Loss: -0.0028 | Critic Loss: 0.2566 | Grad Norm: 1.2876 | Clipped: 4/4
Epoch [1537/4000] | Avg Makespan: 231.75 | Actor Loss: -0.0012 | Critic Loss: 0.3586 | Grad Norm: 3.7211 | Clipped: 4/4
Epoch [1538/4000] | Avg Makespan: 229.00 | Actor Loss: -0.0038 | Critic Loss: 0.1860 | Grad Norm: 1.3697 | Clipped: 3/4
Epoch [1539/4000] | Avg Makespan: 240.25 | Actor Loss: -0.0050 | Critic Loss: 0.4531 | Grad Norm: 0.9737 | Clipped: 2/4
Epoch [1540/4000] | Avg Makespan: 235.75 | Actor Loss: -0.0089 | Critic Loss: 0.5359 | Grad Norm: 1.2307 | Clipped: 3/4
Epoch [1541/4000] | Avg Makespan: 237.25 | Actor Loss: -0.0039 | Critic Loss: 1.0526 | Grad Norm: 6.9341 | Clipped: 4/4
Epoch [1542/4000] | Avg Makespan: 223.75 | Actor Loss: -0.0043 | Critic Loss: 0.2663 | Grad Norm: 1.2003 | Clipped: 4/4
Epoch [1543/4000] | Avg Makespan: 237.50 | Actor Loss: -0.0048 | Critic Loss: 0.4885 | Grad Norm: 1.9702 | Clipped: 4/4
Epoch [1544/4000] | Avg Makespan: 240.75 | Actor Loss: -0.0075 | Critic Loss: 0.3272 | Grad Norm: 1.0455 | Clipped: 2/4
Epoch [1545/4000] | Avg Makespan: 256.25 | Actor Loss: -0.0017 | Critic Loss: 1.7894 | Grad Norm: 2.6102 | Clipped: 4/4
Epoch [1546/4000] | Avg Makespan: 228.00 | Actor Loss: -0.0043 | Critic Loss: 0.2973 | Grad Norm: 3.0748 | Clipped: 3/4
Epoch [1547/4000] | Avg Makespan: 231.50 | Actor Loss: -0.0047 | Critic Loss: 0.3504 | Grad Norm: 0.7710 | Clipped: 1/4
Epoch [1548/4000] | Avg Makespan: 238.00 | Actor Loss: -0.0019 | Critic Loss: 0.4037 | Grad Norm: 3.1957 | Clipped: 4/4
Epoch [1549/4000] | Avg Makespan: 240.50 | Actor Loss: -0.0036 | Critic Loss: 0.7409 | Grad Norm: 2.5941 | Clipped: 4/4
Epoch [1550/4000] | Avg Makespan: 233.50 | Actor Loss: -0.0048 | Critic Loss: 0.2590 | Grad Norm: 1.2577 | Clipped: 3/4
Epoch [1551/4000] | Avg Makespan: 227.00 | Actor Loss: 0.0000 | Critic Loss: 0.2577 | Grad Norm: 2.5102 | Clipped: 3/4
Epoch [1552/4000] | Avg Makespan: 229.25 | Actor Loss: -0.0069 | Critic Loss: 0.2702 | Grad Norm: 0.9647 | Clipped: 2/4
Epoch [1553/4000] | Avg Makespan: 225.50 | Actor Loss: -0.0026 | Critic Loss: 0.1455 | Grad Norm: 1.9151 | Clipped: 2/4
Epoch [1554/4000] | Avg Makespan: 231.50 | Actor Loss: -0.0069 | Critic Loss: 0.2019 | Grad Norm: 1.3781 | Clipped: 3/4
Epoch [1555/4000] | Avg Makespan: 260.75 | Actor Loss: -0.0010 | Critic Loss: 2.1684 | Grad Norm: 2.0536 | Clipped: 4/4
Epoch [1556/4000] | Avg Makespan: 242.25 | Actor Loss: -0.0008 | Critic Loss: 0.4519 | Grad Norm: 5.8107 | Clipped: 3/4
Epoch [1557/4000] | Avg Makespan: 221.00 | Actor Loss: -0.0030 | Critic Loss: 0.3087 | Grad Norm: 1.6485 | Clipped: 4/4
Epoch [1558/4000] | Avg Makespan: 254.50 | Actor Loss: -0.0044 | Critic Loss: 0.8722 | Grad Norm: 0.8908 | Clipped: 0/4
Epoch [1559/4000] | Avg Makespan: 229.00 | Actor Loss: -0.0067 | Critic Loss: 0.4438 | Grad Norm: 1.4222 | Clipped: 4/4
Epoch [1560/4000] | Avg Makespan: 222.25 | Actor Loss: -0.0034 | Critic Loss: 0.4188 | Grad Norm: 1.1122 | Clipped: 2/4
Epoch [1561/4000] | Avg Makespan: 222.25 | Actor Loss: -0.0055 | Critic Loss: 0.2207 | Grad Norm: 0.7047 | Clipped: 0/4
Epoch [1562/4000] | Avg Makespan: 248.25 | Actor Loss: -0.0021 | Critic Loss: 0.8145 | Grad Norm: 8.1738 | Clipped: 4/4
Epoch [1563/4000] | Avg Makespan: 273.50 | Actor Loss: -0.0016 | Critic Loss: 1.4576 | Grad Norm: 2.3613 | Clipped: 4/4
Epoch [1564/4000] | Avg Makespan: 238.00 | Actor Loss: -0.0011 | Critic Loss: 0.4176 | Grad Norm: 1.1506 | Clipped: 3/4
Epoch [1565/4000] | Avg Makespan: 225.25 | Actor Loss: -0.0054 | Critic Loss: 0.2423 | Grad Norm: 1.0183 | Clipped: 2/4
Epoch [1566/4000] | Avg Makespan: 224.75 | Actor Loss: -0.0052 | Critic Loss: 0.2771 | Grad Norm: 1.1870 | Clipped: 2/4
Epoch [1567/4000] | Avg Makespan: 243.50 | Actor Loss: -0.0050 | Critic Loss: 0.4462 | Grad Norm: 1.4666 | Clipped: 1/4
Epoch [1568/4000] | Avg Makespan: 241.00 | Actor Loss: -0.0046 | Critic Loss: 0.7693 | Grad Norm: 1.5204 | Clipped: 2/4
Epoch [1569/4000] | Avg Makespan: 236.25 | Actor Loss: -0.0092 | Critic Loss: 0.3870 | Grad Norm: 0.9313 | Clipped: 1/4
Epoch [1570/4000] | Avg Makespan: 215.50 | Actor Loss: -0.0084 | Critic Loss: 0.2023 | Grad Norm: 1.6610 | Clipped: 4/4
Epoch [1571/4000] | Avg Makespan: 242.50 | Actor Loss: -0.0037 | Critic Loss: 0.3897 | Grad Norm: 1.0783 | Clipped: 3/4
Epoch [1572/4000] | Avg Makespan: 251.25 | Actor Loss: -0.0047 | Critic Loss: 0.4703 | Grad Norm: 0.8681 | Clipped: 0/4
Epoch [1573/4000] | Avg Makespan: 242.75 | Actor Loss: -0.0058 | Critic Loss: 0.3184 | Grad Norm: 1.1352 | Clipped: 2/4
Epoch [1574/4000] | Avg Makespan: 243.50 | Actor Loss: -0.0069 | Critic Loss: 0.3343 | Grad Norm: 0.6327 | Clipped: 0/4
Epoch [1575/4000] | Avg Makespan: 259.25 | Actor Loss: -0.0035 | Critic Loss: 0.2127 | Grad Norm: 1.0399 | Clipped: 1/4
Epoch [1576/4000] | Avg Makespan: 252.75 | Actor Loss: -0.0073 | Critic Loss: 0.5530 | Grad Norm: 0.9936 | Clipped: 1/4
Epoch [1577/4000] | Avg Makespan: 240.25 | Actor Loss: -0.0052 | Critic Loss: 0.3033 | Grad Norm: 1.1000 | Clipped: 2/4
Epoch [1578/4000] | Avg Makespan: 268.00 | Actor Loss: -0.0072 | Critic Loss: 0.4967 | Grad Norm: 0.8722 | Clipped: 1/4
Epoch [1579/4000] | Avg Makespan: 244.50 | Actor Loss: -0.0083 | Critic Loss: 0.3680 | Grad Norm: 1.0666 | Clipped: 3/4
Epoch [1580/4000] | Avg Makespan: 236.75 | Actor Loss: -0.0024 | Critic Loss: 0.5873 | Grad Norm: 2.4380 | Clipped: 4/4
Epoch [1581/4000] | Avg Makespan: 218.50 | Actor Loss: -0.0053 | Critic Loss: 0.4323 | Grad Norm: 1.0672 | Clipped: 3/4
Epoch [1582/4000] | Avg Makespan: 233.00 | Actor Loss: -0.0060 | Critic Loss: 0.2002 | Grad Norm: 0.7301 | Clipped: 0/4
Epoch [1583/4000] | Avg Makespan: 239.50 | Actor Loss: -0.0091 | Critic Loss: 0.1695 | Grad Norm: 0.7729 | Clipped: 1/4
Epoch [1584/4000] | Avg Makespan: 230.50 | Actor Loss: -0.0041 | Critic Loss: 0.2095 | Grad Norm: 1.2603 | Clipped: 2/4
Epoch [1585/4000] | Avg Makespan: 221.25 | Actor Loss: -0.0078 | Critic Loss: 0.0727 | Grad Norm: 0.7507 | Clipped: 0/4
Epoch [1586/4000] | Avg Makespan: 232.00 | Actor Loss: -0.0045 | Critic Loss: 0.1440 | Grad Norm: 2.5477 | Clipped: 1/4
Epoch [1587/4000] | Avg Makespan: 241.00 | Actor Loss: -0.0051 | Critic Loss: 0.3521 | Grad Norm: 1.4741 | Clipped: 3/4
Epoch [1588/4000] | Avg Makespan: 225.25 | Actor Loss: -0.0069 | Critic Loss: 0.1887 | Grad Norm: 1.2189 | Clipped: 1/4
Epoch [1589/4000] | Avg Makespan: 226.25 | Actor Loss: -0.0081 | Critic Loss: 0.0727 | Grad Norm: 0.8068 | Clipped: 1/4
Epoch [1590/4000] | Avg Makespan: 232.00 | Actor Loss: -0.0043 | Critic Loss: 0.3761 | Grad Norm: 1.7941 | Clipped: 3/4
Epoch [1591/4000] | Avg Makespan: 240.75 | Actor Loss: -0.0086 | Critic Loss: 0.4731 | Grad Norm: 0.9562 | Clipped: 2/4
Epoch [1592/4000] | Avg Makespan: 225.25 | Actor Loss: -0.0022 | Critic Loss: 0.1592 | Grad Norm: 2.1480 | Clipped: 2/4
Epoch [1593/4000] | Avg Makespan: 231.50 | Actor Loss: -0.0068 | Critic Loss: 0.2621 | Grad Norm: 0.8865 | Clipped: 1/4
Epoch [1594/4000] | Avg Makespan: 225.75 | Actor Loss: -0.0086 | Critic Loss: 0.1755 | Grad Norm: 0.7666 | Clipped: 1/4
Epoch [1595/4000] | Avg Makespan: 240.25 | Actor Loss: -0.0078 | Critic Loss: 0.3581 | Grad Norm: 1.3015 | Clipped: 2/4
Epoch [1596/4000] | Avg Makespan: 241.00 | Actor Loss: -0.0045 | Critic Loss: 0.4832 | Grad Norm: 1.3507 | Clipped: 4/4
Epoch [1597/4000] | Avg Makespan: 234.25 | Actor Loss: -0.0085 | Critic Loss: 0.0750 | Grad Norm: 0.8529 | Clipped: 1/4
Epoch [1598/4000] | Avg Makespan: 235.25 | Actor Loss: -0.0074 | Critic Loss: 0.4402 | Grad Norm: 1.2423 | Clipped: 3/4
Epoch [1599/4000] | Avg Makespan: 224.25 | Actor Loss: -0.0086 | Critic Loss: 0.1989 | Grad Norm: 0.9378 | Clipped: 2/4
Epoch [1600/4000] | Avg Makespan: 226.00 | Actor Loss: -0.0053 | Critic Loss: 0.2531 | Grad Norm: 1.1918 | Clipped: 2/4
   -> Validation | Samples: 280 | Makespan: 1215.20 | Invalid Jobs: 0.01 | Score: 1229.48
   -> Saved updated training chart to /home/wei/Desktop/AMR-DFJSP/runs/20260827_084425_v10_B_s42/chart.png
Epoch [1601/4000] | Avg Makespan: 244.00 | Actor Loss: -0.0051 | Critic Loss: 0.4803 | Grad Norm: 1.4512 | Clipped: 4/4
Epoch [1602/4000] | Avg Makespan: 228.25 | Actor Loss: -0.0038 | Critic Loss: 0.1094 | Grad Norm: 1.1906 | Clipped: 2/4
Epoch [1603/4000] | Avg Makespan: 233.25 | Actor Loss: -0.0016 | Critic Loss: 0.2850 | Grad Norm: 1.2297 | Clipped: 3/4
Epoch [1604/4000] | Avg Makespan: 230.50 | Actor Loss: -0.0074 | Critic Loss: 0.3735 | Grad Norm: 1.0258 | Clipped: 2/4
Epoch [1605/4000] | Avg Makespan: 237.25 | Actor Loss: -0.0015 | Critic Loss: 0.4316 | Grad Norm: 2.0794 | Clipped: 4/4
Epoch [1606/4000] | Avg Makespan: 242.50 | Actor Loss: -0.0038 | Critic Loss: 0.6324 | Grad Norm: 1.5173 | Clipped: 4/4
Epoch [1607/4000] | Avg Makespan: 228.00 | Actor Loss: -0.0074 | Critic Loss: 0.0819 | Grad Norm: 0.9875 | Clipped: 2/4
Epoch [1608/4000] | Avg Makespan: 221.50 | Actor Loss: -0.0061 | Critic Loss: 0.1248 | Grad Norm: 1.5392 | Clipped: 4/4
Epoch [1609/4000] | Avg Makespan: 225.50 | Actor Loss: -0.0056 | Critic Loss: 0.1729 | Grad Norm: 1.0081 | Clipped: 1/4
Epoch [1610/4000] | Avg Makespan: 219.75 | Actor Loss: -0.0050 | Critic Loss: 0.0503 | Grad Norm: 1.3599 | Clipped: 3/4
Epoch [1611/4000] | Avg Makespan: 243.50 | Actor Loss: -0.0054 | Critic Loss: 0.4573 | Grad Norm: 1.2099 | Clipped: 3/4
Epoch [1612/4000] | Avg Makespan: 243.25 | Actor Loss: -0.0066 | Critic Loss: 0.3760 | Grad Norm: 1.5047 | Clipped: 4/4
Epoch [1613/4000] | Avg Makespan: 236.50 | Actor Loss: -0.0032 | Critic Loss: 0.2779 | Grad Norm: 1.1204 | Clipped: 2/4
Epoch [1614/4000] | Avg Makespan: 228.00 | Actor Loss: -0.0049 | Critic Loss: 0.3220 | Grad Norm: 0.9202 | Clipped: 1/4
Epoch [1615/4000] | Avg Makespan: 227.50 | Actor Loss: -0.0080 | Critic Loss: 0.2763 | Grad Norm: 0.9893 | Clipped: 2/4
Epoch [1616/4000] | Avg Makespan: 262.25 | Actor Loss: -0.0063 | Critic Loss: 0.5691 | Grad Norm: 1.6674 | Clipped: 4/4
Epoch [1617/4000] | Avg Makespan: 223.50 | Actor Loss: -0.0044 | Critic Loss: 0.1685 | Grad Norm: 1.0764 | Clipped: 2/4
Epoch [1618/4000] | Avg Makespan: 233.75 | Actor Loss: -0.0087 | Critic Loss: 0.1332 | Grad Norm: 0.9279 | Clipped: 1/4
Epoch [1619/4000] | Avg Makespan: 241.25 | Actor Loss: -0.0069 | Critic Loss: 1.1446 | Grad Norm: 0.8928 | Clipped: 1/4
Epoch [1620/4000] | Avg Makespan: 235.25 | Actor Loss: -0.0080 | Critic Loss: 0.1725 | Grad Norm: 0.8640 | Clipped: 1/4
Epoch [1621/4000] | Avg Makespan: 237.50 | Actor Loss: -0.0066 | Critic Loss: 0.1578 | Grad Norm: 1.3260 | Clipped: 2/4
Epoch [1622/4000] | Avg Makespan: 241.75 | Actor Loss: -0.0047 | Critic Loss: 0.2313 | Grad Norm: 1.3180 | Clipped: 4/4
Epoch [1623/4000] | Avg Makespan: 229.25 | Actor Loss: -0.0033 | Critic Loss: 0.2958 | Grad Norm: 1.1658 | Clipped: 2/4
Epoch [1624/4000] | Avg Makespan: 235.00 | Actor Loss: -0.0058 | Critic Loss: 0.2657 | Grad Norm: 0.6892 | Clipped: 1/4
Epoch [1625/4000] | Avg Makespan: 238.25 | Actor Loss: -0.0071 | Critic Loss: 0.3935 | Grad Norm: 1.1722 | Clipped: 3/4
Epoch [1626/4000] | Avg Makespan: 229.75 | Actor Loss: -0.0071 | Critic Loss: 0.4632 | Grad Norm: 1.8429 | Clipped: 2/4
Epoch [1627/4000] | Avg Makespan: 242.50 | Actor Loss: -0.0047 | Critic Loss: 0.3830 | Grad Norm: 1.5087 | Clipped: 3/4
Epoch [1628/4000] | Avg Makespan: 241.50 | Actor Loss: -0.0092 | Critic Loss: 0.2588 | Grad Norm: 0.7587 | Clipped: 1/4
Epoch [1629/4000] | Avg Makespan: 234.00 | Actor Loss: -0.0078 | Critic Loss: 0.2831 | Grad Norm: 0.9540 | Clipped: 1/4
Epoch [1630/4000] | Avg Makespan: 245.00 | Actor Loss: 0.0038 | Critic Loss: 0.3969 | Grad Norm: 3.5398 | Clipped: 4/4
Epoch [1631/4000] | Avg Makespan: 228.00 | Actor Loss: -0.0066 | Critic Loss: 0.1690 | Grad Norm: 1.1283 | Clipped: 3/4
Epoch [1632/4000] | Avg Makespan: 235.75 | Actor Loss: -0.0051 | Critic Loss: 0.2694 | Grad Norm: 0.8371 | Clipped: 1/4
Epoch [1633/4000] | Avg Makespan: 227.75 | Actor Loss: -0.0068 | Critic Loss: 0.2549 | Grad Norm: 0.7768 | Clipped: 0/4
Epoch [1634/4000] | Avg Makespan: 224.00 | Actor Loss: -0.0065 | Critic Loss: 0.0873 | Grad Norm: 0.9737 | Clipped: 1/4
Epoch [1635/4000] | Avg Makespan: 247.00 | Actor Loss: -0.0070 | Critic Loss: 0.6235 | Grad Norm: 1.4071 | Clipped: 4/4
Epoch [1636/4000] | Avg Makespan: 232.00 | Actor Loss: -0.0062 | Critic Loss: 0.1256 | Grad Norm: 0.8608 | Clipped: 1/4
Epoch [1637/4000] | Avg Makespan: 231.75 | Actor Loss: -0.0082 | Critic Loss: 0.2726 | Grad Norm: 1.1136 | Clipped: 1/4
Epoch [1638/4000] | Avg Makespan: 226.00 | Actor Loss: -0.0073 | Critic Loss: 0.1649 | Grad Norm: 0.9909 | Clipped: 2/4
Epoch [1639/4000] | Avg Makespan: 223.00 | Actor Loss: -0.0071 | Critic Loss: 0.0734 | Grad Norm: 0.8061 | Clipped: 1/4
Epoch [1640/4000] | Avg Makespan: 232.00 | Actor Loss: -0.0056 | Critic Loss: 0.1891 | Grad Norm: 1.3183 | Clipped: 2/4
Epoch [1641/4000] | Avg Makespan: 252.75 | Actor Loss: -0.0039 | Critic Loss: 1.0876 | Grad Norm: 1.3894 | Clipped: 4/4
Epoch [1642/4000] | Avg Makespan: 226.00 | Actor Loss: -0.0063 | Critic Loss: 0.0952 | Grad Norm: 0.8122 | Clipped: 1/4
Epoch [1643/4000] | Avg Makespan: 234.50 | Actor Loss: -0.0056 | Critic Loss: 0.4315 | Grad Norm: 0.8273 | Clipped: 1/4
Epoch [1644/4000] | Avg Makespan: 226.00 | Actor Loss: -0.0062 | Critic Loss: 0.2016 | Grad Norm: 1.0776 | Clipped: 2/4
Epoch [1645/4000] | Avg Makespan: 224.00 | Actor Loss: -0.0055 | Critic Loss: 0.0981 | Grad Norm: 0.9769 | Clipped: 1/4
Epoch [1646/4000] | Avg Makespan: 237.50 | Actor Loss: -0.0030 | Critic Loss: 0.1825 | Grad Norm: 1.7429 | Clipped: 4/4
Epoch [1647/4000] | Avg Makespan: 242.50 | Actor Loss: -0.0072 | Critic Loss: 0.3141 | Grad Norm: 0.8977 | Clipped: 0/4
Epoch [1648/4000] | Avg Makespan: 219.75 | Actor Loss: -0.0070 | Critic Loss: 0.1152 | Grad Norm: 0.9795 | Clipped: 2/4
Epoch [1649/4000] | Avg Makespan: 241.25 | Actor Loss: -0.0090 | Critic Loss: 0.4269 | Grad Norm: 0.9782 | Clipped: 1/4
Epoch [1650/4000] | Avg Makespan: 220.50 | Actor Loss: -0.0055 | Critic Loss: 0.1355 | Grad Norm: 1.5730 | Clipped: 3/4
Epoch [1651/4000] | Avg Makespan: 238.25 | Actor Loss: -0.0082 | Critic Loss: 0.1770 | Grad Norm: 0.9599 | Clipped: 2/4
Epoch [1652/4000] | Avg Makespan: 225.25 | Actor Loss: -0.0006 | Critic Loss: 0.0991 | Grad Norm: 1.9286 | Clipped: 4/4
Epoch [1653/4000] | Avg Makespan: 234.75 | Actor Loss: -0.0089 | Critic Loss: 0.2780 | Grad Norm: 0.8196 | Clipped: 0/4
Epoch [1654/4000] | Avg Makespan: 222.00 | Actor Loss: -0.0073 | Critic Loss: 0.1207 | Grad Norm: 0.9035 | Clipped: 1/4
Epoch [1655/4000] | Avg Makespan: 236.25 | Actor Loss: -0.0046 | Critic Loss: 0.2986 | Grad Norm: 1.5976 | Clipped: 4/4
Epoch [1656/4000] | Avg Makespan: 250.25 | Actor Loss: -0.0077 | Critic Loss: 0.4547 | Grad Norm: 1.2560 | Clipped: 3/4
Epoch [1657/4000] | Avg Makespan: 226.50 | Actor Loss: -0.0058 | Critic Loss: 0.1965 | Grad Norm: 1.0416 | Clipped: 1/4
Epoch [1658/4000] | Avg Makespan: 236.50 | Actor Loss: -0.0037 | Critic Loss: 0.2564 | Grad Norm: 1.1350 | Clipped: 4/4
Epoch [1659/4000] | Avg Makespan: 234.50 | Actor Loss: -0.0056 | Critic Loss: 0.2764 | Grad Norm: 1.1724 | Clipped: 3/4
Epoch [1660/4000] | Avg Makespan: 235.00 | Actor Loss: -0.0057 | Critic Loss: 0.6180 | Grad Norm: 1.0825 | Clipped: 2/4
Epoch [1661/4000] | Avg Makespan: 242.00 | Actor Loss: -0.0068 | Critic Loss: 0.3793 | Grad Norm: 0.7668 | Clipped: 0/4
Epoch [1662/4000] | Avg Makespan: 229.25 | Actor Loss: -0.0037 | Critic Loss: 0.2472 | Grad Norm: 4.1513 | Clipped: 4/4
Epoch [1663/4000] | Avg Makespan: 216.75 | Actor Loss: -0.0048 | Critic Loss: 0.1787 | Grad Norm: 0.9570 | Clipped: 2/4
Epoch [1664/4000] | Avg Makespan: 219.25 | Actor Loss: -0.0045 | Critic Loss: 0.1078 | Grad Norm: 1.5250 | Clipped: 3/4
Epoch [1665/4000] | Avg Makespan: 230.75 | Actor Loss: -0.0100 | Critic Loss: 0.1845 | Grad Norm: 1.5836 | Clipped: 3/4
Epoch [1666/4000] | Avg Makespan: 234.00 | Actor Loss: -0.0023 | Critic Loss: 0.4466 | Grad Norm: 1.7390 | Clipped: 4/4
Epoch [1667/4000] | Avg Makespan: 228.25 | Actor Loss: -0.0091 | Critic Loss: 0.2232 | Grad Norm: 0.8649 | Clipped: 2/4
Epoch [1668/4000] | Avg Makespan: 244.00 | Actor Loss: -0.0072 | Critic Loss: 0.3971 | Grad Norm: 1.1597 | Clipped: 2/4
Epoch [1669/4000] | Avg Makespan: 236.25 | Actor Loss: -0.0090 | Critic Loss: 0.3798 | Grad Norm: 1.2134 | Clipped: 1/4
Epoch [1670/4000] | Avg Makespan: 241.50 | Actor Loss: -0.0059 | Critic Loss: 0.3375 | Grad Norm: 0.7827 | Clipped: 0/4
Epoch [1671/4000] | Avg Makespan: 239.50 | Actor Loss: -0.0082 | Critic Loss: 0.1862 | Grad Norm: 0.9448 | Clipped: 1/4
Epoch [1672/4000] | Avg Makespan: 225.25 | Actor Loss: -0.0071 | Critic Loss: 0.2842 | Grad Norm: 1.0736 | Clipped: 2/4
Epoch [1673/4000] | Avg Makespan: 240.75 | Actor Loss: -0.0074 | Critic Loss: 0.3199 | Grad Norm: 1.0445 | Clipped: 1/4
Epoch [1674/4000] | Avg Makespan: 237.25 | Actor Loss: -0.0027 | Critic Loss: 0.3462 | Grad Norm: 1.9481 | Clipped: 3/4
Epoch [1675/4000] | Avg Makespan: 229.50 | Actor Loss: -0.0083 | Critic Loss: 0.2609 | Grad Norm: 0.6421 | Clipped: 0/4
Epoch [1676/4000] | Avg Makespan: 225.25 | Actor Loss: -0.0060 | Critic Loss: 0.1616 | Grad Norm: 1.2749 | Clipped: 3/4
Epoch [1677/4000] | Avg Makespan: 221.75 | Actor Loss: -0.0033 | Critic Loss: 0.2013 | Grad Norm: 1.8810 | Clipped: 3/4
Epoch [1678/4000] | Avg Makespan: 233.25 | Actor Loss: -0.0087 | Critic Loss: 0.2710 | Grad Norm: 1.0748 | Clipped: 1/4
Epoch [1679/4000] | Avg Makespan: 224.25 | Actor Loss: -0.0063 | Critic Loss: 0.0676 | Grad Norm: 1.4802 | Clipped: 3/4
Epoch [1680/4000] | Avg Makespan: 231.25 | Actor Loss: -0.0059 | Critic Loss: 0.2103 | Grad Norm: 1.2081 | Clipped: 3/4
Epoch [1681/4000] | Avg Makespan: 245.25 | Actor Loss: -0.0054 | Critic Loss: 0.4201 | Grad Norm: 1.1927 | Clipped: 3/4
Epoch [1682/4000] | Avg Makespan: 221.50 | Actor Loss: -0.0042 | Critic Loss: 0.2140 | Grad Norm: 1.8606 | Clipped: 2/4
Epoch [1683/4000] | Avg Makespan: 222.00 | Actor Loss: -0.0079 | Critic Loss: 0.2364 | Grad Norm: 0.9635 | Clipped: 1/4
Epoch [1684/4000] | Avg Makespan: 224.00 | Actor Loss: -0.0039 | Critic Loss: 0.2451 | Grad Norm: 1.2981 | Clipped: 4/4
Epoch [1685/4000] | Avg Makespan: 212.75 | Actor Loss: -0.0074 | Critic Loss: 0.0853 | Grad Norm: 1.2902 | Clipped: 3/4
Epoch [1686/4000] | Avg Makespan: 236.00 | Actor Loss: -0.0042 | Critic Loss: 0.4029 | Grad Norm: 2.2335 | Clipped: 4/4
Epoch [1687/4000] | Avg Makespan: 223.75 | Actor Loss: 0.0034 | Critic Loss: 0.3387 | Grad Norm: 2.6206 | Clipped: 4/4
Epoch [1688/4000] | Avg Makespan: 232.00 | Actor Loss: -0.0018 | Critic Loss: 0.3509 | Grad Norm: 1.8434 | Clipped: 4/4
Epoch [1689/4000] | Avg Makespan: 231.50 | Actor Loss: -0.0058 | Critic Loss: 0.2324 | Grad Norm: 1.7763 | Clipped: 4/4
Epoch [1690/4000] | Avg Makespan: 235.00 | Actor Loss: -0.0046 | Critic Loss: 0.2771 | Grad Norm: 1.9372 | Clipped: 3/4
Epoch [1691/4000] | Avg Makespan: 245.75 | Actor Loss: -0.0076 | Critic Loss: 0.3092 | Grad Norm: 1.4728 | Clipped: 4/4
Epoch [1692/4000] | Avg Makespan: 257.25 | Actor Loss: -0.0035 | Critic Loss: 1.9817 | Grad Norm: 1.3676 | Clipped: 3/4
Epoch [1693/4000] | Avg Makespan: 256.50 | Actor Loss: -0.0063 | Critic Loss: 1.5293 | Grad Norm: 0.9082 | Clipped: 1/4
Epoch [1694/4000] | Avg Makespan: 231.75 | Actor Loss: -0.0010 | Critic Loss: 0.6159 | Grad Norm: 1.7921 | Clipped: 4/4
Epoch [1695/4000] | Avg Makespan: 237.50 | Actor Loss: -0.0027 | Critic Loss: 0.5973 | Grad Norm: 2.1224 | Clipped: 4/4
Epoch [1696/4000] | Avg Makespan: 232.50 | Actor Loss: -0.0063 | Critic Loss: 0.2907 | Grad Norm: 1.5649 | Clipped: 2/4
Epoch [1697/4000] | Avg Makespan: 235.25 | Actor Loss: -0.0057 | Critic Loss: 0.3153 | Grad Norm: 1.8757 | Clipped: 4/4
Epoch [1698/4000] | Avg Makespan: 233.50 | Actor Loss: -0.0072 | Critic Loss: 0.4068 | Grad Norm: 1.1992 | Clipped: 2/4
Epoch [1699/4000] | Avg Makespan: 236.75 | Actor Loss: -0.0053 | Critic Loss: 0.3268 | Grad Norm: 3.3611 | Clipped: 4/4
Epoch [1700/4000] | Avg Makespan: 257.75 | Actor Loss: -0.0047 | Critic Loss: 0.7083 | Grad Norm: 1.3853 | Clipped: 4/4
   -> Validation | Samples: 280 | Makespan: 1267.60 | Invalid Jobs: 0.01 | Score: 1274.74
   -> Saved updated training chart to /home/wei/Desktop/AMR-DFJSP/runs/20260827_084425_v10_B_s42/chart.png
Epoch [1701/4000] | Avg Makespan: 229.75 | Actor Loss: -0.0066 | Critic Loss: 0.2671 | Grad Norm: 1.1190 | Clipped: 4/4
Epoch [1702/4000] | Avg Makespan: 234.00 | Actor Loss: -0.0045 | Critic Loss: 0.3209 | Grad Norm: 0.8378 | Clipped: 1/4
Epoch [1703/4000] | Avg Makespan: 223.25 | Actor Loss: 0.0010 | Critic Loss: 0.2072 | Grad Norm: 6.3989 | Clipped: 3/4
Epoch [1704/4000] | Avg Makespan: 240.25 | Actor Loss: -0.0036 | Critic Loss: 0.4451 | Grad Norm: 1.1139 | Clipped: 2/4
Epoch [1705/4000] | Avg Makespan: 218.25 | Actor Loss: -0.0029 | Critic Loss: 0.1164 | Grad Norm: 2.1434 | Clipped: 2/4
Epoch [1706/4000] | Avg Makespan: 219.50 | Actor Loss: -0.0036 | Critic Loss: 0.2801 | Grad Norm: 2.0046 | Clipped: 4/4
Epoch [1707/4000] | Avg Makespan: 243.00 | Actor Loss: -0.0033 | Critic Loss: 1.3558 | Grad Norm: 2.1131 | Clipped: 4/4
Epoch [1708/4000] | Avg Makespan: 220.50 | Actor Loss: -0.0031 | Critic Loss: 0.0993 | Grad Norm: 2.6004 | Clipped: 4/4
Epoch [1709/4000] | Avg Makespan: 225.00 | Actor Loss: -0.0046 | Critic Loss: 0.3023 | Grad Norm: 1.2941 | Clipped: 3/4
Epoch [1710/4000] | Avg Makespan: 228.00 | Actor Loss: 0.0004 | Critic Loss: 0.2057 | Grad Norm: 2.6002 | Clipped: 4/4
Epoch [1711/4000] | Avg Makespan: 222.75 | Actor Loss: -0.0015 | Critic Loss: 0.1633 | Grad Norm: 1.3023 | Clipped: 4/4
Epoch [1712/4000] | Avg Makespan: 220.50 | Actor Loss: -0.0028 | Critic Loss: 0.0516 | Grad Norm: 6.2814 | Clipped: 3/4
Epoch [1713/4000] | Avg Makespan: 221.75 | Actor Loss: -0.0048 | Critic Loss: 0.1157 | Grad Norm: 1.2886 | Clipped: 4/4
Epoch [1714/4000] | Avg Makespan: 237.75 | Actor Loss: -0.0047 | Critic Loss: 0.9703 | Grad Norm: 1.2339 | Clipped: 2/4
Epoch [1715/4000] | Avg Makespan: 239.50 | Actor Loss: -0.0059 | Critic Loss: 0.1703 | Grad Norm: 1.4476 | Clipped: 2/4
Epoch [1716/4000] | Avg Makespan: 241.50 | Actor Loss: -0.0036 | Critic Loss: 0.2912 | Grad Norm: 1.2920 | Clipped: 3/4
Epoch [1717/4000] | Avg Makespan: 241.00 | Actor Loss: 0.0019 | Critic Loss: 0.5505 | Grad Norm: 1.5084 | Clipped: 3/4
Epoch [1718/4000] | Avg Makespan: 215.25 | Actor Loss: -0.0024 | Critic Loss: 0.3582 | Grad Norm: 2.2930 | Clipped: 4/4
Epoch [1719/4000] | Avg Makespan: 237.00 | Actor Loss: -0.0059 | Critic Loss: 0.3985 | Grad Norm: 1.2576 | Clipped: 2/4
Epoch [1720/4000] | Avg Makespan: 227.25 | Actor Loss: 0.0030 | Critic Loss: 0.4030 | Grad Norm: 3.1998 | Clipped: 4/4
Epoch [1721/4000] | Avg Makespan: 243.75 | Actor Loss: -0.0017 | Critic Loss: 0.3553 | Grad Norm: 3.5505 | Clipped: 4/4
Epoch [1722/4000] | Avg Makespan: 220.75 | Actor Loss: -0.0062 | Critic Loss: 0.1437 | Grad Norm: 1.2760 | Clipped: 3/4
Epoch [1723/4000] | Avg Makespan: 224.75 | Actor Loss: -0.0012 | Critic Loss: 0.3217 | Grad Norm: 1.6030 | Clipped: 4/4
Epoch [1724/4000] | Avg Makespan: 246.50 | Actor Loss: 0.0079 | Critic Loss: 0.5479 | Grad Norm: 7.5634 | Clipped: 4/4
Epoch [1725/4000] | Avg Makespan: 233.50 | Actor Loss: -0.0016 | Critic Loss: 0.2312 | Grad Norm: 2.6424 | Clipped: 4/4
Epoch [1726/4000] | Avg Makespan: 232.50 | Actor Loss: -0.0013 | Critic Loss: 0.3028 | Grad Norm: 2.2899 | Clipped: 4/4
Epoch [1727/4000] | Avg Makespan: 230.50 | Actor Loss: 0.0007 | Critic Loss: 0.3894 | Grad Norm: 1.2436 | Clipped: 2/4
Epoch [1728/4000] | Avg Makespan: 220.00 | Actor Loss: -0.0019 | Critic Loss: 0.2254 | Grad Norm: 1.7107 | Clipped: 4/4
Epoch [1729/4000] | Avg Makespan: 220.25 | Actor Loss: -0.0058 | Critic Loss: 0.2411 | Grad Norm: 0.8836 | Clipped: 2/4
Epoch [1730/4000] | Avg Makespan: 227.75 | Actor Loss: -0.0026 | Critic Loss: 0.9416 | Grad Norm: 2.5518 | Clipped: 2/4
Epoch [1731/4000] | Avg Makespan: 238.25 | Actor Loss: -0.0056 | Critic Loss: 0.4897 | Grad Norm: 1.3068 | Clipped: 3/4
Epoch [1732/4000] | Avg Makespan: 233.00 | Actor Loss: -0.0052 | Critic Loss: 0.3405 | Grad Norm: 1.1115 | Clipped: 2/4
Epoch [1733/4000] | Avg Makespan: 209.75 | Actor Loss: -0.0050 | Critic Loss: 0.2657 | Grad Norm: 1.4067 | Clipped: 4/4
Epoch [1734/4000] | Avg Makespan: 228.00 | Actor Loss: -0.0032 | Critic Loss: 0.3547 | Grad Norm: 1.6230 | Clipped: 2/4
Epoch [1735/4000] | Avg Makespan: 232.75 | Actor Loss: -0.0039 | Critic Loss: 0.3327 | Grad Norm: 1.4703 | Clipped: 4/4
Epoch [1736/4000] | Avg Makespan: 232.00 | Actor Loss: -0.0014 | Critic Loss: 0.1212 | Grad Norm: 4.0555 | Clipped: 3/4
Epoch [1737/4000] | Avg Makespan: 245.75 | Actor Loss: -0.0063 | Critic Loss: 1.0539 | Grad Norm: 1.6946 | Clipped: 4/4
Epoch [1738/4000] | Avg Makespan: 232.00 | Actor Loss: -0.0074 | Critic Loss: 0.1895 | Grad Norm: 4.2860 | Clipped: 3/4
Epoch [1739/4000] | Avg Makespan: 242.50 | Actor Loss: 0.0016 | Critic Loss: 0.4825 | Grad Norm: 3.1507 | Clipped: 4/4
Epoch [1740/4000] | Avg Makespan: 236.75 | Actor Loss: -0.0042 | Critic Loss: 0.3418 | Grad Norm: 2.1992 | Clipped: 4/4
Epoch [1741/4000] | Avg Makespan: 233.75 | Actor Loss: -0.0066 | Critic Loss: 0.4550 | Grad Norm: 1.3387 | Clipped: 2/4
Epoch [1742/4000] | Avg Makespan: 220.25 | Actor Loss: -0.0041 | Critic Loss: 0.1797 | Grad Norm: 1.6198 | Clipped: 3/4
Epoch [1743/4000] | Avg Makespan: 241.25 | Actor Loss: -0.0086 | Critic Loss: 0.8500 | Grad Norm: 1.6555 | Clipped: 3/4
Epoch [1744/4000] | Avg Makespan: 213.75 | Actor Loss: -0.0053 | Critic Loss: 0.1237 | Grad Norm: 1.0851 | Clipped: 2/4
Epoch [1745/4000] | Avg Makespan: 235.50 | Actor Loss: -0.0100 | Critic Loss: 0.2530 | Grad Norm: 1.1135 | Clipped: 2/4
Epoch [1746/4000] | Avg Makespan: 230.25 | Actor Loss: -0.0089 | Critic Loss: 0.4259 | Grad Norm: 0.9447 | Clipped: 2/4
Epoch [1747/4000] | Avg Makespan: 236.00 | Actor Loss: -0.0056 | Critic Loss: 0.7849 | Grad Norm: 2.4240 | Clipped: 4/4
Epoch [1748/4000] | Avg Makespan: 259.75 | Actor Loss: -0.0020 | Critic Loss: 0.8259 | Grad Norm: 3.2057 | Clipped: 4/4
Epoch [1749/4000] | Avg Makespan: 240.50 | Actor Loss: -0.0043 | Critic Loss: 0.2854 | Grad Norm: 1.9043 | Clipped: 2/4
Epoch [1750/4000] | Avg Makespan: 248.50 | Actor Loss: -0.0076 | Critic Loss: 0.5731 | Grad Norm: 1.3766 | Clipped: 2/4
Epoch [1751/4000] | Avg Makespan: 259.00 | Actor Loss: -0.0031 | Critic Loss: 0.8498 | Grad Norm: 2.4010 | Clipped: 4/4
Epoch [1752/4000] | Avg Makespan: 237.00 | Actor Loss: -0.0055 | Critic Loss: 0.4736 | Grad Norm: 2.1989 | Clipped: 4/4
Epoch [1753/4000] | Avg Makespan: 225.75 | Actor Loss: -0.0017 | Critic Loss: 0.4034 | Grad Norm: 2.1309 | Clipped: 4/4
Epoch [1754/4000] | Avg Makespan: 231.25 | Actor Loss: -0.0029 | Critic Loss: 0.2062 | Grad Norm: 2.9431 | Clipped: 3/4
Epoch [1755/4000] | Avg Makespan: 239.00 | Actor Loss: -0.0075 | Critic Loss: 0.3742 | Grad Norm: 1.1841 | Clipped: 3/4
Epoch [1756/4000] | Avg Makespan: 223.25 | Actor Loss: -0.0028 | Critic Loss: 0.1687 | Grad Norm: 1.6634 | Clipped: 2/4
Epoch [1757/4000] | Avg Makespan: 247.50 | Actor Loss: -0.0050 | Critic Loss: 0.7039 | Grad Norm: 1.6149 | Clipped: 4/4
Epoch [1758/4000] | Avg Makespan: 234.00 | Actor Loss: -0.0040 | Critic Loss: 0.1401 | Grad Norm: 1.5284 | Clipped: 3/4
Epoch [1759/4000] | Avg Makespan: 226.50 | Actor Loss: -0.0042 | Critic Loss: 0.4238 | Grad Norm: 0.8632 | Clipped: 1/4
Epoch [1760/4000] | Avg Makespan: 212.75 | Actor Loss: -0.0047 | Critic Loss: 0.2012 | Grad Norm: 1.6864 | Clipped: 4/4
Epoch [1761/4000] | Avg Makespan: 225.50 | Actor Loss: -0.0059 | Critic Loss: 0.3226 | Grad Norm: 0.7156 | Clipped: 0/4
Epoch [1762/4000] | Avg Makespan: 229.00 | Actor Loss: -0.0081 | Critic Loss: 0.4011 | Grad Norm: 0.6519 | Clipped: 0/4
Epoch [1763/4000] | Avg Makespan: 245.00 | Actor Loss: -0.0045 | Critic Loss: 0.6565 | Grad Norm: 2.4766 | Clipped: 4/4
Epoch [1764/4000] | Avg Makespan: 231.50 | Actor Loss: -0.0080 | Critic Loss: 0.1609 | Grad Norm: 0.7733 | Clipped: 1/4
Epoch [1765/4000] | Avg Makespan: 239.00 | Actor Loss: -0.0050 | Critic Loss: 0.4531 | Grad Norm: 1.3980 | Clipped: 3/4
Epoch [1766/4000] | Avg Makespan: 233.25 | Actor Loss: -0.0077 | Critic Loss: 0.3553 | Grad Norm: 1.6277 | Clipped: 4/4
Epoch [1767/4000] | Avg Makespan: 236.25 | Actor Loss: -0.0066 | Critic Loss: 0.5179 | Grad Norm: 1.2806 | Clipped: 2/4
Epoch [1768/4000] | Avg Makespan: 222.50 | Actor Loss: -0.0109 | Critic Loss: 0.1699 | Grad Norm: 0.9913 | Clipped: 1/4
Epoch [1769/4000] | Avg Makespan: 249.75 | Actor Loss: -0.0033 | Critic Loss: 0.7625 | Grad Norm: 1.6181 | Clipped: 3/4
Epoch [1770/4000] | Avg Makespan: 239.50 | Actor Loss: -0.0053 | Critic Loss: 0.4072 | Grad Norm: 1.0579 | Clipped: 1/4
Epoch [1771/4000] | Avg Makespan: 227.25 | Actor Loss: -0.0023 | Critic Loss: 0.2374 | Grad Norm: 1.9841 | Clipped: 4/4
Epoch [1772/4000] | Avg Makespan: 245.50 | Actor Loss: -0.0058 | Critic Loss: 1.0920 | Grad Norm: 1.3937 | Clipped: 3/4
Epoch [1773/4000] | Avg Makespan: 242.25 | Actor Loss: -0.0071 | Critic Loss: 0.2210 | Grad Norm: 1.3557 | Clipped: 3/4
Epoch [1774/4000] | Avg Makespan: 259.75 | Actor Loss: -0.0072 | Critic Loss: 0.9692 | Grad Norm: 1.0239 | Clipped: 2/4
Epoch [1775/4000] | Avg Makespan: 234.50 | Actor Loss: -0.0022 | Critic Loss: 0.3383 | Grad Norm: 2.4455 | Clipped: 4/4
Epoch [1776/4000] | Avg Makespan: 248.00 | Actor Loss: -0.0044 | Critic Loss: 0.2990 | Grad Norm: 1.0817 | Clipped: 2/4
Epoch [1777/4000] | Avg Makespan: 244.75 | Actor Loss: -0.0052 | Critic Loss: 0.4539 | Grad Norm: 1.2432 | Clipped: 3/4
Epoch [1778/4000] | Avg Makespan: 220.25 | Actor Loss: -0.0013 | Critic Loss: 0.3274 | Grad Norm: 3.2569 | Clipped: 4/4
Epoch [1779/4000] | Avg Makespan: 234.50 | Actor Loss: -0.0057 | Critic Loss: 0.6768 | Grad Norm: 1.6210 | Clipped: 3/4
Epoch [1780/4000] | Avg Makespan: 226.00 | Actor Loss: -0.0061 | Critic Loss: 0.2264 | Grad Norm: 0.6080 | Clipped: 0/4
Epoch [1781/4000] | Avg Makespan: 220.75 | Actor Loss: -0.0062 | Critic Loss: 0.2461 | Grad Norm: 0.7287 | Clipped: 1/4
Epoch [1782/4000] | Avg Makespan: 248.00 | Actor Loss: -0.0046 | Critic Loss: 0.4440 | Grad Norm: 2.3290 | Clipped: 4/4
Epoch [1783/4000] | Avg Makespan: 221.50 | Actor Loss: -0.0062 | Critic Loss: 0.1468 | Grad Norm: 3.1567 | Clipped: 3/4
Epoch [1784/4000] | Avg Makespan: 234.75 | Actor Loss: -0.0028 | Critic Loss: 0.4623 | Grad Norm: 1.7476 | Clipped: 4/4
Epoch [1785/4000] | Avg Makespan: 251.25 | Actor Loss: -0.0022 | Critic Loss: 0.5446 | Grad Norm: 2.0911 | Clipped: 4/4
Epoch [1786/4000] | Avg Makespan: 229.00 | Actor Loss: -0.0050 | Critic Loss: 0.4114 | Grad Norm: 1.5839 | Clipped: 4/4
Epoch [1787/4000] | Avg Makespan: 214.75 | Actor Loss: -0.0049 | Critic Loss: 0.1867 | Grad Norm: 1.2692 | Clipped: 4/4
Epoch [1788/4000] | Avg Makespan: 250.00 | Actor Loss: -0.0047 | Critic Loss: 0.5161 | Grad Norm: 1.7847 | Clipped: 4/4
Epoch [1789/4000] | Avg Makespan: 245.50 | Actor Loss: -0.0084 | Critic Loss: 0.4506 | Grad Norm: 1.2606 | Clipped: 3/4
Epoch [1790/4000] | Avg Makespan: 242.50 | Actor Loss: 0.0041 | Critic Loss: 0.4441 | Grad Norm: 3.5985 | Clipped: 4/4
Epoch [1791/4000] | Avg Makespan: 242.25 | Actor Loss: -0.0046 | Critic Loss: 0.6567 | Grad Norm: 1.3251 | Clipped: 2/4
Epoch [1792/4000] | Avg Makespan: 244.75 | Actor Loss: 0.0103 | Critic Loss: 0.1927 | Grad Norm: 10.8070 | Clipped: 4/4
Epoch [1793/4000] | Avg Makespan: 238.50 | Actor Loss: -0.0063 | Critic Loss: 0.2487 | Grad Norm: 1.2398 | Clipped: 4/4
Epoch [1794/4000] | Avg Makespan: 228.50 | Actor Loss: -0.0024 | Critic Loss: 0.1804 | Grad Norm: 2.2931 | Clipped: 3/4
Epoch [1795/4000] | Avg Makespan: 238.25 | Actor Loss: -0.0044 | Critic Loss: 0.4100 | Grad Norm: 1.3860 | Clipped: 4/4
Epoch [1796/4000] | Avg Makespan: 256.75 | Actor Loss: 0.0023 | Critic Loss: 0.9515 | Grad Norm: 1.9486 | Clipped: 4/4
Epoch [1797/4000] | Avg Makespan: 234.00 | Actor Loss: -0.0039 | Critic Loss: 0.2506 | Grad Norm: 1.1832 | Clipped: 3/4
Epoch [1798/4000] | Avg Makespan: 238.00 | Actor Loss: -0.0047 | Critic Loss: 0.2718 | Grad Norm: 1.1987 | Clipped: 3/4
Epoch [1799/4000] | Avg Makespan: 239.25 | Actor Loss: -0.0068 | Critic Loss: 0.3455 | Grad Norm: 1.1866 | Clipped: 2/4
Epoch [1800/4000] | Avg Makespan: 227.00 | Actor Loss: -0.0043 | Critic Loss: 0.5138 | Grad Norm: 2.1957 | Clipped: 4/4
   -> Validation | Samples: 280 | Makespan: 1246.94 | Invalid Jobs: 0.01 | Score: 1257.65
   -> Saved updated training chart to /home/wei/Desktop/AMR-DFJSP/runs/20260827_084425_v10_B_s42/chart.png
Epoch [1801/4000] | Avg Makespan: 235.50 | Actor Loss: -0.0070 | Critic Loss: 0.3864 | Grad Norm: 1.1671 | Clipped: 1/4
Epoch [1802/4000] | Avg Makespan: 251.75 | Actor Loss: 0.0008 | Critic Loss: 0.4966 | Grad Norm: 2.7739 | Clipped: 4/4
Epoch [1803/4000] | Avg Makespan: 226.25 | Actor Loss: -0.0045 | Critic Loss: 0.3041 | Grad Norm: 1.2953 | Clipped: 3/4
Epoch [1804/4000] | Avg Makespan: 264.00 | Actor Loss: -0.0052 | Critic Loss: 0.8420 | Grad Norm: 2.4260 | Clipped: 4/4
Epoch [1805/4000] | Avg Makespan: 242.25 | Actor Loss: -0.0078 | Critic Loss: 0.7137 | Grad Norm: 1.4639 | Clipped: 2/4
Epoch [1806/4000] | Avg Makespan: 225.50 | Actor Loss: -0.0067 | Critic Loss: 0.3648 | Grad Norm: 1.4230 | Clipped: 4/4
Epoch [1807/4000] | Avg Makespan: 233.25 | Actor Loss: -0.0027 | Critic Loss: 0.2485 | Grad Norm: 3.3839 | Clipped: 4/4
Epoch [1808/4000] | Avg Makespan: 265.00 | Actor Loss: -0.0027 | Critic Loss: 1.1891 | Grad Norm: 1.8262 | Clipped: 4/4
Epoch [1809/4000] | Avg Makespan: 227.00 | Actor Loss: -0.0082 | Critic Loss: 0.3545 | Grad Norm: 0.9781 | Clipped: 2/4
Epoch [1810/4000] | Avg Makespan: 216.50 | Actor Loss: -0.0028 | Critic Loss: 0.2184 | Grad Norm: 1.8642 | Clipped: 3/4
Epoch [1811/4000] | Avg Makespan: 231.50 | Actor Loss: 0.0015 | Critic Loss: 0.2852 | Grad Norm: 1.5176 | Clipped: 3/4
Epoch [1812/4000] | Avg Makespan: 219.25 | Actor Loss: -0.0037 | Critic Loss: 0.0522 | Grad Norm: 1.0947 | Clipped: 3/4
Epoch [1813/4000] | Avg Makespan: 245.75 | Actor Loss: 0.0003 | Critic Loss: 0.6189 | Grad Norm: 2.3264 | Clipped: 4/4
Epoch [1814/4000] | Avg Makespan: 246.75 | Actor Loss: -0.0032 | Critic Loss: 0.9147 | Grad Norm: 1.2958 | Clipped: 3/4
Epoch [1815/4000] | Avg Makespan: 234.25 | Actor Loss: -0.0041 | Critic Loss: 0.2602 | Grad Norm: 1.5071 | Clipped: 4/4
Epoch [1816/4000] | Avg Makespan: 221.75 | Actor Loss: -0.0058 | Critic Loss: 0.1316 | Grad Norm: 1.2203 | Clipped: 2/4
Epoch [1817/4000] | Avg Makespan: 229.50 | Actor Loss: -0.0046 | Critic Loss: 0.1599 | Grad Norm: 1.2482 | Clipped: 4/4
Epoch [1818/4000] | Avg Makespan: 228.75 | Actor Loss: -0.0070 | Critic Loss: 0.3092 | Grad Norm: 1.1539 | Clipped: 2/4
Epoch [1819/4000] | Avg Makespan: 248.75 | Actor Loss: -0.0036 | Critic Loss: 0.5659 | Grad Norm: 1.2174 | Clipped: 3/4
Epoch [1820/4000] | Avg Makespan: 223.75 | Actor Loss: -0.0046 | Critic Loss: 0.1019 | Grad Norm: 1.8302 | Clipped: 4/4
Epoch [1821/4000] | Avg Makespan: 224.25 | Actor Loss: 0.0073 | Critic Loss: 0.1184 | Grad Norm: 5.5476 | Clipped: 4/4
Epoch [1822/4000] | Avg Makespan: 232.75 | Actor Loss: -0.0070 | Critic Loss: 0.8138 | Grad Norm: 1.5524 | Clipped: 3/4
Epoch [1823/4000] | Avg Makespan: 243.75 | Actor Loss: -0.0087 | Critic Loss: 0.6872 | Grad Norm: 1.3446 | Clipped: 3/4
Epoch [1824/4000] | Avg Makespan: 222.50 | Actor Loss: -0.0056 | Critic Loss: 0.2079 | Grad Norm: 1.0620 | Clipped: 3/4
Epoch [1825/4000] | Avg Makespan: 217.75 | Actor Loss: -0.0063 | Critic Loss: 0.1734 | Grad Norm: 1.5535 | Clipped: 4/4
Epoch [1826/4000] | Avg Makespan: 251.25 | Actor Loss: -0.0052 | Critic Loss: 0.4463 | Grad Norm: 1.8917 | Clipped: 4/4
Epoch [1827/4000] | Avg Makespan: 254.25 | Actor Loss: -0.0051 | Critic Loss: 0.4736 | Grad Norm: 1.6754 | Clipped: 4/4
Epoch [1828/4000] | Avg Makespan: 224.50 | Actor Loss: -0.0037 | Critic Loss: 0.2604 | Grad Norm: 1.4029 | Clipped: 4/4
Epoch [1829/4000] | Avg Makespan: 237.25 | Actor Loss: -0.0083 | Critic Loss: 0.3086 | Grad Norm: 1.1692 | Clipped: 2/4
Epoch [1830/4000] | Avg Makespan: 215.75 | Actor Loss: 0.0080 | Critic Loss: 0.3111 | Grad Norm: 4.7240 | Clipped: 4/4
Epoch [1831/4000] | Avg Makespan: 228.00 | Actor Loss: -0.0035 | Critic Loss: 0.2832 | Grad Norm: 1.4542 | Clipped: 4/4
Epoch [1832/4000] | Avg Makespan: 236.75 | Actor Loss: -0.0042 | Critic Loss: 0.2731 | Grad Norm: 1.6557 | Clipped: 4/4
Epoch [1833/4000] | Avg Makespan: 234.50 | Actor Loss: 0.0026 | Critic Loss: 0.3774 | Grad Norm: 3.2241 | Clipped: 4/4
Epoch [1834/4000] | Avg Makespan: 228.50 | Actor Loss: -0.0060 | Critic Loss: 0.1753 | Grad Norm: 1.1898 | Clipped: 3/4
Epoch [1835/4000] | Avg Makespan: 218.00 | Actor Loss: -0.0027 | Critic Loss: 0.1764 | Grad Norm: 2.2428 | Clipped: 4/4
Epoch [1836/4000] | Avg Makespan: 232.25 | Actor Loss: -0.0048 | Critic Loss: 0.1946 | Grad Norm: 1.4436 | Clipped: 3/4
Epoch [1837/4000] | Avg Makespan: 242.25 | Actor Loss: 0.0002 | Critic Loss: 0.5328 | Grad Norm: 3.1893 | Clipped: 4/4
Epoch [1838/4000] | Avg Makespan: 253.25 | Actor Loss: -0.0032 | Critic Loss: 0.6861 | Grad Norm: 3.2388 | Clipped: 4/4
Epoch [1839/4000] | Avg Makespan: 233.00 | Actor Loss: -0.0065 | Critic Loss: 0.3721 | Grad Norm: 1.4723 | Clipped: 4/4
Epoch [1840/4000] | Avg Makespan: 242.75 | Actor Loss: -0.0059 | Critic Loss: 0.1933 | Grad Norm: 1.3067 | Clipped: 3/4
Epoch [1841/4000] | Avg Makespan: 217.25 | Actor Loss: -0.0013 | Critic Loss: 0.2845 | Grad Norm: 2.3523 | Clipped: 4/4
Epoch [1842/4000] | Avg Makespan: 237.25 | Actor Loss: -0.0054 | Critic Loss: 0.3516 | Grad Norm: 1.3656 | Clipped: 3/4
Epoch [1843/4000] | Avg Makespan: 228.75 | Actor Loss: -0.0070 | Critic Loss: 0.1560 | Grad Norm: 1.3455 | Clipped: 3/4
Epoch [1844/4000] | Avg Makespan: 242.00 | Actor Loss: -0.0059 | Critic Loss: 0.4969 | Grad Norm: 1.2176 | Clipped: 4/4
Epoch [1845/4000] | Avg Makespan: 226.50 | Actor Loss: -0.0055 | Critic Loss: 0.2143 | Grad Norm: 1.1022 | Clipped: 2/4
Epoch [1846/4000] | Avg Makespan: 247.25 | Actor Loss: -0.0064 | Critic Loss: 0.4988 | Grad Norm: 1.0826 | Clipped: 4/4
Epoch [1847/4000] | Avg Makespan: 235.75 | Actor Loss: -0.0063 | Critic Loss: 0.1849 | Grad Norm: 1.0755 | Clipped: 2/4
Epoch [1848/4000] | Avg Makespan: 239.25 | Actor Loss: -0.0026 | Critic Loss: 0.4895 | Grad Norm: 2.1941 | Clipped: 4/4
Epoch [1849/4000] | Avg Makespan: 237.75 | Actor Loss: -0.0012 | Critic Loss: 0.1722 | Grad Norm: 2.5004 | Clipped: 4/4
Epoch [1850/4000] | Avg Makespan: 242.00 | Actor Loss: -0.0051 | Critic Loss: 0.2360 | Grad Norm: 1.1437 | Clipped: 2/4
Epoch [1851/4000] | Avg Makespan: 235.75 | Actor Loss: -0.0021 | Critic Loss: 0.3758 | Grad Norm: 1.8957 | Clipped: 4/4
Epoch [1852/4000] | Avg Makespan: 220.25 | Actor Loss: -0.0032 | Critic Loss: 0.1998 | Grad Norm: 1.6426 | Clipped: 4/4
Epoch [1853/4000] | Avg Makespan: 232.25 | Actor Loss: 0.0004 | Critic Loss: 0.4287 | Grad Norm: 2.3252 | Clipped: 4/4
Epoch [1854/4000] | Avg Makespan: 228.75 | Actor Loss: -0.0067 | Critic Loss: 0.1209 | Grad Norm: 1.1425 | Clipped: 3/4
Epoch [1855/4000] | Avg Makespan: 234.25 | Actor Loss: -0.0085 | Critic Loss: 0.5427 | Grad Norm: 1.4292 | Clipped: 4/4
Epoch [1856/4000] | Avg Makespan: 217.75 | Actor Loss: -0.0044 | Critic Loss: 0.1135 | Grad Norm: 1.5192 | Clipped: 3/4
Epoch [1857/4000] | Avg Makespan: 247.75 | Actor Loss: -0.0017 | Critic Loss: 0.6800 | Grad Norm: 2.5156 | Clipped: 4/4
Epoch [1858/4000] | Avg Makespan: 232.25 | Actor Loss: -0.0015 | Critic Loss: 0.4267 | Grad Norm: 2.8138 | Clipped: 4/4
Epoch [1859/4000] | Avg Makespan: 230.75 | Actor Loss: -0.0067 | Critic Loss: 0.1623 | Grad Norm: 1.1071 | Clipped: 2/4
Epoch [1860/4000] | Avg Makespan: 223.50 | Actor Loss: -0.0061 | Critic Loss: 0.0766 | Grad Norm: 1.2422 | Clipped: 2/4
Epoch [1861/4000] | Avg Makespan: 227.00 | Actor Loss: -0.0050 | Critic Loss: 0.2139 | Grad Norm: 0.7215 | Clipped: 1/4
Epoch [1862/4000] | Avg Makespan: 224.50 | Actor Loss: -0.0046 | Critic Loss: 0.1435 | Grad Norm: 1.5569 | Clipped: 3/4
Epoch [1863/4000] | Avg Makespan: 224.75 | Actor Loss: -0.0068 | Critic Loss: 0.1529 | Grad Norm: 0.9894 | Clipped: 1/4
Epoch [1864/4000] | Avg Makespan: 222.25 | Actor Loss: -0.0034 | Critic Loss: 0.1408 | Grad Norm: 1.7254 | Clipped: 2/4
Epoch [1865/4000] | Avg Makespan: 224.75 | Actor Loss: -0.0048 | Critic Loss: 0.2527 | Grad Norm: 1.3948 | Clipped: 4/4
Epoch [1866/4000] | Avg Makespan: 232.50 | Actor Loss: -0.0068 | Critic Loss: 0.2583 | Grad Norm: 1.4461 | Clipped: 1/4
Epoch [1867/4000] | Avg Makespan: 230.75 | Actor Loss: -0.0068 | Critic Loss: 0.3655 | Grad Norm: 0.9612 | Clipped: 1/4
Epoch [1868/4000] | Avg Makespan: 254.00 | Actor Loss: -0.0063 | Critic Loss: 0.5406 | Grad Norm: 1.3528 | Clipped: 3/4
Epoch [1869/4000] | Avg Makespan: 224.50 | Actor Loss: -0.0048 | Critic Loss: 0.0510 | Grad Norm: 2.5152 | Clipped: 4/4
Epoch [1870/4000] | Avg Makespan: 230.50 | Actor Loss: -0.0051 | Critic Loss: 0.3420 | Grad Norm: 1.1756 | Clipped: 3/4
Epoch [1871/4000] | Avg Makespan: 237.25 | Actor Loss: -0.0062 | Critic Loss: 0.2283 | Grad Norm: 1.4155 | Clipped: 3/4
Epoch [1872/4000] | Avg Makespan: 234.00 | Actor Loss: -0.0037 | Critic Loss: 0.1330 | Grad Norm: 1.4740 | Clipped: 3/4
Epoch [1873/4000] | Avg Makespan: 242.25 | Actor Loss: -0.0064 | Critic Loss: 0.5192 | Grad Norm: 1.3538 | Clipped: 3/4
Epoch [1874/4000] | Avg Makespan: 235.75 | Actor Loss: -0.0102 | Critic Loss: 0.2245 | Grad Norm: 1.1079 | Clipped: 3/4
Epoch [1875/4000] | Avg Makespan: 228.75 | Actor Loss: -0.0050 | Critic Loss: 0.3362 | Grad Norm: 2.0028 | Clipped: 4/4
Epoch [1876/4000] | Avg Makespan: 239.25 | Actor Loss: -0.0039 | Critic Loss: 0.1741 | Grad Norm: 1.0192 | Clipped: 2/4
Epoch [1877/4000] | Avg Makespan: 231.75 | Actor Loss: -0.0050 | Critic Loss: 0.3924 | Grad Norm: 1.3569 | Clipped: 3/4
Epoch [1878/4000] | Avg Makespan: 237.75 | Actor Loss: -0.0031 | Critic Loss: 0.2878 | Grad Norm: 1.0696 | Clipped: 3/4
Epoch [1879/4000] | Avg Makespan: 220.75 | Actor Loss: -0.0040 | Critic Loss: 0.1002 | Grad Norm: 1.1705 | Clipped: 2/4
Epoch [1880/4000] | Avg Makespan: 258.00 | Actor Loss: -0.0039 | Critic Loss: 0.8771 | Grad Norm: 1.6985 | Clipped: 4/4
Epoch [1881/4000] | Avg Makespan: 251.25 | Actor Loss: -0.0028 | Critic Loss: 0.6207 | Grad Norm: 1.8526 | Clipped: 3/4
Epoch [1882/4000] | Avg Makespan: 222.75 | Actor Loss: -0.0016 | Critic Loss: 0.4623 | Grad Norm: 1.9572 | Clipped: 4/4
Epoch [1883/4000] | Avg Makespan: 247.50 | Actor Loss: -0.0069 | Critic Loss: 0.8058 | Grad Norm: 1.1536 | Clipped: 2/4
Epoch [1884/4000] | Avg Makespan: 258.00 | Actor Loss: -0.0031 | Critic Loss: 0.5142 | Grad Norm: 1.3017 | Clipped: 4/4
Epoch [1885/4000] | Avg Makespan: 248.50 | Actor Loss: -0.0045 | Critic Loss: 0.5294 | Grad Norm: 2.3516 | Clipped: 4/4
Epoch [1886/4000] | Avg Makespan: 235.25 | Actor Loss: -0.0047 | Critic Loss: 0.4013 | Grad Norm: 1.5058 | Clipped: 4/4
Epoch [1887/4000] | Avg Makespan: 223.75 | Actor Loss: -0.0030 | Critic Loss: 0.2147 | Grad Norm: 2.0714 | Clipped: 4/4
Epoch [1888/4000] | Avg Makespan: 224.00 | Actor Loss: -0.0036 | Critic Loss: 0.1315 | Grad Norm: 1.3665 | Clipped: 3/4
Epoch [1889/4000] | Avg Makespan: 243.00 | Actor Loss: -0.0031 | Critic Loss: 0.5635 | Grad Norm: 1.3848 | Clipped: 4/4
Epoch [1890/4000] | Avg Makespan: 220.00 | Actor Loss: -0.0010 | Critic Loss: 0.0561 | Grad Norm: 2.3731 | Clipped: 4/4
Epoch [1891/4000] | Avg Makespan: 244.00 | Actor Loss: -0.0048 | Critic Loss: 0.6185 | Grad Norm: 1.4564 | Clipped: 4/4
Epoch [1892/4000] | Avg Makespan: 230.00 | Actor Loss: -0.0017 | Critic Loss: 0.2982 | Grad Norm: 1.5069 | Clipped: 4/4
Epoch [1893/4000] | Avg Makespan: 227.25 | Actor Loss: -0.0030 | Critic Loss: 0.3147 | Grad Norm: 0.9667 | Clipped: 1/4
Epoch [1894/4000] | Avg Makespan: 232.00 | Actor Loss: -0.0050 | Critic Loss: 0.2772 | Grad Norm: 0.8830 | Clipped: 1/4
Epoch [1895/4000] | Avg Makespan: 234.25 | Actor Loss: -0.0023 | Critic Loss: 0.2629 | Grad Norm: 2.8656 | Clipped: 4/4
Epoch [1896/4000] | Avg Makespan: 227.75 | Actor Loss: -0.0074 | Critic Loss: 0.1413 | Grad Norm: 1.2534 | Clipped: 3/4
Epoch [1897/4000] | Avg Makespan: 234.00 | Actor Loss: -0.0060 | Critic Loss: 0.3383 | Grad Norm: 1.6251 | Clipped: 4/4
Epoch [1898/4000] | Avg Makespan: 250.00 | Actor Loss: -0.0051 | Critic Loss: 0.9055 | Grad Norm: 1.1900 | Clipped: 3/4
Epoch [1899/4000] | Avg Makespan: 235.50 | Actor Loss: 0.0024 | Critic Loss: 0.2871 | Grad Norm: 3.5222 | Clipped: 3/4
Epoch [1900/4000] | Avg Makespan: 227.00 | Actor Loss: -0.0026 | Critic Loss: 0.3744 | Grad Norm: 1.5675 | Clipped: 3/4
   -> Validation | Samples: 280 | Makespan: 1097.30 | Invalid Jobs: 0.01 | Score: 1108.01
   -> Saved updated training chart to /home/wei/Desktop/AMR-DFJSP/runs/20260827_084425_v10_B_s42/chart.png
Epoch [1901/4000] | Avg Makespan: 224.50 | Actor Loss: -0.0061 | Critic Loss: 0.2827 | Grad Norm: 1.0613 | Clipped: 2/4
Epoch [1902/4000] | Avg Makespan: 235.50 | Actor Loss: -0.0028 | Critic Loss: 0.3087 | Grad Norm: 1.2304 | Clipped: 3/4
Epoch [1903/4000] | Avg Makespan: 220.00 | Actor Loss: -0.0056 | Critic Loss: 0.2454 | Grad Norm: 1.1618 | Clipped: 3/4
Epoch [1904/4000] | Avg Makespan: 227.50 | Actor Loss: -0.0055 | Critic Loss: 0.1513 | Grad Norm: 1.0529 | Clipped: 2/4
Epoch [1905/4000] | Avg Makespan: 221.50 | Actor Loss: -0.0074 | Critic Loss: 0.1558 | Grad Norm: 0.7392 | Clipped: 0/4
Epoch [1906/4000] | Avg Makespan: 243.50 | Actor Loss: -0.0059 | Critic Loss: 0.6599 | Grad Norm: 1.5795 | Clipped: 4/4
Epoch [1907/4000] | Avg Makespan: 241.00 | Actor Loss: -0.0033 | Critic Loss: 0.3876 | Grad Norm: 1.6652 | Clipped: 4/4
Epoch [1908/4000] | Avg Makespan: 253.50 | Actor Loss: -0.0059 | Critic Loss: 0.4636 | Grad Norm: 1.3419 | Clipped: 2/4
Epoch [1909/4000] | Avg Makespan: 233.00 | Actor Loss: -0.0057 | Critic Loss: 0.2176 | Grad Norm: 1.2007 | Clipped: 2/4
Epoch [1910/4000] | Avg Makespan: 223.00 | Actor Loss: -0.0057 | Critic Loss: 0.2712 | Grad Norm: 0.8001 | Clipped: 1/4
Epoch [1911/4000] | Avg Makespan: 244.50 | Actor Loss: -0.0074 | Critic Loss: 0.4664 | Grad Norm: 0.9723 | Clipped: 1/4
Epoch [1912/4000] | Avg Makespan: 241.50 | Actor Loss: -0.0036 | Critic Loss: 0.3180 | Grad Norm: 1.1458 | Clipped: 3/4
Epoch [1913/4000] | Avg Makespan: 220.00 | Actor Loss: -0.0043 | Critic Loss: 0.2376 | Grad Norm: 2.6865 | Clipped: 4/4
Epoch [1914/4000] | Avg Makespan: 220.75 | Actor Loss: -0.0058 | Critic Loss: 0.0983 | Grad Norm: 1.4941 | Clipped: 2/4
Epoch [1915/4000] | Avg Makespan: 228.50 | Actor Loss: -0.0079 | Critic Loss: 0.1839 | Grad Norm: 0.9424 | Clipped: 2/4
Epoch [1916/4000] | Avg Makespan: 233.50 | Actor Loss: -0.0028 | Critic Loss: 0.2228 | Grad Norm: 1.5255 | Clipped: 4/4
Epoch [1917/4000] | Avg Makespan: 230.00 | Actor Loss: -0.0047 | Critic Loss: 0.2520 | Grad Norm: 2.1018 | Clipped: 3/4
Epoch [1918/4000] | Avg Makespan: 224.00 | Actor Loss: -0.0058 | Critic Loss: 0.0958 | Grad Norm: 1.1114 | Clipped: 2/4
Epoch [1919/4000] | Avg Makespan: 216.00 | Actor Loss: -0.0040 | Critic Loss: 0.0978 | Grad Norm: 1.3156 | Clipped: 2/4
Epoch [1920/4000] | Avg Makespan: 216.75 | Actor Loss: -0.0065 | Critic Loss: 0.0790 | Grad Norm: 1.2583 | Clipped: 2/4
Epoch [1921/4000] | Avg Makespan: 225.50 | Actor Loss: -0.0070 | Critic Loss: 0.1639 | Grad Norm: 1.0573 | Clipped: 3/4
Epoch [1922/4000] | Avg Makespan: 226.00 | Actor Loss: -0.0083 | Critic Loss: 0.2480 | Grad Norm: 1.0651 | Clipped: 2/4
Epoch [1923/4000] | Avg Makespan: 215.75 | Actor Loss: -0.0061 | Critic Loss: 0.0591 | Grad Norm: 0.7662 | Clipped: 1/4
Epoch [1924/4000] | Avg Makespan: 235.00 | Actor Loss: -0.0047 | Critic Loss: 0.4144 | Grad Norm: 1.0613 | Clipped: 3/4
Epoch [1925/4000] | Avg Makespan: 231.75 | Actor Loss: -0.0083 | Critic Loss: 0.3036 | Grad Norm: 0.9082 | Clipped: 1/4
Epoch [1926/4000] | Avg Makespan: 242.25 | Actor Loss: -0.0009 | Critic Loss: 0.4466 | Grad Norm: 1.1686 | Clipped: 2/4
Epoch [1927/4000] | Avg Makespan: 221.00 | Actor Loss: -0.0045 | Critic Loss: 0.1275 | Grad Norm: 1.0866 | Clipped: 1/4
Epoch [1928/4000] | Avg Makespan: 234.25 | Actor Loss: -0.0058 | Critic Loss: 0.1172 | Grad Norm: 1.0436 | Clipped: 2/4
Epoch [1929/4000] | Avg Makespan: 214.75 | Actor Loss: -0.0051 | Critic Loss: 0.1466 | Grad Norm: 1.0203 | Clipped: 2/4
Epoch [1930/4000] | Avg Makespan: 237.00 | Actor Loss: -0.0073 | Critic Loss: 0.3257 | Grad Norm: 0.9448 | Clipped: 1/4
Epoch [1931/4000] | Avg Makespan: 239.50 | Actor Loss: -0.0029 | Critic Loss: 0.4165 | Grad Norm: 1.0899 | Clipped: 2/4
Epoch [1932/4000] | Avg Makespan: 218.75 | Actor Loss: -0.0055 | Critic Loss: 0.1095 | Grad Norm: 1.0084 | Clipped: 1/4
Epoch [1933/4000] | Avg Makespan: 222.75 | Actor Loss: -0.0076 | Critic Loss: 0.2383 | Grad Norm: 0.8012 | Clipped: 1/4
Epoch [1934/4000] | Avg Makespan: 215.25 | Actor Loss: -0.0058 | Critic Loss: 0.1285 | Grad Norm: 0.7680 | Clipped: 1/4
Epoch [1935/4000] | Avg Makespan: 244.75 | Actor Loss: -0.0048 | Critic Loss: 0.4499 | Grad Norm: 1.2267 | Clipped: 3/4
Epoch [1936/4000] | Avg Makespan: 233.00 | Actor Loss: -0.0055 | Critic Loss: 0.4507 | Grad Norm: 0.8130 | Clipped: 1/4
Epoch [1937/4000] | Avg Makespan: 235.50 | Actor Loss: -0.0038 | Critic Loss: 0.2033 | Grad Norm: 1.3666 | Clipped: 3/4
Epoch [1938/4000] | Avg Makespan: 240.75 | Actor Loss: -0.0044 | Critic Loss: 0.5002 | Grad Norm: 1.0756 | Clipped: 1/4
Epoch [1939/4000] | Avg Makespan: 219.25 | Actor Loss: -0.0044 | Critic Loss: 0.1746 | Grad Norm: 1.1184 | Clipped: 3/4
Epoch [1940/4000] | Avg Makespan: 231.50 | Actor Loss: -0.0075 | Critic Loss: 0.1151 | Grad Norm: 1.1301 | Clipped: 2/4
Epoch [1941/4000] | Avg Makespan: 223.50 | Actor Loss: -0.0046 | Critic Loss: 0.2442 | Grad Norm: 0.6971 | Clipped: 1/4
Epoch [1942/4000] | Avg Makespan: 232.75 | Actor Loss: -0.0080 | Critic Loss: 0.2794 | Grad Norm: 0.9980 | Clipped: 1/4
Epoch [1943/4000] | Avg Makespan: 228.25 | Actor Loss: -0.0064 | Critic Loss: 0.2016 | Grad Norm: 0.7949 | Clipped: 1/4
Epoch [1944/4000] | Avg Makespan: 237.75 | Actor Loss: -0.0059 | Critic Loss: 0.2479 | Grad Norm: 0.7061 | Clipped: 0/4
Epoch [1945/4000] | Avg Makespan: 232.00 | Actor Loss: -0.0074 | Critic Loss: 0.6505 | Grad Norm: 1.5913 | Clipped: 3/4
Epoch [1946/4000] | Avg Makespan: 242.50 | Actor Loss: -0.0069 | Critic Loss: 0.4063 | Grad Norm: 1.2044 | Clipped: 4/4
Epoch [1947/4000] | Avg Makespan: 230.75 | Actor Loss: -0.0062 | Critic Loss: 0.2398 | Grad Norm: 1.0957 | Clipped: 2/4
Epoch [1948/4000] | Avg Makespan: 228.50 | Actor Loss: -0.0071 | Critic Loss: 0.2326 | Grad Norm: 1.2756 | Clipped: 2/4
Epoch [1949/4000] | Avg Makespan: 218.25 | Actor Loss: -0.0010 | Critic Loss: 0.2010 | Grad Norm: 2.0227 | Clipped: 4/4
Epoch [1950/4000] | Avg Makespan: 233.75 | Actor Loss: -0.0070 | Critic Loss: 0.4875 | Grad Norm: 0.8427 | Clipped: 1/4
Epoch [1951/4000] | Avg Makespan: 220.50 | Actor Loss: -0.0072 | Critic Loss: 0.0969 | Grad Norm: 0.9228 | Clipped: 2/4
Epoch [1952/4000] | Avg Makespan: 230.25 | Actor Loss: -0.0078 | Critic Loss: 0.2618 | Grad Norm: 0.8565 | Clipped: 1/4
Epoch [1953/4000] | Avg Makespan: 231.25 | Actor Loss: -0.0058 | Critic Loss: 0.1571 | Grad Norm: 1.1501 | Clipped: 2/4
Epoch [1954/4000] | Avg Makespan: 230.00 | Actor Loss: -0.0065 | Critic Loss: 0.3047 | Grad Norm: 1.0783 | Clipped: 2/4
Epoch [1955/4000] | Avg Makespan: 227.50 | Actor Loss: -0.0069 | Critic Loss: 0.2156 | Grad Norm: 0.9733 | Clipped: 2/4
Epoch [1956/4000] | Avg Makespan: 221.25 | Actor Loss: -0.0080 | Critic Loss: 0.1184 | Grad Norm: 0.7430 | Clipped: 0/4
Epoch [1957/4000] | Avg Makespan: 224.50 | Actor Loss: -0.0033 | Critic Loss: 0.1449 | Grad Norm: 1.4957 | Clipped: 4/4
Epoch [1958/4000] | Avg Makespan: 238.00 | Actor Loss: -0.0073 | Critic Loss: 0.1954 | Grad Norm: 1.0637 | Clipped: 3/4
Epoch [1959/4000] | Avg Makespan: 230.25 | Actor Loss: -0.0060 | Critic Loss: 0.2232 | Grad Norm: 1.3533 | Clipped: 2/4
Epoch [1960/4000] | Avg Makespan: 226.25 | Actor Loss: -0.0064 | Critic Loss: 0.1076 | Grad Norm: 1.3663 | Clipped: 3/4
Epoch [1961/4000] | Avg Makespan: 220.00 | Actor Loss: -0.0057 | Critic Loss: 0.0618 | Grad Norm: 1.1487 | Clipped: 2/4
Epoch [1962/4000] | Avg Makespan: 217.75 | Actor Loss: -0.0035 | Critic Loss: 0.0257 | Grad Norm: 2.3438 | Clipped: 4/4
Epoch [1963/4000] | Avg Makespan: 237.00 | Actor Loss: -0.0059 | Critic Loss: 0.5784 | Grad Norm: 1.5360 | Clipped: 4/4
Epoch [1964/4000] | Avg Makespan: 236.50 | Actor Loss: -0.0086 | Critic Loss: 0.6345 | Grad Norm: 1.2716 | Clipped: 4/4
Epoch [1965/4000] | Avg Makespan: 216.00 | Actor Loss: -0.0065 | Critic Loss: 0.1232 | Grad Norm: 1.4547 | Clipped: 3/4
Epoch [1966/4000] | Avg Makespan: 231.75 | Actor Loss: -0.0072 | Critic Loss: 0.2615 | Grad Norm: 0.9719 | Clipped: 1/4
Epoch [1967/4000] | Avg Makespan: 238.00 | Actor Loss: -0.0077 | Critic Loss: 0.3613 | Grad Norm: 1.2327 | Clipped: 4/4
Epoch [1968/4000] | Avg Makespan: 241.25 | Actor Loss: -0.0079 | Critic Loss: 0.5545 | Grad Norm: 1.0114 | Clipped: 2/4
Epoch [1969/4000] | Avg Makespan: 230.50 | Actor Loss: -0.0061 | Critic Loss: 0.2477 | Grad Norm: 1.0123 | Clipped: 2/4
Epoch [1970/4000] | Avg Makespan: 236.25 | Actor Loss: -0.0090 | Critic Loss: 0.2465 | Grad Norm: 1.1852 | Clipped: 2/4
Epoch [1971/4000] | Avg Makespan: 237.00 | Actor Loss: -0.0075 | Critic Loss: 0.4312 | Grad Norm: 1.1140 | Clipped: 2/4
Epoch [1972/4000] | Avg Makespan: 229.25 | Actor Loss: -0.0055 | Critic Loss: 0.2020 | Grad Norm: 1.5839 | Clipped: 4/4
Epoch [1973/4000] | Avg Makespan: 236.25 | Actor Loss: -0.0063 | Critic Loss: 0.3007 | Grad Norm: 1.4755 | Clipped: 2/4
Epoch [1974/4000] | Avg Makespan: 226.75 | Actor Loss: -0.0078 | Critic Loss: 0.2375 | Grad Norm: 1.0357 | Clipped: 2/4
Epoch [1975/4000] | Avg Makespan: 224.50 | Actor Loss: -0.0095 | Critic Loss: 0.1482 | Grad Norm: 0.9121 | Clipped: 1/4
Epoch [1976/4000] | Avg Makespan: 220.25 | Actor Loss: -0.0094 | Critic Loss: 0.0445 | Grad Norm: 0.8833 | Clipped: 1/4
Epoch [1977/4000] | Avg Makespan: 217.25 | Actor Loss: -0.0058 | Critic Loss: 0.0674 | Grad Norm: 1.0442 | Clipped: 1/4
Epoch [1978/4000] | Avg Makespan: 237.75 | Actor Loss: -0.0054 | Critic Loss: 0.4458 | Grad Norm: 1.4813 | Clipped: 4/4
Epoch [1979/4000] | Avg Makespan: 227.50 | Actor Loss: -0.0063 | Critic Loss: 0.1643 | Grad Norm: 1.1380 | Clipped: 3/4
Epoch [1980/4000] | Avg Makespan: 233.25 | Actor Loss: -0.0075 | Critic Loss: 0.2530 | Grad Norm: 1.2013 | Clipped: 3/4
Epoch [1981/4000] | Avg Makespan: 233.75 | Actor Loss: -0.0069 | Critic Loss: 0.1610 | Grad Norm: 1.0961 | Clipped: 2/4
Epoch [1982/4000] | Avg Makespan: 224.00 | Actor Loss: -0.0061 | Critic Loss: 0.1528 | Grad Norm: 1.5395 | Clipped: 4/4
Epoch [1983/4000] | Avg Makespan: 225.25 | Actor Loss: -0.0037 | Critic Loss: 0.0460 | Grad Norm: 1.0718 | Clipped: 3/4
Epoch [1984/4000] | Avg Makespan: 229.25 | Actor Loss: -0.0043 | Critic Loss: 0.1446 | Grad Norm: 1.3664 | Clipped: 3/4
Epoch [1985/4000] | Avg Makespan: 212.75 | Actor Loss: -0.0050 | Critic Loss: 0.1045 | Grad Norm: 1.2819 | Clipped: 4/4
Epoch [1986/4000] | Avg Makespan: 232.75 | Actor Loss: -0.0057 | Critic Loss: 0.3223 | Grad Norm: 1.3836 | Clipped: 3/4
Epoch [1987/4000] | Avg Makespan: 219.50 | Actor Loss: -0.0031 | Critic Loss: 0.0436 | Grad Norm: 1.3892 | Clipped: 4/4
Epoch [1988/4000] | Avg Makespan: 219.50 | Actor Loss: -0.0075 | Critic Loss: 0.0616 | Grad Norm: 0.9476 | Clipped: 2/4
Epoch [1989/4000] | Avg Makespan: 224.25 | Actor Loss: -0.0062 | Critic Loss: 0.1200 | Grad Norm: 1.2666 | Clipped: 3/4
Epoch [1990/4000] | Avg Makespan: 220.25 | Actor Loss: -0.0075 | Critic Loss: 0.0489 | Grad Norm: 1.0480 | Clipped: 2/4
Epoch [1991/4000] | Avg Makespan: 225.25 | Actor Loss: -0.0042 | Critic Loss: 0.0946 | Grad Norm: 1.4112 | Clipped: 3/4
Epoch [1992/4000] | Avg Makespan: 224.75 | Actor Loss: -0.0065 | Critic Loss: 0.1149 | Grad Norm: 0.9804 | Clipped: 2/4
Epoch [1993/4000] | Avg Makespan: 223.00 | Actor Loss: -0.0062 | Critic Loss: 0.0313 | Grad Norm: 0.8889 | Clipped: 1/4
Epoch [1994/4000] | Avg Makespan: 215.00 | Actor Loss: -0.0066 | Critic Loss: 0.1366 | Grad Norm: 1.2284 | Clipped: 4/4
Epoch [1995/4000] | Avg Makespan: 232.50 | Actor Loss: -0.0056 | Critic Loss: 0.3479 | Grad Norm: 1.7950 | Clipped: 3/4
Epoch [1996/4000] | Avg Makespan: 220.00 | Actor Loss: -0.0076 | Critic Loss: 0.0472 | Grad Norm: 1.1006 | Clipped: 2/4
Epoch [1997/4000] | Avg Makespan: 228.25 | Actor Loss: -0.0109 | Critic Loss: 0.2629 | Grad Norm: 1.4694 | Clipped: 2/4
Epoch [1998/4000] | Avg Makespan: 236.25 | Actor Loss: -0.0087 | Critic Loss: 0.4713 | Grad Norm: 1.1904 | Clipped: 2/4
Epoch [1999/4000] | Avg Makespan: 226.75 | Actor Loss: -0.0040 | Critic Loss: 0.0247 | Grad Norm: 1.0681 | Clipped: 2/4
Epoch [2000/4000] | Avg Makespan: 232.50 | Actor Loss: -0.0078 | Critic Loss: 0.1371 | Grad Norm: 0.9558 | Clipped: 2/4
   -> Validation | Samples: 280 | Makespan: 1044.99 | Invalid Jobs: 0.00 | Score: 1048.56
   -> Saved updated training chart to /home/wei/Desktop/AMR-DFJSP/runs/20260827_084425_v10_B_s42/chart.png
Epoch [2001/4000] | Avg Makespan: 235.75 | Actor Loss: -0.0057 | Critic Loss: 0.1334 | Grad Norm: 1.2323 | Clipped: 1/4
Epoch [2002/4000] | Avg Makespan: 220.25 | Actor Loss: -0.0059 | Critic Loss: 0.2032 | Grad Norm: 1.1927 | Clipped: 3/4
Epoch [2003/4000] | Avg Makespan: 222.00 | Actor Loss: -0.0076 | Critic Loss: 0.1605 | Grad Norm: 0.8571 | Clipped: 1/4
Epoch [2004/4000] | Avg Makespan: 220.50 | Actor Loss: -0.0069 | Critic Loss: 0.0394 | Grad Norm: 0.9974 | Clipped: 2/4
Epoch [2005/4000] | Avg Makespan: 230.50 | Actor Loss: -0.0059 | Critic Loss: 0.2719 | Grad Norm: 0.8809 | Clipped: 1/4
Epoch [2006/4000] | Avg Makespan: 230.25 | Actor Loss: -0.0062 | Critic Loss: 0.0806 | Grad Norm: 1.1249 | Clipped: 3/4
Epoch [2007/4000] | Avg Makespan: 223.00 | Actor Loss: -0.0079 | Critic Loss: 0.1126 | Grad Norm: 0.9625 | Clipped: 2/4
Epoch [2008/4000] | Avg Makespan: 219.75 | Actor Loss: -0.0057 | Critic Loss: 0.0536 | Grad Norm: 1.1252 | Clipped: 3/4
Epoch [2009/4000] | Avg Makespan: 217.00 | Actor Loss: -0.0070 | Critic Loss: 0.0449 | Grad Norm: 1.0362 | Clipped: 1/4
Epoch [2010/4000] | Avg Makespan: 226.75 | Actor Loss: -0.0064 | Critic Loss: 0.1534 | Grad Norm: 1.3618 | Clipped: 4/4
Epoch [2011/4000] | Avg Makespan: 220.25 | Actor Loss: -0.0077 | Critic Loss: 0.0392 | Grad Norm: 0.8123 | Clipped: 1/4
Epoch [2012/4000] | Avg Makespan: 233.00 | Actor Loss: -0.0082 | Critic Loss: 0.1599 | Grad Norm: 0.9579 | Clipped: 1/4
Epoch [2013/4000] | Avg Makespan: 225.25 | Actor Loss: -0.0061 | Critic Loss: 0.0846 | Grad Norm: 1.5500 | Clipped: 4/4
Epoch [2014/4000] | Avg Makespan: 230.00 | Actor Loss: -0.0036 | Critic Loss: 0.1753 | Grad Norm: 1.7937 | Clipped: 4/4
Epoch [2015/4000] | Avg Makespan: 230.00 | Actor Loss: -0.0055 | Critic Loss: 0.2444 | Grad Norm: 1.1609 | Clipped: 2/4
Epoch [2016/4000] | Avg Makespan: 227.75 | Actor Loss: -0.0055 | Critic Loss: 0.1782 | Grad Norm: 1.1130 | Clipped: 3/4
Epoch [2017/4000] | Avg Makespan: 228.25 | Actor Loss: -0.0059 | Critic Loss: 0.1618 | Grad Norm: 0.9466 | Clipped: 1/4
Epoch [2018/4000] | Avg Makespan: 219.00 | Actor Loss: -0.0075 | Critic Loss: 0.0986 | Grad Norm: 1.3660 | Clipped: 3/4
Epoch [2019/4000] | Avg Makespan: 225.25 | Actor Loss: -0.0081 | Critic Loss: 0.0704 | Grad Norm: 1.1088 | Clipped: 2/4
Epoch [2020/4000] | Avg Makespan: 247.75 | Actor Loss: -0.0016 | Critic Loss: 0.5319 | Grad Norm: 2.5041 | Clipped: 4/4
Epoch [2021/4000] | Avg Makespan: 215.00 | Actor Loss: -0.0073 | Critic Loss: 0.0762 | Grad Norm: 1.2178 | Clipped: 4/4
Epoch [2022/4000] | Avg Makespan: 237.00 | Actor Loss: -0.0047 | Critic Loss: 0.2711 | Grad Norm: 1.3799 | Clipped: 4/4
Epoch [2023/4000] | Avg Makespan: 224.25 | Actor Loss: -0.0076 | Critic Loss: 0.0525 | Grad Norm: 1.1036 | Clipped: 2/4
Epoch [2024/4000] | Avg Makespan: 234.00 | Actor Loss: -0.0084 | Critic Loss: 0.3190 | Grad Norm: 1.1795 | Clipped: 3/4
Epoch [2025/4000] | Avg Makespan: 237.00 | Actor Loss: -0.0050 | Critic Loss: 0.2952 | Grad Norm: 1.0610 | Clipped: 3/4
Epoch [2026/4000] | Avg Makespan: 230.00 | Actor Loss: -0.0074 | Critic Loss: 0.2435 | Grad Norm: 0.9583 | Clipped: 1/4
Epoch [2027/4000] | Avg Makespan: 237.25 | Actor Loss: -0.0074 | Critic Loss: 0.1754 | Grad Norm: 1.4627 | Clipped: 4/4
Epoch [2028/4000] | Avg Makespan: 244.00 | Actor Loss: -0.0040 | Critic Loss: 0.3605 | Grad Norm: 1.9637 | Clipped: 4/4
Epoch [2029/4000] | Avg Makespan: 259.25 | Actor Loss: -0.0083 | Critic Loss: 0.4244 | Grad Norm: 1.1090 | Clipped: 4/4
Epoch [2030/4000] | Avg Makespan: 226.75 | Actor Loss: -0.0055 | Critic Loss: 0.2519 | Grad Norm: 1.2316 | Clipped: 3/4
Epoch [2031/4000] | Avg Makespan: 227.75 | Actor Loss: -0.0066 | Critic Loss: 0.2577 | Grad Norm: 3.0125 | Clipped: 4/4
Epoch [2032/4000] | Avg Makespan: 228.50 | Actor Loss: -0.0084 | Critic Loss: 0.2653 | Grad Norm: 1.1155 | Clipped: 3/4
Epoch [2033/4000] | Avg Makespan: 232.50 | Actor Loss: -0.0089 | Critic Loss: 0.1973 | Grad Norm: 1.5985 | Clipped: 3/4
Epoch [2034/4000] | Avg Makespan: 228.75 | Actor Loss: -0.0051 | Critic Loss: 0.1322 | Grad Norm: 1.6640 | Clipped: 4/4
Epoch [2035/4000] | Avg Makespan: 228.75 | Actor Loss: -0.0070 | Critic Loss: 0.2581 | Grad Norm: 1.1364 | Clipped: 3/4
Epoch [2036/4000] | Avg Makespan: 243.50 | Actor Loss: -0.0056 | Critic Loss: 0.6630 | Grad Norm: 1.4782 | Clipped: 3/4
Epoch [2037/4000] | Avg Makespan: 224.00 | Actor Loss: -0.0075 | Critic Loss: 0.2434 | Grad Norm: 1.0129 | Clipped: 3/4
Epoch [2038/4000] | Avg Makespan: 240.75 | Actor Loss: -0.0049 | Critic Loss: 0.3837 | Grad Norm: 1.4276 | Clipped: 4/4
Epoch [2039/4000] | Avg Makespan: 215.50 | Actor Loss: -0.0057 | Critic Loss: 0.1451 | Grad Norm: 1.5031 | Clipped: 4/4
Epoch [2040/4000] | Avg Makespan: 224.50 | Actor Loss: -0.0052 | Critic Loss: 0.1539 | Grad Norm: 1.4685 | Clipped: 3/4
Epoch [2041/4000] | Avg Makespan: 217.75 | Actor Loss: -0.0056 | Critic Loss: 0.0867 | Grad Norm: 1.8251 | Clipped: 4/4
Epoch [2042/4000] | Avg Makespan: 222.50 | Actor Loss: -0.0073 | Critic Loss: 0.1187 | Grad Norm: 1.2620 | Clipped: 2/4
Epoch [2043/4000] | Avg Makespan: 231.75 | Actor Loss: -0.0066 | Critic Loss: 0.3122 | Grad Norm: 1.0126 | Clipped: 2/4
Epoch [2044/4000] | Avg Makespan: 235.00 | Actor Loss: -0.0057 | Critic Loss: 0.4361 | Grad Norm: 1.2765 | Clipped: 4/4
Epoch [2045/4000] | Avg Makespan: 227.75 | Actor Loss: -0.0099 | Critic Loss: 0.3143 | Grad Norm: 1.1657 | Clipped: 2/4
Epoch [2046/4000] | Avg Makespan: 229.75 | Actor Loss: -0.0067 | Critic Loss: 0.1312 | Grad Norm: 1.0104 | Clipped: 2/4
Epoch [2047/4000] | Avg Makespan: 242.50 | Actor Loss: -0.0050 | Critic Loss: 0.7413 | Grad Norm: 1.2734 | Clipped: 3/4
Epoch [2048/4000] | Avg Makespan: 220.75 | Actor Loss: -0.0107 | Critic Loss: 0.0838 | Grad Norm: 1.3605 | Clipped: 4/4
Epoch [2049/4000] | Avg Makespan: 244.50 | Actor Loss: -0.0046 | Critic Loss: 0.3163 | Grad Norm: 1.6624 | Clipped: 4/4
Epoch [2050/4000] | Avg Makespan: 225.00 | Actor Loss: -0.0081 | Critic Loss: 0.1446 | Grad Norm: 1.2288 | Clipped: 3/4
Epoch [2051/4000] | Avg Makespan: 247.00 | Actor Loss: -0.0060 | Critic Loss: 1.2640 | Grad Norm: 1.6557 | Clipped: 3/4
Epoch [2052/4000] | Avg Makespan: 232.50 | Actor Loss: -0.0058 | Critic Loss: 0.2102 | Grad Norm: 1.4826 | Clipped: 4/4
Epoch [2053/4000] | Avg Makespan: 221.75 | Actor Loss: -0.0067 | Critic Loss: 0.1331 | Grad Norm: 1.6056 | Clipped: 4/4
Epoch [2054/4000] | Avg Makespan: 221.25 | Actor Loss: -0.0036 | Critic Loss: 0.2119 | Grad Norm: 1.7214 | Clipped: 4/4
Epoch [2055/4000] | Avg Makespan: 223.50 | Actor Loss: -0.0072 | Critic Loss: 0.0385 | Grad Norm: 1.0040 | Clipped: 1/4
Epoch [2056/4000] | Avg Makespan: 226.00 | Actor Loss: -0.0069 | Critic Loss: 0.2272 | Grad Norm: 1.0943 | Clipped: 2/4
Epoch [2057/4000] | Avg Makespan: 219.75 | Actor Loss: -0.0064 | Critic Loss: 0.0566 | Grad Norm: 1.1641 | Clipped: 2/4
Epoch [2058/4000] | Avg Makespan: 225.50 | Actor Loss: -0.0052 | Critic Loss: 0.0785 | Grad Norm: 1.0410 | Clipped: 2/4
Epoch [2059/4000] | Avg Makespan: 238.25 | Actor Loss: -0.0040 | Critic Loss: 0.3244 | Grad Norm: 1.7987 | Clipped: 4/4
Epoch [2060/4000] | Avg Makespan: 229.50 | Actor Loss: -0.0065 | Critic Loss: 0.3124 | Grad Norm: 1.0038 | Clipped: 2/4
Epoch [2061/4000] | Avg Makespan: 235.50 | Actor Loss: -0.0091 | Critic Loss: 0.2478 | Grad Norm: 1.1626 | Clipped: 2/4
Epoch [2062/4000] | Avg Makespan: 232.75 | Actor Loss: -0.0056 | Critic Loss: 0.3558 | Grad Norm: 1.3071 | Clipped: 3/4
Epoch [2063/4000] | Avg Makespan: 240.00 | Actor Loss: -0.0063 | Critic Loss: 1.2473 | Grad Norm: 1.4456 | Clipped: 4/4
Epoch [2064/4000] | Avg Makespan: 243.75 | Actor Loss: -0.0058 | Critic Loss: 0.5710 | Grad Norm: 1.5153 | Clipped: 4/4
Epoch [2065/4000] | Avg Makespan: 222.50 | Actor Loss: -0.0084 | Critic Loss: 0.1357 | Grad Norm: 1.7551 | Clipped: 4/4
Epoch [2066/4000] | Avg Makespan: 233.75 | Actor Loss: -0.0051 | Critic Loss: 0.2454 | Grad Norm: 1.4396 | Clipped: 4/4
Epoch [2067/4000] | Avg Makespan: 228.25 | Actor Loss: -0.0066 | Critic Loss: 0.0904 | Grad Norm: 1.3087 | Clipped: 3/4
Epoch [2068/4000] | Avg Makespan: 227.25 | Actor Loss: -0.0056 | Critic Loss: 0.2329 | Grad Norm: 1.4573 | Clipped: 3/4
Epoch [2069/4000] | Avg Makespan: 241.25 | Actor Loss: -0.0055 | Critic Loss: 0.4243 | Grad Norm: 1.3074 | Clipped: 3/4
Epoch [2070/4000] | Avg Makespan: 237.50 | Actor Loss: -0.0041 | Critic Loss: 0.3556 | Grad Norm: 1.2113 | Clipped: 3/4
Epoch [2071/4000] | Avg Makespan: 230.50 | Actor Loss: -0.0038 | Critic Loss: 0.3768 | Grad Norm: 2.0990 | Clipped: 4/4
Epoch [2072/4000] | Avg Makespan: 221.75 | Actor Loss: -0.0060 | Critic Loss: 0.3576 | Grad Norm: 1.5477 | Clipped: 4/4
Epoch [2073/4000] | Avg Makespan: 220.75 | Actor Loss: -0.0061 | Critic Loss: 0.2348 | Grad Norm: 1.5235 | Clipped: 2/4
Epoch [2074/4000] | Avg Makespan: 243.50 | Actor Loss: -0.0051 | Critic Loss: 0.7474 | Grad Norm: 1.6117 | Clipped: 4/4
Epoch [2075/4000] | Avg Makespan: 259.25 | Actor Loss: -0.0015 | Critic Loss: 0.5373 | Grad Norm: 1.7094 | Clipped: 4/4
Epoch [2076/4000] | Avg Makespan: 220.25 | Actor Loss: -0.0064 | Critic Loss: 0.1314 | Grad Norm: 1.0675 | Clipped: 4/4
Epoch [2077/4000] | Avg Makespan: 224.00 | Actor Loss: -0.0032 | Critic Loss: 0.1752 | Grad Norm: 2.3961 | Clipped: 4/4
Epoch [2078/4000] | Avg Makespan: 230.75 | Actor Loss: -0.0093 | Critic Loss: 0.1163 | Grad Norm: 1.1938 | Clipped: 3/4
Epoch [2079/4000] | Avg Makespan: 226.00 | Actor Loss: -0.0052 | Critic Loss: 0.1228 | Grad Norm: 1.2400 | Clipped: 4/4
Epoch [2080/4000] | Avg Makespan: 234.25 | Actor Loss: -0.0084 | Critic Loss: 0.1489 | Grad Norm: 1.0000 | Clipped: 2/4
Epoch [2081/4000] | Avg Makespan: 231.50 | Actor Loss: -0.0056 | Critic Loss: 0.1976 | Grad Norm: 1.2444 | Clipped: 4/4
Epoch [2082/4000] | Avg Makespan: 265.00 | Actor Loss: -0.0009 | Critic Loss: 0.5898 | Grad Norm: 2.1265 | Clipped: 4/4
Epoch [2083/4000] | Avg Makespan: 226.75 | Actor Loss: -0.0020 | Critic Loss: 0.2242 | Grad Norm: 1.9522 | Clipped: 4/4
Epoch [2084/4000] | Avg Makespan: 233.25 | Actor Loss: -0.0059 | Critic Loss: 0.2192 | Grad Norm: 1.2125 | Clipped: 3/4
Epoch [2085/4000] | Avg Makespan: 248.75 | Actor Loss: -0.0062 | Critic Loss: 0.7281 | Grad Norm: 1.5500 | Clipped: 3/4
Epoch [2086/4000] | Avg Makespan: 220.75 | Actor Loss: -0.0056 | Critic Loss: 0.1384 | Grad Norm: 1.4070 | Clipped: 3/4
Epoch [2087/4000] | Avg Makespan: 227.00 | Actor Loss: -0.0057 | Critic Loss: 0.2269 | Grad Norm: 1.3134 | Clipped: 2/4
Epoch [2088/4000] | Avg Makespan: 230.75 | Actor Loss: -0.0097 | Critic Loss: 0.1964 | Grad Norm: 1.2473 | Clipped: 4/4
Epoch [2089/4000] | Avg Makespan: 214.00 | Actor Loss: -0.0060 | Critic Loss: 0.0619 | Grad Norm: 1.2977 | Clipped: 4/4
Epoch [2090/4000] | Avg Makespan: 218.25 | Actor Loss: -0.0059 | Critic Loss: 0.0538 | Grad Norm: 0.9673 | Clipped: 2/4
Epoch [2091/4000] | Avg Makespan: 227.25 | Actor Loss: -0.0050 | Critic Loss: 0.1484 | Grad Norm: 1.4643 | Clipped: 3/4
Epoch [2092/4000] | Avg Makespan: 218.75 | Actor Loss: -0.0050 | Critic Loss: 0.1143 | Grad Norm: 0.8676 | Clipped: 1/4
Epoch [2093/4000] | Avg Makespan: 215.75 | Actor Loss: -0.0037 | Critic Loss: 0.0871 | Grad Norm: 1.4502 | Clipped: 4/4
Epoch [2094/4000] | Avg Makespan: 224.75 | Actor Loss: -0.0035 | Critic Loss: 0.2352 | Grad Norm: 1.3560 | Clipped: 3/4
Epoch [2095/4000] | Avg Makespan: 216.50 | Actor Loss: -0.0033 | Critic Loss: 0.0994 | Grad Norm: 2.0949 | Clipped: 4/4
Epoch [2096/4000] | Avg Makespan: 232.50 | Actor Loss: -0.0075 | Critic Loss: 0.2704 | Grad Norm: 1.0567 | Clipped: 4/4
Epoch [2097/4000] | Avg Makespan: 236.75 | Actor Loss: -0.0075 | Critic Loss: 0.3229 | Grad Norm: 1.3474 | Clipped: 3/4
Epoch [2098/4000] | Avg Makespan: 242.25 | Actor Loss: -0.0064 | Critic Loss: 0.6444 | Grad Norm: 1.0793 | Clipped: 3/4
Epoch [2099/4000] | Avg Makespan: 223.75 | Actor Loss: -0.0032 | Critic Loss: 0.1625 | Grad Norm: 1.3192 | Clipped: 4/4
Epoch [2100/4000] | Avg Makespan: 231.75 | Actor Loss: -0.0057 | Critic Loss: 0.2017 | Grad Norm: 1.3233 | Clipped: 4/4
   -> Validation | Samples: 280 | Makespan: 1086.43 | Invalid Jobs: 0.01 | Score: 1097.14
   -> Saved updated training chart to /home/wei/Desktop/AMR-DFJSP/runs/20260827_084425_v10_B_s42/chart.png
Epoch [2101/4000] | Avg Makespan: 218.00 | Actor Loss: -0.0038 | Critic Loss: 0.2202 | Grad Norm: 1.6879 | Clipped: 4/4
Epoch [2102/4000] | Avg Makespan: 231.50 | Actor Loss: -0.0077 | Critic Loss: 0.2676 | Grad Norm: 1.3483 | Clipped: 4/4
Epoch [2103/4000] | Avg Makespan: 224.00 | Actor Loss: -0.0041 | Critic Loss: 0.0787 | Grad Norm: 1.2648 | Clipped: 4/4
Epoch [2104/4000] | Avg Makespan: 231.75 | Actor Loss: -0.0052 | Critic Loss: 0.2343 | Grad Norm: 1.1473 | Clipped: 3/4
Epoch [2105/4000] | Avg Makespan: 222.75 | Actor Loss: -0.0067 | Critic Loss: 0.1212 | Grad Norm: 0.8648 | Clipped: 0/4
Epoch [2106/4000] | Avg Makespan: 227.25 | Actor Loss: -0.0052 | Critic Loss: 0.2409 | Grad Norm: 1.6679 | Clipped: 4/4
Epoch [2107/4000] | Avg Makespan: 217.25 | Actor Loss: -0.0047 | Critic Loss: 0.0282 | Grad Norm: 1.9044 | Clipped: 4/4
Epoch [2108/4000] | Avg Makespan: 215.75 | Actor Loss: -0.0053 | Critic Loss: 0.0705 | Grad Norm: 1.0964 | Clipped: 2/4
Epoch [2109/4000] | Avg Makespan: 226.50 | Actor Loss: -0.0092 | Critic Loss: 0.2650 | Grad Norm: 1.1768 | Clipped: 3/4
Epoch [2110/4000] | Avg Makespan: 230.25 | Actor Loss: -0.0045 | Critic Loss: 0.3253 | Grad Norm: 1.0829 | Clipped: 2/4
Epoch [2111/4000] | Avg Makespan: 224.25 | Actor Loss: -0.0068 | Critic Loss: 0.1249 | Grad Norm: 0.9963 | Clipped: 1/4
Epoch [2112/4000] | Avg Makespan: 228.50 | Actor Loss: -0.0057 | Critic Loss: 0.1409 | Grad Norm: 1.6939 | Clipped: 4/4
Epoch [2113/4000] | Avg Makespan: 232.50 | Actor Loss: -0.0094 | Critic Loss: 0.2444 | Grad Norm: 1.2232 | Clipped: 3/4
Epoch [2114/4000] | Avg Makespan: 229.00 | Actor Loss: -0.0059 | Critic Loss: 0.3322 | Grad Norm: 1.0649 | Clipped: 3/4
Epoch [2115/4000] | Avg Makespan: 229.00 | Actor Loss: -0.0045 | Critic Loss: 0.4243 | Grad Norm: 1.1899 | Clipped: 4/4
Epoch [2116/4000] | Avg Makespan: 240.25 | Actor Loss: -0.0033 | Critic Loss: 0.4857 | Grad Norm: 1.5301 | Clipped: 4/4
Epoch [2117/4000] | Avg Makespan: 237.00 | Actor Loss: -0.0063 | Critic Loss: 0.3361 | Grad Norm: 1.2307 | Clipped: 3/4
Epoch [2118/4000] | Avg Makespan: 231.00 | Actor Loss: -0.0071 | Critic Loss: 0.2218 | Grad Norm: 1.5287 | Clipped: 4/4
Epoch [2119/4000] | Avg Makespan: 229.00 | Actor Loss: -0.0048 | Critic Loss: 0.2987 | Grad Norm: 1.2145 | Clipped: 3/4
Epoch [2120/4000] | Avg Makespan: 228.50 | Actor Loss: -0.0057 | Critic Loss: 0.2576 | Grad Norm: 1.1262 | Clipped: 3/4
Epoch [2121/4000] | Avg Makespan: 224.25 | Actor Loss: -0.0045 | Critic Loss: 0.0984 | Grad Norm: 1.7624 | Clipped: 4/4
Epoch [2122/4000] | Avg Makespan: 241.25 | Actor Loss: -0.0062 | Critic Loss: 0.3345 | Grad Norm: 1.9120 | Clipped: 4/4
Epoch [2123/4000] | Avg Makespan: 246.75 | Actor Loss: -0.0043 | Critic Loss: 0.4351 | Grad Norm: 1.5071 | Clipped: 4/4
Epoch [2124/4000] | Avg Makespan: 240.25 | Actor Loss: -0.0042 | Critic Loss: 0.2715 | Grad Norm: 1.2058 | Clipped: 4/4
Epoch [2125/4000] | Avg Makespan: 226.00 | Actor Loss: -0.0021 | Critic Loss: 0.2742 | Grad Norm: 1.8807 | Clipped: 4/4
Epoch [2126/4000] | Avg Makespan: 215.00 | Actor Loss: -0.0039 | Critic Loss: 0.4061 | Grad Norm: 2.5529 | Clipped: 4/4
Epoch [2127/4000] | Avg Makespan: 222.00 | Actor Loss: -0.0050 | Critic Loss: 0.3047 | Grad Norm: 1.0600 | Clipped: 1/4
Epoch [2128/4000] | Avg Makespan: 218.50 | Actor Loss: -0.0040 | Critic Loss: 0.0957 | Grad Norm: 1.4181 | Clipped: 3/4
Epoch [2129/4000] | Avg Makespan: 232.75 | Actor Loss: -0.0042 | Critic Loss: 0.4606 | Grad Norm: 1.3614 | Clipped: 4/4
Epoch [2130/4000] | Avg Makespan: 220.75 | Actor Loss: -0.0048 | Critic Loss: 0.0934 | Grad Norm: 1.1491 | Clipped: 3/4
Epoch [2131/4000] | Avg Makespan: 222.75 | Actor Loss: -0.0076 | Critic Loss: 0.0436 | Grad Norm: 0.9996 | Clipped: 2/4
Epoch [2132/4000] | Avg Makespan: 228.50 | Actor Loss: -0.0065 | Critic Loss: 0.1968 | Grad Norm: 1.4301 | Clipped: 4/4
Epoch [2133/4000] | Avg Makespan: 226.25 | Actor Loss: -0.0049 | Critic Loss: 0.2326 | Grad Norm: 1.3093 | Clipped: 3/4
Epoch [2134/4000] | Avg Makespan: 246.25 | Actor Loss: -0.0053 | Critic Loss: 0.6843 | Grad Norm: 1.6225 | Clipped: 4/4
Epoch [2135/4000] | Avg Makespan: 245.25 | Actor Loss: -0.0049 | Critic Loss: 0.7641 | Grad Norm: 1.3105 | Clipped: 3/4
Epoch [2136/4000] | Avg Makespan: 233.00 | Actor Loss: -0.0056 | Critic Loss: 0.2639 | Grad Norm: 1.8342 | Clipped: 4/4
Epoch [2137/4000] | Avg Makespan: 228.25 | Actor Loss: -0.0080 | Critic Loss: 0.1941 | Grad Norm: 1.6754 | Clipped: 4/4
Epoch [2138/4000] | Avg Makespan: 245.50 | Actor Loss: -0.0076 | Critic Loss: 0.4645 | Grad Norm: 1.7102 | Clipped: 4/4
Epoch [2139/4000] | Avg Makespan: 228.75 | Actor Loss: -0.0059 | Critic Loss: 0.2492 | Grad Norm: 1.5404 | Clipped: 4/4
Epoch [2140/4000] | Avg Makespan: 214.50 | Actor Loss: -0.0011 | Critic Loss: 0.2042 | Grad Norm: 1.6292 | Clipped: 4/4
Epoch [2141/4000] | Avg Makespan: 239.75 | Actor Loss: -0.0058 | Critic Loss: 0.3109 | Grad Norm: 1.3527 | Clipped: 4/4
Epoch [2142/4000] | Avg Makespan: 224.25 | Actor Loss: -0.0054 | Critic Loss: 0.1910 | Grad Norm: 1.5826 | Clipped: 4/4
Epoch [2143/4000] | Avg Makespan: 240.00 | Actor Loss: -0.0069 | Critic Loss: 0.6150 | Grad Norm: 1.1706 | Clipped: 3/4
Epoch [2144/4000] | Avg Makespan: 230.50 | Actor Loss: -0.0043 | Critic Loss: 0.3266 | Grad Norm: 0.9543 | Clipped: 1/4
Epoch [2145/4000] | Avg Makespan: 233.25 | Actor Loss: -0.0060 | Critic Loss: 0.4943 | Grad Norm: 1.5566 | Clipped: 4/4
Epoch [2146/4000] | Avg Makespan: 226.50 | Actor Loss: -0.0078 | Critic Loss: 0.2738 | Grad Norm: 1.2320 | Clipped: 3/4
Epoch [2147/4000] | Avg Makespan: 223.25 | Actor Loss: -0.0072 | Critic Loss: 0.1978 | Grad Norm: 1.0716 | Clipped: 2/4
Epoch [2148/4000] | Avg Makespan: 219.00 | Actor Loss: -0.0046 | Critic Loss: 0.1051 | Grad Norm: 1.2952 | Clipped: 4/4
Epoch [2149/4000] | Avg Makespan: 231.00 | Actor Loss: -0.0026 | Critic Loss: 0.3378 | Grad Norm: 1.6285 | Clipped: 4/4
Epoch [2150/4000] | Avg Makespan: 215.75 | Actor Loss: -0.0021 | Critic Loss: 0.0567 | Grad Norm: 1.2950 | Clipped: 4/4
Epoch [2151/4000] | Avg Makespan: 227.00 | Actor Loss: -0.0066 | Critic Loss: 0.1221 | Grad Norm: 1.2409 | Clipped: 3/4
Epoch [2152/4000] | Avg Makespan: 223.50 | Actor Loss: -0.0080 | Critic Loss: 0.2983 | Grad Norm: 1.1498 | Clipped: 3/4
Epoch [2153/4000] | Avg Makespan: 220.50 | Actor Loss: -0.0079 | Critic Loss: 0.1324 | Grad Norm: 1.1383 | Clipped: 1/4
Epoch [2154/4000] | Avg Makespan: 231.75 | Actor Loss: -0.0077 | Critic Loss: 0.4287 | Grad Norm: 1.1915 | Clipped: 3/4
Epoch [2155/4000] | Avg Makespan: 234.75 | Actor Loss: -0.0052 | Critic Loss: 0.2433 | Grad Norm: 1.9418 | Clipped: 3/4
Epoch [2156/4000] | Avg Makespan: 227.75 | Actor Loss: -0.0057 | Critic Loss: 0.1295 | Grad Norm: 1.3432 | Clipped: 4/4
Epoch [2157/4000] | Avg Makespan: 228.25 | Actor Loss: -0.0089 | Critic Loss: 0.1732 | Grad Norm: 1.5343 | Clipped: 3/4
Epoch [2158/4000] | Avg Makespan: 217.00 | Actor Loss: -0.0049 | Critic Loss: 0.0678 | Grad Norm: 0.8656 | Clipped: 1/4
Epoch [2159/4000] | Avg Makespan: 231.75 | Actor Loss: -0.0082 | Critic Loss: 0.4350 | Grad Norm: 1.0576 | Clipped: 2/4
Epoch [2160/4000] | Avg Makespan: 229.00 | Actor Loss: -0.0052 | Critic Loss: 0.2188 | Grad Norm: 1.2773 | Clipped: 4/4
Epoch [2161/4000] | Avg Makespan: 220.00 | Actor Loss: -0.0054 | Critic Loss: 0.0671 | Grad Norm: 1.8035 | Clipped: 4/4
Epoch [2162/4000] | Avg Makespan: 221.00 | Actor Loss: -0.0070 | Critic Loss: 0.0644 | Grad Norm: 1.0560 | Clipped: 2/4
Epoch [2163/4000] | Avg Makespan: 238.25 | Actor Loss: -0.0045 | Critic Loss: 0.2523 | Grad Norm: 1.5982 | Clipped: 3/4
Epoch [2164/4000] | Avg Makespan: 228.50 | Actor Loss: -0.0080 | Critic Loss: 0.1083 | Grad Norm: 1.3448 | Clipped: 4/4
Epoch [2165/4000] | Avg Makespan: 219.50 | Actor Loss: -0.0085 | Critic Loss: 0.1195 | Grad Norm: 1.0908 | Clipped: 2/4
Epoch [2166/4000] | Avg Makespan: 227.50 | Actor Loss: -0.0078 | Critic Loss: 0.0900 | Grad Norm: 1.3745 | Clipped: 4/4
Epoch [2167/4000] | Avg Makespan: 234.50 | Actor Loss: -0.0063 | Critic Loss: 0.5912 | Grad Norm: 2.0277 | Clipped: 4/4
Epoch [2168/4000] | Avg Makespan: 219.75 | Actor Loss: -0.0089 | Critic Loss: 0.0529 | Grad Norm: 1.4155 | Clipped: 4/4
Epoch [2169/4000] | Avg Makespan: 229.75 | Actor Loss: -0.0078 | Critic Loss: 0.1895 | Grad Norm: 1.0590 | Clipped: 1/4
Epoch [2170/4000] | Avg Makespan: 236.75 | Actor Loss: -0.0082 | Critic Loss: 0.3075 | Grad Norm: 1.3953 | Clipped: 4/4
Epoch [2171/4000] | Avg Makespan: 229.50 | Actor Loss: -0.0051 | Critic Loss: 0.2769 | Grad Norm: 1.5881 | Clipped: 4/4
Epoch [2172/4000] | Avg Makespan: 229.75 | Actor Loss: -0.0062 | Critic Loss: 0.2477 | Grad Norm: 1.4752 | Clipped: 4/4
Epoch [2173/4000] | Avg Makespan: 234.25 | Actor Loss: -0.0038 | Critic Loss: 0.3435 | Grad Norm: 3.0688 | Clipped: 4/4
Epoch [2174/4000] | Avg Makespan: 216.75 | Actor Loss: -0.0074 | Critic Loss: 0.1740 | Grad Norm: 1.3359 | Clipped: 4/4
Epoch [2175/4000] | Avg Makespan: 229.50 | Actor Loss: -0.0075 | Critic Loss: 0.1084 | Grad Norm: 1.4738 | Clipped: 4/4
Epoch [2176/4000] | Avg Makespan: 227.50 | Actor Loss: -0.0072 | Critic Loss: 0.1187 | Grad Norm: 1.4685 | Clipped: 4/4
Epoch [2177/4000] | Avg Makespan: 223.25 | Actor Loss: -0.0096 | Critic Loss: 0.0506 | Grad Norm: 1.4795 | Clipped: 4/4
Epoch [2178/4000] | Avg Makespan: 231.00 | Actor Loss: -0.0027 | Critic Loss: 0.3403 | Grad Norm: 1.4718 | Clipped: 4/4
Epoch [2179/4000] | Avg Makespan: 233.50 | Actor Loss: -0.0023 | Critic Loss: 0.4807 | Grad Norm: 1.5626 | Clipped: 4/4
Epoch [2180/4000] | Avg Makespan: 245.25 | Actor Loss: -0.0040 | Critic Loss: 0.3997 | Grad Norm: 1.5469 | Clipped: 4/4
Epoch [2181/4000] | Avg Makespan: 241.00 | Actor Loss: -0.0039 | Critic Loss: 0.4953 | Grad Norm: 1.7257 | Clipped: 4/4
Epoch [2182/4000] | Avg Makespan: 229.75 | Actor Loss: -0.0067 | Critic Loss: 0.3989 | Grad Norm: 1.4934 | Clipped: 4/4
Epoch [2183/4000] | Avg Makespan: 239.25 | Actor Loss: -0.0059 | Critic Loss: 0.2200 | Grad Norm: 1.5423 | Clipped: 4/4
Epoch [2184/4000] | Avg Makespan: 235.00 | Actor Loss: 0.0011 | Critic Loss: 0.2363 | Grad Norm: 2.3849 | Clipped: 4/4
Epoch [2185/4000] | Avg Makespan: 226.25 | Actor Loss: -0.0069 | Critic Loss: 0.3189 | Grad Norm: 1.7868 | Clipped: 4/4
Epoch [2186/4000] | Avg Makespan: 237.00 | Actor Loss: -0.0083 | Critic Loss: 0.2532 | Grad Norm: 1.6211 | Clipped: 4/4
Epoch [2187/4000] | Avg Makespan: 220.50 | Actor Loss: -0.0047 | Critic Loss: 0.0673 | Grad Norm: 1.9219 | Clipped: 4/4
Epoch [2188/4000] | Avg Makespan: 229.25 | Actor Loss: -0.0053 | Critic Loss: 0.0751 | Grad Norm: 1.5419 | Clipped: 4/4
Epoch [2189/4000] | Avg Makespan: 227.75 | Actor Loss: -0.0011 | Critic Loss: 0.0503 | Grad Norm: 3.1907 | Clipped: 4/4
Epoch [2190/4000] | Avg Makespan: 231.25 | Actor Loss: -0.0092 | Critic Loss: 0.1791 | Grad Norm: 1.7927 | Clipped: 4/4
Epoch [2191/4000] | Avg Makespan: 228.25 | Actor Loss: -0.0054 | Critic Loss: 0.2232 | Grad Norm: 1.3846 | Clipped: 4/4
Epoch [2192/4000] | Avg Makespan: 234.75 | Actor Loss: -0.0051 | Critic Loss: 0.4227 | Grad Norm: 2.6632 | Clipped: 4/4
Epoch [2193/4000] | Avg Makespan: 226.50 | Actor Loss: -0.0086 | Critic Loss: 0.1326 | Grad Norm: 0.9180 | Clipped: 1/4
Epoch [2194/4000] | Avg Makespan: 233.25 | Actor Loss: -0.0092 | Critic Loss: 0.2248 | Grad Norm: 1.5327 | Clipped: 4/4
Epoch [2195/4000] | Avg Makespan: 229.50 | Actor Loss: -0.0079 | Critic Loss: 0.0938 | Grad Norm: 1.5034 | Clipped: 4/4
Epoch [2196/4000] | Avg Makespan: 242.75 | Actor Loss: -0.0073 | Critic Loss: 0.4863 | Grad Norm: 1.7431 | Clipped: 4/4
Epoch [2197/4000] | Avg Makespan: 235.00 | Actor Loss: -0.0069 | Critic Loss: 0.1957 | Grad Norm: 1.1855 | Clipped: 3/4
Epoch [2198/4000] | Avg Makespan: 223.75 | Actor Loss: -0.0021 | Critic Loss: 0.1941 | Grad Norm: 2.7347 | Clipped: 4/4
Epoch [2199/4000] | Avg Makespan: 232.25 | Actor Loss: -0.0077 | Critic Loss: 0.1150 | Grad Norm: 1.7141 | Clipped: 3/4
Epoch [2200/4000] | Avg Makespan: 235.75 | Actor Loss: -0.0029 | Critic Loss: 0.3525 | Grad Norm: 2.4464 | Clipped: 4/4
   -> Validation | Samples: 280 | Makespan: 946.60 | Invalid Jobs: 0.01 | Score: 960.89
   -> Saved new best model (Val C~ mean of last 5: 399.95; this eval 381.12)
   -> Saved updated training chart to /home/wei/Desktop/AMR-DFJSP/runs/20260827_084425_v10_B_s42/chart.png
Epoch [2201/4000] | Avg Makespan: 232.25 | Actor Loss: -0.0049 | Critic Loss: 0.1227 | Grad Norm: 1.7920 | Clipped: 4/4
Epoch [2202/4000] | Avg Makespan: 233.00 | Actor Loss: -0.0071 | Critic Loss: 0.4039 | Grad Norm: 1.0015 | Clipped: 2/4
Epoch [2203/4000] | Avg Makespan: 236.25 | Actor Loss: -0.0018 | Critic Loss: 0.2451 | Grad Norm: 2.7398 | Clipped: 4/4
Epoch [2204/4000] | Avg Makespan: 228.25 | Actor Loss: -0.0079 | Critic Loss: 0.2209 | Grad Norm: 1.3048 | Clipped: 4/4
Epoch [2205/4000] | Avg Makespan: 227.00 | Actor Loss: -0.0065 | Critic Loss: 0.1245 | Grad Norm: 1.9730 | Clipped: 4/4
Epoch [2206/4000] | Avg Makespan: 231.25 | Actor Loss: -0.0075 | Critic Loss: 0.0887 | Grad Norm: 1.1636 | Clipped: 3/4
Epoch [2207/4000] | Avg Makespan: 239.25 | Actor Loss: -0.0073 | Critic Loss: 0.2353 | Grad Norm: 1.4791 | Clipped: 4/4
Epoch [2208/4000] | Avg Makespan: 232.50 | Actor Loss: -0.0077 | Critic Loss: 0.1667 | Grad Norm: 1.6163 | Clipped: 3/4
Epoch [2209/4000] | Avg Makespan: 234.50 | Actor Loss: -0.0082 | Critic Loss: 0.2838 | Grad Norm: 1.2230 | Clipped: 3/4
Epoch [2210/4000] | Avg Makespan: 238.25 | Actor Loss: -0.0060 | Critic Loss: 0.2777 | Grad Norm: 1.6446 | Clipped: 4/4
Epoch [2211/4000] | Avg Makespan: 227.75 | Actor Loss: -0.0069 | Critic Loss: 0.2111 | Grad Norm: 1.4864 | Clipped: 4/4
Epoch [2212/4000] | Avg Makespan: 225.25 | Actor Loss: -0.0043 | Critic Loss: 0.3600 | Grad Norm: 2.2200 | Clipped: 4/4
Epoch [2213/4000] | Avg Makespan: 230.50 | Actor Loss: -0.0067 | Critic Loss: 0.2340 | Grad Norm: 1.9586 | Clipped: 4/4
Epoch [2214/4000] | Avg Makespan: 225.25 | Actor Loss: -0.0059 | Critic Loss: 0.0905 | Grad Norm: 1.3317 | Clipped: 4/4
Epoch [2215/4000] | Avg Makespan: 243.00 | Actor Loss: -0.0053 | Critic Loss: 0.4217 | Grad Norm: 1.7747 | Clipped: 4/4
Epoch [2216/4000] | Avg Makespan: 249.00 | Actor Loss: -0.0055 | Critic Loss: 0.4638 | Grad Norm: 1.8761 | Clipped: 4/4
Epoch [2217/4000] | Avg Makespan: 229.00 | Actor Loss: -0.0064 | Critic Loss: 0.4335 | Grad Norm: 1.0413 | Clipped: 2/4
Epoch [2218/4000] | Avg Makespan: 228.25 | Actor Loss: -0.0024 | Critic Loss: 0.2667 | Grad Norm: 2.0779 | Clipped: 4/4
Epoch [2219/4000] | Avg Makespan: 238.50 | Actor Loss: -0.0046 | Critic Loss: 0.4876 | Grad Norm: 1.4895 | Clipped: 4/4
Epoch [2220/4000] | Avg Makespan: 231.25 | Actor Loss: -0.0072 | Critic Loss: 0.1977 | Grad Norm: 1.3945 | Clipped: 4/4
Epoch [2221/4000] | Avg Makespan: 225.75 | Actor Loss: -0.0024 | Critic Loss: 0.1426 | Grad Norm: 2.0141 | Clipped: 4/4
Epoch [2222/4000] | Avg Makespan: 216.25 | Actor Loss: -0.0110 | Critic Loss: 0.0648 | Grad Norm: 1.7246 | Clipped: 4/4
Epoch [2223/4000] | Avg Makespan: 226.25 | Actor Loss: -0.0066 | Critic Loss: 0.0968 | Grad Norm: 1.3780 | Clipped: 4/4
Epoch [2224/4000] | Avg Makespan: 221.25 | Actor Loss: -0.0050 | Critic Loss: 0.0266 | Grad Norm: 2.0116 | Clipped: 4/4
Epoch [2225/4000] | Avg Makespan: 227.00 | Actor Loss: -0.0065 | Critic Loss: 0.1383 | Grad Norm: 1.2816 | Clipped: 4/4
Epoch [2226/4000] | Avg Makespan: 237.50 | Actor Loss: -0.0046 | Critic Loss: 0.3334 | Grad Norm: 1.3243 | Clipped: 3/4
Epoch [2227/4000] | Avg Makespan: 233.50 | Actor Loss: -0.0096 | Critic Loss: 0.2059 | Grad Norm: 1.1683 | Clipped: 3/4
Epoch [2228/4000] | Avg Makespan: 224.50 | Actor Loss: -0.0006 | Critic Loss: 0.0820 | Grad Norm: 2.0349 | Clipped: 4/4
Epoch [2229/4000] | Avg Makespan: 224.00 | Actor Loss: -0.0081 | Critic Loss: 0.3005 | Grad Norm: 1.3292 | Clipped: 4/4
Epoch [2230/4000] | Avg Makespan: 221.50 | Actor Loss: -0.0083 | Critic Loss: 0.2181 | Grad Norm: 1.7011 | Clipped: 4/4
Epoch [2231/4000] | Avg Makespan: 225.75 | Actor Loss: -0.0076 | Critic Loss: 0.0842 | Grad Norm: 1.9352 | Clipped: 4/4
Epoch [2232/4000] | Avg Makespan: 230.25 | Actor Loss: -0.0081 | Critic Loss: 0.2317 | Grad Norm: 1.7476 | Clipped: 3/4
Epoch [2233/4000] | Avg Makespan: 241.50 | Actor Loss: -0.0048 | Critic Loss: 0.5387 | Grad Norm: 1.3966 | Clipped: 4/4
Epoch [2234/4000] | Avg Makespan: 235.75 | Actor Loss: -0.0093 | Critic Loss: 0.2901 | Grad Norm: 1.6008 | Clipped: 3/4
Epoch [2235/4000] | Avg Makespan: 225.00 | Actor Loss: -0.0092 | Critic Loss: 0.2454 | Grad Norm: 1.9086 | Clipped: 4/4
Epoch [2236/4000] | Avg Makespan: 231.25 | Actor Loss: -0.0041 | Critic Loss: 0.2513 | Grad Norm: 1.7044 | Clipped: 4/4
Epoch [2237/4000] | Avg Makespan: 226.75 | Actor Loss: -0.0052 | Critic Loss: 0.2228 | Grad Norm: 1.7109 | Clipped: 4/4
Epoch [2238/4000] | Avg Makespan: 221.00 | Actor Loss: -0.0047 | Critic Loss: 0.0993 | Grad Norm: 1.4660 | Clipped: 4/4
Epoch [2239/4000] | Avg Makespan: 228.00 | Actor Loss: -0.0067 | Critic Loss: 0.1914 | Grad Norm: 1.2441 | Clipped: 3/4
Epoch [2240/4000] | Avg Makespan: 231.50 | Actor Loss: -0.0048 | Critic Loss: 0.7515 | Grad Norm: 1.4245 | Clipped: 4/4
Epoch [2241/4000] | Avg Makespan: 227.00 | Actor Loss: -0.0051 | Critic Loss: 0.1611 | Grad Norm: 1.5022 | Clipped: 3/4
Epoch [2242/4000] | Avg Makespan: 232.50 | Actor Loss: -0.0099 | Critic Loss: 0.4838 | Grad Norm: 1.3493 | Clipped: 3/4
Epoch [2243/4000] | Avg Makespan: 226.50 | Actor Loss: -0.0080 | Critic Loss: 0.1055 | Grad Norm: 1.4374 | Clipped: 4/4
Epoch [2244/4000] | Avg Makespan: 229.50 | Actor Loss: -0.0023 | Critic Loss: 0.1164 | Grad Norm: 1.5906 | Clipped: 4/4
Epoch [2245/4000] | Avg Makespan: 223.75 | Actor Loss: -0.0066 | Critic Loss: 0.0694 | Grad Norm: 1.8100 | Clipped: 4/4
Epoch [2246/4000] | Avg Makespan: 217.00 | Actor Loss: -0.0059 | Critic Loss: 0.2335 | Grad Norm: 1.8924 | Clipped: 4/4
Epoch [2247/4000] | Avg Makespan: 224.50 | Actor Loss: -0.0048 | Critic Loss: 0.1172 | Grad Norm: 1.3356 | Clipped: 4/4
Epoch [2248/4000] | Avg Makespan: 233.00 | Actor Loss: -0.0082 | Critic Loss: 0.1785 | Grad Norm: 1.4884 | Clipped: 4/4
Epoch [2249/4000] | Avg Makespan: 222.00 | Actor Loss: -0.0060 | Critic Loss: 0.0958 | Grad Norm: 1.0194 | Clipped: 2/4
Epoch [2250/4000] | Avg Makespan: 221.25 | Actor Loss: -0.0036 | Critic Loss: 0.0390 | Grad Norm: 1.5838 | Clipped: 4/4
Epoch [2251/4000] | Avg Makespan: 231.25 | Actor Loss: -0.0080 | Critic Loss: 0.1528 | Grad Norm: 1.8897 | Clipped: 4/4
Epoch [2252/4000] | Avg Makespan: 225.25 | Actor Loss: -0.0005 | Critic Loss: 0.2626 | Grad Norm: 2.3895 | Clipped: 4/4
Epoch [2253/4000] | Avg Makespan: 215.50 | Actor Loss: -0.0058 | Critic Loss: 0.0654 | Grad Norm: 1.0633 | Clipped: 3/4
Epoch [2254/4000] | Avg Makespan: 220.25 | Actor Loss: -0.0053 | Critic Loss: 0.0385 | Grad Norm: 1.3605 | Clipped: 3/4
Epoch [2255/4000] | Avg Makespan: 221.50 | Actor Loss: -0.0013 | Critic Loss: 0.0611 | Grad Norm: 1.9741 | Clipped: 4/4
Epoch [2256/4000] | Avg Makespan: 215.25 | Actor Loss: -0.0042 | Critic Loss: 0.0392 | Grad Norm: 1.5655 | Clipped: 4/4
Epoch [2257/4000] | Avg Makespan: 224.75 | Actor Loss: -0.0060 | Critic Loss: 0.1886 | Grad Norm: 1.9697 | Clipped: 4/4
Epoch [2258/4000] | Avg Makespan: 236.75 | Actor Loss: -0.0033 | Critic Loss: 0.2993 | Grad Norm: 1.6875 | Clipped: 4/4
Epoch [2259/4000] | Avg Makespan: 217.25 | Actor Loss: -0.0017 | Critic Loss: 0.0485 | Grad Norm: 2.0540 | Clipped: 4/4
Epoch [2260/4000] | Avg Makespan: 234.75 | Actor Loss: -0.0059 | Critic Loss: 0.4006 | Grad Norm: 1.8720 | Clipped: 4/4
Epoch [2261/4000] | Avg Makespan: 229.50 | Actor Loss: -0.0096 | Critic Loss: 0.4865 | Grad Norm: 1.0631 | Clipped: 2/4
Epoch [2262/4000] | Avg Makespan: 226.75 | Actor Loss: -0.0038 | Critic Loss: 0.1672 | Grad Norm: 1.5130 | Clipped: 4/4
Epoch [2263/4000] | Avg Makespan: 242.50 | Actor Loss: -0.0008 | Critic Loss: 0.4116 | Grad Norm: 1.9257 | Clipped: 4/4
Epoch [2264/4000] | Avg Makespan: 225.00 | Actor Loss: -0.0046 | Critic Loss: 0.4023 | Grad Norm: 1.8426 | Clipped: 4/4
Epoch [2265/4000] | Avg Makespan: 214.25 | Actor Loss: -0.0064 | Critic Loss: 0.2327 | Grad Norm: 1.4153 | Clipped: 3/4
Epoch [2266/4000] | Avg Makespan: 230.00 | Actor Loss: -0.0073 | Critic Loss: 0.1997 | Grad Norm: 1.7048 | Clipped: 4/4
Epoch [2267/4000] | Avg Makespan: 221.00 | Actor Loss: -0.0067 | Critic Loss: 0.0767 | Grad Norm: 1.2708 | Clipped: 4/4
Epoch [2268/4000] | Avg Makespan: 235.25 | Actor Loss: 0.0009 | Critic Loss: 0.3568 | Grad Norm: 2.2136 | Clipped: 4/4
Epoch [2269/4000] | Avg Makespan: 229.25 | Actor Loss: -0.0047 | Critic Loss: 0.1325 | Grad Norm: 1.6230 | Clipped: 4/4
Epoch [2270/4000] | Avg Makespan: 229.50 | Actor Loss: -0.0049 | Critic Loss: 0.1257 | Grad Norm: 1.6161 | Clipped: 3/4
Epoch [2271/4000] | Avg Makespan: 233.00 | Actor Loss: -0.0046 | Critic Loss: 0.4866 | Grad Norm: 1.4568 | Clipped: 4/4
Epoch [2272/4000] | Avg Makespan: 227.00 | Actor Loss: -0.0061 | Critic Loss: 0.1036 | Grad Norm: 1.2267 | Clipped: 3/4
Epoch [2273/4000] | Avg Makespan: 225.25 | Actor Loss: -0.0041 | Critic Loss: 0.1464 | Grad Norm: 1.3919 | Clipped: 4/4
Epoch [2274/4000] | Avg Makespan: 220.25 | Actor Loss: -0.0048 | Critic Loss: 0.1961 | Grad Norm: 1.6134 | Clipped: 4/4
Epoch [2275/4000] | Avg Makespan: 233.75 | Actor Loss: -0.0056 | Critic Loss: 0.1985 | Grad Norm: 1.3470 | Clipped: 4/4
Epoch [2276/4000] | Avg Makespan: 218.25 | Actor Loss: -0.0040 | Critic Loss: 0.0802 | Grad Norm: 1.4600 | Clipped: 4/4
Epoch [2277/4000] | Avg Makespan: 238.75 | Actor Loss: -0.0083 | Critic Loss: 0.3258 | Grad Norm: 1.3448 | Clipped: 4/4
Epoch [2278/4000] | Avg Makespan: 229.75 | Actor Loss: -0.0058 | Critic Loss: 0.2208 | Grad Norm: 1.1023 | Clipped: 2/4
Epoch [2279/4000] | Avg Makespan: 252.50 | Actor Loss: -0.0024 | Critic Loss: 0.6937 | Grad Norm: 2.3868 | Clipped: 4/4
Epoch [2280/4000] | Avg Makespan: 229.00 | Actor Loss: -0.0057 | Critic Loss: 0.1280 | Grad Norm: 1.1320 | Clipped: 2/4
Epoch [2281/4000] | Avg Makespan: 230.75 | Actor Loss: -0.0088 | Critic Loss: 0.2380 | Grad Norm: 0.9694 | Clipped: 2/4
Epoch [2282/4000] | Avg Makespan: 222.75 | Actor Loss: -0.0024 | Critic Loss: 0.2445 | Grad Norm: 1.7088 | Clipped: 4/4
Epoch [2283/4000] | Avg Makespan: 234.00 | Actor Loss: -0.0042 | Critic Loss: 0.1255 | Grad Norm: 1.1761 | Clipped: 2/4
Epoch [2284/4000] | Avg Makespan: 224.75 | Actor Loss: -0.0044 | Critic Loss: 0.1858 | Grad Norm: 1.3193 | Clipped: 4/4
Epoch [2285/4000] | Avg Makespan: 215.50 | Actor Loss: -0.0057 | Critic Loss: 0.0871 | Grad Norm: 1.0654 | Clipped: 1/4
Epoch [2286/4000] | Avg Makespan: 219.50 | Actor Loss: -0.0061 | Critic Loss: 0.1705 | Grad Norm: 1.0726 | Clipped: 2/4
Epoch [2287/4000] | Avg Makespan: 230.25 | Actor Loss: -0.0059 | Critic Loss: 0.2330 | Grad Norm: 1.4068 | Clipped: 4/4
Epoch [2288/4000] | Avg Makespan: 255.00 | Actor Loss: -0.0000 | Critic Loss: 1.5863 | Grad Norm: 2.4164 | Clipped: 4/4
Epoch [2289/4000] | Avg Makespan: 222.75 | Actor Loss: -0.0039 | Critic Loss: 0.2141 | Grad Norm: 1.4500 | Clipped: 4/4
Epoch [2290/4000] | Avg Makespan: 220.25 | Actor Loss: -0.0063 | Critic Loss: 0.0481 | Grad Norm: 1.1756 | Clipped: 3/4
Epoch [2291/4000] | Avg Makespan: 227.00 | Actor Loss: -0.0067 | Critic Loss: 0.1457 | Grad Norm: 1.0423 | Clipped: 2/4
Epoch [2292/4000] | Avg Makespan: 223.25 | Actor Loss: -0.0056 | Critic Loss: 0.1419 | Grad Norm: 1.1788 | Clipped: 3/4
Epoch [2293/4000] | Avg Makespan: 222.25 | Actor Loss: -0.0058 | Critic Loss: 0.1877 | Grad Norm: 1.1053 | Clipped: 1/4
Epoch [2294/4000] | Avg Makespan: 249.50 | Actor Loss: -0.0036 | Critic Loss: 0.6938 | Grad Norm: 2.6750 | Clipped: 4/4
Epoch [2295/4000] | Avg Makespan: 229.25 | Actor Loss: -0.0026 | Critic Loss: 0.1046 | Grad Norm: 1.2894 | Clipped: 3/4
Epoch [2296/4000] | Avg Makespan: 226.50 | Actor Loss: -0.0084 | Critic Loss: 0.6364 | Grad Norm: 1.2167 | Clipped: 3/4
Epoch [2297/4000] | Avg Makespan: 220.50 | Actor Loss: -0.0053 | Critic Loss: 0.0720 | Grad Norm: 1.3077 | Clipped: 4/4
Epoch [2298/4000] | Avg Makespan: 240.50 | Actor Loss: -0.0059 | Critic Loss: 0.8110 | Grad Norm: 1.4414 | Clipped: 4/4
Epoch [2299/4000] | Avg Makespan: 216.50 | Actor Loss: -0.0065 | Critic Loss: 0.1104 | Grad Norm: 1.4410 | Clipped: 4/4
Epoch [2300/4000] | Avg Makespan: 244.25 | Actor Loss: -0.0076 | Critic Loss: 0.3832 | Grad Norm: 1.6187 | Clipped: 4/4
   -> Validation | Samples: 280 | Makespan: 951.49 | Invalid Jobs: 0.01 | Score: 962.20
   -> Saved new best model (Val C~ mean of last 5: 386.38; this eval 370.38)
   -> Saved updated training chart to /home/wei/Desktop/AMR-DFJSP/runs/20260827_084425_v10_B_s42/chart.png
Epoch [2301/4000] | Avg Makespan: 227.25 | Actor Loss: -0.0053 | Critic Loss: 0.5535 | Grad Norm: 1.0196 | Clipped: 2/4
Epoch [2302/4000] | Avg Makespan: 225.25 | Actor Loss: -0.0062 | Critic Loss: 0.2339 | Grad Norm: 1.2618 | Clipped: 4/4
Epoch [2303/4000] | Avg Makespan: 233.00 | Actor Loss: -0.0066 | Critic Loss: 0.2354 | Grad Norm: 0.8858 | Clipped: 1/4
Epoch [2304/4000] | Avg Makespan: 229.25 | Actor Loss: -0.0072 | Critic Loss: 0.1760 | Grad Norm: 0.7820 | Clipped: 0/4
Epoch [2305/4000] | Avg Makespan: 236.75 | Actor Loss: -0.0061 | Critic Loss: 0.4248 | Grad Norm: 1.5187 | Clipped: 4/4
Epoch [2306/4000] | Avg Makespan: 225.50 | Actor Loss: -0.0040 | Critic Loss: 0.1894 | Grad Norm: 1.3378 | Clipped: 4/4
Epoch [2307/4000] | Avg Makespan: 231.50 | Actor Loss: -0.0073 | Critic Loss: 0.3035 | Grad Norm: 1.2759 | Clipped: 4/4
Epoch [2308/4000] | Avg Makespan: 223.75 | Actor Loss: -0.0039 | Critic Loss: 0.1144 | Grad Norm: 1.4161 | Clipped: 4/4
Epoch [2309/4000] | Avg Makespan: 223.25 | Actor Loss: -0.0035 | Critic Loss: 0.0896 | Grad Norm: 1.3816 | Clipped: 4/4
Epoch [2310/4000] | Avg Makespan: 214.00 | Actor Loss: -0.0065 | Critic Loss: 0.0413 | Grad Norm: 0.9527 | Clipped: 1/4
Epoch [2311/4000] | Avg Makespan: 227.50 | Actor Loss: -0.0045 | Critic Loss: 0.2726 | Grad Norm: 1.2532 | Clipped: 4/4
Epoch [2312/4000] | Avg Makespan: 225.00 | Actor Loss: -0.0068 | Critic Loss: 0.1538 | Grad Norm: 1.0932 | Clipped: 1/4
Epoch [2313/4000] | Avg Makespan: 240.25 | Actor Loss: -0.0047 | Critic Loss: 0.2796 | Grad Norm: 1.5181 | Clipped: 4/4
Epoch [2314/4000] | Avg Makespan: 227.75 | Actor Loss: -0.0061 | Critic Loss: 0.2104 | Grad Norm: 1.5314 | Clipped: 4/4
Epoch [2315/4000] | Avg Makespan: 227.50 | Actor Loss: -0.0052 | Critic Loss: 0.1558 | Grad Norm: 1.0539 | Clipped: 2/4
Epoch [2316/4000] | Avg Makespan: 228.00 | Actor Loss: -0.0068 | Critic Loss: 0.1498 | Grad Norm: 0.7953 | Clipped: 0/4
Epoch [2317/4000] | Avg Makespan: 228.50 | Actor Loss: -0.0039 | Critic Loss: 0.2899 | Grad Norm: 1.0488 | Clipped: 3/4
Epoch [2318/4000] | Avg Makespan: 231.00 | Actor Loss: -0.0058 | Critic Loss: 0.1093 | Grad Norm: 1.0702 | Clipped: 2/4
Epoch [2319/4000] | Avg Makespan: 265.75 | Actor Loss: -0.0017 | Critic Loss: 1.3381 | Grad Norm: 3.2211 | Clipped: 4/4
Epoch [2320/4000] | Avg Makespan: 217.75 | Actor Loss: -0.0057 | Critic Loss: 0.1926 | Grad Norm: 1.5055 | Clipped: 4/4
Epoch [2321/4000] | Avg Makespan: 224.50 | Actor Loss: -0.0052 | Critic Loss: 0.2109 | Grad Norm: 1.0217 | Clipped: 1/4
Epoch [2322/4000] | Avg Makespan: 228.75 | Actor Loss: -0.0076 | Critic Loss: 0.4669 | Grad Norm: 1.2970 | Clipped: 4/4
Epoch [2323/4000] | Avg Makespan: 234.50 | Actor Loss: -0.0058 | Critic Loss: 0.1742 | Grad Norm: 1.1796 | Clipped: 3/4
Epoch [2324/4000] | Avg Makespan: 217.75 | Actor Loss: -0.0044 | Critic Loss: 0.2111 | Grad Norm: 1.7523 | Clipped: 4/4
Epoch [2325/4000] | Avg Makespan: 232.25 | Actor Loss: -0.0085 | Critic Loss: 0.2169 | Grad Norm: 1.0656 | Clipped: 2/4
Epoch [2326/4000] | Avg Makespan: 218.50 | Actor Loss: -0.0086 | Critic Loss: 0.0903 | Grad Norm: 1.1148 | Clipped: 2/4
Epoch [2327/4000] | Avg Makespan: 218.50 | Actor Loss: -0.0057 | Critic Loss: 0.0808 | Grad Norm: 1.0372 | Clipped: 2/4
Epoch [2328/4000] | Avg Makespan: 226.25 | Actor Loss: -0.0078 | Critic Loss: 0.1228 | Grad Norm: 1.0503 | Clipped: 2/4
Epoch [2329/4000] | Avg Makespan: 214.25 | Actor Loss: -0.0066 | Critic Loss: 0.1546 | Grad Norm: 1.4921 | Clipped: 4/4
Epoch [2330/4000] | Avg Makespan: 214.75 | Actor Loss: -0.0063 | Critic Loss: 0.0882 | Grad Norm: 1.1620 | Clipped: 4/4
Epoch [2331/4000] | Avg Makespan: 219.50 | Actor Loss: -0.0035 | Critic Loss: 0.1143 | Grad Norm: 1.0732 | Clipped: 2/4
Epoch [2332/4000] | Avg Makespan: 219.50 | Actor Loss: -0.0048 | Critic Loss: 0.1093 | Grad Norm: 1.5916 | Clipped: 4/4
Epoch [2333/4000] | Avg Makespan: 231.75 | Actor Loss: -0.0060 | Critic Loss: 0.6279 | Grad Norm: 1.4081 | Clipped: 4/4
Epoch [2334/4000] | Avg Makespan: 223.75 | Actor Loss: -0.0071 | Critic Loss: 0.4502 | Grad Norm: 1.1549 | Clipped: 3/4
Epoch [2335/4000] | Avg Makespan: 229.75 | Actor Loss: -0.0064 | Critic Loss: 0.3965 | Grad Norm: 1.5350 | Clipped: 4/4
Epoch [2336/4000] | Avg Makespan: 212.25 | Actor Loss: -0.0060 | Critic Loss: 0.1111 | Grad Norm: 1.2270 | Clipped: 3/4
Epoch [2337/4000] | Avg Makespan: 232.25 | Actor Loss: -0.0047 | Critic Loss: 0.2602 | Grad Norm: 1.4598 | Clipped: 4/4
Epoch [2338/4000] | Avg Makespan: 226.00 | Actor Loss: -0.0089 | Critic Loss: 0.0824 | Grad Norm: 1.3059 | Clipped: 3/4
Epoch [2339/4000] | Avg Makespan: 222.50 | Actor Loss: -0.0057 | Critic Loss: 0.0899 | Grad Norm: 1.5154 | Clipped: 4/4
Epoch [2340/4000] | Avg Makespan: 210.75 | Actor Loss: -0.0055 | Critic Loss: 0.1023 | Grad Norm: 1.2665 | Clipped: 4/4
Epoch [2341/4000] | Avg Makespan: 215.75 | Actor Loss: -0.0061 | Critic Loss: 0.0657 | Grad Norm: 1.0689 | Clipped: 4/4
Epoch [2342/4000] | Avg Makespan: 232.25 | Actor Loss: -0.0052 | Critic Loss: 0.3418 | Grad Norm: 1.2828 | Clipped: 4/4
Epoch [2343/4000] | Avg Makespan: 234.50 | Actor Loss: -0.0055 | Critic Loss: 0.5007 | Grad Norm: 1.4532 | Clipped: 4/4
Epoch [2344/4000] | Avg Makespan: 244.00 | Actor Loss: -0.0032 | Critic Loss: 0.6552 | Grad Norm: 1.6755 | Clipped: 4/4
Epoch [2345/4000] | Avg Makespan: 223.25 | Actor Loss: -0.0063 | Critic Loss: 0.2378 | Grad Norm: 1.2017 | Clipped: 4/4
Epoch [2346/4000] | Avg Makespan: 210.25 | Actor Loss: -0.0011 | Critic Loss: 0.2095 | Grad Norm: 1.6816 | Clipped: 4/4
Epoch [2347/4000] | Avg Makespan: 217.00 | Actor Loss: -0.0024 | Critic Loss: 0.1418 | Grad Norm: 1.3621 | Clipped: 4/4
Epoch [2348/4000] | Avg Makespan: 226.75 | Actor Loss: -0.0047 | Critic Loss: 0.3789 | Grad Norm: 1.1120 | Clipped: 2/4
Epoch [2349/4000] | Avg Makespan: 224.00 | Actor Loss: -0.0062 | Critic Loss: 0.1974 | Grad Norm: 1.2630 | Clipped: 2/4
Epoch [2350/4000] | Avg Makespan: 228.00 | Actor Loss: -0.0066 | Critic Loss: 0.1960 | Grad Norm: 1.2568 | Clipped: 3/4
Epoch [2351/4000] | Avg Makespan: 227.00 | Actor Loss: -0.0047 | Critic Loss: 0.4287 | Grad Norm: 1.1286 | Clipped: 4/4
Epoch [2352/4000] | Avg Makespan: 220.50 | Actor Loss: -0.0074 | Critic Loss: 0.1087 | Grad Norm: 1.2463 | Clipped: 3/4
Epoch [2353/4000] | Avg Makespan: 217.25 | Actor Loss: -0.0062 | Critic Loss: 0.1526 | Grad Norm: 0.9147 | Clipped: 2/4
Epoch [2354/4000] | Avg Makespan: 230.75 | Actor Loss: -0.0055 | Critic Loss: 0.2635 | Grad Norm: 1.3372 | Clipped: 4/4
Epoch [2355/4000] | Avg Makespan: 218.75 | Actor Loss: -0.0083 | Critic Loss: 0.0932 | Grad Norm: 1.1778 | Clipped: 4/4
Epoch [2356/4000] | Avg Makespan: 229.00 | Actor Loss: -0.0045 | Critic Loss: 0.3791 | Grad Norm: 1.2412 | Clipped: 3/4
Epoch [2357/4000] | Avg Makespan: 217.25 | Actor Loss: -0.0041 | Critic Loss: 0.1592 | Grad Norm: 1.7997 | Clipped: 4/4
Epoch [2358/4000] | Avg Makespan: 234.75 | Actor Loss: -0.0066 | Critic Loss: 0.3422 | Grad Norm: 1.4247 | Clipped: 4/4
Epoch [2359/4000] | Avg Makespan: 211.50 | Actor Loss: -0.0045 | Critic Loss: 0.1192 | Grad Norm: 1.2167 | Clipped: 4/4
Epoch [2360/4000] | Avg Makespan: 217.00 | Actor Loss: -0.0058 | Critic Loss: 0.0888 | Grad Norm: 0.9898 | Clipped: 1/4
Epoch [2361/4000] | Avg Makespan: 215.50 | Actor Loss: -0.0052 | Critic Loss: 0.0257 | Grad Norm: 0.9814 | Clipped: 2/4
Epoch [2362/4000] | Avg Makespan: 209.50 | Actor Loss: -0.0061 | Critic Loss: 0.0389 | Grad Norm: 0.8394 | Clipped: 1/4
Epoch [2363/4000] | Avg Makespan: 214.50 | Actor Loss: -0.0055 | Critic Loss: 0.0362 | Grad Norm: 0.9731 | Clipped: 1/4
Epoch [2364/4000] | Avg Makespan: 248.75 | Actor Loss: -0.0036 | Critic Loss: 2.1899 | Grad Norm: 1.6490 | Clipped: 4/4
Epoch [2365/4000] | Avg Makespan: 214.75 | Actor Loss: -0.0051 | Critic Loss: 0.0521 | Grad Norm: 0.9308 | Clipped: 1/4
Epoch [2366/4000] | Avg Makespan: 227.00 | Actor Loss: -0.0082 | Critic Loss: 0.3688 | Grad Norm: 1.0580 | Clipped: 2/4
Epoch [2367/4000] | Avg Makespan: 222.25 | Actor Loss: -0.0065 | Critic Loss: 0.0793 | Grad Norm: 1.0093 | Clipped: 2/4
Epoch [2368/4000] | Avg Makespan: 213.00 | Actor Loss: -0.0062 | Critic Loss: 0.0629 | Grad Norm: 1.0259 | Clipped: 1/4
Epoch [2369/4000] | Avg Makespan: 213.25 | Actor Loss: -0.0045 | Critic Loss: 0.0729 | Grad Norm: 1.1160 | Clipped: 4/4
Epoch [2370/4000] | Avg Makespan: 224.00 | Actor Loss: -0.0051 | Critic Loss: 0.1893 | Grad Norm: 0.9594 | Clipped: 0/4
Epoch [2371/4000] | Avg Makespan: 235.50 | Actor Loss: -0.0058 | Critic Loss: 0.3582 | Grad Norm: 1.3366 | Clipped: 3/4
Epoch [2372/4000] | Avg Makespan: 240.75 | Actor Loss: -0.0015 | Critic Loss: 0.3832 | Grad Norm: 1.4180 | Clipped: 4/4
Epoch [2373/4000] | Avg Makespan: 228.50 | Actor Loss: -0.0069 | Critic Loss: 0.2065 | Grad Norm: 1.0593 | Clipped: 3/4
Epoch [2374/4000] | Avg Makespan: 251.00 | Actor Loss: -0.0064 | Critic Loss: 0.7603 | Grad Norm: 1.5329 | Clipped: 3/4
Epoch [2375/4000] | Avg Makespan: 227.75 | Actor Loss: -0.0028 | Critic Loss: 0.4560 | Grad Norm: 2.9872 | Clipped: 4/4
Epoch [2376/4000] | Avg Makespan: 221.75 | Actor Loss: -0.0028 | Critic Loss: 0.4059 | Grad Norm: 2.2063 | Clipped: 4/4
Epoch [2377/4000] | Avg Makespan: 210.00 | Actor Loss: -0.0056 | Critic Loss: 0.1022 | Grad Norm: 1.2031 | Clipped: 2/4
Epoch [2378/4000] | Avg Makespan: 221.50 | Actor Loss: -0.0035 | Critic Loss: 0.1531 | Grad Norm: 1.0677 | Clipped: 2/4
Epoch [2379/4000] | Avg Makespan: 234.25 | Actor Loss: -0.0063 | Critic Loss: 1.3060 | Grad Norm: 2.2515 | Clipped: 4/4
Epoch [2380/4000] | Avg Makespan: 210.50 | Actor Loss: -0.0022 | Critic Loss: 0.0406 | Grad Norm: 2.0617 | Clipped: 4/4
Epoch [2381/4000] | Avg Makespan: 218.00 | Actor Loss: -0.0067 | Critic Loss: 0.1351 | Grad Norm: 1.1392 | Clipped: 2/4
Epoch [2382/4000] | Avg Makespan: 220.00 | Actor Loss: -0.0061 | Critic Loss: 0.1327 | Grad Norm: 0.9759 | Clipped: 1/4
Epoch [2383/4000] | Avg Makespan: 240.25 | Actor Loss: -0.0041 | Critic Loss: 0.6030 | Grad Norm: 1.3452 | Clipped: 4/4
Epoch [2384/4000] | Avg Makespan: 214.25 | Actor Loss: -0.0057 | Critic Loss: 0.1019 | Grad Norm: 0.9823 | Clipped: 1/4
Epoch [2385/4000] | Avg Makespan: 221.00 | Actor Loss: -0.0048 | Critic Loss: 0.2926 | Grad Norm: 1.2455 | Clipped: 3/4
Epoch [2386/4000] | Avg Makespan: 241.25 | Actor Loss: -0.0030 | Critic Loss: 0.3545 | Grad Norm: 1.5319 | Clipped: 4/4
Epoch [2387/4000] | Avg Makespan: 243.25 | Actor Loss: -0.0031 | Critic Loss: 0.2190 | Grad Norm: 1.4116 | Clipped: 4/4
Epoch [2388/4000] | Avg Makespan: 222.50 | Actor Loss: -0.0014 | Critic Loss: 0.3526 | Grad Norm: 2.1884 | Clipped: 4/4
Epoch [2389/4000] | Avg Makespan: 222.00 | Actor Loss: -0.0071 | Critic Loss: 0.1422 | Grad Norm: 1.0395 | Clipped: 2/4
Epoch [2390/4000] | Avg Makespan: 222.25 | Actor Loss: -0.0065 | Critic Loss: 0.1832 | Grad Norm: 1.0055 | Clipped: 2/4
Epoch [2391/4000] | Avg Makespan: 212.75 | Actor Loss: -0.0043 | Critic Loss: 0.1287 | Grad Norm: 1.0256 | Clipped: 2/4
Epoch [2392/4000] | Avg Makespan: 221.50 | Actor Loss: -0.0052 | Critic Loss: 0.2636 | Grad Norm: 1.1131 | Clipped: 3/4
Epoch [2393/4000] | Avg Makespan: 218.50 | Actor Loss: -0.0071 | Critic Loss: 0.2048 | Grad Norm: 1.1499 | Clipped: 3/4
Epoch [2394/4000] | Avg Makespan: 231.00 | Actor Loss: -0.0054 | Critic Loss: 0.4027 | Grad Norm: 1.4348 | Clipped: 4/4
Epoch [2395/4000] | Avg Makespan: 226.75 | Actor Loss: -0.0062 | Critic Loss: 0.3662 | Grad Norm: 1.8768 | Clipped: 4/4
Epoch [2396/4000] | Avg Makespan: 231.50 | Actor Loss: -0.0063 | Critic Loss: 0.2116 | Grad Norm: 1.2168 | Clipped: 4/4
Epoch [2397/4000] | Avg Makespan: 242.25 | Actor Loss: -0.0073 | Critic Loss: 0.3077 | Grad Norm: 1.2428 | Clipped: 3/4
Epoch [2398/4000] | Avg Makespan: 242.00 | Actor Loss: -0.0026 | Critic Loss: 0.5954 | Grad Norm: 1.4423 | Clipped: 4/4
Epoch [2399/4000] | Avg Makespan: 234.50 | Actor Loss: -0.0066 | Critic Loss: 0.1987 | Grad Norm: 1.1754 | Clipped: 3/4
Epoch [2400/4000] | Avg Makespan: 232.50 | Actor Loss: -0.0034 | Critic Loss: 0.3764 | Grad Norm: 1.8427 | Clipped: 4/4
   -> Validation | Samples: 280 | Makespan: 1021.05 | Invalid Jobs: 0.03 | Score: 1049.62
   -> Saved new best model (Val C~ mean of last 5: 383.04; this eval 371.61)
   -> Saved updated training chart to /home/wei/Desktop/AMR-DFJSP/runs/20260827_084425_v10_B_s42/chart.png
Epoch [2401/4000] | Avg Makespan: 229.50 | Actor Loss: -0.0051 | Critic Loss: 0.2998 | Grad Norm: 1.4575 | Clipped: 3/4
Epoch [2402/4000] | Avg Makespan: 208.75 | Actor Loss: -0.0050 | Critic Loss: 0.1795 | Grad Norm: 1.3403 | Clipped: 4/4
Epoch [2403/4000] | Avg Makespan: 243.75 | Actor Loss: -0.0036 | Critic Loss: 0.2649 | Grad Norm: 1.5698 | Clipped: 4/4
Epoch [2404/4000] | Avg Makespan: 223.25 | Actor Loss: -0.0067 | Critic Loss: 0.1881 | Grad Norm: 1.0713 | Clipped: 3/4
Epoch [2405/4000] | Avg Makespan: 231.75 | Actor Loss: -0.0095 | Critic Loss: 0.4033 | Grad Norm: 1.7176 | Clipped: 4/4
Epoch [2406/4000] | Avg Makespan: 227.25 | Actor Loss: -0.0084 | Critic Loss: 0.2605 | Grad Norm: 1.1801 | Clipped: 4/4
Epoch [2407/4000] | Avg Makespan: 241.75 | Actor Loss: -0.0045 | Critic Loss: 0.3300 | Grad Norm: 0.8451 | Clipped: 1/4
Epoch [2408/4000] | Avg Makespan: 240.00 | Actor Loss: -0.0068 | Critic Loss: 0.4038 | Grad Norm: 1.1374 | Clipped: 2/4
Epoch [2409/4000] | Avg Makespan: 223.00 | Actor Loss: -0.0055 | Critic Loss: 0.2412 | Grad Norm: 1.0648 | Clipped: 1/4
Epoch [2410/4000] | Avg Makespan: 211.50 | Actor Loss: -0.0046 | Critic Loss: 0.2368 | Grad Norm: 2.2605 | Clipped: 4/4
Epoch [2411/4000] | Avg Makespan: 230.75 | Actor Loss: -0.0031 | Critic Loss: 0.2832 | Grad Norm: 1.6899 | Clipped: 3/4
Epoch [2412/4000] | Avg Makespan: 234.00 | Actor Loss: -0.0068 | Critic Loss: 0.2233 | Grad Norm: 1.3704 | Clipped: 4/4
Epoch [2413/4000] | Avg Makespan: 231.00 | Actor Loss: -0.0050 | Critic Loss: 0.2834 | Grad Norm: 1.4623 | Clipped: 4/4
Epoch [2414/4000] | Avg Makespan: 215.00 | Actor Loss: -0.0051 | Critic Loss: 0.0816 | Grad Norm: 1.4300 | Clipped: 4/4
Epoch [2415/4000] | Avg Makespan: 231.00 | Actor Loss: -0.0056 | Critic Loss: 0.1925 | Grad Norm: 0.9698 | Clipped: 1/4
Epoch [2416/4000] | Avg Makespan: 218.75 | Actor Loss: -0.0054 | Critic Loss: 0.1941 | Grad Norm: 1.4614 | Clipped: 4/4
Epoch [2417/4000] | Avg Makespan: 222.75 | Actor Loss: -0.0064 | Critic Loss: 0.1761 | Grad Norm: 0.9577 | Clipped: 2/4
Epoch [2418/4000] | Avg Makespan: 238.75 | Actor Loss: -0.0066 | Critic Loss: 0.4436 | Grad Norm: 1.3136 | Clipped: 4/4
Epoch [2419/4000] | Avg Makespan: 232.25 | Actor Loss: -0.0040 | Critic Loss: 0.1517 | Grad Norm: 1.1424 | Clipped: 3/4
Epoch [2420/4000] | Avg Makespan: 214.50 | Actor Loss: -0.0019 | Critic Loss: 0.0694 | Grad Norm: 1.3100 | Clipped: 3/4
Epoch [2421/4000] | Avg Makespan: 230.00 | Actor Loss: -0.0066 | Critic Loss: 0.1506 | Grad Norm: 1.0209 | Clipped: 1/4
Epoch [2422/4000] | Avg Makespan: 239.25 | Actor Loss: -0.0046 | Critic Loss: 0.5365 | Grad Norm: 1.5396 | Clipped: 4/4
Epoch [2423/4000] | Avg Makespan: 227.00 | Actor Loss: -0.0079 | Critic Loss: 0.2027 | Grad Norm: 1.4238 | Clipped: 4/4
Epoch [2424/4000] | Avg Makespan: 222.25 | Actor Loss: -0.0064 | Critic Loss: 0.2355 | Grad Norm: 1.0105 | Clipped: 1/4
Epoch [2425/4000] | Avg Makespan: 228.00 | Actor Loss: -0.0067 | Critic Loss: 0.5948 | Grad Norm: 1.3374 | Clipped: 4/4
Epoch [2426/4000] | Avg Makespan: 220.25 | Actor Loss: -0.0085 | Critic Loss: 0.2490 | Grad Norm: 1.0318 | Clipped: 2/4
Epoch [2427/4000] | Avg Makespan: 232.00 | Actor Loss: -0.0042 | Critic Loss: 0.2556 | Grad Norm: 1.4256 | Clipped: 4/4
Epoch [2428/4000] | Avg Makespan: 221.25 | Actor Loss: -0.0049 | Critic Loss: 0.1862 | Grad Norm: 0.7842 | Clipped: 0/4
Epoch [2429/4000] | Avg Makespan: 224.75 | Actor Loss: -0.0074 | Critic Loss: 0.1907 | Grad Norm: 1.3838 | Clipped: 3/4
Epoch [2430/4000] | Avg Makespan: 218.75 | Actor Loss: -0.0038 | Critic Loss: 0.0765 | Grad Norm: 1.0968 | Clipped: 3/4
Epoch [2431/4000] | Avg Makespan: 233.50 | Actor Loss: -0.0053 | Critic Loss: 0.3434 | Grad Norm: 1.0122 | Clipped: 2/4
Epoch [2432/4000] | Avg Makespan: 221.00 | Actor Loss: -0.0058 | Critic Loss: 0.0303 | Grad Norm: 0.9809 | Clipped: 2/4
Epoch [2433/4000] | Avg Makespan: 239.50 | Actor Loss: -0.0066 | Critic Loss: 0.3901 | Grad Norm: 1.3480 | Clipped: 4/4
Epoch [2434/4000] | Avg Makespan: 228.50 | Actor Loss: -0.0054 | Critic Loss: 0.2526 | Grad Norm: 0.9690 | Clipped: 1/4
Epoch [2435/4000] | Avg Makespan: 240.00 | Actor Loss: -0.0053 | Critic Loss: 0.4863 | Grad Norm: 1.0200 | Clipped: 2/4
Epoch [2436/4000] | Avg Makespan: 223.00 | Actor Loss: -0.0060 | Critic Loss: 0.1739 | Grad Norm: 1.1180 | Clipped: 3/4
Epoch [2437/4000] | Avg Makespan: 233.75 | Actor Loss: -0.0053 | Critic Loss: 0.2304 | Grad Norm: 0.8427 | Clipped: 1/4
Epoch [2438/4000] | Avg Makespan: 249.75 | Actor Loss: -0.0047 | Critic Loss: 0.6594 | Grad Norm: 1.5118 | Clipped: 4/4
Epoch [2439/4000] | Avg Makespan: 242.50 | Actor Loss: -0.0041 | Critic Loss: 0.3059 | Grad Norm: 1.2274 | Clipped: 4/4
Epoch [2440/4000] | Avg Makespan: 237.25 | Actor Loss: -0.0066 | Critic Loss: 0.4131 | Grad Norm: 1.3533 | Clipped: 2/4
Epoch [2441/4000] | Avg Makespan: 214.50 | Actor Loss: -0.0029 | Critic Loss: 0.5006 | Grad Norm: 1.7704 | Clipped: 4/4
Epoch [2442/4000] | Avg Makespan: 231.25 | Actor Loss: -0.0019 | Critic Loss: 0.3283 | Grad Norm: 1.4741 | Clipped: 4/4
Epoch [2443/4000] | Avg Makespan: 223.00 | Actor Loss: -0.0063 | Critic Loss: 0.1941 | Grad Norm: 1.2471 | Clipped: 2/4
Epoch [2444/4000] | Avg Makespan: 223.50 | Actor Loss: -0.0060 | Critic Loss: 0.1608 | Grad Norm: 0.9496 | Clipped: 1/4
Epoch [2445/4000] | Avg Makespan: 211.75 | Actor Loss: -0.0083 | Critic Loss: 0.0847 | Grad Norm: 1.1969 | Clipped: 3/4
Epoch [2446/4000] | Avg Makespan: 226.75 | Actor Loss: -0.0044 | Critic Loss: 0.3707 | Grad Norm: 0.9287 | Clipped: 1/4
Epoch [2447/4000] | Avg Makespan: 232.50 | Actor Loss: -0.0075 | Critic Loss: 0.2089 | Grad Norm: 1.0783 | Clipped: 2/4
Epoch [2448/4000] | Avg Makespan: 250.75 | Actor Loss: -0.0052 | Critic Loss: 0.6795 | Grad Norm: 1.7103 | Clipped: 4/4
Epoch [2449/4000] | Avg Makespan: 214.50 | Actor Loss: -0.0040 | Critic Loss: 0.1712 | Grad Norm: 1.3679 | Clipped: 4/4
Epoch [2450/4000] | Avg Makespan: 229.50 | Actor Loss: -0.0060 | Critic Loss: 0.2602 | Grad Norm: 1.0109 | Clipped: 3/4
Epoch [2451/4000] | Avg Makespan: 219.00 | Actor Loss: -0.0066 | Critic Loss: 0.0968 | Grad Norm: 1.3163 | Clipped: 4/4
Epoch [2452/4000] | Avg Makespan: 211.00 | Actor Loss: -0.0027 | Critic Loss: 0.0676 | Grad Norm: 1.2015 | Clipped: 4/4
Epoch [2453/4000] | Avg Makespan: 220.25 | Actor Loss: -0.0062 | Critic Loss: 0.1353 | Grad Norm: 1.1100 | Clipped: 3/4
Epoch [2454/4000] | Avg Makespan: 239.75 | Actor Loss: -0.0043 | Critic Loss: 0.4148 | Grad Norm: 1.5994 | Clipped: 4/4
Epoch [2455/4000] | Avg Makespan: 227.50 | Actor Loss: -0.0036 | Critic Loss: 0.3136 | Grad Norm: 1.2418 | Clipped: 3/4
Epoch [2456/4000] | Avg Makespan: 212.00 | Actor Loss: -0.0066 | Critic Loss: 0.0609 | Grad Norm: 0.9186 | Clipped: 0/4
Epoch [2457/4000] | Avg Makespan: 230.75 | Actor Loss: -0.0074 | Critic Loss: 0.3510 | Grad Norm: 1.1468 | Clipped: 3/4
Epoch [2458/4000] | Avg Makespan: 217.50 | Actor Loss: -0.0057 | Critic Loss: 0.1539 | Grad Norm: 0.8399 | Clipped: 0/4
Epoch [2459/4000] | Avg Makespan: 222.50 | Actor Loss: -0.0034 | Critic Loss: 0.1294 | Grad Norm: 1.3414 | Clipped: 3/4
Epoch [2460/4000] | Avg Makespan: 228.00 | Actor Loss: -0.0052 | Critic Loss: 0.2388 | Grad Norm: 0.8993 | Clipped: 1/4
Epoch [2461/4000] | Avg Makespan: 227.25 | Actor Loss: -0.0052 | Critic Loss: 0.2607 | Grad Norm: 0.9574 | Clipped: 1/4
Epoch [2462/4000] | Avg Makespan: 235.25 | Actor Loss: -0.0050 | Critic Loss: 0.1572 | Grad Norm: 1.0024 | Clipped: 2/4
Epoch [2463/4000] | Avg Makespan: 225.50 | Actor Loss: -0.0086 | Critic Loss: 0.1296 | Grad Norm: 1.0664 | Clipped: 3/4
Epoch [2464/4000] | Avg Makespan: 227.50 | Actor Loss: -0.0059 | Critic Loss: 0.0780 | Grad Norm: 1.4917 | Clipped: 4/4
Epoch [2465/4000] | Avg Makespan: 231.25 | Actor Loss: -0.0062 | Critic Loss: 0.4294 | Grad Norm: 1.0300 | Clipped: 2/4
Epoch [2466/4000] | Avg Makespan: 231.25 | Actor Loss: -0.0067 | Critic Loss: 0.3437 | Grad Norm: 1.1142 | Clipped: 3/4
Epoch [2467/4000] | Avg Makespan: 227.00 | Actor Loss: -0.0038 | Critic Loss: 0.1567 | Grad Norm: 0.9076 | Clipped: 1/4
Epoch [2468/4000] | Avg Makespan: 220.75 | Actor Loss: -0.0057 | Critic Loss: 0.1963 | Grad Norm: 1.1157 | Clipped: 3/4
Epoch [2469/4000] | Avg Makespan: 220.25 | Actor Loss: -0.0061 | Critic Loss: 0.0958 | Grad Norm: 1.2257 | Clipped: 4/4
Epoch [2470/4000] | Avg Makespan: 219.50 | Actor Loss: -0.0055 | Critic Loss: 0.0650 | Grad Norm: 1.1089 | Clipped: 3/4
Epoch [2471/4000] | Avg Makespan: 231.75 | Actor Loss: -0.0060 | Critic Loss: 0.4626 | Grad Norm: 1.2673 | Clipped: 2/4
Epoch [2472/4000] | Avg Makespan: 219.00 | Actor Loss: -0.0022 | Critic Loss: 0.0546 | Grad Norm: 1.4925 | Clipped: 4/4
Epoch [2473/4000] | Avg Makespan: 219.50 | Actor Loss: -0.0075 | Critic Loss: 0.0612 | Grad Norm: 1.0131 | Clipped: 2/4
Epoch [2474/4000] | Avg Makespan: 221.00 | Actor Loss: -0.0043 | Critic Loss: 0.0575 | Grad Norm: 1.0496 | Clipped: 3/4
Epoch [2475/4000] | Avg Makespan: 220.75 | Actor Loss: -0.0061 | Critic Loss: 0.1229 | Grad Norm: 1.2429 | Clipped: 3/4
Epoch [2476/4000] | Avg Makespan: 228.75 | Actor Loss: -0.0036 | Critic Loss: 0.1491 | Grad Norm: 1.0858 | Clipped: 2/4
Epoch [2477/4000] | Avg Makespan: 222.00 | Actor Loss: -0.0066 | Critic Loss: 0.0846 | Grad Norm: 1.3044 | Clipped: 1/4
Epoch [2478/4000] | Avg Makespan: 218.75 | Actor Loss: -0.0048 | Critic Loss: 0.0440 | Grad Norm: 1.0523 | Clipped: 1/4
Epoch [2479/4000] | Avg Makespan: 220.50 | Actor Loss: -0.0033 | Critic Loss: 0.2648 | Grad Norm: 0.9204 | Clipped: 1/4
Epoch [2480/4000] | Avg Makespan: 220.00 | Actor Loss: -0.0050 | Critic Loss: 0.2133 | Grad Norm: 1.1521 | Clipped: 1/4
Epoch [2481/4000] | Avg Makespan: 226.00 | Actor Loss: -0.0046 | Critic Loss: 0.1346 | Grad Norm: 1.1344 | Clipped: 2/4
Epoch [2482/4000] | Avg Makespan: 223.25 | Actor Loss: -0.0058 | Critic Loss: 0.1714 | Grad Norm: 1.0048 | Clipped: 2/4
Epoch [2483/4000] | Avg Makespan: 224.00 | Actor Loss: -0.0045 | Critic Loss: 0.1360 | Grad Norm: 1.4369 | Clipped: 3/4
Epoch [2484/4000] | Avg Makespan: 217.50 | Actor Loss: -0.0057 | Critic Loss: 0.1248 | Grad Norm: 1.5517 | Clipped: 4/4
Epoch [2485/4000] | Avg Makespan: 215.75 | Actor Loss: -0.0051 | Critic Loss: 0.0787 | Grad Norm: 1.7466 | Clipped: 4/4
Epoch [2486/4000] | Avg Makespan: 226.00 | Actor Loss: -0.0057 | Critic Loss: 0.4997 | Grad Norm: 1.2215 | Clipped: 3/4
Epoch [2487/4000] | Avg Makespan: 209.50 | Actor Loss: -0.0043 | Critic Loss: 0.0471 | Grad Norm: 1.2757 | Clipped: 3/4
Epoch [2488/4000] | Avg Makespan: 233.25 | Actor Loss: -0.0047 | Critic Loss: 0.4913 | Grad Norm: 1.1151 | Clipped: 3/4
Epoch [2489/4000] | Avg Makespan: 213.75 | Actor Loss: -0.0070 | Critic Loss: 0.0333 | Grad Norm: 0.8882 | Clipped: 1/4
Epoch [2490/4000] | Avg Makespan: 238.50 | Actor Loss: -0.0030 | Critic Loss: 0.6975 | Grad Norm: 1.6538 | Clipped: 4/4
Epoch [2491/4000] | Avg Makespan: 232.25 | Actor Loss: -0.0023 | Critic Loss: 0.2583 | Grad Norm: 1.4102 | Clipped: 4/4
Epoch [2492/4000] | Avg Makespan: 219.75 | Actor Loss: -0.0046 | Critic Loss: 0.0723 | Grad Norm: 1.0339 | Clipped: 3/4
Epoch [2493/4000] | Avg Makespan: 223.00 | Actor Loss: -0.0033 | Critic Loss: 0.3189 | Grad Norm: 1.2605 | Clipped: 4/4
Epoch [2494/4000] | Avg Makespan: 223.75 | Actor Loss: -0.0008 | Critic Loss: 0.1340 | Grad Norm: 2.5402 | Clipped: 4/4
Epoch [2495/4000] | Avg Makespan: 227.00 | Actor Loss: -0.0067 | Critic Loss: 0.3000 | Grad Norm: 1.4289 | Clipped: 4/4
Epoch [2496/4000] | Avg Makespan: 219.75 | Actor Loss: -0.0049 | Critic Loss: 0.2345 | Grad Norm: 1.3813 | Clipped: 4/4
Epoch [2497/4000] | Avg Makespan: 230.25 | Actor Loss: -0.0018 | Critic Loss: 0.3551 | Grad Norm: 1.4833 | Clipped: 4/4
Epoch [2498/4000] | Avg Makespan: 221.00 | Actor Loss: -0.0067 | Critic Loss: 0.1927 | Grad Norm: 1.0328 | Clipped: 2/4
Epoch [2499/4000] | Avg Makespan: 224.75 | Actor Loss: -0.0066 | Critic Loss: 0.2361 | Grad Norm: 1.4484 | Clipped: 3/4
Epoch [2500/4000] | Avg Makespan: 225.00 | Actor Loss: -0.0047 | Critic Loss: 0.4141 | Grad Norm: 1.1214 | Clipped: 3/4
   -> Validation | Samples: 280 | Makespan: 901.50 | Invalid Jobs: 0.01 | Score: 915.79
   -> Saved new best model (Val C~ mean of last 5: 375.93; this eval 353.69)
   -> Saved updated training chart to /home/wei/Desktop/AMR-DFJSP/runs/20260827_084425_v10_B_s42/chart.png
Epoch [2501/4000] | Avg Makespan: 235.50 | Actor Loss: -0.0049 | Critic Loss: 0.4414 | Grad Norm: 1.3889 | Clipped: 3/4
Epoch [2502/4000] | Avg Makespan: 213.50 | Actor Loss: -0.0043 | Critic Loss: 0.1156 | Grad Norm: 1.3835 | Clipped: 3/4
Epoch [2503/4000] | Avg Makespan: 224.00 | Actor Loss: -0.0043 | Critic Loss: 0.1645 | Grad Norm: 0.8306 | Clipped: 0/4
Epoch [2504/4000] | Avg Makespan: 229.75 | Actor Loss: -0.0025 | Critic Loss: 0.4056 | Grad Norm: 1.3509 | Clipped: 4/4
Epoch [2505/4000] | Avg Makespan: 218.25 | Actor Loss: -0.0057 | Critic Loss: 0.1724 | Grad Norm: 1.9936 | Clipped: 4/4
Epoch [2506/4000] | Avg Makespan: 215.75 | Actor Loss: -0.0052 | Critic Loss: 0.1228 | Grad Norm: 1.1614 | Clipped: 2/4
Epoch [2507/4000] | Avg Makespan: 237.50 | Actor Loss: -0.0037 | Critic Loss: 0.4377 | Grad Norm: 1.2324 | Clipped: 4/4
Epoch [2508/4000] | Avg Makespan: 231.50 | Actor Loss: -0.0037 | Critic Loss: 0.3730 | Grad Norm: 1.0932 | Clipped: 1/4
Epoch [2509/4000] | Avg Makespan: 232.75 | Actor Loss: -0.0058 | Critic Loss: 0.2504 | Grad Norm: 1.4585 | Clipped: 3/4
Epoch [2510/4000] | Avg Makespan: 217.00 | Actor Loss: -0.0010 | Critic Loss: 0.1127 | Grad Norm: 3.0008 | Clipped: 4/4
Epoch [2511/4000] | Avg Makespan: 219.00 | Actor Loss: -0.0037 | Critic Loss: 0.0709 | Grad Norm: 1.9672 | Clipped: 4/4
Epoch [2512/4000] | Avg Makespan: 221.00 | Actor Loss: -0.0031 | Critic Loss: 0.1072 | Grad Norm: 1.8103 | Clipped: 4/4
Epoch [2513/4000] | Avg Makespan: 225.75 | Actor Loss: -0.0062 | Critic Loss: 0.1306 | Grad Norm: 1.8988 | Clipped: 4/4
Epoch [2514/4000] | Avg Makespan: 232.50 | Actor Loss: -0.0036 | Critic Loss: 0.3753 | Grad Norm: 1.6664 | Clipped: 4/4
Epoch [2515/4000] | Avg Makespan: 220.00 | Actor Loss: -0.0033 | Critic Loss: 0.0646 | Grad Norm: 1.4956 | Clipped: 4/4
Epoch [2516/4000] | Avg Makespan: 216.00 | Actor Loss: -0.0043 | Critic Loss: 0.0356 | Grad Norm: 1.4086 | Clipped: 3/4
Epoch [2517/4000] | Avg Makespan: 217.00 | Actor Loss: -0.0057 | Critic Loss: 0.0354 | Grad Norm: 1.7485 | Clipped: 4/4
Epoch [2518/4000] | Avg Makespan: 220.00 | Actor Loss: -0.0056 | Critic Loss: 0.0333 | Grad Norm: 1.7521 | Clipped: 4/4
Epoch [2519/4000] | Avg Makespan: 223.50 | Actor Loss: -0.0044 | Critic Loss: 0.2843 | Grad Norm: 1.1112 | Clipped: 3/4
Epoch [2520/4000] | Avg Makespan: 221.50 | Actor Loss: -0.0077 | Critic Loss: 0.0500 | Grad Norm: 1.2003 | Clipped: 2/4
Epoch [2521/4000] | Avg Makespan: 221.75 | Actor Loss: -0.0032 | Critic Loss: 0.2167 | Grad Norm: 1.6382 | Clipped: 4/4
Epoch [2522/4000] | Avg Makespan: 240.50 | Actor Loss: -0.0049 | Critic Loss: 2.3863 | Grad Norm: 1.3330 | Clipped: 4/4
Epoch [2523/4000] | Avg Makespan: 218.50 | Actor Loss: -0.0009 | Critic Loss: 0.1770 | Grad Norm: 1.2501 | Clipped: 2/4
Epoch [2524/4000] | Avg Makespan: 221.75 | Actor Loss: -0.0016 | Critic Loss: 0.0853 | Grad Norm: 2.3348 | Clipped: 3/4
Epoch [2525/4000] | Avg Makespan: 220.00 | Actor Loss: -0.0062 | Critic Loss: 0.0954 | Grad Norm: 1.4546 | Clipped: 4/4
Epoch [2526/4000] | Avg Makespan: 230.25 | Actor Loss: -0.0070 | Critic Loss: 0.3286 | Grad Norm: 1.2186 | Clipped: 4/4
Epoch [2527/4000] | Avg Makespan: 215.25 | Actor Loss: -0.0051 | Critic Loss: 0.1168 | Grad Norm: 1.8409 | Clipped: 4/4
Epoch [2528/4000] | Avg Makespan: 217.50 | Actor Loss: -0.0066 | Critic Loss: 0.0228 | Grad Norm: 1.5086 | Clipped: 4/4
Epoch [2529/4000] | Avg Makespan: 216.25 | Actor Loss: -0.0070 | Critic Loss: 0.0441 | Grad Norm: 0.9093 | Clipped: 1/4
Epoch [2530/4000] | Avg Makespan: 216.50 | Actor Loss: -0.0047 | Critic Loss: 0.0581 | Grad Norm: 1.4667 | Clipped: 4/4
Epoch [2531/4000] | Avg Makespan: 225.00 | Actor Loss: -0.0043 | Critic Loss: 0.1000 | Grad Norm: 1.1204 | Clipped: 3/4
Epoch [2532/4000] | Avg Makespan: 215.00 | Actor Loss: -0.0052 | Critic Loss: 0.0787 | Grad Norm: 1.4629 | Clipped: 3/4
Epoch [2533/4000] | Avg Makespan: 222.50 | Actor Loss: -0.0025 | Critic Loss: 0.0651 | Grad Norm: 1.7464 | Clipped: 3/4
Epoch [2534/4000] | Avg Makespan: 218.75 | Actor Loss: -0.0058 | Critic Loss: 0.0356 | Grad Norm: 0.9301 | Clipped: 1/4
Epoch [2535/4000] | Avg Makespan: 214.50 | Actor Loss: -0.0055 | Critic Loss: 0.0404 | Grad Norm: 1.0984 | Clipped: 3/4
Epoch [2536/4000] | Avg Makespan: 216.50 | Actor Loss: -0.0044 | Critic Loss: 0.0363 | Grad Norm: 1.3018 | Clipped: 2/4
Epoch [2537/4000] | Avg Makespan: 220.50 | Actor Loss: -0.0034 | Critic Loss: 0.1539 | Grad Norm: 1.1100 | Clipped: 2/4
Epoch [2538/4000] | Avg Makespan: 217.25 | Actor Loss: -0.0026 | Critic Loss: 0.0207 | Grad Norm: 2.3897 | Clipped: 4/4
Epoch [2539/4000] | Avg Makespan: 222.50 | Actor Loss: -0.0049 | Critic Loss: 0.1031 | Grad Norm: 1.1849 | Clipped: 2/4
Epoch [2540/4000] | Avg Makespan: 215.50 | Actor Loss: -0.0051 | Critic Loss: 0.0293 | Grad Norm: 1.0877 | Clipped: 2/4
Epoch [2541/4000] | Avg Makespan: 221.50 | Actor Loss: -0.0042 | Critic Loss: 0.0231 | Grad Norm: 1.3401 | Clipped: 4/4
Epoch [2542/4000] | Avg Makespan: 218.50 | Actor Loss: -0.0017 | Critic Loss: 0.0492 | Grad Norm: 3.7018 | Clipped: 4/4
Epoch [2543/4000] | Avg Makespan: 215.00 | Actor Loss: -0.0042 | Critic Loss: 0.0187 | Grad Norm: 1.5020 | Clipped: 2/4
Epoch [2544/4000] | Avg Makespan: 213.00 | Actor Loss: 0.0035 | Critic Loss: 0.0665 | Grad Norm: 3.6908 | Clipped: 4/4
Epoch [2545/4000] | Avg Makespan: 229.00 | Actor Loss: -0.0040 | Critic Loss: 0.3095 | Grad Norm: 1.2076 | Clipped: 4/4
Epoch [2546/4000] | Avg Makespan: 213.00 | Actor Loss: -0.0006 | Critic Loss: 0.0531 | Grad Norm: 1.8463 | Clipped: 4/4
Epoch [2547/4000] | Avg Makespan: 215.75 | Actor Loss: -0.0034 | Critic Loss: 0.0578 | Grad Norm: 1.1349 | Clipped: 3/4
Epoch [2548/4000] | Avg Makespan: 217.50 | Actor Loss: -0.0039 | Critic Loss: 0.0662 | Grad Norm: 1.1187 | Clipped: 2/4
Epoch [2549/4000] | Avg Makespan: 215.25 | Actor Loss: -0.0057 | Critic Loss: 0.0371 | Grad Norm: 1.5032 | Clipped: 3/4
Epoch [2550/4000] | Avg Makespan: 226.00 | Actor Loss: -0.0056 | Critic Loss: 0.2191 | Grad Norm: 1.0366 | Clipped: 2/4
Epoch [2551/4000] | Avg Makespan: 232.25 | Actor Loss: -0.0049 | Critic Loss: 0.2607 | Grad Norm: 1.3373 | Clipped: 3/4
Epoch [2552/4000] | Avg Makespan: 231.75 | Actor Loss: -0.0061 | Critic Loss: 0.4396 | Grad Norm: 1.3488 | Clipped: 4/4
Epoch [2553/4000] | Avg Makespan: 219.75 | Actor Loss: -0.0071 | Critic Loss: 0.1423 | Grad Norm: 0.9371 | Clipped: 1/4
Epoch [2554/4000] | Avg Makespan: 244.25 | Actor Loss: -0.0044 | Critic Loss: 0.8803 | Grad Norm: 1.5083 | Clipped: 4/4
Epoch [2555/4000] | Avg Makespan: 220.00 | Actor Loss: -0.0020 | Critic Loss: 0.1354 | Grad Norm: 1.5277 | Clipped: 4/4
Epoch [2556/4000] | Avg Makespan: 215.25 | Actor Loss: -0.0026 | Critic Loss: 0.1031 | Grad Norm: 3.5193 | Clipped: 4/4
Epoch [2557/4000] | Avg Makespan: 219.00 | Actor Loss: -0.0057 | Critic Loss: 0.1695 | Grad Norm: 1.5348 | Clipped: 4/4
Epoch [2558/4000] | Avg Makespan: 228.50 | Actor Loss: -0.0036 | Critic Loss: 0.3251 | Grad Norm: 0.7579 | Clipped: 0/4
Epoch [2559/4000] | Avg Makespan: 215.00 | Actor Loss: -0.0042 | Critic Loss: 0.0453 | Grad Norm: 1.6454 | Clipped: 4/4
Epoch [2560/4000] | Avg Makespan: 218.25 | Actor Loss: -0.0049 | Critic Loss: 0.0744 | Grad Norm: 1.0312 | Clipped: 1/4
Epoch [2561/4000] | Avg Makespan: 221.00 | Actor Loss: -0.0059 | Critic Loss: 0.0307 | Grad Norm: 0.9830 | Clipped: 2/4
Epoch [2562/4000] | Avg Makespan: 217.00 | Actor Loss: -0.0062 | Critic Loss: 0.0525 | Grad Norm: 1.1371 | Clipped: 3/4
Epoch [2563/4000] | Avg Makespan: 215.25 | Actor Loss: -0.0048 | Critic Loss: 0.0596 | Grad Norm: 1.3618 | Clipped: 3/4
Epoch [2564/4000] | Avg Makespan: 229.00 | Actor Loss: -0.0045 | Critic Loss: 0.2445 | Grad Norm: 1.1192 | Clipped: 3/4
Epoch [2565/4000] | Avg Makespan: 208.00 | Actor Loss: -0.0056 | Critic Loss: 0.1151 | Grad Norm: 1.2794 | Clipped: 4/4
Epoch [2566/4000] | Avg Makespan: 228.75 | Actor Loss: -0.0029 | Critic Loss: 0.3452 | Grad Norm: 1.5859 | Clipped: 4/4
Epoch [2567/4000] | Avg Makespan: 225.00 | Actor Loss: -0.0056 | Critic Loss: 0.2019 | Grad Norm: 1.1223 | Clipped: 4/4
Epoch [2568/4000] | Avg Makespan: 214.00 | Actor Loss: -0.0035 | Critic Loss: 0.0839 | Grad Norm: 1.3178 | Clipped: 4/4
Epoch [2569/4000] | Avg Makespan: 220.00 | Actor Loss: -0.0041 | Critic Loss: 0.0788 | Grad Norm: 1.5187 | Clipped: 4/4
Epoch [2570/4000] | Avg Makespan: 218.00 | Actor Loss: -0.0043 | Critic Loss: 0.0549 | Grad Norm: 1.0931 | Clipped: 3/4
Epoch [2571/4000] | Avg Makespan: 224.50 | Actor Loss: -0.0051 | Critic Loss: 0.1653 | Grad Norm: 1.0629 | Clipped: 1/4
Epoch [2572/4000] | Avg Makespan: 227.25 | Actor Loss: -0.0047 | Critic Loss: 0.0912 | Grad Norm: 0.9950 | Clipped: 1/4
Epoch [2573/4000] | Avg Makespan: 216.75 | Actor Loss: -0.0069 | Critic Loss: 0.0477 | Grad Norm: 0.8678 | Clipped: 1/4
Epoch [2574/4000] | Avg Makespan: 216.50 | Actor Loss: -0.0085 | Critic Loss: 0.2527 | Grad Norm: 1.1216 | Clipped: 2/4
Epoch [2575/4000] | Avg Makespan: 219.25 | Actor Loss: -0.0052 | Critic Loss: 0.0458 | Grad Norm: 0.9995 | Clipped: 1/4
Epoch [2576/4000] | Avg Makespan: 221.75 | Actor Loss: -0.0058 | Critic Loss: 0.1014 | Grad Norm: 1.0291 | Clipped: 2/4
Epoch [2577/4000] | Avg Makespan: 218.50 | Actor Loss: -0.0062 | Critic Loss: 0.0665 | Grad Norm: 1.0551 | Clipped: 3/4
Epoch [2578/4000] | Avg Makespan: 217.25 | Actor Loss: -0.0058 | Critic Loss: 0.0487 | Grad Norm: 1.0786 | Clipped: 3/4
Epoch [2579/4000] | Avg Makespan: 215.00 | Actor Loss: -0.0021 | Critic Loss: 0.0399 | Grad Norm: 1.8058 | Clipped: 4/4
Epoch [2580/4000] | Avg Makespan: 224.50 | Actor Loss: -0.0017 | Critic Loss: 0.1691 | Grad Norm: 1.5399 | Clipped: 4/4
Epoch [2581/4000] | Avg Makespan: 224.75 | Actor Loss: -0.0068 | Critic Loss: 0.1708 | Grad Norm: 1.1851 | Clipped: 2/4
Epoch [2582/4000] | Avg Makespan: 211.75 | Actor Loss: -0.0046 | Critic Loss: 0.0324 | Grad Norm: 1.0209 | Clipped: 3/4
Epoch [2583/4000] | Avg Makespan: 224.00 | Actor Loss: -0.0045 | Critic Loss: 0.1627 | Grad Norm: 1.4991 | Clipped: 4/4
Epoch [2584/4000] | Avg Makespan: 212.50 | Actor Loss: -0.0060 | Critic Loss: 0.0180 | Grad Norm: 1.0127 | Clipped: 2/4
Epoch [2585/4000] | Avg Makespan: 215.25 | Actor Loss: -0.0060 | Critic Loss: 0.0200 | Grad Norm: 0.8876 | Clipped: 1/4
Epoch [2586/4000] | Avg Makespan: 220.75 | Actor Loss: -0.0032 | Critic Loss: 0.0721 | Grad Norm: 2.5013 | Clipped: 4/4
Epoch [2587/4000] | Avg Makespan: 219.25 | Actor Loss: -0.0066 | Critic Loss: 0.0859 | Grad Norm: 1.2292 | Clipped: 3/4
Epoch [2588/4000] | Avg Makespan: 216.25 | Actor Loss: -0.0054 | Critic Loss: 0.0261 | Grad Norm: 1.2662 | Clipped: 4/4
Epoch [2589/4000] | Avg Makespan: 225.25 | Actor Loss: -0.0030 | Critic Loss: 0.1853 | Grad Norm: 2.0079 | Clipped: 3/4
Epoch [2590/4000] | Avg Makespan: 216.50 | Actor Loss: -0.0066 | Critic Loss: 0.0313 | Grad Norm: 1.0238 | Clipped: 2/4
Epoch [2591/4000] | Avg Makespan: 218.50 | Actor Loss: -0.0033 | Critic Loss: 0.0302 | Grad Norm: 1.2343 | Clipped: 3/4
Epoch [2592/4000] | Avg Makespan: 220.75 | Actor Loss: -0.0053 | Critic Loss: 0.0209 | Grad Norm: 1.1741 | Clipped: 2/4
Epoch [2593/4000] | Avg Makespan: 216.50 | Actor Loss: -0.0065 | Critic Loss: 0.0310 | Grad Norm: 1.0494 | Clipped: 2/4
Epoch [2594/4000] | Avg Makespan: 223.50 | Actor Loss: -0.0057 | Critic Loss: 0.0391 | Grad Norm: 0.9149 | Clipped: 1/4
Epoch [2595/4000] | Avg Makespan: 216.00 | Actor Loss: -0.0045 | Critic Loss: 0.0592 | Grad Norm: 1.0952 | Clipped: 2/4
Epoch [2596/4000] | Avg Makespan: 241.25 | Actor Loss: -0.0063 | Critic Loss: 0.4176 | Grad Norm: 0.9480 | Clipped: 2/4
Epoch [2597/4000] | Avg Makespan: 218.25 | Actor Loss: -0.0043 | Critic Loss: 0.0613 | Grad Norm: 1.0438 | Clipped: 3/4
Epoch [2598/4000] | Avg Makespan: 221.50 | Actor Loss: -0.0061 | Critic Loss: 0.0725 | Grad Norm: 1.0179 | Clipped: 2/4
Epoch [2599/4000] | Avg Makespan: 217.50 | Actor Loss: -0.0050 | Critic Loss: 0.0253 | Grad Norm: 1.0690 | Clipped: 2/4
Epoch [2600/4000] | Avg Makespan: 220.25 | Actor Loss: -0.0065 | Critic Loss: 0.0209 | Grad Norm: 1.0053 | Clipped: 2/4
   -> Validation | Samples: 280 | Makespan: 963.76 | Invalid Jobs: 0.02 | Score: 981.61
   -> Saved new best model (Val C~ mean of last 5: 370.24; this eval 374.41)
   -> Saved updated training chart to /home/wei/Desktop/AMR-DFJSP/runs/20260827_084425_v10_B_s42/chart.png
Epoch [2601/4000] | Avg Makespan: 218.00 | Actor Loss: -0.0047 | Critic Loss: 0.0309 | Grad Norm: 1.2366 | Clipped: 3/4
Epoch [2602/4000] | Avg Makespan: 217.00 | Actor Loss: -0.0057 | Critic Loss: 0.0460 | Grad Norm: 1.0457 | Clipped: 1/4
Epoch [2603/4000] | Avg Makespan: 211.25 | Actor Loss: -0.0044 | Critic Loss: 0.0410 | Grad Norm: 1.3825 | Clipped: 4/4
Epoch [2604/4000] | Avg Makespan: 233.50 | Actor Loss: -0.0056 | Critic Loss: 0.2742 | Grad Norm: 1.4692 | Clipped: 4/4
Epoch [2605/4000] | Avg Makespan: 219.25 | Actor Loss: -0.0075 | Critic Loss: 0.0602 | Grad Norm: 1.0930 | Clipped: 3/4
Epoch [2606/4000] | Avg Makespan: 216.75 | Actor Loss: -0.0032 | Critic Loss: 0.0248 | Grad Norm: 0.8464 | Clipped: 0/4
Epoch [2607/4000] | Avg Makespan: 226.25 | Actor Loss: -0.0079 | Critic Loss: 0.3098 | Grad Norm: 1.0696 | Clipped: 2/4
Epoch [2608/4000] | Avg Makespan: 226.25 | Actor Loss: -0.0038 | Critic Loss: 0.1787 | Grad Norm: 1.4309 | Clipped: 4/4
Epoch [2609/4000] | Avg Makespan: 225.50 | Actor Loss: -0.0032 | Critic Loss: 0.1090 | Grad Norm: 1.2242 | Clipped: 3/4
Epoch [2610/4000] | Avg Makespan: 228.25 | Actor Loss: -0.0046 | Critic Loss: 0.1945 | Grad Norm: 0.7632 | Clipped: 0/4
Epoch [2611/4000] | Avg Makespan: 232.25 | Actor Loss: -0.0058 | Critic Loss: 0.8403 | Grad Norm: 0.9307 | Clipped: 2/4
Epoch [2612/4000] | Avg Makespan: 221.25 | Actor Loss: -0.0042 | Critic Loss: 0.0749 | Grad Norm: 0.9844 | Clipped: 1/4
Epoch [2613/4000] | Avg Makespan: 219.00 | Actor Loss: -0.0035 | Critic Loss: 0.1301 | Grad Norm: 0.7991 | Clipped: 0/4
Epoch [2614/4000] | Avg Makespan: 222.50 | Actor Loss: -0.0052 | Critic Loss: 0.1564 | Grad Norm: 0.7881 | Clipped: 0/4
Epoch [2615/4000] | Avg Makespan: 214.50 | Actor Loss: -0.0060 | Critic Loss: 0.0474 | Grad Norm: 1.0937 | Clipped: 2/4
Epoch [2616/4000] | Avg Makespan: 221.25 | Actor Loss: -0.0056 | Critic Loss: 0.1594 | Grad Norm: 1.0544 | Clipped: 2/4
Epoch [2617/4000] | Avg Makespan: 220.50 | Actor Loss: -0.0036 | Critic Loss: 0.0514 | Grad Norm: 1.1562 | Clipped: 3/4
Epoch [2618/4000] | Avg Makespan: 214.00 | Actor Loss: -0.0046 | Critic Loss: 0.0506 | Grad Norm: 1.0238 | Clipped: 1/4
Epoch [2619/4000] | Avg Makespan: 215.75 | Actor Loss: -0.0047 | Critic Loss: 0.0365 | Grad Norm: 1.0910 | Clipped: 2/4
Epoch [2620/4000] | Avg Makespan: 214.75 | Actor Loss: -0.0041 | Critic Loss: 0.0233 | Grad Norm: 0.8474 | Clipped: 0/4
Epoch [2621/4000] | Avg Makespan: 224.50 | Actor Loss: -0.0048 | Critic Loss: 0.1430 | Grad Norm: 1.2015 | Clipped: 2/4
Epoch [2622/4000] | Avg Makespan: 217.50 | Actor Loss: -0.0059 | Critic Loss: 0.0204 | Grad Norm: 0.9984 | Clipped: 2/4
Epoch [2623/4000] | Avg Makespan: 218.00 | Actor Loss: -0.0020 | Critic Loss: 0.0313 | Grad Norm: 1.1223 | Clipped: 1/4
Epoch [2624/4000] | Avg Makespan: 221.25 | Actor Loss: -0.0064 | Critic Loss: 0.0478 | Grad Norm: 1.1235 | Clipped: 3/4
Epoch [2625/4000] | Avg Makespan: 221.50 | Actor Loss: -0.0054 | Critic Loss: 0.3448 | Grad Norm: 1.0552 | Clipped: 2/4
Epoch [2626/4000] | Avg Makespan: 217.50 | Actor Loss: -0.0065 | Critic Loss: 0.0454 | Grad Norm: 1.1381 | Clipped: 3/4
Epoch [2627/4000] | Avg Makespan: 217.50 | Actor Loss: -0.0024 | Critic Loss: 0.0302 | Grad Norm: 1.0332 | Clipped: 2/4
Epoch [2628/4000] | Avg Makespan: 221.75 | Actor Loss: -0.0029 | Critic Loss: 0.1409 | Grad Norm: 1.2161 | Clipped: 3/4
Epoch [2629/4000] | Avg Makespan: 229.50 | Actor Loss: -0.0045 | Critic Loss: 0.1876 | Grad Norm: 1.2605 | Clipped: 3/4
Epoch [2630/4000] | Avg Makespan: 223.25 | Actor Loss: -0.0058 | Critic Loss: 0.1545 | Grad Norm: 0.7917 | Clipped: 0/4
Epoch [2631/4000] | Avg Makespan: 229.25 | Actor Loss: -0.0056 | Critic Loss: 0.1094 | Grad Norm: 1.0810 | Clipped: 2/4
Epoch [2632/4000] | Avg Makespan: 228.50 | Actor Loss: -0.0044 | Critic Loss: 0.2723 | Grad Norm: 0.8160 | Clipped: 0/4
Epoch [2633/4000] | Avg Makespan: 227.25 | Actor Loss: -0.0042 | Critic Loss: 0.2119 | Grad Norm: 1.3636 | Clipped: 4/4
Epoch [2634/4000] | Avg Makespan: 219.50 | Actor Loss: -0.0057 | Critic Loss: 0.1022 | Grad Norm: 1.0005 | Clipped: 2/4
Epoch [2635/4000] | Avg Makespan: 226.00 | Actor Loss: -0.0049 | Critic Loss: 0.1279 | Grad Norm: 1.0526 | Clipped: 3/4
Epoch [2636/4000] | Avg Makespan: 232.50 | Actor Loss: -0.0034 | Critic Loss: 0.5026 | Grad Norm: 1.5613 | Clipped: 4/4
Epoch [2637/4000] | Avg Makespan: 235.75 | Actor Loss: -0.0039 | Critic Loss: 0.3818 | Grad Norm: 1.0839 | Clipped: 4/4
Epoch [2638/4000] | Avg Makespan: 216.50 | Actor Loss: -0.0055 | Critic Loss: 0.0907 | Grad Norm: 1.2698 | Clipped: 4/4
Epoch [2639/4000] | Avg Makespan: 221.75 | Actor Loss: -0.0049 | Critic Loss: 0.4122 | Grad Norm: 0.7882 | Clipped: 0/4
Epoch [2640/4000] | Avg Makespan: 215.25 | Actor Loss: -0.0061 | Critic Loss: 0.0826 | Grad Norm: 1.3957 | Clipped: 4/4
Epoch [2641/4000] | Avg Makespan: 218.75 | Actor Loss: -0.0054 | Critic Loss: 0.0724 | Grad Norm: 0.9670 | Clipped: 2/4
Epoch [2642/4000] | Avg Makespan: 218.00 | Actor Loss: -0.0061 | Critic Loss: 0.0732 | Grad Norm: 1.0534 | Clipped: 2/4
Epoch [2643/4000] | Avg Makespan: 221.50 | Actor Loss: -0.0029 | Critic Loss: 0.0687 | Grad Norm: 0.8316 | Clipped: 0/4
Epoch [2644/4000] | Avg Makespan: 226.50 | Actor Loss: -0.0045 | Critic Loss: 0.2817 | Grad Norm: 0.7964 | Clipped: 0/4
Epoch [2645/4000] | Avg Makespan: 217.50 | Actor Loss: -0.0064 | Critic Loss: 0.0942 | Grad Norm: 0.8778 | Clipped: 2/4
Epoch [2646/4000] | Avg Makespan: 216.75 | Actor Loss: -0.0038 | Critic Loss: 0.0235 | Grad Norm: 1.0039 | Clipped: 2/4
Epoch [2647/4000] | Avg Makespan: 226.25 | Actor Loss: -0.0054 | Critic Loss: 0.1223 | Grad Norm: 0.8787 | Clipped: 1/4
Epoch [2648/4000] | Avg Makespan: 217.00 | Actor Loss: -0.0032 | Critic Loss: 0.0803 | Grad Norm: 0.9536 | Clipped: 1/4
Epoch [2649/4000] | Avg Makespan: 212.75 | Actor Loss: -0.0048 | Critic Loss: 0.0690 | Grad Norm: 1.1016 | Clipped: 2/4
Epoch [2650/4000] | Avg Makespan: 227.75 | Actor Loss: -0.0058 | Critic Loss: 0.3946 | Grad Norm: 1.2370 | Clipped: 4/4
Epoch [2651/4000] | Avg Makespan: 214.75 | Actor Loss: -0.0079 | Critic Loss: 0.0579 | Grad Norm: 1.0067 | Clipped: 2/4
Epoch [2652/4000] | Avg Makespan: 220.25 | Actor Loss: -0.0064 | Critic Loss: 0.0460 | Grad Norm: 0.8495 | Clipped: 1/4
Epoch [2653/4000] | Avg Makespan: 213.75 | Actor Loss: -0.0052 | Critic Loss: 0.0235 | Grad Norm: 1.0885 | Clipped: 2/4
Epoch [2654/4000] | Avg Makespan: 222.50 | Actor Loss: -0.0044 | Critic Loss: 0.1933 | Grad Norm: 1.0116 | Clipped: 2/4
Epoch [2655/4000] | Avg Makespan: 216.00 | Actor Loss: -0.0043 | Critic Loss: 0.0258 | Grad Norm: 1.3276 | Clipped: 4/4
Epoch [2656/4000] | Avg Makespan: 217.50 | Actor Loss: -0.0042 | Critic Loss: 0.0333 | Grad Norm: 1.1758 | Clipped: 3/4
Epoch [2657/4000] | Avg Makespan: 217.50 | Actor Loss: -0.0054 | Critic Loss: 0.0192 | Grad Norm: 0.9632 | Clipped: 1/4
Epoch [2658/4000] | Avg Makespan: 216.00 | Actor Loss: -0.0053 | Critic Loss: 0.0444 | Grad Norm: 1.0611 | Clipped: 2/4
Epoch [2659/4000] | Avg Makespan: 224.00 | Actor Loss: -0.0047 | Critic Loss: 0.3630 | Grad Norm: 1.1465 | Clipped: 3/4
Epoch [2660/4000] | Avg Makespan: 217.00 | Actor Loss: -0.0053 | Critic Loss: 0.1582 | Grad Norm: 1.3724 | Clipped: 4/4
Epoch [2661/4000] | Avg Makespan: 225.00 | Actor Loss: -0.0048 | Critic Loss: 0.0798 | Grad Norm: 0.9096 | Clipped: 1/4
Epoch [2662/4000] | Avg Makespan: 221.00 | Actor Loss: -0.0047 | Critic Loss: 0.1048 | Grad Norm: 0.8837 | Clipped: 1/4
Epoch [2663/4000] | Avg Makespan: 217.00 | Actor Loss: -0.0050 | Critic Loss: 0.0411 | Grad Norm: 0.8350 | Clipped: 0/4
Epoch [2664/4000] | Avg Makespan: 238.25 | Actor Loss: -0.0025 | Critic Loss: 0.3184 | Grad Norm: 1.4458 | Clipped: 4/4
Epoch [2665/4000] | Avg Makespan: 219.75 | Actor Loss: -0.0034 | Critic Loss: 0.0766 | Grad Norm: 1.0464 | Clipped: 3/4
Epoch [2666/4000] | Avg Makespan: 237.25 | Actor Loss: -0.0037 | Critic Loss: 0.1946 | Grad Norm: 1.0195 | Clipped: 1/4
Epoch [2667/4000] | Avg Makespan: 221.00 | Actor Loss: -0.0059 | Critic Loss: 0.1250 | Grad Norm: 1.3234 | Clipped: 4/4
Epoch [2668/4000] | Avg Makespan: 215.50 | Actor Loss: -0.0033 | Critic Loss: 0.0781 | Grad Norm: 1.0145 | Clipped: 2/4
Epoch [2669/4000] | Avg Makespan: 231.75 | Actor Loss: -0.0052 | Critic Loss: 0.1937 | Grad Norm: 0.9998 | Clipped: 2/4
Epoch [2670/4000] | Avg Makespan: 216.75 | Actor Loss: -0.0041 | Critic Loss: 0.0230 | Grad Norm: 0.6893 | Clipped: 0/4
Epoch [2671/4000] | Avg Makespan: 225.25 | Actor Loss: -0.0048 | Critic Loss: 0.1288 | Grad Norm: 0.9202 | Clipped: 2/4
Epoch [2672/4000] | Avg Makespan: 224.00 | Actor Loss: -0.0048 | Critic Loss: 0.2189 | Grad Norm: 0.8418 | Clipped: 0/4
Epoch [2673/4000] | Avg Makespan: 221.25 | Actor Loss: -0.0040 | Critic Loss: 0.2032 | Grad Norm: 1.1228 | Clipped: 3/4
Epoch [2674/4000] | Avg Makespan: 223.50 | Actor Loss: -0.0045 | Critic Loss: 0.3157 | Grad Norm: 0.9535 | Clipped: 2/4
Epoch [2675/4000] | Avg Makespan: 222.50 | Actor Loss: -0.0044 | Critic Loss: 0.1325 | Grad Norm: 1.1100 | Clipped: 4/4
Epoch [2676/4000] | Avg Makespan: 218.00 | Actor Loss: -0.0031 | Critic Loss: 0.0155 | Grad Norm: 0.7306 | Clipped: 1/4
Epoch [2677/4000] | Avg Makespan: 216.25 | Actor Loss: -0.0027 | Critic Loss: 0.0326 | Grad Norm: 0.6565 | Clipped: 0/4
Epoch [2678/4000] | Avg Makespan: 216.00 | Actor Loss: -0.0038 | Critic Loss: 0.1071 | Grad Norm: 0.8258 | Clipped: 1/4
Epoch [2679/4000] | Avg Makespan: 216.75 | Actor Loss: -0.0033 | Critic Loss: 0.0267 | Grad Norm: 0.8727 | Clipped: 1/4
Epoch [2680/4000] | Avg Makespan: 222.00 | Actor Loss: -0.0033 | Critic Loss: 0.0412 | Grad Norm: 0.7137 | Clipped: 0/4
Epoch [2681/4000] | Avg Makespan: 223.50 | Actor Loss: -0.0045 | Critic Loss: 0.0695 | Grad Norm: 1.2503 | Clipped: 2/4
Epoch [2682/4000] | Avg Makespan: 214.00 | Actor Loss: -0.0050 | Critic Loss: 0.0441 | Grad Norm: 0.8227 | Clipped: 1/4
Epoch [2683/4000] | Avg Makespan: 228.25 | Actor Loss: -0.0039 | Critic Loss: 0.2378 | Grad Norm: 1.3767 | Clipped: 3/4
Epoch [2684/4000] | Avg Makespan: 221.75 | Actor Loss: -0.0061 | Critic Loss: 0.1354 | Grad Norm: 1.0763 | Clipped: 3/4
Epoch [2685/4000] | Avg Makespan: 222.50 | Actor Loss: -0.0047 | Critic Loss: 0.0603 | Grad Norm: 1.3667 | Clipped: 3/4
Epoch [2686/4000] | Avg Makespan: 233.00 | Actor Loss: -0.0035 | Critic Loss: 1.0757 | Grad Norm: 2.1801 | Clipped: 4/4
Epoch [2687/4000] | Avg Makespan: 224.25 | Actor Loss: -0.0052 | Critic Loss: 0.2262 | Grad Norm: 0.8716 | Clipped: 0/4
Epoch [2688/4000] | Avg Makespan: 220.50 | Actor Loss: -0.0037 | Critic Loss: 0.2069 | Grad Norm: 0.8561 | Clipped: 1/4
Epoch [2689/4000] | Avg Makespan: 216.50 | Actor Loss: -0.0061 | Critic Loss: 0.1299 | Grad Norm: 0.7889 | Clipped: 0/4
Epoch [2690/4000] | Avg Makespan: 220.75 | Actor Loss: -0.0034 | Critic Loss: 0.0762 | Grad Norm: 1.7704 | Clipped: 4/4
Epoch [2691/4000] | Avg Makespan: 225.50 | Actor Loss: -0.0051 | Critic Loss: 0.3547 | Grad Norm: 1.0697 | Clipped: 4/4
Epoch [2692/4000] | Avg Makespan: 223.50 | Actor Loss: -0.0060 | Critic Loss: 0.1288 | Grad Norm: 1.7388 | Clipped: 3/4
Epoch [2693/4000] | Avg Makespan: 215.25 | Actor Loss: -0.0035 | Critic Loss: 0.0482 | Grad Norm: 1.8671 | Clipped: 4/4
Epoch [2694/4000] | Avg Makespan: 219.75 | Actor Loss: -0.0019 | Critic Loss: 0.1618 | Grad Norm: 1.6611 | Clipped: 4/4
Epoch [2695/4000] | Avg Makespan: 215.50 | Actor Loss: -0.0007 | Critic Loss: 0.0855 | Grad Norm: 2.2821 | Clipped: 4/4
Epoch [2696/4000] | Avg Makespan: 220.00 | Actor Loss: -0.0049 | Critic Loss: 0.0705 | Grad Norm: 1.0068 | Clipped: 2/4
Epoch [2697/4000] | Avg Makespan: 212.75 | Actor Loss: -0.0018 | Critic Loss: 0.0181 | Grad Norm: 0.7693 | Clipped: 0/4
Epoch [2698/4000] | Avg Makespan: 222.25 | Actor Loss: -0.0048 | Critic Loss: 0.2748 | Grad Norm: 1.2587 | Clipped: 4/4
Epoch [2699/4000] | Avg Makespan: 236.75 | Actor Loss: -0.0049 | Critic Loss: 0.8110 | Grad Norm: 2.5825 | Clipped: 4/4
Epoch [2700/4000] | Avg Makespan: 225.25 | Actor Loss: -0.0060 | Critic Loss: 0.4726 | Grad Norm: 1.7226 | Clipped: 4/4
   -> Validation | Samples: 280 | Makespan: 900.58 | Invalid Jobs: 0.04 | Score: 939.86
   -> Saved new best model (Val C~ mean of last 5: 366.56; this eval 362.73)
   -> Saved updated training chart to /home/wei/Desktop/AMR-DFJSP/runs/20260827_084425_v10_B_s42/chart.png
Epoch [2701/4000] | Avg Makespan: 222.25 | Actor Loss: -0.0042 | Critic Loss: 0.1057 | Grad Norm: 0.9712 | Clipped: 3/4
Epoch [2702/4000] | Avg Makespan: 221.25 | Actor Loss: -0.0032 | Critic Loss: 0.0655 | Grad Norm: 1.5080 | Clipped: 4/4
Epoch [2703/4000] | Avg Makespan: 231.00 | Actor Loss: -0.0054 | Critic Loss: 0.1488 | Grad Norm: 1.1004 | Clipped: 3/4
Epoch [2704/4000] | Avg Makespan: 217.50 | Actor Loss: -0.0039 | Critic Loss: 0.0875 | Grad Norm: 1.5042 | Clipped: 4/4
Epoch [2705/4000] | Avg Makespan: 216.25 | Actor Loss: -0.0048 | Critic Loss: 0.0321 | Grad Norm: 1.1623 | Clipped: 4/4
Epoch [2706/4000] | Avg Makespan: 212.75 | Actor Loss: 0.0006 | Critic Loss: 0.0472 | Grad Norm: 2.3381 | Clipped: 3/4
Epoch [2707/4000] | Avg Makespan: 217.75 | Actor Loss: -0.0024 | Critic Loss: 0.0553 | Grad Norm: 1.9843 | Clipped: 4/4
Epoch [2708/4000] | Avg Makespan: 210.00 | Actor Loss: -0.0067 | Critic Loss: 0.0367 | Grad Norm: 1.6877 | Clipped: 4/4
Epoch [2709/4000] | Avg Makespan: 221.75 | Actor Loss: -0.0021 | Critic Loss: 0.0823 | Grad Norm: 1.4391 | Clipped: 4/4
Epoch [2710/4000] | Avg Makespan: 220.00 | Actor Loss: 0.0006 | Critic Loss: 0.0595 | Grad Norm: 1.9508 | Clipped: 4/4
Epoch [2711/4000] | Avg Makespan: 225.75 | Actor Loss: -0.0047 | Critic Loss: 0.2500 | Grad Norm: 1.6727 | Clipped: 4/4
Epoch [2712/4000] | Avg Makespan: 231.25 | Actor Loss: 0.0053 | Critic Loss: 0.4498 | Grad Norm: 1.9561 | Clipped: 4/4
Epoch [2713/4000] | Avg Makespan: 217.00 | Actor Loss: -0.0034 | Critic Loss: 0.0400 | Grad Norm: 1.3018 | Clipped: 4/4
Epoch [2714/4000] | Avg Makespan: 217.00 | Actor Loss: -0.0064 | Critic Loss: 0.0944 | Grad Norm: 1.2119 | Clipped: 2/4
Epoch [2715/4000] | Avg Makespan: 221.75 | Actor Loss: -0.0015 | Critic Loss: 0.1086 | Grad Norm: 1.5171 | Clipped: 4/4
Epoch [2716/4000] | Avg Makespan: 224.50 | Actor Loss: -0.0043 | Critic Loss: 0.3821 | Grad Norm: 1.6402 | Clipped: 4/4
Epoch [2717/4000] | Avg Makespan: 218.50 | Actor Loss: -0.0025 | Critic Loss: 0.0867 | Grad Norm: 1.9639 | Clipped: 4/4
Epoch [2718/4000] | Avg Makespan: 226.50 | Actor Loss: -0.0057 | Critic Loss: 0.0877 | Grad Norm: 1.0937 | Clipped: 4/4
Epoch [2719/4000] | Avg Makespan: 220.75 | Actor Loss: -0.0026 | Critic Loss: 0.1123 | Grad Norm: 1.4902 | Clipped: 4/4
Epoch [2720/4000] | Avg Makespan: 232.00 | Actor Loss: -0.0032 | Critic Loss: 1.0682 | Grad Norm: 2.2212 | Clipped: 4/4
Epoch [2721/4000] | Avg Makespan: 223.25 | Actor Loss: -0.0035 | Critic Loss: 0.1547 | Grad Norm: 1.6519 | Clipped: 4/4
Epoch [2722/4000] | Avg Makespan: 221.00 | Actor Loss: -0.0067 | Critic Loss: 0.1248 | Grad Norm: 0.9088 | Clipped: 1/4
Epoch [2723/4000] | Avg Makespan: 221.25 | Actor Loss: -0.0021 | Critic Loss: 0.2308 | Grad Norm: 1.9849 | Clipped: 4/4
Epoch [2724/4000] | Avg Makespan: 220.25 | Actor Loss: -0.0024 | Critic Loss: 0.0840 | Grad Norm: 1.0950 | Clipped: 2/4
Epoch [2725/4000] | Avg Makespan: 227.00 | Actor Loss: -0.0022 | Critic Loss: 0.0776 | Grad Norm: 1.3972 | Clipped: 4/4
Epoch [2726/4000] | Avg Makespan: 219.75 | Actor Loss: -0.0056 | Critic Loss: 0.1276 | Grad Norm: 1.2421 | Clipped: 3/4
Epoch [2727/4000] | Avg Makespan: 213.25 | Actor Loss: -0.0034 | Critic Loss: 0.0381 | Grad Norm: 1.1158 | Clipped: 2/4
Epoch [2728/4000] | Avg Makespan: 214.00 | Actor Loss: -0.0063 | Critic Loss: 0.0819 | Grad Norm: 1.4724 | Clipped: 4/4
Epoch [2729/4000] | Avg Makespan: 231.75 | Actor Loss: -0.0010 | Critic Loss: 0.4109 | Grad Norm: 1.5480 | Clipped: 4/4
Epoch [2730/4000] | Avg Makespan: 221.00 | Actor Loss: -0.0032 | Critic Loss: 0.2335 | Grad Norm: 1.5754 | Clipped: 3/4
Epoch [2731/4000] | Avg Makespan: 219.75 | Actor Loss: -0.0051 | Critic Loss: 0.0938 | Grad Norm: 1.3257 | Clipped: 4/4
Epoch [2732/4000] | Avg Makespan: 223.50 | Actor Loss: -0.0044 | Critic Loss: 0.1308 | Grad Norm: 1.2974 | Clipped: 3/4
Epoch [2733/4000] | Avg Makespan: 217.50 | Actor Loss: -0.0053 | Critic Loss: 0.0366 | Grad Norm: 1.3683 | Clipped: 4/4
Epoch [2734/4000] | Avg Makespan: 232.50 | Actor Loss: -0.0061 | Critic Loss: 0.5028 | Grad Norm: 1.3697 | Clipped: 4/4
Epoch [2735/4000] | Avg Makespan: 210.50 | Actor Loss: -0.0042 | Critic Loss: 0.0664 | Grad Norm: 1.3938 | Clipped: 4/4
Epoch [2736/4000] | Avg Makespan: 228.75 | Actor Loss: -0.0038 | Critic Loss: 0.1733 | Grad Norm: 1.1674 | Clipped: 2/4
Epoch [2737/4000] | Avg Makespan: 214.50 | Actor Loss: -0.0035 | Critic Loss: 0.0456 | Grad Norm: 1.4904 | Clipped: 4/4
Epoch [2738/4000] | Avg Makespan: 214.75 | Actor Loss: -0.0052 | Critic Loss: 0.0564 | Grad Norm: 1.6894 | Clipped: 4/4
Epoch [2739/4000] | Avg Makespan: 220.25 | Actor Loss: -0.0027 | Critic Loss: 0.0565 | Grad Norm: 1.3644 | Clipped: 1/4
Epoch [2740/4000] | Avg Makespan: 213.00 | Actor Loss: -0.0054 | Critic Loss: 0.0460 | Grad Norm: 1.0016 | Clipped: 1/4
Epoch [2741/4000] | Avg Makespan: 219.25 | Actor Loss: -0.0046 | Critic Loss: 0.1323 | Grad Norm: 0.9694 | Clipped: 1/4
Epoch [2742/4000] | Avg Makespan: 214.50 | Actor Loss: -0.0024 | Critic Loss: 0.0644 | Grad Norm: 1.3169 | Clipped: 4/4
Epoch [2743/4000] | Avg Makespan: 220.75 | Actor Loss: -0.0049 | Critic Loss: 0.0907 | Grad Norm: 1.0298 | Clipped: 2/4
Epoch [2744/4000] | Avg Makespan: 222.25 | Actor Loss: -0.0043 | Critic Loss: 0.4100 | Grad Norm: 1.1056 | Clipped: 3/4
Epoch [2745/4000] | Avg Makespan: 241.25 | Actor Loss: -0.0041 | Critic Loss: 0.5939 | Grad Norm: 1.6429 | Clipped: 4/4
Epoch [2746/4000] | Avg Makespan: 218.50 | Actor Loss: -0.0028 | Critic Loss: 0.1945 | Grad Norm: 0.9351 | Clipped: 2/4
Epoch [2747/4000] | Avg Makespan: 217.00 | Actor Loss: -0.0036 | Critic Loss: 0.1360 | Grad Norm: 1.3419 | Clipped: 4/4
Epoch [2748/4000] | Avg Makespan: 214.50 | Actor Loss: -0.0045 | Critic Loss: 0.0628 | Grad Norm: 1.0453 | Clipped: 2/4
Epoch [2749/4000] | Avg Makespan: 217.75 | Actor Loss: -0.0036 | Critic Loss: 0.1161 | Grad Norm: 0.8641 | Clipped: 1/4
Epoch [2750/4000] | Avg Makespan: 221.75 | Actor Loss: -0.0058 | Critic Loss: 0.0431 | Grad Norm: 1.0874 | Clipped: 2/4
Epoch [2751/4000] | Avg Makespan: 223.00 | Actor Loss: -0.0036 | Critic Loss: 0.1878 | Grad Norm: 1.0766 | Clipped: 2/4
Epoch [2752/4000] | Avg Makespan: 211.50 | Actor Loss: -0.0063 | Critic Loss: 0.0595 | Grad Norm: 0.9886 | Clipped: 1/4
Epoch [2753/4000] | Avg Makespan: 228.75 | Actor Loss: -0.0042 | Critic Loss: 0.6205 | Grad Norm: 1.1205 | Clipped: 2/4
Epoch [2754/4000] | Avg Makespan: 216.00 | Actor Loss: -0.0050 | Critic Loss: 0.0486 | Grad Norm: 0.9302 | Clipped: 1/4
Epoch [2755/4000] | Avg Makespan: 224.75 | Actor Loss: -0.0039 | Critic Loss: 0.1953 | Grad Norm: 0.9423 | Clipped: 1/4
Epoch [2756/4000] | Avg Makespan: 236.50 | Actor Loss: -0.0034 | Critic Loss: 0.4279 | Grad Norm: 1.3213 | Clipped: 3/4
Epoch [2757/4000] | Avg Makespan: 221.25 | Actor Loss: -0.0037 | Critic Loss: 0.0898 | Grad Norm: 1.2939 | Clipped: 3/4
Epoch [2758/4000] | Avg Makespan: 240.50 | Actor Loss: -0.0041 | Critic Loss: 0.5245 | Grad Norm: 1.7891 | Clipped: 4/4
Epoch [2759/4000] | Avg Makespan: 216.50 | Actor Loss: -0.0043 | Critic Loss: 0.1243 | Grad Norm: 1.1603 | Clipped: 4/4
Epoch [2760/4000] | Avg Makespan: 214.25 | Actor Loss: -0.0030 | Critic Loss: 0.1384 | Grad Norm: 1.1299 | Clipped: 3/4
Epoch [2761/4000] | Avg Makespan: 221.25 | Actor Loss: -0.0026 | Critic Loss: 0.1815 | Grad Norm: 1.3968 | Clipped: 3/4
Epoch [2762/4000] | Avg Makespan: 231.75 | Actor Loss: -0.0046 | Critic Loss: 0.6543 | Grad Norm: 1.2800 | Clipped: 3/4
Epoch [2763/4000] | Avg Makespan: 217.00 | Actor Loss: -0.0072 | Critic Loss: 0.0394 | Grad Norm: 1.0037 | Clipped: 1/4
Epoch [2764/4000] | Avg Makespan: 225.50 | Actor Loss: -0.0056 | Critic Loss: 0.1398 | Grad Norm: 0.8789 | Clipped: 2/4
Epoch [2765/4000] | Avg Makespan: 225.25 | Actor Loss: -0.0056 | Critic Loss: 0.2300 | Grad Norm: 1.3088 | Clipped: 4/4
Epoch [2766/4000] | Avg Makespan: 218.50 | Actor Loss: -0.0037 | Critic Loss: 0.0582 | Grad Norm: 1.7722 | Clipped: 4/4
Epoch [2767/4000] | Avg Makespan: 244.00 | Actor Loss: -0.0032 | Critic Loss: 0.5137 | Grad Norm: 1.5680 | Clipped: 4/4
Epoch [2768/4000] | Avg Makespan: 218.00 | Actor Loss: -0.0056 | Critic Loss: 0.1140 | Grad Norm: 0.9096 | Clipped: 1/4
Epoch [2769/4000] | Avg Makespan: 222.75 | Actor Loss: -0.0044 | Critic Loss: 0.2190 | Grad Norm: 0.8699 | Clipped: 1/4
Epoch [2770/4000] | Avg Makespan: 232.25 | Actor Loss: -0.0025 | Critic Loss: 0.1668 | Grad Norm: 1.4157 | Clipped: 4/4
Epoch [2771/4000] | Avg Makespan: 218.00 | Actor Loss: -0.0037 | Critic Loss: 0.4102 | Grad Norm: 1.1940 | Clipped: 4/4
Epoch [2772/4000] | Avg Makespan: 225.75 | Actor Loss: -0.0052 | Critic Loss: 0.1335 | Grad Norm: 0.8898 | Clipped: 1/4
Epoch [2773/4000] | Avg Makespan: 222.25 | Actor Loss: -0.0019 | Critic Loss: 0.1220 | Grad Norm: 1.0245 | Clipped: 2/4
Epoch [2774/4000] | Avg Makespan: 213.50 | Actor Loss: -0.0022 | Critic Loss: 0.0599 | Grad Norm: 0.9733 | Clipped: 2/4
Epoch [2775/4000] | Avg Makespan: 211.75 | Actor Loss: -0.0044 | Critic Loss: 0.0604 | Grad Norm: 1.0911 | Clipped: 4/4
Epoch [2776/4000] | Avg Makespan: 213.00 | Actor Loss: -0.0037 | Critic Loss: 0.1065 | Grad Norm: 0.9745 | Clipped: 2/4
Epoch [2777/4000] | Avg Makespan: 216.25 | Actor Loss: -0.0039 | Critic Loss: 0.0514 | Grad Norm: 1.0415 | Clipped: 2/4
Epoch [2778/4000] | Avg Makespan: 222.25 | Actor Loss: -0.0051 | Critic Loss: 0.1672 | Grad Norm: 1.5880 | Clipped: 4/4
Epoch [2779/4000] | Avg Makespan: 213.25 | Actor Loss: -0.0046 | Critic Loss: 0.0189 | Grad Norm: 0.8963 | Clipped: 2/4
Epoch [2780/4000] | Avg Makespan: 228.50 | Actor Loss: -0.0049 | Critic Loss: 0.4722 | Grad Norm: 1.0203 | Clipped: 2/4
Epoch [2781/4000] | Avg Makespan: 221.75 | Actor Loss: -0.0049 | Critic Loss: 0.1396 | Grad Norm: 1.1450 | Clipped: 2/4
Epoch [2782/4000] | Avg Makespan: 215.50 | Actor Loss: -0.0042 | Critic Loss: 0.0667 | Grad Norm: 1.1134 | Clipped: 3/4
Epoch [2783/4000] | Avg Makespan: 226.25 | Actor Loss: -0.0052 | Critic Loss: 0.4662 | Grad Norm: 1.2015 | Clipped: 3/4
Epoch [2784/4000] | Avg Makespan: 218.75 | Actor Loss: -0.0025 | Critic Loss: 0.0727 | Grad Norm: 1.6910 | Clipped: 4/4
Epoch [2785/4000] | Avg Makespan: 225.00 | Actor Loss: -0.0050 | Critic Loss: 0.2189 | Grad Norm: 1.0547 | Clipped: 2/4
Epoch [2786/4000] | Avg Makespan: 216.50 | Actor Loss: -0.0058 | Critic Loss: 0.0784 | Grad Norm: 1.4026 | Clipped: 4/4
Epoch [2787/4000] | Avg Makespan: 219.00 | Actor Loss: -0.0033 | Critic Loss: 0.0407 | Grad Norm: 1.1954 | Clipped: 2/4
Epoch [2788/4000] | Avg Makespan: 224.50 | Actor Loss: -0.0058 | Critic Loss: 0.3046 | Grad Norm: 1.1113 | Clipped: 1/4
Epoch [2789/4000] | Avg Makespan: 212.75 | Actor Loss: -0.0039 | Critic Loss: 0.0498 | Grad Norm: 1.4134 | Clipped: 3/4
Epoch [2790/4000] | Avg Makespan: 221.50 | Actor Loss: -0.0044 | Critic Loss: 0.3311 | Grad Norm: 1.4426 | Clipped: 4/4
Epoch [2791/4000] | Avg Makespan: 220.25 | Actor Loss: -0.0049 | Critic Loss: 0.0493 | Grad Norm: 0.8780 | Clipped: 1/4
Epoch [2792/4000] | Avg Makespan: 215.00 | Actor Loss: -0.0053 | Critic Loss: 0.0406 | Grad Norm: 1.2316 | Clipped: 4/4
Epoch [2793/4000] | Avg Makespan: 225.50 | Actor Loss: -0.0042 | Critic Loss: 0.2628 | Grad Norm: 1.6472 | Clipped: 2/4
Epoch [2794/4000] | Avg Makespan: 225.50 | Actor Loss: -0.0049 | Critic Loss: 0.1981 | Grad Norm: 1.3436 | Clipped: 4/4
Epoch [2795/4000] | Avg Makespan: 214.75 | Actor Loss: -0.0054 | Critic Loss: 0.0678 | Grad Norm: 1.1919 | Clipped: 2/4
Epoch [2796/4000] | Avg Makespan: 213.75 | Actor Loss: -0.0038 | Critic Loss: 0.0948 | Grad Norm: 2.1159 | Clipped: 4/4
Epoch [2797/4000] | Avg Makespan: 215.75 | Actor Loss: -0.0056 | Critic Loss: 0.1380 | Grad Norm: 0.8665 | Clipped: 1/4
Epoch [2798/4000] | Avg Makespan: 214.25 | Actor Loss: -0.0049 | Critic Loss: 0.0409 | Grad Norm: 1.8426 | Clipped: 4/4
Epoch [2799/4000] | Avg Makespan: 226.25 | Actor Loss: -0.0048 | Critic Loss: 0.2931 | Grad Norm: 1.5531 | Clipped: 4/4
Epoch [2800/4000] | Avg Makespan: 228.25 | Actor Loss: -0.0031 | Critic Loss: 0.2707 | Grad Norm: 1.3553 | Clipped: 3/4
   -> Validation | Samples: 280 | Makespan: 999.55 | Invalid Jobs: 0.03 | Score: 1024.55
   -> Saved updated training chart to /home/wei/Desktop/AMR-DFJSP/runs/20260827_084425_v10_B_s42/chart.png
Epoch [2801/4000] | Avg Makespan: 219.75 | Actor Loss: -0.0039 | Critic Loss: 0.0704 | Grad Norm: 0.9451 | Clipped: 2/4
Epoch [2802/4000] | Avg Makespan: 224.25 | Actor Loss: -0.0057 | Critic Loss: 0.0617 | Grad Norm: 0.9483 | Clipped: 1/4
Epoch [2803/4000] | Avg Makespan: 226.50 | Actor Loss: -0.0051 | Critic Loss: 0.1476 | Grad Norm: 1.6169 | Clipped: 2/4
Epoch [2804/4000] | Avg Makespan: 223.50 | Actor Loss: -0.0053 | Critic Loss: 0.1157 | Grad Norm: 1.1079 | Clipped: 3/4
Epoch [2805/4000] | Avg Makespan: 231.50 | Actor Loss: -0.0049 | Critic Loss: 0.2456 | Grad Norm: 1.2598 | Clipped: 4/4
Epoch [2806/4000] | Avg Makespan: 220.25 | Actor Loss: -0.0029 | Critic Loss: 0.1326 | Grad Norm: 1.2987 | Clipped: 3/4
Epoch [2807/4000] | Avg Makespan: 213.75 | Actor Loss: -0.0041 | Critic Loss: 0.0894 | Grad Norm: 1.0779 | Clipped: 1/4
Epoch [2808/4000] | Avg Makespan: 222.25 | Actor Loss: -0.0033 | Critic Loss: 0.3201 | Grad Norm: 1.5135 | Clipped: 4/4
Epoch [2809/4000] | Avg Makespan: 228.00 | Actor Loss: -0.0040 | Critic Loss: 0.1688 | Grad Norm: 1.1633 | Clipped: 3/4
Epoch [2810/4000] | Avg Makespan: 234.25 | Actor Loss: -0.0047 | Critic Loss: 0.2412 | Grad Norm: 1.6586 | Clipped: 4/4
Epoch [2811/4000] | Avg Makespan: 223.00 | Actor Loss: -0.0068 | Critic Loss: 0.1825 | Grad Norm: 1.3934 | Clipped: 3/4
Epoch [2812/4000] | Avg Makespan: 226.50 | Actor Loss: -0.0040 | Critic Loss: 0.1806 | Grad Norm: 0.9693 | Clipped: 1/4
Epoch [2813/4000] | Avg Makespan: 225.75 | Actor Loss: -0.0047 | Critic Loss: 0.3433 | Grad Norm: 1.0003 | Clipped: 2/4
Epoch [2814/4000] | Avg Makespan: 217.25 | Actor Loss: -0.0061 | Critic Loss: 0.1264 | Grad Norm: 1.6486 | Clipped: 3/4
Epoch [2815/4000] | Avg Makespan: 216.75 | Actor Loss: -0.0035 | Critic Loss: 0.0809 | Grad Norm: 0.9156 | Clipped: 1/4
Epoch [2816/4000] | Avg Makespan: 216.00 | Actor Loss: -0.0062 | Critic Loss: 0.0636 | Grad Norm: 1.2268 | Clipped: 4/4
Epoch [2817/4000] | Avg Makespan: 226.00 | Actor Loss: -0.0055 | Critic Loss: 0.1334 | Grad Norm: 1.3391 | Clipped: 4/4
Epoch [2818/4000] | Avg Makespan: 237.00 | Actor Loss: -0.0050 | Critic Loss: 0.4493 | Grad Norm: 1.4492 | Clipped: 4/4
Epoch [2819/4000] | Avg Makespan: 227.25 | Actor Loss: -0.0038 | Critic Loss: 0.0559 | Grad Norm: 1.0397 | Clipped: 2/4
Epoch [2820/4000] | Avg Makespan: 213.75 | Actor Loss: -0.0053 | Critic Loss: 0.0625 | Grad Norm: 1.5804 | Clipped: 4/4
Epoch [2821/4000] | Avg Makespan: 215.50 | Actor Loss: -0.0019 | Critic Loss: 0.0808 | Grad Norm: 1.4920 | Clipped: 4/4
Epoch [2822/4000] | Avg Makespan: 222.75 | Actor Loss: -0.0036 | Critic Loss: 0.1435 | Grad Norm: 1.1462 | Clipped: 2/4
Epoch [2823/4000] | Avg Makespan: 215.00 | Actor Loss: -0.0044 | Critic Loss: 0.2069 | Grad Norm: 1.5441 | Clipped: 2/4
Epoch [2824/4000] | Avg Makespan: 231.25 | Actor Loss: -0.0040 | Critic Loss: 0.3041 | Grad Norm: 1.2355 | Clipped: 4/4
Epoch [2825/4000] | Avg Makespan: 246.50 | Actor Loss: -0.0027 | Critic Loss: 0.4732 | Grad Norm: 1.8701 | Clipped: 4/4
Epoch [2826/4000] | Avg Makespan: 214.25 | Actor Loss: -0.0039 | Critic Loss: 0.1285 | Grad Norm: 1.5275 | Clipped: 4/4
Epoch [2827/4000] | Avg Makespan: 232.75 | Actor Loss: -0.0051 | Critic Loss: 0.0793 | Grad Norm: 0.9730 | Clipped: 2/4
Epoch [2828/4000] | Avg Makespan: 223.00 | Actor Loss: -0.0046 | Critic Loss: 0.2536 | Grad Norm: 1.0464 | Clipped: 3/4
Epoch [2829/4000] | Avg Makespan: 227.50 | Actor Loss: -0.0040 | Critic Loss: 0.1388 | Grad Norm: 1.1214 | Clipped: 2/4
Epoch [2830/4000] | Avg Makespan: 226.75 | Actor Loss: -0.0043 | Critic Loss: 0.1171 | Grad Norm: 1.0616 | Clipped: 3/4
Epoch [2831/4000] | Avg Makespan: 220.00 | Actor Loss: -0.0036 | Critic Loss: 0.0648 | Grad Norm: 1.3600 | Clipped: 4/4
Epoch [2832/4000] | Avg Makespan: 223.00 | Actor Loss: -0.0061 | Critic Loss: 0.2583 | Grad Norm: 1.1979 | Clipped: 2/4
Epoch [2833/4000] | Avg Makespan: 218.50 | Actor Loss: -0.0032 | Critic Loss: 0.0435 | Grad Norm: 1.0963 | Clipped: 3/4
Epoch [2834/4000] | Avg Makespan: 218.25 | Actor Loss: -0.0039 | Critic Loss: 0.0773 | Grad Norm: 0.9516 | Clipped: 1/4
Epoch [2835/4000] | Avg Makespan: 222.00 | Actor Loss: -0.0047 | Critic Loss: 0.0797 | Grad Norm: 1.4952 | Clipped: 4/4
Epoch [2836/4000] | Avg Makespan: 220.25 | Actor Loss: -0.0034 | Critic Loss: 0.1879 | Grad Norm: 1.0027 | Clipped: 1/4
Epoch [2837/4000] | Avg Makespan: 221.00 | Actor Loss: -0.0044 | Critic Loss: 0.0544 | Grad Norm: 0.7872 | Clipped: 0/4
Epoch [2838/4000] | Avg Makespan: 221.25 | Actor Loss: -0.0038 | Critic Loss: 0.1292 | Grad Norm: 1.5916 | Clipped: 3/4
Epoch [2839/4000] | Avg Makespan: 232.75 | Actor Loss: -0.0048 | Critic Loss: 0.2705 | Grad Norm: 1.2771 | Clipped: 4/4
Epoch [2840/4000] | Avg Makespan: 219.75 | Actor Loss: -0.0055 | Critic Loss: 0.0685 | Grad Norm: 1.2172 | Clipped: 2/4
Epoch [2841/4000] | Avg Makespan: 241.75 | Actor Loss: -0.0040 | Critic Loss: 1.3016 | Grad Norm: 1.9860 | Clipped: 4/4
Epoch [2842/4000] | Avg Makespan: 213.75 | Actor Loss: -0.0042 | Critic Loss: 0.2141 | Grad Norm: 1.2940 | Clipped: 4/4
Epoch [2843/4000] | Avg Makespan: 229.50 | Actor Loss: -0.0049 | Critic Loss: 0.4787 | Grad Norm: 1.2806 | Clipped: 4/4
Epoch [2844/4000] | Avg Makespan: 247.50 | Actor Loss: -0.0026 | Critic Loss: 0.5261 | Grad Norm: 1.4997 | Clipped: 4/4
Epoch [2845/4000] | Avg Makespan: 235.50 | Actor Loss: -0.0020 | Critic Loss: 0.2548 | Grad Norm: 1.8579 | Clipped: 4/4
Epoch [2846/4000] | Avg Makespan: 217.00 | Actor Loss: -0.0038 | Critic Loss: 0.1560 | Grad Norm: 1.3676 | Clipped: 4/4
Epoch [2847/4000] | Avg Makespan: 226.75 | Actor Loss: -0.0042 | Critic Loss: 0.1577 | Grad Norm: 1.1187 | Clipped: 2/4
Epoch [2848/4000] | Avg Makespan: 242.50 | Actor Loss: -0.0025 | Critic Loss: 0.2082 | Grad Norm: 1.6268 | Clipped: 4/4
Epoch [2849/4000] | Avg Makespan: 216.50 | Actor Loss: -0.0024 | Critic Loss: 0.1662 | Grad Norm: 1.9764 | Clipped: 4/4
Epoch [2850/4000] | Avg Makespan: 217.00 | Actor Loss: -0.0052 | Critic Loss: 0.1591 | Grad Norm: 1.8979 | Clipped: 4/4
Epoch [2851/4000] | Avg Makespan: 233.50 | Actor Loss: -0.0026 | Critic Loss: 0.2182 | Grad Norm: 1.4173 | Clipped: 4/4
Epoch [2852/4000] | Avg Makespan: 223.25 | Actor Loss: -0.0047 | Critic Loss: 0.1531 | Grad Norm: 1.0509 | Clipped: 3/4
Epoch [2853/4000] | Avg Makespan: 216.75 | Actor Loss: -0.0000 | Critic Loss: 0.1086 | Grad Norm: 2.2296 | Clipped: 4/4
Epoch [2854/4000] | Avg Makespan: 206.25 | Actor Loss: -0.0032 | Critic Loss: 0.0686 | Grad Norm: 1.3929 | Clipped: 3/4
Epoch [2855/4000] | Avg Makespan: 222.00 | Actor Loss: -0.0035 | Critic Loss: 0.1658 | Grad Norm: 1.8112 | Clipped: 4/4
Epoch [2856/4000] | Avg Makespan: 225.75 | Actor Loss: -0.0051 | Critic Loss: 0.4149 | Grad Norm: 1.6684 | Clipped: 4/4
Epoch [2857/4000] | Avg Makespan: 229.25 | Actor Loss: -0.0032 | Critic Loss: 0.5280 | Grad Norm: 1.6057 | Clipped: 4/4
Epoch [2858/4000] | Avg Makespan: 217.50 | Actor Loss: -0.0046 | Critic Loss: 0.1892 | Grad Norm: 1.7964 | Clipped: 3/4
Epoch [2859/4000] | Avg Makespan: 221.50 | Actor Loss: -0.0068 | Critic Loss: 0.2078 | Grad Norm: 1.1393 | Clipped: 3/4
Epoch [2860/4000] | Avg Makespan: 231.00 | Actor Loss: -0.0023 | Critic Loss: 0.4938 | Grad Norm: 1.3146 | Clipped: 2/4
Epoch [2861/4000] | Avg Makespan: 220.75 | Actor Loss: -0.0054 | Critic Loss: 0.1993 | Grad Norm: 1.0799 | Clipped: 2/4
Epoch [2862/4000] | Avg Makespan: 222.75 | Actor Loss: -0.0041 | Critic Loss: 0.2195 | Grad Norm: 1.2058 | Clipped: 3/4
Epoch [2863/4000] | Avg Makespan: 223.00 | Actor Loss: -0.0025 | Critic Loss: 0.0487 | Grad Norm: 1.4260 | Clipped: 3/4
Epoch [2864/4000] | Avg Makespan: 211.00 | Actor Loss: -0.0050 | Critic Loss: 0.0815 | Grad Norm: 1.4914 | Clipped: 3/4
Epoch [2865/4000] | Avg Makespan: 215.50 | Actor Loss: -0.0057 | Critic Loss: 0.0394 | Grad Norm: 1.2625 | Clipped: 2/4
Epoch [2866/4000] | Avg Makespan: 233.25 | Actor Loss: -0.0028 | Critic Loss: 0.3627 | Grad Norm: 1.8436 | Clipped: 4/4
Epoch [2867/4000] | Avg Makespan: 222.50 | Actor Loss: -0.0039 | Critic Loss: 0.1761 | Grad Norm: 0.9724 | Clipped: 1/4
Epoch [2868/4000] | Avg Makespan: 224.75 | Actor Loss: -0.0026 | Critic Loss: 0.1335 | Grad Norm: 2.0790 | Clipped: 4/4
Epoch [2869/4000] | Avg Makespan: 223.00 | Actor Loss: -0.0047 | Critic Loss: 0.3689 | Grad Norm: 1.5096 | Clipped: 2/4
Epoch [2870/4000] | Avg Makespan: 218.75 | Actor Loss: -0.0042 | Critic Loss: 0.0733 | Grad Norm: 1.0542 | Clipped: 1/4
Epoch [2871/4000] | Avg Makespan: 225.75 | Actor Loss: -0.0026 | Critic Loss: 0.1766 | Grad Norm: 1.2438 | Clipped: 1/4
Epoch [2872/4000] | Avg Makespan: 231.25 | Actor Loss: -0.0053 | Critic Loss: 0.2934 | Grad Norm: 1.2674 | Clipped: 4/4
Epoch [2873/4000] | Avg Makespan: 226.75 | Actor Loss: -0.0051 | Critic Loss: 0.2292 | Grad Norm: 1.2273 | Clipped: 3/4
Epoch [2874/4000] | Avg Makespan: 230.50 | Actor Loss: -0.0028 | Critic Loss: 0.4183 | Grad Norm: 1.3587 | Clipped: 3/4
Epoch [2875/4000] | Avg Makespan: 237.00 | Actor Loss: -0.0058 | Critic Loss: 0.5621 | Grad Norm: 1.1987 | Clipped: 4/4
Epoch [2876/4000] | Avg Makespan: 214.50 | Actor Loss: -0.0042 | Critic Loss: 0.1804 | Grad Norm: 1.3861 | Clipped: 4/4
Epoch [2877/4000] | Avg Makespan: 219.00 | Actor Loss: -0.0014 | Critic Loss: 0.2820 | Grad Norm: 2.1679 | Clipped: 4/4
Epoch [2878/4000] | Avg Makespan: 217.75 | Actor Loss: -0.0040 | Critic Loss: 0.3345 | Grad Norm: 2.0828 | Clipped: 4/4
Epoch [2879/4000] | Avg Makespan: 221.50 | Actor Loss: -0.0054 | Critic Loss: 0.5405 | Grad Norm: 1.4647 | Clipped: 3/4
Epoch [2880/4000] | Avg Makespan: 213.75 | Actor Loss: -0.0019 | Critic Loss: 0.0572 | Grad Norm: 1.5244 | Clipped: 4/4
Epoch [2881/4000] | Avg Makespan: 219.00 | Actor Loss: -0.0034 | Critic Loss: 0.1634 | Grad Norm: 0.9831 | Clipped: 1/4
Epoch [2882/4000] | Avg Makespan: 240.50 | Actor Loss: -0.0037 | Critic Loss: 0.8214 | Grad Norm: 2.3256 | Clipped: 4/4
Epoch [2883/4000] | Avg Makespan: 220.25 | Actor Loss: 0.0001 | Critic Loss: 0.2191 | Grad Norm: 7.0028 | Clipped: 3/4
Epoch [2884/4000] | Avg Makespan: 223.75 | Actor Loss: -0.0029 | Critic Loss: 0.5874 | Grad Norm: 1.2096 | Clipped: 3/4
Epoch [2885/4000] | Avg Makespan: 223.50 | Actor Loss: -0.0052 | Critic Loss: 0.4312 | Grad Norm: 1.2288 | Clipped: 4/4
Epoch [2886/4000] | Avg Makespan: 217.00 | Actor Loss: -0.0032 | Critic Loss: 0.1963 | Grad Norm: 1.1707 | Clipped: 1/4
Epoch [2887/4000] | Avg Makespan: 225.00 | Actor Loss: -0.0042 | Critic Loss: 0.3638 | Grad Norm: 0.7871 | Clipped: 0/4
Epoch [2888/4000] | Avg Makespan: 210.25 | Actor Loss: -0.0015 | Critic Loss: 0.1342 | Grad Norm: 1.1762 | Clipped: 4/4
Epoch [2889/4000] | Avg Makespan: 226.00 | Actor Loss: -0.0054 | Critic Loss: 0.5251 | Grad Norm: 1.1572 | Clipped: 3/4
Epoch [2890/4000] | Avg Makespan: 223.00 | Actor Loss: -0.0051 | Critic Loss: 0.4077 | Grad Norm: 1.5299 | Clipped: 4/4
Epoch [2891/4000] | Avg Makespan: 236.25 | Actor Loss: -0.0027 | Critic Loss: 0.2147 | Grad Norm: 1.3770 | Clipped: 4/4
Epoch [2892/4000] | Avg Makespan: 219.00 | Actor Loss: -0.0060 | Critic Loss: 0.0475 | Grad Norm: 1.4009 | Clipped: 4/4
Epoch [2893/4000] | Avg Makespan: 215.25 | Actor Loss: -0.0024 | Critic Loss: 0.0272 | Grad Norm: 1.4731 | Clipped: 4/4
Epoch [2894/4000] | Avg Makespan: 217.25 | Actor Loss: -0.0028 | Critic Loss: 0.1450 | Grad Norm: 2.4982 | Clipped: 4/4
Epoch [2895/4000] | Avg Makespan: 211.50 | Actor Loss: -0.0046 | Critic Loss: 0.0664 | Grad Norm: 2.2479 | Clipped: 4/4
Epoch [2896/4000] | Avg Makespan: 231.00 | Actor Loss: -0.0037 | Critic Loss: 0.4514 | Grad Norm: 1.3415 | Clipped: 4/4
Epoch [2897/4000] | Avg Makespan: 214.75 | Actor Loss: -0.0032 | Critic Loss: 0.0643 | Grad Norm: 0.9032 | Clipped: 1/4
Epoch [2898/4000] | Avg Makespan: 220.25 | Actor Loss: -0.0022 | Critic Loss: 0.1388 | Grad Norm: 1.1581 | Clipped: 3/4
Epoch [2899/4000] | Avg Makespan: 215.00 | Actor Loss: -0.0019 | Critic Loss: 0.0289 | Grad Norm: 2.3359 | Clipped: 4/4
Epoch [2900/4000] | Avg Makespan: 213.75 | Actor Loss: -0.0050 | Critic Loss: 0.0617 | Grad Norm: 0.9958 | Clipped: 2/4
   -> Validation | Samples: 280 | Makespan: 945.14 | Invalid Jobs: 0.03 | Score: 970.14
   -> Saved updated training chart to /home/wei/Desktop/AMR-DFJSP/runs/20260827_084425_v10_B_s42/chart.png
Epoch [2901/4000] | Avg Makespan: 210.75 | Actor Loss: -0.0044 | Critic Loss: 0.0426 | Grad Norm: 0.9281 | Clipped: 0/4
Epoch [2902/4000] | Avg Makespan: 239.25 | Actor Loss: -0.0025 | Critic Loss: 0.4927 | Grad Norm: 1.9618 | Clipped: 4/4
Epoch [2903/4000] | Avg Makespan: 217.50 | Actor Loss: -0.0056 | Critic Loss: 0.0753 | Grad Norm: 1.1989 | Clipped: 3/4
Epoch [2904/4000] | Avg Makespan: 227.00 | Actor Loss: -0.0037 | Critic Loss: 0.3111 | Grad Norm: 1.0333 | Clipped: 2/4
Epoch [2905/4000] | Avg Makespan: 217.75 | Actor Loss: -0.0051 | Critic Loss: 0.0548 | Grad Norm: 1.2027 | Clipped: 4/4
Epoch [2906/4000] | Avg Makespan: 227.75 | Actor Loss: -0.0020 | Critic Loss: 0.5327 | Grad Norm: 3.6337 | Clipped: 4/4
Epoch [2907/4000] | Avg Makespan: 211.50 | Actor Loss: -0.0037 | Critic Loss: 0.0890 | Grad Norm: 1.2807 | Clipped: 2/4
Epoch [2908/4000] | Avg Makespan: 221.75 | Actor Loss: -0.0061 | Critic Loss: 0.2956 | Grad Norm: 1.2949 | Clipped: 4/4
Epoch [2909/4000] | Avg Makespan: 220.00 | Actor Loss: -0.0035 | Critic Loss: 0.2196 | Grad Norm: 1.2219 | Clipped: 4/4
Epoch [2910/4000] | Avg Makespan: 232.00 | Actor Loss: -0.0010 | Critic Loss: 0.2331 | Grad Norm: 3.0369 | Clipped: 4/4
Epoch [2911/4000] | Avg Makespan: 222.00 | Actor Loss: -0.0053 | Critic Loss: 0.2097 | Grad Norm: 1.1205 | Clipped: 3/4
Epoch [2912/4000] | Avg Makespan: 212.75 | Actor Loss: -0.0034 | Critic Loss: 0.0735 | Grad Norm: 1.6760 | Clipped: 4/4
Epoch [2913/4000] | Avg Makespan: 217.75 | Actor Loss: -0.0029 | Critic Loss: 0.0388 | Grad Norm: 1.1147 | Clipped: 3/4
Epoch [2914/4000] | Avg Makespan: 224.25 | Actor Loss: -0.0029 | Critic Loss: 0.3805 | Grad Norm: 1.5728 | Clipped: 4/4
Epoch [2915/4000] | Avg Makespan: 211.00 | Actor Loss: -0.0036 | Critic Loss: 0.0671 | Grad Norm: 1.2150 | Clipped: 2/4
Epoch [2916/4000] | Avg Makespan: 217.50 | Actor Loss: -0.0039 | Critic Loss: 0.0918 | Grad Norm: 1.0004 | Clipped: 1/4
Epoch [2917/4000] | Avg Makespan: 223.50 | Actor Loss: -0.0028 | Critic Loss: 0.2220 | Grad Norm: 2.3322 | Clipped: 3/4
Epoch [2918/4000] | Avg Makespan: 217.50 | Actor Loss: -0.0026 | Critic Loss: 0.2293 | Grad Norm: 1.7355 | Clipped: 4/4
Epoch [2919/4000] | Avg Makespan: 220.75 | Actor Loss: -0.0046 | Critic Loss: 0.2487 | Grad Norm: 1.5583 | Clipped: 4/4
Epoch [2920/4000] | Avg Makespan: 218.50 | Actor Loss: -0.0043 | Critic Loss: 0.0755 | Grad Norm: 1.6576 | Clipped: 4/4
Epoch [2921/4000] | Avg Makespan: 211.25 | Actor Loss: -0.0047 | Critic Loss: 0.0536 | Grad Norm: 1.0858 | Clipped: 4/4
Epoch [2922/4000] | Avg Makespan: 218.75 | Actor Loss: -0.0053 | Critic Loss: 0.0843 | Grad Norm: 1.7753 | Clipped: 4/4
Epoch [2923/4000] | Avg Makespan: 231.25 | Actor Loss: -0.0040 | Critic Loss: 0.4577 | Grad Norm: 1.8823 | Clipped: 4/4
Epoch [2924/4000] | Avg Makespan: 215.00 | Actor Loss: -0.0062 | Critic Loss: 0.0680 | Grad Norm: 1.1367 | Clipped: 3/4
Epoch [2925/4000] | Avg Makespan: 222.50 | Actor Loss: -0.0043 | Critic Loss: 0.1592 | Grad Norm: 1.1670 | Clipped: 3/4
Epoch [2926/4000] | Avg Makespan: 213.00 | Actor Loss: -0.0036 | Critic Loss: 0.0893 | Grad Norm: 2.0006 | Clipped: 4/4
Epoch [2927/4000] | Avg Makespan: 212.25 | Actor Loss: -0.0048 | Critic Loss: 0.0510 | Grad Norm: 1.3013 | Clipped: 4/4
Epoch [2928/4000] | Avg Makespan: 219.50 | Actor Loss: -0.0030 | Critic Loss: 0.2132 | Grad Norm: 1.5141 | Clipped: 4/4
Epoch [2929/4000] | Avg Makespan: 243.00 | Actor Loss: -0.0020 | Critic Loss: 0.7683 | Grad Norm: 2.3710 | Clipped: 4/4
Epoch [2930/4000] | Avg Makespan: 225.00 | Actor Loss: -0.0027 | Critic Loss: 0.2481 | Grad Norm: 1.4763 | Clipped: 3/4
Epoch [2931/4000] | Avg Makespan: 213.25 | Actor Loss: -0.0028 | Critic Loss: 0.1760 | Grad Norm: 1.6154 | Clipped: 4/4
Epoch [2932/4000] | Avg Makespan: 237.50 | Actor Loss: -0.0021 | Critic Loss: 0.9168 | Grad Norm: 1.6709 | Clipped: 4/4
Epoch [2933/4000] | Avg Makespan: 226.25 | Actor Loss: -0.0057 | Critic Loss: 0.1425 | Grad Norm: 1.4524 | Clipped: 3/4
Epoch [2934/4000] | Avg Makespan: 237.00 | Actor Loss: -0.0058 | Critic Loss: 0.5317 | Grad Norm: 1.1835 | Clipped: 3/4
Epoch [2935/4000] | Avg Makespan: 223.75 | Actor Loss: -0.0041 | Critic Loss: 0.0786 | Grad Norm: 1.5667 | Clipped: 3/4
Epoch [2936/4000] | Avg Makespan: 223.75 | Actor Loss: -0.0043 | Critic Loss: 0.1921 | Grad Norm: 1.4520 | Clipped: 4/4
Epoch [2937/4000] | Avg Makespan: 220.75 | Actor Loss: -0.0021 | Critic Loss: 0.0994 | Grad Norm: 1.3293 | Clipped: 4/4
Epoch [2938/4000] | Avg Makespan: 218.25 | Actor Loss: -0.0030 | Critic Loss: 0.0858 | Grad Norm: 1.4935 | Clipped: 4/4
Epoch [2939/4000] | Avg Makespan: 223.50 | Actor Loss: -0.0049 | Critic Loss: 0.2579 | Grad Norm: 1.7431 | Clipped: 4/4
Epoch [2940/4000] | Avg Makespan: 215.00 | Actor Loss: -0.0032 | Critic Loss: 0.0562 | Grad Norm: 1.2463 | Clipped: 4/4
Epoch [2941/4000] | Avg Makespan: 231.00 | Actor Loss: -0.0039 | Critic Loss: 0.2757 | Grad Norm: 1.4736 | Clipped: 4/4
Epoch [2942/4000] | Avg Makespan: 227.50 | Actor Loss: -0.0039 | Critic Loss: 0.5980 | Grad Norm: 1.8575 | Clipped: 4/4
Epoch [2943/4000] | Avg Makespan: 231.75 | Actor Loss: -0.0033 | Critic Loss: 0.1773 | Grad Norm: 1.2487 | Clipped: 4/4
Epoch [2944/4000] | Avg Makespan: 222.75 | Actor Loss: -0.0031 | Critic Loss: 0.1684 | Grad Norm: 1.6803 | Clipped: 4/4
Epoch [2945/4000] | Avg Makespan: 212.25 | Actor Loss: -0.0037 | Critic Loss: 0.1506 | Grad Norm: 1.5906 | Clipped: 4/4
Epoch [2946/4000] | Avg Makespan: 229.00 | Actor Loss: 0.0046 | Critic Loss: 0.1328 | Grad Norm: 24.3019 | Clipped: 4/4
Epoch [2947/4000] | Avg Makespan: 214.75 | Actor Loss: -0.0031 | Critic Loss: 0.1257 | Grad Norm: 1.9991 | Clipped: 4/4
Epoch [2948/4000] | Avg Makespan: 211.50 | Actor Loss: -0.0027 | Critic Loss: 0.0353 | Grad Norm: 2.8419 | Clipped: 4/4
Epoch [2949/4000] | Avg Makespan: 211.75 | Actor Loss: -0.0030 | Critic Loss: 0.0484 | Grad Norm: 1.6318 | Clipped: 4/4
Epoch [2950/4000] | Avg Makespan: 230.00 | Actor Loss: -0.0046 | Critic Loss: 0.2693 | Grad Norm: 1.6784 | Clipped: 4/4
Epoch [2951/4000] | Avg Makespan: 226.75 | Actor Loss: -0.0024 | Critic Loss: 0.5111 | Grad Norm: 2.3218 | Clipped: 4/4
Epoch [2952/4000] | Avg Makespan: 216.00 | Actor Loss: -0.0006 | Critic Loss: 0.0802 | Grad Norm: 1.8934 | Clipped: 4/4
Epoch [2953/4000] | Avg Makespan: 231.75 | Actor Loss: -0.0033 | Critic Loss: 0.3528 | Grad Norm: 1.5767 | Clipped: 4/4
Epoch [2954/4000] | Avg Makespan: 216.25 | Actor Loss: -0.0038 | Critic Loss: 0.1330 | Grad Norm: 2.2845 | Clipped: 4/4
Epoch [2955/4000] | Avg Makespan: 232.25 | Actor Loss: -0.0054 | Critic Loss: 0.2115 | Grad Norm: 1.3011 | Clipped: 4/4
Epoch [2956/4000] | Avg Makespan: 218.00 | Actor Loss: -0.0055 | Critic Loss: 0.0985 | Grad Norm: 1.7211 | Clipped: 4/4
Epoch [2957/4000] | Avg Makespan: 216.75 | Actor Loss: -0.0022 | Critic Loss: 0.1271 | Grad Norm: 1.4737 | Clipped: 3/4
Epoch [2958/4000] | Avg Makespan: 221.00 | Actor Loss: -0.0014 | Critic Loss: 0.2903 | Grad Norm: 2.9272 | Clipped: 4/4
Epoch [2959/4000] | Avg Makespan: 214.00 | Actor Loss: -0.0028 | Critic Loss: 0.0467 | Grad Norm: 2.2486 | Clipped: 4/4
Epoch [2960/4000] | Avg Makespan: 229.75 | Actor Loss: -0.0014 | Critic Loss: 0.2965 | Grad Norm: 3.8584 | Clipped: 4/4
Epoch [2961/4000] | Avg Makespan: 230.75 | Actor Loss: -0.0056 | Critic Loss: 0.3246 | Grad Norm: 1.2442 | Clipped: 4/4
Epoch [2962/4000] | Avg Makespan: 214.00 | Actor Loss: -0.0037 | Critic Loss: 0.1276 | Grad Norm: 1.1301 | Clipped: 4/4
Epoch [2963/4000] | Avg Makespan: 226.25 | Actor Loss: -0.0052 | Critic Loss: 0.3417 | Grad Norm: 1.2068 | Clipped: 4/4
Epoch [2964/4000] | Avg Makespan: 222.00 | Actor Loss: -0.0046 | Critic Loss: 0.1403 | Grad Norm: 1.1254 | Clipped: 3/4
Epoch [2965/4000] | Avg Makespan: 215.50 | Actor Loss: -0.0040 | Critic Loss: 0.0679 | Grad Norm: 1.8466 | Clipped: 4/4
Epoch [2966/4000] | Avg Makespan: 213.25 | Actor Loss: -0.0024 | Critic Loss: 0.1233 | Grad Norm: 2.5324 | Clipped: 4/4
Epoch [2967/4000] | Avg Makespan: 224.00 | Actor Loss: -0.0044 | Critic Loss: 0.1675 | Grad Norm: 1.8625 | Clipped: 3/4
Epoch [2968/4000] | Avg Makespan: 240.75 | Actor Loss: -0.0024 | Critic Loss: 0.4613 | Grad Norm: 3.2515 | Clipped: 4/4
Epoch [2969/4000] | Avg Makespan: 218.25 | Actor Loss: -0.0028 | Critic Loss: 0.0833 | Grad Norm: 1.3588 | Clipped: 4/4
Epoch [2970/4000] | Avg Makespan: 223.50 | Actor Loss: -0.0037 | Critic Loss: 0.4448 | Grad Norm: 0.9771 | Clipped: 2/4
Epoch [2971/4000] | Avg Makespan: 222.50 | Actor Loss: -0.0059 | Critic Loss: 0.1830 | Grad Norm: 1.4418 | Clipped: 4/4
Epoch [2972/4000] | Avg Makespan: 241.00 | Actor Loss: -0.0035 | Critic Loss: 0.3423 | Grad Norm: 1.8056 | Clipped: 4/4
Epoch [2973/4000] | Avg Makespan: 221.50 | Actor Loss: -0.0050 | Critic Loss: 0.0683 | Grad Norm: 1.9319 | Clipped: 4/4
Epoch [2974/4000] | Avg Makespan: 221.00 | Actor Loss: -0.0037 | Critic Loss: 0.1639 | Grad Norm: 2.2731 | Clipped: 4/4
Epoch [2975/4000] | Avg Makespan: 216.00 | Actor Loss: -0.0035 | Critic Loss: 0.0407 | Grad Norm: 1.3009 | Clipped: 3/4
Epoch [2976/4000] | Avg Makespan: 214.25 | Actor Loss: -0.0037 | Critic Loss: 0.0614 | Grad Norm: 1.4338 | Clipped: 4/4
Epoch [2977/4000] | Avg Makespan: 220.00 | Actor Loss: -0.0051 | Critic Loss: 0.0558 | Grad Norm: 1.1607 | Clipped: 3/4
Epoch [2978/4000] | Avg Makespan: 218.50 | Actor Loss: -0.0049 | Critic Loss: 0.0972 | Grad Norm: 1.5646 | Clipped: 4/4
Epoch [2979/4000] | Avg Makespan: 219.25 | Actor Loss: -0.0042 | Critic Loss: 0.0856 | Grad Norm: 1.3004 | Clipped: 3/4
Epoch [2980/4000] | Avg Makespan: 227.75 | Actor Loss: -0.0043 | Critic Loss: 0.5149 | Grad Norm: 1.5844 | Clipped: 4/4
Epoch [2981/4000] | Avg Makespan: 217.75 | Actor Loss: -0.0039 | Critic Loss: 0.0447 | Grad Norm: 2.4018 | Clipped: 4/4
Epoch [2982/4000] | Avg Makespan: 231.75 | Actor Loss: -0.0044 | Critic Loss: 0.3190 | Grad Norm: 1.9165 | Clipped: 4/4
Epoch [2983/4000] | Avg Makespan: 232.50 | Actor Loss: -0.0024 | Critic Loss: 0.1747 | Grad Norm: 1.9294 | Clipped: 4/4
Epoch [2984/4000] | Avg Makespan: 222.50 | Actor Loss: -0.0019 | Critic Loss: 0.1305 | Grad Norm: 2.2100 | Clipped: 4/4
Epoch [2985/4000] | Avg Makespan: 222.50 | Actor Loss: -0.0038 | Critic Loss: 0.1216 | Grad Norm: 1.5923 | Clipped: 4/4
Epoch [2986/4000] | Avg Makespan: 214.00 | Actor Loss: -0.0046 | Critic Loss: 0.1213 | Grad Norm: 2.3949 | Clipped: 4/4
Epoch [2987/4000] | Avg Makespan: 231.50 | Actor Loss: -0.0031 | Critic Loss: 0.9458 | Grad Norm: 2.3197 | Clipped: 4/4
Epoch [2988/4000] | Avg Makespan: 215.75 | Actor Loss: -0.0051 | Critic Loss: 0.0285 | Grad Norm: 1.5533 | Clipped: 4/4
Epoch [2989/4000] | Avg Makespan: 243.75 | Actor Loss: -0.0030 | Critic Loss: 2.0361 | Grad Norm: 2.0001 | Clipped: 4/4
Epoch [2990/4000] | Avg Makespan: 235.75 | Actor Loss: -0.0042 | Critic Loss: 0.2934 | Grad Norm: 1.5322 | Clipped: 4/4
Epoch [2991/4000] | Avg Makespan: 223.00 | Actor Loss: -0.0020 | Critic Loss: 0.2448 | Grad Norm: 2.6669 | Clipped: 4/4
Epoch [2992/4000] | Avg Makespan: 216.25 | Actor Loss: -0.0039 | Critic Loss: 0.1505 | Grad Norm: 1.4556 | Clipped: 4/4
Epoch [2993/4000] | Avg Makespan: 218.00 | Actor Loss: -0.0042 | Critic Loss: 0.1638 | Grad Norm: 1.7589 | Clipped: 4/4
Epoch [2994/4000] | Avg Makespan: 228.75 | Actor Loss: -0.0052 | Critic Loss: 0.1544 | Grad Norm: 1.0892 | Clipped: 2/4
Epoch [2995/4000] | Avg Makespan: 235.00 | Actor Loss: -0.0073 | Critic Loss: 0.3573 | Grad Norm: 2.1105 | Clipped: 4/4
Epoch [2996/4000] | Avg Makespan: 227.50 | Actor Loss: -0.0022 | Critic Loss: 0.1044 | Grad Norm: 1.5184 | Clipped: 4/4
Epoch [2997/4000] | Avg Makespan: 248.00 | Actor Loss: -0.0017 | Critic Loss: 0.8781 | Grad Norm: 2.5900 | Clipped: 4/4
Epoch [2998/4000] | Avg Makespan: 213.25 | Actor Loss: -0.0020 | Critic Loss: 0.1572 | Grad Norm: 2.1193 | Clipped: 4/4
Epoch [2999/4000] | Avg Makespan: 220.25 | Actor Loss: -0.0037 | Critic Loss: 0.1327 | Grad Norm: 2.3620 | Clipped: 4/4
Epoch [3000/4000] | Avg Makespan: 212.25 | Actor Loss: -0.0039 | Critic Loss: 0.0901 | Grad Norm: 1.2095 | Clipped: 3/4
   -> Validation | Samples: 280 | Makespan: 960.14 | Invalid Jobs: 0.03 | Score: 985.14
   -> Saved updated training chart to /home/wei/Desktop/AMR-DFJSP/runs/20260827_084425_v10_B_s42/chart.png
Epoch [3001/4000] | Avg Makespan: 223.50 | Actor Loss: -0.0052 | Critic Loss: 0.1435 | Grad Norm: 1.6860 | Clipped: 4/4
Epoch [3002/4000] | Avg Makespan: 249.75 | Actor Loss: -0.0011 | Critic Loss: 1.2211 | Grad Norm: 3.4913 | Clipped: 4/4
Epoch [3003/4000] | Avg Makespan: 243.50 | Actor Loss: -0.0037 | Critic Loss: 0.5916 | Grad Norm: 1.7491 | Clipped: 4/4
Epoch [3004/4000] | Avg Makespan: 223.75 | Actor Loss: -0.0013 | Critic Loss: 0.2018 | Grad Norm: 2.7376 | Clipped: 4/4
Epoch [3005/4000] | Avg Makespan: 235.00 | Actor Loss: -0.0061 | Critic Loss: 0.1399 | Grad Norm: 1.4042 | Clipped: 4/4
Epoch [3006/4000] | Avg Makespan: 221.75 | Actor Loss: -0.0014 | Critic Loss: 0.1373 | Grad Norm: 3.0553 | Clipped: 4/4
Epoch [3007/4000] | Avg Makespan: 224.25 | Actor Loss: -0.0043 | Critic Loss: 0.1176 | Grad Norm: 1.7108 | Clipped: 3/4
Epoch [3008/4000] | Avg Makespan: 215.50 | Actor Loss: -0.0049 | Critic Loss: 0.0593 | Grad Norm: 1.8859 | Clipped: 4/4
Epoch [3009/4000] | Avg Makespan: 228.25 | Actor Loss: -0.0037 | Critic Loss: 0.2170 | Grad Norm: 1.4925 | Clipped: 4/4
Epoch [3010/4000] | Avg Makespan: 223.75 | Actor Loss: -0.0023 | Critic Loss: 0.0767 | Grad Norm: 2.2593 | Clipped: 4/4
Epoch [3011/4000] | Avg Makespan: 222.50 | Actor Loss: -0.0036 | Critic Loss: 0.2083 | Grad Norm: 4.1297 | Clipped: 4/4
Epoch [3012/4000] | Avg Makespan: 224.50 | Actor Loss: -0.0066 | Critic Loss: 0.2555 | Grad Norm: 1.6107 | Clipped: 4/4
Epoch [3013/4000] | Avg Makespan: 227.50 | Actor Loss: -0.0049 | Critic Loss: 0.4295 | Grad Norm: 1.8628 | Clipped: 4/4
Epoch [3014/4000] | Avg Makespan: 227.50 | Actor Loss: -0.0046 | Critic Loss: 0.1106 | Grad Norm: 1.4165 | Clipped: 3/4
Epoch [3015/4000] | Avg Makespan: 227.00 | Actor Loss: -0.0037 | Critic Loss: 0.2343 | Grad Norm: 2.1119 | Clipped: 4/4
Epoch [3016/4000] | Avg Makespan: 217.75 | Actor Loss: -0.0023 | Critic Loss: 0.0898 | Grad Norm: 2.1163 | Clipped: 4/4
Epoch [3017/4000] | Avg Makespan: 229.50 | Actor Loss: -0.0057 | Critic Loss: 0.2976 | Grad Norm: 1.9560 | Clipped: 4/4
Epoch [3018/4000] | Avg Makespan: 235.00 | Actor Loss: -0.0030 | Critic Loss: 1.0592 | Grad Norm: 2.3991 | Clipped: 4/4
Epoch [3019/4000] | Avg Makespan: 216.25 | Actor Loss: -0.0031 | Critic Loss: 0.0683 | Grad Norm: 1.3289 | Clipped: 4/4
Epoch [3020/4000] | Avg Makespan: 221.50 | Actor Loss: -0.0048 | Critic Loss: 0.0910 | Grad Norm: 1.3840 | Clipped: 4/4
Epoch [3021/4000] | Avg Makespan: 218.75 | Actor Loss: -0.0044 | Critic Loss: 0.1093 | Grad Norm: 2.9643 | Clipped: 4/4
Epoch [3022/4000] | Avg Makespan: 216.00 | Actor Loss: -0.0022 | Critic Loss: 0.0673 | Grad Norm: 1.9787 | Clipped: 4/4
Epoch [3023/4000] | Avg Makespan: 213.25 | Actor Loss: -0.0047 | Critic Loss: 0.0326 | Grad Norm: 2.0347 | Clipped: 4/4
Epoch [3024/4000] | Avg Makespan: 217.25 | Actor Loss: -0.0040 | Critic Loss: 0.0721 | Grad Norm: 1.6843 | Clipped: 4/4
Epoch [3025/4000] | Avg Makespan: 219.50 | Actor Loss: -0.0036 | Critic Loss: 0.0663 | Grad Norm: 2.0455 | Clipped: 4/4
Epoch [3026/4000] | Avg Makespan: 236.50 | Actor Loss: -0.0038 | Critic Loss: 0.5185 | Grad Norm: 2.5876 | Clipped: 4/4
Epoch [3027/4000] | Avg Makespan: 227.50 | Actor Loss: -0.0039 | Critic Loss: 0.2786 | Grad Norm: 2.5194 | Clipped: 4/4
Epoch [3028/4000] | Avg Makespan: 218.25 | Actor Loss: -0.0043 | Critic Loss: 0.0326 | Grad Norm: 2.3900 | Clipped: 4/4
Epoch [3029/4000] | Avg Makespan: 221.25 | Actor Loss: -0.0013 | Critic Loss: 0.2048 | Grad Norm: 2.6441 | Clipped: 4/4
Epoch [3030/4000] | Avg Makespan: 221.00 | Actor Loss: -0.0044 | Critic Loss: 0.0686 | Grad Norm: 1.6003 | Clipped: 4/4
Epoch [3031/4000] | Avg Makespan: 228.00 | Actor Loss: -0.0048 | Critic Loss: 0.3117 | Grad Norm: 2.0731 | Clipped: 4/4
Epoch [3032/4000] | Avg Makespan: 234.50 | Actor Loss: -0.0010 | Critic Loss: 0.2876 | Grad Norm: 2.5106 | Clipped: 4/4
Epoch [3033/4000] | Avg Makespan: 221.25 | Actor Loss: -0.0048 | Critic Loss: 0.2077 | Grad Norm: 2.1265 | Clipped: 4/4
Epoch [3034/4000] | Avg Makespan: 219.50 | Actor Loss: -0.0054 | Critic Loss: 0.1434 | Grad Norm: 1.0977 | Clipped: 2/4
Epoch [3035/4000] | Avg Makespan: 224.00 | Actor Loss: -0.0027 | Critic Loss: 0.1757 | Grad Norm: 2.2798 | Clipped: 4/4
Epoch [3036/4000] | Avg Makespan: 208.75 | Actor Loss: -0.0042 | Critic Loss: 0.1111 | Grad Norm: 1.7702 | Clipped: 4/4
Epoch [3037/4000] | Avg Makespan: 215.50 | Actor Loss: -0.0040 | Critic Loss: 0.0594 | Grad Norm: 2.2643 | Clipped: 4/4
Epoch [3038/4000] | Avg Makespan: 239.50 | Actor Loss: -0.0064 | Critic Loss: 0.7653 | Grad Norm: 2.2925 | Clipped: 4/4
Epoch [3039/4000] | Avg Makespan: 232.75 | Actor Loss: -0.0033 | Critic Loss: 0.4772 | Grad Norm: 9.3657 | Clipped: 4/4
Epoch [3040/4000] | Avg Makespan: 213.75 | Actor Loss: -0.0030 | Critic Loss: 0.0369 | Grad Norm: 1.9968 | Clipped: 4/4
Epoch [3041/4000] | Avg Makespan: 234.25 | Actor Loss: -0.0018 | Critic Loss: 0.3850 | Grad Norm: 3.2501 | Clipped: 4/4
Epoch [3042/4000] | Avg Makespan: 216.50 | Actor Loss: -0.0029 | Critic Loss: 0.0997 | Grad Norm: 1.4745 | Clipped: 4/4
Epoch [3043/4000] | Avg Makespan: 223.50 | Actor Loss: -0.0056 | Critic Loss: 0.0472 | Grad Norm: 1.5496 | Clipped: 4/4
Epoch [3044/4000] | Avg Makespan: 218.00 | Actor Loss: -0.0041 | Critic Loss: 0.0787 | Grad Norm: 1.9123 | Clipped: 4/4
Epoch [3045/4000] | Avg Makespan: 241.00 | Actor Loss: -0.0036 | Critic Loss: 0.4905 | Grad Norm: 2.4142 | Clipped: 4/4
Epoch [3046/4000] | Avg Makespan: 222.75 | Actor Loss: -0.0046 | Critic Loss: 0.2240 | Grad Norm: 2.1636 | Clipped: 4/4
Epoch [3047/4000] | Avg Makespan: 217.25 | Actor Loss: -0.0025 | Critic Loss: 0.1734 | Grad Norm: 2.1167 | Clipped: 4/4
Epoch [3048/4000] | Avg Makespan: 217.00 | Actor Loss: -0.0054 | Critic Loss: 0.0564 | Grad Norm: 1.5193 | Clipped: 4/4
Epoch [3049/4000] | Avg Makespan: 212.75 | Actor Loss: 0.0003 | Critic Loss: 0.0675 | Grad Norm: 2.8041 | Clipped: 4/4
Epoch [3050/4000] | Avg Makespan: 217.00 | Actor Loss: -0.0031 | Critic Loss: 0.1427 | Grad Norm: 1.6408 | Clipped: 4/4
Epoch [3051/4000] | Avg Makespan: 213.00 | Actor Loss: -0.0056 | Critic Loss: 0.0459 | Grad Norm: 2.4073 | Clipped: 4/4
Epoch [3052/4000] | Avg Makespan: 218.00 | Actor Loss: -0.0057 | Critic Loss: 0.0319 | Grad Norm: 1.3636 | Clipped: 4/4
Epoch [3053/4000] | Avg Makespan: 220.50 | Actor Loss: -0.0033 | Critic Loss: 0.0323 | Grad Norm: 1.7680 | Clipped: 4/4
Epoch [3054/4000] | Avg Makespan: 221.50 | Actor Loss: -0.0051 | Critic Loss: 0.1174 | Grad Norm: 1.2150 | Clipped: 3/4
Epoch [3055/4000] | Avg Makespan: 230.00 | Actor Loss: -0.0016 | Critic Loss: 0.1477 | Grad Norm: 1.9674 | Clipped: 4/4
Epoch [3056/4000] | Avg Makespan: 229.25 | Actor Loss: -0.0053 | Critic Loss: 0.5077 | Grad Norm: 2.5870 | Clipped: 4/4
Epoch [3057/4000] | Avg Makespan: 217.75 | Actor Loss: -0.0031 | Critic Loss: 0.0867 | Grad Norm: 2.1585 | Clipped: 4/4
Epoch [3058/4000] | Avg Makespan: 236.00 | Actor Loss: -0.0029 | Critic Loss: 0.3630 | Grad Norm: 2.7604 | Clipped: 4/4
Epoch [3059/4000] | Avg Makespan: 215.25 | Actor Loss: -0.0047 | Critic Loss: 0.0919 | Grad Norm: 1.6129 | Clipped: 4/4
Epoch [3060/4000] | Avg Makespan: 226.25 | Actor Loss: -0.0038 | Critic Loss: 0.2622 | Grad Norm: 1.9890 | Clipped: 3/4
Epoch [3061/4000] | Avg Makespan: 218.25 | Actor Loss: -0.0043 | Critic Loss: 0.1134 | Grad Norm: 1.6370 | Clipped: 2/4
Epoch [3062/4000] | Avg Makespan: 232.50 | Actor Loss: 0.0011 | Critic Loss: 0.1619 | Grad Norm: 2.3521 | Clipped: 4/4
Epoch [3063/4000] | Avg Makespan: 216.00 | Actor Loss: -0.0034 | Critic Loss: 0.2166 | Grad Norm: 2.1288 | Clipped: 4/4
Epoch [3064/4000] | Avg Makespan: 217.00 | Actor Loss: -0.0029 | Critic Loss: 0.1003 | Grad Norm: 1.2173 | Clipped: 3/4
Epoch [3065/4000] | Avg Makespan: 222.50 | Actor Loss: -0.0031 | Critic Loss: 0.0642 | Grad Norm: 1.8859 | Clipped: 4/4
Epoch [3066/4000] | Avg Makespan: 228.50 | Actor Loss: -0.0049 | Critic Loss: 0.1892 | Grad Norm: 1.1484 | Clipped: 4/4
Epoch [3067/4000] | Avg Makespan: 214.50 | Actor Loss: -0.0038 | Critic Loss: 0.0144 | Grad Norm: 1.7605 | Clipped: 3/4
Epoch [3068/4000] | Avg Makespan: 214.50 | Actor Loss: -0.0039 | Critic Loss: 0.0612 | Grad Norm: 1.9044 | Clipped: 4/4
Epoch [3069/4000] | Avg Makespan: 213.00 | Actor Loss: -0.0038 | Critic Loss: 0.0288 | Grad Norm: 1.5344 | Clipped: 3/4
Epoch [3070/4000] | Avg Makespan: 224.50 | Actor Loss: -0.0039 | Critic Loss: 0.1385 | Grad Norm: 1.4553 | Clipped: 3/4
Epoch [3071/4000] | Avg Makespan: 218.25 | Actor Loss: -0.0047 | Critic Loss: 0.2847 | Grad Norm: 1.4682 | Clipped: 4/4
Epoch [3072/4000] | Avg Makespan: 222.25 | Actor Loss: -0.0009 | Critic Loss: 0.0645 | Grad Norm: 2.2558 | Clipped: 4/4
Epoch [3073/4000] | Avg Makespan: 217.25 | Actor Loss: -0.0019 | Critic Loss: 0.0955 | Grad Norm: 3.7277 | Clipped: 4/4
Epoch [3074/4000] | Avg Makespan: 226.75 | Actor Loss: -0.0048 | Critic Loss: 0.1989 | Grad Norm: 1.0057 | Clipped: 2/4
Epoch [3075/4000] | Avg Makespan: 214.25 | Actor Loss: -0.0035 | Critic Loss: 0.2730 | Grad Norm: 1.4138 | Clipped: 4/4
Epoch [3076/4000] | Avg Makespan: 220.25 | Actor Loss: -0.0038 | Critic Loss: 0.0704 | Grad Norm: 2.0570 | Clipped: 4/4
Epoch [3077/4000] | Avg Makespan: 210.25 | Actor Loss: -0.0062 | Critic Loss: 0.0686 | Grad Norm: 2.1393 | Clipped: 4/4
Epoch [3078/4000] | Avg Makespan: 218.50 | Actor Loss: -0.0043 | Critic Loss: 0.1639 | Grad Norm: 1.5169 | Clipped: 4/4
Epoch [3079/4000] | Avg Makespan: 224.25 | Actor Loss: -0.0030 | Critic Loss: 0.3235 | Grad Norm: 2.0012 | Clipped: 4/4
Epoch [3080/4000] | Avg Makespan: 217.75 | Actor Loss: -0.0004 | Critic Loss: 0.0520 | Grad Norm: 1.9207 | Clipped: 4/4
Epoch [3081/4000] | Avg Makespan: 227.25 | Actor Loss: -0.0029 | Critic Loss: 0.3529 | Grad Norm: 1.3775 | Clipped: 4/4
Epoch [3082/4000] | Avg Makespan: 233.75 | Actor Loss: -0.0042 | Critic Loss: 0.2635 | Grad Norm: 1.6851 | Clipped: 4/4
Epoch [3083/4000] | Avg Makespan: 226.00 | Actor Loss: -0.0039 | Critic Loss: 0.1980 | Grad Norm: 1.8030 | Clipped: 4/4
Epoch [3084/4000] | Avg Makespan: 212.25 | Actor Loss: -0.0041 | Critic Loss: 0.0818 | Grad Norm: 1.5410 | Clipped: 3/4
Epoch [3085/4000] | Avg Makespan: 229.25 | Actor Loss: -0.0021 | Critic Loss: 0.0987 | Grad Norm: 2.0941 | Clipped: 4/4
Epoch [3086/4000] | Avg Makespan: 217.75 | Actor Loss: -0.0043 | Critic Loss: 0.2249 | Grad Norm: 1.9494 | Clipped: 4/4
Epoch [3087/4000] | Avg Makespan: 219.25 | Actor Loss: -0.0037 | Critic Loss: 0.1071 | Grad Norm: 2.2210 | Clipped: 4/4
Epoch [3088/4000] | Avg Makespan: 215.25 | Actor Loss: -0.0022 | Critic Loss: 0.0689 | Grad Norm: 1.4400 | Clipped: 4/4
Epoch [3089/4000] | Avg Makespan: 227.50 | Actor Loss: -0.0031 | Critic Loss: 0.1198 | Grad Norm: 3.2450 | Clipped: 4/4
Epoch [3090/4000] | Avg Makespan: 218.25 | Actor Loss: -0.0048 | Critic Loss: 0.0495 | Grad Norm: 1.3507 | Clipped: 3/4
Epoch [3091/4000] | Avg Makespan: 213.50 | Actor Loss: -0.0031 | Critic Loss: 0.0387 | Grad Norm: 1.3421 | Clipped: 4/4
Epoch [3092/4000] | Avg Makespan: 226.25 | Actor Loss: -0.0021 | Critic Loss: 0.1086 | Grad Norm: 2.9329 | Clipped: 4/4
Epoch [3093/4000] | Avg Makespan: 220.50 | Actor Loss: -0.0054 | Critic Loss: 0.3059 | Grad Norm: 1.1459 | Clipped: 3/4
Epoch [3094/4000] | Avg Makespan: 222.00 | Actor Loss: -0.0030 | Critic Loss: 0.1785 | Grad Norm: 1.1764 | Clipped: 1/4
Epoch [3095/4000] | Avg Makespan: 220.00 | Actor Loss: -0.0046 | Critic Loss: 0.0533 | Grad Norm: 1.5315 | Clipped: 4/4
Epoch [3096/4000] | Avg Makespan: 225.50 | Actor Loss: -0.0024 | Critic Loss: 0.1682 | Grad Norm: 1.8945 | Clipped: 4/4
Epoch [3097/4000] | Avg Makespan: 244.25 | Actor Loss: -0.0036 | Critic Loss: 0.6819 | Grad Norm: 2.6982 | Clipped: 4/4
Epoch [3098/4000] | Avg Makespan: 236.25 | Actor Loss: -0.0021 | Critic Loss: 0.2472 | Grad Norm: 1.4604 | Clipped: 4/4
Epoch [3099/4000] | Avg Makespan: 227.75 | Actor Loss: -0.0030 | Critic Loss: 0.0970 | Grad Norm: 1.6929 | Clipped: 4/4
Epoch [3100/4000] | Avg Makespan: 243.50 | Actor Loss: -0.0042 | Critic Loss: 0.6675 | Grad Norm: 1.8318 | Clipped: 4/4
   -> Validation | Samples: 280 | Makespan: 1001.32 | Invalid Jobs: 0.02 | Score: 1019.18
   -> Saved updated training chart to /home/wei/Desktop/AMR-DFJSP/runs/20260827_084425_v10_B_s42/chart.png
Epoch [3101/4000] | Avg Makespan: 218.75 | Actor Loss: -0.0023 | Critic Loss: 0.1675 | Grad Norm: 2.8096 | Clipped: 4/4
Epoch [3102/4000] | Avg Makespan: 235.25 | Actor Loss: -0.0043 | Critic Loss: 0.6248 | Grad Norm: 1.6204 | Clipped: 4/4
Epoch [3103/4000] | Avg Makespan: 224.50 | Actor Loss: -0.0031 | Critic Loss: 0.1943 | Grad Norm: 1.8849 | Clipped: 4/4
Epoch [3104/4000] | Avg Makespan: 230.50 | Actor Loss: -0.0050 | Critic Loss: 0.1503 | Grad Norm: 1.5805 | Clipped: 4/4
Epoch [3105/4000] | Avg Makespan: 226.50 | Actor Loss: -0.0039 | Critic Loss: 0.3132 | Grad Norm: 1.7095 | Clipped: 4/4
Epoch [3106/4000] | Avg Makespan: 237.75 | Actor Loss: -0.0060 | Critic Loss: 0.1322 | Grad Norm: 2.1099 | Clipped: 4/4
Epoch [3107/4000] | Avg Makespan: 226.25 | Actor Loss: -0.0033 | Critic Loss: 0.1461 | Grad Norm: 1.6053 | Clipped: 3/4
Epoch [3108/4000] | Avg Makespan: 224.50 | Actor Loss: -0.0021 | Critic Loss: 0.3911 | Grad Norm: 1.8031 | Clipped: 4/4
Epoch [3109/4000] | Avg Makespan: 223.50 | Actor Loss: -0.0039 | Critic Loss: 0.1758 | Grad Norm: 1.4970 | Clipped: 4/4
Epoch [3110/4000] | Avg Makespan: 213.00 | Actor Loss: -0.0044 | Critic Loss: 0.0928 | Grad Norm: 2.0473 | Clipped: 4/4
Epoch [3111/4000] | Avg Makespan: 220.75 | Actor Loss: -0.0037 | Critic Loss: 0.1505 | Grad Norm: 2.3885 | Clipped: 4/4
Epoch [3112/4000] | Avg Makespan: 226.50 | Actor Loss: -0.0036 | Critic Loss: 0.1050 | Grad Norm: 2.2348 | Clipped: 4/4
Epoch [3113/4000] | Avg Makespan: 210.50 | Actor Loss: -0.0003 | Critic Loss: 0.0540 | Grad Norm: 4.0107 | Clipped: 4/4
Epoch [3114/4000] | Avg Makespan: 216.25 | Actor Loss: -0.0020 | Critic Loss: 0.0756 | Grad Norm: 2.2998 | Clipped: 4/4
Epoch [3115/4000] | Avg Makespan: 228.25 | Actor Loss: -0.0020 | Critic Loss: 0.1570 | Grad Norm: 7.2733 | Clipped: 4/4
Epoch [3116/4000] | Avg Makespan: 221.50 | Actor Loss: -0.0023 | Critic Loss: 0.2181 | Grad Norm: 1.6048 | Clipped: 3/4
Epoch [3117/4000] | Avg Makespan: 226.25 | Actor Loss: -0.0002 | Critic Loss: 0.1197 | Grad Norm: 3.8093 | Clipped: 4/4
Epoch [3118/4000] | Avg Makespan: 223.75 | Actor Loss: -0.0047 | Critic Loss: 0.1720 | Grad Norm: 1.8174 | Clipped: 4/4
Epoch [3119/4000] | Avg Makespan: 217.50 | Actor Loss: -0.0027 | Critic Loss: 0.1130 | Grad Norm: 1.9193 | Clipped: 4/4
Epoch [3120/4000] | Avg Makespan: 225.50 | Actor Loss: -0.0036 | Critic Loss: 0.4024 | Grad Norm: 1.6875 | Clipped: 4/4
Epoch [3121/4000] | Avg Makespan: 223.75 | Actor Loss: -0.0030 | Critic Loss: 0.0601 | Grad Norm: 1.4205 | Clipped: 4/4
Epoch [3122/4000] | Avg Makespan: 239.25 | Actor Loss: -0.0052 | Critic Loss: 0.4771 | Grad Norm: 1.3211 | Clipped: 3/4
Epoch [3123/4000] | Avg Makespan: 211.50 | Actor Loss: -0.0031 | Critic Loss: 0.0795 | Grad Norm: 1.7064 | Clipped: 4/4
Epoch [3124/4000] | Avg Makespan: 217.75 | Actor Loss: -0.0008 | Critic Loss: 0.0374 | Grad Norm: 1.9499 | Clipped: 4/4
Epoch [3125/4000] | Avg Makespan: 220.00 | Actor Loss: -0.0037 | Critic Loss: 0.3653 | Grad Norm: 2.7690 | Clipped: 4/4
Epoch [3126/4000] | Avg Makespan: 224.75 | Actor Loss: -0.0036 | Critic Loss: 0.1529 | Grad Norm: 1.9600 | Clipped: 3/4
Epoch [3127/4000] | Avg Makespan: 223.00 | Actor Loss: -0.0021 | Critic Loss: 0.2027 | Grad Norm: 1.4466 | Clipped: 4/4
Epoch [3128/4000] | Avg Makespan: 217.50 | Actor Loss: -0.0032 | Critic Loss: 0.2554 | Grad Norm: 1.7006 | Clipped: 4/4
Epoch [3129/4000] | Avg Makespan: 218.25 | Actor Loss: -0.0022 | Critic Loss: 0.1900 | Grad Norm: 1.8987 | Clipped: 3/4
Epoch [3130/4000] | Avg Makespan: 209.75 | Actor Loss: -0.0015 | Critic Loss: 0.0452 | Grad Norm: 2.2278 | Clipped: 4/4
Epoch [3131/4000] | Avg Makespan: 216.75 | Actor Loss: -0.0039 | Critic Loss: 0.0876 | Grad Norm: 1.7074 | Clipped: 4/4
Epoch [3132/4000] | Avg Makespan: 225.25 | Actor Loss: -0.0021 | Critic Loss: 0.2312 | Grad Norm: 1.7751 | Clipped: 4/4
Epoch [3133/4000] | Avg Makespan: 217.00 | Actor Loss: -0.0028 | Critic Loss: 0.0615 | Grad Norm: 2.2021 | Clipped: 4/4
Epoch [3134/4000] | Avg Makespan: 230.25 | Actor Loss: -0.0035 | Critic Loss: 0.1517 | Grad Norm: 2.0044 | Clipped: 4/4
Epoch [3135/4000] | Avg Makespan: 230.50 | Actor Loss: -0.0033 | Critic Loss: 0.2392 | Grad Norm: 2.2855 | Clipped: 4/4
Epoch [3136/4000] | Avg Makespan: 218.75 | Actor Loss: -0.0016 | Critic Loss: 0.1494 | Grad Norm: 3.2955 | Clipped: 4/4
Epoch [3137/4000] | Avg Makespan: 211.00 | Actor Loss: -0.0017 | Critic Loss: 0.0878 | Grad Norm: 3.5292 | Clipped: 4/4
Epoch [3138/4000] | Avg Makespan: 228.50 | Actor Loss: -0.0012 | Critic Loss: 0.4057 | Grad Norm: 2.6269 | Clipped: 4/4
Epoch [3139/4000] | Avg Makespan: 235.00 | Actor Loss: -0.0036 | Critic Loss: 0.3607 | Grad Norm: 2.2321 | Clipped: 4/4
Epoch [3140/4000] | Avg Makespan: 221.00 | Actor Loss: -0.0043 | Critic Loss: 0.1034 | Grad Norm: 1.2281 | Clipped: 3/4
Epoch [3141/4000] | Avg Makespan: 218.00 | Actor Loss: -0.0036 | Critic Loss: 0.1066 | Grad Norm: 0.9862 | Clipped: 2/4
Epoch [3142/4000] | Avg Makespan: 229.50 | Actor Loss: -0.0027 | Critic Loss: 0.2056 | Grad Norm: 1.7174 | Clipped: 4/4
Epoch [3143/4000] | Avg Makespan: 230.50 | Actor Loss: -0.0006 | Critic Loss: 0.2829 | Grad Norm: 6.3868 | Clipped: 4/4
Epoch [3144/4000] | Avg Makespan: 220.50 | Actor Loss: -0.0042 | Critic Loss: 0.1351 | Grad Norm: 1.1256 | Clipped: 2/4
Epoch [3145/4000] | Avg Makespan: 213.00 | Actor Loss: -0.0029 | Critic Loss: 0.1658 | Grad Norm: 3.0723 | Clipped: 4/4
Epoch [3146/4000] | Avg Makespan: 212.50 | Actor Loss: -0.0044 | Critic Loss: 0.0983 | Grad Norm: 2.0813 | Clipped: 4/4
Epoch [3147/4000] | Avg Makespan: 216.75 | Actor Loss: -0.0039 | Critic Loss: 0.1083 | Grad Norm: 2.0705 | Clipped: 3/4
Epoch [3148/4000] | Avg Makespan: 217.75 | Actor Loss: -0.0046 | Critic Loss: 0.1045 | Grad Norm: 1.1491 | Clipped: 2/4
Epoch [3149/4000] | Avg Makespan: 216.25 | Actor Loss: -0.0043 | Critic Loss: 0.0184 | Grad Norm: 1.0714 | Clipped: 2/4
Epoch [3150/4000] | Avg Makespan: 219.50 | Actor Loss: -0.0016 | Critic Loss: 0.3344 | Grad Norm: 2.0565 | Clipped: 4/4
Epoch [3151/4000] | Avg Makespan: 230.75 | Actor Loss: -0.0025 | Critic Loss: 0.4352 | Grad Norm: 2.0198 | Clipped: 4/4
Epoch [3152/4000] | Avg Makespan: 222.50 | Actor Loss: -0.0033 | Critic Loss: 0.1935 | Grad Norm: 1.3773 | Clipped: 4/4
Epoch [3153/4000] | Avg Makespan: 211.00 | Actor Loss: -0.0041 | Critic Loss: 0.1156 | Grad Norm: 1.7704 | Clipped: 4/4
Epoch [3154/4000] | Avg Makespan: 209.25 | Actor Loss: 0.0090 | Critic Loss: 0.0730 | Grad Norm: 6.9553 | Clipped: 4/4
Epoch [3155/4000] | Avg Makespan: 210.00 | Actor Loss: -0.0040 | Critic Loss: 0.0351 | Grad Norm: 2.3941 | Clipped: 3/4
Epoch [3156/4000] | Avg Makespan: 221.50 | Actor Loss: -0.0038 | Critic Loss: 0.0752 | Grad Norm: 1.5063 | Clipped: 3/4
Epoch [3157/4000] | Avg Makespan: 214.50 | Actor Loss: -0.0023 | Critic Loss: 0.0724 | Grad Norm: 1.3351 | Clipped: 3/4
Epoch [3158/4000] | Avg Makespan: 219.50 | Actor Loss: -0.0039 | Critic Loss: 0.2273 | Grad Norm: 1.7733 | Clipped: 4/4
Epoch [3159/4000] | Avg Makespan: 225.00 | Actor Loss: -0.0046 | Critic Loss: 0.3471 | Grad Norm: 1.2933 | Clipped: 2/4
Epoch [3160/4000] | Avg Makespan: 213.25 | Actor Loss: -0.0005 | Critic Loss: 0.0277 | Grad Norm: 3.8759 | Clipped: 4/4
Epoch [3161/4000] | Avg Makespan: 224.00 | Actor Loss: -0.0032 | Critic Loss: 0.2312 | Grad Norm: 2.9613 | Clipped: 4/4
Epoch [3162/4000] | Avg Makespan: 223.25 | Actor Loss: -0.0033 | Critic Loss: 0.1116 | Grad Norm: 2.2771 | Clipped: 4/4
Epoch [3163/4000] | Avg Makespan: 216.75 | Actor Loss: -0.0049 | Critic Loss: 0.0441 | Grad Norm: 3.7685 | Clipped: 4/4
Epoch [3164/4000] | Avg Makespan: 210.75 | Actor Loss: -0.0047 | Critic Loss: 0.0688 | Grad Norm: 1.1753 | Clipped: 3/4
Epoch [3165/4000] | Avg Makespan: 217.75 | Actor Loss: -0.0001 | Critic Loss: 0.2167 | Grad Norm: 2.2139 | Clipped: 4/4
Epoch [3166/4000] | Avg Makespan: 222.00 | Actor Loss: -0.0025 | Critic Loss: 0.2224 | Grad Norm: 1.7508 | Clipped: 4/4
Epoch [3167/4000] | Avg Makespan: 222.00 | Actor Loss: -0.0033 | Critic Loss: 0.2362 | Grad Norm: 2.7368 | Clipped: 4/4
Epoch [3168/4000] | Avg Makespan: 224.00 | Actor Loss: -0.0021 | Critic Loss: 0.1180 | Grad Norm: 1.9423 | Clipped: 4/4
Epoch [3169/4000] | Avg Makespan: 207.25 | Actor Loss: -0.0032 | Critic Loss: 0.1107 | Grad Norm: 2.2102 | Clipped: 4/4
Epoch [3170/4000] | Avg Makespan: 213.75 | Actor Loss: -0.0019 | Critic Loss: 0.0919 | Grad Norm: 2.1881 | Clipped: 4/4
Epoch [3171/4000] | Avg Makespan: 212.75 | Actor Loss: -0.0023 | Critic Loss: 0.0327 | Grad Norm: 1.8614 | Clipped: 4/4
Epoch [3172/4000] | Avg Makespan: 220.25 | Actor Loss: -0.0037 | Critic Loss: 0.0495 | Grad Norm: 1.7419 | Clipped: 3/4
Epoch [3173/4000] | Avg Makespan: 232.00 | Actor Loss: -0.0032 | Critic Loss: 0.4563 | Grad Norm: 1.7137 | Clipped: 4/4
Epoch [3174/4000] | Avg Makespan: 210.25 | Actor Loss: -0.0036 | Critic Loss: 0.0680 | Grad Norm: 1.4415 | Clipped: 4/4
Epoch [3175/4000] | Avg Makespan: 232.25 | Actor Loss: -0.0014 | Critic Loss: 0.2919 | Grad Norm: 2.8544 | Clipped: 4/4
Epoch [3176/4000] | Avg Makespan: 211.50 | Actor Loss: -0.0046 | Critic Loss: 0.0534 | Grad Norm: 1.3092 | Clipped: 3/4
Epoch [3177/4000] | Avg Makespan: 230.50 | Actor Loss: -0.0008 | Critic Loss: 0.3952 | Grad Norm: 2.1393 | Clipped: 4/4
Epoch [3178/4000] | Avg Makespan: 219.50 | Actor Loss: -0.0027 | Critic Loss: 0.1873 | Grad Norm: 2.7674 | Clipped: 4/4
Epoch [3179/4000] | Avg Makespan: 230.00 | Actor Loss: -0.0040 | Critic Loss: 0.2821 | Grad Norm: 1.5848 | Clipped: 4/4
Epoch [3180/4000] | Avg Makespan: 211.50 | Actor Loss: -0.0042 | Critic Loss: 0.1164 | Grad Norm: 2.9175 | Clipped: 4/4
Epoch [3181/4000] | Avg Makespan: 213.50 | Actor Loss: -0.0017 | Critic Loss: 0.0925 | Grad Norm: 2.6702 | Clipped: 4/4
Epoch [3182/4000] | Avg Makespan: 210.00 | Actor Loss: -0.0028 | Critic Loss: 0.2209 | Grad Norm: 1.8408 | Clipped: 4/4
Epoch [3183/4000] | Avg Makespan: 230.75 | Actor Loss: 0.0003 | Critic Loss: 0.5649 | Grad Norm: 3.5146 | Clipped: 4/4
Epoch [3184/4000] | Avg Makespan: 221.75 | Actor Loss: -0.0037 | Critic Loss: 0.0529 | Grad Norm: 2.3203 | Clipped: 4/4
Epoch [3185/4000] | Avg Makespan: 213.75 | Actor Loss: -0.0015 | Critic Loss: 0.0335 | Grad Norm: 5.2972 | Clipped: 4/4
Epoch [3186/4000] | Avg Makespan: 220.50 | Actor Loss: -0.0039 | Critic Loss: 0.1467 | Grad Norm: 1.4229 | Clipped: 4/4
Epoch [3187/4000] | Avg Makespan: 218.50 | Actor Loss: -0.0028 | Critic Loss: 0.3176 | Grad Norm: 1.5487 | Clipped: 4/4
Epoch [3188/4000] | Avg Makespan: 211.75 | Actor Loss: -0.0011 | Critic Loss: 0.0675 | Grad Norm: 2.0598 | Clipped: 4/4
Epoch [3189/4000] | Avg Makespan: 217.75 | Actor Loss: -0.0057 | Critic Loss: 0.1451 | Grad Norm: 2.0618 | Clipped: 3/4
Epoch [3190/4000] | Avg Makespan: 221.50 | Actor Loss: -0.0047 | Critic Loss: 0.1649 | Grad Norm: 1.0755 | Clipped: 2/4
Epoch [3191/4000] | Avg Makespan: 210.00 | Actor Loss: -0.0012 | Critic Loss: 0.0626 | Grad Norm: 2.2036 | Clipped: 2/4
Epoch [3192/4000] | Avg Makespan: 227.25 | Actor Loss: -0.0056 | Critic Loss: 0.4649 | Grad Norm: 1.9341 | Clipped: 4/4
Epoch [3193/4000] | Avg Makespan: 218.00 | Actor Loss: -0.0040 | Critic Loss: 0.0852 | Grad Norm: 1.0821 | Clipped: 2/4
Epoch [3194/4000] | Avg Makespan: 210.75 | Actor Loss: -0.0049 | Critic Loss: 0.1187 | Grad Norm: 1.7725 | Clipped: 4/4
Epoch [3195/4000] | Avg Makespan: 233.25 | Actor Loss: -0.0049 | Critic Loss: 0.1254 | Grad Norm: 1.0972 | Clipped: 2/4
Epoch [3196/4000] | Avg Makespan: 215.50 | Actor Loss: -0.0027 | Critic Loss: 0.0211 | Grad Norm: 2.7642 | Clipped: 4/4
Epoch [3197/4000] | Avg Makespan: 211.00 | Actor Loss: -0.0050 | Critic Loss: 0.0695 | Grad Norm: 1.7826 | Clipped: 4/4
Epoch [3198/4000] | Avg Makespan: 221.25 | Actor Loss: -0.0031 | Critic Loss: 0.3230 | Grad Norm: 2.2979 | Clipped: 4/4
Epoch [3199/4000] | Avg Makespan: 227.00 | Actor Loss: -0.0034 | Critic Loss: 0.5318 | Grad Norm: 1.7507 | Clipped: 4/4
Epoch [3200/4000] | Avg Makespan: 217.50 | Actor Loss: -0.0030 | Critic Loss: 0.1188 | Grad Norm: 1.3462 | Clipped: 4/4
   -> Validation | Samples: 280 | Makespan: 1061.35 | Invalid Jobs: 0.01 | Score: 1068.50
   -> Saved updated training chart to /home/wei/Desktop/AMR-DFJSP/runs/20260827_084425_v10_B_s42/chart.png
Epoch [3201/4000] | Avg Makespan: 219.25 | Actor Loss: -0.0040 | Critic Loss: 0.0865 | Grad Norm: 1.5475 | Clipped: 3/4
Epoch [3202/4000] | Avg Makespan: 220.25 | Actor Loss: -0.0014 | Critic Loss: 0.3698 | Grad Norm: 2.8632 | Clipped: 4/4
Epoch [3203/4000] | Avg Makespan: 212.75 | Actor Loss: -0.0032 | Critic Loss: 0.0482 | Grad Norm: 1.5077 | Clipped: 4/4
Epoch [3204/4000] | Avg Makespan: 224.50 | Actor Loss: -0.0076 | Critic Loss: 0.1973 | Grad Norm: 1.5644 | Clipped: 4/4
Epoch [3205/4000] | Avg Makespan: 237.00 | Actor Loss: -0.0050 | Critic Loss: 0.6454 | Grad Norm: 1.8033 | Clipped: 4/4
Epoch [3206/4000] | Avg Makespan: 215.00 | Actor Loss: -0.0029 | Critic Loss: 0.0692 | Grad Norm: 1.8657 | Clipped: 4/4
Epoch [3207/4000] | Avg Makespan: 226.25 | Actor Loss: -0.0011 | Critic Loss: 0.2859 | Grad Norm: 2.7626 | Clipped: 4/4
Epoch [3208/4000] | Avg Makespan: 212.75 | Actor Loss: -0.0042 | Critic Loss: 0.0881 | Grad Norm: 2.4023 | Clipped: 4/4
Epoch [3209/4000] | Avg Makespan: 234.75 | Actor Loss: -0.0024 | Critic Loss: 0.5042 | Grad Norm: 2.3034 | Clipped: 4/4
Epoch [3210/4000] | Avg Makespan: 237.75 | Actor Loss: -0.0046 | Critic Loss: 0.6018 | Grad Norm: 2.0629 | Clipped: 4/4
Epoch [3211/4000] | Avg Makespan: 214.25 | Actor Loss: -0.0032 | Critic Loss: 0.0978 | Grad Norm: 1.7977 | Clipped: 4/4
Epoch [3212/4000] | Avg Makespan: 211.50 | Actor Loss: -0.0025 | Critic Loss: 0.1218 | Grad Norm: 2.3537 | Clipped: 4/4
Epoch [3213/4000] | Avg Makespan: 218.50 | Actor Loss: -0.0039 | Critic Loss: 0.1272 | Grad Norm: 1.5827 | Clipped: 4/4
Epoch [3214/4000] | Avg Makespan: 225.25 | Actor Loss: -0.0027 | Critic Loss: 0.1999 | Grad Norm: 1.9818 | Clipped: 4/4
Epoch [3215/4000] | Avg Makespan: 208.50 | Actor Loss: -0.0052 | Critic Loss: 0.0554 | Grad Norm: 2.1673 | Clipped: 4/4
Epoch [3216/4000] | Avg Makespan: 208.50 | Actor Loss: -0.0023 | Critic Loss: 0.0762 | Grad Norm: 1.6066 | Clipped: 4/4
Epoch [3217/4000] | Avg Makespan: 209.75 | Actor Loss: -0.0043 | Critic Loss: 0.0361 | Grad Norm: 1.7533 | Clipped: 4/4
Epoch [3218/4000] | Avg Makespan: 215.75 | Actor Loss: -0.0038 | Critic Loss: 0.1150 | Grad Norm: 1.8972 | Clipped: 4/4
Epoch [3219/4000] | Avg Makespan: 219.25 | Actor Loss: -0.0017 | Critic Loss: 0.2376 | Grad Norm: 3.4490 | Clipped: 4/4
Epoch [3220/4000] | Avg Makespan: 228.25 | Actor Loss: -0.0034 | Critic Loss: 0.2230 | Grad Norm: 1.7197 | Clipped: 4/4
Epoch [3221/4000] | Avg Makespan: 220.50 | Actor Loss: -0.0036 | Critic Loss: 0.0962 | Grad Norm: 2.1232 | Clipped: 4/4
Epoch [3222/4000] | Avg Makespan: 209.00 | Actor Loss: -0.0022 | Critic Loss: 0.0397 | Grad Norm: 1.9854 | Clipped: 4/4
Epoch [3223/4000] | Avg Makespan: 229.00 | Actor Loss: -0.0024 | Critic Loss: 0.3983 | Grad Norm: 3.2706 | Clipped: 4/4
Epoch [3224/4000] | Avg Makespan: 225.75 | Actor Loss: -0.0012 | Critic Loss: 0.3413 | Grad Norm: 4.1990 | Clipped: 4/4
Epoch [3225/4000] | Avg Makespan: 227.75 | Actor Loss: -0.0048 | Critic Loss: 0.2448 | Grad Norm: 1.3391 | Clipped: 3/4
Epoch [3226/4000] | Avg Makespan: 226.75 | Actor Loss: -0.0046 | Critic Loss: 0.3418 | Grad Norm: 1.4575 | Clipped: 4/4
Epoch [3227/4000] | Avg Makespan: 221.50 | Actor Loss: -0.0024 | Critic Loss: 0.0887 | Grad Norm: 2.0509 | Clipped: 4/4
Epoch [3228/4000] | Avg Makespan: 223.00 | Actor Loss: -0.0005 | Critic Loss: 0.2110 | Grad Norm: 4.0986 | Clipped: 4/4
Epoch [3229/4000] | Avg Makespan: 210.50 | Actor Loss: -0.0003 | Critic Loss: 0.0729 | Grad Norm: 4.0963 | Clipped: 4/4
Epoch [3230/4000] | Avg Makespan: 220.00 | Actor Loss: -0.0032 | Critic Loss: 0.2824 | Grad Norm: 1.5819 | Clipped: 2/4
Epoch [3231/4000] | Avg Makespan: 210.00 | Actor Loss: -0.0020 | Critic Loss: 0.0681 | Grad Norm: 2.9708 | Clipped: 4/4
Epoch [3232/4000] | Avg Makespan: 213.00 | Actor Loss: -0.0018 | Critic Loss: 0.3026 | Grad Norm: 1.8123 | Clipped: 4/4
Epoch [3233/4000] | Avg Makespan: 211.75 | Actor Loss: -0.0012 | Critic Loss: 0.1044 | Grad Norm: 2.6237 | Clipped: 4/4
Epoch [3234/4000] | Avg Makespan: 211.00 | Actor Loss: -0.0016 | Critic Loss: 0.0666 | Grad Norm: 3.3914 | Clipped: 4/4
Epoch [3235/4000] | Avg Makespan: 210.50 | Actor Loss: -0.0044 | Critic Loss: 0.0425 | Grad Norm: 1.4401 | Clipped: 3/4
Epoch [3236/4000] | Avg Makespan: 212.75 | Actor Loss: -0.0033 | Critic Loss: 0.0320 | Grad Norm: 1.9895 | Clipped: 3/4
Epoch [3237/4000] | Avg Makespan: 228.75 | Actor Loss: -0.0043 | Critic Loss: 0.6195 | Grad Norm: 2.7461 | Clipped: 4/4
Epoch [3238/4000] | Avg Makespan: 209.25 | Actor Loss: -0.0012 | Critic Loss: 0.0197 | Grad Norm: 2.4898 | Clipped: 4/4
Epoch [3239/4000] | Avg Makespan: 214.75 | Actor Loss: -0.0051 | Critic Loss: 0.0671 | Grad Norm: 1.6511 | Clipped: 4/4
Epoch [3240/4000] | Avg Makespan: 223.25 | Actor Loss: -0.0054 | Critic Loss: 0.2685 | Grad Norm: 2.2508 | Clipped: 4/4
Epoch [3241/4000] | Avg Makespan: 209.25 | Actor Loss: -0.0042 | Critic Loss: 0.0596 | Grad Norm: 1.4168 | Clipped: 2/4
Epoch [3242/4000] | Avg Makespan: 215.50 | Actor Loss: -0.0025 | Critic Loss: 0.0292 | Grad Norm: 2.3372 | Clipped: 4/4
Epoch [3243/4000] | Avg Makespan: 212.75 | Actor Loss: -0.0045 | Critic Loss: 0.0299 | Grad Norm: 1.8644 | Clipped: 4/4
Epoch [3244/4000] | Avg Makespan: 228.50 | Actor Loss: -0.0023 | Critic Loss: 0.2664 | Grad Norm: 2.1103 | Clipped: 4/4
Epoch [3245/4000] | Avg Makespan: 223.75 | Actor Loss: -0.0025 | Critic Loss: 0.2785 | Grad Norm: 1.4095 | Clipped: 2/4
Epoch [3246/4000] | Avg Makespan: 213.00 | Actor Loss: -0.0016 | Critic Loss: 0.0883 | Grad Norm: 2.7507 | Clipped: 4/4
Epoch [3247/4000] | Avg Makespan: 216.00 | Actor Loss: -0.0023 | Critic Loss: 0.0545 | Grad Norm: 1.9030 | Clipped: 4/4
Epoch [3248/4000] | Avg Makespan: 215.25 | Actor Loss: -0.0023 | Critic Loss: 0.0580 | Grad Norm: 3.6719 | Clipped: 4/4
Epoch [3249/4000] | Avg Makespan: 223.75 | Actor Loss: -0.0030 | Critic Loss: 0.2998 | Grad Norm: 2.4784 | Clipped: 4/4
Epoch [3250/4000] | Avg Makespan: 219.75 | Actor Loss: -0.0049 | Critic Loss: 0.1339 | Grad Norm: 1.3235 | Clipped: 4/4
Epoch [3251/4000] | Avg Makespan: 213.25 | Actor Loss: -0.0032 | Critic Loss: 0.0898 | Grad Norm: 1.8130 | Clipped: 4/4
Epoch [3252/4000] | Avg Makespan: 218.25 | Actor Loss: -0.0038 | Critic Loss: 0.2274 | Grad Norm: 1.4146 | Clipped: 4/4
Epoch [3253/4000] | Avg Makespan: 211.25 | Actor Loss: -0.0027 | Critic Loss: 0.0352 | Grad Norm: 1.4756 | Clipped: 4/4
Epoch [3254/4000] | Avg Makespan: 218.50 | Actor Loss: -0.0038 | Critic Loss: 0.1438 | Grad Norm: 1.1875 | Clipped: 2/4
Epoch [3255/4000] | Avg Makespan: 220.00 | Actor Loss: -0.0026 | Critic Loss: 0.0998 | Grad Norm: 1.6376 | Clipped: 3/4
Epoch [3256/4000] | Avg Makespan: 216.75 | Actor Loss: -0.0002 | Critic Loss: 0.1230 | Grad Norm: 5.9890 | Clipped: 4/4
Epoch [3257/4000] | Avg Makespan: 229.00 | Actor Loss: -0.0032 | Critic Loss: 0.4496 | Grad Norm: 2.2521 | Clipped: 4/4
Epoch [3258/4000] | Avg Makespan: 208.50 | Actor Loss: -0.0027 | Critic Loss: 0.0463 | Grad Norm: 1.3897 | Clipped: 3/4
Epoch [3259/4000] | Avg Makespan: 211.00 | Actor Loss: -0.0055 | Critic Loss: 0.0372 | Grad Norm: 1.5341 | Clipped: 4/4
Epoch [3260/4000] | Avg Makespan: 239.00 | Actor Loss: -0.0031 | Critic Loss: 0.8287 | Grad Norm: 2.7090 | Clipped: 4/4
Epoch [3261/4000] | Avg Makespan: 224.75 | Actor Loss: -0.0057 | Critic Loss: 0.1332 | Grad Norm: 1.2934 | Clipped: 4/4
Epoch [3262/4000] | Avg Makespan: 230.25 | Actor Loss: -0.0038 | Critic Loss: 0.2021 | Grad Norm: 1.7695 | Clipped: 3/4
Epoch [3263/4000] | Avg Makespan: 214.00 | Actor Loss: -0.0003 | Critic Loss: 0.1972 | Grad Norm: 4.0952 | Clipped: 4/4
Epoch [3264/4000] | Avg Makespan: 235.00 | Actor Loss: -0.0017 | Critic Loss: 0.5249 | Grad Norm: 2.8410 | Clipped: 4/4
Epoch [3265/4000] | Avg Makespan: 219.25 | Actor Loss: -0.0036 | Critic Loss: 0.1148 | Grad Norm: 2.3550 | Clipped: 4/4
Epoch [3266/4000] | Avg Makespan: 220.00 | Actor Loss: -0.0026 | Critic Loss: 0.2414 | Grad Norm: 1.8091 | Clipped: 4/4
Epoch [3267/4000] | Avg Makespan: 225.25 | Actor Loss: -0.0037 | Critic Loss: 0.2445 | Grad Norm: 1.7293 | Clipped: 4/4
Epoch [3268/4000] | Avg Makespan: 219.75 | Actor Loss: -0.0033 | Critic Loss: 0.2775 | Grad Norm: 2.0896 | Clipped: 4/4
Epoch [3269/4000] | Avg Makespan: 235.50 | Actor Loss: -0.0037 | Critic Loss: 0.4912 | Grad Norm: 2.3535 | Clipped: 4/4
Epoch [3270/4000] | Avg Makespan: 212.75 | Actor Loss: -0.0048 | Critic Loss: 0.0616 | Grad Norm: 1.0588 | Clipped: 2/4
Epoch [3271/4000] | Avg Makespan: 224.00 | Actor Loss: -0.0024 | Critic Loss: 0.1999 | Grad Norm: 4.6043 | Clipped: 4/4
Epoch [3272/4000] | Avg Makespan: 222.75 | Actor Loss: -0.0043 | Critic Loss: 0.1958 | Grad Norm: 2.0256 | Clipped: 4/4
Epoch [3273/4000] | Avg Makespan: 218.00 | Actor Loss: -0.0041 | Critic Loss: 0.1026 | Grad Norm: 1.5491 | Clipped: 4/4
Epoch [3274/4000] | Avg Makespan: 220.25 | Actor Loss: 0.0006 | Critic Loss: 0.1205 | Grad Norm: 3.3837 | Clipped: 4/4
Epoch [3275/4000] | Avg Makespan: 215.25 | Actor Loss: -0.0056 | Critic Loss: 0.0742 | Grad Norm: 1.7163 | Clipped: 4/4
Epoch [3276/4000] | Avg Makespan: 239.00 | Actor Loss: -0.0004 | Critic Loss: 0.4933 | Grad Norm: 3.2027 | Clipped: 4/4
Epoch [3277/4000] | Avg Makespan: 219.00 | Actor Loss: -0.0029 | Critic Loss: 0.0798 | Grad Norm: 3.2182 | Clipped: 4/4
Epoch [3278/4000] | Avg Makespan: 233.00 | Actor Loss: -0.0031 | Critic Loss: 0.4053 | Grad Norm: 2.4307 | Clipped: 4/4
Epoch [3279/4000] | Avg Makespan: 215.25 | Actor Loss: -0.0038 | Critic Loss: 0.1121 | Grad Norm: 2.4531 | Clipped: 4/4
Epoch [3280/4000] | Avg Makespan: 225.00 | Actor Loss: -0.0049 | Critic Loss: 0.4380 | Grad Norm: 1.2603 | Clipped: 3/4
Epoch [3281/4000] | Avg Makespan: 250.25 | Actor Loss: -0.0041 | Critic Loss: 1.4044 | Grad Norm: 2.1716 | Clipped: 4/4
Epoch [3282/4000] | Avg Makespan: 222.00 | Actor Loss: -0.0027 | Critic Loss: 0.2304 | Grad Norm: 1.5287 | Clipped: 4/4
Epoch [3283/4000] | Avg Makespan: 224.50 | Actor Loss: -0.0024 | Critic Loss: 0.1946 | Grad Norm: 2.1453 | Clipped: 4/4
Epoch [3284/4000] | Avg Makespan: 215.00 | Actor Loss: -0.0041 | Critic Loss: 0.1596 | Grad Norm: 1.7695 | Clipped: 4/4
Epoch [3285/4000] | Avg Makespan: 218.75 | Actor Loss: -0.0024 | Critic Loss: 0.0504 | Grad Norm: 3.1437 | Clipped: 4/4
Epoch [3286/4000] | Avg Makespan: 223.50 | Actor Loss: -0.0043 | Critic Loss: 0.3071 | Grad Norm: 1.9181 | Clipped: 4/4
Epoch [3287/4000] | Avg Makespan: 216.25 | Actor Loss: -0.0030 | Critic Loss: 0.1451 | Grad Norm: 1.5868 | Clipped: 4/4
Epoch [3288/4000] | Avg Makespan: 211.25 | Actor Loss: -0.0034 | Critic Loss: 0.0619 | Grad Norm: 1.7611 | Clipped: 4/4
Epoch [3289/4000] | Avg Makespan: 211.75 | Actor Loss: -0.0028 | Critic Loss: 0.0428 | Grad Norm: 1.4862 | Clipped: 4/4
Epoch [3290/4000] | Avg Makespan: 219.00 | Actor Loss: -0.0047 | Critic Loss: 0.1107 | Grad Norm: 2.0830 | Clipped: 4/4
Epoch [3291/4000] | Avg Makespan: 224.75 | Actor Loss: -0.0034 | Critic Loss: 0.5138 | Grad Norm: 1.4541 | Clipped: 4/4
Epoch [3292/4000] | Avg Makespan: 226.50 | Actor Loss: -0.0050 | Critic Loss: 0.4272 | Grad Norm: 1.7222 | Clipped: 4/4
Epoch [3293/4000] | Avg Makespan: 211.75 | Actor Loss: -0.0023 | Critic Loss: 0.0244 | Grad Norm: 1.9842 | Clipped: 4/4
Epoch [3294/4000] | Avg Makespan: 216.00 | Actor Loss: -0.0033 | Critic Loss: 0.1231 | Grad Norm: 1.2095 | Clipped: 3/4
Epoch [3295/4000] | Avg Makespan: 214.75 | Actor Loss: -0.0014 | Critic Loss: 0.0881 | Grad Norm: 4.3007 | Clipped: 4/4
Epoch [3296/4000] | Avg Makespan: 219.50 | Actor Loss: -0.0040 | Critic Loss: 0.0480 | Grad Norm: 1.4979 | Clipped: 4/4
Epoch [3297/4000] | Avg Makespan: 214.50 | Actor Loss: -0.0019 | Critic Loss: 0.0544 | Grad Norm: 1.5281 | Clipped: 4/4
Epoch [3298/4000] | Avg Makespan: 223.75 | Actor Loss: -0.0026 | Critic Loss: 0.3590 | Grad Norm: 1.6574 | Clipped: 4/4
Epoch [3299/4000] | Avg Makespan: 213.25 | Actor Loss: -0.0015 | Critic Loss: 0.0428 | Grad Norm: 3.6380 | Clipped: 4/4
Epoch [3300/4000] | Avg Makespan: 216.25 | Actor Loss: -0.0019 | Critic Loss: 0.0827 | Grad Norm: 1.7363 | Clipped: 4/4
   -> Validation | Samples: 280 | Makespan: 999.50 | Invalid Jobs: 0.01 | Score: 1013.78
   -> Saved updated training chart to /home/wei/Desktop/AMR-DFJSP/runs/20260827_084425_v10_B_s42/chart.png
Epoch [3301/4000] | Avg Makespan: 221.00 | Actor Loss: -0.0043 | Critic Loss: 0.1900 | Grad Norm: 1.7739 | Clipped: 4/4
Epoch [3302/4000] | Avg Makespan: 219.75 | Actor Loss: -0.0044 | Critic Loss: 0.1274 | Grad Norm: 1.6841 | Clipped: 4/4
Epoch [3303/4000] | Avg Makespan: 216.50 | Actor Loss: -0.0018 | Critic Loss: 0.0567 | Grad Norm: 2.6500 | Clipped: 4/4
Epoch [3304/4000] | Avg Makespan: 221.75 | Actor Loss: -0.0029 | Critic Loss: 0.1146 | Grad Norm: 2.1920 | Clipped: 4/4
Epoch [3305/4000] | Avg Makespan: 215.00 | Actor Loss: -0.0058 | Critic Loss: 0.0439 | Grad Norm: 1.5265 | Clipped: 4/4
Epoch [3306/4000] | Avg Makespan: 229.75 | Actor Loss: -0.0027 | Critic Loss: 0.2271 | Grad Norm: 1.6656 | Clipped: 4/4
Epoch [3307/4000] | Avg Makespan: 220.75 | Actor Loss: -0.0037 | Critic Loss: 0.1133 | Grad Norm: 1.5271 | Clipped: 4/4
Epoch [3308/4000] | Avg Makespan: 212.50 | Actor Loss: -0.0037 | Critic Loss: 0.1015 | Grad Norm: 2.1906 | Clipped: 4/4
Epoch [3309/4000] | Avg Makespan: 215.75 | Actor Loss: -0.0036 | Critic Loss: 0.0859 | Grad Norm: 1.1768 | Clipped: 3/4
Epoch [3310/4000] | Avg Makespan: 217.75 | Actor Loss: -0.0031 | Critic Loss: 0.0605 | Grad Norm: 1.4019 | Clipped: 3/4
Epoch [3311/4000] | Avg Makespan: 216.00 | Actor Loss: -0.0035 | Critic Loss: 0.0333 | Grad Norm: 1.5494 | Clipped: 4/4
Epoch [3312/4000] | Avg Makespan: 228.00 | Actor Loss: -0.0040 | Critic Loss: 0.1582 | Grad Norm: 1.4357 | Clipped: 4/4
Epoch [3313/4000] | Avg Makespan: 211.50 | Actor Loss: -0.0032 | Critic Loss: 0.0792 | Grad Norm: 1.9691 | Clipped: 4/4
Epoch [3314/4000] | Avg Makespan: 223.25 | Actor Loss: -0.0032 | Critic Loss: 0.2781 | Grad Norm: 1.1443 | Clipped: 2/4
Epoch [3315/4000] | Avg Makespan: 224.25 | Actor Loss: -0.0032 | Critic Loss: 0.1589 | Grad Norm: 1.6099 | Clipped: 4/4
Epoch [3316/4000] | Avg Makespan: 218.50 | Actor Loss: -0.0023 | Critic Loss: 0.0630 | Grad Norm: 1.7721 | Clipped: 4/4
Epoch [3317/4000] | Avg Makespan: 224.25 | Actor Loss: -0.0042 | Critic Loss: 0.1195 | Grad Norm: 1.4405 | Clipped: 4/4
Epoch [3318/4000] | Avg Makespan: 233.50 | Actor Loss: -0.0035 | Critic Loss: 0.1889 | Grad Norm: 1.5049 | Clipped: 4/4
Epoch [3319/4000] | Avg Makespan: 222.75 | Actor Loss: -0.0053 | Critic Loss: 0.0528 | Grad Norm: 2.0199 | Clipped: 4/4
Epoch [3320/4000] | Avg Makespan: 227.50 | Actor Loss: -0.0023 | Critic Loss: 0.2128 | Grad Norm: 1.6026 | Clipped: 4/4
Epoch [3321/4000] | Avg Makespan: 219.00 | Actor Loss: -0.0034 | Critic Loss: 0.1826 | Grad Norm: 1.6764 | Clipped: 4/4
Epoch [3322/4000] | Avg Makespan: 223.75 | Actor Loss: -0.0036 | Critic Loss: 0.1494 | Grad Norm: 4.2207 | Clipped: 4/4
Epoch [3323/4000] | Avg Makespan: 215.75 | Actor Loss: -0.0036 | Critic Loss: 0.1072 | Grad Norm: 2.2280 | Clipped: 4/4
Epoch [3324/4000] | Avg Makespan: 214.50 | Actor Loss: -0.0015 | Critic Loss: 0.0523 | Grad Norm: 3.2062 | Clipped: 4/4
Epoch [3325/4000] | Avg Makespan: 211.00 | Actor Loss: -0.0036 | Critic Loss: 0.0328 | Grad Norm: 1.3829 | Clipped: 4/4
Epoch [3326/4000] | Avg Makespan: 211.00 | Actor Loss: -0.0018 | Critic Loss: 0.0291 | Grad Norm: 1.9554 | Clipped: 4/4
Epoch [3327/4000] | Avg Makespan: 218.00 | Actor Loss: -0.0034 | Critic Loss: 0.1047 | Grad Norm: 2.2751 | Clipped: 4/4
Epoch [3328/4000] | Avg Makespan: 214.50 | Actor Loss: -0.0031 | Critic Loss: 0.0440 | Grad Norm: 1.6702 | Clipped: 2/4
Epoch [3329/4000] | Avg Makespan: 218.00 | Actor Loss: -0.0041 | Critic Loss: 0.0648 | Grad Norm: 1.1902 | Clipped: 2/4
Epoch [3330/4000] | Avg Makespan: 219.50 | Actor Loss: -0.0022 | Critic Loss: 0.0531 | Grad Norm: 2.1701 | Clipped: 4/4
Epoch [3331/4000] | Avg Makespan: 212.25 | Actor Loss: -0.0049 | Critic Loss: 0.0237 | Grad Norm: 1.1840 | Clipped: 3/4
Epoch [3332/4000] | Avg Makespan: 224.25 | Actor Loss: -0.0017 | Critic Loss: 0.3174 | Grad Norm: 2.1474 | Clipped: 4/4
Epoch [3333/4000] | Avg Makespan: 216.75 | Actor Loss: -0.0042 | Critic Loss: 0.0290 | Grad Norm: 1.5650 | Clipped: 3/4
Epoch [3334/4000] | Avg Makespan: 215.50 | Actor Loss: -0.0033 | Critic Loss: 0.0605 | Grad Norm: 1.2211 | Clipped: 2/4
Epoch [3335/4000] | Avg Makespan: 220.25 | Actor Loss: -0.0028 | Critic Loss: 0.0443 | Grad Norm: 1.4775 | Clipped: 2/4
Epoch [3336/4000] | Avg Makespan: 217.75 | Actor Loss: -0.0023 | Critic Loss: 0.0680 | Grad Norm: 3.3135 | Clipped: 4/4
Epoch [3337/4000] | Avg Makespan: 237.50 | Actor Loss: -0.0038 | Critic Loss: 0.5022 | Grad Norm: 2.8360 | Clipped: 4/4
Epoch [3338/4000] | Avg Makespan: 224.00 | Actor Loss: -0.0027 | Critic Loss: 0.1587 | Grad Norm: 2.7589 | Clipped: 4/4
Epoch [3339/4000] | Avg Makespan: 229.25 | Actor Loss: -0.0024 | Critic Loss: 0.2712 | Grad Norm: 1.9140 | Clipped: 4/4
Epoch [3340/4000] | Avg Makespan: 214.75 | Actor Loss: -0.0035 | Critic Loss: 0.0544 | Grad Norm: 1.8565 | Clipped: 4/4
Epoch [3341/4000] | Avg Makespan: 228.25 | Actor Loss: -0.0039 | Critic Loss: 0.1408 | Grad Norm: 1.0281 | Clipped: 1/4
Epoch [3342/4000] | Avg Makespan: 215.75 | Actor Loss: -0.0026 | Critic Loss: 0.1935 | Grad Norm: 2.2319 | Clipped: 4/4
Epoch [3343/4000] | Avg Makespan: 220.00 | Actor Loss: -0.0021 | Critic Loss: 0.1023 | Grad Norm: 1.8133 | Clipped: 4/4
Epoch [3344/4000] | Avg Makespan: 223.25 | Actor Loss: -0.0043 | Critic Loss: 0.1229 | Grad Norm: 1.7227 | Clipped: 4/4
Epoch [3345/4000] | Avg Makespan: 215.00 | Actor Loss: -0.0035 | Critic Loss: 0.0848 | Grad Norm: 1.9899 | Clipped: 4/4
Epoch [3346/4000] | Avg Makespan: 212.75 | Actor Loss: -0.0012 | Critic Loss: 0.0446 | Grad Norm: 2.4604 | Clipped: 4/4
Epoch [3347/4000] | Avg Makespan: 224.00 | Actor Loss: -0.0049 | Critic Loss: 0.2598 | Grad Norm: 1.1217 | Clipped: 3/4
Epoch [3348/4000] | Avg Makespan: 211.25 | Actor Loss: -0.0033 | Critic Loss: 0.0584 | Grad Norm: 1.5616 | Clipped: 4/4
Epoch [3349/4000] | Avg Makespan: 216.75 | Actor Loss: -0.0017 | Critic Loss: 0.0571 | Grad Norm: 2.9984 | Clipped: 4/4
Epoch [3350/4000] | Avg Makespan: 227.25 | Actor Loss: -0.0022 | Critic Loss: 0.2365 | Grad Norm: 1.6306 | Clipped: 4/4
Epoch [3351/4000] | Avg Makespan: 222.00 | Actor Loss: -0.0032 | Critic Loss: 0.3986 | Grad Norm: 1.3972 | Clipped: 4/4
Epoch [3352/4000] | Avg Makespan: 235.00 | Actor Loss: -0.0030 | Critic Loss: 0.5408 | Grad Norm: 1.9714 | Clipped: 4/4
Epoch [3353/4000] | Avg Makespan: 226.25 | Actor Loss: -0.0017 | Critic Loss: 0.3551 | Grad Norm: 1.7362 | Clipped: 4/4
Epoch [3354/4000] | Avg Makespan: 215.50 | Actor Loss: -0.0053 | Critic Loss: 0.0855 | Grad Norm: 1.5294 | Clipped: 4/4
Epoch [3355/4000] | Avg Makespan: 215.00 | Actor Loss: -0.0025 | Critic Loss: 0.0738 | Grad Norm: 2.5363 | Clipped: 4/4
Epoch [3356/4000] | Avg Makespan: 211.25 | Actor Loss: -0.0027 | Critic Loss: 0.1021 | Grad Norm: 1.2369 | Clipped: 4/4
Epoch [3357/4000] | Avg Makespan: 213.75 | Actor Loss: -0.0052 | Critic Loss: 0.0807 | Grad Norm: 1.5760 | Clipped: 4/4
Epoch [3358/4000] | Avg Makespan: 220.75 | Actor Loss: -0.0023 | Critic Loss: 0.2779 | Grad Norm: 1.5042 | Clipped: 4/4
Epoch [3359/4000] | Avg Makespan: 221.75 | Actor Loss: -0.0028 | Critic Loss: 0.3802 | Grad Norm: 1.8714 | Clipped: 4/4
Epoch [3360/4000] | Avg Makespan: 211.00 | Actor Loss: -0.0041 | Critic Loss: 0.0564 | Grad Norm: 2.1922 | Clipped: 4/4
Epoch [3361/4000] | Avg Makespan: 225.50 | Actor Loss: -0.0023 | Critic Loss: 0.2161 | Grad Norm: 2.6218 | Clipped: 4/4
Epoch [3362/4000] | Avg Makespan: 212.00 | Actor Loss: -0.0040 | Critic Loss: 0.0929 | Grad Norm: 1.6471 | Clipped: 4/4
Epoch [3363/4000] | Avg Makespan: 218.75 | Actor Loss: -0.0042 | Critic Loss: 0.0907 | Grad Norm: 1.3346 | Clipped: 4/4
Epoch [3364/4000] | Avg Makespan: 213.00 | Actor Loss: -0.0043 | Critic Loss: 0.0194 | Grad Norm: 1.2365 | Clipped: 2/4
Epoch [3365/4000] | Avg Makespan: 230.50 | Actor Loss: -0.0030 | Critic Loss: 0.2648 | Grad Norm: 1.9104 | Clipped: 4/4
Epoch [3366/4000] | Avg Makespan: 211.75 | Actor Loss: -0.0024 | Critic Loss: 0.0350 | Grad Norm: 2.0689 | Clipped: 4/4
Epoch [3367/4000] | Avg Makespan: 214.00 | Actor Loss: -0.0041 | Critic Loss: 0.0406 | Grad Norm: 1.5131 | Clipped: 4/4
Epoch [3368/4000] | Avg Makespan: 217.00 | Actor Loss: -0.0025 | Critic Loss: 0.3287 | Grad Norm: 1.4944 | Clipped: 4/4
Epoch [3369/4000] | Avg Makespan: 218.75 | Actor Loss: -0.0034 | Critic Loss: 0.0415 | Grad Norm: 1.4883 | Clipped: 4/4
Epoch [3370/4000] | Avg Makespan: 226.00 | Actor Loss: -0.0030 | Critic Loss: 0.1819 | Grad Norm: 1.8148 | Clipped: 4/4
Epoch [3371/4000] | Avg Makespan: 224.50 | Actor Loss: -0.0034 | Critic Loss: 0.2080 | Grad Norm: 3.0920 | Clipped: 4/4
Epoch [3372/4000] | Avg Makespan: 225.75 | Actor Loss: -0.0029 | Critic Loss: 0.2612 | Grad Norm: 1.4393 | Clipped: 4/4
Epoch [3373/4000] | Avg Makespan: 212.75 | Actor Loss: -0.0040 | Critic Loss: 0.0585 | Grad Norm: 1.5855 | Clipped: 4/4
Epoch [3374/4000] | Avg Makespan: 220.25 | Actor Loss: -0.0024 | Critic Loss: 0.1565 | Grad Norm: 2.4602 | Clipped: 4/4
Epoch [3375/4000] | Avg Makespan: 218.50 | Actor Loss: -0.0032 | Critic Loss: 0.1177 | Grad Norm: 1.7104 | Clipped: 3/4
Epoch [3376/4000] | Avg Makespan: 213.50 | Actor Loss: -0.0026 | Critic Loss: 0.0360 | Grad Norm: 1.9099 | Clipped: 4/4
Epoch [3377/4000] | Avg Makespan: 212.50 | Actor Loss: -0.0029 | Critic Loss: 0.0789 | Grad Norm: 2.2798 | Clipped: 4/4
Epoch [3378/4000] | Avg Makespan: 228.00 | Actor Loss: -0.0025 | Critic Loss: 0.2940 | Grad Norm: 1.6053 | Clipped: 3/4
Epoch [3379/4000] | Avg Makespan: 213.75 | Actor Loss: -0.0009 | Critic Loss: 0.0572 | Grad Norm: 4.7903 | Clipped: 4/4
Epoch [3380/4000] | Avg Makespan: 226.25 | Actor Loss: -0.0030 | Critic Loss: 0.3698 | Grad Norm: 1.4001 | Clipped: 4/4
Epoch [3381/4000] | Avg Makespan: 216.25 | Actor Loss: -0.0026 | Critic Loss: 0.0409 | Grad Norm: 2.2309 | Clipped: 4/4
Epoch [3382/4000] | Avg Makespan: 214.25 | Actor Loss: -0.0036 | Critic Loss: 0.0864 | Grad Norm: 1.4368 | Clipped: 4/4
Epoch [3383/4000] | Avg Makespan: 222.00 | Actor Loss: -0.0039 | Critic Loss: 0.0881 | Grad Norm: 2.1150 | Clipped: 4/4
Epoch [3384/4000] | Avg Makespan: 224.00 | Actor Loss: -0.0032 | Critic Loss: 0.4357 | Grad Norm: 1.6223 | Clipped: 4/4
Epoch [3385/4000] | Avg Makespan: 219.75 | Actor Loss: -0.0010 | Critic Loss: 0.0546 | Grad Norm: 3.1248 | Clipped: 4/4
Epoch [3386/4000] | Avg Makespan: 231.75 | Actor Loss: -0.0035 | Critic Loss: 0.2977 | Grad Norm: 2.0757 | Clipped: 4/4
Epoch [3387/4000] | Avg Makespan: 215.75 | Actor Loss: -0.0021 | Critic Loss: 0.0730 | Grad Norm: 1.5720 | Clipped: 4/4
Epoch [3388/4000] | Avg Makespan: 212.00 | Actor Loss: -0.0027 | Critic Loss: 0.0536 | Grad Norm: 2.5790 | Clipped: 4/4
Epoch [3389/4000] | Avg Makespan: 223.75 | Actor Loss: -0.0033 | Critic Loss: 0.1965 | Grad Norm: 1.4054 | Clipped: 4/4
Epoch [3390/4000] | Avg Makespan: 223.75 | Actor Loss: -0.0041 | Critic Loss: 0.1180 | Grad Norm: 1.1603 | Clipped: 2/4
Epoch [3391/4000] | Avg Makespan: 237.75 | Actor Loss: -0.0018 | Critic Loss: 0.4746 | Grad Norm: 2.8921 | Clipped: 4/4
Epoch [3392/4000] | Avg Makespan: 214.00 | Actor Loss: -0.0039 | Critic Loss: 0.1454 | Grad Norm: 2.6598 | Clipped: 4/4
Epoch [3393/4000] | Avg Makespan: 220.50 | Actor Loss: -0.0019 | Critic Loss: 0.1683 | Grad Norm: 1.2971 | Clipped: 4/4
Epoch [3394/4000] | Avg Makespan: 218.25 | Actor Loss: -0.0020 | Critic Loss: 0.1185 | Grad Norm: 1.5544 | Clipped: 4/4
Epoch [3395/4000] | Avg Makespan: 213.25 | Actor Loss: -0.0032 | Critic Loss: 0.0893 | Grad Norm: 3.2463 | Clipped: 4/4
Epoch [3396/4000] | Avg Makespan: 215.50 | Actor Loss: -0.0033 | Critic Loss: 0.0365 | Grad Norm: 2.6586 | Clipped: 4/4
Epoch [3397/4000] | Avg Makespan: 234.25 | Actor Loss: -0.0044 | Critic Loss: 0.3473 | Grad Norm: 1.9614 | Clipped: 4/4
Epoch [3398/4000] | Avg Makespan: 220.00 | Actor Loss: -0.0036 | Critic Loss: 0.0544 | Grad Norm: 1.7555 | Clipped: 4/4
Epoch [3399/4000] | Avg Makespan: 235.00 | Actor Loss: -0.0027 | Critic Loss: 0.3173 | Grad Norm: 1.6815 | Clipped: 4/4
Epoch [3400/4000] | Avg Makespan: 221.75 | Actor Loss: -0.0036 | Critic Loss: 0.2132 | Grad Norm: 1.3619 | Clipped: 4/4
   -> Validation | Samples: 280 | Makespan: 987.55 | Invalid Jobs: 0.02 | Score: 1005.41
   -> Saved updated training chart to /home/wei/Desktop/AMR-DFJSP/runs/20260827_084425_v10_B_s42/chart.png
Epoch [3401/4000] | Avg Makespan: 223.50 | Actor Loss: -0.0018 | Critic Loss: 0.1818 | Grad Norm: 1.4621 | Clipped: 4/4
Epoch [3402/4000] | Avg Makespan: 226.50 | Actor Loss: -0.0043 | Critic Loss: 0.2423 | Grad Norm: 1.2104 | Clipped: 4/4
Epoch [3403/4000] | Avg Makespan: 230.25 | Actor Loss: -0.0027 | Critic Loss: 0.4427 | Grad Norm: 2.9179 | Clipped: 4/4
Epoch [3404/4000] | Avg Makespan: 238.00 | Actor Loss: -0.0042 | Critic Loss: 0.5280 | Grad Norm: 2.4037 | Clipped: 4/4
Epoch [3405/4000] | Avg Makespan: 212.50 | Actor Loss: -0.0037 | Critic Loss: 0.1285 | Grad Norm: 1.9604 | Clipped: 4/4
Epoch [3406/4000] | Avg Makespan: 222.75 | Actor Loss: -0.0040 | Critic Loss: 0.0919 | Grad Norm: 1.2315 | Clipped: 3/4
Epoch [3407/4000] | Avg Makespan: 219.75 | Actor Loss: -0.0037 | Critic Loss: 0.1508 | Grad Norm: 2.0338 | Clipped: 4/4
Epoch [3408/4000] | Avg Makespan: 219.50 | Actor Loss: -0.0038 | Critic Loss: 0.0554 | Grad Norm: 1.2441 | Clipped: 4/4
Epoch [3409/4000] | Avg Makespan: 225.25 | Actor Loss: -0.0027 | Critic Loss: 0.1078 | Grad Norm: 1.8415 | Clipped: 3/4
Epoch [3410/4000] | Avg Makespan: 219.00 | Actor Loss: -0.0031 | Critic Loss: 0.0600 | Grad Norm: 1.4279 | Clipped: 4/4
Epoch [3411/4000] | Avg Makespan: 211.50 | Actor Loss: -0.0031 | Critic Loss: 0.0776 | Grad Norm: 2.0850 | Clipped: 3/4
Epoch [3412/4000] | Avg Makespan: 215.25 | Actor Loss: -0.0024 | Critic Loss: 0.0615 | Grad Norm: 2.2315 | Clipped: 4/4
Epoch [3413/4000] | Avg Makespan: 223.50 | Actor Loss: -0.0035 | Critic Loss: 0.0957 | Grad Norm: 1.7323 | Clipped: 4/4
Epoch [3414/4000] | Avg Makespan: 222.75 | Actor Loss: -0.0035 | Critic Loss: 0.3579 | Grad Norm: 1.2606 | Clipped: 2/4
Epoch [3415/4000] | Avg Makespan: 221.25 | Actor Loss: -0.0029 | Critic Loss: 0.3623 | Grad Norm: 1.4728 | Clipped: 3/4
Epoch [3416/4000] | Avg Makespan: 223.25 | Actor Loss: -0.0011 | Critic Loss: 0.1446 | Grad Norm: 4.2923 | Clipped: 4/4
Epoch [3417/4000] | Avg Makespan: 214.50 | Actor Loss: -0.0049 | Critic Loss: 0.0461 | Grad Norm: 1.3218 | Clipped: 4/4
Epoch [3418/4000] | Avg Makespan: 224.50 | Actor Loss: -0.0033 | Critic Loss: 0.1160 | Grad Norm: 1.4460 | Clipped: 4/4
Epoch [3419/4000] | Avg Makespan: 210.75 | Actor Loss: -0.0018 | Critic Loss: 0.0451 | Grad Norm: 2.7305 | Clipped: 4/4
Epoch [3420/4000] | Avg Makespan: 214.50 | Actor Loss: 0.0000 | Critic Loss: 0.0383 | Grad Norm: 3.6995 | Clipped: 4/4
Epoch [3421/4000] | Avg Makespan: 225.00 | Actor Loss: -0.0030 | Critic Loss: 0.2759 | Grad Norm: 1.5999 | Clipped: 4/4
Epoch [3422/4000] | Avg Makespan: 214.75 | Actor Loss: -0.0032 | Critic Loss: 0.0784 | Grad Norm: 1.7406 | Clipped: 3/4
Epoch [3423/4000] | Avg Makespan: 212.25 | Actor Loss: -0.0035 | Critic Loss: 0.0360 | Grad Norm: 1.6930 | Clipped: 4/4
Epoch [3424/4000] | Avg Makespan: 215.25 | Actor Loss: -0.0037 | Critic Loss: 0.0393 | Grad Norm: 1.7673 | Clipped: 4/4
Epoch [3425/4000] | Avg Makespan: 221.50 | Actor Loss: -0.0031 | Critic Loss: 0.2840 | Grad Norm: 1.6803 | Clipped: 3/4
Epoch [3426/4000] | Avg Makespan: 226.00 | Actor Loss: -0.0033 | Critic Loss: 0.2634 | Grad Norm: 2.3454 | Clipped: 4/4
Epoch [3427/4000] | Avg Makespan: 215.00 | Actor Loss: -0.0037 | Critic Loss: 0.0549 | Grad Norm: 2.2935 | Clipped: 4/4
Epoch [3428/4000] | Avg Makespan: 210.00 | Actor Loss: -0.0036 | Critic Loss: 0.0693 | Grad Norm: 1.4790 | Clipped: 4/4
Epoch [3429/4000] | Avg Makespan: 217.50 | Actor Loss: -0.0030 | Critic Loss: 0.0474 | Grad Norm: 1.6479 | Clipped: 4/4
Epoch [3430/4000] | Avg Makespan: 214.00 | Actor Loss: -0.0035 | Critic Loss: 0.0798 | Grad Norm: 1.7717 | Clipped: 4/4
Epoch [3431/4000] | Avg Makespan: 219.25 | Actor Loss: -0.0022 | Critic Loss: 0.0860 | Grad Norm: 2.6770 | Clipped: 4/4
Epoch [3432/4000] | Avg Makespan: 218.75 | Actor Loss: -0.0047 | Critic Loss: 0.1263 | Grad Norm: 1.2680 | Clipped: 3/4
Epoch [3433/4000] | Avg Makespan: 220.50 | Actor Loss: -0.0038 | Critic Loss: 0.2215 | Grad Norm: 1.5630 | Clipped: 3/4
Epoch [3434/4000] | Avg Makespan: 224.75 | Actor Loss: -0.0036 | Critic Loss: 0.1418 | Grad Norm: 1.7001 | Clipped: 4/4
Epoch [3435/4000] | Avg Makespan: 210.50 | Actor Loss: -0.0010 | Critic Loss: 0.0475 | Grad Norm: 2.4473 | Clipped: 4/4
Epoch [3436/4000] | Avg Makespan: 225.00 | Actor Loss: -0.0024 | Critic Loss: 0.2091 | Grad Norm: 1.8666 | Clipped: 4/4
Epoch [3437/4000] | Avg Makespan: 225.25 | Actor Loss: -0.0026 | Critic Loss: 0.3558 | Grad Norm: 1.3274 | Clipped: 3/4
Epoch [3438/4000] | Avg Makespan: 235.25 | Actor Loss: -0.0022 | Critic Loss: 0.2758 | Grad Norm: 2.1446 | Clipped: 4/4
Epoch [3439/4000] | Avg Makespan: 217.00 | Actor Loss: -0.0025 | Critic Loss: 0.0273 | Grad Norm: 2.7564 | Clipped: 4/4
Epoch [3440/4000] | Avg Makespan: 210.25 | Actor Loss: -0.0021 | Critic Loss: 0.1208 | Grad Norm: 1.7479 | Clipped: 4/4
Epoch [3441/4000] | Avg Makespan: 211.25 | Actor Loss: -0.0031 | Critic Loss: 0.0611 | Grad Norm: 1.1581 | Clipped: 4/4
Epoch [3442/4000] | Avg Makespan: 224.00 | Actor Loss: -0.0051 | Critic Loss: 0.2020 | Grad Norm: 2.9681 | Clipped: 4/4
Epoch [3443/4000] | Avg Makespan: 224.25 | Actor Loss: -0.0033 | Critic Loss: 0.1899 | Grad Norm: 1.4515 | Clipped: 4/4
Epoch [3444/4000] | Avg Makespan: 214.75 | Actor Loss: -0.0031 | Critic Loss: 0.0492 | Grad Norm: 2.1494 | Clipped: 4/4
Epoch [3445/4000] | Avg Makespan: 226.00 | Actor Loss: -0.0047 | Critic Loss: 0.2008 | Grad Norm: 2.0065 | Clipped: 4/4
Epoch [3446/4000] | Avg Makespan: 216.00 | Actor Loss: -0.0039 | Critic Loss: 0.1165 | Grad Norm: 1.1391 | Clipped: 2/4
Epoch [3447/4000] | Avg Makespan: 213.75 | Actor Loss: -0.0034 | Critic Loss: 0.0191 | Grad Norm: 1.6133 | Clipped: 4/4
Epoch [3448/4000] | Avg Makespan: 212.00 | Actor Loss: -0.0021 | Critic Loss: 0.0723 | Grad Norm: 1.6357 | Clipped: 4/4
Epoch [3449/4000] | Avg Makespan: 229.00 | Actor Loss: -0.0018 | Critic Loss: 0.2246 | Grad Norm: 2.3805 | Clipped: 4/4
Epoch [3450/4000] | Avg Makespan: 211.00 | Actor Loss: -0.0026 | Critic Loss: 0.0218 | Grad Norm: 1.9003 | Clipped: 4/4
Epoch [3451/4000] | Avg Makespan: 214.25 | Actor Loss: -0.0022 | Critic Loss: 0.0239 | Grad Norm: 2.5618 | Clipped: 4/4
Epoch [3452/4000] | Avg Makespan: 213.00 | Actor Loss: -0.0038 | Critic Loss: 0.0299 | Grad Norm: 2.0591 | Clipped: 4/4
Epoch [3453/4000] | Avg Makespan: 208.75 | Actor Loss: -0.0028 | Critic Loss: 0.0482 | Grad Norm: 2.2678 | Clipped: 4/4
Epoch [3454/4000] | Avg Makespan: 213.25 | Actor Loss: -0.0048 | Critic Loss: 0.0961 | Grad Norm: 1.8432 | Clipped: 4/4
Epoch [3455/4000] | Avg Makespan: 232.00 | Actor Loss: -0.0017 | Critic Loss: 0.4895 | Grad Norm: 1.8831 | Clipped: 4/4
Epoch [3456/4000] | Avg Makespan: 220.50 | Actor Loss: -0.0026 | Critic Loss: 0.0540 | Grad Norm: 2.2698 | Clipped: 4/4
Epoch [3457/4000] | Avg Makespan: 221.50 | Actor Loss: -0.0037 | Critic Loss: 0.0556 | Grad Norm: 2.0605 | Clipped: 4/4
Epoch [3458/4000] | Avg Makespan: 213.75 | Actor Loss: -0.0041 | Critic Loss: 0.2071 | Grad Norm: 2.1105 | Clipped: 4/4
Epoch [3459/4000] | Avg Makespan: 213.25 | Actor Loss: -0.0038 | Critic Loss: 0.0860 | Grad Norm: 2.0590 | Clipped: 4/4
Epoch [3460/4000] | Avg Makespan: 215.50 | Actor Loss: -0.0020 | Critic Loss: 0.0361 | Grad Norm: 2.0347 | Clipped: 4/4
Epoch [3461/4000] | Avg Makespan: 234.50 | Actor Loss: -0.0031 | Critic Loss: 0.2572 | Grad Norm: 2.7015 | Clipped: 4/4
Epoch [3462/4000] | Avg Makespan: 209.50 | Actor Loss: -0.0021 | Critic Loss: 0.1027 | Grad Norm: 1.8382 | Clipped: 4/4
Epoch [3463/4000] | Avg Makespan: 214.00 | Actor Loss: -0.0025 | Critic Loss: 0.0288 | Grad Norm: 1.2133 | Clipped: 4/4
Epoch [3464/4000] | Avg Makespan: 213.00 | Actor Loss: -0.0016 | Critic Loss: 0.0279 | Grad Norm: 2.6479 | Clipped: 4/4
Epoch [3465/4000] | Avg Makespan: 211.50 | Actor Loss: -0.0021 | Critic Loss: 0.0403 | Grad Norm: 2.7774 | Clipped: 4/4
Epoch [3466/4000] | Avg Makespan: 218.00 | Actor Loss: -0.0031 | Critic Loss: 0.2445 | Grad Norm: 1.5926 | Clipped: 4/4
Epoch [3467/4000] | Avg Makespan: 224.50 | Actor Loss: -0.0030 | Critic Loss: 0.2231 | Grad Norm: 4.2349 | Clipped: 4/4
Epoch [3468/4000] | Avg Makespan: 216.00 | Actor Loss: -0.0040 | Critic Loss: 0.0412 | Grad Norm: 1.7753 | Clipped: 4/4
Epoch [3469/4000] | Avg Makespan: 220.75 | Actor Loss: -0.0030 | Critic Loss: 0.0505 | Grad Norm: 1.2568 | Clipped: 4/4
Epoch [3470/4000] | Avg Makespan: 213.00 | Actor Loss: -0.0030 | Critic Loss: 0.0462 | Grad Norm: 1.3719 | Clipped: 3/4
Epoch [3471/4000] | Avg Makespan: 231.25 | Actor Loss: -0.0016 | Critic Loss: 0.2526 | Grad Norm: 5.7537 | Clipped: 4/4
Epoch [3472/4000] | Avg Makespan: 219.00 | Actor Loss: -0.0044 | Critic Loss: 0.3053 | Grad Norm: 1.9900 | Clipped: 4/4
Epoch [3473/4000] | Avg Makespan: 211.25 | Actor Loss: -0.0040 | Critic Loss: 0.0782 | Grad Norm: 1.8222 | Clipped: 4/4
Epoch [3474/4000] | Avg Makespan: 210.50 | Actor Loss: -0.0029 | Critic Loss: 0.0463 | Grad Norm: 2.1948 | Clipped: 4/4
Epoch [3475/4000] | Avg Makespan: 226.50 | Actor Loss: -0.0015 | Critic Loss: 0.4376 | Grad Norm: 1.8003 | Clipped: 4/4
Epoch [3476/4000] | Avg Makespan: 220.00 | Actor Loss: -0.0043 | Critic Loss: 0.2686 | Grad Norm: 1.8998 | Clipped: 4/4
Epoch [3477/4000] | Avg Makespan: 223.75 | Actor Loss: -0.0034 | Critic Loss: 0.0353 | Grad Norm: 1.9951 | Clipped: 4/4
Epoch [3478/4000] | Avg Makespan: 218.25 | Actor Loss: -0.0017 | Critic Loss: 0.0521 | Grad Norm: 2.7682 | Clipped: 4/4
Epoch [3479/4000] | Avg Makespan: 219.25 | Actor Loss: -0.0027 | Critic Loss: 0.0693 | Grad Norm: 1.3298 | Clipped: 4/4
Epoch [3480/4000] | Avg Makespan: 212.00 | Actor Loss: -0.0032 | Critic Loss: 0.0582 | Grad Norm: 2.0168 | Clipped: 4/4
Epoch [3481/4000] | Avg Makespan: 216.75 | Actor Loss: -0.0043 | Critic Loss: 0.0422 | Grad Norm: 1.5360 | Clipped: 4/4
Epoch [3482/4000] | Avg Makespan: 223.25 | Actor Loss: -0.0029 | Critic Loss: 0.3144 | Grad Norm: 4.1501 | Clipped: 4/4
Epoch [3483/4000] | Avg Makespan: 207.75 | Actor Loss: -0.0039 | Critic Loss: 0.0720 | Grad Norm: 1.7904 | Clipped: 4/4
Epoch [3484/4000] | Avg Makespan: 226.00 | Actor Loss: -0.0031 | Critic Loss: 0.3305 | Grad Norm: 1.5636 | Clipped: 4/4
Epoch [3485/4000] | Avg Makespan: 236.25 | Actor Loss: -0.0034 | Critic Loss: 0.9102 | Grad Norm: 2.2792 | Clipped: 4/4
Epoch [3486/4000] | Avg Makespan: 218.25 | Actor Loss: -0.0032 | Critic Loss: 0.0411 | Grad Norm: 1.7599 | Clipped: 4/4
Epoch [3487/4000] | Avg Makespan: 207.00 | Actor Loss: -0.0049 | Critic Loss: 0.1117 | Grad Norm: 1.9982 | Clipped: 4/4
Epoch [3488/4000] | Avg Makespan: 221.00 | Actor Loss: -0.0041 | Critic Loss: 0.3077 | Grad Norm: 1.1460 | Clipped: 4/4
Epoch [3489/4000] | Avg Makespan: 218.00 | Actor Loss: -0.0009 | Critic Loss: 0.1291 | Grad Norm: 3.2910 | Clipped: 4/4
Epoch [3490/4000] | Avg Makespan: 230.00 | Actor Loss: -0.0039 | Critic Loss: 0.4031 | Grad Norm: 1.7554 | Clipped: 4/4
Epoch [3491/4000] | Avg Makespan: 224.50 | Actor Loss: -0.0026 | Critic Loss: 0.2357 | Grad Norm: 1.8686 | Clipped: 4/4
Epoch [3492/4000] | Avg Makespan: 220.00 | Actor Loss: -0.0022 | Critic Loss: 0.1337 | Grad Norm: 2.8772 | Clipped: 4/4
Epoch [3493/4000] | Avg Makespan: 225.50 | Actor Loss: -0.0040 | Critic Loss: 0.1369 | Grad Norm: 1.3216 | Clipped: 2/4
Epoch [3494/4000] | Avg Makespan: 211.50 | Actor Loss: -0.0019 | Critic Loss: 0.0716 | Grad Norm: 2.0969 | Clipped: 4/4
Epoch [3495/4000] | Avg Makespan: 209.75 | Actor Loss: -0.0021 | Critic Loss: 0.0878 | Grad Norm: 3.1951 | Clipped: 4/4
Epoch [3496/4000] | Avg Makespan: 209.25 | Actor Loss: -0.0041 | Critic Loss: 0.1122 | Grad Norm: 1.6352 | Clipped: 4/4
Epoch [3497/4000] | Avg Makespan: 236.00 | Actor Loss: -0.0001 | Critic Loss: 0.5427 | Grad Norm: 2.6911 | Clipped: 4/4
Epoch [3498/4000] | Avg Makespan: 226.00 | Actor Loss: -0.0023 | Critic Loss: 0.2361 | Grad Norm: 1.6567 | Clipped: 4/4
Epoch [3499/4000] | Avg Makespan: 214.50 | Actor Loss: -0.0020 | Critic Loss: 0.0375 | Grad Norm: 2.3461 | Clipped: 4/4
Epoch [3500/4000] | Avg Makespan: 224.25 | Actor Loss: -0.0040 | Critic Loss: 0.2551 | Grad Norm: 1.5055 | Clipped: 4/4
   -> Validation | Samples: 280 | Makespan: 975.11 | Invalid Jobs: 0.01 | Score: 989.39
   -> Saved updated training chart to /home/wei/Desktop/AMR-DFJSP/runs/20260827_084425_v10_B_s42/chart.png
Epoch [3501/4000] | Avg Makespan: 238.75 | Actor Loss: -0.0031 | Critic Loss: 0.3460 | Grad Norm: 2.5696 | Clipped: 4/4
Epoch [3502/4000] | Avg Makespan: 206.50 | Actor Loss: -0.0024 | Critic Loss: 0.0582 | Grad Norm: 1.9361 | Clipped: 4/4
Epoch [3503/4000] | Avg Makespan: 219.75 | Actor Loss: -0.0036 | Critic Loss: 0.4182 | Grad Norm: 1.7193 | Clipped: 4/4
Epoch [3504/4000] | Avg Makespan: 219.75 | Actor Loss: -0.0032 | Critic Loss: 0.4681 | Grad Norm: 1.2855 | Clipped: 4/4
Epoch [3505/4000] | Avg Makespan: 210.75 | Actor Loss: -0.0022 | Critic Loss: 0.0605 | Grad Norm: 2.9325 | Clipped: 4/4
Epoch [3506/4000] | Avg Makespan: 223.00 | Actor Loss: -0.0034 | Critic Loss: 0.1246 | Grad Norm: 1.9058 | Clipped: 4/4
Epoch [3507/4000] | Avg Makespan: 230.50 | Actor Loss: -0.0030 | Critic Loss: 0.3898 | Grad Norm: 1.8486 | Clipped: 4/4
Epoch [3508/4000] | Avg Makespan: 224.25 | Actor Loss: -0.0044 | Critic Loss: 0.0592 | Grad Norm: 1.1814 | Clipped: 4/4
Epoch [3509/4000] | Avg Makespan: 221.25 | Actor Loss: -0.0025 | Critic Loss: 0.3159 | Grad Norm: 2.2004 | Clipped: 4/4
Epoch [3510/4000] | Avg Makespan: 214.00 | Actor Loss: -0.0033 | Critic Loss: 0.1213 | Grad Norm: 1.3832 | Clipped: 4/4
Epoch [3511/4000] | Avg Makespan: 212.75 | Actor Loss: -0.0031 | Critic Loss: 0.0148 | Grad Norm: 1.2243 | Clipped: 2/4
Epoch [3512/4000] | Avg Makespan: 212.25 | Actor Loss: -0.0034 | Critic Loss: 0.0384 | Grad Norm: 1.1787 | Clipped: 4/4
Epoch [3513/4000] | Avg Makespan: 210.75 | Actor Loss: -0.0036 | Critic Loss: 0.0432 | Grad Norm: 1.2001 | Clipped: 2/4
Epoch [3514/4000] | Avg Makespan: 210.25 | Actor Loss: -0.0032 | Critic Loss: 0.0197 | Grad Norm: 2.1481 | Clipped: 4/4
Epoch [3515/4000] | Avg Makespan: 220.00 | Actor Loss: -0.0013 | Critic Loss: 0.1971 | Grad Norm: 1.6494 | Clipped: 4/4
Epoch [3516/4000] | Avg Makespan: 222.75 | Actor Loss: -0.0021 | Critic Loss: 0.2783 | Grad Norm: 2.2574 | Clipped: 4/4
Epoch [3517/4000] | Avg Makespan: 213.25 | Actor Loss: -0.0029 | Critic Loss: 0.0383 | Grad Norm: 2.4447 | Clipped: 4/4
Epoch [3518/4000] | Avg Makespan: 211.25 | Actor Loss: -0.0021 | Critic Loss: 0.0516 | Grad Norm: 2.4843 | Clipped: 4/4
Epoch [3519/4000] | Avg Makespan: 220.75 | Actor Loss: -0.0031 | Critic Loss: 0.0754 | Grad Norm: 1.5820 | Clipped: 4/4
Epoch [3520/4000] | Avg Makespan: 217.50 | Actor Loss: -0.0034 | Critic Loss: 0.1464 | Grad Norm: 1.3632 | Clipped: 4/4
Epoch [3521/4000] | Avg Makespan: 216.50 | Actor Loss: -0.0039 | Critic Loss: 0.0841 | Grad Norm: 1.2865 | Clipped: 3/4
Epoch [3522/4000] | Avg Makespan: 220.50 | Actor Loss: -0.0035 | Critic Loss: 0.0587 | Grad Norm: 1.2358 | Clipped: 3/4
Epoch [3523/4000] | Avg Makespan: 211.50 | Actor Loss: -0.0018 | Critic Loss: 0.0498 | Grad Norm: 1.3570 | Clipped: 4/4
Epoch [3524/4000] | Avg Makespan: 230.75 | Actor Loss: -0.0033 | Critic Loss: 0.3910 | Grad Norm: 1.8556 | Clipped: 4/4
Epoch [3525/4000] | Avg Makespan: 213.25 | Actor Loss: -0.0020 | Critic Loss: 0.0374 | Grad Norm: 3.7911 | Clipped: 4/4
Epoch [3526/4000] | Avg Makespan: 224.50 | Actor Loss: -0.0033 | Critic Loss: 0.2532 | Grad Norm: 1.7175 | Clipped: 4/4
Epoch [3527/4000] | Avg Makespan: 220.50 | Actor Loss: -0.0034 | Critic Loss: 0.1288 | Grad Norm: 2.1774 | Clipped: 4/4
Epoch [3528/4000] | Avg Makespan: 209.50 | Actor Loss: -0.0020 | Critic Loss: 0.1475 | Grad Norm: 3.3121 | Clipped: 4/4
Epoch [3529/4000] | Avg Makespan: 231.25 | Actor Loss: -0.0032 | Critic Loss: 0.4161 | Grad Norm: 4.6743 | Clipped: 4/4
Epoch [3530/4000] | Avg Makespan: 212.25 | Actor Loss: -0.0038 | Critic Loss: 0.0654 | Grad Norm: 1.7320 | Clipped: 4/4
Epoch [3531/4000] | Avg Makespan: 210.00 | Actor Loss: -0.0029 | Critic Loss: 0.0331 | Grad Norm: 2.4592 | Clipped: 4/4
Epoch [3532/4000] | Avg Makespan: 210.75 | Actor Loss: -0.0031 | Critic Loss: 0.0349 | Grad Norm: 2.0436 | Clipped: 4/4
Epoch [3533/4000] | Avg Makespan: 214.00 | Actor Loss: -0.0020 | Critic Loss: 0.1224 | Grad Norm: 2.2405 | Clipped: 4/4
Epoch [3534/4000] | Avg Makespan: 220.00 | Actor Loss: -0.0024 | Critic Loss: 0.1640 | Grad Norm: 1.0828 | Clipped: 1/4
Epoch [3535/4000] | Avg Makespan: 220.50 | Actor Loss: -0.0028 | Critic Loss: 0.2729 | Grad Norm: 1.3249 | Clipped: 4/4
Epoch [3536/4000] | Avg Makespan: 209.00 | Actor Loss: -0.0028 | Critic Loss: 0.0553 | Grad Norm: 1.4773 | Clipped: 4/4
Epoch [3537/4000] | Avg Makespan: 215.25 | Actor Loss: -0.0026 | Critic Loss: 0.0378 | Grad Norm: 3.0310 | Clipped: 4/4
Epoch [3538/4000] | Avg Makespan: 226.00 | Actor Loss: -0.0021 | Critic Loss: 0.4135 | Grad Norm: 1.6964 | Clipped: 4/4
Epoch [3539/4000] | Avg Makespan: 216.50 | Actor Loss: -0.0018 | Critic Loss: 0.0195 | Grad Norm: 2.3938 | Clipped: 4/4
Epoch [3540/4000] | Avg Makespan: 214.50 | Actor Loss: -0.0034 | Critic Loss: 0.0315 | Grad Norm: 1.4323 | Clipped: 3/4
Epoch [3541/4000] | Avg Makespan: 209.00 | Actor Loss: -0.0035 | Critic Loss: 0.0853 | Grad Norm: 1.8838 | Clipped: 4/4
Epoch [3542/4000] | Avg Makespan: 220.00 | Actor Loss: -0.0017 | Critic Loss: 0.1317 | Grad Norm: 1.7173 | Clipped: 4/4
Epoch [3543/4000] | Avg Makespan: 213.75 | Actor Loss: -0.0019 | Critic Loss: 0.0267 | Grad Norm: 3.8091 | Clipped: 4/4
Epoch [3544/4000] | Avg Makespan: 217.50 | Actor Loss: -0.0027 | Critic Loss: 0.0952 | Grad Norm: 1.6611 | Clipped: 4/4
Epoch [3545/4000] | Avg Makespan: 214.50 | Actor Loss: -0.0032 | Critic Loss: 0.0245 | Grad Norm: 1.4644 | Clipped: 3/4
Epoch [3546/4000] | Avg Makespan: 223.25 | Actor Loss: -0.0037 | Critic Loss: 0.4281 | Grad Norm: 1.7002 | Clipped: 4/4
Epoch [3547/4000] | Avg Makespan: 217.75 | Actor Loss: -0.0044 | Critic Loss: 0.2230 | Grad Norm: 1.4678 | Clipped: 4/4
Epoch [3548/4000] | Avg Makespan: 211.25 | Actor Loss: -0.0042 | Critic Loss: 0.0247 | Grad Norm: 1.3223 | Clipped: 4/4
Epoch [3549/4000] | Avg Makespan: 216.25 | Actor Loss: -0.0019 | Critic Loss: 0.1287 | Grad Norm: 1.1611 | Clipped: 2/4
Epoch [3550/4000] | Avg Makespan: 206.50 | Actor Loss: -0.0027 | Critic Loss: 0.0574 | Grad Norm: 1.4407 | Clipped: 4/4
Epoch [3551/4000] | Avg Makespan: 217.50 | Actor Loss: -0.0023 | Critic Loss: 0.1777 | Grad Norm: 1.7390 | Clipped: 4/4
Epoch [3552/4000] | Avg Makespan: 225.75 | Actor Loss: -0.0031 | Critic Loss: 0.2046 | Grad Norm: 1.2862 | Clipped: 3/4
Epoch [3553/4000] | Avg Makespan: 220.50 | Actor Loss: -0.0029 | Critic Loss: 0.4451 | Grad Norm: 2.3587 | Clipped: 4/4
Epoch [3554/4000] | Avg Makespan: 230.25 | Actor Loss: -0.0014 | Critic Loss: 0.3801 | Grad Norm: 5.0971 | Clipped: 4/4
Epoch [3555/4000] | Avg Makespan: 223.00 | Actor Loss: -0.0019 | Critic Loss: 0.2181 | Grad Norm: 1.4835 | Clipped: 2/4
Epoch [3556/4000] | Avg Makespan: 213.75 | Actor Loss: -0.0020 | Critic Loss: 0.0289 | Grad Norm: 1.7765 | Clipped: 4/4
Epoch [3557/4000] | Avg Makespan: 212.75 | Actor Loss: -0.0016 | Critic Loss: 0.1815 | Grad Norm: 2.6915 | Clipped: 4/4
Epoch [3558/4000] | Avg Makespan: 236.00 | Actor Loss: -0.0024 | Critic Loss: 0.6387 | Grad Norm: 2.5854 | Clipped: 4/4
Epoch [3559/4000] | Avg Makespan: 228.75 | Actor Loss: -0.0023 | Critic Loss: 0.6087 | Grad Norm: 2.2236 | Clipped: 4/4
Epoch [3560/4000] | Avg Makespan: 219.25 | Actor Loss: -0.0035 | Critic Loss: 0.1173 | Grad Norm: 1.1198 | Clipped: 3/4
Epoch [3561/4000] | Avg Makespan: 218.00 | Actor Loss: -0.0032 | Critic Loss: 0.0890 | Grad Norm: 2.1620 | Clipped: 4/4
Epoch [3562/4000] | Avg Makespan: 216.50 | Actor Loss: -0.0031 | Critic Loss: 0.1519 | Grad Norm: 1.3104 | Clipped: 3/4
Epoch [3563/4000] | Avg Makespan: 206.75 | Actor Loss: -0.0028 | Critic Loss: 0.1375 | Grad Norm: 1.5182 | Clipped: 4/4
Epoch [3564/4000] | Avg Makespan: 218.00 | Actor Loss: -0.0013 | Critic Loss: 0.1064 | Grad Norm: 1.6241 | Clipped: 4/4
Epoch [3565/4000] | Avg Makespan: 212.75 | Actor Loss: -0.0036 | Critic Loss: 0.0949 | Grad Norm: 2.2830 | Clipped: 4/4
Epoch [3566/4000] | Avg Makespan: 218.50 | Actor Loss: -0.0036 | Critic Loss: 0.2953 | Grad Norm: 1.0875 | Clipped: 2/4
Epoch [3567/4000] | Avg Makespan: 213.00 | Actor Loss: -0.0049 | Critic Loss: 0.0436 | Grad Norm: 1.6467 | Clipped: 3/4
Epoch [3568/4000] | Avg Makespan: 228.00 | Actor Loss: -0.0016 | Critic Loss: 0.2127 | Grad Norm: 2.0044 | Clipped: 4/4
Epoch [3569/4000] | Avg Makespan: 208.75 | Actor Loss: -0.0024 | Critic Loss: 0.0476 | Grad Norm: 2.4344 | Clipped: 4/4
Epoch [3570/4000] | Avg Makespan: 222.00 | Actor Loss: -0.0024 | Critic Loss: 0.2199 | Grad Norm: 1.5582 | Clipped: 4/4
Epoch [3571/4000] | Avg Makespan: 218.00 | Actor Loss: -0.0029 | Critic Loss: 0.0431 | Grad Norm: 1.6747 | Clipped: 4/4
Epoch [3572/4000] | Avg Makespan: 215.25 | Actor Loss: -0.0017 | Critic Loss: 0.0339 | Grad Norm: 2.3066 | Clipped: 4/4
Epoch [3573/4000] | Avg Makespan: 222.50 | Actor Loss: -0.0021 | Critic Loss: 0.1178 | Grad Norm: 1.3694 | Clipped: 3/4
Epoch [3574/4000] | Avg Makespan: 209.75 | Actor Loss: -0.0034 | Critic Loss: 0.0952 | Grad Norm: 1.1762 | Clipped: 3/4
Epoch [3575/4000] | Avg Makespan: 215.75 | Actor Loss: -0.0025 | Critic Loss: 0.0664 | Grad Norm: 1.0364 | Clipped: 2/4
Epoch [3576/4000] | Avg Makespan: 221.50 | Actor Loss: -0.0024 | Critic Loss: 0.2147 | Grad Norm: 1.5590 | Clipped: 4/4
Epoch [3577/4000] | Avg Makespan: 214.00 | Actor Loss: -0.0036 | Critic Loss: 0.0676 | Grad Norm: 1.5666 | Clipped: 4/4
Epoch [3578/4000] | Avg Makespan: 220.75 | Actor Loss: -0.0028 | Critic Loss: 0.2266 | Grad Norm: 1.3082 | Clipped: 3/4
Epoch [3579/4000] | Avg Makespan: 213.00 | Actor Loss: -0.0018 | Critic Loss: 0.0886 | Grad Norm: 2.2745 | Clipped: 4/4
Epoch [3580/4000] | Avg Makespan: 220.75 | Actor Loss: -0.0045 | Critic Loss: 0.2440 | Grad Norm: 2.2427 | Clipped: 4/4
Epoch [3581/4000] | Avg Makespan: 221.25 | Actor Loss: -0.0031 | Critic Loss: 0.1603 | Grad Norm: 1.5689 | Clipped: 4/4
Epoch [3582/4000] | Avg Makespan: 221.50 | Actor Loss: -0.0027 | Critic Loss: 0.0908 | Grad Norm: 1.0877 | Clipped: 3/4
Epoch [3583/4000] | Avg Makespan: 216.50 | Actor Loss: -0.0028 | Critic Loss: 0.0613 | Grad Norm: 2.1096 | Clipped: 4/4
Epoch [3584/4000] | Avg Makespan: 216.25 | Actor Loss: -0.0033 | Critic Loss: 0.0495 | Grad Norm: 2.0453 | Clipped: 4/4
Epoch [3585/4000] | Avg Makespan: 213.50 | Actor Loss: -0.0003 | Critic Loss: 0.0455 | Grad Norm: 1.9780 | Clipped: 4/4
Epoch [3586/4000] | Avg Makespan: 227.00 | Actor Loss: -0.0025 | Critic Loss: 0.2044 | Grad Norm: 1.4485 | Clipped: 4/4
Epoch [3587/4000] | Avg Makespan: 211.50 | Actor Loss: -0.0013 | Critic Loss: 0.0494 | Grad Norm: 2.5238 | Clipped: 4/4
Epoch [3588/4000] | Avg Makespan: 219.50 | Actor Loss: -0.0018 | Critic Loss: 0.3349 | Grad Norm: 2.2413 | Clipped: 4/4
Epoch [3589/4000] | Avg Makespan: 216.75 | Actor Loss: -0.0023 | Critic Loss: 0.0913 | Grad Norm: 2.0200 | Clipped: 4/4
Epoch [3590/4000] | Avg Makespan: 207.00 | Actor Loss: -0.0032 | Critic Loss: 0.0797 | Grad Norm: 1.3991 | Clipped: 3/4
Epoch [3591/4000] | Avg Makespan: 225.50 | Actor Loss: -0.0027 | Critic Loss: 0.2122 | Grad Norm: 2.6332 | Clipped: 4/4
Epoch [3592/4000] | Avg Makespan: 219.50 | Actor Loss: -0.0027 | Critic Loss: 0.1865 | Grad Norm: 2.2945 | Clipped: 4/4
Epoch [3593/4000] | Avg Makespan: 231.75 | Actor Loss: -0.0021 | Critic Loss: 0.1556 | Grad Norm: 2.2570 | Clipped: 4/4
Epoch [3594/4000] | Avg Makespan: 226.00 | Actor Loss: -0.0019 | Critic Loss: 0.2232 | Grad Norm: 1.4802 | Clipped: 4/4
Epoch [3595/4000] | Avg Makespan: 225.50 | Actor Loss: -0.0036 | Critic Loss: 0.1724 | Grad Norm: 1.2042 | Clipped: 4/4
Epoch [3596/4000] | Avg Makespan: 215.25 | Actor Loss: -0.0028 | Critic Loss: 0.1432 | Grad Norm: 1.8767 | Clipped: 4/4
Epoch [3597/4000] | Avg Makespan: 214.75 | Actor Loss: -0.0020 | Critic Loss: 0.1369 | Grad Norm: 1.9628 | Clipped: 4/4
Epoch [3598/4000] | Avg Makespan: 232.25 | Actor Loss: -0.0029 | Critic Loss: 0.4760 | Grad Norm: 2.0145 | Clipped: 4/4
Epoch [3599/4000] | Avg Makespan: 212.50 | Actor Loss: -0.0027 | Critic Loss: 0.1195 | Grad Norm: 1.7811 | Clipped: 4/4
Epoch [3600/4000] | Avg Makespan: 236.00 | Actor Loss: -0.0022 | Critic Loss: 0.5072 | Grad Norm: 1.8040 | Clipped: 4/4
   -> Validation | Samples: 280 | Makespan: 915.12 | Invalid Jobs: 0.01 | Score: 925.84
   -> Saved updated training chart to /home/wei/Desktop/AMR-DFJSP/runs/20260827_084425_v10_B_s42/chart.png
Epoch [3601/4000] | Avg Makespan: 219.75 | Actor Loss: -0.0021 | Critic Loss: 0.0778 | Grad Norm: 1.2052 | Clipped: 2/4
Epoch [3602/4000] | Avg Makespan: 217.50 | Actor Loss: -0.0031 | Critic Loss: 0.1418 | Grad Norm: 1.1645 | Clipped: 4/4
Epoch [3603/4000] | Avg Makespan: 227.00 | Actor Loss: -0.0010 | Critic Loss: 0.1114 | Grad Norm: 2.0077 | Clipped: 4/4
Epoch [3604/4000] | Avg Makespan: 224.50 | Actor Loss: -0.0025 | Critic Loss: 0.1469 | Grad Norm: 1.3104 | Clipped: 3/4
Epoch [3605/4000] | Avg Makespan: 210.25 | Actor Loss: -0.0021 | Critic Loss: 0.0976 | Grad Norm: 1.8604 | Clipped: 4/4
Epoch [3606/4000] | Avg Makespan: 226.75 | Actor Loss: -0.0014 | Critic Loss: 0.1612 | Grad Norm: 2.3781 | Clipped: 4/4
Epoch [3607/4000] | Avg Makespan: 218.75 | Actor Loss: -0.0024 | Critic Loss: 0.2395 | Grad Norm: 1.3550 | Clipped: 3/4
Epoch [3608/4000] | Avg Makespan: 218.50 | Actor Loss: -0.0030 | Critic Loss: 0.0405 | Grad Norm: 1.1282 | Clipped: 3/4
Epoch [3609/4000] | Avg Makespan: 210.25 | Actor Loss: -0.0010 | Critic Loss: 0.0776 | Grad Norm: 2.2578 | Clipped: 4/4
Epoch [3610/4000] | Avg Makespan: 218.50 | Actor Loss: -0.0039 | Critic Loss: 0.2741 | Grad Norm: 1.6087 | Clipped: 4/4
Epoch [3611/4000] | Avg Makespan: 211.00 | Actor Loss: -0.0038 | Critic Loss: 0.0520 | Grad Norm: 1.7975 | Clipped: 4/4
Epoch [3612/4000] | Avg Makespan: 231.75 | Actor Loss: -0.0019 | Critic Loss: 0.5010 | Grad Norm: 1.9385 | Clipped: 4/4
Epoch [3613/4000] | Avg Makespan: 232.50 | Actor Loss: -0.0011 | Critic Loss: 0.7547 | Grad Norm: 1.9614 | Clipped: 4/4
Epoch [3614/4000] | Avg Makespan: 221.50 | Actor Loss: -0.0030 | Critic Loss: 0.0980 | Grad Norm: 2.1410 | Clipped: 4/4
Epoch [3615/4000] | Avg Makespan: 218.75 | Actor Loss: -0.0027 | Critic Loss: 0.2170 | Grad Norm: 1.1067 | Clipped: 3/4
Epoch [3616/4000] | Avg Makespan: 226.25 | Actor Loss: -0.0031 | Critic Loss: 0.1482 | Grad Norm: 1.8526 | Clipped: 4/4
Epoch [3617/4000] | Avg Makespan: 211.25 | Actor Loss: -0.0010 | Critic Loss: 0.1191 | Grad Norm: 2.0357 | Clipped: 4/4
Epoch [3618/4000] | Avg Makespan: 219.00 | Actor Loss: -0.0022 | Critic Loss: 0.2079 | Grad Norm: 1.7930 | Clipped: 4/4
Epoch [3619/4000] | Avg Makespan: 220.50 | Actor Loss: -0.0022 | Critic Loss: 0.1064 | Grad Norm: 1.5697 | Clipped: 4/4
Epoch [3620/4000] | Avg Makespan: 212.25 | Actor Loss: -0.0021 | Critic Loss: 0.0392 | Grad Norm: 1.9491 | Clipped: 4/4
Epoch [3621/4000] | Avg Makespan: 220.25 | Actor Loss: -0.0031 | Critic Loss: 0.1427 | Grad Norm: 2.1356 | Clipped: 4/4
Epoch [3622/4000] | Avg Makespan: 219.75 | Actor Loss: -0.0015 | Critic Loss: 0.1146 | Grad Norm: 2.1118 | Clipped: 4/4
Epoch [3623/4000] | Avg Makespan: 214.50 | Actor Loss: -0.0034 | Critic Loss: 0.0172 | Grad Norm: 1.2789 | Clipped: 3/4
Epoch [3624/4000] | Avg Makespan: 210.00 | Actor Loss: -0.0030 | Critic Loss: 0.0364 | Grad Norm: 1.9537 | Clipped: 4/4
Epoch [3625/4000] | Avg Makespan: 218.75 | Actor Loss: -0.0021 | Critic Loss: 0.2348 | Grad Norm: 1.3533 | Clipped: 4/4
Epoch [3626/4000] | Avg Makespan: 208.25 | Actor Loss: -0.0025 | Critic Loss: 0.0414 | Grad Norm: 2.8363 | Clipped: 4/4
Epoch [3627/4000] | Avg Makespan: 235.25 | Actor Loss: -0.0026 | Critic Loss: 0.3912 | Grad Norm: 2.3160 | Clipped: 4/4
Epoch [3628/4000] | Avg Makespan: 217.25 | Actor Loss: -0.0016 | Critic Loss: 0.1021 | Grad Norm: 3.0319 | Clipped: 4/4
Epoch [3629/4000] | Avg Makespan: 223.00 | Actor Loss: -0.0018 | Critic Loss: 0.1658 | Grad Norm: 3.3424 | Clipped: 4/4
Epoch [3630/4000] | Avg Makespan: 222.25 | Actor Loss: -0.0028 | Critic Loss: 0.1100 | Grad Norm: 1.7171 | Clipped: 4/4
Epoch [3631/4000] | Avg Makespan: 229.00 | Actor Loss: -0.0008 | Critic Loss: 0.2714 | Grad Norm: 2.2814 | Clipped: 4/4
Epoch [3632/4000] | Avg Makespan: 232.00 | Actor Loss: -0.0038 | Critic Loss: 0.7562 | Grad Norm: 1.5705 | Clipped: 4/4
Epoch [3633/4000] | Avg Makespan: 226.50 | Actor Loss: -0.0023 | Critic Loss: 0.1434 | Grad Norm: 2.3750 | Clipped: 4/4
Epoch [3634/4000] | Avg Makespan: 228.25 | Actor Loss: -0.0032 | Critic Loss: 0.2776 | Grad Norm: 1.4768 | Clipped: 4/4
Epoch [3635/4000] | Avg Makespan: 234.50 | Actor Loss: -0.0024 | Critic Loss: 0.4786 | Grad Norm: 1.5620 | Clipped: 4/4
Epoch [3636/4000] | Avg Makespan: 223.50 | Actor Loss: -0.0037 | Critic Loss: 0.2083 | Grad Norm: 1.5518 | Clipped: 4/4
Epoch [3637/4000] | Avg Makespan: 221.25 | Actor Loss: -0.0035 | Critic Loss: 0.2001 | Grad Norm: 1.5965 | Clipped: 4/4
Epoch [3638/4000] | Avg Makespan: 225.00 | Actor Loss: -0.0022 | Critic Loss: 0.5002 | Grad Norm: 1.2761 | Clipped: 4/4
Epoch [3639/4000] | Avg Makespan: 221.25 | Actor Loss: -0.0044 | Critic Loss: 0.2530 | Grad Norm: 2.0548 | Clipped: 4/4
Epoch [3640/4000] | Avg Makespan: 221.50 | Actor Loss: -0.0045 | Critic Loss: 0.3631 | Grad Norm: 1.3641 | Clipped: 3/4
Epoch [3641/4000] | Avg Makespan: 214.25 | Actor Loss: -0.0024 | Critic Loss: 0.1623 | Grad Norm: 1.4173 | Clipped: 4/4
Epoch [3642/4000] | Avg Makespan: 224.75 | Actor Loss: -0.0022 | Critic Loss: 0.1691 | Grad Norm: 1.3550 | Clipped: 4/4
Epoch [3643/4000] | Avg Makespan: 231.50 | Actor Loss: -0.0040 | Critic Loss: 0.3771 | Grad Norm: 1.8783 | Clipped: 4/4
Epoch [3644/4000] | Avg Makespan: 218.25 | Actor Loss: -0.0020 | Critic Loss: 0.0834 | Grad Norm: 1.7551 | Clipped: 4/4
Epoch [3645/4000] | Avg Makespan: 221.00 | Actor Loss: -0.0031 | Critic Loss: 0.1354 | Grad Norm: 2.4000 | Clipped: 4/4
Epoch [3646/4000] | Avg Makespan: 228.50 | Actor Loss: -0.0026 | Critic Loss: 0.0888 | Grad Norm: 1.4399 | Clipped: 4/4
Epoch [3647/4000] | Avg Makespan: 220.50 | Actor Loss: -0.0008 | Critic Loss: 0.0761 | Grad Norm: 2.6521 | Clipped: 4/4
Epoch [3648/4000] | Avg Makespan: 213.75 | Actor Loss: -0.0032 | Critic Loss: 0.0983 | Grad Norm: 1.8180 | Clipped: 4/4
Epoch [3649/4000] | Avg Makespan: 215.00 | Actor Loss: -0.0005 | Critic Loss: 0.4761 | Grad Norm: 2.7561 | Clipped: 4/4
Epoch [3650/4000] | Avg Makespan: 214.50 | Actor Loss: -0.0045 | Critic Loss: 0.1820 | Grad Norm: 2.2970 | Clipped: 4/4
Epoch [3651/4000] | Avg Makespan: 217.00 | Actor Loss: -0.0027 | Critic Loss: 0.2237 | Grad Norm: 1.2362 | Clipped: 4/4
Epoch [3652/4000] | Avg Makespan: 226.50 | Actor Loss: -0.0037 | Critic Loss: 0.3020 | Grad Norm: 1.9207 | Clipped: 4/4
Epoch [3653/4000] | Avg Makespan: 220.75 | Actor Loss: -0.0038 | Critic Loss: 0.0588 | Grad Norm: 1.3034 | Clipped: 4/4
Epoch [3654/4000] | Avg Makespan: 220.00 | Actor Loss: -0.0020 | Critic Loss: 0.0440 | Grad Norm: 2.6454 | Clipped: 4/4
Epoch [3655/4000] | Avg Makespan: 230.25 | Actor Loss: -0.0026 | Critic Loss: 0.5455 | Grad Norm: 1.9797 | Clipped: 4/4
Epoch [3656/4000] | Avg Makespan: 222.00 | Actor Loss: -0.0037 | Critic Loss: 0.1645 | Grad Norm: 2.5322 | Clipped: 4/4
Epoch [3657/4000] | Avg Makespan: 218.25 | Actor Loss: -0.0024 | Critic Loss: 0.1179 | Grad Norm: 2.0637 | Clipped: 4/4
Epoch [3658/4000] | Avg Makespan: 211.00 | Actor Loss: -0.0018 | Critic Loss: 0.1342 | Grad Norm: 2.2201 | Clipped: 4/4
Epoch [3659/4000] | Avg Makespan: 212.75 | Actor Loss: -0.0026 | Critic Loss: 0.0997 | Grad Norm: 2.0594 | Clipped: 4/4
Epoch [3660/4000] | Avg Makespan: 228.25 | Actor Loss: -0.0026 | Critic Loss: 0.4203 | Grad Norm: 2.6499 | Clipped: 4/4
Epoch [3661/4000] | Avg Makespan: 214.25 | Actor Loss: -0.0036 | Critic Loss: 0.0590 | Grad Norm: 2.1021 | Clipped: 4/4
Epoch [3662/4000] | Avg Makespan: 222.75 | Actor Loss: -0.0011 | Critic Loss: 0.2043 | Grad Norm: 2.0891 | Clipped: 4/4
Epoch [3663/4000] | Avg Makespan: 228.75 | Actor Loss: -0.0025 | Critic Loss: 0.4969 | Grad Norm: 2.2748 | Clipped: 4/4
Epoch [3664/4000] | Avg Makespan: 224.50 | Actor Loss: -0.0033 | Critic Loss: 0.1587 | Grad Norm: 2.6653 | Clipped: 4/4
Epoch [3665/4000] | Avg Makespan: 246.50 | Actor Loss: -0.0003 | Critic Loss: 0.5605 | Grad Norm: 3.2098 | Clipped: 4/4
Epoch [3666/4000] | Avg Makespan: 224.25 | Actor Loss: -0.0026 | Critic Loss: 0.2506 | Grad Norm: 1.2376 | Clipped: 4/4
Epoch [3667/4000] | Avg Makespan: 214.75 | Actor Loss: -0.0021 | Critic Loss: 0.1610 | Grad Norm: 1.5060 | Clipped: 4/4
Epoch [3668/4000] | Avg Makespan: 213.25 | Actor Loss: -0.0032 | Critic Loss: 0.0957 | Grad Norm: 1.8691 | Clipped: 4/4
Epoch [3669/4000] | Avg Makespan: 218.25 | Actor Loss: -0.0020 | Critic Loss: 0.0313 | Grad Norm: 2.2600 | Clipped: 4/4
Epoch [3670/4000] | Avg Makespan: 212.50 | Actor Loss: -0.0012 | Critic Loss: 0.0484 | Grad Norm: 7.0568 | Clipped: 4/4
Epoch [3671/4000] | Avg Makespan: 219.00 | Actor Loss: -0.0011 | Critic Loss: 0.0282 | Grad Norm: 2.0018 | Clipped: 4/4
Epoch [3672/4000] | Avg Makespan: 227.00 | Actor Loss: -0.0027 | Critic Loss: 0.3211 | Grad Norm: 1.6125 | Clipped: 4/4
Epoch [3673/4000] | Avg Makespan: 230.50 | Actor Loss: -0.0019 | Critic Loss: 0.4172 | Grad Norm: 2.1126 | Clipped: 4/4
Epoch [3674/4000] | Avg Makespan: 218.50 | Actor Loss: -0.0038 | Critic Loss: 0.1187 | Grad Norm: 1.9498 | Clipped: 4/4
Epoch [3675/4000] | Avg Makespan: 223.50 | Actor Loss: -0.0031 | Critic Loss: 0.2935 | Grad Norm: 1.4765 | Clipped: 4/4
Epoch [3676/4000] | Avg Makespan: 224.00 | Actor Loss: -0.0027 | Critic Loss: 0.4292 | Grad Norm: 1.4993 | Clipped: 3/4
Epoch [3677/4000] | Avg Makespan: 212.50 | Actor Loss: -0.0022 | Critic Loss: 0.0705 | Grad Norm: 2.8286 | Clipped: 4/4
Epoch [3678/4000] | Avg Makespan: 226.00 | Actor Loss: -0.0030 | Critic Loss: 0.1154 | Grad Norm: 1.6117 | Clipped: 4/4
Epoch [3679/4000] | Avg Makespan: 220.00 | Actor Loss: -0.0011 | Critic Loss: 0.0453 | Grad Norm: 2.0170 | Clipped: 4/4
Epoch [3680/4000] | Avg Makespan: 229.75 | Actor Loss: -0.0021 | Critic Loss: 0.3971 | Grad Norm: 1.6067 | Clipped: 4/4
Epoch [3681/4000] | Avg Makespan: 228.50 | Actor Loss: -0.0034 | Critic Loss: 0.2793 | Grad Norm: 1.9490 | Clipped: 4/4
Epoch [3682/4000] | Avg Makespan: 220.25 | Actor Loss: -0.0022 | Critic Loss: 0.1765 | Grad Norm: 2.0171 | Clipped: 4/4
Epoch [3683/4000] | Avg Makespan: 215.75 | Actor Loss: -0.0019 | Critic Loss: 0.0325 | Grad Norm: 2.6983 | Clipped: 4/4
Epoch [3684/4000] | Avg Makespan: 214.00 | Actor Loss: -0.0032 | Critic Loss: 0.0959 | Grad Norm: 2.6522 | Clipped: 4/4
Epoch [3685/4000] | Avg Makespan: 210.25 | Actor Loss: -0.0025 | Critic Loss: 0.1098 | Grad Norm: 1.8035 | Clipped: 4/4
Epoch [3686/4000] | Avg Makespan: 218.00 | Actor Loss: -0.0034 | Critic Loss: 0.0726 | Grad Norm: 1.7183 | Clipped: 4/4
Epoch [3687/4000] | Avg Makespan: 219.50 | Actor Loss: -0.0022 | Critic Loss: 0.1097 | Grad Norm: 1.4906 | Clipped: 4/4
Epoch [3688/4000] | Avg Makespan: 218.75 | Actor Loss: -0.0020 | Critic Loss: 0.0883 | Grad Norm: 1.9314 | Clipped: 4/4
Epoch [3689/4000] | Avg Makespan: 227.00 | Actor Loss: -0.0017 | Critic Loss: 0.4738 | Grad Norm: 2.2756 | Clipped: 4/4
Epoch [3690/4000] | Avg Makespan: 217.75 | Actor Loss: -0.0030 | Critic Loss: 0.0560 | Grad Norm: 1.3636 | Clipped: 3/4
Epoch [3691/4000] | Avg Makespan: 214.50 | Actor Loss: -0.0038 | Critic Loss: 0.0274 | Grad Norm: 2.3219 | Clipped: 4/4
Epoch [3692/4000] | Avg Makespan: 220.50 | Actor Loss: -0.0020 | Critic Loss: 0.0739 | Grad Norm: 2.6368 | Clipped: 4/4
Epoch [3693/4000] | Avg Makespan: 226.75 | Actor Loss: -0.0023 | Critic Loss: 0.1348 | Grad Norm: 1.0843 | Clipped: 4/4
Epoch [3694/4000] | Avg Makespan: 223.50 | Actor Loss: -0.0024 | Critic Loss: 0.1524 | Grad Norm: 1.8657 | Clipped: 4/4
Epoch [3695/4000] | Avg Makespan: 211.25 | Actor Loss: -0.0020 | Critic Loss: 0.0777 | Grad Norm: 3.2091 | Clipped: 4/4
Epoch [3696/4000] | Avg Makespan: 213.50 | Actor Loss: -0.0028 | Critic Loss: 0.0503 | Grad Norm: 1.5319 | Clipped: 3/4
Epoch [3697/4000] | Avg Makespan: 233.50 | Actor Loss: -0.0028 | Critic Loss: 0.3249 | Grad Norm: 2.5020 | Clipped: 4/4
Epoch [3698/4000] | Avg Makespan: 219.00 | Actor Loss: -0.0022 | Critic Loss: 0.1314 | Grad Norm: 1.9481 | Clipped: 4/4
Epoch [3699/4000] | Avg Makespan: 219.50 | Actor Loss: -0.0027 | Critic Loss: 0.1310 | Grad Norm: 1.2139 | Clipped: 4/4
Epoch [3700/4000] | Avg Makespan: 217.50 | Actor Loss: -0.0020 | Critic Loss: 0.0452 | Grad Norm: 1.8964 | Clipped: 4/4
   -> Validation | Samples: 280 | Makespan: 939.05 | Invalid Jobs: 0.01 | Score: 949.76
   -> Saved new best model (Val C~ mean of last 5: 365.16; this eval 360.78)
   -> Saved updated training chart to /home/wei/Desktop/AMR-DFJSP/runs/20260827_084425_v10_B_s42/chart.png
Epoch [3701/4000] | Avg Makespan: 215.50 | Actor Loss: -0.0021 | Critic Loss: 0.0899 | Grad Norm: 2.0412 | Clipped: 4/4
Epoch [3702/4000] | Avg Makespan: 210.75 | Actor Loss: -0.0022 | Critic Loss: 0.0647 | Grad Norm: 1.9062 | Clipped: 4/4
Epoch [3703/4000] | Avg Makespan: 221.25 | Actor Loss: -0.0012 | Critic Loss: 0.2388 | Grad Norm: 3.5710 | Clipped: 2/4
Epoch [3704/4000] | Avg Makespan: 220.50 | Actor Loss: -0.0023 | Critic Loss: 0.1426 | Grad Norm: 1.2972 | Clipped: 4/4
Epoch [3705/4000] | Avg Makespan: 215.50 | Actor Loss: -0.0007 | Critic Loss: 0.2685 | Grad Norm: 2.8386 | Clipped: 4/4
Epoch [3706/4000] | Avg Makespan: 214.00 | Actor Loss: -0.0028 | Critic Loss: 0.1456 | Grad Norm: 2.3020 | Clipped: 4/4
Epoch [3707/4000] | Avg Makespan: 217.50 | Actor Loss: -0.0023 | Critic Loss: 0.0466 | Grad Norm: 2.1173 | Clipped: 3/4
Epoch [3708/4000] | Avg Makespan: 213.50 | Actor Loss: -0.0018 | Critic Loss: 0.0399 | Grad Norm: 2.0120 | Clipped: 4/4
Epoch [3709/4000] | Avg Makespan: 212.75 | Actor Loss: -0.0023 | Critic Loss: 0.1207 | Grad Norm: 2.4346 | Clipped: 4/4
Epoch [3710/4000] | Avg Makespan: 223.50 | Actor Loss: -0.0015 | Critic Loss: 0.1558 | Grad Norm: 1.7930 | Clipped: 4/4
Epoch [3711/4000] | Avg Makespan: 210.00 | Actor Loss: -0.0038 | Critic Loss: 0.0473 | Grad Norm: 1.6153 | Clipped: 4/4
Epoch [3712/4000] | Avg Makespan: 215.50 | Actor Loss: -0.0043 | Critic Loss: 0.0741 | Grad Norm: 1.3242 | Clipped: 3/4
Epoch [3713/4000] | Avg Makespan: 219.75 | Actor Loss: -0.0011 | Critic Loss: 0.1256 | Grad Norm: 2.4355 | Clipped: 4/4
Epoch [3714/4000] | Avg Makespan: 214.00 | Actor Loss: -0.0025 | Critic Loss: 0.0238 | Grad Norm: 1.5665 | Clipped: 4/4
Epoch [3715/4000] | Avg Makespan: 240.50 | Actor Loss: -0.0023 | Critic Loss: 0.7652 | Grad Norm: 1.9275 | Clipped: 4/4
Epoch [3716/4000] | Avg Makespan: 212.00 | Actor Loss: -0.0027 | Critic Loss: 0.0420 | Grad Norm: 2.3187 | Clipped: 4/4
Epoch [3717/4000] | Avg Makespan: 213.25 | Actor Loss: -0.0034 | Critic Loss: 0.0540 | Grad Norm: 2.6434 | Clipped: 4/4
Epoch [3718/4000] | Avg Makespan: 221.50 | Actor Loss: -0.0025 | Critic Loss: 0.2611 | Grad Norm: 1.3202 | Clipped: 3/4
Epoch [3719/4000] | Avg Makespan: 222.00 | Actor Loss: -0.0018 | Critic Loss: 0.2204 | Grad Norm: 2.3783 | Clipped: 4/4
Epoch [3720/4000] | Avg Makespan: 214.50 | Actor Loss: -0.0030 | Critic Loss: 0.0346 | Grad Norm: 2.0115 | Clipped: 4/4
Epoch [3721/4000] | Avg Makespan: 219.75 | Actor Loss: -0.0029 | Critic Loss: 0.0925 | Grad Norm: 1.8658 | Clipped: 4/4
Epoch [3722/4000] | Avg Makespan: 213.25 | Actor Loss: -0.0020 | Critic Loss: 0.0630 | Grad Norm: 2.0885 | Clipped: 4/4
Epoch [3723/4000] | Avg Makespan: 228.25 | Actor Loss: -0.0028 | Critic Loss: 0.2022 | Grad Norm: 1.6436 | Clipped: 4/4
Epoch [3724/4000] | Avg Makespan: 217.75 | Actor Loss: -0.0023 | Critic Loss: 0.1769 | Grad Norm: 0.9752 | Clipped: 2/4
Epoch [3725/4000] | Avg Makespan: 217.00 | Actor Loss: -0.0039 | Critic Loss: 0.1262 | Grad Norm: 1.2651 | Clipped: 4/4
Epoch [3726/4000] | Avg Makespan: 221.50 | Actor Loss: -0.0011 | Critic Loss: 0.4920 | Grad Norm: 1.7789 | Clipped: 4/4
Epoch [3727/4000] | Avg Makespan: 212.00 | Actor Loss: -0.0030 | Critic Loss: 0.0512 | Grad Norm: 2.1533 | Clipped: 4/4
Epoch [3728/4000] | Avg Makespan: 222.50 | Actor Loss: -0.0031 | Critic Loss: 0.1280 | Grad Norm: 1.9536 | Clipped: 4/4
Epoch [3729/4000] | Avg Makespan: 226.00 | Actor Loss: -0.0029 | Critic Loss: 0.1299 | Grad Norm: 1.6268 | Clipped: 4/4
Epoch [3730/4000] | Avg Makespan: 210.00 | Actor Loss: -0.0018 | Critic Loss: 0.0575 | Grad Norm: 1.5453 | Clipped: 4/4
Epoch [3731/4000] | Avg Makespan: 219.50 | Actor Loss: -0.0012 | Critic Loss: 0.1727 | Grad Norm: 1.5072 | Clipped: 4/4
Epoch [3732/4000] | Avg Makespan: 215.00 | Actor Loss: -0.0025 | Critic Loss: 0.0468 | Grad Norm: 2.2666 | Clipped: 4/4
Epoch [3733/4000] | Avg Makespan: 227.50 | Actor Loss: -0.0026 | Critic Loss: 0.3866 | Grad Norm: 1.4267 | Clipped: 4/4
Epoch [3734/4000] | Avg Makespan: 214.00 | Actor Loss: -0.0026 | Critic Loss: 0.0446 | Grad Norm: 1.2372 | Clipped: 4/4
Epoch [3735/4000] | Avg Makespan: 215.75 | Actor Loss: -0.0015 | Critic Loss: 0.2269 | Grad Norm: 1.3544 | Clipped: 4/4
Epoch [3736/4000] | Avg Makespan: 216.50 | Actor Loss: -0.0026 | Critic Loss: 0.0404 | Grad Norm: 1.7908 | Clipped: 4/4
Epoch [3737/4000] | Avg Makespan: 209.00 | Actor Loss: -0.0018 | Critic Loss: 0.0601 | Grad Norm: 2.0339 | Clipped: 4/4
Epoch [3738/4000] | Avg Makespan: 222.00 | Actor Loss: -0.0005 | Critic Loss: 0.2420 | Grad Norm: 3.4647 | Clipped: 4/4
Epoch [3739/4000] | Avg Makespan: 222.00 | Actor Loss: -0.0018 | Critic Loss: 0.0918 | Grad Norm: 2.1404 | Clipped: 2/4
Epoch [3740/4000] | Avg Makespan: 212.75 | Actor Loss: -0.0029 | Critic Loss: 0.0624 | Grad Norm: 1.2958 | Clipped: 4/4
Epoch [3741/4000] | Avg Makespan: 230.00 | Actor Loss: -0.0027 | Critic Loss: 0.3124 | Grad Norm: 1.7621 | Clipped: 4/4
Epoch [3742/4000] | Avg Makespan: 225.00 | Actor Loss: -0.0031 | Critic Loss: 0.2306 | Grad Norm: 1.7714 | Clipped: 4/4
Epoch [3743/4000] | Avg Makespan: 217.00 | Actor Loss: -0.0011 | Critic Loss: 0.0853 | Grad Norm: 1.7370 | Clipped: 4/4
Epoch [3744/4000] | Avg Makespan: 209.50 | Actor Loss: -0.0025 | Critic Loss: 0.0742 | Grad Norm: 2.6010 | Clipped: 4/4
Epoch [3745/4000] | Avg Makespan: 218.75 | Actor Loss: -0.0032 | Critic Loss: 0.2338 | Grad Norm: 1.5696 | Clipped: 3/4
Epoch [3746/4000] | Avg Makespan: 215.50 | Actor Loss: -0.0021 | Critic Loss: 0.2193 | Grad Norm: 1.8049 | Clipped: 4/4
Epoch [3747/4000] | Avg Makespan: 210.25 | Actor Loss: -0.0018 | Critic Loss: 0.0467 | Grad Norm: 1.9051 | Clipped: 4/4
Epoch [3748/4000] | Avg Makespan: 227.25 | Actor Loss: -0.0036 | Critic Loss: 0.2650 | Grad Norm: 1.5953 | Clipped: 4/4
Epoch [3749/4000] | Avg Makespan: 213.75 | Actor Loss: -0.0027 | Critic Loss: 0.0537 | Grad Norm: 1.2418 | Clipped: 4/4
Epoch [3750/4000] | Avg Makespan: 214.50 | Actor Loss: -0.0020 | Critic Loss: 0.0253 | Grad Norm: 1.6496 | Clipped: 4/4
Epoch [3751/4000] | Avg Makespan: 220.00 | Actor Loss: -0.0024 | Critic Loss: 0.1596 | Grad Norm: 1.0204 | Clipped: 2/4
Epoch [3752/4000] | Avg Makespan: 213.50 | Actor Loss: -0.0026 | Critic Loss: 0.0201 | Grad Norm: 1.7512 | Clipped: 4/4
Epoch [3753/4000] | Avg Makespan: 216.50 | Actor Loss: -0.0038 | Critic Loss: 0.0533 | Grad Norm: 1.4646 | Clipped: 4/4
Epoch [3754/4000] | Avg Makespan: 211.25 | Actor Loss: -0.0016 | Critic Loss: 0.0305 | Grad Norm: 2.4618 | Clipped: 4/4
Epoch [3755/4000] | Avg Makespan: 220.75 | Actor Loss: -0.0027 | Critic Loss: 0.0873 | Grad Norm: 1.3397 | Clipped: 4/4
Epoch [3756/4000] | Avg Makespan: 227.25 | Actor Loss: -0.0015 | Critic Loss: 0.2979 | Grad Norm: 3.0159 | Clipped: 4/4
Epoch [3757/4000] | Avg Makespan: 221.75 | Actor Loss: -0.0024 | Critic Loss: 0.1992 | Grad Norm: 1.8994 | Clipped: 4/4
Epoch [3758/4000] | Avg Makespan: 217.25 | Actor Loss: -0.0020 | Critic Loss: 0.0519 | Grad Norm: 1.8890 | Clipped: 4/4
Epoch [3759/4000] | Avg Makespan: 216.75 | Actor Loss: -0.0024 | Critic Loss: 0.0626 | Grad Norm: 1.5977 | Clipped: 4/4
Epoch [3760/4000] | Avg Makespan: 225.25 | Actor Loss: -0.0027 | Critic Loss: 0.2184 | Grad Norm: 1.4692 | Clipped: 3/4
Epoch [3761/4000] | Avg Makespan: 218.00 | Actor Loss: -0.0023 | Critic Loss: 0.1617 | Grad Norm: 0.8961 | Clipped: 2/4
Epoch [3762/4000] | Avg Makespan: 220.50 | Actor Loss: -0.0026 | Critic Loss: 0.1435 | Grad Norm: 1.7305 | Clipped: 4/4
Epoch [3763/4000] | Avg Makespan: 215.75 | Actor Loss: -0.0024 | Critic Loss: 0.0776 | Grad Norm: 1.2837 | Clipped: 4/4
Epoch [3764/4000] | Avg Makespan: 211.75 | Actor Loss: -0.0025 | Critic Loss: 0.0189 | Grad Norm: 2.2477 | Clipped: 4/4
Epoch [3765/4000] | Avg Makespan: 213.50 | Actor Loss: -0.0023 | Critic Loss: 0.1524 | Grad Norm: 1.5680 | Clipped: 4/4
Epoch [3766/4000] | Avg Makespan: 210.00 | Actor Loss: -0.0024 | Critic Loss: 0.0295 | Grad Norm: 1.5493 | Clipped: 4/4
Epoch [3767/4000] | Avg Makespan: 221.50 | Actor Loss: -0.0018 | Critic Loss: 0.1584 | Grad Norm: 2.1732 | Clipped: 4/4
Epoch [3768/4000] | Avg Makespan: 213.75 | Actor Loss: -0.0029 | Critic Loss: 0.0571 | Grad Norm: 2.3032 | Clipped: 4/4
Epoch [3769/4000] | Avg Makespan: 222.25 | Actor Loss: -0.0025 | Critic Loss: 0.2234 | Grad Norm: 1.7003 | Clipped: 3/4
Epoch [3770/4000] | Avg Makespan: 219.25 | Actor Loss: -0.0034 | Critic Loss: 0.0914 | Grad Norm: 1.4793 | Clipped: 4/4
Epoch [3771/4000] | Avg Makespan: 221.75 | Actor Loss: -0.0040 | Critic Loss: 0.1201 | Grad Norm: 1.7546 | Clipped: 4/4
Epoch [3772/4000] | Avg Makespan: 216.00 | Actor Loss: -0.0022 | Critic Loss: 0.1079 | Grad Norm: 1.7974 | Clipped: 4/4
Epoch [3773/4000] | Avg Makespan: 212.50 | Actor Loss: -0.0028 | Critic Loss: 0.0285 | Grad Norm: 2.0692 | Clipped: 4/4
Epoch [3774/4000] | Avg Makespan: 225.75 | Actor Loss: -0.0028 | Critic Loss: 0.2362 | Grad Norm: 1.6369 | Clipped: 4/4
Epoch [3775/4000] | Avg Makespan: 225.00 | Actor Loss: -0.0023 | Critic Loss: 0.1445 | Grad Norm: 1.5165 | Clipped: 4/4
Epoch [3776/4000] | Avg Makespan: 212.75 | Actor Loss: -0.0014 | Critic Loss: 0.0553 | Grad Norm: 1.9355 | Clipped: 4/4
Epoch [3777/4000] | Avg Makespan: 211.50 | Actor Loss: -0.0024 | Critic Loss: 0.0477 | Grad Norm: 1.4814 | Clipped: 4/4
Epoch [3778/4000] | Avg Makespan: 218.50 | Actor Loss: -0.0031 | Critic Loss: 0.0883 | Grad Norm: 1.7288 | Clipped: 4/4
Epoch [3779/4000] | Avg Makespan: 221.25 | Actor Loss: -0.0012 | Critic Loss: 0.1477 | Grad Norm: 4.2175 | Clipped: 4/4
Epoch [3780/4000] | Avg Makespan: 210.50 | Actor Loss: -0.0026 | Critic Loss: 0.0243 | Grad Norm: 1.8133 | Clipped: 4/4
Epoch [3781/4000] | Avg Makespan: 210.75 | Actor Loss: -0.0034 | Critic Loss: 0.0138 | Grad Norm: 1.8958 | Clipped: 4/4
Epoch [3782/4000] | Avg Makespan: 210.25 | Actor Loss: -0.0026 | Critic Loss: 0.0482 | Grad Norm: 1.7585 | Clipped: 4/4
Epoch [3783/4000] | Avg Makespan: 223.25 | Actor Loss: -0.0013 | Critic Loss: 0.1886 | Grad Norm: 2.1579 | Clipped: 4/4
Epoch [3784/4000] | Avg Makespan: 214.75 | Actor Loss: -0.0031 | Critic Loss: 0.2307 | Grad Norm: 1.7374 | Clipped: 4/4
Epoch [3785/4000] | Avg Makespan: 211.25 | Actor Loss: -0.0029 | Critic Loss: 0.0682 | Grad Norm: 1.2924 | Clipped: 4/4
Epoch [3786/4000] | Avg Makespan: 222.00 | Actor Loss: -0.0017 | Critic Loss: 0.0432 | Grad Norm: 1.2779 | Clipped: 4/4
Epoch [3787/4000] | Avg Makespan: 222.50 | Actor Loss: -0.0029 | Critic Loss: 0.1287 | Grad Norm: 1.1950 | Clipped: 4/4
Epoch [3788/4000] | Avg Makespan: 214.25 | Actor Loss: -0.0033 | Critic Loss: 0.0538 | Grad Norm: 1.1541 | Clipped: 4/4
Epoch [3789/4000] | Avg Makespan: 218.50 | Actor Loss: -0.0032 | Critic Loss: 0.0979 | Grad Norm: 1.5667 | Clipped: 4/4
Epoch [3790/4000] | Avg Makespan: 224.75 | Actor Loss: -0.0012 | Critic Loss: 0.3996 | Grad Norm: 2.2646 | Clipped: 4/4
Epoch [3791/4000] | Avg Makespan: 208.50 | Actor Loss: -0.0042 | Critic Loss: 0.0731 | Grad Norm: 1.9796 | Clipped: 4/4
Epoch [3792/4000] | Avg Makespan: 213.25 | Actor Loss: -0.0034 | Critic Loss: 0.0758 | Grad Norm: 1.4401 | Clipped: 4/4
Epoch [3793/4000] | Avg Makespan: 219.00 | Actor Loss: -0.0019 | Critic Loss: 0.0602 | Grad Norm: 1.3914 | Clipped: 4/4
Epoch [3794/4000] | Avg Makespan: 223.25 | Actor Loss: -0.0034 | Critic Loss: 0.3730 | Grad Norm: 1.8450 | Clipped: 4/4
Epoch [3795/4000] | Avg Makespan: 215.00 | Actor Loss: -0.0032 | Critic Loss: 0.0458 | Grad Norm: 1.8023 | Clipped: 3/4
Epoch [3796/4000] | Avg Makespan: 222.25 | Actor Loss: -0.0023 | Critic Loss: 0.2629 | Grad Norm: 1.5436 | Clipped: 4/4
Epoch [3797/4000] | Avg Makespan: 217.50 | Actor Loss: -0.0018 | Critic Loss: 0.0932 | Grad Norm: 2.2760 | Clipped: 4/4
Epoch [3798/4000] | Avg Makespan: 224.50 | Actor Loss: -0.0019 | Critic Loss: 0.1596 | Grad Norm: 2.1379 | Clipped: 4/4
Epoch [3799/4000] | Avg Makespan: 219.50 | Actor Loss: -0.0030 | Critic Loss: 0.3165 | Grad Norm: 1.3805 | Clipped: 3/4
Epoch [3800/4000] | Avg Makespan: 219.50 | Actor Loss: -0.0020 | Critic Loss: 0.0996 | Grad Norm: 1.1481 | Clipped: 2/4
   -> Validation | Samples: 280 | Makespan: 985.15 | Invalid Jobs: 0.01 | Score: 999.43
   -> Saved new best model (Val C~ mean of last 5: 364.36; this eval 361.96)
   -> Saved updated training chart to /home/wei/Desktop/AMR-DFJSP/runs/20260827_084425_v10_B_s42/chart.png
Epoch [3801/4000] | Avg Makespan: 214.50 | Actor Loss: -0.0035 | Critic Loss: 0.0442 | Grad Norm: 2.9991 | Clipped: 4/4
Epoch [3802/4000] | Avg Makespan: 214.25 | Actor Loss: -0.0026 | Critic Loss: 0.0630 | Grad Norm: 2.5039 | Clipped: 4/4
Epoch [3803/4000] | Avg Makespan: 225.25 | Actor Loss: -0.0018 | Critic Loss: 0.3536 | Grad Norm: 2.0000 | Clipped: 4/4
Epoch [3804/4000] | Avg Makespan: 210.00 | Actor Loss: -0.0034 | Critic Loss: 0.0977 | Grad Norm: 1.7661 | Clipped: 4/4
Epoch [3805/4000] | Avg Makespan: 242.25 | Actor Loss: -0.0000 | Critic Loss: 1.0100 | Grad Norm: 3.4351 | Clipped: 4/4
Epoch [3806/4000] | Avg Makespan: 217.00 | Actor Loss: -0.0025 | Critic Loss: 0.1898 | Grad Norm: 3.3564 | Clipped: 4/4
Epoch [3807/4000] | Avg Makespan: 216.50 | Actor Loss: -0.0035 | Critic Loss: 0.2500 | Grad Norm: 1.8034 | Clipped: 4/4
Epoch [3808/4000] | Avg Makespan: 214.50 | Actor Loss: -0.0024 | Critic Loss: 0.0606 | Grad Norm: 2.3839 | Clipped: 4/4
Epoch [3809/4000] | Avg Makespan: 216.50 | Actor Loss: -0.0005 | Critic Loss: 0.1261 | Grad Norm: 1.8839 | Clipped: 4/4
Epoch [3810/4000] | Avg Makespan: 215.00 | Actor Loss: -0.0019 | Critic Loss: 0.0794 | Grad Norm: 1.6617 | Clipped: 4/4
Epoch [3811/4000] | Avg Makespan: 215.25 | Actor Loss: -0.0026 | Critic Loss: 0.0461 | Grad Norm: 1.3006 | Clipped: 4/4
Epoch [3812/4000] | Avg Makespan: 216.75 | Actor Loss: -0.0021 | Critic Loss: 0.0225 | Grad Norm: 1.5423 | Clipped: 3/4
Epoch [3813/4000] | Avg Makespan: 222.50 | Actor Loss: -0.0031 | Critic Loss: 0.2490 | Grad Norm: 1.1646 | Clipped: 4/4
Epoch [3814/4000] | Avg Makespan: 213.50 | Actor Loss: -0.0016 | Critic Loss: 0.0634 | Grad Norm: 1.7303 | Clipped: 4/4
Epoch [3815/4000] | Avg Makespan: 218.00 | Actor Loss: -0.0015 | Critic Loss: 0.2789 | Grad Norm: 1.4078 | Clipped: 4/4
Epoch [3816/4000] | Avg Makespan: 214.75 | Actor Loss: -0.0027 | Critic Loss: 0.0275 | Grad Norm: 1.8954 | Clipped: 4/4
Epoch [3817/4000] | Avg Makespan: 224.75 | Actor Loss: -0.0027 | Critic Loss: 0.1468 | Grad Norm: 1.9411 | Clipped: 4/4
Epoch [3818/4000] | Avg Makespan: 211.25 | Actor Loss: -0.0020 | Critic Loss: 0.0564 | Grad Norm: 2.0358 | Clipped: 4/4
Epoch [3819/4000] | Avg Makespan: 209.25 | Actor Loss: -0.0039 | Critic Loss: 0.0487 | Grad Norm: 3.0965 | Clipped: 4/4
Epoch [3820/4000] | Avg Makespan: 213.75 | Actor Loss: -0.0011 | Critic Loss: 0.0246 | Grad Norm: 2.3938 | Clipped: 4/4
Epoch [3821/4000] | Avg Makespan: 212.00 | Actor Loss: -0.0028 | Critic Loss: 0.0266 | Grad Norm: 1.7598 | Clipped: 4/4
Epoch [3822/4000] | Avg Makespan: 211.50 | Actor Loss: -0.0017 | Critic Loss: 0.0284 | Grad Norm: 1.9469 | Clipped: 4/4
Epoch [3823/4000] | Avg Makespan: 216.25 | Actor Loss: -0.0028 | Critic Loss: 0.2360 | Grad Norm: 1.3115 | Clipped: 4/4
Epoch [3824/4000] | Avg Makespan: 217.50 | Actor Loss: -0.0031 | Critic Loss: 0.0615 | Grad Norm: 3.3332 | Clipped: 4/4
Epoch [3825/4000] | Avg Makespan: 212.25 | Actor Loss: -0.0014 | Critic Loss: 0.0520 | Grad Norm: 1.7747 | Clipped: 4/4
Epoch [3826/4000] | Avg Makespan: 210.25 | Actor Loss: -0.0024 | Critic Loss: 0.0271 | Grad Norm: 1.8744 | Clipped: 4/4
Epoch [3827/4000] | Avg Makespan: 225.00 | Actor Loss: -0.0025 | Critic Loss: 0.1317 | Grad Norm: 1.3283 | Clipped: 4/4
Epoch [3828/4000] | Avg Makespan: 215.75 | Actor Loss: -0.0042 | Critic Loss: 0.0483 | Grad Norm: 1.1905 | Clipped: 3/4
Epoch [3829/4000] | Avg Makespan: 221.25 | Actor Loss: -0.0031 | Critic Loss: 0.0845 | Grad Norm: 1.7224 | Clipped: 3/4
Epoch [3830/4000] | Avg Makespan: 215.75 | Actor Loss: -0.0027 | Critic Loss: 0.1683 | Grad Norm: 1.6325 | Clipped: 4/4
Epoch [3831/4000] | Avg Makespan: 231.00 | Actor Loss: -0.0019 | Critic Loss: 0.3641 | Grad Norm: 1.0549 | Clipped: 2/4
Epoch [3832/4000] | Avg Makespan: 222.00 | Actor Loss: -0.0023 | Critic Loss: 0.1043 | Grad Norm: 1.6927 | Clipped: 3/4
Epoch [3833/4000] | Avg Makespan: 213.00 | Actor Loss: -0.0024 | Critic Loss: 0.0431 | Grad Norm: 1.7298 | Clipped: 4/4
Epoch [3834/4000] | Avg Makespan: 216.50 | Actor Loss: -0.0024 | Critic Loss: 0.1192 | Grad Norm: 1.1952 | Clipped: 3/4
Epoch [3835/4000] | Avg Makespan: 210.75 | Actor Loss: -0.0024 | Critic Loss: 0.0878 | Grad Norm: 1.7040 | Clipped: 4/4
Epoch [3836/4000] | Avg Makespan: 218.00 | Actor Loss: -0.0013 | Critic Loss: 0.0619 | Grad Norm: 2.9661 | Clipped: 4/4
Epoch [3837/4000] | Avg Makespan: 207.25 | Actor Loss: -0.0013 | Critic Loss: 0.0675 | Grad Norm: 2.2706 | Clipped: 4/4
Epoch [3838/4000] | Avg Makespan: 229.00 | Actor Loss: -0.0021 | Critic Loss: 0.2669 | Grad Norm: 1.6556 | Clipped: 4/4
Epoch [3839/4000] | Avg Makespan: 220.00 | Actor Loss: -0.0037 | Critic Loss: 0.2205 | Grad Norm: 1.1894 | Clipped: 4/4
Epoch [3840/4000] | Avg Makespan: 207.75 | Actor Loss: -0.0020 | Critic Loss: 0.0883 | Grad Norm: 1.6806 | Clipped: 4/4
Epoch [3841/4000] | Avg Makespan: 220.50 | Actor Loss: -0.0023 | Critic Loss: 0.3440 | Grad Norm: 1.1913 | Clipped: 3/4
Epoch [3842/4000] | Avg Makespan: 210.50 | Actor Loss: -0.0012 | Critic Loss: 0.0486 | Grad Norm: 1.8342 | Clipped: 4/4
Epoch [3843/4000] | Avg Makespan: 215.00 | Actor Loss: -0.0036 | Critic Loss: 0.1236 | Grad Norm: 1.1945 | Clipped: 3/4
Epoch [3844/4000] | Avg Makespan: 210.25 | Actor Loss: -0.0024 | Critic Loss: 0.0760 | Grad Norm: 1.4504 | Clipped: 4/4
Epoch [3845/4000] | Avg Makespan: 213.00 | Actor Loss: -0.0021 | Critic Loss: 0.1833 | Grad Norm: 1.4057 | Clipped: 4/4
Epoch [3846/4000] | Avg Makespan: 212.00 | Actor Loss: -0.0034 | Critic Loss: 0.0267 | Grad Norm: 1.7566 | Clipped: 4/4
Epoch [3847/4000] | Avg Makespan: 230.00 | Actor Loss: -0.0028 | Critic Loss: 0.2343 | Grad Norm: 2.1950 | Clipped: 4/4
Epoch [3848/4000] | Avg Makespan: 219.50 | Actor Loss: -0.0027 | Critic Loss: 0.0470 | Grad Norm: 1.4468 | Clipped: 4/4
Epoch [3849/4000] | Avg Makespan: 211.25 | Actor Loss: -0.0024 | Critic Loss: 0.0488 | Grad Norm: 2.3891 | Clipped: 4/4
Epoch [3850/4000] | Avg Makespan: 206.25 | Actor Loss: -0.0025 | Critic Loss: 0.0494 | Grad Norm: 1.8285 | Clipped: 4/4
Epoch [3851/4000] | Avg Makespan: 211.00 | Actor Loss: -0.0032 | Critic Loss: 0.0537 | Grad Norm: 1.9822 | Clipped: 4/4
Epoch [3852/4000] | Avg Makespan: 215.50 | Actor Loss: -0.0037 | Critic Loss: 0.0688 | Grad Norm: 1.0638 | Clipped: 2/4
Epoch [3853/4000] | Avg Makespan: 222.00 | Actor Loss: -0.0024 | Critic Loss: 0.2088 | Grad Norm: 2.2655 | Clipped: 4/4
Epoch [3854/4000] | Avg Makespan: 207.25 | Actor Loss: -0.0017 | Critic Loss: 0.0449 | Grad Norm: 1.4263 | Clipped: 4/4
Epoch [3855/4000] | Avg Makespan: 219.75 | Actor Loss: -0.0031 | Critic Loss: 0.1040 | Grad Norm: 1.2929 | Clipped: 4/4
Epoch [3856/4000] | Avg Makespan: 222.00 | Actor Loss: -0.0018 | Critic Loss: 0.1877 | Grad Norm: 1.5664 | Clipped: 4/4
Epoch [3857/4000] | Avg Makespan: 207.50 | Actor Loss: -0.0038 | Critic Loss: 0.0419 | Grad Norm: 1.9409 | Clipped: 4/4
Epoch [3858/4000] | Avg Makespan: 216.00 | Actor Loss: -0.0018 | Critic Loss: 0.0320 | Grad Norm: 2.7096 | Clipped: 3/4
Epoch [3859/4000] | Avg Makespan: 214.25 | Actor Loss: -0.0038 | Critic Loss: 0.0450 | Grad Norm: 1.1706 | Clipped: 3/4
Epoch [3860/4000] | Avg Makespan: 216.00 | Actor Loss: -0.0012 | Critic Loss: 0.0412 | Grad Norm: 1.5148 | Clipped: 4/4
Epoch [3861/4000] | Avg Makespan: 227.25 | Actor Loss: -0.0015 | Critic Loss: 0.1281 | Grad Norm: 3.3725 | Clipped: 4/4
Epoch [3862/4000] | Avg Makespan: 216.25 | Actor Loss: -0.0025 | Critic Loss: 0.0569 | Grad Norm: 1.2728 | Clipped: 3/4
Epoch [3863/4000] | Avg Makespan: 207.25 | Actor Loss: -0.0022 | Critic Loss: 0.0412 | Grad Norm: 4.6479 | Clipped: 4/4
Epoch [3864/4000] | Avg Makespan: 215.00 | Actor Loss: -0.0026 | Critic Loss: 0.1346 | Grad Norm: 1.0933 | Clipped: 3/4
Epoch [3865/4000] | Avg Makespan: 219.25 | Actor Loss: -0.0025 | Critic Loss: 0.0649 | Grad Norm: 1.4026 | Clipped: 4/4
Epoch [3866/4000] | Avg Makespan: 212.50 | Actor Loss: -0.0026 | Critic Loss: 0.0275 | Grad Norm: 1.2241 | Clipped: 4/4
Epoch [3867/4000] | Avg Makespan: 226.00 | Actor Loss: -0.0025 | Critic Loss: 0.1698 | Grad Norm: 1.8191 | Clipped: 4/4
Epoch [3868/4000] | Avg Makespan: 212.00 | Actor Loss: -0.0016 | Critic Loss: 0.0205 | Grad Norm: 1.5243 | Clipped: 3/4
Epoch [3869/4000] | Avg Makespan: 212.50 | Actor Loss: -0.0016 | Critic Loss: 0.0189 | Grad Norm: 1.2480 | Clipped: 4/4
Epoch [3870/4000] | Avg Makespan: 214.75 | Actor Loss: -0.0032 | Critic Loss: 0.0646 | Grad Norm: 2.2503 | Clipped: 4/4
Epoch [3871/4000] | Avg Makespan: 213.50 | Actor Loss: -0.0017 | Critic Loss: 0.1646 | Grad Norm: 1.9058 | Clipped: 4/4
Epoch [3872/4000] | Avg Makespan: 215.25 | Actor Loss: -0.0017 | Critic Loss: 0.0213 | Grad Norm: 0.8053 | Clipped: 0/4
Epoch [3873/4000] | Avg Makespan: 233.50 | Actor Loss: -0.0030 | Critic Loss: 0.2065 | Grad Norm: 1.4214 | Clipped: 4/4
Epoch [3874/4000] | Avg Makespan: 227.50 | Actor Loss: -0.0031 | Critic Loss: 0.1355 | Grad Norm: 1.1595 | Clipped: 3/4
Epoch [3875/4000] | Avg Makespan: 229.25 | Actor Loss: -0.0016 | Critic Loss: 0.3419 | Grad Norm: 2.1822 | Clipped: 4/4
Epoch [3876/4000] | Avg Makespan: 212.00 | Actor Loss: -0.0016 | Critic Loss: 0.0386 | Grad Norm: 1.5712 | Clipped: 4/4
Epoch [3877/4000] | Avg Makespan: 214.75 | Actor Loss: -0.0034 | Critic Loss: 0.1009 | Grad Norm: 1.1947 | Clipped: 4/4
Epoch [3878/4000] | Avg Makespan: 217.50 | Actor Loss: -0.0023 | Critic Loss: 0.0725 | Grad Norm: 1.7042 | Clipped: 2/4
Epoch [3879/4000] | Avg Makespan: 215.25 | Actor Loss: -0.0009 | Critic Loss: 0.0650 | Grad Norm: 1.9789 | Clipped: 4/4
Epoch [3880/4000] | Avg Makespan: 222.75 | Actor Loss: -0.0025 | Critic Loss: 0.2260 | Grad Norm: 1.6707 | Clipped: 4/4
Epoch [3881/4000] | Avg Makespan: 210.00 | Actor Loss: -0.0034 | Critic Loss: 0.0294 | Grad Norm: 1.3195 | Clipped: 4/4
Epoch [3882/4000] | Avg Makespan: 210.50 | Actor Loss: -0.0032 | Critic Loss: 0.0623 | Grad Norm: 1.3417 | Clipped: 3/4
Epoch [3883/4000] | Avg Makespan: 209.75 | Actor Loss: -0.0025 | Critic Loss: 0.0294 | Grad Norm: 2.4445 | Clipped: 4/4
Epoch [3884/4000] | Avg Makespan: 215.00 | Actor Loss: -0.0018 | Critic Loss: 0.0656 | Grad Norm: 1.1416 | Clipped: 2/4
Epoch [3885/4000] | Avg Makespan: 216.25 | Actor Loss: -0.0032 | Critic Loss: 0.0660 | Grad Norm: 1.1769 | Clipped: 3/4
Epoch [3886/4000] | Avg Makespan: 211.50 | Actor Loss: -0.0036 | Critic Loss: 0.0780 | Grad Norm: 1.8217 | Clipped: 4/4
Epoch [3887/4000] | Avg Makespan: 212.25 | Actor Loss: -0.0017 | Critic Loss: 0.0748 | Grad Norm: 1.7794 | Clipped: 4/4
Epoch [3888/4000] | Avg Makespan: 213.50 | Actor Loss: -0.0022 | Critic Loss: 0.0263 | Grad Norm: 1.3946 | Clipped: 4/4
Epoch [3889/4000] | Avg Makespan: 210.75 | Actor Loss: -0.0015 | Critic Loss: 0.0362 | Grad Norm: 3.1152 | Clipped: 4/4
Epoch [3890/4000] | Avg Makespan: 219.75 | Actor Loss: -0.0029 | Critic Loss: 0.1043 | Grad Norm: 1.3169 | Clipped: 4/4
Epoch [3891/4000] | Avg Makespan: 210.25 | Actor Loss: -0.0015 | Critic Loss: 0.0882 | Grad Norm: 1.7304 | Clipped: 4/4
Epoch [3892/4000] | Avg Makespan: 224.00 | Actor Loss: -0.0021 | Critic Loss: 0.5523 | Grad Norm: 1.9663 | Clipped: 4/4
Epoch [3893/4000] | Avg Makespan: 208.50 | Actor Loss: -0.0023 | Critic Loss: 0.0376 | Grad Norm: 1.1529 | Clipped: 3/4
Epoch [3894/4000] | Avg Makespan: 210.50 | Actor Loss: -0.0027 | Critic Loss: 0.0322 | Grad Norm: 1.1703 | Clipped: 2/4
Epoch [3895/4000] | Avg Makespan: 210.50 | Actor Loss: -0.0025 | Critic Loss: 0.0293 | Grad Norm: 1.4841 | Clipped: 3/4
Epoch [3896/4000] | Avg Makespan: 223.75 | Actor Loss: -0.0019 | Critic Loss: 0.2243 | Grad Norm: 1.1528 | Clipped: 4/4
Epoch [3897/4000] | Avg Makespan: 217.50 | Actor Loss: -0.0029 | Critic Loss: 0.1487 | Grad Norm: 1.9682 | Clipped: 2/4
Epoch [3898/4000] | Avg Makespan: 217.00 | Actor Loss: -0.0016 | Critic Loss: 0.2109 | Grad Norm: 1.1426 | Clipped: 2/4
Epoch [3899/4000] | Avg Makespan: 218.75 | Actor Loss: -0.0029 | Critic Loss: 0.2518 | Grad Norm: 2.2353 | Clipped: 3/4
Epoch [3900/4000] | Avg Makespan: 214.00 | Actor Loss: -0.0026 | Critic Loss: 0.0619 | Grad Norm: 1.7022 | Clipped: 4/4
   -> Validation | Samples: 280 | Makespan: 1051.00 | Invalid Jobs: 0.01 | Score: 1065.29
   -> Saved updated training chart to /home/wei/Desktop/AMR-DFJSP/runs/20260827_084425_v10_B_s42/chart.png
Epoch [3901/4000] | Avg Makespan: 241.00 | Actor Loss: -0.0016 | Critic Loss: 1.0492 | Grad Norm: 3.2682 | Clipped: 4/4
Epoch [3902/4000] | Avg Makespan: 218.25 | Actor Loss: -0.0011 | Critic Loss: 0.0539 | Grad Norm: 1.9750 | Clipped: 4/4
Epoch [3903/4000] | Avg Makespan: 212.25 | Actor Loss: -0.0020 | Critic Loss: 0.1527 | Grad Norm: 1.7374 | Clipped: 3/4
Epoch [3904/4000] | Avg Makespan: 214.25 | Actor Loss: -0.0040 | Critic Loss: 0.2192 | Grad Norm: 1.3090 | Clipped: 2/4
Epoch [3905/4000] | Avg Makespan: 230.50 | Actor Loss: -0.0026 | Critic Loss: 0.6049 | Grad Norm: 1.1861 | Clipped: 4/4
Epoch [3906/4000] | Avg Makespan: 214.00 | Actor Loss: -0.0029 | Critic Loss: 0.0432 | Grad Norm: 1.1419 | Clipped: 4/4
Epoch [3907/4000] | Avg Makespan: 237.50 | Actor Loss: -0.0008 | Critic Loss: 0.4445 | Grad Norm: 1.4970 | Clipped: 4/4
Epoch [3908/4000] | Avg Makespan: 210.50 | Actor Loss: -0.0036 | Critic Loss: 0.0891 | Grad Norm: 1.2885 | Clipped: 4/4
Epoch [3909/4000] | Avg Makespan: 209.25 | Actor Loss: -0.0020 | Critic Loss: 0.0556 | Grad Norm: 1.4906 | Clipped: 4/4
Epoch [3910/4000] | Avg Makespan: 215.50 | Actor Loss: -0.0016 | Critic Loss: 0.4591 | Grad Norm: 1.5108 | Clipped: 3/4
Epoch [3911/4000] | Avg Makespan: 214.50 | Actor Loss: -0.0015 | Critic Loss: 0.0373 | Grad Norm: 2.2188 | Clipped: 4/4
Epoch [3912/4000] | Avg Makespan: 222.50 | Actor Loss: -0.0022 | Critic Loss: 0.1559 | Grad Norm: 1.9265 | Clipped: 4/4
Epoch [3913/4000] | Avg Makespan: 224.25 | Actor Loss: -0.0020 | Critic Loss: 0.1648 | Grad Norm: 1.4063 | Clipped: 4/4
Epoch [3914/4000] | Avg Makespan: 220.00 | Actor Loss: -0.0017 | Critic Loss: 0.1915 | Grad Norm: 1.9248 | Clipped: 4/4
Epoch [3915/4000] | Avg Makespan: 221.50 | Actor Loss: -0.0026 | Critic Loss: 0.2354 | Grad Norm: 2.0581 | Clipped: 4/4
Epoch [3916/4000] | Avg Makespan: 214.00 | Actor Loss: -0.0008 | Critic Loss: 0.4279 | Grad Norm: 3.4953 | Clipped: 4/4
Epoch [3917/4000] | Avg Makespan: 216.50 | Actor Loss: -0.0017 | Critic Loss: 0.0893 | Grad Norm: 2.3971 | Clipped: 4/4
Epoch [3918/4000] | Avg Makespan: 221.00 | Actor Loss: -0.0034 | Critic Loss: 0.3444 | Grad Norm: 1.9305 | Clipped: 4/4
Epoch [3919/4000] | Avg Makespan: 214.00 | Actor Loss: -0.0014 | Critic Loss: 0.1681 | Grad Norm: 1.9879 | Clipped: 4/4
Epoch [3920/4000] | Avg Makespan: 230.25 | Actor Loss: -0.0021 | Critic Loss: 0.3811 | Grad Norm: 2.2686 | Clipped: 4/4
Epoch [3921/4000] | Avg Makespan: 221.50 | Actor Loss: -0.0017 | Critic Loss: 0.1473 | Grad Norm: 1.1274 | Clipped: 2/4
Epoch [3922/4000] | Avg Makespan: 211.25 | Actor Loss: -0.0039 | Critic Loss: 0.0882 | Grad Norm: 1.4736 | Clipped: 4/4
Epoch [3923/4000] | Avg Makespan: 210.00 | Actor Loss: -0.0022 | Critic Loss: 0.0958 | Grad Norm: 2.0011 | Clipped: 3/4
Epoch [3924/4000] | Avg Makespan: 207.75 | Actor Loss: -0.0038 | Critic Loss: 0.0611 | Grad Norm: 1.7952 | Clipped: 4/4
Epoch [3925/4000] | Avg Makespan: 220.50 | Actor Loss: -0.0021 | Critic Loss: 0.3416 | Grad Norm: 1.8461 | Clipped: 4/4
Epoch [3926/4000] | Avg Makespan: 223.75 | Actor Loss: -0.0021 | Critic Loss: 0.0969 | Grad Norm: 0.9756 | Clipped: 1/4
Epoch [3927/4000] | Avg Makespan: 207.25 | Actor Loss: -0.0024 | Critic Loss: 0.0413 | Grad Norm: 1.8826 | Clipped: 4/4
Epoch [3928/4000] | Avg Makespan: 225.00 | Actor Loss: 0.0000 | Critic Loss: 0.3409 | Grad Norm: 3.1154 | Clipped: 4/4
Epoch [3929/4000] | Avg Makespan: 215.75 | Actor Loss: -0.0029 | Critic Loss: 0.1090 | Grad Norm: 1.4266 | Clipped: 4/4
Epoch [3930/4000] | Avg Makespan: 211.25 | Actor Loss: -0.0017 | Critic Loss: 0.1043 | Grad Norm: 1.3424 | Clipped: 1/4
Epoch [3931/4000] | Avg Makespan: 210.00 | Actor Loss: -0.0023 | Critic Loss: 0.0447 | Grad Norm: 1.6935 | Clipped: 3/4
Epoch [3932/4000] | Avg Makespan: 213.00 | Actor Loss: -0.0023 | Critic Loss: 0.0682 | Grad Norm: 1.9382 | Clipped: 4/4
Epoch [3933/4000] | Avg Makespan: 233.75 | Actor Loss: -0.0019 | Critic Loss: 0.4121 | Grad Norm: 2.1887 | Clipped: 4/4
Epoch [3934/4000] | Avg Makespan: 209.00 | Actor Loss: -0.0025 | Critic Loss: 0.0387 | Grad Norm: 2.5124 | Clipped: 4/4
Epoch [3935/4000] | Avg Makespan: 208.00 | Actor Loss: -0.0010 | Critic Loss: 0.0590 | Grad Norm: 3.4687 | Clipped: 4/4
Epoch [3936/4000] | Avg Makespan: 216.00 | Actor Loss: -0.0017 | Critic Loss: 0.1426 | Grad Norm: 2.3802 | Clipped: 4/4
Epoch [3937/4000] | Avg Makespan: 243.25 | Actor Loss: -0.0014 | Critic Loss: 0.8845 | Grad Norm: 3.7413 | Clipped: 4/4
Epoch [3938/4000] | Avg Makespan: 234.25 | Actor Loss: -0.0014 | Critic Loss: 0.5035 | Grad Norm: 2.8773 | Clipped: 4/4
Epoch [3939/4000] | Avg Makespan: 208.00 | Actor Loss: -0.0007 | Critic Loss: 0.1214 | Grad Norm: 2.3390 | Clipped: 4/4
Epoch [3940/4000] | Avg Makespan: 208.75 | Actor Loss: -0.0018 | Critic Loss: 0.0806 | Grad Norm: 1.4174 | Clipped: 4/4
Epoch [3941/4000] | Avg Makespan: 225.50 | Actor Loss: -0.0014 | Critic Loss: 0.3371 | Grad Norm: 1.2374 | Clipped: 2/4
Epoch [3942/4000] | Avg Makespan: 209.75 | Actor Loss: -0.0016 | Critic Loss: 0.0846 | Grad Norm: 1.5533 | Clipped: 4/4
Epoch [3943/4000] | Avg Makespan: 212.50 | Actor Loss: -0.0033 | Critic Loss: 0.0538 | Grad Norm: 1.0472 | Clipped: 3/4
Epoch [3944/4000] | Avg Makespan: 234.50 | Actor Loss: -0.0040 | Critic Loss: 0.2149 | Grad Norm: 2.0904 | Clipped: 4/4
Epoch [3945/4000] | Avg Makespan: 227.50 | Actor Loss: -0.0020 | Critic Loss: 0.2869 | Grad Norm: 1.9358 | Clipped: 4/4
Epoch [3946/4000] | Avg Makespan: 220.00 | Actor Loss: -0.0021 | Critic Loss: 0.2614 | Grad Norm: 1.8811 | Clipped: 4/4
Epoch [3947/4000] | Avg Makespan: 239.00 | Actor Loss: -0.0027 | Critic Loss: 1.4376 | Grad Norm: 2.5474 | Clipped: 4/4
Epoch [3948/4000] | Avg Makespan: 214.75 | Actor Loss: -0.0026 | Critic Loss: 0.1682 | Grad Norm: 1.8800 | Clipped: 4/4
Epoch [3949/4000] | Avg Makespan: 215.50 | Actor Loss: -0.0026 | Critic Loss: 0.0638 | Grad Norm: 1.6059 | Clipped: 4/4
Epoch [3950/4000] | Avg Makespan: 207.00 | Actor Loss: -0.0020 | Critic Loss: 0.0995 | Grad Norm: 3.1471 | Clipped: 4/4
Epoch [3951/4000] | Avg Makespan: 210.75 | Actor Loss: -0.0013 | Critic Loss: 0.0763 | Grad Norm: 1.5524 | Clipped: 4/4
Epoch [3952/4000] | Avg Makespan: 233.25 | Actor Loss: -0.0018 | Critic Loss: 0.3658 | Grad Norm: 1.5226 | Clipped: 4/4
Epoch [3953/4000] | Avg Makespan: 223.25 | Actor Loss: -0.0020 | Critic Loss: 0.3424 | Grad Norm: 1.9498 | Clipped: 4/4
Epoch [3954/4000] | Avg Makespan: 222.00 | Actor Loss: -0.0027 | Critic Loss: 0.4729 | Grad Norm: 1.0600 | Clipped: 2/4
Epoch [3955/4000] | Avg Makespan: 207.50 | Actor Loss: -0.0027 | Critic Loss: 0.0836 | Grad Norm: 1.3645 | Clipped: 4/4
Epoch [3956/4000] | Avg Makespan: 223.25 | Actor Loss: -0.0021 | Critic Loss: 0.4778 | Grad Norm: 1.5454 | Clipped: 4/4
Epoch [3957/4000] | Avg Makespan: 214.25 | Actor Loss: -0.0019 | Critic Loss: 0.3036 | Grad Norm: 1.8661 | Clipped: 4/4
Epoch [3958/4000] | Avg Makespan: 217.75 | Actor Loss: -0.0024 | Critic Loss: 0.3245 | Grad Norm: 2.3402 | Clipped: 3/4
Epoch [3959/4000] | Avg Makespan: 215.25 | Actor Loss: -0.0028 | Critic Loss: 0.1490 | Grad Norm: 1.8466 | Clipped: 3/4
Epoch [3960/4000] | Avg Makespan: 211.00 | Actor Loss: -0.0016 | Critic Loss: 0.0748 | Grad Norm: 1.3772 | Clipped: 4/4
Epoch [3961/4000] | Avg Makespan: 241.00 | Actor Loss: -0.0018 | Critic Loss: 0.5944 | Grad Norm: 2.4901 | Clipped: 4/4
Epoch [3962/4000] | Avg Makespan: 219.50 | Actor Loss: -0.0012 | Critic Loss: 0.1879 | Grad Norm: 1.5977 | Clipped: 4/4
Epoch [3963/4000] | Avg Makespan: 219.50 | Actor Loss: -0.0025 | Critic Loss: 0.0942 | Grad Norm: 1.2610 | Clipped: 2/4
Epoch [3964/4000] | Avg Makespan: 220.50 | Actor Loss: -0.0024 | Critic Loss: 0.3650 | Grad Norm: 1.6889 | Clipped: 4/4
Epoch [3965/4000] | Avg Makespan: 212.00 | Actor Loss: -0.0015 | Critic Loss: 0.1985 | Grad Norm: 1.0757 | Clipped: 3/4
Epoch [3966/4000] | Avg Makespan: 213.25 | Actor Loss: -0.0014 | Critic Loss: 0.0305 | Grad Norm: 2.7176 | Clipped: 4/4
Epoch [3967/4000] | Avg Makespan: 229.00 | Actor Loss: -0.0022 | Critic Loss: 0.6723 | Grad Norm: 2.5461 | Clipped: 4/4
Epoch [3968/4000] | Avg Makespan: 214.75 | Actor Loss: -0.0025 | Critic Loss: 0.0662 | Grad Norm: 1.3726 | Clipped: 4/4
Epoch [3969/4000] | Avg Makespan: 211.25 | Actor Loss: -0.0020 | Critic Loss: 0.0581 | Grad Norm: 1.7534 | Clipped: 4/4
Epoch [3970/4000] | Avg Makespan: 231.25 | Actor Loss: -0.0025 | Critic Loss: 0.2886 | Grad Norm: 1.5002 | Clipped: 4/4
Epoch [3971/4000] | Avg Makespan: 216.00 | Actor Loss: -0.0024 | Critic Loss: 0.1825 | Grad Norm: 0.8824 | Clipped: 1/4
Epoch [3972/4000] | Avg Makespan: 220.75 | Actor Loss: -0.0015 | Critic Loss: 0.2757 | Grad Norm: 2.1867 | Clipped: 4/4
Epoch [3973/4000] | Avg Makespan: 218.75 | Actor Loss: -0.0024 | Critic Loss: 0.0605 | Grad Norm: 1.0292 | Clipped: 4/4
Epoch [3974/4000] | Avg Makespan: 238.00 | Actor Loss: -0.0032 | Critic Loss: 0.5765 | Grad Norm: 2.0008 | Clipped: 4/4
Epoch [3975/4000] | Avg Makespan: 214.75 | Actor Loss: -0.0034 | Critic Loss: 0.2891 | Grad Norm: 1.4930 | Clipped: 4/4
Epoch [3976/4000] | Avg Makespan: 211.75 | Actor Loss: -0.0012 | Critic Loss: 0.0380 | Grad Norm: 3.6251 | Clipped: 4/4
Epoch [3977/4000] | Avg Makespan: 217.00 | Actor Loss: -0.0013 | Critic Loss: 0.1558 | Grad Norm: 2.2911 | Clipped: 4/4
Epoch [3978/4000] | Avg Makespan: 214.75 | Actor Loss: -0.0023 | Critic Loss: 0.0868 | Grad Norm: 1.0932 | Clipped: 4/4
Epoch [3979/4000] | Avg Makespan: 212.00 | Actor Loss: -0.0024 | Critic Loss: 0.0843 | Grad Norm: 1.2023 | Clipped: 4/4
Epoch [3980/4000] | Avg Makespan: 214.00 | Actor Loss: -0.0021 | Critic Loss: 0.0959 | Grad Norm: 0.9246 | Clipped: 0/4
Epoch [3981/4000] | Avg Makespan: 214.75 | Actor Loss: -0.0021 | Critic Loss: 0.1541 | Grad Norm: 1.2662 | Clipped: 3/4
Epoch [3982/4000] | Avg Makespan: 218.75 | Actor Loss: -0.0043 | Critic Loss: 0.2781 | Grad Norm: 1.1948 | Clipped: 2/4
Epoch [3983/4000] | Avg Makespan: 219.50 | Actor Loss: -0.0017 | Critic Loss: 0.1037 | Grad Norm: 1.1253 | Clipped: 3/4
Epoch [3984/4000] | Avg Makespan: 209.25 | Actor Loss: -0.0031 | Critic Loss: 0.0250 | Grad Norm: 1.2492 | Clipped: 4/4
Epoch [3985/4000] | Avg Makespan: 233.00 | Actor Loss: -0.0022 | Critic Loss: 0.5058 | Grad Norm: 2.9412 | Clipped: 4/4
Epoch [3986/4000] | Avg Makespan: 210.50 | Actor Loss: -0.0020 | Critic Loss: 0.0336 | Grad Norm: 1.3502 | Clipped: 3/4
Epoch [3987/4000] | Avg Makespan: 211.50 | Actor Loss: -0.0018 | Critic Loss: 0.0289 | Grad Norm: 1.5335 | Clipped: 4/4
Epoch [3988/4000] | Avg Makespan: 222.50 | Actor Loss: -0.0019 | Critic Loss: 0.1359 | Grad Norm: 1.6924 | Clipped: 4/4
Epoch [3989/4000] | Avg Makespan: 210.75 | Actor Loss: -0.0025 | Critic Loss: 0.0610 | Grad Norm: 1.4585 | Clipped: 4/4
Epoch [3990/4000] | Avg Makespan: 207.50 | Actor Loss: -0.0028 | Critic Loss: 0.0777 | Grad Norm: 1.3677 | Clipped: 1/4
Epoch [3991/4000] | Avg Makespan: 207.00 | Actor Loss: -0.0030 | Critic Loss: 0.0731 | Grad Norm: 1.3051 | Clipped: 4/4
Epoch [3992/4000] | Avg Makespan: 211.25 | Actor Loss: -0.0030 | Critic Loss: 0.0749 | Grad Norm: 1.4908 | Clipped: 4/4
Epoch [3993/4000] | Avg Makespan: 222.00 | Actor Loss: -0.0014 | Critic Loss: 0.6544 | Grad Norm: 1.7288 | Clipped: 4/4
Epoch [3994/4000] | Avg Makespan: 213.50 | Actor Loss: -0.0022 | Critic Loss: 0.1280 | Grad Norm: 1.6159 | Clipped: 4/4
Epoch [3995/4000] | Avg Makespan: 215.75 | Actor Loss: -0.0020 | Critic Loss: 0.0843 | Grad Norm: 1.4331 | Clipped: 2/4
Epoch [3996/4000] | Avg Makespan: 211.75 | Actor Loss: -0.0027 | Critic Loss: 0.0474 | Grad Norm: 1.5101 | Clipped: 3/4
Epoch [3997/4000] | Avg Makespan: 230.00 | Actor Loss: -0.0019 | Critic Loss: 0.6412 | Grad Norm: 1.8434 | Clipped: 4/4
Epoch [3998/4000] | Avg Makespan: 209.00 | Actor Loss: -0.0013 | Critic Loss: 0.0287 | Grad Norm: 1.4495 | Clipped: 4/4
Epoch [3999/4000] | Avg Makespan: 211.25 | Actor Loss: -0.0022 | Critic Loss: 0.0344 | Grad Norm: 1.3709 | Clipped: 3/4
Epoch [4000/4000] | Avg Makespan: 206.75 | Actor Loss: -0.0019 | Critic Loss: 0.1236 | Grad Norm: 1.6709 | Clipped: 4/4
   -> Validation | Samples: 280 | Makespan: 1063.48 | Invalid Jobs: 0.01 | Score: 1070.62
   -> Saved updated training chart to /home/wei/Desktop/AMR-DFJSP/runs/20260827_084425_v10_B_s42/chart.png
