Training on: cuda
Loaded 1000 dispatch events from /home/wei/AMR-DFJSP/test_case/static/dispatch_inbox_60.jsonl
Loaded 50 dispatch events from /home/wei/AMR-DFJSP/test_case/static/dispatch_validation_60.jsonl
Loaded 50 validation event(s).
Starting GNN Precise REINFORCE training with dispatch baseline 'fifo+earliest_available' (stepwise).
Epoch [1/3000] | Sampled: 695.75 | Baseline: 719.56 | Improvement: 23.81 | Win Rate: 68.75% | Actor Loss: 1.2244 | Entropy: 3.6941 | Invalid S/B: 0.09/0.00 | Max Load: 22.2 | Load Gap: 4.6
   -> Validation | Samples: 50 | Makespan: 904.94 | Invalid Jobs: 0.16
   -> Saved new best model (Val Makespan: 904.94)
   -> Saved updated training chart to /home/wei/AMR-DFJSP/Static_alogorithm/GNN/gnn_precise_training_metrics.png
Epoch [2/3000] | Sampled: 704.03 | Baseline: 719.84 | Improvement: 15.81 | Win Rate: 59.38% | Actor Loss: 13.1427 | Entropy: 3.6851 | Invalid S/B: 0.00/0.00 | Max Load: 22.4 | Load Gap: 4.8
Epoch [3/3000] | Sampled: 683.50 | Baseline: 721.84 | Improvement: 38.34 | Win Rate: 78.12% | Actor Loss: 3.1558 | Entropy: 3.7810 | Invalid S/B: 0.00/0.00 | Max Load: 22.4 | Load Gap: 5.0
Epoch [4/3000] | Sampled: 674.38 | Baseline: 718.38 | Improvement: 44.00 | Win Rate: 81.25% | Actor Loss: 1.7803 | Entropy: 3.7383 | Invalid S/B: 0.06/0.00 | Max Load: 22.7 | Load Gap: 5.3
Epoch [5/3000] | Sampled: 670.94 | Baseline: 717.66 | Improvement: 46.72 | Win Rate: 84.38% | Actor Loss: 4.3002 | Entropy: 3.7187 | Invalid S/B: 0.09/0.00 | Max Load: 22.3 | Load Gap: 4.7
Epoch [6/3000] | Sampled: 666.31 | Baseline: 721.97 | Improvement: 55.66 | Win Rate: 84.38% | Actor Loss: -1.4097 | Entropy: 3.7204 | Invalid S/B: 0.00/0.00 | Max Load: 22.4 | Load Gap: 4.9
Epoch [7/3000] | Sampled: 666.47 | Baseline: 717.44 | Improvement: 50.97 | Win Rate: 84.38% | Actor Loss: 0.9347 | Entropy: 3.6849 | Invalid S/B: 0.00/0.00 | Max Load: 23.0 | Load Gap: 5.9
Epoch [8/3000] | Sampled: 683.41 | Baseline: 719.44 | Improvement: 36.03 | Win Rate: 75.00% | Actor Loss: 4.4325 | Entropy: 3.6672 | Invalid S/B: 0.03/0.00 | Max Load: 23.4 | Load Gap: 6.6
Epoch [9/3000] | Sampled: 695.97 | Baseline: 717.62 | Improvement: 21.66 | Win Rate: 68.75% | Actor Loss: 0.2814 | Entropy: 3.6781 | Invalid S/B: 0.12/0.00 | Max Load: 23.2 | Load Gap: 6.2
Epoch [10/3000] | Sampled: 699.25 | Baseline: 719.94 | Improvement: 20.69 | Win Rate: 71.88% | Actor Loss: 2.8501 | Entropy: 3.6684 | Invalid S/B: 0.03/0.00 | Max Load: 23.7 | Load Gap: 7.4
Epoch [11/3000] | Sampled: 688.25 | Baseline: 717.06 | Improvement: 28.81 | Win Rate: 78.12% | Actor Loss: 2.3351 | Entropy: 3.6498 | Invalid S/B: 0.09/0.00 | Max Load: 23.7 | Load Gap: 6.9
Epoch [12/3000] | Sampled: 678.16 | Baseline: 721.31 | Improvement: 43.16 | Win Rate: 81.25% | Actor Loss: -2.1635 | Entropy: 3.6395 | Invalid S/B: 0.06/0.00 | Max Load: 23.2 | Load Gap: 6.5
Epoch [13/3000] | Sampled: 693.12 | Baseline: 720.69 | Improvement: 27.56 | Win Rate: 65.62% | Actor Loss: -0.6617 | Entropy: 3.6334 | Invalid S/B: 0.03/0.00 | Max Load: 23.1 | Load Gap: 6.0
Epoch [14/3000] | Sampled: 695.66 | Baseline: 716.44 | Improvement: 20.78 | Win Rate: 62.50% | Actor Loss: 7.4821 | Entropy: 3.6100 | Invalid S/B: 0.00/0.00 | Max Load: 23.8 | Load Gap: 7.3
Epoch [15/3000] | Sampled: 709.34 | Baseline: 717.56 | Improvement: 8.22 | Win Rate: 62.50% | Actor Loss: 5.5691 | Entropy: 3.5689 | Invalid S/B: 0.06/0.00 | Max Load: 23.7 | Load Gap: 7.2
Epoch [16/3000] | Sampled: 703.66 | Baseline: 724.19 | Improvement: 20.53 | Win Rate: 68.75% | Actor Loss: 4.6376 | Entropy: 3.5734 | Invalid S/B: 0.06/0.00 | Max Load: 23.7 | Load Gap: 7.3
Epoch [17/3000] | Sampled: 693.50 | Baseline: 720.50 | Improvement: 27.00 | Win Rate: 71.88% | Actor Loss: 0.5030 | Entropy: 3.5804 | Invalid S/B: 0.09/0.00 | Max Load: 23.5 | Load Gap: 6.7
Epoch [18/3000] | Sampled: 718.16 | Baseline: 718.72 | Improvement: 0.56 | Win Rate: 56.25% | Actor Loss: -3.3152 | Entropy: 3.5618 | Invalid S/B: 0.09/0.00 | Max Load: 23.8 | Load Gap: 7.6
Epoch [19/3000] | Sampled: 709.12 | Baseline: 715.78 | Improvement: 6.66 | Win Rate: 53.12% | Actor Loss: 1.2963 | Entropy: 3.5606 | Invalid S/B: 0.03/0.00 | Max Load: 23.4 | Load Gap: 6.5
Epoch [20/3000] | Sampled: 689.88 | Baseline: 719.88 | Improvement: 30.00 | Win Rate: 71.88% | Actor Loss: -2.6077 | Entropy: 3.5700 | Invalid S/B: 0.03/0.00 | Max Load: 23.7 | Load Gap: 7.2
Epoch [21/3000] | Sampled: 698.56 | Baseline: 719.06 | Improvement: 20.50 | Win Rate: 65.62% | Actor Loss: 2.1082 | Entropy: 3.5573 | Invalid S/B: 0.03/0.00 | Max Load: 23.2 | Load Gap: 6.6
Epoch [22/3000] | Sampled: 691.66 | Baseline: 719.84 | Improvement: 28.19 | Win Rate: 71.88% | Actor Loss: 1.3547 | Entropy: 3.5133 | Invalid S/B: 0.06/0.00 | Max Load: 22.9 | Load Gap: 6.0
Epoch [23/3000] | Sampled: 686.81 | Baseline: 718.38 | Improvement: 31.56 | Win Rate: 71.88% | Actor Loss: 0.9285 | Entropy: 3.4839 | Invalid S/B: 0.09/0.00 | Max Load: 22.8 | Load Gap: 5.3
Epoch [24/3000] | Sampled: 701.25 | Baseline: 719.72 | Improvement: 18.47 | Win Rate: 65.62% | Actor Loss: 5.8233 | Entropy: 3.4899 | Invalid S/B: 0.06/0.00 | Max Load: 23.1 | Load Gap: 6.2
Epoch [25/3000] | Sampled: 694.88 | Baseline: 713.91 | Improvement: 19.03 | Win Rate: 65.62% | Actor Loss: -0.1008 | Entropy: 3.5290 | Invalid S/B: 0.06/0.00 | Max Load: 22.8 | Load Gap: 6.0
Epoch [26/3000] | Sampled: 683.94 | Baseline: 716.66 | Improvement: 32.72 | Win Rate: 68.75% | Actor Loss: -2.5469 | Entropy: 3.5354 | Invalid S/B: 0.09/0.00 | Max Load: 23.4 | Load Gap: 6.6
Epoch [27/3000] | Sampled: 693.88 | Baseline: 713.28 | Improvement: 19.41 | Win Rate: 65.62% | Actor Loss: 3.0115 | Entropy: 3.5220 | Invalid S/B: 0.03/0.00 | Max Load: 23.0 | Load Gap: 5.9
Epoch [28/3000] | Sampled: 692.75 | Baseline: 718.22 | Improvement: 25.47 | Win Rate: 65.62% | Actor Loss: 2.5943 | Entropy: 3.5661 | Invalid S/B: 0.06/0.00 | Max Load: 22.7 | Load Gap: 5.6
Epoch [29/3000] | Sampled: 684.59 | Baseline: 721.88 | Improvement: 37.28 | Win Rate: 68.75% | Actor Loss: 4.3396 | Entropy: 3.6067 | Invalid S/B: 0.03/0.00 | Max Load: 22.8 | Load Gap: 5.4
Epoch [30/3000] | Sampled: 673.06 | Baseline: 720.59 | Improvement: 47.53 | Win Rate: 78.12% | Actor Loss: -0.2726 | Entropy: 3.6274 | Invalid S/B: 0.06/0.00 | Max Load: 23.1 | Load Gap: 6.2
Epoch [31/3000] | Sampled: 673.38 | Baseline: 717.03 | Improvement: 43.66 | Win Rate: 78.12% | Actor Loss: -2.9195 | Entropy: 3.6323 | Invalid S/B: 0.09/0.00 | Max Load: 22.6 | Load Gap: 5.3
Epoch [32/3000] | Sampled: 689.72 | Baseline: 715.00 | Improvement: 25.28 | Win Rate: 71.88% | Actor Loss: 2.0443 | Entropy: 3.6481 | Invalid S/B: 0.06/0.00 | Max Load: 22.8 | Load Gap: 5.2
Epoch [33/3000] | Sampled: 672.88 | Baseline: 719.44 | Improvement: 46.56 | Win Rate: 75.00% | Actor Loss: -1.3292 | Entropy: 3.6487 | Invalid S/B: 0.00/0.00 | Max Load: 22.3 | Load Gap: 4.8
Epoch [34/3000] | Sampled: 687.50 | Baseline: 722.59 | Improvement: 35.09 | Win Rate: 84.38% | Actor Loss: -4.1516 | Entropy: 3.6648 | Invalid S/B: 0.00/0.00 | Max Load: 22.6 | Load Gap: 5.2
Epoch [35/3000] | Sampled: 673.50 | Baseline: 721.78 | Improvement: 48.28 | Win Rate: 84.38% | Actor Loss: 4.5949 | Entropy: 3.6657 | Invalid S/B: 0.03/0.00 | Max Load: 22.4 | Load Gap: 5.0
Epoch [36/3000] | Sampled: 667.25 | Baseline: 718.03 | Improvement: 50.78 | Win Rate: 84.38% | Actor Loss: 6.9039 | Entropy: 3.6593 | Invalid S/B: 0.00/0.00 | Max Load: 22.3 | Load Gap: 4.3
Epoch [37/3000] | Sampled: 664.34 | Baseline: 714.88 | Improvement: 50.53 | Win Rate: 87.50% | Actor Loss: 5.4038 | Entropy: 3.6480 | Invalid S/B: 0.03/0.00 | Max Load: 22.5 | Load Gap: 4.9
Epoch [38/3000] | Sampled: 666.09 | Baseline: 718.19 | Improvement: 52.09 | Win Rate: 87.50% | Actor Loss: 4.7029 | Entropy: 3.6620 | Invalid S/B: 0.09/0.00 | Max Load: 22.6 | Load Gap: 5.1
Epoch [39/3000] | Sampled: 666.69 | Baseline: 720.72 | Improvement: 54.03 | Win Rate: 90.62% | Actor Loss: -0.6516 | Entropy: 3.6635 | Invalid S/B: 0.06/0.00 | Max Load: 22.0 | Load Gap: 4.3
Epoch [40/3000] | Sampled: 677.38 | Baseline: 717.69 | Improvement: 40.31 | Win Rate: 87.50% | Actor Loss: -1.6625 | Entropy: 3.6537 | Invalid S/B: 0.03/0.00 | Max Load: 21.9 | Load Gap: 3.8
Epoch [41/3000] | Sampled: 663.78 | Baseline: 718.44 | Improvement: 54.66 | Win Rate: 87.50% | Actor Loss: -2.9644 | Entropy: 3.6539 | Invalid S/B: 0.00/0.00 | Max Load: 22.2 | Load Gap: 4.1
Epoch [42/3000] | Sampled: 647.81 | Baseline: 716.06 | Improvement: 68.25 | Win Rate: 96.88% | Actor Loss: -3.3393 | Entropy: 3.6681 | Invalid S/B: 0.03/0.00 | Max Load: 22.0 | Load Gap: 4.2
Epoch [43/3000] | Sampled: 645.78 | Baseline: 719.72 | Improvement: 73.94 | Win Rate: 96.88% | Actor Loss: -0.4989 | Entropy: 3.6979 | Invalid S/B: 0.00/0.00 | Max Load: 21.9 | Load Gap: 3.9
Epoch [44/3000] | Sampled: 670.88 | Baseline: 715.28 | Improvement: 44.41 | Win Rate: 84.38% | Actor Loss: 5.4034 | Entropy: 3.6739 | Invalid S/B: 0.00/0.00 | Max Load: 22.2 | Load Gap: 4.4
Epoch [45/3000] | Sampled: 669.44 | Baseline: 720.53 | Improvement: 51.09 | Win Rate: 81.25% | Actor Loss: 7.8839 | Entropy: 3.6397 | Invalid S/B: 0.00/0.00 | Max Load: 22.1 | Load Gap: 4.1
Epoch [46/3000] | Sampled: 661.06 | Baseline: 716.50 | Improvement: 55.44 | Win Rate: 84.38% | Actor Loss: 9.4837 | Entropy: 3.6400 | Invalid S/B: 0.00/0.00 | Max Load: 21.8 | Load Gap: 3.8
Epoch [47/3000] | Sampled: 657.78 | Baseline: 713.06 | Improvement: 55.28 | Win Rate: 90.62% | Actor Loss: 8.2540 | Entropy: 3.6547 | Invalid S/B: 0.00/0.00 | Max Load: 22.4 | Load Gap: 4.7
Epoch [48/3000] | Sampled: 648.59 | Baseline: 722.09 | Improvement: 73.50 | Win Rate: 93.75% | Actor Loss: -0.4562 | Entropy: 3.6700 | Invalid S/B: 0.00/0.00 | Max Load: 21.8 | Load Gap: 3.7
Epoch [49/3000] | Sampled: 660.75 | Baseline: 719.69 | Improvement: 58.94 | Win Rate: 90.62% | Actor Loss: 1.4868 | Entropy: 3.6751 | Invalid S/B: 0.00/0.00 | Max Load: 21.8 | Load Gap: 3.4
Epoch [50/3000] | Sampled: 659.41 | Baseline: 715.31 | Improvement: 55.91 | Win Rate: 87.50% | Actor Loss: -4.8485 | Entropy: 3.6733 | Invalid S/B: 0.00/0.00 | Max Load: 21.9 | Load Gap: 3.8
   -> Validation | Samples: 50 | Makespan: 843.90 | Invalid Jobs: 0.04
   -> Saved new best model (Val Makespan: 843.90)
Epoch [51/3000] | Sampled: 655.34 | Baseline: 717.78 | Improvement: 62.44 | Win Rate: 87.50% | Actor Loss: -6.5513 | Entropy: 3.6736 | Invalid S/B: 0.06/0.00 | Max Load: 21.8 | Load Gap: 3.5
Epoch [52/3000] | Sampled: 655.00 | Baseline: 722.03 | Improvement: 67.03 | Win Rate: 87.50% | Actor Loss: -2.6440 | Entropy: 3.6550 | Invalid S/B: 0.06/0.00 | Max Load: 21.9 | Load Gap: 3.7
Epoch [53/3000] | Sampled: 663.16 | Baseline: 720.47 | Improvement: 57.31 | Win Rate: 84.38% | Actor Loss: -2.2269 | Entropy: 3.6661 | Invalid S/B: 0.00/0.00 | Max Load: 22.2 | Load Gap: 4.1
Epoch [54/3000] | Sampled: 654.25 | Baseline: 716.16 | Improvement: 61.91 | Win Rate: 90.62% | Actor Loss: 1.8639 | Entropy: 3.6707 | Invalid S/B: 0.00/0.00 | Max Load: 21.8 | Load Gap: 3.7
Epoch [55/3000] | Sampled: 648.78 | Baseline: 713.28 | Improvement: 64.50 | Win Rate: 93.75% | Actor Loss: 4.5936 | Entropy: 3.6383 | Invalid S/B: 0.06/0.00 | Max Load: 22.1 | Load Gap: 4.2
Epoch [56/3000] | Sampled: 649.94 | Baseline: 718.00 | Improvement: 68.06 | Win Rate: 90.62% | Actor Loss: 4.9724 | Entropy: 3.6335 | Invalid S/B: 0.00/0.00 | Max Load: 22.2 | Load Gap: 4.4
Epoch [57/3000] | Sampled: 648.44 | Baseline: 718.84 | Improvement: 70.41 | Win Rate: 100.00% | Actor Loss: 3.8887 | Entropy: 3.6315 | Invalid S/B: 0.00/0.00 | Max Load: 21.9 | Load Gap: 3.7
Epoch [58/3000] | Sampled: 654.94 | Baseline: 721.44 | Improvement: 66.50 | Win Rate: 93.75% | Actor Loss: -0.3568 | Entropy: 3.6507 | Invalid S/B: 0.00/0.00 | Max Load: 22.1 | Load Gap: 4.3
Epoch [59/3000] | Sampled: 671.75 | Baseline: 722.00 | Improvement: 50.25 | Win Rate: 87.50% | Actor Loss: -4.6952 | Entropy: 3.6411 | Invalid S/B: 0.09/0.00 | Max Load: 22.4 | Load Gap: 4.8
Epoch [60/3000] | Sampled: 668.06 | Baseline: 716.94 | Improvement: 48.88 | Win Rate: 84.38% | Actor Loss: 0.9624 | Entropy: 3.6418 | Invalid S/B: 0.03/0.00 | Max Load: 22.7 | Load Gap: 5.2
Epoch [61/3000] | Sampled: 659.72 | Baseline: 717.94 | Improvement: 58.22 | Win Rate: 96.88% | Actor Loss: 3.3617 | Entropy: 3.6367 | Invalid S/B: 0.09/0.00 | Max Load: 22.1 | Load Gap: 4.2
Epoch [62/3000] | Sampled: 652.75 | Baseline: 719.03 | Improvement: 66.28 | Win Rate: 100.00% | Actor Loss: 3.7836 | Entropy: 3.6130 | Invalid S/B: 0.03/0.00 | Max Load: 22.1 | Load Gap: 4.2
Epoch [63/3000] | Sampled: 656.59 | Baseline: 718.00 | Improvement: 61.41 | Win Rate: 87.50% | Actor Loss: -2.9714 | Entropy: 3.5866 | Invalid S/B: 0.00/0.00 | Max Load: 22.2 | Load Gap: 4.5
Epoch [64/3000] | Sampled: 659.22 | Baseline: 724.28 | Improvement: 65.06 | Win Rate: 93.75% | Actor Loss: -0.2845 | Entropy: 3.5785 | Invalid S/B: 0.00/0.00 | Max Load: 21.8 | Load Gap: 3.8
Epoch [65/3000] | Sampled: 660.00 | Baseline: 721.12 | Improvement: 61.12 | Win Rate: 90.62% | Actor Loss: 2.3106 | Entropy: 3.5822 | Invalid S/B: 0.00/0.00 | Max Load: 21.8 | Load Gap: 3.9
Epoch [66/3000] | Sampled: 651.84 | Baseline: 722.19 | Improvement: 70.34 | Win Rate: 93.75% | Actor Loss: -1.8296 | Entropy: 3.6172 | Invalid S/B: 0.00/0.00 | Max Load: 22.1 | Load Gap: 4.2
Epoch [67/3000] | Sampled: 657.84 | Baseline: 718.88 | Improvement: 61.03 | Win Rate: 96.88% | Actor Loss: -3.0346 | Entropy: 3.6001 | Invalid S/B: 0.00/0.00 | Max Load: 21.7 | Load Gap: 3.2
Epoch [68/3000] | Sampled: 654.72 | Baseline: 718.19 | Improvement: 63.47 | Win Rate: 96.88% | Actor Loss: 3.5129 | Entropy: 3.6284 | Invalid S/B: 0.00/0.00 | Max Load: 21.4 | Load Gap: 2.8
Epoch [69/3000] | Sampled: 641.56 | Baseline: 722.03 | Improvement: 80.47 | Win Rate: 90.62% | Actor Loss: -0.4159 | Entropy: 3.6214 | Invalid S/B: 0.03/0.00 | Max Load: 21.7 | Load Gap: 3.4
Epoch [70/3000] | Sampled: 646.06 | Baseline: 718.72 | Improvement: 72.66 | Win Rate: 96.88% | Actor Loss: -0.6204 | Entropy: 3.6304 | Invalid S/B: 0.00/0.00 | Max Load: 21.6 | Load Gap: 3.1
Epoch [71/3000] | Sampled: 638.62 | Baseline: 720.94 | Improvement: 82.31 | Win Rate: 93.75% | Actor Loss: 6.4193 | Entropy: 3.6003 | Invalid S/B: 0.00/0.00 | Max Load: 21.8 | Load Gap: 3.4
Epoch [72/3000] | Sampled: 648.22 | Baseline: 721.22 | Improvement: 73.00 | Win Rate: 100.00% | Actor Loss: 1.9077 | Entropy: 3.6333 | Invalid S/B: 0.03/0.00 | Max Load: 21.5 | Load Gap: 3.1
Epoch [73/3000] | Sampled: 636.25 | Baseline: 719.44 | Improvement: 83.19 | Win Rate: 100.00% | Actor Loss: -5.9947 | Entropy: 3.6212 | Invalid S/B: 0.06/0.00 | Max Load: 21.6 | Load Gap: 3.2
Epoch [74/3000] | Sampled: 634.00 | Baseline: 718.12 | Improvement: 84.12 | Win Rate: 96.88% | Actor Loss: -2.2290 | Entropy: 3.6287 | Invalid S/B: 0.06/0.00 | Max Load: 21.6 | Load Gap: 3.0
Epoch [75/3000] | Sampled: 646.97 | Baseline: 719.19 | Improvement: 72.22 | Win Rate: 100.00% | Actor Loss: 2.2170 | Entropy: 3.6052 | Invalid S/B: 0.00/0.00 | Max Load: 21.7 | Load Gap: 3.5
Epoch [76/3000] | Sampled: 634.94 | Baseline: 718.62 | Improvement: 83.69 | Win Rate: 90.62% | Actor Loss: 1.8423 | Entropy: 3.5926 | Invalid S/B: 0.00/0.00 | Max Load: 21.8 | Load Gap: 3.5
Epoch [77/3000] | Sampled: 639.56 | Baseline: 719.28 | Improvement: 79.72 | Win Rate: 93.75% | Actor Loss: -2.4747 | Entropy: 3.6016 | Invalid S/B: 0.00/0.00 | Max Load: 21.4 | Load Gap: 2.9
Epoch [78/3000] | Sampled: 644.84 | Baseline: 719.31 | Improvement: 74.47 | Win Rate: 93.75% | Actor Loss: -1.7561 | Entropy: 3.5945 | Invalid S/B: 0.00/0.00 | Max Load: 21.6 | Load Gap: 3.2
Epoch [79/3000] | Sampled: 645.84 | Baseline: 717.88 | Improvement: 72.03 | Win Rate: 90.62% | Actor Loss: -0.6889 | Entropy: 3.5765 | Invalid S/B: 0.03/0.00 | Max Load: 21.2 | Load Gap: 2.4
Epoch [80/3000] | Sampled: 630.06 | Baseline: 717.09 | Improvement: 87.03 | Win Rate: 100.00% | Actor Loss: 7.4259 | Entropy: 3.5280 | Invalid S/B: 0.00/0.00 | Max Load: 21.7 | Load Gap: 3.4
Epoch [81/3000] | Sampled: 634.88 | Baseline: 718.91 | Improvement: 84.03 | Win Rate: 96.88% | Actor Loss: 6.5145 | Entropy: 3.5133 | Invalid S/B: 0.03/0.00 | Max Load: 21.8 | Load Gap: 3.7
Epoch [82/3000] | Sampled: 628.34 | Baseline: 719.91 | Improvement: 91.56 | Win Rate: 100.00% | Actor Loss: 2.3137 | Entropy: 3.5245 | Invalid S/B: 0.03/0.00 | Max Load: 21.6 | Load Gap: 3.3
Epoch [83/3000] | Sampled: 640.50 | Baseline: 721.44 | Improvement: 80.94 | Win Rate: 96.88% | Actor Loss: -1.0569 | Entropy: 3.5498 | Invalid S/B: 0.00/0.00 | Max Load: 22.0 | Load Gap: 3.9
Epoch [84/3000] | Sampled: 643.31 | Baseline: 718.91 | Improvement: 75.59 | Win Rate: 87.50% | Actor Loss: -0.9113 | Entropy: 3.5637 | Invalid S/B: 0.03/0.00 | Max Load: 21.4 | Load Gap: 2.8
Epoch [85/3000] | Sampled: 634.53 | Baseline: 718.66 | Improvement: 84.12 | Win Rate: 100.00% | Actor Loss: -3.6601 | Entropy: 3.5678 | Invalid S/B: 0.00/0.00 | Max Load: 22.0 | Load Gap: 4.0
Epoch [86/3000] | Sampled: 638.62 | Baseline: 721.25 | Improvement: 82.62 | Win Rate: 96.88% | Actor Loss: -2.7299 | Entropy: 3.5624 | Invalid S/B: 0.00/0.00 | Max Load: 21.7 | Load Gap: 3.4
Epoch [87/3000] | Sampled: 640.88 | Baseline: 721.84 | Improvement: 80.97 | Win Rate: 100.00% | Actor Loss: -0.7394 | Entropy: 3.5523 | Invalid S/B: 0.06/0.00 | Max Load: 21.5 | Load Gap: 3.2
Epoch [88/3000] | Sampled: 646.53 | Baseline: 720.31 | Improvement: 73.78 | Win Rate: 90.62% | Actor Loss: 0.2085 | Entropy: 3.5568 | Invalid S/B: 0.00/0.00 | Max Load: 21.8 | Load Gap: 3.5
Epoch [89/3000] | Sampled: 634.53 | Baseline: 720.59 | Improvement: 86.06 | Win Rate: 100.00% | Actor Loss: 6.0873 | Entropy: 3.5539 | Invalid S/B: 0.00/0.00 | Max Load: 22.0 | Load Gap: 3.8
Epoch [90/3000] | Sampled: 628.97 | Baseline: 713.47 | Improvement: 84.50 | Win Rate: 96.88% | Actor Loss: 5.8377 | Entropy: 3.5513 | Invalid S/B: 0.00/0.00 | Max Load: 21.6 | Load Gap: 3.2
Epoch [91/3000] | Sampled: 647.06 | Baseline: 723.25 | Improvement: 76.19 | Win Rate: 100.00% | Actor Loss: 1.2813 | Entropy: 3.5577 | Invalid S/B: 0.00/0.00 | Max Load: 21.6 | Load Gap: 3.2
Epoch [92/3000] | Sampled: 645.56 | Baseline: 719.00 | Improvement: 73.44 | Win Rate: 90.62% | Actor Loss: -8.2116 | Entropy: 3.5476 | Invalid S/B: 0.06/0.03 | Max Load: 21.9 | Load Gap: 4.0
Epoch [93/3000] | Sampled: 638.84 | Baseline: 725.59 | Improvement: 86.75 | Win Rate: 100.00% | Actor Loss: -1.1126 | Entropy: 3.5753 | Invalid S/B: 0.09/0.00 | Max Load: 22.0 | Load Gap: 4.0
Epoch [94/3000] | Sampled: 636.81 | Baseline: 720.72 | Improvement: 83.91 | Win Rate: 100.00% | Actor Loss: -5.4379 | Entropy: 3.5452 | Invalid S/B: 0.00/0.00 | Max Load: 21.8 | Load Gap: 3.7
Epoch [95/3000] | Sampled: 628.59 | Baseline: 715.88 | Improvement: 87.28 | Win Rate: 96.88% | Actor Loss: -3.0101 | Entropy: 3.5388 | Invalid S/B: 0.03/0.00 | Max Load: 21.9 | Load Gap: 3.5
Epoch [96/3000] | Sampled: 622.09 | Baseline: 718.09 | Improvement: 96.00 | Win Rate: 96.88% | Actor Loss: 6.1858 | Entropy: 3.5155 | Invalid S/B: 0.00/0.00 | Max Load: 21.3 | Load Gap: 2.8
Epoch [97/3000] | Sampled: 625.19 | Baseline: 712.59 | Improvement: 87.41 | Win Rate: 100.00% | Actor Loss: 10.7979 | Entropy: 3.5112 | Invalid S/B: 0.06/0.00 | Max Load: 21.5 | Load Gap: 2.9
Epoch [98/3000] | Sampled: 620.66 | Baseline: 716.47 | Improvement: 95.81 | Win Rate: 96.88% | Actor Loss: 9.5495 | Entropy: 3.5085 | Invalid S/B: 0.00/0.00 | Max Load: 21.2 | Load Gap: 2.6
Epoch [99/3000] | Sampled: 631.16 | Baseline: 718.25 | Improvement: 87.09 | Win Rate: 96.88% | Actor Loss: 4.7127 | Entropy: 3.5473 | Invalid S/B: 0.00/0.00 | Max Load: 21.3 | Load Gap: 2.7
Epoch [100/3000] | Sampled: 622.78 | Baseline: 721.22 | Improvement: 98.44 | Win Rate: 100.00% | Actor Loss: -0.5780 | Entropy: 3.5364 | Invalid S/B: 0.03/0.00 | Max Load: 21.5 | Load Gap: 3.0
   -> Validation | Samples: 50 | Makespan: 615.02 | Invalid Jobs: 0.02
   -> Saved new best model (Val Makespan: 615.02)
   -> Saved updated training chart to /home/wei/AMR-DFJSP/Static_alogorithm/GNN/gnn_precise_training_metrics.png
Epoch [101/3000] | Sampled: 627.72 | Baseline: 719.75 | Improvement: 92.03 | Win Rate: 100.00% | Actor Loss: -3.9318 | Entropy: 3.5473 | Invalid S/B: 0.00/0.00 | Max Load: 21.8 | Load Gap: 3.3
Epoch [102/3000] | Sampled: 629.94 | Baseline: 721.34 | Improvement: 91.41 | Win Rate: 96.88% | Actor Loss: -4.4748 | Entropy: 3.5322 | Invalid S/B: 0.00/0.00 | Max Load: 21.3 | Load Gap: 2.7
Epoch [103/3000] | Sampled: 625.50 | Baseline: 721.09 | Improvement: 95.59 | Win Rate: 96.88% | Actor Loss: -7.9100 | Entropy: 3.5456 | Invalid S/B: 0.00/0.00 | Max Load: 21.3 | Load Gap: 2.8
Epoch [104/3000] | Sampled: 633.81 | Baseline: 718.16 | Improvement: 84.34 | Win Rate: 96.88% | Actor Loss: -4.9383 | Entropy: 3.5269 | Invalid S/B: 0.00/0.00 | Max Load: 21.4 | Load Gap: 2.9
Epoch [105/3000] | Sampled: 609.06 | Baseline: 716.19 | Improvement: 107.12 | Win Rate: 100.00% | Actor Loss: 4.1503 | Entropy: 3.4643 | Invalid S/B: 0.03/0.00 | Max Load: 21.4 | Load Gap: 2.8
Epoch [106/3000] | Sampled: 633.66 | Baseline: 718.53 | Improvement: 84.88 | Win Rate: 96.88% | Actor Loss: 6.6920 | Entropy: 3.4569 | Invalid S/B: 0.00/0.00 | Max Load: 21.1 | Load Gap: 2.2
Epoch [107/3000] | Sampled: 628.28 | Baseline: 718.25 | Improvement: 89.97 | Win Rate: 96.88% | Actor Loss: 5.4584 | Entropy: 3.4622 | Invalid S/B: 0.03/0.00 | Max Load: 21.1 | Load Gap: 2.2
Epoch [108/3000] | Sampled: 609.88 | Baseline: 716.12 | Improvement: 106.25 | Win Rate: 100.00% | Actor Loss: -0.7164 | Entropy: 3.5188 | Invalid S/B: 0.00/0.00 | Max Load: 21.3 | Load Gap: 2.5
Epoch [109/3000] | Sampled: 618.31 | Baseline: 719.09 | Improvement: 100.78 | Win Rate: 100.00% | Actor Loss: -0.2864 | Entropy: 3.5455 | Invalid S/B: 0.00/0.00 | Max Load: 21.0 | Load Gap: 2.0
Epoch [110/3000] | Sampled: 627.09 | Baseline: 714.53 | Improvement: 87.44 | Win Rate: 100.00% | Actor Loss: -1.5269 | Entropy: 3.5556 | Invalid S/B: 0.00/0.00 | Max Load: 21.2 | Load Gap: 2.3
Epoch [111/3000] | Sampled: 614.12 | Baseline: 714.81 | Improvement: 100.69 | Win Rate: 100.00% | Actor Loss: -7.8579 | Entropy: 3.5557 | Invalid S/B: 0.00/0.00 | Max Load: 21.0 | Load Gap: 2.2
Epoch [112/3000] | Sampled: 612.59 | Baseline: 717.31 | Improvement: 104.72 | Win Rate: 100.00% | Actor Loss: -4.6753 | Entropy: 3.5614 | Invalid S/B: 0.00/0.00 | Max Load: 21.2 | Load Gap: 2.3
Epoch [113/3000] | Sampled: 620.28 | Baseline: 718.81 | Improvement: 98.53 | Win Rate: 100.00% | Actor Loss: -5.6210 | Entropy: 3.5824 | Invalid S/B: 0.00/0.00 | Max Load: 21.3 | Load Gap: 2.7
Epoch [114/3000] | Sampled: 610.06 | Baseline: 716.38 | Improvement: 106.31 | Win Rate: 100.00% | Actor Loss: -1.5515 | Entropy: 3.5579 | Invalid S/B: 0.00/0.00 | Max Load: 21.2 | Load Gap: 2.4
Epoch [115/3000] | Sampled: 616.75 | Baseline: 716.34 | Improvement: 99.59 | Win Rate: 100.00% | Actor Loss: 1.4437 | Entropy: 3.5394 | Invalid S/B: 0.03/0.00 | Max Load: 21.2 | Load Gap: 2.3
Epoch [116/3000] | Sampled: 621.81 | Baseline: 717.66 | Improvement: 95.84 | Win Rate: 96.88% | Actor Loss: 4.7461 | Entropy: 3.5305 | Invalid S/B: 0.00/0.00 | Max Load: 21.3 | Load Gap: 2.6
Epoch [117/3000] | Sampled: 628.66 | Baseline: 719.22 | Improvement: 90.56 | Win Rate: 100.00% | Actor Loss: 6.5488 | Entropy: 3.5117 | Invalid S/B: 0.00/0.00 | Max Load: 21.1 | Load Gap: 2.2
Epoch [118/3000] | Sampled: 625.62 | Baseline: 715.09 | Improvement: 89.47 | Win Rate: 96.88% | Actor Loss: 3.0351 | Entropy: 3.5259 | Invalid S/B: 0.09/0.00 | Max Load: 21.2 | Load Gap: 2.7
Epoch [119/3000] | Sampled: 610.56 | Baseline: 717.44 | Improvement: 106.88 | Win Rate: 100.00% | Actor Loss: -4.0611 | Entropy: 3.5267 | Invalid S/B: 0.00/0.00 | Max Load: 21.2 | Load Gap: 2.4
Epoch [120/3000] | Sampled: 606.59 | Baseline: 719.09 | Improvement: 112.50 | Win Rate: 100.00% | Actor Loss: -2.4325 | Entropy: 3.5043 | Invalid S/B: 0.00/0.00 | Max Load: 21.2 | Load Gap: 2.4
Epoch [121/3000] | Sampled: 608.84 | Baseline: 714.50 | Improvement: 105.66 | Win Rate: 100.00% | Actor Loss: -3.6817 | Entropy: 3.4592 | Invalid S/B: 0.00/0.00 | Max Load: 21.1 | Load Gap: 2.1
Epoch [122/3000] | Sampled: 609.97 | Baseline: 716.31 | Improvement: 106.34 | Win Rate: 100.00% | Actor Loss: 0.6082 | Entropy: 3.4578 | Invalid S/B: 0.00/0.00 | Max Load: 21.2 | Load Gap: 2.3
Epoch [123/3000] | Sampled: 603.66 | Baseline: 715.84 | Improvement: 112.19 | Win Rate: 100.00% | Actor Loss: -1.1165 | Entropy: 3.4744 | Invalid S/B: 0.03/0.00 | Max Load: 21.2 | Load Gap: 2.4
Epoch [124/3000] | Sampled: 613.84 | Baseline: 715.88 | Improvement: 102.03 | Win Rate: 100.00% | Actor Loss: 3.7430 | Entropy: 3.4692 | Invalid S/B: 0.00/0.00 | Max Load: 21.2 | Load Gap: 2.4
Epoch [125/3000] | Sampled: 611.50 | Baseline: 716.56 | Improvement: 105.06 | Win Rate: 100.00% | Actor Loss: 0.0032 | Entropy: 3.4882 | Invalid S/B: 0.00/0.00 | Max Load: 21.5 | Load Gap: 3.1
Epoch [126/3000] | Sampled: 609.19 | Baseline: 721.28 | Improvement: 112.09 | Win Rate: 100.00% | Actor Loss: -5.7205 | Entropy: 3.4739 | Invalid S/B: 0.00/0.00 | Max Load: 21.4 | Load Gap: 2.7
Epoch [127/3000] | Sampled: 609.03 | Baseline: 721.44 | Improvement: 112.41 | Win Rate: 100.00% | Actor Loss: -4.8410 | Entropy: 3.4864 | Invalid S/B: 0.00/0.00 | Max Load: 21.5 | Load Gap: 2.9
Epoch [128/3000] | Sampled: 603.72 | Baseline: 718.47 | Improvement: 114.75 | Win Rate: 100.00% | Actor Loss: -1.1719 | Entropy: 3.4683 | Invalid S/B: 0.00/0.00 | Max Load: 21.1 | Load Gap: 2.2
Epoch [129/3000] | Sampled: 629.91 | Baseline: 720.41 | Improvement: 90.50 | Win Rate: 96.88% | Actor Loss: 0.7313 | Entropy: 3.4402 | Invalid S/B: 0.00/0.00 | Max Load: 21.5 | Load Gap: 3.0
Epoch [130/3000] | Sampled: 613.59 | Baseline: 722.41 | Improvement: 108.81 | Win Rate: 96.88% | Actor Loss: -1.8371 | Entropy: 3.4459 | Invalid S/B: 0.00/0.00 | Max Load: 21.4 | Load Gap: 2.9
Epoch [131/3000] | Sampled: 607.78 | Baseline: 722.75 | Improvement: 114.97 | Win Rate: 100.00% | Actor Loss: 2.5854 | Entropy: 3.4443 | Invalid S/B: 0.00/0.00 | Max Load: 21.3 | Load Gap: 2.7
Epoch [132/3000] | Sampled: 627.56 | Baseline: 717.41 | Improvement: 89.84 | Win Rate: 96.88% | Actor Loss: -2.5805 | Entropy: 3.4674 | Invalid S/B: 0.03/0.00 | Max Load: 21.2 | Load Gap: 2.4
Epoch [133/3000] | Sampled: 621.16 | Baseline: 722.25 | Improvement: 101.09 | Win Rate: 96.88% | Actor Loss: 1.9158 | Entropy: 3.4945 | Invalid S/B: 0.00/0.00 | Max Load: 21.1 | Load Gap: 2.0
Epoch [134/3000] | Sampled: 619.56 | Baseline: 717.19 | Improvement: 97.62 | Win Rate: 96.88% | Actor Loss: -0.6916 | Entropy: 3.5245 | Invalid S/B: 0.03/0.00 | Max Load: 21.5 | Load Gap: 2.9
Epoch [135/3000] | Sampled: 616.88 | Baseline: 716.47 | Improvement: 99.59 | Win Rate: 100.00% | Actor Loss: -3.2849 | Entropy: 3.5034 | Invalid S/B: 0.00/0.00 | Max Load: 21.5 | Load Gap: 2.7
Epoch [136/3000] | Sampled: 618.28 | Baseline: 726.59 | Improvement: 108.31 | Win Rate: 100.00% | Actor Loss: 1.0118 | Entropy: 3.4936 | Invalid S/B: 0.00/0.00 | Max Load: 21.2 | Load Gap: 2.5
Epoch [137/3000] | Sampled: 619.91 | Baseline: 712.19 | Improvement: 92.28 | Win Rate: 96.88% | Actor Loss: -4.5595 | Entropy: 3.5017 | Invalid S/B: 0.00/0.00 | Max Load: 21.7 | Load Gap: 3.3
Epoch [138/3000] | Sampled: 610.91 | Baseline: 716.59 | Improvement: 105.69 | Win Rate: 100.00% | Actor Loss: -3.8226 | Entropy: 3.4847 | Invalid S/B: 0.00/0.00 | Max Load: 21.8 | Load Gap: 3.4
Epoch [139/3000] | Sampled: 631.56 | Baseline: 718.97 | Improvement: 87.41 | Win Rate: 100.00% | Actor Loss: -2.1549 | Entropy: 3.4700 | Invalid S/B: 0.00/0.00 | Max Load: 21.6 | Load Gap: 3.1
Epoch [140/3000] | Sampled: 609.44 | Baseline: 719.94 | Improvement: 110.50 | Win Rate: 100.00% | Actor Loss: 0.6847 | Entropy: 3.4491 | Invalid S/B: 0.03/0.00 | Max Load: 21.5 | Load Gap: 2.9
Epoch [141/3000] | Sampled: 621.00 | Baseline: 724.19 | Improvement: 103.19 | Win Rate: 96.88% | Actor Loss: 0.3581 | Entropy: 3.4591 | Invalid S/B: 0.00/0.00 | Max Load: 21.3 | Load Gap: 2.8
Epoch [142/3000] | Sampled: 620.97 | Baseline: 717.09 | Improvement: 96.12 | Win Rate: 100.00% | Actor Loss: -3.8704 | Entropy: 3.4578 | Invalid S/B: 0.00/0.00 | Max Load: 21.3 | Load Gap: 2.6
Epoch [143/3000] | Sampled: 617.88 | Baseline: 716.91 | Improvement: 99.03 | Win Rate: 100.00% | Actor Loss: 0.4539 | Entropy: 3.4372 | Invalid S/B: 0.00/0.00 | Max Load: 21.4 | Load Gap: 2.8
Epoch [144/3000] | Sampled: 612.09 | Baseline: 722.03 | Improvement: 109.94 | Win Rate: 100.00% | Actor Loss: -0.9321 | Entropy: 3.4332 | Invalid S/B: 0.00/0.00 | Max Load: 21.6 | Load Gap: 3.1
Epoch [145/3000] | Sampled: 609.16 | Baseline: 717.34 | Improvement: 108.19 | Win Rate: 100.00% | Actor Loss: -3.2433 | Entropy: 3.3841 | Invalid S/B: 0.00/0.00 | Max Load: 21.2 | Load Gap: 2.4
Epoch [146/3000] | Sampled: 610.69 | Baseline: 718.25 | Improvement: 107.56 | Win Rate: 100.00% | Actor Loss: -0.7093 | Entropy: 3.3653 | Invalid S/B: 0.03/0.00 | Max Load: 21.4 | Load Gap: 2.8
Epoch [147/3000] | Sampled: 614.56 | Baseline: 717.44 | Improvement: 102.88 | Win Rate: 96.88% | Actor Loss: -3.0176 | Entropy: 3.3713 | Invalid S/B: 0.06/0.00 | Max Load: 21.4 | Load Gap: 2.7
Epoch [148/3000] | Sampled: 607.38 | Baseline: 716.53 | Improvement: 109.16 | Win Rate: 100.00% | Actor Loss: 4.9491 | Entropy: 3.3742 | Invalid S/B: 0.00/0.00 | Max Load: 21.2 | Load Gap: 2.3
Epoch [149/3000] | Sampled: 609.16 | Baseline: 715.34 | Improvement: 106.19 | Win Rate: 96.88% | Actor Loss: -1.5610 | Entropy: 3.4359 | Invalid S/B: 0.06/0.00 | Max Load: 21.2 | Load Gap: 2.3
Epoch [150/3000] | Sampled: 611.41 | Baseline: 720.06 | Improvement: 108.66 | Win Rate: 93.75% | Actor Loss: -0.9986 | Entropy: 3.4670 | Invalid S/B: 0.12/0.00 | Max Load: 21.1 | Load Gap: 2.2
   -> Validation | Samples: 50 | Makespan: 562.88 | Invalid Jobs: 0.02
   -> Saved new best model (Val Makespan: 562.88)
Epoch [151/3000] | Sampled: 596.28 | Baseline: 718.06 | Improvement: 121.78 | Win Rate: 100.00% | Actor Loss: 1.0981 | Entropy: 3.5072 | Invalid S/B: 0.03/0.00 | Max Load: 21.2 | Load Gap: 2.4
Epoch [152/3000] | Sampled: 591.62 | Baseline: 718.72 | Improvement: 127.09 | Win Rate: 100.00% | Actor Loss: -2.8101 | Entropy: 3.5477 | Invalid S/B: 0.00/0.00 | Max Load: 21.2 | Load Gap: 2.4
Epoch [153/3000] | Sampled: 591.03 | Baseline: 723.06 | Improvement: 132.03 | Win Rate: 100.00% | Actor Loss: -1.0275 | Entropy: 3.5639 | Invalid S/B: 0.03/0.00 | Max Load: 20.9 | Load Gap: 1.9
Epoch [154/3000] | Sampled: 590.28 | Baseline: 718.88 | Improvement: 128.59 | Win Rate: 100.00% | Actor Loss: -0.8911 | Entropy: 3.5350 | Invalid S/B: 0.00/0.00 | Max Load: 21.0 | Load Gap: 1.9
Epoch [155/3000] | Sampled: 575.53 | Baseline: 716.81 | Improvement: 141.28 | Win Rate: 100.00% | Actor Loss: -2.3417 | Entropy: 3.4986 | Invalid S/B: 0.00/0.00 | Max Load: 21.1 | Load Gap: 2.2
Epoch [156/3000] | Sampled: 586.78 | Baseline: 717.00 | Improvement: 130.22 | Win Rate: 100.00% | Actor Loss: -6.4234 | Entropy: 3.4973 | Invalid S/B: 0.00/0.00 | Max Load: 21.0 | Load Gap: 2.0
Epoch [157/3000] | Sampled: 590.75 | Baseline: 723.38 | Improvement: 132.62 | Win Rate: 100.00% | Actor Loss: 0.7099 | Entropy: 3.4560 | Invalid S/B: 0.00/0.00 | Max Load: 20.8 | Load Gap: 1.6
Epoch [158/3000] | Sampled: 587.81 | Baseline: 716.69 | Improvement: 128.88 | Win Rate: 100.00% | Actor Loss: -2.0033 | Entropy: 3.4090 | Invalid S/B: 0.00/0.00 | Max Load: 21.0 | Load Gap: 2.2
Epoch [159/3000] | Sampled: 590.44 | Baseline: 718.78 | Improvement: 128.34 | Win Rate: 100.00% | Actor Loss: -0.2736 | Entropy: 3.4053 | Invalid S/B: 0.06/0.00 | Max Load: 21.1 | Load Gap: 2.1
Epoch [160/3000] | Sampled: 597.47 | Baseline: 713.16 | Improvement: 115.69 | Win Rate: 100.00% | Actor Loss: 2.1834 | Entropy: 3.4037 | Invalid S/B: 0.00/0.00 | Max Load: 21.2 | Load Gap: 2.3
Epoch [161/3000] | Sampled: 584.25 | Baseline: 722.09 | Improvement: 137.84 | Win Rate: 100.00% | Actor Loss: -4.0062 | Entropy: 3.3988 | Invalid S/B: 0.03/0.00 | Max Load: 21.0 | Load Gap: 2.2
Epoch [162/3000] | Sampled: 596.53 | Baseline: 720.72 | Improvement: 124.19 | Win Rate: 100.00% | Actor Loss: -6.2424 | Entropy: 3.3839 | Invalid S/B: 0.00/0.00 | Max Load: 21.4 | Load Gap: 2.7
Epoch [163/3000] | Sampled: 598.38 | Baseline: 720.78 | Improvement: 122.41 | Win Rate: 100.00% | Actor Loss: -0.4531 | Entropy: 3.3907 | Invalid S/B: 0.06/0.00 | Max Load: 21.2 | Load Gap: 2.2
Epoch [164/3000] | Sampled: 593.47 | Baseline: 716.56 | Improvement: 123.09 | Win Rate: 100.00% | Actor Loss: -3.6482 | Entropy: 3.4310 | Invalid S/B: 0.03/0.00 | Max Load: 21.2 | Load Gap: 2.3
Epoch [165/3000] | Sampled: 579.38 | Baseline: 718.41 | Improvement: 139.03 | Win Rate: 100.00% | Actor Loss: -5.3213 | Entropy: 3.4283 | Invalid S/B: 0.03/0.00 | Max Load: 21.2 | Load Gap: 2.1
Epoch [166/3000] | Sampled: 593.41 | Baseline: 717.12 | Improvement: 123.72 | Win Rate: 100.00% | Actor Loss: 2.8001 | Entropy: 3.4452 | Invalid S/B: 0.00/0.00 | Max Load: 21.3 | Load Gap: 2.5
Epoch [167/3000] | Sampled: 590.84 | Baseline: 714.72 | Improvement: 123.88 | Win Rate: 100.00% | Actor Loss: 3.1469 | Entropy: 3.4449 | Invalid S/B: 0.03/0.00 | Max Load: 21.3 | Load Gap: 2.6
Epoch [168/3000] | Sampled: 593.31 | Baseline: 717.44 | Improvement: 124.12 | Win Rate: 100.00% | Actor Loss: 3.4405 | Entropy: 3.4717 | Invalid S/B: 0.09/0.00 | Max Load: 21.4 | Load Gap: 2.8
Epoch [169/3000] | Sampled: 595.59 | Baseline: 722.88 | Improvement: 127.28 | Win Rate: 100.00% | Actor Loss: -3.4176 | Entropy: 3.5023 | Invalid S/B: 0.00/0.00 | Max Load: 21.3 | Load Gap: 2.7
Epoch [170/3000] | Sampled: 589.28 | Baseline: 712.00 | Improvement: 122.72 | Win Rate: 100.00% | Actor Loss: -5.5412 | Entropy: 3.4859 | Invalid S/B: 0.03/0.00 | Max Load: 21.1 | Load Gap: 2.2
Epoch [171/3000] | Sampled: 585.16 | Baseline: 721.25 | Improvement: 136.09 | Win Rate: 100.00% | Actor Loss: -2.5859 | Entropy: 3.4851 | Invalid S/B: 0.06/0.00 | Max Load: 21.2 | Load Gap: 2.4
Epoch [172/3000] | Sampled: 579.34 | Baseline: 713.41 | Improvement: 134.06 | Win Rate: 100.00% | Actor Loss: -3.1214 | Entropy: 3.4880 | Invalid S/B: 0.03/0.00 | Max Load: 21.4 | Load Gap: 2.7
Epoch [173/3000] | Sampled: 586.09 | Baseline: 715.81 | Improvement: 129.72 | Win Rate: 100.00% | Actor Loss: 0.3209 | Entropy: 3.4680 | Invalid S/B: 0.03/0.00 | Max Load: 21.2 | Load Gap: 2.5
Epoch [174/3000] | Sampled: 590.88 | Baseline: 721.16 | Improvement: 130.28 | Win Rate: 100.00% | Actor Loss: 0.5332 | Entropy: 3.4827 | Invalid S/B: 0.03/0.00 | Max Load: 21.4 | Load Gap: 2.8
Epoch [175/3000] | Sampled: 581.22 | Baseline: 716.22 | Improvement: 135.00 | Win Rate: 100.00% | Actor Loss: -1.3715 | Entropy: 3.4704 | Invalid S/B: 0.00/0.03 | Max Load: 21.2 | Load Gap: 2.3
Epoch [176/3000] | Sampled: 568.06 | Baseline: 714.97 | Improvement: 146.91 | Win Rate: 100.00% | Actor Loss: -3.2972 | Entropy: 3.4828 | Invalid S/B: 0.03/0.00 | Max Load: 21.3 | Load Gap: 2.6
Epoch [177/3000] | Sampled: 590.91 | Baseline: 716.81 | Improvement: 125.91 | Win Rate: 100.00% | Actor Loss: 0.5667 | Entropy: 3.4830 | Invalid S/B: 0.00/0.00 | Max Load: 21.2 | Load Gap: 2.2
Epoch [178/3000] | Sampled: 571.06 | Baseline: 711.56 | Improvement: 140.50 | Win Rate: 100.00% | Actor Loss: -1.9042 | Entropy: 3.5036 | Invalid S/B: 0.00/0.00 | Max Load: 21.1 | Load Gap: 2.3
Epoch [179/3000] | Sampled: 576.84 | Baseline: 714.09 | Improvement: 137.25 | Win Rate: 100.00% | Actor Loss: 1.5047 | Entropy: 3.5090 | Invalid S/B: 0.03/0.00 | Max Load: 21.3 | Load Gap: 2.6
Epoch [180/3000] | Sampled: 579.75 | Baseline: 717.31 | Improvement: 137.56 | Win Rate: 100.00% | Actor Loss: 0.5069 | Entropy: 3.5231 | Invalid S/B: 0.06/0.00 | Max Load: 21.0 | Load Gap: 2.1
Epoch [181/3000] | Sampled: 568.53 | Baseline: 713.34 | Improvement: 144.81 | Win Rate: 100.00% | Actor Loss: 1.5086 | Entropy: 3.5506 | Invalid S/B: 0.00/0.00 | Max Load: 21.1 | Load Gap: 2.2
Epoch [182/3000] | Sampled: 570.44 | Baseline: 717.34 | Improvement: 146.91 | Win Rate: 100.00% | Actor Loss: -0.4379 | Entropy: 3.5582 | Invalid S/B: 0.03/0.00 | Max Load: 21.1 | Load Gap: 2.3
Epoch [183/3000] | Sampled: 578.06 | Baseline: 718.06 | Improvement: 140.00 | Win Rate: 100.00% | Actor Loss: -0.3956 | Entropy: 3.5469 | Invalid S/B: 0.03/0.00 | Max Load: 21.0 | Load Gap: 2.1
Epoch [184/3000] | Sampled: 574.72 | Baseline: 716.19 | Improvement: 141.47 | Win Rate: 100.00% | Actor Loss: -4.7747 | Entropy: 3.5523 | Invalid S/B: 0.03/0.00 | Max Load: 21.1 | Load Gap: 2.2
Epoch [185/3000] | Sampled: 579.97 | Baseline: 724.69 | Improvement: 144.72 | Win Rate: 100.00% | Actor Loss: -6.3053 | Entropy: 3.5515 | Invalid S/B: 0.00/0.00 | Max Load: 21.1 | Load Gap: 2.2
Epoch [186/3000] | Sampled: 576.34 | Baseline: 718.84 | Improvement: 142.50 | Win Rate: 100.00% | Actor Loss: -4.8128 | Entropy: 3.5439 | Invalid S/B: 0.00/0.00 | Max Load: 21.1 | Load Gap: 2.2
Epoch [187/3000] | Sampled: 576.72 | Baseline: 711.59 | Improvement: 134.88 | Win Rate: 100.00% | Actor Loss: -4.4957 | Entropy: 3.5501 | Invalid S/B: 0.03/0.00 | Max Load: 21.0 | Load Gap: 2.0
Epoch [188/3000] | Sampled: 571.81 | Baseline: 717.88 | Improvement: 146.06 | Win Rate: 100.00% | Actor Loss: -0.4423 | Entropy: 3.5571 | Invalid S/B: 0.03/0.03 | Max Load: 20.9 | Load Gap: 1.9
Epoch [189/3000] | Sampled: 571.34 | Baseline: 715.59 | Improvement: 144.25 | Win Rate: 100.00% | Actor Loss: -0.2468 | Entropy: 3.5173 | Invalid S/B: 0.03/0.00 | Max Load: 20.9 | Load Gap: 1.9
Epoch [190/3000] | Sampled: 568.75 | Baseline: 715.88 | Improvement: 147.12 | Win Rate: 100.00% | Actor Loss: 3.0729 | Entropy: 3.5090 | Invalid S/B: 0.00/0.00 | Max Load: 21.2 | Load Gap: 2.3
Epoch [191/3000] | Sampled: 574.00 | Baseline: 717.75 | Improvement: 143.75 | Win Rate: 96.88% | Actor Loss: 0.2171 | Entropy: 3.5002 | Invalid S/B: 0.06/0.00 | Max Load: 21.2 | Load Gap: 2.6
Epoch [192/3000] | Sampled: 575.06 | Baseline: 717.81 | Improvement: 142.75 | Win Rate: 100.00% | Actor Loss: -0.4900 | Entropy: 3.4880 | Invalid S/B: 0.03/0.00 | Max Load: 21.3 | Load Gap: 2.5
Epoch [193/3000] | Sampled: 576.00 | Baseline: 718.91 | Improvement: 142.91 | Win Rate: 100.00% | Actor Loss: -0.7262 | Entropy: 3.4958 | Invalid S/B: 0.00/0.00 | Max Load: 21.1 | Load Gap: 2.2
Epoch [194/3000] | Sampled: 573.84 | Baseline: 719.16 | Improvement: 145.31 | Win Rate: 100.00% | Actor Loss: -10.5454 | Entropy: 3.4557 | Invalid S/B: 0.00/0.00 | Max Load: 21.3 | Load Gap: 2.7
Epoch [195/3000] | Sampled: 567.91 | Baseline: 714.22 | Improvement: 146.31 | Win Rate: 100.00% | Actor Loss: 0.3570 | Entropy: 3.4587 | Invalid S/B: 0.03/0.00 | Max Load: 21.1 | Load Gap: 2.1
Epoch [196/3000] | Sampled: 575.97 | Baseline: 720.25 | Improvement: 144.28 | Win Rate: 100.00% | Actor Loss: -2.0296 | Entropy: 3.4418 | Invalid S/B: 0.00/0.00 | Max Load: 21.3 | Load Gap: 2.6
Epoch [197/3000] | Sampled: 574.78 | Baseline: 718.53 | Improvement: 143.75 | Win Rate: 100.00% | Actor Loss: -1.0708 | Entropy: 3.4592 | Invalid S/B: 0.03/0.00 | Max Load: 21.4 | Load Gap: 2.7
Epoch [198/3000] | Sampled: 566.53 | Baseline: 717.16 | Improvement: 150.62 | Win Rate: 100.00% | Actor Loss: 2.2470 | Entropy: 3.4097 | Invalid S/B: 0.00/0.00 | Max Load: 21.3 | Load Gap: 2.6
Epoch [199/3000] | Sampled: 569.25 | Baseline: 711.69 | Improvement: 142.44 | Win Rate: 100.00% | Actor Loss: 3.6541 | Entropy: 3.4322 | Invalid S/B: 0.00/0.00 | Max Load: 21.0 | Load Gap: 2.1
Epoch [200/3000] | Sampled: 571.00 | Baseline: 712.94 | Improvement: 141.94 | Win Rate: 100.00% | Actor Loss: -1.0048 | Entropy: 3.4193 | Invalid S/B: 0.00/0.00 | Max Load: 20.8 | Load Gap: 1.7
   -> Validation | Samples: 50 | Makespan: 522.78 | Invalid Jobs: 0.04
   -> Saved new best model (Val Makespan: 522.78)
   -> Saved updated training chart to /home/wei/AMR-DFJSP/Static_alogorithm/GNN/gnn_precise_training_metrics.png
Epoch [201/3000] | Sampled: 570.53 | Baseline: 714.25 | Improvement: 143.72 | Win Rate: 100.00% | Actor Loss: 0.4996 | Entropy: 3.4407 | Invalid S/B: 0.00/0.00 | Max Load: 21.1 | Load Gap: 2.1
Epoch [202/3000] | Sampled: 577.88 | Baseline: 713.59 | Improvement: 135.72 | Win Rate: 100.00% | Actor Loss: -3.1575 | Entropy: 3.4607 | Invalid S/B: 0.00/0.00 | Max Load: 20.8 | Load Gap: 1.6
Epoch [203/3000] | Sampled: 565.81 | Baseline: 716.50 | Improvement: 150.69 | Win Rate: 100.00% | Actor Loss: -3.1266 | Entropy: 3.4630 | Invalid S/B: 0.00/0.00 | Max Load: 21.3 | Load Gap: 2.3
Epoch [204/3000] | Sampled: 575.47 | Baseline: 718.16 | Improvement: 142.69 | Win Rate: 100.00% | Actor Loss: 1.5929 | Entropy: 3.4849 | Invalid S/B: 0.00/0.00 | Max Load: 21.2 | Load Gap: 2.1
Epoch [205/3000] | Sampled: 570.12 | Baseline: 714.34 | Improvement: 144.22 | Win Rate: 100.00% | Actor Loss: -4.7172 | Entropy: 3.4868 | Invalid S/B: 0.06/0.00 | Max Load: 21.0 | Load Gap: 2.1
Epoch [206/3000] | Sampled: 573.34 | Baseline: 728.22 | Improvement: 154.88 | Win Rate: 100.00% | Actor Loss: -3.6629 | Entropy: 3.4928 | Invalid S/B: 0.09/0.00 | Max Load: 20.9 | Load Gap: 1.8
Epoch [207/3000] | Sampled: 569.12 | Baseline: 721.81 | Improvement: 152.69 | Win Rate: 100.00% | Actor Loss: -1.9891 | Entropy: 3.4857 | Invalid S/B: 0.03/0.00 | Max Load: 20.9 | Load Gap: 1.8
Epoch [208/3000] | Sampled: 567.78 | Baseline: 714.62 | Improvement: 146.84 | Win Rate: 100.00% | Actor Loss: 5.8015 | Entropy: 3.4612 | Invalid S/B: 0.00/0.00 | Max Load: 21.1 | Load Gap: 2.0
Epoch [209/3000] | Sampled: 568.72 | Baseline: 716.41 | Improvement: 147.69 | Win Rate: 100.00% | Actor Loss: 2.2454 | Entropy: 3.4720 | Invalid S/B: 0.00/0.00 | Max Load: 21.0 | Load Gap: 1.9
Epoch [210/3000] | Sampled: 573.22 | Baseline: 716.88 | Improvement: 143.66 | Win Rate: 100.00% | Actor Loss: 2.1484 | Entropy: 3.4791 | Invalid S/B: 0.00/0.00 | Max Load: 21.0 | Load Gap: 1.9
Epoch [211/3000] | Sampled: 571.53 | Baseline: 720.34 | Improvement: 148.81 | Win Rate: 100.00% | Actor Loss: 4.9292 | Entropy: 3.5102 | Invalid S/B: 0.03/0.00 | Max Load: 21.0 | Load Gap: 2.0
Epoch [212/3000] | Sampled: 573.28 | Baseline: 718.16 | Improvement: 144.88 | Win Rate: 100.00% | Actor Loss: -6.0502 | Entropy: 3.4752 | Invalid S/B: 0.03/0.00 | Max Load: 20.8 | Load Gap: 1.6
Epoch [213/3000] | Sampled: 563.09 | Baseline: 714.22 | Improvement: 151.12 | Win Rate: 100.00% | Actor Loss: -1.7553 | Entropy: 3.4991 | Invalid S/B: 0.03/0.00 | Max Load: 21.0 | Load Gap: 2.0
Epoch [214/3000] | Sampled: 565.12 | Baseline: 716.16 | Improvement: 151.03 | Win Rate: 100.00% | Actor Loss: -3.6829 | Entropy: 3.4550 | Invalid S/B: 0.00/0.00 | Max Load: 20.8 | Load Gap: 1.7
Epoch [215/3000] | Sampled: 566.00 | Baseline: 718.69 | Improvement: 152.69 | Win Rate: 100.00% | Actor Loss: -3.0528 | Entropy: 3.4565 | Invalid S/B: 0.00/0.00 | Max Load: 21.1 | Load Gap: 2.1
Epoch [216/3000] | Sampled: 571.91 | Baseline: 720.31 | Improvement: 148.41 | Win Rate: 100.00% | Actor Loss: -3.4120 | Entropy: 3.4576 | Invalid S/B: 0.00/0.00 | Max Load: 21.2 | Load Gap: 2.6
Epoch [217/3000] | Sampled: 575.69 | Baseline: 722.09 | Improvement: 146.41 | Win Rate: 100.00% | Actor Loss: -0.1766 | Entropy: 3.4286 | Invalid S/B: 0.03/0.00 | Max Load: 21.2 | Load Gap: 2.5
Epoch [218/3000] | Sampled: 574.41 | Baseline: 714.75 | Improvement: 140.34 | Win Rate: 100.00% | Actor Loss: 0.5587 | Entropy: 3.3801 | Invalid S/B: 0.00/0.00 | Max Load: 21.2 | Load Gap: 2.5
Epoch [219/3000] | Sampled: 563.88 | Baseline: 714.66 | Improvement: 150.78 | Win Rate: 100.00% | Actor Loss: 0.6842 | Entropy: 3.3585 | Invalid S/B: 0.00/0.00 | Max Load: 21.2 | Load Gap: 2.5
Epoch [220/3000] | Sampled: 579.72 | Baseline: 720.28 | Improvement: 140.56 | Win Rate: 100.00% | Actor Loss: 3.6579 | Entropy: 3.3465 | Invalid S/B: 0.03/0.00 | Max Load: 21.2 | Load Gap: 2.2
Epoch [221/3000] | Sampled: 576.62 | Baseline: 721.16 | Improvement: 144.53 | Win Rate: 100.00% | Actor Loss: 2.8403 | Entropy: 3.3668 | Invalid S/B: 0.00/0.00 | Max Load: 21.1 | Load Gap: 2.2
Epoch [222/3000] | Sampled: 569.25 | Baseline: 714.88 | Improvement: 145.62 | Win Rate: 100.00% | Actor Loss: 3.1127 | Entropy: 3.3567 | Invalid S/B: 0.03/0.00 | Max Load: 21.2 | Load Gap: 2.3
Epoch [223/3000] | Sampled: 567.59 | Baseline: 715.47 | Improvement: 147.88 | Win Rate: 100.00% | Actor Loss: -3.2742 | Entropy: 3.3705 | Invalid S/B: 0.03/0.00 | Max Load: 21.2 | Load Gap: 2.4
Epoch [224/3000] | Sampled: 576.03 | Baseline: 720.34 | Improvement: 144.31 | Win Rate: 100.00% | Actor Loss: -1.5621 | Entropy: 3.3572 | Invalid S/B: 0.03/0.00 | Max Load: 21.4 | Load Gap: 2.8
Epoch [225/3000] | Sampled: 583.38 | Baseline: 721.12 | Improvement: 137.75 | Win Rate: 100.00% | Actor Loss: -4.7182 | Entropy: 3.3418 | Invalid S/B: 0.03/0.00 | Max Load: 21.2 | Load Gap: 2.4
Epoch [226/3000] | Sampled: 584.59 | Baseline: 716.22 | Improvement: 131.62 | Win Rate: 100.00% | Actor Loss: -0.1235 | Entropy: 3.3478 | Invalid S/B: 0.00/0.00 | Max Load: 21.2 | Load Gap: 2.4
Epoch [227/3000] | Sampled: 574.44 | Baseline: 716.84 | Improvement: 142.41 | Win Rate: 100.00% | Actor Loss: -1.5145 | Entropy: 3.3290 | Invalid S/B: 0.03/0.00 | Max Load: 21.3 | Load Gap: 2.6
Epoch [228/3000] | Sampled: 577.53 | Baseline: 717.62 | Improvement: 140.09 | Win Rate: 100.00% | Actor Loss: -0.1784 | Entropy: 3.2944 | Invalid S/B: 0.00/0.00 | Max Load: 21.3 | Load Gap: 2.6
Epoch [229/3000] | Sampled: 570.34 | Baseline: 719.56 | Improvement: 149.22 | Win Rate: 100.00% | Actor Loss: 2.2804 | Entropy: 3.2949 | Invalid S/B: 0.00/0.00 | Max Load: 21.0 | Load Gap: 2.0
Epoch [230/3000] | Sampled: 569.88 | Baseline: 714.88 | Improvement: 145.00 | Win Rate: 100.00% | Actor Loss: 3.0639 | Entropy: 3.2984 | Invalid S/B: 0.00/0.00 | Max Load: 21.4 | Load Gap: 2.6
Epoch [231/3000] | Sampled: 567.31 | Baseline: 717.69 | Improvement: 150.38 | Win Rate: 100.00% | Actor Loss: 1.0243 | Entropy: 3.3280 | Invalid S/B: 0.00/0.00 | Max Load: 20.7 | Load Gap: 1.5
Epoch [232/3000] | Sampled: 555.75 | Baseline: 719.41 | Improvement: 163.66 | Win Rate: 100.00% | Actor Loss: -3.3486 | Entropy: 3.3541 | Invalid S/B: 0.03/0.00 | Max Load: 21.0 | Load Gap: 2.1
Epoch [233/3000] | Sampled: 569.97 | Baseline: 712.91 | Improvement: 142.94 | Win Rate: 100.00% | Actor Loss: 1.8741 | Entropy: 3.3614 | Invalid S/B: 0.06/0.00 | Max Load: 20.9 | Load Gap: 1.8
Epoch [234/3000] | Sampled: 562.09 | Baseline: 719.12 | Improvement: 157.03 | Win Rate: 100.00% | Actor Loss: -0.6704 | Entropy: 3.3643 | Invalid S/B: 0.00/0.00 | Max Load: 20.8 | Load Gap: 1.5
Epoch [235/3000] | Sampled: 560.66 | Baseline: 718.19 | Improvement: 157.53 | Win Rate: 100.00% | Actor Loss: -6.2289 | Entropy: 3.3407 | Invalid S/B: 0.00/0.00 | Max Load: 21.1 | Load Gap: 2.1
Epoch [236/3000] | Sampled: 561.34 | Baseline: 713.91 | Improvement: 152.56 | Win Rate: 96.88% | Actor Loss: -4.7420 | Entropy: 3.3588 | Invalid S/B: 0.03/0.00 | Max Load: 20.9 | Load Gap: 1.7
Epoch [237/3000] | Sampled: 562.19 | Baseline: 717.38 | Improvement: 155.19 | Win Rate: 100.00% | Actor Loss: -2.6271 | Entropy: 3.3369 | Invalid S/B: 0.00/0.00 | Max Load: 20.9 | Load Gap: 1.8
Epoch [238/3000] | Sampled: 568.00 | Baseline: 716.19 | Improvement: 148.19 | Win Rate: 100.00% | Actor Loss: -0.9991 | Entropy: 3.3028 | Invalid S/B: 0.03/0.00 | Max Load: 21.0 | Load Gap: 1.9
Epoch [239/3000] | Sampled: 569.75 | Baseline: 718.16 | Improvement: 148.41 | Win Rate: 100.00% | Actor Loss: 0.6518 | Entropy: 3.2744 | Invalid S/B: 0.03/0.00 | Max Load: 21.1 | Load Gap: 2.2
Epoch [240/3000] | Sampled: 560.81 | Baseline: 722.12 | Improvement: 161.31 | Win Rate: 100.00% | Actor Loss: -2.1860 | Entropy: 3.2722 | Invalid S/B: 0.00/0.00 | Max Load: 21.0 | Load Gap: 2.1
Epoch [241/3000] | Sampled: 564.22 | Baseline: 714.09 | Improvement: 149.88 | Win Rate: 100.00% | Actor Loss: 5.4397 | Entropy: 3.2680 | Invalid S/B: 0.00/0.00 | Max Load: 21.0 | Load Gap: 2.0
Epoch [242/3000] | Sampled: 562.25 | Baseline: 719.31 | Improvement: 157.06 | Win Rate: 100.00% | Actor Loss: 1.5094 | Entropy: 3.2716 | Invalid S/B: 0.00/0.00 | Max Load: 21.2 | Load Gap: 2.4
Epoch [243/3000] | Sampled: 563.19 | Baseline: 714.38 | Improvement: 151.19 | Win Rate: 100.00% | Actor Loss: 3.9394 | Entropy: 3.2918 | Invalid S/B: 0.00/0.00 | Max Load: 21.1 | Load Gap: 2.2
Epoch [244/3000] | Sampled: 578.06 | Baseline: 725.44 | Improvement: 147.38 | Win Rate: 100.00% | Actor Loss: -4.8579 | Entropy: 3.2961 | Invalid S/B: 0.00/0.00 | Max Load: 21.2 | Load Gap: 2.3
Epoch [245/3000] | Sampled: 565.03 | Baseline: 716.41 | Improvement: 151.38 | Win Rate: 100.00% | Actor Loss: -1.6564 | Entropy: 3.2709 | Invalid S/B: 0.00/0.00 | Max Load: 21.2 | Load Gap: 2.3
Epoch [246/3000] | Sampled: 565.06 | Baseline: 714.84 | Improvement: 149.78 | Win Rate: 100.00% | Actor Loss: -4.7360 | Entropy: 3.2597 | Invalid S/B: 0.03/0.00 | Max Load: 21.0 | Load Gap: 2.2
Epoch [247/3000] | Sampled: 574.44 | Baseline: 720.19 | Improvement: 145.75 | Win Rate: 100.00% | Actor Loss: -6.8065 | Entropy: 3.2408 | Invalid S/B: 0.00/0.00 | Max Load: 21.1 | Load Gap: 2.0
Epoch [248/3000] | Sampled: 570.06 | Baseline: 719.34 | Improvement: 149.28 | Win Rate: 100.00% | Actor Loss: -2.9879 | Entropy: 3.2472 | Invalid S/B: 0.00/0.00 | Max Load: 21.3 | Load Gap: 2.7
Epoch [249/3000] | Sampled: 562.09 | Baseline: 714.31 | Improvement: 152.22 | Win Rate: 100.00% | Actor Loss: -1.1423 | Entropy: 3.2290 | Invalid S/B: 0.00/0.00 | Max Load: 21.2 | Load Gap: 2.4
Epoch [250/3000] | Sampled: 557.44 | Baseline: 717.03 | Improvement: 159.59 | Win Rate: 100.00% | Actor Loss: -4.3023 | Entropy: 3.2337 | Invalid S/B: 0.06/0.00 | Max Load: 21.0 | Load Gap: 2.0
   -> Validation | Samples: 50 | Makespan: 542.56 | Invalid Jobs: 0.00
Epoch [251/3000] | Sampled: 565.09 | Baseline: 715.31 | Improvement: 150.22 | Win Rate: 100.00% | Actor Loss: 3.5086 | Entropy: 3.1920 | Invalid S/B: 0.03/0.00 | Max Load: 21.1 | Load Gap: 2.2
Epoch [252/3000] | Sampled: 573.38 | Baseline: 714.69 | Improvement: 141.31 | Win Rate: 100.00% | Actor Loss: 1.9330 | Entropy: 3.1724 | Invalid S/B: 0.00/0.00 | Max Load: 21.0 | Load Gap: 2.0
Epoch [253/3000] | Sampled: 562.81 | Baseline: 713.69 | Improvement: 150.88 | Win Rate: 100.00% | Actor Loss: 2.2351 | Entropy: 3.1591 | Invalid S/B: 0.00/0.00 | Max Load: 21.0 | Load Gap: 2.1
Epoch [254/3000] | Sampled: 568.66 | Baseline: 718.50 | Improvement: 149.84 | Win Rate: 100.00% | Actor Loss: 1.0666 | Entropy: 3.1905 | Invalid S/B: 0.03/0.00 | Max Load: 21.2 | Load Gap: 2.4
Epoch [255/3000] | Sampled: 562.59 | Baseline: 726.19 | Improvement: 163.59 | Win Rate: 100.00% | Actor Loss: -2.2212 | Entropy: 3.1982 | Invalid S/B: 0.00/0.00 | Max Load: 21.2 | Load Gap: 2.3
Epoch [256/3000] | Sampled: 567.94 | Baseline: 717.31 | Improvement: 149.38 | Win Rate: 100.00% | Actor Loss: -3.6855 | Entropy: 3.2217 | Invalid S/B: 0.00/0.00 | Max Load: 21.0 | Load Gap: 2.0
Epoch [257/3000] | Sampled: 566.22 | Baseline: 719.19 | Improvement: 152.97 | Win Rate: 100.00% | Actor Loss: -4.4232 | Entropy: 3.2335 | Invalid S/B: 0.00/0.00 | Max Load: 21.1 | Load Gap: 2.1
Epoch [258/3000] | Sampled: 580.91 | Baseline: 717.66 | Improvement: 136.75 | Win Rate: 100.00% | Actor Loss: -2.0338 | Entropy: 3.2306 | Invalid S/B: 0.09/0.00 | Max Load: 21.1 | Load Gap: 2.2
Epoch [259/3000] | Sampled: 574.69 | Baseline: 719.66 | Improvement: 144.97 | Win Rate: 100.00% | Actor Loss: -1.0758 | Entropy: 3.1785 | Invalid S/B: 0.00/0.00 | Max Load: 21.1 | Load Gap: 2.2
Epoch [260/3000] | Sampled: 560.28 | Baseline: 716.84 | Improvement: 156.56 | Win Rate: 100.00% | Actor Loss: -1.1212 | Entropy: 3.1453 | Invalid S/B: 0.00/0.00 | Max Load: 21.3 | Load Gap: 2.7
Epoch [261/3000] | Sampled: 554.75 | Baseline: 719.91 | Improvement: 165.16 | Win Rate: 100.00% | Actor Loss: 0.1367 | Entropy: 3.1173 | Invalid S/B: 0.00/0.00 | Max Load: 21.0 | Load Gap: 2.0
Epoch [262/3000] | Sampled: 562.06 | Baseline: 716.69 | Improvement: 154.62 | Win Rate: 100.00% | Actor Loss: 1.1119 | Entropy: 3.1097 | Invalid S/B: 0.06/0.00 | Max Load: 21.0 | Load Gap: 2.0
Epoch [263/3000] | Sampled: 566.56 | Baseline: 712.59 | Improvement: 146.03 | Win Rate: 100.00% | Actor Loss: 6.7328 | Entropy: 3.1053 | Invalid S/B: 0.00/0.00 | Max Load: 21.1 | Load Gap: 2.2
Epoch [264/3000] | Sampled: 576.31 | Baseline: 718.06 | Improvement: 141.75 | Win Rate: 100.00% | Actor Loss: 3.8047 | Entropy: 3.1431 | Invalid S/B: 0.00/0.00 | Max Load: 21.1 | Load Gap: 2.3
Epoch [265/3000] | Sampled: 568.41 | Baseline: 715.38 | Improvement: 146.97 | Win Rate: 100.00% | Actor Loss: -5.7022 | Entropy: 3.1856 | Invalid S/B: 0.00/0.03 | Max Load: 21.0 | Load Gap: 2.2
Epoch [266/3000] | Sampled: 549.41 | Baseline: 714.59 | Improvement: 165.19 | Win Rate: 100.00% | Actor Loss: 0.4450 | Entropy: 3.2213 | Invalid S/B: 0.00/0.00 | Max Load: 21.3 | Load Gap: 2.5
Epoch [267/3000] | Sampled: 579.84 | Baseline: 716.91 | Improvement: 137.06 | Win Rate: 100.00% | Actor Loss: 1.9683 | Entropy: 3.2253 | Invalid S/B: 0.00/0.00 | Max Load: 20.8 | Load Gap: 1.8
Epoch [268/3000] | Sampled: 560.12 | Baseline: 717.94 | Improvement: 157.81 | Win Rate: 100.00% | Actor Loss: -1.5889 | Entropy: 3.2324 | Invalid S/B: 0.00/0.00 | Max Load: 20.9 | Load Gap: 1.8
Epoch [269/3000] | Sampled: 562.19 | Baseline: 717.97 | Improvement: 155.78 | Win Rate: 100.00% | Actor Loss: -0.6731 | Entropy: 3.2524 | Invalid S/B: 0.03/0.00 | Max Load: 20.9 | Load Gap: 1.8
Epoch [270/3000] | Sampled: 564.38 | Baseline: 714.34 | Improvement: 149.97 | Win Rate: 100.00% | Actor Loss: 1.1869 | Entropy: 3.2512 | Invalid S/B: 0.06/0.00 | Max Load: 21.2 | Load Gap: 2.2
Epoch [271/3000] | Sampled: 560.00 | Baseline: 716.41 | Improvement: 156.41 | Win Rate: 100.00% | Actor Loss: -4.7263 | Entropy: 3.2671 | Invalid S/B: 0.03/0.00 | Max Load: 21.1 | Load Gap: 2.2
Epoch [272/3000] | Sampled: 553.00 | Baseline: 718.84 | Improvement: 165.84 | Win Rate: 100.00% | Actor Loss: 5.0963 | Entropy: 3.2685 | Invalid S/B: 0.00/0.00 | Max Load: 20.8 | Load Gap: 1.8
Epoch [273/3000] | Sampled: 562.88 | Baseline: 726.06 | Improvement: 163.19 | Win Rate: 100.00% | Actor Loss: -5.1269 | Entropy: 3.2877 | Invalid S/B: 0.03/0.00 | Max Load: 21.1 | Load Gap: 2.1
Epoch [274/3000] | Sampled: 563.97 | Baseline: 716.94 | Improvement: 152.97 | Win Rate: 100.00% | Actor Loss: 1.1514 | Entropy: 3.2886 | Invalid S/B: 0.00/0.00 | Max Load: 21.1 | Load Gap: 2.2
Epoch [275/3000] | Sampled: 550.38 | Baseline: 716.56 | Improvement: 166.19 | Win Rate: 100.00% | Actor Loss: -2.6809 | Entropy: 3.2981 | Invalid S/B: 0.00/0.00 | Max Load: 21.0 | Load Gap: 2.0
Epoch [276/3000] | Sampled: 562.19 | Baseline: 721.66 | Improvement: 159.47 | Win Rate: 100.00% | Actor Loss: -2.6683 | Entropy: 3.2986 | Invalid S/B: 0.03/0.00 | Max Load: 21.1 | Load Gap: 2.1
Epoch [277/3000] | Sampled: 553.06 | Baseline: 720.62 | Improvement: 167.56 | Win Rate: 100.00% | Actor Loss: 0.8148 | Entropy: 3.2856 | Invalid S/B: 0.03/0.00 | Max Load: 20.9 | Load Gap: 1.8
Epoch [278/3000] | Sampled: 553.03 | Baseline: 716.88 | Improvement: 163.84 | Win Rate: 100.00% | Actor Loss: -6.7269 | Entropy: 3.2890 | Invalid S/B: 0.00/0.00 | Max Load: 20.8 | Load Gap: 1.6
Epoch [279/3000] | Sampled: 555.84 | Baseline: 720.38 | Improvement: 164.53 | Win Rate: 100.00% | Actor Loss: -0.3892 | Entropy: 3.3198 | Invalid S/B: 0.03/0.00 | Max Load: 21.2 | Load Gap: 2.4
Epoch [280/3000] | Sampled: 555.91 | Baseline: 717.44 | Improvement: 161.53 | Win Rate: 100.00% | Actor Loss: -1.6357 | Entropy: 3.3053 | Invalid S/B: 0.00/0.00 | Max Load: 20.9 | Load Gap: 1.9
Epoch [281/3000] | Sampled: 556.38 | Baseline: 717.16 | Improvement: 160.78 | Win Rate: 100.00% | Actor Loss: 2.9613 | Entropy: 3.2727 | Invalid S/B: 0.00/0.03 | Max Load: 21.2 | Load Gap: 2.2
Epoch [282/3000] | Sampled: 550.22 | Baseline: 717.56 | Improvement: 167.34 | Win Rate: 100.00% | Actor Loss: -1.2426 | Entropy: 3.2818 | Invalid S/B: 0.00/0.00 | Max Load: 21.3 | Load Gap: 2.6
Epoch [283/3000] | Sampled: 561.84 | Baseline: 716.47 | Improvement: 154.62 | Win Rate: 100.00% | Actor Loss: -1.3101 | Entropy: 3.2755 | Invalid S/B: 0.06/0.00 | Max Load: 21.2 | Load Gap: 2.4
Epoch [284/3000] | Sampled: 568.06 | Baseline: 719.56 | Improvement: 151.50 | Win Rate: 100.00% | Actor Loss: 0.8122 | Entropy: 3.2511 | Invalid S/B: 0.09/0.00 | Max Load: 21.1 | Load Gap: 2.1
Epoch [285/3000] | Sampled: 565.75 | Baseline: 716.47 | Improvement: 150.72 | Win Rate: 100.00% | Actor Loss: 3.3861 | Entropy: 3.2359 | Invalid S/B: 0.00/0.00 | Max Load: 21.3 | Load Gap: 2.6
Epoch [286/3000] | Sampled: 549.88 | Baseline: 717.69 | Improvement: 167.81 | Win Rate: 100.00% | Actor Loss: -6.4539 | Entropy: 3.2321 | Invalid S/B: 0.00/0.00 | Max Load: 21.0 | Load Gap: 2.0
Epoch [287/3000] | Sampled: 571.03 | Baseline: 715.41 | Improvement: 144.38 | Win Rate: 100.00% | Actor Loss: -4.4766 | Entropy: 3.2131 | Invalid S/B: 0.00/0.00 | Max Load: 21.3 | Load Gap: 2.6
Epoch [288/3000] | Sampled: 554.78 | Baseline: 713.47 | Improvement: 158.69 | Win Rate: 100.00% | Actor Loss: -5.1607 | Entropy: 3.1907 | Invalid S/B: 0.00/0.00 | Max Load: 21.1 | Load Gap: 2.3
Epoch [289/3000] | Sampled: 568.16 | Baseline: 715.19 | Improvement: 147.03 | Win Rate: 100.00% | Actor Loss: -0.4255 | Entropy: 3.1881 | Invalid S/B: 0.03/0.00 | Max Load: 21.2 | Load Gap: 2.4
Epoch [290/3000] | Sampled: 569.88 | Baseline: 718.50 | Improvement: 148.62 | Win Rate: 100.00% | Actor Loss: 4.9029 | Entropy: 3.1603 | Invalid S/B: 0.00/0.00 | Max Load: 21.3 | Load Gap: 2.7
Epoch [291/3000] | Sampled: 570.94 | Baseline: 723.25 | Improvement: 152.31 | Win Rate: 100.00% | Actor Loss: -2.9932 | Entropy: 3.1694 | Invalid S/B: 0.06/0.00 | Max Load: 21.2 | Load Gap: 2.4
Epoch [292/3000] | Sampled: 569.59 | Baseline: 719.88 | Improvement: 150.28 | Win Rate: 100.00% | Actor Loss: 1.1363 | Entropy: 3.1590 | Invalid S/B: 0.00/0.00 | Max Load: 21.3 | Load Gap: 2.5
Epoch [293/3000] | Sampled: 572.09 | Baseline: 724.09 | Improvement: 152.00 | Win Rate: 100.00% | Actor Loss: 0.2378 | Entropy: 3.1705 | Invalid S/B: 0.03/0.00 | Max Load: 21.1 | Load Gap: 2.2
Epoch [294/3000] | Sampled: 569.22 | Baseline: 719.16 | Improvement: 149.94 | Win Rate: 100.00% | Actor Loss: 2.3692 | Entropy: 3.1779 | Invalid S/B: 0.00/0.00 | Max Load: 21.1 | Load Gap: 2.2
Epoch [295/3000] | Sampled: 558.91 | Baseline: 715.25 | Improvement: 156.34 | Win Rate: 100.00% | Actor Loss: -4.3596 | Entropy: 3.1648 | Invalid S/B: 0.00/0.00 | Max Load: 21.4 | Load Gap: 2.8
Epoch [296/3000] | Sampled: 559.84 | Baseline: 722.88 | Improvement: 163.03 | Win Rate: 100.00% | Actor Loss: -4.9107 | Entropy: 3.1486 | Invalid S/B: 0.00/0.00 | Max Load: 21.2 | Load Gap: 2.5
Epoch [297/3000] | Sampled: 550.81 | Baseline: 711.56 | Improvement: 160.75 | Win Rate: 100.00% | Actor Loss: -6.7470 | Entropy: 3.1510 | Invalid S/B: 0.00/0.00 | Max Load: 21.2 | Load Gap: 2.5
Epoch [298/3000] | Sampled: 562.00 | Baseline: 720.66 | Improvement: 158.66 | Win Rate: 100.00% | Actor Loss: -5.5345 | Entropy: 3.1532 | Invalid S/B: 0.06/0.00 | Max Load: 20.9 | Load Gap: 2.0
Epoch [299/3000] | Sampled: 558.78 | Baseline: 714.78 | Improvement: 156.00 | Win Rate: 100.00% | Actor Loss: -6.5731 | Entropy: 3.1245 | Invalid S/B: 0.03/0.00 | Max Load: 21.0 | Load Gap: 2.1
Epoch [300/3000] | Sampled: 556.81 | Baseline: 716.16 | Improvement: 159.34 | Win Rate: 100.00% | Actor Loss: -0.4417 | Entropy: 3.1506 | Invalid S/B: 0.00/0.00 | Max Load: 21.2 | Load Gap: 2.2
   -> Validation | Samples: 50 | Makespan: 507.12 | Invalid Jobs: 0.00
   -> Saved new best model (Val Makespan: 507.12)
   -> Saved updated training chart to /home/wei/AMR-DFJSP/Static_alogorithm/GNN/gnn_precise_training_metrics.png
Epoch [301/3000] | Sampled: 551.81 | Baseline: 716.75 | Improvement: 164.94 | Win Rate: 100.00% | Actor Loss: -1.8746 | Entropy: 3.1484 | Invalid S/B: 0.00/0.00 | Max Load: 21.2 | Load Gap: 2.3
Epoch [302/3000] | Sampled: 557.09 | Baseline: 716.88 | Improvement: 159.78 | Win Rate: 100.00% | Actor Loss: 2.9679 | Entropy: 3.1262 | Invalid S/B: 0.00/0.00 | Max Load: 21.3 | Load Gap: 2.6
Epoch [303/3000] | Sampled: 563.28 | Baseline: 719.38 | Improvement: 156.09 | Win Rate: 100.00% | Actor Loss: 7.9771 | Entropy: 3.1379 | Invalid S/B: 0.03/0.00 | Max Load: 21.0 | Load Gap: 1.9
Epoch [304/3000] | Sampled: 561.22 | Baseline: 713.38 | Improvement: 152.16 | Win Rate: 100.00% | Actor Loss: 1.9899 | Entropy: 3.1300 | Invalid S/B: 0.00/0.00 | Max Load: 21.4 | Load Gap: 2.6
Epoch [305/3000] | Sampled: 550.28 | Baseline: 717.03 | Improvement: 166.75 | Win Rate: 100.00% | Actor Loss: 4.4263 | Entropy: 3.1526 | Invalid S/B: 0.00/0.00 | Max Load: 21.3 | Load Gap: 2.4
Epoch [306/3000] | Sampled: 554.72 | Baseline: 715.56 | Improvement: 160.84 | Win Rate: 100.00% | Actor Loss: 0.9501 | Entropy: 3.1715 | Invalid S/B: 0.03/0.00 | Max Load: 21.0 | Load Gap: 2.0
Epoch [307/3000] | Sampled: 573.94 | Baseline: 725.88 | Improvement: 151.94 | Win Rate: 100.00% | Actor Loss: 2.2321 | Entropy: 3.1952 | Invalid S/B: 0.06/0.00 | Max Load: 21.1 | Load Gap: 2.4
Epoch [308/3000] | Sampled: 563.94 | Baseline: 716.31 | Improvement: 152.38 | Win Rate: 100.00% | Actor Loss: -4.1209 | Entropy: 3.2446 | Invalid S/B: 0.00/0.00 | Max Load: 21.1 | Load Gap: 2.2
Epoch [309/3000] | Sampled: 548.47 | Baseline: 718.31 | Improvement: 169.84 | Win Rate: 100.00% | Actor Loss: 0.9336 | Entropy: 3.2576 | Invalid S/B: 0.03/0.00 | Max Load: 21.1 | Load Gap: 2.2
Epoch [310/3000] | Sampled: 558.25 | Baseline: 718.38 | Improvement: 160.12 | Win Rate: 100.00% | Actor Loss: -1.8413 | Entropy: 3.2534 | Invalid S/B: 0.00/0.00 | Max Load: 21.1 | Load Gap: 2.0
Epoch [311/3000] | Sampled: 555.81 | Baseline: 719.31 | Improvement: 163.50 | Win Rate: 100.00% | Actor Loss: -3.3792 | Entropy: 3.2805 | Invalid S/B: 0.00/0.00 | Max Load: 20.7 | Load Gap: 1.5
Epoch [312/3000] | Sampled: 554.75 | Baseline: 718.00 | Improvement: 163.25 | Win Rate: 100.00% | Actor Loss: -0.7580 | Entropy: 3.2940 | Invalid S/B: 0.00/0.00 | Max Load: 21.2 | Load Gap: 2.4
Epoch [313/3000] | Sampled: 555.03 | Baseline: 717.31 | Improvement: 162.28 | Win Rate: 100.00% | Actor Loss: -3.3785 | Entropy: 3.3106 | Invalid S/B: 0.09/0.00 | Max Load: 20.8 | Load Gap: 1.7
Epoch [314/3000] | Sampled: 564.97 | Baseline: 724.34 | Improvement: 159.38 | Win Rate: 100.00% | Actor Loss: -1.7279 | Entropy: 3.3038 | Invalid S/B: 0.03/0.00 | Max Load: 21.1 | Load Gap: 2.2
Epoch [315/3000] | Sampled: 541.31 | Baseline: 712.53 | Improvement: 171.22 | Win Rate: 100.00% | Actor Loss: 4.0567 | Entropy: 3.3131 | Invalid S/B: 0.00/0.00 | Max Load: 21.0 | Load Gap: 2.0
Epoch [316/3000] | Sampled: 547.81 | Baseline: 712.91 | Improvement: 165.09 | Win Rate: 100.00% | Actor Loss: 1.3458 | Entropy: 3.3211 | Invalid S/B: 0.03/0.00 | Max Load: 20.9 | Load Gap: 1.7
Epoch [317/3000] | Sampled: 548.84 | Baseline: 718.25 | Improvement: 169.41 | Win Rate: 100.00% | Actor Loss: 2.3838 | Entropy: 3.3063 | Invalid S/B: 0.03/0.00 | Max Load: 21.0 | Load Gap: 2.0
Epoch [318/3000] | Sampled: 541.50 | Baseline: 714.72 | Improvement: 173.22 | Win Rate: 100.00% | Actor Loss: 1.9485 | Entropy: 3.3132 | Invalid S/B: 0.00/0.00 | Max Load: 21.2 | Load Gap: 2.4
Epoch [319/3000] | Sampled: 553.31 | Baseline: 720.19 | Improvement: 166.88 | Win Rate: 100.00% | Actor Loss: -0.1217 | Entropy: 3.3150 | Invalid S/B: 0.06/0.00 | Max Load: 21.0 | Load Gap: 2.1
Epoch [320/3000] | Sampled: 543.72 | Baseline: 715.75 | Improvement: 172.03 | Win Rate: 100.00% | Actor Loss: -0.9531 | Entropy: 3.3437 | Invalid S/B: 0.00/0.00 | Max Load: 21.0 | Load Gap: 2.0
Epoch [321/3000] | Sampled: 551.50 | Baseline: 713.84 | Improvement: 162.34 | Win Rate: 100.00% | Actor Loss: -4.1344 | Entropy: 3.3144 | Invalid S/B: 0.00/0.00 | Max Load: 21.1 | Load Gap: 2.2
Epoch [322/3000] | Sampled: 537.28 | Baseline: 715.94 | Improvement: 178.66 | Win Rate: 100.00% | Actor Loss: -6.1047 | Entropy: 3.3102 | Invalid S/B: 0.00/0.00 | Max Load: 21.0 | Load Gap: 2.0
Epoch [323/3000] | Sampled: 546.06 | Baseline: 719.84 | Improvement: 173.78 | Win Rate: 100.00% | Actor Loss: -3.5680 | Entropy: 3.3248 | Invalid S/B: 0.00/0.00 | Max Load: 20.9 | Load Gap: 1.8
Epoch [324/3000] | Sampled: 557.69 | Baseline: 719.91 | Improvement: 162.22 | Win Rate: 100.00% | Actor Loss: 3.3441 | Entropy: 3.2993 | Invalid S/B: 0.03/0.00 | Max Load: 21.0 | Load Gap: 1.8
Epoch [325/3000] | Sampled: 540.69 | Baseline: 715.75 | Improvement: 175.06 | Win Rate: 100.00% | Actor Loss: -3.5373 | Entropy: 3.2965 | Invalid S/B: 0.00/0.00 | Max Load: 20.9 | Load Gap: 1.7
Epoch [326/3000] | Sampled: 542.78 | Baseline: 715.88 | Improvement: 173.09 | Win Rate: 100.00% | Actor Loss: -1.5988 | Entropy: 3.2811 | Invalid S/B: 0.03/0.00 | Max Load: 21.2 | Load Gap: 2.2
Epoch [327/3000] | Sampled: 551.44 | Baseline: 720.28 | Improvement: 168.84 | Win Rate: 100.00% | Actor Loss: -0.8128 | Entropy: 3.2621 | Invalid S/B: 0.03/0.00 | Max Load: 21.1 | Load Gap: 2.3
Epoch [328/3000] | Sampled: 556.69 | Baseline: 717.97 | Improvement: 161.28 | Win Rate: 100.00% | Actor Loss: -0.8596 | Entropy: 3.2367 | Invalid S/B: 0.03/0.00 | Max Load: 21.5 | Load Gap: 2.8
Epoch [329/3000] | Sampled: 557.91 | Baseline: 719.31 | Improvement: 161.41 | Win Rate: 100.00% | Actor Loss: 2.6307 | Entropy: 3.2312 | Invalid S/B: 0.03/0.00 | Max Load: 21.2 | Load Gap: 2.3
Epoch [330/3000] | Sampled: 564.66 | Baseline: 720.25 | Improvement: 155.59 | Win Rate: 100.00% | Actor Loss: -0.7329 | Entropy: 3.2101 | Invalid S/B: 0.03/0.00 | Max Load: 21.2 | Load Gap: 2.4
Epoch [331/3000] | Sampled: 549.16 | Baseline: 719.28 | Improvement: 170.12 | Win Rate: 100.00% | Actor Loss: -1.6001 | Entropy: 3.1969 | Invalid S/B: 0.00/0.00 | Max Load: 21.3 | Load Gap: 2.7
Epoch [332/3000] | Sampled: 539.16 | Baseline: 714.81 | Improvement: 175.66 | Win Rate: 100.00% | Actor Loss: -3.6666 | Entropy: 3.1879 | Invalid S/B: 0.03/0.00 | Max Load: 21.1 | Load Gap: 2.2
Epoch [333/3000] | Sampled: 548.75 | Baseline: 717.62 | Improvement: 168.88 | Win Rate: 100.00% | Actor Loss: -1.6143 | Entropy: 3.1863 | Invalid S/B: 0.03/0.00 | Max Load: 21.0 | Load Gap: 2.0
Epoch [334/3000] | Sampled: 546.00 | Baseline: 718.34 | Improvement: 172.34 | Win Rate: 100.00% | Actor Loss: -1.0071 | Entropy: 3.1919 | Invalid S/B: 0.00/0.00 | Max Load: 21.2 | Load Gap: 2.5
Epoch [335/3000] | Sampled: 548.03 | Baseline: 715.72 | Improvement: 167.69 | Win Rate: 100.00% | Actor Loss: 1.2818 | Entropy: 3.1957 | Invalid S/B: 0.00/0.03 | Max Load: 21.2 | Load Gap: 2.4
Epoch [336/3000] | Sampled: 558.31 | Baseline: 718.38 | Improvement: 160.06 | Win Rate: 100.00% | Actor Loss: -1.6005 | Entropy: 3.1768 | Invalid S/B: 0.03/0.00 | Max Load: 21.1 | Load Gap: 2.1
Epoch [337/3000] | Sampled: 548.78 | Baseline: 713.81 | Improvement: 165.03 | Win Rate: 100.00% | Actor Loss: 5.4502 | Entropy: 3.1667 | Invalid S/B: 0.03/0.00 | Max Load: 21.0 | Load Gap: 2.0
Epoch [338/3000] | Sampled: 551.84 | Baseline: 719.44 | Improvement: 167.59 | Win Rate: 100.00% | Actor Loss: -0.4715 | Entropy: 3.1939 | Invalid S/B: 0.03/0.00 | Max Load: 21.0 | Load Gap: 2.2
Epoch [339/3000] | Sampled: 553.38 | Baseline: 718.62 | Improvement: 165.25 | Win Rate: 100.00% | Actor Loss: 1.9160 | Entropy: 3.2058 | Invalid S/B: 0.03/0.00 | Max Load: 20.9 | Load Gap: 1.8
Epoch [340/3000] | Sampled: 551.81 | Baseline: 721.50 | Improvement: 169.69 | Win Rate: 100.00% | Actor Loss: -3.0450 | Entropy: 3.2135 | Invalid S/B: 0.09/0.00 | Max Load: 21.0 | Load Gap: 2.1
Epoch [341/3000] | Sampled: 542.34 | Baseline: 717.56 | Improvement: 175.22 | Win Rate: 100.00% | Actor Loss: -2.2060 | Entropy: 3.2528 | Invalid S/B: 0.00/0.00 | Max Load: 21.1 | Load Gap: 2.2
Epoch [342/3000] | Sampled: 560.41 | Baseline: 721.34 | Improvement: 160.94 | Win Rate: 100.00% | Actor Loss: -2.2174 | Entropy: 3.2412 | Invalid S/B: 0.03/0.00 | Max Load: 20.9 | Load Gap: 1.7
Epoch [343/3000] | Sampled: 543.00 | Baseline: 715.91 | Improvement: 172.91 | Win Rate: 100.00% | Actor Loss: -4.6256 | Entropy: 3.2545 | Invalid S/B: 0.06/0.00 | Max Load: 20.9 | Load Gap: 1.7
Epoch [344/3000] | Sampled: 550.81 | Baseline: 719.91 | Improvement: 169.09 | Win Rate: 100.00% | Actor Loss: -2.6218 | Entropy: 3.2390 | Invalid S/B: 0.00/0.00 | Max Load: 20.9 | Load Gap: 1.8
Epoch [345/3000] | Sampled: 543.78 | Baseline: 713.44 | Improvement: 169.66 | Win Rate: 100.00% | Actor Loss: -5.7834 | Entropy: 3.2533 | Invalid S/B: 0.03/0.00 | Max Load: 21.0 | Load Gap: 2.1
Epoch [346/3000] | Sampled: 540.75 | Baseline: 718.06 | Improvement: 177.31 | Win Rate: 100.00% | Actor Loss: 0.2191 | Entropy: 3.2465 | Invalid S/B: 0.00/0.00 | Max Load: 21.1 | Load Gap: 2.2
Epoch [347/3000] | Sampled: 547.88 | Baseline: 716.47 | Improvement: 168.59 | Win Rate: 100.00% | Actor Loss: 5.1711 | Entropy: 3.2373 | Invalid S/B: 0.03/0.00 | Max Load: 21.0 | Load Gap: 2.1
Epoch [348/3000] | Sampled: 544.84 | Baseline: 717.53 | Improvement: 172.69 | Win Rate: 100.00% | Actor Loss: -1.9499 | Entropy: 3.2454 | Invalid S/B: 0.00/0.00 | Max Load: 21.4 | Load Gap: 2.7
Epoch [349/3000] | Sampled: 552.56 | Baseline: 718.59 | Improvement: 166.03 | Win Rate: 100.00% | Actor Loss: -1.3890 | Entropy: 3.2310 | Invalid S/B: 0.06/0.00 | Max Load: 21.2 | Load Gap: 2.5
Epoch [350/3000] | Sampled: 546.22 | Baseline: 716.12 | Improvement: 169.91 | Win Rate: 100.00% | Actor Loss: -1.9795 | Entropy: 3.2323 | Invalid S/B: 0.03/0.00 | Max Load: 20.9 | Load Gap: 1.9
   -> Validation | Samples: 50 | Makespan: 515.02 | Invalid Jobs: 0.04
Epoch [351/3000] | Sampled: 548.84 | Baseline: 717.28 | Improvement: 168.44 | Win Rate: 100.00% | Actor Loss: -4.7090 | Entropy: 3.2148 | Invalid S/B: 0.00/0.00 | Max Load: 21.3 | Load Gap: 2.5
Epoch [352/3000] | Sampled: 546.72 | Baseline: 711.72 | Improvement: 165.00 | Win Rate: 100.00% | Actor Loss: -2.6686 | Entropy: 3.1897 | Invalid S/B: 0.00/0.00 | Max Load: 21.1 | Load Gap: 2.2
Epoch [353/3000] | Sampled: 555.16 | Baseline: 718.09 | Improvement: 162.94 | Win Rate: 100.00% | Actor Loss: -0.9724 | Entropy: 3.1715 | Invalid S/B: 0.00/0.00 | Max Load: 21.2 | Load Gap: 2.4
Epoch [354/3000] | Sampled: 552.56 | Baseline: 719.91 | Improvement: 167.34 | Win Rate: 100.00% | Actor Loss: -3.7327 | Entropy: 3.1694 | Invalid S/B: 0.06/0.00 | Max Load: 21.1 | Load Gap: 2.1
Epoch [355/3000] | Sampled: 550.88 | Baseline: 713.56 | Improvement: 162.69 | Win Rate: 100.00% | Actor Loss: -3.4177 | Entropy: 3.1579 | Invalid S/B: 0.03/0.00 | Max Load: 21.2 | Load Gap: 2.3
Epoch [356/3000] | Sampled: 564.88 | Baseline: 722.41 | Improvement: 157.53 | Win Rate: 100.00% | Actor Loss: -5.3284 | Entropy: 3.1305 | Invalid S/B: 0.09/0.00 | Max Load: 20.9 | Load Gap: 1.7
Epoch [357/3000] | Sampled: 549.44 | Baseline: 715.25 | Improvement: 165.81 | Win Rate: 100.00% | Actor Loss: -1.5948 | Entropy: 3.1361 | Invalid S/B: 0.00/0.00 | Max Load: 21.2 | Load Gap: 2.3
Epoch [358/3000] | Sampled: 559.75 | Baseline: 720.38 | Improvement: 160.62 | Win Rate: 100.00% | Actor Loss: -3.2093 | Entropy: 3.1024 | Invalid S/B: 0.00/0.00 | Max Load: 21.0 | Load Gap: 2.1
Epoch [359/3000] | Sampled: 551.53 | Baseline: 718.97 | Improvement: 167.44 | Win Rate: 100.00% | Actor Loss: 4.3484 | Entropy: 3.0840 | Invalid S/B: 0.03/0.03 | Max Load: 21.1 | Load Gap: 2.2
Epoch [360/3000] | Sampled: 557.06 | Baseline: 722.34 | Improvement: 165.28 | Win Rate: 100.00% | Actor Loss: 5.6543 | Entropy: 3.0626 | Invalid S/B: 0.00/0.00 | Max Load: 21.2 | Load Gap: 2.6
Epoch [361/3000] | Sampled: 545.22 | Baseline: 712.44 | Improvement: 167.22 | Win Rate: 100.00% | Actor Loss: 4.8680 | Entropy: 3.0521 | Invalid S/B: 0.03/0.00 | Max Load: 21.0 | Load Gap: 2.1
Epoch [362/3000] | Sampled: 551.41 | Baseline: 718.50 | Improvement: 167.09 | Win Rate: 100.00% | Actor Loss: 3.3208 | Entropy: 3.0764 | Invalid S/B: 0.00/0.00 | Max Load: 21.2 | Load Gap: 2.4
Epoch [363/3000] | Sampled: 536.56 | Baseline: 712.56 | Improvement: 176.00 | Win Rate: 100.00% | Actor Loss: 2.3105 | Entropy: 3.0863 | Invalid S/B: 0.00/0.00 | Max Load: 21.0 | Load Gap: 1.8
Epoch [364/3000] | Sampled: 540.56 | Baseline: 716.94 | Improvement: 176.38 | Win Rate: 100.00% | Actor Loss: -0.6153 | Entropy: 3.1049 | Invalid S/B: 0.00/0.00 | Max Load: 20.9 | Load Gap: 1.7
Epoch [365/3000] | Sampled: 545.97 | Baseline: 718.69 | Improvement: 172.72 | Win Rate: 100.00% | Actor Loss: 0.9981 | Entropy: 3.1013 | Invalid S/B: 0.00/0.00 | Max Load: 21.1 | Load Gap: 2.3
Epoch [366/3000] | Sampled: 545.59 | Baseline: 720.50 | Improvement: 174.91 | Win Rate: 100.00% | Actor Loss: -2.0010 | Entropy: 3.1067 | Invalid S/B: 0.00/0.00 | Max Load: 21.1 | Load Gap: 2.0
Epoch [367/3000] | Sampled: 536.12 | Baseline: 715.50 | Improvement: 179.38 | Win Rate: 100.00% | Actor Loss: -4.5944 | Entropy: 3.1167 | Invalid S/B: 0.03/0.00 | Max Load: 21.1 | Load Gap: 2.1
Epoch [368/3000] | Sampled: 547.47 | Baseline: 717.78 | Improvement: 170.31 | Win Rate: 100.00% | Actor Loss: -3.1262 | Entropy: 3.1289 | Invalid S/B: 0.06/0.00 | Max Load: 21.1 | Load Gap: 2.1
Epoch [369/3000] | Sampled: 542.22 | Baseline: 722.12 | Improvement: 179.91 | Win Rate: 100.00% | Actor Loss: -4.8196 | Entropy: 3.1312 | Invalid S/B: 0.03/0.00 | Max Load: 21.0 | Load Gap: 2.1
Epoch [370/3000] | Sampled: 550.75 | Baseline: 717.97 | Improvement: 167.22 | Win Rate: 100.00% | Actor Loss: -5.5025 | Entropy: 3.1263 | Invalid S/B: 0.00/0.00 | Max Load: 21.2 | Load Gap: 2.4
Epoch [371/3000] | Sampled: 537.97 | Baseline: 719.22 | Improvement: 181.25 | Win Rate: 100.00% | Actor Loss: 0.9911 | Entropy: 3.1550 | Invalid S/B: 0.00/0.00 | Max Load: 21.1 | Load Gap: 2.2
Epoch [372/3000] | Sampled: 551.12 | Baseline: 720.19 | Improvement: 169.06 | Win Rate: 100.00% | Actor Loss: 3.9538 | Entropy: 3.1171 | Invalid S/B: 0.06/0.00 | Max Load: 21.1 | Load Gap: 2.3
Epoch [373/3000] | Sampled: 553.81 | Baseline: 715.94 | Improvement: 162.12 | Win Rate: 100.00% | Actor Loss: -1.1800 | Entropy: 3.1178 | Invalid S/B: 0.03/0.00 | Max Load: 21.0 | Load Gap: 2.0
Epoch [374/3000] | Sampled: 557.09 | Baseline: 720.97 | Improvement: 163.88 | Win Rate: 100.00% | Actor Loss: 3.1797 | Entropy: 3.1032 | Invalid S/B: 0.03/0.00 | Max Load: 21.2 | Load Gap: 2.3
Epoch [375/3000] | Sampled: 550.94 | Baseline: 716.75 | Improvement: 165.81 | Win Rate: 100.00% | Actor Loss: 1.0311 | Entropy: 3.0954 | Invalid S/B: 0.03/0.00 | Max Load: 21.0 | Load Gap: 1.9
Epoch [376/3000] | Sampled: 546.44 | Baseline: 717.31 | Improvement: 170.88 | Win Rate: 100.00% | Actor Loss: -4.8762 | Entropy: 3.0751 | Invalid S/B: 0.00/0.00 | Max Load: 21.0 | Load Gap: 2.2
Epoch [377/3000] | Sampled: 551.28 | Baseline: 720.12 | Improvement: 168.84 | Win Rate: 100.00% | Actor Loss: 6.7761 | Entropy: 3.0874 | Invalid S/B: 0.00/0.00 | Max Load: 20.9 | Load Gap: 1.8
Epoch [378/3000] | Sampled: 546.56 | Baseline: 725.69 | Improvement: 179.12 | Win Rate: 100.00% | Actor Loss: -0.8756 | Entropy: 3.0870 | Invalid S/B: 0.03/0.00 | Max Load: 20.9 | Load Gap: 1.7
Epoch [379/3000] | Sampled: 543.81 | Baseline: 723.28 | Improvement: 179.47 | Win Rate: 100.00% | Actor Loss: -4.7296 | Entropy: 3.0741 | Invalid S/B: 0.00/0.00 | Max Load: 21.0 | Load Gap: 1.9
Epoch [380/3000] | Sampled: 542.31 | Baseline: 715.97 | Improvement: 173.66 | Win Rate: 100.00% | Actor Loss: -3.7506 | Entropy: 3.0790 | Invalid S/B: 0.00/0.00 | Max Load: 21.0 | Load Gap: 1.8
Epoch [381/3000] | Sampled: 544.28 | Baseline: 715.66 | Improvement: 171.38 | Win Rate: 100.00% | Actor Loss: -7.5768 | Entropy: 3.0746 | Invalid S/B: 0.00/0.00 | Max Load: 20.9 | Load Gap: 1.9
Epoch [382/3000] | Sampled: 534.78 | Baseline: 718.69 | Improvement: 183.91 | Win Rate: 100.00% | Actor Loss: -1.6835 | Entropy: 3.0953 | Invalid S/B: 0.03/0.00 | Max Load: 21.0 | Load Gap: 2.0
Epoch [383/3000] | Sampled: 536.81 | Baseline: 712.84 | Improvement: 176.03 | Win Rate: 100.00% | Actor Loss: -7.0318 | Entropy: 3.0862 | Invalid S/B: 0.06/0.00 | Max Load: 21.0 | Load Gap: 2.1
Epoch [384/3000] | Sampled: 543.19 | Baseline: 717.19 | Improvement: 174.00 | Win Rate: 100.00% | Actor Loss: -0.0005 | Entropy: 3.0854 | Invalid S/B: 0.00/0.00 | Max Load: 21.0 | Load Gap: 2.1
Epoch [385/3000] | Sampled: 544.97 | Baseline: 720.38 | Improvement: 175.41 | Win Rate: 100.00% | Actor Loss: -0.6909 | Entropy: 3.0650 | Invalid S/B: 0.03/0.00 | Max Load: 21.1 | Load Gap: 2.1
Epoch [386/3000] | Sampled: 544.16 | Baseline: 718.72 | Improvement: 174.56 | Win Rate: 100.00% | Actor Loss: 0.4556 | Entropy: 3.0988 | Invalid S/B: 0.00/0.00 | Max Load: 21.1 | Load Gap: 2.3
Epoch [387/3000] | Sampled: 540.09 | Baseline: 720.50 | Improvement: 180.41 | Win Rate: 100.00% | Actor Loss: 1.8618 | Entropy: 3.1139 | Invalid S/B: 0.06/0.00 | Max Load: 21.3 | Load Gap: 2.6
Epoch [388/3000] | Sampled: 549.94 | Baseline: 717.69 | Improvement: 167.75 | Win Rate: 100.00% | Actor Loss: -1.5678 | Entropy: 3.0934 | Invalid S/B: 0.03/0.00 | Max Load: 21.2 | Load Gap: 2.5
Epoch [389/3000] | Sampled: 557.66 | Baseline: 719.22 | Improvement: 161.56 | Win Rate: 100.00% | Actor Loss: -3.3778 | Entropy: 3.0966 | Invalid S/B: 0.00/0.00 | Max Load: 21.3 | Load Gap: 2.8
Epoch [390/3000] | Sampled: 549.88 | Baseline: 720.56 | Improvement: 170.69 | Win Rate: 100.00% | Actor Loss: -2.5411 | Entropy: 3.0903 | Invalid S/B: 0.00/0.00 | Max Load: 21.1 | Load Gap: 2.3
Epoch [391/3000] | Sampled: 549.94 | Baseline: 716.59 | Improvement: 166.66 | Win Rate: 100.00% | Actor Loss: -5.7847 | Entropy: 3.1071 | Invalid S/B: 0.00/0.00 | Max Load: 21.2 | Load Gap: 2.6
Epoch [392/3000] | Sampled: 545.19 | Baseline: 721.50 | Improvement: 176.31 | Win Rate: 100.00% | Actor Loss: -2.8116 | Entropy: 3.0678 | Invalid S/B: 0.00/0.03 | Max Load: 21.5 | Load Gap: 3.0
Epoch [393/3000] | Sampled: 549.72 | Baseline: 719.25 | Improvement: 169.53 | Win Rate: 100.00% | Actor Loss: 1.8757 | Entropy: 3.0656 | Invalid S/B: 0.00/0.00 | Max Load: 21.1 | Load Gap: 2.4
Epoch [394/3000] | Sampled: 557.41 | Baseline: 719.91 | Improvement: 162.50 | Win Rate: 100.00% | Actor Loss: -1.7643 | Entropy: 3.0814 | Invalid S/B: 0.00/0.00 | Max Load: 21.2 | Load Gap: 2.4
Epoch [395/3000] | Sampled: 544.69 | Baseline: 717.06 | Improvement: 172.38 | Win Rate: 100.00% | Actor Loss: -0.0692 | Entropy: 3.0778 | Invalid S/B: 0.06/0.00 | Max Load: 21.1 | Load Gap: 2.3
Epoch [396/3000] | Sampled: 547.19 | Baseline: 720.47 | Improvement: 173.28 | Win Rate: 100.00% | Actor Loss: 0.0730 | Entropy: 3.1020 | Invalid S/B: 0.00/0.00 | Max Load: 21.3 | Load Gap: 2.7
Epoch [397/3000] | Sampled: 545.66 | Baseline: 713.66 | Improvement: 168.00 | Win Rate: 100.00% | Actor Loss: 2.8454 | Entropy: 3.1166 | Invalid S/B: 0.06/0.00 | Max Load: 21.1 | Load Gap: 2.3
Epoch [398/3000] | Sampled: 555.72 | Baseline: 717.53 | Improvement: 161.81 | Win Rate: 100.00% | Actor Loss: 0.7449 | Entropy: 3.1139 | Invalid S/B: 0.03/0.00 | Max Load: 21.2 | Load Gap: 2.3
Epoch [399/3000] | Sampled: 543.00 | Baseline: 714.75 | Improvement: 171.75 | Win Rate: 100.00% | Actor Loss: 1.1216 | Entropy: 3.1341 | Invalid S/B: 0.03/0.00 | Max Load: 21.2 | Load Gap: 2.5
Epoch [400/3000] | Sampled: 543.69 | Baseline: 718.69 | Improvement: 175.00 | Win Rate: 100.00% | Actor Loss: 1.8820 | Entropy: 3.1734 | Invalid S/B: 0.03/0.00 | Max Load: 20.9 | Load Gap: 1.7
   -> Validation | Samples: 50 | Makespan: 502.46 | Invalid Jobs: 0.00
   -> Saved new best model (Val Makespan: 502.46)
   -> Saved updated training chart to /home/wei/AMR-DFJSP/Static_alogorithm/GNN/gnn_precise_training_metrics.png
Epoch [401/3000] | Sampled: 553.41 | Baseline: 716.88 | Improvement: 163.47 | Win Rate: 100.00% | Actor Loss: -2.1512 | Entropy: 3.1678 | Invalid S/B: 0.03/0.00 | Max Load: 21.1 | Load Gap: 2.1
Epoch [402/3000] | Sampled: 546.81 | Baseline: 717.59 | Improvement: 170.78 | Win Rate: 100.00% | Actor Loss: -3.0903 | Entropy: 3.1681 | Invalid S/B: 0.00/0.00 | Max Load: 20.9 | Load Gap: 1.8
Epoch [403/3000] | Sampled: 533.28 | Baseline: 710.75 | Improvement: 177.47 | Win Rate: 100.00% | Actor Loss: -3.4580 | Entropy: 3.1896 | Invalid S/B: 0.03/0.00 | Max Load: 21.2 | Load Gap: 2.2
Epoch [404/3000] | Sampled: 544.19 | Baseline: 714.38 | Improvement: 170.19 | Win Rate: 100.00% | Actor Loss: -2.4493 | Entropy: 3.1828 | Invalid S/B: 0.00/0.00 | Max Load: 20.9 | Load Gap: 1.8
Epoch [405/3000] | Sampled: 535.66 | Baseline: 719.44 | Improvement: 183.78 | Win Rate: 100.00% | Actor Loss: -1.0480 | Entropy: 3.1971 | Invalid S/B: 0.06/0.00 | Max Load: 21.0 | Load Gap: 2.2
Epoch [406/3000] | Sampled: 538.41 | Baseline: 718.06 | Improvement: 179.66 | Win Rate: 100.00% | Actor Loss: -1.3893 | Entropy: 3.1812 | Invalid S/B: 0.03/0.00 | Max Load: 20.9 | Load Gap: 2.0
Epoch [407/3000] | Sampled: 538.16 | Baseline: 719.19 | Improvement: 181.03 | Win Rate: 100.00% | Actor Loss: -2.3521 | Entropy: 3.1755 | Invalid S/B: 0.03/0.00 | Max Load: 20.8 | Load Gap: 1.7
Epoch [408/3000] | Sampled: 531.84 | Baseline: 715.81 | Improvement: 183.97 | Win Rate: 100.00% | Actor Loss: 2.1099 | Entropy: 3.1385 | Invalid S/B: 0.00/0.00 | Max Load: 20.9 | Load Gap: 1.8
Epoch [409/3000] | Sampled: 537.72 | Baseline: 714.59 | Improvement: 176.88 | Win Rate: 100.00% | Actor Loss: 0.9909 | Entropy: 3.1441 | Invalid S/B: 0.00/0.00 | Max Load: 20.9 | Load Gap: 1.8
Epoch [410/3000] | Sampled: 534.12 | Baseline: 722.81 | Improvement: 188.69 | Win Rate: 100.00% | Actor Loss: -2.5719 | Entropy: 3.1348 | Invalid S/B: 0.00/0.00 | Max Load: 20.9 | Load Gap: 1.8
Epoch [411/3000] | Sampled: 530.69 | Baseline: 716.44 | Improvement: 185.75 | Win Rate: 100.00% | Actor Loss: 3.8953 | Entropy: 3.1229 | Invalid S/B: 0.00/0.00 | Max Load: 21.1 | Load Gap: 2.3
Epoch [412/3000] | Sampled: 535.66 | Baseline: 712.94 | Improvement: 177.28 | Win Rate: 100.00% | Actor Loss: -3.3463 | Entropy: 3.1291 | Invalid S/B: 0.00/0.00 | Max Load: 21.0 | Load Gap: 2.0
Epoch [413/3000] | Sampled: 541.19 | Baseline: 718.56 | Improvement: 177.38 | Win Rate: 100.00% | Actor Loss: -1.8113 | Entropy: 3.0892 | Invalid S/B: 0.03/0.00 | Max Load: 21.1 | Load Gap: 2.2
Epoch [414/3000] | Sampled: 534.56 | Baseline: 716.22 | Improvement: 181.66 | Win Rate: 100.00% | Actor Loss: -2.0580 | Entropy: 3.0820 | Invalid S/B: 0.06/0.00 | Max Load: 21.3 | Load Gap: 2.4
Epoch [415/3000] | Sampled: 532.84 | Baseline: 715.81 | Improvement: 182.97 | Win Rate: 100.00% | Actor Loss: 1.4247 | Entropy: 3.0616 | Invalid S/B: 0.00/0.00 | Max Load: 21.3 | Load Gap: 2.5
Epoch [416/3000] | Sampled: 534.53 | Baseline: 716.78 | Improvement: 182.25 | Win Rate: 100.00% | Actor Loss: -1.8178 | Entropy: 3.0708 | Invalid S/B: 0.00/0.00 | Max Load: 21.2 | Load Gap: 2.3
Epoch [417/3000] | Sampled: 533.00 | Baseline: 718.31 | Improvement: 185.31 | Win Rate: 100.00% | Actor Loss: 0.8850 | Entropy: 3.0513 | Invalid S/B: 0.00/0.00 | Max Load: 21.1 | Load Gap: 2.2
Epoch [418/3000] | Sampled: 535.38 | Baseline: 718.75 | Improvement: 183.38 | Win Rate: 100.00% | Actor Loss: 3.0065 | Entropy: 3.0543 | Invalid S/B: 0.03/0.00 | Max Load: 21.2 | Load Gap: 2.5
Epoch [419/3000] | Sampled: 534.75 | Baseline: 716.53 | Improvement: 181.78 | Win Rate: 100.00% | Actor Loss: 3.0478 | Entropy: 3.0419 | Invalid S/B: 0.00/0.00 | Max Load: 21.3 | Load Gap: 2.5
Epoch [420/3000] | Sampled: 536.72 | Baseline: 718.00 | Improvement: 181.28 | Win Rate: 100.00% | Actor Loss: 0.5311 | Entropy: 3.0333 | Invalid S/B: 0.00/0.00 | Max Load: 21.2 | Load Gap: 2.1
Epoch [421/3000] | Sampled: 539.47 | Baseline: 718.44 | Improvement: 178.97 | Win Rate: 100.00% | Actor Loss: -1.9033 | Entropy: 3.0581 | Invalid S/B: 0.00/0.00 | Max Load: 21.0 | Load Gap: 2.0
Epoch [422/3000] | Sampled: 544.62 | Baseline: 718.59 | Improvement: 173.97 | Win Rate: 100.00% | Actor Loss: 0.0112 | Entropy: 3.0800 | Invalid S/B: 0.03/0.00 | Max Load: 21.1 | Load Gap: 2.1
Epoch [423/3000] | Sampled: 537.34 | Baseline: 720.66 | Improvement: 183.31 | Win Rate: 100.00% | Actor Loss: -1.4026 | Entropy: 3.0579 | Invalid S/B: 0.00/0.00 | Max Load: 21.1 | Load Gap: 2.1
Epoch [424/3000] | Sampled: 549.25 | Baseline: 718.25 | Improvement: 169.00 | Win Rate: 100.00% | Actor Loss: -3.0851 | Entropy: 3.0667 | Invalid S/B: 0.03/0.00 | Max Load: 21.0 | Load Gap: 2.1
Epoch [425/3000] | Sampled: 541.06 | Baseline: 716.38 | Improvement: 175.31 | Win Rate: 100.00% | Actor Loss: 3.3460 | Entropy: 3.0862 | Invalid S/B: 0.00/0.00 | Max Load: 21.3 | Load Gap: 2.5
Epoch [426/3000] | Sampled: 548.97 | Baseline: 718.62 | Improvement: 169.66 | Win Rate: 96.88% | Actor Loss: -1.1078 | Entropy: 3.1036 | Invalid S/B: 0.03/0.00 | Max Load: 21.3 | Load Gap: 2.5
Epoch [427/3000] | Sampled: 546.59 | Baseline: 720.06 | Improvement: 173.47 | Win Rate: 100.00% | Actor Loss: -2.9074 | Entropy: 3.1036 | Invalid S/B: 0.00/0.00 | Max Load: 21.2 | Load Gap: 2.6
Epoch [428/3000] | Sampled: 540.94 | Baseline: 720.62 | Improvement: 179.69 | Win Rate: 100.00% | Actor Loss: -6.5794 | Entropy: 3.1152 | Invalid S/B: 0.00/0.00 | Max Load: 21.2 | Load Gap: 2.3
Epoch [429/3000] | Sampled: 539.75 | Baseline: 713.25 | Improvement: 173.50 | Win Rate: 100.00% | Actor Loss: -4.7647 | Entropy: 3.1206 | Invalid S/B: 0.06/0.00 | Max Load: 21.1 | Load Gap: 2.2
Epoch [430/3000] | Sampled: 534.72 | Baseline: 717.00 | Improvement: 182.28 | Win Rate: 100.00% | Actor Loss: -0.0057 | Entropy: 3.1266 | Invalid S/B: 0.03/0.00 | Max Load: 21.3 | Load Gap: 2.5
Epoch [431/3000] | Sampled: 534.38 | Baseline: 717.22 | Improvement: 182.84 | Win Rate: 100.00% | Actor Loss: -0.6827 | Entropy: 3.1290 | Invalid S/B: 0.03/0.00 | Max Load: 21.1 | Load Gap: 2.2
Epoch [432/3000] | Sampled: 538.34 | Baseline: 720.16 | Improvement: 181.81 | Win Rate: 100.00% | Actor Loss: -5.1060 | Entropy: 3.1181 | Invalid S/B: 0.00/0.00 | Max Load: 21.2 | Load Gap: 2.4
Epoch [433/3000] | Sampled: 546.94 | Baseline: 716.16 | Improvement: 169.22 | Win Rate: 100.00% | Actor Loss: 1.2003 | Entropy: 3.1131 | Invalid S/B: 0.00/0.00 | Max Load: 21.1 | Load Gap: 2.2
Epoch [434/3000] | Sampled: 541.47 | Baseline: 713.28 | Improvement: 171.81 | Win Rate: 100.00% | Actor Loss: -3.4224 | Entropy: 3.1124 | Invalid S/B: 0.00/0.00 | Max Load: 21.1 | Load Gap: 2.2
Epoch [435/3000] | Sampled: 542.44 | Baseline: 723.81 | Improvement: 181.38 | Win Rate: 100.00% | Actor Loss: 1.5490 | Entropy: 3.1032 | Invalid S/B: 0.00/0.00 | Max Load: 21.2 | Load Gap: 2.3
Epoch [436/3000] | Sampled: 549.28 | Baseline: 721.97 | Improvement: 172.69 | Win Rate: 100.00% | Actor Loss: -3.0184 | Entropy: 3.1292 | Invalid S/B: 0.03/0.00 | Max Load: 21.2 | Load Gap: 2.5
Epoch [437/3000] | Sampled: 543.22 | Baseline: 719.62 | Improvement: 176.41 | Win Rate: 100.00% | Actor Loss: 0.0584 | Entropy: 3.1125 | Invalid S/B: 0.00/0.00 | Max Load: 21.1 | Load Gap: 2.1
Epoch [438/3000] | Sampled: 550.72 | Baseline: 718.16 | Improvement: 167.44 | Win Rate: 100.00% | Actor Loss: 0.4101 | Entropy: 3.1161 | Invalid S/B: 0.00/0.00 | Max Load: 21.2 | Load Gap: 2.4
Epoch [439/3000] | Sampled: 541.28 | Baseline: 718.31 | Improvement: 177.03 | Win Rate: 100.00% | Actor Loss: 0.2189 | Entropy: 3.1169 | Invalid S/B: 0.00/0.00 | Max Load: 21.2 | Load Gap: 2.4
Epoch [440/3000] | Sampled: 537.50 | Baseline: 719.50 | Improvement: 182.00 | Win Rate: 100.00% | Actor Loss: -2.2023 | Entropy: 3.1196 | Invalid S/B: 0.00/0.00 | Max Load: 20.9 | Load Gap: 1.7
Epoch [441/3000] | Sampled: 546.34 | Baseline: 716.34 | Improvement: 170.00 | Win Rate: 100.00% | Actor Loss: -2.7193 | Entropy: 3.1037 | Invalid S/B: 0.00/0.00 | Max Load: 21.1 | Load Gap: 2.2
Epoch [442/3000] | Sampled: 534.06 | Baseline: 715.38 | Improvement: 181.31 | Win Rate: 100.00% | Actor Loss: -0.5024 | Entropy: 3.1241 | Invalid S/B: 0.03/0.00 | Max Load: 20.9 | Load Gap: 1.9
Epoch [443/3000] | Sampled: 532.59 | Baseline: 718.22 | Improvement: 185.62 | Win Rate: 100.00% | Actor Loss: 2.6151 | Entropy: 3.1281 | Invalid S/B: 0.00/0.00 | Max Load: 20.9 | Load Gap: 1.8
Epoch [444/3000] | Sampled: 542.53 | Baseline: 723.91 | Improvement: 181.38 | Win Rate: 100.00% | Actor Loss: 0.3753 | Entropy: 3.1355 | Invalid S/B: 0.03/0.00 | Max Load: 21.0 | Load Gap: 2.1
Epoch [445/3000] | Sampled: 535.19 | Baseline: 717.75 | Improvement: 182.56 | Win Rate: 100.00% | Actor Loss: 3.3419 | Entropy: 3.1384 | Invalid S/B: 0.00/0.00 | Max Load: 21.0 | Load Gap: 1.9
Epoch [446/3000] | Sampled: 529.53 | Baseline: 718.69 | Improvement: 189.16 | Win Rate: 100.00% | Actor Loss: 1.0727 | Entropy: 3.1276 | Invalid S/B: 0.03/0.00 | Max Load: 20.8 | Load Gap: 1.7
Epoch [447/3000] | Sampled: 540.06 | Baseline: 716.78 | Improvement: 176.72 | Win Rate: 100.00% | Actor Loss: -0.2843 | Entropy: 3.1616 | Invalid S/B: 0.06/0.00 | Max Load: 20.9 | Load Gap: 1.7
Epoch [448/3000] | Sampled: 541.38 | Baseline: 717.19 | Improvement: 175.81 | Win Rate: 100.00% | Actor Loss: -5.3239 | Entropy: 3.1850 | Invalid S/B: 0.03/0.00 | Max Load: 21.0 | Load Gap: 2.0
Epoch [449/3000] | Sampled: 525.69 | Baseline: 716.03 | Improvement: 190.34 | Win Rate: 100.00% | Actor Loss: 1.6722 | Entropy: 3.1736 | Invalid S/B: 0.00/0.00 | Max Load: 20.9 | Load Gap: 1.8
Epoch [450/3000] | Sampled: 542.53 | Baseline: 719.22 | Improvement: 176.69 | Win Rate: 100.00% | Actor Loss: -3.6347 | Entropy: 3.1831 | Invalid S/B: 0.00/0.00 | Max Load: 21.0 | Load Gap: 1.9
   -> Validation | Samples: 50 | Makespan: 505.68 | Invalid Jobs: 0.04
Epoch [451/3000] | Sampled: 523.84 | Baseline: 718.22 | Improvement: 194.38 | Win Rate: 100.00% | Actor Loss: -3.9984 | Entropy: 3.1630 | Invalid S/B: 0.00/0.00 | Max Load: 20.8 | Load Gap: 1.7
Epoch [452/3000] | Sampled: 526.62 | Baseline: 717.66 | Improvement: 191.03 | Win Rate: 100.00% | Actor Loss: -3.9648 | Entropy: 3.1856 | Invalid S/B: 0.00/0.00 | Max Load: 20.9 | Load Gap: 1.7
Epoch [453/3000] | Sampled: 535.41 | Baseline: 710.94 | Improvement: 175.53 | Win Rate: 100.00% | Actor Loss: 2.4406 | Entropy: 3.1736 | Invalid S/B: 0.06/0.00 | Max Load: 21.0 | Load Gap: 1.9
Epoch [454/3000] | Sampled: 540.31 | Baseline: 714.62 | Improvement: 174.31 | Win Rate: 100.00% | Actor Loss: -2.1745 | Entropy: 3.1539 | Invalid S/B: 0.06/0.00 | Max Load: 21.0 | Load Gap: 1.9
Epoch [455/3000] | Sampled: 531.09 | Baseline: 717.00 | Improvement: 185.91 | Win Rate: 100.00% | Actor Loss: -1.0928 | Entropy: 3.1556 | Invalid S/B: 0.00/0.00 | Max Load: 21.0 | Load Gap: 2.1
Epoch [456/3000] | Sampled: 529.41 | Baseline: 714.47 | Improvement: 185.06 | Win Rate: 100.00% | Actor Loss: -2.3106 | Entropy: 3.1506 | Invalid S/B: 0.03/0.00 | Max Load: 21.0 | Load Gap: 2.0
Epoch [457/3000] | Sampled: 534.78 | Baseline: 717.81 | Improvement: 183.03 | Win Rate: 100.00% | Actor Loss: -0.3769 | Entropy: 3.1235 | Invalid S/B: 0.00/0.00 | Max Load: 20.9 | Load Gap: 2.0
Epoch [458/3000] | Sampled: 543.47 | Baseline: 718.62 | Improvement: 175.16 | Win Rate: 100.00% | Actor Loss: 1.2224 | Entropy: 3.1232 | Invalid S/B: 0.00/0.00 | Max Load: 21.2 | Load Gap: 2.4
Epoch [459/3000] | Sampled: 533.75 | Baseline: 721.88 | Improvement: 188.12 | Win Rate: 100.00% | Actor Loss: -3.9392 | Entropy: 3.1160 | Invalid S/B: 0.03/0.00 | Max Load: 21.0 | Load Gap: 2.1
Epoch [460/3000] | Sampled: 539.44 | Baseline: 719.00 | Improvement: 179.56 | Win Rate: 100.00% | Actor Loss: 4.6024 | Entropy: 3.1205 | Invalid S/B: 0.06/0.00 | Max Load: 21.2 | Load Gap: 2.4
Epoch [461/3000] | Sampled: 529.78 | Baseline: 718.97 | Improvement: 189.19 | Win Rate: 100.00% | Actor Loss: -2.8357 | Entropy: 3.0862 | Invalid S/B: 0.00/0.00 | Max Load: 21.1 | Load Gap: 2.0
Epoch [462/3000] | Sampled: 550.56 | Baseline: 716.12 | Improvement: 165.56 | Win Rate: 100.00% | Actor Loss: -0.5510 | Entropy: 3.0853 | Invalid S/B: 0.03/0.00 | Max Load: 21.1 | Load Gap: 2.1
Epoch [463/3000] | Sampled: 541.84 | Baseline: 719.84 | Improvement: 178.00 | Win Rate: 100.00% | Actor Loss: -2.9441 | Entropy: 3.0634 | Invalid S/B: 0.03/0.00 | Max Load: 21.1 | Load Gap: 2.3
Epoch [464/3000] | Sampled: 541.25 | Baseline: 715.97 | Improvement: 174.72 | Win Rate: 100.00% | Actor Loss: -0.2524 | Entropy: 3.0364 | Invalid S/B: 0.00/0.00 | Max Load: 21.1 | Load Gap: 2.3
Epoch [465/3000] | Sampled: 538.03 | Baseline: 717.94 | Improvement: 179.91 | Win Rate: 100.00% | Actor Loss: -1.2272 | Entropy: 2.9901 | Invalid S/B: 0.06/0.00 | Max Load: 21.4 | Load Gap: 2.7
Epoch [466/3000] | Sampled: 539.94 | Baseline: 714.22 | Improvement: 174.28 | Win Rate: 100.00% | Actor Loss: -4.5029 | Entropy: 3.0055 | Invalid S/B: 0.00/0.00 | Max Load: 21.2 | Load Gap: 2.4
Epoch [467/3000] | Sampled: 543.50 | Baseline: 716.38 | Improvement: 172.88 | Win Rate: 100.00% | Actor Loss: -0.4485 | Entropy: 2.9881 | Invalid S/B: 0.00/0.00 | Max Load: 21.1 | Load Gap: 2.3
Epoch [468/3000] | Sampled: 547.28 | Baseline: 716.47 | Improvement: 169.19 | Win Rate: 100.00% | Actor Loss: -4.6523 | Entropy: 2.9646 | Invalid S/B: 0.00/0.00 | Max Load: 21.2 | Load Gap: 2.5
Epoch [469/3000] | Sampled: 540.56 | Baseline: 718.44 | Improvement: 177.88 | Win Rate: 100.00% | Actor Loss: -2.8510 | Entropy: 2.9601 | Invalid S/B: 0.03/0.00 | Max Load: 21.0 | Load Gap: 2.1
Epoch [470/3000] | Sampled: 546.50 | Baseline: 717.47 | Improvement: 170.97 | Win Rate: 100.00% | Actor Loss: -4.7647 | Entropy: 2.9475 | Invalid S/B: 0.00/0.00 | Max Load: 20.9 | Load Gap: 2.0
Epoch [471/3000] | Sampled: 547.62 | Baseline: 719.69 | Improvement: 172.06 | Win Rate: 100.00% | Actor Loss: 0.2165 | Entropy: 2.9446 | Invalid S/B: 0.00/0.00 | Max Load: 21.2 | Load Gap: 2.4
Epoch [472/3000] | Sampled: 540.88 | Baseline: 719.66 | Improvement: 178.78 | Win Rate: 100.00% | Actor Loss: 3.5206 | Entropy: 2.9824 | Invalid S/B: 0.03/0.00 | Max Load: 21.2 | Load Gap: 2.3
Epoch [473/3000] | Sampled: 534.66 | Baseline: 719.47 | Improvement: 184.81 | Win Rate: 100.00% | Actor Loss: 2.1125 | Entropy: 2.9559 | Invalid S/B: 0.00/0.03 | Max Load: 21.1 | Load Gap: 2.0
Epoch [474/3000] | Sampled: 530.62 | Baseline: 722.03 | Improvement: 191.41 | Win Rate: 100.00% | Actor Loss: 4.2572 | Entropy: 2.9735 | Invalid S/B: 0.00/0.00 | Max Load: 20.9 | Load Gap: 1.8
Epoch [475/3000] | Sampled: 543.38 | Baseline: 718.62 | Improvement: 175.25 | Win Rate: 100.00% | Actor Loss: -0.3601 | Entropy: 2.9773 | Invalid S/B: 0.03/0.00 | Max Load: 20.9 | Load Gap: 1.9
Epoch [476/3000] | Sampled: 537.56 | Baseline: 720.69 | Improvement: 183.12 | Win Rate: 100.00% | Actor Loss: -3.6555 | Entropy: 2.9820 | Invalid S/B: 0.00/0.00 | Max Load: 21.0 | Load Gap: 2.0
Epoch [477/3000] | Sampled: 550.81 | Baseline: 719.78 | Improvement: 168.97 | Win Rate: 100.00% | Actor Loss: -9.0730 | Entropy: 2.9777 | Invalid S/B: 0.03/0.00 | Max Load: 21.0 | Load Gap: 1.9
Epoch [478/3000] | Sampled: 531.59 | Baseline: 713.88 | Improvement: 182.28 | Win Rate: 100.00% | Actor Loss: -3.2574 | Entropy: 2.9812 | Invalid S/B: 0.00/0.00 | Max Load: 21.0 | Load Gap: 2.0
Epoch [479/3000] | Sampled: 552.12 | Baseline: 720.12 | Improvement: 168.00 | Win Rate: 100.00% | Actor Loss: -1.4224 | Entropy: 2.9243 | Invalid S/B: 0.00/0.00 | Max Load: 20.9 | Load Gap: 1.8
Epoch [480/3000] | Sampled: 530.88 | Baseline: 713.69 | Improvement: 182.81 | Win Rate: 100.00% | Actor Loss: -1.7215 | Entropy: 2.9223 | Invalid S/B: 0.00/0.00 | Max Load: 20.9 | Load Gap: 1.7
Epoch [481/3000] | Sampled: 547.09 | Baseline: 720.94 | Improvement: 173.84 | Win Rate: 100.00% | Actor Loss: -1.0347 | Entropy: 2.9169 | Invalid S/B: 0.00/0.00 | Max Load: 21.0 | Load Gap: 2.1
Epoch [482/3000] | Sampled: 549.88 | Baseline: 717.62 | Improvement: 167.75 | Win Rate: 100.00% | Actor Loss: 0.3179 | Entropy: 2.9041 | Invalid S/B: 0.06/0.00 | Max Load: 21.1 | Load Gap: 2.2
Epoch [483/3000] | Sampled: 540.12 | Baseline: 720.50 | Improvement: 180.38 | Win Rate: 100.00% | Actor Loss: 3.7021 | Entropy: 2.8983 | Invalid S/B: 0.00/0.00 | Max Load: 21.1 | Load Gap: 2.2
Epoch [484/3000] | Sampled: 551.28 | Baseline: 720.62 | Improvement: 169.34 | Win Rate: 100.00% | Actor Loss: 2.4847 | Entropy: 2.8887 | Invalid S/B: 0.03/0.00 | Max Load: 21.0 | Load Gap: 2.1
Epoch [485/3000] | Sampled: 547.62 | Baseline: 721.28 | Improvement: 173.66 | Win Rate: 100.00% | Actor Loss: 9.3664 | Entropy: 2.8681 | Invalid S/B: 0.00/0.03 | Max Load: 21.2 | Load Gap: 2.2
Epoch [486/3000] | Sampled: 548.69 | Baseline: 717.47 | Improvement: 168.78 | Win Rate: 100.00% | Actor Loss: 4.6811 | Entropy: 2.8845 | Invalid S/B: 0.00/0.00 | Max Load: 21.0 | Load Gap: 1.9
Epoch [487/3000] | Sampled: 545.62 | Baseline: 715.72 | Improvement: 170.09 | Win Rate: 100.00% | Actor Loss: 3.9711 | Entropy: 2.8855 | Invalid S/B: 0.00/0.00 | Max Load: 21.2 | Load Gap: 2.5
Epoch [488/3000] | Sampled: 541.97 | Baseline: 715.09 | Improvement: 173.12 | Win Rate: 100.00% | Actor Loss: 0.4432 | Entropy: 2.9108 | Invalid S/B: 0.03/0.00 | Max Load: 20.9 | Load Gap: 1.9
Epoch [489/3000] | Sampled: 535.91 | Baseline: 712.22 | Improvement: 176.31 | Win Rate: 100.00% | Actor Loss: -1.4606 | Entropy: 2.9408 | Invalid S/B: 0.00/0.00 | Max Load: 20.8 | Load Gap: 1.7
Epoch [490/3000] | Sampled: 532.22 | Baseline: 716.31 | Improvement: 184.09 | Win Rate: 100.00% | Actor Loss: -7.2295 | Entropy: 2.9724 | Invalid S/B: 0.03/0.00 | Max Load: 20.8 | Load Gap: 1.7
Epoch [491/3000] | Sampled: 530.44 | Baseline: 720.78 | Improvement: 190.34 | Win Rate: 100.00% | Actor Loss: -9.3011 | Entropy: 2.9535 | Invalid S/B: 0.00/0.00 | Max Load: 21.1 | Load Gap: 2.2
Epoch [492/3000] | Sampled: 526.62 | Baseline: 716.41 | Improvement: 189.78 | Win Rate: 100.00% | Actor Loss: -6.9524 | Entropy: 2.9494 | Invalid S/B: 0.03/0.00 | Max Load: 20.9 | Load Gap: 1.8
Epoch [493/3000] | Sampled: 540.47 | Baseline: 715.09 | Improvement: 174.62 | Win Rate: 100.00% | Actor Loss: -5.7105 | Entropy: 2.9463 | Invalid S/B: 0.03/0.00 | Max Load: 20.9 | Load Gap: 1.9
Epoch [494/3000] | Sampled: 537.16 | Baseline: 719.28 | Improvement: 182.12 | Win Rate: 100.00% | Actor Loss: -9.0316 | Entropy: 2.9566 | Invalid S/B: 0.00/0.00 | Max Load: 21.0 | Load Gap: 1.9
Epoch [495/3000] | Sampled: 519.16 | Baseline: 711.25 | Improvement: 192.09 | Win Rate: 100.00% | Actor Loss: -3.3077 | Entropy: 2.9773 | Invalid S/B: 0.00/0.00 | Max Load: 20.9 | Load Gap: 1.9
Epoch [496/3000] | Sampled: 535.34 | Baseline: 719.59 | Improvement: 184.25 | Win Rate: 100.00% | Actor Loss: -4.4269 | Entropy: 2.9959 | Invalid S/B: 0.03/0.00 | Max Load: 20.7 | Load Gap: 1.4
Epoch [497/3000] | Sampled: 538.44 | Baseline: 715.09 | Improvement: 176.66 | Win Rate: 100.00% | Actor Loss: 0.7973 | Entropy: 2.9963 | Invalid S/B: 0.06/0.00 | Max Load: 20.9 | Load Gap: 1.8
Epoch [498/3000] | Sampled: 529.72 | Baseline: 719.56 | Improvement: 189.84 | Win Rate: 100.00% | Actor Loss: -4.5502 | Entropy: 2.9789 | Invalid S/B: 0.00/0.00 | Max Load: 20.8 | Load Gap: 1.4
Epoch [499/3000] | Sampled: 549.19 | Baseline: 724.31 | Improvement: 175.12 | Win Rate: 100.00% | Actor Loss: 5.8676 | Entropy: 2.9678 | Invalid S/B: 0.06/0.03 | Max Load: 20.8 | Load Gap: 1.6
Epoch [500/3000] | Sampled: 546.12 | Baseline: 719.03 | Improvement: 172.91 | Win Rate: 100.00% | Actor Loss: 7.6543 | Entropy: 2.9962 | Invalid S/B: 0.06/0.00 | Max Load: 21.1 | Load Gap: 2.1
   -> Validation | Samples: 50 | Makespan: 513.28 | Invalid Jobs: 0.02
   -> Saved updated training chart to /home/wei/AMR-DFJSP/Static_alogorithm/GNN/gnn_precise_training_metrics.png
Epoch [501/3000] | Sampled: 547.97 | Baseline: 721.97 | Improvement: 174.00 | Win Rate: 100.00% | Actor Loss: 3.8375 | Entropy: 2.9785 | Invalid S/B: 0.03/0.00 | Max Load: 20.9 | Load Gap: 1.8
Epoch [502/3000] | Sampled: 536.22 | Baseline: 716.94 | Improvement: 180.72 | Win Rate: 100.00% | Actor Loss: 1.6959 | Entropy: 2.9991 | Invalid S/B: 0.00/0.00 | Max Load: 21.1 | Load Gap: 2.2
Epoch [503/3000] | Sampled: 537.06 | Baseline: 715.44 | Improvement: 178.38 | Win Rate: 100.00% | Actor Loss: 1.5189 | Entropy: 3.0225 | Invalid S/B: 0.03/0.00 | Max Load: 20.9 | Load Gap: 1.8
Epoch [504/3000] | Sampled: 542.06 | Baseline: 717.19 | Improvement: 175.12 | Win Rate: 100.00% | Actor Loss: 1.8805 | Entropy: 3.0237 | Invalid S/B: 0.00/0.00 | Max Load: 21.0 | Load Gap: 1.8
Epoch [505/3000] | Sampled: 532.81 | Baseline: 716.41 | Improvement: 183.59 | Win Rate: 100.00% | Actor Loss: -0.8701 | Entropy: 3.0631 | Invalid S/B: 0.06/0.00 | Max Load: 20.8 | Load Gap: 1.7
Epoch [506/3000] | Sampled: 539.88 | Baseline: 722.53 | Improvement: 182.66 | Win Rate: 100.00% | Actor Loss: -1.9356 | Entropy: 3.0558 | Invalid S/B: 0.03/0.00 | Max Load: 20.9 | Load Gap: 1.8
Epoch [507/3000] | Sampled: 542.31 | Baseline: 722.56 | Improvement: 180.25 | Win Rate: 100.00% | Actor Loss: -5.5587 | Entropy: 3.0837 | Invalid S/B: 0.03/0.03 | Max Load: 21.0 | Load Gap: 1.9
Epoch [508/3000] | Sampled: 533.72 | Baseline: 716.91 | Improvement: 183.19 | Win Rate: 100.00% | Actor Loss: -4.5860 | Entropy: 3.0658 | Invalid S/B: 0.06/0.00 | Max Load: 21.0 | Load Gap: 1.9
Epoch [509/3000] | Sampled: 533.28 | Baseline: 709.59 | Improvement: 176.31 | Win Rate: 100.00% | Actor Loss: -4.5085 | Entropy: 3.0776 | Invalid S/B: 0.00/0.00 | Max Load: 20.9 | Load Gap: 1.9
Epoch [510/3000] | Sampled: 548.59 | Baseline: 716.25 | Improvement: 167.66 | Win Rate: 100.00% | Actor Loss: -0.9518 | Entropy: 3.0892 | Invalid S/B: 0.09/0.00 | Max Load: 21.1 | Load Gap: 2.1
Epoch [511/3000] | Sampled: 532.78 | Baseline: 719.03 | Improvement: 186.25 | Win Rate: 100.00% | Actor Loss: -1.0758 | Entropy: 3.1056 | Invalid S/B: 0.09/0.00 | Max Load: 21.2 | Load Gap: 2.3
Epoch [512/3000] | Sampled: 540.69 | Baseline: 717.88 | Improvement: 177.19 | Win Rate: 100.00% | Actor Loss: 4.0794 | Entropy: 3.0668 | Invalid S/B: 0.00/0.00 | Max Load: 21.0 | Load Gap: 2.1
Epoch [513/3000] | Sampled: 538.88 | Baseline: 720.69 | Improvement: 181.81 | Win Rate: 100.00% | Actor Loss: 6.1900 | Entropy: 3.0659 | Invalid S/B: 0.03/0.00 | Max Load: 21.2 | Load Gap: 2.4
Epoch [514/3000] | Sampled: 538.56 | Baseline: 717.31 | Improvement: 178.75 | Win Rate: 100.00% | Actor Loss: 0.2452 | Entropy: 3.1038 | Invalid S/B: 0.06/0.00 | Max Load: 21.0 | Load Gap: 2.0
Epoch [515/3000] | Sampled: 546.78 | Baseline: 717.97 | Improvement: 171.19 | Win Rate: 100.00% | Actor Loss: 0.8723 | Entropy: 3.0659 | Invalid S/B: 0.00/0.00 | Max Load: 21.3 | Load Gap: 2.7
Epoch [516/3000] | Sampled: 542.59 | Baseline: 716.84 | Improvement: 174.25 | Win Rate: 100.00% | Actor Loss: 0.7306 | Entropy: 3.0677 | Invalid S/B: 0.03/0.00 | Max Load: 21.3 | Load Gap: 2.6
Epoch [517/3000] | Sampled: 529.28 | Baseline: 719.59 | Improvement: 190.31 | Win Rate: 100.00% | Actor Loss: -0.9075 | Entropy: 3.0424 | Invalid S/B: 0.00/0.00 | Max Load: 21.5 | Load Gap: 3.1
Epoch [518/3000] | Sampled: 543.97 | Baseline: 720.84 | Improvement: 176.88 | Win Rate: 100.00% | Actor Loss: -6.1703 | Entropy: 3.0454 | Invalid S/B: 0.06/0.00 | Max Load: 21.3 | Load Gap: 2.7
Epoch [519/3000] | Sampled: 535.03 | Baseline: 718.34 | Improvement: 183.31 | Win Rate: 100.00% | Actor Loss: -4.2899 | Entropy: 3.0369 | Invalid S/B: 0.00/0.00 | Max Load: 20.9 | Load Gap: 2.0
Epoch [520/3000] | Sampled: 537.41 | Baseline: 724.28 | Improvement: 186.88 | Win Rate: 100.00% | Actor Loss: -4.2231 | Entropy: 3.0194 | Invalid S/B: 0.03/0.00 | Max Load: 21.2 | Load Gap: 2.3
Epoch [521/3000] | Sampled: 533.84 | Baseline: 716.34 | Improvement: 182.50 | Win Rate: 100.00% | Actor Loss: -1.9381 | Entropy: 3.0222 | Invalid S/B: 0.00/0.00 | Max Load: 21.0 | Load Gap: 2.0
Epoch [522/3000] | Sampled: 548.31 | Baseline: 721.56 | Improvement: 173.25 | Win Rate: 100.00% | Actor Loss: 0.3450 | Entropy: 3.0200 | Invalid S/B: 0.00/0.00 | Max Load: 21.0 | Load Gap: 2.0
Epoch [523/3000] | Sampled: 544.53 | Baseline: 721.91 | Improvement: 177.38 | Win Rate: 100.00% | Actor Loss: -1.1841 | Entropy: 3.0134 | Invalid S/B: 0.03/0.00 | Max Load: 21.2 | Load Gap: 2.3
Epoch [524/3000] | Sampled: 539.97 | Baseline: 718.41 | Improvement: 178.44 | Win Rate: 100.00% | Actor Loss: 1.3980 | Entropy: 3.0141 | Invalid S/B: 0.16/0.00 | Max Load: 21.2 | Load Gap: 2.5
Epoch [525/3000] | Sampled: 543.69 | Baseline: 717.62 | Improvement: 173.94 | Win Rate: 100.00% | Actor Loss: 3.4545 | Entropy: 3.0017 | Invalid S/B: 0.03/0.00 | Max Load: 20.8 | Load Gap: 1.7
Epoch [526/3000] | Sampled: 537.12 | Baseline: 716.16 | Improvement: 179.03 | Win Rate: 100.00% | Actor Loss: 3.6504 | Entropy: 3.0008 | Invalid S/B: 0.00/0.00 | Max Load: 21.1 | Load Gap: 2.3
Epoch [527/3000] | Sampled: 535.72 | Baseline: 719.19 | Improvement: 183.47 | Win Rate: 100.00% | Actor Loss: 0.1462 | Entropy: 3.0131 | Invalid S/B: 0.00/0.00 | Max Load: 21.2 | Load Gap: 2.5
Epoch [528/3000] | Sampled: 541.34 | Baseline: 722.62 | Improvement: 181.28 | Win Rate: 100.00% | Actor Loss: 6.0877 | Entropy: 3.0197 | Invalid S/B: 0.06/0.00 | Max Load: 21.2 | Load Gap: 2.4
Epoch [529/3000] | Sampled: 552.00 | Baseline: 721.72 | Improvement: 169.72 | Win Rate: 100.00% | Actor Loss: 0.8472 | Entropy: 3.0522 | Invalid S/B: 0.00/0.00 | Max Load: 21.2 | Load Gap: 2.4
Epoch [530/3000] | Sampled: 538.94 | Baseline: 715.94 | Improvement: 177.00 | Win Rate: 100.00% | Actor Loss: 1.7189 | Entropy: 3.0367 | Invalid S/B: 0.03/0.00 | Max Load: 21.2 | Load Gap: 2.4
Epoch [531/3000] | Sampled: 539.19 | Baseline: 716.38 | Improvement: 177.19 | Win Rate: 100.00% | Actor Loss: -2.4948 | Entropy: 3.0742 | Invalid S/B: 0.00/0.00 | Max Load: 21.2 | Load Gap: 2.4
Epoch [532/3000] | Sampled: 539.88 | Baseline: 720.38 | Improvement: 180.50 | Win Rate: 100.00% | Actor Loss: -6.9231 | Entropy: 3.0783 | Invalid S/B: 0.03/0.00 | Max Load: 20.9 | Load Gap: 1.8
Epoch [533/3000] | Sampled: 542.31 | Baseline: 718.59 | Improvement: 176.28 | Win Rate: 100.00% | Actor Loss: -2.5689 | Entropy: 3.0757 | Invalid S/B: 0.00/0.00 | Max Load: 21.2 | Load Gap: 2.5
Epoch [534/3000] | Sampled: 546.31 | Baseline: 712.38 | Improvement: 166.06 | Win Rate: 100.00% | Actor Loss: -0.4912 | Entropy: 3.0900 | Invalid S/B: 0.00/0.00 | Max Load: 21.0 | Load Gap: 2.1
Epoch [535/3000] | Sampled: 522.22 | Baseline: 717.66 | Improvement: 195.44 | Win Rate: 100.00% | Actor Loss: -4.0142 | Entropy: 3.0842 | Invalid S/B: 0.00/0.00 | Max Load: 20.9 | Load Gap: 1.8
Epoch [536/3000] | Sampled: 538.56 | Baseline: 718.06 | Improvement: 179.50 | Win Rate: 100.00% | Actor Loss: -0.5741 | Entropy: 3.0834 | Invalid S/B: 0.00/0.00 | Max Load: 21.1 | Load Gap: 2.1
Epoch [537/3000] | Sampled: 537.66 | Baseline: 717.19 | Improvement: 179.53 | Win Rate: 100.00% | Actor Loss: -7.0679 | Entropy: 3.1202 | Invalid S/B: 0.00/0.00 | Max Load: 20.9 | Load Gap: 1.9
Epoch [538/3000] | Sampled: 533.03 | Baseline: 717.25 | Improvement: 184.22 | Win Rate: 100.00% | Actor Loss: -0.8547 | Entropy: 3.0958 | Invalid S/B: 0.00/0.00 | Max Load: 20.9 | Load Gap: 2.0
Epoch [539/3000] | Sampled: 542.25 | Baseline: 718.19 | Improvement: 175.94 | Win Rate: 100.00% | Actor Loss: 4.2632 | Entropy: 3.0777 | Invalid S/B: 0.12/0.00 | Max Load: 21.0 | Load Gap: 2.0
Epoch [540/3000] | Sampled: 524.56 | Baseline: 716.09 | Improvement: 191.53 | Win Rate: 100.00% | Actor Loss: 1.7539 | Entropy: 3.1017 | Invalid S/B: 0.00/0.00 | Max Load: 21.0 | Load Gap: 1.9
Epoch [541/3000] | Sampled: 536.62 | Baseline: 717.16 | Improvement: 180.53 | Win Rate: 100.00% | Actor Loss: 3.4889 | Entropy: 3.0990 | Invalid S/B: 0.00/0.00 | Max Load: 21.0 | Load Gap: 2.0
Epoch [542/3000] | Sampled: 537.16 | Baseline: 720.97 | Improvement: 183.81 | Win Rate: 100.00% | Actor Loss: 5.8788 | Entropy: 3.1184 | Invalid S/B: 0.00/0.00 | Max Load: 21.0 | Load Gap: 2.0
Epoch [543/3000] | Sampled: 535.06 | Baseline: 718.72 | Improvement: 183.66 | Win Rate: 100.00% | Actor Loss: 2.0583 | Entropy: 3.1035 | Invalid S/B: 0.00/0.00 | Max Load: 21.0 | Load Gap: 2.0
Epoch [544/3000] | Sampled: 541.16 | Baseline: 719.06 | Improvement: 177.91 | Win Rate: 100.00% | Actor Loss: 1.0924 | Entropy: 3.1253 | Invalid S/B: 0.06/0.00 | Max Load: 21.0 | Load Gap: 2.1
Epoch [545/3000] | Sampled: 545.59 | Baseline: 721.84 | Improvement: 176.25 | Win Rate: 100.00% | Actor Loss: -3.2864 | Entropy: 3.1137 | Invalid S/B: 0.03/0.00 | Max Load: 20.9 | Load Gap: 1.9
Epoch [546/3000] | Sampled: 534.62 | Baseline: 716.12 | Improvement: 181.50 | Win Rate: 100.00% | Actor Loss: -4.3664 | Entropy: 3.1305 | Invalid S/B: 0.00/0.00 | Max Load: 20.9 | Load Gap: 1.8
Epoch [547/3000] | Sampled: 540.25 | Baseline: 716.31 | Improvement: 176.06 | Win Rate: 100.00% | Actor Loss: -1.3791 | Entropy: 3.1306 | Invalid S/B: 0.06/0.00 | Max Load: 21.1 | Load Gap: 2.1
Epoch [548/3000] | Sampled: 541.12 | Baseline: 716.00 | Improvement: 174.88 | Win Rate: 100.00% | Actor Loss: -3.9415 | Entropy: 3.1164 | Invalid S/B: 0.03/0.00 | Max Load: 21.0 | Load Gap: 2.0
Epoch [549/3000] | Sampled: 531.97 | Baseline: 721.72 | Improvement: 189.75 | Win Rate: 100.00% | Actor Loss: -0.6330 | Entropy: 3.1311 | Invalid S/B: 0.00/0.00 | Max Load: 21.1 | Load Gap: 2.2
Epoch [550/3000] | Sampled: 536.03 | Baseline: 716.19 | Improvement: 180.16 | Win Rate: 100.00% | Actor Loss: 1.9029 | Entropy: 3.1122 | Invalid S/B: 0.03/0.00 | Max Load: 21.0 | Load Gap: 2.1
   -> Validation | Samples: 50 | Makespan: 502.82 | Invalid Jobs: 0.02
Epoch [551/3000] | Sampled: 539.62 | Baseline: 720.12 | Improvement: 180.50 | Win Rate: 100.00% | Actor Loss: -3.4873 | Entropy: 3.1016 | Invalid S/B: 0.03/0.00 | Max Load: 21.0 | Load Gap: 2.0
Epoch [552/3000] | Sampled: 541.81 | Baseline: 717.22 | Improvement: 175.41 | Win Rate: 100.00% | Actor Loss: -1.5458 | Entropy: 3.0924 | Invalid S/B: 0.03/0.00 | Max Load: 21.0 | Load Gap: 2.0
Epoch [553/3000] | Sampled: 531.78 | Baseline: 715.91 | Improvement: 184.12 | Win Rate: 100.00% | Actor Loss: 2.5841 | Entropy: 3.0767 | Invalid S/B: 0.03/0.00 | Max Load: 21.1 | Load Gap: 2.2
Epoch [554/3000] | Sampled: 538.03 | Baseline: 718.28 | Improvement: 180.25 | Win Rate: 100.00% | Actor Loss: 2.4996 | Entropy: 3.0716 | Invalid S/B: 0.03/0.00 | Max Load: 21.0 | Load Gap: 1.9
Epoch [555/3000] | Sampled: 529.22 | Baseline: 715.97 | Improvement: 186.75 | Win Rate: 100.00% | Actor Loss: 2.1580 | Entropy: 3.0832 | Invalid S/B: 0.00/0.00 | Max Load: 20.9 | Load Gap: 1.9
Epoch [556/3000] | Sampled: 535.41 | Baseline: 715.75 | Improvement: 180.34 | Win Rate: 100.00% | Actor Loss: 0.3861 | Entropy: 3.0938 | Invalid S/B: 0.03/0.00 | Max Load: 21.0 | Load Gap: 2.0
Epoch [557/3000] | Sampled: 535.28 | Baseline: 715.16 | Improvement: 179.88 | Win Rate: 100.00% | Actor Loss: -1.6121 | Entropy: 3.0868 | Invalid S/B: 0.03/0.00 | Max Load: 21.1 | Load Gap: 2.1
Epoch [558/3000] | Sampled: 529.34 | Baseline: 715.69 | Improvement: 186.34 | Win Rate: 100.00% | Actor Loss: -1.3527 | Entropy: 3.1120 | Invalid S/B: 0.06/0.00 | Max Load: 20.9 | Load Gap: 1.8
Epoch [559/3000] | Sampled: 535.88 | Baseline: 719.91 | Improvement: 184.03 | Win Rate: 100.00% | Actor Loss: -3.7756 | Entropy: 3.1031 | Invalid S/B: 0.00/0.00 | Max Load: 21.1 | Load Gap: 2.1
Epoch [560/3000] | Sampled: 537.97 | Baseline: 718.28 | Improvement: 180.31 | Win Rate: 100.00% | Actor Loss: 4.2941 | Entropy: 3.0910 | Invalid S/B: 0.00/0.00 | Max Load: 21.0 | Load Gap: 1.9
Epoch [561/3000] | Sampled: 524.84 | Baseline: 718.22 | Improvement: 193.38 | Win Rate: 100.00% | Actor Loss: 7.6064 | Entropy: 3.1085 | Invalid S/B: 0.00/0.00 | Max Load: 20.9 | Load Gap: 1.8
Epoch [562/3000] | Sampled: 533.84 | Baseline: 715.22 | Improvement: 181.38 | Win Rate: 100.00% | Actor Loss: 7.1083 | Entropy: 3.1086 | Invalid S/B: 0.00/0.00 | Max Load: 21.3 | Load Gap: 2.6
Epoch [563/3000] | Sampled: 532.59 | Baseline: 720.19 | Improvement: 187.59 | Win Rate: 100.00% | Actor Loss: 2.2327 | Entropy: 3.1084 | Invalid S/B: 0.03/0.00 | Max Load: 20.8 | Load Gap: 1.8
Epoch [564/3000] | Sampled: 537.91 | Baseline: 720.56 | Improvement: 182.66 | Win Rate: 100.00% | Actor Loss: -1.9140 | Entropy: 3.1268 | Invalid S/B: 0.00/0.00 | Max Load: 21.0 | Load Gap: 2.1
Epoch [565/3000] | Sampled: 544.62 | Baseline: 721.16 | Improvement: 176.53 | Win Rate: 100.00% | Actor Loss: 1.0636 | Entropy: 3.1136 | Invalid S/B: 0.03/0.00 | Max Load: 20.7 | Load Gap: 1.4
Epoch [566/3000] | Sampled: 530.84 | Baseline: 717.75 | Improvement: 186.91 | Win Rate: 100.00% | Actor Loss: -3.0772 | Entropy: 3.1186 | Invalid S/B: 0.00/0.00 | Max Load: 20.9 | Load Gap: 1.9
Epoch [567/3000] | Sampled: 537.53 | Baseline: 719.44 | Improvement: 181.91 | Win Rate: 100.00% | Actor Loss: -1.4202 | Entropy: 3.1165 | Invalid S/B: 0.00/0.00 | Max Load: 21.0 | Load Gap: 2.0
Epoch [568/3000] | Sampled: 532.56 | Baseline: 714.03 | Improvement: 181.47 | Win Rate: 100.00% | Actor Loss: -0.3984 | Entropy: 3.1303 | Invalid S/B: 0.00/0.00 | Max Load: 20.9 | Load Gap: 1.8
Epoch [569/3000] | Sampled: 529.78 | Baseline: 718.69 | Improvement: 188.91 | Win Rate: 100.00% | Actor Loss: 5.1323 | Entropy: 3.1148 | Invalid S/B: 0.03/0.00 | Max Load: 21.0 | Load Gap: 2.0
Epoch [570/3000] | Sampled: 537.09 | Baseline: 716.38 | Improvement: 179.28 | Win Rate: 100.00% | Actor Loss: 2.5151 | Entropy: 3.0897 | Invalid S/B: 0.00/0.00 | Max Load: 21.0 | Load Gap: 2.1
Epoch [571/3000] | Sampled: 535.00 | Baseline: 720.06 | Improvement: 185.06 | Win Rate: 100.00% | Actor Loss: -9.1753 | Entropy: 3.1103 | Invalid S/B: 0.00/0.00 | Max Load: 21.2 | Load Gap: 2.3
Epoch [572/3000] | Sampled: 530.47 | Baseline: 715.19 | Improvement: 184.72 | Win Rate: 100.00% | Actor Loss: -0.8667 | Entropy: 3.0676 | Invalid S/B: 0.00/0.00 | Max Load: 20.9 | Load Gap: 2.0
Epoch [573/3000] | Sampled: 521.81 | Baseline: 711.28 | Improvement: 189.47 | Win Rate: 100.00% | Actor Loss: -0.5938 | Entropy: 3.0810 | Invalid S/B: 0.03/0.00 | Max Load: 21.0 | Load Gap: 2.0
Epoch [574/3000] | Sampled: 523.66 | Baseline: 718.75 | Improvement: 195.09 | Win Rate: 100.00% | Actor Loss: -2.4983 | Entropy: 3.0579 | Invalid S/B: 0.00/0.00 | Max Load: 20.9 | Load Gap: 1.8
Epoch [575/3000] | Sampled: 539.56 | Baseline: 725.31 | Improvement: 185.75 | Win Rate: 100.00% | Actor Loss: 1.9406 | Entropy: 3.0556 | Invalid S/B: 0.03/0.00 | Max Load: 20.8 | Load Gap: 1.8
Epoch [576/3000] | Sampled: 531.03 | Baseline: 715.19 | Improvement: 184.16 | Win Rate: 100.00% | Actor Loss: 1.7214 | Entropy: 3.0479 | Invalid S/B: 0.06/0.00 | Max Load: 21.0 | Load Gap: 2.1
Epoch [577/3000] | Sampled: 530.75 | Baseline: 717.47 | Improvement: 186.72 | Win Rate: 100.00% | Actor Loss: -0.2802 | Entropy: 3.0518 | Invalid S/B: 0.00/0.00 | Max Load: 21.0 | Load Gap: 2.1
Epoch [578/3000] | Sampled: 526.41 | Baseline: 712.62 | Improvement: 186.22 | Win Rate: 100.00% | Actor Loss: 1.7418 | Entropy: 3.0562 | Invalid S/B: 0.00/0.00 | Max Load: 21.2 | Load Gap: 2.4
Epoch [579/3000] | Sampled: 542.44 | Baseline: 717.47 | Improvement: 175.03 | Win Rate: 100.00% | Actor Loss: 7.4680 | Entropy: 3.0227 | Invalid S/B: 0.00/0.00 | Max Load: 21.0 | Load Gap: 2.2
Epoch [580/3000] | Sampled: 546.06 | Baseline: 720.16 | Improvement: 174.09 | Win Rate: 100.00% | Actor Loss: -2.1615 | Entropy: 3.0484 | Invalid S/B: 0.06/0.00 | Max Load: 20.9 | Load Gap: 1.8
Epoch [581/3000] | Sampled: 536.38 | Baseline: 722.91 | Improvement: 186.53 | Win Rate: 100.00% | Actor Loss: 3.1292 | Entropy: 3.0714 | Invalid S/B: 0.00/0.00 | Max Load: 21.1 | Load Gap: 2.2
Epoch [582/3000] | Sampled: 535.66 | Baseline: 717.25 | Improvement: 181.59 | Win Rate: 100.00% | Actor Loss: 1.4595 | Entropy: 3.0830 | Invalid S/B: 0.06/0.00 | Max Load: 21.0 | Load Gap: 2.1
Epoch [583/3000] | Sampled: 540.66 | Baseline: 720.38 | Improvement: 179.72 | Win Rate: 100.00% | Actor Loss: -1.2500 | Entropy: 3.1024 | Invalid S/B: 0.03/0.00 | Max Load: 20.9 | Load Gap: 1.9
Epoch [584/3000] | Sampled: 538.72 | Baseline: 721.81 | Improvement: 183.09 | Win Rate: 100.00% | Actor Loss: -3.8894 | Entropy: 3.0887 | Invalid S/B: 0.06/0.00 | Max Load: 20.8 | Load Gap: 1.7
Epoch [585/3000] | Sampled: 531.47 | Baseline: 713.56 | Improvement: 182.09 | Win Rate: 100.00% | Actor Loss: -7.2485 | Entropy: 3.1158 | Invalid S/B: 0.06/0.00 | Max Load: 20.9 | Load Gap: 1.8
Epoch [586/3000] | Sampled: 537.31 | Baseline: 718.97 | Improvement: 181.66 | Win Rate: 100.00% | Actor Loss: -2.7709 | Entropy: 3.1234 | Invalid S/B: 0.00/0.00 | Max Load: 20.8 | Load Gap: 1.7
Epoch [587/3000] | Sampled: 539.25 | Baseline: 717.44 | Improvement: 178.19 | Win Rate: 100.00% | Actor Loss: -3.0183 | Entropy: 3.1168 | Invalid S/B: 0.00/0.00 | Max Load: 21.0 | Load Gap: 1.9
Epoch [588/3000] | Sampled: 543.88 | Baseline: 717.56 | Improvement: 173.69 | Win Rate: 100.00% | Actor Loss: -6.8335 | Entropy: 3.1373 | Invalid S/B: 0.06/0.00 | Max Load: 20.9 | Load Gap: 1.9
Epoch [589/3000] | Sampled: 526.94 | Baseline: 714.88 | Improvement: 187.94 | Win Rate: 100.00% | Actor Loss: 2.2511 | Entropy: 3.1387 | Invalid S/B: 0.00/0.00 | Max Load: 21.0 | Load Gap: 1.9
Epoch [590/3000] | Sampled: 540.34 | Baseline: 716.19 | Improvement: 175.84 | Win Rate: 100.00% | Actor Loss: 1.6138 | Entropy: 3.1134 | Invalid S/B: 0.06/0.00 | Max Load: 21.0 | Load Gap: 2.1
Epoch [591/3000] | Sampled: 536.09 | Baseline: 720.25 | Improvement: 184.16 | Win Rate: 100.00% | Actor Loss: -1.1946 | Entropy: 3.0953 | Invalid S/B: 0.00/0.00 | Max Load: 21.0 | Load Gap: 1.9
Epoch [592/3000] | Sampled: 533.78 | Baseline: 716.25 | Improvement: 182.47 | Win Rate: 100.00% | Actor Loss: -5.6922 | Entropy: 3.1115 | Invalid S/B: 0.03/0.00 | Max Load: 21.0 | Load Gap: 2.0
Epoch [593/3000] | Sampled: 538.22 | Baseline: 716.91 | Improvement: 178.69 | Win Rate: 100.00% | Actor Loss: -0.3545 | Entropy: 3.1150 | Invalid S/B: 0.00/0.00 | Max Load: 20.8 | Load Gap: 1.5
Epoch [594/3000] | Sampled: 525.84 | Baseline: 710.28 | Improvement: 184.44 | Win Rate: 100.00% | Actor Loss: -1.4740 | Entropy: 3.0954 | Invalid S/B: 0.00/0.00 | Max Load: 21.1 | Load Gap: 2.0
Epoch [595/3000] | Sampled: 531.09 | Baseline: 720.00 | Improvement: 188.91 | Win Rate: 100.00% | Actor Loss: -1.8440 | Entropy: 3.0857 | Invalid S/B: 0.06/0.00 | Max Load: 21.1 | Load Gap: 2.1
Epoch [596/3000] | Sampled: 541.28 | Baseline: 719.72 | Improvement: 178.44 | Win Rate: 100.00% | Actor Loss: 1.7606 | Entropy: 3.0896 | Invalid S/B: 0.00/0.00 | Max Load: 20.9 | Load Gap: 1.7
Epoch [597/3000] | Sampled: 547.22 | Baseline: 719.56 | Improvement: 172.34 | Win Rate: 100.00% | Actor Loss: -4.1763 | Entropy: 3.0486 | Invalid S/B: 0.06/0.00 | Max Load: 20.9 | Load Gap: 2.0
Epoch [598/3000] | Sampled: 546.75 | Baseline: 715.72 | Improvement: 168.97 | Win Rate: 100.00% | Actor Loss: 0.0985 | Entropy: 3.0288 | Invalid S/B: 0.09/0.00 | Max Load: 21.1 | Load Gap: 2.2
Epoch [599/3000] | Sampled: 553.34 | Baseline: 719.22 | Improvement: 165.88 | Win Rate: 100.00% | Actor Loss: -1.9901 | Entropy: 3.0237 | Invalid S/B: 0.00/0.00 | Max Load: 20.9 | Load Gap: 1.8
Epoch [600/3000] | Sampled: 547.19 | Baseline: 722.81 | Improvement: 175.62 | Win Rate: 100.00% | Actor Loss: -1.1771 | Entropy: 2.9786 | Invalid S/B: 0.00/0.00 | Max Load: 21.4 | Load Gap: 2.8
   -> Validation | Samples: 50 | Makespan: 521.12 | Invalid Jobs: 0.00
   -> Saved updated training chart to /home/wei/AMR-DFJSP/Static_alogorithm/GNN/gnn_precise_training_metrics.png
Epoch [601/3000] | Sampled: 548.16 | Baseline: 714.81 | Improvement: 166.66 | Win Rate: 100.00% | Actor Loss: 3.0752 | Entropy: 2.9909 | Invalid S/B: 0.03/0.00 | Max Load: 21.2 | Load Gap: 2.4
Epoch [602/3000] | Sampled: 546.34 | Baseline: 717.59 | Improvement: 171.25 | Win Rate: 100.00% | Actor Loss: 0.0689 | Entropy: 2.9786 | Invalid S/B: 0.03/0.00 | Max Load: 21.3 | Load Gap: 3.0
Epoch [603/3000] | Sampled: 546.72 | Baseline: 717.59 | Improvement: 170.88 | Win Rate: 100.00% | Actor Loss: 3.4229 | Entropy: 2.9720 | Invalid S/B: 0.00/0.00 | Max Load: 21.5 | Load Gap: 3.1
Epoch [604/3000] | Sampled: 557.62 | Baseline: 716.75 | Improvement: 159.12 | Win Rate: 100.00% | Actor Loss: 1.7151 | Entropy: 2.9524 | Invalid S/B: 0.03/0.00 | Max Load: 21.4 | Load Gap: 2.8
Epoch [605/3000] | Sampled: 542.97 | Baseline: 714.94 | Improvement: 171.97 | Win Rate: 100.00% | Actor Loss: 1.5433 | Entropy: 2.9418 | Invalid S/B: 0.03/0.00 | Max Load: 21.5 | Load Gap: 3.0
Epoch [606/3000] | Sampled: 549.72 | Baseline: 717.09 | Improvement: 167.38 | Win Rate: 100.00% | Actor Loss: -2.0591 | Entropy: 2.9298 | Invalid S/B: 0.00/0.00 | Max Load: 21.7 | Load Gap: 3.5
Epoch [607/3000] | Sampled: 557.31 | Baseline: 718.84 | Improvement: 161.53 | Win Rate: 100.00% | Actor Loss: -2.0425 | Entropy: 2.9406 | Invalid S/B: 0.12/0.00 | Max Load: 21.3 | Load Gap: 2.8
Epoch [608/3000] | Sampled: 560.91 | Baseline: 719.97 | Improvement: 159.06 | Win Rate: 100.00% | Actor Loss: -2.4373 | Entropy: 2.9552 | Invalid S/B: 0.06/0.00 | Max Load: 21.5 | Load Gap: 3.1
Epoch [609/3000] | Sampled: 548.44 | Baseline: 718.81 | Improvement: 170.38 | Win Rate: 100.00% | Actor Loss: -2.9834 | Entropy: 2.9816 | Invalid S/B: 0.00/0.00 | Max Load: 21.3 | Load Gap: 2.7
Epoch [610/3000] | Sampled: 546.22 | Baseline: 712.69 | Improvement: 166.47 | Win Rate: 100.00% | Actor Loss: -2.5112 | Entropy: 2.9873 | Invalid S/B: 0.00/0.00 | Max Load: 21.1 | Load Gap: 2.2
Epoch [611/3000] | Sampled: 540.88 | Baseline: 715.03 | Improvement: 174.16 | Win Rate: 100.00% | Actor Loss: -5.0577 | Entropy: 2.9842 | Invalid S/B: 0.00/0.00 | Max Load: 21.4 | Load Gap: 2.8
Epoch [612/3000] | Sampled: 552.84 | Baseline: 717.19 | Improvement: 164.34 | Win Rate: 100.00% | Actor Loss: -2.6059 | Entropy: 2.9914 | Invalid S/B: 0.00/0.00 | Max Load: 21.2 | Load Gap: 2.4
Epoch [613/3000] | Sampled: 547.69 | Baseline: 723.47 | Improvement: 175.78 | Win Rate: 100.00% | Actor Loss: 2.7165 | Entropy: 2.9964 | Invalid S/B: 0.00/0.00 | Max Load: 21.5 | Load Gap: 3.1
Epoch [614/3000] | Sampled: 540.97 | Baseline: 715.47 | Improvement: 174.50 | Win Rate: 100.00% | Actor Loss: 8.0065 | Entropy: 3.0112 | Invalid S/B: 0.03/0.00 | Max Load: 21.2 | Load Gap: 2.3
Epoch [615/3000] | Sampled: 544.41 | Baseline: 726.69 | Improvement: 182.28 | Win Rate: 100.00% | Actor Loss: -1.4378 | Entropy: 3.0156 | Invalid S/B: 0.00/0.00 | Max Load: 21.1 | Load Gap: 2.2
Epoch [616/3000] | Sampled: 549.00 | Baseline: 718.84 | Improvement: 169.84 | Win Rate: 100.00% | Actor Loss: 3.3603 | Entropy: 3.0312 | Invalid S/B: 0.03/0.00 | Max Load: 21.2 | Load Gap: 2.6
Epoch [617/3000] | Sampled: 541.31 | Baseline: 717.59 | Improvement: 176.28 | Win Rate: 100.00% | Actor Loss: -2.6066 | Entropy: 3.0140 | Invalid S/B: 0.00/0.00 | Max Load: 21.1 | Load Gap: 2.2
Epoch [618/3000] | Sampled: 539.94 | Baseline: 716.47 | Improvement: 176.53 | Win Rate: 100.00% | Actor Loss: 1.8844 | Entropy: 3.0478 | Invalid S/B: 0.03/0.00 | Max Load: 21.1 | Load Gap: 2.2
Epoch [619/3000] | Sampled: 532.25 | Baseline: 713.53 | Improvement: 181.28 | Win Rate: 100.00% | Actor Loss: -3.0588 | Entropy: 3.0244 | Invalid S/B: 0.00/0.00 | Max Load: 20.9 | Load Gap: 1.9
Epoch [620/3000] | Sampled: 542.12 | Baseline: 718.72 | Improvement: 176.59 | Win Rate: 100.00% | Actor Loss: -1.9247 | Entropy: 3.0150 | Invalid S/B: 0.00/0.00 | Max Load: 21.0 | Load Gap: 2.0
Epoch [621/3000] | Sampled: 535.59 | Baseline: 721.16 | Improvement: 185.56 | Win Rate: 100.00% | Actor Loss: -4.7971 | Entropy: 3.0000 | Invalid S/B: 0.00/0.00 | Max Load: 20.9 | Load Gap: 1.9
Epoch [622/3000] | Sampled: 534.41 | Baseline: 716.44 | Improvement: 182.03 | Win Rate: 100.00% | Actor Loss: -4.1598 | Entropy: 2.9972 | Invalid S/B: 0.03/0.00 | Max Load: 20.9 | Load Gap: 1.9
Epoch [623/3000] | Sampled: 540.53 | Baseline: 717.84 | Improvement: 177.31 | Win Rate: 100.00% | Actor Loss: -2.5003 | Entropy: 2.9954 | Invalid S/B: 0.00/0.00 | Max Load: 21.0 | Load Gap: 2.0
Epoch [624/3000] | Sampled: 537.91 | Baseline: 723.19 | Improvement: 185.28 | Win Rate: 100.00% | Actor Loss: 0.2935 | Entropy: 3.0043 | Invalid S/B: 0.00/0.00 | Max Load: 21.0 | Load Gap: 1.9
Epoch [625/3000] | Sampled: 529.72 | Baseline: 713.38 | Improvement: 183.66 | Win Rate: 100.00% | Actor Loss: -2.5849 | Entropy: 3.0005 | Invalid S/B: 0.00/0.00 | Max Load: 21.0 | Load Gap: 2.1
Epoch [626/3000] | Sampled: 523.94 | Baseline: 715.44 | Improvement: 191.50 | Win Rate: 100.00% | Actor Loss: 2.2076 | Entropy: 2.9868 | Invalid S/B: 0.00/0.00 | Max Load: 21.0 | Load Gap: 2.1
Epoch [627/3000] | Sampled: 532.88 | Baseline: 718.84 | Improvement: 185.97 | Win Rate: 100.00% | Actor Loss: 3.3614 | Entropy: 2.9535 | Invalid S/B: 0.03/0.00 | Max Load: 20.9 | Load Gap: 1.8
Epoch [628/3000] | Sampled: 543.41 | Baseline: 723.94 | Improvement: 180.53 | Win Rate: 100.00% | Actor Loss: -0.9818 | Entropy: 2.9712 | Invalid S/B: 0.03/0.00 | Max Load: 20.9 | Load Gap: 1.9
Epoch [629/3000] | Sampled: 533.53 | Baseline: 719.00 | Improvement: 185.47 | Win Rate: 100.00% | Actor Loss: 5.1992 | Entropy: 2.9694 | Invalid S/B: 0.00/0.00 | Max Load: 21.0 | Load Gap: 2.1
Epoch [630/3000] | Sampled: 530.78 | Baseline: 721.31 | Improvement: 190.53 | Win Rate: 100.00% | Actor Loss: -2.8331 | Entropy: 2.9750 | Invalid S/B: 0.03/0.00 | Max Load: 20.9 | Load Gap: 1.8
Epoch [631/3000] | Sampled: 533.75 | Baseline: 722.19 | Improvement: 188.44 | Win Rate: 100.00% | Actor Loss: -5.2229 | Entropy: 2.9982 | Invalid S/B: 0.00/0.00 | Max Load: 20.8 | Load Gap: 1.7
Epoch [632/3000] | Sampled: 541.00 | Baseline: 716.91 | Improvement: 175.91 | Win Rate: 100.00% | Actor Loss: -1.0546 | Entropy: 2.9724 | Invalid S/B: 0.03/0.00 | Max Load: 20.9 | Load Gap: 1.9
Epoch [633/3000] | Sampled: 539.81 | Baseline: 716.53 | Improvement: 176.72 | Win Rate: 100.00% | Actor Loss: -1.4799 | Entropy: 2.9826 | Invalid S/B: 0.03/0.00 | Max Load: 21.0 | Load Gap: 1.9
Epoch [634/3000] | Sampled: 536.44 | Baseline: 721.38 | Improvement: 184.94 | Win Rate: 100.00% | Actor Loss: -2.7941 | Entropy: 2.9828 | Invalid S/B: 0.03/0.00 | Max Load: 21.0 | Load Gap: 1.9
Epoch [635/3000] | Sampled: 547.28 | Baseline: 719.19 | Improvement: 171.91 | Win Rate: 100.00% | Actor Loss: -2.3628 | Entropy: 2.9698 | Invalid S/B: 0.12/0.00 | Max Load: 21.2 | Load Gap: 2.3
Epoch [636/3000] | Sampled: 533.41 | Baseline: 715.91 | Improvement: 182.50 | Win Rate: 100.00% | Actor Loss: -1.6441 | Entropy: 2.9852 | Invalid S/B: 0.03/0.00 | Max Load: 21.1 | Load Gap: 2.2
Epoch [637/3000] | Sampled: 547.72 | Baseline: 714.88 | Improvement: 167.16 | Win Rate: 100.00% | Actor Loss: -1.4442 | Entropy: 2.9792 | Invalid S/B: 0.09/0.00 | Max Load: 21.0 | Load Gap: 2.1
Epoch [638/3000] | Sampled: 541.12 | Baseline: 716.06 | Improvement: 174.94 | Win Rate: 100.00% | Actor Loss: -4.2695 | Entropy: 2.9541 | Invalid S/B: 0.03/0.00 | Max Load: 21.2 | Load Gap: 2.4
Epoch [639/3000] | Sampled: 541.19 | Baseline: 714.44 | Improvement: 173.25 | Win Rate: 100.00% | Actor Loss: -7.1915 | Entropy: 2.9798 | Invalid S/B: 0.00/0.00 | Max Load: 21.2 | Load Gap: 2.4
Epoch [640/3000] | Sampled: 540.09 | Baseline: 713.94 | Improvement: 173.84 | Win Rate: 100.00% | Actor Loss: 2.2414 | Entropy: 3.0108 | Invalid S/B: 0.00/0.00 | Max Load: 21.2 | Load Gap: 2.5
Epoch [641/3000] | Sampled: 542.94 | Baseline: 719.28 | Improvement: 176.34 | Win Rate: 100.00% | Actor Loss: 5.4400 | Entropy: 2.9918 | Invalid S/B: 0.03/0.00 | Max Load: 21.1 | Load Gap: 2.2
Epoch [642/3000] | Sampled: 531.69 | Baseline: 716.56 | Improvement: 184.88 | Win Rate: 100.00% | Actor Loss: 5.2489 | Entropy: 2.9949 | Invalid S/B: 0.00/0.00 | Max Load: 21.4 | Load Gap: 2.9
Epoch [643/3000] | Sampled: 550.53 | Baseline: 722.34 | Improvement: 171.81 | Win Rate: 100.00% | Actor Loss: 0.3478 | Entropy: 3.0004 | Invalid S/B: 0.03/0.00 | Max Load: 21.4 | Load Gap: 2.9
Epoch [644/3000] | Sampled: 549.06 | Baseline: 723.06 | Improvement: 174.00 | Win Rate: 100.00% | Actor Loss: 5.0607 | Entropy: 2.9978 | Invalid S/B: 0.03/0.00 | Max Load: 21.1 | Load Gap: 2.2
Epoch [645/3000] | Sampled: 549.75 | Baseline: 721.78 | Improvement: 172.03 | Win Rate: 100.00% | Actor Loss: 0.1612 | Entropy: 2.9951 | Invalid S/B: 0.00/0.00 | Max Load: 21.1 | Load Gap: 2.3
Epoch [646/3000] | Sampled: 538.06 | Baseline: 720.28 | Improvement: 182.22 | Win Rate: 100.00% | Actor Loss: -2.0760 | Entropy: 2.9926 | Invalid S/B: 0.00/0.00 | Max Load: 21.0 | Load Gap: 2.1
Epoch [647/3000] | Sampled: 539.34 | Baseline: 717.41 | Improvement: 178.06 | Win Rate: 100.00% | Actor Loss: -5.2588 | Entropy: 2.9842 | Invalid S/B: 0.00/0.00 | Max Load: 21.2 | Load Gap: 2.6
Epoch [648/3000] | Sampled: 534.81 | Baseline: 716.44 | Improvement: 181.62 | Win Rate: 100.00% | Actor Loss: -6.4057 | Entropy: 3.0028 | Invalid S/B: 0.00/0.00 | Max Load: 21.2 | Load Gap: 2.4
Epoch [649/3000] | Sampled: 528.50 | Baseline: 718.41 | Improvement: 189.91 | Win Rate: 100.00% | Actor Loss: 0.1739 | Entropy: 3.0180 | Invalid S/B: 0.00/0.00 | Max Load: 20.9 | Load Gap: 1.9
Epoch [650/3000] | Sampled: 533.97 | Baseline: 720.00 | Improvement: 186.03 | Win Rate: 100.00% | Actor Loss: -4.2972 | Entropy: 3.0341 | Invalid S/B: 0.03/0.00 | Max Load: 20.9 | Load Gap: 1.9
   -> Validation | Samples: 50 | Makespan: 519.48 | Invalid Jobs: 0.00
Epoch [651/3000] | Sampled: 533.78 | Baseline: 715.50 | Improvement: 181.72 | Win Rate: 100.00% | Actor Loss: 3.2110 | Entropy: 3.0199 | Invalid S/B: 0.00/0.00 | Max Load: 21.0 | Load Gap: 2.0
Epoch [652/3000] | Sampled: 528.47 | Baseline: 718.69 | Improvement: 190.22 | Win Rate: 100.00% | Actor Loss: -3.4714 | Entropy: 3.0097 | Invalid S/B: 0.00/0.00 | Max Load: 20.8 | Load Gap: 1.6
Epoch [653/3000] | Sampled: 528.00 | Baseline: 718.19 | Improvement: 190.19 | Win Rate: 100.00% | Actor Loss: -4.4939 | Entropy: 2.9838 | Invalid S/B: 0.00/0.00 | Max Load: 20.9 | Load Gap: 1.8
Epoch [654/3000] | Sampled: 531.12 | Baseline: 721.50 | Improvement: 190.38 | Win Rate: 100.00% | Actor Loss: -3.0134 | Entropy: 2.9949 | Invalid S/B: 0.00/0.00 | Max Load: 20.9 | Load Gap: 1.8
Epoch [655/3000] | Sampled: 517.00 | Baseline: 717.50 | Improvement: 200.50 | Win Rate: 100.00% | Actor Loss: 1.4881 | Entropy: 2.9868 | Invalid S/B: 0.00/0.00 | Max Load: 20.9 | Load Gap: 1.7
Epoch [656/3000] | Sampled: 535.47 | Baseline: 716.12 | Improvement: 180.66 | Win Rate: 100.00% | Actor Loss: -0.0651 | Entropy: 2.9504 | Invalid S/B: 0.03/0.00 | Max Load: 20.8 | Load Gap: 1.6
Epoch [657/3000] | Sampled: 533.34 | Baseline: 716.59 | Improvement: 183.25 | Win Rate: 100.00% | Actor Loss: -4.6743 | Entropy: 2.9621 | Invalid S/B: 0.03/0.00 | Max Load: 20.8 | Load Gap: 1.5
Epoch [658/3000] | Sampled: 524.25 | Baseline: 710.28 | Improvement: 186.03 | Win Rate: 100.00% | Actor Loss: -3.2067 | Entropy: 2.9278 | Invalid S/B: 0.00/0.00 | Max Load: 20.7 | Load Gap: 1.5
Epoch [659/3000] | Sampled: 531.41 | Baseline: 721.03 | Improvement: 189.62 | Win Rate: 100.00% | Actor Loss: -0.9376 | Entropy: 2.9269 | Invalid S/B: 0.03/0.00 | Max Load: 20.9 | Load Gap: 2.0
Epoch [660/3000] | Sampled: 522.09 | Baseline: 718.25 | Improvement: 196.16 | Win Rate: 100.00% | Actor Loss: -1.3991 | Entropy: 2.9160 | Invalid S/B: 0.00/0.00 | Max Load: 20.8 | Load Gap: 1.6
Epoch [661/3000] | Sampled: 534.62 | Baseline: 718.00 | Improvement: 183.38 | Win Rate: 100.00% | Actor Loss: -4.2591 | Entropy: 2.9032 | Invalid S/B: 0.06/0.00 | Max Load: 21.0 | Load Gap: 2.1
Epoch [662/3000] | Sampled: 535.25 | Baseline: 716.03 | Improvement: 180.78 | Win Rate: 100.00% | Actor Loss: -4.1484 | Entropy: 2.9008 | Invalid S/B: 0.03/0.00 | Max Load: 21.2 | Load Gap: 2.3
Epoch [663/3000] | Sampled: 525.78 | Baseline: 714.72 | Improvement: 188.94 | Win Rate: 100.00% | Actor Loss: -3.5282 | Entropy: 2.8730 | Invalid S/B: 0.00/0.00 | Max Load: 20.9 | Load Gap: 2.0
Epoch [664/3000] | Sampled: 535.53 | Baseline: 719.06 | Improvement: 183.53 | Win Rate: 100.00% | Actor Loss: -2.8052 | Entropy: 2.8663 | Invalid S/B: 0.00/0.00 | Max Load: 21.1 | Load Gap: 2.2
Epoch [665/3000] | Sampled: 525.75 | Baseline: 714.91 | Improvement: 189.16 | Win Rate: 100.00% | Actor Loss: -6.0451 | Entropy: 2.8558 | Invalid S/B: 0.00/0.00 | Max Load: 21.0 | Load Gap: 2.0
Epoch [666/3000] | Sampled: 552.31 | Baseline: 718.91 | Improvement: 166.59 | Win Rate: 100.00% | Actor Loss: 0.3167 | Entropy: 2.8517 | Invalid S/B: 0.09/0.00 | Max Load: 21.2 | Load Gap: 2.5
Epoch [667/3000] | Sampled: 529.59 | Baseline: 713.72 | Improvement: 184.12 | Win Rate: 100.00% | Actor Loss: 1.7721 | Entropy: 2.8638 | Invalid S/B: 0.00/0.00 | Max Load: 21.2 | Load Gap: 2.5
Epoch [668/3000] | Sampled: 535.84 | Baseline: 719.28 | Improvement: 183.44 | Win Rate: 100.00% | Actor Loss: 1.5752 | Entropy: 2.8611 | Invalid S/B: 0.00/0.00 | Max Load: 20.9 | Load Gap: 1.9
Epoch [669/3000] | Sampled: 540.56 | Baseline: 721.88 | Improvement: 181.31 | Win Rate: 100.00% | Actor Loss: 3.2827 | Entropy: 2.8724 | Invalid S/B: 0.03/0.00 | Max Load: 21.4 | Load Gap: 2.7
Epoch [670/3000] | Sampled: 530.22 | Baseline: 711.91 | Improvement: 181.69 | Win Rate: 100.00% | Actor Loss: -3.7951 | Entropy: 2.8813 | Invalid S/B: 0.00/0.00 | Max Load: 21.3 | Load Gap: 2.6
Epoch [671/3000] | Sampled: 535.88 | Baseline: 714.59 | Improvement: 178.72 | Win Rate: 100.00% | Actor Loss: -3.5011 | Entropy: 2.9127 | Invalid S/B: 0.00/0.00 | Max Load: 21.6 | Load Gap: 3.2
Epoch [672/3000] | Sampled: 549.53 | Baseline: 718.84 | Improvement: 169.31 | Win Rate: 100.00% | Actor Loss: -5.4168 | Entropy: 2.8840 | Invalid S/B: 0.00/0.00 | Max Load: 21.2 | Load Gap: 2.6
Epoch [673/3000] | Sampled: 545.38 | Baseline: 717.75 | Improvement: 172.38 | Win Rate: 100.00% | Actor Loss: -6.1939 | Entropy: 2.9100 | Invalid S/B: 0.00/0.00 | Max Load: 21.3 | Load Gap: 2.8
Epoch [674/3000] | Sampled: 554.28 | Baseline: 716.59 | Improvement: 162.31 | Win Rate: 100.00% | Actor Loss: -0.9450 | Entropy: 2.8852 | Invalid S/B: 0.03/0.03 | Max Load: 21.7 | Load Gap: 3.3
Epoch [675/3000] | Sampled: 555.72 | Baseline: 715.25 | Improvement: 159.53 | Win Rate: 100.00% | Actor Loss: 2.9203 | Entropy: 2.8932 | Invalid S/B: 0.00/0.00 | Max Load: 21.3 | Load Gap: 2.8
Epoch [676/3000] | Sampled: 546.50 | Baseline: 715.56 | Improvement: 169.06 | Win Rate: 100.00% | Actor Loss: 2.7024 | Entropy: 2.9011 | Invalid S/B: 0.00/0.00 | Max Load: 21.5 | Load Gap: 3.1
Epoch [677/3000] | Sampled: 546.69 | Baseline: 719.84 | Improvement: 173.16 | Win Rate: 100.00% | Actor Loss: 3.3856 | Entropy: 2.8891 | Invalid S/B: 0.03/0.00 | Max Load: 21.3 | Load Gap: 2.8
Epoch [678/3000] | Sampled: 552.00 | Baseline: 717.41 | Improvement: 165.41 | Win Rate: 100.00% | Actor Loss: 0.0021 | Entropy: 2.8883 | Invalid S/B: 0.03/0.00 | Max Load: 21.3 | Load Gap: 2.6
Epoch [679/3000] | Sampled: 552.38 | Baseline: 720.81 | Improvement: 168.44 | Win Rate: 100.00% | Actor Loss: -4.6476 | Entropy: 2.8812 | Invalid S/B: 0.00/0.00 | Max Load: 21.1 | Load Gap: 2.4
Epoch [680/3000] | Sampled: 548.69 | Baseline: 717.12 | Improvement: 168.44 | Win Rate: 100.00% | Actor Loss: 1.3321 | Entropy: 2.8674 | Invalid S/B: 0.03/0.00 | Max Load: 21.4 | Load Gap: 2.9
Epoch [681/3000] | Sampled: 559.81 | Baseline: 722.66 | Improvement: 162.84 | Win Rate: 100.00% | Actor Loss: -1.9726 | Entropy: 2.8677 | Invalid S/B: 0.00/0.00 | Max Load: 21.4 | Load Gap: 3.0
Epoch [682/3000] | Sampled: 554.28 | Baseline: 719.34 | Improvement: 165.06 | Win Rate: 100.00% | Actor Loss: 0.7568 | Entropy: 2.8551 | Invalid S/B: 0.03/0.00 | Max Load: 21.3 | Load Gap: 2.5
Epoch [683/3000] | Sampled: 543.69 | Baseline: 712.22 | Improvement: 168.53 | Win Rate: 100.00% | Actor Loss: -4.1682 | Entropy: 2.8609 | Invalid S/B: 0.00/0.00 | Max Load: 21.3 | Load Gap: 2.7
Epoch [684/3000] | Sampled: 552.00 | Baseline: 722.03 | Improvement: 170.03 | Win Rate: 100.00% | Actor Loss: 0.4139 | Entropy: 2.8644 | Invalid S/B: 0.03/0.00 | Max Load: 21.3 | Load Gap: 2.6
Epoch [685/3000] | Sampled: 552.50 | Baseline: 719.91 | Improvement: 167.41 | Win Rate: 100.00% | Actor Loss: 1.3217 | Entropy: 2.8285 | Invalid S/B: 0.03/0.00 | Max Load: 21.3 | Load Gap: 2.8
Epoch [686/3000] | Sampled: 529.16 | Baseline: 714.19 | Improvement: 185.03 | Win Rate: 100.00% | Actor Loss: -5.8800 | Entropy: 2.8512 | Invalid S/B: 0.00/0.00 | Max Load: 21.1 | Load Gap: 2.2
Epoch [687/3000] | Sampled: 554.75 | Baseline: 714.75 | Improvement: 160.00 | Win Rate: 100.00% | Actor Loss: -1.1410 | Entropy: 2.8749 | Invalid S/B: 0.03/0.00 | Max Load: 21.2 | Load Gap: 2.4
Epoch [688/3000] | Sampled: 551.28 | Baseline: 722.88 | Improvement: 171.59 | Win Rate: 100.00% | Actor Loss: -0.1162 | Entropy: 2.8820 | Invalid S/B: 0.03/0.00 | Max Load: 21.0 | Load Gap: 2.1
Epoch [689/3000] | Sampled: 558.03 | Baseline: 719.88 | Improvement: 161.84 | Win Rate: 100.00% | Actor Loss: -0.6615 | Entropy: 2.8932 | Invalid S/B: 0.06/0.00 | Max Load: 21.1 | Load Gap: 2.2
Epoch [690/3000] | Sampled: 547.56 | Baseline: 716.62 | Improvement: 169.06 | Win Rate: 100.00% | Actor Loss: 0.1310 | Entropy: 2.9029 | Invalid S/B: 0.06/0.00 | Max Load: 21.1 | Load Gap: 2.2
Epoch [691/3000] | Sampled: 547.62 | Baseline: 715.03 | Improvement: 167.41 | Win Rate: 100.00% | Actor Loss: 3.7364 | Entropy: 2.9126 | Invalid S/B: 0.00/0.00 | Max Load: 20.9 | Load Gap: 1.8
Epoch [692/3000] | Sampled: 536.91 | Baseline: 719.31 | Improvement: 182.41 | Win Rate: 100.00% | Actor Loss: -3.2159 | Entropy: 2.9318 | Invalid S/B: 0.03/0.00 | Max Load: 20.8 | Load Gap: 1.6
Epoch [693/3000] | Sampled: 541.44 | Baseline: 710.62 | Improvement: 169.19 | Win Rate: 100.00% | Actor Loss: -3.3689 | Entropy: 2.9353 | Invalid S/B: 0.03/0.00 | Max Load: 20.9 | Load Gap: 1.8
Epoch [694/3000] | Sampled: 537.78 | Baseline: 714.19 | Improvement: 176.41 | Win Rate: 100.00% | Actor Loss: -0.0168 | Entropy: 2.9690 | Invalid S/B: 0.00/0.00 | Max Load: 20.9 | Load Gap: 1.8
Epoch [695/3000] | Sampled: 538.81 | Baseline: 714.62 | Improvement: 175.81 | Win Rate: 100.00% | Actor Loss: -4.3098 | Entropy: 2.9702 | Invalid S/B: 0.00/0.00 | Max Load: 20.9 | Load Gap: 1.9
Epoch [696/3000] | Sampled: 546.09 | Baseline: 718.25 | Improvement: 172.16 | Win Rate: 100.00% | Actor Loss: 0.2037 | Entropy: 2.9957 | Invalid S/B: 0.03/0.00 | Max Load: 21.0 | Load Gap: 1.8
Epoch [697/3000] | Sampled: 542.50 | Baseline: 716.25 | Improvement: 173.75 | Win Rate: 100.00% | Actor Loss: -2.0220 | Entropy: 2.9947 | Invalid S/B: 0.03/0.00 | Max Load: 20.9 | Load Gap: 1.9
Epoch [698/3000] | Sampled: 540.38 | Baseline: 723.69 | Improvement: 183.31 | Win Rate: 100.00% | Actor Loss: 0.8555 | Entropy: 2.9933 | Invalid S/B: 0.00/0.00 | Max Load: 20.8 | Load Gap: 1.8
Epoch [699/3000] | Sampled: 538.62 | Baseline: 720.69 | Improvement: 182.06 | Win Rate: 100.00% | Actor Loss: -2.5112 | Entropy: 3.0210 | Invalid S/B: 0.00/0.00 | Max Load: 21.1 | Load Gap: 2.1
Epoch [700/3000] | Sampled: 523.38 | Baseline: 717.97 | Improvement: 194.59 | Win Rate: 100.00% | Actor Loss: 4.7997 | Entropy: 3.0241 | Invalid S/B: 0.00/0.00 | Max Load: 20.8 | Load Gap: 1.6
   -> Validation | Samples: 50 | Makespan: 506.74 | Invalid Jobs: 0.00
   -> Saved updated training chart to /home/wei/AMR-DFJSP/Static_alogorithm/GNN/gnn_precise_training_metrics.png
Epoch [701/3000] | Sampled: 526.62 | Baseline: 710.56 | Improvement: 183.94 | Win Rate: 100.00% | Actor Loss: -0.4725 | Entropy: 3.0305 | Invalid S/B: 0.00/0.00 | Max Load: 20.9 | Load Gap: 1.8
Epoch [702/3000] | Sampled: 535.84 | Baseline: 717.44 | Improvement: 181.59 | Win Rate: 100.00% | Actor Loss: 1.2209 | Entropy: 3.0013 | Invalid S/B: 0.00/0.00 | Max Load: 20.9 | Load Gap: 1.8
Epoch [703/3000] | Sampled: 532.34 | Baseline: 717.56 | Improvement: 185.22 | Win Rate: 100.00% | Actor Loss: -0.4983 | Entropy: 2.9778 | Invalid S/B: 0.00/0.00 | Max Load: 20.9 | Load Gap: 1.7
Epoch [704/3000] | Sampled: 536.59 | Baseline: 717.22 | Improvement: 180.62 | Win Rate: 100.00% | Actor Loss: -0.1529 | Entropy: 2.9970 | Invalid S/B: 0.06/0.00 | Max Load: 21.2 | Load Gap: 2.3
Epoch [705/3000] | Sampled: 536.75 | Baseline: 717.88 | Improvement: 181.12 | Win Rate: 100.00% | Actor Loss: -1.5667 | Entropy: 2.9704 | Invalid S/B: 0.00/0.00 | Max Load: 21.0 | Load Gap: 2.0
Epoch [706/3000] | Sampled: 540.72 | Baseline: 713.50 | Improvement: 172.78 | Win Rate: 100.00% | Actor Loss: -2.6769 | Entropy: 2.9672 | Invalid S/B: 0.03/0.00 | Max Load: 21.2 | Load Gap: 2.6
Epoch [707/3000] | Sampled: 528.56 | Baseline: 714.62 | Improvement: 186.06 | Win Rate: 100.00% | Actor Loss: -2.0146 | Entropy: 2.9836 | Invalid S/B: 0.00/0.00 | Max Load: 21.1 | Load Gap: 2.2
Epoch [708/3000] | Sampled: 535.34 | Baseline: 715.06 | Improvement: 179.72 | Win Rate: 100.00% | Actor Loss: 2.9165 | Entropy: 2.9828 | Invalid S/B: 0.00/0.00 | Max Load: 21.2 | Load Gap: 2.6
Epoch [709/3000] | Sampled: 538.41 | Baseline: 719.91 | Improvement: 181.50 | Win Rate: 100.00% | Actor Loss: 8.9119 | Entropy: 2.9992 | Invalid S/B: 0.00/0.00 | Max Load: 21.2 | Load Gap: 2.3
Epoch [710/3000] | Sampled: 546.28 | Baseline: 722.72 | Improvement: 176.44 | Win Rate: 100.00% | Actor Loss: -2.2419 | Entropy: 2.9870 | Invalid S/B: 0.03/0.00 | Max Load: 20.8 | Load Gap: 1.6
Epoch [711/3000] | Sampled: 547.28 | Baseline: 719.59 | Improvement: 172.31 | Win Rate: 100.00% | Actor Loss: -3.1289 | Entropy: 2.9756 | Invalid S/B: 0.00/0.00 | Max Load: 21.3 | Load Gap: 2.8
Epoch [712/3000] | Sampled: 532.84 | Baseline: 721.03 | Improvement: 188.19 | Win Rate: 100.00% | Actor Loss: -0.0586 | Entropy: 2.9926 | Invalid S/B: 0.09/0.00 | Max Load: 21.1 | Load Gap: 2.1
Epoch [713/3000] | Sampled: 530.12 | Baseline: 717.16 | Improvement: 187.03 | Win Rate: 100.00% | Actor Loss: -1.7550 | Entropy: 2.9984 | Invalid S/B: 0.00/0.00 | Max Load: 21.2 | Load Gap: 2.3
Epoch [714/3000] | Sampled: 547.16 | Baseline: 721.22 | Improvement: 174.06 | Win Rate: 100.00% | Actor Loss: -5.0557 | Entropy: 3.0058 | Invalid S/B: 0.09/0.00 | Max Load: 21.0 | Load Gap: 2.0
Epoch [715/3000] | Sampled: 535.56 | Baseline: 714.97 | Improvement: 179.41 | Win Rate: 100.00% | Actor Loss: -3.1293 | Entropy: 2.9987 | Invalid S/B: 0.03/0.00 | Max Load: 20.9 | Load Gap: 1.8
Epoch [716/3000] | Sampled: 542.16 | Baseline: 719.19 | Improvement: 177.03 | Win Rate: 100.00% | Actor Loss: -1.3354 | Entropy: 3.0023 | Invalid S/B: 0.09/0.00 | Max Load: 20.8 | Load Gap: 1.8
Epoch [717/3000] | Sampled: 532.22 | Baseline: 719.81 | Improvement: 187.59 | Win Rate: 100.00% | Actor Loss: -5.4672 | Entropy: 2.9963 | Invalid S/B: 0.03/0.00 | Max Load: 20.8 | Load Gap: 1.7
Epoch [718/3000] | Sampled: 534.22 | Baseline: 722.94 | Improvement: 188.72 | Win Rate: 100.00% | Actor Loss: -0.7489 | Entropy: 2.9771 | Invalid S/B: 0.00/0.00 | Max Load: 20.8 | Load Gap: 1.5
Epoch [719/3000] | Sampled: 535.88 | Baseline: 715.84 | Improvement: 179.97 | Win Rate: 100.00% | Actor Loss: -0.3285 | Entropy: 2.9569 | Invalid S/B: 0.00/0.03 | Max Load: 20.8 | Load Gap: 1.5
Epoch [720/3000] | Sampled: 533.78 | Baseline: 716.66 | Improvement: 182.88 | Win Rate: 100.00% | Actor Loss: -3.0872 | Entropy: 2.9507 | Invalid S/B: 0.00/0.00 | Max Load: 20.8 | Load Gap: 1.6
Epoch [721/3000] | Sampled: 538.03 | Baseline: 717.53 | Improvement: 179.50 | Win Rate: 100.00% | Actor Loss: -3.4068 | Entropy: 2.9602 | Invalid S/B: 0.09/0.00 | Max Load: 20.8 | Load Gap: 1.5
Epoch [722/3000] | Sampled: 528.28 | Baseline: 722.38 | Improvement: 194.09 | Win Rate: 100.00% | Actor Loss: -0.7737 | Entropy: 2.9642 | Invalid S/B: 0.00/0.03 | Max Load: 20.8 | Load Gap: 1.5
Epoch [723/3000] | Sampled: 532.47 | Baseline: 718.28 | Improvement: 185.81 | Win Rate: 100.00% | Actor Loss: -2.2895 | Entropy: 2.9895 | Invalid S/B: 0.00/0.00 | Max Load: 21.0 | Load Gap: 2.0
Epoch [724/3000] | Sampled: 526.25 | Baseline: 715.75 | Improvement: 189.50 | Win Rate: 100.00% | Actor Loss: 1.5704 | Entropy: 2.9663 | Invalid S/B: 0.03/0.00 | Max Load: 21.0 | Load Gap: 2.0
Epoch [725/3000] | Sampled: 530.19 | Baseline: 718.03 | Improvement: 187.84 | Win Rate: 100.00% | Actor Loss: -1.3854 | Entropy: 2.9667 | Invalid S/B: 0.00/0.00 | Max Load: 21.0 | Load Gap: 2.0
Epoch [726/3000] | Sampled: 535.94 | Baseline: 718.72 | Improvement: 182.78 | Win Rate: 100.00% | Actor Loss: 1.1536 | Entropy: 2.9940 | Invalid S/B: 0.00/0.00 | Max Load: 21.0 | Load Gap: 2.0
Epoch [727/3000] | Sampled: 538.84 | Baseline: 721.69 | Improvement: 182.84 | Win Rate: 100.00% | Actor Loss: 1.0213 | Entropy: 2.9988 | Invalid S/B: 0.00/0.00 | Max Load: 21.0 | Load Gap: 2.0
Epoch [728/3000] | Sampled: 531.84 | Baseline: 714.62 | Improvement: 182.78 | Win Rate: 100.00% | Actor Loss: 1.6773 | Entropy: 2.9949 | Invalid S/B: 0.09/0.00 | Max Load: 20.8 | Load Gap: 1.7
Epoch [729/3000] | Sampled: 536.69 | Baseline: 716.28 | Improvement: 179.59 | Win Rate: 100.00% | Actor Loss: -2.5491 | Entropy: 3.0082 | Invalid S/B: 0.03/0.00 | Max Load: 20.9 | Load Gap: 1.7
Epoch [730/3000] | Sampled: 524.38 | Baseline: 714.09 | Improvement: 189.72 | Win Rate: 100.00% | Actor Loss: 0.7508 | Entropy: 3.0219 | Invalid S/B: 0.00/0.00 | Max Load: 20.8 | Load Gap: 1.7
Epoch [731/3000] | Sampled: 524.62 | Baseline: 714.56 | Improvement: 189.94 | Win Rate: 100.00% | Actor Loss: 0.4094 | Entropy: 3.0375 | Invalid S/B: 0.00/0.00 | Max Load: 21.0 | Load Gap: 1.9
Epoch [732/3000] | Sampled: 526.16 | Baseline: 714.34 | Improvement: 188.19 | Win Rate: 100.00% | Actor Loss: -0.8451 | Entropy: 3.0442 | Invalid S/B: 0.00/0.00 | Max Load: 21.0 | Load Gap: 1.9
Epoch [733/3000] | Sampled: 520.22 | Baseline: 717.44 | Improvement: 197.22 | Win Rate: 100.00% | Actor Loss: -1.9593 | Entropy: 3.0633 | Invalid S/B: 0.00/0.00 | Max Load: 20.8 | Load Gap: 1.6
Epoch [734/3000] | Sampled: 541.97 | Baseline: 722.94 | Improvement: 180.97 | Win Rate: 100.00% | Actor Loss: 0.7477 | Entropy: 3.0671 | Invalid S/B: 0.06/0.00 | Max Load: 20.8 | Load Gap: 1.7
Epoch [735/3000] | Sampled: 534.91 | Baseline: 710.75 | Improvement: 175.84 | Win Rate: 100.00% | Actor Loss: -4.3666 | Entropy: 3.0820 | Invalid S/B: 0.09/0.00 | Max Load: 20.8 | Load Gap: 1.5
Epoch [736/3000] | Sampled: 536.88 | Baseline: 719.34 | Improvement: 182.47 | Win Rate: 100.00% | Actor Loss: -0.8220 | Entropy: 3.0662 | Invalid S/B: 0.06/0.00 | Max Load: 20.7 | Load Gap: 1.3
Epoch [737/3000] | Sampled: 519.72 | Baseline: 719.44 | Improvement: 199.72 | Win Rate: 100.00% | Actor Loss: 0.8922 | Entropy: 3.0846 | Invalid S/B: 0.00/0.00 | Max Load: 20.8 | Load Gap: 1.6
Epoch [738/3000] | Sampled: 532.16 | Baseline: 723.19 | Improvement: 191.03 | Win Rate: 100.00% | Actor Loss: -4.1386 | Entropy: 3.0985 | Invalid S/B: 0.00/0.00 | Max Load: 20.7 | Load Gap: 1.2
Epoch [739/3000] | Sampled: 531.19 | Baseline: 718.03 | Improvement: 186.84 | Win Rate: 100.00% | Actor Loss: 2.1108 | Entropy: 3.0927 | Invalid S/B: 0.00/0.00 | Max Load: 20.7 | Load Gap: 1.5
Epoch [740/3000] | Sampled: 525.62 | Baseline: 717.03 | Improvement: 191.41 | Win Rate: 100.00% | Actor Loss: 4.3030 | Entropy: 3.0899 | Invalid S/B: 0.03/0.00 | Max Load: 20.7 | Load Gap: 1.3
Epoch [741/3000] | Sampled: 539.47 | Baseline: 719.19 | Improvement: 179.72 | Win Rate: 100.00% | Actor Loss: 5.1701 | Entropy: 3.0648 | Invalid S/B: 0.00/0.00 | Max Load: 20.8 | Load Gap: 1.6
Epoch [742/3000] | Sampled: 536.44 | Baseline: 720.72 | Improvement: 184.28 | Win Rate: 100.00% | Actor Loss: -1.8469 | Entropy: 3.0840 | Invalid S/B: 0.00/0.00 | Max Load: 20.8 | Load Gap: 1.7
Epoch [743/3000] | Sampled: 537.59 | Baseline: 711.28 | Improvement: 173.69 | Win Rate: 100.00% | Actor Loss: 0.2201 | Entropy: 3.0703 | Invalid S/B: 0.00/0.00 | Max Load: 21.1 | Load Gap: 2.1
Epoch [744/3000] | Sampled: 528.22 | Baseline: 713.81 | Improvement: 185.59 | Win Rate: 100.00% | Actor Loss: 0.3168 | Entropy: 3.0569 | Invalid S/B: 0.00/0.00 | Max Load: 21.2 | Load Gap: 2.4
Epoch [745/3000] | Sampled: 532.12 | Baseline: 711.50 | Improvement: 179.38 | Win Rate: 100.00% | Actor Loss: -5.4712 | Entropy: 3.0497 | Invalid S/B: 0.00/0.00 | Max Load: 21.0 | Load Gap: 2.1
Epoch [746/3000] | Sampled: 550.47 | Baseline: 716.28 | Improvement: 165.81 | Win Rate: 100.00% | Actor Loss: -2.0585 | Entropy: 3.0229 | Invalid S/B: 0.00/0.00 | Max Load: 21.2 | Load Gap: 2.4
Epoch [747/3000] | Sampled: 539.41 | Baseline: 714.56 | Improvement: 175.16 | Win Rate: 100.00% | Actor Loss: 0.6145 | Entropy: 3.0280 | Invalid S/B: 0.00/0.00 | Max Load: 21.3 | Load Gap: 2.7
Epoch [748/3000] | Sampled: 543.16 | Baseline: 717.22 | Improvement: 174.06 | Win Rate: 100.00% | Actor Loss: 5.7021 | Entropy: 3.0213 | Invalid S/B: 0.00/0.00 | Max Load: 21.3 | Load Gap: 2.7
Epoch [749/3000] | Sampled: 542.88 | Baseline: 711.81 | Improvement: 168.94 | Win Rate: 100.00% | Actor Loss: 3.8206 | Entropy: 2.9990 | Invalid S/B: 0.00/0.00 | Max Load: 21.0 | Load Gap: 2.1
Epoch [750/3000] | Sampled: 547.25 | Baseline: 718.12 | Improvement: 170.88 | Win Rate: 100.00% | Actor Loss: 2.8941 | Entropy: 2.9866 | Invalid S/B: 0.00/0.00 | Max Load: 21.3 | Load Gap: 2.7
   -> Validation | Samples: 50 | Makespan: 524.82 | Invalid Jobs: 0.00
Epoch [751/3000] | Sampled: 550.81 | Baseline: 721.00 | Improvement: 170.19 | Win Rate: 100.00% | Actor Loss: 1.5863 | Entropy: 3.0038 | Invalid S/B: 0.00/0.00 | Max Load: 21.4 | Load Gap: 2.8
Epoch [752/3000] | Sampled: 530.50 | Baseline: 717.16 | Improvement: 186.66 | Win Rate: 100.00% | Actor Loss: 0.0042 | Entropy: 3.0095 | Invalid S/B: 0.03/0.00 | Max Load: 21.3 | Load Gap: 2.6
Epoch [753/3000] | Sampled: 541.59 | Baseline: 715.47 | Improvement: 173.88 | Win Rate: 100.00% | Actor Loss: -3.4822 | Entropy: 3.0206 | Invalid S/B: 0.03/0.00 | Max Load: 21.1 | Load Gap: 2.2
Epoch [754/3000] | Sampled: 540.62 | Baseline: 716.00 | Improvement: 175.38 | Win Rate: 100.00% | Actor Loss: -1.8611 | Entropy: 3.0002 | Invalid S/B: 0.03/0.00 | Max Load: 21.1 | Load Gap: 2.4
Epoch [755/3000] | Sampled: 541.75 | Baseline: 720.34 | Improvement: 178.59 | Win Rate: 100.00% | Actor Loss: -2.4473 | Entropy: 3.0099 | Invalid S/B: 0.09/0.00 | Max Load: 21.3 | Load Gap: 2.8
Epoch [756/3000] | Sampled: 531.78 | Baseline: 721.88 | Improvement: 190.09 | Win Rate: 100.00% | Actor Loss: 4.1052 | Entropy: 2.9925 | Invalid S/B: 0.00/0.00 | Max Load: 21.1 | Load Gap: 2.3
Epoch [757/3000] | Sampled: 542.62 | Baseline: 718.12 | Improvement: 175.50 | Win Rate: 100.00% | Actor Loss: -1.8734 | Entropy: 2.9862 | Invalid S/B: 0.06/0.00 | Max Load: 21.2 | Load Gap: 2.4
Epoch [758/3000] | Sampled: 532.53 | Baseline: 718.69 | Improvement: 186.16 | Win Rate: 100.00% | Actor Loss: -0.0718 | Entropy: 2.9664 | Invalid S/B: 0.00/0.00 | Max Load: 21.2 | Load Gap: 2.5
Epoch [759/3000] | Sampled: 547.41 | Baseline: 718.97 | Improvement: 171.56 | Win Rate: 100.00% | Actor Loss: -2.9670 | Entropy: 2.9703 | Invalid S/B: 0.06/0.00 | Max Load: 21.4 | Load Gap: 2.8
Epoch [760/3000] | Sampled: 540.78 | Baseline: 722.50 | Improvement: 181.72 | Win Rate: 100.00% | Actor Loss: 0.1180 | Entropy: 2.9261 | Invalid S/B: 0.03/0.00 | Max Load: 21.1 | Load Gap: 2.3
Epoch [761/3000] | Sampled: 533.84 | Baseline: 712.38 | Improvement: 178.53 | Win Rate: 100.00% | Actor Loss: -2.1148 | Entropy: 2.9490 | Invalid S/B: 0.00/0.00 | Max Load: 21.2 | Load Gap: 2.5
Epoch [762/3000] | Sampled: 536.19 | Baseline: 711.62 | Improvement: 175.44 | Win Rate: 100.00% | Actor Loss: 1.0269 | Entropy: 2.8929 | Invalid S/B: 0.06/0.00 | Max Load: 21.1 | Load Gap: 2.2
Epoch [763/3000] | Sampled: 548.88 | Baseline: 721.34 | Improvement: 172.47 | Win Rate: 100.00% | Actor Loss: 0.7720 | Entropy: 2.8921 | Invalid S/B: 0.03/0.00 | Max Load: 21.2 | Load Gap: 2.3
Epoch [764/3000] | Sampled: 542.41 | Baseline: 715.00 | Improvement: 172.59 | Win Rate: 100.00% | Actor Loss: -2.0272 | Entropy: 2.8973 | Invalid S/B: 0.09/0.00 | Max Load: 21.2 | Load Gap: 2.3
Epoch [765/3000] | Sampled: 531.31 | Baseline: 714.84 | Improvement: 183.53 | Win Rate: 100.00% | Actor Loss: -0.9083 | Entropy: 2.8801 | Invalid S/B: 0.03/0.00 | Max Load: 21.2 | Load Gap: 2.2
Epoch [766/3000] | Sampled: 541.50 | Baseline: 719.75 | Improvement: 178.25 | Win Rate: 100.00% | Actor Loss: -1.8207 | Entropy: 2.8725 | Invalid S/B: 0.03/0.00 | Max Load: 21.2 | Load Gap: 2.3
Epoch [767/3000] | Sampled: 531.56 | Baseline: 722.53 | Improvement: 190.97 | Win Rate: 100.00% | Actor Loss: -5.4647 | Entropy: 2.8688 | Invalid S/B: 0.00/0.00 | Max Load: 21.0 | Load Gap: 2.0
Epoch [768/3000] | Sampled: 531.25 | Baseline: 713.66 | Improvement: 182.41 | Win Rate: 100.00% | Actor Loss: -3.2915 | Entropy: 2.8561 | Invalid S/B: 0.00/0.00 | Max Load: 20.9 | Load Gap: 2.0
Epoch [769/3000] | Sampled: 545.03 | Baseline: 719.44 | Improvement: 174.41 | Win Rate: 100.00% | Actor Loss: -1.8836 | Entropy: 2.8462 | Invalid S/B: 0.03/0.00 | Max Load: 21.0 | Load Gap: 2.0
Epoch [770/3000] | Sampled: 528.66 | Baseline: 720.66 | Improvement: 192.00 | Win Rate: 100.00% | Actor Loss: -0.3622 | Entropy: 2.8743 | Invalid S/B: 0.00/0.00 | Max Load: 20.8 | Load Gap: 1.7
Epoch [771/3000] | Sampled: 528.12 | Baseline: 718.50 | Improvement: 190.38 | Win Rate: 100.00% | Actor Loss: -1.9575 | Entropy: 2.8814 | Invalid S/B: 0.03/0.00 | Max Load: 21.2 | Load Gap: 2.2
Epoch [772/3000] | Sampled: 533.66 | Baseline: 719.66 | Improvement: 186.00 | Win Rate: 100.00% | Actor Loss: 2.5279 | Entropy: 2.8922 | Invalid S/B: 0.00/0.00 | Max Load: 21.1 | Load Gap: 2.1
Epoch [773/3000] | Sampled: 530.09 | Baseline: 719.78 | Improvement: 189.69 | Win Rate: 100.00% | Actor Loss: 1.1500 | Entropy: 2.8946 | Invalid S/B: 0.00/0.00 | Max Load: 20.9 | Load Gap: 1.9
Epoch [774/3000] | Sampled: 531.16 | Baseline: 717.50 | Improvement: 186.34 | Win Rate: 100.00% | Actor Loss: -1.7564 | Entropy: 2.9173 | Invalid S/B: 0.00/0.00 | Max Load: 21.1 | Load Gap: 2.1
Epoch [775/3000] | Sampled: 539.22 | Baseline: 720.84 | Improvement: 181.62 | Win Rate: 100.00% | Actor Loss: 1.0024 | Entropy: 2.9089 | Invalid S/B: 0.00/0.00 | Max Load: 21.0 | Load Gap: 1.9
Epoch [776/3000] | Sampled: 536.00 | Baseline: 713.53 | Improvement: 177.53 | Win Rate: 100.00% | Actor Loss: 5.0167 | Entropy: 2.9219 | Invalid S/B: 0.03/0.00 | Max Load: 20.8 | Load Gap: 1.7
Epoch [777/3000] | Sampled: 530.38 | Baseline: 715.41 | Improvement: 185.03 | Win Rate: 100.00% | Actor Loss: 1.0046 | Entropy: 2.9016 | Invalid S/B: 0.00/0.00 | Max Load: 21.0 | Load Gap: 2.0
Epoch [778/3000] | Sampled: 533.31 | Baseline: 719.75 | Improvement: 186.44 | Win Rate: 100.00% | Actor Loss: 0.4587 | Entropy: 2.9218 | Invalid S/B: 0.00/0.00 | Max Load: 21.0 | Load Gap: 2.0
Epoch [779/3000] | Sampled: 536.62 | Baseline: 721.16 | Improvement: 184.53 | Win Rate: 100.00% | Actor Loss: -0.7743 | Entropy: 2.9339 | Invalid S/B: 0.00/0.00 | Max Load: 20.9 | Load Gap: 1.8
Epoch [780/3000] | Sampled: 520.84 | Baseline: 721.09 | Improvement: 200.25 | Win Rate: 100.00% | Actor Loss: -3.8365 | Entropy: 2.9503 | Invalid S/B: 0.03/0.00 | Max Load: 21.0 | Load Gap: 2.0
Epoch [781/3000] | Sampled: 529.94 | Baseline: 722.41 | Improvement: 192.47 | Win Rate: 100.00% | Actor Loss: -4.0142 | Entropy: 2.9569 | Invalid S/B: 0.00/0.00 | Max Load: 21.1 | Load Gap: 2.1
Epoch [782/3000] | Sampled: 533.19 | Baseline: 716.69 | Improvement: 183.50 | Win Rate: 100.00% | Actor Loss: -0.9129 | Entropy: 2.9642 | Invalid S/B: 0.03/0.00 | Max Load: 21.0 | Load Gap: 2.0
Epoch [783/3000] | Sampled: 521.16 | Baseline: 715.59 | Improvement: 194.44 | Win Rate: 100.00% | Actor Loss: -2.9657 | Entropy: 2.9446 | Invalid S/B: 0.00/0.00 | Max Load: 21.1 | Load Gap: 2.1
Epoch [784/3000] | Sampled: 531.38 | Baseline: 721.38 | Improvement: 190.00 | Win Rate: 100.00% | Actor Loss: -1.3581 | Entropy: 2.9638 | Invalid S/B: 0.00/0.00 | Max Load: 20.8 | Load Gap: 1.8
Epoch [785/3000] | Sampled: 532.75 | Baseline: 718.91 | Improvement: 186.16 | Win Rate: 100.00% | Actor Loss: -2.2051 | Entropy: 2.9505 | Invalid S/B: 0.00/0.00 | Max Load: 21.1 | Load Gap: 2.3
Epoch [786/3000] | Sampled: 535.06 | Baseline: 714.78 | Improvement: 179.72 | Win Rate: 100.00% | Actor Loss: 1.3590 | Entropy: 2.9428 | Invalid S/B: 0.09/0.00 | Max Load: 20.9 | Load Gap: 1.8
Epoch [787/3000] | Sampled: 531.16 | Baseline: 709.91 | Improvement: 178.75 | Win Rate: 100.00% | Actor Loss: -2.4794 | Entropy: 2.9471 | Invalid S/B: 0.00/0.00 | Max Load: 21.1 | Load Gap: 2.2
Epoch [788/3000] | Sampled: 538.19 | Baseline: 721.16 | Improvement: 182.97 | Win Rate: 100.00% | Actor Loss: 0.4259 | Entropy: 2.9364 | Invalid S/B: 0.00/0.00 | Max Load: 20.9 | Load Gap: 1.8
Epoch [789/3000] | Sampled: 537.12 | Baseline: 718.84 | Improvement: 181.72 | Win Rate: 100.00% | Actor Loss: 4.9037 | Entropy: 2.9362 | Invalid S/B: 0.00/0.00 | Max Load: 21.1 | Load Gap: 2.2
Epoch [790/3000] | Sampled: 540.50 | Baseline: 717.44 | Improvement: 176.94 | Win Rate: 100.00% | Actor Loss: 0.6475 | Entropy: 2.9414 | Invalid S/B: 0.03/0.00 | Max Load: 21.1 | Load Gap: 2.2
Epoch [791/3000] | Sampled: 535.34 | Baseline: 715.78 | Improvement: 180.44 | Win Rate: 100.00% | Actor Loss: 3.5471 | Entropy: 2.9542 | Invalid S/B: 0.00/0.00 | Max Load: 20.8 | Load Gap: 1.6
Epoch [792/3000] | Sampled: 535.25 | Baseline: 719.09 | Improvement: 183.84 | Win Rate: 100.00% | Actor Loss: 7.3704 | Entropy: 2.9481 | Invalid S/B: 0.00/0.03 | Max Load: 20.9 | Load Gap: 1.8
Epoch [793/3000] | Sampled: 531.16 | Baseline: 716.34 | Improvement: 185.19 | Win Rate: 100.00% | Actor Loss: 6.6865 | Entropy: 2.9541 | Invalid S/B: 0.00/0.00 | Max Load: 20.8 | Load Gap: 1.7
Epoch [794/3000] | Sampled: 543.03 | Baseline: 718.28 | Improvement: 175.25 | Win Rate: 100.00% | Actor Loss: 4.9576 | Entropy: 2.9889 | Invalid S/B: 0.00/0.00 | Max Load: 21.1 | Load Gap: 2.1
Epoch [795/3000] | Sampled: 535.84 | Baseline: 719.44 | Improvement: 183.59 | Win Rate: 100.00% | Actor Loss: 2.0013 | Entropy: 3.0007 | Invalid S/B: 0.03/0.00 | Max Load: 20.9 | Load Gap: 1.8
Epoch [796/3000] | Sampled: 532.88 | Baseline: 716.31 | Improvement: 183.44 | Win Rate: 100.00% | Actor Loss: 0.3888 | Entropy: 3.0255 | Invalid S/B: 0.03/0.00 | Max Load: 21.1 | Load Gap: 2.1
Epoch [797/3000] | Sampled: 524.50 | Baseline: 720.44 | Improvement: 195.94 | Win Rate: 100.00% | Actor Loss: -1.7692 | Entropy: 3.0319 | Invalid S/B: 0.00/0.00 | Max Load: 20.8 | Load Gap: 1.7
Epoch [798/3000] | Sampled: 528.97 | Baseline: 714.03 | Improvement: 185.06 | Win Rate: 100.00% | Actor Loss: -3.9425 | Entropy: 3.0444 | Invalid S/B: 0.03/0.00 | Max Load: 20.8 | Load Gap: 1.5
Epoch [799/3000] | Sampled: 523.91 | Baseline: 716.22 | Improvement: 192.31 | Win Rate: 100.00% | Actor Loss: -0.1747 | Entropy: 3.0471 | Invalid S/B: 0.00/0.00 | Max Load: 20.9 | Load Gap: 1.9
Epoch [800/3000] | Sampled: 530.66 | Baseline: 721.53 | Improvement: 190.88 | Win Rate: 100.00% | Actor Loss: -1.9821 | Entropy: 3.0456 | Invalid S/B: 0.00/0.03 | Max Load: 20.9 | Load Gap: 1.9
   -> Validation | Samples: 50 | Makespan: 513.20 | Invalid Jobs: 0.04
   -> Saved updated training chart to /home/wei/AMR-DFJSP/Static_alogorithm/GNN/gnn_precise_training_metrics.png
Epoch [801/3000] | Sampled: 536.69 | Baseline: 722.28 | Improvement: 185.59 | Win Rate: 100.00% | Actor Loss: 1.9887 | Entropy: 3.0667 | Invalid S/B: 0.06/0.00 | Max Load: 21.0 | Load Gap: 2.0
Epoch [802/3000] | Sampled: 534.09 | Baseline: 721.31 | Improvement: 187.22 | Win Rate: 100.00% | Actor Loss: -3.6720 | Entropy: 3.0701 | Invalid S/B: 0.00/0.00 | Max Load: 20.7 | Load Gap: 1.4
Epoch [803/3000] | Sampled: 533.66 | Baseline: 714.31 | Improvement: 180.66 | Win Rate: 100.00% | Actor Loss: -2.5489 | Entropy: 3.0661 | Invalid S/B: 0.03/0.00 | Max Load: 20.8 | Load Gap: 1.7
Epoch [804/3000] | Sampled: 535.72 | Baseline: 720.00 | Improvement: 184.28 | Win Rate: 100.00% | Actor Loss: 2.6775 | Entropy: 3.0373 | Invalid S/B: 0.03/0.00 | Max Load: 21.0 | Load Gap: 2.1
Epoch [805/3000] | Sampled: 537.12 | Baseline: 722.12 | Improvement: 185.00 | Win Rate: 100.00% | Actor Loss: -0.6020 | Entropy: 3.0568 | Invalid S/B: 0.00/0.00 | Max Load: 20.7 | Load Gap: 1.5
Epoch [806/3000] | Sampled: 544.78 | Baseline: 720.41 | Improvement: 175.62 | Win Rate: 100.00% | Actor Loss: -0.7492 | Entropy: 3.0417 | Invalid S/B: 0.03/0.00 | Max Load: 20.7 | Load Gap: 1.3
Epoch [807/3000] | Sampled: 534.34 | Baseline: 720.16 | Improvement: 185.81 | Win Rate: 100.00% | Actor Loss: -0.8175 | Entropy: 3.0687 | Invalid S/B: 0.09/0.00 | Max Load: 20.9 | Load Gap: 1.8
Epoch [808/3000] | Sampled: 531.06 | Baseline: 720.81 | Improvement: 189.75 | Win Rate: 100.00% | Actor Loss: -0.4535 | Entropy: 3.0671 | Invalid S/B: 0.00/0.00 | Max Load: 20.9 | Load Gap: 1.8
Epoch [809/3000] | Sampled: 529.25 | Baseline: 720.44 | Improvement: 191.19 | Win Rate: 100.00% | Actor Loss: 0.5850 | Entropy: 3.0735 | Invalid S/B: 0.00/0.00 | Max Load: 21.1 | Load Gap: 2.0
Epoch [810/3000] | Sampled: 534.97 | Baseline: 719.38 | Improvement: 184.41 | Win Rate: 100.00% | Actor Loss: -0.7192 | Entropy: 3.0551 | Invalid S/B: 0.06/0.00 | Max Load: 20.9 | Load Gap: 1.8
Epoch [811/3000] | Sampled: 538.12 | Baseline: 718.50 | Improvement: 180.38 | Win Rate: 100.00% | Actor Loss: 3.6396 | Entropy: 3.0475 | Invalid S/B: 0.03/0.00 | Max Load: 21.2 | Load Gap: 2.4
Epoch [812/3000] | Sampled: 531.62 | Baseline: 717.12 | Improvement: 185.50 | Win Rate: 100.00% | Actor Loss: 1.7445 | Entropy: 3.0645 | Invalid S/B: 0.00/0.03 | Max Load: 20.9 | Load Gap: 1.9
Epoch [813/3000] | Sampled: 529.94 | Baseline: 719.03 | Improvement: 189.09 | Win Rate: 100.00% | Actor Loss: -2.7675 | Entropy: 3.0716 | Invalid S/B: 0.06/0.00 | Max Load: 21.2 | Load Gap: 2.3
Epoch [814/3000] | Sampled: 538.62 | Baseline: 717.78 | Improvement: 179.16 | Win Rate: 100.00% | Actor Loss: -0.3065 | Entropy: 3.0726 | Invalid S/B: 0.03/0.00 | Max Load: 21.0 | Load Gap: 1.9
Epoch [815/3000] | Sampled: 537.22 | Baseline: 718.72 | Improvement: 181.50 | Win Rate: 100.00% | Actor Loss: -4.8780 | Entropy: 3.0625 | Invalid S/B: 0.00/0.00 | Max Load: 20.9 | Load Gap: 2.0
Epoch [816/3000] | Sampled: 533.25 | Baseline: 718.75 | Improvement: 185.50 | Win Rate: 100.00% | Actor Loss: -0.8984 | Entropy: 3.0652 | Invalid S/B: 0.00/0.00 | Max Load: 21.1 | Load Gap: 2.1
Epoch [817/3000] | Sampled: 537.03 | Baseline: 720.41 | Improvement: 183.38 | Win Rate: 100.00% | Actor Loss: -1.3166 | Entropy: 3.0868 | Invalid S/B: 0.03/0.00 | Max Load: 21.0 | Load Gap: 2.0
Epoch [818/3000] | Sampled: 544.03 | Baseline: 717.62 | Improvement: 173.59 | Win Rate: 100.00% | Actor Loss: 1.2267 | Entropy: 3.0516 | Invalid S/B: 0.03/0.00 | Max Load: 20.9 | Load Gap: 1.8
Epoch [819/3000] | Sampled: 530.25 | Baseline: 721.44 | Improvement: 191.19 | Win Rate: 100.00% | Actor Loss: 4.0083 | Entropy: 3.0698 | Invalid S/B: 0.03/0.00 | Max Load: 21.1 | Load Gap: 2.0
Epoch [820/3000] | Sampled: 532.84 | Baseline: 716.81 | Improvement: 183.97 | Win Rate: 100.00% | Actor Loss: 5.2725 | Entropy: 3.0735 | Invalid S/B: 0.03/0.00 | Max Load: 20.7 | Load Gap: 1.4
Epoch [821/3000] | Sampled: 525.06 | Baseline: 712.66 | Improvement: 187.59 | Win Rate: 100.00% | Actor Loss: 4.0598 | Entropy: 3.0763 | Invalid S/B: 0.03/0.00 | Max Load: 20.8 | Load Gap: 1.6
Epoch [822/3000] | Sampled: 530.81 | Baseline: 719.97 | Improvement: 189.16 | Win Rate: 100.00% | Actor Loss: 0.4990 | Entropy: 3.1019 | Invalid S/B: 0.06/0.00 | Max Load: 20.7 | Load Gap: 1.5
Epoch [823/3000] | Sampled: 531.47 | Baseline: 720.84 | Improvement: 189.38 | Win Rate: 100.00% | Actor Loss: -1.1792 | Entropy: 3.0934 | Invalid S/B: 0.00/0.00 | Max Load: 20.8 | Load Gap: 1.7
Epoch [824/3000] | Sampled: 524.88 | Baseline: 721.84 | Improvement: 196.97 | Win Rate: 100.00% | Actor Loss: -0.4639 | Entropy: 3.0745 | Invalid S/B: 0.03/0.00 | Max Load: 20.9 | Load Gap: 1.8
Epoch [825/3000] | Sampled: 526.84 | Baseline: 715.53 | Improvement: 188.69 | Win Rate: 100.00% | Actor Loss: -3.4015 | Entropy: 3.0681 | Invalid S/B: 0.00/0.00 | Max Load: 20.9 | Load Gap: 1.7
Epoch [826/3000] | Sampled: 522.03 | Baseline: 715.66 | Improvement: 193.62 | Win Rate: 100.00% | Actor Loss: -1.6919 | Entropy: 3.0863 | Invalid S/B: 0.00/0.00 | Max Load: 20.9 | Load Gap: 1.6
Epoch [827/3000] | Sampled: 525.19 | Baseline: 721.28 | Improvement: 196.09 | Win Rate: 100.00% | Actor Loss: 3.3745 | Entropy: 3.0654 | Invalid S/B: 0.00/0.00 | Max Load: 20.9 | Load Gap: 1.9
Epoch [828/3000] | Sampled: 519.94 | Baseline: 715.81 | Improvement: 195.88 | Win Rate: 100.00% | Actor Loss: -6.1759 | Entropy: 3.0581 | Invalid S/B: 0.00/0.00 | Max Load: 20.8 | Load Gap: 1.5
Epoch [829/3000] | Sampled: 523.56 | Baseline: 711.75 | Improvement: 188.19 | Win Rate: 100.00% | Actor Loss: -4.1841 | Entropy: 3.0405 | Invalid S/B: 0.06/0.00 | Max Load: 20.9 | Load Gap: 1.9
Epoch [830/3000] | Sampled: 531.06 | Baseline: 716.78 | Improvement: 185.72 | Win Rate: 100.00% | Actor Loss: 2.8439 | Entropy: 3.0444 | Invalid S/B: 0.03/0.00 | Max Load: 21.0 | Load Gap: 1.9
Epoch [831/3000] | Sampled: 517.75 | Baseline: 717.88 | Improvement: 200.12 | Win Rate: 100.00% | Actor Loss: 1.3345 | Entropy: 3.0326 | Invalid S/B: 0.00/0.00 | Max Load: 21.0 | Load Gap: 2.0
Epoch [832/3000] | Sampled: 530.66 | Baseline: 717.09 | Improvement: 186.44 | Win Rate: 100.00% | Actor Loss: -0.6137 | Entropy: 3.0068 | Invalid S/B: 0.00/0.00 | Max Load: 21.2 | Load Gap: 2.2
Epoch [833/3000] | Sampled: 540.59 | Baseline: 720.50 | Improvement: 179.91 | Win Rate: 100.00% | Actor Loss: 4.6371 | Entropy: 3.0320 | Invalid S/B: 0.03/0.00 | Max Load: 21.2 | Load Gap: 2.3
Epoch [834/3000] | Sampled: 543.00 | Baseline: 720.09 | Improvement: 177.09 | Win Rate: 100.00% | Actor Loss: 0.0918 | Entropy: 3.0106 | Invalid S/B: 0.06/0.00 | Max Load: 21.0 | Load Gap: 2.0
Epoch [835/3000] | Sampled: 529.97 | Baseline: 715.69 | Improvement: 185.72 | Win Rate: 100.00% | Actor Loss: -2.8670 | Entropy: 3.0137 | Invalid S/B: 0.00/0.00 | Max Load: 21.0 | Load Gap: 2.1
Epoch [836/3000] | Sampled: 535.09 | Baseline: 722.09 | Improvement: 187.00 | Win Rate: 100.00% | Actor Loss: 2.4295 | Entropy: 2.9900 | Invalid S/B: 0.03/0.00 | Max Load: 21.1 | Load Gap: 2.0
Epoch [837/3000] | Sampled: 536.47 | Baseline: 720.66 | Improvement: 184.19 | Win Rate: 100.00% | Actor Loss: 3.3420 | Entropy: 2.9800 | Invalid S/B: 0.00/0.00 | Max Load: 21.1 | Load Gap: 2.1
Epoch [838/3000] | Sampled: 546.09 | Baseline: 721.22 | Improvement: 175.12 | Win Rate: 100.00% | Actor Loss: -0.6697 | Entropy: 2.9778 | Invalid S/B: 0.06/0.00 | Max Load: 21.1 | Load Gap: 2.3
Epoch [839/3000] | Sampled: 536.25 | Baseline: 716.53 | Improvement: 180.28 | Win Rate: 100.00% | Actor Loss: 1.4210 | Entropy: 2.9906 | Invalid S/B: 0.00/0.00 | Max Load: 21.1 | Load Gap: 2.2
Epoch [840/3000] | Sampled: 545.56 | Baseline: 721.03 | Improvement: 175.47 | Win Rate: 100.00% | Actor Loss: 3.4936 | Entropy: 2.9542 | Invalid S/B: 0.00/0.00 | Max Load: 21.0 | Load Gap: 1.9
Epoch [841/3000] | Sampled: 548.56 | Baseline: 718.81 | Improvement: 170.25 | Win Rate: 100.00% | Actor Loss: -3.2423 | Entropy: 2.9204 | Invalid S/B: 0.03/0.00 | Max Load: 21.3 | Load Gap: 2.5
Epoch [842/3000] | Sampled: 542.66 | Baseline: 717.56 | Improvement: 174.91 | Win Rate: 100.00% | Actor Loss: -5.4627 | Entropy: 2.9315 | Invalid S/B: 0.00/0.00 | Max Load: 21.1 | Load Gap: 2.3
Epoch [843/3000] | Sampled: 536.38 | Baseline: 714.38 | Improvement: 178.00 | Win Rate: 100.00% | Actor Loss: 1.9851 | Entropy: 2.9160 | Invalid S/B: 0.00/0.00 | Max Load: 21.1 | Load Gap: 2.2
Epoch [844/3000] | Sampled: 532.41 | Baseline: 714.09 | Improvement: 181.69 | Win Rate: 100.00% | Actor Loss: 3.6074 | Entropy: 2.9405 | Invalid S/B: 0.00/0.00 | Max Load: 21.2 | Load Gap: 2.5
Epoch [845/3000] | Sampled: 556.94 | Baseline: 716.62 | Improvement: 159.69 | Win Rate: 100.00% | Actor Loss: 2.8414 | Entropy: 2.8869 | Invalid S/B: 0.00/0.00 | Max Load: 21.2 | Load Gap: 2.3
Epoch [846/3000] | Sampled: 545.69 | Baseline: 722.38 | Improvement: 176.69 | Win Rate: 100.00% | Actor Loss: 5.4756 | Entropy: 2.9009 | Invalid S/B: 0.00/0.00 | Max Load: 21.2 | Load Gap: 2.3
Epoch [847/3000] | Sampled: 544.62 | Baseline: 713.03 | Improvement: 168.41 | Win Rate: 100.00% | Actor Loss: 2.3538 | Entropy: 2.8978 | Invalid S/B: 0.00/0.00 | Max Load: 21.2 | Load Gap: 2.4
Epoch [848/3000] | Sampled: 545.75 | Baseline: 714.44 | Improvement: 168.69 | Win Rate: 100.00% | Actor Loss: 5.8459 | Entropy: 2.8948 | Invalid S/B: 0.00/0.00 | Max Load: 21.1 | Load Gap: 2.2
Epoch [849/3000] | Sampled: 535.53 | Baseline: 717.97 | Improvement: 182.44 | Win Rate: 100.00% | Actor Loss: -2.6682 | Entropy: 2.9208 | Invalid S/B: 0.00/0.00 | Max Load: 21.1 | Load Gap: 2.3
Epoch [850/3000] | Sampled: 545.72 | Baseline: 714.88 | Improvement: 169.16 | Win Rate: 100.00% | Actor Loss: 6.2403 | Entropy: 2.9145 | Invalid S/B: 0.00/0.00 | Max Load: 21.2 | Load Gap: 2.3
   -> Validation | Samples: 50 | Makespan: 524.00 | Invalid Jobs: 0.00
Epoch [851/3000] | Sampled: 543.47 | Baseline: 718.06 | Improvement: 174.59 | Win Rate: 100.00% | Actor Loss: -0.4773 | Entropy: 2.9019 | Invalid S/B: 0.00/0.00 | Max Load: 21.0 | Load Gap: 2.1
Epoch [852/3000] | Sampled: 544.53 | Baseline: 719.66 | Improvement: 175.12 | Win Rate: 100.00% | Actor Loss: 2.7793 | Entropy: 2.9165 | Invalid S/B: 0.00/0.00 | Max Load: 21.3 | Load Gap: 2.8
Epoch [853/3000] | Sampled: 548.41 | Baseline: 713.91 | Improvement: 165.50 | Win Rate: 100.00% | Actor Loss: 1.4788 | Entropy: 2.8736 | Invalid S/B: 0.00/0.00 | Max Load: 21.2 | Load Gap: 2.4
Epoch [854/3000] | Sampled: 540.03 | Baseline: 721.09 | Improvement: 181.06 | Win Rate: 100.00% | Actor Loss: -3.1144 | Entropy: 2.8767 | Invalid S/B: 0.00/0.00 | Max Load: 21.4 | Load Gap: 2.8
Epoch [855/3000] | Sampled: 537.31 | Baseline: 715.72 | Improvement: 178.41 | Win Rate: 100.00% | Actor Loss: -6.3686 | Entropy: 2.8580 | Invalid S/B: 0.03/0.00 | Max Load: 21.1 | Load Gap: 2.1
Epoch [856/3000] | Sampled: 535.34 | Baseline: 715.47 | Improvement: 180.12 | Win Rate: 100.00% | Actor Loss: -6.6990 | Entropy: 2.8563 | Invalid S/B: 0.00/0.00 | Max Load: 21.1 | Load Gap: 2.3
Epoch [857/3000] | Sampled: 536.81 | Baseline: 715.44 | Improvement: 178.62 | Win Rate: 100.00% | Actor Loss: -5.4201 | Entropy: 2.8425 | Invalid S/B: 0.03/0.00 | Max Load: 21.1 | Load Gap: 2.3
Epoch [858/3000] | Sampled: 540.91 | Baseline: 714.97 | Improvement: 174.06 | Win Rate: 100.00% | Actor Loss: -3.9882 | Entropy: 2.8510 | Invalid S/B: 0.06/0.00 | Max Load: 20.9 | Load Gap: 1.9
Epoch [859/3000] | Sampled: 547.72 | Baseline: 724.34 | Improvement: 176.62 | Win Rate: 100.00% | Actor Loss: 2.0190 | Entropy: 2.8393 | Invalid S/B: 0.00/0.00 | Max Load: 21.1 | Load Gap: 2.3
Epoch [860/3000] | Sampled: 542.72 | Baseline: 721.28 | Improvement: 178.56 | Win Rate: 100.00% | Actor Loss: -0.8644 | Entropy: 2.8488 | Invalid S/B: 0.03/0.00 | Max Load: 21.3 | Load Gap: 2.8
Epoch [861/3000] | Sampled: 542.75 | Baseline: 715.00 | Improvement: 172.25 | Win Rate: 100.00% | Actor Loss: 4.7591 | Entropy: 2.8410 | Invalid S/B: 0.00/0.00 | Max Load: 21.1 | Load Gap: 2.3
Epoch [862/3000] | Sampled: 539.84 | Baseline: 713.44 | Improvement: 173.59 | Win Rate: 100.00% | Actor Loss: 8.2206 | Entropy: 2.8635 | Invalid S/B: 0.03/0.00 | Max Load: 21.1 | Load Gap: 2.2
Epoch [863/3000] | Sampled: 544.03 | Baseline: 711.75 | Improvement: 167.72 | Win Rate: 100.00% | Actor Loss: 4.5648 | Entropy: 2.8817 | Invalid S/B: 0.03/0.00 | Max Load: 21.1 | Load Gap: 2.2
Epoch [864/3000] | Sampled: 533.22 | Baseline: 716.72 | Improvement: 183.50 | Win Rate: 100.00% | Actor Loss: 6.4792 | Entropy: 2.9205 | Invalid S/B: 0.00/0.00 | Max Load: 21.3 | Load Gap: 2.6
Epoch [865/3000] | Sampled: 534.19 | Baseline: 714.03 | Improvement: 179.84 | Win Rate: 100.00% | Actor Loss: 0.3057 | Entropy: 2.9159 | Invalid S/B: 0.00/0.00 | Max Load: 20.8 | Load Gap: 1.5
Epoch [866/3000] | Sampled: 533.78 | Baseline: 716.88 | Improvement: 183.09 | Win Rate: 100.00% | Actor Loss: -6.9664 | Entropy: 2.8980 | Invalid S/B: 0.00/0.00 | Max Load: 21.0 | Load Gap: 2.1
Epoch [867/3000] | Sampled: 526.75 | Baseline: 718.75 | Improvement: 192.00 | Win Rate: 100.00% | Actor Loss: -3.5332 | Entropy: 2.9154 | Invalid S/B: 0.00/0.00 | Max Load: 21.1 | Load Gap: 2.2
Epoch [868/3000] | Sampled: 532.44 | Baseline: 719.56 | Improvement: 187.12 | Win Rate: 100.00% | Actor Loss: -1.0780 | Entropy: 2.9218 | Invalid S/B: 0.00/0.00 | Max Load: 21.1 | Load Gap: 2.2
Epoch [869/3000] | Sampled: 535.28 | Baseline: 720.72 | Improvement: 185.44 | Win Rate: 100.00% | Actor Loss: -0.3025 | Entropy: 2.8996 | Invalid S/B: 0.00/0.00 | Max Load: 21.2 | Load Gap: 2.3
Epoch [870/3000] | Sampled: 536.50 | Baseline: 718.16 | Improvement: 181.66 | Win Rate: 100.00% | Actor Loss: -2.7427 | Entropy: 2.9366 | Invalid S/B: 0.00/0.00 | Max Load: 21.2 | Load Gap: 2.2
Epoch [871/3000] | Sampled: 528.09 | Baseline: 716.06 | Improvement: 187.97 | Win Rate: 100.00% | Actor Loss: 0.2369 | Entropy: 2.9233 | Invalid S/B: 0.00/0.00 | Max Load: 21.2 | Load Gap: 2.2
Epoch [872/3000] | Sampled: 529.50 | Baseline: 716.62 | Improvement: 187.12 | Win Rate: 100.00% | Actor Loss: -1.6192 | Entropy: 2.9129 | Invalid S/B: 0.00/0.00 | Max Load: 21.2 | Load Gap: 2.6
Epoch [873/3000] | Sampled: 531.19 | Baseline: 716.34 | Improvement: 185.16 | Win Rate: 100.00% | Actor Loss: 2.1820 | Entropy: 2.9193 | Invalid S/B: 0.00/0.00 | Max Load: 21.1 | Load Gap: 2.2
Epoch [874/3000] | Sampled: 542.66 | Baseline: 720.91 | Improvement: 178.25 | Win Rate: 100.00% | Actor Loss: 1.3799 | Entropy: 2.9098 | Invalid S/B: 0.03/0.00 | Max Load: 21.0 | Load Gap: 2.0
Epoch [875/3000] | Sampled: 535.19 | Baseline: 718.91 | Improvement: 183.72 | Win Rate: 100.00% | Actor Loss: -0.4124 | Entropy: 2.9123 | Invalid S/B: 0.06/0.00 | Max Load: 21.1 | Load Gap: 2.1
Epoch [876/3000] | Sampled: 540.00 | Baseline: 719.34 | Improvement: 179.34 | Win Rate: 100.00% | Actor Loss: -1.5086 | Entropy: 2.9042 | Invalid S/B: 0.00/0.00 | Max Load: 21.2 | Load Gap: 2.3
Epoch [877/3000] | Sampled: 530.69 | Baseline: 712.09 | Improvement: 181.41 | Win Rate: 100.00% | Actor Loss: -4.8008 | Entropy: 2.9043 | Invalid S/B: 0.03/0.00 | Max Load: 20.9 | Load Gap: 1.8
Epoch [878/3000] | Sampled: 532.69 | Baseline: 718.97 | Improvement: 186.28 | Win Rate: 100.00% | Actor Loss: 2.6376 | Entropy: 2.9141 | Invalid S/B: 0.03/0.00 | Max Load: 21.1 | Load Gap: 2.2
Epoch [879/3000] | Sampled: 530.16 | Baseline: 722.81 | Improvement: 192.66 | Win Rate: 100.00% | Actor Loss: 2.1112 | Entropy: 2.9238 | Invalid S/B: 0.00/0.00 | Max Load: 21.1 | Load Gap: 2.2
Epoch [880/3000] | Sampled: 527.44 | Baseline: 712.56 | Improvement: 185.12 | Win Rate: 100.00% | Actor Loss: 0.9771 | Entropy: 2.9068 | Invalid S/B: 0.06/0.00 | Max Load: 21.0 | Load Gap: 1.9
Epoch [881/3000] | Sampled: 524.12 | Baseline: 718.03 | Improvement: 193.91 | Win Rate: 100.00% | Actor Loss: -2.0014 | Entropy: 2.9063 | Invalid S/B: 0.00/0.00 | Max Load: 20.9 | Load Gap: 1.8
Epoch [882/3000] | Sampled: 528.59 | Baseline: 725.44 | Improvement: 196.84 | Win Rate: 100.00% | Actor Loss: -1.7651 | Entropy: 2.9159 | Invalid S/B: 0.00/0.00 | Max Load: 21.1 | Load Gap: 2.2
Epoch [883/3000] | Sampled: 528.41 | Baseline: 716.97 | Improvement: 188.56 | Win Rate: 100.00% | Actor Loss: 6.4324 | Entropy: 2.8956 | Invalid S/B: 0.03/0.00 | Max Load: 20.9 | Load Gap: 1.8
Epoch [884/3000] | Sampled: 515.50 | Baseline: 717.66 | Improvement: 202.16 | Win Rate: 100.00% | Actor Loss: 1.3044 | Entropy: 2.9074 | Invalid S/B: 0.03/0.00 | Max Load: 20.9 | Load Gap: 1.8
Epoch [885/3000] | Sampled: 521.84 | Baseline: 717.31 | Improvement: 195.47 | Win Rate: 100.00% | Actor Loss: -1.9346 | Entropy: 2.9219 | Invalid S/B: 0.00/0.00 | Max Load: 20.9 | Load Gap: 1.8
Epoch [886/3000] | Sampled: 528.31 | Baseline: 721.41 | Improvement: 193.09 | Win Rate: 100.00% | Actor Loss: 0.7196 | Entropy: 2.9233 | Invalid S/B: 0.00/0.00 | Max Load: 21.0 | Load Gap: 2.0
Epoch [887/3000] | Sampled: 529.94 | Baseline: 725.00 | Improvement: 195.06 | Win Rate: 100.00% | Actor Loss: -3.3508 | Entropy: 2.9232 | Invalid S/B: 0.00/0.03 | Max Load: 20.9 | Load Gap: 1.8
Epoch [888/3000] | Sampled: 526.03 | Baseline: 710.50 | Improvement: 184.47 | Win Rate: 100.00% | Actor Loss: -3.6593 | Entropy: 2.9255 | Invalid S/B: 0.00/0.00 | Max Load: 20.9 | Load Gap: 1.7
Epoch [889/3000] | Sampled: 517.94 | Baseline: 715.78 | Improvement: 197.84 | Win Rate: 100.00% | Actor Loss: -0.2648 | Entropy: 2.9544 | Invalid S/B: 0.00/0.00 | Max Load: 20.9 | Load Gap: 1.8
Epoch [890/3000] | Sampled: 530.22 | Baseline: 718.06 | Improvement: 187.84 | Win Rate: 100.00% | Actor Loss: -6.3946 | Entropy: 2.9655 | Invalid S/B: 0.03/0.00 | Max Load: 20.9 | Load Gap: 1.8
Epoch [891/3000] | Sampled: 519.84 | Baseline: 717.50 | Improvement: 197.66 | Win Rate: 100.00% | Actor Loss: -1.2257 | Entropy: 2.9479 | Invalid S/B: 0.00/0.00 | Max Load: 20.8 | Load Gap: 1.5
Epoch [892/3000] | Sampled: 521.97 | Baseline: 716.00 | Improvement: 194.03 | Win Rate: 100.00% | Actor Loss: -2.0757 | Entropy: 2.9608 | Invalid S/B: 0.06/0.00 | Max Load: 20.8 | Load Gap: 1.7
Epoch [893/3000] | Sampled: 531.12 | Baseline: 716.59 | Improvement: 185.47 | Win Rate: 100.00% | Actor Loss: 1.6552 | Entropy: 2.9565 | Invalid S/B: 0.06/0.00 | Max Load: 20.9 | Load Gap: 1.8
Epoch [894/3000] | Sampled: 522.22 | Baseline: 721.28 | Improvement: 199.06 | Win Rate: 100.00% | Actor Loss: -1.4432 | Entropy: 2.9757 | Invalid S/B: 0.03/0.00 | Max Load: 20.9 | Load Gap: 1.8
Epoch [895/3000] | Sampled: 521.50 | Baseline: 715.81 | Improvement: 194.31 | Win Rate: 100.00% | Actor Loss: 0.1360 | Entropy: 2.9665 | Invalid S/B: 0.00/0.00 | Max Load: 20.9 | Load Gap: 1.9
Epoch [896/3000] | Sampled: 527.69 | Baseline: 717.59 | Improvement: 189.91 | Win Rate: 100.00% | Actor Loss: 1.0389 | Entropy: 2.9707 | Invalid S/B: 0.06/0.00 | Max Load: 21.2 | Load Gap: 2.3
Epoch [897/3000] | Sampled: 535.66 | Baseline: 715.41 | Improvement: 179.75 | Win Rate: 100.00% | Actor Loss: 2.5006 | Entropy: 2.9512 | Invalid S/B: 0.00/0.00 | Max Load: 21.1 | Load Gap: 2.2
Epoch [898/3000] | Sampled: 531.31 | Baseline: 712.78 | Improvement: 181.47 | Win Rate: 100.00% | Actor Loss: 2.2058 | Entropy: 2.9373 | Invalid S/B: 0.03/0.00 | Max Load: 20.8 | Load Gap: 1.6
Epoch [899/3000] | Sampled: 527.12 | Baseline: 715.44 | Improvement: 188.31 | Win Rate: 100.00% | Actor Loss: 3.2618 | Entropy: 2.9953 | Invalid S/B: 0.03/0.00 | Max Load: 21.0 | Load Gap: 2.1
Epoch [900/3000] | Sampled: 530.38 | Baseline: 719.53 | Improvement: 189.16 | Win Rate: 100.00% | Actor Loss: 1.1524 | Entropy: 2.9769 | Invalid S/B: 0.00/0.00 | Max Load: 21.0 | Load Gap: 2.1
   -> Validation | Samples: 50 | Makespan: 512.18 | Invalid Jobs: 0.00
   -> Saved updated training chart to /home/wei/AMR-DFJSP/Static_alogorithm/GNN/gnn_precise_training_metrics.png
Epoch [901/3000] | Sampled: 528.25 | Baseline: 718.88 | Improvement: 190.62 | Win Rate: 100.00% | Actor Loss: 3.1578 | Entropy: 2.9783 | Invalid S/B: 0.00/0.00 | Max Load: 21.0 | Load Gap: 1.9
Epoch [902/3000] | Sampled: 528.97 | Baseline: 717.84 | Improvement: 188.88 | Win Rate: 100.00% | Actor Loss: -3.1082 | Entropy: 3.0013 | Invalid S/B: 0.03/0.00 | Max Load: 20.9 | Load Gap: 2.0
Epoch [903/3000] | Sampled: 528.44 | Baseline: 717.25 | Improvement: 188.81 | Win Rate: 100.00% | Actor Loss: -1.3033 | Entropy: 3.0120 | Invalid S/B: 0.00/0.00 | Max Load: 20.9 | Load Gap: 1.6
Epoch [904/3000] | Sampled: 525.06 | Baseline: 721.03 | Improvement: 195.97 | Win Rate: 100.00% | Actor Loss: -4.0520 | Entropy: 3.0226 | Invalid S/B: 0.03/0.03 | Max Load: 21.1 | Load Gap: 2.0
Epoch [905/3000] | Sampled: 521.91 | Baseline: 716.66 | Improvement: 194.75 | Win Rate: 100.00% | Actor Loss: -2.3804 | Entropy: 3.0225 | Invalid S/B: 0.00/0.00 | Max Load: 21.0 | Load Gap: 1.9
Epoch [906/3000] | Sampled: 540.75 | Baseline: 719.84 | Improvement: 179.09 | Win Rate: 100.00% | Actor Loss: -5.1684 | Entropy: 3.0403 | Invalid S/B: 0.06/0.00 | Max Load: 21.0 | Load Gap: 1.8
Epoch [907/3000] | Sampled: 541.81 | Baseline: 720.72 | Improvement: 178.91 | Win Rate: 100.00% | Actor Loss: 1.4119 | Entropy: 3.0332 | Invalid S/B: 0.06/0.00 | Max Load: 21.0 | Load Gap: 1.9
Epoch [908/3000] | Sampled: 533.75 | Baseline: 720.72 | Improvement: 186.97 | Win Rate: 100.00% | Actor Loss: 4.4441 | Entropy: 3.0185 | Invalid S/B: 0.03/0.00 | Max Load: 21.0 | Load Gap: 1.9
Epoch [909/3000] | Sampled: 535.81 | Baseline: 719.09 | Improvement: 183.28 | Win Rate: 100.00% | Actor Loss: 6.0627 | Entropy: 3.0204 | Invalid S/B: 0.00/0.00 | Max Load: 21.0 | Load Gap: 1.9
Epoch [910/3000] | Sampled: 536.66 | Baseline: 724.22 | Improvement: 187.56 | Win Rate: 100.00% | Actor Loss: -1.7649 | Entropy: 3.0262 | Invalid S/B: 0.00/0.00 | Max Load: 20.8 | Load Gap: 1.7
Epoch [911/3000] | Sampled: 536.53 | Baseline: 717.94 | Improvement: 181.41 | Win Rate: 100.00% | Actor Loss: -2.6955 | Entropy: 2.9973 | Invalid S/B: 0.00/0.00 | Max Load: 21.0 | Load Gap: 2.1
Epoch [912/3000] | Sampled: 530.19 | Baseline: 712.75 | Improvement: 182.56 | Win Rate: 100.00% | Actor Loss: -0.3351 | Entropy: 2.9857 | Invalid S/B: 0.03/0.00 | Max Load: 21.0 | Load Gap: 2.0
Epoch [913/3000] | Sampled: 538.25 | Baseline: 717.97 | Improvement: 179.72 | Win Rate: 100.00% | Actor Loss: 1.6628 | Entropy: 2.9950 | Invalid S/B: 0.03/0.00 | Max Load: 20.9 | Load Gap: 1.8
Epoch [914/3000] | Sampled: 542.84 | Baseline: 725.62 | Improvement: 182.78 | Win Rate: 100.00% | Actor Loss: -0.9057 | Entropy: 2.9849 | Invalid S/B: 0.09/0.00 | Max Load: 21.0 | Load Gap: 2.0
Epoch [915/3000] | Sampled: 528.53 | Baseline: 718.06 | Improvement: 189.53 | Win Rate: 100.00% | Actor Loss: 2.0430 | Entropy: 2.9720 | Invalid S/B: 0.00/0.00 | Max Load: 20.9 | Load Gap: 1.8
Epoch [916/3000] | Sampled: 532.94 | Baseline: 715.34 | Improvement: 182.41 | Win Rate: 100.00% | Actor Loss: 4.2265 | Entropy: 2.9385 | Invalid S/B: 0.00/0.00 | Max Load: 21.0 | Load Gap: 2.2
Epoch [917/3000] | Sampled: 534.97 | Baseline: 720.69 | Improvement: 185.72 | Win Rate: 100.00% | Actor Loss: 5.5128 | Entropy: 2.9338 | Invalid S/B: 0.00/0.00 | Max Load: 21.2 | Load Gap: 2.4
Epoch [918/3000] | Sampled: 524.47 | Baseline: 716.16 | Improvement: 191.69 | Win Rate: 100.00% | Actor Loss: -1.2265 | Entropy: 2.9704 | Invalid S/B: 0.00/0.00 | Max Load: 21.0 | Load Gap: 1.9
Epoch [919/3000] | Sampled: 518.47 | Baseline: 716.78 | Improvement: 198.31 | Win Rate: 100.00% | Actor Loss: -0.4344 | Entropy: 2.9587 | Invalid S/B: 0.06/0.00 | Max Load: 21.0 | Load Gap: 2.0
Epoch [920/3000] | Sampled: 528.69 | Baseline: 716.53 | Improvement: 187.84 | Win Rate: 100.00% | Actor Loss: -1.8987 | Entropy: 2.9414 | Invalid S/B: 0.03/0.00 | Max Load: 20.8 | Load Gap: 1.5
Epoch [921/3000] | Sampled: 526.66 | Baseline: 715.84 | Improvement: 189.19 | Win Rate: 100.00% | Actor Loss: -3.6439 | Entropy: 2.9468 | Invalid S/B: 0.00/0.00 | Max Load: 21.0 | Load Gap: 2.0
Epoch [922/3000] | Sampled: 539.03 | Baseline: 720.22 | Improvement: 181.19 | Win Rate: 100.00% | Actor Loss: 1.4728 | Entropy: 2.9198 | Invalid S/B: 0.03/0.00 | Max Load: 21.0 | Load Gap: 2.0
Epoch [923/3000] | Sampled: 527.84 | Baseline: 719.16 | Improvement: 191.31 | Win Rate: 100.00% | Actor Loss: -0.8265 | Entropy: 2.9250 | Invalid S/B: 0.00/0.00 | Max Load: 21.0 | Load Gap: 2.0
Epoch [924/3000] | Sampled: 528.47 | Baseline: 719.00 | Improvement: 190.53 | Win Rate: 100.00% | Actor Loss: -3.4722 | Entropy: 2.9350 | Invalid S/B: 0.00/0.00 | Max Load: 20.9 | Load Gap: 1.8
Epoch [925/3000] | Sampled: 539.03 | Baseline: 725.53 | Improvement: 186.50 | Win Rate: 100.00% | Actor Loss: 4.8720 | Entropy: 2.9351 | Invalid S/B: 0.00/0.00 | Max Load: 20.8 | Load Gap: 1.5
Epoch [926/3000] | Sampled: 535.47 | Baseline: 720.91 | Improvement: 185.44 | Win Rate: 100.00% | Actor Loss: 1.2345 | Entropy: 2.9438 | Invalid S/B: 0.00/0.00 | Max Load: 20.8 | Load Gap: 1.6
Epoch [927/3000] | Sampled: 533.78 | Baseline: 716.72 | Improvement: 182.94 | Win Rate: 100.00% | Actor Loss: -1.7210 | Entropy: 2.9440 | Invalid S/B: 0.00/0.00 | Max Load: 20.7 | Load Gap: 1.4
Epoch [928/3000] | Sampled: 523.38 | Baseline: 719.38 | Improvement: 196.00 | Win Rate: 100.00% | Actor Loss: -2.6265 | Entropy: 2.9400 | Invalid S/B: 0.00/0.00 | Max Load: 20.9 | Load Gap: 1.7
Epoch [929/3000] | Sampled: 534.09 | Baseline: 718.97 | Improvement: 184.88 | Win Rate: 100.00% | Actor Loss: -0.9206 | Entropy: 2.9577 | Invalid S/B: 0.09/0.00 | Max Load: 20.9 | Load Gap: 1.8
Epoch [930/3000] | Sampled: 527.47 | Baseline: 720.47 | Improvement: 193.00 | Win Rate: 100.00% | Actor Loss: 0.9550 | Entropy: 2.9594 | Invalid S/B: 0.03/0.00 | Max Load: 20.9 | Load Gap: 1.9
Epoch [931/3000] | Sampled: 521.06 | Baseline: 713.28 | Improvement: 192.22 | Win Rate: 100.00% | Actor Loss: 2.1832 | Entropy: 2.9478 | Invalid S/B: 0.03/0.00 | Max Load: 20.9 | Load Gap: 1.8
Epoch [932/3000] | Sampled: 529.50 | Baseline: 718.19 | Improvement: 188.69 | Win Rate: 100.00% | Actor Loss: 0.7327 | Entropy: 2.9496 | Invalid S/B: 0.00/0.00 | Max Load: 20.9 | Load Gap: 1.8
Epoch [933/3000] | Sampled: 521.41 | Baseline: 718.03 | Improvement: 196.62 | Win Rate: 100.00% | Actor Loss: -1.1788 | Entropy: 2.9428 | Invalid S/B: 0.00/0.00 | Max Load: 20.8 | Load Gap: 1.5
Epoch [934/3000] | Sampled: 531.34 | Baseline: 717.75 | Improvement: 186.41 | Win Rate: 100.00% | Actor Loss: -5.0833 | Entropy: 2.9611 | Invalid S/B: 0.03/0.00 | Max Load: 21.0 | Load Gap: 1.9
Epoch [935/3000] | Sampled: 530.75 | Baseline: 718.38 | Improvement: 187.62 | Win Rate: 100.00% | Actor Loss: 0.2592 | Entropy: 2.9566 | Invalid S/B: 0.03/0.00 | Max Load: 20.8 | Load Gap: 1.7
Epoch [936/3000] | Sampled: 532.12 | Baseline: 717.16 | Improvement: 185.03 | Win Rate: 100.00% | Actor Loss: -6.1033 | Entropy: 2.9490 | Invalid S/B: 0.06/0.00 | Max Load: 20.6 | Load Gap: 1.2
Epoch [937/3000] | Sampled: 535.53 | Baseline: 719.41 | Improvement: 183.88 | Win Rate: 100.00% | Actor Loss: -2.0773 | Entropy: 2.9221 | Invalid S/B: 0.03/0.00 | Max Load: 21.1 | Load Gap: 2.2
Epoch [938/3000] | Sampled: 529.28 | Baseline: 716.38 | Improvement: 187.09 | Win Rate: 100.00% | Actor Loss: -1.1843 | Entropy: 2.9167 | Invalid S/B: 0.03/0.00 | Max Load: 20.9 | Load Gap: 1.8
Epoch [939/3000] | Sampled: 530.28 | Baseline: 717.94 | Improvement: 187.66 | Win Rate: 100.00% | Actor Loss: -1.7506 | Entropy: 2.8723 | Invalid S/B: 0.00/0.00 | Max Load: 20.9 | Load Gap: 1.7
Epoch [940/3000] | Sampled: 528.16 | Baseline: 717.25 | Improvement: 189.09 | Win Rate: 100.00% | Actor Loss: -2.1587 | Entropy: 2.8935 | Invalid S/B: 0.00/0.00 | Max Load: 20.9 | Load Gap: 1.8
Epoch [941/3000] | Sampled: 518.56 | Baseline: 715.59 | Improvement: 197.03 | Win Rate: 100.00% | Actor Loss: -3.9555 | Entropy: 2.8630 | Invalid S/B: 0.00/0.00 | Max Load: 20.8 | Load Gap: 1.6
Epoch [942/3000] | Sampled: 534.44 | Baseline: 717.03 | Improvement: 182.59 | Win Rate: 100.00% | Actor Loss: -4.3832 | Entropy: 2.8696 | Invalid S/B: 0.00/0.00 | Max Load: 20.8 | Load Gap: 1.5
Epoch [943/3000] | Sampled: 535.69 | Baseline: 720.16 | Improvement: 184.47 | Win Rate: 100.00% | Actor Loss: -2.1587 | Entropy: 2.8479 | Invalid S/B: 0.03/0.00 | Max Load: 20.9 | Load Gap: 1.7
Epoch [944/3000] | Sampled: 534.06 | Baseline: 718.25 | Improvement: 184.19 | Win Rate: 100.00% | Actor Loss: 1.7164 | Entropy: 2.8711 | Invalid S/B: 0.03/0.00 | Max Load: 20.9 | Load Gap: 1.7
Epoch [945/3000] | Sampled: 534.78 | Baseline: 715.44 | Improvement: 180.66 | Win Rate: 100.00% | Actor Loss: 0.0733 | Entropy: 2.8565 | Invalid S/B: 0.03/0.00 | Max Load: 20.8 | Load Gap: 1.5
Epoch [946/3000] | Sampled: 523.78 | Baseline: 716.22 | Improvement: 192.44 | Win Rate: 100.00% | Actor Loss: 1.1394 | Entropy: 2.8803 | Invalid S/B: 0.00/0.00 | Max Load: 20.9 | Load Gap: 1.8
Epoch [947/3000] | Sampled: 529.50 | Baseline: 714.28 | Improvement: 184.78 | Win Rate: 100.00% | Actor Loss: -0.9434 | Entropy: 2.8987 | Invalid S/B: 0.00/0.00 | Max Load: 20.8 | Load Gap: 1.5
Epoch [948/3000] | Sampled: 533.06 | Baseline: 719.59 | Improvement: 186.53 | Win Rate: 100.00% | Actor Loss: -4.8076 | Entropy: 2.9065 | Invalid S/B: 0.03/0.00 | Max Load: 20.8 | Load Gap: 1.5
Epoch [949/3000] | Sampled: 530.09 | Baseline: 718.12 | Improvement: 188.03 | Win Rate: 100.00% | Actor Loss: -3.2105 | Entropy: 2.9290 | Invalid S/B: 0.06/0.00 | Max Load: 20.8 | Load Gap: 1.5
Epoch [950/3000] | Sampled: 528.31 | Baseline: 719.56 | Improvement: 191.25 | Win Rate: 100.00% | Actor Loss: -4.1734 | Entropy: 2.9131 | Invalid S/B: 0.00/0.00 | Max Load: 20.9 | Load Gap: 1.8
   -> Validation | Samples: 50 | Makespan: 512.60 | Invalid Jobs: 0.00
Epoch [951/3000] | Sampled: 528.44 | Baseline: 717.66 | Improvement: 189.22 | Win Rate: 100.00% | Actor Loss: -0.6932 | Entropy: 2.9177 | Invalid S/B: 0.00/0.00 | Max Load: 20.9 | Load Gap: 1.8
Epoch [952/3000] | Sampled: 541.97 | Baseline: 722.06 | Improvement: 180.09 | Win Rate: 100.00% | Actor Loss: -0.1375 | Entropy: 2.9358 | Invalid S/B: 0.03/0.00 | Max Load: 20.8 | Load Gap: 1.7
Epoch [953/3000] | Sampled: 534.00 | Baseline: 721.53 | Improvement: 187.53 | Win Rate: 100.00% | Actor Loss: -0.0809 | Entropy: 2.9278 | Invalid S/B: 0.03/0.00 | Max Load: 20.9 | Load Gap: 1.8
Epoch [954/3000] | Sampled: 539.47 | Baseline: 718.97 | Improvement: 179.50 | Win Rate: 100.00% | Actor Loss: 3.1598 | Entropy: 2.9171 | Invalid S/B: 0.00/0.00 | Max Load: 21.1 | Load Gap: 2.1
Epoch [955/3000] | Sampled: 525.84 | Baseline: 708.53 | Improvement: 182.69 | Win Rate: 100.00% | Actor Loss: -2.9207 | Entropy: 2.9250 | Invalid S/B: 0.00/0.00 | Max Load: 20.9 | Load Gap: 1.8
Epoch [956/3000] | Sampled: 537.31 | Baseline: 717.69 | Improvement: 180.38 | Win Rate: 100.00% | Actor Loss: 1.2403 | Entropy: 2.8949 | Invalid S/B: 0.03/0.00 | Max Load: 21.0 | Load Gap: 1.9
Epoch [957/3000] | Sampled: 537.94 | Baseline: 722.47 | Improvement: 184.53 | Win Rate: 100.00% | Actor Loss: -2.2715 | Entropy: 2.8983 | Invalid S/B: 0.00/0.00 | Max Load: 21.1 | Load Gap: 2.3
Epoch [958/3000] | Sampled: 536.50 | Baseline: 719.16 | Improvement: 182.66 | Win Rate: 100.00% | Actor Loss: 5.1802 | Entropy: 2.9057 | Invalid S/B: 0.00/0.00 | Max Load: 21.0 | Load Gap: 2.0
Epoch [959/3000] | Sampled: 539.69 | Baseline: 712.41 | Improvement: 172.72 | Win Rate: 100.00% | Actor Loss: 1.1668 | Entropy: 2.8826 | Invalid S/B: 0.00/0.00 | Max Load: 20.8 | Load Gap: 1.7
Epoch [960/3000] | Sampled: 537.31 | Baseline: 719.69 | Improvement: 182.38 | Win Rate: 100.00% | Actor Loss: -1.0280 | Entropy: 2.9070 | Invalid S/B: 0.03/0.00 | Max Load: 20.9 | Load Gap: 1.8
Epoch [961/3000] | Sampled: 528.25 | Baseline: 718.75 | Improvement: 190.50 | Win Rate: 100.00% | Actor Loss: -2.2776 | Entropy: 2.9148 | Invalid S/B: 0.00/0.00 | Max Load: 20.9 | Load Gap: 1.7
Epoch [962/3000] | Sampled: 522.94 | Baseline: 717.59 | Improvement: 194.66 | Win Rate: 100.00% | Actor Loss: 0.1880 | Entropy: 2.9084 | Invalid S/B: 0.00/0.00 | Max Load: 20.8 | Load Gap: 1.7
Epoch [963/3000] | Sampled: 538.00 | Baseline: 722.09 | Improvement: 184.09 | Win Rate: 100.00% | Actor Loss: 2.4715 | Entropy: 2.9164 | Invalid S/B: 0.00/0.00 | Max Load: 21.1 | Load Gap: 2.1
Epoch [964/3000] | Sampled: 532.00 | Baseline: 715.44 | Improvement: 183.44 | Win Rate: 100.00% | Actor Loss: -2.2246 | Entropy: 2.9276 | Invalid S/B: 0.03/0.00 | Max Load: 21.0 | Load Gap: 2.0
Epoch [965/3000] | Sampled: 524.88 | Baseline: 723.59 | Improvement: 198.72 | Win Rate: 100.00% | Actor Loss: 1.5163 | Entropy: 2.9270 | Invalid S/B: 0.00/0.00 | Max Load: 21.0 | Load Gap: 2.0
Epoch [966/3000] | Sampled: 530.88 | Baseline: 717.66 | Improvement: 186.78 | Win Rate: 100.00% | Actor Loss: -2.3428 | Entropy: 2.9212 | Invalid S/B: 0.03/0.00 | Max Load: 21.0 | Load Gap: 2.1
Epoch [967/3000] | Sampled: 532.28 | Baseline: 720.62 | Improvement: 188.34 | Win Rate: 100.00% | Actor Loss: -1.4510 | Entropy: 2.9381 | Invalid S/B: 0.00/0.00 | Max Load: 20.9 | Load Gap: 1.8
Epoch [968/3000] | Sampled: 525.53 | Baseline: 714.44 | Improvement: 188.91 | Win Rate: 100.00% | Actor Loss: 2.8675 | Entropy: 2.9314 | Invalid S/B: 0.00/0.00 | Max Load: 21.0 | Load Gap: 1.9
Epoch [969/3000] | Sampled: 529.31 | Baseline: 718.94 | Improvement: 189.62 | Win Rate: 100.00% | Actor Loss: 0.6187 | Entropy: 2.9261 | Invalid S/B: 0.00/0.00 | Max Load: 21.0 | Load Gap: 2.0
Epoch [970/3000] | Sampled: 525.22 | Baseline: 722.12 | Improvement: 196.91 | Win Rate: 100.00% | Actor Loss: -3.3993 | Entropy: 2.9351 | Invalid S/B: 0.00/0.00 | Max Load: 20.8 | Load Gap: 1.7
Epoch [971/3000] | Sampled: 533.53 | Baseline: 715.31 | Improvement: 181.78 | Win Rate: 100.00% | Actor Loss: -1.4118 | Entropy: 2.9573 | Invalid S/B: 0.00/0.00 | Max Load: 20.9 | Load Gap: 1.9
Epoch [972/3000] | Sampled: 534.56 | Baseline: 723.06 | Improvement: 188.50 | Win Rate: 100.00% | Actor Loss: 1.9748 | Entropy: 2.9639 | Invalid S/B: 0.00/0.00 | Max Load: 21.2 | Load Gap: 2.2
Epoch [973/3000] | Sampled: 531.56 | Baseline: 721.31 | Improvement: 189.75 | Win Rate: 100.00% | Actor Loss: -2.4449 | Entropy: 2.9686 | Invalid S/B: 0.00/0.00 | Max Load: 21.1 | Load Gap: 2.1
Epoch [974/3000] | Sampled: 538.47 | Baseline: 719.34 | Improvement: 180.88 | Win Rate: 100.00% | Actor Loss: 1.2285 | Entropy: 2.9660 | Invalid S/B: 0.03/0.00 | Max Load: 20.9 | Load Gap: 1.8
Epoch [975/3000] | Sampled: 531.78 | Baseline: 721.25 | Improvement: 189.47 | Win Rate: 100.00% | Actor Loss: 4.6948 | Entropy: 2.9502 | Invalid S/B: 0.00/0.00 | Max Load: 21.0 | Load Gap: 2.1
Epoch [976/3000] | Sampled: 531.28 | Baseline: 714.16 | Improvement: 182.88 | Win Rate: 100.00% | Actor Loss: 0.1497 | Entropy: 2.9463 | Invalid S/B: 0.00/0.00 | Max Load: 21.0 | Load Gap: 1.9
Epoch [977/3000] | Sampled: 525.97 | Baseline: 714.00 | Improvement: 188.03 | Win Rate: 100.00% | Actor Loss: 6.0734 | Entropy: 2.9531 | Invalid S/B: 0.00/0.00 | Max Load: 21.0 | Load Gap: 2.1
Epoch [978/3000] | Sampled: 532.75 | Baseline: 720.59 | Improvement: 187.84 | Win Rate: 100.00% | Actor Loss: -0.7867 | Entropy: 2.9454 | Invalid S/B: 0.00/0.00 | Max Load: 21.5 | Load Gap: 2.7
Epoch [979/3000] | Sampled: 533.06 | Baseline: 713.28 | Improvement: 180.22 | Win Rate: 100.00% | Actor Loss: 2.3100 | Entropy: 2.9492 | Invalid S/B: 0.00/0.00 | Max Load: 20.9 | Load Gap: 1.9
Epoch [980/3000] | Sampled: 541.88 | Baseline: 718.47 | Improvement: 176.59 | Win Rate: 100.00% | Actor Loss: 1.2021 | Entropy: 2.9625 | Invalid S/B: 0.00/0.00 | Max Load: 21.0 | Load Gap: 2.0
Epoch [981/3000] | Sampled: 535.84 | Baseline: 716.88 | Improvement: 181.03 | Win Rate: 100.00% | Actor Loss: 3.1322 | Entropy: 2.9646 | Invalid S/B: 0.03/0.00 | Max Load: 20.7 | Load Gap: 1.5
Epoch [982/3000] | Sampled: 527.69 | Baseline: 713.69 | Improvement: 186.00 | Win Rate: 100.00% | Actor Loss: 5.1186 | Entropy: 2.9888 | Invalid S/B: 0.00/0.00 | Max Load: 21.1 | Load Gap: 2.1
Epoch [983/3000] | Sampled: 530.31 | Baseline: 716.31 | Improvement: 186.00 | Win Rate: 100.00% | Actor Loss: -0.7910 | Entropy: 2.9968 | Invalid S/B: 0.03/0.00 | Max Load: 20.7 | Load Gap: 1.5
Epoch [984/3000] | Sampled: 523.78 | Baseline: 719.31 | Improvement: 195.53 | Win Rate: 100.00% | Actor Loss: -4.3258 | Entropy: 3.0017 | Invalid S/B: 0.03/0.00 | Max Load: 21.2 | Load Gap: 2.2
Epoch [985/3000] | Sampled: 529.94 | Baseline: 718.25 | Improvement: 188.31 | Win Rate: 100.00% | Actor Loss: -2.6970 | Entropy: 3.0183 | Invalid S/B: 0.09/0.00 | Max Load: 20.7 | Load Gap: 1.4
Epoch [986/3000] | Sampled: 529.59 | Baseline: 724.09 | Improvement: 194.50 | Win Rate: 100.00% | Actor Loss: -3.0173 | Entropy: 3.0040 | Invalid S/B: 0.03/0.00 | Max Load: 20.8 | Load Gap: 1.7
Epoch [987/3000] | Sampled: 535.62 | Baseline: 719.28 | Improvement: 183.66 | Win Rate: 100.00% | Actor Loss: -1.5816 | Entropy: 3.0058 | Invalid S/B: 0.00/0.00 | Max Load: 21.0 | Load Gap: 1.9
Epoch [988/3000] | Sampled: 516.56 | Baseline: 719.06 | Improvement: 202.50 | Win Rate: 100.00% | Actor Loss: -1.2515 | Entropy: 3.0042 | Invalid S/B: 0.00/0.00 | Max Load: 20.9 | Load Gap: 1.9
Epoch [989/3000] | Sampled: 526.16 | Baseline: 715.53 | Improvement: 189.38 | Win Rate: 100.00% | Actor Loss: -1.3595 | Entropy: 2.9964 | Invalid S/B: 0.00/0.00 | Max Load: 21.1 | Load Gap: 2.0
Epoch [990/3000] | Sampled: 528.41 | Baseline: 716.88 | Improvement: 188.47 | Win Rate: 100.00% | Actor Loss: 2.7547 | Entropy: 2.9791 | Invalid S/B: 0.03/0.00 | Max Load: 21.0 | Load Gap: 2.1
Epoch [991/3000] | Sampled: 527.53 | Baseline: 718.47 | Improvement: 190.94 | Win Rate: 100.00% | Actor Loss: 1.1830 | Entropy: 2.9909 | Invalid S/B: 0.03/0.00 | Max Load: 21.0 | Load Gap: 2.2
Epoch [992/3000] | Sampled: 526.03 | Baseline: 714.09 | Improvement: 188.06 | Win Rate: 100.00% | Actor Loss: -3.2260 | Entropy: 2.9853 | Invalid S/B: 0.00/0.00 | Max Load: 20.7 | Load Gap: 1.5
Epoch [993/3000] | Sampled: 532.50 | Baseline: 710.44 | Improvement: 177.94 | Win Rate: 100.00% | Actor Loss: 6.3970 | Entropy: 2.9875 | Invalid S/B: 0.00/0.00 | Max Load: 21.1 | Load Gap: 2.4
Epoch [994/3000] | Sampled: 531.72 | Baseline: 720.19 | Improvement: 188.47 | Win Rate: 100.00% | Actor Loss: 0.3039 | Entropy: 2.9894 | Invalid S/B: 0.00/0.00 | Max Load: 21.0 | Load Gap: 2.0
Epoch [995/3000] | Sampled: 535.62 | Baseline: 715.81 | Improvement: 180.19 | Win Rate: 100.00% | Actor Loss: 4.7128 | Entropy: 2.9842 | Invalid S/B: 0.00/0.00 | Max Load: 20.8 | Load Gap: 1.6
Epoch [996/3000] | Sampled: 522.94 | Baseline: 717.62 | Improvement: 194.69 | Win Rate: 100.00% | Actor Loss: -1.3157 | Entropy: 3.0133 | Invalid S/B: 0.03/0.00 | Max Load: 20.8 | Load Gap: 1.6
Epoch [997/3000] | Sampled: 515.78 | Baseline: 715.91 | Improvement: 200.12 | Win Rate: 100.00% | Actor Loss: -3.1586 | Entropy: 2.9888 | Invalid S/B: 0.00/0.00 | Max Load: 20.8 | Load Gap: 1.7
Epoch [998/3000] | Sampled: 535.91 | Baseline: 714.16 | Improvement: 178.25 | Win Rate: 100.00% | Actor Loss: 3.5817 | Entropy: 2.9926 | Invalid S/B: 0.06/0.00 | Max Load: 20.9 | Load Gap: 1.9
Epoch [999/3000] | Sampled: 541.88 | Baseline: 725.19 | Improvement: 183.31 | Win Rate: 100.00% | Actor Loss: -0.1431 | Entropy: 2.9514 | Invalid S/B: 0.00/0.00 | Max Load: 21.0 | Load Gap: 2.2
Epoch [1000/3000] | Sampled: 524.09 | Baseline: 718.34 | Improvement: 194.25 | Win Rate: 100.00% | Actor Loss: -2.8634 | Entropy: 2.9476 | Invalid S/B: 0.00/0.00 | Max Load: 21.0 | Load Gap: 2.0
   -> Validation | Samples: 50 | Makespan: 512.92 | Invalid Jobs: 0.02
   -> Saved updated training chart to /home/wei/AMR-DFJSP/Static_alogorithm/GNN/gnn_precise_training_metrics.png
Epoch [1001/3000] | Sampled: 534.78 | Baseline: 718.00 | Improvement: 183.22 | Win Rate: 100.00% | Actor Loss: 1.4340 | Entropy: 2.9455 | Invalid S/B: 0.03/0.00 | Max Load: 20.9 | Load Gap: 1.8
Epoch [1002/3000] | Sampled: 533.28 | Baseline: 714.94 | Improvement: 181.66 | Win Rate: 100.00% | Actor Loss: 0.6937 | Entropy: 2.9514 | Invalid S/B: 0.00/0.00 | Max Load: 21.1 | Load Gap: 2.2
Epoch [1003/3000] | Sampled: 533.56 | Baseline: 717.59 | Improvement: 184.03 | Win Rate: 100.00% | Actor Loss: -1.8800 | Entropy: 2.9467 | Invalid S/B: 0.06/0.00 | Max Load: 20.9 | Load Gap: 1.7
Epoch [1004/3000] | Sampled: 533.59 | Baseline: 718.66 | Improvement: 185.06 | Win Rate: 100.00% | Actor Loss: -2.2239 | Entropy: 2.9299 | Invalid S/B: 0.03/0.00 | Max Load: 20.9 | Load Gap: 1.9
Epoch [1005/3000] | Sampled: 534.16 | Baseline: 722.78 | Improvement: 188.62 | Win Rate: 100.00% | Actor Loss: 0.4655 | Entropy: 2.9396 | Invalid S/B: 0.00/0.00 | Max Load: 21.0 | Load Gap: 1.9
Epoch [1006/3000] | Sampled: 528.41 | Baseline: 717.47 | Improvement: 189.06 | Win Rate: 100.00% | Actor Loss: -0.4754 | Entropy: 2.9468 | Invalid S/B: 0.00/0.00 | Max Load: 21.0 | Load Gap: 2.1
Epoch [1007/3000] | Sampled: 533.91 | Baseline: 723.94 | Improvement: 190.03 | Win Rate: 100.00% | Actor Loss: 6.0602 | Entropy: 2.9451 | Invalid S/B: 0.00/0.00 | Max Load: 21.2 | Load Gap: 2.4
Epoch [1008/3000] | Sampled: 536.06 | Baseline: 717.81 | Improvement: 181.75 | Win Rate: 100.00% | Actor Loss: 1.5554 | Entropy: 2.9278 | Invalid S/B: 0.03/0.00 | Max Load: 21.0 | Load Gap: 2.1
Epoch [1009/3000] | Sampled: 537.06 | Baseline: 715.81 | Improvement: 178.75 | Win Rate: 100.00% | Actor Loss: -0.9112 | Entropy: 2.9521 | Invalid S/B: 0.06/0.00 | Max Load: 21.0 | Load Gap: 1.9
Epoch [1010/3000] | Sampled: 539.00 | Baseline: 716.75 | Improvement: 177.75 | Win Rate: 100.00% | Actor Loss: -5.1325 | Entropy: 2.9544 | Invalid S/B: 0.03/0.00 | Max Load: 20.9 | Load Gap: 1.9
Epoch [1011/3000] | Sampled: 537.06 | Baseline: 716.94 | Improvement: 179.88 | Win Rate: 100.00% | Actor Loss: 1.1027 | Entropy: 2.9681 | Invalid S/B: 0.00/0.00 | Max Load: 20.9 | Load Gap: 1.8
Epoch [1012/3000] | Sampled: 524.69 | Baseline: 716.62 | Improvement: 191.94 | Win Rate: 100.00% | Actor Loss: -1.0877 | Entropy: 2.9577 | Invalid S/B: 0.03/0.00 | Max Load: 21.0 | Load Gap: 2.0
Epoch [1013/3000] | Sampled: 523.34 | Baseline: 718.50 | Improvement: 195.16 | Win Rate: 100.00% | Actor Loss: 0.7272 | Entropy: 2.9427 | Invalid S/B: 0.00/0.00 | Max Load: 20.8 | Load Gap: 1.6
Epoch [1014/3000] | Sampled: 538.38 | Baseline: 717.41 | Improvement: 179.03 | Win Rate: 100.00% | Actor Loss: -2.0098 | Entropy: 2.9472 | Invalid S/B: 0.12/0.00 | Max Load: 21.0 | Load Gap: 2.1
Epoch [1015/3000] | Sampled: 535.34 | Baseline: 722.03 | Improvement: 186.69 | Win Rate: 100.00% | Actor Loss: -5.3430 | Entropy: 2.9376 | Invalid S/B: 0.00/0.00 | Max Load: 20.9 | Load Gap: 1.7
Epoch [1016/3000] | Sampled: 538.59 | Baseline: 717.16 | Improvement: 178.56 | Win Rate: 100.00% | Actor Loss: -1.8765 | Entropy: 2.9337 | Invalid S/B: 0.03/0.00 | Max Load: 21.2 | Load Gap: 2.3
Epoch [1017/3000] | Sampled: 536.75 | Baseline: 720.78 | Improvement: 184.03 | Win Rate: 100.00% | Actor Loss: 0.2149 | Entropy: 2.9156 | Invalid S/B: 0.03/0.03 | Max Load: 20.9 | Load Gap: 1.9
Epoch [1018/3000] | Sampled: 551.31 | Baseline: 719.59 | Improvement: 168.28 | Win Rate: 100.00% | Actor Loss: 5.0958 | Entropy: 2.9440 | Invalid S/B: 0.03/0.00 | Max Load: 21.0 | Load Gap: 1.9
Epoch [1019/3000] | Sampled: 528.53 | Baseline: 713.81 | Improvement: 185.28 | Win Rate: 100.00% | Actor Loss: 0.1919 | Entropy: 2.9416 | Invalid S/B: 0.00/0.00 | Max Load: 20.9 | Load Gap: 1.8
Epoch [1020/3000] | Sampled: 526.03 | Baseline: 717.09 | Improvement: 191.06 | Win Rate: 100.00% | Actor Loss: 5.0014 | Entropy: 2.9373 | Invalid S/B: 0.06/0.00 | Max Load: 20.9 | Load Gap: 1.8
Epoch [1021/3000] | Sampled: 530.09 | Baseline: 720.81 | Improvement: 190.72 | Win Rate: 100.00% | Actor Loss: 4.7396 | Entropy: 2.9708 | Invalid S/B: 0.03/0.00 | Max Load: 20.9 | Load Gap: 1.7
Epoch [1022/3000] | Sampled: 526.81 | Baseline: 715.81 | Improvement: 189.00 | Win Rate: 100.00% | Actor Loss: 3.3926 | Entropy: 2.9631 | Invalid S/B: 0.00/0.00 | Max Load: 20.9 | Load Gap: 1.8
Epoch [1023/3000] | Sampled: 520.19 | Baseline: 716.12 | Improvement: 195.94 | Win Rate: 100.00% | Actor Loss: -2.7271 | Entropy: 2.9817 | Invalid S/B: 0.06/0.00 | Max Load: 20.6 | Load Gap: 1.2
Epoch [1024/3000] | Sampled: 529.75 | Baseline: 719.09 | Improvement: 189.34 | Win Rate: 100.00% | Actor Loss: 1.3276 | Entropy: 2.9859 | Invalid S/B: 0.00/0.00 | Max Load: 20.8 | Load Gap: 1.5
Epoch [1025/3000] | Sampled: 539.09 | Baseline: 722.78 | Improvement: 183.69 | Win Rate: 100.00% | Actor Loss: -1.1982 | Entropy: 3.0107 | Invalid S/B: 0.06/0.00 | Max Load: 20.8 | Load Gap: 1.5
Epoch [1026/3000] | Sampled: 536.97 | Baseline: 717.53 | Improvement: 180.56 | Win Rate: 100.00% | Actor Loss: -1.9309 | Entropy: 2.9990 | Invalid S/B: 0.00/0.00 | Max Load: 20.8 | Load Gap: 1.5
Epoch [1027/3000] | Sampled: 526.62 | Baseline: 716.53 | Improvement: 189.91 | Win Rate: 100.00% | Actor Loss: -3.6202 | Entropy: 2.9816 | Invalid S/B: 0.03/0.00 | Max Load: 20.8 | Load Gap: 1.7
Epoch [1028/3000] | Sampled: 520.69 | Baseline: 715.69 | Improvement: 195.00 | Win Rate: 100.00% | Actor Loss: -2.3136 | Entropy: 2.9629 | Invalid S/B: 0.00/0.00 | Max Load: 20.7 | Load Gap: 1.4
Epoch [1029/3000] | Sampled: 540.72 | Baseline: 716.53 | Improvement: 175.81 | Win Rate: 100.00% | Actor Loss: 1.8597 | Entropy: 2.9631 | Invalid S/B: 0.06/0.00 | Max Load: 21.0 | Load Gap: 1.9
Epoch [1030/3000] | Sampled: 530.88 | Baseline: 723.19 | Improvement: 192.31 | Win Rate: 100.00% | Actor Loss: -2.7802 | Entropy: 2.9518 | Invalid S/B: 0.00/0.00 | Max Load: 21.0 | Load Gap: 2.0
Epoch [1031/3000] | Sampled: 534.59 | Baseline: 718.56 | Improvement: 183.97 | Win Rate: 100.00% | Actor Loss: 2.5911 | Entropy: 2.8966 | Invalid S/B: 0.00/0.00 | Max Load: 21.0 | Load Gap: 2.0
Epoch [1032/3000] | Sampled: 536.72 | Baseline: 717.38 | Improvement: 180.66 | Win Rate: 100.00% | Actor Loss: -1.1431 | Entropy: 2.8952 | Invalid S/B: 0.00/0.00 | Max Load: 20.9 | Load Gap: 1.8
Epoch [1033/3000] | Sampled: 524.69 | Baseline: 718.38 | Improvement: 193.69 | Win Rate: 100.00% | Actor Loss: 1.1378 | Entropy: 2.8968 | Invalid S/B: 0.00/0.00 | Max Load: 21.1 | Load Gap: 2.1
Epoch [1034/3000] | Sampled: 544.91 | Baseline: 720.44 | Improvement: 175.53 | Win Rate: 100.00% | Actor Loss: 2.7462 | Entropy: 2.8865 | Invalid S/B: 0.03/0.00 | Max Load: 21.0 | Load Gap: 2.0
Epoch [1035/3000] | Sampled: 523.91 | Baseline: 717.75 | Improvement: 193.84 | Win Rate: 100.00% | Actor Loss: 1.7461 | Entropy: 2.8478 | Invalid S/B: 0.00/0.00 | Max Load: 21.1 | Load Gap: 2.2
Epoch [1036/3000] | Sampled: 532.75 | Baseline: 713.19 | Improvement: 180.44 | Win Rate: 100.00% | Actor Loss: -3.2099 | Entropy: 2.8591 | Invalid S/B: 0.03/0.00 | Max Load: 21.0 | Load Gap: 1.9
Epoch [1037/3000] | Sampled: 519.00 | Baseline: 715.91 | Improvement: 196.91 | Win Rate: 100.00% | Actor Loss: -1.0259 | Entropy: 2.8880 | Invalid S/B: 0.00/0.00 | Max Load: 20.8 | Load Gap: 1.5
Epoch [1038/3000] | Sampled: 520.19 | Baseline: 718.97 | Improvement: 198.78 | Win Rate: 100.00% | Actor Loss: -2.6775 | Entropy: 2.8884 | Invalid S/B: 0.00/0.00 | Max Load: 20.9 | Load Gap: 1.8
Epoch [1039/3000] | Sampled: 520.12 | Baseline: 718.66 | Improvement: 198.53 | Win Rate: 100.00% | Actor Loss: 2.3515 | Entropy: 2.8730 | Invalid S/B: 0.03/0.00 | Max Load: 20.9 | Load Gap: 1.8
Epoch [1040/3000] | Sampled: 523.06 | Baseline: 720.84 | Improvement: 197.78 | Win Rate: 100.00% | Actor Loss: -0.2942 | Entropy: 2.9145 | Invalid S/B: 0.03/0.00 | Max Load: 20.9 | Load Gap: 1.8
Epoch [1041/3000] | Sampled: 532.97 | Baseline: 714.75 | Improvement: 181.78 | Win Rate: 100.00% | Actor Loss: -0.2392 | Entropy: 2.9200 | Invalid S/B: 0.03/0.00 | Max Load: 20.9 | Load Gap: 1.7
Epoch [1042/3000] | Sampled: 535.97 | Baseline: 717.12 | Improvement: 181.16 | Win Rate: 100.00% | Actor Loss: 1.6165 | Entropy: 2.9214 | Invalid S/B: 0.03/0.00 | Max Load: 20.8 | Load Gap: 1.5
Epoch [1043/3000] | Sampled: 517.59 | Baseline: 719.81 | Improvement: 202.22 | Win Rate: 100.00% | Actor Loss: -4.8989 | Entropy: 2.9335 | Invalid S/B: 0.03/0.00 | Max Load: 20.9 | Load Gap: 1.8
Epoch [1044/3000] | Sampled: 529.22 | Baseline: 720.97 | Improvement: 191.75 | Win Rate: 100.00% | Actor Loss: -3.8165 | Entropy: 2.9384 | Invalid S/B: 0.00/0.00 | Max Load: 20.6 | Load Gap: 1.2
Epoch [1045/3000] | Sampled: 519.56 | Baseline: 715.12 | Improvement: 195.56 | Win Rate: 100.00% | Actor Loss: -1.8003 | Entropy: 2.9372 | Invalid S/B: 0.00/0.00 | Max Load: 21.0 | Load Gap: 1.9
Epoch [1046/3000] | Sampled: 537.12 | Baseline: 716.34 | Improvement: 179.22 | Win Rate: 100.00% | Actor Loss: 3.1168 | Entropy: 2.9264 | Invalid S/B: 0.00/0.00 | Max Load: 20.9 | Load Gap: 1.8
Epoch [1047/3000] | Sampled: 533.06 | Baseline: 717.06 | Improvement: 184.00 | Win Rate: 100.00% | Actor Loss: -3.3173 | Entropy: 2.9495 | Invalid S/B: 0.00/0.00 | Max Load: 20.9 | Load Gap: 1.7
Epoch [1048/3000] | Sampled: 530.97 | Baseline: 716.00 | Improvement: 185.03 | Win Rate: 100.00% | Actor Loss: 4.5403 | Entropy: 2.9277 | Invalid S/B: 0.03/0.00 | Max Load: 20.8 | Load Gap: 1.5
Epoch [1049/3000] | Sampled: 530.03 | Baseline: 717.94 | Improvement: 187.91 | Win Rate: 100.00% | Actor Loss: 7.8611 | Entropy: 2.9478 | Invalid S/B: 0.03/0.00 | Max Load: 20.9 | Load Gap: 1.9
Epoch [1050/3000] | Sampled: 536.16 | Baseline: 716.47 | Improvement: 180.31 | Win Rate: 100.00% | Actor Loss: 7.7505 | Entropy: 2.9231 | Invalid S/B: 0.03/0.00 | Max Load: 21.0 | Load Gap: 1.9
   -> Validation | Samples: 50 | Makespan: 507.32 | Invalid Jobs: 0.04
Epoch [1051/3000] | Sampled: 522.53 | Baseline: 711.16 | Improvement: 188.62 | Win Rate: 100.00% | Actor Loss: 0.9646 | Entropy: 2.9575 | Invalid S/B: 0.03/0.00 | Max Load: 20.9 | Load Gap: 1.7
Epoch [1052/3000] | Sampled: 540.09 | Baseline: 718.50 | Improvement: 178.41 | Win Rate: 100.00% | Actor Loss: 4.6371 | Entropy: 2.9497 | Invalid S/B: 0.03/0.00 | Max Load: 21.1 | Load Gap: 2.1
Epoch [1053/3000] | Sampled: 529.41 | Baseline: 717.22 | Improvement: 187.81 | Win Rate: 100.00% | Actor Loss: -1.5954 | Entropy: 2.9562 | Invalid S/B: 0.00/0.00 | Max Load: 21.0 | Load Gap: 1.9
Epoch [1054/3000] | Sampled: 522.72 | Baseline: 719.66 | Improvement: 196.94 | Win Rate: 100.00% | Actor Loss: -0.7156 | Entropy: 2.9754 | Invalid S/B: 0.03/0.00 | Max Load: 20.8 | Load Gap: 1.5
Epoch [1055/3000] | Sampled: 524.12 | Baseline: 716.78 | Improvement: 192.66 | Win Rate: 100.00% | Actor Loss: -1.9669 | Entropy: 2.9828 | Invalid S/B: 0.03/0.00 | Max Load: 20.8 | Load Gap: 1.6
Epoch [1056/3000] | Sampled: 536.88 | Baseline: 720.34 | Improvement: 183.47 | Win Rate: 100.00% | Actor Loss: -0.8831 | Entropy: 2.9889 | Invalid S/B: 0.00/0.00 | Max Load: 20.9 | Load Gap: 1.9
Epoch [1057/3000] | Sampled: 526.31 | Baseline: 714.00 | Improvement: 187.69 | Win Rate: 100.00% | Actor Loss: 0.1418 | Entropy: 2.9952 | Invalid S/B: 0.00/0.00 | Max Load: 20.8 | Load Gap: 1.7
Epoch [1058/3000] | Sampled: 534.69 | Baseline: 721.69 | Improvement: 187.00 | Win Rate: 100.00% | Actor Loss: -2.6876 | Entropy: 2.9757 | Invalid S/B: 0.00/0.00 | Max Load: 20.8 | Load Gap: 1.6
Epoch [1059/3000] | Sampled: 529.47 | Baseline: 722.56 | Improvement: 193.09 | Win Rate: 100.00% | Actor Loss: 3.5690 | Entropy: 2.9729 | Invalid S/B: 0.00/0.00 | Max Load: 20.9 | Load Gap: 1.8
Epoch [1060/3000] | Sampled: 534.97 | Baseline: 717.12 | Improvement: 182.16 | Win Rate: 100.00% | Actor Loss: 1.5201 | Entropy: 2.9815 | Invalid S/B: 0.00/0.00 | Max Load: 20.8 | Load Gap: 1.7
Epoch [1061/3000] | Sampled: 533.53 | Baseline: 717.31 | Improvement: 183.78 | Win Rate: 100.00% | Actor Loss: -1.0865 | Entropy: 2.9842 | Invalid S/B: 0.00/0.00 | Max Load: 21.0 | Load Gap: 1.9
Epoch [1062/3000] | Sampled: 541.03 | Baseline: 722.03 | Improvement: 181.00 | Win Rate: 100.00% | Actor Loss: 0.9567 | Entropy: 2.9852 | Invalid S/B: 0.09/0.00 | Max Load: 20.9 | Load Gap: 1.9
Epoch [1063/3000] | Sampled: 529.56 | Baseline: 721.47 | Improvement: 191.91 | Win Rate: 100.00% | Actor Loss: -1.9713 | Entropy: 2.9935 | Invalid S/B: 0.03/0.03 | Max Load: 21.0 | Load Gap: 1.9
Epoch [1064/3000] | Sampled: 539.12 | Baseline: 716.97 | Improvement: 177.84 | Win Rate: 100.00% | Actor Loss: 2.9246 | Entropy: 3.0068 | Invalid S/B: 0.03/0.00 | Max Load: 20.9 | Load Gap: 1.8
Epoch [1065/3000] | Sampled: 514.75 | Baseline: 713.41 | Improvement: 198.66 | Win Rate: 100.00% | Actor Loss: 1.0830 | Entropy: 2.9970 | Invalid S/B: 0.00/0.00 | Max Load: 20.9 | Load Gap: 1.9
Epoch [1066/3000] | Sampled: 541.53 | Baseline: 720.69 | Improvement: 179.16 | Win Rate: 100.00% | Actor Loss: -5.2250 | Entropy: 2.9787 | Invalid S/B: 0.03/0.00 | Max Load: 20.8 | Load Gap: 1.6
Epoch [1067/3000] | Sampled: 534.59 | Baseline: 719.53 | Improvement: 184.94 | Win Rate: 100.00% | Actor Loss: -0.8538 | Entropy: 3.0184 | Invalid S/B: 0.03/0.00 | Max Load: 20.7 | Load Gap: 1.4
Epoch [1068/3000] | Sampled: 528.31 | Baseline: 716.41 | Improvement: 188.09 | Win Rate: 100.00% | Actor Loss: -1.9310 | Entropy: 3.0048 | Invalid S/B: 0.00/0.00 | Max Load: 21.0 | Load Gap: 2.0
Epoch [1069/3000] | Sampled: 543.59 | Baseline: 716.84 | Improvement: 173.25 | Win Rate: 100.00% | Actor Loss: -2.7457 | Entropy: 2.9950 | Invalid S/B: 0.06/0.00 | Max Load: 21.0 | Load Gap: 1.9
Epoch [1070/3000] | Sampled: 539.25 | Baseline: 714.72 | Improvement: 175.47 | Win Rate: 100.00% | Actor Loss: -1.4168 | Entropy: 2.9896 | Invalid S/B: 0.03/0.00 | Max Load: 21.0 | Load Gap: 1.9
Epoch [1071/3000] | Sampled: 528.28 | Baseline: 714.25 | Improvement: 185.97 | Win Rate: 100.00% | Actor Loss: 3.1931 | Entropy: 2.9939 | Invalid S/B: 0.00/0.00 | Max Load: 20.9 | Load Gap: 1.8
Epoch [1072/3000] | Sampled: 529.09 | Baseline: 717.69 | Improvement: 188.59 | Win Rate: 100.00% | Actor Loss: -2.1939 | Entropy: 3.0095 | Invalid S/B: 0.00/0.00 | Max Load: 20.9 | Load Gap: 1.8
Epoch [1073/3000] | Sampled: 535.50 | Baseline: 724.38 | Improvement: 188.88 | Win Rate: 100.00% | Actor Loss: 2.4382 | Entropy: 3.0055 | Invalid S/B: 0.03/0.03 | Max Load: 20.9 | Load Gap: 1.9
Epoch [1074/3000] | Sampled: 533.72 | Baseline: 718.59 | Improvement: 184.88 | Win Rate: 100.00% | Actor Loss: -0.3172 | Entropy: 3.0064 | Invalid S/B: 0.03/0.00 | Max Load: 21.2 | Load Gap: 2.3
Epoch [1075/3000] | Sampled: 528.03 | Baseline: 718.09 | Improvement: 190.06 | Win Rate: 100.00% | Actor Loss: 1.7852 | Entropy: 3.0167 | Invalid S/B: 0.00/0.00 | Max Load: 20.9 | Load Gap: 1.8
Epoch [1076/3000] | Sampled: 536.00 | Baseline: 722.06 | Improvement: 186.06 | Win Rate: 100.00% | Actor Loss: -1.2768 | Entropy: 3.0178 | Invalid S/B: 0.06/0.03 | Max Load: 20.9 | Load Gap: 1.8
Epoch [1077/3000] | Sampled: 520.50 | Baseline: 715.41 | Improvement: 194.91 | Win Rate: 100.00% | Actor Loss: 1.4525 | Entropy: 3.0238 | Invalid S/B: 0.03/0.00 | Max Load: 20.9 | Load Gap: 1.9
Epoch [1078/3000] | Sampled: 531.38 | Baseline: 718.59 | Improvement: 187.22 | Win Rate: 100.00% | Actor Loss: -0.6381 | Entropy: 2.9935 | Invalid S/B: 0.03/0.00 | Max Load: 20.8 | Load Gap: 1.6
Epoch [1079/3000] | Sampled: 528.97 | Baseline: 720.75 | Improvement: 191.78 | Win Rate: 100.00% | Actor Loss: -2.3980 | Entropy: 3.0179 | Invalid S/B: 0.00/0.00 | Max Load: 21.0 | Load Gap: 2.0
Epoch [1080/3000] | Sampled: 525.19 | Baseline: 716.06 | Improvement: 190.88 | Win Rate: 100.00% | Actor Loss: -0.5997 | Entropy: 3.0076 | Invalid S/B: 0.00/0.00 | Max Load: 20.9 | Load Gap: 1.9
Epoch [1081/3000] | Sampled: 525.38 | Baseline: 713.75 | Improvement: 188.38 | Win Rate: 100.00% | Actor Loss: 3.7471 | Entropy: 3.0245 | Invalid S/B: 0.00/0.00 | Max Load: 21.0 | Load Gap: 2.1
Epoch [1082/3000] | Sampled: 534.62 | Baseline: 723.03 | Improvement: 188.41 | Win Rate: 100.00% | Actor Loss: -2.2852 | Entropy: 3.0361 | Invalid S/B: 0.03/0.00 | Max Load: 20.9 | Load Gap: 1.8
Epoch [1083/3000] | Sampled: 528.50 | Baseline: 713.34 | Improvement: 184.84 | Win Rate: 100.00% | Actor Loss: 1.0880 | Entropy: 3.0468 | Invalid S/B: 0.00/0.00 | Max Load: 20.8 | Load Gap: 1.7
Epoch [1084/3000] | Sampled: 519.84 | Baseline: 716.06 | Improvement: 196.22 | Win Rate: 100.00% | Actor Loss: -3.7069 | Entropy: 3.0276 | Invalid S/B: 0.00/0.00 | Max Load: 21.0 | Load Gap: 2.1
Epoch [1085/3000] | Sampled: 528.31 | Baseline: 718.72 | Improvement: 190.41 | Win Rate: 100.00% | Actor Loss: 1.7441 | Entropy: 3.0166 | Invalid S/B: 0.00/0.00 | Max Load: 21.2 | Load Gap: 2.2
Epoch [1086/3000] | Sampled: 523.12 | Baseline: 712.41 | Improvement: 189.28 | Win Rate: 100.00% | Actor Loss: 3.7882 | Entropy: 2.9940 | Invalid S/B: 0.00/0.00 | Max Load: 21.2 | Load Gap: 2.2
Epoch [1087/3000] | Sampled: 526.47 | Baseline: 716.31 | Improvement: 189.84 | Win Rate: 100.00% | Actor Loss: 5.9243 | Entropy: 2.9931 | Invalid S/B: 0.03/0.00 | Max Load: 21.2 | Load Gap: 2.3
Epoch [1088/3000] | Sampled: 523.56 | Baseline: 715.03 | Improvement: 191.47 | Win Rate: 100.00% | Actor Loss: 6.5986 | Entropy: 2.9702 | Invalid S/B: 0.00/0.00 | Max Load: 21.2 | Load Gap: 2.5
Epoch [1089/3000] | Sampled: 528.94 | Baseline: 713.53 | Improvement: 184.59 | Win Rate: 100.00% | Actor Loss: 2.7758 | Entropy: 2.9656 | Invalid S/B: 0.00/0.00 | Max Load: 21.2 | Load Gap: 2.3
Epoch [1090/3000] | Sampled: 538.19 | Baseline: 722.72 | Improvement: 184.53 | Win Rate: 100.00% | Actor Loss: -3.3043 | Entropy: 2.9752 | Invalid S/B: 0.00/0.00 | Max Load: 21.1 | Load Gap: 2.2
Epoch [1091/3000] | Sampled: 545.16 | Baseline: 719.53 | Improvement: 174.38 | Win Rate: 100.00% | Actor Loss: -1.5596 | Entropy: 2.9471 | Invalid S/B: 0.00/0.00 | Max Load: 21.2 | Load Gap: 2.4
Epoch [1092/3000] | Sampled: 530.28 | Baseline: 717.84 | Improvement: 187.56 | Win Rate: 100.00% | Actor Loss: 0.7063 | Entropy: 2.9484 | Invalid S/B: 0.06/0.00 | Max Load: 21.2 | Load Gap: 2.5
Epoch [1093/3000] | Sampled: 543.75 | Baseline: 720.88 | Improvement: 177.12 | Win Rate: 100.00% | Actor Loss: -4.1047 | Entropy: 2.9470 | Invalid S/B: 0.00/0.00 | Max Load: 20.9 | Load Gap: 1.9
Epoch [1094/3000] | Sampled: 536.59 | Baseline: 723.78 | Improvement: 187.19 | Win Rate: 100.00% | Actor Loss: 2.7211 | Entropy: 2.9383 | Invalid S/B: 0.03/0.00 | Max Load: 21.2 | Load Gap: 2.5
Epoch [1095/3000] | Sampled: 540.72 | Baseline: 722.28 | Improvement: 181.56 | Win Rate: 100.00% | Actor Loss: 4.9424 | Entropy: 2.9293 | Invalid S/B: 0.03/0.00 | Max Load: 21.0 | Load Gap: 2.0
Epoch [1096/3000] | Sampled: 529.00 | Baseline: 710.84 | Improvement: 181.84 | Win Rate: 100.00% | Actor Loss: -1.8056 | Entropy: 2.8877 | Invalid S/B: 0.00/0.00 | Max Load: 21.2 | Load Gap: 2.4
Epoch [1097/3000] | Sampled: 533.03 | Baseline: 721.81 | Improvement: 188.78 | Win Rate: 100.00% | Actor Loss: 3.8879 | Entropy: 2.9277 | Invalid S/B: 0.03/0.00 | Max Load: 20.9 | Load Gap: 1.8
Epoch [1098/3000] | Sampled: 535.44 | Baseline: 721.41 | Improvement: 185.97 | Win Rate: 100.00% | Actor Loss: -1.8405 | Entropy: 2.8914 | Invalid S/B: 0.03/0.00 | Max Load: 21.1 | Load Gap: 2.2
Epoch [1099/3000] | Sampled: 530.06 | Baseline: 720.41 | Improvement: 190.34 | Win Rate: 100.00% | Actor Loss: 3.5440 | Entropy: 2.8957 | Invalid S/B: 0.00/0.00 | Max Load: 20.9 | Load Gap: 1.8
Epoch [1100/3000] | Sampled: 529.09 | Baseline: 720.12 | Improvement: 191.03 | Win Rate: 100.00% | Actor Loss: -2.0369 | Entropy: 2.9079 | Invalid S/B: 0.03/0.00 | Max Load: 20.9 | Load Gap: 1.9
   -> Validation | Samples: 50 | Makespan: 505.16 | Invalid Jobs: 0.00
   -> Saved updated training chart to /home/wei/AMR-DFJSP/Static_alogorithm/GNN/gnn_precise_training_metrics.png
Epoch [1101/3000] | Sampled: 531.91 | Baseline: 717.09 | Improvement: 185.19 | Win Rate: 100.00% | Actor Loss: -2.7000 | Entropy: 2.8847 | Invalid S/B: 0.06/0.00 | Max Load: 21.0 | Load Gap: 2.0
Epoch [1102/3000] | Sampled: 535.12 | Baseline: 726.00 | Improvement: 190.88 | Win Rate: 100.00% | Actor Loss: 1.8327 | Entropy: 2.9014 | Invalid S/B: 0.00/0.00 | Max Load: 21.2 | Load Gap: 2.2
Epoch [1103/3000] | Sampled: 531.25 | Baseline: 717.56 | Improvement: 186.31 | Win Rate: 100.00% | Actor Loss: 0.4536 | Entropy: 2.8971 | Invalid S/B: 0.00/0.00 | Max Load: 20.8 | Load Gap: 1.7
Epoch [1104/3000] | Sampled: 528.72 | Baseline: 718.66 | Improvement: 189.94 | Win Rate: 100.00% | Actor Loss: 3.7324 | Entropy: 2.8882 | Invalid S/B: 0.00/0.00 | Max Load: 21.1 | Load Gap: 2.2
Epoch [1105/3000] | Sampled: 532.47 | Baseline: 720.56 | Improvement: 188.09 | Win Rate: 100.00% | Actor Loss: 4.0011 | Entropy: 2.8873 | Invalid S/B: 0.00/0.00 | Max Load: 21.1 | Load Gap: 2.1
Epoch [1106/3000] | Sampled: 532.50 | Baseline: 715.19 | Improvement: 182.69 | Win Rate: 100.00% | Actor Loss: 3.7679 | Entropy: 2.9076 | Invalid S/B: 0.00/0.00 | Max Load: 21.3 | Load Gap: 2.5
Epoch [1107/3000] | Sampled: 537.03 | Baseline: 718.31 | Improvement: 181.28 | Win Rate: 100.00% | Actor Loss: -0.4515 | Entropy: 2.8974 | Invalid S/B: 0.03/0.00 | Max Load: 20.8 | Load Gap: 1.6
Epoch [1108/3000] | Sampled: 537.38 | Baseline: 721.53 | Improvement: 184.16 | Win Rate: 100.00% | Actor Loss: -3.5043 | Entropy: 2.9239 | Invalid S/B: 0.00/0.00 | Max Load: 21.0 | Load Gap: 2.1
Epoch [1109/3000] | Sampled: 535.00 | Baseline: 714.69 | Improvement: 179.69 | Win Rate: 100.00% | Actor Loss: -2.2765 | Entropy: 2.9135 | Invalid S/B: 0.03/0.00 | Max Load: 21.0 | Load Gap: 2.0
Epoch [1110/3000] | Sampled: 523.88 | Baseline: 714.03 | Improvement: 190.16 | Win Rate: 100.00% | Actor Loss: -2.2626 | Entropy: 2.9238 | Invalid S/B: 0.00/0.00 | Max Load: 20.9 | Load Gap: 1.9
Epoch [1111/3000] | Sampled: 527.91 | Baseline: 712.94 | Improvement: 185.03 | Win Rate: 100.00% | Actor Loss: 0.2893 | Entropy: 2.9391 | Invalid S/B: 0.00/0.00 | Max Load: 21.0 | Load Gap: 2.0
Epoch [1112/3000] | Sampled: 527.56 | Baseline: 719.44 | Improvement: 191.88 | Win Rate: 100.00% | Actor Loss: 2.5024 | Entropy: 2.9167 | Invalid S/B: 0.06/0.00 | Max Load: 20.9 | Load Gap: 1.7
Epoch [1113/3000] | Sampled: 525.50 | Baseline: 716.53 | Improvement: 191.03 | Win Rate: 100.00% | Actor Loss: -4.2780 | Entropy: 2.9215 | Invalid S/B: 0.00/0.00 | Max Load: 21.0 | Load Gap: 1.9
Epoch [1114/3000] | Sampled: 547.28 | Baseline: 717.41 | Improvement: 170.12 | Win Rate: 100.00% | Actor Loss: -7.2890 | Entropy: 2.9366 | Invalid S/B: 0.00/0.00 | Max Load: 21.0 | Load Gap: 2.0
Epoch [1115/3000] | Sampled: 534.47 | Baseline: 721.25 | Improvement: 186.78 | Win Rate: 100.00% | Actor Loss: 1.8977 | Entropy: 2.9492 | Invalid S/B: 0.06/0.00 | Max Load: 20.9 | Load Gap: 1.8
Epoch [1116/3000] | Sampled: 535.50 | Baseline: 720.31 | Improvement: 184.81 | Win Rate: 100.00% | Actor Loss: 1.6270 | Entropy: 2.9602 | Invalid S/B: 0.00/0.00 | Max Load: 20.9 | Load Gap: 1.9
Epoch [1117/3000] | Sampled: 527.16 | Baseline: 717.59 | Improvement: 190.44 | Win Rate: 100.00% | Actor Loss: 1.6525 | Entropy: 2.9493 | Invalid S/B: 0.00/0.00 | Max Load: 20.9 | Load Gap: 1.8
Epoch [1118/3000] | Sampled: 528.09 | Baseline: 715.72 | Improvement: 187.62 | Win Rate: 100.00% | Actor Loss: 1.7748 | Entropy: 2.9934 | Invalid S/B: 0.06/0.00 | Max Load: 20.8 | Load Gap: 1.5
Epoch [1119/3000] | Sampled: 524.88 | Baseline: 712.16 | Improvement: 187.28 | Win Rate: 100.00% | Actor Loss: 1.3130 | Entropy: 2.9856 | Invalid S/B: 0.06/0.00 | Max Load: 20.8 | Load Gap: 1.5
Epoch [1120/3000] | Sampled: 531.62 | Baseline: 714.78 | Improvement: 183.16 | Win Rate: 100.00% | Actor Loss: -3.3335 | Entropy: 2.9951 | Invalid S/B: 0.03/0.00 | Max Load: 20.7 | Load Gap: 1.4
Epoch [1121/3000] | Sampled: 533.00 | Baseline: 716.44 | Improvement: 183.44 | Win Rate: 100.00% | Actor Loss: 1.3407 | Entropy: 2.9998 | Invalid S/B: 0.00/0.00 | Max Load: 21.1 | Load Gap: 2.1
Epoch [1122/3000] | Sampled: 535.50 | Baseline: 718.41 | Improvement: 182.91 | Win Rate: 100.00% | Actor Loss: 3.3265 | Entropy: 3.0180 | Invalid S/B: 0.00/0.00 | Max Load: 20.8 | Load Gap: 1.6
Epoch [1123/3000] | Sampled: 542.69 | Baseline: 713.22 | Improvement: 170.53 | Win Rate: 100.00% | Actor Loss: 2.0140 | Entropy: 3.0169 | Invalid S/B: 0.03/0.00 | Max Load: 20.8 | Load Gap: 1.6
Epoch [1124/3000] | Sampled: 532.75 | Baseline: 716.88 | Improvement: 184.12 | Win Rate: 100.00% | Actor Loss: -6.5381 | Entropy: 3.0209 | Invalid S/B: 0.03/0.00 | Max Load: 20.8 | Load Gap: 1.6
Epoch [1125/3000] | Sampled: 520.59 | Baseline: 713.16 | Improvement: 192.56 | Win Rate: 100.00% | Actor Loss: -0.0808 | Entropy: 3.0151 | Invalid S/B: 0.06/0.00 | Max Load: 20.8 | Load Gap: 1.5
Epoch [1126/3000] | Sampled: 524.56 | Baseline: 715.94 | Improvement: 191.38 | Win Rate: 100.00% | Actor Loss: -1.4485 | Entropy: 3.0372 | Invalid S/B: 0.00/0.00 | Max Load: 20.8 | Load Gap: 1.4
Epoch [1127/3000] | Sampled: 530.53 | Baseline: 717.97 | Improvement: 187.44 | Win Rate: 100.00% | Actor Loss: 2.1234 | Entropy: 3.0434 | Invalid S/B: 0.00/0.00 | Max Load: 20.8 | Load Gap: 1.6
Epoch [1128/3000] | Sampled: 528.91 | Baseline: 718.53 | Improvement: 189.62 | Win Rate: 100.00% | Actor Loss: 0.8316 | Entropy: 3.0542 | Invalid S/B: 0.03/0.00 | Max Load: 20.9 | Load Gap: 1.9
Epoch [1129/3000] | Sampled: 535.38 | Baseline: 718.19 | Improvement: 182.81 | Win Rate: 100.00% | Actor Loss: 0.6898 | Entropy: 3.0656 | Invalid S/B: 0.06/0.00 | Max Load: 20.8 | Load Gap: 1.4
Epoch [1130/3000] | Sampled: 526.47 | Baseline: 717.81 | Improvement: 191.34 | Win Rate: 100.00% | Actor Loss: 2.7322 | Entropy: 3.0603 | Invalid S/B: 0.00/0.00 | Max Load: 20.9 | Load Gap: 1.9
Epoch [1131/3000] | Sampled: 529.31 | Baseline: 718.91 | Improvement: 189.59 | Win Rate: 100.00% | Actor Loss: -0.2969 | Entropy: 3.0485 | Invalid S/B: 0.03/0.00 | Max Load: 20.8 | Load Gap: 1.6
Epoch [1132/3000] | Sampled: 531.78 | Baseline: 717.66 | Improvement: 185.88 | Win Rate: 100.00% | Actor Loss: 0.3921 | Entropy: 3.0386 | Invalid S/B: 0.03/0.00 | Max Load: 20.9 | Load Gap: 1.8
Epoch [1133/3000] | Sampled: 535.56 | Baseline: 717.78 | Improvement: 182.22 | Win Rate: 100.00% | Actor Loss: 2.1208 | Entropy: 3.0212 | Invalid S/B: 0.03/0.00 | Max Load: 20.9 | Load Gap: 1.8
Epoch [1134/3000] | Sampled: 538.94 | Baseline: 717.91 | Improvement: 178.97 | Win Rate: 100.00% | Actor Loss: 5.0167 | Entropy: 3.0223 | Invalid S/B: 0.03/0.00 | Max Load: 21.1 | Load Gap: 2.2
Epoch [1135/3000] | Sampled: 528.62 | Baseline: 718.00 | Improvement: 189.38 | Win Rate: 100.00% | Actor Loss: 0.8134 | Entropy: 3.0379 | Invalid S/B: 0.00/0.00 | Max Load: 21.0 | Load Gap: 2.3
Epoch [1136/3000] | Sampled: 541.72 | Baseline: 719.81 | Improvement: 178.09 | Win Rate: 100.00% | Actor Loss: -0.2037 | Entropy: 3.0308 | Invalid S/B: 0.03/0.00 | Max Load: 21.2 | Load Gap: 2.1
Epoch [1137/3000] | Sampled: 541.50 | Baseline: 719.31 | Improvement: 177.81 | Win Rate: 100.00% | Actor Loss: -1.5412 | Entropy: 3.0264 | Invalid S/B: 0.00/0.00 | Max Load: 21.1 | Load Gap: 2.3
Epoch [1138/3000] | Sampled: 530.97 | Baseline: 722.91 | Improvement: 191.94 | Win Rate: 100.00% | Actor Loss: -1.0034 | Entropy: 3.0183 | Invalid S/B: 0.00/0.03 | Max Load: 21.2 | Load Gap: 2.5
Epoch [1139/3000] | Sampled: 541.12 | Baseline: 720.12 | Improvement: 179.00 | Win Rate: 100.00% | Actor Loss: -3.3119 | Entropy: 2.9945 | Invalid S/B: 0.00/0.00 | Max Load: 21.2 | Load Gap: 2.4
Epoch [1140/3000] | Sampled: 534.62 | Baseline: 715.03 | Improvement: 180.41 | Win Rate: 100.00% | Actor Loss: 2.5916 | Entropy: 2.9935 | Invalid S/B: 0.03/0.00 | Max Load: 21.2 | Load Gap: 2.4
Epoch [1141/3000] | Sampled: 539.31 | Baseline: 712.72 | Improvement: 173.41 | Win Rate: 100.00% | Actor Loss: 4.1078 | Entropy: 2.9995 | Invalid S/B: 0.00/0.00 | Max Load: 20.8 | Load Gap: 1.7
Epoch [1142/3000] | Sampled: 540.53 | Baseline: 718.19 | Improvement: 177.66 | Win Rate: 100.00% | Actor Loss: 2.1636 | Entropy: 2.9895 | Invalid S/B: 0.03/0.00 | Max Load: 21.1 | Load Gap: 2.3
Epoch [1143/3000] | Sampled: 541.94 | Baseline: 714.94 | Improvement: 173.00 | Win Rate: 100.00% | Actor Loss: 1.8644 | Entropy: 2.9860 | Invalid S/B: 0.03/0.00 | Max Load: 21.3 | Load Gap: 2.7
Epoch [1144/3000] | Sampled: 544.91 | Baseline: 718.34 | Improvement: 173.44 | Win Rate: 100.00% | Actor Loss: 3.0545 | Entropy: 2.9905 | Invalid S/B: 0.03/0.00 | Max Load: 21.1 | Load Gap: 2.2
Epoch [1145/3000] | Sampled: 539.16 | Baseline: 715.34 | Improvement: 176.19 | Win Rate: 100.00% | Actor Loss: 1.3555 | Entropy: 2.9633 | Invalid S/B: 0.03/0.00 | Max Load: 21.3 | Load Gap: 2.6
Epoch [1146/3000] | Sampled: 540.56 | Baseline: 715.00 | Improvement: 174.44 | Win Rate: 100.00% | Actor Loss: -2.5655 | Entropy: 2.9679 | Invalid S/B: 0.03/0.00 | Max Load: 21.2 | Load Gap: 2.4
Epoch [1147/3000] | Sampled: 530.53 | Baseline: 714.28 | Improvement: 183.75 | Win Rate: 100.00% | Actor Loss: -1.9532 | Entropy: 2.9813 | Invalid S/B: 0.00/0.00 | Max Load: 21.2 | Load Gap: 2.4
Epoch [1148/3000] | Sampled: 546.47 | Baseline: 721.62 | Improvement: 175.16 | Win Rate: 100.00% | Actor Loss: -4.9269 | Entropy: 2.9584 | Invalid S/B: 0.03/0.00 | Max Load: 21.2 | Load Gap: 2.4
Epoch [1149/3000] | Sampled: 530.25 | Baseline: 717.75 | Improvement: 187.50 | Win Rate: 100.00% | Actor Loss: -5.9719 | Entropy: 2.9966 | Invalid S/B: 0.03/0.00 | Max Load: 20.8 | Load Gap: 1.7
Epoch [1150/3000] | Sampled: 530.09 | Baseline: 720.41 | Improvement: 190.31 | Win Rate: 100.00% | Actor Loss: 2.9599 | Entropy: 2.9854 | Invalid S/B: 0.03/0.00 | Max Load: 21.0 | Load Gap: 2.0
   -> Validation | Samples: 50 | Makespan: 509.54 | Invalid Jobs: 0.00
Epoch [1151/3000] | Sampled: 523.56 | Baseline: 713.16 | Improvement: 189.59 | Win Rate: 100.00% | Actor Loss: 1.1628 | Entropy: 2.9672 | Invalid S/B: 0.00/0.00 | Max Load: 21.2 | Load Gap: 2.2
Epoch [1152/3000] | Sampled: 540.62 | Baseline: 717.78 | Improvement: 177.16 | Win Rate: 100.00% | Actor Loss: -2.3258 | Entropy: 2.9768 | Invalid S/B: 0.06/0.00 | Max Load: 21.2 | Load Gap: 2.6
Epoch [1153/3000] | Sampled: 542.97 | Baseline: 718.62 | Improvement: 175.66 | Win Rate: 100.00% | Actor Loss: 1.4395 | Entropy: 2.9493 | Invalid S/B: 0.00/0.00 | Max Load: 21.4 | Load Gap: 2.7
Epoch [1154/3000] | Sampled: 526.72 | Baseline: 713.47 | Improvement: 186.75 | Win Rate: 100.00% | Actor Loss: -1.4686 | Entropy: 2.9365 | Invalid S/B: 0.06/0.00 | Max Load: 21.1 | Load Gap: 2.4
Epoch [1155/3000] | Sampled: 534.47 | Baseline: 717.34 | Improvement: 182.88 | Win Rate: 100.00% | Actor Loss: -1.5858 | Entropy: 2.9384 | Invalid S/B: 0.00/0.00 | Max Load: 21.2 | Load Gap: 2.4
Epoch [1156/3000] | Sampled: 540.28 | Baseline: 717.62 | Improvement: 177.34 | Win Rate: 100.00% | Actor Loss: -2.4685 | Entropy: 2.9205 | Invalid S/B: 0.03/0.00 | Max Load: 21.3 | Load Gap: 2.5
Epoch [1157/3000] | Sampled: 540.94 | Baseline: 717.88 | Improvement: 176.94 | Win Rate: 100.00% | Actor Loss: 3.8248 | Entropy: 2.9022 | Invalid S/B: 0.09/0.00 | Max Load: 21.1 | Load Gap: 2.2
Epoch [1158/3000] | Sampled: 538.44 | Baseline: 720.44 | Improvement: 182.00 | Win Rate: 100.00% | Actor Loss: 1.3420 | Entropy: 2.8779 | Invalid S/B: 0.00/0.00 | Max Load: 21.0 | Load Gap: 2.1
Epoch [1159/3000] | Sampled: 525.31 | Baseline: 714.69 | Improvement: 189.38 | Win Rate: 100.00% | Actor Loss: 2.5749 | Entropy: 2.8826 | Invalid S/B: 0.03/0.00 | Max Load: 21.2 | Load Gap: 2.2
Epoch [1160/3000] | Sampled: 547.72 | Baseline: 717.91 | Improvement: 170.19 | Win Rate: 100.00% | Actor Loss: 0.5222 | Entropy: 2.8761 | Invalid S/B: 0.03/0.00 | Max Load: 21.0 | Load Gap: 2.0
Epoch [1161/3000] | Sampled: 541.81 | Baseline: 720.50 | Improvement: 178.69 | Win Rate: 100.00% | Actor Loss: -3.2735 | Entropy: 2.8704 | Invalid S/B: 0.03/0.00 | Max Load: 21.2 | Load Gap: 2.2
Epoch [1162/3000] | Sampled: 529.69 | Baseline: 716.44 | Improvement: 186.75 | Win Rate: 100.00% | Actor Loss: -1.1929 | Entropy: 2.8678 | Invalid S/B: 0.03/0.03 | Max Load: 21.1 | Load Gap: 2.1
Epoch [1163/3000] | Sampled: 526.91 | Baseline: 715.53 | Improvement: 188.62 | Win Rate: 100.00% | Actor Loss: -1.8573 | Entropy: 2.8743 | Invalid S/B: 0.00/0.00 | Max Load: 21.0 | Load Gap: 2.0
Epoch [1164/3000] | Sampled: 540.78 | Baseline: 715.38 | Improvement: 174.59 | Win Rate: 100.00% | Actor Loss: -3.0419 | Entropy: 2.8565 | Invalid S/B: 0.00/0.00 | Max Load: 21.1 | Load Gap: 2.3
Epoch [1165/3000] | Sampled: 522.75 | Baseline: 710.19 | Improvement: 187.44 | Win Rate: 100.00% | Actor Loss: 1.7368 | Entropy: 2.8949 | Invalid S/B: 0.03/0.00 | Max Load: 20.9 | Load Gap: 1.8
Epoch [1166/3000] | Sampled: 533.16 | Baseline: 716.00 | Improvement: 182.84 | Win Rate: 100.00% | Actor Loss: -1.4069 | Entropy: 2.8723 | Invalid S/B: 0.06/0.00 | Max Load: 20.8 | Load Gap: 1.6
Epoch [1167/3000] | Sampled: 532.34 | Baseline: 723.50 | Improvement: 191.16 | Win Rate: 100.00% | Actor Loss: 2.1367 | Entropy: 2.8750 | Invalid S/B: 0.03/0.03 | Max Load: 20.9 | Load Gap: 1.7
Epoch [1168/3000] | Sampled: 521.53 | Baseline: 717.84 | Improvement: 196.31 | Win Rate: 100.00% | Actor Loss: -5.0808 | Entropy: 2.9082 | Invalid S/B: 0.00/0.00 | Max Load: 20.8 | Load Gap: 1.5
Epoch [1169/3000] | Sampled: 531.75 | Baseline: 720.28 | Improvement: 188.53 | Win Rate: 100.00% | Actor Loss: 1.5281 | Entropy: 2.8728 | Invalid S/B: 0.00/0.03 | Max Load: 21.0 | Load Gap: 2.0
Epoch [1170/3000] | Sampled: 528.94 | Baseline: 718.25 | Improvement: 189.31 | Win Rate: 100.00% | Actor Loss: -3.8971 | Entropy: 2.8947 | Invalid S/B: 0.06/0.00 | Max Load: 20.9 | Load Gap: 1.8
Epoch [1171/3000] | Sampled: 526.97 | Baseline: 715.66 | Improvement: 188.69 | Win Rate: 100.00% | Actor Loss: 5.8047 | Entropy: 2.9133 | Invalid S/B: 0.00/0.00 | Max Load: 20.7 | Load Gap: 1.4
Epoch [1172/3000] | Sampled: 521.16 | Baseline: 719.34 | Improvement: 198.19 | Win Rate: 100.00% | Actor Loss: 4.6301 | Entropy: 2.9051 | Invalid S/B: 0.00/0.00 | Max Load: 20.9 | Load Gap: 1.8
Epoch [1173/3000] | Sampled: 516.50 | Baseline: 717.22 | Improvement: 200.72 | Win Rate: 100.00% | Actor Loss: 1.7726 | Entropy: 2.9103 | Invalid S/B: 0.03/0.03 | Max Load: 20.8 | Load Gap: 1.7
Epoch [1174/3000] | Sampled: 535.75 | Baseline: 714.91 | Improvement: 179.16 | Win Rate: 100.00% | Actor Loss: -0.6069 | Entropy: 2.9084 | Invalid S/B: 0.03/0.00 | Max Load: 20.8 | Load Gap: 1.6
Epoch [1175/3000] | Sampled: 539.50 | Baseline: 724.31 | Improvement: 184.81 | Win Rate: 100.00% | Actor Loss: -1.8249 | Entropy: 2.9262 | Invalid S/B: 0.03/0.03 | Max Load: 20.8 | Load Gap: 1.7
Epoch [1176/3000] | Sampled: 535.00 | Baseline: 717.94 | Improvement: 182.94 | Win Rate: 100.00% | Actor Loss: 1.6459 | Entropy: 2.9330 | Invalid S/B: 0.03/0.00 | Max Load: 20.9 | Load Gap: 1.8
Epoch [1177/3000] | Sampled: 522.19 | Baseline: 718.97 | Improvement: 196.78 | Win Rate: 100.00% | Actor Loss: -1.8653 | Entropy: 2.9280 | Invalid S/B: 0.00/0.00 | Max Load: 20.8 | Load Gap: 1.7
Epoch [1178/3000] | Sampled: 523.81 | Baseline: 715.22 | Improvement: 191.41 | Win Rate: 100.00% | Actor Loss: -5.8708 | Entropy: 2.9266 | Invalid S/B: 0.03/0.00 | Max Load: 20.8 | Load Gap: 1.6
Epoch [1179/3000] | Sampled: 527.06 | Baseline: 720.41 | Improvement: 193.34 | Win Rate: 100.00% | Actor Loss: -2.0042 | Entropy: 2.9236 | Invalid S/B: 0.00/0.00 | Max Load: 21.0 | Load Gap: 1.9
Epoch [1180/3000] | Sampled: 533.81 | Baseline: 718.06 | Improvement: 184.25 | Win Rate: 100.00% | Actor Loss: 4.0237 | Entropy: 2.9082 | Invalid S/B: 0.06/0.00 | Max Load: 20.9 | Load Gap: 1.9
Epoch [1181/3000] | Sampled: 530.78 | Baseline: 720.28 | Improvement: 189.50 | Win Rate: 100.00% | Actor Loss: 3.4967 | Entropy: 2.9139 | Invalid S/B: 0.00/0.00 | Max Load: 21.0 | Load Gap: 1.9
Epoch [1182/3000] | Sampled: 531.22 | Baseline: 722.34 | Improvement: 191.12 | Win Rate: 100.00% | Actor Loss: -1.0112 | Entropy: 2.9364 | Invalid S/B: 0.00/0.00 | Max Load: 20.9 | Load Gap: 1.8
Epoch [1183/3000] | Sampled: 533.62 | Baseline: 722.56 | Improvement: 188.94 | Win Rate: 100.00% | Actor Loss: -2.3870 | Entropy: 2.9118 | Invalid S/B: 0.03/0.00 | Max Load: 20.9 | Load Gap: 1.9
Epoch [1184/3000] | Sampled: 527.62 | Baseline: 719.50 | Improvement: 191.88 | Win Rate: 100.00% | Actor Loss: 0.9379 | Entropy: 2.9187 | Invalid S/B: 0.03/0.00 | Max Load: 20.9 | Load Gap: 1.8
Epoch [1185/3000] | Sampled: 521.47 | Baseline: 716.59 | Improvement: 195.12 | Win Rate: 100.00% | Actor Loss: -0.0029 | Entropy: 2.9455 | Invalid S/B: 0.00/0.00 | Max Load: 20.8 | Load Gap: 1.5
Epoch [1186/3000] | Sampled: 530.72 | Baseline: 716.78 | Improvement: 186.06 | Win Rate: 100.00% | Actor Loss: 3.8031 | Entropy: 2.9551 | Invalid S/B: 0.09/0.00 | Max Load: 21.0 | Load Gap: 1.8
Epoch [1187/3000] | Sampled: 536.88 | Baseline: 721.53 | Improvement: 184.66 | Win Rate: 100.00% | Actor Loss: 1.4900 | Entropy: 2.9802 | Invalid S/B: 0.00/0.00 | Max Load: 20.7 | Load Gap: 1.3
Epoch [1188/3000] | Sampled: 537.38 | Baseline: 722.47 | Improvement: 185.09 | Win Rate: 100.00% | Actor Loss: -4.7252 | Entropy: 3.0099 | Invalid S/B: 0.00/0.00 | Max Load: 20.6 | Load Gap: 1.2
Epoch [1189/3000] | Sampled: 534.22 | Baseline: 715.56 | Improvement: 181.34 | Win Rate: 100.00% | Actor Loss: -2.3868 | Entropy: 2.9888 | Invalid S/B: 0.00/0.00 | Max Load: 20.8 | Load Gap: 1.6
Epoch [1190/3000] | Sampled: 527.53 | Baseline: 714.12 | Improvement: 186.59 | Win Rate: 100.00% | Actor Loss: 2.1800 | Entropy: 2.9849 | Invalid S/B: 0.03/0.00 | Max Load: 20.7 | Load Gap: 1.4
Epoch [1191/3000] | Sampled: 530.50 | Baseline: 714.53 | Improvement: 184.03 | Win Rate: 100.00% | Actor Loss: 3.6755 | Entropy: 2.9791 | Invalid S/B: 0.00/0.00 | Max Load: 21.1 | Load Gap: 2.1
Epoch [1192/3000] | Sampled: 538.03 | Baseline: 722.34 | Improvement: 184.31 | Win Rate: 100.00% | Actor Loss: -0.7127 | Entropy: 2.9795 | Invalid S/B: 0.03/0.00 | Max Load: 20.9 | Load Gap: 1.8
Epoch [1193/3000] | Sampled: 535.91 | Baseline: 719.97 | Improvement: 184.06 | Win Rate: 100.00% | Actor Loss: -1.6041 | Entropy: 3.0033 | Invalid S/B: 0.03/0.00 | Max Load: 21.0 | Load Gap: 2.0
Epoch [1194/3000] | Sampled: 533.25 | Baseline: 715.97 | Improvement: 182.72 | Win Rate: 100.00% | Actor Loss: 2.1368 | Entropy: 3.0028 | Invalid S/B: 0.00/0.00 | Max Load: 21.0 | Load Gap: 1.9
Epoch [1195/3000] | Sampled: 529.03 | Baseline: 718.09 | Improvement: 189.06 | Win Rate: 100.00% | Actor Loss: 2.1320 | Entropy: 2.9975 | Invalid S/B: 0.00/0.00 | Max Load: 21.0 | Load Gap: 2.0
Epoch [1196/3000] | Sampled: 542.09 | Baseline: 716.59 | Improvement: 174.50 | Win Rate: 100.00% | Actor Loss: 2.5916 | Entropy: 3.0004 | Invalid S/B: 0.03/0.00 | Max Load: 21.0 | Load Gap: 1.8
Epoch [1197/3000] | Sampled: 538.50 | Baseline: 717.59 | Improvement: 179.09 | Win Rate: 100.00% | Actor Loss: 4.8508 | Entropy: 2.9888 | Invalid S/B: 0.00/0.00 | Max Load: 21.0 | Load Gap: 2.0
Epoch [1198/3000] | Sampled: 538.75 | Baseline: 719.03 | Improvement: 180.28 | Win Rate: 100.00% | Actor Loss: 0.0315 | Entropy: 2.9845 | Invalid S/B: 0.06/0.00 | Max Load: 21.1 | Load Gap: 2.3
Epoch [1199/3000] | Sampled: 532.47 | Baseline: 719.31 | Improvement: 186.84 | Win Rate: 100.00% | Actor Loss: -0.4656 | Entropy: 2.9663 | Invalid S/B: 0.00/0.00 | Max Load: 21.2 | Load Gap: 2.4
Epoch [1200/3000] | Sampled: 526.72 | Baseline: 713.44 | Improvement: 186.72 | Win Rate: 100.00% | Actor Loss: 3.7551 | Entropy: 2.9852 | Invalid S/B: 0.03/0.00 | Max Load: 21.0 | Load Gap: 2.0
   -> Validation | Samples: 50 | Makespan: 515.80 | Invalid Jobs: 0.04
   -> Saved updated training chart to /home/wei/AMR-DFJSP/Static_alogorithm/GNN/gnn_precise_training_metrics.png
Epoch [1201/3000] | Sampled: 527.00 | Baseline: 714.72 | Improvement: 187.72 | Win Rate: 100.00% | Actor Loss: 0.8010 | Entropy: 2.9899 | Invalid S/B: 0.00/0.00 | Max Load: 20.9 | Load Gap: 2.0
Epoch [1202/3000] | Sampled: 537.66 | Baseline: 723.03 | Improvement: 185.38 | Win Rate: 100.00% | Actor Loss: 0.9461 | Entropy: 2.9604 | Invalid S/B: 0.00/0.00 | Max Load: 21.0 | Load Gap: 1.9
Epoch [1203/3000] | Sampled: 535.59 | Baseline: 711.03 | Improvement: 175.44 | Win Rate: 100.00% | Actor Loss: -2.8247 | Entropy: 2.9824 | Invalid S/B: 0.03/0.00 | Max Load: 21.1 | Load Gap: 2.2
Epoch [1204/3000] | Sampled: 539.09 | Baseline: 715.94 | Improvement: 176.84 | Win Rate: 100.00% | Actor Loss: 0.6769 | Entropy: 2.9865 | Invalid S/B: 0.06/0.00 | Max Load: 21.0 | Load Gap: 2.1
Epoch [1205/3000] | Sampled: 548.88 | Baseline: 722.41 | Improvement: 173.53 | Win Rate: 100.00% | Actor Loss: -0.1000 | Entropy: 2.9711 | Invalid S/B: 0.09/0.00 | Max Load: 21.1 | Load Gap: 2.2
Epoch [1206/3000] | Sampled: 539.75 | Baseline: 718.53 | Improvement: 178.78 | Win Rate: 100.00% | Actor Loss: -4.0891 | Entropy: 2.9773 | Invalid S/B: 0.00/0.00 | Max Load: 20.9 | Load Gap: 1.8
Epoch [1207/3000] | Sampled: 534.47 | Baseline: 713.84 | Improvement: 179.38 | Win Rate: 100.00% | Actor Loss: 2.9792 | Entropy: 2.9765 | Invalid S/B: 0.03/0.00 | Max Load: 20.9 | Load Gap: 1.9
Epoch [1208/3000] | Sampled: 532.44 | Baseline: 719.94 | Improvement: 187.50 | Win Rate: 100.00% | Actor Loss: 0.8814 | Entropy: 2.9718 | Invalid S/B: 0.00/0.00 | Max Load: 21.1 | Load Gap: 2.2
Epoch [1209/3000] | Sampled: 532.72 | Baseline: 717.50 | Improvement: 184.78 | Win Rate: 100.00% | Actor Loss: 2.7141 | Entropy: 2.9801 | Invalid S/B: 0.06/0.00 | Max Load: 21.0 | Load Gap: 2.0
Epoch [1210/3000] | Sampled: 526.78 | Baseline: 726.53 | Improvement: 199.75 | Win Rate: 100.00% | Actor Loss: 3.4740 | Entropy: 2.9697 | Invalid S/B: 0.00/0.00 | Max Load: 20.9 | Load Gap: 1.8
Epoch [1211/3000] | Sampled: 517.47 | Baseline: 716.56 | Improvement: 199.09 | Win Rate: 100.00% | Actor Loss: 1.2946 | Entropy: 3.0021 | Invalid S/B: 0.00/0.00 | Max Load: 20.8 | Load Gap: 1.6
Epoch [1212/3000] | Sampled: 526.97 | Baseline: 714.28 | Improvement: 187.31 | Win Rate: 100.00% | Actor Loss: -1.4285 | Entropy: 3.0057 | Invalid S/B: 0.00/0.00 | Max Load: 20.7 | Load Gap: 1.3
Epoch [1213/3000] | Sampled: 523.41 | Baseline: 711.12 | Improvement: 187.72 | Win Rate: 100.00% | Actor Loss: -7.2960 | Entropy: 2.9787 | Invalid S/B: 0.03/0.00 | Max Load: 20.7 | Load Gap: 1.3
Epoch [1214/3000] | Sampled: 528.25 | Baseline: 718.44 | Improvement: 190.19 | Win Rate: 100.00% | Actor Loss: -2.9037 | Entropy: 2.9656 | Invalid S/B: 0.00/0.00 | Max Load: 20.9 | Load Gap: 1.8
Epoch [1215/3000] | Sampled: 524.03 | Baseline: 717.59 | Improvement: 193.56 | Win Rate: 100.00% | Actor Loss: -1.7424 | Entropy: 2.9708 | Invalid S/B: 0.12/0.00 | Max Load: 20.8 | Load Gap: 1.6
Epoch [1216/3000] | Sampled: 528.25 | Baseline: 718.59 | Improvement: 190.34 | Win Rate: 100.00% | Actor Loss: -3.6283 | Entropy: 2.9797 | Invalid S/B: 0.00/0.00 | Max Load: 20.7 | Load Gap: 1.4
Epoch [1217/3000] | Sampled: 536.84 | Baseline: 716.66 | Improvement: 179.81 | Win Rate: 100.00% | Actor Loss: -0.5243 | Entropy: 2.9905 | Invalid S/B: 0.06/0.00 | Max Load: 20.9 | Load Gap: 1.7
Epoch [1218/3000] | Sampled: 530.59 | Baseline: 721.88 | Improvement: 191.28 | Win Rate: 100.00% | Actor Loss: 0.9926 | Entropy: 2.9752 | Invalid S/B: 0.06/0.00 | Max Load: 20.9 | Load Gap: 1.8
Epoch [1219/3000] | Sampled: 530.09 | Baseline: 720.47 | Improvement: 190.38 | Win Rate: 100.00% | Actor Loss: 4.7970 | Entropy: 2.9671 | Invalid S/B: 0.00/0.00 | Max Load: 20.8 | Load Gap: 1.5
Epoch [1220/3000] | Sampled: 531.69 | Baseline: 717.12 | Improvement: 185.44 | Win Rate: 100.00% | Actor Loss: -3.3428 | Entropy: 2.9431 | Invalid S/B: 0.00/0.00 | Max Load: 20.8 | Load Gap: 1.5
Epoch [1221/3000] | Sampled: 539.16 | Baseline: 716.47 | Improvement: 177.31 | Win Rate: 100.00% | Actor Loss: -4.2355 | Entropy: 2.9464 | Invalid S/B: 0.03/0.00 | Max Load: 20.8 | Load Gap: 1.5
Epoch [1222/3000] | Sampled: 540.53 | Baseline: 718.19 | Improvement: 177.66 | Win Rate: 100.00% | Actor Loss: 0.2431 | Entropy: 2.9131 | Invalid S/B: 0.03/0.00 | Max Load: 20.8 | Load Gap: 1.6
Epoch [1223/3000] | Sampled: 532.62 | Baseline: 718.47 | Improvement: 185.84 | Win Rate: 100.00% | Actor Loss: 1.7858 | Entropy: 2.9145 | Invalid S/B: 0.06/0.00 | Max Load: 20.9 | Load Gap: 1.8
Epoch [1224/3000] | Sampled: 523.91 | Baseline: 716.56 | Improvement: 192.66 | Win Rate: 100.00% | Actor Loss: -4.1715 | Entropy: 2.9154 | Invalid S/B: 0.03/0.00 | Max Load: 20.9 | Load Gap: 1.8
Epoch [1225/3000] | Sampled: 530.69 | Baseline: 719.41 | Improvement: 188.72 | Win Rate: 100.00% | Actor Loss: -2.4199 | Entropy: 2.9207 | Invalid S/B: 0.00/0.00 | Max Load: 20.9 | Load Gap: 1.8
Epoch [1226/3000] | Sampled: 531.53 | Baseline: 714.94 | Improvement: 183.41 | Win Rate: 100.00% | Actor Loss: -0.4091 | Entropy: 2.8595 | Invalid S/B: 0.00/0.00 | Max Load: 21.0 | Load Gap: 1.9
Epoch [1227/3000] | Sampled: 539.47 | Baseline: 717.28 | Improvement: 177.81 | Win Rate: 100.00% | Actor Loss: 0.0960 | Entropy: 2.8746 | Invalid S/B: 0.03/0.00 | Max Load: 20.8 | Load Gap: 1.5
Epoch [1228/3000] | Sampled: 531.97 | Baseline: 717.53 | Improvement: 185.56 | Win Rate: 100.00% | Actor Loss: 0.7080 | Entropy: 2.8723 | Invalid S/B: 0.06/0.00 | Max Load: 20.8 | Load Gap: 1.5
Epoch [1229/3000] | Sampled: 548.72 | Baseline: 718.72 | Improvement: 170.00 | Win Rate: 100.00% | Actor Loss: 1.2677 | Entropy: 2.8635 | Invalid S/B: 0.06/0.00 | Max Load: 20.8 | Load Gap: 1.6
Epoch [1230/3000] | Sampled: 532.31 | Baseline: 715.62 | Improvement: 183.31 | Win Rate: 100.00% | Actor Loss: 2.7005 | Entropy: 2.8673 | Invalid S/B: 0.00/0.00 | Max Load: 20.6 | Load Gap: 1.2
Epoch [1231/3000] | Sampled: 524.75 | Baseline: 714.78 | Improvement: 190.03 | Win Rate: 100.00% | Actor Loss: -0.6131 | Entropy: 2.8559 | Invalid S/B: 0.00/0.00 | Max Load: 20.7 | Load Gap: 1.4
Epoch [1232/3000] | Sampled: 527.09 | Baseline: 723.16 | Improvement: 196.06 | Win Rate: 100.00% | Actor Loss: -2.5645 | Entropy: 2.8391 | Invalid S/B: 0.00/0.03 | Max Load: 20.6 | Load Gap: 1.2
Epoch [1233/3000] | Sampled: 528.06 | Baseline: 721.41 | Improvement: 193.34 | Win Rate: 100.00% | Actor Loss: -1.7234 | Entropy: 2.8346 | Invalid S/B: 0.00/0.00 | Max Load: 20.9 | Load Gap: 1.8
Epoch [1234/3000] | Sampled: 537.06 | Baseline: 724.19 | Improvement: 187.12 | Win Rate: 100.00% | Actor Loss: -3.7719 | Entropy: 2.8708 | Invalid S/B: 0.00/0.00 | Max Load: 20.8 | Load Gap: 1.6
Epoch [1235/3000] | Sampled: 544.31 | Baseline: 720.16 | Improvement: 175.84 | Win Rate: 100.00% | Actor Loss: 0.3598 | Entropy: 2.8534 | Invalid S/B: 0.06/0.00 | Max Load: 20.8 | Load Gap: 1.6
Epoch [1236/3000] | Sampled: 522.88 | Baseline: 711.69 | Improvement: 188.81 | Win Rate: 100.00% | Actor Loss: -1.4165 | Entropy: 2.8685 | Invalid S/B: 0.00/0.00 | Max Load: 20.9 | Load Gap: 1.8
Epoch [1237/3000] | Sampled: 526.41 | Baseline: 717.69 | Improvement: 191.28 | Win Rate: 100.00% | Actor Loss: -2.0351 | Entropy: 2.8695 | Invalid S/B: 0.06/0.00 | Max Load: 20.8 | Load Gap: 1.5
Epoch [1238/3000] | Sampled: 537.00 | Baseline: 723.69 | Improvement: 186.69 | Win Rate: 100.00% | Actor Loss: -2.7518 | Entropy: 2.8696 | Invalid S/B: 0.03/0.00 | Max Load: 20.8 | Load Gap: 1.7
Epoch [1239/3000] | Sampled: 532.16 | Baseline: 718.00 | Improvement: 185.84 | Win Rate: 100.00% | Actor Loss: 1.8494 | Entropy: 2.8773 | Invalid S/B: 0.03/0.00 | Max Load: 20.9 | Load Gap: 1.8
Epoch [1240/3000] | Sampled: 525.59 | Baseline: 719.84 | Improvement: 194.25 | Win Rate: 100.00% | Actor Loss: -3.6884 | Entropy: 2.8758 | Invalid S/B: 0.06/0.00 | Max Load: 21.0 | Load Gap: 2.0
Epoch [1241/3000] | Sampled: 529.88 | Baseline: 717.91 | Improvement: 188.03 | Win Rate: 100.00% | Actor Loss: -2.9344 | Entropy: 2.9014 | Invalid S/B: 0.06/0.00 | Max Load: 20.8 | Load Gap: 1.6
Epoch [1242/3000] | Sampled: 531.31 | Baseline: 716.75 | Improvement: 185.44 | Win Rate: 100.00% | Actor Loss: 1.8740 | Entropy: 2.9163 | Invalid S/B: 0.06/0.00 | Max Load: 20.9 | Load Gap: 1.8
Epoch [1243/3000] | Sampled: 529.50 | Baseline: 716.91 | Improvement: 187.41 | Win Rate: 100.00% | Actor Loss: -2.5541 | Entropy: 2.9123 | Invalid S/B: 0.00/0.00 | Max Load: 20.8 | Load Gap: 1.5
Epoch [1244/3000] | Sampled: 539.94 | Baseline: 717.34 | Improvement: 177.41 | Win Rate: 100.00% | Actor Loss: -2.1170 | Entropy: 2.8886 | Invalid S/B: 0.06/0.00 | Max Load: 21.0 | Load Gap: 1.9
Epoch [1245/3000] | Sampled: 531.56 | Baseline: 722.31 | Improvement: 190.75 | Win Rate: 100.00% | Actor Loss: 3.9131 | Entropy: 2.8559 | Invalid S/B: 0.00/0.00 | Max Load: 20.8 | Load Gap: 1.7
Epoch [1246/3000] | Sampled: 551.84 | Baseline: 721.25 | Improvement: 169.41 | Win Rate: 100.00% | Actor Loss: 3.5317 | Entropy: 2.8795 | Invalid S/B: 0.03/0.00 | Max Load: 21.0 | Load Gap: 2.0
Epoch [1247/3000] | Sampled: 534.59 | Baseline: 713.12 | Improvement: 178.53 | Win Rate: 100.00% | Actor Loss: 5.6562 | Entropy: 2.8708 | Invalid S/B: 0.00/0.00 | Max Load: 20.9 | Load Gap: 1.8
Epoch [1248/3000] | Sampled: 540.56 | Baseline: 716.12 | Improvement: 175.56 | Win Rate: 100.00% | Actor Loss: 4.2918 | Entropy: 2.8749 | Invalid S/B: 0.03/0.00 | Max Load: 21.1 | Load Gap: 2.2
Epoch [1249/3000] | Sampled: 540.91 | Baseline: 717.53 | Improvement: 176.62 | Win Rate: 100.00% | Actor Loss: 2.7639 | Entropy: 2.8642 | Invalid S/B: 0.06/0.00 | Max Load: 20.9 | Load Gap: 2.0
Epoch [1250/3000] | Sampled: 528.53 | Baseline: 713.47 | Improvement: 184.94 | Win Rate: 100.00% | Actor Loss: -1.0769 | Entropy: 2.8679 | Invalid S/B: 0.00/0.00 | Max Load: 21.0 | Load Gap: 2.1
   -> Validation | Samples: 50 | Makespan: 514.26 | Invalid Jobs: 0.00
Epoch [1251/3000] | Sampled: 545.16 | Baseline: 719.50 | Improvement: 174.34 | Win Rate: 100.00% | Actor Loss: -1.9764 | Entropy: 2.8623 | Invalid S/B: 0.00/0.00 | Max Load: 21.0 | Load Gap: 2.1
Epoch [1252/3000] | Sampled: 537.03 | Baseline: 715.88 | Improvement: 178.84 | Win Rate: 100.00% | Actor Loss: -2.3738 | Entropy: 2.8514 | Invalid S/B: 0.03/0.00 | Max Load: 21.4 | Load Gap: 2.9
Epoch [1253/3000] | Sampled: 538.75 | Baseline: 715.81 | Improvement: 177.06 | Win Rate: 100.00% | Actor Loss: -2.3390 | Entropy: 2.8450 | Invalid S/B: 0.00/0.00 | Max Load: 21.3 | Load Gap: 2.6
Epoch [1254/3000] | Sampled: 546.53 | Baseline: 716.91 | Improvement: 170.38 | Win Rate: 100.00% | Actor Loss: -0.2843 | Entropy: 2.8273 | Invalid S/B: 0.06/0.00 | Max Load: 21.4 | Load Gap: 2.8
Epoch [1255/3000] | Sampled: 538.50 | Baseline: 718.62 | Improvement: 180.12 | Win Rate: 100.00% | Actor Loss: -0.1886 | Entropy: 2.8304 | Invalid S/B: 0.00/0.00 | Max Load: 21.3 | Load Gap: 2.7
Epoch [1256/3000] | Sampled: 544.88 | Baseline: 714.28 | Improvement: 169.41 | Win Rate: 100.00% | Actor Loss: 1.7883 | Entropy: 2.8194 | Invalid S/B: 0.00/0.00 | Max Load: 21.3 | Load Gap: 2.6
Epoch [1257/3000] | Sampled: 547.84 | Baseline: 722.44 | Improvement: 174.59 | Win Rate: 100.00% | Actor Loss: -5.0973 | Entropy: 2.8008 | Invalid S/B: 0.03/0.00 | Max Load: 21.4 | Load Gap: 2.8
Epoch [1258/3000] | Sampled: 542.16 | Baseline: 716.91 | Improvement: 174.75 | Win Rate: 100.00% | Actor Loss: 2.1500 | Entropy: 2.8010 | Invalid S/B: 0.00/0.00 | Max Load: 21.3 | Load Gap: 2.7
Epoch [1259/3000] | Sampled: 535.94 | Baseline: 713.12 | Improvement: 177.19 | Win Rate: 100.00% | Actor Loss: 0.7873 | Entropy: 2.7591 | Invalid S/B: 0.00/0.00 | Max Load: 21.2 | Load Gap: 2.7
Epoch [1260/3000] | Sampled: 557.19 | Baseline: 718.44 | Improvement: 161.25 | Win Rate: 100.00% | Actor Loss: 2.1649 | Entropy: 2.7415 | Invalid S/B: 0.09/0.00 | Max Load: 21.6 | Load Gap: 3.2
Epoch [1261/3000] | Sampled: 552.34 | Baseline: 718.66 | Improvement: 166.31 | Win Rate: 100.00% | Actor Loss: 2.5617 | Entropy: 2.7630 | Invalid S/B: 0.00/0.00 | Max Load: 21.4 | Load Gap: 2.8
Epoch [1262/3000] | Sampled: 550.28 | Baseline: 718.56 | Improvement: 168.28 | Win Rate: 100.00% | Actor Loss: -0.0430 | Entropy: 2.7537 | Invalid S/B: 0.00/0.00 | Max Load: 21.3 | Load Gap: 2.7
Epoch [1263/3000] | Sampled: 544.72 | Baseline: 719.78 | Improvement: 175.06 | Win Rate: 100.00% | Actor Loss: -0.3803 | Entropy: 2.7499 | Invalid S/B: 0.03/0.00 | Max Load: 21.2 | Load Gap: 2.6
Epoch [1264/3000] | Sampled: 549.00 | Baseline: 716.97 | Improvement: 167.97 | Win Rate: 100.00% | Actor Loss: 1.6851 | Entropy: 2.7572 | Invalid S/B: 0.00/0.00 | Max Load: 21.5 | Load Gap: 3.0
Epoch [1265/3000] | Sampled: 557.16 | Baseline: 719.47 | Improvement: 162.31 | Win Rate: 100.00% | Actor Loss: -1.0953 | Entropy: 2.7451 | Invalid S/B: 0.00/0.00 | Max Load: 21.4 | Load Gap: 2.8
Epoch [1266/3000] | Sampled: 539.84 | Baseline: 715.09 | Improvement: 175.25 | Win Rate: 100.00% | Actor Loss: -2.9463 | Entropy: 2.7924 | Invalid S/B: 0.03/0.00 | Max Load: 21.2 | Load Gap: 2.4
Epoch [1267/3000] | Sampled: 547.69 | Baseline: 719.12 | Improvement: 171.44 | Win Rate: 100.00% | Actor Loss: -2.8550 | Entropy: 2.7648 | Invalid S/B: 0.00/0.00 | Max Load: 21.2 | Load Gap: 2.3
Epoch [1268/3000] | Sampled: 553.12 | Baseline: 718.31 | Improvement: 165.19 | Win Rate: 100.00% | Actor Loss: 0.2519 | Entropy: 2.7975 | Invalid S/B: 0.00/0.00 | Max Load: 21.2 | Load Gap: 2.4
Epoch [1269/3000] | Sampled: 541.16 | Baseline: 714.59 | Improvement: 173.44 | Win Rate: 100.00% | Actor Loss: -4.1082 | Entropy: 2.7921 | Invalid S/B: 0.03/0.00 | Max Load: 21.3 | Load Gap: 2.6
Epoch [1270/3000] | Sampled: 544.88 | Baseline: 714.47 | Improvement: 169.59 | Win Rate: 100.00% | Actor Loss: -1.8479 | Entropy: 2.8079 | Invalid S/B: 0.00/0.00 | Max Load: 21.4 | Load Gap: 2.9
Epoch [1271/3000] | Sampled: 542.03 | Baseline: 715.44 | Improvement: 173.41 | Win Rate: 100.00% | Actor Loss: -0.5779 | Entropy: 2.8157 | Invalid S/B: 0.03/0.00 | Max Load: 21.4 | Load Gap: 2.6
Epoch [1272/3000] | Sampled: 541.62 | Baseline: 716.00 | Improvement: 174.38 | Win Rate: 100.00% | Actor Loss: 2.0912 | Entropy: 2.8110 | Invalid S/B: 0.00/0.00 | Max Load: 21.1 | Load Gap: 2.2
Epoch [1273/3000] | Sampled: 541.56 | Baseline: 718.34 | Improvement: 176.78 | Win Rate: 100.00% | Actor Loss: 3.6745 | Entropy: 2.8282 | Invalid S/B: 0.03/0.00 | Max Load: 21.4 | Load Gap: 2.6
Epoch [1274/3000] | Sampled: 537.59 | Baseline: 716.81 | Improvement: 179.22 | Win Rate: 100.00% | Actor Loss: 5.6486 | Entropy: 2.8406 | Invalid S/B: 0.00/0.00 | Max Load: 21.0 | Load Gap: 2.1
Epoch [1275/3000] | Sampled: 535.25 | Baseline: 716.31 | Improvement: 181.06 | Win Rate: 100.00% | Actor Loss: 3.5592 | Entropy: 2.8433 | Invalid S/B: 0.03/0.00 | Max Load: 21.1 | Load Gap: 2.1
Epoch [1276/3000] | Sampled: 527.28 | Baseline: 713.59 | Improvement: 186.31 | Win Rate: 100.00% | Actor Loss: 7.2660 | Entropy: 2.8690 | Invalid S/B: 0.03/0.00 | Max Load: 21.0 | Load Gap: 1.9
Epoch [1277/3000] | Sampled: 535.59 | Baseline: 714.09 | Improvement: 178.50 | Win Rate: 100.00% | Actor Loss: 3.4049 | Entropy: 2.8922 | Invalid S/B: 0.03/0.00 | Max Load: 21.0 | Load Gap: 2.0
Epoch [1278/3000] | Sampled: 530.44 | Baseline: 717.03 | Improvement: 186.59 | Win Rate: 100.00% | Actor Loss: 3.7903 | Entropy: 2.9027 | Invalid S/B: 0.00/0.00 | Max Load: 21.0 | Load Gap: 2.0
Epoch [1279/3000] | Sampled: 532.72 | Baseline: 718.12 | Improvement: 185.41 | Win Rate: 100.00% | Actor Loss: -2.0099 | Entropy: 2.9211 | Invalid S/B: 0.00/0.00 | Max Load: 20.8 | Load Gap: 1.5
Epoch [1280/3000] | Sampled: 541.41 | Baseline: 715.47 | Improvement: 174.06 | Win Rate: 100.00% | Actor Loss: -4.4681 | Entropy: 2.9243 | Invalid S/B: 0.09/0.00 | Max Load: 20.8 | Load Gap: 1.7
Epoch [1281/3000] | Sampled: 525.12 | Baseline: 718.03 | Improvement: 192.91 | Win Rate: 100.00% | Actor Loss: -6.1242 | Entropy: 2.9356 | Invalid S/B: 0.06/0.00 | Max Load: 20.8 | Load Gap: 1.7
Epoch [1282/3000] | Sampled: 523.53 | Baseline: 714.50 | Improvement: 190.97 | Win Rate: 100.00% | Actor Loss: 1.9882 | Entropy: 2.9612 | Invalid S/B: 0.00/0.00 | Max Load: 21.0 | Load Gap: 1.9
Epoch [1283/3000] | Sampled: 517.41 | Baseline: 718.97 | Improvement: 201.56 | Win Rate: 100.00% | Actor Loss: -2.0640 | Entropy: 2.9339 | Invalid S/B: 0.03/0.00 | Max Load: 20.8 | Load Gap: 1.6
Epoch [1284/3000] | Sampled: 528.44 | Baseline: 718.25 | Improvement: 189.81 | Win Rate: 100.00% | Actor Loss: -3.1121 | Entropy: 2.9622 | Invalid S/B: 0.06/0.00 | Max Load: 20.8 | Load Gap: 1.5
Epoch [1285/3000] | Sampled: 526.81 | Baseline: 719.09 | Improvement: 192.28 | Win Rate: 100.00% | Actor Loss: 2.2089 | Entropy: 2.9600 | Invalid S/B: 0.06/0.00 | Max Load: 20.9 | Load Gap: 1.8
Epoch [1286/3000] | Sampled: 535.94 | Baseline: 715.31 | Improvement: 179.38 | Win Rate: 100.00% | Actor Loss: -5.4832 | Entropy: 2.9468 | Invalid S/B: 0.06/0.00 | Max Load: 21.0 | Load Gap: 1.9
Epoch [1287/3000] | Sampled: 534.12 | Baseline: 721.16 | Improvement: 187.03 | Win Rate: 100.00% | Actor Loss: 1.4122 | Entropy: 2.9374 | Invalid S/B: 0.03/0.00 | Max Load: 20.8 | Load Gap: 1.6
Epoch [1288/3000] | Sampled: 520.78 | Baseline: 714.62 | Improvement: 193.84 | Win Rate: 100.00% | Actor Loss: 3.1561 | Entropy: 2.9422 | Invalid S/B: 0.00/0.00 | Max Load: 21.0 | Load Gap: 1.9
Epoch [1289/3000] | Sampled: 529.97 | Baseline: 719.03 | Improvement: 189.06 | Win Rate: 100.00% | Actor Loss: -2.2473 | Entropy: 2.9386 | Invalid S/B: 0.00/0.00 | Max Load: 20.9 | Load Gap: 1.9
Epoch [1290/3000] | Sampled: 523.31 | Baseline: 715.56 | Improvement: 192.25 | Win Rate: 100.00% | Actor Loss: 0.8893 | Entropy: 2.9588 | Invalid S/B: 0.03/0.00 | Max Load: 20.9 | Load Gap: 1.8
Epoch [1291/3000] | Sampled: 525.19 | Baseline: 722.03 | Improvement: 196.84 | Win Rate: 100.00% | Actor Loss: 2.5172 | Entropy: 2.9552 | Invalid S/B: 0.00/0.00 | Max Load: 20.8 | Load Gap: 1.7
Epoch [1292/3000] | Sampled: 533.00 | Baseline: 726.47 | Improvement: 193.47 | Win Rate: 100.00% | Actor Loss: -8.4934 | Entropy: 2.9569 | Invalid S/B: 0.09/0.00 | Max Load: 20.8 | Load Gap: 1.7
Epoch [1293/3000] | Sampled: 518.62 | Baseline: 717.84 | Improvement: 199.22 | Win Rate: 100.00% | Actor Loss: -5.3004 | Entropy: 2.9440 | Invalid S/B: 0.03/0.00 | Max Load: 20.9 | Load Gap: 1.6
Epoch [1294/3000] | Sampled: 529.72 | Baseline: 719.31 | Improvement: 189.59 | Win Rate: 100.00% | Actor Loss: -1.8142 | Entropy: 2.9345 | Invalid S/B: 0.03/0.00 | Max Load: 20.7 | Load Gap: 1.3
Epoch [1295/3000] | Sampled: 529.25 | Baseline: 717.97 | Improvement: 188.72 | Win Rate: 100.00% | Actor Loss: -2.8600 | Entropy: 2.9471 | Invalid S/B: 0.09/0.00 | Max Load: 21.0 | Load Gap: 2.0
Epoch [1296/3000] | Sampled: 535.00 | Baseline: 719.84 | Improvement: 184.84 | Win Rate: 100.00% | Actor Loss: -2.4827 | Entropy: 2.9245 | Invalid S/B: 0.00/0.00 | Max Load: 20.9 | Load Gap: 1.7
Epoch [1297/3000] | Sampled: 533.78 | Baseline: 715.97 | Improvement: 182.19 | Win Rate: 100.00% | Actor Loss: -1.2068 | Entropy: 2.9274 | Invalid S/B: 0.03/0.00 | Max Load: 20.8 | Load Gap: 1.5
Epoch [1298/3000] | Sampled: 523.56 | Baseline: 715.06 | Improvement: 191.50 | Win Rate: 100.00% | Actor Loss: 2.4470 | Entropy: 2.9125 | Invalid S/B: 0.00/0.00 | Max Load: 20.8 | Load Gap: 1.6
Epoch [1299/3000] | Sampled: 527.28 | Baseline: 719.22 | Improvement: 191.94 | Win Rate: 100.00% | Actor Loss: 2.1413 | Entropy: 2.9134 | Invalid S/B: 0.00/0.00 | Max Load: 21.0 | Load Gap: 2.0
Epoch [1300/3000] | Sampled: 530.00 | Baseline: 717.16 | Improvement: 187.16 | Win Rate: 100.00% | Actor Loss: 5.1187 | Entropy: 2.9067 | Invalid S/B: 0.00/0.00 | Max Load: 21.0 | Load Gap: 1.9
   -> Validation | Samples: 50 | Makespan: 501.52 | Invalid Jobs: 0.00
   -> Saved new best model (Val Makespan: 501.52)
   -> Saved updated training chart to /home/wei/AMR-DFJSP/Static_alogorithm/GNN/gnn_precise_training_metrics.png
Epoch [1301/3000] | Sampled: 536.97 | Baseline: 717.47 | Improvement: 180.50 | Win Rate: 100.00% | Actor Loss: 0.2657 | Entropy: 2.8798 | Invalid S/B: 0.09/0.00 | Max Load: 21.0 | Load Gap: 2.0
Epoch [1302/3000] | Sampled: 533.69 | Baseline: 718.06 | Improvement: 184.38 | Win Rate: 100.00% | Actor Loss: 3.9766 | Entropy: 2.8820 | Invalid S/B: 0.00/0.00 | Max Load: 21.1 | Load Gap: 2.2
Epoch [1303/3000] | Sampled: 531.44 | Baseline: 719.97 | Improvement: 188.53 | Win Rate: 100.00% | Actor Loss: 0.7496 | Entropy: 2.8767 | Invalid S/B: 0.06/0.00 | Max Load: 21.0 | Load Gap: 1.9
Epoch [1304/3000] | Sampled: 532.00 | Baseline: 719.81 | Improvement: 187.81 | Win Rate: 100.00% | Actor Loss: -3.5293 | Entropy: 2.8790 | Invalid S/B: 0.03/0.00 | Max Load: 21.0 | Load Gap: 2.0
Epoch [1305/3000] | Sampled: 536.91 | Baseline: 721.12 | Improvement: 184.22 | Win Rate: 100.00% | Actor Loss: -0.6352 | Entropy: 2.9047 | Invalid S/B: 0.03/0.00 | Max Load: 20.9 | Load Gap: 1.8
Epoch [1306/3000] | Sampled: 529.50 | Baseline: 714.56 | Improvement: 185.06 | Win Rate: 100.00% | Actor Loss: 4.1212 | Entropy: 2.9376 | Invalid S/B: 0.03/0.00 | Max Load: 20.9 | Load Gap: 1.8
Epoch [1307/3000] | Sampled: 530.38 | Baseline: 716.53 | Improvement: 186.16 | Win Rate: 100.00% | Actor Loss: -3.6303 | Entropy: 2.9217 | Invalid S/B: 0.06/0.00 | Max Load: 20.9 | Load Gap: 1.7
Epoch [1308/3000] | Sampled: 526.50 | Baseline: 716.00 | Improvement: 189.50 | Win Rate: 100.00% | Actor Loss: 1.2216 | Entropy: 2.9597 | Invalid S/B: 0.03/0.00 | Max Load: 20.6 | Load Gap: 1.2
Epoch [1309/3000] | Sampled: 534.19 | Baseline: 717.44 | Improvement: 183.25 | Win Rate: 100.00% | Actor Loss: 1.8831 | Entropy: 2.9614 | Invalid S/B: 0.06/0.00 | Max Load: 20.7 | Load Gap: 1.4
Epoch [1310/3000] | Sampled: 535.94 | Baseline: 719.03 | Improvement: 183.09 | Win Rate: 100.00% | Actor Loss: 3.8741 | Entropy: 2.9412 | Invalid S/B: 0.06/0.00 | Max Load: 20.8 | Load Gap: 1.5
Epoch [1311/3000] | Sampled: 534.06 | Baseline: 712.19 | Improvement: 178.12 | Win Rate: 100.00% | Actor Loss: 0.2919 | Entropy: 2.9417 | Invalid S/B: 0.03/0.00 | Max Load: 20.8 | Load Gap: 1.5
Epoch [1312/3000] | Sampled: 526.06 | Baseline: 715.16 | Improvement: 189.09 | Win Rate: 100.00% | Actor Loss: 0.7853 | Entropy: 2.9349 | Invalid S/B: 0.00/0.00 | Max Load: 20.8 | Load Gap: 1.6
Epoch [1313/3000] | Sampled: 534.16 | Baseline: 722.59 | Improvement: 188.44 | Win Rate: 100.00% | Actor Loss: 3.2993 | Entropy: 2.9482 | Invalid S/B: 0.00/0.00 | Max Load: 20.8 | Load Gap: 1.6
Epoch [1314/3000] | Sampled: 531.56 | Baseline: 717.50 | Improvement: 185.94 | Win Rate: 100.00% | Actor Loss: -0.8160 | Entropy: 2.9211 | Invalid S/B: 0.03/0.00 | Max Load: 20.8 | Load Gap: 1.4
Epoch [1315/3000] | Sampled: 524.00 | Baseline: 722.62 | Improvement: 198.62 | Win Rate: 100.00% | Actor Loss: 1.6887 | Entropy: 2.9405 | Invalid S/B: 0.03/0.03 | Max Load: 20.8 | Load Gap: 1.6
Epoch [1316/3000] | Sampled: 525.84 | Baseline: 714.88 | Improvement: 189.03 | Win Rate: 100.00% | Actor Loss: -0.7921 | Entropy: 2.9485 | Invalid S/B: 0.00/0.00 | Max Load: 20.7 | Load Gap: 1.4
Epoch [1317/3000] | Sampled: 528.03 | Baseline: 718.00 | Improvement: 189.97 | Win Rate: 100.00% | Actor Loss: -0.6207 | Entropy: 2.9409 | Invalid S/B: 0.06/0.00 | Max Load: 20.9 | Load Gap: 1.8
Epoch [1318/3000] | Sampled: 530.22 | Baseline: 715.97 | Improvement: 185.75 | Win Rate: 100.00% | Actor Loss: 0.3286 | Entropy: 2.9496 | Invalid S/B: 0.03/0.00 | Max Load: 20.8 | Load Gap: 1.6
Epoch [1319/3000] | Sampled: 537.09 | Baseline: 726.88 | Improvement: 189.78 | Win Rate: 100.00% | Actor Loss: -2.4970 | Entropy: 2.9226 | Invalid S/B: 0.03/0.03 | Max Load: 20.8 | Load Gap: 1.5
Epoch [1320/3000] | Sampled: 520.03 | Baseline: 712.78 | Improvement: 192.75 | Win Rate: 100.00% | Actor Loss: -3.8143 | Entropy: 2.9445 | Invalid S/B: 0.03/0.00 | Max Load: 20.8 | Load Gap: 1.6
Epoch [1321/3000] | Sampled: 528.88 | Baseline: 714.91 | Improvement: 186.03 | Win Rate: 100.00% | Actor Loss: 1.6319 | Entropy: 2.9535 | Invalid S/B: 0.03/0.00 | Max Load: 20.9 | Load Gap: 1.8
Epoch [1322/3000] | Sampled: 535.59 | Baseline: 724.97 | Improvement: 189.38 | Win Rate: 100.00% | Actor Loss: 4.2812 | Entropy: 2.9434 | Invalid S/B: 0.03/0.00 | Max Load: 21.0 | Load Gap: 2.0
Epoch [1323/3000] | Sampled: 525.59 | Baseline: 715.12 | Improvement: 189.53 | Win Rate: 100.00% | Actor Loss: -2.1313 | Entropy: 2.9440 | Invalid S/B: 0.00/0.00 | Max Load: 20.7 | Load Gap: 1.4
Epoch [1324/3000] | Sampled: 541.00 | Baseline: 717.12 | Improvement: 176.12 | Win Rate: 100.00% | Actor Loss: 2.0290 | Entropy: 2.9140 | Invalid S/B: 0.06/0.00 | Max Load: 20.9 | Load Gap: 2.0
Epoch [1325/3000] | Sampled: 547.22 | Baseline: 723.31 | Improvement: 176.09 | Win Rate: 100.00% | Actor Loss: -0.2129 | Entropy: 2.9405 | Invalid S/B: 0.00/0.00 | Max Load: 21.2 | Load Gap: 2.6
Epoch [1326/3000] | Sampled: 522.59 | Baseline: 713.19 | Improvement: 190.59 | Win Rate: 100.00% | Actor Loss: -1.0937 | Entropy: 2.9278 | Invalid S/B: 0.03/0.00 | Max Load: 21.1 | Load Gap: 2.2
Epoch [1327/3000] | Sampled: 532.12 | Baseline: 714.31 | Improvement: 182.19 | Win Rate: 100.00% | Actor Loss: 4.7118 | Entropy: 2.9671 | Invalid S/B: 0.03/0.00 | Max Load: 20.9 | Load Gap: 1.8
Epoch [1328/3000] | Sampled: 531.31 | Baseline: 719.28 | Improvement: 187.97 | Win Rate: 100.00% | Actor Loss: 0.3608 | Entropy: 2.9705 | Invalid S/B: 0.00/0.00 | Max Load: 21.0 | Load Gap: 1.9
Epoch [1329/3000] | Sampled: 534.28 | Baseline: 718.91 | Improvement: 184.62 | Win Rate: 100.00% | Actor Loss: -2.6990 | Entropy: 2.9404 | Invalid S/B: 0.06/0.00 | Max Load: 20.7 | Load Gap: 1.4
Epoch [1330/3000] | Sampled: 529.06 | Baseline: 721.62 | Improvement: 192.56 | Win Rate: 100.00% | Actor Loss: -5.9603 | Entropy: 2.9513 | Invalid S/B: 0.03/0.00 | Max Load: 20.9 | Load Gap: 1.8
Epoch [1331/3000] | Sampled: 523.72 | Baseline: 718.38 | Improvement: 194.66 | Win Rate: 100.00% | Actor Loss: -3.7365 | Entropy: 2.9318 | Invalid S/B: 0.06/0.00 | Max Load: 20.9 | Load Gap: 1.9
Epoch [1332/3000] | Sampled: 532.78 | Baseline: 715.09 | Improvement: 182.31 | Win Rate: 100.00% | Actor Loss: -4.2233 | Entropy: 2.9568 | Invalid S/B: 0.00/0.00 | Max Load: 21.0 | Load Gap: 2.0
Epoch [1333/3000] | Sampled: 529.78 | Baseline: 720.41 | Improvement: 190.62 | Win Rate: 100.00% | Actor Loss: -0.8045 | Entropy: 2.9192 | Invalid S/B: 0.00/0.00 | Max Load: 20.8 | Load Gap: 1.6
Epoch [1334/3000] | Sampled: 535.75 | Baseline: 718.53 | Improvement: 182.78 | Win Rate: 100.00% | Actor Loss: 2.5544 | Entropy: 2.9080 | Invalid S/B: 0.03/0.00 | Max Load: 20.9 | Load Gap: 1.9
Epoch [1335/3000] | Sampled: 531.81 | Baseline: 718.78 | Improvement: 186.97 | Win Rate: 100.00% | Actor Loss: 1.2100 | Entropy: 2.8991 | Invalid S/B: 0.03/0.00 | Max Load: 20.8 | Load Gap: 1.7
Epoch [1336/3000] | Sampled: 527.16 | Baseline: 718.59 | Improvement: 191.44 | Win Rate: 100.00% | Actor Loss: 1.3410 | Entropy: 2.8849 | Invalid S/B: 0.00/0.00 | Max Load: 21.0 | Load Gap: 2.0
Epoch [1337/3000] | Sampled: 536.94 | Baseline: 719.69 | Improvement: 182.75 | Win Rate: 100.00% | Actor Loss: 1.8494 | Entropy: 2.8884 | Invalid S/B: 0.00/0.00 | Max Load: 20.7 | Load Gap: 1.5
Epoch [1338/3000] | Sampled: 542.28 | Baseline: 717.50 | Improvement: 175.22 | Win Rate: 100.00% | Actor Loss: 6.7180 | Entropy: 2.8594 | Invalid S/B: 0.00/0.00 | Max Load: 20.8 | Load Gap: 1.5
Epoch [1339/3000] | Sampled: 531.00 | Baseline: 718.06 | Improvement: 187.06 | Win Rate: 100.00% | Actor Loss: 3.4646 | Entropy: 2.8307 | Invalid S/B: 0.00/0.00 | Max Load: 20.9 | Load Gap: 1.8
Epoch [1340/3000] | Sampled: 541.47 | Baseline: 721.16 | Improvement: 179.69 | Win Rate: 100.00% | Actor Loss: 4.0206 | Entropy: 2.8411 | Invalid S/B: 0.09/0.00 | Max Load: 20.8 | Load Gap: 1.6
Epoch [1341/3000] | Sampled: 531.12 | Baseline: 717.78 | Improvement: 186.66 | Win Rate: 100.00% | Actor Loss: -0.5368 | Entropy: 2.8299 | Invalid S/B: 0.03/0.00 | Max Load: 20.7 | Load Gap: 1.4
Epoch [1342/3000] | Sampled: 529.56 | Baseline: 714.09 | Improvement: 184.53 | Win Rate: 100.00% | Actor Loss: 3.1449 | Entropy: 2.8362 | Invalid S/B: 0.00/0.00 | Max Load: 20.8 | Load Gap: 1.5
Epoch [1343/3000] | Sampled: 527.88 | Baseline: 714.53 | Improvement: 186.66 | Win Rate: 100.00% | Actor Loss: -6.9544 | Entropy: 2.8391 | Invalid S/B: 0.00/0.00 | Max Load: 20.8 | Load Gap: 1.7
Epoch [1344/3000] | Sampled: 535.03 | Baseline: 717.12 | Improvement: 182.09 | Win Rate: 100.00% | Actor Loss: 0.5582 | Entropy: 2.8149 | Invalid S/B: 0.03/0.00 | Max Load: 20.9 | Load Gap: 1.8
Epoch [1345/3000] | Sampled: 530.97 | Baseline: 720.69 | Improvement: 189.72 | Win Rate: 100.00% | Actor Loss: -1.0796 | Entropy: 2.8065 | Invalid S/B: 0.03/0.00 | Max Load: 20.8 | Load Gap: 1.6
Epoch [1346/3000] | Sampled: 532.66 | Baseline: 721.94 | Improvement: 189.28 | Win Rate: 100.00% | Actor Loss: -3.5125 | Entropy: 2.8111 | Invalid S/B: 0.03/0.00 | Max Load: 21.0 | Load Gap: 2.1
Epoch [1347/3000] | Sampled: 529.12 | Baseline: 716.91 | Improvement: 187.78 | Win Rate: 100.00% | Actor Loss: -0.5382 | Entropy: 2.8044 | Invalid S/B: 0.00/0.00 | Max Load: 20.9 | Load Gap: 1.8
Epoch [1348/3000] | Sampled: 537.84 | Baseline: 714.56 | Improvement: 176.72 | Win Rate: 100.00% | Actor Loss: -1.6998 | Entropy: 2.7936 | Invalid S/B: 0.03/0.00 | Max Load: 21.1 | Load Gap: 2.1
Epoch [1349/3000] | Sampled: 530.69 | Baseline: 719.31 | Improvement: 188.62 | Win Rate: 100.00% | Actor Loss: 1.2907 | Entropy: 2.7956 | Invalid S/B: 0.06/0.00 | Max Load: 20.9 | Load Gap: 1.7
Epoch [1350/3000] | Sampled: 532.91 | Baseline: 715.81 | Improvement: 182.91 | Win Rate: 100.00% | Actor Loss: -6.0089 | Entropy: 2.7674 | Invalid S/B: 0.00/0.00 | Max Load: 21.1 | Load Gap: 2.1
   -> Validation | Samples: 50 | Makespan: 511.54 | Invalid Jobs: 0.00
Epoch [1351/3000] | Sampled: 528.69 | Baseline: 720.34 | Improvement: 191.66 | Win Rate: 100.00% | Actor Loss: 0.1944 | Entropy: 2.7894 | Invalid S/B: 0.00/0.00 | Max Load: 21.2 | Load Gap: 2.2
Epoch [1352/3000] | Sampled: 541.25 | Baseline: 720.16 | Improvement: 178.91 | Win Rate: 100.00% | Actor Loss: -8.7526 | Entropy: 2.7572 | Invalid S/B: 0.03/0.00 | Max Load: 21.1 | Load Gap: 2.2
Epoch [1353/3000] | Sampled: 546.47 | Baseline: 721.50 | Improvement: 175.03 | Win Rate: 100.00% | Actor Loss: -2.1902 | Entropy: 2.7661 | Invalid S/B: 0.03/0.00 | Max Load: 21.3 | Load Gap: 2.5
Epoch [1354/3000] | Sampled: 542.97 | Baseline: 714.75 | Improvement: 171.78 | Win Rate: 100.00% | Actor Loss: 2.3076 | Entropy: 2.7410 | Invalid S/B: 0.00/0.00 | Max Load: 21.4 | Load Gap: 2.9
Epoch [1355/3000] | Sampled: 529.22 | Baseline: 713.38 | Improvement: 184.16 | Win Rate: 100.00% | Actor Loss: 2.1991 | Entropy: 2.7257 | Invalid S/B: 0.00/0.00 | Max Load: 21.3 | Load Gap: 2.7
Epoch [1356/3000] | Sampled: 540.16 | Baseline: 716.72 | Improvement: 176.56 | Win Rate: 100.00% | Actor Loss: 0.0511 | Entropy: 2.7235 | Invalid S/B: 0.00/0.00 | Max Load: 21.2 | Load Gap: 2.6
Epoch [1357/3000] | Sampled: 541.91 | Baseline: 719.00 | Improvement: 177.09 | Win Rate: 100.00% | Actor Loss: 4.3520 | Entropy: 2.7361 | Invalid S/B: 0.00/0.00 | Max Load: 21.3 | Load Gap: 2.9
Epoch [1358/3000] | Sampled: 544.84 | Baseline: 720.97 | Improvement: 176.12 | Win Rate: 100.00% | Actor Loss: 3.4088 | Entropy: 2.7360 | Invalid S/B: 0.06/0.00 | Max Load: 21.3 | Load Gap: 2.6
Epoch [1359/3000] | Sampled: 535.78 | Baseline: 714.47 | Improvement: 178.69 | Win Rate: 100.00% | Actor Loss: -3.1235 | Entropy: 2.7351 | Invalid S/B: 0.00/0.00 | Max Load: 21.3 | Load Gap: 2.7
Epoch [1360/3000] | Sampled: 531.94 | Baseline: 716.78 | Improvement: 184.84 | Win Rate: 100.00% | Actor Loss: -0.8257 | Entropy: 2.7286 | Invalid S/B: 0.03/0.00 | Max Load: 21.3 | Load Gap: 2.6
Epoch [1361/3000] | Sampled: 540.31 | Baseline: 722.47 | Improvement: 182.16 | Win Rate: 100.00% | Actor Loss: 0.7624 | Entropy: 2.7677 | Invalid S/B: 0.06/0.00 | Max Load: 21.2 | Load Gap: 2.6
Epoch [1362/3000] | Sampled: 528.22 | Baseline: 713.09 | Improvement: 184.88 | Win Rate: 100.00% | Actor Loss: -2.6566 | Entropy: 2.7670 | Invalid S/B: 0.00/0.00 | Max Load: 21.4 | Load Gap: 2.7
Epoch [1363/3000] | Sampled: 518.75 | Baseline: 715.31 | Improvement: 196.56 | Win Rate: 100.00% | Actor Loss: 0.8556 | Entropy: 2.7775 | Invalid S/B: 0.00/0.00 | Max Load: 21.1 | Load Gap: 1.9
Epoch [1364/3000] | Sampled: 536.78 | Baseline: 715.88 | Improvement: 179.09 | Win Rate: 100.00% | Actor Loss: 2.5669 | Entropy: 2.7475 | Invalid S/B: 0.06/0.00 | Max Load: 21.2 | Load Gap: 2.4
Epoch [1365/3000] | Sampled: 526.00 | Baseline: 714.56 | Improvement: 188.56 | Win Rate: 100.00% | Actor Loss: 1.3077 | Entropy: 2.7583 | Invalid S/B: 0.00/0.00 | Max Load: 21.1 | Load Gap: 2.4
Epoch [1366/3000] | Sampled: 534.47 | Baseline: 721.59 | Improvement: 187.12 | Win Rate: 100.00% | Actor Loss: 1.8479 | Entropy: 2.7848 | Invalid S/B: 0.00/0.00 | Max Load: 21.1 | Load Gap: 2.1
Epoch [1367/3000] | Sampled: 526.50 | Baseline: 714.25 | Improvement: 187.75 | Win Rate: 100.00% | Actor Loss: 7.0245 | Entropy: 2.7855 | Invalid S/B: 0.00/0.00 | Max Load: 21.0 | Load Gap: 1.9
Epoch [1368/3000] | Sampled: 523.34 | Baseline: 718.62 | Improvement: 195.28 | Win Rate: 100.00% | Actor Loss: -0.4427 | Entropy: 2.8166 | Invalid S/B: 0.00/0.00 | Max Load: 20.9 | Load Gap: 1.8
Epoch [1369/3000] | Sampled: 525.09 | Baseline: 716.66 | Improvement: 191.56 | Win Rate: 100.00% | Actor Loss: 2.1977 | Entropy: 2.8071 | Invalid S/B: 0.00/0.00 | Max Load: 21.0 | Load Gap: 2.0
Epoch [1370/3000] | Sampled: 528.16 | Baseline: 723.09 | Improvement: 194.94 | Win Rate: 100.00% | Actor Loss: -6.0663 | Entropy: 2.8224 | Invalid S/B: 0.03/0.00 | Max Load: 20.9 | Load Gap: 1.9
Epoch [1371/3000] | Sampled: 512.06 | Baseline: 713.22 | Improvement: 201.16 | Win Rate: 100.00% | Actor Loss: 2.5245 | Entropy: 2.8280 | Invalid S/B: 0.03/0.00 | Max Load: 21.1 | Load Gap: 2.1
Epoch [1372/3000] | Sampled: 522.75 | Baseline: 718.56 | Improvement: 195.81 | Win Rate: 100.00% | Actor Loss: 4.1956 | Entropy: 2.8292 | Invalid S/B: 0.00/0.00 | Max Load: 20.9 | Load Gap: 1.8
Epoch [1373/3000] | Sampled: 526.62 | Baseline: 721.44 | Improvement: 194.81 | Win Rate: 100.00% | Actor Loss: -2.5423 | Entropy: 2.8645 | Invalid S/B: 0.03/0.00 | Max Load: 21.0 | Load Gap: 1.9
Epoch [1374/3000] | Sampled: 533.75 | Baseline: 718.94 | Improvement: 185.19 | Win Rate: 100.00% | Actor Loss: -2.0988 | Entropy: 2.8692 | Invalid S/B: 0.00/0.00 | Max Load: 20.9 | Load Gap: 1.9
Epoch [1375/3000] | Sampled: 533.22 | Baseline: 718.03 | Improvement: 184.81 | Win Rate: 100.00% | Actor Loss: 0.7880 | Entropy: 2.8734 | Invalid S/B: 0.06/0.00 | Max Load: 20.9 | Load Gap: 1.7
Epoch [1376/3000] | Sampled: 541.50 | Baseline: 721.25 | Improvement: 179.75 | Win Rate: 100.00% | Actor Loss: -1.1185 | Entropy: 2.8878 | Invalid S/B: 0.00/0.00 | Max Load: 20.9 | Load Gap: 1.9
Epoch [1377/3000] | Sampled: 529.19 | Baseline: 720.16 | Improvement: 190.97 | Win Rate: 100.00% | Actor Loss: -1.4948 | Entropy: 2.9062 | Invalid S/B: 0.00/0.00 | Max Load: 20.9 | Load Gap: 1.8
Epoch [1378/3000] | Sampled: 527.56 | Baseline: 718.47 | Improvement: 190.91 | Win Rate: 100.00% | Actor Loss: 0.2906 | Entropy: 2.9238 | Invalid S/B: 0.03/0.00 | Max Load: 20.8 | Load Gap: 1.6
Epoch [1379/3000] | Sampled: 522.16 | Baseline: 718.88 | Improvement: 196.72 | Win Rate: 100.00% | Actor Loss: 0.8735 | Entropy: 2.9010 | Invalid S/B: 0.00/0.00 | Max Load: 20.9 | Load Gap: 1.8
Epoch [1380/3000] | Sampled: 529.62 | Baseline: 720.47 | Improvement: 190.84 | Win Rate: 100.00% | Actor Loss: -0.2641 | Entropy: 2.9106 | Invalid S/B: 0.03/0.00 | Max Load: 21.0 | Load Gap: 1.9
Epoch [1381/3000] | Sampled: 527.53 | Baseline: 717.38 | Improvement: 189.84 | Win Rate: 100.00% | Actor Loss: 0.7641 | Entropy: 2.9065 | Invalid S/B: 0.03/0.00 | Max Load: 21.0 | Load Gap: 1.9
Epoch [1382/3000] | Sampled: 528.06 | Baseline: 717.25 | Improvement: 189.19 | Win Rate: 100.00% | Actor Loss: -0.0465 | Entropy: 2.9160 | Invalid S/B: 0.00/0.00 | Max Load: 21.0 | Load Gap: 2.0
Epoch [1383/3000] | Sampled: 541.59 | Baseline: 718.44 | Improvement: 176.84 | Win Rate: 100.00% | Actor Loss: 0.7987 | Entropy: 2.8957 | Invalid S/B: 0.03/0.00 | Max Load: 20.8 | Load Gap: 1.8
Epoch [1384/3000] | Sampled: 522.72 | Baseline: 720.00 | Improvement: 197.28 | Win Rate: 100.00% | Actor Loss: 2.4132 | Entropy: 2.8985 | Invalid S/B: 0.00/0.00 | Max Load: 20.9 | Load Gap: 1.9
Epoch [1385/3000] | Sampled: 524.12 | Baseline: 714.34 | Improvement: 190.22 | Win Rate: 100.00% | Actor Loss: 3.4583 | Entropy: 2.9009 | Invalid S/B: 0.00/0.00 | Max Load: 21.1 | Load Gap: 2.2
Epoch [1386/3000] | Sampled: 534.88 | Baseline: 718.28 | Improvement: 183.41 | Win Rate: 100.00% | Actor Loss: -0.3281 | Entropy: 2.8700 | Invalid S/B: 0.00/0.00 | Max Load: 21.1 | Load Gap: 2.2
Epoch [1387/3000] | Sampled: 545.50 | Baseline: 720.72 | Improvement: 175.22 | Win Rate: 100.00% | Actor Loss: 1.8754 | Entropy: 2.8992 | Invalid S/B: 0.03/0.00 | Max Load: 21.2 | Load Gap: 2.4
Epoch [1388/3000] | Sampled: 540.41 | Baseline: 723.12 | Improvement: 182.72 | Win Rate: 100.00% | Actor Loss: -3.3463 | Entropy: 2.8858 | Invalid S/B: 0.06/0.00 | Max Load: 21.2 | Load Gap: 2.5
Epoch [1389/3000] | Sampled: 535.34 | Baseline: 715.28 | Improvement: 179.94 | Win Rate: 100.00% | Actor Loss: 2.4300 | Entropy: 2.8943 | Invalid S/B: 0.00/0.00 | Max Load: 21.1 | Load Gap: 2.3
Epoch [1390/3000] | Sampled: 534.03 | Baseline: 717.47 | Improvement: 183.44 | Win Rate: 100.00% | Actor Loss: 1.9931 | Entropy: 2.9019 | Invalid S/B: 0.00/0.00 | Max Load: 21.1 | Load Gap: 2.3
Epoch [1391/3000] | Sampled: 536.31 | Baseline: 717.62 | Improvement: 181.31 | Win Rate: 100.00% | Actor Loss: 2.5565 | Entropy: 2.8831 | Invalid S/B: 0.00/0.00 | Max Load: 21.0 | Load Gap: 2.0
Epoch [1392/3000] | Sampled: 535.91 | Baseline: 717.69 | Improvement: 181.78 | Win Rate: 100.00% | Actor Loss: 1.9185 | Entropy: 2.8776 | Invalid S/B: 0.00/0.00 | Max Load: 21.1 | Load Gap: 2.2
Epoch [1393/3000] | Sampled: 525.22 | Baseline: 716.22 | Improvement: 191.00 | Win Rate: 100.00% | Actor Loss: 1.3959 | Entropy: 2.8969 | Invalid S/B: 0.06/0.00 | Max Load: 21.2 | Load Gap: 2.2
Epoch [1394/3000] | Sampled: 539.62 | Baseline: 716.38 | Improvement: 176.75 | Win Rate: 100.00% | Actor Loss: -0.9832 | Entropy: 2.9005 | Invalid S/B: 0.03/0.00 | Max Load: 21.0 | Load Gap: 2.1
Epoch [1395/3000] | Sampled: 539.28 | Baseline: 721.31 | Improvement: 182.03 | Win Rate: 100.00% | Actor Loss: 2.0352 | Entropy: 2.8908 | Invalid S/B: 0.00/0.00 | Max Load: 21.2 | Load Gap: 2.5
Epoch [1396/3000] | Sampled: 526.25 | Baseline: 719.91 | Improvement: 193.66 | Win Rate: 100.00% | Actor Loss: 0.5284 | Entropy: 2.8735 | Invalid S/B: 0.00/0.00 | Max Load: 21.1 | Load Gap: 2.1
Epoch [1397/3000] | Sampled: 532.97 | Baseline: 720.78 | Improvement: 187.81 | Win Rate: 100.00% | Actor Loss: 2.2076 | Entropy: 2.8899 | Invalid S/B: 0.03/0.00 | Max Load: 21.0 | Load Gap: 2.1
Epoch [1398/3000] | Sampled: 536.47 | Baseline: 712.75 | Improvement: 176.28 | Win Rate: 100.00% | Actor Loss: -2.9434 | Entropy: 2.8801 | Invalid S/B: 0.00/0.00 | Max Load: 21.3 | Load Gap: 2.6
Epoch [1399/3000] | Sampled: 534.03 | Baseline: 719.38 | Improvement: 185.34 | Win Rate: 100.00% | Actor Loss: -0.6319 | Entropy: 2.8835 | Invalid S/B: 0.03/0.00 | Max Load: 21.2 | Load Gap: 2.3
Epoch [1400/3000] | Sampled: 523.41 | Baseline: 718.03 | Improvement: 194.62 | Win Rate: 100.00% | Actor Loss: -1.9463 | Entropy: 2.8985 | Invalid S/B: 0.03/0.00 | Max Load: 21.1 | Load Gap: 2.0
   -> Validation | Samples: 50 | Makespan: 509.76 | Invalid Jobs: 0.02
   -> Saved updated training chart to /home/wei/AMR-DFJSP/Static_alogorithm/GNN/gnn_precise_training_metrics.png
Epoch [1401/3000] | Sampled: 535.91 | Baseline: 724.19 | Improvement: 188.28 | Win Rate: 100.00% | Actor Loss: 3.5008 | Entropy: 2.8762 | Invalid S/B: 0.03/0.00 | Max Load: 21.1 | Load Gap: 2.3
Epoch [1402/3000] | Sampled: 529.53 | Baseline: 718.62 | Improvement: 189.09 | Win Rate: 100.00% | Actor Loss: 3.0079 | Entropy: 2.8848 | Invalid S/B: 0.03/0.00 | Max Load: 21.0 | Load Gap: 2.0
Epoch [1403/3000] | Sampled: 527.22 | Baseline: 718.88 | Improvement: 191.66 | Win Rate: 100.00% | Actor Loss: 4.7708 | Entropy: 2.8689 | Invalid S/B: 0.00/0.00 | Max Load: 21.0 | Load Gap: 1.9
Epoch [1404/3000] | Sampled: 522.00 | Baseline: 721.00 | Improvement: 199.00 | Win Rate: 100.00% | Actor Loss: 5.5815 | Entropy: 2.8925 | Invalid S/B: 0.00/0.00 | Max Load: 21.0 | Load Gap: 1.9
Epoch [1405/3000] | Sampled: 528.12 | Baseline: 718.91 | Improvement: 190.78 | Win Rate: 100.00% | Actor Loss: 1.2445 | Entropy: 2.8978 | Invalid S/B: 0.03/0.00 | Max Load: 20.9 | Load Gap: 1.7
Epoch [1406/3000] | Sampled: 523.03 | Baseline: 721.38 | Improvement: 198.34 | Win Rate: 100.00% | Actor Loss: -3.3418 | Entropy: 2.9007 | Invalid S/B: 0.03/0.00 | Max Load: 20.9 | Load Gap: 1.8
Epoch [1407/3000] | Sampled: 523.78 | Baseline: 719.00 | Improvement: 195.22 | Win Rate: 100.00% | Actor Loss: 0.5646 | Entropy: 2.9071 | Invalid S/B: 0.06/0.00 | Max Load: 20.8 | Load Gap: 1.8
Epoch [1408/3000] | Sampled: 511.94 | Baseline: 720.31 | Improvement: 208.38 | Win Rate: 100.00% | Actor Loss: -2.2934 | Entropy: 2.9324 | Invalid S/B: 0.00/0.00 | Max Load: 20.8 | Load Gap: 1.5
Epoch [1409/3000] | Sampled: 523.94 | Baseline: 716.12 | Improvement: 192.19 | Win Rate: 100.00% | Actor Loss: -1.2465 | Entropy: 2.9310 | Invalid S/B: 0.00/0.00 | Max Load: 20.9 | Load Gap: 1.9
Epoch [1410/3000] | Sampled: 523.12 | Baseline: 718.91 | Improvement: 195.78 | Win Rate: 100.00% | Actor Loss: -5.5854 | Entropy: 2.9465 | Invalid S/B: 0.06/0.00 | Max Load: 20.7 | Load Gap: 1.4
Epoch [1411/3000] | Sampled: 526.12 | Baseline: 716.88 | Improvement: 190.75 | Win Rate: 100.00% | Actor Loss: 2.2508 | Entropy: 2.9294 | Invalid S/B: 0.00/0.00 | Max Load: 20.7 | Load Gap: 1.4
Epoch [1412/3000] | Sampled: 520.91 | Baseline: 719.97 | Improvement: 199.06 | Win Rate: 100.00% | Actor Loss: -3.5958 | Entropy: 2.9277 | Invalid S/B: 0.00/0.00 | Max Load: 20.5 | Load Gap: 1.1
Epoch [1413/3000] | Sampled: 532.12 | Baseline: 724.75 | Improvement: 192.62 | Win Rate: 100.00% | Actor Loss: -0.5564 | Entropy: 2.9199 | Invalid S/B: 0.03/0.00 | Max Load: 20.7 | Load Gap: 1.3
Epoch [1414/3000] | Sampled: 525.97 | Baseline: 720.53 | Improvement: 194.56 | Win Rate: 100.00% | Actor Loss: -3.3837 | Entropy: 2.9211 | Invalid S/B: 0.03/0.00 | Max Load: 20.9 | Load Gap: 1.7
Epoch [1415/3000] | Sampled: 521.78 | Baseline: 716.75 | Improvement: 194.97 | Win Rate: 100.00% | Actor Loss: 2.7949 | Entropy: 2.9269 | Invalid S/B: 0.00/0.00 | Max Load: 20.8 | Load Gap: 1.5
Epoch [1416/3000] | Sampled: 527.03 | Baseline: 714.47 | Improvement: 187.44 | Win Rate: 100.00% | Actor Loss: 0.9998 | Entropy: 2.9061 | Invalid S/B: 0.03/0.00 | Max Load: 20.7 | Load Gap: 1.4
Epoch [1417/3000] | Sampled: 524.72 | Baseline: 711.72 | Improvement: 187.00 | Win Rate: 100.00% | Actor Loss: 0.3219 | Entropy: 2.9126 | Invalid S/B: 0.00/0.00 | Max Load: 20.8 | Load Gap: 1.5
Epoch [1418/3000] | Sampled: 540.19 | Baseline: 720.50 | Improvement: 180.31 | Win Rate: 100.00% | Actor Loss: 2.6432 | Entropy: 2.9175 | Invalid S/B: 0.06/0.00 | Max Load: 20.9 | Load Gap: 1.6
Epoch [1419/3000] | Sampled: 524.19 | Baseline: 716.78 | Improvement: 192.59 | Win Rate: 100.00% | Actor Loss: -2.4711 | Entropy: 2.9365 | Invalid S/B: 0.03/0.00 | Max Load: 20.7 | Load Gap: 1.5
Epoch [1420/3000] | Sampled: 521.81 | Baseline: 720.12 | Improvement: 198.31 | Win Rate: 100.00% | Actor Loss: -0.7265 | Entropy: 2.9307 | Invalid S/B: 0.00/0.00 | Max Load: 20.8 | Load Gap: 1.4
Epoch [1421/3000] | Sampled: 535.53 | Baseline: 719.84 | Improvement: 184.31 | Win Rate: 100.00% | Actor Loss: 4.2450 | Entropy: 2.9508 | Invalid S/B: 0.03/0.00 | Max Load: 20.8 | Load Gap: 1.6
Epoch [1422/3000] | Sampled: 531.16 | Baseline: 713.81 | Improvement: 182.66 | Win Rate: 100.00% | Actor Loss: 0.1780 | Entropy: 2.9384 | Invalid S/B: 0.03/0.00 | Max Load: 20.7 | Load Gap: 1.5
Epoch [1423/3000] | Sampled: 522.84 | Baseline: 718.97 | Improvement: 196.12 | Win Rate: 100.00% | Actor Loss: 0.0482 | Entropy: 2.9544 | Invalid S/B: 0.03/0.00 | Max Load: 20.6 | Load Gap: 1.1
Epoch [1424/3000] | Sampled: 517.91 | Baseline: 716.91 | Improvement: 199.00 | Win Rate: 100.00% | Actor Loss: 2.4554 | Entropy: 2.9388 | Invalid S/B: 0.00/0.00 | Max Load: 20.9 | Load Gap: 1.8
Epoch [1425/3000] | Sampled: 525.94 | Baseline: 719.16 | Improvement: 193.22 | Win Rate: 100.00% | Actor Loss: 1.1735 | Entropy: 2.9372 | Invalid S/B: 0.00/0.00 | Max Load: 20.9 | Load Gap: 1.8
Epoch [1426/3000] | Sampled: 520.41 | Baseline: 718.72 | Improvement: 198.31 | Win Rate: 100.00% | Actor Loss: 2.7861 | Entropy: 2.9485 | Invalid S/B: 0.00/0.00 | Max Load: 21.0 | Load Gap: 1.8
Epoch [1427/3000] | Sampled: 519.03 | Baseline: 718.59 | Improvement: 199.56 | Win Rate: 100.00% | Actor Loss: -1.3471 | Entropy: 2.9351 | Invalid S/B: 0.03/0.00 | Max Load: 20.7 | Load Gap: 1.4
Epoch [1428/3000] | Sampled: 513.41 | Baseline: 716.66 | Improvement: 203.25 | Win Rate: 100.00% | Actor Loss: -3.6542 | Entropy: 2.9185 | Invalid S/B: 0.00/0.00 | Max Load: 20.9 | Load Gap: 1.8
Epoch [1429/3000] | Sampled: 530.84 | Baseline: 718.09 | Improvement: 187.25 | Win Rate: 100.00% | Actor Loss: 2.1124 | Entropy: 2.9329 | Invalid S/B: 0.06/0.00 | Max Load: 20.9 | Load Gap: 1.8
Epoch [1430/3000] | Sampled: 538.31 | Baseline: 715.47 | Improvement: 177.16 | Win Rate: 100.00% | Actor Loss: -3.2506 | Entropy: 2.9215 | Invalid S/B: 0.06/0.00 | Max Load: 21.1 | Load Gap: 2.2
Epoch [1431/3000] | Sampled: 536.34 | Baseline: 722.03 | Improvement: 185.69 | Win Rate: 100.00% | Actor Loss: -4.0850 | Entropy: 2.9019 | Invalid S/B: 0.03/0.00 | Max Load: 20.9 | Load Gap: 1.9
Epoch [1432/3000] | Sampled: 547.41 | Baseline: 719.47 | Improvement: 172.06 | Win Rate: 100.00% | Actor Loss: 1.7666 | Entropy: 2.8980 | Invalid S/B: 0.03/0.00 | Max Load: 20.9 | Load Gap: 1.7
Epoch [1433/3000] | Sampled: 532.03 | Baseline: 712.84 | Improvement: 180.81 | Win Rate: 100.00% | Actor Loss: -2.4336 | Entropy: 2.8919 | Invalid S/B: 0.03/0.00 | Max Load: 21.2 | Load Gap: 2.3
Epoch [1434/3000] | Sampled: 531.03 | Baseline: 719.50 | Improvement: 188.47 | Win Rate: 100.00% | Actor Loss: 2.1534 | Entropy: 2.9046 | Invalid S/B: 0.00/0.00 | Max Load: 21.0 | Load Gap: 1.9
Epoch [1435/3000] | Sampled: 537.62 | Baseline: 716.03 | Improvement: 178.41 | Win Rate: 100.00% | Actor Loss: 1.5736 | Entropy: 2.8893 | Invalid S/B: 0.03/0.00 | Max Load: 21.1 | Load Gap: 2.2
Epoch [1436/3000] | Sampled: 532.62 | Baseline: 716.06 | Improvement: 183.44 | Win Rate: 100.00% | Actor Loss: 2.8266 | Entropy: 2.8870 | Invalid S/B: 0.00/0.00 | Max Load: 20.9 | Load Gap: 1.9
Epoch [1437/3000] | Sampled: 545.00 | Baseline: 724.00 | Improvement: 179.00 | Win Rate: 100.00% | Actor Loss: 7.1771 | Entropy: 2.8893 | Invalid S/B: 0.00/0.00 | Max Load: 21.2 | Load Gap: 2.3
Epoch [1438/3000] | Sampled: 530.72 | Baseline: 716.22 | Improvement: 185.50 | Win Rate: 100.00% | Actor Loss: 5.0467 | Entropy: 2.9049 | Invalid S/B: 0.00/0.00 | Max Load: 21.0 | Load Gap: 1.9
Epoch [1439/3000] | Sampled: 528.34 | Baseline: 715.28 | Improvement: 186.94 | Win Rate: 100.00% | Actor Loss: -0.0193 | Entropy: 2.9305 | Invalid S/B: 0.00/0.00 | Max Load: 21.1 | Load Gap: 2.1
Epoch [1440/3000] | Sampled: 539.78 | Baseline: 720.88 | Improvement: 181.09 | Win Rate: 100.00% | Actor Loss: 0.8943 | Entropy: 2.9342 | Invalid S/B: 0.06/0.00 | Max Load: 21.0 | Load Gap: 2.0
Epoch [1441/3000] | Sampled: 538.94 | Baseline: 721.97 | Improvement: 183.03 | Win Rate: 100.00% | Actor Loss: 0.0072 | Entropy: 2.9215 | Invalid S/B: 0.03/0.00 | Max Load: 21.0 | Load Gap: 1.9
Epoch [1442/3000] | Sampled: 533.00 | Baseline: 717.91 | Improvement: 184.91 | Win Rate: 100.00% | Actor Loss: 3.9034 | Entropy: 2.9315 | Invalid S/B: 0.06/0.00 | Max Load: 21.0 | Load Gap: 2.0
Epoch [1443/3000] | Sampled: 522.09 | Baseline: 717.00 | Improvement: 194.91 | Win Rate: 100.00% | Actor Loss: -5.0322 | Entropy: 2.9441 | Invalid S/B: 0.00/0.00 | Max Load: 20.8 | Load Gap: 1.6
Epoch [1444/3000] | Sampled: 527.75 | Baseline: 721.94 | Improvement: 194.19 | Win Rate: 100.00% | Actor Loss: -2.6172 | Entropy: 2.9517 | Invalid S/B: 0.03/0.00 | Max Load: 20.8 | Load Gap: 1.7
Epoch [1445/3000] | Sampled: 525.09 | Baseline: 718.16 | Improvement: 193.06 | Win Rate: 100.00% | Actor Loss: -4.3610 | Entropy: 2.9396 | Invalid S/B: 0.00/0.03 | Max Load: 20.8 | Load Gap: 1.6
Epoch [1446/3000] | Sampled: 526.22 | Baseline: 725.19 | Improvement: 198.97 | Win Rate: 100.00% | Actor Loss: -3.2240 | Entropy: 2.9518 | Invalid S/B: 0.00/0.00 | Max Load: 20.8 | Load Gap: 1.7
Epoch [1447/3000] | Sampled: 531.09 | Baseline: 722.19 | Improvement: 191.09 | Win Rate: 100.00% | Actor Loss: -2.1457 | Entropy: 2.9117 | Invalid S/B: 0.00/0.00 | Max Load: 21.0 | Load Gap: 1.9
Epoch [1448/3000] | Sampled: 529.09 | Baseline: 717.25 | Improvement: 188.16 | Win Rate: 100.00% | Actor Loss: 2.8141 | Entropy: 2.8981 | Invalid S/B: 0.00/0.00 | Max Load: 20.8 | Load Gap: 1.5
Epoch [1449/3000] | Sampled: 525.31 | Baseline: 716.16 | Improvement: 190.84 | Win Rate: 100.00% | Actor Loss: 1.1361 | Entropy: 2.8938 | Invalid S/B: 0.03/0.00 | Max Load: 20.7 | Load Gap: 1.5
Epoch [1450/3000] | Sampled: 530.53 | Baseline: 719.09 | Improvement: 188.56 | Win Rate: 100.00% | Actor Loss: 1.8207 | Entropy: 2.8917 | Invalid S/B: 0.03/0.00 | Max Load: 20.9 | Load Gap: 1.8
   -> Validation | Samples: 50 | Makespan: 507.90 | Invalid Jobs: 0.00
Epoch [1451/3000] | Sampled: 521.72 | Baseline: 714.34 | Improvement: 192.62 | Win Rate: 100.00% | Actor Loss: 3.8139 | Entropy: 2.8902 | Invalid S/B: 0.03/0.00 | Max Load: 20.8 | Load Gap: 1.6
Epoch [1452/3000] | Sampled: 530.50 | Baseline: 720.03 | Improvement: 189.53 | Win Rate: 100.00% | Actor Loss: -3.2547 | Entropy: 2.8993 | Invalid S/B: 0.00/0.00 | Max Load: 21.0 | Load Gap: 1.9
Epoch [1453/3000] | Sampled: 521.22 | Baseline: 714.34 | Improvement: 193.12 | Win Rate: 100.00% | Actor Loss: -2.0916 | Entropy: 2.9008 | Invalid S/B: 0.00/0.00 | Max Load: 20.9 | Load Gap: 1.8
Epoch [1454/3000] | Sampled: 531.91 | Baseline: 718.41 | Improvement: 186.50 | Win Rate: 100.00% | Actor Loss: 3.0006 | Entropy: 2.8879 | Invalid S/B: 0.06/0.00 | Max Load: 20.9 | Load Gap: 1.8
Epoch [1455/3000] | Sampled: 523.44 | Baseline: 711.72 | Improvement: 188.28 | Win Rate: 100.00% | Actor Loss: -2.6781 | Entropy: 2.9132 | Invalid S/B: 0.00/0.00 | Max Load: 20.9 | Load Gap: 1.8
Epoch [1456/3000] | Sampled: 521.94 | Baseline: 716.31 | Improvement: 194.38 | Win Rate: 100.00% | Actor Loss: -0.3895 | Entropy: 2.9052 | Invalid S/B: 0.03/0.00 | Max Load: 20.8 | Load Gap: 1.6
Epoch [1457/3000] | Sampled: 534.94 | Baseline: 714.72 | Improvement: 179.78 | Win Rate: 100.00% | Actor Loss: -2.8313 | Entropy: 2.8913 | Invalid S/B: 0.09/0.00 | Max Load: 20.9 | Load Gap: 1.8
Epoch [1458/3000] | Sampled: 534.09 | Baseline: 720.69 | Improvement: 186.59 | Win Rate: 100.00% | Actor Loss: -0.6907 | Entropy: 2.8973 | Invalid S/B: 0.00/0.00 | Max Load: 21.0 | Load Gap: 2.1
Epoch [1459/3000] | Sampled: 532.59 | Baseline: 720.09 | Improvement: 187.50 | Win Rate: 100.00% | Actor Loss: -2.7277 | Entropy: 2.8806 | Invalid S/B: 0.00/0.00 | Max Load: 21.0 | Load Gap: 2.0
Epoch [1460/3000] | Sampled: 530.50 | Baseline: 716.38 | Improvement: 185.88 | Win Rate: 100.00% | Actor Loss: 1.5466 | Entropy: 2.8607 | Invalid S/B: 0.00/0.00 | Max Load: 21.0 | Load Gap: 2.0
Epoch [1461/3000] | Sampled: 542.19 | Baseline: 717.44 | Improvement: 175.25 | Win Rate: 100.00% | Actor Loss: 12.7056 | Entropy: 2.8669 | Invalid S/B: 0.06/0.00 | Max Load: 21.0 | Load Gap: 2.0
Epoch [1462/3000] | Sampled: 535.19 | Baseline: 717.03 | Improvement: 181.84 | Win Rate: 100.00% | Actor Loss: 2.8826 | Entropy: 2.8509 | Invalid S/B: 0.00/0.00 | Max Load: 21.0 | Load Gap: 2.1
Epoch [1463/3000] | Sampled: 530.22 | Baseline: 715.06 | Improvement: 184.84 | Win Rate: 100.00% | Actor Loss: 5.4748 | Entropy: 2.8389 | Invalid S/B: 0.00/0.00 | Max Load: 21.2 | Load Gap: 2.3
Epoch [1464/3000] | Sampled: 533.47 | Baseline: 716.75 | Improvement: 183.28 | Win Rate: 100.00% | Actor Loss: 6.0314 | Entropy: 2.8601 | Invalid S/B: 0.00/0.00 | Max Load: 20.9 | Load Gap: 1.7
Epoch [1465/3000] | Sampled: 539.31 | Baseline: 715.41 | Improvement: 176.09 | Win Rate: 100.00% | Actor Loss: 0.4319 | Entropy: 2.8780 | Invalid S/B: 0.03/0.00 | Max Load: 21.1 | Load Gap: 2.0
Epoch [1466/3000] | Sampled: 532.44 | Baseline: 724.16 | Improvement: 191.72 | Win Rate: 100.00% | Actor Loss: 0.7110 | Entropy: 2.8658 | Invalid S/B: 0.03/0.00 | Max Load: 21.1 | Load Gap: 2.2
Epoch [1467/3000] | Sampled: 529.19 | Baseline: 720.00 | Improvement: 190.81 | Win Rate: 100.00% | Actor Loss: 0.2764 | Entropy: 2.8744 | Invalid S/B: 0.00/0.00 | Max Load: 20.8 | Load Gap: 1.7
Epoch [1468/3000] | Sampled: 530.12 | Baseline: 719.38 | Improvement: 189.25 | Win Rate: 100.00% | Actor Loss: -5.5643 | Entropy: 2.9173 | Invalid S/B: 0.00/0.00 | Max Load: 21.1 | Load Gap: 2.0
Epoch [1469/3000] | Sampled: 538.47 | Baseline: 715.81 | Improvement: 177.34 | Win Rate: 100.00% | Actor Loss: 0.0871 | Entropy: 2.9029 | Invalid S/B: 0.00/0.00 | Max Load: 21.0 | Load Gap: 1.9
Epoch [1470/3000] | Sampled: 519.53 | Baseline: 715.81 | Improvement: 196.28 | Win Rate: 100.00% | Actor Loss: -4.0511 | Entropy: 2.9205 | Invalid S/B: 0.00/0.00 | Max Load: 21.0 | Load Gap: 1.9
Epoch [1471/3000] | Sampled: 524.94 | Baseline: 714.78 | Improvement: 189.84 | Win Rate: 100.00% | Actor Loss: 0.3704 | Entropy: 2.9297 | Invalid S/B: 0.06/0.00 | Max Load: 20.8 | Load Gap: 1.7
Epoch [1472/3000] | Sampled: 538.53 | Baseline: 716.00 | Improvement: 177.47 | Win Rate: 100.00% | Actor Loss: 0.6896 | Entropy: 2.9229 | Invalid S/B: 0.03/0.00 | Max Load: 20.7 | Load Gap: 1.5
Epoch [1473/3000] | Sampled: 526.56 | Baseline: 721.34 | Improvement: 194.78 | Win Rate: 100.00% | Actor Loss: -2.4597 | Entropy: 2.9263 | Invalid S/B: 0.03/0.00 | Max Load: 21.1 | Load Gap: 2.1
Epoch [1474/3000] | Sampled: 522.38 | Baseline: 715.50 | Improvement: 193.12 | Win Rate: 100.00% | Actor Loss: 2.8925 | Entropy: 2.9120 | Invalid S/B: 0.00/0.00 | Max Load: 21.0 | Load Gap: 1.8
Epoch [1475/3000] | Sampled: 530.09 | Baseline: 721.44 | Improvement: 191.34 | Win Rate: 100.00% | Actor Loss: 4.3827 | Entropy: 2.9459 | Invalid S/B: 0.06/0.00 | Max Load: 21.1 | Load Gap: 2.2
Epoch [1476/3000] | Sampled: 529.44 | Baseline: 718.09 | Improvement: 188.66 | Win Rate: 100.00% | Actor Loss: 3.9973 | Entropy: 2.9439 | Invalid S/B: 0.06/0.00 | Max Load: 20.8 | Load Gap: 1.4
Epoch [1477/3000] | Sampled: 524.28 | Baseline: 723.09 | Improvement: 198.81 | Win Rate: 100.00% | Actor Loss: -1.5987 | Entropy: 2.9410 | Invalid S/B: 0.00/0.00 | Max Load: 20.9 | Load Gap: 1.8
Epoch [1478/3000] | Sampled: 526.28 | Baseline: 717.50 | Improvement: 191.22 | Win Rate: 100.00% | Actor Loss: -4.5747 | Entropy: 2.9529 | Invalid S/B: 0.03/0.00 | Max Load: 20.9 | Load Gap: 1.8
Epoch [1479/3000] | Sampled: 522.12 | Baseline: 718.28 | Improvement: 196.16 | Win Rate: 100.00% | Actor Loss: -0.0015 | Entropy: 2.9488 | Invalid S/B: 0.00/0.00 | Max Load: 21.0 | Load Gap: 1.9
Epoch [1480/3000] | Sampled: 521.00 | Baseline: 717.47 | Improvement: 196.47 | Win Rate: 100.00% | Actor Loss: -4.4473 | Entropy: 2.9362 | Invalid S/B: 0.00/0.03 | Max Load: 20.8 | Load Gap: 1.7
Epoch [1481/3000] | Sampled: 526.53 | Baseline: 717.97 | Improvement: 191.44 | Win Rate: 100.00% | Actor Loss: -2.9066 | Entropy: 2.9365 | Invalid S/B: 0.00/0.00 | Max Load: 20.7 | Load Gap: 1.5
Epoch [1482/3000] | Sampled: 526.84 | Baseline: 722.06 | Improvement: 195.22 | Win Rate: 100.00% | Actor Loss: -1.9190 | Entropy: 2.9568 | Invalid S/B: 0.00/0.00 | Max Load: 20.8 | Load Gap: 1.6
Epoch [1483/3000] | Sampled: 515.59 | Baseline: 712.72 | Improvement: 197.12 | Win Rate: 100.00% | Actor Loss: 2.8977 | Entropy: 2.9237 | Invalid S/B: 0.03/0.00 | Max Load: 20.6 | Load Gap: 1.3
Epoch [1484/3000] | Sampled: 530.38 | Baseline: 715.19 | Improvement: 184.81 | Win Rate: 100.00% | Actor Loss: 6.7565 | Entropy: 2.9273 | Invalid S/B: 0.06/0.00 | Max Load: 20.8 | Load Gap: 1.7
Epoch [1485/3000] | Sampled: 523.66 | Baseline: 716.59 | Improvement: 192.94 | Win Rate: 100.00% | Actor Loss: 4.1423 | Entropy: 2.9396 | Invalid S/B: 0.00/0.00 | Max Load: 20.9 | Load Gap: 1.9
Epoch [1486/3000] | Sampled: 531.19 | Baseline: 714.00 | Improvement: 182.81 | Win Rate: 100.00% | Actor Loss: 0.9894 | Entropy: 2.9489 | Invalid S/B: 0.03/0.00 | Max Load: 20.8 | Load Gap: 1.5
Epoch [1487/3000] | Sampled: 531.94 | Baseline: 718.72 | Improvement: 186.78 | Win Rate: 100.00% | Actor Loss: 2.6441 | Entropy: 2.9485 | Invalid S/B: 0.03/0.00 | Max Load: 20.8 | Load Gap: 1.4
Epoch [1488/3000] | Sampled: 521.47 | Baseline: 713.38 | Improvement: 191.91 | Win Rate: 100.00% | Actor Loss: -0.7311 | Entropy: 2.9756 | Invalid S/B: 0.00/0.00 | Max Load: 20.6 | Load Gap: 1.2
Epoch [1489/3000] | Sampled: 523.94 | Baseline: 715.50 | Improvement: 191.56 | Win Rate: 100.00% | Actor Loss: -2.6170 | Entropy: 2.9745 | Invalid S/B: 0.06/0.00 | Max Load: 20.8 | Load Gap: 1.7
Epoch [1490/3000] | Sampled: 520.00 | Baseline: 716.19 | Improvement: 196.19 | Win Rate: 100.00% | Actor Loss: -2.5399 | Entropy: 2.9595 | Invalid S/B: 0.03/0.00 | Max Load: 20.8 | Load Gap: 1.5
Epoch [1491/3000] | Sampled: 521.41 | Baseline: 714.00 | Improvement: 192.59 | Win Rate: 100.00% | Actor Loss: -0.1295 | Entropy: 2.9680 | Invalid S/B: 0.03/0.00 | Max Load: 20.7 | Load Gap: 1.4
Epoch [1492/3000] | Sampled: 521.53 | Baseline: 716.59 | Improvement: 195.06 | Win Rate: 100.00% | Actor Loss: -3.5322 | Entropy: 2.9715 | Invalid S/B: 0.00/0.00 | Max Load: 20.7 | Load Gap: 1.4
Epoch [1493/3000] | Sampled: 517.03 | Baseline: 720.28 | Improvement: 203.25 | Win Rate: 100.00% | Actor Loss: -3.8204 | Entropy: 2.9627 | Invalid S/B: 0.00/0.00 | Max Load: 20.9 | Load Gap: 1.8
Epoch [1494/3000] | Sampled: 535.62 | Baseline: 720.53 | Improvement: 184.91 | Win Rate: 100.00% | Actor Loss: -0.7450 | Entropy: 2.9665 | Invalid S/B: 0.12/0.00 | Max Load: 20.7 | Load Gap: 1.4
Epoch [1495/3000] | Sampled: 526.56 | Baseline: 712.91 | Improvement: 186.34 | Win Rate: 100.00% | Actor Loss: -9.4404 | Entropy: 2.9592 | Invalid S/B: 0.03/0.00 | Max Load: 20.8 | Load Gap: 1.5
Epoch [1496/3000] | Sampled: 529.59 | Baseline: 718.62 | Improvement: 189.03 | Win Rate: 100.00% | Actor Loss: -0.6048 | Entropy: 2.9639 | Invalid S/B: 0.00/0.00 | Max Load: 20.9 | Load Gap: 1.7
Epoch [1497/3000] | Sampled: 507.31 | Baseline: 715.94 | Improvement: 208.62 | Win Rate: 100.00% | Actor Loss: -4.5644 | Entropy: 2.9442 | Invalid S/B: 0.00/0.00 | Max Load: 20.9 | Load Gap: 1.8
Epoch [1498/3000] | Sampled: 527.22 | Baseline: 718.09 | Improvement: 190.88 | Win Rate: 100.00% | Actor Loss: 3.0185 | Entropy: 2.9170 | Invalid S/B: 0.03/0.00 | Max Load: 20.8 | Load Gap: 1.5
Epoch [1499/3000] | Sampled: 520.44 | Baseline: 715.81 | Improvement: 195.38 | Win Rate: 100.00% | Actor Loss: 4.7176 | Entropy: 2.9334 | Invalid S/B: 0.00/0.00 | Max Load: 21.2 | Load Gap: 2.3
Epoch [1500/3000] | Sampled: 520.19 | Baseline: 717.56 | Improvement: 197.38 | Win Rate: 100.00% | Actor Loss: -1.2825 | Entropy: 2.8887 | Invalid S/B: 0.03/0.00 | Max Load: 21.0 | Load Gap: 1.9
   -> Validation | Samples: 50 | Makespan: 507.54 | Invalid Jobs: 0.02
   -> Saved updated training chart to /home/wei/AMR-DFJSP/Static_alogorithm/GNN/gnn_precise_training_metrics.png
Epoch [1501/3000] | Sampled: 522.91 | Baseline: 718.19 | Improvement: 195.28 | Win Rate: 100.00% | Actor Loss: 1.4786 | Entropy: 2.8969 | Invalid S/B: 0.03/0.00 | Max Load: 21.1 | Load Gap: 2.0
Epoch [1502/3000] | Sampled: 528.81 | Baseline: 711.19 | Improvement: 182.38 | Win Rate: 100.00% | Actor Loss: 1.2984 | Entropy: 2.8948 | Invalid S/B: 0.03/0.00 | Max Load: 20.9 | Load Gap: 1.8
Epoch [1503/3000] | Sampled: 522.81 | Baseline: 720.38 | Improvement: 197.56 | Win Rate: 100.00% | Actor Loss: 6.0007 | Entropy: 2.9050 | Invalid S/B: 0.00/0.00 | Max Load: 21.0 | Load Gap: 2.0
Epoch [1504/3000] | Sampled: 534.25 | Baseline: 717.25 | Improvement: 183.00 | Win Rate: 100.00% | Actor Loss: 1.5056 | Entropy: 2.8830 | Invalid S/B: 0.00/0.00 | Max Load: 21.1 | Load Gap: 2.2
Epoch [1505/3000] | Sampled: 529.72 | Baseline: 716.69 | Improvement: 186.97 | Win Rate: 100.00% | Actor Loss: 2.3711 | Entropy: 2.8881 | Invalid S/B: 0.00/0.00 | Max Load: 21.1 | Load Gap: 2.1
Epoch [1506/3000] | Sampled: 526.84 | Baseline: 717.81 | Improvement: 190.97 | Win Rate: 100.00% | Actor Loss: 1.0704 | Entropy: 2.8749 | Invalid S/B: 0.03/0.00 | Max Load: 21.2 | Load Gap: 2.3
Epoch [1507/3000] | Sampled: 520.78 | Baseline: 717.44 | Improvement: 196.66 | Win Rate: 100.00% | Actor Loss: 2.3307 | Entropy: 2.8867 | Invalid S/B: 0.00/0.00 | Max Load: 21.0 | Load Gap: 2.1
Epoch [1508/3000] | Sampled: 535.69 | Baseline: 720.12 | Improvement: 184.44 | Win Rate: 100.00% | Actor Loss: -0.5679 | Entropy: 2.8683 | Invalid S/B: 0.03/0.00 | Max Load: 21.0 | Load Gap: 2.2
Epoch [1509/3000] | Sampled: 532.25 | Baseline: 716.56 | Improvement: 184.31 | Win Rate: 100.00% | Actor Loss: 2.5705 | Entropy: 2.8642 | Invalid S/B: 0.03/0.00 | Max Load: 21.1 | Load Gap: 2.2
Epoch [1510/3000] | Sampled: 537.84 | Baseline: 718.44 | Improvement: 180.59 | Win Rate: 100.00% | Actor Loss: 3.3757 | Entropy: 2.8504 | Invalid S/B: 0.03/0.00 | Max Load: 20.9 | Load Gap: 1.8
Epoch [1511/3000] | Sampled: 531.38 | Baseline: 719.62 | Improvement: 188.25 | Win Rate: 100.00% | Actor Loss: 4.7795 | Entropy: 2.8561 | Invalid S/B: 0.00/0.00 | Max Load: 21.0 | Load Gap: 2.1
Epoch [1512/3000] | Sampled: 530.91 | Baseline: 721.03 | Improvement: 190.12 | Win Rate: 100.00% | Actor Loss: -4.2168 | Entropy: 2.8624 | Invalid S/B: 0.00/0.00 | Max Load: 21.0 | Load Gap: 2.1
Epoch [1513/3000] | Sampled: 528.72 | Baseline: 718.41 | Improvement: 189.69 | Win Rate: 100.00% | Actor Loss: -2.7718 | Entropy: 2.8526 | Invalid S/B: 0.03/0.00 | Max Load: 20.9 | Load Gap: 1.9
Epoch [1514/3000] | Sampled: 525.56 | Baseline: 715.53 | Improvement: 189.97 | Win Rate: 100.00% | Actor Loss: -2.1981 | Entropy: 2.8413 | Invalid S/B: 0.00/0.00 | Max Load: 20.9 | Load Gap: 1.8
Epoch [1515/3000] | Sampled: 522.16 | Baseline: 716.94 | Improvement: 194.78 | Win Rate: 100.00% | Actor Loss: -5.5699 | Entropy: 2.8313 | Invalid S/B: 0.00/0.00 | Max Load: 21.1 | Load Gap: 2.2
Epoch [1516/3000] | Sampled: 524.44 | Baseline: 714.34 | Improvement: 189.91 | Win Rate: 100.00% | Actor Loss: -3.1809 | Entropy: 2.8431 | Invalid S/B: 0.03/0.00 | Max Load: 21.0 | Load Gap: 2.0
Epoch [1517/3000] | Sampled: 521.88 | Baseline: 714.88 | Improvement: 193.00 | Win Rate: 100.00% | Actor Loss: 3.8049 | Entropy: 2.8284 | Invalid S/B: 0.00/0.00 | Max Load: 20.8 | Load Gap: 1.7
Epoch [1518/3000] | Sampled: 528.19 | Baseline: 715.31 | Improvement: 187.12 | Win Rate: 100.00% | Actor Loss: 1.9783 | Entropy: 2.8195 | Invalid S/B: 0.00/0.00 | Max Load: 20.9 | Load Gap: 1.8
Epoch [1519/3000] | Sampled: 530.22 | Baseline: 722.94 | Improvement: 192.72 | Win Rate: 100.00% | Actor Loss: 1.9806 | Entropy: 2.8240 | Invalid S/B: 0.00/0.00 | Max Load: 20.9 | Load Gap: 2.1
Epoch [1520/3000] | Sampled: 518.91 | Baseline: 716.66 | Improvement: 197.75 | Win Rate: 100.00% | Actor Loss: 1.6213 | Entropy: 2.8263 | Invalid S/B: 0.00/0.00 | Max Load: 21.1 | Load Gap: 2.1
Epoch [1521/3000] | Sampled: 512.34 | Baseline: 713.16 | Improvement: 200.81 | Win Rate: 100.00% | Actor Loss: 4.3676 | Entropy: 2.8008 | Invalid S/B: 0.00/0.00 | Max Load: 20.8 | Load Gap: 1.6
Epoch [1522/3000] | Sampled: 520.03 | Baseline: 719.00 | Improvement: 198.97 | Win Rate: 100.00% | Actor Loss: -2.1426 | Entropy: 2.8005 | Invalid S/B: 0.00/0.00 | Max Load: 20.8 | Load Gap: 1.7
Epoch [1523/3000] | Sampled: 521.03 | Baseline: 716.06 | Improvement: 195.03 | Win Rate: 100.00% | Actor Loss: -1.4564 | Entropy: 2.7851 | Invalid S/B: 0.00/0.00 | Max Load: 20.8 | Load Gap: 1.5
Epoch [1524/3000] | Sampled: 521.25 | Baseline: 718.88 | Improvement: 197.62 | Win Rate: 100.00% | Actor Loss: 0.4033 | Entropy: 2.7936 | Invalid S/B: 0.00/0.00 | Max Load: 20.9 | Load Gap: 1.8
Epoch [1525/3000] | Sampled: 524.75 | Baseline: 717.94 | Improvement: 193.19 | Win Rate: 100.00% | Actor Loss: 2.3957 | Entropy: 2.7913 | Invalid S/B: 0.00/0.00 | Max Load: 20.8 | Load Gap: 1.8
Epoch [1526/3000] | Sampled: 527.22 | Baseline: 717.59 | Improvement: 190.38 | Win Rate: 100.00% | Actor Loss: -2.7950 | Entropy: 2.8074 | Invalid S/B: 0.03/0.00 | Max Load: 21.0 | Load Gap: 2.1
Epoch [1527/3000] | Sampled: 527.97 | Baseline: 719.00 | Improvement: 191.03 | Win Rate: 100.00% | Actor Loss: 4.1581 | Entropy: 2.8225 | Invalid S/B: 0.00/0.00 | Max Load: 21.0 | Load Gap: 1.9
Epoch [1528/3000] | Sampled: 527.59 | Baseline: 720.19 | Improvement: 192.59 | Win Rate: 100.00% | Actor Loss: 4.3036 | Entropy: 2.8424 | Invalid S/B: 0.03/0.00 | Max Load: 21.0 | Load Gap: 1.9
Epoch [1529/3000] | Sampled: 527.72 | Baseline: 718.50 | Improvement: 190.78 | Win Rate: 100.00% | Actor Loss: -1.4303 | Entropy: 2.8494 | Invalid S/B: 0.03/0.00 | Max Load: 21.0 | Load Gap: 1.9
Epoch [1530/3000] | Sampled: 524.06 | Baseline: 719.88 | Improvement: 195.81 | Win Rate: 100.00% | Actor Loss: -1.9475 | Entropy: 2.8740 | Invalid S/B: 0.03/0.00 | Max Load: 20.8 | Load Gap: 1.5
Epoch [1531/3000] | Sampled: 519.88 | Baseline: 713.81 | Improvement: 193.94 | Win Rate: 100.00% | Actor Loss: 2.1907 | Entropy: 2.8604 | Invalid S/B: 0.06/0.00 | Max Load: 20.8 | Load Gap: 1.7
Epoch [1532/3000] | Sampled: 511.41 | Baseline: 713.31 | Improvement: 201.91 | Win Rate: 100.00% | Actor Loss: 1.1930 | Entropy: 2.8901 | Invalid S/B: 0.03/0.00 | Max Load: 20.9 | Load Gap: 1.8
Epoch [1533/3000] | Sampled: 516.31 | Baseline: 714.19 | Improvement: 197.88 | Win Rate: 100.00% | Actor Loss: -5.1023 | Entropy: 2.8937 | Invalid S/B: 0.03/0.00 | Max Load: 21.0 | Load Gap: 2.0
Epoch [1534/3000] | Sampled: 531.25 | Baseline: 723.16 | Improvement: 191.91 | Win Rate: 100.00% | Actor Loss: -2.0856 | Entropy: 2.8690 | Invalid S/B: 0.03/0.00 | Max Load: 21.0 | Load Gap: 1.9
Epoch [1535/3000] | Sampled: 522.50 | Baseline: 720.06 | Improvement: 197.56 | Win Rate: 100.00% | Actor Loss: -3.2488 | Entropy: 2.8935 | Invalid S/B: 0.00/0.00 | Max Load: 20.8 | Load Gap: 1.7
Epoch [1536/3000] | Sampled: 511.66 | Baseline: 718.47 | Improvement: 206.81 | Win Rate: 100.00% | Actor Loss: -1.5383 | Entropy: 2.8677 | Invalid S/B: 0.00/0.00 | Max Load: 20.8 | Load Gap: 1.8
Epoch [1537/3000] | Sampled: 525.88 | Baseline: 718.38 | Improvement: 192.50 | Win Rate: 100.00% | Actor Loss: 1.5384 | Entropy: 2.9223 | Invalid S/B: 0.06/0.00 | Max Load: 20.8 | Load Gap: 1.7
Epoch [1538/3000] | Sampled: 520.66 | Baseline: 716.97 | Improvement: 196.31 | Win Rate: 100.00% | Actor Loss: -0.2669 | Entropy: 2.9176 | Invalid S/B: 0.03/0.00 | Max Load: 20.9 | Load Gap: 1.8
Epoch [1539/3000] | Sampled: 520.00 | Baseline: 718.59 | Improvement: 198.59 | Win Rate: 100.00% | Actor Loss: -1.2099 | Entropy: 2.9340 | Invalid S/B: 0.03/0.00 | Max Load: 20.7 | Load Gap: 1.4
Epoch [1540/3000] | Sampled: 516.28 | Baseline: 715.50 | Improvement: 199.22 | Win Rate: 100.00% | Actor Loss: -5.6124 | Entropy: 2.9339 | Invalid S/B: 0.03/0.00 | Max Load: 20.9 | Load Gap: 1.7
Epoch [1541/3000] | Sampled: 524.94 | Baseline: 716.72 | Improvement: 191.78 | Win Rate: 100.00% | Actor Loss: -2.5482 | Entropy: 2.9496 | Invalid S/B: 0.00/0.00 | Max Load: 20.7 | Load Gap: 1.4
Epoch [1542/3000] | Sampled: 521.41 | Baseline: 718.03 | Improvement: 196.62 | Win Rate: 100.00% | Actor Loss: 2.5604 | Entropy: 2.9346 | Invalid S/B: 0.00/0.00 | Max Load: 20.8 | Load Gap: 1.4
Epoch [1543/3000] | Sampled: 531.62 | Baseline: 719.22 | Improvement: 187.59 | Win Rate: 100.00% | Actor Loss: -3.0858 | Entropy: 2.9379 | Invalid S/B: 0.03/0.00 | Max Load: 21.0 | Load Gap: 1.9
Epoch [1544/3000] | Sampled: 526.53 | Baseline: 716.66 | Improvement: 190.12 | Win Rate: 100.00% | Actor Loss: -0.9122 | Entropy: 2.9392 | Invalid S/B: 0.06/0.00 | Max Load: 20.9 | Load Gap: 1.7
Epoch [1545/3000] | Sampled: 533.62 | Baseline: 718.91 | Improvement: 185.28 | Win Rate: 100.00% | Actor Loss: -1.5659 | Entropy: 2.9400 | Invalid S/B: 0.03/0.00 | Max Load: 20.8 | Load Gap: 1.6
Epoch [1546/3000] | Sampled: 528.31 | Baseline: 718.59 | Improvement: 190.28 | Win Rate: 100.00% | Actor Loss: -0.2256 | Entropy: 2.9088 | Invalid S/B: 0.00/0.00 | Max Load: 21.0 | Load Gap: 1.9
Epoch [1547/3000] | Sampled: 524.75 | Baseline: 717.31 | Improvement: 192.56 | Win Rate: 100.00% | Actor Loss: 1.7248 | Entropy: 2.8856 | Invalid S/B: 0.00/0.00 | Max Load: 20.8 | Load Gap: 1.8
Epoch [1548/3000] | Sampled: 522.03 | Baseline: 716.62 | Improvement: 194.59 | Win Rate: 100.00% | Actor Loss: 1.8710 | Entropy: 2.8891 | Invalid S/B: 0.00/0.00 | Max Load: 21.1 | Load Gap: 2.0
Epoch [1549/3000] | Sampled: 525.66 | Baseline: 717.75 | Improvement: 192.09 | Win Rate: 100.00% | Actor Loss: 5.7337 | Entropy: 2.8932 | Invalid S/B: 0.00/0.00 | Max Load: 21.2 | Load Gap: 2.1
Epoch [1550/3000] | Sampled: 525.22 | Baseline: 715.06 | Improvement: 189.84 | Win Rate: 100.00% | Actor Loss: 3.7432 | Entropy: 2.8918 | Invalid S/B: 0.03/0.00 | Max Load: 21.0 | Load Gap: 1.9
   -> Validation | Samples: 50 | Makespan: 498.84 | Invalid Jobs: 0.00
   -> Saved new best model (Val Makespan: 498.84)
Epoch [1551/3000] | Sampled: 536.69 | Baseline: 716.47 | Improvement: 179.78 | Win Rate: 100.00% | Actor Loss: 2.8601 | Entropy: 2.8766 | Invalid S/B: 0.06/0.00 | Max Load: 21.0 | Load Gap: 1.9
Epoch [1552/3000] | Sampled: 523.41 | Baseline: 718.78 | Improvement: 195.38 | Win Rate: 100.00% | Actor Loss: 3.4890 | Entropy: 2.8935 | Invalid S/B: 0.00/0.00 | Max Load: 21.1 | Load Gap: 2.0
Epoch [1553/3000] | Sampled: 521.41 | Baseline: 721.69 | Improvement: 200.28 | Win Rate: 100.00% | Actor Loss: 2.6174 | Entropy: 2.8939 | Invalid S/B: 0.03/0.00 | Max Load: 21.0 | Load Gap: 1.9
Epoch [1554/3000] | Sampled: 521.09 | Baseline: 713.00 | Improvement: 191.91 | Win Rate: 100.00% | Actor Loss: -5.2526 | Entropy: 2.8463 | Invalid S/B: 0.03/0.00 | Max Load: 21.1 | Load Gap: 2.1
Epoch [1555/3000] | Sampled: 518.59 | Baseline: 715.19 | Improvement: 196.59 | Win Rate: 100.00% | Actor Loss: -1.9731 | Entropy: 2.8591 | Invalid S/B: 0.00/0.00 | Max Load: 21.1 | Load Gap: 2.2
Epoch [1556/3000] | Sampled: 534.97 | Baseline: 723.25 | Improvement: 188.28 | Win Rate: 100.00% | Actor Loss: -3.5415 | Entropy: 2.8581 | Invalid S/B: 0.06/0.00 | Max Load: 21.2 | Load Gap: 2.2
Epoch [1557/3000] | Sampled: 525.44 | Baseline: 716.03 | Improvement: 190.59 | Win Rate: 100.00% | Actor Loss: -2.7987 | Entropy: 2.8479 | Invalid S/B: 0.00/0.00 | Max Load: 21.2 | Load Gap: 2.3
Epoch [1558/3000] | Sampled: 534.94 | Baseline: 718.81 | Improvement: 183.88 | Win Rate: 100.00% | Actor Loss: 0.0731 | Entropy: 2.8249 | Invalid S/B: 0.00/0.00 | Max Load: 21.0 | Load Gap: 2.0
Epoch [1559/3000] | Sampled: 535.31 | Baseline: 713.94 | Improvement: 178.62 | Win Rate: 100.00% | Actor Loss: -0.4814 | Entropy: 2.8142 | Invalid S/B: 0.06/0.00 | Max Load: 21.2 | Load Gap: 2.3
Epoch [1560/3000] | Sampled: 528.88 | Baseline: 719.53 | Improvement: 190.66 | Win Rate: 100.00% | Actor Loss: 0.1259 | Entropy: 2.8193 | Invalid S/B: 0.03/0.00 | Max Load: 21.1 | Load Gap: 2.3
Epoch [1561/3000] | Sampled: 531.41 | Baseline: 721.75 | Improvement: 190.34 | Win Rate: 100.00% | Actor Loss: 3.7492 | Entropy: 2.8164 | Invalid S/B: 0.00/0.00 | Max Load: 21.1 | Load Gap: 2.2
Epoch [1562/3000] | Sampled: 537.41 | Baseline: 717.34 | Improvement: 179.94 | Win Rate: 100.00% | Actor Loss: 3.1738 | Entropy: 2.8187 | Invalid S/B: 0.00/0.00 | Max Load: 21.0 | Load Gap: 2.0
Epoch [1563/3000] | Sampled: 534.47 | Baseline: 717.72 | Improvement: 183.25 | Win Rate: 100.00% | Actor Loss: 2.7906 | Entropy: 2.8104 | Invalid S/B: 0.03/0.00 | Max Load: 21.4 | Load Gap: 2.6
Epoch [1564/3000] | Sampled: 540.03 | Baseline: 725.94 | Improvement: 185.91 | Win Rate: 100.00% | Actor Loss: 4.1502 | Entropy: 2.8246 | Invalid S/B: 0.00/0.00 | Max Load: 21.0 | Load Gap: 2.0
Epoch [1565/3000] | Sampled: 536.34 | Baseline: 723.56 | Improvement: 187.22 | Win Rate: 100.00% | Actor Loss: 0.4944 | Entropy: 2.8211 | Invalid S/B: 0.00/0.00 | Max Load: 20.9 | Load Gap: 1.8
Epoch [1566/3000] | Sampled: 537.16 | Baseline: 716.91 | Improvement: 179.75 | Win Rate: 100.00% | Actor Loss: -5.5579 | Entropy: 2.8285 | Invalid S/B: 0.00/0.00 | Max Load: 21.3 | Load Gap: 2.6
Epoch [1567/3000] | Sampled: 522.25 | Baseline: 714.94 | Improvement: 192.69 | Win Rate: 100.00% | Actor Loss: 0.4597 | Entropy: 2.8402 | Invalid S/B: 0.00/0.00 | Max Load: 21.2 | Load Gap: 2.2
Epoch [1568/3000] | Sampled: 533.47 | Baseline: 718.66 | Improvement: 185.19 | Win Rate: 100.00% | Actor Loss: 0.2010 | Entropy: 2.8418 | Invalid S/B: 0.09/0.00 | Max Load: 21.2 | Load Gap: 2.1
Epoch [1569/3000] | Sampled: 524.25 | Baseline: 716.81 | Improvement: 192.56 | Win Rate: 100.00% | Actor Loss: -2.6026 | Entropy: 2.8559 | Invalid S/B: 0.00/0.00 | Max Load: 21.4 | Load Gap: 2.8
Epoch [1570/3000] | Sampled: 535.41 | Baseline: 716.72 | Improvement: 181.31 | Win Rate: 100.00% | Actor Loss: 1.3641 | Entropy: 2.8566 | Invalid S/B: 0.03/0.00 | Max Load: 21.2 | Load Gap: 2.5
Epoch [1571/3000] | Sampled: 531.47 | Baseline: 718.38 | Improvement: 186.91 | Win Rate: 100.00% | Actor Loss: 5.3248 | Entropy: 2.8333 | Invalid S/B: 0.03/0.00 | Max Load: 21.1 | Load Gap: 2.2
Epoch [1572/3000] | Sampled: 530.16 | Baseline: 719.66 | Improvement: 189.50 | Win Rate: 100.00% | Actor Loss: 1.9272 | Entropy: 2.8558 | Invalid S/B: 0.03/0.00 | Max Load: 21.0 | Load Gap: 2.1
Epoch [1573/3000] | Sampled: 535.50 | Baseline: 719.38 | Improvement: 183.88 | Win Rate: 100.00% | Actor Loss: -1.1865 | Entropy: 2.8893 | Invalid S/B: 0.03/0.00 | Max Load: 20.9 | Load Gap: 1.9
Epoch [1574/3000] | Sampled: 529.34 | Baseline: 722.72 | Improvement: 193.38 | Win Rate: 100.00% | Actor Loss: 1.1351 | Entropy: 2.8780 | Invalid S/B: 0.00/0.00 | Max Load: 21.0 | Load Gap: 2.1
Epoch [1575/3000] | Sampled: 530.38 | Baseline: 718.22 | Improvement: 187.84 | Win Rate: 100.00% | Actor Loss: -6.9810 | Entropy: 2.9063 | Invalid S/B: 0.09/0.00 | Max Load: 21.0 | Load Gap: 2.1
Epoch [1576/3000] | Sampled: 524.50 | Baseline: 716.22 | Improvement: 191.72 | Win Rate: 100.00% | Actor Loss: 1.8110 | Entropy: 2.8886 | Invalid S/B: 0.03/0.00 | Max Load: 21.1 | Load Gap: 2.2
Epoch [1577/3000] | Sampled: 522.53 | Baseline: 717.09 | Improvement: 194.56 | Win Rate: 100.00% | Actor Loss: 6.6143 | Entropy: 2.9155 | Invalid S/B: 0.00/0.00 | Max Load: 21.1 | Load Gap: 2.0
Epoch [1578/3000] | Sampled: 523.84 | Baseline: 718.19 | Improvement: 194.34 | Win Rate: 100.00% | Actor Loss: -0.4426 | Entropy: 2.9333 | Invalid S/B: 0.00/0.00 | Max Load: 21.0 | Load Gap: 1.9
Epoch [1579/3000] | Sampled: 526.12 | Baseline: 717.28 | Improvement: 191.16 | Win Rate: 100.00% | Actor Loss: 2.0307 | Entropy: 2.9375 | Invalid S/B: 0.03/0.00 | Max Load: 20.8 | Load Gap: 1.6
Epoch [1580/3000] | Sampled: 521.09 | Baseline: 719.97 | Improvement: 198.88 | Win Rate: 100.00% | Actor Loss: -2.1789 | Entropy: 2.9466 | Invalid S/B: 0.00/0.00 | Max Load: 20.8 | Load Gap: 1.5
Epoch [1581/3000] | Sampled: 516.16 | Baseline: 716.28 | Improvement: 200.12 | Win Rate: 100.00% | Actor Loss: -5.3172 | Entropy: 2.9331 | Invalid S/B: 0.00/0.00 | Max Load: 20.8 | Load Gap: 1.5
Epoch [1582/3000] | Sampled: 532.94 | Baseline: 717.69 | Improvement: 184.75 | Win Rate: 100.00% | Actor Loss: -0.1198 | Entropy: 2.9428 | Invalid S/B: 0.06/0.00 | Max Load: 20.9 | Load Gap: 1.8
Epoch [1583/3000] | Sampled: 524.94 | Baseline: 718.41 | Improvement: 193.47 | Win Rate: 100.00% | Actor Loss: -1.9706 | Entropy: 2.9354 | Invalid S/B: 0.00/0.00 | Max Load: 20.9 | Load Gap: 1.8
Epoch [1584/3000] | Sampled: 529.06 | Baseline: 723.03 | Improvement: 193.97 | Win Rate: 100.00% | Actor Loss: 0.9491 | Entropy: 2.9533 | Invalid S/B: 0.00/0.00 | Max Load: 20.8 | Load Gap: 1.6
Epoch [1585/3000] | Sampled: 511.88 | Baseline: 712.31 | Improvement: 200.44 | Win Rate: 100.00% | Actor Loss: 0.5421 | Entropy: 2.9572 | Invalid S/B: 0.06/0.00 | Max Load: 20.8 | Load Gap: 1.6
Epoch [1586/3000] | Sampled: 528.00 | Baseline: 716.12 | Improvement: 188.12 | Win Rate: 100.00% | Actor Loss: -3.9629 | Entropy: 2.9349 | Invalid S/B: 0.00/0.00 | Max Load: 20.8 | Load Gap: 1.7
Epoch [1587/3000] | Sampled: 521.53 | Baseline: 719.72 | Improvement: 198.19 | Win Rate: 100.00% | Actor Loss: -1.4758 | Entropy: 2.9269 | Invalid S/B: 0.00/0.00 | Max Load: 20.8 | Load Gap: 1.6
Epoch [1588/3000] | Sampled: 531.00 | Baseline: 718.75 | Improvement: 187.75 | Win Rate: 100.00% | Actor Loss: -2.7705 | Entropy: 2.9462 | Invalid S/B: 0.06/0.00 | Max Load: 20.8 | Load Gap: 1.5
Epoch [1589/3000] | Sampled: 524.34 | Baseline: 722.91 | Improvement: 198.56 | Win Rate: 100.00% | Actor Loss: 1.7010 | Entropy: 2.9230 | Invalid S/B: 0.00/0.00 | Max Load: 20.9 | Load Gap: 1.8
Epoch [1590/3000] | Sampled: 523.69 | Baseline: 720.91 | Improvement: 197.22 | Win Rate: 100.00% | Actor Loss: -2.3680 | Entropy: 2.9173 | Invalid S/B: 0.03/0.00 | Max Load: 20.6 | Load Gap: 1.1
Epoch [1591/3000] | Sampled: 531.28 | Baseline: 718.75 | Improvement: 187.47 | Win Rate: 100.00% | Actor Loss: 5.1116 | Entropy: 2.9289 | Invalid S/B: 0.00/0.00 | Max Load: 20.9 | Load Gap: 1.7
Epoch [1592/3000] | Sampled: 539.72 | Baseline: 719.84 | Improvement: 180.12 | Win Rate: 100.00% | Actor Loss: -2.5789 | Entropy: 2.8985 | Invalid S/B: 0.00/0.00 | Max Load: 20.8 | Load Gap: 1.6
Epoch [1593/3000] | Sampled: 528.06 | Baseline: 724.88 | Improvement: 196.81 | Win Rate: 100.00% | Actor Loss: 0.0656 | Entropy: 2.9221 | Invalid S/B: 0.03/0.00 | Max Load: 20.9 | Load Gap: 1.8
Epoch [1594/3000] | Sampled: 518.16 | Baseline: 713.00 | Improvement: 194.84 | Win Rate: 100.00% | Actor Loss: 0.2232 | Entropy: 2.8987 | Invalid S/B: 0.03/0.00 | Max Load: 20.7 | Load Gap: 1.6
Epoch [1595/3000] | Sampled: 524.34 | Baseline: 718.09 | Improvement: 193.75 | Win Rate: 100.00% | Actor Loss: 0.4547 | Entropy: 2.9047 | Invalid S/B: 0.00/0.00 | Max Load: 20.9 | Load Gap: 1.7
Epoch [1596/3000] | Sampled: 525.66 | Baseline: 719.44 | Improvement: 193.78 | Win Rate: 100.00% | Actor Loss: 1.6990 | Entropy: 2.9113 | Invalid S/B: 0.00/0.00 | Max Load: 20.8 | Load Gap: 1.7
Epoch [1597/3000] | Sampled: 514.72 | Baseline: 717.41 | Improvement: 202.69 | Win Rate: 100.00% | Actor Loss: -0.4988 | Entropy: 2.9322 | Invalid S/B: 0.00/0.00 | Max Load: 20.8 | Load Gap: 1.7
Epoch [1598/3000] | Sampled: 523.34 | Baseline: 718.28 | Improvement: 194.94 | Win Rate: 100.00% | Actor Loss: -1.7458 | Entropy: 2.9120 | Invalid S/B: 0.00/0.00 | Max Load: 20.6 | Load Gap: 1.2
Epoch [1599/3000] | Sampled: 514.03 | Baseline: 711.84 | Improvement: 197.81 | Win Rate: 100.00% | Actor Loss: 0.9688 | Entropy: 2.9063 | Invalid S/B: 0.03/0.00 | Max Load: 20.8 | Load Gap: 1.6
Epoch [1600/3000] | Sampled: 525.25 | Baseline: 719.66 | Improvement: 194.41 | Win Rate: 100.00% | Actor Loss: -1.8522 | Entropy: 2.9137 | Invalid S/B: 0.03/0.00 | Max Load: 20.7 | Load Gap: 1.5
   -> Validation | Samples: 50 | Makespan: 504.68 | Invalid Jobs: 0.00
   -> Saved updated training chart to /home/wei/AMR-DFJSP/Static_alogorithm/GNN/gnn_precise_training_metrics.png
Epoch [1601/3000] | Sampled: 521.44 | Baseline: 714.66 | Improvement: 193.22 | Win Rate: 100.00% | Actor Loss: -0.5836 | Entropy: 2.9086 | Invalid S/B: 0.03/0.00 | Max Load: 20.9 | Load Gap: 1.9
Epoch [1602/3000] | Sampled: 527.28 | Baseline: 724.94 | Improvement: 197.66 | Win Rate: 100.00% | Actor Loss: -1.1502 | Entropy: 2.9168 | Invalid S/B: 0.03/0.00 | Max Load: 20.9 | Load Gap: 1.9
Epoch [1603/3000] | Sampled: 523.41 | Baseline: 718.06 | Improvement: 194.66 | Win Rate: 100.00% | Actor Loss: 1.6796 | Entropy: 2.9151 | Invalid S/B: 0.00/0.00 | Max Load: 20.9 | Load Gap: 1.7
Epoch [1604/3000] | Sampled: 526.09 | Baseline: 717.41 | Improvement: 191.31 | Win Rate: 100.00% | Actor Loss: 3.9384 | Entropy: 2.9179 | Invalid S/B: 0.00/0.00 | Max Load: 21.0 | Load Gap: 1.9
Epoch [1605/3000] | Sampled: 536.44 | Baseline: 714.03 | Improvement: 177.59 | Win Rate: 100.00% | Actor Loss: 1.2873 | Entropy: 2.9260 | Invalid S/B: 0.03/0.00 | Max Load: 20.9 | Load Gap: 1.8
Epoch [1606/3000] | Sampled: 525.53 | Baseline: 717.44 | Improvement: 191.91 | Win Rate: 100.00% | Actor Loss: 4.1002 | Entropy: 2.9117 | Invalid S/B: 0.00/0.00 | Max Load: 21.2 | Load Gap: 2.5
Epoch [1607/3000] | Sampled: 533.88 | Baseline: 722.88 | Improvement: 189.00 | Win Rate: 100.00% | Actor Loss: -0.4010 | Entropy: 2.9072 | Invalid S/B: 0.03/0.00 | Max Load: 21.1 | Load Gap: 2.1
Epoch [1608/3000] | Sampled: 532.00 | Baseline: 721.91 | Improvement: 189.91 | Win Rate: 100.00% | Actor Loss: 1.7362 | Entropy: 2.8950 | Invalid S/B: 0.03/0.00 | Max Load: 21.1 | Load Gap: 2.1
Epoch [1609/3000] | Sampled: 521.84 | Baseline: 721.22 | Improvement: 199.38 | Win Rate: 100.00% | Actor Loss: 1.3457 | Entropy: 2.8980 | Invalid S/B: 0.00/0.03 | Max Load: 21.4 | Load Gap: 2.6
Epoch [1610/3000] | Sampled: 524.91 | Baseline: 720.22 | Improvement: 195.31 | Win Rate: 100.00% | Actor Loss: 0.6447 | Entropy: 2.9036 | Invalid S/B: 0.00/0.00 | Max Load: 21.2 | Load Gap: 2.3
Epoch [1611/3000] | Sampled: 532.22 | Baseline: 715.84 | Improvement: 183.62 | Win Rate: 100.00% | Actor Loss: -4.6906 | Entropy: 2.9249 | Invalid S/B: 0.00/0.00 | Max Load: 21.0 | Load Gap: 2.1
Epoch [1612/3000] | Sampled: 523.91 | Baseline: 717.31 | Improvement: 193.41 | Win Rate: 100.00% | Actor Loss: -1.5218 | Entropy: 2.8996 | Invalid S/B: 0.00/0.00 | Max Load: 21.0 | Load Gap: 2.0
Epoch [1613/3000] | Sampled: 527.94 | Baseline: 716.41 | Improvement: 188.47 | Win Rate: 100.00% | Actor Loss: -1.8069 | Entropy: 2.9067 | Invalid S/B: 0.00/0.00 | Max Load: 21.0 | Load Gap: 2.0
Epoch [1614/3000] | Sampled: 523.47 | Baseline: 718.75 | Improvement: 195.28 | Win Rate: 100.00% | Actor Loss: 2.4132 | Entropy: 2.9017 | Invalid S/B: 0.00/0.00 | Max Load: 21.0 | Load Gap: 1.9
Epoch [1615/3000] | Sampled: 534.94 | Baseline: 716.75 | Improvement: 181.81 | Win Rate: 100.00% | Actor Loss: 2.9073 | Entropy: 2.8901 | Invalid S/B: 0.03/0.00 | Max Load: 21.1 | Load Gap: 2.2
Epoch [1616/3000] | Sampled: 523.47 | Baseline: 717.94 | Improvement: 194.47 | Win Rate: 100.00% | Actor Loss: -2.2621 | Entropy: 2.8753 | Invalid S/B: 0.00/0.00 | Max Load: 20.9 | Load Gap: 2.0
Epoch [1617/3000] | Sampled: 529.47 | Baseline: 717.88 | Improvement: 188.41 | Win Rate: 100.00% | Actor Loss: -1.1483 | Entropy: 2.8705 | Invalid S/B: 0.00/0.00 | Max Load: 21.1 | Load Gap: 2.2
Epoch [1618/3000] | Sampled: 529.59 | Baseline: 716.62 | Improvement: 187.03 | Win Rate: 100.00% | Actor Loss: -0.4672 | Entropy: 2.8972 | Invalid S/B: 0.00/0.00 | Max Load: 21.0 | Load Gap: 2.1
Epoch [1619/3000] | Sampled: 518.00 | Baseline: 715.12 | Improvement: 197.12 | Win Rate: 100.00% | Actor Loss: 2.8829 | Entropy: 2.8708 | Invalid S/B: 0.00/0.00 | Max Load: 21.2 | Load Gap: 2.4
Epoch [1620/3000] | Sampled: 534.66 | Baseline: 717.62 | Improvement: 182.97 | Win Rate: 100.00% | Actor Loss: -2.2778 | Entropy: 2.8907 | Invalid S/B: 0.03/0.00 | Max Load: 21.2 | Load Gap: 2.4
Epoch [1621/3000] | Sampled: 531.75 | Baseline: 721.03 | Improvement: 189.28 | Win Rate: 100.00% | Actor Loss: 2.8322 | Entropy: 2.8848 | Invalid S/B: 0.03/0.00 | Max Load: 21.0 | Load Gap: 2.2
Epoch [1622/3000] | Sampled: 538.81 | Baseline: 720.31 | Improvement: 181.50 | Win Rate: 100.00% | Actor Loss: 3.0536 | Entropy: 2.8597 | Invalid S/B: 0.03/0.00 | Max Load: 21.1 | Load Gap: 2.1
Epoch [1623/3000] | Sampled: 526.69 | Baseline: 719.31 | Improvement: 192.62 | Win Rate: 100.00% | Actor Loss: -1.8674 | Entropy: 2.8685 | Invalid S/B: 0.00/0.00 | Max Load: 21.2 | Load Gap: 2.3
Epoch [1624/3000] | Sampled: 536.31 | Baseline: 719.66 | Improvement: 183.34 | Win Rate: 100.00% | Actor Loss: -1.8752 | Entropy: 2.8812 | Invalid S/B: 0.00/0.00 | Max Load: 21.0 | Load Gap: 1.8
Epoch [1625/3000] | Sampled: 531.62 | Baseline: 716.97 | Improvement: 185.34 | Win Rate: 100.00% | Actor Loss: 1.4414 | Entropy: 2.8696 | Invalid S/B: 0.06/0.00 | Max Load: 20.9 | Load Gap: 1.9
Epoch [1626/3000] | Sampled: 524.81 | Baseline: 715.16 | Improvement: 190.34 | Win Rate: 100.00% | Actor Loss: -1.0418 | Entropy: 2.8630 | Invalid S/B: 0.00/0.00 | Max Load: 21.0 | Load Gap: 2.0
Epoch [1627/3000] | Sampled: 532.56 | Baseline: 717.28 | Improvement: 184.72 | Win Rate: 100.00% | Actor Loss: 3.2875 | Entropy: 2.8826 | Invalid S/B: 0.06/0.00 | Max Load: 21.0 | Load Gap: 2.1
Epoch [1628/3000] | Sampled: 519.31 | Baseline: 716.09 | Improvement: 196.78 | Win Rate: 100.00% | Actor Loss: -5.1151 | Entropy: 2.8709 | Invalid S/B: 0.00/0.00 | Max Load: 20.8 | Load Gap: 1.7
Epoch [1629/3000] | Sampled: 525.91 | Baseline: 718.09 | Improvement: 192.19 | Win Rate: 100.00% | Actor Loss: -2.4357 | Entropy: 2.8530 | Invalid S/B: 0.00/0.00 | Max Load: 21.2 | Load Gap: 2.2
Epoch [1630/3000] | Sampled: 532.00 | Baseline: 721.94 | Improvement: 189.94 | Win Rate: 100.00% | Actor Loss: 4.4887 | Entropy: 2.8270 | Invalid S/B: 0.03/0.00 | Max Load: 21.1 | Load Gap: 2.1
Epoch [1631/3000] | Sampled: 525.31 | Baseline: 713.59 | Improvement: 188.28 | Win Rate: 100.00% | Actor Loss: 6.5861 | Entropy: 2.8293 | Invalid S/B: 0.00/0.00 | Max Load: 21.2 | Load Gap: 2.3
Epoch [1632/3000] | Sampled: 536.22 | Baseline: 718.28 | Improvement: 182.06 | Win Rate: 100.00% | Actor Loss: 2.6113 | Entropy: 2.8054 | Invalid S/B: 0.00/0.00 | Max Load: 21.0 | Load Gap: 2.0
Epoch [1633/3000] | Sampled: 533.00 | Baseline: 713.19 | Improvement: 180.19 | Win Rate: 100.00% | Actor Loss: 0.2894 | Entropy: 2.8129 | Invalid S/B: 0.03/0.00 | Max Load: 20.8 | Load Gap: 1.7
Epoch [1634/3000] | Sampled: 533.66 | Baseline: 718.28 | Improvement: 184.62 | Win Rate: 100.00% | Actor Loss: 0.1122 | Entropy: 2.8004 | Invalid S/B: 0.00/0.00 | Max Load: 21.0 | Load Gap: 2.1
Epoch [1635/3000] | Sampled: 540.78 | Baseline: 718.28 | Improvement: 177.50 | Win Rate: 100.00% | Actor Loss: 0.1254 | Entropy: 2.7761 | Invalid S/B: 0.00/0.00 | Max Load: 21.1 | Load Gap: 2.1
Epoch [1636/3000] | Sampled: 538.78 | Baseline: 718.22 | Improvement: 179.44 | Win Rate: 100.00% | Actor Loss: -1.6694 | Entropy: 2.7682 | Invalid S/B: 0.03/0.00 | Max Load: 21.2 | Load Gap: 2.3
Epoch [1637/3000] | Sampled: 529.31 | Baseline: 713.03 | Improvement: 183.72 | Win Rate: 100.00% | Actor Loss: 1.1485 | Entropy: 2.7584 | Invalid S/B: 0.03/0.00 | Max Load: 21.1 | Load Gap: 2.1
Epoch [1638/3000] | Sampled: 543.91 | Baseline: 717.44 | Improvement: 173.53 | Win Rate: 100.00% | Actor Loss: -0.3223 | Entropy: 2.7321 | Invalid S/B: 0.00/0.00 | Max Load: 21.1 | Load Gap: 2.2
Epoch [1639/3000] | Sampled: 540.62 | Baseline: 716.81 | Improvement: 176.19 | Win Rate: 100.00% | Actor Loss: 1.7228 | Entropy: 2.7528 | Invalid S/B: 0.00/0.03 | Max Load: 21.3 | Load Gap: 2.5
Epoch [1640/3000] | Sampled: 556.88 | Baseline: 723.34 | Improvement: 166.47 | Win Rate: 100.00% | Actor Loss: -0.8571 | Entropy: 2.7039 | Invalid S/B: 0.00/0.00 | Max Load: 21.3 | Load Gap: 2.8
Epoch [1641/3000] | Sampled: 530.94 | Baseline: 711.09 | Improvement: 180.16 | Win Rate: 100.00% | Actor Loss: -2.5381 | Entropy: 2.7204 | Invalid S/B: 0.00/0.00 | Max Load: 21.3 | Load Gap: 2.5
Epoch [1642/3000] | Sampled: 542.84 | Baseline: 720.72 | Improvement: 177.88 | Win Rate: 100.00% | Actor Loss: -2.3385 | Entropy: 2.6895 | Invalid S/B: 0.03/0.00 | Max Load: 21.4 | Load Gap: 2.9
Epoch [1643/3000] | Sampled: 532.62 | Baseline: 717.34 | Improvement: 184.72 | Win Rate: 100.00% | Actor Loss: -6.2726 | Entropy: 2.6837 | Invalid S/B: 0.00/0.00 | Max Load: 21.2 | Load Gap: 2.4
Epoch [1644/3000] | Sampled: 542.09 | Baseline: 719.66 | Improvement: 177.56 | Win Rate: 100.00% | Actor Loss: -4.0888 | Entropy: 2.6772 | Invalid S/B: 0.00/0.00 | Max Load: 21.4 | Load Gap: 2.9
Epoch [1645/3000] | Sampled: 537.44 | Baseline: 717.38 | Improvement: 179.94 | Win Rate: 100.00% | Actor Loss: -4.7842 | Entropy: 2.6780 | Invalid S/B: 0.00/0.00 | Max Load: 21.4 | Load Gap: 2.9
Epoch [1646/3000] | Sampled: 550.31 | Baseline: 718.31 | Improvement: 168.00 | Win Rate: 100.00% | Actor Loss: 2.7726 | Entropy: 2.6620 | Invalid S/B: 0.03/0.00 | Max Load: 21.3 | Load Gap: 2.5
Epoch [1647/3000] | Sampled: 535.81 | Baseline: 714.50 | Improvement: 178.69 | Win Rate: 100.00% | Actor Loss: 3.0905 | Entropy: 2.6425 | Invalid S/B: 0.03/0.00 | Max Load: 21.1 | Load Gap: 2.3
Epoch [1648/3000] | Sampled: 535.50 | Baseline: 717.31 | Improvement: 181.81 | Win Rate: 100.00% | Actor Loss: 3.6212 | Entropy: 2.6610 | Invalid S/B: 0.00/0.00 | Max Load: 21.2 | Load Gap: 2.4
Epoch [1649/3000] | Sampled: 546.94 | Baseline: 719.25 | Improvement: 172.31 | Win Rate: 100.00% | Actor Loss: 3.1840 | Entropy: 2.6592 | Invalid S/B: 0.06/0.00 | Max Load: 21.2 | Load Gap: 2.6
Epoch [1650/3000] | Sampled: 538.16 | Baseline: 721.62 | Improvement: 183.47 | Win Rate: 100.00% | Actor Loss: 8.7999 | Entropy: 2.6735 | Invalid S/B: 0.00/0.00 | Max Load: 21.2 | Load Gap: 2.2
   -> Validation | Samples: 50 | Makespan: 525.50 | Invalid Jobs: 0.00
Epoch [1651/3000] | Sampled: 539.31 | Baseline: 724.56 | Improvement: 185.25 | Win Rate: 100.00% | Actor Loss: 0.2311 | Entropy: 2.7010 | Invalid S/B: 0.06/0.00 | Max Load: 21.1 | Load Gap: 2.3
Epoch [1652/3000] | Sampled: 528.22 | Baseline: 718.44 | Improvement: 190.22 | Win Rate: 100.00% | Actor Loss: -2.6865 | Entropy: 2.6991 | Invalid S/B: 0.06/0.00 | Max Load: 21.0 | Load Gap: 2.1
Epoch [1653/3000] | Sampled: 527.53 | Baseline: 714.25 | Improvement: 186.72 | Win Rate: 100.00% | Actor Loss: 3.9600 | Entropy: 2.7349 | Invalid S/B: 0.00/0.00 | Max Load: 21.2 | Load Gap: 2.3
Epoch [1654/3000] | Sampled: 518.09 | Baseline: 714.94 | Improvement: 196.84 | Win Rate: 100.00% | Actor Loss: -0.6085 | Entropy: 2.7500 | Invalid S/B: 0.00/0.00 | Max Load: 21.1 | Load Gap: 2.2
Epoch [1655/3000] | Sampled: 527.50 | Baseline: 712.97 | Improvement: 185.47 | Win Rate: 100.00% | Actor Loss: -4.8147 | Entropy: 2.7943 | Invalid S/B: 0.03/0.00 | Max Load: 21.2 | Load Gap: 2.3
Epoch [1656/3000] | Sampled: 529.03 | Baseline: 717.59 | Improvement: 188.56 | Win Rate: 100.00% | Actor Loss: -5.4279 | Entropy: 2.7581 | Invalid S/B: 0.00/0.00 | Max Load: 21.1 | Load Gap: 2.1
Epoch [1657/3000] | Sampled: 522.88 | Baseline: 716.78 | Improvement: 193.91 | Win Rate: 100.00% | Actor Loss: -4.3484 | Entropy: 2.8043 | Invalid S/B: 0.00/0.00 | Max Load: 21.0 | Load Gap: 1.8
Epoch [1658/3000] | Sampled: 534.62 | Baseline: 719.03 | Improvement: 184.41 | Win Rate: 100.00% | Actor Loss: 1.7139 | Entropy: 2.8199 | Invalid S/B: 0.00/0.00 | Max Load: 21.0 | Load Gap: 2.0
Epoch [1659/3000] | Sampled: 530.03 | Baseline: 715.06 | Improvement: 185.03 | Win Rate: 100.00% | Actor Loss: -0.6416 | Entropy: 2.8338 | Invalid S/B: 0.03/0.00 | Max Load: 20.8 | Load Gap: 1.5
Epoch [1660/3000] | Sampled: 524.97 | Baseline: 715.00 | Improvement: 190.03 | Win Rate: 100.00% | Actor Loss: 0.2830 | Entropy: 2.8672 | Invalid S/B: 0.03/0.00 | Max Load: 21.0 | Load Gap: 2.0
Epoch [1661/3000] | Sampled: 531.69 | Baseline: 726.31 | Improvement: 194.62 | Win Rate: 100.00% | Actor Loss: 0.2643 | Entropy: 2.8567 | Invalid S/B: 0.06/0.00 | Max Load: 21.0 | Load Gap: 2.0
Epoch [1662/3000] | Sampled: 533.81 | Baseline: 721.03 | Improvement: 187.22 | Win Rate: 100.00% | Actor Loss: -3.2955 | Entropy: 2.8659 | Invalid S/B: 0.00/0.00 | Max Load: 21.0 | Load Gap: 1.9
Epoch [1663/3000] | Sampled: 536.06 | Baseline: 713.22 | Improvement: 177.16 | Win Rate: 100.00% | Actor Loss: -2.9423 | Entropy: 2.8647 | Invalid S/B: 0.03/0.00 | Max Load: 21.2 | Load Gap: 2.2
Epoch [1664/3000] | Sampled: 521.59 | Baseline: 710.88 | Improvement: 189.28 | Win Rate: 100.00% | Actor Loss: -0.4371 | Entropy: 2.8564 | Invalid S/B: 0.00/0.00 | Max Load: 20.9 | Load Gap: 1.8
Epoch [1665/3000] | Sampled: 544.84 | Baseline: 724.16 | Improvement: 179.31 | Win Rate: 100.00% | Actor Loss: 0.7529 | Entropy: 2.8687 | Invalid S/B: 0.03/0.00 | Max Load: 21.1 | Load Gap: 2.3
Epoch [1666/3000] | Sampled: 532.09 | Baseline: 714.16 | Improvement: 182.06 | Win Rate: 100.00% | Actor Loss: 1.6397 | Entropy: 2.8525 | Invalid S/B: 0.00/0.00 | Max Load: 21.2 | Load Gap: 2.5
Epoch [1667/3000] | Sampled: 529.09 | Baseline: 714.69 | Improvement: 185.59 | Win Rate: 100.00% | Actor Loss: 4.1247 | Entropy: 2.8603 | Invalid S/B: 0.00/0.00 | Max Load: 20.9 | Load Gap: 1.9
Epoch [1668/3000] | Sampled: 538.94 | Baseline: 717.53 | Improvement: 178.59 | Win Rate: 100.00% | Actor Loss: 6.1682 | Entropy: 2.8539 | Invalid S/B: 0.00/0.00 | Max Load: 21.0 | Load Gap: 2.2
Epoch [1669/3000] | Sampled: 533.69 | Baseline: 714.28 | Improvement: 180.59 | Win Rate: 100.00% | Actor Loss: 3.9319 | Entropy: 2.8697 | Invalid S/B: 0.00/0.00 | Max Load: 21.2 | Load Gap: 2.5
Epoch [1670/3000] | Sampled: 541.84 | Baseline: 716.12 | Improvement: 174.28 | Win Rate: 100.00% | Actor Loss: 1.9164 | Entropy: 2.8304 | Invalid S/B: 0.03/0.00 | Max Load: 21.1 | Load Gap: 2.1
Epoch [1671/3000] | Sampled: 543.22 | Baseline: 717.03 | Improvement: 173.81 | Win Rate: 100.00% | Actor Loss: 5.0779 | Entropy: 2.8365 | Invalid S/B: 0.00/0.00 | Max Load: 21.0 | Load Gap: 2.0
Epoch [1672/3000] | Sampled: 530.31 | Baseline: 718.12 | Improvement: 187.81 | Win Rate: 100.00% | Actor Loss: 4.9254 | Entropy: 2.8486 | Invalid S/B: 0.00/0.00 | Max Load: 21.2 | Load Gap: 2.4
Epoch [1673/3000] | Sampled: 558.66 | Baseline: 721.56 | Improvement: 162.91 | Win Rate: 100.00% | Actor Loss: 3.3762 | Entropy: 2.8341 | Invalid S/B: 0.00/0.00 | Max Load: 21.4 | Load Gap: 2.7
Epoch [1674/3000] | Sampled: 534.31 | Baseline: 714.25 | Improvement: 179.94 | Win Rate: 100.00% | Actor Loss: -2.8693 | Entropy: 2.8421 | Invalid S/B: 0.00/0.00 | Max Load: 21.2 | Load Gap: 2.6
Epoch [1675/3000] | Sampled: 539.97 | Baseline: 717.34 | Improvement: 177.38 | Win Rate: 100.00% | Actor Loss: -1.8662 | Entropy: 2.8606 | Invalid S/B: 0.00/0.00 | Max Load: 21.1 | Load Gap: 2.3
Epoch [1676/3000] | Sampled: 543.53 | Baseline: 719.16 | Improvement: 175.62 | Win Rate: 100.00% | Actor Loss: -2.4454 | Entropy: 2.8292 | Invalid S/B: 0.03/0.00 | Max Load: 21.0 | Load Gap: 2.2
Epoch [1677/3000] | Sampled: 536.34 | Baseline: 724.09 | Improvement: 187.75 | Win Rate: 100.00% | Actor Loss: 0.4579 | Entropy: 2.8594 | Invalid S/B: 0.09/0.00 | Max Load: 21.1 | Load Gap: 2.1
Epoch [1678/3000] | Sampled: 533.50 | Baseline: 715.66 | Improvement: 182.16 | Win Rate: 100.00% | Actor Loss: -3.0833 | Entropy: 2.8771 | Invalid S/B: 0.00/0.00 | Max Load: 21.1 | Load Gap: 2.2
Epoch [1679/3000] | Sampled: 535.84 | Baseline: 716.06 | Improvement: 180.22 | Win Rate: 100.00% | Actor Loss: 1.6088 | Entropy: 2.8495 | Invalid S/B: 0.03/0.00 | Max Load: 21.2 | Load Gap: 2.4
Epoch [1680/3000] | Sampled: 537.97 | Baseline: 719.12 | Improvement: 181.16 | Win Rate: 100.00% | Actor Loss: -0.0902 | Entropy: 2.8767 | Invalid S/B: 0.00/0.00 | Max Load: 21.1 | Load Gap: 2.1
Epoch [1681/3000] | Sampled: 536.50 | Baseline: 719.56 | Improvement: 183.06 | Win Rate: 100.00% | Actor Loss: -3.3040 | Entropy: 2.8398 | Invalid S/B: 0.00/0.00 | Max Load: 21.0 | Load Gap: 2.1
Epoch [1682/3000] | Sampled: 525.53 | Baseline: 715.12 | Improvement: 189.59 | Win Rate: 100.00% | Actor Loss: -0.9457 | Entropy: 2.8361 | Invalid S/B: 0.03/0.00 | Max Load: 21.2 | Load Gap: 2.3
Epoch [1683/3000] | Sampled: 534.03 | Baseline: 714.53 | Improvement: 180.50 | Win Rate: 100.00% | Actor Loss: 3.0347 | Entropy: 2.8214 | Invalid S/B: 0.03/0.00 | Max Load: 21.1 | Load Gap: 2.2
Epoch [1684/3000] | Sampled: 527.66 | Baseline: 719.22 | Improvement: 191.56 | Win Rate: 100.00% | Actor Loss: 4.0187 | Entropy: 2.7923 | Invalid S/B: 0.00/0.00 | Max Load: 21.1 | Load Gap: 2.3
Epoch [1685/3000] | Sampled: 538.34 | Baseline: 721.16 | Improvement: 182.81 | Win Rate: 100.00% | Actor Loss: 4.8942 | Entropy: 2.7934 | Invalid S/B: 0.00/0.00 | Max Load: 21.0 | Load Gap: 2.2
Epoch [1686/3000] | Sampled: 542.03 | Baseline: 719.72 | Improvement: 177.69 | Win Rate: 100.00% | Actor Loss: 6.8071 | Entropy: 2.7829 | Invalid S/B: 0.00/0.00 | Max Load: 21.1 | Load Gap: 2.1
Epoch [1687/3000] | Sampled: 535.78 | Baseline: 717.88 | Improvement: 182.09 | Win Rate: 100.00% | Actor Loss: 8.3992 | Entropy: 2.7850 | Invalid S/B: 0.03/0.00 | Max Load: 21.0 | Load Gap: 2.1
Epoch [1688/3000] | Sampled: 540.28 | Baseline: 720.38 | Improvement: 180.09 | Win Rate: 100.00% | Actor Loss: 3.5479 | Entropy: 2.7851 | Invalid S/B: 0.00/0.00 | Max Load: 21.1 | Load Gap: 2.1
Epoch [1689/3000] | Sampled: 530.50 | Baseline: 718.00 | Improvement: 187.50 | Win Rate: 100.00% | Actor Loss: 1.4264 | Entropy: 2.8070 | Invalid S/B: 0.00/0.00 | Max Load: 21.1 | Load Gap: 1.9
Epoch [1690/3000] | Sampled: 530.56 | Baseline: 719.00 | Improvement: 188.44 | Win Rate: 100.00% | Actor Loss: 3.9489 | Entropy: 2.8168 | Invalid S/B: 0.00/0.00 | Max Load: 21.0 | Load Gap: 1.9
Epoch [1691/3000] | Sampled: 526.56 | Baseline: 717.66 | Improvement: 191.09 | Win Rate: 100.00% | Actor Loss: 3.2160 | Entropy: 2.8319 | Invalid S/B: 0.00/0.00 | Max Load: 20.9 | Load Gap: 1.8
Epoch [1692/3000] | Sampled: 527.59 | Baseline: 717.19 | Improvement: 189.59 | Win Rate: 100.00% | Actor Loss: 3.5161 | Entropy: 2.8320 | Invalid S/B: 0.00/0.00 | Max Load: 20.8 | Load Gap: 1.6
Epoch [1693/3000] | Sampled: 533.78 | Baseline: 718.25 | Improvement: 184.47 | Win Rate: 100.00% | Actor Loss: -3.9965 | Entropy: 2.8218 | Invalid S/B: 0.03/0.00 | Max Load: 20.8 | Load Gap: 1.5
Epoch [1694/3000] | Sampled: 524.34 | Baseline: 712.62 | Improvement: 188.28 | Win Rate: 100.00% | Actor Loss: -5.7063 | Entropy: 2.8418 | Invalid S/B: 0.00/0.00 | Max Load: 20.9 | Load Gap: 1.8
Epoch [1695/3000] | Sampled: 522.56 | Baseline: 717.78 | Improvement: 195.22 | Win Rate: 100.00% | Actor Loss: 0.6525 | Entropy: 2.8441 | Invalid S/B: 0.00/0.00 | Max Load: 20.9 | Load Gap: 1.7
Epoch [1696/3000] | Sampled: 520.34 | Baseline: 712.38 | Improvement: 192.03 | Win Rate: 100.00% | Actor Loss: 0.9326 | Entropy: 2.8380 | Invalid S/B: 0.03/0.00 | Max Load: 21.0 | Load Gap: 1.8
Epoch [1697/3000] | Sampled: 536.53 | Baseline: 717.56 | Improvement: 181.03 | Win Rate: 100.00% | Actor Loss: -2.4476 | Entropy: 2.8610 | Invalid S/B: 0.03/0.00 | Max Load: 20.9 | Load Gap: 1.8
Epoch [1698/3000] | Sampled: 526.78 | Baseline: 718.62 | Improvement: 191.84 | Win Rate: 100.00% | Actor Loss: 4.9788 | Entropy: 2.8674 | Invalid S/B: 0.06/0.00 | Max Load: 20.8 | Load Gap: 1.6
Epoch [1699/3000] | Sampled: 529.75 | Baseline: 716.44 | Improvement: 186.69 | Win Rate: 100.00% | Actor Loss: 1.8867 | Entropy: 2.8851 | Invalid S/B: 0.03/0.00 | Max Load: 21.1 | Load Gap: 2.1
Epoch [1700/3000] | Sampled: 537.81 | Baseline: 723.91 | Improvement: 186.09 | Win Rate: 100.00% | Actor Loss: -1.8540 | Entropy: 2.8801 | Invalid S/B: 0.00/0.00 | Max Load: 20.9 | Load Gap: 1.7
   -> Validation | Samples: 50 | Makespan: 510.84 | Invalid Jobs: 0.04
   -> Saved updated training chart to /home/wei/AMR-DFJSP/Static_alogorithm/GNN/gnn_precise_training_metrics.png
Epoch [1701/3000] | Sampled: 528.62 | Baseline: 723.09 | Improvement: 194.47 | Win Rate: 100.00% | Actor Loss: 2.4223 | Entropy: 2.8941 | Invalid S/B: 0.03/0.00 | Max Load: 21.0 | Load Gap: 2.0
Epoch [1702/3000] | Sampled: 522.03 | Baseline: 716.59 | Improvement: 194.56 | Win Rate: 100.00% | Actor Loss: 3.7940 | Entropy: 2.8914 | Invalid S/B: 0.00/0.00 | Max Load: 21.1 | Load Gap: 2.0
Epoch [1703/3000] | Sampled: 533.16 | Baseline: 722.94 | Improvement: 189.78 | Win Rate: 100.00% | Actor Loss: 0.7483 | Entropy: 2.9167 | Invalid S/B: 0.00/0.00 | Max Load: 20.9 | Load Gap: 1.9
Epoch [1704/3000] | Sampled: 526.75 | Baseline: 720.97 | Improvement: 194.22 | Win Rate: 100.00% | Actor Loss: -1.4595 | Entropy: 2.9039 | Invalid S/B: 0.03/0.00 | Max Load: 20.9 | Load Gap: 1.8
Epoch [1705/3000] | Sampled: 527.72 | Baseline: 718.28 | Improvement: 190.56 | Win Rate: 100.00% | Actor Loss: 1.8052 | Entropy: 2.9065 | Invalid S/B: 0.00/0.00 | Max Load: 21.1 | Load Gap: 2.0
Epoch [1706/3000] | Sampled: 537.06 | Baseline: 711.47 | Improvement: 174.41 | Win Rate: 100.00% | Actor Loss: 1.0570 | Entropy: 2.9064 | Invalid S/B: 0.06/0.00 | Max Load: 20.9 | Load Gap: 1.8
Epoch [1707/3000] | Sampled: 529.81 | Baseline: 717.69 | Improvement: 187.88 | Win Rate: 100.00% | Actor Loss: -1.6618 | Entropy: 2.9143 | Invalid S/B: 0.03/0.00 | Max Load: 21.0 | Load Gap: 1.9
Epoch [1708/3000] | Sampled: 535.56 | Baseline: 718.44 | Improvement: 182.88 | Win Rate: 100.00% | Actor Loss: -0.7377 | Entropy: 2.9134 | Invalid S/B: 0.06/0.00 | Max Load: 20.9 | Load Gap: 1.9
Epoch [1709/3000] | Sampled: 527.44 | Baseline: 719.97 | Improvement: 192.53 | Win Rate: 100.00% | Actor Loss: 3.3328 | Entropy: 2.9241 | Invalid S/B: 0.00/0.00 | Max Load: 20.9 | Load Gap: 1.8
Epoch [1710/3000] | Sampled: 531.88 | Baseline: 716.91 | Improvement: 185.03 | Win Rate: 100.00% | Actor Loss: -3.4174 | Entropy: 2.9162 | Invalid S/B: 0.03/0.00 | Max Load: 21.0 | Load Gap: 2.0
Epoch [1711/3000] | Sampled: 532.69 | Baseline: 714.56 | Improvement: 181.88 | Win Rate: 100.00% | Actor Loss: 5.9794 | Entropy: 2.9020 | Invalid S/B: 0.06/0.00 | Max Load: 21.1 | Load Gap: 2.3
Epoch [1712/3000] | Sampled: 529.41 | Baseline: 718.81 | Improvement: 189.41 | Win Rate: 100.00% | Actor Loss: -0.0400 | Entropy: 2.8888 | Invalid S/B: 0.00/0.00 | Max Load: 21.1 | Load Gap: 2.2
Epoch [1713/3000] | Sampled: 528.66 | Baseline: 720.12 | Improvement: 191.47 | Win Rate: 100.00% | Actor Loss: 8.4314 | Entropy: 2.9225 | Invalid S/B: 0.03/0.00 | Max Load: 21.1 | Load Gap: 2.2
Epoch [1714/3000] | Sampled: 537.19 | Baseline: 713.09 | Improvement: 175.91 | Win Rate: 100.00% | Actor Loss: 0.3150 | Entropy: 2.9258 | Invalid S/B: 0.06/0.00 | Max Load: 21.0 | Load Gap: 2.0
Epoch [1715/3000] | Sampled: 545.59 | Baseline: 715.91 | Improvement: 170.31 | Win Rate: 100.00% | Actor Loss: -1.0378 | Entropy: 2.9035 | Invalid S/B: 0.09/0.00 | Max Load: 21.0 | Load Gap: 2.0
Epoch [1716/3000] | Sampled: 531.72 | Baseline: 716.97 | Improvement: 185.25 | Win Rate: 100.00% | Actor Loss: 2.9191 | Entropy: 2.9180 | Invalid S/B: 0.00/0.00 | Max Load: 20.7 | Load Gap: 1.4
Epoch [1717/3000] | Sampled: 524.69 | Baseline: 718.59 | Improvement: 193.91 | Win Rate: 100.00% | Actor Loss: 2.3121 | Entropy: 2.9148 | Invalid S/B: 0.09/0.00 | Max Load: 21.1 | Load Gap: 2.1
Epoch [1718/3000] | Sampled: 531.06 | Baseline: 720.59 | Improvement: 189.53 | Win Rate: 100.00% | Actor Loss: 0.6665 | Entropy: 2.9195 | Invalid S/B: 0.03/0.00 | Max Load: 21.1 | Load Gap: 2.0
Epoch [1719/3000] | Sampled: 537.12 | Baseline: 715.34 | Improvement: 178.22 | Win Rate: 100.00% | Actor Loss: 1.1568 | Entropy: 2.9262 | Invalid S/B: 0.00/0.00 | Max Load: 21.0 | Load Gap: 2.0
Epoch [1720/3000] | Sampled: 525.66 | Baseline: 715.81 | Improvement: 190.16 | Win Rate: 100.00% | Actor Loss: -3.1556 | Entropy: 2.9442 | Invalid S/B: 0.03/0.00 | Max Load: 21.1 | Load Gap: 2.0
Epoch [1721/3000] | Sampled: 524.88 | Baseline: 721.00 | Improvement: 196.12 | Win Rate: 100.00% | Actor Loss: 1.2072 | Entropy: 2.9355 | Invalid S/B: 0.00/0.00 | Max Load: 20.9 | Load Gap: 1.8
Epoch [1722/3000] | Sampled: 530.88 | Baseline: 715.53 | Improvement: 184.66 | Win Rate: 100.00% | Actor Loss: 2.4409 | Entropy: 2.9449 | Invalid S/B: 0.00/0.00 | Max Load: 20.8 | Load Gap: 1.7
Epoch [1723/3000] | Sampled: 529.09 | Baseline: 723.16 | Improvement: 194.06 | Win Rate: 100.00% | Actor Loss: 1.4523 | Entropy: 2.9294 | Invalid S/B: 0.03/0.03 | Max Load: 21.0 | Load Gap: 2.0
Epoch [1724/3000] | Sampled: 525.94 | Baseline: 716.06 | Improvement: 190.12 | Win Rate: 100.00% | Actor Loss: 4.1245 | Entropy: 2.9330 | Invalid S/B: 0.03/0.00 | Max Load: 21.2 | Load Gap: 2.3
Epoch [1725/3000] | Sampled: 539.25 | Baseline: 721.91 | Improvement: 182.66 | Win Rate: 100.00% | Actor Loss: 3.4713 | Entropy: 2.9485 | Invalid S/B: 0.03/0.00 | Max Load: 21.1 | Load Gap: 2.2
Epoch [1726/3000] | Sampled: 526.75 | Baseline: 709.53 | Improvement: 182.78 | Win Rate: 100.00% | Actor Loss: -3.1535 | Entropy: 2.9325 | Invalid S/B: 0.00/0.00 | Max Load: 21.0 | Load Gap: 1.9
Epoch [1727/3000] | Sampled: 546.91 | Baseline: 719.75 | Improvement: 172.84 | Win Rate: 100.00% | Actor Loss: -2.8705 | Entropy: 2.9403 | Invalid S/B: 0.09/0.00 | Max Load: 20.9 | Load Gap: 2.1
Epoch [1728/3000] | Sampled: 530.62 | Baseline: 719.06 | Improvement: 188.44 | Win Rate: 100.00% | Actor Loss: -2.9514 | Entropy: 2.9437 | Invalid S/B: 0.00/0.00 | Max Load: 20.9 | Load Gap: 1.9
Epoch [1729/3000] | Sampled: 524.62 | Baseline: 722.03 | Improvement: 197.41 | Win Rate: 100.00% | Actor Loss: -4.4949 | Entropy: 2.9275 | Invalid S/B: 0.00/0.03 | Max Load: 21.0 | Load Gap: 2.0
Epoch [1730/3000] | Sampled: 525.44 | Baseline: 716.56 | Improvement: 191.12 | Win Rate: 100.00% | Actor Loss: 2.3023 | Entropy: 2.9263 | Invalid S/B: 0.03/0.00 | Max Load: 21.0 | Load Gap: 2.0
Epoch [1731/3000] | Sampled: 527.09 | Baseline: 714.69 | Improvement: 187.59 | Win Rate: 100.00% | Actor Loss: 4.9609 | Entropy: 2.9357 | Invalid S/B: 0.00/0.00 | Max Load: 21.1 | Load Gap: 2.2
Epoch [1732/3000] | Sampled: 531.38 | Baseline: 715.75 | Improvement: 184.38 | Win Rate: 100.00% | Actor Loss: 0.4558 | Entropy: 2.8921 | Invalid S/B: 0.00/0.00 | Max Load: 21.1 | Load Gap: 2.2
Epoch [1733/3000] | Sampled: 536.81 | Baseline: 713.16 | Improvement: 176.34 | Win Rate: 100.00% | Actor Loss: 5.2555 | Entropy: 2.9157 | Invalid S/B: 0.09/0.00 | Max Load: 21.0 | Load Gap: 2.0
Epoch [1734/3000] | Sampled: 527.12 | Baseline: 717.34 | Improvement: 190.22 | Win Rate: 100.00% | Actor Loss: -1.2132 | Entropy: 2.9089 | Invalid S/B: 0.00/0.00 | Max Load: 21.2 | Load Gap: 2.4
Epoch [1735/3000] | Sampled: 541.12 | Baseline: 714.22 | Improvement: 173.09 | Win Rate: 100.00% | Actor Loss: 0.1393 | Entropy: 2.9097 | Invalid S/B: 0.09/0.00 | Max Load: 21.1 | Load Gap: 2.2
Epoch [1736/3000] | Sampled: 540.22 | Baseline: 716.31 | Improvement: 176.09 | Win Rate: 100.00% | Actor Loss: -2.7960 | Entropy: 2.8804 | Invalid S/B: 0.03/0.00 | Max Load: 21.2 | Load Gap: 2.4
Epoch [1737/3000] | Sampled: 539.94 | Baseline: 721.91 | Improvement: 181.97 | Win Rate: 100.00% | Actor Loss: 3.0387 | Entropy: 2.8768 | Invalid S/B: 0.06/0.00 | Max Load: 21.2 | Load Gap: 2.6
Epoch [1738/3000] | Sampled: 533.16 | Baseline: 721.50 | Improvement: 188.34 | Win Rate: 100.00% | Actor Loss: 0.5338 | Entropy: 2.8670 | Invalid S/B: 0.00/0.03 | Max Load: 21.1 | Load Gap: 2.2
Epoch [1739/3000] | Sampled: 530.06 | Baseline: 715.59 | Improvement: 185.53 | Win Rate: 100.00% | Actor Loss: -2.9284 | Entropy: 2.8861 | Invalid S/B: 0.00/0.00 | Max Load: 21.2 | Load Gap: 2.4
Epoch [1740/3000] | Sampled: 537.78 | Baseline: 720.69 | Improvement: 182.91 | Win Rate: 100.00% | Actor Loss: 3.9596 | Entropy: 2.8644 | Invalid S/B: 0.03/0.00 | Max Load: 21.2 | Load Gap: 2.5
Epoch [1741/3000] | Sampled: 533.03 | Baseline: 720.38 | Improvement: 187.34 | Win Rate: 100.00% | Actor Loss: 0.2218 | Entropy: 2.9008 | Invalid S/B: 0.00/0.00 | Max Load: 20.9 | Load Gap: 2.0
Epoch [1742/3000] | Sampled: 532.47 | Baseline: 718.94 | Improvement: 186.47 | Win Rate: 100.00% | Actor Loss: 4.9366 | Entropy: 2.8734 | Invalid S/B: 0.00/0.00 | Max Load: 21.2 | Load Gap: 2.5
Epoch [1743/3000] | Sampled: 526.53 | Baseline: 719.88 | Improvement: 193.34 | Win Rate: 100.00% | Actor Loss: -2.7382 | Entropy: 2.8599 | Invalid S/B: 0.00/0.00 | Max Load: 21.3 | Load Gap: 2.6
Epoch [1744/3000] | Sampled: 545.25 | Baseline: 718.66 | Improvement: 173.41 | Win Rate: 100.00% | Actor Loss: -3.2748 | Entropy: 2.8404 | Invalid S/B: 0.12/0.00 | Max Load: 21.0 | Load Gap: 1.9
Epoch [1745/3000] | Sampled: 537.38 | Baseline: 720.25 | Improvement: 182.88 | Win Rate: 100.00% | Actor Loss: -4.8556 | Entropy: 2.8527 | Invalid S/B: 0.03/0.00 | Max Load: 21.1 | Load Gap: 2.2
Epoch [1746/3000] | Sampled: 532.03 | Baseline: 717.50 | Improvement: 185.47 | Win Rate: 100.00% | Actor Loss: 5.9948 | Entropy: 2.8377 | Invalid S/B: 0.03/0.00 | Max Load: 21.0 | Load Gap: 2.1
Epoch [1747/3000] | Sampled: 541.16 | Baseline: 716.72 | Improvement: 175.56 | Win Rate: 100.00% | Actor Loss: 0.4699 | Entropy: 2.8209 | Invalid S/B: 0.00/0.00 | Max Load: 21.3 | Load Gap: 2.7
Epoch [1748/3000] | Sampled: 543.94 | Baseline: 716.00 | Improvement: 172.06 | Win Rate: 100.00% | Actor Loss: -2.9812 | Entropy: 2.8144 | Invalid S/B: 0.06/0.00 | Max Load: 21.2 | Load Gap: 2.4
Epoch [1749/3000] | Sampled: 539.25 | Baseline: 718.16 | Improvement: 178.91 | Win Rate: 100.00% | Actor Loss: -0.6408 | Entropy: 2.8293 | Invalid S/B: 0.00/0.00 | Max Load: 21.2 | Load Gap: 2.4
Epoch [1750/3000] | Sampled: 548.12 | Baseline: 725.56 | Improvement: 177.44 | Win Rate: 100.00% | Actor Loss: 0.2928 | Entropy: 2.8044 | Invalid S/B: 0.00/0.00 | Max Load: 21.3 | Load Gap: 2.7
   -> Validation | Samples: 50 | Makespan: 516.54 | Invalid Jobs: 0.02
Epoch [1751/3000] | Sampled: 530.25 | Baseline: 719.75 | Improvement: 189.50 | Win Rate: 100.00% | Actor Loss: 0.2635 | Entropy: 2.7916 | Invalid S/B: 0.00/0.00 | Max Load: 21.2 | Load Gap: 2.4
Epoch [1752/3000] | Sampled: 541.69 | Baseline: 723.91 | Improvement: 182.22 | Win Rate: 100.00% | Actor Loss: 1.7044 | Entropy: 2.7851 | Invalid S/B: 0.00/0.00 | Max Load: 21.2 | Load Gap: 2.5
Epoch [1753/3000] | Sampled: 541.94 | Baseline: 717.16 | Improvement: 175.22 | Win Rate: 100.00% | Actor Loss: 2.8514 | Entropy: 2.7674 | Invalid S/B: 0.06/0.00 | Max Load: 21.2 | Load Gap: 2.7
Epoch [1754/3000] | Sampled: 535.53 | Baseline: 716.19 | Improvement: 180.66 | Win Rate: 100.00% | Actor Loss: 5.4121 | Entropy: 2.7543 | Invalid S/B: 0.00/0.00 | Max Load: 21.3 | Load Gap: 2.7
Epoch [1755/3000] | Sampled: 539.62 | Baseline: 717.66 | Improvement: 178.03 | Win Rate: 100.00% | Actor Loss: -2.4653 | Entropy: 2.7638 | Invalid S/B: 0.03/0.00 | Max Load: 21.2 | Load Gap: 2.4
Epoch [1756/3000] | Sampled: 535.78 | Baseline: 717.91 | Improvement: 182.12 | Win Rate: 100.00% | Actor Loss: 0.1667 | Entropy: 2.7285 | Invalid S/B: 0.00/0.00 | Max Load: 21.2 | Load Gap: 2.3
Epoch [1757/3000] | Sampled: 520.38 | Baseline: 716.03 | Improvement: 195.66 | Win Rate: 100.00% | Actor Loss: -1.8989 | Entropy: 2.7296 | Invalid S/B: 0.00/0.00 | Max Load: 21.0 | Load Gap: 2.0
Epoch [1758/3000] | Sampled: 528.34 | Baseline: 719.91 | Improvement: 191.56 | Win Rate: 100.00% | Actor Loss: -0.2953 | Entropy: 2.7429 | Invalid S/B: 0.03/0.00 | Max Load: 21.1 | Load Gap: 2.1
Epoch [1759/3000] | Sampled: 525.66 | Baseline: 719.06 | Improvement: 193.41 | Win Rate: 100.00% | Actor Loss: -3.2617 | Entropy: 2.7613 | Invalid S/B: 0.00/0.00 | Max Load: 21.2 | Load Gap: 2.2
Epoch [1760/3000] | Sampled: 536.00 | Baseline: 723.94 | Improvement: 187.94 | Win Rate: 100.00% | Actor Loss: -2.5252 | Entropy: 2.7616 | Invalid S/B: 0.00/0.00 | Max Load: 21.0 | Load Gap: 2.1
Epoch [1761/3000] | Sampled: 526.72 | Baseline: 715.28 | Improvement: 188.56 | Win Rate: 100.00% | Actor Loss: 2.6284 | Entropy: 2.7608 | Invalid S/B: 0.09/0.00 | Max Load: 21.1 | Load Gap: 2.0
Epoch [1762/3000] | Sampled: 525.47 | Baseline: 717.69 | Improvement: 192.22 | Win Rate: 100.00% | Actor Loss: -4.9975 | Entropy: 2.7488 | Invalid S/B: 0.00/0.03 | Max Load: 21.1 | Load Gap: 2.1
Epoch [1763/3000] | Sampled: 539.19 | Baseline: 723.25 | Improvement: 184.06 | Win Rate: 100.00% | Actor Loss: -0.6354 | Entropy: 2.7500 | Invalid S/B: 0.03/0.00 | Max Load: 21.0 | Load Gap: 2.3
Epoch [1764/3000] | Sampled: 529.66 | Baseline: 722.34 | Improvement: 192.69 | Win Rate: 100.00% | Actor Loss: 1.4143 | Entropy: 2.7522 | Invalid S/B: 0.00/0.00 | Max Load: 21.0 | Load Gap: 2.1
Epoch [1765/3000] | Sampled: 532.62 | Baseline: 715.34 | Improvement: 182.72 | Win Rate: 100.00% | Actor Loss: 4.0568 | Entropy: 2.7339 | Invalid S/B: 0.03/0.00 | Max Load: 21.1 | Load Gap: 2.1
Epoch [1766/3000] | Sampled: 535.06 | Baseline: 724.94 | Improvement: 189.88 | Win Rate: 100.00% | Actor Loss: -0.0312 | Entropy: 2.7347 | Invalid S/B: 0.00/0.00 | Max Load: 21.1 | Load Gap: 2.2
Epoch [1767/3000] | Sampled: 536.16 | Baseline: 718.25 | Improvement: 182.09 | Win Rate: 100.00% | Actor Loss: -0.0563 | Entropy: 2.7378 | Invalid S/B: 0.06/0.00 | Max Load: 20.8 | Load Gap: 1.7
Epoch [1768/3000] | Sampled: 538.00 | Baseline: 724.62 | Improvement: 186.62 | Win Rate: 100.00% | Actor Loss: 0.4280 | Entropy: 2.7491 | Invalid S/B: 0.06/0.00 | Max Load: 20.9 | Load Gap: 1.8
Epoch [1769/3000] | Sampled: 527.56 | Baseline: 726.19 | Improvement: 198.62 | Win Rate: 100.00% | Actor Loss: 2.1991 | Entropy: 2.7509 | Invalid S/B: 0.00/0.00 | Max Load: 21.0 | Load Gap: 1.9
Epoch [1770/3000] | Sampled: 532.19 | Baseline: 720.88 | Improvement: 188.69 | Win Rate: 100.00% | Actor Loss: 2.8875 | Entropy: 2.7526 | Invalid S/B: 0.00/0.00 | Max Load: 21.1 | Load Gap: 2.1
Epoch [1771/3000] | Sampled: 522.12 | Baseline: 716.03 | Improvement: 193.91 | Win Rate: 100.00% | Actor Loss: -2.3160 | Entropy: 2.7615 | Invalid S/B: 0.03/0.00 | Max Load: 21.0 | Load Gap: 2.0
Epoch [1772/3000] | Sampled: 537.81 | Baseline: 722.62 | Improvement: 184.81 | Win Rate: 100.00% | Actor Loss: 2.4783 | Entropy: 2.7926 | Invalid S/B: 0.09/0.00 | Max Load: 20.7 | Load Gap: 1.4
Epoch [1773/3000] | Sampled: 531.47 | Baseline: 722.44 | Improvement: 190.97 | Win Rate: 100.00% | Actor Loss: -2.9373 | Entropy: 2.8048 | Invalid S/B: 0.03/0.00 | Max Load: 20.8 | Load Gap: 1.6
Epoch [1774/3000] | Sampled: 528.47 | Baseline: 717.72 | Improvement: 189.25 | Win Rate: 100.00% | Actor Loss: -3.4972 | Entropy: 2.8315 | Invalid S/B: 0.03/0.00 | Max Load: 20.9 | Load Gap: 1.9
Epoch [1775/3000] | Sampled: 529.06 | Baseline: 721.00 | Improvement: 191.94 | Win Rate: 100.00% | Actor Loss: 0.1047 | Entropy: 2.8262 | Invalid S/B: 0.03/0.00 | Max Load: 21.0 | Load Gap: 2.1
Epoch [1776/3000] | Sampled: 529.47 | Baseline: 719.50 | Improvement: 190.03 | Win Rate: 100.00% | Actor Loss: -1.9303 | Entropy: 2.8248 | Invalid S/B: 0.00/0.00 | Max Load: 20.9 | Load Gap: 1.9
Epoch [1777/3000] | Sampled: 524.94 | Baseline: 719.34 | Improvement: 194.41 | Win Rate: 100.00% | Actor Loss: 1.0343 | Entropy: 2.8633 | Invalid S/B: 0.06/0.00 | Max Load: 21.1 | Load Gap: 2.2
Epoch [1778/3000] | Sampled: 531.16 | Baseline: 715.22 | Improvement: 184.06 | Win Rate: 100.00% | Actor Loss: 0.1164 | Entropy: 2.8553 | Invalid S/B: 0.00/0.00 | Max Load: 21.0 | Load Gap: 1.9
Epoch [1779/3000] | Sampled: 535.38 | Baseline: 720.56 | Improvement: 185.19 | Win Rate: 100.00% | Actor Loss: 3.3860 | Entropy: 2.8467 | Invalid S/B: 0.06/0.00 | Max Load: 21.2 | Load Gap: 2.2
Epoch [1780/3000] | Sampled: 528.38 | Baseline: 719.00 | Improvement: 190.62 | Win Rate: 100.00% | Actor Loss: 3.6538 | Entropy: 2.8816 | Invalid S/B: 0.00/0.00 | Max Load: 21.0 | Load Gap: 1.9
Epoch [1781/3000] | Sampled: 518.94 | Baseline: 715.72 | Improvement: 196.78 | Win Rate: 100.00% | Actor Loss: 1.2737 | Entropy: 2.8651 | Invalid S/B: 0.00/0.00 | Max Load: 20.8 | Load Gap: 1.6
Epoch [1782/3000] | Sampled: 527.28 | Baseline: 719.03 | Improvement: 191.75 | Win Rate: 100.00% | Actor Loss: -1.8018 | Entropy: 2.8903 | Invalid S/B: 0.00/0.00 | Max Load: 20.9 | Load Gap: 1.9
Epoch [1783/3000] | Sampled: 525.16 | Baseline: 726.12 | Improvement: 200.97 | Win Rate: 100.00% | Actor Loss: -3.7881 | Entropy: 2.8639 | Invalid S/B: 0.00/0.00 | Max Load: 20.8 | Load Gap: 1.4
Epoch [1784/3000] | Sampled: 524.53 | Baseline: 714.34 | Improvement: 189.81 | Win Rate: 100.00% | Actor Loss: -2.4308 | Entropy: 2.8801 | Invalid S/B: 0.00/0.00 | Max Load: 21.1 | Load Gap: 2.0
Epoch [1785/3000] | Sampled: 527.59 | Baseline: 722.09 | Improvement: 194.50 | Win Rate: 100.00% | Actor Loss: -4.4381 | Entropy: 2.8302 | Invalid S/B: 0.00/0.00 | Max Load: 20.9 | Load Gap: 1.8
Epoch [1786/3000] | Sampled: 517.53 | Baseline: 719.91 | Improvement: 202.38 | Win Rate: 100.00% | Actor Loss: -2.2575 | Entropy: 2.8441 | Invalid S/B: 0.00/0.00 | Max Load: 21.0 | Load Gap: 2.0
Epoch [1787/3000] | Sampled: 520.91 | Baseline: 716.62 | Improvement: 195.72 | Win Rate: 100.00% | Actor Loss: 0.4020 | Entropy: 2.8200 | Invalid S/B: 0.00/0.00 | Max Load: 21.0 | Load Gap: 2.0
Epoch [1788/3000] | Sampled: 531.72 | Baseline: 720.75 | Improvement: 189.03 | Win Rate: 100.00% | Actor Loss: 2.0751 | Entropy: 2.8267 | Invalid S/B: 0.06/0.00 | Max Load: 21.0 | Load Gap: 2.0
Epoch [1789/3000] | Sampled: 524.38 | Baseline: 717.72 | Improvement: 193.34 | Win Rate: 100.00% | Actor Loss: 0.7984 | Entropy: 2.8093 | Invalid S/B: 0.03/0.00 | Max Load: 21.1 | Load Gap: 2.2
Epoch [1790/3000] | Sampled: 522.28 | Baseline: 717.91 | Improvement: 195.62 | Win Rate: 100.00% | Actor Loss: -5.6941 | Entropy: 2.8004 | Invalid S/B: 0.03/0.00 | Max Load: 21.0 | Load Gap: 1.9
Epoch [1791/3000] | Sampled: 517.72 | Baseline: 715.47 | Improvement: 197.75 | Win Rate: 100.00% | Actor Loss: 7.6085 | Entropy: 2.8028 | Invalid S/B: 0.00/0.00 | Max Load: 21.1 | Load Gap: 2.0
Epoch [1792/3000] | Sampled: 528.22 | Baseline: 717.50 | Improvement: 189.28 | Win Rate: 100.00% | Actor Loss: -1.8523 | Entropy: 2.7789 | Invalid S/B: 0.00/0.00 | Max Load: 20.9 | Load Gap: 2.0
Epoch [1793/3000] | Sampled: 530.56 | Baseline: 719.94 | Improvement: 189.38 | Win Rate: 100.00% | Actor Loss: 2.0258 | Entropy: 2.7690 | Invalid S/B: 0.00/0.03 | Max Load: 21.1 | Load Gap: 2.2
Epoch [1794/3000] | Sampled: 533.25 | Baseline: 718.03 | Improvement: 184.78 | Win Rate: 100.00% | Actor Loss: 3.8316 | Entropy: 2.7702 | Invalid S/B: 0.00/0.00 | Max Load: 21.1 | Load Gap: 2.2
Epoch [1795/3000] | Sampled: 518.50 | Baseline: 716.31 | Improvement: 197.81 | Win Rate: 100.00% | Actor Loss: -1.6939 | Entropy: 2.7710 | Invalid S/B: 0.00/0.00 | Max Load: 21.3 | Load Gap: 2.4
Epoch [1796/3000] | Sampled: 532.47 | Baseline: 718.50 | Improvement: 186.03 | Win Rate: 100.00% | Actor Loss: 1.4293 | Entropy: 2.7885 | Invalid S/B: 0.03/0.00 | Max Load: 21.0 | Load Gap: 2.0
Epoch [1797/3000] | Sampled: 515.50 | Baseline: 710.78 | Improvement: 195.28 | Win Rate: 100.00% | Actor Loss: -2.1556 | Entropy: 2.7719 | Invalid S/B: 0.00/0.00 | Max Load: 21.0 | Load Gap: 1.9
Epoch [1798/3000] | Sampled: 519.59 | Baseline: 716.62 | Improvement: 197.03 | Win Rate: 100.00% | Actor Loss: -2.2140 | Entropy: 2.7744 | Invalid S/B: 0.00/0.00 | Max Load: 20.8 | Load Gap: 1.7
Epoch [1799/3000] | Sampled: 531.62 | Baseline: 718.50 | Improvement: 186.88 | Win Rate: 100.00% | Actor Loss: 3.7185 | Entropy: 2.7890 | Invalid S/B: 0.03/0.00 | Max Load: 20.8 | Load Gap: 1.5
Epoch [1800/3000] | Sampled: 527.59 | Baseline: 717.75 | Improvement: 190.16 | Win Rate: 100.00% | Actor Loss: 0.4153 | Entropy: 2.7569 | Invalid S/B: 0.03/0.00 | Max Load: 21.0 | Load Gap: 2.1
   -> Validation | Samples: 50 | Makespan: 510.06 | Invalid Jobs: 0.02
   -> Saved updated training chart to /home/wei/AMR-DFJSP/Static_alogorithm/GNN/gnn_precise_training_metrics.png
Epoch [1801/3000] | Sampled: 525.28 | Baseline: 718.22 | Improvement: 192.94 | Win Rate: 100.00% | Actor Loss: 2.8102 | Entropy: 2.7510 | Invalid S/B: 0.03/0.00 | Max Load: 21.0 | Load Gap: 1.9
Epoch [1802/3000] | Sampled: 525.03 | Baseline: 716.31 | Improvement: 191.28 | Win Rate: 100.00% | Actor Loss: 2.2456 | Entropy: 2.7918 | Invalid S/B: 0.06/0.00 | Max Load: 21.0 | Load Gap: 2.0
Epoch [1803/3000] | Sampled: 518.69 | Baseline: 718.16 | Improvement: 199.47 | Win Rate: 100.00% | Actor Loss: -2.8400 | Entropy: 2.7815 | Invalid S/B: 0.00/0.00 | Max Load: 20.9 | Load Gap: 1.7
Epoch [1804/3000] | Sampled: 525.19 | Baseline: 716.06 | Improvement: 190.88 | Win Rate: 100.00% | Actor Loss: 0.7888 | Entropy: 2.7964 | Invalid S/B: 0.00/0.00 | Max Load: 20.9 | Load Gap: 1.8
Epoch [1805/3000] | Sampled: 512.72 | Baseline: 717.28 | Improvement: 204.56 | Win Rate: 100.00% | Actor Loss: 2.0016 | Entropy: 2.7693 | Invalid S/B: 0.03/0.00 | Max Load: 20.9 | Load Gap: 1.8
Epoch [1806/3000] | Sampled: 515.50 | Baseline: 713.62 | Improvement: 198.12 | Win Rate: 100.00% | Actor Loss: 2.9071 | Entropy: 2.8046 | Invalid S/B: 0.03/0.00 | Max Load: 20.8 | Load Gap: 1.6
Epoch [1807/3000] | Sampled: 524.56 | Baseline: 722.84 | Improvement: 198.28 | Win Rate: 100.00% | Actor Loss: 2.6476 | Entropy: 2.8058 | Invalid S/B: 0.03/0.00 | Max Load: 20.8 | Load Gap: 1.7
Epoch [1808/3000] | Sampled: 524.53 | Baseline: 716.66 | Improvement: 192.12 | Win Rate: 100.00% | Actor Loss: -4.6098 | Entropy: 2.8395 | Invalid S/B: 0.00/0.00 | Max Load: 20.8 | Load Gap: 1.5
Epoch [1809/3000] | Sampled: 513.88 | Baseline: 716.66 | Improvement: 202.78 | Win Rate: 100.00% | Actor Loss: 0.9514 | Entropy: 2.8648 | Invalid S/B: 0.00/0.00 | Max Load: 20.8 | Load Gap: 1.7
Epoch [1810/3000] | Sampled: 529.88 | Baseline: 718.66 | Improvement: 188.78 | Win Rate: 100.00% | Actor Loss: 0.4250 | Entropy: 2.8402 | Invalid S/B: 0.00/0.00 | Max Load: 20.8 | Load Gap: 1.6
Epoch [1811/3000] | Sampled: 524.34 | Baseline: 718.66 | Improvement: 194.31 | Win Rate: 100.00% | Actor Loss: -0.1615 | Entropy: 2.8390 | Invalid S/B: 0.00/0.00 | Max Load: 20.8 | Load Gap: 1.7
Epoch [1812/3000] | Sampled: 518.53 | Baseline: 718.28 | Improvement: 199.75 | Win Rate: 100.00% | Actor Loss: -3.8447 | Entropy: 2.8268 | Invalid S/B: 0.00/0.00 | Max Load: 20.8 | Load Gap: 1.7
Epoch [1813/3000] | Sampled: 521.94 | Baseline: 720.72 | Improvement: 198.78 | Win Rate: 100.00% | Actor Loss: 0.2760 | Entropy: 2.8408 | Invalid S/B: 0.00/0.00 | Max Load: 20.8 | Load Gap: 1.6
Epoch [1814/3000] | Sampled: 533.38 | Baseline: 721.12 | Improvement: 187.75 | Win Rate: 100.00% | Actor Loss: -6.4001 | Entropy: 2.8367 | Invalid S/B: 0.00/0.00 | Max Load: 21.1 | Load Gap: 2.2
Epoch [1815/3000] | Sampled: 538.12 | Baseline: 721.28 | Improvement: 183.16 | Win Rate: 100.00% | Actor Loss: -0.2184 | Entropy: 2.8192 | Invalid S/B: 0.03/0.00 | Max Load: 21.0 | Load Gap: 1.9
Epoch [1816/3000] | Sampled: 533.91 | Baseline: 716.28 | Improvement: 182.38 | Win Rate: 100.00% | Actor Loss: 3.6940 | Entropy: 2.8301 | Invalid S/B: 0.06/0.00 | Max Load: 20.8 | Load Gap: 1.6
Epoch [1817/3000] | Sampled: 523.31 | Baseline: 715.78 | Improvement: 192.47 | Win Rate: 100.00% | Actor Loss: 1.4695 | Entropy: 2.8347 | Invalid S/B: 0.03/0.00 | Max Load: 21.2 | Load Gap: 2.3
Epoch [1818/3000] | Sampled: 534.88 | Baseline: 718.28 | Improvement: 183.41 | Win Rate: 100.00% | Actor Loss: -2.5975 | Entropy: 2.8400 | Invalid S/B: 0.06/0.00 | Max Load: 20.8 | Load Gap: 1.7
Epoch [1819/3000] | Sampled: 523.44 | Baseline: 716.00 | Improvement: 192.56 | Win Rate: 100.00% | Actor Loss: 4.1853 | Entropy: 2.8272 | Invalid S/B: 0.06/0.00 | Max Load: 20.9 | Load Gap: 1.9
Epoch [1820/3000] | Sampled: 522.34 | Baseline: 712.09 | Improvement: 189.75 | Win Rate: 100.00% | Actor Loss: -2.1876 | Entropy: 2.8256 | Invalid S/B: 0.00/0.00 | Max Load: 21.1 | Load Gap: 2.2
Epoch [1821/3000] | Sampled: 540.50 | Baseline: 719.00 | Improvement: 178.50 | Win Rate: 100.00% | Actor Loss: -0.9466 | Entropy: 2.8317 | Invalid S/B: 0.03/0.00 | Max Load: 20.7 | Load Gap: 1.4
Epoch [1822/3000] | Sampled: 528.66 | Baseline: 718.12 | Improvement: 189.47 | Win Rate: 100.00% | Actor Loss: 5.9684 | Entropy: 2.8198 | Invalid S/B: 0.00/0.00 | Max Load: 21.0 | Load Gap: 1.9
Epoch [1823/3000] | Sampled: 537.28 | Baseline: 720.03 | Improvement: 182.75 | Win Rate: 100.00% | Actor Loss: 6.0807 | Entropy: 2.8284 | Invalid S/B: 0.00/0.00 | Max Load: 21.1 | Load Gap: 2.1
Epoch [1824/3000] | Sampled: 522.50 | Baseline: 717.09 | Improvement: 194.59 | Win Rate: 100.00% | Actor Loss: 0.8558 | Entropy: 2.8461 | Invalid S/B: 0.00/0.00 | Max Load: 20.9 | Load Gap: 1.8
Epoch [1825/3000] | Sampled: 534.44 | Baseline: 716.59 | Improvement: 182.16 | Win Rate: 100.00% | Actor Loss: 2.2303 | Entropy: 2.8186 | Invalid S/B: 0.00/0.00 | Max Load: 21.0 | Load Gap: 2.1
Epoch [1826/3000] | Sampled: 531.03 | Baseline: 724.25 | Improvement: 193.22 | Win Rate: 100.00% | Actor Loss: 3.4054 | Entropy: 2.8007 | Invalid S/B: 0.03/0.00 | Max Load: 21.1 | Load Gap: 2.1
Epoch [1827/3000] | Sampled: 531.62 | Baseline: 716.69 | Improvement: 185.06 | Win Rate: 100.00% | Actor Loss: 2.1231 | Entropy: 2.8184 | Invalid S/B: 0.00/0.00 | Max Load: 20.8 | Load Gap: 1.5
Epoch [1828/3000] | Sampled: 529.47 | Baseline: 719.91 | Improvement: 190.44 | Win Rate: 100.00% | Actor Loss: 0.9265 | Entropy: 2.8288 | Invalid S/B: 0.03/0.00 | Max Load: 20.9 | Load Gap: 2.0
Epoch [1829/3000] | Sampled: 527.12 | Baseline: 720.16 | Improvement: 193.03 | Win Rate: 100.00% | Actor Loss: -2.3133 | Entropy: 2.8028 | Invalid S/B: 0.00/0.00 | Max Load: 21.0 | Load Gap: 2.0
Epoch [1830/3000] | Sampled: 520.84 | Baseline: 714.97 | Improvement: 194.12 | Win Rate: 100.00% | Actor Loss: 4.2887 | Entropy: 2.8138 | Invalid S/B: 0.00/0.00 | Max Load: 20.8 | Load Gap: 1.7
Epoch [1831/3000] | Sampled: 525.75 | Baseline: 722.88 | Improvement: 197.12 | Win Rate: 100.00% | Actor Loss: 2.9046 | Entropy: 2.8123 | Invalid S/B: 0.00/0.03 | Max Load: 21.2 | Load Gap: 2.2
Epoch [1832/3000] | Sampled: 523.12 | Baseline: 720.56 | Improvement: 197.44 | Win Rate: 100.00% | Actor Loss: -3.8300 | Entropy: 2.8253 | Invalid S/B: 0.00/0.00 | Max Load: 21.1 | Load Gap: 2.2
Epoch [1833/3000] | Sampled: 524.38 | Baseline: 723.12 | Improvement: 198.75 | Win Rate: 100.00% | Actor Loss: 2.3825 | Entropy: 2.8456 | Invalid S/B: 0.00/0.00 | Max Load: 20.9 | Load Gap: 1.8
Epoch [1834/3000] | Sampled: 521.38 | Baseline: 718.34 | Improvement: 196.97 | Win Rate: 100.00% | Actor Loss: 2.7944 | Entropy: 2.8434 | Invalid S/B: 0.00/0.00 | Max Load: 20.9 | Load Gap: 1.7
Epoch [1835/3000] | Sampled: 513.06 | Baseline: 715.31 | Improvement: 202.25 | Win Rate: 100.00% | Actor Loss: -3.5750 | Entropy: 2.8420 | Invalid S/B: 0.00/0.00 | Max Load: 21.2 | Load Gap: 2.2
Epoch [1836/3000] | Sampled: 522.72 | Baseline: 717.38 | Improvement: 194.66 | Win Rate: 100.00% | Actor Loss: -2.9458 | Entropy: 2.8215 | Invalid S/B: 0.00/0.00 | Max Load: 20.9 | Load Gap: 1.8
Epoch [1837/3000] | Sampled: 527.38 | Baseline: 721.25 | Improvement: 193.88 | Win Rate: 100.00% | Actor Loss: -0.0458 | Entropy: 2.8299 | Invalid S/B: 0.00/0.00 | Max Load: 20.9 | Load Gap: 1.9
Epoch [1838/3000] | Sampled: 524.03 | Baseline: 721.88 | Improvement: 197.84 | Win Rate: 100.00% | Actor Loss: 0.4545 | Entropy: 2.8091 | Invalid S/B: 0.03/0.00 | Max Load: 21.0 | Load Gap: 2.0
Epoch [1839/3000] | Sampled: 513.66 | Baseline: 710.72 | Improvement: 197.06 | Win Rate: 100.00% | Actor Loss: -1.1900 | Entropy: 2.8430 | Invalid S/B: 0.03/0.00 | Max Load: 20.8 | Load Gap: 1.7
Epoch [1840/3000] | Sampled: 511.59 | Baseline: 715.34 | Improvement: 203.75 | Win Rate: 100.00% | Actor Loss: -1.7467 | Entropy: 2.8176 | Invalid S/B: 0.03/0.00 | Max Load: 20.8 | Load Gap: 1.5
Epoch [1841/3000] | Sampled: 524.03 | Baseline: 716.09 | Improvement: 192.06 | Win Rate: 100.00% | Actor Loss: 3.3006 | Entropy: 2.8343 | Invalid S/B: 0.00/0.00 | Max Load: 20.9 | Load Gap: 1.7
Epoch [1842/3000] | Sampled: 524.03 | Baseline: 719.00 | Improvement: 194.97 | Win Rate: 100.00% | Actor Loss: -2.1755 | Entropy: 2.8113 | Invalid S/B: 0.03/0.00 | Max Load: 20.8 | Load Gap: 1.4
Epoch [1843/3000] | Sampled: 529.75 | Baseline: 719.09 | Improvement: 189.34 | Win Rate: 100.00% | Actor Loss: -0.7393 | Entropy: 2.8127 | Invalid S/B: 0.00/0.00 | Max Load: 21.0 | Load Gap: 2.0
Epoch [1844/3000] | Sampled: 528.62 | Baseline: 719.97 | Improvement: 191.34 | Win Rate: 100.00% | Actor Loss: -0.9503 | Entropy: 2.8094 | Invalid S/B: 0.00/0.00 | Max Load: 20.8 | Load Gap: 1.6
Epoch [1845/3000] | Sampled: 518.19 | Baseline: 721.03 | Improvement: 202.84 | Win Rate: 100.00% | Actor Loss: -2.4360 | Entropy: 2.8362 | Invalid S/B: 0.00/0.03 | Max Load: 20.9 | Load Gap: 1.8
Epoch [1846/3000] | Sampled: 524.62 | Baseline: 722.56 | Improvement: 197.94 | Win Rate: 100.00% | Actor Loss: -2.7314 | Entropy: 2.8049 | Invalid S/B: 0.03/0.00 | Max Load: 20.8 | Load Gap: 1.6
Epoch [1847/3000] | Sampled: 534.84 | Baseline: 717.81 | Improvement: 182.97 | Win Rate: 100.00% | Actor Loss: -5.6378 | Entropy: 2.8083 | Invalid S/B: 0.06/0.00 | Max Load: 20.9 | Load Gap: 1.8
Epoch [1848/3000] | Sampled: 529.47 | Baseline: 714.12 | Improvement: 184.66 | Win Rate: 100.00% | Actor Loss: -0.5948 | Entropy: 2.7940 | Invalid S/B: 0.03/0.00 | Max Load: 21.0 | Load Gap: 1.9
Epoch [1849/3000] | Sampled: 530.31 | Baseline: 718.72 | Improvement: 188.41 | Win Rate: 100.00% | Actor Loss: 0.1727 | Entropy: 2.7866 | Invalid S/B: 0.00/0.00 | Max Load: 21.0 | Load Gap: 2.0
Epoch [1850/3000] | Sampled: 538.34 | Baseline: 726.56 | Improvement: 188.22 | Win Rate: 100.00% | Actor Loss: -0.0102 | Entropy: 2.7571 | Invalid S/B: 0.03/0.00 | Max Load: 21.1 | Load Gap: 2.1
   -> Validation | Samples: 50 | Makespan: 506.82 | Invalid Jobs: 0.00
Epoch [1851/3000] | Sampled: 528.38 | Baseline: 716.16 | Improvement: 187.78 | Win Rate: 100.00% | Actor Loss: -4.4443 | Entropy: 2.7583 | Invalid S/B: 0.00/0.00 | Max Load: 20.9 | Load Gap: 1.9
Epoch [1852/3000] | Sampled: 531.91 | Baseline: 715.62 | Improvement: 183.72 | Win Rate: 100.00% | Actor Loss: 0.1605 | Entropy: 2.7613 | Invalid S/B: 0.00/0.00 | Max Load: 21.0 | Load Gap: 2.1
Epoch [1853/3000] | Sampled: 524.59 | Baseline: 715.22 | Improvement: 190.62 | Win Rate: 100.00% | Actor Loss: 3.9503 | Entropy: 2.7294 | Invalid S/B: 0.00/0.00 | Max Load: 21.1 | Load Gap: 2.2
Epoch [1854/3000] | Sampled: 533.31 | Baseline: 723.97 | Improvement: 190.66 | Win Rate: 100.00% | Actor Loss: 3.0371 | Entropy: 2.7281 | Invalid S/B: 0.06/0.00 | Max Load: 21.2 | Load Gap: 2.4
Epoch [1855/3000] | Sampled: 535.25 | Baseline: 716.69 | Improvement: 181.44 | Win Rate: 100.00% | Actor Loss: -1.3321 | Entropy: 2.7018 | Invalid S/B: 0.00/0.00 | Max Load: 21.0 | Load Gap: 2.1
Epoch [1856/3000] | Sampled: 542.25 | Baseline: 724.09 | Improvement: 181.84 | Win Rate: 100.00% | Actor Loss: 3.7314 | Entropy: 2.7117 | Invalid S/B: 0.03/0.00 | Max Load: 21.1 | Load Gap: 2.1
Epoch [1857/3000] | Sampled: 532.06 | Baseline: 713.19 | Improvement: 181.12 | Win Rate: 100.00% | Actor Loss: 1.0048 | Entropy: 2.7252 | Invalid S/B: 0.00/0.00 | Max Load: 21.2 | Load Gap: 2.4
Epoch [1858/3000] | Sampled: 522.81 | Baseline: 715.62 | Improvement: 192.81 | Win Rate: 100.00% | Actor Loss: -2.1633 | Entropy: 2.7588 | Invalid S/B: 0.00/0.00 | Max Load: 20.9 | Load Gap: 1.9
Epoch [1859/3000] | Sampled: 531.44 | Baseline: 718.25 | Improvement: 186.81 | Win Rate: 100.00% | Actor Loss: -0.8585 | Entropy: 2.7468 | Invalid S/B: 0.03/0.00 | Max Load: 21.1 | Load Gap: 2.2
Epoch [1860/3000] | Sampled: 531.59 | Baseline: 719.62 | Improvement: 188.03 | Win Rate: 100.00% | Actor Loss: 0.4962 | Entropy: 2.7528 | Invalid S/B: 0.00/0.00 | Max Load: 20.9 | Load Gap: 1.9
Epoch [1861/3000] | Sampled: 523.59 | Baseline: 717.31 | Improvement: 193.72 | Win Rate: 100.00% | Actor Loss: -5.0829 | Entropy: 2.7413 | Invalid S/B: 0.00/0.00 | Max Load: 21.2 | Load Gap: 2.3
Epoch [1862/3000] | Sampled: 532.91 | Baseline: 717.97 | Improvement: 185.06 | Win Rate: 100.00% | Actor Loss: -1.7869 | Entropy: 2.7636 | Invalid S/B: 0.00/0.00 | Max Load: 21.1 | Load Gap: 2.2
Epoch [1863/3000] | Sampled: 543.34 | Baseline: 720.91 | Improvement: 177.56 | Win Rate: 100.00% | Actor Loss: -0.7782 | Entropy: 2.7660 | Invalid S/B: 0.03/0.00 | Max Load: 21.2 | Load Gap: 2.4
Epoch [1864/3000] | Sampled: 532.00 | Baseline: 722.75 | Improvement: 190.75 | Win Rate: 100.00% | Actor Loss: -0.9564 | Entropy: 2.7804 | Invalid S/B: 0.00/0.03 | Max Load: 21.0 | Load Gap: 2.1
Epoch [1865/3000] | Sampled: 523.88 | Baseline: 711.16 | Improvement: 187.28 | Win Rate: 100.00% | Actor Loss: 0.6240 | Entropy: 2.7697 | Invalid S/B: 0.06/0.00 | Max Load: 21.0 | Load Gap: 2.0
Epoch [1866/3000] | Sampled: 543.25 | Baseline: 721.41 | Improvement: 178.16 | Win Rate: 100.00% | Actor Loss: -0.9328 | Entropy: 2.8080 | Invalid S/B: 0.00/0.00 | Max Load: 20.9 | Load Gap: 1.8
Epoch [1867/3000] | Sampled: 530.22 | Baseline: 718.94 | Improvement: 188.72 | Win Rate: 100.00% | Actor Loss: 3.4905 | Entropy: 2.7954 | Invalid S/B: 0.00/0.00 | Max Load: 21.0 | Load Gap: 2.1
Epoch [1868/3000] | Sampled: 530.03 | Baseline: 718.44 | Improvement: 188.41 | Win Rate: 100.00% | Actor Loss: -4.5164 | Entropy: 2.8195 | Invalid S/B: 0.00/0.00 | Max Load: 21.0 | Load Gap: 2.1
Epoch [1869/3000] | Sampled: 533.56 | Baseline: 715.16 | Improvement: 181.59 | Win Rate: 100.00% | Actor Loss: 1.4905 | Entropy: 2.8134 | Invalid S/B: 0.06/0.00 | Max Load: 21.0 | Load Gap: 1.9
Epoch [1870/3000] | Sampled: 529.62 | Baseline: 722.78 | Improvement: 193.16 | Win Rate: 100.00% | Actor Loss: -3.3892 | Entropy: 2.8151 | Invalid S/B: 0.06/0.00 | Max Load: 21.0 | Load Gap: 2.0
Epoch [1871/3000] | Sampled: 530.19 | Baseline: 716.28 | Improvement: 186.09 | Win Rate: 100.00% | Actor Loss: -4.3311 | Entropy: 2.8172 | Invalid S/B: 0.06/0.00 | Max Load: 21.0 | Load Gap: 1.8
Epoch [1872/3000] | Sampled: 523.19 | Baseline: 716.16 | Improvement: 192.97 | Win Rate: 100.00% | Actor Loss: 3.0655 | Entropy: 2.8189 | Invalid S/B: 0.00/0.00 | Max Load: 20.8 | Load Gap: 1.6
Epoch [1873/3000] | Sampled: 533.56 | Baseline: 717.19 | Improvement: 183.62 | Win Rate: 100.00% | Actor Loss: -1.2286 | Entropy: 2.7975 | Invalid S/B: 0.06/0.00 | Max Load: 21.0 | Load Gap: 1.9
Epoch [1874/3000] | Sampled: 538.59 | Baseline: 714.47 | Improvement: 175.88 | Win Rate: 100.00% | Actor Loss: 3.0111 | Entropy: 2.8348 | Invalid S/B: 0.06/0.00 | Max Load: 20.9 | Load Gap: 1.8
Epoch [1875/3000] | Sampled: 526.75 | Baseline: 719.34 | Improvement: 192.59 | Win Rate: 100.00% | Actor Loss: 0.8643 | Entropy: 2.8178 | Invalid S/B: 0.00/0.00 | Max Load: 20.9 | Load Gap: 1.9
Epoch [1876/3000] | Sampled: 523.69 | Baseline: 717.38 | Improvement: 193.69 | Win Rate: 100.00% | Actor Loss: 3.2735 | Entropy: 2.8139 | Invalid S/B: 0.00/0.00 | Max Load: 21.0 | Load Gap: 1.9
Epoch [1877/3000] | Sampled: 528.19 | Baseline: 719.34 | Improvement: 191.16 | Win Rate: 100.00% | Actor Loss: 0.6485 | Entropy: 2.8250 | Invalid S/B: 0.00/0.00 | Max Load: 20.9 | Load Gap: 1.8
Epoch [1878/3000] | Sampled: 516.19 | Baseline: 719.47 | Improvement: 203.28 | Win Rate: 100.00% | Actor Loss: 0.2650 | Entropy: 2.8219 | Invalid S/B: 0.00/0.00 | Max Load: 21.0 | Load Gap: 1.9
Epoch [1879/3000] | Sampled: 509.53 | Baseline: 715.69 | Improvement: 206.16 | Win Rate: 100.00% | Actor Loss: -3.7853 | Entropy: 2.8353 | Invalid S/B: 0.00/0.00 | Max Load: 21.0 | Load Gap: 1.9
Epoch [1880/3000] | Sampled: 527.78 | Baseline: 718.91 | Improvement: 191.12 | Win Rate: 100.00% | Actor Loss: -4.0059 | Entropy: 2.8271 | Invalid S/B: 0.00/0.00 | Max Load: 21.1 | Load Gap: 2.0
Epoch [1881/3000] | Sampled: 512.62 | Baseline: 713.16 | Improvement: 200.53 | Win Rate: 100.00% | Actor Loss: -1.2353 | Entropy: 2.8429 | Invalid S/B: 0.00/0.00 | Max Load: 20.9 | Load Gap: 1.7
Epoch [1882/3000] | Sampled: 523.22 | Baseline: 718.34 | Improvement: 195.12 | Win Rate: 100.00% | Actor Loss: -4.6562 | Entropy: 2.8151 | Invalid S/B: 0.00/0.00 | Max Load: 20.8 | Load Gap: 1.7
Epoch [1883/3000] | Sampled: 504.72 | Baseline: 709.94 | Improvement: 205.22 | Win Rate: 100.00% | Actor Loss: -0.3568 | Entropy: 2.8304 | Invalid S/B: 0.00/0.00 | Max Load: 20.8 | Load Gap: 1.7
Epoch [1884/3000] | Sampled: 511.03 | Baseline: 713.09 | Improvement: 202.06 | Win Rate: 100.00% | Actor Loss: 1.6055 | Entropy: 2.8060 | Invalid S/B: 0.00/0.00 | Max Load: 20.9 | Load Gap: 1.8
Epoch [1885/3000] | Sampled: 523.09 | Baseline: 720.94 | Improvement: 197.84 | Win Rate: 100.00% | Actor Loss: 3.2232 | Entropy: 2.8354 | Invalid S/B: 0.00/0.00 | Max Load: 21.0 | Load Gap: 2.0
Epoch [1886/3000] | Sampled: 519.34 | Baseline: 723.47 | Improvement: 204.12 | Win Rate: 100.00% | Actor Loss: -1.1998 | Entropy: 2.8061 | Invalid S/B: 0.00/0.00 | Max Load: 20.9 | Load Gap: 1.8
Epoch [1887/3000] | Sampled: 515.72 | Baseline: 718.00 | Improvement: 202.28 | Win Rate: 100.00% | Actor Loss: -4.7665 | Entropy: 2.8203 | Invalid S/B: 0.00/0.00 | Max Load: 20.9 | Load Gap: 1.9
Epoch [1888/3000] | Sampled: 520.97 | Baseline: 718.09 | Improvement: 197.12 | Win Rate: 100.00% | Actor Loss: 1.0412 | Entropy: 2.8127 | Invalid S/B: 0.00/0.00 | Max Load: 20.9 | Load Gap: 1.9
Epoch [1889/3000] | Sampled: 524.66 | Baseline: 716.75 | Improvement: 192.09 | Win Rate: 100.00% | Actor Loss: 0.8810 | Entropy: 2.8106 | Invalid S/B: 0.00/0.00 | Max Load: 20.9 | Load Gap: 1.8
Epoch [1890/3000] | Sampled: 516.84 | Baseline: 714.00 | Improvement: 197.16 | Win Rate: 100.00% | Actor Loss: 1.9525 | Entropy: 2.8126 | Invalid S/B: 0.03/0.00 | Max Load: 20.9 | Load Gap: 1.9
Epoch [1891/3000] | Sampled: 528.00 | Baseline: 720.12 | Improvement: 192.12 | Win Rate: 100.00% | Actor Loss: 1.4252 | Entropy: 2.7962 | Invalid S/B: 0.00/0.00 | Max Load: 21.0 | Load Gap: 1.9
Epoch [1892/3000] | Sampled: 525.75 | Baseline: 720.47 | Improvement: 194.72 | Win Rate: 100.00% | Actor Loss: -2.2278 | Entropy: 2.8006 | Invalid S/B: 0.00/0.00 | Max Load: 21.0 | Load Gap: 2.0
Epoch [1893/3000] | Sampled: 518.34 | Baseline: 716.97 | Improvement: 198.62 | Win Rate: 100.00% | Actor Loss: 2.0612 | Entropy: 2.8131 | Invalid S/B: 0.00/0.00 | Max Load: 21.1 | Load Gap: 2.3
Epoch [1894/3000] | Sampled: 525.78 | Baseline: 716.34 | Improvement: 190.56 | Win Rate: 100.00% | Actor Loss: 1.5778 | Entropy: 2.7905 | Invalid S/B: 0.00/0.00 | Max Load: 21.0 | Load Gap: 2.1
Epoch [1895/3000] | Sampled: 517.09 | Baseline: 716.69 | Improvement: 199.59 | Win Rate: 100.00% | Actor Loss: -2.0447 | Entropy: 2.8026 | Invalid S/B: 0.00/0.00 | Max Load: 21.0 | Load Gap: 2.0
Epoch [1896/3000] | Sampled: 531.22 | Baseline: 715.31 | Improvement: 184.09 | Win Rate: 100.00% | Actor Loss: -2.4586 | Entropy: 2.8189 | Invalid S/B: 0.09/0.00 | Max Load: 21.1 | Load Gap: 2.1
Epoch [1897/3000] | Sampled: 534.03 | Baseline: 721.66 | Improvement: 187.62 | Win Rate: 100.00% | Actor Loss: -4.5317 | Entropy: 2.7797 | Invalid S/B: 0.00/0.00 | Max Load: 21.0 | Load Gap: 1.9
Epoch [1898/3000] | Sampled: 533.72 | Baseline: 716.38 | Improvement: 182.66 | Win Rate: 100.00% | Actor Loss: -5.6472 | Entropy: 2.7846 | Invalid S/B: 0.03/0.00 | Max Load: 21.0 | Load Gap: 1.9
Epoch [1899/3000] | Sampled: 527.00 | Baseline: 713.41 | Improvement: 186.41 | Win Rate: 100.00% | Actor Loss: 0.2087 | Entropy: 2.7909 | Invalid S/B: 0.03/0.00 | Max Load: 21.0 | Load Gap: 1.9
Epoch [1900/3000] | Sampled: 515.97 | Baseline: 714.44 | Improvement: 198.47 | Win Rate: 100.00% | Actor Loss: 0.1433 | Entropy: 2.7701 | Invalid S/B: 0.00/0.00 | Max Load: 20.9 | Load Gap: 1.9
   -> Validation | Samples: 50 | Makespan: 511.38 | Invalid Jobs: 0.00
   -> Saved updated training chart to /home/wei/AMR-DFJSP/Static_alogorithm/GNN/gnn_precise_training_metrics.png
Epoch [1901/3000] | Sampled: 522.94 | Baseline: 710.31 | Improvement: 187.38 | Win Rate: 100.00% | Actor Loss: -0.4179 | Entropy: 2.7743 | Invalid S/B: 0.00/0.00 | Max Load: 21.1 | Load Gap: 2.2
Epoch [1902/3000] | Sampled: 532.00 | Baseline: 720.94 | Improvement: 188.94 | Win Rate: 100.00% | Actor Loss: -0.9438 | Entropy: 2.7819 | Invalid S/B: 0.00/0.00 | Max Load: 21.2 | Load Gap: 2.4
Epoch [1903/3000] | Sampled: 527.88 | Baseline: 717.66 | Improvement: 189.78 | Win Rate: 100.00% | Actor Loss: 7.3468 | Entropy: 2.7745 | Invalid S/B: 0.00/0.00 | Max Load: 21.3 | Load Gap: 2.6
Epoch [1904/3000] | Sampled: 514.34 | Baseline: 715.88 | Improvement: 201.53 | Win Rate: 100.00% | Actor Loss: 0.8376 | Entropy: 2.7524 | Invalid S/B: 0.00/0.00 | Max Load: 21.3 | Load Gap: 2.6
Epoch [1905/3000] | Sampled: 529.41 | Baseline: 722.56 | Improvement: 193.16 | Win Rate: 100.00% | Actor Loss: 0.1633 | Entropy: 2.7569 | Invalid S/B: 0.03/0.00 | Max Load: 20.9 | Load Gap: 2.0
Epoch [1906/3000] | Sampled: 527.44 | Baseline: 716.72 | Improvement: 189.28 | Win Rate: 100.00% | Actor Loss: 1.8114 | Entropy: 2.7766 | Invalid S/B: 0.00/0.00 | Max Load: 21.1 | Load Gap: 2.2
Epoch [1907/3000] | Sampled: 525.00 | Baseline: 721.47 | Improvement: 196.47 | Win Rate: 100.00% | Actor Loss: 1.1420 | Entropy: 2.8010 | Invalid S/B: 0.00/0.00 | Max Load: 20.9 | Load Gap: 1.9
Epoch [1908/3000] | Sampled: 529.34 | Baseline: 720.16 | Improvement: 190.81 | Win Rate: 100.00% | Actor Loss: 1.5226 | Entropy: 2.7741 | Invalid S/B: 0.06/0.00 | Max Load: 21.0 | Load Gap: 2.0
Epoch [1909/3000] | Sampled: 524.53 | Baseline: 722.09 | Improvement: 197.56 | Win Rate: 100.00% | Actor Loss: 1.7420 | Entropy: 2.7723 | Invalid S/B: 0.00/0.00 | Max Load: 21.1 | Load Gap: 2.0
Epoch [1910/3000] | Sampled: 515.34 | Baseline: 720.28 | Improvement: 204.94 | Win Rate: 100.00% | Actor Loss: -2.9558 | Entropy: 2.7790 | Invalid S/B: 0.00/0.00 | Max Load: 21.0 | Load Gap: 2.0
Epoch [1911/3000] | Sampled: 529.75 | Baseline: 715.41 | Improvement: 185.66 | Win Rate: 100.00% | Actor Loss: -2.8012 | Entropy: 2.7664 | Invalid S/B: 0.00/0.00 | Max Load: 20.8 | Load Gap: 1.7
Epoch [1912/3000] | Sampled: 528.06 | Baseline: 718.97 | Improvement: 190.91 | Win Rate: 100.00% | Actor Loss: 0.6586 | Entropy: 2.7812 | Invalid S/B: 0.00/0.00 | Max Load: 21.0 | Load Gap: 2.0
Epoch [1913/3000] | Sampled: 520.00 | Baseline: 717.41 | Improvement: 197.41 | Win Rate: 100.00% | Actor Loss: -3.0435 | Entropy: 2.7688 | Invalid S/B: 0.00/0.00 | Max Load: 20.8 | Load Gap: 1.7
Epoch [1914/3000] | Sampled: 516.62 | Baseline: 716.75 | Improvement: 200.12 | Win Rate: 100.00% | Actor Loss: 1.4112 | Entropy: 2.8009 | Invalid S/B: 0.00/0.00 | Max Load: 20.9 | Load Gap: 1.9
Epoch [1915/3000] | Sampled: 518.66 | Baseline: 716.03 | Improvement: 197.38 | Win Rate: 100.00% | Actor Loss: 0.5768 | Entropy: 2.7930 | Invalid S/B: 0.03/0.00 | Max Load: 20.9 | Load Gap: 1.8
Epoch [1916/3000] | Sampled: 524.78 | Baseline: 722.28 | Improvement: 197.50 | Win Rate: 100.00% | Actor Loss: 0.2156 | Entropy: 2.8138 | Invalid S/B: 0.00/0.00 | Max Load: 20.8 | Load Gap: 1.6
Epoch [1917/3000] | Sampled: 513.66 | Baseline: 717.16 | Improvement: 203.50 | Win Rate: 100.00% | Actor Loss: 3.6620 | Entropy: 2.8246 | Invalid S/B: 0.03/0.00 | Max Load: 21.0 | Load Gap: 1.9
Epoch [1918/3000] | Sampled: 526.19 | Baseline: 722.25 | Improvement: 196.06 | Win Rate: 100.00% | Actor Loss: 4.1644 | Entropy: 2.8343 | Invalid S/B: 0.00/0.03 | Max Load: 20.9 | Load Gap: 1.9
Epoch [1919/3000] | Sampled: 524.25 | Baseline: 716.31 | Improvement: 192.06 | Win Rate: 100.00% | Actor Loss: 1.6867 | Entropy: 2.8406 | Invalid S/B: 0.00/0.00 | Max Load: 21.0 | Load Gap: 1.9
Epoch [1920/3000] | Sampled: 524.28 | Baseline: 717.19 | Improvement: 192.91 | Win Rate: 100.00% | Actor Loss: -0.3375 | Entropy: 2.8666 | Invalid S/B: 0.00/0.00 | Max Load: 20.9 | Load Gap: 1.8
Epoch [1921/3000] | Sampled: 522.56 | Baseline: 717.28 | Improvement: 194.72 | Win Rate: 100.00% | Actor Loss: 2.0821 | Entropy: 2.8672 | Invalid S/B: 0.00/0.00 | Max Load: 21.0 | Load Gap: 2.0
Epoch [1922/3000] | Sampled: 523.44 | Baseline: 720.72 | Improvement: 197.28 | Win Rate: 100.00% | Actor Loss: 2.1285 | Entropy: 2.8692 | Invalid S/B: 0.00/0.00 | Max Load: 20.9 | Load Gap: 1.9
Epoch [1923/3000] | Sampled: 520.19 | Baseline: 718.84 | Improvement: 198.66 | Win Rate: 100.00% | Actor Loss: -3.2182 | Entropy: 2.8484 | Invalid S/B: 0.00/0.00 | Max Load: 20.9 | Load Gap: 1.7
Epoch [1924/3000] | Sampled: 516.25 | Baseline: 716.12 | Improvement: 199.88 | Win Rate: 100.00% | Actor Loss: -0.4082 | Entropy: 2.8548 | Invalid S/B: 0.03/0.00 | Max Load: 20.9 | Load Gap: 1.8
Epoch [1925/3000] | Sampled: 525.34 | Baseline: 718.59 | Improvement: 193.25 | Win Rate: 100.00% | Actor Loss: 3.8321 | Entropy: 2.8877 | Invalid S/B: 0.03/0.00 | Max Load: 20.9 | Load Gap: 1.7
Epoch [1926/3000] | Sampled: 519.75 | Baseline: 717.59 | Improvement: 197.84 | Win Rate: 100.00% | Actor Loss: -2.6309 | Entropy: 2.8643 | Invalid S/B: 0.03/0.00 | Max Load: 20.8 | Load Gap: 1.6
Epoch [1927/3000] | Sampled: 519.62 | Baseline: 715.38 | Improvement: 195.75 | Win Rate: 100.00% | Actor Loss: -2.0882 | Entropy: 2.8832 | Invalid S/B: 0.03/0.00 | Max Load: 20.8 | Load Gap: 1.5
Epoch [1928/3000] | Sampled: 521.09 | Baseline: 717.84 | Improvement: 196.75 | Win Rate: 100.00% | Actor Loss: -3.5862 | Entropy: 2.8594 | Invalid S/B: 0.00/0.00 | Max Load: 20.9 | Load Gap: 1.9
Epoch [1929/3000] | Sampled: 521.59 | Baseline: 720.19 | Improvement: 198.59 | Win Rate: 100.00% | Actor Loss: 0.9551 | Entropy: 2.8856 | Invalid S/B: 0.00/0.00 | Max Load: 21.0 | Load Gap: 1.9
Epoch [1930/3000] | Sampled: 517.47 | Baseline: 717.81 | Improvement: 200.34 | Win Rate: 100.00% | Actor Loss: -0.8271 | Entropy: 2.8584 | Invalid S/B: 0.00/0.00 | Max Load: 20.8 | Load Gap: 1.7
Epoch [1931/3000] | Sampled: 512.44 | Baseline: 713.66 | Improvement: 201.22 | Win Rate: 100.00% | Actor Loss: -0.5389 | Entropy: 2.8425 | Invalid S/B: 0.00/0.00 | Max Load: 20.9 | Load Gap: 2.0
Epoch [1932/3000] | Sampled: 525.72 | Baseline: 718.09 | Improvement: 192.38 | Win Rate: 100.00% | Actor Loss: 4.0224 | Entropy: 2.8659 | Invalid S/B: 0.03/0.00 | Max Load: 20.8 | Load Gap: 1.6
Epoch [1933/3000] | Sampled: 534.47 | Baseline: 719.78 | Improvement: 185.31 | Win Rate: 100.00% | Actor Loss: 7.1991 | Entropy: 2.8676 | Invalid S/B: 0.06/0.00 | Max Load: 20.8 | Load Gap: 1.6
Epoch [1934/3000] | Sampled: 525.81 | Baseline: 719.56 | Improvement: 193.75 | Win Rate: 100.00% | Actor Loss: 3.2976 | Entropy: 2.8468 | Invalid S/B: 0.03/0.00 | Max Load: 21.1 | Load Gap: 2.2
Epoch [1935/3000] | Sampled: 522.00 | Baseline: 713.25 | Improvement: 191.25 | Win Rate: 100.00% | Actor Loss: 3.2032 | Entropy: 2.8508 | Invalid S/B: 0.00/0.00 | Max Load: 20.9 | Load Gap: 1.9
Epoch [1936/3000] | Sampled: 521.59 | Baseline: 718.72 | Improvement: 197.12 | Win Rate: 100.00% | Actor Loss: -0.8027 | Entropy: 2.8716 | Invalid S/B: 0.00/0.00 | Max Load: 21.0 | Load Gap: 2.0
Epoch [1937/3000] | Sampled: 517.56 | Baseline: 714.38 | Improvement: 196.81 | Win Rate: 100.00% | Actor Loss: -0.1994 | Entropy: 2.8552 | Invalid S/B: 0.00/0.03 | Max Load: 21.1 | Load Gap: 2.1
Epoch [1938/3000] | Sampled: 523.75 | Baseline: 720.69 | Improvement: 196.94 | Win Rate: 100.00% | Actor Loss: -1.6295 | Entropy: 2.8900 | Invalid S/B: 0.03/0.00 | Max Load: 20.8 | Load Gap: 1.6
Epoch [1939/3000] | Sampled: 511.72 | Baseline: 717.28 | Improvement: 205.56 | Win Rate: 100.00% | Actor Loss: -0.1998 | Entropy: 2.8792 | Invalid S/B: 0.00/0.00 | Max Load: 20.9 | Load Gap: 1.8
Epoch [1940/3000] | Sampled: 518.28 | Baseline: 714.88 | Improvement: 196.59 | Win Rate: 100.00% | Actor Loss: 3.1662 | Entropy: 2.8923 | Invalid S/B: 0.00/0.00 | Max Load: 20.8 | Load Gap: 1.7
Epoch [1941/3000] | Sampled: 511.53 | Baseline: 713.72 | Improvement: 202.19 | Win Rate: 100.00% | Actor Loss: 2.8387 | Entropy: 2.9099 | Invalid S/B: 0.00/0.00 | Max Load: 20.9 | Load Gap: 1.8
Epoch [1942/3000] | Sampled: 512.75 | Baseline: 718.16 | Improvement: 205.41 | Win Rate: 100.00% | Actor Loss: -5.4480 | Entropy: 2.9052 | Invalid S/B: 0.00/0.00 | Max Load: 21.0 | Load Gap: 2.0
Epoch [1943/3000] | Sampled: 520.78 | Baseline: 718.09 | Improvement: 197.31 | Win Rate: 100.00% | Actor Loss: -1.5071 | Entropy: 2.8914 | Invalid S/B: 0.00/0.00 | Max Load: 20.8 | Load Gap: 1.6
Epoch [1944/3000] | Sampled: 519.84 | Baseline: 719.34 | Improvement: 199.50 | Win Rate: 100.00% | Actor Loss: 0.2734 | Entropy: 2.8603 | Invalid S/B: 0.00/0.00 | Max Load: 20.8 | Load Gap: 1.7
Epoch [1945/3000] | Sampled: 527.69 | Baseline: 725.06 | Improvement: 197.38 | Win Rate: 100.00% | Actor Loss: -0.0405 | Entropy: 2.8768 | Invalid S/B: 0.09/0.00 | Max Load: 20.8 | Load Gap: 1.7
Epoch [1946/3000] | Sampled: 520.66 | Baseline: 719.72 | Improvement: 199.06 | Win Rate: 100.00% | Actor Loss: 0.1494 | Entropy: 2.8702 | Invalid S/B: 0.03/0.00 | Max Load: 20.8 | Load Gap: 1.6
Epoch [1947/3000] | Sampled: 528.12 | Baseline: 721.81 | Improvement: 193.69 | Win Rate: 100.00% | Actor Loss: 1.2253 | Entropy: 2.8931 | Invalid S/B: 0.00/0.00 | Max Load: 21.0 | Load Gap: 1.8
Epoch [1948/3000] | Sampled: 531.19 | Baseline: 721.53 | Improvement: 190.34 | Win Rate: 100.00% | Actor Loss: 1.6903 | Entropy: 2.8658 | Invalid S/B: 0.03/0.00 | Max Load: 20.8 | Load Gap: 1.7
Epoch [1949/3000] | Sampled: 531.16 | Baseline: 714.59 | Improvement: 183.44 | Win Rate: 100.00% | Actor Loss: 7.1814 | Entropy: 2.8723 | Invalid S/B: 0.00/0.00 | Max Load: 20.8 | Load Gap: 1.6
Epoch [1950/3000] | Sampled: 521.72 | Baseline: 716.22 | Improvement: 194.50 | Win Rate: 100.00% | Actor Loss: 0.9770 | Entropy: 2.8509 | Invalid S/B: 0.00/0.00 | Max Load: 20.9 | Load Gap: 1.8
   -> Validation | Samples: 50 | Makespan: 500.02 | Invalid Jobs: 0.00
Epoch [1951/3000] | Sampled: 521.47 | Baseline: 716.91 | Improvement: 195.44 | Win Rate: 100.00% | Actor Loss: -1.2292 | Entropy: 2.8866 | Invalid S/B: 0.00/0.00 | Max Load: 20.6 | Load Gap: 1.2
Epoch [1952/3000] | Sampled: 519.44 | Baseline: 720.66 | Improvement: 201.22 | Win Rate: 100.00% | Actor Loss: 2.7998 | Entropy: 2.8693 | Invalid S/B: 0.03/0.00 | Max Load: 20.8 | Load Gap: 1.7
Epoch [1953/3000] | Sampled: 520.91 | Baseline: 714.75 | Improvement: 193.84 | Win Rate: 100.00% | Actor Loss: 1.5376 | Entropy: 2.8337 | Invalid S/B: 0.00/0.00 | Max Load: 20.8 | Load Gap: 1.5
Epoch [1954/3000] | Sampled: 519.44 | Baseline: 714.88 | Improvement: 195.44 | Win Rate: 100.00% | Actor Loss: 2.3635 | Entropy: 2.8407 | Invalid S/B: 0.00/0.00 | Max Load: 21.0 | Load Gap: 1.8
Epoch [1955/3000] | Sampled: 514.69 | Baseline: 712.94 | Improvement: 198.25 | Win Rate: 100.00% | Actor Loss: 3.9071 | Entropy: 2.8841 | Invalid S/B: 0.03/0.00 | Max Load: 21.0 | Load Gap: 1.9
Epoch [1956/3000] | Sampled: 520.94 | Baseline: 720.53 | Improvement: 199.59 | Win Rate: 100.00% | Actor Loss: -0.1188 | Entropy: 2.8617 | Invalid S/B: 0.03/0.00 | Max Load: 20.9 | Load Gap: 1.8
Epoch [1957/3000] | Sampled: 516.38 | Baseline: 716.47 | Improvement: 200.09 | Win Rate: 100.00% | Actor Loss: 1.1301 | Entropy: 2.8797 | Invalid S/B: 0.03/0.00 | Max Load: 20.8 | Load Gap: 1.7
Epoch [1958/3000] | Sampled: 520.38 | Baseline: 716.38 | Improvement: 196.00 | Win Rate: 100.00% | Actor Loss: -2.2568 | Entropy: 2.8562 | Invalid S/B: 0.06/0.00 | Max Load: 20.8 | Load Gap: 1.6
Traceback (most recent call last):
  File "/home/wei/AMR-DFJSP/Static_alogorithm/GNN/train_gnn_precise.py", line 754, in <module>
