Training on: cuda
Loaded 1000 dispatch events from /home/wei/AMR-DFJSP/test_case/static/dispatch_inbox_60.jsonl
Loaded 50 dispatch events from /home/wei/AMR-DFJSP/test_case/static/dispatch_validation_60.jsonl
Loaded 50 validation event(s).
Starting GNN Precise REINFORCE training with dispatch baseline 'fifo+earliest_available' (stepwise).
Epoch [1/1500] | Sampled: 773.31 | Baseline: 602.25 | Improvement: -171.06 | Win Rate: 0.00% | Actor Loss: -4.1057 | Entropy: 4.0723 | Invalid S/B: 0.19/0.00 | Max Load: 14.5 | Load Gap: 4.8
   -> Validation | Samples: 50 | Makespan: 787.08 | Invalid Jobs: 0.18
   -> Saved new best model (Val Makespan: 787.08)
   -> Saved updated training chart to /home/wei/AMR-DFJSP/Static_alogorithm/GNN/gnn_precise_training_metrics.png
Epoch [2/1500] | Sampled: 776.38 | Baseline: 606.31 | Improvement: -170.06 | Win Rate: 0.00% | Actor Loss: -6.1058 | Entropy: 4.1537 | Invalid S/B: 0.56/0.00 | Max Load: 14.4 | Load Gap: 5.1
Epoch [3/1500] | Sampled: 746.12 | Baseline: 608.12 | Improvement: -138.00 | Win Rate: 0.00% | Actor Loss: -1.6091 | Entropy: 4.0196 | Invalid S/B: 0.38/0.00 | Max Load: 14.9 | Load Gap: 5.4
Epoch [4/1500] | Sampled: 735.38 | Baseline: 598.06 | Improvement: -137.31 | Win Rate: 0.00% | Actor Loss: -6.3369 | Entropy: 3.9630 | Invalid S/B: 0.19/0.00 | Max Load: 14.7 | Load Gap: 5.5
Epoch [5/1500] | Sampled: 729.12 | Baseline: 611.44 | Improvement: -117.69 | Win Rate: 0.00% | Actor Loss: -1.3956 | Entropy: 3.7806 | Invalid S/B: 0.25/0.00 | Max Load: 14.5 | Load Gap: 4.8
Epoch [6/1500] | Sampled: 701.00 | Baseline: 608.25 | Improvement: -92.75 | Win Rate: 6.25% | Actor Loss: -7.6651 | Entropy: 3.8120 | Invalid S/B: 0.25/0.00 | Max Load: 14.5 | Load Gap: 4.8
Epoch [7/1500] | Sampled: 723.12 | Baseline: 606.38 | Improvement: -116.75 | Win Rate: 0.00% | Actor Loss: -10.6566 | Entropy: 3.6002 | Invalid S/B: 0.31/0.00 | Max Load: 14.8 | Load Gap: 5.0
Epoch [8/1500] | Sampled: 734.56 | Baseline: 608.69 | Improvement: -125.88 | Win Rate: 0.00% | Actor Loss: -14.5948 | Entropy: 3.2202 | Invalid S/B: 0.19/0.00 | Max Load: 14.6 | Load Gap: 4.9
Epoch [9/1500] | Sampled: 752.00 | Baseline: 605.25 | Improvement: -146.75 | Win Rate: 0.00% | Actor Loss: -11.7251 | Entropy: 2.8376 | Invalid S/B: 0.25/0.00 | Max Load: 13.9 | Load Gap: 3.9
Epoch [10/1500] | Sampled: 788.25 | Baseline: 604.06 | Improvement: -184.19 | Win Rate: 0.00% | Actor Loss: -23.4200 | Entropy: 2.7503 | Invalid S/B: 0.19/0.00 | Max Load: 14.6 | Load Gap: 4.9
Epoch [11/1500] | Sampled: 780.19 | Baseline: 607.44 | Improvement: -172.75 | Win Rate: 0.00% | Actor Loss: -18.9689 | Entropy: 2.6437 | Invalid S/B: 0.06/0.00 | Max Load: 14.5 | Load Gap: 4.8
Epoch [12/1500] | Sampled: 807.56 | Baseline: 607.81 | Improvement: -199.75 | Win Rate: 0.00% | Actor Loss: -9.5923 | Entropy: 2.4344 | Invalid S/B: 0.06/0.00 | Max Load: 14.3 | Load Gap: 4.1
Epoch [13/1500] | Sampled: 802.44 | Baseline: 610.94 | Improvement: -191.50 | Win Rate: 0.00% | Actor Loss: -3.0465 | Entropy: 2.3405 | Invalid S/B: 0.00/0.00 | Max Load: 14.4 | Load Gap: 4.6
Epoch [14/1500] | Sampled: 785.44 | Baseline: 607.88 | Improvement: -177.56 | Win Rate: 0.00% | Actor Loss: -15.4955 | Entropy: 2.3952 | Invalid S/B: 0.12/0.00 | Max Load: 14.3 | Load Gap: 4.5
Epoch [15/1500] | Sampled: 776.81 | Baseline: 608.88 | Improvement: -167.94 | Win Rate: 0.00% | Actor Loss: -8.3422 | Entropy: 2.3674 | Invalid S/B: 0.06/0.00 | Max Load: 13.8 | Load Gap: 3.9
Epoch [16/1500] | Sampled: 766.94 | Baseline: 603.00 | Improvement: -163.94 | Win Rate: 0.00% | Actor Loss: -25.1717 | Entropy: 2.3878 | Invalid S/B: 0.31/0.00 | Max Load: 14.2 | Load Gap: 4.4
Epoch [17/1500] | Sampled: 765.31 | Baseline: 610.12 | Improvement: -155.19 | Win Rate: 0.00% | Actor Loss: -16.4399 | Entropy: 2.4128 | Invalid S/B: 0.06/0.00 | Max Load: 13.9 | Load Gap: 3.8
Epoch [18/1500] | Sampled: 770.81 | Baseline: 609.62 | Improvement: -161.19 | Win Rate: 0.00% | Actor Loss: -16.2159 | Entropy: 2.3856 | Invalid S/B: 0.00/0.00 | Max Load: 14.7 | Load Gap: 4.8
Epoch [19/1500] | Sampled: 762.94 | Baseline: 602.75 | Improvement: -160.19 | Win Rate: 0.00% | Actor Loss: -3.3771 | Entropy: 2.3500 | Invalid S/B: 0.00/0.00 | Max Load: 14.1 | Load Gap: 4.1
Epoch [20/1500] | Sampled: 800.69 | Baseline: 608.88 | Improvement: -191.81 | Win Rate: 0.00% | Actor Loss: -2.9599 | Entropy: 2.3287 | Invalid S/B: 0.06/0.00 | Max Load: 14.3 | Load Gap: 4.1
Epoch [21/1500] | Sampled: 748.62 | Baseline: 606.19 | Improvement: -142.44 | Win Rate: 0.00% | Actor Loss: -20.7287 | Entropy: 2.3431 | Invalid S/B: 0.06/0.00 | Max Load: 14.4 | Load Gap: 4.6
Epoch [22/1500] | Sampled: 751.50 | Baseline: 604.31 | Improvement: -147.19 | Win Rate: 0.00% | Actor Loss: -18.0540 | Entropy: 2.3621 | Invalid S/B: 0.00/0.00 | Max Load: 14.4 | Load Gap: 4.9
Epoch [23/1500] | Sampled: 769.94 | Baseline: 602.00 | Improvement: -167.94 | Win Rate: 0.00% | Actor Loss: -18.9120 | Entropy: 2.2972 | Invalid S/B: 0.12/0.00 | Max Load: 14.7 | Load Gap: 5.1
Epoch [24/1500] | Sampled: 751.62 | Baseline: 604.69 | Improvement: -146.94 | Win Rate: 0.00% | Actor Loss: -11.0749 | Entropy: 2.1717 | Invalid S/B: 0.12/0.00 | Max Load: 14.6 | Load Gap: 4.7
Epoch [25/1500] | Sampled: 771.50 | Baseline: 607.25 | Improvement: -164.25 | Win Rate: 0.00% | Actor Loss: -29.1624 | Entropy: 2.1316 | Invalid S/B: 0.12/0.00 | Max Load: 14.2 | Load Gap: 3.9
Epoch [26/1500] | Sampled: 786.19 | Baseline: 608.06 | Improvement: -178.12 | Win Rate: 0.00% | Actor Loss: -21.5187 | Entropy: 1.9966 | Invalid S/B: 0.06/0.00 | Max Load: 14.3 | Load Gap: 4.5
Epoch [27/1500] | Sampled: 759.50 | Baseline: 607.62 | Improvement: -151.88 | Win Rate: 0.00% | Actor Loss: -20.6334 | Entropy: 1.8739 | Invalid S/B: 0.00/0.00 | Max Load: 13.8 | Load Gap: 3.8
Epoch [28/1500] | Sampled: 756.00 | Baseline: 601.69 | Improvement: -154.31 | Win Rate: 0.00% | Actor Loss: -12.9869 | Entropy: 1.7120 | Invalid S/B: 0.00/0.00 | Max Load: 14.2 | Load Gap: 4.1
Epoch [29/1500] | Sampled: 785.00 | Baseline: 614.62 | Improvement: -170.38 | Win Rate: 0.00% | Actor Loss: -12.3414 | Entropy: 1.6777 | Invalid S/B: 0.12/0.00 | Max Load: 13.9 | Load Gap: 3.9
Epoch [30/1500] | Sampled: 779.56 | Baseline: 605.88 | Improvement: -173.69 | Win Rate: 0.00% | Actor Loss: -25.7660 | Entropy: 1.6478 | Invalid S/B: 0.25/0.00 | Max Load: 13.9 | Load Gap: 3.9
Epoch [31/1500] | Sampled: 746.88 | Baseline: 600.50 | Improvement: -146.38 | Win Rate: 0.00% | Actor Loss: -25.6330 | Entropy: 1.6185 | Invalid S/B: 0.19/0.00 | Max Load: 14.1 | Load Gap: 3.8
Epoch [32/1500] | Sampled: 778.69 | Baseline: 605.44 | Improvement: -173.25 | Win Rate: 0.00% | Actor Loss: -24.1116 | Entropy: 1.6401 | Invalid S/B: 0.31/0.00 | Max Load: 14.1 | Load Gap: 3.9
Epoch [33/1500] | Sampled: 760.88 | Baseline: 607.50 | Improvement: -153.38 | Win Rate: 0.00% | Actor Loss: -14.3443 | Entropy: 1.6894 | Invalid S/B: 0.62/0.00 | Max Load: 14.1 | Load Gap: 4.3
Epoch [34/1500] | Sampled: 779.69 | Baseline: 611.81 | Improvement: -167.88 | Win Rate: 0.00% | Actor Loss: -5.5485 | Entropy: 1.8138 | Invalid S/B: 0.31/0.00 | Max Load: 14.1 | Load Gap: 4.1
Epoch [35/1500] | Sampled: 798.00 | Baseline: 607.50 | Improvement: -190.50 | Win Rate: 0.00% | Actor Loss: -7.9161 | Entropy: 1.9535 | Invalid S/B: 0.75/0.00 | Max Load: 14.2 | Load Gap: 4.4
Epoch [36/1500] | Sampled: 783.75 | Baseline: 606.69 | Improvement: -177.06 | Win Rate: 0.00% | Actor Loss: -7.9020 | Entropy: 2.0439 | Invalid S/B: 0.56/0.00 | Max Load: 14.3 | Load Gap: 4.4
Epoch [37/1500] | Sampled: 746.94 | Baseline: 610.00 | Improvement: -136.94 | Win Rate: 0.00% | Actor Loss: -0.4791 | Entropy: 2.3361 | Invalid S/B: 0.44/0.00 | Max Load: 14.1 | Load Gap: 4.0
Epoch [38/1500] | Sampled: 767.38 | Baseline: 601.94 | Improvement: -165.44 | Win Rate: 0.00% | Actor Loss: -2.4192 | Entropy: 2.5678 | Invalid S/B: 0.69/0.00 | Max Load: 14.8 | Load Gap: 5.2
Epoch [39/1500] | Sampled: 764.12 | Baseline: 613.44 | Improvement: -150.69 | Win Rate: 0.00% | Actor Loss: -6.1434 | Entropy: 2.6082 | Invalid S/B: 0.69/0.00 | Max Load: 14.4 | Load Gap: 4.5
Epoch [40/1500] | Sampled: 831.88 | Baseline: 615.50 | Improvement: -216.38 | Win Rate: 0.00% | Actor Loss: 3.6162 | Entropy: 2.5809 | Invalid S/B: 1.00/0.00 | Max Load: 15.1 | Load Gap: 5.5
Epoch [41/1500] | Sampled: 761.50 | Baseline: 604.94 | Improvement: -156.56 | Win Rate: 0.00% | Actor Loss: -4.5043 | Entropy: 2.6226 | Invalid S/B: 0.88/0.00 | Max Load: 14.8 | Load Gap: 5.1
Epoch [42/1500] | Sampled: 771.50 | Baseline: 605.12 | Improvement: -166.38 | Win Rate: 0.00% | Actor Loss: -6.0820 | Entropy: 2.7558 | Invalid S/B: 0.94/0.00 | Max Load: 14.2 | Load Gap: 4.2
Epoch [43/1500] | Sampled: 768.88 | Baseline: 605.12 | Improvement: -163.75 | Win Rate: 0.00% | Actor Loss: -5.8981 | Entropy: 2.7491 | Invalid S/B: 0.19/0.00 | Max Load: 14.2 | Load Gap: 4.3
Epoch [44/1500] | Sampled: 739.50 | Baseline: 595.75 | Improvement: -143.75 | Win Rate: 0.00% | Actor Loss: -3.9100 | Entropy: 2.7236 | Invalid S/B: 0.56/0.00 | Max Load: 13.8 | Load Gap: 3.6
Epoch [45/1500] | Sampled: 773.81 | Baseline: 603.31 | Improvement: -170.50 | Win Rate: 6.25% | Actor Loss: -8.9880 | Entropy: 2.6036 | Invalid S/B: 0.75/0.00 | Max Load: 14.1 | Load Gap: 4.2
Epoch [46/1500] | Sampled: 782.81 | Baseline: 609.69 | Improvement: -173.12 | Win Rate: 0.00% | Actor Loss: -11.5837 | Entropy: 2.3508 | Invalid S/B: 0.88/0.00 | Max Load: 14.0 | Load Gap: 3.8
Epoch [47/1500] | Sampled: 762.25 | Baseline: 603.88 | Improvement: -158.38 | Win Rate: 0.00% | Actor Loss: -18.6170 | Entropy: 2.1584 | Invalid S/B: 0.50/0.00 | Max Load: 14.1 | Load Gap: 4.0
Epoch [48/1500] | Sampled: 786.81 | Baseline: 610.38 | Improvement: -176.44 | Win Rate: 0.00% | Actor Loss: -9.6540 | Entropy: 2.0057 | Invalid S/B: 0.94/0.00 | Max Load: 14.0 | Load Gap: 4.0
Epoch [49/1500] | Sampled: 794.38 | Baseline: 612.56 | Improvement: -181.81 | Win Rate: 0.00% | Actor Loss: -9.0833 | Entropy: 1.9530 | Invalid S/B: 0.62/0.00 | Max Load: 14.6 | Load Gap: 5.0
Epoch [50/1500] | Sampled: 803.94 | Baseline: 605.19 | Improvement: -198.75 | Win Rate: 0.00% | Actor Loss: -13.4691 | Entropy: 1.8185 | Invalid S/B: 1.19/0.00 | Max Load: 14.2 | Load Gap: 4.1
   -> Validation | Samples: 50 | Makespan: 724.02 | Invalid Jobs: 0.22
   -> Saved new best model (Val Makespan: 724.02)
Epoch [51/1500] | Sampled: 821.19 | Baseline: 594.81 | Improvement: -226.38 | Win Rate: 0.00% | Actor Loss: -7.7041 | Entropy: 1.8398 | Invalid S/B: 1.19/0.00 | Max Load: 14.6 | Load Gap: 5.0
Epoch [52/1500] | Sampled: 828.88 | Baseline: 604.88 | Improvement: -224.00 | Win Rate: 0.00% | Actor Loss: -14.5576 | Entropy: 1.7859 | Invalid S/B: 1.56/0.00 | Max Load: 14.2 | Load Gap: 3.9
Epoch [53/1500] | Sampled: 803.88 | Baseline: 611.31 | Improvement: -192.56 | Win Rate: 0.00% | Actor Loss: -10.2704 | Entropy: 1.9288 | Invalid S/B: 1.31/0.00 | Max Load: 14.0 | Load Gap: 3.8
Epoch [54/1500] | Sampled: 771.19 | Baseline: 605.00 | Improvement: -166.19 | Win Rate: 0.00% | Actor Loss: -6.3454 | Entropy: 1.9468 | Invalid S/B: 0.75/0.00 | Max Load: 14.0 | Load Gap: 4.1
Epoch [55/1500] | Sampled: 796.81 | Baseline: 609.00 | Improvement: -187.81 | Win Rate: 0.00% | Actor Loss: -3.3609 | Entropy: 2.1386 | Invalid S/B: 1.25/0.00 | Max Load: 14.2 | Load Gap: 4.2
Epoch [56/1500] | Sampled: 748.38 | Baseline: 603.88 | Improvement: -144.50 | Win Rate: 0.00% | Actor Loss: -4.4963 | Entropy: 2.2136 | Invalid S/B: 0.56/0.00 | Max Load: 14.5 | Load Gap: 4.5
Epoch [57/1500] | Sampled: 777.94 | Baseline: 609.38 | Improvement: -168.56 | Win Rate: 0.00% | Actor Loss: -5.0070 | Entropy: 2.1897 | Invalid S/B: 0.94/0.00 | Max Load: 14.2 | Load Gap: 4.2
Epoch [58/1500] | Sampled: 753.69 | Baseline: 612.00 | Improvement: -141.69 | Win Rate: 0.00% | Actor Loss: -9.7508 | Entropy: 2.1194 | Invalid S/B: 0.50/0.00 | Max Load: 14.1 | Load Gap: 3.9
Epoch [59/1500] | Sampled: 762.12 | Baseline: 616.81 | Improvement: -145.31 | Win Rate: 0.00% | Actor Loss: -8.5489 | Entropy: 1.9720 | Invalid S/B: 0.31/0.00 | Max Load: 14.4 | Load Gap: 4.4
Epoch [60/1500] | Sampled: 798.88 | Baseline: 610.88 | Improvement: -188.00 | Win Rate: 0.00% | Actor Loss: -4.9567 | Entropy: 1.9335 | Invalid S/B: 1.00/0.00 | Max Load: 14.1 | Load Gap: 3.8
Epoch [61/1500] | Sampled: 808.69 | Baseline: 606.75 | Improvement: -201.94 | Win Rate: 0.00% | Actor Loss: -10.2281 | Entropy: 1.7942 | Invalid S/B: 1.06/0.00 | Max Load: 14.1 | Load Gap: 3.8
Epoch [62/1500] | Sampled: 833.19 | Baseline: 613.56 | Improvement: -219.62 | Win Rate: 0.00% | Actor Loss: -4.8322 | Entropy: 1.7819 | Invalid S/B: 1.94/0.00 | Max Load: 14.1 | Load Gap: 3.6
Epoch [63/1500] | Sampled: 839.94 | Baseline: 597.31 | Improvement: -242.62 | Win Rate: 0.00% | Actor Loss: -5.9086 | Entropy: 1.8876 | Invalid S/B: 2.25/0.00 | Max Load: 14.8 | Load Gap: 4.6
Epoch [64/1500] | Sampled: 817.88 | Baseline: 610.62 | Improvement: -207.25 | Win Rate: 0.00% | Actor Loss: -7.5336 | Entropy: 1.8714 | Invalid S/B: 1.44/0.00 | Max Load: 14.1 | Load Gap: 3.9
Epoch [65/1500] | Sampled: 780.00 | Baseline: 605.12 | Improvement: -174.88 | Win Rate: 0.00% | Actor Loss: -1.3901 | Entropy: 2.0249 | Invalid S/B: 1.06/0.00 | Max Load: 13.7 | Load Gap: 3.1
Epoch [66/1500] | Sampled: 793.38 | Baseline: 612.88 | Improvement: -180.50 | Win Rate: 0.00% | Actor Loss: 3.5835 | Entropy: 2.2681 | Invalid S/B: 1.81/0.00 | Max Load: 14.8 | Load Gap: 4.6
Epoch [67/1500] | Sampled: 742.12 | Baseline: 613.06 | Improvement: -129.06 | Win Rate: 6.25% | Actor Loss: -7.2503 | Entropy: 2.3838 | Invalid S/B: 0.56/0.00 | Max Load: 14.5 | Load Gap: 4.9
Epoch [68/1500] | Sampled: 722.88 | Baseline: 600.50 | Improvement: -122.38 | Win Rate: 0.00% | Actor Loss: -5.8786 | Entropy: 2.4582 | Invalid S/B: 1.12/0.00 | Max Load: 13.7 | Load Gap: 3.1
Epoch [69/1500] | Sampled: 732.75 | Baseline: 608.69 | Improvement: -124.06 | Win Rate: 0.00% | Actor Loss: -7.2530 | Entropy: 2.5192 | Invalid S/B: 0.69/0.00 | Max Load: 14.2 | Load Gap: 4.4
Epoch [70/1500] | Sampled: 759.50 | Baseline: 611.06 | Improvement: -148.44 | Win Rate: 0.00% | Actor Loss: -3.5442 | Entropy: 2.2983 | Invalid S/B: 0.81/0.00 | Max Load: 14.3 | Load Gap: 4.4
Epoch [71/1500] | Sampled: 783.69 | Baseline: 604.31 | Improvement: -179.38 | Win Rate: 0.00% | Actor Loss: -1.4234 | Entropy: 2.2334 | Invalid S/B: 1.31/0.00 | Max Load: 13.8 | Load Gap: 3.8
Epoch [72/1500] | Sampled: 804.69 | Baseline: 600.69 | Improvement: -204.00 | Win Rate: 0.00% | Actor Loss: -4.7824 | Entropy: 2.1941 | Invalid S/B: 1.75/0.00 | Max Load: 14.2 | Load Gap: 4.6
Epoch [73/1500] | Sampled: 755.50 | Baseline: 605.25 | Improvement: -150.25 | Win Rate: 0.00% | Actor Loss: -3.5609 | Entropy: 2.1400 | Invalid S/B: 0.75/0.00 | Max Load: 14.4 | Load Gap: 4.6
Epoch [74/1500] | Sampled: 764.81 | Baseline: 601.31 | Improvement: -163.50 | Win Rate: 0.00% | Actor Loss: -5.1499 | Entropy: 1.9812 | Invalid S/B: 0.81/0.00 | Max Load: 14.4 | Load Gap: 4.2
Epoch [75/1500] | Sampled: 794.06 | Baseline: 597.56 | Improvement: -196.50 | Win Rate: 0.00% | Actor Loss: -3.3169 | Entropy: 1.9322 | Invalid S/B: 1.31/0.00 | Max Load: 14.1 | Load Gap: 3.9
Epoch [76/1500] | Sampled: 797.19 | Baseline: 608.88 | Improvement: -188.31 | Win Rate: 0.00% | Actor Loss: -6.6742 | Entropy: 1.9609 | Invalid S/B: 0.94/0.00 | Max Load: 13.9 | Load Gap: 3.6
Epoch [77/1500] | Sampled: 796.69 | Baseline: 610.94 | Improvement: -185.75 | Win Rate: 0.00% | Actor Loss: -7.9344 | Entropy: 2.0544 | Invalid S/B: 0.75/0.00 | Max Load: 14.2 | Load Gap: 4.2
Epoch [78/1500] | Sampled: 802.31 | Baseline: 610.56 | Improvement: -191.75 | Win Rate: 0.00% | Actor Loss: -3.4750 | Entropy: 2.0075 | Invalid S/B: 1.12/0.00 | Max Load: 14.2 | Load Gap: 4.1
Epoch [79/1500] | Sampled: 788.50 | Baseline: 604.56 | Improvement: -183.94 | Win Rate: 0.00% | Actor Loss: -12.6196 | Entropy: 1.9720 | Invalid S/B: 1.19/0.00 | Max Load: 14.8 | Load Gap: 4.7
Epoch [80/1500] | Sampled: 776.44 | Baseline: 603.56 | Improvement: -172.88 | Win Rate: 0.00% | Actor Loss: -10.4653 | Entropy: 2.0701 | Invalid S/B: 0.81/0.00 | Max Load: 14.2 | Load Gap: 4.1
Epoch [81/1500] | Sampled: 766.75 | Baseline: 606.44 | Improvement: -160.31 | Win Rate: 0.00% | Actor Loss: -10.7979 | Entropy: 1.9737 | Invalid S/B: 0.19/0.00 | Max Load: 14.1 | Load Gap: 4.1
Epoch [82/1500] | Sampled: 768.75 | Baseline: 607.81 | Improvement: -160.94 | Win Rate: 0.00% | Actor Loss: -0.0670 | Entropy: 1.9293 | Invalid S/B: 0.38/0.00 | Max Load: 14.4 | Load Gap: 4.4
Epoch [83/1500] | Sampled: 774.94 | Baseline: 598.56 | Improvement: -176.38 | Win Rate: 0.00% | Actor Loss: -2.9434 | Entropy: 2.0278 | Invalid S/B: 0.94/0.00 | Max Load: 13.9 | Load Gap: 3.9
Epoch [84/1500] | Sampled: 769.94 | Baseline: 607.12 | Improvement: -162.81 | Win Rate: 0.00% | Actor Loss: -2.8926 | Entropy: 2.1142 | Invalid S/B: 0.69/0.00 | Max Load: 13.8 | Load Gap: 3.7
Epoch [85/1500] | Sampled: 766.25 | Baseline: 604.19 | Improvement: -162.06 | Win Rate: 0.00% | Actor Loss: -8.1932 | Entropy: 1.9480 | Invalid S/B: 0.81/0.00 | Max Load: 14.5 | Load Gap: 4.8
Epoch [86/1500] | Sampled: 781.50 | Baseline: 606.12 | Improvement: -175.38 | Win Rate: 0.00% | Actor Loss: -8.1108 | Entropy: 1.9069 | Invalid S/B: 0.44/0.00 | Max Load: 14.4 | Load Gap: 4.2
Epoch [87/1500] | Sampled: 757.94 | Baseline: 611.88 | Improvement: -146.06 | Win Rate: 0.00% | Actor Loss: -11.5189 | Entropy: 1.7808 | Invalid S/B: 0.25/0.00 | Max Load: 13.9 | Load Gap: 3.6
Epoch [88/1500] | Sampled: 775.19 | Baseline: 616.31 | Improvement: -158.88 | Win Rate: 0.00% | Actor Loss: -5.0129 | Entropy: 1.6874 | Invalid S/B: 0.50/0.00 | Max Load: 13.9 | Load Gap: 3.6
Epoch [89/1500] | Sampled: 807.69 | Baseline: 608.75 | Improvement: -198.94 | Win Rate: 0.00% | Actor Loss: -4.2585 | Entropy: 1.6616 | Invalid S/B: 1.31/0.00 | Max Load: 14.2 | Load Gap: 3.8
Epoch [90/1500] | Sampled: 780.12 | Baseline: 603.94 | Improvement: -176.19 | Win Rate: 0.00% | Actor Loss: -2.7457 | Entropy: 1.6648 | Invalid S/B: 1.00/0.00 | Max Load: 13.7 | Load Gap: 3.3
Epoch [91/1500] | Sampled: 770.06 | Baseline: 603.44 | Improvement: -166.62 | Win Rate: 0.00% | Actor Loss: -3.2458 | Entropy: 1.7142 | Invalid S/B: 0.75/0.00 | Max Load: 14.1 | Load Gap: 4.1
Epoch [92/1500] | Sampled: 785.94 | Baseline: 612.50 | Improvement: -173.44 | Win Rate: 0.00% | Actor Loss: -6.2277 | Entropy: 1.7781 | Invalid S/B: 0.69/0.00 | Max Load: 14.6 | Load Gap: 4.8
Epoch [93/1500] | Sampled: 792.38 | Baseline: 609.38 | Improvement: -183.00 | Win Rate: 0.00% | Actor Loss: -8.2281 | Entropy: 1.7280 | Invalid S/B: 0.88/0.00 | Max Load: 14.0 | Load Gap: 3.9
Epoch [94/1500] | Sampled: 753.50 | Baseline: 608.81 | Improvement: -144.69 | Win Rate: 0.00% | Actor Loss: -12.4797 | Entropy: 1.7749 | Invalid S/B: 0.62/0.00 | Max Load: 14.3 | Load Gap: 4.3
Epoch [95/1500] | Sampled: 772.94 | Baseline: 600.50 | Improvement: -172.44 | Win Rate: 0.00% | Actor Loss: -7.2872 | Entropy: 1.7315 | Invalid S/B: 0.88/0.00 | Max Load: 14.1 | Load Gap: 3.8
Epoch [96/1500] | Sampled: 760.00 | Baseline: 599.69 | Improvement: -160.31 | Win Rate: 0.00% | Actor Loss: -8.1140 | Entropy: 1.7621 | Invalid S/B: 0.75/0.00 | Max Load: 13.9 | Load Gap: 3.8
Epoch [97/1500] | Sampled: 788.81 | Baseline: 606.06 | Improvement: -182.75 | Win Rate: 0.00% | Actor Loss: -6.0444 | Entropy: 1.7940 | Invalid S/B: 1.00/0.00 | Max Load: 14.3 | Load Gap: 4.2
Epoch [98/1500] | Sampled: 788.25 | Baseline: 610.75 | Improvement: -177.50 | Win Rate: 0.00% | Actor Loss: -13.4246 | Entropy: 1.8679 | Invalid S/B: 0.62/0.00 | Max Load: 14.1 | Load Gap: 4.2
Epoch [99/1500] | Sampled: 768.00 | Baseline: 605.75 | Improvement: -162.25 | Win Rate: 0.00% | Actor Loss: -5.8023 | Entropy: 1.9835 | Invalid S/B: 0.19/0.00 | Max Load: 14.2 | Load Gap: 4.3
Epoch [100/1500] | Sampled: 746.56 | Baseline: 602.50 | Improvement: -144.06 | Win Rate: 0.00% | Actor Loss: -8.3352 | Entropy: 2.1338 | Invalid S/B: 0.56/0.00 | Max Load: 14.1 | Load Gap: 3.9
   -> Validation | Samples: 50 | Makespan: 735.00 | Invalid Jobs: 0.18
   -> Saved updated training chart to /home/wei/AMR-DFJSP/Static_alogorithm/GNN/gnn_precise_training_metrics.png
Epoch [101/1500] | Sampled: 746.62 | Baseline: 610.81 | Improvement: -135.81 | Win Rate: 0.00% | Actor Loss: -6.2809 | Entropy: 2.1891 | Invalid S/B: 0.50/0.00 | Max Load: 14.1 | Load Gap: 3.9
Epoch [102/1500] | Sampled: 759.06 | Baseline: 613.06 | Improvement: -146.00 | Win Rate: 0.00% | Actor Loss: -17.6250 | Entropy: 2.1224 | Invalid S/B: 0.56/0.00 | Max Load: 14.6 | Load Gap: 4.8
Epoch [103/1500] | Sampled: 754.62 | Baseline: 611.50 | Improvement: -143.12 | Win Rate: 0.00% | Actor Loss: -3.3547 | Entropy: 2.0604 | Invalid S/B: 0.12/0.00 | Max Load: 14.4 | Load Gap: 4.8
Epoch [104/1500] | Sampled: 764.56 | Baseline: 620.38 | Improvement: -144.19 | Win Rate: 0.00% | Actor Loss: -12.0492 | Entropy: 2.0865 | Invalid S/B: 0.38/0.00 | Max Load: 14.1 | Load Gap: 4.6
Epoch [105/1500] | Sampled: 768.75 | Baseline: 617.88 | Improvement: -150.88 | Win Rate: 0.00% | Actor Loss: -4.8878 | Entropy: 2.0522 | Invalid S/B: 0.00/0.00 | Max Load: 14.4 | Load Gap: 4.6
Epoch [106/1500] | Sampled: 734.56 | Baseline: 605.50 | Improvement: -129.06 | Win Rate: 0.00% | Actor Loss: -4.9440 | Entropy: 1.8866 | Invalid S/B: 0.00/0.00 | Max Load: 14.1 | Load Gap: 4.0
Epoch [107/1500] | Sampled: 772.88 | Baseline: 602.62 | Improvement: -170.25 | Win Rate: 0.00% | Actor Loss: -8.4004 | Entropy: 1.7309 | Invalid S/B: 0.56/0.00 | Max Load: 13.8 | Load Gap: 3.7
Epoch [108/1500] | Sampled: 762.25 | Baseline: 608.88 | Improvement: -153.38 | Win Rate: 0.00% | Actor Loss: -12.2101 | Entropy: 1.6170 | Invalid S/B: 0.19/0.00 | Max Load: 13.9 | Load Gap: 3.7
Epoch [109/1500] | Sampled: 756.81 | Baseline: 603.12 | Improvement: -153.69 | Win Rate: 0.00% | Actor Loss: -10.4711 | Entropy: 1.5333 | Invalid S/B: 0.12/0.00 | Max Load: 14.1 | Load Gap: 3.8
Epoch [110/1500] | Sampled: 767.19 | Baseline: 598.06 | Improvement: -169.12 | Win Rate: 0.00% | Actor Loss: -10.9800 | Entropy: 1.4689 | Invalid S/B: 0.50/0.00 | Max Load: 13.8 | Load Gap: 3.4
Epoch [111/1500] | Sampled: 783.00 | Baseline: 610.12 | Improvement: -172.88 | Win Rate: 0.00% | Actor Loss: -21.3149 | Entropy: 1.4829 | Invalid S/B: 0.62/0.00 | Max Load: 13.9 | Load Gap: 3.6
Epoch [112/1500] | Sampled: 759.56 | Baseline: 607.06 | Improvement: -152.50 | Win Rate: 0.00% | Actor Loss: -17.5707 | Entropy: 1.4732 | Invalid S/B: 0.19/0.00 | Max Load: 13.8 | Load Gap: 3.6
Epoch [113/1500] | Sampled: 782.88 | Baseline: 606.19 | Improvement: -176.69 | Win Rate: 0.00% | Actor Loss: -17.8565 | Entropy: 1.4263 | Invalid S/B: 0.56/0.00 | Max Load: 13.4 | Load Gap: 2.8
Epoch [114/1500] | Sampled: 744.06 | Baseline: 603.25 | Improvement: -140.81 | Win Rate: 0.00% | Actor Loss: -9.0394 | Entropy: 1.4175 | Invalid S/B: 0.12/0.00 | Max Load: 13.8 | Load Gap: 3.4
Epoch [115/1500] | Sampled: 752.38 | Baseline: 608.81 | Improvement: -143.56 | Win Rate: 0.00% | Actor Loss: -12.1090 | Entropy: 1.3032 | Invalid S/B: 0.25/0.00 | Max Load: 13.7 | Load Gap: 3.3
Epoch [116/1500] | Sampled: 733.56 | Baseline: 600.19 | Improvement: -133.38 | Win Rate: 0.00% | Actor Loss: -11.0436 | Entropy: 1.2915 | Invalid S/B: 0.25/0.00 | Max Load: 13.8 | Load Gap: 3.3
Epoch [117/1500] | Sampled: 762.94 | Baseline: 611.88 | Improvement: -151.06 | Win Rate: 0.00% | Actor Loss: -11.7975 | Entropy: 1.2459 | Invalid S/B: 0.06/0.00 | Max Load: 13.6 | Load Gap: 3.2
Epoch [118/1500] | Sampled: 768.31 | Baseline: 611.75 | Improvement: -156.56 | Win Rate: 0.00% | Actor Loss: -18.5877 | Entropy: 1.2102 | Invalid S/B: 0.12/0.00 | Max Load: 13.8 | Load Gap: 3.3
Epoch [119/1500] | Sampled: 749.69 | Baseline: 603.62 | Improvement: -146.06 | Win Rate: 0.00% | Actor Loss: -8.3709 | Entropy: 1.1568 | Invalid S/B: 0.19/0.00 | Max Load: 13.2 | Load Gap: 2.6
Epoch [120/1500] | Sampled: 747.62 | Baseline: 605.81 | Improvement: -141.81 | Win Rate: 0.00% | Actor Loss: -15.6076 | Entropy: 1.1077 | Invalid S/B: 0.19/0.00 | Max Load: 13.3 | Load Gap: 2.6
Epoch [121/1500] | Sampled: 755.88 | Baseline: 605.56 | Improvement: -150.31 | Win Rate: 0.00% | Actor Loss: -14.6804 | Entropy: 1.1236 | Invalid S/B: 0.38/0.00 | Max Load: 13.3 | Load Gap: 2.5
Epoch [122/1500] | Sampled: 766.69 | Baseline: 609.12 | Improvement: -157.56 | Win Rate: 0.00% | Actor Loss: -16.4422 | Entropy: 1.1159 | Invalid S/B: 0.50/0.00 | Max Load: 13.2 | Load Gap: 2.4
Epoch [123/1500] | Sampled: 760.44 | Baseline: 598.69 | Improvement: -161.75 | Win Rate: 0.00% | Actor Loss: -12.5591 | Entropy: 1.1029 | Invalid S/B: 0.25/0.00 | Max Load: 13.3 | Load Gap: 2.3
Epoch [124/1500] | Sampled: 772.62 | Baseline: 606.50 | Improvement: -166.12 | Win Rate: 0.00% | Actor Loss: -20.1300 | Entropy: 1.1199 | Invalid S/B: 0.06/0.00 | Max Load: 13.6 | Load Gap: 2.8
Epoch [125/1500] | Sampled: 774.12 | Baseline: 615.50 | Improvement: -158.62 | Win Rate: 0.00% | Actor Loss: -9.9363 | Entropy: 1.1166 | Invalid S/B: 0.38/0.00 | Max Load: 13.3 | Load Gap: 2.4
Epoch [126/1500] | Sampled: 778.50 | Baseline: 607.75 | Improvement: -170.75 | Win Rate: 0.00% | Actor Loss: -17.6849 | Entropy: 1.2057 | Invalid S/B: 0.50/0.00 | Max Load: 13.9 | Load Gap: 3.3
Epoch [127/1500] | Sampled: 781.69 | Baseline: 601.50 | Improvement: -180.19 | Win Rate: 0.00% | Actor Loss: -19.9952 | Entropy: 1.2076 | Invalid S/B: 0.00/0.00 | Max Load: 13.5 | Load Gap: 2.9
Epoch [128/1500] | Sampled: 744.94 | Baseline: 601.38 | Improvement: -143.56 | Win Rate: 0.00% | Actor Loss: -10.4048 | Entropy: 1.2846 | Invalid S/B: 0.19/0.00 | Max Load: 13.6 | Load Gap: 2.8
Epoch [129/1500] | Sampled: 766.06 | Baseline: 614.94 | Improvement: -151.12 | Win Rate: 0.00% | Actor Loss: -15.1990 | Entropy: 1.4166 | Invalid S/B: 0.44/0.00 | Max Load: 13.5 | Load Gap: 3.0
Epoch [130/1500] | Sampled: 778.81 | Baseline: 611.19 | Improvement: -167.62 | Win Rate: 0.00% | Actor Loss: -2.3097 | Entropy: 1.5189 | Invalid S/B: 0.44/0.00 | Max Load: 13.8 | Load Gap: 3.5
Epoch [131/1500] | Sampled: 750.75 | Baseline: 607.50 | Improvement: -143.25 | Win Rate: 0.00% | Actor Loss: -7.1477 | Entropy: 1.6690 | Invalid S/B: 0.12/0.00 | Max Load: 13.8 | Load Gap: 3.1
Epoch [132/1500] | Sampled: 754.62 | Baseline: 604.25 | Improvement: -150.38 | Win Rate: 0.00% | Actor Loss: 1.4880 | Entropy: 1.8078 | Invalid S/B: 0.31/0.00 | Max Load: 14.1 | Load Gap: 3.9
Epoch [133/1500] | Sampled: 748.31 | Baseline: 608.69 | Improvement: -139.62 | Win Rate: 0.00% | Actor Loss: -9.1452 | Entropy: 2.0465 | Invalid S/B: 0.50/0.00 | Max Load: 14.4 | Load Gap: 4.4
Epoch [134/1500] | Sampled: 785.12 | Baseline: 603.25 | Improvement: -181.88 | Win Rate: 0.00% | Actor Loss: -6.8356 | Entropy: 2.2343 | Invalid S/B: 0.75/0.00 | Max Load: 15.1 | Load Gap: 5.6
Epoch [135/1500] | Sampled: 724.38 | Baseline: 600.81 | Improvement: -123.56 | Win Rate: 0.00% | Actor Loss: -10.7857 | Entropy: 2.5138 | Invalid S/B: 0.38/0.00 | Max Load: 14.1 | Load Gap: 4.4
Epoch [136/1500] | Sampled: 733.00 | Baseline: 609.75 | Improvement: -123.25 | Win Rate: 0.00% | Actor Loss: 8.9729 | Entropy: 2.5356 | Invalid S/B: 0.38/0.00 | Max Load: 14.4 | Load Gap: 4.4
Epoch [137/1500] | Sampled: 728.81 | Baseline: 598.19 | Improvement: -130.62 | Win Rate: 0.00% | Actor Loss: -8.0152 | Entropy: 2.6106 | Invalid S/B: 0.31/0.00 | Max Load: 15.3 | Load Gap: 6.0
Epoch [138/1500] | Sampled: 704.12 | Baseline: 605.19 | Improvement: -98.94 | Win Rate: 6.25% | Actor Loss: -6.5067 | Entropy: 2.5163 | Invalid S/B: 0.19/0.00 | Max Load: 14.9 | Load Gap: 5.6
Epoch [139/1500] | Sampled: 760.75 | Baseline: 615.50 | Improvement: -145.25 | Win Rate: 0.00% | Actor Loss: -5.0908 | Entropy: 2.3342 | Invalid S/B: 0.50/0.00 | Max Load: 14.3 | Load Gap: 5.1
Epoch [140/1500] | Sampled: 731.94 | Baseline: 602.88 | Improvement: -129.06 | Win Rate: 0.00% | Actor Loss: -9.2887 | Entropy: 2.2143 | Invalid S/B: 0.38/0.00 | Max Load: 13.9 | Load Gap: 3.8
Epoch [141/1500] | Sampled: 757.44 | Baseline: 607.12 | Improvement: -150.31 | Win Rate: 0.00% | Actor Loss: -2.0123 | Entropy: 2.0827 | Invalid S/B: 0.50/0.00 | Max Load: 14.4 | Load Gap: 4.4
Epoch [142/1500] | Sampled: 754.44 | Baseline: 603.50 | Improvement: -150.94 | Win Rate: 0.00% | Actor Loss: -0.4969 | Entropy: 2.1042 | Invalid S/B: 0.56/0.00 | Max Load: 14.3 | Load Gap: 4.4
Epoch [143/1500] | Sampled: 742.31 | Baseline: 613.19 | Improvement: -129.12 | Win Rate: 0.00% | Actor Loss: -12.7228 | Entropy: 1.9781 | Invalid S/B: 0.56/0.00 | Max Load: 14.3 | Load Gap: 4.4
Epoch [144/1500] | Sampled: 756.19 | Baseline: 609.00 | Improvement: -147.19 | Win Rate: 0.00% | Actor Loss: -5.4840 | Entropy: 1.9320 | Invalid S/B: 0.62/0.00 | Max Load: 14.2 | Load Gap: 4.2
Epoch [145/1500] | Sampled: 751.50 | Baseline: 604.38 | Improvement: -147.12 | Win Rate: 0.00% | Actor Loss: -8.7383 | Entropy: 1.9191 | Invalid S/B: 0.44/0.00 | Max Load: 14.9 | Load Gap: 5.2
Epoch [146/1500] | Sampled: 747.44 | Baseline: 612.38 | Improvement: -135.06 | Win Rate: 0.00% | Actor Loss: -16.1641 | Entropy: 1.9376 | Invalid S/B: 0.38/0.00 | Max Load: 14.6 | Load Gap: 4.8
Epoch [147/1500] | Sampled: 748.94 | Baseline: 601.81 | Improvement: -147.12 | Win Rate: 0.00% | Actor Loss: -3.6695 | Entropy: 1.8435 | Invalid S/B: 0.69/0.00 | Max Load: 14.1 | Load Gap: 4.0
Epoch [148/1500] | Sampled: 773.75 | Baseline: 608.25 | Improvement: -165.50 | Win Rate: 0.00% | Actor Loss: -1.2694 | Entropy: 1.8777 | Invalid S/B: 1.00/0.00 | Max Load: 14.1 | Load Gap: 4.4
Epoch [149/1500] | Sampled: 768.06 | Baseline: 606.19 | Improvement: -161.88 | Win Rate: 0.00% | Actor Loss: -1.2974 | Entropy: 1.9429 | Invalid S/B: 1.19/0.00 | Max Load: 14.2 | Load Gap: 4.3
Epoch [150/1500] | Sampled: 766.06 | Baseline: 614.25 | Improvement: -151.81 | Win Rate: 0.00% | Actor Loss: -4.0287 | Entropy: 1.9716 | Invalid S/B: 0.94/0.00 | Max Load: 14.1 | Load Gap: 4.2
   -> Validation | Samples: 50 | Makespan: 751.98 | Invalid Jobs: 0.30
Epoch [151/1500] | Sampled: 748.81 | Baseline: 609.00 | Improvement: -139.81 | Win Rate: 0.00% | Actor Loss: -3.0184 | Entropy: 2.0144 | Invalid S/B: 0.50/0.00 | Max Load: 14.2 | Load Gap: 4.2
Epoch [152/1500] | Sampled: 729.88 | Baseline: 607.00 | Improvement: -122.88 | Win Rate: 0.00% | Actor Loss: -17.9601 | Entropy: 2.0597 | Invalid S/B: 0.50/0.00 | Max Load: 14.6 | Load Gap: 4.8
Epoch [153/1500] | Sampled: 734.19 | Baseline: 619.06 | Improvement: -115.12 | Win Rate: 0.00% | Actor Loss: -16.1364 | Entropy: 2.0562 | Invalid S/B: 0.50/0.00 | Max Load: 14.1 | Load Gap: 4.1
Epoch [154/1500] | Sampled: 775.69 | Baseline: 614.00 | Improvement: -161.69 | Win Rate: 0.00% | Actor Loss: -3.0882 | Entropy: 1.9467 | Invalid S/B: 1.06/0.00 | Max Load: 14.6 | Load Gap: 4.5
Epoch [155/1500] | Sampled: 775.19 | Baseline: 602.12 | Improvement: -173.06 | Win Rate: 0.00% | Actor Loss: -10.4248 | Entropy: 1.8106 | Invalid S/B: 0.38/0.00 | Max Load: 13.9 | Load Gap: 3.6
Epoch [156/1500] | Sampled: 750.62 | Baseline: 607.88 | Improvement: -142.75 | Win Rate: 0.00% | Actor Loss: 4.8251 | Entropy: 1.7260 | Invalid S/B: 0.56/0.00 | Max Load: 13.9 | Load Gap: 3.4
Epoch [157/1500] | Sampled: 781.69 | Baseline: 610.25 | Improvement: -171.44 | Win Rate: 0.00% | Actor Loss: -9.5617 | Entropy: 1.5488 | Invalid S/B: 0.69/0.00 | Max Load: 14.3 | Load Gap: 4.1
Epoch [158/1500] | Sampled: 746.50 | Baseline: 612.12 | Improvement: -134.38 | Win Rate: 0.00% | Actor Loss: -12.0387 | Entropy: 1.4968 | Invalid S/B: 0.19/0.00 | Max Load: 13.7 | Load Gap: 3.3
Epoch [159/1500] | Sampled: 773.69 | Baseline: 600.06 | Improvement: -173.62 | Win Rate: 0.00% | Actor Loss: -0.8270 | Entropy: 1.5232 | Invalid S/B: 0.94/0.00 | Max Load: 13.6 | Load Gap: 3.2
Epoch [160/1500] | Sampled: 747.75 | Baseline: 601.06 | Improvement: -146.69 | Win Rate: 0.00% | Actor Loss: -6.7775 | Entropy: 1.5262 | Invalid S/B: 0.25/0.00 | Max Load: 13.8 | Load Gap: 3.6
Epoch [161/1500] | Sampled: 762.94 | Baseline: 604.25 | Improvement: -158.69 | Win Rate: 0.00% | Actor Loss: -3.0043 | Entropy: 1.5470 | Invalid S/B: 0.56/0.00 | Max Load: 14.4 | Load Gap: 4.1
Epoch [162/1500] | Sampled: 740.06 | Baseline: 612.94 | Improvement: -127.12 | Win Rate: 0.00% | Actor Loss: -9.2065 | Entropy: 1.6342 | Invalid S/B: 0.19/0.00 | Max Load: 13.7 | Load Gap: 3.5
Epoch [163/1500] | Sampled: 763.00 | Baseline: 595.50 | Improvement: -167.50 | Win Rate: 0.00% | Actor Loss: -0.1598 | Entropy: 1.7183 | Invalid S/B: 0.56/0.00 | Max Load: 13.6 | Load Gap: 3.0
Epoch [164/1500] | Sampled: 764.88 | Baseline: 602.38 | Improvement: -162.50 | Win Rate: 0.00% | Actor Loss: -5.4393 | Entropy: 1.7254 | Invalid S/B: 0.00/0.00 | Max Load: 13.7 | Load Gap: 3.3
Epoch [165/1500] | Sampled: 735.38 | Baseline: 610.12 | Improvement: -125.25 | Win Rate: 0.00% | Actor Loss: -7.3725 | Entropy: 1.8266 | Invalid S/B: 0.00/0.00 | Max Load: 14.2 | Load Gap: 4.1
Epoch [166/1500] | Sampled: 746.31 | Baseline: 607.62 | Improvement: -138.69 | Win Rate: 0.00% | Actor Loss: -7.9918 | Entropy: 1.9901 | Invalid S/B: 0.19/0.00 | Max Load: 14.3 | Load Gap: 4.1
Epoch [167/1500] | Sampled: 729.81 | Baseline: 606.31 | Improvement: -123.50 | Win Rate: 0.00% | Actor Loss: -7.8395 | Entropy: 2.1413 | Invalid S/B: 0.19/0.00 | Max Load: 14.2 | Load Gap: 4.1
Epoch [168/1500] | Sampled: 745.19 | Baseline: 612.19 | Improvement: -133.00 | Win Rate: 0.00% | Actor Loss: -12.5247 | Entropy: 2.2889 | Invalid S/B: 0.12/0.00 | Max Load: 14.6 | Load Gap: 4.9
Epoch [169/1500] | Sampled: 772.25 | Baseline: 611.00 | Improvement: -161.25 | Win Rate: 0.00% | Actor Loss: -0.1894 | Entropy: 2.2758 | Invalid S/B: 0.31/0.00 | Max Load: 15.2 | Load Gap: 5.8
Epoch [170/1500] | Sampled: 734.56 | Baseline: 609.06 | Improvement: -125.50 | Win Rate: 0.00% | Actor Loss: -10.8057 | Entropy: 2.3053 | Invalid S/B: 0.06/0.00 | Max Load: 14.8 | Load Gap: 4.9
Epoch [171/1500] | Sampled: 763.19 | Baseline: 616.81 | Improvement: -146.38 | Win Rate: 0.00% | Actor Loss: -17.8392 | Entropy: 2.1986 | Invalid S/B: 0.31/0.00 | Max Load: 14.1 | Load Gap: 4.2
Epoch [172/1500] | Sampled: 735.88 | Baseline: 610.94 | Improvement: -124.94 | Win Rate: 0.00% | Actor Loss: -15.5601 | Entropy: 2.0558 | Invalid S/B: 0.06/0.00 | Max Load: 14.2 | Load Gap: 4.5
Epoch [173/1500] | Sampled: 764.12 | Baseline: 607.56 | Improvement: -156.56 | Win Rate: 0.00% | Actor Loss: -10.1394 | Entropy: 1.9179 | Invalid S/B: 0.06/0.00 | Max Load: 14.8 | Load Gap: 4.6
Epoch [174/1500] | Sampled: 762.81 | Baseline: 610.44 | Improvement: -152.38 | Win Rate: 0.00% | Actor Loss: -24.7299 | Entropy: 1.8655 | Invalid S/B: 0.06/0.00 | Max Load: 14.4 | Load Gap: 4.6
Epoch [175/1500] | Sampled: 755.62 | Baseline: 600.38 | Improvement: -155.25 | Win Rate: 0.00% | Actor Loss: -15.3182 | Entropy: 1.7729 | Invalid S/B: 0.31/0.00 | Max Load: 13.9 | Load Gap: 3.7
Epoch [176/1500] | Sampled: 786.94 | Baseline: 614.56 | Improvement: -172.38 | Win Rate: 0.00% | Actor Loss: -16.1360 | Entropy: 1.7138 | Invalid S/B: 0.00/0.00 | Max Load: 14.2 | Load Gap: 4.4
Epoch [177/1500] | Sampled: 751.56 | Baseline: 613.25 | Improvement: -138.31 | Win Rate: 0.00% | Actor Loss: -2.7533 | Entropy: 1.6521 | Invalid S/B: 0.00/0.00 | Max Load: 13.9 | Load Gap: 3.9
Epoch [178/1500] | Sampled: 756.19 | Baseline: 600.50 | Improvement: -155.69 | Win Rate: 0.00% | Actor Loss: -18.6643 | Entropy: 1.6231 | Invalid S/B: 0.00/0.00 | Max Load: 13.8 | Load Gap: 3.7
Epoch [179/1500] | Sampled: 748.69 | Baseline: 606.56 | Improvement: -142.12 | Win Rate: 0.00% | Actor Loss: -6.6409 | Entropy: 1.5961 | Invalid S/B: 0.00/0.00 | Max Load: 14.2 | Load Gap: 3.9
Epoch [180/1500] | Sampled: 773.50 | Baseline: 610.38 | Improvement: -163.12 | Win Rate: 0.00% | Actor Loss: -18.5445 | Entropy: 1.5641 | Invalid S/B: 0.00/0.00 | Max Load: 14.2 | Load Gap: 4.2
Epoch [181/1500] | Sampled: 759.69 | Baseline: 606.00 | Improvement: -153.69 | Win Rate: 0.00% | Actor Loss: -16.6808 | Entropy: 1.5263 | Invalid S/B: 0.00/0.00 | Max Load: 14.1 | Load Gap: 4.2
Epoch [182/1500] | Sampled: 766.81 | Baseline: 609.50 | Improvement: -157.31 | Win Rate: 0.00% | Actor Loss: -21.5864 | Entropy: 1.5186 | Invalid S/B: 0.00/0.00 | Max Load: 14.1 | Load Gap: 4.1
Epoch [183/1500] | Sampled: 744.69 | Baseline: 606.62 | Improvement: -138.06 | Win Rate: 0.00% | Actor Loss: -18.5887 | Entropy: 1.5080 | Invalid S/B: 0.00/0.00 | Max Load: 13.9 | Load Gap: 3.6
Epoch [184/1500] | Sampled: 773.88 | Baseline: 605.44 | Improvement: -168.44 | Win Rate: 0.00% | Actor Loss: -8.3624 | Entropy: 1.4834 | Invalid S/B: 0.00/0.00 | Max Load: 14.4 | Load Gap: 4.2
Epoch [185/1500] | Sampled: 757.12 | Baseline: 612.94 | Improvement: -144.19 | Win Rate: 0.00% | Actor Loss: -21.3235 | Entropy: 1.4327 | Invalid S/B: 0.06/0.00 | Max Load: 13.9 | Load Gap: 3.9
Epoch [186/1500] | Sampled: 795.12 | Baseline: 600.69 | Improvement: -194.44 | Win Rate: 0.00% | Actor Loss: -13.0963 | Entropy: 1.3868 | Invalid S/B: 0.00/0.00 | Max Load: 14.2 | Load Gap: 4.1
Epoch [187/1500] | Sampled: 745.75 | Baseline: 602.25 | Improvement: -143.50 | Win Rate: 0.00% | Actor Loss: -14.7361 | Entropy: 1.3202 | Invalid S/B: 0.00/0.00 | Max Load: 13.9 | Load Gap: 3.6
Epoch [188/1500] | Sampled: 750.06 | Baseline: 596.81 | Improvement: -153.25 | Win Rate: 0.00% | Actor Loss: -20.4402 | Entropy: 1.2686 | Invalid S/B: 0.00/0.00 | Max Load: 13.6 | Load Gap: 3.1
Epoch [189/1500] | Sampled: 752.81 | Baseline: 604.69 | Improvement: -148.12 | Win Rate: 0.00% | Actor Loss: -13.6052 | Entropy: 1.1769 | Invalid S/B: 0.00/0.00 | Max Load: 14.2 | Load Gap: 4.0
Epoch [190/1500] | Sampled: 753.81 | Baseline: 614.31 | Improvement: -139.50 | Win Rate: 0.00% | Actor Loss: -16.4853 | Entropy: 1.1131 | Invalid S/B: 0.06/0.00 | Max Load: 13.7 | Load Gap: 3.2
Epoch [191/1500] | Sampled: 733.38 | Baseline: 606.44 | Improvement: -126.94 | Win Rate: 0.00% | Actor Loss: -13.6898 | Entropy: 1.0882 | Invalid S/B: 0.00/0.00 | Max Load: 13.8 | Load Gap: 3.2
Epoch [192/1500] | Sampled: 739.19 | Baseline: 603.31 | Improvement: -135.88 | Win Rate: 0.00% | Actor Loss: -15.2307 | Entropy: 1.0485 | Invalid S/B: 0.00/0.00 | Max Load: 13.4 | Load Gap: 2.6
Epoch [193/1500] | Sampled: 767.00 | Baseline: 606.00 | Improvement: -161.00 | Win Rate: 0.00% | Actor Loss: -9.3747 | Entropy: 1.0073 | Invalid S/B: 0.94/0.00 | Max Load: 13.4 | Load Gap: 2.6
Epoch [194/1500] | Sampled: 803.62 | Baseline: 617.31 | Improvement: -186.31 | Win Rate: 0.00% | Actor Loss: -19.3460 | Entropy: 0.9569 | Invalid S/B: 1.50/0.00 | Max Load: 13.5 | Load Gap: 2.5
Epoch [195/1500] | Sampled: 789.81 | Baseline: 600.19 | Improvement: -189.62 | Win Rate: 0.00% | Actor Loss: -7.9030 | Entropy: 0.9072 | Invalid S/B: 1.25/0.00 | Max Load: 13.4 | Load Gap: 2.4
Epoch [196/1500] | Sampled: 844.31 | Baseline: 616.12 | Improvement: -228.19 | Win Rate: 0.00% | Actor Loss: -13.2743 | Entropy: 0.8880 | Invalid S/B: 1.94/0.00 | Max Load: 13.0 | Load Gap: 1.8
Epoch [197/1500] | Sampled: 830.94 | Baseline: 614.12 | Improvement: -216.81 | Win Rate: 0.00% | Actor Loss: -3.3204 | Entropy: 0.8449 | Invalid S/B: 0.94/0.00 | Max Load: 13.3 | Load Gap: 2.3
Epoch [198/1500] | Sampled: 852.94 | Baseline: 602.19 | Improvement: -250.75 | Win Rate: 0.00% | Actor Loss: -10.9218 | Entropy: 0.8358 | Invalid S/B: 1.62/0.00 | Max Load: 13.4 | Load Gap: 2.4
Epoch [199/1500] | Sampled: 839.25 | Baseline: 601.56 | Improvement: -237.69 | Win Rate: 0.00% | Actor Loss: -4.2159 | Entropy: 0.8114 | Invalid S/B: 1.69/0.00 | Max Load: 13.1 | Load Gap: 2.1
Epoch [200/1500] | Sampled: 841.75 | Baseline: 602.19 | Improvement: -239.56 | Win Rate: 0.00% | Actor Loss: -5.7059 | Entropy: 0.8167 | Invalid S/B: 1.75/0.00 | Max Load: 13.4 | Load Gap: 2.5
   -> Validation | Samples: 50 | Makespan: 842.64 | Invalid Jobs: 1.90
   -> Saved updated training chart to /home/wei/AMR-DFJSP/Static_alogorithm/GNN/gnn_precise_training_metrics.png
Epoch [201/1500] | Sampled: 804.00 | Baseline: 608.00 | Improvement: -196.00 | Win Rate: 0.00% | Actor Loss: 0.9041 | Entropy: 0.7837 | Invalid S/B: 0.38/0.00 | Max Load: 13.2 | Load Gap: 2.1
Epoch [202/1500] | Sampled: 816.19 | Baseline: 603.62 | Improvement: -212.56 | Win Rate: 0.00% | Actor Loss: -5.7414 | Entropy: 0.7339 | Invalid S/B: 0.75/0.00 | Max Load: 13.4 | Load Gap: 2.6
Epoch [203/1500] | Sampled: 859.75 | Baseline: 609.56 | Improvement: -250.19 | Win Rate: 0.00% | Actor Loss: -2.6580 | Entropy: 0.6638 | Invalid S/B: 1.31/0.00 | Max Load: 13.4 | Load Gap: 2.6
Epoch [204/1500] | Sampled: 868.38 | Baseline: 606.06 | Improvement: -262.31 | Win Rate: 0.00% | Actor Loss: -2.0583 | Entropy: 0.5837 | Invalid S/B: 2.12/0.00 | Max Load: 13.4 | Load Gap: 2.4
Epoch [205/1500] | Sampled: 866.94 | Baseline: 612.69 | Improvement: -254.25 | Win Rate: 0.00% | Actor Loss: -6.1424 | Entropy: 0.5710 | Invalid S/B: 1.75/0.00 | Max Load: 13.1 | Load Gap: 1.9
Epoch [206/1500] | Sampled: 892.44 | Baseline: 603.88 | Improvement: -288.56 | Win Rate: 0.00% | Actor Loss: -2.4820 | Entropy: 0.5698 | Invalid S/B: 1.75/0.00 | Max Load: 13.4 | Load Gap: 2.4
Epoch [207/1500] | Sampled: 851.94 | Baseline: 608.44 | Improvement: -243.50 | Win Rate: 0.00% | Actor Loss: -6.3914 | Entropy: 0.6413 | Invalid S/B: 1.06/0.00 | Max Load: 13.3 | Load Gap: 2.3
Epoch [208/1500] | Sampled: 862.25 | Baseline: 604.19 | Improvement: -258.06 | Win Rate: 0.00% | Actor Loss: -15.1298 | Entropy: 0.6646 | Invalid S/B: 1.69/0.00 | Max Load: 13.2 | Load Gap: 2.2
Epoch [209/1500] | Sampled: 869.81 | Baseline: 615.38 | Improvement: -254.44 | Win Rate: 0.00% | Actor Loss: -2.2443 | Entropy: 0.6386 | Invalid S/B: 1.31/0.00 | Max Load: 13.2 | Load Gap: 2.4
Epoch [210/1500] | Sampled: 828.88 | Baseline: 608.12 | Improvement: -220.75 | Win Rate: 0.00% | Actor Loss: -4.8676 | Entropy: 0.6228 | Invalid S/B: 0.75/0.00 | Max Load: 13.0 | Load Gap: 1.9
Epoch [211/1500] | Sampled: 839.06 | Baseline: 604.94 | Improvement: -234.12 | Win Rate: 0.00% | Actor Loss: 2.1993 | Entropy: 0.6198 | Invalid S/B: 1.00/0.00 | Max Load: 13.4 | Load Gap: 2.3
Epoch [212/1500] | Sampled: 871.56 | Baseline: 598.12 | Improvement: -273.44 | Win Rate: 0.00% | Actor Loss: 4.9951 | Entropy: 0.6270 | Invalid S/B: 1.62/0.00 | Max Load: 13.1 | Load Gap: 2.1
Epoch [213/1500] | Sampled: 844.44 | Baseline: 600.81 | Improvement: -243.62 | Win Rate: 0.00% | Actor Loss: -0.0762 | Entropy: 0.6654 | Invalid S/B: 1.00/0.00 | Max Load: 13.4 | Load Gap: 2.5
Epoch [214/1500] | Sampled: 843.06 | Baseline: 598.06 | Improvement: -245.00 | Win Rate: 0.00% | Actor Loss: -2.7632 | Entropy: 0.6577 | Invalid S/B: 1.31/0.00 | Max Load: 13.4 | Load Gap: 2.4
Epoch [215/1500] | Sampled: 862.25 | Baseline: 606.56 | Improvement: -255.69 | Win Rate: 0.00% | Actor Loss: -0.2287 | Entropy: 0.6701 | Invalid S/B: 1.94/0.00 | Max Load: 13.6 | Load Gap: 2.7
Epoch [216/1500] | Sampled: 840.69 | Baseline: 609.69 | Improvement: -231.00 | Win Rate: 0.00% | Actor Loss: -4.0253 | Entropy: 0.6744 | Invalid S/B: 0.69/0.00 | Max Load: 13.2 | Load Gap: 2.2
Epoch [217/1500] | Sampled: 871.69 | Baseline: 609.38 | Improvement: -262.31 | Win Rate: 0.00% | Actor Loss: -3.0270 | Entropy: 0.6823 | Invalid S/B: 1.56/0.00 | Max Load: 13.4 | Load Gap: 2.4
Epoch [218/1500] | Sampled: 832.38 | Baseline: 609.25 | Improvement: -223.12 | Win Rate: 0.00% | Actor Loss: -6.6179 | Entropy: 0.6873 | Invalid S/B: 0.75/0.00 | Max Load: 13.2 | Load Gap: 2.2
Epoch [219/1500] | Sampled: 861.69 | Baseline: 598.44 | Improvement: -263.25 | Win Rate: 0.00% | Actor Loss: -0.1323 | Entropy: 0.6929 | Invalid S/B: 1.81/0.00 | Max Load: 13.1 | Load Gap: 1.9
Epoch [220/1500] | Sampled: 832.88 | Baseline: 604.94 | Improvement: -227.94 | Win Rate: 0.00% | Actor Loss: -2.2741 | Entropy: 0.7144 | Invalid S/B: 0.56/0.00 | Max Load: 13.2 | Load Gap: 2.1
Epoch [221/1500] | Sampled: 859.19 | Baseline: 608.94 | Improvement: -250.25 | Win Rate: 0.00% | Actor Loss: -6.2348 | Entropy: 0.7367 | Invalid S/B: 1.00/0.00 | Max Load: 13.2 | Load Gap: 2.2
Epoch [222/1500] | Sampled: 870.69 | Baseline: 604.56 | Improvement: -266.12 | Win Rate: 0.00% | Actor Loss: 5.4349 | Entropy: 0.7445 | Invalid S/B: 1.25/0.00 | Max Load: 13.2 | Load Gap: 2.2
Epoch [223/1500] | Sampled: 844.62 | Baseline: 601.25 | Improvement: -243.38 | Win Rate: 0.00% | Actor Loss: -0.8890 | Entropy: 0.7398 | Invalid S/B: 1.31/0.00 | Max Load: 13.1 | Load Gap: 2.0
Epoch [224/1500] | Sampled: 836.38 | Baseline: 605.12 | Improvement: -231.25 | Win Rate: 0.00% | Actor Loss: -2.0066 | Entropy: 0.7612 | Invalid S/B: 1.12/0.00 | Max Load: 13.2 | Load Gap: 2.1
Epoch [225/1500] | Sampled: 847.62 | Baseline: 610.88 | Improvement: -236.75 | Win Rate: 0.00% | Actor Loss: -7.6544 | Entropy: 0.7632 | Invalid S/B: 0.94/0.00 | Max Load: 13.4 | Load Gap: 2.4
Epoch [226/1500] | Sampled: 837.19 | Baseline: 601.62 | Improvement: -235.56 | Win Rate: 0.00% | Actor Loss: -8.2507 | Entropy: 0.7558 | Invalid S/B: 1.31/0.00 | Max Load: 13.2 | Load Gap: 2.2
Epoch [227/1500] | Sampled: 824.69 | Baseline: 601.75 | Improvement: -222.94 | Win Rate: 0.00% | Actor Loss: -10.2208 | Entropy: 0.7494 | Invalid S/B: 1.31/0.00 | Max Load: 13.1 | Load Gap: 2.1
Epoch [228/1500] | Sampled: 808.94 | Baseline: 606.81 | Improvement: -202.12 | Win Rate: 0.00% | Actor Loss: -9.9619 | Entropy: 0.7709 | Invalid S/B: 0.94/0.00 | Max Load: 13.6 | Load Gap: 2.6
Epoch [229/1500] | Sampled: 795.12 | Baseline: 603.12 | Improvement: -192.00 | Win Rate: 0.00% | Actor Loss: -16.4458 | Entropy: 0.7676 | Invalid S/B: 0.69/0.00 | Max Load: 13.2 | Load Gap: 2.2
Epoch [230/1500] | Sampled: 776.69 | Baseline: 603.50 | Improvement: -173.19 | Win Rate: 0.00% | Actor Loss: -15.2019 | Entropy: 0.7592 | Invalid S/B: 0.00/0.00 | Max Load: 13.2 | Load Gap: 2.2
Epoch [231/1500] | Sampled: 791.44 | Baseline: 602.06 | Improvement: -189.38 | Win Rate: 0.00% | Actor Loss: -13.0445 | Entropy: 0.7437 | Invalid S/B: 0.62/0.00 | Max Load: 13.1 | Load Gap: 1.9
Epoch [232/1500] | Sampled: 793.69 | Baseline: 606.00 | Improvement: -187.69 | Win Rate: 0.00% | Actor Loss: -8.7026 | Entropy: 0.7168 | Invalid S/B: 0.38/0.00 | Max Load: 13.2 | Load Gap: 2.2
Epoch [233/1500] | Sampled: 788.00 | Baseline: 608.19 | Improvement: -179.81 | Win Rate: 0.00% | Actor Loss: -24.5658 | Entropy: 0.7075 | Invalid S/B: 0.56/0.00 | Max Load: 13.2 | Load Gap: 2.3
Epoch [234/1500] | Sampled: 780.88 | Baseline: 601.88 | Improvement: -179.00 | Win Rate: 0.00% | Actor Loss: -10.2699 | Entropy: 0.6921 | Invalid S/B: 0.06/0.00 | Max Load: 13.5 | Load Gap: 2.6
Epoch [235/1500] | Sampled: 801.06 | Baseline: 604.12 | Improvement: -196.94 | Win Rate: 0.00% | Actor Loss: -16.5012 | Entropy: 0.6626 | Invalid S/B: 0.56/0.00 | Max Load: 13.2 | Load Gap: 2.3
Epoch [236/1500] | Sampled: 780.94 | Baseline: 600.00 | Improvement: -180.94 | Win Rate: 0.00% | Actor Loss: -24.0574 | Entropy: 0.6498 | Invalid S/B: 0.19/0.00 | Max Load: 13.5 | Load Gap: 2.6
Epoch [237/1500] | Sampled: 793.31 | Baseline: 615.00 | Improvement: -178.31 | Win Rate: 0.00% | Actor Loss: -11.5601 | Entropy: 0.6312 | Invalid S/B: 0.19/0.00 | Max Load: 13.3 | Load Gap: 2.4
Epoch [238/1500] | Sampled: 777.88 | Baseline: 603.56 | Improvement: -174.31 | Win Rate: 0.00% | Actor Loss: -8.4611 | Entropy: 0.6178 | Invalid S/B: 0.19/0.00 | Max Load: 13.2 | Load Gap: 2.2
Epoch [239/1500] | Sampled: 786.94 | Baseline: 607.88 | Improvement: -179.06 | Win Rate: 0.00% | Actor Loss: -17.8680 | Entropy: 0.6109 | Invalid S/B: 0.56/0.00 | Max Load: 13.3 | Load Gap: 2.4
Epoch [240/1500] | Sampled: 791.06 | Baseline: 604.50 | Improvement: -186.56 | Win Rate: 0.00% | Actor Loss: -9.8184 | Entropy: 0.5818 | Invalid S/B: 0.38/0.00 | Max Load: 13.4 | Load Gap: 2.4
Epoch [241/1500] | Sampled: 800.69 | Baseline: 610.19 | Improvement: -190.50 | Win Rate: 0.00% | Actor Loss: -14.7492 | Entropy: 0.5804 | Invalid S/B: 0.38/0.00 | Max Load: 13.4 | Load Gap: 2.4
Epoch [242/1500] | Sampled: 796.88 | Baseline: 607.06 | Improvement: -189.81 | Win Rate: 0.00% | Actor Loss: -19.0381 | Entropy: 0.5833 | Invalid S/B: 0.38/0.00 | Max Load: 13.4 | Load Gap: 2.5
Epoch [243/1500] | Sampled: 764.19 | Baseline: 607.25 | Improvement: -156.94 | Win Rate: 0.00% | Actor Loss: -12.3600 | Entropy: 0.5891 | Invalid S/B: 0.19/0.00 | Max Load: 13.6 | Load Gap: 2.6
Epoch [244/1500] | Sampled: 771.44 | Baseline: 613.12 | Improvement: -158.31 | Win Rate: 0.00% | Actor Loss: -15.6775 | Entropy: 0.5964 | Invalid S/B: 0.19/0.00 | Max Load: 13.1 | Load Gap: 2.1
Epoch [245/1500] | Sampled: 775.69 | Baseline: 607.56 | Improvement: -168.12 | Win Rate: 0.00% | Actor Loss: -9.7986 | Entropy: 0.5904 | Invalid S/B: 0.00/0.00 | Max Load: 13.8 | Load Gap: 2.9
Epoch [246/1500] | Sampled: 774.38 | Baseline: 611.19 | Improvement: -163.19 | Win Rate: 0.00% | Actor Loss: -11.1533 | Entropy: 0.6053 | Invalid S/B: 0.38/0.00 | Max Load: 13.4 | Load Gap: 2.4
Epoch [247/1500] | Sampled: 784.88 | Baseline: 601.50 | Improvement: -183.38 | Win Rate: 0.00% | Actor Loss: -15.0084 | Entropy: 0.6292 | Invalid S/B: 0.19/0.00 | Max Load: 13.4 | Load Gap: 2.6
Epoch [248/1500] | Sampled: 843.56 | Baseline: 610.88 | Improvement: -232.69 | Win Rate: 0.00% | Actor Loss: 0.4814 | Entropy: 0.6339 | Invalid S/B: 1.25/0.00 | Max Load: 13.7 | Load Gap: 2.8
Epoch [249/1500] | Sampled: 801.69 | Baseline: 607.62 | Improvement: -194.06 | Win Rate: 0.00% | Actor Loss: -9.9670 | Entropy: 0.6468 | Invalid S/B: 0.75/0.00 | Max Load: 13.3 | Load Gap: 2.3
Epoch [250/1500] | Sampled: 821.38 | Baseline: 609.62 | Improvement: -211.75 | Win Rate: 0.00% | Actor Loss: -10.4985 | Entropy: 0.6575 | Invalid S/B: 0.88/0.00 | Max Load: 13.5 | Load Gap: 2.6
   -> Validation | Samples: 50 | Makespan: 840.12 | Invalid Jobs: 1.90
Epoch [251/1500] | Sampled: 832.81 | Baseline: 595.56 | Improvement: -237.25 | Win Rate: 0.00% | Actor Loss: -14.4712 | Entropy: 0.6806 | Invalid S/B: 1.12/0.00 | Max Load: 13.4 | Load Gap: 2.4
Epoch [252/1500] | Sampled: 819.69 | Baseline: 606.00 | Improvement: -213.69 | Win Rate: 0.00% | Actor Loss: -16.8907 | Entropy: 0.6946 | Invalid S/B: 1.19/0.00 | Max Load: 13.1 | Load Gap: 2.1
Epoch [253/1500] | Sampled: 848.38 | Baseline: 611.38 | Improvement: -237.00 | Win Rate: 0.00% | Actor Loss: -22.7738 | Entropy: 0.7061 | Invalid S/B: 1.31/0.00 | Max Load: 13.2 | Load Gap: 2.3
Epoch [254/1500] | Sampled: 821.81 | Baseline: 607.62 | Improvement: -214.19 | Win Rate: 0.00% | Actor Loss: -2.4546 | Entropy: 0.6968 | Invalid S/B: 0.94/0.00 | Max Load: 13.0 | Load Gap: 1.9
Epoch [255/1500] | Sampled: 848.50 | Baseline: 602.44 | Improvement: -246.06 | Win Rate: 0.00% | Actor Loss: -11.0346 | Entropy: 0.7189 | Invalid S/B: 2.00/0.00 | Max Load: 13.4 | Load Gap: 2.4
Epoch [256/1500] | Sampled: 820.75 | Baseline: 604.75 | Improvement: -216.00 | Win Rate: 0.00% | Actor Loss: -13.1420 | Entropy: 0.7338 | Invalid S/B: 1.50/0.00 | Max Load: 13.3 | Load Gap: 2.4
Epoch [257/1500] | Sampled: 777.12 | Baseline: 610.31 | Improvement: -166.81 | Win Rate: 0.00% | Actor Loss: -11.0348 | Entropy: 0.7579 | Invalid S/B: 0.44/0.00 | Max Load: 13.4 | Load Gap: 2.4
Epoch [258/1500] | Sampled: 787.00 | Baseline: 618.38 | Improvement: -168.62 | Win Rate: 0.00% | Actor Loss: -7.3886 | Entropy: 0.7726 | Invalid S/B: 0.38/0.00 | Max Load: 13.6 | Load Gap: 2.6
Epoch [259/1500] | Sampled: 750.50 | Baseline: 609.50 | Improvement: -141.00 | Win Rate: 0.00% | Actor Loss: -6.6835 | Entropy: 0.7862 | Invalid S/B: 0.00/0.00 | Max Load: 13.1 | Load Gap: 1.9
Epoch [260/1500] | Sampled: 770.44 | Baseline: 614.25 | Improvement: -156.19 | Win Rate: 0.00% | Actor Loss: -19.5485 | Entropy: 0.8503 | Invalid S/B: 0.56/0.00 | Max Load: 13.1 | Load Gap: 2.2
Epoch [261/1500] | Sampled: 760.50 | Baseline: 606.94 | Improvement: -153.56 | Win Rate: 0.00% | Actor Loss: -9.8676 | Entropy: 0.8844 | Invalid S/B: 0.62/0.00 | Max Load: 13.3 | Load Gap: 2.6
Epoch [262/1500] | Sampled: 741.44 | Baseline: 602.56 | Improvement: -138.88 | Win Rate: 0.00% | Actor Loss: -9.1713 | Entropy: 0.9443 | Invalid S/B: 0.19/0.00 | Max Load: 13.2 | Load Gap: 2.6
Epoch [263/1500] | Sampled: 732.81 | Baseline: 600.38 | Improvement: -132.44 | Win Rate: 0.00% | Actor Loss: -8.8160 | Entropy: 0.9920 | Invalid S/B: 0.19/0.00 | Max Load: 13.6 | Load Gap: 3.1
Epoch [264/1500] | Sampled: 789.94 | Baseline: 612.50 | Improvement: -177.44 | Win Rate: 0.00% | Actor Loss: -11.1741 | Entropy: 1.0473 | Invalid S/B: 0.38/0.00 | Max Load: 13.8 | Load Gap: 3.2
Epoch [265/1500] | Sampled: 764.62 | Baseline: 615.56 | Improvement: -149.06 | Win Rate: 0.00% | Actor Loss: -14.8550 | Entropy: 1.0699 | Invalid S/B: 0.12/0.00 | Max Load: 13.6 | Load Gap: 3.2
Epoch [266/1500] | Sampled: 757.56 | Baseline: 617.75 | Improvement: -139.81 | Win Rate: 0.00% | Actor Loss: -18.0630 | Entropy: 1.0733 | Invalid S/B: 0.25/0.00 | Max Load: 13.3 | Load Gap: 2.9
Epoch [267/1500] | Sampled: 778.38 | Baseline: 606.62 | Improvement: -171.75 | Win Rate: 0.00% | Actor Loss: -20.2638 | Entropy: 1.0566 | Invalid S/B: 0.31/0.00 | Max Load: 14.1 | Load Gap: 3.6
Epoch [268/1500] | Sampled: 756.06 | Baseline: 608.81 | Improvement: -147.25 | Win Rate: 0.00% | Actor Loss: -19.6305 | Entropy: 1.0270 | Invalid S/B: 0.38/0.00 | Max Load: 13.9 | Load Gap: 3.2
Epoch [269/1500] | Sampled: 770.50 | Baseline: 606.69 | Improvement: -163.81 | Win Rate: 0.00% | Actor Loss: -14.0811 | Entropy: 0.9721 | Invalid S/B: 0.31/0.00 | Max Load: 13.7 | Load Gap: 2.9
Epoch [270/1500] | Sampled: 761.56 | Baseline: 597.75 | Improvement: -163.81 | Win Rate: 0.00% | Actor Loss: -10.6487 | Entropy: 0.9653 | Invalid S/B: 0.44/0.00 | Max Load: 13.4 | Load Gap: 2.4
Epoch [271/1500] | Sampled: 786.50 | Baseline: 613.69 | Improvement: -172.81 | Win Rate: 0.00% | Actor Loss: -11.1173 | Entropy: 0.9482 | Invalid S/B: 0.44/0.00 | Max Load: 13.5 | Load Gap: 2.8
Epoch [272/1500] | Sampled: 766.31 | Baseline: 611.19 | Improvement: -155.12 | Win Rate: 0.00% | Actor Loss: -15.3684 | Entropy: 0.9242 | Invalid S/B: 0.19/0.00 | Max Load: 13.4 | Load Gap: 2.6
Epoch [273/1500] | Sampled: 772.25 | Baseline: 608.38 | Improvement: -163.88 | Win Rate: 0.00% | Actor Loss: -20.8168 | Entropy: 0.9108 | Invalid S/B: 0.19/0.00 | Max Load: 13.6 | Load Gap: 2.9
Epoch [274/1500] | Sampled: 766.88 | Baseline: 605.81 | Improvement: -161.06 | Win Rate: 0.00% | Actor Loss: -16.3402 | Entropy: 0.8966 | Invalid S/B: 0.25/0.00 | Max Load: 13.5 | Load Gap: 2.7
Epoch [275/1500] | Sampled: 786.00 | Baseline: 616.38 | Improvement: -169.62 | Win Rate: 0.00% | Actor Loss: -4.9019 | Entropy: 0.8788 | Invalid S/B: 0.38/0.00 | Max Load: 13.3 | Load Gap: 2.6
Epoch [276/1500] | Sampled: 781.56 | Baseline: 614.69 | Improvement: -166.88 | Win Rate: 0.00% | Actor Loss: -12.3939 | Entropy: 0.8609 | Invalid S/B: 0.25/0.00 | Max Load: 13.4 | Load Gap: 2.6
Epoch [277/1500] | Sampled: 769.06 | Baseline: 615.19 | Improvement: -153.88 | Win Rate: 0.00% | Actor Loss: -9.4586 | Entropy: 0.8552 | Invalid S/B: 0.50/0.00 | Max Load: 13.1 | Load Gap: 2.2
Epoch [278/1500] | Sampled: 784.31 | Baseline: 606.56 | Improvement: -177.75 | Win Rate: 0.00% | Actor Loss: -9.9781 | Entropy: 0.8463 | Invalid S/B: 0.56/0.00 | Max Load: 13.4 | Load Gap: 2.6
Epoch [279/1500] | Sampled: 783.50 | Baseline: 601.81 | Improvement: -181.69 | Win Rate: 0.00% | Actor Loss: -5.1938 | Entropy: 0.8380 | Invalid S/B: 0.56/0.00 | Max Load: 13.1 | Load Gap: 2.1
Epoch [280/1500] | Sampled: 817.62 | Baseline: 609.31 | Improvement: -208.31 | Win Rate: 0.00% | Actor Loss: -1.2682 | Entropy: 0.8337 | Invalid S/B: 1.06/0.00 | Max Load: 13.3 | Load Gap: 2.6
Epoch [281/1500] | Sampled: 794.38 | Baseline: 613.50 | Improvement: -180.88 | Win Rate: 0.00% | Actor Loss: 0.4295 | Entropy: 0.8340 | Invalid S/B: 0.44/0.00 | Max Load: 13.4 | Load Gap: 2.5
Epoch [282/1500] | Sampled: 791.62 | Baseline: 604.94 | Improvement: -186.69 | Win Rate: 0.00% | Actor Loss: -5.7255 | Entropy: 0.8327 | Invalid S/B: 0.88/0.00 | Max Load: 13.2 | Load Gap: 2.2
Epoch [283/1500] | Sampled: 816.75 | Baseline: 602.00 | Improvement: -214.75 | Win Rate: 0.00% | Actor Loss: 0.9252 | Entropy: 0.8590 | Invalid S/B: 1.12/0.00 | Max Load: 13.3 | Load Gap: 2.4
Epoch [284/1500] | Sampled: 798.12 | Baseline: 608.88 | Improvement: -189.25 | Win Rate: 0.00% | Actor Loss: -11.8429 | Entropy: 0.8728 | Invalid S/B: 0.88/0.00 | Max Load: 13.4 | Load Gap: 2.6
Epoch [285/1500] | Sampled: 825.38 | Baseline: 610.00 | Improvement: -215.38 | Win Rate: 0.00% | Actor Loss: -1.7977 | Entropy: 0.9028 | Invalid S/B: 1.50/0.00 | Max Load: 13.6 | Load Gap: 2.7
Epoch [286/1500] | Sampled: 785.88 | Baseline: 598.62 | Improvement: -187.25 | Win Rate: 0.00% | Actor Loss: -6.8846 | Entropy: 0.9064 | Invalid S/B: 0.38/0.00 | Max Load: 13.6 | Load Gap: 2.9
Epoch [287/1500] | Sampled: 792.69 | Baseline: 606.12 | Improvement: -186.56 | Win Rate: 0.00% | Actor Loss: -10.7226 | Entropy: 0.9196 | Invalid S/B: 0.31/0.00 | Max Load: 13.1 | Load Gap: 2.1
Epoch [288/1500] | Sampled: 792.81 | Baseline: 611.06 | Improvement: -181.75 | Win Rate: 0.00% | Actor Loss: -15.9770 | Entropy: 0.9413 | Invalid S/B: 0.56/0.00 | Max Load: 13.5 | Load Gap: 2.6
Epoch [289/1500] | Sampled: 809.19 | Baseline: 616.50 | Improvement: -192.69 | Win Rate: 0.00% | Actor Loss: -7.4960 | Entropy: 0.9309 | Invalid S/B: 0.75/0.00 | Max Load: 13.2 | Load Gap: 2.1
Epoch [290/1500] | Sampled: 841.50 | Baseline: 604.25 | Improvement: -237.25 | Win Rate: 0.00% | Actor Loss: -9.9301 | Entropy: 0.8983 | Invalid S/B: 1.62/0.00 | Max Load: 13.5 | Load Gap: 2.6
Epoch [291/1500] | Sampled: 823.62 | Baseline: 616.69 | Improvement: -206.94 | Win Rate: 0.00% | Actor Loss: -7.0119 | Entropy: 0.8801 | Invalid S/B: 0.88/0.00 | Max Load: 13.6 | Load Gap: 2.7
Epoch [292/1500] | Sampled: 784.00 | Baseline: 606.38 | Improvement: -177.62 | Win Rate: 0.00% | Actor Loss: -1.5226 | Entropy: 0.8872 | Invalid S/B: 0.69/0.00 | Max Load: 13.5 | Load Gap: 2.5
Epoch [293/1500] | Sampled: 802.88 | Baseline: 611.19 | Improvement: -191.69 | Win Rate: 0.00% | Actor Loss: -10.8195 | Entropy: 0.8859 | Invalid S/B: 0.50/0.00 | Max Load: 13.4 | Load Gap: 2.4
Epoch [294/1500] | Sampled: 779.88 | Baseline: 598.38 | Improvement: -181.50 | Win Rate: 0.00% | Actor Loss: -12.2371 | Entropy: 0.9149 | Invalid S/B: 0.38/0.00 | Max Load: 13.7 | Load Gap: 2.7
Epoch [295/1500] | Sampled: 822.56 | Baseline: 604.69 | Improvement: -217.88 | Win Rate: 0.00% | Actor Loss: -6.8792 | Entropy: 0.9036 | Invalid S/B: 1.00/0.00 | Max Load: 13.6 | Load Gap: 2.6
Epoch [296/1500] | Sampled: 825.69 | Baseline: 609.62 | Improvement: -216.06 | Win Rate: 0.00% | Actor Loss: -11.8647 | Entropy: 0.9102 | Invalid S/B: 1.25/0.00 | Max Load: 13.5 | Load Gap: 2.5
Epoch [297/1500] | Sampled: 827.94 | Baseline: 603.75 | Improvement: -224.19 | Win Rate: 0.00% | Actor Loss: -11.2713 | Entropy: 0.8844 | Invalid S/B: 1.69/0.00 | Max Load: 13.3 | Load Gap: 2.2
Epoch [298/1500] | Sampled: 806.88 | Baseline: 604.88 | Improvement: -202.00 | Win Rate: 0.00% | Actor Loss: -23.0806 | Entropy: 0.8968 | Invalid S/B: 1.31/0.00 | Max Load: 13.6 | Load Gap: 2.6
Epoch [299/1500] | Sampled: 805.56 | Baseline: 608.69 | Improvement: -196.88 | Win Rate: 0.00% | Actor Loss: -10.4001 | Entropy: 0.8725 | Invalid S/B: 1.31/0.00 | Max Load: 13.2 | Load Gap: 2.2
Epoch [300/1500] | Sampled: 819.56 | Baseline: 609.31 | Improvement: -210.25 | Win Rate: 0.00% | Actor Loss: -7.3646 | Entropy: 0.8692 | Invalid S/B: 1.25/0.00 | Max Load: 13.4 | Load Gap: 2.3
   -> Validation | Samples: 50 | Makespan: 778.58 | Invalid Jobs: 0.48
   -> Saved updated training chart to /home/wei/AMR-DFJSP/Static_alogorithm/GNN/gnn_precise_training_metrics.png
Epoch [301/1500] | Sampled: 842.44 | Baseline: 606.00 | Improvement: -236.44 | Win Rate: 0.00% | Actor Loss: -11.8467 | Entropy: 0.8475 | Invalid S/B: 1.81/0.00 | Max Load: 13.6 | Load Gap: 2.7
Epoch [302/1500] | Sampled: 789.31 | Baseline: 610.44 | Improvement: -178.88 | Win Rate: 0.00% | Actor Loss: -20.9769 | Entropy: 0.8382 | Invalid S/B: 0.56/0.00 | Max Load: 13.5 | Load Gap: 2.6
Epoch [303/1500] | Sampled: 799.94 | Baseline: 600.06 | Improvement: -199.88 | Win Rate: 0.00% | Actor Loss: -10.3807 | Entropy: 0.8294 | Invalid S/B: 0.69/0.00 | Max Load: 13.3 | Load Gap: 2.3
Epoch [304/1500] | Sampled: 799.94 | Baseline: 603.44 | Improvement: -196.50 | Win Rate: 0.00% | Actor Loss: -8.8730 | Entropy: 0.8131 | Invalid S/B: 0.62/0.00 | Max Load: 13.6 | Load Gap: 2.7
Epoch [305/1500] | Sampled: 775.31 | Baseline: 602.50 | Improvement: -172.81 | Win Rate: 0.00% | Actor Loss: -17.7495 | Entropy: 0.8097 | Invalid S/B: 0.19/0.00 | Max Load: 13.5 | Load Gap: 2.5
Epoch [306/1500] | Sampled: 816.50 | Baseline: 608.56 | Improvement: -207.94 | Win Rate: 0.00% | Actor Loss: -12.5079 | Entropy: 0.8082 | Invalid S/B: 1.62/0.00 | Max Load: 13.1 | Load Gap: 2.1
Epoch [307/1500] | Sampled: 800.06 | Baseline: 606.00 | Improvement: -194.06 | Win Rate: 0.00% | Actor Loss: -15.1081 | Entropy: 0.8177 | Invalid S/B: 1.12/0.00 | Max Load: 13.4 | Load Gap: 2.4
Epoch [308/1500] | Sampled: 793.00 | Baseline: 605.25 | Improvement: -187.75 | Win Rate: 0.00% | Actor Loss: -11.6699 | Entropy: 0.8036 | Invalid S/B: 0.50/0.00 | Max Load: 13.2 | Load Gap: 2.2
Epoch [309/1500] | Sampled: 782.50 | Baseline: 610.81 | Improvement: -171.69 | Win Rate: 0.00% | Actor Loss: -13.8841 | Entropy: 0.8038 | Invalid S/B: 0.19/0.00 | Max Load: 13.6 | Load Gap: 2.6
Epoch [310/1500] | Sampled: 758.00 | Baseline: 604.56 | Improvement: -153.44 | Win Rate: 0.00% | Actor Loss: -15.0264 | Entropy: 0.8149 | Invalid S/B: 0.38/0.00 | Max Load: 13.4 | Load Gap: 2.4
Epoch [311/1500] | Sampled: 768.69 | Baseline: 602.00 | Improvement: -166.69 | Win Rate: 0.00% | Actor Loss: -8.4171 | Entropy: 0.8223 | Invalid S/B: 0.31/0.00 | Max Load: 13.2 | Load Gap: 2.3
Epoch [312/1500] | Sampled: 770.19 | Baseline: 602.75 | Improvement: -167.44 | Win Rate: 0.00% | Actor Loss: -12.6197 | Entropy: 0.8468 | Invalid S/B: 0.50/0.00 | Max Load: 13.2 | Load Gap: 2.3
Epoch [313/1500] | Sampled: 771.88 | Baseline: 604.00 | Improvement: -167.88 | Win Rate: 0.00% | Actor Loss: -6.0488 | Entropy: 0.8995 | Invalid S/B: 0.25/0.00 | Max Load: 13.3 | Load Gap: 2.3
Epoch [314/1500] | Sampled: 756.31 | Baseline: 612.62 | Improvement: -143.69 | Win Rate: 0.00% | Actor Loss: -19.4529 | Entropy: 0.9521 | Invalid S/B: 0.19/0.00 | Max Load: 13.2 | Load Gap: 2.2
Epoch [315/1500] | Sampled: 771.50 | Baseline: 613.81 | Improvement: -157.69 | Win Rate: 0.00% | Actor Loss: -8.5763 | Entropy: 0.9596 | Invalid S/B: 0.25/0.00 | Max Load: 13.5 | Load Gap: 2.6
Epoch [316/1500] | Sampled: 790.44 | Baseline: 614.62 | Improvement: -175.81 | Win Rate: 0.00% | Actor Loss: -4.8124 | Entropy: 0.9266 | Invalid S/B: 0.50/0.00 | Max Load: 13.2 | Load Gap: 2.2
Epoch [317/1500] | Sampled: 798.44 | Baseline: 603.38 | Improvement: -195.06 | Win Rate: 0.00% | Actor Loss: -10.1028 | Entropy: 0.8727 | Invalid S/B: 0.31/0.00 | Max Load: 13.4 | Load Gap: 2.4
Epoch [318/1500] | Sampled: 786.62 | Baseline: 607.31 | Improvement: -179.31 | Win Rate: 0.00% | Actor Loss: -3.2928 | Entropy: 0.8520 | Invalid S/B: 0.56/0.00 | Max Load: 13.6 | Load Gap: 2.7
Epoch [319/1500] | Sampled: 800.06 | Baseline: 605.88 | Improvement: -194.19 | Win Rate: 0.00% | Actor Loss: -7.4714 | Entropy: 0.8514 | Invalid S/B: 0.75/0.00 | Max Load: 13.8 | Load Gap: 2.8
Epoch [320/1500] | Sampled: 767.31 | Baseline: 606.56 | Improvement: -160.75 | Win Rate: 0.00% | Actor Loss: -2.9966 | Entropy: 0.8636 | Invalid S/B: 0.62/0.00 | Max Load: 13.1 | Load Gap: 1.9
Epoch [321/1500] | Sampled: 788.69 | Baseline: 615.88 | Improvement: -172.81 | Win Rate: 0.00% | Actor Loss: -9.6150 | Entropy: 0.8708 | Invalid S/B: 0.25/0.00 | Max Load: 13.7 | Load Gap: 2.9
Epoch [322/1500] | Sampled: 777.31 | Baseline: 603.69 | Improvement: -173.62 | Win Rate: 0.00% | Actor Loss: -7.6909 | Entropy: 0.8888 | Invalid S/B: 0.69/0.00 | Max Load: 13.4 | Load Gap: 2.4
Epoch [323/1500] | Sampled: 785.88 | Baseline: 616.81 | Improvement: -169.06 | Win Rate: 0.00% | Actor Loss: -3.5913 | Entropy: 0.9249 | Invalid S/B: 0.69/0.00 | Max Load: 13.4 | Load Gap: 2.4
Epoch [324/1500] | Sampled: 762.31 | Baseline: 604.75 | Improvement: -157.56 | Win Rate: 0.00% | Actor Loss: -7.5577 | Entropy: 0.9333 | Invalid S/B: 0.38/0.00 | Max Load: 13.4 | Load Gap: 2.6
Epoch [325/1500] | Sampled: 806.88 | Baseline: 605.38 | Improvement: -201.50 | Win Rate: 0.00% | Actor Loss: -4.8485 | Entropy: 0.9490 | Invalid S/B: 1.00/0.00 | Max Load: 13.7 | Load Gap: 2.9
Epoch [326/1500] | Sampled: 787.06 | Baseline: 596.12 | Improvement: -190.94 | Win Rate: 0.00% | Actor Loss: -14.5447 | Entropy: 0.9600 | Invalid S/B: 1.19/0.00 | Max Load: 13.8 | Load Gap: 3.0
Epoch [327/1500] | Sampled: 778.50 | Baseline: 615.12 | Improvement: -163.38 | Win Rate: 0.00% | Actor Loss: -9.4164 | Entropy: 0.9643 | Invalid S/B: 0.38/0.00 | Max Load: 13.5 | Load Gap: 2.7
Epoch [328/1500] | Sampled: 773.50 | Baseline: 601.00 | Improvement: -172.50 | Win Rate: 0.00% | Actor Loss: -8.3930 | Entropy: 0.9270 | Invalid S/B: 0.38/0.00 | Max Load: 13.5 | Load Gap: 2.9
Epoch [329/1500] | Sampled: 759.06 | Baseline: 609.38 | Improvement: -149.69 | Win Rate: 0.00% | Actor Loss: -15.3964 | Entropy: 0.8665 | Invalid S/B: 0.06/0.00 | Max Load: 13.6 | Load Gap: 2.9
Epoch [330/1500] | Sampled: 775.12 | Baseline: 605.06 | Improvement: -170.06 | Win Rate: 0.00% | Actor Loss: -11.4925 | Entropy: 0.8509 | Invalid S/B: 0.69/0.00 | Max Load: 13.6 | Load Gap: 2.8
Epoch [331/1500] | Sampled: 756.31 | Baseline: 606.38 | Improvement: -149.94 | Win Rate: 0.00% | Actor Loss: -12.6942 | Entropy: 0.7998 | Invalid S/B: 0.31/0.00 | Max Load: 13.6 | Load Gap: 2.8
Epoch [332/1500] | Sampled: 778.75 | Baseline: 603.25 | Improvement: -175.50 | Win Rate: 0.00% | Actor Loss: -3.9019 | Entropy: 0.7770 | Invalid S/B: 0.19/0.00 | Max Load: 13.6 | Load Gap: 2.8
Epoch [333/1500] | Sampled: 761.25 | Baseline: 616.62 | Improvement: -144.62 | Win Rate: 0.00% | Actor Loss: -9.8903 | Entropy: 0.7804 | Invalid S/B: 0.00/0.00 | Max Load: 13.4 | Load Gap: 2.6
Epoch [334/1500] | Sampled: 755.06 | Baseline: 602.94 | Improvement: -152.12 | Win Rate: 0.00% | Actor Loss: -10.8093 | Entropy: 0.7801 | Invalid S/B: 0.00/0.00 | Max Load: 13.4 | Load Gap: 2.6
Epoch [335/1500] | Sampled: 758.31 | Baseline: 617.56 | Improvement: -140.75 | Win Rate: 0.00% | Actor Loss: -5.2940 | Entropy: 0.7675 | Invalid S/B: 0.31/0.00 | Max Load: 13.5 | Load Gap: 2.7
Epoch [336/1500] | Sampled: 786.81 | Baseline: 619.12 | Improvement: -167.69 | Win Rate: 0.00% | Actor Loss: -3.3607 | Entropy: 0.7250 | Invalid S/B: 0.69/0.00 | Max Load: 13.3 | Load Gap: 2.4
Epoch [337/1500] | Sampled: 765.62 | Baseline: 611.25 | Improvement: -154.38 | Win Rate: 0.00% | Actor Loss: -21.2841 | Entropy: 0.7598 | Invalid S/B: 0.25/0.00 | Max Load: 13.6 | Load Gap: 2.8
Epoch [338/1500] | Sampled: 760.75 | Baseline: 607.56 | Improvement: -153.19 | Win Rate: 0.00% | Actor Loss: -17.5106 | Entropy: 0.7923 | Invalid S/B: 0.12/0.00 | Max Load: 13.8 | Load Gap: 3.1
Epoch [339/1500] | Sampled: 770.25 | Baseline: 600.06 | Improvement: -170.19 | Win Rate: 0.00% | Actor Loss: -16.9029 | Entropy: 0.7680 | Invalid S/B: 0.19/0.00 | Max Load: 13.5 | Load Gap: 2.6
Epoch [340/1500] | Sampled: 771.19 | Baseline: 607.12 | Improvement: -164.06 | Win Rate: 0.00% | Actor Loss: -12.6282 | Entropy: 0.7533 | Invalid S/B: 0.56/0.00 | Max Load: 13.3 | Load Gap: 2.6
Epoch [341/1500] | Sampled: 759.62 | Baseline: 602.44 | Improvement: -157.19 | Win Rate: 0.00% | Actor Loss: -19.9565 | Entropy: 0.7574 | Invalid S/B: 0.31/0.00 | Max Load: 13.6 | Load Gap: 2.8
Epoch [342/1500] | Sampled: 781.12 | Baseline: 608.56 | Improvement: -172.56 | Win Rate: 0.00% | Actor Loss: -19.5904 | Entropy: 0.7524 | Invalid S/B: 0.44/0.00 | Max Load: 13.3 | Load Gap: 2.4
Epoch [343/1500] | Sampled: 774.56 | Baseline: 615.19 | Improvement: -159.38 | Win Rate: 0.00% | Actor Loss: -13.6808 | Entropy: 0.7365 | Invalid S/B: 0.56/0.00 | Max Load: 13.1 | Load Gap: 1.9
Epoch [344/1500] | Sampled: 785.56 | Baseline: 608.00 | Improvement: -177.56 | Win Rate: 0.00% | Actor Loss: -8.6362 | Entropy: 0.7426 | Invalid S/B: 0.38/0.00 | Max Load: 13.6 | Load Gap: 2.9
Epoch [345/1500] | Sampled: 776.25 | Baseline: 602.00 | Improvement: -174.25 | Win Rate: 0.00% | Actor Loss: -10.5931 | Entropy: 0.7288 | Invalid S/B: 0.44/0.00 | Max Load: 13.5 | Load Gap: 2.9
Epoch [346/1500] | Sampled: 774.38 | Baseline: 602.19 | Improvement: -172.19 | Win Rate: 0.00% | Actor Loss: -9.0022 | Entropy: 0.7470 | Invalid S/B: 0.69/0.00 | Max Load: 13.3 | Load Gap: 2.4
Epoch [347/1500] | Sampled: 755.88 | Baseline: 606.12 | Improvement: -149.75 | Win Rate: 0.00% | Actor Loss: -11.2013 | Entropy: 0.7600 | Invalid S/B: 0.31/0.00 | Max Load: 13.1 | Load Gap: 2.1
Epoch [348/1500] | Sampled: 745.38 | Baseline: 612.94 | Improvement: -132.44 | Win Rate: 0.00% | Actor Loss: -16.1394 | Entropy: 0.7749 | Invalid S/B: 0.00/0.00 | Max Load: 13.4 | Load Gap: 2.5
Epoch [349/1500] | Sampled: 792.81 | Baseline: 612.44 | Improvement: -180.38 | Win Rate: 0.00% | Actor Loss: -4.5745 | Entropy: 0.7694 | Invalid S/B: 0.56/0.00 | Max Load: 13.3 | Load Gap: 2.6
Epoch [350/1500] | Sampled: 759.62 | Baseline: 611.25 | Improvement: -148.38 | Win Rate: 0.00% | Actor Loss: -15.2186 | Entropy: 0.7786 | Invalid S/B: 0.19/0.00 | Max Load: 13.1 | Load Gap: 2.2
   -> Validation | Samples: 50 | Makespan: 764.54 | Invalid Jobs: 0.48
Epoch [351/1500] | Sampled: 790.88 | Baseline: 612.31 | Improvement: -178.56 | Win Rate: 0.00% | Actor Loss: -20.2729 | Entropy: 0.7643 | Invalid S/B: 0.44/0.00 | Max Load: 13.3 | Load Gap: 2.2
Epoch [352/1500] | Sampled: 755.19 | Baseline: 610.88 | Improvement: -144.31 | Win Rate: 0.00% | Actor Loss: -18.0567 | Entropy: 0.7827 | Invalid S/B: 0.38/0.00 | Max Load: 13.2 | Load Gap: 2.1
Epoch [353/1500] | Sampled: 761.19 | Baseline: 602.50 | Improvement: -158.69 | Win Rate: 0.00% | Actor Loss: -23.3748 | Entropy: 0.7708 | Invalid S/B: 0.19/0.00 | Max Load: 13.2 | Load Gap: 2.3
Epoch [354/1500] | Sampled: 773.56 | Baseline: 621.25 | Improvement: -152.31 | Win Rate: 0.00% | Actor Loss: -19.6270 | Entropy: 0.7585 | Invalid S/B: 0.00/0.00 | Max Load: 13.2 | Load Gap: 2.2
Epoch [355/1500] | Sampled: 736.00 | Baseline: 604.31 | Improvement: -131.69 | Win Rate: 0.00% | Actor Loss: -12.4020 | Entropy: 0.7561 | Invalid S/B: 0.19/0.00 | Max Load: 13.1 | Load Gap: 2.1
Epoch [356/1500] | Sampled: 756.81 | Baseline: 608.62 | Improvement: -148.19 | Win Rate: 0.00% | Actor Loss: -12.9426 | Entropy: 0.7293 | Invalid S/B: 0.31/0.00 | Max Load: 12.8 | Load Gap: 1.6
Epoch [357/1500] | Sampled: 799.50 | Baseline: 598.50 | Improvement: -201.00 | Win Rate: 0.00% | Actor Loss: -2.6241 | Entropy: 0.7463 | Invalid S/B: 1.00/0.00 | Max Load: 13.6 | Load Gap: 2.9
Epoch [358/1500] | Sampled: 764.69 | Baseline: 615.12 | Improvement: -149.56 | Win Rate: 0.00% | Actor Loss: -6.8806 | Entropy: 0.7414 | Invalid S/B: 0.31/0.00 | Max Load: 13.3 | Load Gap: 2.5
Epoch [359/1500] | Sampled: 768.88 | Baseline: 610.25 | Improvement: -158.62 | Win Rate: 0.00% | Actor Loss: -0.9838 | Entropy: 0.7625 | Invalid S/B: 0.38/0.00 | Max Load: 13.1 | Load Gap: 2.0
Epoch [360/1500] | Sampled: 775.69 | Baseline: 607.56 | Improvement: -168.12 | Win Rate: 0.00% | Actor Loss: -9.1494 | Entropy: 0.7880 | Invalid S/B: 0.69/0.00 | Max Load: 13.2 | Load Gap: 2.3
Epoch [361/1500] | Sampled: 747.56 | Baseline: 600.56 | Improvement: -147.00 | Win Rate: 0.00% | Actor Loss: -1.6771 | Entropy: 0.8305 | Invalid S/B: 0.50/0.00 | Max Load: 13.3 | Load Gap: 2.6
Epoch [362/1500] | Sampled: 754.88 | Baseline: 608.19 | Improvement: -146.69 | Win Rate: 0.00% | Actor Loss: -11.6266 | Entropy: 0.8808 | Invalid S/B: 0.12/0.00 | Max Load: 13.4 | Load Gap: 2.5
Epoch [363/1500] | Sampled: 739.88 | Baseline: 613.81 | Improvement: -126.06 | Win Rate: 0.00% | Actor Loss: -5.8415 | Entropy: 0.9091 | Invalid S/B: 0.00/0.00 | Max Load: 13.3 | Load Gap: 2.6
Epoch [364/1500] | Sampled: 808.62 | Baseline: 604.94 | Improvement: -203.69 | Win Rate: 0.00% | Actor Loss: -2.7815 | Entropy: 0.9683 | Invalid S/B: 1.12/0.00 | Max Load: 14.1 | Load Gap: 3.8
Epoch [365/1500] | Sampled: 756.50 | Baseline: 612.38 | Improvement: -144.12 | Win Rate: 0.00% | Actor Loss: -8.0551 | Entropy: 0.9673 | Invalid S/B: 0.12/0.00 | Max Load: 13.8 | Load Gap: 3.4
Epoch [366/1500] | Sampled: 798.12 | Baseline: 608.62 | Improvement: -189.50 | Win Rate: 0.00% | Actor Loss: -7.0234 | Entropy: 0.9447 | Invalid S/B: 0.56/0.00 | Max Load: 13.4 | Load Gap: 2.6
Epoch [367/1500] | Sampled: 780.44 | Baseline: 604.38 | Improvement: -176.06 | Win Rate: 0.00% | Actor Loss: -6.1769 | Entropy: 0.9707 | Invalid S/B: 0.31/0.00 | Max Load: 13.4 | Load Gap: 2.9
Epoch [368/1500] | Sampled: 783.94 | Baseline: 608.31 | Improvement: -175.62 | Win Rate: 0.00% | Actor Loss: 2.1214 | Entropy: 0.9949 | Invalid S/B: 0.19/0.00 | Max Load: 13.9 | Load Gap: 3.6
Epoch [369/1500] | Sampled: 784.44 | Baseline: 616.31 | Improvement: -168.12 | Win Rate: 0.00% | Actor Loss: 3.5268 | Entropy: 0.9853 | Invalid S/B: 0.19/0.00 | Max Load: 13.8 | Load Gap: 3.2
Epoch [370/1500] | Sampled: 777.62 | Baseline: 613.25 | Improvement: -164.38 | Win Rate: 0.00% | Actor Loss: -4.4895 | Entropy: 0.9567 | Invalid S/B: 0.38/0.00 | Max Load: 13.5 | Load Gap: 2.9
Epoch [371/1500] | Sampled: 818.50 | Baseline: 600.88 | Improvement: -217.62 | Win Rate: 0.00% | Actor Loss: 4.9161 | Entropy: 0.9116 | Invalid S/B: 1.06/0.00 | Max Load: 13.5 | Load Gap: 2.7
Epoch [372/1500] | Sampled: 810.38 | Baseline: 613.44 | Improvement: -196.94 | Win Rate: 0.00% | Actor Loss: -3.1100 | Entropy: 0.8702 | Invalid S/B: 0.56/0.00 | Max Load: 13.3 | Load Gap: 2.4
Epoch [373/1500] | Sampled: 788.19 | Baseline: 608.88 | Improvement: -179.31 | Win Rate: 0.00% | Actor Loss: 2.7376 | Entropy: 0.8715 | Invalid S/B: 0.00/0.00 | Max Load: 13.2 | Load Gap: 2.4
Epoch [374/1500] | Sampled: 796.00 | Baseline: 613.50 | Improvement: -182.50 | Win Rate: 0.00% | Actor Loss: -9.0911 | Entropy: 0.8600 | Invalid S/B: 0.44/0.00 | Max Load: 13.4 | Load Gap: 2.3
Epoch [375/1500] | Sampled: 791.69 | Baseline: 607.56 | Improvement: -184.12 | Win Rate: 0.00% | Actor Loss: -5.4790 | Entropy: 0.8294 | Invalid S/B: 0.12/0.00 | Max Load: 13.3 | Load Gap: 2.5
Epoch [376/1500] | Sampled: 804.81 | Baseline: 616.06 | Improvement: -188.75 | Win Rate: 0.00% | Actor Loss: 6.2057 | Entropy: 0.8083 | Invalid S/B: 0.56/0.00 | Max Load: 13.3 | Load Gap: 2.4
Epoch [377/1500] | Sampled: 766.06 | Baseline: 605.31 | Improvement: -160.75 | Win Rate: 0.00% | Actor Loss: 2.1227 | Entropy: 0.7822 | Invalid S/B: 0.19/0.00 | Max Load: 13.2 | Load Gap: 2.1
Epoch [378/1500] | Sampled: 795.12 | Baseline: 606.12 | Improvement: -189.00 | Win Rate: 0.00% | Actor Loss: -8.3381 | Entropy: 0.7801 | Invalid S/B: 0.56/0.00 | Max Load: 13.7 | Load Gap: 2.8
Epoch [379/1500] | Sampled: 784.31 | Baseline: 604.25 | Improvement: -180.06 | Win Rate: 0.00% | Actor Loss: -3.3410 | Entropy: 0.7795 | Invalid S/B: 0.38/0.00 | Max Load: 13.2 | Load Gap: 2.1
Epoch [380/1500] | Sampled: 816.25 | Baseline: 607.00 | Improvement: -209.25 | Win Rate: 0.00% | Actor Loss: -1.9752 | Entropy: 0.7831 | Invalid S/B: 1.00/0.00 | Max Load: 13.2 | Load Gap: 2.2
Epoch [381/1500] | Sampled: 795.31 | Baseline: 604.50 | Improvement: -190.81 | Win Rate: 0.00% | Actor Loss: -8.6995 | Entropy: 0.7825 | Invalid S/B: 0.19/0.00 | Max Load: 12.9 | Load Gap: 1.6
Epoch [382/1500] | Sampled: 792.06 | Baseline: 608.25 | Improvement: -183.81 | Win Rate: 0.00% | Actor Loss: -13.0013 | Entropy: 0.8051 | Invalid S/B: 0.38/0.00 | Max Load: 13.0 | Load Gap: 1.9
Epoch [383/1500] | Sampled: 794.81 | Baseline: 607.56 | Improvement: -187.25 | Win Rate: 0.00% | Actor Loss: -6.2904 | Entropy: 0.8167 | Invalid S/B: 0.38/0.00 | Max Load: 13.4 | Load Gap: 2.3
Epoch [384/1500] | Sampled: 791.38 | Baseline: 606.00 | Improvement: -185.38 | Win Rate: 0.00% | Actor Loss: 3.2983 | Entropy: 0.8036 | Invalid S/B: 0.19/0.00 | Max Load: 13.2 | Load Gap: 2.2
Epoch [385/1500] | Sampled: 784.75 | Baseline: 603.94 | Improvement: -180.81 | Win Rate: 0.00% | Actor Loss: -5.3852 | Entropy: 0.8214 | Invalid S/B: 0.38/0.00 | Max Load: 13.4 | Load Gap: 2.4
Epoch [386/1500] | Sampled: 806.00 | Baseline: 611.56 | Improvement: -194.44 | Win Rate: 0.00% | Actor Loss: -1.6051 | Entropy: 0.8511 | Invalid S/B: 0.44/0.00 | Max Load: 13.0 | Load Gap: 1.8
Epoch [387/1500] | Sampled: 770.12 | Baseline: 605.12 | Improvement: -165.00 | Win Rate: 0.00% | Actor Loss: -4.1813 | Entropy: 0.8679 | Invalid S/B: 0.00/0.00 | Max Load: 13.6 | Load Gap: 2.9
Epoch [388/1500] | Sampled: 750.00 | Baseline: 611.06 | Improvement: -138.94 | Win Rate: 0.00% | Actor Loss: -8.4793 | Entropy: 0.8777 | Invalid S/B: 0.19/0.00 | Max Load: 13.4 | Load Gap: 2.8
Epoch [389/1500] | Sampled: 769.00 | Baseline: 604.25 | Improvement: -164.75 | Win Rate: 0.00% | Actor Loss: -6.1222 | Entropy: 0.9003 | Invalid S/B: 0.69/0.00 | Max Load: 13.6 | Load Gap: 2.8
Epoch [390/1500] | Sampled: 790.62 | Baseline: 605.31 | Improvement: -185.31 | Win Rate: 0.00% | Actor Loss: -11.6598 | Entropy: 0.9149 | Invalid S/B: 0.94/0.00 | Max Load: 13.6 | Load Gap: 3.0
Epoch [391/1500] | Sampled: 772.25 | Baseline: 614.56 | Improvement: -157.69 | Win Rate: 0.00% | Actor Loss: -0.8166 | Entropy: 0.9456 | Invalid S/B: 0.31/0.00 | Max Load: 13.4 | Load Gap: 2.8
Epoch [392/1500] | Sampled: 779.06 | Baseline: 611.81 | Improvement: -167.25 | Win Rate: 0.00% | Actor Loss: -1.5898 | Entropy: 0.9418 | Invalid S/B: 0.50/0.00 | Max Load: 13.7 | Load Gap: 3.1
Epoch [393/1500] | Sampled: 775.56 | Baseline: 607.38 | Improvement: -168.19 | Win Rate: 0.00% | Actor Loss: -2.1621 | Entropy: 0.9479 | Invalid S/B: 0.62/0.00 | Max Load: 13.6 | Load Gap: 2.9
Epoch [394/1500] | Sampled: 777.81 | Baseline: 603.31 | Improvement: -174.50 | Win Rate: 0.00% | Actor Loss: -3.6008 | Entropy: 0.9306 | Invalid S/B: 0.31/0.00 | Max Load: 13.3 | Load Gap: 2.4
Epoch [395/1500] | Sampled: 778.38 | Baseline: 612.50 | Improvement: -165.88 | Win Rate: 0.00% | Actor Loss: -6.5150 | Entropy: 0.8712 | Invalid S/B: 0.19/0.00 | Max Load: 13.5 | Load Gap: 2.6
Epoch [396/1500] | Sampled: 798.94 | Baseline: 600.56 | Improvement: -198.38 | Win Rate: 0.00% | Actor Loss: -2.3114 | Entropy: 0.8180 | Invalid S/B: 0.38/0.00 | Max Load: 13.4 | Load Gap: 2.4
Epoch [397/1500] | Sampled: 788.38 | Baseline: 601.44 | Improvement: -186.94 | Win Rate: 0.00% | Actor Loss: -6.7585 | Entropy: 0.7920 | Invalid S/B: 0.69/0.00 | Max Load: 13.1 | Load Gap: 2.1
Epoch [398/1500] | Sampled: 813.38 | Baseline: 603.00 | Improvement: -210.38 | Win Rate: 0.00% | Actor Loss: -2.2422 | Entropy: 0.7571 | Invalid S/B: 1.00/0.00 | Max Load: 12.9 | Load Gap: 1.7
Epoch [399/1500] | Sampled: 840.00 | Baseline: 602.25 | Improvement: -237.75 | Win Rate: 0.00% | Actor Loss: -2.9232 | Entropy: 0.7120 | Invalid S/B: 1.12/0.00 | Max Load: 13.1 | Load Gap: 2.0
Epoch [400/1500] | Sampled: 851.25 | Baseline: 605.06 | Improvement: -246.19 | Win Rate: 0.00% | Actor Loss: -5.2436 | Entropy: 0.6884 | Invalid S/B: 1.19/0.00 | Max Load: 13.2 | Load Gap: 2.2
   -> Validation | Samples: 50 | Makespan: 842.00 | Invalid Jobs: 0.78
   -> Saved updated training chart to /home/wei/AMR-DFJSP/Static_alogorithm/GNN/gnn_precise_training_metrics.png
Epoch [401/1500] | Sampled: 857.50 | Baseline: 614.81 | Improvement: -242.69 | Win Rate: 0.00% | Actor Loss: -3.4137 | Entropy: 0.6791 | Invalid S/B: 0.81/0.00 | Max Load: 13.2 | Load Gap: 2.2
Epoch [402/1500] | Sampled: 851.06 | Baseline: 602.75 | Improvement: -248.31 | Win Rate: 0.00% | Actor Loss: -5.4965 | Entropy: 0.6538 | Invalid S/B: 0.88/0.00 | Max Load: 13.2 | Load Gap: 2.1
Epoch [403/1500] | Sampled: 853.88 | Baseline: 611.94 | Improvement: -241.94 | Win Rate: 0.00% | Actor Loss: -4.0331 | Entropy: 0.6486 | Invalid S/B: 0.88/0.00 | Max Load: 13.1 | Load Gap: 2.0
Epoch [404/1500] | Sampled: 886.12 | Baseline: 617.44 | Improvement: -268.69 | Win Rate: 0.00% | Actor Loss: -2.3252 | Entropy: 0.6477 | Invalid S/B: 1.75/0.00 | Max Load: 13.4 | Load Gap: 2.4
Epoch [405/1500] | Sampled: 840.88 | Baseline: 607.12 | Improvement: -233.75 | Win Rate: 0.00% | Actor Loss: -2.9516 | Entropy: 0.6033 | Invalid S/B: 0.31/0.00 | Max Load: 13.3 | Load Gap: 2.3
Epoch [406/1500] | Sampled: 832.81 | Baseline: 607.31 | Improvement: -225.50 | Win Rate: 0.00% | Actor Loss: -4.1549 | Entropy: 0.5912 | Invalid S/B: 0.88/0.00 | Max Load: 13.4 | Load Gap: 2.4
Epoch [407/1500] | Sampled: 801.50 | Baseline: 598.19 | Improvement: -203.31 | Win Rate: 0.00% | Actor Loss: -4.8721 | Entropy: 0.5405 | Invalid S/B: 0.56/0.00 | Max Load: 13.1 | Load Gap: 2.0
Epoch [408/1500] | Sampled: 840.56 | Baseline: 608.88 | Improvement: -231.69 | Win Rate: 0.00% | Actor Loss: -5.1426 | Entropy: 0.5379 | Invalid S/B: 0.94/0.00 | Max Load: 13.6 | Load Gap: 2.6
Epoch [409/1500] | Sampled: 822.00 | Baseline: 614.38 | Improvement: -207.62 | Win Rate: 0.00% | Actor Loss: -5.5509 | Entropy: 0.4993 | Invalid S/B: 0.19/0.00 | Max Load: 13.6 | Load Gap: 2.5
Epoch [410/1500] | Sampled: 791.12 | Baseline: 598.44 | Improvement: -192.69 | Win Rate: 0.00% | Actor Loss: -4.7269 | Entropy: 0.5139 | Invalid S/B: 0.38/0.00 | Max Load: 13.3 | Load Gap: 2.2
Epoch [411/1500] | Sampled: 798.69 | Baseline: 611.38 | Improvement: -187.31 | Win Rate: 0.00% | Actor Loss: -6.1594 | Entropy: 0.5059 | Invalid S/B: 0.56/0.00 | Max Load: 13.2 | Load Gap: 2.2
Epoch [412/1500] | Sampled: 801.56 | Baseline: 607.25 | Improvement: -194.31 | Win Rate: 0.00% | Actor Loss: -3.4582 | Entropy: 0.4872 | Invalid S/B: 0.75/0.00 | Max Load: 13.2 | Load Gap: 2.2
Epoch [413/1500] | Sampled: 805.56 | Baseline: 606.38 | Improvement: -199.19 | Win Rate: 0.00% | Actor Loss: -5.4241 | Entropy: 0.5033 | Invalid S/B: 0.50/0.00 | Max Load: 13.6 | Load Gap: 2.6
Epoch [414/1500] | Sampled: 786.00 | Baseline: 601.75 | Improvement: -184.25 | Win Rate: 0.00% | Actor Loss: -0.2322 | Entropy: 0.4781 | Invalid S/B: 0.50/0.00 | Max Load: 13.4 | Load Gap: 2.4
Epoch [415/1500] | Sampled: 800.94 | Baseline: 605.88 | Improvement: -195.06 | Win Rate: 0.00% | Actor Loss: 0.9384 | Entropy: 0.4891 | Invalid S/B: 0.62/0.00 | Max Load: 13.2 | Load Gap: 2.2
Epoch [416/1500] | Sampled: 808.69 | Baseline: 610.69 | Improvement: -198.00 | Win Rate: 0.00% | Actor Loss: -6.7106 | Entropy: 0.4984 | Invalid S/B: 0.38/0.00 | Max Load: 13.4 | Load Gap: 2.4
Epoch [417/1500] | Sampled: 790.56 | Baseline: 601.81 | Improvement: -188.75 | Win Rate: 0.00% | Actor Loss: -5.8981 | Entropy: 0.4812 | Invalid S/B: 0.75/0.00 | Max Load: 13.4 | Load Gap: 2.4
Epoch [418/1500] | Sampled: 823.00 | Baseline: 613.00 | Improvement: -210.00 | Win Rate: 0.00% | Actor Loss: -7.2309 | Entropy: 0.4735 | Invalid S/B: 0.94/0.00 | Max Load: 13.6 | Load Gap: 2.7
Epoch [419/1500] | Sampled: 774.69 | Baseline: 606.88 | Improvement: -167.81 | Win Rate: 0.00% | Actor Loss: -6.7409 | Entropy: 0.4824 | Invalid S/B: 0.25/0.00 | Max Load: 13.2 | Load Gap: 2.1
Epoch [420/1500] | Sampled: 820.56 | Baseline: 606.12 | Improvement: -214.44 | Win Rate: 0.00% | Actor Loss: -4.1510 | Entropy: 0.4977 | Invalid S/B: 0.94/0.00 | Max Load: 13.5 | Load Gap: 2.5
Epoch [421/1500] | Sampled: 804.50 | Baseline: 608.62 | Improvement: -195.88 | Win Rate: 0.00% | Actor Loss: -8.3349 | Entropy: 0.5030 | Invalid S/B: 0.50/0.00 | Max Load: 13.4 | Load Gap: 2.4
Epoch [422/1500] | Sampled: 798.88 | Baseline: 601.81 | Improvement: -197.06 | Win Rate: 0.00% | Actor Loss: -7.0464 | Entropy: 0.4828 | Invalid S/B: 0.75/0.00 | Max Load: 13.4 | Load Gap: 2.4
Epoch [423/1500] | Sampled: 816.06 | Baseline: 600.06 | Improvement: -216.00 | Win Rate: 0.00% | Actor Loss: -8.7659 | Entropy: 0.4931 | Invalid S/B: 0.56/0.00 | Max Load: 13.5 | Load Gap: 2.6
Epoch [424/1500] | Sampled: 810.00 | Baseline: 606.62 | Improvement: -203.38 | Win Rate: 0.00% | Actor Loss: -8.3642 | Entropy: 0.5097 | Invalid S/B: 0.56/0.00 | Max Load: 13.6 | Load Gap: 2.8
Epoch [425/1500] | Sampled: 813.25 | Baseline: 601.69 | Improvement: -211.56 | Win Rate: 0.00% | Actor Loss: -8.3652 | Entropy: 0.5037 | Invalid S/B: 0.75/0.00 | Max Load: 13.5 | Load Gap: 2.6
Epoch [426/1500] | Sampled: 806.62 | Baseline: 610.81 | Improvement: -195.81 | Win Rate: 0.00% | Actor Loss: -9.4252 | Entropy: 0.5041 | Invalid S/B: 0.38/0.00 | Max Load: 13.8 | Load Gap: 3.0
Epoch [427/1500] | Sampled: 852.00 | Baseline: 612.44 | Improvement: -239.56 | Win Rate: 0.00% | Actor Loss: -3.2317 | Entropy: 0.5070 | Invalid S/B: 1.12/0.00 | Max Load: 13.8 | Load Gap: 2.8
Epoch [428/1500] | Sampled: 801.69 | Baseline: 612.50 | Improvement: -189.19 | Win Rate: 0.00% | Actor Loss: -6.8356 | Entropy: 0.5143 | Invalid S/B: 0.50/0.00 | Max Load: 13.4 | Load Gap: 2.3
Epoch [429/1500] | Sampled: 794.00 | Baseline: 610.94 | Improvement: -183.06 | Win Rate: 0.00% | Actor Loss: -11.5304 | Entropy: 0.5329 | Invalid S/B: 0.19/0.00 | Max Load: 13.6 | Load Gap: 2.8
Epoch [430/1500] | Sampled: 805.81 | Baseline: 600.88 | Improvement: -204.94 | Win Rate: 0.00% | Actor Loss: -6.4193 | Entropy: 0.5564 | Invalid S/B: 0.50/0.00 | Max Load: 13.4 | Load Gap: 2.4
Epoch [431/1500] | Sampled: 819.94 | Baseline: 605.88 | Improvement: -214.06 | Win Rate: 0.00% | Actor Loss: -5.1607 | Entropy: 0.5513 | Invalid S/B: 0.56/0.00 | Max Load: 13.2 | Load Gap: 2.2
Epoch [432/1500] | Sampled: 814.44 | Baseline: 612.50 | Improvement: -201.94 | Win Rate: 0.00% | Actor Loss: -12.0851 | Entropy: 0.5943 | Invalid S/B: 0.56/0.00 | Max Load: 13.6 | Load Gap: 2.6
Epoch [433/1500] | Sampled: 807.44 | Baseline: 612.62 | Improvement: -194.81 | Win Rate: 0.00% | Actor Loss: -6.5762 | Entropy: 0.6191 | Invalid S/B: 0.31/0.00 | Max Load: 13.2 | Load Gap: 2.3
Epoch [434/1500] | Sampled: 834.94 | Baseline: 614.56 | Improvement: -220.38 | Win Rate: 0.00% | Actor Loss: -7.1628 | Entropy: 0.6598 | Invalid S/B: 1.12/0.00 | Max Load: 13.5 | Load Gap: 2.5
Epoch [435/1500] | Sampled: 811.56 | Baseline: 601.94 | Improvement: -209.62 | Win Rate: 0.00% | Actor Loss: -4.0877 | Entropy: 0.6539 | Invalid S/B: 0.69/0.00 | Max Load: 13.2 | Load Gap: 2.3
Epoch [436/1500] | Sampled: 820.75 | Baseline: 611.94 | Improvement: -208.81 | Win Rate: 0.00% | Actor Loss: -4.5623 | Entropy: 0.6575 | Invalid S/B: 0.69/0.00 | Max Load: 13.5 | Load Gap: 2.5
Epoch [437/1500] | Sampled: 823.94 | Baseline: 607.94 | Improvement: -216.00 | Win Rate: 0.00% | Actor Loss: -8.3062 | Entropy: 0.6565 | Invalid S/B: 0.75/0.00 | Max Load: 13.5 | Load Gap: 2.6
Epoch [438/1500] | Sampled: 809.25 | Baseline: 604.75 | Improvement: -204.50 | Win Rate: 0.00% | Actor Loss: -3.9525 | Entropy: 0.6549 | Invalid S/B: 0.38/0.00 | Max Load: 13.4 | Load Gap: 2.6
Epoch [439/1500] | Sampled: 825.31 | Baseline: 612.19 | Improvement: -213.12 | Win Rate: 0.00% | Actor Loss: -8.1675 | Entropy: 0.6456 | Invalid S/B: 0.69/0.00 | Max Load: 13.1 | Load Gap: 1.9
Epoch [440/1500] | Sampled: 819.25 | Baseline: 601.94 | Improvement: -217.31 | Win Rate: 0.00% | Actor Loss: 7.7736 | Entropy: 0.6592 | Invalid S/B: 0.75/0.00 | Max Load: 13.4 | Load Gap: 2.4
Epoch [441/1500] | Sampled: 821.81 | Baseline: 608.75 | Improvement: -213.06 | Win Rate: 0.00% | Actor Loss: -9.4555 | Entropy: 0.6483 | Invalid S/B: 0.94/0.00 | Max Load: 13.2 | Load Gap: 2.2
Epoch [442/1500] | Sampled: 833.56 | Baseline: 611.62 | Improvement: -221.94 | Win Rate: 0.00% | Actor Loss: -10.1365 | Entropy: 0.6714 | Invalid S/B: 1.12/0.00 | Max Load: 13.2 | Load Gap: 2.1
Epoch [443/1500] | Sampled: 834.81 | Baseline: 601.81 | Improvement: -233.00 | Win Rate: 0.00% | Actor Loss: -13.8136 | Entropy: 0.6844 | Invalid S/B: 1.69/0.00 | Max Load: 13.1 | Load Gap: 2.1
Epoch [444/1500] | Sampled: 838.62 | Baseline: 608.75 | Improvement: -229.88 | Win Rate: 0.00% | Actor Loss: -7.2977 | Entropy: 0.6712 | Invalid S/B: 1.12/0.00 | Max Load: 13.4 | Load Gap: 2.6
Epoch [445/1500] | Sampled: 832.69 | Baseline: 603.44 | Improvement: -229.25 | Win Rate: 0.00% | Actor Loss: -7.4598 | Entropy: 0.6677 | Invalid S/B: 0.94/0.00 | Max Load: 13.2 | Load Gap: 2.2
Epoch [446/1500] | Sampled: 841.88 | Baseline: 612.69 | Improvement: -229.19 | Win Rate: 0.00% | Actor Loss: -17.5212 | Entropy: 0.6755 | Invalid S/B: 1.50/0.00 | Max Load: 13.2 | Load Gap: 2.1
Epoch [447/1500] | Sampled: 866.31 | Baseline: 604.44 | Improvement: -261.88 | Win Rate: 0.00% | Actor Loss: -9.2561 | Entropy: 0.6932 | Invalid S/B: 2.12/0.00 | Max Load: 12.9 | Load Gap: 1.9
Epoch [448/1500] | Sampled: 884.50 | Baseline: 607.56 | Improvement: -276.94 | Win Rate: 0.00% | Actor Loss: -6.2129 | Entropy: 0.6753 | Invalid S/B: 2.44/0.00 | Max Load: 13.4 | Load Gap: 2.4
Epoch [449/1500] | Sampled: 861.00 | Baseline: 609.06 | Improvement: -251.94 | Win Rate: 0.00% | Actor Loss: -6.6444 | Entropy: 0.6720 | Invalid S/B: 2.19/0.00 | Max Load: 13.6 | Load Gap: 2.6
Epoch [450/1500] | Sampled: 858.25 | Baseline: 601.25 | Improvement: -257.00 | Win Rate: 0.00% | Actor Loss: -6.8861 | Entropy: 0.6598 | Invalid S/B: 1.88/0.00 | Max Load: 13.0 | Load Gap: 2.0
   -> Validation | Samples: 50 | Makespan: 831.42 | Invalid Jobs: 1.14
Epoch [451/1500] | Sampled: 828.94 | Baseline: 605.12 | Improvement: -223.81 | Win Rate: 0.00% | Actor Loss: -20.1126 | Entropy: 0.6986 | Invalid S/B: 0.62/0.00 | Max Load: 13.1 | Load Gap: 2.0
Epoch [452/1500] | Sampled: 848.12 | Baseline: 610.81 | Improvement: -237.31 | Win Rate: 0.00% | Actor Loss: -12.8511 | Entropy: 0.6679 | Invalid S/B: 1.19/0.00 | Max Load: 13.1 | Load Gap: 2.0
Epoch [453/1500] | Sampled: 825.50 | Baseline: 603.94 | Improvement: -221.56 | Win Rate: 0.00% | Actor Loss: -9.3018 | Entropy: 0.6762 | Invalid S/B: 0.81/0.00 | Max Load: 13.3 | Load Gap: 2.3
Epoch [454/1500] | Sampled: 819.38 | Baseline: 602.25 | Improvement: -217.12 | Win Rate: 0.00% | Actor Loss: -10.9799 | Entropy: 0.6828 | Invalid S/B: 0.69/0.00 | Max Load: 13.2 | Load Gap: 2.2
Epoch [455/1500] | Sampled: 803.81 | Baseline: 602.88 | Improvement: -200.94 | Win Rate: 0.00% | Actor Loss: -7.8550 | Entropy: 0.6765 | Invalid S/B: 0.56/0.00 | Max Load: 13.2 | Load Gap: 2.1
Epoch [456/1500] | Sampled: 836.62 | Baseline: 607.50 | Improvement: -229.12 | Win Rate: 0.00% | Actor Loss: -6.4157 | Entropy: 0.6761 | Invalid S/B: 1.00/0.00 | Max Load: 13.1 | Load Gap: 2.1
Epoch [457/1500] | Sampled: 836.12 | Baseline: 614.38 | Improvement: -221.75 | Win Rate: 0.00% | Actor Loss: -3.8447 | Entropy: 0.6934 | Invalid S/B: 0.69/0.00 | Max Load: 13.2 | Load Gap: 2.2
Epoch [458/1500] | Sampled: 860.44 | Baseline: 608.38 | Improvement: -252.06 | Win Rate: 0.00% | Actor Loss: -12.1488 | Entropy: 0.7141 | Invalid S/B: 1.12/0.00 | Max Load: 13.2 | Load Gap: 2.2
Epoch [459/1500] | Sampled: 862.25 | Baseline: 607.75 | Improvement: -254.50 | Win Rate: 0.00% | Actor Loss: -0.2708 | Entropy: 0.7070 | Invalid S/B: 0.94/0.00 | Max Load: 13.2 | Load Gap: 2.2
Epoch [460/1500] | Sampled: 830.62 | Baseline: 611.62 | Improvement: -219.00 | Win Rate: 0.00% | Actor Loss: -6.2699 | Entropy: 0.7043 | Invalid S/B: 0.56/0.00 | Max Load: 13.2 | Load Gap: 2.2
Epoch [461/1500] | Sampled: 820.50 | Baseline: 599.44 | Improvement: -221.06 | Win Rate: 0.00% | Actor Loss: -5.0372 | Entropy: 0.6954 | Invalid S/B: 0.75/0.00 | Max Load: 13.0 | Load Gap: 1.9
Epoch [462/1500] | Sampled: 827.38 | Baseline: 612.00 | Improvement: -215.38 | Win Rate: 0.00% | Actor Loss: -10.4832 | Entropy: 0.7152 | Invalid S/B: 0.50/0.00 | Max Load: 13.2 | Load Gap: 2.2
Epoch [463/1500] | Sampled: 834.12 | Baseline: 603.44 | Improvement: -230.69 | Win Rate: 0.00% | Actor Loss: -6.8073 | Entropy: 0.7057 | Invalid S/B: 0.44/0.00 | Max Load: 13.2 | Load Gap: 2.2
Epoch [464/1500] | Sampled: 844.81 | Baseline: 608.62 | Improvement: -236.19 | Win Rate: 0.00% | Actor Loss: -8.3730 | Entropy: 0.7163 | Invalid S/B: 0.56/0.00 | Max Load: 13.6 | Load Gap: 2.6
Epoch [465/1500] | Sampled: 867.44 | Baseline: 609.50 | Improvement: -257.94 | Win Rate: 0.00% | Actor Loss: -6.0854 | Entropy: 0.7055 | Invalid S/B: 1.06/0.00 | Max Load: 13.2 | Load Gap: 2.3
Epoch [466/1500] | Sampled: 888.00 | Baseline: 612.12 | Improvement: -275.88 | Win Rate: 0.00% | Actor Loss: -8.3570 | Entropy: 0.7172 | Invalid S/B: 1.50/0.00 | Max Load: 13.2 | Load Gap: 2.2
Epoch [467/1500] | Sampled: 822.31 | Baseline: 604.31 | Improvement: -218.00 | Win Rate: 0.00% | Actor Loss: -7.5095 | Entropy: 0.6959 | Invalid S/B: 0.94/0.00 | Max Load: 12.9 | Load Gap: 1.8
Epoch [468/1500] | Sampled: 893.00 | Baseline: 611.12 | Improvement: -281.88 | Win Rate: 0.00% | Actor Loss: -6.6549 | Entropy: 0.7126 | Invalid S/B: 1.56/0.00 | Max Load: 13.4 | Load Gap: 2.4
Epoch [469/1500] | Sampled: 858.06 | Baseline: 613.44 | Improvement: -244.62 | Win Rate: 0.00% | Actor Loss: -9.0153 | Entropy: 0.7033 | Invalid S/B: 0.88/0.00 | Max Load: 13.3 | Load Gap: 2.3
Epoch [470/1500] | Sampled: 842.50 | Baseline: 609.12 | Improvement: -233.38 | Win Rate: 0.00% | Actor Loss: -8.4376 | Entropy: 0.6921 | Invalid S/B: 0.94/0.00 | Max Load: 13.2 | Load Gap: 2.2
Epoch [471/1500] | Sampled: 839.00 | Baseline: 603.50 | Improvement: -235.50 | Win Rate: 0.00% | Actor Loss: -7.4511 | Entropy: 0.7193 | Invalid S/B: 0.69/0.00 | Max Load: 13.2 | Load Gap: 2.3
Epoch [472/1500] | Sampled: 830.69 | Baseline: 600.62 | Improvement: -230.06 | Win Rate: 0.00% | Actor Loss: 6.9479 | Entropy: 0.7228 | Invalid S/B: 0.88/0.00 | Max Load: 13.2 | Load Gap: 2.2
Epoch [473/1500] | Sampled: 852.75 | Baseline: 607.75 | Improvement: -245.00 | Win Rate: 0.00% | Actor Loss: -6.2074 | Entropy: 0.7195 | Invalid S/B: 0.56/0.00 | Max Load: 13.2 | Load Gap: 2.3
Epoch [474/1500] | Sampled: 834.75 | Baseline: 612.38 | Improvement: -222.38 | Win Rate: 0.00% | Actor Loss: -15.6297 | Entropy: 0.7251 | Invalid S/B: 0.44/0.00 | Max Load: 13.2 | Load Gap: 2.1
Epoch [475/1500] | Sampled: 829.56 | Baseline: 605.69 | Improvement: -223.88 | Win Rate: 0.00% | Actor Loss: -5.8897 | Entropy: 0.7300 | Invalid S/B: 0.44/0.00 | Max Load: 13.1 | Load Gap: 2.1
Epoch [476/1500] | Sampled: 838.50 | Baseline: 608.88 | Improvement: -229.62 | Win Rate: 0.00% | Actor Loss: -11.8203 | Entropy: 0.7364 | Invalid S/B: 1.00/0.00 | Max Load: 13.2 | Load Gap: 2.1
Epoch [477/1500] | Sampled: 877.06 | Baseline: 609.44 | Improvement: -267.62 | Win Rate: 0.00% | Actor Loss: -10.0681 | Entropy: 0.7418 | Invalid S/B: 1.38/0.00 | Max Load: 13.2 | Load Gap: 2.1
Epoch [478/1500] | Sampled: 840.19 | Baseline: 602.81 | Improvement: -237.38 | Win Rate: 0.00% | Actor Loss: -3.6786 | Entropy: 0.7176 | Invalid S/B: 0.56/0.00 | Max Load: 12.8 | Load Gap: 1.6
Epoch [479/1500] | Sampled: 858.94 | Baseline: 609.81 | Improvement: -249.12 | Win Rate: 0.00% | Actor Loss: -12.8807 | Entropy: 0.7259 | Invalid S/B: 0.88/0.00 | Max Load: 13.2 | Load Gap: 2.2
Epoch [480/1500] | Sampled: 830.25 | Baseline: 599.50 | Improvement: -230.75 | Win Rate: 0.00% | Actor Loss: -2.8570 | Entropy: 0.7162 | Invalid S/B: 0.44/0.00 | Max Load: 12.9 | Load Gap: 1.9
Epoch [481/1500] | Sampled: 841.50 | Baseline: 607.88 | Improvement: -233.62 | Win Rate: 0.00% | Actor Loss: -9.4860 | Entropy: 0.7422 | Invalid S/B: 0.56/0.00 | Max Load: 13.2 | Load Gap: 2.1
Epoch [482/1500] | Sampled: 853.88 | Baseline: 606.19 | Improvement: -247.69 | Win Rate: 0.00% | Actor Loss: -3.6680 | Entropy: 0.7635 | Invalid S/B: 0.81/0.00 | Max Load: 13.1 | Load Gap: 2.1
Epoch [483/1500] | Sampled: 837.19 | Baseline: 595.25 | Improvement: -241.94 | Win Rate: 0.00% | Actor Loss: -1.2163 | Entropy: 0.7373 | Invalid S/B: 0.69/0.00 | Max Load: 13.0 | Load Gap: 1.9
Epoch [484/1500] | Sampled: 851.81 | Baseline: 604.81 | Improvement: -247.00 | Win Rate: 0.00% | Actor Loss: -2.5179 | Entropy: 0.7721 | Invalid S/B: 0.75/0.00 | Max Load: 13.1 | Load Gap: 2.1
Epoch [485/1500] | Sampled: 856.31 | Baseline: 610.12 | Improvement: -246.19 | Win Rate: 0.00% | Actor Loss: -1.1830 | Entropy: 0.7609 | Invalid S/B: 0.62/0.00 | Max Load: 13.1 | Load Gap: 2.1
Epoch [486/1500] | Sampled: 853.56 | Baseline: 606.56 | Improvement: -247.00 | Win Rate: 0.00% | Actor Loss: 3.0018 | Entropy: 0.7456 | Invalid S/B: 0.81/0.00 | Max Load: 12.9 | Load Gap: 1.9
Epoch [487/1500] | Sampled: 838.44 | Baseline: 607.00 | Improvement: -231.44 | Win Rate: 0.00% | Actor Loss: -4.2822 | Entropy: 0.7219 | Invalid S/B: 0.50/0.00 | Max Load: 13.1 | Load Gap: 2.1
Epoch [488/1500] | Sampled: 850.44 | Baseline: 606.44 | Improvement: -244.00 | Win Rate: 0.00% | Actor Loss: -2.1569 | Entropy: 0.7593 | Invalid S/B: 0.94/0.00 | Max Load: 13.2 | Load Gap: 2.1
Epoch [489/1500] | Sampled: 813.56 | Baseline: 605.88 | Improvement: -207.69 | Win Rate: 0.00% | Actor Loss: -3.6117 | Entropy: 0.8046 | Invalid S/B: 0.56/0.00 | Max Load: 12.9 | Load Gap: 1.8
Epoch [490/1500] | Sampled: 858.31 | Baseline: 598.69 | Improvement: -259.62 | Win Rate: 0.00% | Actor Loss: -7.6096 | Entropy: 0.8556 | Invalid S/B: 1.88/0.00 | Max Load: 13.1 | Load Gap: 1.9
Epoch [491/1500] | Sampled: 836.94 | Baseline: 607.31 | Improvement: -229.62 | Win Rate: 0.00% | Actor Loss: -6.2655 | Entropy: 0.8975 | Invalid S/B: 0.94/0.00 | Max Load: 13.1 | Load Gap: 2.0
Epoch [492/1500] | Sampled: 830.69 | Baseline: 607.56 | Improvement: -223.12 | Win Rate: 0.00% | Actor Loss: -5.3581 | Entropy: 0.9055 | Invalid S/B: 1.00/0.00 | Max Load: 13.1 | Load Gap: 2.0
Epoch [493/1500] | Sampled: 840.56 | Baseline: 612.00 | Improvement: -228.56 | Win Rate: 0.00% | Actor Loss: -5.0006 | Entropy: 0.9517 | Invalid S/B: 1.25/0.00 | Max Load: 13.6 | Load Gap: 2.7
Epoch [494/1500] | Sampled: 831.12 | Baseline: 612.75 | Improvement: -218.38 | Win Rate: 0.00% | Actor Loss: -2.8152 | Entropy: 0.9670 | Invalid S/B: 1.00/0.00 | Max Load: 13.5 | Load Gap: 2.6
Epoch [495/1500] | Sampled: 822.88 | Baseline: 617.50 | Improvement: -205.38 | Win Rate: 0.00% | Actor Loss: -12.5701 | Entropy: 0.9683 | Invalid S/B: 0.38/0.00 | Max Load: 13.4 | Load Gap: 2.6
Epoch [496/1500] | Sampled: 827.88 | Baseline: 610.94 | Improvement: -216.94 | Win Rate: 0.00% | Actor Loss: -9.9500 | Entropy: 0.9427 | Invalid S/B: 0.88/0.00 | Max Load: 13.4 | Load Gap: 2.5
Epoch [497/1500] | Sampled: 813.12 | Baseline: 605.69 | Improvement: -207.44 | Win Rate: 0.00% | Actor Loss: -8.3304 | Entropy: 0.9344 | Invalid S/B: 1.00/0.00 | Max Load: 13.2 | Load Gap: 2.2
Epoch [498/1500] | Sampled: 820.44 | Baseline: 612.62 | Improvement: -207.81 | Win Rate: 0.00% | Actor Loss: -5.8775 | Entropy: 0.9079 | Invalid S/B: 0.50/0.00 | Max Load: 13.2 | Load Gap: 2.2
Epoch [499/1500] | Sampled: 815.50 | Baseline: 604.00 | Improvement: -211.50 | Win Rate: 0.00% | Actor Loss: -6.1027 | Entropy: 0.8720 | Invalid S/B: 0.94/0.00 | Max Load: 13.2 | Load Gap: 2.2
Epoch [500/1500] | Sampled: 815.75 | Baseline: 600.50 | Improvement: -215.25 | Win Rate: 0.00% | Actor Loss: -4.8521 | Entropy: 0.8588 | Invalid S/B: 1.12/0.00 | Max Load: 13.1 | Load Gap: 2.1
   -> Validation | Samples: 50 | Makespan: 806.34 | Invalid Jobs: 0.78
   -> Saved updated training chart to /home/wei/AMR-DFJSP/Static_alogorithm/GNN/gnn_precise_training_metrics.png
Epoch [501/1500] | Sampled: 810.62 | Baseline: 613.19 | Improvement: -197.44 | Win Rate: 0.00% | Actor Loss: -4.3548 | Entropy: 0.8544 | Invalid S/B: 0.69/0.00 | Max Load: 13.2 | Load Gap: 2.1
Epoch [502/1500] | Sampled: 803.44 | Baseline: 606.25 | Improvement: -197.19 | Win Rate: 0.00% | Actor Loss: -5.4653 | Entropy: 0.8324 | Invalid S/B: 0.69/0.00 | Max Load: 13.5 | Load Gap: 2.5
Epoch [503/1500] | Sampled: 787.44 | Baseline: 602.06 | Improvement: -185.38 | Win Rate: 0.00% | Actor Loss: -0.7874 | Entropy: 0.8148 | Invalid S/B: 0.31/0.00 | Max Load: 13.4 | Load Gap: 2.5
Epoch [504/1500] | Sampled: 804.12 | Baseline: 596.44 | Improvement: -207.69 | Win Rate: 0.00% | Actor Loss: -8.9864 | Entropy: 0.8161 | Invalid S/B: 0.88/0.00 | Max Load: 13.3 | Load Gap: 2.2
Epoch [505/1500] | Sampled: 796.25 | Baseline: 605.25 | Improvement: -191.00 | Win Rate: 0.00% | Actor Loss: -8.4252 | Entropy: 0.8134 | Invalid S/B: 0.31/0.00 | Max Load: 13.1 | Load Gap: 2.0
Epoch [506/1500] | Sampled: 795.62 | Baseline: 597.69 | Improvement: -197.94 | Win Rate: 0.00% | Actor Loss: -13.1573 | Entropy: 0.8294 | Invalid S/B: 0.31/0.00 | Max Load: 13.1 | Load Gap: 2.1
Epoch [507/1500] | Sampled: 789.44 | Baseline: 608.50 | Improvement: -180.94 | Win Rate: 0.00% | Actor Loss: -6.9703 | Entropy: 0.8380 | Invalid S/B: 0.38/0.00 | Max Load: 13.0 | Load Gap: 1.9
Epoch [508/1500] | Sampled: 803.62 | Baseline: 607.19 | Improvement: -196.44 | Win Rate: 0.00% | Actor Loss: 1.2410 | Entropy: 0.8263 | Invalid S/B: 0.69/0.00 | Max Load: 13.5 | Load Gap: 2.6
Epoch [509/1500] | Sampled: 812.00 | Baseline: 607.69 | Improvement: -204.31 | Win Rate: 0.00% | Actor Loss: -14.2701 | Entropy: 0.8477 | Invalid S/B: 0.31/0.00 | Max Load: 13.2 | Load Gap: 2.0
Epoch [510/1500] | Sampled: 821.75 | Baseline: 606.88 | Improvement: -214.88 | Win Rate: 0.00% | Actor Loss: -13.3524 | Entropy: 0.8239 | Invalid S/B: 0.62/0.00 | Max Load: 13.4 | Load Gap: 2.4
Epoch [511/1500] | Sampled: 806.38 | Baseline: 618.38 | Improvement: -188.00 | Win Rate: 0.00% | Actor Loss: -10.7122 | Entropy: 0.8176 | Invalid S/B: 0.31/0.00 | Max Load: 13.4 | Load Gap: 2.4
Epoch [512/1500] | Sampled: 812.50 | Baseline: 605.81 | Improvement: -206.69 | Win Rate: 0.00% | Actor Loss: -6.1806 | Entropy: 0.8088 | Invalid S/B: 0.88/0.00 | Max Load: 13.1 | Load Gap: 1.9
Epoch [513/1500] | Sampled: 854.12 | Baseline: 611.12 | Improvement: -243.00 | Win Rate: 0.00% | Actor Loss: -7.2342 | Entropy: 0.8140 | Invalid S/B: 1.31/0.00 | Max Load: 13.3 | Load Gap: 2.3
Epoch [514/1500] | Sampled: 874.31 | Baseline: 610.81 | Improvement: -263.50 | Win Rate: 0.00% | Actor Loss: -1.9538 | Entropy: 0.8201 | Invalid S/B: 1.75/0.00 | Max Load: 13.2 | Load Gap: 2.2
Epoch [515/1500] | Sampled: 812.12 | Baseline: 613.44 | Improvement: -198.69 | Win Rate: 0.00% | Actor Loss: -5.7485 | Entropy: 0.8307 | Invalid S/B: 0.75/0.00 | Max Load: 12.9 | Load Gap: 1.8
Epoch [516/1500] | Sampled: 814.56 | Baseline: 606.81 | Improvement: -207.75 | Win Rate: 0.00% | Actor Loss: -5.9998 | Entropy: 0.8545 | Invalid S/B: 0.50/0.00 | Max Load: 13.2 | Load Gap: 2.1
Epoch [517/1500] | Sampled: 836.62 | Baseline: 609.50 | Improvement: -227.12 | Win Rate: 0.00% | Actor Loss: -13.2431 | Entropy: 0.8363 | Invalid S/B: 0.75/0.00 | Max Load: 13.0 | Load Gap: 1.8
Epoch [518/1500] | Sampled: 832.56 | Baseline: 605.81 | Improvement: -226.75 | Win Rate: 0.00% | Actor Loss: -12.7215 | Entropy: 0.8177 | Invalid S/B: 0.56/0.00 | Max Load: 13.2 | Load Gap: 2.1
Epoch [519/1500] | Sampled: 857.81 | Baseline: 608.81 | Improvement: -249.00 | Win Rate: 0.00% | Actor Loss: -9.0903 | Entropy: 0.7956 | Invalid S/B: 1.12/0.00 | Max Load: 13.1 | Load Gap: 1.9
Epoch [520/1500] | Sampled: 872.94 | Baseline: 625.06 | Improvement: -247.88 | Win Rate: 0.00% | Actor Loss: -10.0874 | Entropy: 0.7476 | Invalid S/B: 1.31/0.00 | Max Load: 13.0 | Load Gap: 1.9
Epoch [521/1500] | Sampled: 854.62 | Baseline: 611.62 | Improvement: -243.00 | Win Rate: 0.00% | Actor Loss: -5.5210 | Entropy: 0.7418 | Invalid S/B: 0.94/0.00 | Max Load: 13.0 | Load Gap: 1.9
Epoch [522/1500] | Sampled: 849.69 | Baseline: 605.06 | Improvement: -244.62 | Win Rate: 0.00% | Actor Loss: 0.6474 | Entropy: 0.7277 | Invalid S/B: 0.94/0.00 | Max Load: 12.8 | Load Gap: 1.5
Epoch [523/1500] | Sampled: 859.19 | Baseline: 611.56 | Improvement: -247.62 | Win Rate: 0.00% | Actor Loss: -9.7673 | Entropy: 0.7111 | Invalid S/B: 1.50/0.00 | Max Load: 13.0 | Load Gap: 1.8
Epoch [524/1500] | Sampled: 836.88 | Baseline: 602.94 | Improvement: -233.94 | Win Rate: 0.00% | Actor Loss: -0.2502 | Entropy: 0.7102 | Invalid S/B: 1.12/0.00 | Max Load: 13.0 | Load Gap: 1.8
Epoch [525/1500] | Sampled: 841.56 | Baseline: 603.56 | Improvement: -238.00 | Win Rate: 0.00% | Actor Loss: -6.9188 | Entropy: 0.6906 | Invalid S/B: 0.88/0.00 | Max Load: 13.2 | Load Gap: 2.2
Epoch [526/1500] | Sampled: 832.62 | Baseline: 610.50 | Improvement: -222.12 | Win Rate: 0.00% | Actor Loss: -7.3278 | Entropy: 0.6942 | Invalid S/B: 0.31/0.00 | Max Load: 13.0 | Load Gap: 1.8
Epoch [527/1500] | Sampled: 864.81 | Baseline: 611.31 | Improvement: -253.50 | Win Rate: 0.00% | Actor Loss: -3.3578 | Entropy: 0.6665 | Invalid S/B: 0.69/0.00 | Max Load: 13.1 | Load Gap: 2.1
Epoch [528/1500] | Sampled: 862.75 | Baseline: 606.19 | Improvement: -256.56 | Win Rate: 0.00% | Actor Loss: 1.6852 | Entropy: 0.6681 | Invalid S/B: 1.12/0.00 | Max Load: 12.9 | Load Gap: 1.8
Epoch [529/1500] | Sampled: 901.75 | Baseline: 611.12 | Improvement: -290.62 | Win Rate: 0.00% | Actor Loss: -3.7593 | Entropy: 0.6617 | Invalid S/B: 1.50/0.00 | Max Load: 12.9 | Load Gap: 1.8
Epoch [530/1500] | Sampled: 875.50 | Baseline: 617.00 | Improvement: -258.50 | Win Rate: 0.00% | Actor Loss: 0.1280 | Entropy: 0.6509 | Invalid S/B: 1.31/0.00 | Max Load: 12.9 | Load Gap: 1.8
Epoch [531/1500] | Sampled: 878.25 | Baseline: 611.38 | Improvement: -266.88 | Win Rate: 0.00% | Actor Loss: -0.8478 | Entropy: 0.6293 | Invalid S/B: 1.69/0.00 | Max Load: 13.1 | Load Gap: 1.9
Epoch [532/1500] | Sampled: 851.31 | Baseline: 606.00 | Improvement: -245.31 | Win Rate: 0.00% | Actor Loss: -0.8233 | Entropy: 0.6032 | Invalid S/B: 0.94/0.00 | Max Load: 12.9 | Load Gap: 1.6
Epoch [533/1500] | Sampled: 863.62 | Baseline: 609.25 | Improvement: -254.38 | Win Rate: 0.00% | Actor Loss: 3.4387 | Entropy: 0.6028 | Invalid S/B: 1.38/0.00 | Max Load: 12.9 | Load Gap: 1.7
Epoch [534/1500] | Sampled: 896.06 | Baseline: 616.19 | Improvement: -279.88 | Win Rate: 0.00% | Actor Loss: 5.5117 | Entropy: 0.6055 | Invalid S/B: 2.06/0.00 | Max Load: 13.0 | Load Gap: 1.8
Epoch [535/1500] | Sampled: 855.94 | Baseline: 607.56 | Improvement: -248.38 | Win Rate: 0.00% | Actor Loss: -1.1501 | Entropy: 0.5964 | Invalid S/B: 1.00/0.00 | Max Load: 13.1 | Load Gap: 1.9
Epoch [536/1500] | Sampled: 856.88 | Baseline: 601.44 | Improvement: -255.44 | Win Rate: 0.00% | Actor Loss: 2.0038 | Entropy: 0.5841 | Invalid S/B: 0.56/0.00 | Max Load: 12.9 | Load Gap: 1.7
Epoch [537/1500] | Sampled: 830.50 | Baseline: 609.50 | Improvement: -221.00 | Win Rate: 0.00% | Actor Loss: -4.9658 | Entropy: 0.5805 | Invalid S/B: 0.38/0.00 | Max Load: 12.9 | Load Gap: 1.8
Epoch [538/1500] | Sampled: 861.56 | Baseline: 619.62 | Improvement: -241.94 | Win Rate: 0.00% | Actor Loss: 2.8097 | Entropy: 0.5857 | Invalid S/B: 0.94/0.00 | Max Load: 13.2 | Load Gap: 2.1
Epoch [539/1500] | Sampled: 856.50 | Baseline: 609.12 | Improvement: -247.38 | Win Rate: 0.00% | Actor Loss: -1.7224 | Entropy: 0.5885 | Invalid S/B: 0.62/0.00 | Max Load: 13.0 | Load Gap: 1.9
Epoch [540/1500] | Sampled: 827.75 | Baseline: 601.06 | Improvement: -226.69 | Win Rate: 0.00% | Actor Loss: 6.9755 | Entropy: 0.5832 | Invalid S/B: 0.44/0.00 | Max Load: 13.2 | Load Gap: 2.1
Epoch [541/1500] | Sampled: 856.31 | Baseline: 611.31 | Improvement: -245.00 | Win Rate: 0.00% | Actor Loss: -2.2850 | Entropy: 0.6026 | Invalid S/B: 0.50/0.00 | Max Load: 13.0 | Load Gap: 1.9
Epoch [542/1500] | Sampled: 863.06 | Baseline: 612.38 | Improvement: -250.69 | Win Rate: 0.00% | Actor Loss: -2.9697 | Entropy: 0.6131 | Invalid S/B: 0.81/0.00 | Max Load: 13.3 | Load Gap: 2.3
Epoch [543/1500] | Sampled: 865.94 | Baseline: 606.50 | Improvement: -259.44 | Win Rate: 0.00% | Actor Loss: -9.8041 | Entropy: 0.5970 | Invalid S/B: 1.12/0.00 | Max Load: 12.9 | Load Gap: 1.8
Epoch [544/1500] | Sampled: 861.81 | Baseline: 610.44 | Improvement: -251.38 | Win Rate: 0.00% | Actor Loss: -0.9219 | Entropy: 0.5996 | Invalid S/B: 1.31/0.00 | Max Load: 12.9 | Load Gap: 1.6
Epoch [545/1500] | Sampled: 852.44 | Baseline: 612.75 | Improvement: -239.69 | Win Rate: 0.00% | Actor Loss: 4.5409 | Entropy: 0.6005 | Invalid S/B: 0.94/0.00 | Max Load: 12.9 | Load Gap: 1.9
Epoch [546/1500] | Sampled: 843.56 | Baseline: 610.31 | Improvement: -233.25 | Win Rate: 0.00% | Actor Loss: 2.0215 | Entropy: 0.5875 | Invalid S/B: 0.38/0.00 | Max Load: 13.1 | Load Gap: 2.0
Epoch [547/1500] | Sampled: 822.81 | Baseline: 601.88 | Improvement: -220.94 | Win Rate: 0.00% | Actor Loss: -0.0017 | Entropy: 0.5918 | Invalid S/B: 0.38/0.00 | Max Load: 12.9 | Load Gap: 1.8
Epoch [548/1500] | Sampled: 859.25 | Baseline: 603.62 | Improvement: -255.62 | Win Rate: 0.00% | Actor Loss: 4.5553 | Entropy: 0.5859 | Invalid S/B: 0.94/0.00 | Max Load: 13.2 | Load Gap: 2.1
Epoch [549/1500] | Sampled: 852.88 | Baseline: 607.19 | Improvement: -245.69 | Win Rate: 0.00% | Actor Loss: 4.8267 | Entropy: 0.5874 | Invalid S/B: 1.19/0.00 | Max Load: 12.9 | Load Gap: 1.7
Epoch [550/1500] | Sampled: 836.81 | Baseline: 608.19 | Improvement: -228.62 | Win Rate: 0.00% | Actor Loss: -0.2528 | Entropy: 0.5801 | Invalid S/B: 0.38/0.00 | Max Load: 12.9 | Load Gap: 1.7
   -> Validation | Samples: 50 | Makespan: 850.72 | Invalid Jobs: 1.06
Epoch [551/1500] | Sampled: 834.69 | Baseline: 607.94 | Improvement: -226.75 | Win Rate: 0.00% | Actor Loss: -0.5497 | Entropy: 0.5691 | Invalid S/B: 0.25/0.00 | Max Load: 12.9 | Load Gap: 1.6
Epoch [552/1500] | Sampled: 868.44 | Baseline: 618.19 | Improvement: -250.25 | Win Rate: 0.00% | Actor Loss: 3.1855 | Entropy: 0.5830 | Invalid S/B: 0.88/0.00 | Max Load: 12.9 | Load Gap: 1.6
Epoch [553/1500] | Sampled: 877.62 | Baseline: 602.94 | Improvement: -274.69 | Win Rate: 0.00% | Actor Loss: 1.1560 | Entropy: 0.5815 | Invalid S/B: 1.19/0.00 | Max Load: 13.1 | Load Gap: 1.9
Epoch [554/1500] | Sampled: 858.44 | Baseline: 602.69 | Improvement: -255.75 | Win Rate: 0.00% | Actor Loss: -1.7628 | Entropy: 0.5743 | Invalid S/B: 0.75/0.00 | Max Load: 13.0 | Load Gap: 1.8
Epoch [555/1500] | Sampled: 874.62 | Baseline: 608.06 | Improvement: -266.56 | Win Rate: 0.00% | Actor Loss: 1.4627 | Entropy: 0.5978 | Invalid S/B: 0.94/0.00 | Max Load: 13.1 | Load Gap: 2.1
Epoch [556/1500] | Sampled: 905.50 | Baseline: 615.88 | Improvement: -289.62 | Win Rate: 0.00% | Actor Loss: -1.1214 | Entropy: 0.6108 | Invalid S/B: 2.06/0.00 | Max Load: 13.2 | Load Gap: 2.1
Epoch [557/1500] | Sampled: 869.44 | Baseline: 609.94 | Improvement: -259.50 | Win Rate: 0.00% | Actor Loss: -2.1398 | Entropy: 0.6105 | Invalid S/B: 1.06/0.00 | Max Load: 12.9 | Load Gap: 1.8
Epoch [558/1500] | Sampled: 883.00 | Baseline: 606.94 | Improvement: -276.06 | Win Rate: 0.00% | Actor Loss: 1.2732 | Entropy: 0.6049 | Invalid S/B: 1.62/0.00 | Max Load: 12.7 | Load Gap: 1.4
Epoch [559/1500] | Sampled: 870.06 | Baseline: 611.31 | Improvement: -258.75 | Win Rate: 0.00% | Actor Loss: 1.2360 | Entropy: 0.6182 | Invalid S/B: 1.44/0.00 | Max Load: 13.1 | Load Gap: 2.1
Epoch [560/1500] | Sampled: 848.75 | Baseline: 604.50 | Improvement: -244.25 | Win Rate: 0.00% | Actor Loss: -9.9873 | Entropy: 0.6285 | Invalid S/B: 0.69/0.00 | Max Load: 12.9 | Load Gap: 1.7
Epoch [561/1500] | Sampled: 845.50 | Baseline: 608.81 | Improvement: -236.69 | Win Rate: 0.00% | Actor Loss: -7.8151 | Entropy: 0.6232 | Invalid S/B: 0.44/0.00 | Max Load: 12.9 | Load Gap: 1.7
Epoch [562/1500] | Sampled: 875.81 | Baseline: 607.75 | Improvement: -268.06 | Win Rate: 0.00% | Actor Loss: -0.3939 | Entropy: 0.6122 | Invalid S/B: 0.75/0.00 | Max Load: 13.1 | Load Gap: 1.9
Epoch [563/1500] | Sampled: 859.06 | Baseline: 608.44 | Improvement: -250.62 | Win Rate: 0.00% | Actor Loss: 0.6284 | Entropy: 0.6232 | Invalid S/B: 0.94/0.00 | Max Load: 13.0 | Load Gap: 2.0
Epoch [564/1500] | Sampled: 835.75 | Baseline: 604.12 | Improvement: -231.62 | Win Rate: 0.00% | Actor Loss: 1.0259 | Entropy: 0.6104 | Invalid S/B: 0.56/0.00 | Max Load: 13.0 | Load Gap: 1.9
Epoch [565/1500] | Sampled: 856.56 | Baseline: 601.19 | Improvement: -255.38 | Win Rate: 0.00% | Actor Loss: -1.4205 | Entropy: 0.6124 | Invalid S/B: 0.56/0.00 | Max Load: 13.1 | Load Gap: 2.0
Epoch [566/1500] | Sampled: 868.19 | Baseline: 613.19 | Improvement: -255.00 | Win Rate: 0.00% | Actor Loss: 4.6919 | Entropy: 0.6301 | Invalid S/B: 1.12/0.00 | Max Load: 13.0 | Load Gap: 1.9
Epoch [567/1500] | Sampled: 845.06 | Baseline: 605.31 | Improvement: -239.75 | Win Rate: 0.00% | Actor Loss: -1.7648 | Entropy: 0.6426 | Invalid S/B: 1.00/0.00 | Max Load: 12.7 | Load Gap: 1.2
Epoch [568/1500] | Sampled: 862.69 | Baseline: 598.44 | Improvement: -264.25 | Win Rate: 0.00% | Actor Loss: 2.9979 | Entropy: 0.6351 | Invalid S/B: 1.56/0.00 | Max Load: 13.0 | Load Gap: 1.9
Epoch [569/1500] | Sampled: 875.56 | Baseline: 611.38 | Improvement: -264.19 | Win Rate: 0.00% | Actor Loss: 1.1965 | Entropy: 0.6294 | Invalid S/B: 1.06/0.00 | Max Load: 12.9 | Load Gap: 1.7
Epoch [570/1500] | Sampled: 841.31 | Baseline: 606.19 | Improvement: -235.12 | Win Rate: 0.00% | Actor Loss: 0.3038 | Entropy: 0.6363 | Invalid S/B: 0.69/0.00 | Max Load: 13.0 | Load Gap: 1.9
Epoch [571/1500] | Sampled: 846.50 | Baseline: 605.19 | Improvement: -241.31 | Win Rate: 0.00% | Actor Loss: 3.4647 | Entropy: 0.6337 | Invalid S/B: 0.56/0.00 | Max Load: 12.8 | Load Gap: 1.6
Epoch [572/1500] | Sampled: 843.75 | Baseline: 607.75 | Improvement: -236.00 | Win Rate: 0.00% | Actor Loss: -4.6012 | Entropy: 0.6342 | Invalid S/B: 0.69/0.00 | Max Load: 12.9 | Load Gap: 1.8
Epoch [573/1500] | Sampled: 874.44 | Baseline: 608.12 | Improvement: -266.31 | Win Rate: 0.00% | Actor Loss: 3.1977 | Entropy: 0.6424 | Invalid S/B: 1.12/0.00 | Max Load: 13.0 | Load Gap: 1.8
Epoch [574/1500] | Sampled: 855.50 | Baseline: 609.38 | Improvement: -246.12 | Win Rate: 0.00% | Actor Loss: -4.2609 | Entropy: 0.6480 | Invalid S/B: 0.62/0.00 | Max Load: 12.8 | Load Gap: 1.6
Epoch [575/1500] | Sampled: 843.81 | Baseline: 595.88 | Improvement: -247.94 | Win Rate: 0.00% | Actor Loss: -4.2710 | Entropy: 0.6383 | Invalid S/B: 0.50/0.00 | Max Load: 13.1 | Load Gap: 2.1
Epoch [576/1500] | Sampled: 863.50 | Baseline: 612.50 | Improvement: -251.00 | Win Rate: 0.00% | Actor Loss: -0.4484 | Entropy: 0.6325 | Invalid S/B: 1.12/0.00 | Max Load: 12.8 | Load Gap: 1.6
Epoch [577/1500] | Sampled: 877.31 | Baseline: 607.56 | Improvement: -269.75 | Win Rate: 0.00% | Actor Loss: -5.5180 | Entropy: 0.6243 | Invalid S/B: 1.25/0.00 | Max Load: 13.2 | Load Gap: 2.1
Epoch [578/1500] | Sampled: 862.81 | Baseline: 609.12 | Improvement: -253.69 | Win Rate: 0.00% | Actor Loss: -2.3570 | Entropy: 0.6201 | Invalid S/B: 1.06/0.00 | Max Load: 12.9 | Load Gap: 1.8
Epoch [579/1500] | Sampled: 872.25 | Baseline: 615.12 | Improvement: -257.12 | Win Rate: 0.00% | Actor Loss: -3.8459 | Entropy: 0.6111 | Invalid S/B: 0.81/0.00 | Max Load: 12.8 | Load Gap: 1.6
Epoch [580/1500] | Sampled: 856.69 | Baseline: 609.62 | Improvement: -247.06 | Win Rate: 0.00% | Actor Loss: -4.7987 | Entropy: 0.6150 | Invalid S/B: 0.88/0.00 | Max Load: 12.9 | Load Gap: 1.7
Epoch [581/1500] | Sampled: 884.38 | Baseline: 605.19 | Improvement: -279.19 | Win Rate: 0.00% | Actor Loss: 3.5193 | Entropy: 0.6042 | Invalid S/B: 1.38/0.00 | Max Load: 12.8 | Load Gap: 1.5
Epoch [582/1500] | Sampled: 874.31 | Baseline: 603.25 | Improvement: -271.06 | Win Rate: 0.00% | Actor Loss: 5.1868 | Entropy: 0.5972 | Invalid S/B: 1.25/0.00 | Max Load: 13.0 | Load Gap: 1.9
Epoch [583/1500] | Sampled: 869.88 | Baseline: 607.81 | Improvement: -262.06 | Win Rate: 0.00% | Actor Loss: -0.9238 | Entropy: 0.5975 | Invalid S/B: 1.31/0.00 | Max Load: 12.9 | Load Gap: 1.8
Epoch [584/1500] | Sampled: 860.25 | Baseline: 602.81 | Improvement: -257.44 | Win Rate: 0.00% | Actor Loss: 1.6365 | Entropy: 0.5989 | Invalid S/B: 0.56/0.00 | Max Load: 13.2 | Load Gap: 2.1
Epoch [585/1500] | Sampled: 840.38 | Baseline: 606.88 | Improvement: -233.50 | Win Rate: 0.00% | Actor Loss: -3.2955 | Entropy: 0.5711 | Invalid S/B: 0.56/0.00 | Max Load: 12.8 | Load Gap: 1.4
Epoch [586/1500] | Sampled: 893.00 | Baseline: 610.44 | Improvement: -282.56 | Win Rate: 0.00% | Actor Loss: -4.7225 | Entropy: 0.5689 | Invalid S/B: 1.69/0.00 | Max Load: 12.7 | Load Gap: 1.4
Epoch [587/1500] | Sampled: 892.94 | Baseline: 605.75 | Improvement: -287.19 | Win Rate: 0.00% | Actor Loss: 4.4962 | Entropy: 0.5536 | Invalid S/B: 1.69/0.00 | Max Load: 12.9 | Load Gap: 1.7
Epoch [588/1500] | Sampled: 894.69 | Baseline: 608.62 | Improvement: -286.06 | Win Rate: 0.00% | Actor Loss: -1.4098 | Entropy: 0.5427 | Invalid S/B: 1.69/0.00 | Max Load: 13.2 | Load Gap: 2.2
Epoch [589/1500] | Sampled: 859.06 | Baseline: 603.25 | Improvement: -255.81 | Win Rate: 0.00% | Actor Loss: -4.0282 | Entropy: 0.5404 | Invalid S/B: 0.94/0.00 | Max Load: 13.0 | Load Gap: 1.8
Epoch [590/1500] | Sampled: 862.56 | Baseline: 604.75 | Improvement: -257.81 | Win Rate: 0.00% | Actor Loss: -3.7970 | Entropy: 0.5122 | Invalid S/B: 1.25/0.00 | Max Load: 12.9 | Load Gap: 1.8
Epoch [591/1500] | Sampled: 875.50 | Baseline: 614.94 | Improvement: -260.56 | Win Rate: 0.00% | Actor Loss: -2.1565 | Entropy: 0.5142 | Invalid S/B: 1.12/0.00 | Max Load: 12.9 | Load Gap: 1.8
Epoch [592/1500] | Sampled: 867.31 | Baseline: 606.38 | Improvement: -260.94 | Win Rate: 0.00% | Actor Loss: -2.6271 | Entropy: 0.4846 | Invalid S/B: 1.25/0.00 | Max Load: 12.8 | Load Gap: 1.4
Epoch [593/1500] | Sampled: 871.62 | Baseline: 605.88 | Improvement: -265.75 | Win Rate: 0.00% | Actor Loss: -0.8078 | Entropy: 0.4891 | Invalid S/B: 1.06/0.00 | Max Load: 13.1 | Load Gap: 1.9
Epoch [594/1500] | Sampled: 866.69 | Baseline: 603.44 | Improvement: -263.25 | Win Rate: 0.00% | Actor Loss: -1.6160 | Entropy: 0.4920 | Invalid S/B: 1.31/0.00 | Max Load: 13.1 | Load Gap: 1.9
Epoch [595/1500] | Sampled: 851.88 | Baseline: 606.06 | Improvement: -245.81 | Win Rate: 0.00% | Actor Loss: -3.9972 | Entropy: 0.4715 | Invalid S/B: 0.94/0.00 | Max Load: 12.7 | Load Gap: 1.3
Epoch [596/1500] | Sampled: 868.00 | Baseline: 604.88 | Improvement: -263.12 | Win Rate: 0.00% | Actor Loss: 1.4045 | Entropy: 0.4683 | Invalid S/B: 1.00/0.00 | Max Load: 13.1 | Load Gap: 2.0
Epoch [597/1500] | Sampled: 863.88 | Baseline: 602.94 | Improvement: -260.94 | Win Rate: 0.00% | Actor Loss: -2.1935 | Entropy: 0.4689 | Invalid S/B: 0.69/0.00 | Max Load: 13.1 | Load Gap: 1.9
Epoch [598/1500] | Sampled: 866.25 | Baseline: 606.81 | Improvement: -259.44 | Win Rate: 0.00% | Actor Loss: 1.4707 | Entropy: 0.4510 | Invalid S/B: 0.75/0.00 | Max Load: 13.2 | Load Gap: 2.1
Epoch [599/1500] | Sampled: 858.81 | Baseline: 603.12 | Improvement: -255.69 | Win Rate: 0.00% | Actor Loss: -4.0303 | Entropy: 0.4645 | Invalid S/B: 1.12/0.00 | Max Load: 12.9 | Load Gap: 1.8
Epoch [600/1500] | Sampled: 844.44 | Baseline: 599.19 | Improvement: -245.25 | Win Rate: 0.00% | Actor Loss: 3.3041 | Entropy: 0.4554 | Invalid S/B: 0.88/0.00 | Max Load: 12.9 | Load Gap: 1.8
   -> Validation | Samples: 50 | Makespan: 857.40 | Invalid Jobs: 0.62
   -> Saved updated training chart to /home/wei/AMR-DFJSP/Static_alogorithm/GNN/gnn_precise_training_metrics.png
Epoch [601/1500] | Sampled: 854.56 | Baseline: 603.69 | Improvement: -250.88 | Win Rate: 0.00% | Actor Loss: -2.4688 | Entropy: 0.4586 | Invalid S/B: 0.75/0.00 | Max Load: 13.0 | Load Gap: 1.8
Epoch [602/1500] | Sampled: 862.81 | Baseline: 609.00 | Improvement: -253.81 | Win Rate: 0.00% | Actor Loss: -7.8234 | Entropy: 0.4525 | Invalid S/B: 1.06/0.00 | Max Load: 13.1 | Load Gap: 2.0
Epoch [603/1500] | Sampled: 854.44 | Baseline: 602.25 | Improvement: -252.19 | Win Rate: 0.00% | Actor Loss: -1.5618 | Entropy: 0.4547 | Invalid S/B: 0.62/0.00 | Max Load: 12.9 | Load Gap: 1.8
Epoch [604/1500] | Sampled: 883.19 | Baseline: 613.69 | Improvement: -269.50 | Win Rate: 0.00% | Actor Loss: -1.8274 | Entropy: 0.4636 | Invalid S/B: 1.25/0.00 | Max Load: 13.1 | Load Gap: 1.9
Epoch [605/1500] | Sampled: 867.75 | Baseline: 603.19 | Improvement: -264.56 | Win Rate: 0.00% | Actor Loss: 1.8438 | Entropy: 0.4678 | Invalid S/B: 1.19/0.00 | Max Load: 13.1 | Load Gap: 2.1
Epoch [606/1500] | Sampled: 874.06 | Baseline: 612.44 | Improvement: -261.62 | Win Rate: 0.00% | Actor Loss: -7.1434 | Entropy: 0.4606 | Invalid S/B: 1.06/0.00 | Max Load: 12.9 | Load Gap: 1.8
Epoch [607/1500] | Sampled: 886.38 | Baseline: 605.88 | Improvement: -280.50 | Win Rate: 0.00% | Actor Loss: 2.0620 | Entropy: 0.4702 | Invalid S/B: 0.88/0.00 | Max Load: 13.2 | Load Gap: 2.1
Epoch [608/1500] | Sampled: 879.06 | Baseline: 603.25 | Improvement: -275.81 | Win Rate: 0.00% | Actor Loss: -1.3182 | Entropy: 0.4524 | Invalid S/B: 0.88/0.00 | Max Load: 13.5 | Load Gap: 2.5
Epoch [609/1500] | Sampled: 894.62 | Baseline: 610.44 | Improvement: -284.19 | Win Rate: 0.00% | Actor Loss: -4.4647 | Entropy: 0.4616 | Invalid S/B: 1.88/0.00 | Max Load: 12.9 | Load Gap: 1.7
Epoch [610/1500] | Sampled: 882.69 | Baseline: 604.81 | Improvement: -277.88 | Win Rate: 0.00% | Actor Loss: -0.6699 | Entropy: 0.4628 | Invalid S/B: 1.00/0.00 | Max Load: 13.1 | Load Gap: 1.9
Epoch [611/1500] | Sampled: 863.88 | Baseline: 609.19 | Improvement: -254.69 | Win Rate: 0.00% | Actor Loss: -2.8656 | Entropy: 0.4538 | Invalid S/B: 0.75/0.00 | Max Load: 13.0 | Load Gap: 1.8
Epoch [612/1500] | Sampled: 908.69 | Baseline: 612.94 | Improvement: -295.75 | Win Rate: 0.00% | Actor Loss: -0.9416 | Entropy: 0.4590 | Invalid S/B: 1.31/0.00 | Max Load: 13.4 | Load Gap: 2.2
Epoch [613/1500] | Sampled: 853.00 | Baseline: 608.31 | Improvement: -244.69 | Win Rate: 0.00% | Actor Loss: 1.3653 | Entropy: 0.4595 | Invalid S/B: 0.38/0.00 | Max Load: 13.0 | Load Gap: 1.9
Epoch [614/1500] | Sampled: 852.56 | Baseline: 607.88 | Improvement: -244.69 | Win Rate: 0.00% | Actor Loss: -7.4339 | Entropy: 0.4484 | Invalid S/B: 0.56/0.00 | Max Load: 13.1 | Load Gap: 2.1
Epoch [615/1500] | Sampled: 878.19 | Baseline: 605.75 | Improvement: -272.44 | Win Rate: 0.00% | Actor Loss: -3.5873 | Entropy: 0.4641 | Invalid S/B: 1.19/0.00 | Max Load: 13.0 | Load Gap: 2.0
Epoch [616/1500] | Sampled: 848.94 | Baseline: 602.12 | Improvement: -246.81 | Win Rate: 0.00% | Actor Loss: -2.0526 | Entropy: 0.4604 | Invalid S/B: 1.12/0.00 | Max Load: 12.9 | Load Gap: 1.8
Epoch [617/1500] | Sampled: 902.75 | Baseline: 616.31 | Improvement: -286.44 | Win Rate: 0.00% | Actor Loss: -3.1826 | Entropy: 0.4768 | Invalid S/B: 1.62/0.00 | Max Load: 12.9 | Load Gap: 1.8
Epoch [618/1500] | Sampled: 866.56 | Baseline: 617.81 | Improvement: -248.75 | Win Rate: 0.00% | Actor Loss: -2.3406 | Entropy: 0.4882 | Invalid S/B: 0.75/0.00 | Max Load: 13.1 | Load Gap: 2.1
Epoch [619/1500] | Sampled: 864.00 | Baseline: 604.69 | Improvement: -259.31 | Win Rate: 0.00% | Actor Loss: -3.5458 | Entropy: 0.4629 | Invalid S/B: 1.31/0.00 | Max Load: 12.9 | Load Gap: 1.6
Epoch [620/1500] | Sampled: 862.44 | Baseline: 604.81 | Improvement: -257.62 | Win Rate: 0.00% | Actor Loss: -4.3449 | Entropy: 0.4583 | Invalid S/B: 0.69/0.00 | Max Load: 12.9 | Load Gap: 1.8
Epoch [621/1500] | Sampled: 846.38 | Baseline: 596.62 | Improvement: -249.75 | Win Rate: 0.00% | Actor Loss: -4.0187 | Entropy: 0.4616 | Invalid S/B: 0.62/0.00 | Max Load: 13.0 | Load Gap: 1.9
Epoch [622/1500] | Sampled: 888.06 | Baseline: 597.94 | Improvement: -290.12 | Win Rate: 0.00% | Actor Loss: -7.5656 | Entropy: 0.4725 | Invalid S/B: 1.69/0.00 | Max Load: 13.2 | Load Gap: 2.2
Epoch [623/1500] | Sampled: 867.94 | Baseline: 606.00 | Improvement: -261.94 | Win Rate: 0.00% | Actor Loss: -3.4058 | Entropy: 0.4877 | Invalid S/B: 1.12/0.00 | Max Load: 13.2 | Load Gap: 2.1
Epoch [624/1500] | Sampled: 865.12 | Baseline: 607.00 | Improvement: -258.12 | Win Rate: 0.00% | Actor Loss: -2.6209 | Entropy: 0.4662 | Invalid S/B: 1.06/0.00 | Max Load: 12.8 | Load Gap: 1.6
Epoch [625/1500] | Sampled: 858.19 | Baseline: 607.00 | Improvement: -251.19 | Win Rate: 0.00% | Actor Loss: -4.2182 | Entropy: 0.4485 | Invalid S/B: 1.12/0.00 | Max Load: 12.9 | Load Gap: 1.7
Epoch [626/1500] | Sampled: 854.88 | Baseline: 606.06 | Improvement: -248.81 | Win Rate: 0.00% | Actor Loss: -0.8468 | Entropy: 0.4864 | Invalid S/B: 1.12/0.00 | Max Load: 13.0 | Load Gap: 1.9
Epoch [627/1500] | Sampled: 858.44 | Baseline: 609.06 | Improvement: -249.38 | Win Rate: 0.00% | Actor Loss: -5.7028 | Entropy: 0.4937 | Invalid S/B: 0.69/0.00 | Max Load: 13.1 | Load Gap: 2.1
Epoch [628/1500] | Sampled: 885.25 | Baseline: 597.62 | Improvement: -287.62 | Win Rate: 0.00% | Actor Loss: -4.7869 | Entropy: 0.4732 | Invalid S/B: 1.50/0.00 | Max Load: 13.0 | Load Gap: 1.9
Epoch [629/1500] | Sampled: 871.12 | Baseline: 615.19 | Improvement: -255.94 | Win Rate: 0.00% | Actor Loss: 0.1645 | Entropy: 0.4869 | Invalid S/B: 0.81/0.00 | Max Load: 13.1 | Load Gap: 2.0
Epoch [630/1500] | Sampled: 859.12 | Baseline: 598.12 | Improvement: -261.00 | Win Rate: 0.00% | Actor Loss: -1.9053 | Entropy: 0.4751 | Invalid S/B: 1.12/0.00 | Max Load: 12.9 | Load Gap: 1.6
Epoch [631/1500] | Sampled: 864.56 | Baseline: 608.06 | Improvement: -256.50 | Win Rate: 0.00% | Actor Loss: -3.3276 | Entropy: 0.4758 | Invalid S/B: 0.69/0.00 | Max Load: 13.1 | Load Gap: 2.1
Epoch [632/1500] | Sampled: 865.94 | Baseline: 612.50 | Improvement: -253.44 | Win Rate: 0.00% | Actor Loss: -0.7576 | Entropy: 0.4797 | Invalid S/B: 0.62/0.00 | Max Load: 12.9 | Load Gap: 1.8
Epoch [633/1500] | Sampled: 851.31 | Baseline: 603.31 | Improvement: -248.00 | Win Rate: 0.00% | Actor Loss: 2.1675 | Entropy: 0.4635 | Invalid S/B: 0.56/0.00 | Max Load: 12.8 | Load Gap: 1.6
Epoch [634/1500] | Sampled: 858.00 | Baseline: 599.25 | Improvement: -258.75 | Win Rate: 0.00% | Actor Loss: -1.5008 | Entropy: 0.4724 | Invalid S/B: 0.94/0.00 | Max Load: 12.9 | Load Gap: 1.8
Epoch [635/1500] | Sampled: 867.25 | Baseline: 599.62 | Improvement: -267.62 | Win Rate: 0.00% | Actor Loss: -0.2471 | Entropy: 0.4637 | Invalid S/B: 0.94/0.00 | Max Load: 13.0 | Load Gap: 1.9
Epoch [636/1500] | Sampled: 882.88 | Baseline: 609.06 | Improvement: -273.81 | Win Rate: 0.00% | Actor Loss: 1.7423 | Entropy: 0.4645 | Invalid S/B: 0.88/0.00 | Max Load: 13.0 | Load Gap: 1.9
Epoch [637/1500] | Sampled: 852.75 | Baseline: 599.31 | Improvement: -253.44 | Win Rate: 0.00% | Actor Loss: -0.7253 | Entropy: 0.4708 | Invalid S/B: 0.81/0.00 | Max Load: 13.1 | Load Gap: 2.1
Epoch [638/1500] | Sampled: 867.06 | Baseline: 607.50 | Improvement: -259.56 | Win Rate: 0.00% | Actor Loss: 2.1291 | Entropy: 0.4704 | Invalid S/B: 1.12/0.00 | Max Load: 13.1 | Load Gap: 2.0
Epoch [639/1500] | Sampled: 877.25 | Baseline: 604.31 | Improvement: -272.94 | Win Rate: 0.00% | Actor Loss: 1.4833 | Entropy: 0.4762 | Invalid S/B: 1.38/0.00 | Max Load: 13.1 | Load Gap: 2.0
Epoch [640/1500] | Sampled: 857.12 | Baseline: 615.56 | Improvement: -241.56 | Win Rate: 0.00% | Actor Loss: -3.1084 | Entropy: 0.4841 | Invalid S/B: 0.75/0.00 | Max Load: 13.1 | Load Gap: 2.0
Epoch [641/1500] | Sampled: 854.81 | Baseline: 610.75 | Improvement: -244.06 | Win Rate: 0.00% | Actor Loss: -5.4460 | Entropy: 0.4923 | Invalid S/B: 0.56/0.00 | Max Load: 13.1 | Load Gap: 2.0
Epoch [642/1500] | Sampled: 868.12 | Baseline: 609.62 | Improvement: -258.50 | Win Rate: 0.00% | Actor Loss: 4.9526 | Entropy: 0.4927 | Invalid S/B: 1.31/0.00 | Max Load: 12.8 | Load Gap: 1.4
Epoch [643/1500] | Sampled: 846.06 | Baseline: 601.06 | Improvement: -245.00 | Win Rate: 0.00% | Actor Loss: -4.8279 | Entropy: 0.4940 | Invalid S/B: 0.81/0.00 | Max Load: 13.3 | Load Gap: 2.2
Epoch [644/1500] | Sampled: 877.12 | Baseline: 619.25 | Improvement: -257.88 | Win Rate: 0.00% | Actor Loss: -1.4339 | Entropy: 0.4963 | Invalid S/B: 0.81/0.00 | Max Load: 13.1 | Load Gap: 2.0
Epoch [645/1500] | Sampled: 856.69 | Baseline: 600.06 | Improvement: -256.62 | Win Rate: 0.00% | Actor Loss: -0.0699 | Entropy: 0.5004 | Invalid S/B: 0.69/0.00 | Max Load: 13.1 | Load Gap: 2.1
Epoch [646/1500] | Sampled: 879.06 | Baseline: 605.12 | Improvement: -273.94 | Win Rate: 0.00% | Actor Loss: -1.7709 | Entropy: 0.5249 | Invalid S/B: 1.88/0.00 | Max Load: 13.0 | Load Gap: 1.9
Epoch [647/1500] | Sampled: 854.94 | Baseline: 609.19 | Improvement: -245.75 | Win Rate: 0.00% | Actor Loss: -4.2634 | Entropy: 0.5139 | Invalid S/B: 1.19/0.00 | Max Load: 13.5 | Load Gap: 2.5
Epoch [648/1500] | Sampled: 882.12 | Baseline: 611.38 | Improvement: -270.75 | Win Rate: 0.00% | Actor Loss: -2.9896 | Entropy: 0.5245 | Invalid S/B: 1.44/0.00 | Max Load: 13.1 | Load Gap: 1.9
Epoch [649/1500] | Sampled: 852.12 | Baseline: 613.31 | Improvement: -238.81 | Win Rate: 0.00% | Actor Loss: -3.7729 | Entropy: 0.5357 | Invalid S/B: 0.94/0.00 | Max Load: 13.0 | Load Gap: 1.9
Epoch [650/1500] | Sampled: 839.06 | Baseline: 602.69 | Improvement: -236.38 | Win Rate: 0.00% | Actor Loss: -1.2830 | Entropy: 0.5343 | Invalid S/B: 1.38/0.00 | Max Load: 13.0 | Load Gap: 1.9
   -> Validation | Samples: 50 | Makespan: 844.32 | Invalid Jobs: 1.16
Epoch [651/1500] | Sampled: 816.69 | Baseline: 605.94 | Improvement: -210.75 | Win Rate: 0.00% | Actor Loss: -4.0993 | Entropy: 0.5445 | Invalid S/B: 0.50/0.00 | Max Load: 13.1 | Load Gap: 2.0
Epoch [652/1500] | Sampled: 804.62 | Baseline: 604.94 | Improvement: -199.69 | Win Rate: 0.00% | Actor Loss: -3.7743 | Entropy: 0.5531 | Invalid S/B: 0.75/0.00 | Max Load: 13.1 | Load Gap: 2.0
Epoch [653/1500] | Sampled: 828.81 | Baseline: 605.69 | Improvement: -223.12 | Win Rate: 0.00% | Actor Loss: -5.9123 | Entropy: 0.5285 | Invalid S/B: 0.88/0.00 | Max Load: 13.1 | Load Gap: 2.1
Epoch [654/1500] | Sampled: 836.56 | Baseline: 609.19 | Improvement: -227.38 | Win Rate: 0.00% | Actor Loss: -2.0992 | Entropy: 0.5301 | Invalid S/B: 1.31/0.00 | Max Load: 13.2 | Load Gap: 2.2
Epoch [655/1500] | Sampled: 821.81 | Baseline: 607.06 | Improvement: -214.75 | Win Rate: 0.00% | Actor Loss: -1.7018 | Entropy: 0.5451 | Invalid S/B: 0.75/0.00 | Max Load: 13.3 | Load Gap: 2.1
Epoch [656/1500] | Sampled: 822.81 | Baseline: 608.56 | Improvement: -214.25 | Win Rate: 0.00% | Actor Loss: -3.0239 | Entropy: 0.5225 | Invalid S/B: 0.88/0.00 | Max Load: 13.1 | Load Gap: 1.9
Epoch [657/1500] | Sampled: 826.19 | Baseline: 609.69 | Improvement: -216.50 | Win Rate: 0.00% | Actor Loss: 1.2087 | Entropy: 0.5476 | Invalid S/B: 0.56/0.00 | Max Load: 13.2 | Load Gap: 2.2
Epoch [658/1500] | Sampled: 807.75 | Baseline: 606.25 | Improvement: -201.50 | Win Rate: 0.00% | Actor Loss: -7.8716 | Entropy: 0.5592 | Invalid S/B: 0.75/0.00 | Max Load: 13.1 | Load Gap: 2.0
Epoch [659/1500] | Sampled: 821.69 | Baseline: 612.62 | Improvement: -209.06 | Win Rate: 0.00% | Actor Loss: 0.6775 | Entropy: 0.5397 | Invalid S/B: 0.75/0.00 | Max Load: 13.1 | Load Gap: 2.0
Traceback (most recent call last):
  File "/home/wei/AMR-DFJSP/Static_alogorithm/GNN/train_gnn_precise.py", line 762, in <module>
    train(build_parser().parse_args())
  File "/home/wei/AMR-DFJSP/Static_alogorithm/GNN/train_gnn_precise.py", line 714, in train
    train_reinforce(args)
  File "/home/wei/AMR-DFJSP/Static_alogorithm/GNN/train_gnn_precise.py", line 429, in train_reinforce
    comparison = compute_dispatch_baseline_comparison(
  File "/home/wei/AMR-DFJSP/Static_alogorithm/reinforce_baseline.py", line 184, in compute_dispatch_baseline_comparison
    rule_next_makespan, _ = evaluate_makespan(
  File "/home/wei/AMR-DFJSP/Static_alogorithm/reinforce_baseline.py", line 77, in evaluate_makespan
    availability, _, _, _, invalid_count = decode_schedule_tick_by_tick(
  File "/home/wei/AMR-DFJSP/Static_alogorithm/GA/GA.py", line 1429, in decode_schedule_tick_by_tick
    return decode_schedule(individual, jobs, need_log=need_log, check_collision=check_collision, init_state=init_state)
  File "/home/wei/AMR-DFJSP/Static_alogorithm/GA/GA.py", line 1423, in decode_schedule
