Training on: cuda
Loaded 5000 dispatch events from /home/wei/Desktop/AMR-DFJSP/test_case/v3/train_60.jsonl
Loaded 50 dispatch events from /home/wei/Desktop/AMR-DFJSP/test_case/v3/val_60.jsonl
Loaded 50 validation event(s).
Starting Attention REINFORCE training with dispatch baseline 'milk_run+earliest_completion' (multisample).
Epoch [1/2000] | Sampled: 684.25 | Baseline: 351.00 | Improvement: -333.25 | Win Rate: 0.00% | Actor Loss: -3.1097 | Entropy: 4.3474 | Invalid S/B: 0.38/0.00 | Max Load: 5.8 | Load Gap: 3.5 | Group CV: 0.0480
   -> Validation | Samples: 50 | Makespan: 3553.94 | Invalid Jobs: 0.00 | Score: 3553.94
   -> Saved new best model (Val Score: 3553.94)
   -> Saved updated training chart to /home/wei/Desktop/AMR-DFJSP/Static_alogorithm/Attention/attention_training_metrics.png
Epoch [2/2000] | Sampled: 706.25 | Baseline: 389.00 | Improvement: -317.25 | Win Rate: 0.00% | Actor Loss: 2.6205 | Entropy: 4.3765 | Invalid S/B: 1.12/0.00 | Max Load: 5.6 | Load Gap: 3.1 | Group CV: 0.0704
Epoch [3/2000] | Sampled: 605.12 | Baseline: 314.50 | Improvement: -290.62 | Win Rate: 0.00% | Actor Loss: 2.1820 | Entropy: 4.3801 | Invalid S/B: 0.75/0.00 | Max Load: 6.1 | Load Gap: 4.0 | Group CV: 0.0711
Epoch [4/2000] | Sampled: 662.62 | Baseline: 343.00 | Improvement: -319.62 | Win Rate: 0.00% | Actor Loss: 2.4556 | Entropy: 4.3397 | Invalid S/B: 0.38/0.00 | Max Load: 5.9 | Load Gap: 3.8 | Group CV: 0.0295
Epoch [5/2000] | Sampled: 632.00 | Baseline: 336.50 | Improvement: -295.50 | Win Rate: 0.00% | Actor Loss: -4.2319 | Entropy: 4.3496 | Invalid S/B: 0.50/0.00 | Max Load: 5.9 | Load Gap: 3.6 | Group CV: 0.0857
Epoch [6/2000] | Sampled: 611.88 | Baseline: 351.50 | Improvement: -260.38 | Win Rate: 0.00% | Actor Loss: 2.5676 | Entropy: 4.3969 | Invalid S/B: 1.62/0.00 | Max Load: 5.5 | Load Gap: 3.4 | Group CV: 0.0513
Epoch [7/2000] | Sampled: 615.75 | Baseline: 344.00 | Improvement: -271.75 | Win Rate: 0.00% | Actor Loss: -2.1663 | Entropy: 4.3640 | Invalid S/B: 0.50/0.50 | Max Load: 5.6 | Load Gap: 3.4 | Group CV: 0.0857
Epoch [8/2000] | Sampled: 607.00 | Baseline: 356.00 | Improvement: -251.00 | Win Rate: 0.00% | Actor Loss: 0.6230 | Entropy: 4.3418 | Invalid S/B: 0.62/0.00 | Max Load: 5.2 | Load Gap: 3.0 | Group CV: 0.0696
Epoch [9/2000] | Sampled: 622.38 | Baseline: 309.50 | Improvement: -312.88 | Win Rate: 0.00% | Actor Loss: -4.5082 | Entropy: 4.3434 | Invalid S/B: 0.88/0.00 | Max Load: 5.8 | Load Gap: 3.6 | Group CV: 0.0259
Epoch [10/2000] | Sampled: 671.25 | Baseline: 343.00 | Improvement: -328.25 | Win Rate: 0.00% | Actor Loss: 1.5271 | Entropy: 4.3234 | Invalid S/B: 0.88/0.00 | Max Load: 6.5 | Load Gap: 4.5 | Group CV: 0.1226
   -> Validation | Samples: 50 | Makespan: 469.32 | Invalid Jobs: 1.98 | Score: 667.32
   -> Saved new best model (Val Score: 667.32)
Epoch [11/2000] | Sampled: 624.88 | Baseline: 330.50 | Improvement: -294.38 | Win Rate: 0.00% | Actor Loss: 1.3223 | Entropy: 4.3433 | Invalid S/B: 0.75/0.00 | Max Load: 5.6 | Load Gap: 3.8 | Group CV: 0.0919
Epoch [12/2000] | Sampled: 602.62 | Baseline: 351.00 | Improvement: -251.62 | Win Rate: 0.00% | Actor Loss: -0.2344 | Entropy: 4.3278 | Invalid S/B: 0.25/0.00 | Max Load: 5.5 | Load Gap: 3.5 | Group CV: 0.0750
Epoch [13/2000] | Sampled: 610.88 | Baseline: 361.50 | Improvement: -249.38 | Win Rate: 0.00% | Actor Loss: -3.5708 | Entropy: 4.3459 | Invalid S/B: 0.25/0.00 | Max Load: 5.9 | Load Gap: 3.6 | Group CV: 0.0865
Epoch [14/2000] | Sampled: 589.00 | Baseline: 364.50 | Improvement: -224.50 | Win Rate: 0.00% | Actor Loss: -2.1769 | Entropy: 4.4406 | Invalid S/B: 1.50/0.00 | Max Load: 5.2 | Load Gap: 2.9 | Group CV: 0.0668
Epoch [15/2000] | Sampled: 575.88 | Baseline: 331.00 | Improvement: -244.88 | Win Rate: 0.00% | Actor Loss: -3.3516 | Entropy: 4.3646 | Invalid S/B: 0.25/0.00 | Max Load: 5.2 | Load Gap: 3.0 | Group CV: 0.0463
Epoch [16/2000] | Sampled: 575.88 | Baseline: 320.00 | Improvement: -255.88 | Win Rate: 0.00% | Actor Loss: 2.8712 | Entropy: 4.4040 | Invalid S/B: 0.62/0.00 | Max Load: 5.4 | Load Gap: 3.0 | Group CV: 0.0578
Epoch [17/2000] | Sampled: 610.50 | Baseline: 338.00 | Improvement: -272.50 | Win Rate: 0.00% | Actor Loss: 1.3266 | Entropy: 4.3578 | Invalid S/B: 0.50/0.00 | Max Load: 5.0 | Load Gap: 2.5 | Group CV: 0.0700
Epoch [18/2000] | Sampled: 585.25 | Baseline: 341.50 | Improvement: -243.75 | Win Rate: 0.00% | Actor Loss: 1.5041 | Entropy: 4.3220 | Invalid S/B: 0.38/0.00 | Max Load: 5.5 | Load Gap: 3.2 | Group CV: 0.1397
Epoch [19/2000] | Sampled: 546.50 | Baseline: 321.00 | Improvement: -225.50 | Win Rate: 0.00% | Actor Loss: 1.2363 | Entropy: 4.3528 | Invalid S/B: 0.75/0.00 | Max Load: 5.5 | Load Gap: 3.0 | Group CV: 0.0820
Epoch [20/2000] | Sampled: 545.00 | Baseline: 313.50 | Improvement: -231.50 | Win Rate: 0.00% | Actor Loss: 3.3584 | Entropy: 4.3962 | Invalid S/B: 0.62/0.00 | Max Load: 5.4 | Load Gap: 2.9 | Group CV: 0.0957
   -> Validation | Samples: 50 | Makespan: 419.14 | Invalid Jobs: 0.74 | Score: 493.14
   -> Saved new best model (Val Score: 493.14)
Epoch [21/2000] | Sampled: 585.75 | Baseline: 332.00 | Improvement: -253.75 | Win Rate: 0.00% | Actor Loss: 1.3983 | Entropy: 4.3883 | Invalid S/B: 1.62/0.00 | Max Load: 5.8 | Load Gap: 3.5 | Group CV: 0.0639
Epoch [22/2000] | Sampled: 565.00 | Baseline: 328.50 | Improvement: -236.50 | Win Rate: 0.00% | Actor Loss: -1.6459 | Entropy: 4.3555 | Invalid S/B: 1.00/0.00 | Max Load: 5.4 | Load Gap: 3.2 | Group CV: 0.0279
Epoch [23/2000] | Sampled: 574.88 | Baseline: 325.00 | Improvement: -249.88 | Win Rate: 0.00% | Actor Loss: 0.4975 | Entropy: 4.4129 | Invalid S/B: 1.00/0.00 | Max Load: 5.8 | Load Gap: 3.4 | Group CV: 0.0632
Epoch [24/2000] | Sampled: 553.38 | Baseline: 333.50 | Improvement: -219.88 | Win Rate: 0.00% | Actor Loss: 0.2970 | Entropy: 4.3665 | Invalid S/B: 0.00/0.00 | Max Load: 5.4 | Load Gap: 3.0 | Group CV: 0.0740
Epoch [25/2000] | Sampled: 553.50 | Baseline: 350.00 | Improvement: -203.50 | Win Rate: 0.00% | Actor Loss: -4.9674 | Entropy: 4.4134 | Invalid S/B: 1.00/0.00 | Max Load: 5.9 | Load Gap: 3.6 | Group CV: 0.0734
Epoch [26/2000] | Sampled: 500.00 | Baseline: 338.50 | Improvement: -161.50 | Win Rate: 0.00% | Actor Loss: -0.3487 | Entropy: 4.3860 | Invalid S/B: 1.12/0.00 | Max Load: 5.1 | Load Gap: 2.6 | Group CV: 0.1066
Epoch [27/2000] | Sampled: 538.12 | Baseline: 307.00 | Improvement: -231.12 | Win Rate: 0.00% | Actor Loss: 1.9294 | Entropy: 4.3661 | Invalid S/B: 0.50/0.00 | Max Load: 5.1 | Load Gap: 2.8 | Group CV: 0.0982
Epoch [28/2000] | Sampled: 523.38 | Baseline: 314.00 | Improvement: -209.38 | Win Rate: 0.00% | Actor Loss: 6.1761 | Entropy: 4.4021 | Invalid S/B: 0.62/0.00 | Max Load: 5.1 | Load Gap: 2.5 | Group CV: 0.0465
Epoch [29/2000] | Sampled: 579.00 | Baseline: 306.00 | Improvement: -273.00 | Win Rate: 0.00% | Actor Loss: -2.2638 | Entropy: 4.4058 | Invalid S/B: 1.62/0.00 | Max Load: 5.8 | Load Gap: 3.2 | Group CV: 0.0703
Epoch [30/2000] | Sampled: 530.62 | Baseline: 322.50 | Improvement: -208.12 | Win Rate: 0.00% | Actor Loss: -1.8929 | Entropy: 4.3355 | Invalid S/B: 1.25/0.00 | Max Load: 5.1 | Load Gap: 2.8 | Group CV: 0.0552
   -> Validation | Samples: 50 | Makespan: 413.68 | Invalid Jobs: 0.06 | Score: 419.68
   -> Saved new best model (Val Score: 419.68)
Epoch [31/2000] | Sampled: 545.50 | Baseline: 348.50 | Improvement: -197.00 | Win Rate: 0.00% | Actor Loss: 2.7765 | Entropy: 4.4027 | Invalid S/B: 1.88/0.00 | Max Load: 5.0 | Load Gap: 2.5 | Group CV: 0.0858
Epoch [32/2000] | Sampled: 517.25 | Baseline: 305.00 | Improvement: -212.25 | Win Rate: 0.00% | Actor Loss: 1.6253 | Entropy: 4.3986 | Invalid S/B: 1.38/0.00 | Max Load: 5.0 | Load Gap: 2.5 | Group CV: 0.0902
Epoch [33/2000] | Sampled: 505.00 | Baseline: 321.50 | Improvement: -183.50 | Win Rate: 0.00% | Actor Loss: 1.2893 | Entropy: 4.3592 | Invalid S/B: 0.25/0.00 | Max Load: 5.1 | Load Gap: 3.0 | Group CV: 0.0353
Epoch [34/2000] | Sampled: 492.50 | Baseline: 323.50 | Improvement: -169.00 | Win Rate: 0.00% | Actor Loss: -1.5128 | Entropy: 4.3841 | Invalid S/B: 0.62/0.00 | Max Load: 5.2 | Load Gap: 2.9 | Group CV: 0.0833
Epoch [35/2000] | Sampled: 507.62 | Baseline: 374.00 | Improvement: -133.62 | Win Rate: 0.00% | Actor Loss: -2.9773 | Entropy: 4.3457 | Invalid S/B: 1.00/0.50 | Max Load: 5.4 | Load Gap: 3.2 | Group CV: 0.0517
Epoch [36/2000] | Sampled: 505.50 | Baseline: 318.00 | Improvement: -187.50 | Win Rate: 0.00% | Actor Loss: 6.1875 | Entropy: 4.3351 | Invalid S/B: 1.12/0.00 | Max Load: 5.4 | Load Gap: 2.9 | Group CV: 0.0608
Epoch [37/2000] | Sampled: 487.12 | Baseline: 352.50 | Improvement: -134.62 | Win Rate: 0.00% | Actor Loss: 0.3322 | Entropy: 4.3371 | Invalid S/B: 0.25/0.00 | Max Load: 5.0 | Load Gap: 2.2 | Group CV: 0.0437
Epoch [38/2000] | Sampled: 533.12 | Baseline: 334.50 | Improvement: -198.62 | Win Rate: 0.00% | Actor Loss: -1.0460 | Entropy: 4.3239 | Invalid S/B: 0.88/0.00 | Max Load: 5.1 | Load Gap: 2.9 | Group CV: 0.0919
Epoch [39/2000] | Sampled: 469.38 | Baseline: 300.00 | Improvement: -169.38 | Win Rate: 0.00% | Actor Loss: -1.6961 | Entropy: 4.3203 | Invalid S/B: 0.50/0.00 | Max Load: 5.1 | Load Gap: 2.8 | Group CV: 0.0436
Epoch [40/2000] | Sampled: 495.88 | Baseline: 349.00 | Improvement: -146.88 | Win Rate: 0.00% | Actor Loss: 3.9084 | Entropy: 4.2443 | Invalid S/B: 1.12/0.00 | Max Load: 5.2 | Load Gap: 3.2 | Group CV: 0.0446
   -> Validation | Samples: 50 | Makespan: 411.00 | Invalid Jobs: 0.08 | Score: 419.00
   -> Saved new best model (Val Score: 419.00)
Epoch [41/2000] | Sampled: 500.12 | Baseline: 364.00 | Improvement: -136.12 | Win Rate: 0.00% | Actor Loss: 0.9604 | Entropy: 4.2427 | Invalid S/B: 0.62/0.00 | Max Load: 4.9 | Load Gap: 2.6 | Group CV: 0.0508
Epoch [42/2000] | Sampled: 465.25 | Baseline: 322.50 | Improvement: -142.75 | Win Rate: 0.00% | Actor Loss: -0.6106 | Entropy: 4.3002 | Invalid S/B: 0.62/0.00 | Max Load: 5.4 | Load Gap: 3.1 | Group CV: 0.0508
Epoch [43/2000] | Sampled: 496.00 | Baseline: 335.00 | Improvement: -161.00 | Win Rate: 0.00% | Actor Loss: 3.4711 | Entropy: 4.2614 | Invalid S/B: 0.75/0.00 | Max Load: 5.2 | Load Gap: 2.8 | Group CV: 0.0319
Epoch [44/2000] | Sampled: 459.88 | Baseline: 326.50 | Improvement: -133.38 | Win Rate: 0.00% | Actor Loss: -0.9793 | Entropy: 4.2999 | Invalid S/B: 0.38/0.00 | Max Load: 5.1 | Load Gap: 2.4 | Group CV: 0.0509
Epoch [45/2000] | Sampled: 499.62 | Baseline: 362.00 | Improvement: -137.62 | Win Rate: 0.00% | Actor Loss: -2.6353 | Entropy: 4.3296 | Invalid S/B: 1.88/0.00 | Max Load: 5.4 | Load Gap: 2.9 | Group CV: 0.0642
Epoch [46/2000] | Sampled: 452.50 | Baseline: 314.00 | Improvement: -138.50 | Win Rate: 0.00% | Actor Loss: 1.8907 | Entropy: 4.3294 | Invalid S/B: 0.50/0.00 | Max Load: 5.1 | Load Gap: 3.0 | Group CV: 0.0608
Epoch [47/2000] | Sampled: 457.62 | Baseline: 312.50 | Improvement: -145.12 | Win Rate: 0.00% | Actor Loss: 2.4222 | Entropy: 4.4017 | Invalid S/B: 0.62/0.00 | Max Load: 5.0 | Load Gap: 2.6 | Group CV: 0.0833
Epoch [48/2000] | Sampled: 479.62 | Baseline: 348.50 | Improvement: -131.12 | Win Rate: 0.00% | Actor Loss: 2.7780 | Entropy: 4.3612 | Invalid S/B: 0.88/0.00 | Max Load: 5.1 | Load Gap: 2.6 | Group CV: 0.0636
Epoch [49/2000] | Sampled: 492.38 | Baseline: 330.00 | Improvement: -162.38 | Win Rate: 0.00% | Actor Loss: 1.4382 | Entropy: 4.3810 | Invalid S/B: 1.12/0.00 | Max Load: 5.2 | Load Gap: 3.2 | Group CV: 0.0851
Epoch [50/2000] | Sampled: 455.12 | Baseline: 310.00 | Improvement: -145.12 | Win Rate: 0.00% | Actor Loss: 0.6522 | Entropy: 4.3975 | Invalid S/B: 0.38/0.00 | Max Load: 5.1 | Load Gap: 3.0 | Group CV: 0.0437
   -> Validation | Samples: 50 | Makespan: 397.22 | Invalid Jobs: 0.02 | Score: 399.22
   -> Saved new best model (Val Score: 399.22)
Epoch [51/2000] | Sampled: 461.25 | Baseline: 326.50 | Improvement: -134.75 | Win Rate: 0.00% | Actor Loss: -1.1785 | Entropy: 4.4171 | Invalid S/B: 0.38/0.00 | Max Load: 5.1 | Load Gap: 2.9 | Group CV: 0.0372
Epoch [52/2000] | Sampled: 472.00 | Baseline: 330.00 | Improvement: -142.00 | Win Rate: 0.00% | Actor Loss: 2.3719 | Entropy: 4.3933 | Invalid S/B: 0.75/0.00 | Max Load: 5.0 | Load Gap: 2.8 | Group CV: 0.0910
Epoch [53/2000] | Sampled: 489.25 | Baseline: 338.00 | Improvement: -151.25 | Win Rate: 0.00% | Actor Loss: -0.8168 | Entropy: 4.3266 | Invalid S/B: 0.88/0.00 | Max Load: 5.1 | Load Gap: 2.8 | Group CV: 0.0623
Epoch [54/2000] | Sampled: 455.38 | Baseline: 296.00 | Improvement: -159.38 | Win Rate: 0.00% | Actor Loss: -1.7156 | Entropy: 4.4693 | Invalid S/B: 0.25/0.00 | Max Load: 5.5 | Load Gap: 3.5 | Group CV: 0.0588
Epoch [55/2000] | Sampled: 479.50 | Baseline: 333.50 | Improvement: -146.00 | Win Rate: 0.00% | Actor Loss: -5.2174 | Entropy: 4.3767 | Invalid S/B: 0.75/0.00 | Max Load: 5.4 | Load Gap: 3.1 | Group CV: 0.0501
Epoch [56/2000] | Sampled: 482.88 | Baseline: 312.00 | Improvement: -170.88 | Win Rate: 0.00% | Actor Loss: 4.4956 | Entropy: 4.3774 | Invalid S/B: 0.75/0.00 | Max Load: 5.4 | Load Gap: 2.9 | Group CV: 0.0812
Epoch [57/2000] | Sampled: 485.75 | Baseline: 363.00 | Improvement: -122.75 | Win Rate: 0.00% | Actor Loss: -2.9543 | Entropy: 4.3733 | Invalid S/B: 0.62/0.00 | Max Load: 5.2 | Load Gap: 3.0 | Group CV: 0.0488
Epoch [58/2000] | Sampled: 515.62 | Baseline: 365.00 | Improvement: -150.62 | Win Rate: 0.00% | Actor Loss: -0.6799 | Entropy: 4.3316 | Invalid S/B: 1.12/0.00 | Max Load: 5.4 | Load Gap: 3.1 | Group CV: 0.0373
Epoch [59/2000] | Sampled: 438.88 | Baseline: 315.00 | Improvement: -123.88 | Win Rate: 0.00% | Actor Loss: -0.4661 | Entropy: 4.3794 | Invalid S/B: 0.75/0.00 | Max Load: 5.1 | Load Gap: 2.8 | Group CV: 0.0404
Epoch [60/2000] | Sampled: 470.88 | Baseline: 335.50 | Improvement: -135.38 | Win Rate: 0.00% | Actor Loss: -1.3346 | Entropy: 4.3503 | Invalid S/B: 0.50/0.00 | Max Load: 5.4 | Load Gap: 3.0 | Group CV: 0.0722
   -> Validation | Samples: 50 | Makespan: 440.84 | Invalid Jobs: 0.04 | Score: 444.84
Epoch [61/2000] | Sampled: 486.25 | Baseline: 303.50 | Improvement: -182.75 | Win Rate: 0.00% | Actor Loss: -1.7959 | Entropy: 4.2556 | Invalid S/B: 1.12/0.00 | Max Load: 5.5 | Load Gap: 3.1 | Group CV: 0.0620
Epoch [62/2000] | Sampled: 472.50 | Baseline: 335.00 | Improvement: -137.50 | Win Rate: 0.00% | Actor Loss: 0.0223 | Entropy: 4.2624 | Invalid S/B: 1.12/0.00 | Max Load: 5.4 | Load Gap: 2.9 | Group CV: 0.0633
Epoch [63/2000] | Sampled: 440.12 | Baseline: 333.00 | Improvement: -107.12 | Win Rate: 0.00% | Actor Loss: 2.0300 | Entropy: 4.2168 | Invalid S/B: 0.75/0.00 | Max Load: 5.0 | Load Gap: 2.9 | Group CV: 0.0756
Epoch [64/2000] | Sampled: 445.62 | Baseline: 316.00 | Improvement: -129.62 | Win Rate: 0.00% | Actor Loss: -2.2494 | Entropy: 4.2018 | Invalid S/B: 0.75/0.00 | Max Load: 5.0 | Load Gap: 2.4 | Group CV: 0.0684
Epoch [65/2000] | Sampled: 446.00 | Baseline: 321.00 | Improvement: -125.00 | Win Rate: 0.00% | Actor Loss: 1.4687 | Entropy: 4.1631 | Invalid S/B: 0.62/0.00 | Max Load: 5.2 | Load Gap: 2.8 | Group CV: 0.0563
Epoch [66/2000] | Sampled: 497.88 | Baseline: 362.50 | Improvement: -135.38 | Win Rate: 0.00% | Actor Loss: 1.2022 | Entropy: 4.1098 | Invalid S/B: 1.38/0.00 | Max Load: 5.1 | Load Gap: 2.8 | Group CV: 0.0747
Epoch [67/2000] | Sampled: 450.38 | Baseline: 319.50 | Improvement: -130.88 | Win Rate: 0.00% | Actor Loss: 1.5562 | Entropy: 4.1292 | Invalid S/B: 0.75/0.00 | Max Load: 5.0 | Load Gap: 2.9 | Group CV: 0.0425
Epoch [68/2000] | Sampled: 453.25 | Baseline: 364.50 | Improvement: -88.75 | Win Rate: 0.00% | Actor Loss: -1.1441 | Entropy: 4.1247 | Invalid S/B: 0.38/0.00 | Max Load: 5.5 | Load Gap: 3.5 | Group CV: 0.0695
Epoch [69/2000] | Sampled: 461.75 | Baseline: 340.00 | Improvement: -121.75 | Win Rate: 0.00% | Actor Loss: 1.5968 | Entropy: 4.2310 | Invalid S/B: 0.62/0.00 | Max Load: 5.1 | Load Gap: 3.2 | Group CV: 0.0341
Epoch [70/2000] | Sampled: 479.12 | Baseline: 320.50 | Improvement: -158.62 | Win Rate: 0.00% | Actor Loss: -2.4684 | Entropy: 4.1510 | Invalid S/B: 0.62/0.00 | Max Load: 5.2 | Load Gap: 3.0 | Group CV: 0.0873
   -> Validation | Samples: 50 | Makespan: 484.30 | Invalid Jobs: 0.32 | Score: 516.30
Epoch [71/2000] | Sampled: 478.25 | Baseline: 340.50 | Improvement: -137.75 | Win Rate: 0.00% | Actor Loss: 3.7533 | Entropy: 4.2315 | Invalid S/B: 1.00/0.00 | Max Load: 5.4 | Load Gap: 3.2 | Group CV: 0.0968
Epoch [72/2000] | Sampled: 482.62 | Baseline: 329.50 | Improvement: -153.12 | Win Rate: 0.00% | Actor Loss: -2.1147 | Entropy: 4.1657 | Invalid S/B: 0.25/0.00 | Max Load: 5.4 | Load Gap: 3.2 | Group CV: 0.0646
Epoch [73/2000] | Sampled: 476.25 | Baseline: 336.00 | Improvement: -140.25 | Win Rate: 0.00% | Actor Loss: -0.1262 | Entropy: 4.2595 | Invalid S/B: 1.00/0.00 | Max Load: 5.2 | Load Gap: 3.1 | Group CV: 0.0866
Epoch [74/2000] | Sampled: 468.12 | Baseline: 358.50 | Improvement: -109.62 | Win Rate: 0.00% | Actor Loss: -0.1488 | Entropy: 4.1438 | Invalid S/B: 0.25/0.00 | Max Load: 5.4 | Load Gap: 3.4 | Group CV: 0.0447
Epoch [75/2000] | Sampled: 496.38 | Baseline: 376.00 | Improvement: -120.38 | Win Rate: 0.00% | Actor Loss: 4.4218 | Entropy: 4.2737 | Invalid S/B: 0.88/0.00 | Max Load: 5.4 | Load Gap: 3.2 | Group CV: 0.0498
Epoch [76/2000] | Sampled: 452.00 | Baseline: 350.00 | Improvement: -102.00 | Win Rate: 0.00% | Actor Loss: -0.6252 | Entropy: 4.2593 | Invalid S/B: 0.50/0.00 | Max Load: 5.5 | Load Gap: 3.6 | Group CV: 0.0842
Epoch [77/2000] | Sampled: 465.00 | Baseline: 331.50 | Improvement: -133.50 | Win Rate: 0.00% | Actor Loss: -1.6896 | Entropy: 4.1920 | Invalid S/B: 0.62/0.00 | Max Load: 5.8 | Load Gap: 3.4 | Group CV: 0.0922
Epoch [78/2000] | Sampled: 461.75 | Baseline: 347.50 | Improvement: -114.25 | Win Rate: 0.00% | Actor Loss: 2.5317 | Entropy: 4.2150 | Invalid S/B: 0.88/0.00 | Max Load: 5.4 | Load Gap: 3.1 | Group CV: 0.0799
Epoch [79/2000] | Sampled: 464.75 | Baseline: 329.50 | Improvement: -135.25 | Win Rate: 0.00% | Actor Loss: -2.5865 | Entropy: 4.1213 | Invalid S/B: 0.62/0.00 | Max Load: 5.4 | Load Gap: 3.1 | Group CV: 0.0561
Epoch [80/2000] | Sampled: 441.50 | Baseline: 354.00 | Improvement: -87.50 | Win Rate: 0.00% | Actor Loss: -0.3182 | Entropy: 4.1876 | Invalid S/B: 0.38/0.00 | Max Load: 5.4 | Load Gap: 3.0 | Group CV: 0.0545
   -> Validation | Samples: 50 | Makespan: 412.22 | Invalid Jobs: 0.00 | Score: 412.22
Epoch [81/2000] | Sampled: 442.25 | Baseline: 321.00 | Improvement: -121.25 | Win Rate: 0.00% | Actor Loss: -2.3933 | Entropy: 4.1149 | Invalid S/B: 0.50/0.00 | Max Load: 5.4 | Load Gap: 2.9 | Group CV: 0.0953
Epoch [82/2000] | Sampled: 444.38 | Baseline: 349.50 | Improvement: -94.88 | Win Rate: 0.00% | Actor Loss: -7.2104 | Entropy: 4.1115 | Invalid S/B: 0.38/0.00 | Max Load: 5.4 | Load Gap: 3.0 | Group CV: 0.0754
Epoch [83/2000] | Sampled: 441.75 | Baseline: 359.50 | Improvement: -82.25 | Win Rate: 0.00% | Actor Loss: 1.3392 | Entropy: 4.1059 | Invalid S/B: 0.62/0.00 | Max Load: 5.1 | Load Gap: 2.6 | Group CV: 0.0277
Epoch [84/2000] | Sampled: 421.12 | Baseline: 331.00 | Improvement: -90.12 | Win Rate: 0.00% | Actor Loss: 2.6903 | Entropy: 4.0976 | Invalid S/B: 0.25/0.00 | Max Load: 5.2 | Load Gap: 2.9 | Group CV: 0.0633
Epoch [85/2000] | Sampled: 420.38 | Baseline: 331.50 | Improvement: -88.88 | Win Rate: 0.00% | Actor Loss: -0.8532 | Entropy: 4.1166 | Invalid S/B: 0.38/0.00 | Max Load: 5.2 | Load Gap: 2.9 | Group CV: 0.0493
Epoch [86/2000] | Sampled: 455.25 | Baseline: 385.00 | Improvement: -70.25 | Win Rate: 0.00% | Actor Loss: 3.5974 | Entropy: 3.9642 | Invalid S/B: 0.50/0.00 | Max Load: 5.4 | Load Gap: 2.9 | Group CV: 0.0682
Epoch [87/2000] | Sampled: 400.62 | Baseline: 318.00 | Improvement: -82.62 | Win Rate: 0.00% | Actor Loss: 0.0565 | Entropy: 4.0937 | Invalid S/B: 0.00/0.00 | Max Load: 5.1 | Load Gap: 2.9 | Group CV: 0.0648
Epoch [88/2000] | Sampled: 415.62 | Baseline: 362.00 | Improvement: -53.62 | Win Rate: 0.00% | Actor Loss: -1.8884 | Entropy: 4.0586 | Invalid S/B: 0.12/0.00 | Max Load: 5.4 | Load Gap: 3.2 | Group CV: 0.0400
Epoch [89/2000] | Sampled: 433.12 | Baseline: 312.50 | Improvement: -120.62 | Win Rate: 0.00% | Actor Loss: 0.5504 | Entropy: 4.0888 | Invalid S/B: 1.12/0.00 | Max Load: 5.2 | Load Gap: 3.0 | Group CV: 0.0988
Epoch [90/2000] | Sampled: 432.50 | Baseline: 346.00 | Improvement: -86.50 | Win Rate: 0.00% | Actor Loss: -1.9886 | Entropy: 4.0925 | Invalid S/B: 0.38/0.00 | Max Load: 5.4 | Load Gap: 3.2 | Group CV: 0.0433
   -> Validation | Samples: 50 | Makespan: 390.16 | Invalid Jobs: 0.02 | Score: 392.16
   -> Saved new best model (Val Score: 392.16)
Epoch [91/2000] | Sampled: 426.38 | Baseline: 342.00 | Improvement: -84.38 | Win Rate: 0.00% | Actor Loss: -3.3162 | Entropy: 4.1150 | Invalid S/B: 0.50/0.00 | Max Load: 4.9 | Load Gap: 2.8 | Group CV: 0.0505
Epoch [92/2000] | Sampled: 433.62 | Baseline: 372.50 | Improvement: -61.12 | Win Rate: 0.00% | Actor Loss: -2.9516 | Entropy: 4.1093 | Invalid S/B: 0.12/0.00 | Max Load: 5.1 | Load Gap: 3.0 | Group CV: 0.0534
Epoch [93/2000] | Sampled: 428.75 | Baseline: 358.50 | Improvement: -70.25 | Win Rate: 0.00% | Actor Loss: 3.2015 | Entropy: 4.1049 | Invalid S/B: 0.38/0.00 | Max Load: 5.4 | Load Gap: 3.2 | Group CV: 0.0597
Epoch [94/2000] | Sampled: 439.12 | Baseline: 350.00 | Improvement: -89.12 | Win Rate: 0.00% | Actor Loss: 1.7725 | Entropy: 3.9944 | Invalid S/B: 0.25/0.00 | Max Load: 5.0 | Load Gap: 2.4 | Group CV: 0.0467
Epoch [95/2000] | Sampled: 417.62 | Baseline: 342.00 | Improvement: -75.62 | Win Rate: 0.00% | Actor Loss: -0.3387 | Entropy: 4.0912 | Invalid S/B: 0.25/0.00 | Max Load: 5.4 | Load Gap: 3.4 | Group CV: 0.0454
Epoch [96/2000] | Sampled: 446.88 | Baseline: 320.50 | Improvement: -126.38 | Win Rate: 0.00% | Actor Loss: 1.7179 | Entropy: 4.0210 | Invalid S/B: 0.38/0.00 | Max Load: 5.5 | Load Gap: 3.4 | Group CV: 0.0807
Epoch [97/2000] | Sampled: 415.25 | Baseline: 332.00 | Improvement: -83.25 | Win Rate: 0.00% | Actor Loss: 3.9945 | Entropy: 4.0919 | Invalid S/B: 0.12/0.00 | Max Load: 5.5 | Load Gap: 3.5 | Group CV: 0.0468
Epoch [98/2000] | Sampled: 457.50 | Baseline: 351.50 | Improvement: -106.00 | Win Rate: 0.00% | Actor Loss: -2.6326 | Entropy: 4.0630 | Invalid S/B: 0.38/0.00 | Max Load: 5.8 | Load Gap: 3.8 | Group CV: 0.0374
Epoch [99/2000] | Sampled: 433.38 | Baseline: 332.00 | Improvement: -101.38 | Win Rate: 0.00% | Actor Loss: -2.1033 | Entropy: 4.0359 | Invalid S/B: 0.25/0.00 | Max Load: 5.2 | Load Gap: 3.2 | Group CV: 0.0471
Epoch [100/2000] | Sampled: 420.12 | Baseline: 362.50 | Improvement: -57.62 | Win Rate: 0.00% | Actor Loss: -0.8812 | Entropy: 3.9887 | Invalid S/B: 0.00/0.00 | Max Load: 5.2 | Load Gap: 2.8 | Group CV: 0.0317
   -> Validation | Samples: 50 | Makespan: 397.20 | Invalid Jobs: 0.02 | Score: 399.20
   -> Saved updated training chart to /home/wei/Desktop/AMR-DFJSP/Static_alogorithm/Attention/attention_training_metrics.png
Epoch [101/2000] | Sampled: 443.12 | Baseline: 400.50 | Improvement: -42.62 | Win Rate: 25.00% | Actor Loss: -1.6032 | Entropy: 3.9554 | Invalid S/B: 0.25/0.50 | Max Load: 5.0 | Load Gap: 2.8 | Group CV: 0.0636
Epoch [102/2000] | Sampled: 441.88 | Baseline: 351.50 | Improvement: -90.38 | Win Rate: 0.00% | Actor Loss: -5.7297 | Entropy: 3.9078 | Invalid S/B: 0.50/0.00 | Max Load: 5.2 | Load Gap: 3.0 | Group CV: 0.0560
Epoch [103/2000] | Sampled: 445.38 | Baseline: 343.00 | Improvement: -102.38 | Win Rate: 0.00% | Actor Loss: -1.4540 | Entropy: 3.8922 | Invalid S/B: 0.25/0.00 | Max Load: 5.5 | Load Gap: 3.0 | Group CV: 0.0247
Epoch [104/2000] | Sampled: 419.00 | Baseline: 335.50 | Improvement: -83.50 | Win Rate: 0.00% | Actor Loss: -1.3392 | Entropy: 3.8856 | Invalid S/B: 0.38/0.00 | Max Load: 5.1 | Load Gap: 2.9 | Group CV: 0.0652
Epoch [105/2000] | Sampled: 425.12 | Baseline: 341.50 | Improvement: -83.62 | Win Rate: 0.00% | Actor Loss: 5.4420 | Entropy: 3.9421 | Invalid S/B: 0.25/0.00 | Max Load: 5.4 | Load Gap: 3.2 | Group CV: 0.0348
Epoch [106/2000] | Sampled: 426.25 | Baseline: 311.50 | Improvement: -114.75 | Win Rate: 0.00% | Actor Loss: -2.1199 | Entropy: 4.0125 | Invalid S/B: 0.50/0.00 | Max Load: 5.4 | Load Gap: 3.2 | Group CV: 0.0398
Epoch [107/2000] | Sampled: 404.88 | Baseline: 308.50 | Improvement: -96.38 | Win Rate: 0.00% | Actor Loss: 2.2459 | Entropy: 4.0357 | Invalid S/B: 0.25/0.00 | Max Load: 5.0 | Load Gap: 3.0 | Group CV: 0.0550
Epoch [108/2000] | Sampled: 411.00 | Baseline: 314.00 | Improvement: -97.00 | Win Rate: 0.00% | Actor Loss: 2.4173 | Entropy: 3.9820 | Invalid S/B: 0.25/0.00 | Max Load: 5.1 | Load Gap: 3.0 | Group CV: 0.0414
Epoch [109/2000] | Sampled: 438.12 | Baseline: 341.00 | Improvement: -97.12 | Win Rate: 0.00% | Actor Loss: -3.0602 | Entropy: 3.9785 | Invalid S/B: 0.25/0.00 | Max Load: 5.2 | Load Gap: 3.0 | Group CV: 0.0203
Epoch [110/2000] | Sampled: 432.00 | Baseline: 317.00 | Improvement: -115.00 | Win Rate: 0.00% | Actor Loss: -2.0464 | Entropy: 3.9477 | Invalid S/B: 0.12/0.00 | Max Load: 5.5 | Load Gap: 3.5 | Group CV: 0.0382
   -> Validation | Samples: 50 | Makespan: 451.84 | Invalid Jobs: 0.00 | Score: 451.84
Epoch [111/2000] | Sampled: 437.12 | Baseline: 320.00 | Improvement: -117.12 | Win Rate: 0.00% | Actor Loss: -3.6951 | Entropy: 3.9962 | Invalid S/B: 0.25/0.00 | Max Load: 5.5 | Load Gap: 3.6 | Group CV: 0.0595
Epoch [112/2000] | Sampled: 446.88 | Baseline: 325.00 | Improvement: -121.88 | Win Rate: 0.00% | Actor Loss: -2.7105 | Entropy: 3.9432 | Invalid S/B: 0.38/0.00 | Max Load: 5.5 | Load Gap: 3.5 | Group CV: 0.0464
Epoch [113/2000] | Sampled: 433.00 | Baseline: 305.50 | Improvement: -127.50 | Win Rate: 0.00% | Actor Loss: -1.9090 | Entropy: 3.9872 | Invalid S/B: 0.38/0.00 | Max Load: 5.2 | Load Gap: 3.1 | Group CV: 0.0337
Epoch [114/2000] | Sampled: 436.25 | Baseline: 357.50 | Improvement: -78.75 | Win Rate: 0.00% | Actor Loss: -0.1289 | Entropy: 3.8827 | Invalid S/B: 0.25/0.50 | Max Load: 5.1 | Load Gap: 2.9 | Group CV: 0.0445
Epoch [115/2000] | Sampled: 425.62 | Baseline: 329.50 | Improvement: -96.12 | Win Rate: 0.00% | Actor Loss: -0.9093 | Entropy: 3.9700 | Invalid S/B: 0.62/0.00 | Max Load: 5.5 | Load Gap: 3.1 | Group CV: 0.0839
Epoch [116/2000] | Sampled: 419.50 | Baseline: 317.50 | Improvement: -102.00 | Win Rate: 0.00% | Actor Loss: 0.5378 | Entropy: 3.9179 | Invalid S/B: 0.25/0.00 | Max Load: 5.1 | Load Gap: 2.9 | Group CV: 0.0305
Epoch [117/2000] | Sampled: 440.62 | Baseline: 354.50 | Improvement: -86.12 | Win Rate: 0.00% | Actor Loss: 3.4524 | Entropy: 3.8344 | Invalid S/B: 0.38/0.00 | Max Load: 5.5 | Load Gap: 3.4 | Group CV: 0.0584
Epoch [118/2000] | Sampled: 438.62 | Baseline: 347.00 | Improvement: -91.62 | Win Rate: 0.00% | Actor Loss: 1.1824 | Entropy: 3.8932 | Invalid S/B: 0.25/0.00 | Max Load: 5.5 | Load Gap: 3.2 | Group CV: 0.0550
Epoch [119/2000] | Sampled: 443.00 | Baseline: 361.50 | Improvement: -81.50 | Win Rate: 0.00% | Actor Loss: 2.8274 | Entropy: 3.7847 | Invalid S/B: 0.00/0.00 | Max Load: 5.5 | Load Gap: 3.6 | Group CV: 0.0598
Epoch [120/2000] | Sampled: 453.00 | Baseline: 335.50 | Improvement: -117.50 | Win Rate: 0.00% | Actor Loss: -5.3319 | Entropy: 3.8655 | Invalid S/B: 0.38/0.00 | Max Load: 5.9 | Load Gap: 3.4 | Group CV: 0.0708
   -> Validation | Samples: 50 | Makespan: 445.54 | Invalid Jobs: 0.06 | Score: 451.54
Epoch [121/2000] | Sampled: 449.88 | Baseline: 338.00 | Improvement: -111.88 | Win Rate: 0.00% | Actor Loss: -2.7891 | Entropy: 3.7865 | Invalid S/B: 0.50/0.00 | Max Load: 5.2 | Load Gap: 3.2 | Group CV: 0.0739
Epoch [122/2000] | Sampled: 449.38 | Baseline: 337.00 | Improvement: -112.38 | Win Rate: 0.00% | Actor Loss: -1.3637 | Entropy: 3.8272 | Invalid S/B: 0.50/0.00 | Max Load: 5.4 | Load Gap: 3.4 | Group CV: 0.0822
Epoch [123/2000] | Sampled: 456.38 | Baseline: 327.50 | Improvement: -128.88 | Win Rate: 0.00% | Actor Loss: -2.6360 | Entropy: 3.7632 | Invalid S/B: 0.50/0.00 | Max Load: 5.6 | Load Gap: 3.6 | Group CV: 0.0641
Epoch [124/2000] | Sampled: 446.38 | Baseline: 322.50 | Improvement: -123.88 | Win Rate: 0.00% | Actor Loss: 7.1421 | Entropy: 3.8003 | Invalid S/B: 0.38/0.00 | Max Load: 5.4 | Load Gap: 3.1 | Group CV: 0.0875
Epoch [125/2000] | Sampled: 429.50 | Baseline: 337.00 | Improvement: -92.50 | Win Rate: 0.00% | Actor Loss: -2.1413 | Entropy: 3.8139 | Invalid S/B: 0.00/0.00 | Max Load: 5.1 | Load Gap: 2.6 | Group CV: 0.0391
Epoch [126/2000] | Sampled: 471.38 | Baseline: 359.00 | Improvement: -112.38 | Win Rate: 0.00% | Actor Loss: -1.1335 | Entropy: 3.7975 | Invalid S/B: 0.50/0.00 | Max Load: 5.1 | Load Gap: 2.9 | Group CV: 0.0594
Epoch [127/2000] | Sampled: 422.88 | Baseline: 311.00 | Improvement: -111.88 | Win Rate: 0.00% | Actor Loss: 1.5366 | Entropy: 3.8134 | Invalid S/B: 0.50/0.00 | Max Load: 5.5 | Load Gap: 3.4 | Group CV: 0.0779
Epoch [128/2000] | Sampled: 413.75 | Baseline: 324.50 | Improvement: -89.25 | Win Rate: 0.00% | Actor Loss: 0.9202 | Entropy: 3.8283 | Invalid S/B: 0.00/0.00 | Max Load: 5.1 | Load Gap: 2.8 | Group CV: 0.0621
Epoch [129/2000] | Sampled: 421.00 | Baseline: 320.50 | Improvement: -100.50 | Win Rate: 0.00% | Actor Loss: 5.6841 | Entropy: 3.7467 | Invalid S/B: 0.38/0.00 | Max Load: 5.2 | Load Gap: 2.9 | Group CV: 0.0683
Epoch [130/2000] | Sampled: 424.88 | Baseline: 319.00 | Improvement: -105.88 | Win Rate: 0.00% | Actor Loss: 4.5986 | Entropy: 3.7972 | Invalid S/B: 0.12/0.00 | Max Load: 5.0 | Load Gap: 2.5 | Group CV: 0.0576
   -> Validation | Samples: 50 | Makespan: 389.90 | Invalid Jobs: 0.02 | Score: 391.90
   -> Saved new best model (Val Score: 391.90)
Epoch [131/2000] | Sampled: 430.75 | Baseline: 351.00 | Improvement: -79.75 | Win Rate: 0.00% | Actor Loss: 5.6023 | Entropy: 3.7690 | Invalid S/B: 0.50/0.50 | Max Load: 5.0 | Load Gap: 2.6 | Group CV: 0.0746
Epoch [132/2000] | Sampled: 429.38 | Baseline: 307.00 | Improvement: -122.38 | Win Rate: 0.00% | Actor Loss: 2.6546 | Entropy: 3.7885 | Invalid S/B: 0.25/0.00 | Max Load: 5.2 | Load Gap: 2.8 | Group CV: 0.0522
Epoch [133/2000] | Sampled: 432.25 | Baseline: 334.50 | Improvement: -97.75 | Win Rate: 0.00% | Actor Loss: -2.6690 | Entropy: 3.8303 | Invalid S/B: 0.88/0.00 | Max Load: 5.1 | Load Gap: 3.1 | Group CV: 0.1006
Epoch [134/2000] | Sampled: 441.62 | Baseline: 327.50 | Improvement: -114.12 | Win Rate: 0.00% | Actor Loss: 3.3716 | Entropy: 3.9249 | Invalid S/B: 0.50/0.00 | Max Load: 5.2 | Load Gap: 2.8 | Group CV: 0.0720
Epoch [135/2000] | Sampled: 431.38 | Baseline: 350.00 | Improvement: -81.38 | Win Rate: 0.00% | Actor Loss: -0.4021 | Entropy: 3.8416 | Invalid S/B: 0.12/0.00 | Max Load: 5.1 | Load Gap: 2.5 | Group CV: 0.0638
Epoch [136/2000] | Sampled: 410.75 | Baseline: 322.00 | Improvement: -88.75 | Win Rate: 0.00% | Actor Loss: -0.6934 | Entropy: 3.9724 | Invalid S/B: 0.25/0.00 | Max Load: 5.0 | Load Gap: 2.5 | Group CV: 0.0649
Epoch [137/2000] | Sampled: 432.12 | Baseline: 331.00 | Improvement: -101.12 | Win Rate: 0.00% | Actor Loss: 3.6080 | Entropy: 3.9460 | Invalid S/B: 0.50/0.00 | Max Load: 5.2 | Load Gap: 2.5 | Group CV: 0.0506
Epoch [138/2000] | Sampled: 411.25 | Baseline: 290.50 | Improvement: -120.75 | Win Rate: 0.00% | Actor Loss: -1.9271 | Entropy: 3.9798 | Invalid S/B: 0.25/0.00 | Max Load: 5.4 | Load Gap: 3.1 | Group CV: 0.0576
Epoch [139/2000] | Sampled: 436.88 | Baseline: 322.50 | Improvement: -114.38 | Win Rate: 0.00% | Actor Loss: -1.4131 | Entropy: 4.0013 | Invalid S/B: 0.75/0.00 | Max Load: 4.9 | Load Gap: 2.0 | Group CV: 0.0622
Epoch [140/2000] | Sampled: 424.12 | Baseline: 357.50 | Improvement: -66.62 | Win Rate: 0.00% | Actor Loss: -0.7023 | Entropy: 3.8934 | Invalid S/B: 0.38/0.00 | Max Load: 5.2 | Load Gap: 2.9 | Group CV: 0.0696
   -> Validation | Samples: 50 | Makespan: 376.92 | Invalid Jobs: 0.06 | Score: 382.92
   -> Saved new best model (Val Score: 382.92)
Epoch [141/2000] | Sampled: 468.62 | Baseline: 320.00 | Improvement: -148.62 | Win Rate: 0.00% | Actor Loss: -2.3996 | Entropy: 3.9675 | Invalid S/B: 1.00/0.00 | Max Load: 5.2 | Load Gap: 2.9 | Group CV: 0.0725
Epoch [142/2000] | Sampled: 427.88 | Baseline: 323.50 | Improvement: -104.38 | Win Rate: 0.00% | Actor Loss: -0.8037 | Entropy: 4.0227 | Invalid S/B: 0.62/0.00 | Max Load: 5.2 | Load Gap: 2.5 | Group CV: 0.0758
Epoch [143/2000] | Sampled: 436.12 | Baseline: 369.50 | Improvement: -66.62 | Win Rate: 12.50% | Actor Loss: 2.1087 | Entropy: 4.0672 | Invalid S/B: 0.50/0.50 | Max Load: 5.1 | Load Gap: 2.4 | Group CV: 0.0759
Epoch [144/2000] | Sampled: 488.88 | Baseline: 371.50 | Improvement: -117.38 | Win Rate: 0.00% | Actor Loss: -3.3840 | Entropy: 3.9473 | Invalid S/B: 0.75/0.00 | Max Load: 5.0 | Load Gap: 2.1 | Group CV: 0.0904
Epoch [145/2000] | Sampled: 444.50 | Baseline: 326.00 | Improvement: -118.50 | Win Rate: 0.00% | Actor Loss: 4.0546 | Entropy: 4.0887 | Invalid S/B: 0.25/0.00 | Max Load: 5.0 | Load Gap: 2.2 | Group CV: 0.0738
Epoch [146/2000] | Sampled: 444.62 | Baseline: 321.00 | Improvement: -123.62 | Win Rate: 0.00% | Actor Loss: -2.2595 | Entropy: 4.0483 | Invalid S/B: 0.25/0.00 | Max Load: 5.1 | Load Gap: 2.5 | Group CV: 0.0639
Epoch [147/2000] | Sampled: 457.25 | Baseline: 374.50 | Improvement: -82.75 | Win Rate: 0.00% | Actor Loss: 0.2248 | Entropy: 4.0627 | Invalid S/B: 1.50/0.00 | Max Load: 5.2 | Load Gap: 2.5 | Group CV: 0.1012
Epoch [148/2000] | Sampled: 463.50 | Baseline: 339.50 | Improvement: -124.00 | Win Rate: 0.00% | Actor Loss: -1.5476 | Entropy: 4.0873 | Invalid S/B: 1.12/0.00 | Max Load: 5.1 | Load Gap: 2.8 | Group CV: 0.0816
Epoch [149/2000] | Sampled: 442.38 | Baseline: 341.00 | Improvement: -101.38 | Win Rate: 0.00% | Actor Loss: 0.6249 | Entropy: 4.0063 | Invalid S/B: 0.62/0.00 | Max Load: 5.2 | Load Gap: 2.6 | Group CV: 0.0801
Epoch [150/2000] | Sampled: 474.12 | Baseline: 372.00 | Improvement: -102.12 | Win Rate: 0.00% | Actor Loss: 5.5283 | Entropy: 4.0320 | Invalid S/B: 0.88/0.00 | Max Load: 5.4 | Load Gap: 2.8 | Group CV: 0.0516
   -> Validation | Samples: 50 | Makespan: 379.10 | Invalid Jobs: 0.08 | Score: 387.10
Epoch [151/2000] | Sampled: 451.50 | Baseline: 323.50 | Improvement: -128.00 | Win Rate: 0.00% | Actor Loss: -2.3084 | Entropy: 3.9858 | Invalid S/B: 0.62/0.00 | Max Load: 5.1 | Load Gap: 2.9 | Group CV: 0.0459
Epoch [152/2000] | Sampled: 458.88 | Baseline: 327.50 | Improvement: -131.38 | Win Rate: 0.00% | Actor Loss: 3.4224 | Entropy: 3.9871 | Invalid S/B: 1.12/0.00 | Max Load: 5.1 | Load Gap: 2.4 | Group CV: 0.0608
Epoch [153/2000] | Sampled: 438.12 | Baseline: 359.50 | Improvement: -78.62 | Win Rate: 0.00% | Actor Loss: 1.0953 | Entropy: 3.8926 | Invalid S/B: 0.50/0.00 | Max Load: 5.0 | Load Gap: 2.4 | Group CV: 0.0529
Epoch [154/2000] | Sampled: 459.00 | Baseline: 370.00 | Improvement: -89.00 | Win Rate: 0.00% | Actor Loss: -0.8184 | Entropy: 3.9921 | Invalid S/B: 0.88/0.00 | Max Load: 4.9 | Load Gap: 2.2 | Group CV: 0.0639
Epoch [155/2000] | Sampled: 435.88 | Baseline: 331.00 | Improvement: -104.88 | Win Rate: 0.00% | Actor Loss: -0.5503 | Entropy: 3.9780 | Invalid S/B: 0.75/0.00 | Max Load: 5.0 | Load Gap: 2.2 | Group CV: 0.0426
Epoch [156/2000] | Sampled: 423.38 | Baseline: 326.50 | Improvement: -96.88 | Win Rate: 0.00% | Actor Loss: -2.7149 | Entropy: 4.0012 | Invalid S/B: 0.62/0.00 | Max Load: 4.9 | Load Gap: 1.9 | Group CV: 0.0628
Epoch [157/2000] | Sampled: 442.50 | Baseline: 337.00 | Improvement: -105.50 | Win Rate: 0.00% | Actor Loss: 4.4922 | Entropy: 3.8615 | Invalid S/B: 1.38/0.00 | Max Load: 5.2 | Load Gap: 2.6 | Group CV: 0.0678
Epoch [158/2000] | Sampled: 429.00 | Baseline: 327.00 | Improvement: -102.00 | Win Rate: 0.00% | Actor Loss: 1.4211 | Entropy: 3.8626 | Invalid S/B: 0.62/0.00 | Max Load: 5.0 | Load Gap: 2.2 | Group CV: 0.0728
Epoch [159/2000] | Sampled: 429.62 | Baseline: 324.50 | Improvement: -105.12 | Win Rate: 0.00% | Actor Loss: -0.8672 | Entropy: 3.9368 | Invalid S/B: 1.00/0.00 | Max Load: 4.9 | Load Gap: 2.1 | Group CV: 0.0662
Epoch [160/2000] | Sampled: 395.38 | Baseline: 329.00 | Improvement: -66.38 | Win Rate: 0.00% | Actor Loss: -3.5027 | Entropy: 3.9724 | Invalid S/B: 0.38/0.00 | Max Load: 4.9 | Load Gap: 2.2 | Group CV: 0.0434
   -> Validation | Samples: 50 | Makespan: 386.52 | Invalid Jobs: 0.06 | Score: 392.52
Epoch [161/2000] | Sampled: 432.38 | Baseline: 327.00 | Improvement: -105.38 | Win Rate: 0.00% | Actor Loss: 1.4725 | Entropy: 3.8945 | Invalid S/B: 0.50/0.00 | Max Load: 5.1 | Load Gap: 2.6 | Group CV: 0.0717
Epoch [162/2000] | Sampled: 387.88 | Baseline: 349.50 | Improvement: -38.38 | Win Rate: 0.00% | Actor Loss: 0.0229 | Entropy: 4.0158 | Invalid S/B: 0.25/0.00 | Max Load: 5.2 | Load Gap: 2.6 | Group CV: 0.0734
Epoch [163/2000] | Sampled: 418.62 | Baseline: 375.00 | Improvement: -43.62 | Win Rate: 12.50% | Actor Loss: 1.1277 | Entropy: 3.9698 | Invalid S/B: 0.12/0.00 | Max Load: 5.0 | Load Gap: 2.4 | Group CV: 0.0564
Epoch [164/2000] | Sampled: 407.75 | Baseline: 335.50 | Improvement: -72.25 | Win Rate: 0.00% | Actor Loss: 1.0474 | Entropy: 4.0182 | Invalid S/B: 0.62/0.00 | Max Load: 4.9 | Load Gap: 2.1 | Group CV: 0.0523
Epoch [165/2000] | Sampled: 413.50 | Baseline: 339.00 | Improvement: -74.50 | Win Rate: 0.00% | Actor Loss: -4.5371 | Entropy: 4.0790 | Invalid S/B: 0.50/0.00 | Max Load: 5.1 | Load Gap: 2.2 | Group CV: 0.0569
Epoch [166/2000] | Sampled: 433.00 | Baseline: 337.50 | Improvement: -95.50 | Win Rate: 0.00% | Actor Loss: 2.1107 | Entropy: 4.0063 | Invalid S/B: 0.50/0.00 | Max Load: 5.1 | Load Gap: 2.4 | Group CV: 0.0756
Epoch [167/2000] | Sampled: 439.62 | Baseline: 355.50 | Improvement: -84.12 | Win Rate: 0.00% | Actor Loss: 2.1722 | Entropy: 4.0393 | Invalid S/B: 1.12/0.00 | Max Load: 5.0 | Load Gap: 2.4 | Group CV: 0.0588
Epoch [168/2000] | Sampled: 423.38 | Baseline: 331.00 | Improvement: -92.38 | Win Rate: 0.00% | Actor Loss: 0.5532 | Entropy: 4.0132 | Invalid S/B: 0.25/0.00 | Max Load: 4.9 | Load Gap: 2.2 | Group CV: 0.0449
Epoch [169/2000] | Sampled: 408.62 | Baseline: 351.50 | Improvement: -57.12 | Win Rate: 0.00% | Actor Loss: -1.4328 | Entropy: 4.0743 | Invalid S/B: 0.25/0.00 | Max Load: 5.1 | Load Gap: 2.4 | Group CV: 0.0639
Epoch [170/2000] | Sampled: 421.00 | Baseline: 314.00 | Improvement: -107.00 | Win Rate: 0.00% | Actor Loss: 1.2931 | Entropy: 4.0278 | Invalid S/B: 0.12/0.00 | Max Load: 5.2 | Load Gap: 2.6 | Group CV: 0.0460
   -> Validation | Samples: 50 | Makespan: 370.98 | Invalid Jobs: 0.00 | Score: 370.98
   -> Saved new best model (Val Score: 370.98)
Epoch [171/2000] | Sampled: 423.88 | Baseline: 328.50 | Improvement: -95.38 | Win Rate: 0.00% | Actor Loss: 2.3824 | Entropy: 4.0282 | Invalid S/B: 0.50/0.00 | Max Load: 5.0 | Load Gap: 2.4 | Group CV: 0.0667
Epoch [172/2000] | Sampled: 405.12 | Baseline: 317.00 | Improvement: -88.12 | Win Rate: 0.00% | Actor Loss: 0.6006 | Entropy: 4.1518 | Invalid S/B: 0.00/0.00 | Max Load: 5.2 | Load Gap: 2.5 | Group CV: 0.0311
Epoch [173/2000] | Sampled: 435.25 | Baseline: 316.50 | Improvement: -118.75 | Win Rate: 0.00% | Actor Loss: -0.4969 | Entropy: 3.9126 | Invalid S/B: 0.25/0.00 | Max Load: 5.0 | Load Gap: 2.1 | Group CV: 0.0499
Epoch [174/2000] | Sampled: 402.12 | Baseline: 334.50 | Improvement: -67.62 | Win Rate: 0.00% | Actor Loss: -1.0040 | Entropy: 4.0890 | Invalid S/B: 0.25/0.00 | Max Load: 5.2 | Load Gap: 2.9 | Group CV: 0.0620
Epoch [175/2000] | Sampled: 420.62 | Baseline: 329.00 | Improvement: -91.62 | Win Rate: 0.00% | Actor Loss: -0.5858 | Entropy: 3.9848 | Invalid S/B: 0.12/0.00 | Max Load: 5.0 | Load Gap: 2.5 | Group CV: 0.0567
Epoch [176/2000] | Sampled: 444.62 | Baseline: 365.50 | Improvement: -79.12 | Win Rate: 0.00% | Actor Loss: -5.1611 | Entropy: 3.9998 | Invalid S/B: 0.38/0.00 | Max Load: 5.5 | Load Gap: 3.1 | Group CV: 0.0433
Epoch [177/2000] | Sampled: 418.50 | Baseline: 337.50 | Improvement: -81.00 | Win Rate: 0.00% | Actor Loss: 3.9259 | Entropy: 3.9085 | Invalid S/B: 0.12/0.00 | Max Load: 5.4 | Load Gap: 3.0 | Group CV: 0.0563
Epoch [178/2000] | Sampled: 445.88 | Baseline: 357.00 | Improvement: -88.88 | Win Rate: 0.00% | Actor Loss: -0.4746 | Entropy: 3.8558 | Invalid S/B: 0.25/0.00 | Max Load: 5.0 | Load Gap: 2.2 | Group CV: 0.0318
Epoch [179/2000] | Sampled: 412.50 | Baseline: 345.50 | Improvement: -67.00 | Win Rate: 0.00% | Actor Loss: 1.4199 | Entropy: 3.8350 | Invalid S/B: 0.12/0.00 | Max Load: 5.1 | Load Gap: 2.5 | Group CV: 0.0557
Epoch [180/2000] | Sampled: 410.25 | Baseline: 326.00 | Improvement: -84.25 | Win Rate: 0.00% | Actor Loss: 1.6253 | Entropy: 3.8103 | Invalid S/B: 0.00/0.00 | Max Load: 5.0 | Load Gap: 2.4 | Group CV: 0.0113
   -> Validation | Samples: 50 | Makespan: 373.22 | Invalid Jobs: 0.00 | Score: 373.22
Epoch [181/2000] | Sampled: 437.00 | Baseline: 344.00 | Improvement: -93.00 | Win Rate: 0.00% | Actor Loss: 6.6355 | Entropy: 3.7761 | Invalid S/B: 0.00/0.00 | Max Load: 5.0 | Load Gap: 2.1 | Group CV: 0.0390
Epoch [182/2000] | Sampled: 422.50 | Baseline: 343.00 | Improvement: -79.50 | Win Rate: 0.00% | Actor Loss: -1.3072 | Entropy: 3.7913 | Invalid S/B: 0.38/0.00 | Max Load: 5.2 | Load Gap: 2.9 | Group CV: 0.0605
Epoch [183/2000] | Sampled: 422.75 | Baseline: 325.50 | Improvement: -97.25 | Win Rate: 0.00% | Actor Loss: -2.4636 | Entropy: 3.7230 | Invalid S/B: 0.00/0.00 | Max Load: 5.1 | Load Gap: 2.6 | Group CV: 0.0315
Epoch [184/2000] | Sampled: 428.00 | Baseline: 351.00 | Improvement: -77.00 | Win Rate: 0.00% | Actor Loss: 2.9559 | Entropy: 3.8444 | Invalid S/B: 0.50/0.00 | Max Load: 5.2 | Load Gap: 2.8 | Group CV: 0.0574
Epoch [185/2000] | Sampled: 417.00 | Baseline: 322.50 | Improvement: -94.50 | Win Rate: 0.00% | Actor Loss: 1.9453 | Entropy: 3.8595 | Invalid S/B: 0.25/0.00 | Max Load: 5.0 | Load Gap: 2.5 | Group CV: 0.0537
Epoch [186/2000] | Sampled: 413.12 | Baseline: 342.50 | Improvement: -70.62 | Win Rate: 0.00% | Actor Loss: -0.1414 | Entropy: 3.9041 | Invalid S/B: 0.12/0.00 | Max Load: 5.2 | Load Gap: 2.8 | Group CV: 0.0400
Epoch [187/2000] | Sampled: 435.38 | Baseline: 335.00 | Improvement: -100.38 | Win Rate: 0.00% | Actor Loss: -1.8774 | Entropy: 3.9942 | Invalid S/B: 0.50/0.00 | Max Load: 5.2 | Load Gap: 2.6 | Group CV: 0.0692
Epoch [188/2000] | Sampled: 420.00 | Baseline: 331.00 | Improvement: -89.00 | Win Rate: 0.00% | Actor Loss: -3.1524 | Entropy: 3.8425 | Invalid S/B: 0.62/0.00 | Max Load: 5.2 | Load Gap: 2.6 | Group CV: 0.0506
Epoch [189/2000] | Sampled: 429.38 | Baseline: 312.00 | Improvement: -117.38 | Win Rate: 0.00% | Actor Loss: 4.3179 | Entropy: 3.9568 | Invalid S/B: 0.75/0.00 | Max Load: 5.1 | Load Gap: 2.6 | Group CV: 0.1149
Epoch [190/2000] | Sampled: 410.00 | Baseline: 308.50 | Improvement: -101.50 | Win Rate: 0.00% | Actor Loss: 1.4895 | Entropy: 3.9675 | Invalid S/B: 0.12/0.00 | Max Load: 5.2 | Load Gap: 2.5 | Group CV: 0.0470
   -> Validation | Samples: 50 | Makespan: 370.08 | Invalid Jobs: 0.00 | Score: 370.08
   -> Saved new best model (Val Score: 370.08)
Epoch [191/2000] | Sampled: 443.25 | Baseline: 346.00 | Improvement: -97.25 | Win Rate: 0.00% | Actor Loss: -0.2101 | Entropy: 3.9228 | Invalid S/B: 0.50/0.00 | Max Load: 5.1 | Load Gap: 2.5 | Group CV: 0.0575
Epoch [192/2000] | Sampled: 412.50 | Baseline: 346.50 | Improvement: -66.00 | Win Rate: 0.00% | Actor Loss: -3.0560 | Entropy: 3.9494 | Invalid S/B: 0.75/0.00 | Max Load: 5.1 | Load Gap: 2.4 | Group CV: 0.0723
Epoch [193/2000] | Sampled: 394.00 | Baseline: 321.50 | Improvement: -72.50 | Win Rate: 0.00% | Actor Loss: -5.8930 | Entropy: 3.8342 | Invalid S/B: 0.25/0.00 | Max Load: 4.9 | Load Gap: 2.2 | Group CV: 0.0504
Epoch [194/2000] | Sampled: 402.62 | Baseline: 338.00 | Improvement: -64.62 | Win Rate: 0.00% | Actor Loss: -1.4878 | Entropy: 3.7914 | Invalid S/B: 0.12/0.00 | Max Load: 5.0 | Load Gap: 2.2 | Group CV: 0.0621
Epoch [195/2000] | Sampled: 411.12 | Baseline: 328.00 | Improvement: -83.12 | Win Rate: 0.00% | Actor Loss: 4.4234 | Entropy: 3.7020 | Invalid S/B: 0.38/0.00 | Max Load: 5.1 | Load Gap: 2.2 | Group CV: 0.0284
Epoch [196/2000] | Sampled: 402.12 | Baseline: 337.50 | Improvement: -64.62 | Win Rate: 0.00% | Actor Loss: -3.8044 | Entropy: 3.6720 | Invalid S/B: 0.12/0.00 | Max Load: 5.0 | Load Gap: 2.4 | Group CV: 0.0663
Epoch [197/2000] | Sampled: 416.12 | Baseline: 325.00 | Improvement: -91.12 | Win Rate: 0.00% | Actor Loss: 3.7979 | Entropy: 3.6279 | Invalid S/B: 0.62/0.00 | Max Load: 5.1 | Load Gap: 2.2 | Group CV: 0.0723
Epoch [198/2000] | Sampled: 388.50 | Baseline: 323.50 | Improvement: -65.00 | Win Rate: 0.00% | Actor Loss: 4.1348 | Entropy: 3.6279 | Invalid S/B: 0.25/0.00 | Max Load: 5.1 | Load Gap: 2.4 | Group CV: 0.0626
Epoch [199/2000] | Sampled: 389.25 | Baseline: 387.50 | Improvement: -1.75 | Win Rate: 50.00% | Actor Loss: -1.4655 | Entropy: 3.5760 | Invalid S/B: 0.25/0.00 | Max Load: 4.9 | Load Gap: 2.0 | Group CV: 0.0767
Epoch [200/2000] | Sampled: 380.75 | Baseline: 340.50 | Improvement: -40.25 | Win Rate: 0.00% | Actor Loss: -3.9158 | Entropy: 3.5413 | Invalid S/B: 0.38/0.00 | Max Load: 5.0 | Load Gap: 2.2 | Group CV: 0.0655
   -> Validation | Samples: 50 | Makespan: 366.22 | Invalid Jobs: 0.04 | Score: 370.22
   -> Saved updated training chart to /home/wei/Desktop/AMR-DFJSP/Static_alogorithm/Attention/attention_training_metrics.png
Epoch [201/2000] | Sampled: 381.50 | Baseline: 337.50 | Improvement: -44.00 | Win Rate: 0.00% | Actor Loss: 2.1537 | Entropy: 3.3988 | Invalid S/B: 0.00/0.00 | Max Load: 5.1 | Load Gap: 2.4 | Group CV: 0.0318
Epoch [202/2000] | Sampled: 392.12 | Baseline: 324.00 | Improvement: -68.12 | Win Rate: 0.00% | Actor Loss: 1.5013 | Entropy: 3.3196 | Invalid S/B: 0.50/0.00 | Max Load: 5.0 | Load Gap: 2.2 | Group CV: 0.0519
Epoch [203/2000] | Sampled: 405.00 | Baseline: 362.00 | Improvement: -43.00 | Win Rate: 0.00% | Actor Loss: 4.3508 | Entropy: 3.2741 | Invalid S/B: 0.25/0.00 | Max Load: 5.0 | Load Gap: 2.0 | Group CV: 0.0799
Epoch [204/2000] | Sampled: 379.12 | Baseline: 350.00 | Improvement: -29.12 | Win Rate: 0.00% | Actor Loss: 3.7501 | Entropy: 3.3626 | Invalid S/B: 0.12/0.00 | Max Load: 5.0 | Load Gap: 2.0 | Group CV: 0.0294
Epoch [205/2000] | Sampled: 398.25 | Baseline: 337.50 | Improvement: -60.75 | Win Rate: 0.00% | Actor Loss: 3.4637 | Entropy: 3.3755 | Invalid S/B: 0.38/0.00 | Max Load: 4.9 | Load Gap: 1.9 | Group CV: 0.0522
Epoch [206/2000] | Sampled: 401.25 | Baseline: 349.50 | Improvement: -51.75 | Win Rate: 12.50% | Actor Loss: 2.0775 | Entropy: 3.3565 | Invalid S/B: 0.50/0.00 | Max Load: 5.0 | Load Gap: 2.1 | Group CV: 0.0986
Epoch [207/2000] | Sampled: 394.75 | Baseline: 356.50 | Improvement: -38.25 | Win Rate: 25.00% | Actor Loss: -3.5026 | Entropy: 3.4553 | Invalid S/B: 0.38/0.00 | Max Load: 4.9 | Load Gap: 1.9 | Group CV: 0.0806
Epoch [208/2000] | Sampled: 390.12 | Baseline: 346.00 | Improvement: -44.12 | Win Rate: 12.50% | Actor Loss: 2.9679 | Entropy: 3.4445 | Invalid S/B: 0.00/0.00 | Max Load: 5.0 | Load Gap: 2.0 | Group CV: 0.0439
Epoch [209/2000] | Sampled: 426.75 | Baseline: 344.50 | Improvement: -82.25 | Win Rate: 0.00% | Actor Loss: -1.3978 | Entropy: 3.4277 | Invalid S/B: 0.62/0.00 | Max Load: 5.0 | Load Gap: 2.4 | Group CV: 0.0879
Epoch [210/2000] | Sampled: 375.62 | Baseline: 323.50 | Improvement: -52.12 | Win Rate: 0.00% | Actor Loss: -1.0370 | Entropy: 3.4590 | Invalid S/B: 0.25/0.00 | Max Load: 5.0 | Load Gap: 2.0 | Group CV: 0.0540
   -> Validation | Samples: 50 | Makespan: 365.76 | Invalid Jobs: 0.02 | Score: 367.76
   -> Saved new best model (Val Score: 367.76)
Epoch [211/2000] | Sampled: 415.12 | Baseline: 327.50 | Improvement: -87.62 | Win Rate: 0.00% | Actor Loss: -6.6501 | Entropy: 3.3637 | Invalid S/B: 0.50/0.00 | Max Load: 4.9 | Load Gap: 2.0 | Group CV: 0.0882
Epoch [212/2000] | Sampled: 374.38 | Baseline: 343.50 | Improvement: -30.88 | Win Rate: 12.50% | Actor Loss: -3.0195 | Entropy: 3.4595 | Invalid S/B: 0.50/0.00 | Max Load: 5.0 | Load Gap: 2.0 | Group CV: 0.0619
Epoch [213/2000] | Sampled: 400.88 | Baseline: 329.50 | Improvement: -71.38 | Win Rate: 0.00% | Actor Loss: -0.1876 | Entropy: 3.3451 | Invalid S/B: 0.50/0.00 | Max Load: 4.9 | Load Gap: 2.2 | Group CV: 0.0716
Epoch [214/2000] | Sampled: 393.50 | Baseline: 348.50 | Improvement: -45.00 | Win Rate: 12.50% | Actor Loss: -4.2643 | Entropy: 3.3515 | Invalid S/B: 1.12/0.00 | Max Load: 4.9 | Load Gap: 2.0 | Group CV: 0.0816
Epoch [215/2000] | Sampled: 382.50 | Baseline: 287.50 | Improvement: -95.00 | Win Rate: 0.00% | Actor Loss: -0.5129 | Entropy: 3.3121 | Invalid S/B: 0.25/0.00 | Max Load: 5.0 | Load Gap: 2.2 | Group CV: 0.0902
Epoch [216/2000] | Sampled: 367.50 | Baseline: 320.50 | Improvement: -47.00 | Win Rate: 0.00% | Actor Loss: -6.2211 | Entropy: 3.2966 | Invalid S/B: 0.12/0.00 | Max Load: 5.0 | Load Gap: 2.0 | Group CV: 0.0566
Epoch [217/2000] | Sampled: 410.75 | Baseline: 330.00 | Improvement: -80.75 | Win Rate: 0.00% | Actor Loss: -2.5364 | Entropy: 3.2252 | Invalid S/B: 1.00/0.00 | Max Load: 4.9 | Load Gap: 1.9 | Group CV: 0.1532
Epoch [218/2000] | Sampled: 397.25 | Baseline: 362.00 | Improvement: -35.25 | Win Rate: 12.50% | Actor Loss: -0.4209 | Entropy: 3.1477 | Invalid S/B: 0.62/0.00 | Max Load: 5.0 | Load Gap: 2.2 | Group CV: 0.0801
Epoch [219/2000] | Sampled: 383.12 | Baseline: 311.50 | Improvement: -71.62 | Win Rate: 0.00% | Actor Loss: -5.8809 | Entropy: 3.1398 | Invalid S/B: 0.50/0.00 | Max Load: 4.8 | Load Gap: 1.9 | Group CV: 0.0472
Epoch [220/2000] | Sampled: 366.38 | Baseline: 304.50 | Improvement: -61.88 | Win Rate: 0.00% | Actor Loss: 3.5630 | Entropy: 3.1283 | Invalid S/B: 0.12/0.00 | Max Load: 4.9 | Load Gap: 1.9 | Group CV: 0.0415
   -> Validation | Samples: 50 | Makespan: 375.74 | Invalid Jobs: 0.04 | Score: 379.74
Epoch [221/2000] | Sampled: 369.38 | Baseline: 310.50 | Improvement: -58.88 | Win Rate: 0.00% | Actor Loss: -7.2403 | Entropy: 2.9834 | Invalid S/B: 0.12/0.00 | Max Load: 4.8 | Load Gap: 1.8 | Group CV: 0.0683
Epoch [222/2000] | Sampled: 374.75 | Baseline: 313.00 | Improvement: -61.75 | Win Rate: 0.00% | Actor Loss: -5.7951 | Entropy: 2.9168 | Invalid S/B: 0.12/0.00 | Max Load: 5.0 | Load Gap: 2.1 | Group CV: 0.0778
Epoch [223/2000] | Sampled: 374.50 | Baseline: 337.00 | Improvement: -37.50 | Win Rate: 12.50% | Actor Loss: 2.1968 | Entropy: 2.9175 | Invalid S/B: 0.50/0.00 | Max Load: 4.9 | Load Gap: 1.9 | Group CV: 0.1129
Epoch [224/2000] | Sampled: 366.12 | Baseline: 311.00 | Improvement: -55.12 | Win Rate: 0.00% | Actor Loss: -6.4851 | Entropy: 2.9018 | Invalid S/B: 0.25/0.00 | Max Load: 4.8 | Load Gap: 1.8 | Group CV: 0.0529
Epoch [225/2000] | Sampled: 375.00 | Baseline: 305.00 | Improvement: -70.00 | Win Rate: 0.00% | Actor Loss: 8.5552 | Entropy: 2.8300 | Invalid S/B: 0.50/0.00 | Max Load: 4.6 | Load Gap: 1.6 | Group CV: 0.0603
Epoch [226/2000] | Sampled: 388.88 | Baseline: 360.50 | Improvement: -28.38 | Win Rate: 25.00% | Actor Loss: 3.4729 | Entropy: 2.8801 | Invalid S/B: 0.38/0.00 | Max Load: 5.0 | Load Gap: 2.0 | Group CV: 0.0781
Epoch [227/2000] | Sampled: 377.62 | Baseline: 310.50 | Improvement: -67.12 | Win Rate: 0.00% | Actor Loss: 5.2570 | Entropy: 2.8863 | Invalid S/B: 0.25/0.00 | Max Load: 4.6 | Load Gap: 1.8 | Group CV: 0.0639
Epoch [228/2000] | Sampled: 411.25 | Baseline: 317.50 | Improvement: -93.75 | Win Rate: 0.00% | Actor Loss: 3.4873 | Entropy: 2.8988 | Invalid S/B: 1.12/0.00 | Max Load: 4.6 | Load Gap: 1.6 | Group CV: 0.0599
Epoch [229/2000] | Sampled: 368.50 | Baseline: 312.00 | Improvement: -56.50 | Win Rate: 0.00% | Actor Loss: 2.1575 | Entropy: 2.9844 | Invalid S/B: 0.38/0.00 | Max Load: 4.6 | Load Gap: 1.6 | Group CV: 0.0423
Epoch [230/2000] | Sampled: 369.88 | Baseline: 313.00 | Improvement: -56.88 | Win Rate: 0.00% | Actor Loss: -4.9101 | Entropy: 3.0061 | Invalid S/B: 0.12/0.00 | Max Load: 5.0 | Load Gap: 2.0 | Group CV: 0.0271
   -> Validation | Samples: 50 | Makespan: 364.82 | Invalid Jobs: 0.02 | Score: 366.82
   -> Saved new best model (Val Score: 366.82)
Epoch [231/2000] | Sampled: 405.88 | Baseline: 341.00 | Improvement: -64.88 | Win Rate: 0.00% | Actor Loss: -8.7282 | Entropy: 3.0496 | Invalid S/B: 0.38/0.00 | Max Load: 4.9 | Load Gap: 1.9 | Group CV: 0.0459
Epoch [232/2000] | Sampled: 392.75 | Baseline: 297.00 | Improvement: -95.75 | Win Rate: 0.00% | Actor Loss: -2.7487 | Entropy: 3.0619 | Invalid S/B: 0.12/0.00 | Max Load: 4.9 | Load Gap: 1.9 | Group CV: 0.0794
Epoch [233/2000] | Sampled: 397.00 | Baseline: 356.00 | Improvement: -41.00 | Win Rate: 25.00% | Actor Loss: 4.8812 | Entropy: 3.0732 | Invalid S/B: 0.38/0.00 | Max Load: 5.2 | Load Gap: 2.2 | Group CV: 0.0615
Epoch [234/2000] | Sampled: 385.62 | Baseline: 335.00 | Improvement: -50.62 | Win Rate: 0.00% | Actor Loss: -5.0205 | Entropy: 3.0894 | Invalid S/B: 0.12/0.00 | Max Load: 4.9 | Load Gap: 2.0 | Group CV: 0.0392
Epoch [235/2000] | Sampled: 365.62 | Baseline: 321.50 | Improvement: -44.12 | Win Rate: 0.00% | Actor Loss: 0.9692 | Entropy: 3.1414 | Invalid S/B: 0.12/0.00 | Max Load: 4.9 | Load Gap: 2.0 | Group CV: 0.0328
Epoch [236/2000] | Sampled: 383.62 | Baseline: 332.50 | Improvement: -51.12 | Win Rate: 0.00% | Actor Loss: 3.6162 | Entropy: 3.1681 | Invalid S/B: 0.25/0.00 | Max Load: 4.9 | Load Gap: 1.9 | Group CV: 0.0715
Epoch [237/2000] | Sampled: 380.75 | Baseline: 319.50 | Improvement: -61.25 | Win Rate: 0.00% | Actor Loss: -8.5698 | Entropy: 3.2008 | Invalid S/B: 0.00/0.00 | Max Load: 4.8 | Load Gap: 1.8 | Group CV: 0.0431
Epoch [238/2000] | Sampled: 403.38 | Baseline: 360.50 | Improvement: -42.88 | Win Rate: 12.50% | Actor Loss: -9.3386 | Entropy: 3.2551 | Invalid S/B: 0.12/0.00 | Max Load: 4.9 | Load Gap: 1.9 | Group CV: 0.0390
Epoch [239/2000] | Sampled: 365.25 | Baseline: 312.50 | Improvement: -52.75 | Win Rate: 0.00% | Actor Loss: 1.2563 | Entropy: 3.1924 | Invalid S/B: 0.00/0.00 | Max Load: 4.8 | Load Gap: 1.8 | Group CV: 0.0275
Epoch [240/2000] | Sampled: 397.62 | Baseline: 324.50 | Improvement: -73.12 | Win Rate: 0.00% | Actor Loss: -5.0202 | Entropy: 3.1800 | Invalid S/B: 0.25/0.00 | Max Load: 4.9 | Load Gap: 2.0 | Group CV: 0.0868
   -> Validation | Samples: 50 | Makespan: 377.12 | Invalid Jobs: 0.00 | Score: 377.12
Epoch [241/2000] | Sampled: 387.75 | Baseline: 325.50 | Improvement: -62.25 | Win Rate: 0.00% | Actor Loss: 0.7104 | Entropy: 3.2050 | Invalid S/B: 0.12/0.00 | Max Load: 4.8 | Load Gap: 2.0 | Group CV: 0.0436
Epoch [242/2000] | Sampled: 384.38 | Baseline: 364.50 | Improvement: -19.88 | Win Rate: 37.50% | Actor Loss: 0.3010 | Entropy: 3.1847 | Invalid S/B: 0.12/0.00 | Max Load: 5.2 | Load Gap: 2.4 | Group CV: 0.0262
Epoch [243/2000] | Sampled: 379.25 | Baseline: 297.50 | Improvement: -81.75 | Win Rate: 0.00% | Actor Loss: -6.3609 | Entropy: 3.2194 | Invalid S/B: 0.12/0.00 | Max Load: 4.9 | Load Gap: 2.0 | Group CV: 0.0215
Epoch [244/2000] | Sampled: 395.62 | Baseline: 344.50 | Improvement: -51.12 | Win Rate: 0.00% | Actor Loss: -4.3414 | Entropy: 3.0592 | Invalid S/B: 0.00/0.00 | Max Load: 4.9 | Load Gap: 2.0 | Group CV: 0.0393
Epoch [245/2000] | Sampled: 403.50 | Baseline: 366.00 | Improvement: -37.50 | Win Rate: 0.00% | Actor Loss: 3.7611 | Entropy: 3.0691 | Invalid S/B: 0.12/0.00 | Max Load: 4.9 | Load Gap: 1.9 | Group CV: 0.0549
Epoch [246/2000] | Sampled: 380.88 | Baseline: 319.50 | Improvement: -61.38 | Win Rate: 0.00% | Actor Loss: 0.4373 | Entropy: 3.1218 | Invalid S/B: 0.25/0.00 | Max Load: 5.0 | Load Gap: 2.2 | Group CV: 0.0469
Epoch [247/2000] | Sampled: 408.25 | Baseline: 357.50 | Improvement: -50.75 | Win Rate: 0.00% | Actor Loss: 10.8134 | Entropy: 3.1560 | Invalid S/B: 0.88/0.00 | Max Load: 4.9 | Load Gap: 1.9 | Group CV: 0.0684
Epoch [248/2000] | Sampled: 381.12 | Baseline: 346.00 | Improvement: -35.12 | Win Rate: 25.00% | Actor Loss: -5.1637 | Entropy: 3.1900 | Invalid S/B: 0.25/0.00 | Max Load: 4.8 | Load Gap: 1.9 | Group CV: 0.0396
Epoch [249/2000] | Sampled: 395.50 | Baseline: 316.50 | Improvement: -79.00 | Win Rate: 0.00% | Actor Loss: -4.6317 | Entropy: 3.2835 | Invalid S/B: 0.50/0.00 | Max Load: 4.9 | Load Gap: 2.1 | Group CV: 0.0637
Epoch [250/2000] | Sampled: 391.12 | Baseline: 325.00 | Improvement: -66.12 | Win Rate: 0.00% | Actor Loss: -5.1125 | Entropy: 3.3416 | Invalid S/B: 0.25/0.00 | Max Load: 4.9 | Load Gap: 2.0 | Group CV: 0.0455
   -> Validation | Samples: 50 | Makespan: 380.92 | Invalid Jobs: 0.00 | Score: 380.92
Epoch [251/2000] | Sampled: 372.62 | Baseline: 381.00 | Improvement: 8.38 | Win Rate: 50.00% | Actor Loss: -5.0610 | Entropy: 3.4028 | Invalid S/B: 0.00/0.00 | Max Load: 4.8 | Load Gap: 2.0 | Group CV: 0.0102
Epoch [252/2000] | Sampled: 394.00 | Baseline: 335.00 | Improvement: -59.00 | Win Rate: 0.00% | Actor Loss: 1.8715 | Entropy: 3.4005 | Invalid S/B: 0.00/0.00 | Max Load: 5.0 | Load Gap: 2.4 | Group CV: 0.0271
Epoch [253/2000] | Sampled: 398.38 | Baseline: 333.50 | Improvement: -64.88 | Win Rate: 0.00% | Actor Loss: 0.2559 | Entropy: 3.4403 | Invalid S/B: 0.25/0.00 | Max Load: 5.0 | Load Gap: 2.1 | Group CV: 0.0588
Epoch [254/2000] | Sampled: 403.00 | Baseline: 333.00 | Improvement: -70.00 | Win Rate: 0.00% | Actor Loss: -6.6671 | Entropy: 3.3119 | Invalid S/B: 0.25/0.00 | Max Load: 5.0 | Load Gap: 2.1 | Group CV: 0.0461
Epoch [255/2000] | Sampled: 391.62 | Baseline: 340.00 | Improvement: -51.62 | Win Rate: 0.00% | Actor Loss: 5.2860 | Entropy: 3.2965 | Invalid S/B: 0.12/0.00 | Max Load: 4.9 | Load Gap: 2.2 | Group CV: 0.0448
Epoch [256/2000] | Sampled: 401.62 | Baseline: 318.50 | Improvement: -83.12 | Win Rate: 0.00% | Actor Loss: 0.2878 | Entropy: 3.3942 | Invalid S/B: 0.00/0.00 | Max Load: 5.1 | Load Gap: 2.2 | Group CV: 0.0280
Epoch [257/2000] | Sampled: 392.00 | Baseline: 310.50 | Improvement: -81.50 | Win Rate: 0.00% | Actor Loss: -0.3295 | Entropy: 3.2852 | Invalid S/B: 0.12/0.00 | Max Load: 4.9 | Load Gap: 2.2 | Group CV: 0.0269
Epoch [258/2000] | Sampled: 400.12 | Baseline: 339.00 | Improvement: -61.12 | Win Rate: 0.00% | Actor Loss: 2.0353 | Entropy: 3.2260 | Invalid S/B: 0.12/0.00 | Max Load: 5.1 | Load Gap: 2.8 | Group CV: 0.0451
Epoch [259/2000] | Sampled: 420.75 | Baseline: 363.00 | Improvement: -57.75 | Win Rate: 0.00% | Actor Loss: 3.5818 | Entropy: 3.3483 | Invalid S/B: 0.12/0.00 | Max Load: 5.0 | Load Gap: 2.0 | Group CV: 0.0535
Epoch [260/2000] | Sampled: 409.50 | Baseline: 336.50 | Improvement: -73.00 | Win Rate: 0.00% | Actor Loss: 3.7424 | Entropy: 3.2910 | Invalid S/B: 0.12/0.00 | Max Load: 5.0 | Load Gap: 2.2 | Group CV: 0.0467
   -> Validation | Samples: 50 | Makespan: 385.22 | Invalid Jobs: 0.00 | Score: 385.22
Epoch [261/2000] | Sampled: 390.25 | Baseline: 326.00 | Improvement: -64.25 | Win Rate: 0.00% | Actor Loss: -1.3428 | Entropy: 3.3092 | Invalid S/B: 0.00/0.00 | Max Load: 5.0 | Load Gap: 2.4 | Group CV: 0.0295
Epoch [262/2000] | Sampled: 391.62 | Baseline: 304.50 | Improvement: -87.12 | Win Rate: 0.00% | Actor Loss: 2.8474 | Entropy: 3.3509 | Invalid S/B: 0.00/0.00 | Max Load: 4.9 | Load Gap: 2.2 | Group CV: 0.0291
Epoch [263/2000] | Sampled: 394.38 | Baseline: 329.50 | Improvement: -64.88 | Win Rate: 0.00% | Actor Loss: 0.9254 | Entropy: 3.3168 | Invalid S/B: 0.25/0.00 | Max Load: 5.1 | Load Gap: 2.6 | Group CV: 0.0336
Epoch [264/2000] | Sampled: 401.62 | Baseline: 341.00 | Improvement: -60.62 | Win Rate: 0.00% | Actor Loss: 2.6993 | Entropy: 3.3645 | Invalid S/B: 0.12/0.00 | Max Load: 5.0 | Load Gap: 2.4 | Group CV: 0.0301
Epoch [265/2000] | Sampled: 409.38 | Baseline: 350.50 | Improvement: -58.88 | Win Rate: 0.00% | Actor Loss: -0.1239 | Entropy: 3.3078 | Invalid S/B: 0.00/0.00 | Max Load: 5.1 | Load Gap: 2.4 | Group CV: 0.0420
Epoch [266/2000] | Sampled: 404.38 | Baseline: 303.00 | Improvement: -101.38 | Win Rate: 0.00% | Actor Loss: 0.0758 | Entropy: 3.4160 | Invalid S/B: 0.00/0.00 | Max Load: 5.1 | Load Gap: 2.4 | Group CV: 0.0205
Epoch [267/2000] | Sampled: 397.00 | Baseline: 383.00 | Improvement: -14.00 | Win Rate: 37.50% | Actor Loss: -0.1595 | Entropy: 3.3803 | Invalid S/B: 0.12/0.00 | Max Load: 5.0 | Load Gap: 2.2 | Group CV: 0.0246
Epoch [268/2000] | Sampled: 399.00 | Baseline: 343.50 | Improvement: -55.50 | Win Rate: 0.00% | Actor Loss: -4.1288 | Entropy: 3.3260 | Invalid S/B: 0.25/0.00 | Max Load: 5.0 | Load Gap: 2.2 | Group CV: 0.0690
Epoch [269/2000] | Sampled: 403.12 | Baseline: 345.00 | Improvement: -58.12 | Win Rate: 0.00% | Actor Loss: 2.9469 | Entropy: 3.2755 | Invalid S/B: 0.00/0.00 | Max Load: 5.1 | Load Gap: 2.2 | Group CV: 0.0183
Epoch [270/2000] | Sampled: 409.25 | Baseline: 309.50 | Improvement: -99.75 | Win Rate: 0.00% | Actor Loss: 0.3780 | Entropy: 3.3243 | Invalid S/B: 0.12/0.00 | Max Load: 4.9 | Load Gap: 2.1 | Group CV: 0.0337
   -> Validation | Samples: 50 | Makespan: 379.86 | Invalid Jobs: 0.00 | Score: 379.86
Epoch [271/2000] | Sampled: 404.62 | Baseline: 329.00 | Improvement: -75.62 | Win Rate: 0.00% | Actor Loss: -4.5887 | Entropy: 3.1724 | Invalid S/B: 0.12/0.00 | Max Load: 5.0 | Load Gap: 2.1 | Group CV: 0.0471
Epoch [272/2000] | Sampled: 404.50 | Baseline: 362.00 | Improvement: -42.50 | Win Rate: 50.00% | Actor Loss: -1.0651 | Entropy: 3.1789 | Invalid S/B: 0.12/0.00 | Max Load: 4.9 | Load Gap: 2.4 | Group CV: 0.0419
Epoch [273/2000] | Sampled: 386.75 | Baseline: 351.50 | Improvement: -35.25 | Win Rate: 25.00% | Actor Loss: -3.2259 | Entropy: 3.1587 | Invalid S/B: 0.00/0.00 | Max Load: 4.8 | Load Gap: 1.9 | Group CV: 0.0258
Epoch [274/2000] | Sampled: 421.50 | Baseline: 322.50 | Improvement: -99.00 | Win Rate: 0.00% | Actor Loss: -4.3143 | Entropy: 3.1400 | Invalid S/B: 0.25/0.00 | Max Load: 5.0 | Load Gap: 2.0 | Group CV: 0.0758
Epoch [275/2000] | Sampled: 397.38 | Baseline: 340.50 | Improvement: -56.88 | Win Rate: 0.00% | Actor Loss: 4.6918 | Entropy: 3.1087 | Invalid S/B: 0.12/0.00 | Max Load: 4.9 | Load Gap: 1.9 | Group CV: 0.0507
Epoch [276/2000] | Sampled: 407.75 | Baseline: 332.00 | Improvement: -75.75 | Win Rate: 0.00% | Actor Loss: 8.5753 | Entropy: 3.0618 | Invalid S/B: 0.00/0.00 | Max Load: 4.9 | Load Gap: 2.0 | Group CV: 0.0262
Epoch [277/2000] | Sampled: 392.50 | Baseline: 324.50 | Improvement: -68.00 | Win Rate: 0.00% | Actor Loss: -3.7875 | Entropy: 3.0673 | Invalid S/B: 0.00/0.00 | Max Load: 4.6 | Load Gap: 1.8 | Group CV: 0.0249
Epoch [278/2000] | Sampled: 393.00 | Baseline: 360.50 | Improvement: -32.50 | Win Rate: 37.50% | Actor Loss: -2.0057 | Entropy: 3.0524 | Invalid S/B: 0.25/0.50 | Max Load: 5.0 | Load Gap: 2.0 | Group CV: 0.0446
Epoch [279/2000] | Sampled: 394.38 | Baseline: 325.50 | Improvement: -68.88 | Win Rate: 0.00% | Actor Loss: 3.4165 | Entropy: 3.0891 | Invalid S/B: 0.00/0.00 | Max Load: 5.0 | Load Gap: 2.1 | Group CV: 0.0241
Epoch [280/2000] | Sampled: 403.88 | Baseline: 330.00 | Improvement: -73.88 | Win Rate: 0.00% | Actor Loss: -3.7296 | Entropy: 3.0377 | Invalid S/B: 0.00/0.00 | Max Load: 4.9 | Load Gap: 2.1 | Group CV: 0.0167
   -> Validation | Samples: 50 | Makespan: 386.50 | Invalid Jobs: 0.04 | Score: 390.50
Epoch [281/2000] | Sampled: 411.38 | Baseline: 341.00 | Improvement: -70.38 | Win Rate: 0.00% | Actor Loss: 5.7478 | Entropy: 3.0197 | Invalid S/B: 0.00/0.00 | Max Load: 5.1 | Load Gap: 2.2 | Group CV: 0.0271
Epoch [282/2000] | Sampled: 414.25 | Baseline: 349.50 | Improvement: -64.75 | Win Rate: 0.00% | Actor Loss: 2.7794 | Entropy: 3.0280 | Invalid S/B: 0.12/0.00 | Max Load: 4.9 | Load Gap: 1.9 | Group CV: 0.0473
Epoch [283/2000] | Sampled: 413.62 | Baseline: 363.50 | Improvement: -50.12 | Win Rate: 0.00% | Actor Loss: -4.9315 | Entropy: 3.0906 | Invalid S/B: 0.00/0.00 | Max Load: 4.9 | Load Gap: 2.1 | Group CV: 0.0418
Epoch [284/2000] | Sampled: 447.00 | Baseline: 342.00 | Improvement: -105.00 | Win Rate: 0.00% | Actor Loss: -1.6766 | Entropy: 3.1694 | Invalid S/B: 0.50/0.00 | Max Load: 5.0 | Load Gap: 2.5 | Group CV: 0.0455
Epoch [285/2000] | Sampled: 404.12 | Baseline: 331.50 | Improvement: -72.62 | Win Rate: 0.00% | Actor Loss: -3.6846 | Entropy: 3.1873 | Invalid S/B: 0.00/0.00 | Max Load: 5.1 | Load Gap: 2.4 | Group CV: 0.0294
Epoch [286/2000] | Sampled: 415.38 | Baseline: 334.50 | Improvement: -80.88 | Win Rate: 0.00% | Actor Loss: 4.3288 | Entropy: 3.1155 | Invalid S/B: 0.00/0.00 | Max Load: 4.8 | Load Gap: 1.9 | Group CV: 0.0302
Epoch [287/2000] | Sampled: 414.38 | Baseline: 330.50 | Improvement: -83.88 | Win Rate: 0.00% | Actor Loss: -4.7452 | Entropy: 3.1412 | Invalid S/B: 0.00/0.00 | Max Load: 5.0 | Load Gap: 2.2 | Group CV: 0.0512
Epoch [288/2000] | Sampled: 428.00 | Baseline: 341.50 | Improvement: -86.50 | Win Rate: 12.50% | Actor Loss: 0.3337 | Entropy: 3.2004 | Invalid S/B: 0.00/0.00 | Max Load: 4.9 | Load Gap: 1.9 | Group CV: 0.0520
Epoch [289/2000] | Sampled: 414.75 | Baseline: 322.50 | Improvement: -92.25 | Win Rate: 0.00% | Actor Loss: -7.8750 | Entropy: 3.1771 | Invalid S/B: 0.00/0.00 | Max Load: 5.0 | Load Gap: 2.4 | Group CV: 0.0428
Epoch [290/2000] | Sampled: 417.75 | Baseline: 318.50 | Improvement: -99.25 | Win Rate: 0.00% | Actor Loss: 2.0801 | Entropy: 3.1882 | Invalid S/B: 0.12/0.00 | Max Load: 5.0 | Load Gap: 2.4 | Group CV: 0.0615
   -> Validation | Samples: 50 | Makespan: 385.50 | Invalid Jobs: 0.02 | Score: 387.50
Epoch [291/2000] | Sampled: 417.75 | Baseline: 313.00 | Improvement: -104.75 | Win Rate: 0.00% | Actor Loss: -3.2339 | Entropy: 3.1526 | Invalid S/B: 0.00/0.00 | Max Load: 4.9 | Load Gap: 1.9 | Group CV: 0.0446
Epoch [292/2000] | Sampled: 403.88 | Baseline: 317.50 | Improvement: -86.38 | Win Rate: 0.00% | Actor Loss: 2.9834 | Entropy: 3.1851 | Invalid S/B: 0.00/0.00 | Max Load: 5.0 | Load Gap: 2.4 | Group CV: 0.0228
Epoch [293/2000] | Sampled: 418.25 | Baseline: 354.50 | Improvement: -63.75 | Win Rate: 0.00% | Actor Loss: 0.2148 | Entropy: 3.1145 | Invalid S/B: 0.00/0.00 | Max Load: 4.9 | Load Gap: 2.1 | Group CV: 0.0280
Epoch [294/2000] | Sampled: 423.50 | Baseline: 314.00 | Improvement: -109.50 | Win Rate: 0.00% | Actor Loss: 4.3050 | Entropy: 3.0384 | Invalid S/B: 0.12/0.00 | Max Load: 5.0 | Load Gap: 2.1 | Group CV: 0.0546
Epoch [295/2000] | Sampled: 430.25 | Baseline: 334.00 | Improvement: -96.25 | Win Rate: 0.00% | Actor Loss: -1.5245 | Entropy: 3.1332 | Invalid S/B: 0.50/0.00 | Max Load: 4.9 | Load Gap: 1.9 | Group CV: 0.0774
Epoch [296/2000] | Sampled: 421.12 | Baseline: 336.00 | Improvement: -85.12 | Win Rate: 0.00% | Actor Loss: -0.8979 | Entropy: 3.0684 | Invalid S/B: 0.12/0.00 | Max Load: 5.0 | Load Gap: 2.0 | Group CV: 0.0455
Epoch [297/2000] | Sampled: 430.25 | Baseline: 340.50 | Improvement: -89.75 | Win Rate: 0.00% | Actor Loss: -2.0719 | Entropy: 3.0324 | Invalid S/B: 0.00/0.00 | Max Load: 4.9 | Load Gap: 2.1 | Group CV: 0.0390
Epoch [298/2000] | Sampled: 441.50 | Baseline: 338.00 | Improvement: -103.50 | Win Rate: 0.00% | Actor Loss: 6.9768 | Entropy: 3.0691 | Invalid S/B: 0.50/0.00 | Max Load: 5.0 | Load Gap: 2.0 | Group CV: 0.0721
Epoch [299/2000] | Sampled: 435.00 | Baseline: 362.50 | Improvement: -72.50 | Win Rate: 0.00% | Actor Loss: 1.4846 | Entropy: 3.1009 | Invalid S/B: 0.50/0.00 | Max Load: 5.0 | Load Gap: 2.0 | Group CV: 0.0465
Epoch [300/2000] | Sampled: 416.00 | Baseline: 338.00 | Improvement: -78.00 | Win Rate: 0.00% | Actor Loss: -1.3295 | Entropy: 3.1606 | Invalid S/B: 0.12/0.00 | Max Load: 4.6 | Load Gap: 1.9 | Group CV: 0.0274
   -> Validation | Samples: 50 | Makespan: 385.88 | Invalid Jobs: 0.04 | Score: 389.88
   -> Saved updated training chart to /home/wei/Desktop/AMR-DFJSP/Static_alogorithm/Attention/attention_training_metrics.png
Epoch [301/2000] | Sampled: 415.38 | Baseline: 343.00 | Improvement: -72.38 | Win Rate: 12.50% | Actor Loss: 0.9618 | Entropy: 3.1974 | Invalid S/B: 0.25/0.00 | Max Load: 5.0 | Load Gap: 2.1 | Group CV: 0.0499
Epoch [302/2000] | Sampled: 412.75 | Baseline: 369.50 | Improvement: -43.25 | Win Rate: 50.00% | Actor Loss: -0.5892 | Entropy: 3.1221 | Invalid S/B: 0.00/0.50 | Max Load: 5.0 | Load Gap: 2.1 | Group CV: 0.0262
Epoch [303/2000] | Sampled: 419.62 | Baseline: 317.00 | Improvement: -102.62 | Win Rate: 0.00% | Actor Loss: -5.3624 | Entropy: 3.0806 | Invalid S/B: 0.00/0.00 | Max Load: 4.9 | Load Gap: 2.0 | Group CV: 0.0394
Epoch [304/2000] | Sampled: 407.50 | Baseline: 329.00 | Improvement: -78.50 | Win Rate: 0.00% | Actor Loss: -3.7044 | Entropy: 3.1864 | Invalid S/B: 0.12/0.00 | Max Load: 4.8 | Load Gap: 2.2 | Group CV: 0.0481
Epoch [305/2000] | Sampled: 420.38 | Baseline: 343.00 | Improvement: -77.38 | Win Rate: 0.00% | Actor Loss: 6.1105 | Entropy: 3.0998 | Invalid S/B: 0.00/0.00 | Max Load: 5.2 | Load Gap: 2.4 | Group CV: 0.0380
Epoch [306/2000] | Sampled: 421.38 | Baseline: 355.00 | Improvement: -66.38 | Win Rate: 0.00% | Actor Loss: -7.3524 | Entropy: 3.0488 | Invalid S/B: 0.00/0.50 | Max Load: 4.9 | Load Gap: 2.1 | Group CV: 0.0313
Epoch [307/2000] | Sampled: 402.75 | Baseline: 319.50 | Improvement: -83.25 | Win Rate: 0.00% | Actor Loss: -0.1700 | Entropy: 3.1312 | Invalid S/B: 0.00/0.00 | Max Load: 4.9 | Load Gap: 2.1 | Group CV: 0.0466
Epoch [308/2000] | Sampled: 403.12 | Baseline: 311.50 | Improvement: -91.62 | Win Rate: 0.00% | Actor Loss: 0.5779 | Entropy: 3.2508 | Invalid S/B: 0.00/0.00 | Max Load: 4.6 | Load Gap: 1.9 | Group CV: 0.0344
Epoch [309/2000] | Sampled: 430.50 | Baseline: 383.50 | Improvement: -47.00 | Win Rate: 37.50% | Actor Loss: 6.7471 | Entropy: 3.1912 | Invalid S/B: 0.50/0.00 | Max Load: 5.0 | Load Gap: 2.5 | Group CV: 0.0512
Epoch [310/2000] | Sampled: 407.75 | Baseline: 359.50 | Improvement: -48.25 | Win Rate: 0.00% | Actor Loss: -1.8157 | Entropy: 3.3075 | Invalid S/B: 0.25/0.00 | Max Load: 5.1 | Load Gap: 2.5 | Group CV: 0.0516
   -> Validation | Samples: 50 | Makespan: 400.76 | Invalid Jobs: 0.10 | Score: 410.76
Epoch [311/2000] | Sampled: 421.25 | Baseline: 339.50 | Improvement: -81.75 | Win Rate: 0.00% | Actor Loss: 1.1604 | Entropy: 3.4327 | Invalid S/B: 0.00/0.00 | Max Load: 5.0 | Load Gap: 2.4 | Group CV: 0.0318
Epoch [312/2000] | Sampled: 439.12 | Baseline: 352.00 | Improvement: -87.12 | Win Rate: 12.50% | Actor Loss: -7.0199 | Entropy: 3.3220 | Invalid S/B: 0.25/0.00 | Max Load: 5.0 | Load Gap: 2.5 | Group CV: 0.0655
Epoch [313/2000] | Sampled: 413.12 | Baseline: 341.00 | Improvement: -72.12 | Win Rate: 0.00% | Actor Loss: 1.5856 | Entropy: 3.3260 | Invalid S/B: 0.00/0.00 | Max Load: 4.9 | Load Gap: 2.6 | Group CV: 0.0427
Epoch [314/2000] | Sampled: 444.25 | Baseline: 304.50 | Improvement: -139.75 | Win Rate: 0.00% | Actor Loss: -1.4110 | Entropy: 3.3679 | Invalid S/B: 0.25/0.00 | Max Load: 4.9 | Load Gap: 2.2 | Group CV: 0.0501
Epoch [315/2000] | Sampled: 432.38 | Baseline: 332.00 | Improvement: -100.38 | Win Rate: 0.00% | Actor Loss: -1.5572 | Entropy: 3.4085 | Invalid S/B: 0.00/0.00 | Max Load: 5.1 | Load Gap: 2.8 | Group CV: 0.0401
Epoch [316/2000] | Sampled: 416.50 | Baseline: 346.50 | Improvement: -70.00 | Win Rate: 0.00% | Actor Loss: 0.7546 | Entropy: 3.4006 | Invalid S/B: 0.00/0.00 | Max Load: 5.0 | Load Gap: 2.1 | Group CV: 0.0592
Epoch [317/2000] | Sampled: 443.75 | Baseline: 400.50 | Improvement: -43.25 | Win Rate: 25.00% | Actor Loss: 2.0377 | Entropy: 3.2543 | Invalid S/B: 0.12/0.00 | Max Load: 5.1 | Load Gap: 2.4 | Group CV: 0.0412
Epoch [318/2000] | Sampled: 431.38 | Baseline: 387.50 | Improvement: -43.88 | Win Rate: 0.00% | Actor Loss: 4.7347 | Entropy: 3.2815 | Invalid S/B: 0.00/0.00 | Max Load: 5.1 | Load Gap: 2.8 | Group CV: 0.0161
Epoch [319/2000] | Sampled: 429.50 | Baseline: 313.00 | Improvement: -116.50 | Win Rate: 0.00% | Actor Loss: -1.3350 | Entropy: 3.1719 | Invalid S/B: 0.12/0.00 | Max Load: 5.1 | Load Gap: 2.9 | Group CV: 0.0275
Epoch [320/2000] | Sampled: 445.50 | Baseline: 349.00 | Improvement: -96.50 | Win Rate: 0.00% | Actor Loss: -4.5354 | Entropy: 3.1934 | Invalid S/B: 0.38/0.00 | Max Load: 5.2 | Load Gap: 3.0 | Group CV: 0.0377
   -> Validation | Samples: 50 | Makespan: 422.58 | Invalid Jobs: 0.02 | Score: 424.58
Epoch [321/2000] | Sampled: 431.12 | Baseline: 340.50 | Improvement: -90.62 | Win Rate: 0.00% | Actor Loss: -2.7517 | Entropy: 3.2144 | Invalid S/B: 0.00/0.00 | Max Load: 5.4 | Load Gap: 2.6 | Group CV: 0.0535
Epoch [322/2000] | Sampled: 439.00 | Baseline: 300.00 | Improvement: -139.00 | Win Rate: 0.00% | Actor Loss: 2.7095 | Entropy: 3.2623 | Invalid S/B: 0.00/0.00 | Max Load: 5.5 | Load Gap: 3.2 | Group CV: 0.0471
Epoch [323/2000] | Sampled: 453.38 | Baseline: 363.50 | Improvement: -89.88 | Win Rate: 0.00% | Actor Loss: -5.2993 | Entropy: 3.3644 | Invalid S/B: 0.00/0.00 | Max Load: 5.1 | Load Gap: 2.5 | Group CV: 0.0246
Epoch [324/2000] | Sampled: 459.38 | Baseline: 342.50 | Improvement: -116.88 | Win Rate: 0.00% | Actor Loss: -5.6664 | Entropy: 3.3740 | Invalid S/B: 0.00/0.00 | Max Load: 5.2 | Load Gap: 2.9 | Group CV: 0.0564
Epoch [325/2000] | Sampled: 468.50 | Baseline: 308.00 | Improvement: -160.50 | Win Rate: 0.00% | Actor Loss: -1.2017 | Entropy: 3.3615 | Invalid S/B: 0.00/0.00 | Max Load: 5.1 | Load Gap: 2.5 | Group CV: 0.0356
Epoch [326/2000] | Sampled: 447.50 | Baseline: 322.00 | Improvement: -125.50 | Win Rate: 0.00% | Actor Loss: 6.5667 | Entropy: 3.4131 | Invalid S/B: 0.00/0.00 | Max Load: 5.4 | Load Gap: 3.2 | Group CV: 0.0208
Epoch [327/2000] | Sampled: 465.50 | Baseline: 321.50 | Improvement: -144.00 | Win Rate: 0.00% | Actor Loss: -1.0768 | Entropy: 3.4258 | Invalid S/B: 0.12/0.00 | Max Load: 5.9 | Load Gap: 3.6 | Group CV: 0.0429
Epoch [328/2000] | Sampled: 467.12 | Baseline: 313.50 | Improvement: -153.62 | Win Rate: 0.00% | Actor Loss: 1.2176 | Entropy: 3.4474 | Invalid S/B: 0.25/0.00 | Max Load: 5.4 | Load Gap: 2.9 | Group CV: 0.0451
Epoch [329/2000] | Sampled: 463.25 | Baseline: 338.00 | Improvement: -125.25 | Win Rate: 0.00% | Actor Loss: 1.3605 | Entropy: 3.5133 | Invalid S/B: 0.12/0.00 | Max Load: 5.0 | Load Gap: 2.9 | Group CV: 0.0632
Epoch [330/2000] | Sampled: 458.38 | Baseline: 361.50 | Improvement: -96.88 | Win Rate: 0.00% | Actor Loss: 2.6886 | Entropy: 3.5599 | Invalid S/B: 0.12/0.00 | Max Load: 5.1 | Load Gap: 3.0 | Group CV: 0.0287
   -> Validation | Samples: 50 | Makespan: 439.22 | Invalid Jobs: 0.08 | Score: 447.22
Epoch [331/2000] | Sampled: 467.88 | Baseline: 306.50 | Improvement: -161.38 | Win Rate: 0.00% | Actor Loss: -1.3004 | Entropy: 3.5633 | Invalid S/B: 0.00/0.00 | Max Load: 5.4 | Load Gap: 3.1 | Group CV: 0.0529
Epoch [332/2000] | Sampled: 456.38 | Baseline: 320.00 | Improvement: -136.38 | Win Rate: 0.00% | Actor Loss: 1.5015 | Entropy: 3.4949 | Invalid S/B: 0.00/0.00 | Max Load: 5.4 | Load Gap: 3.0 | Group CV: 0.0341
Epoch [333/2000] | Sampled: 446.38 | Baseline: 336.00 | Improvement: -110.38 | Win Rate: 0.00% | Actor Loss: 3.1561 | Entropy: 3.5920 | Invalid S/B: 0.12/0.00 | Max Load: 5.1 | Load Gap: 2.9 | Group CV: 0.0255
Epoch [334/2000] | Sampled: 466.75 | Baseline: 321.00 | Improvement: -145.75 | Win Rate: 0.00% | Actor Loss: 11.5544 | Entropy: 3.5294 | Invalid S/B: 0.12/0.00 | Max Load: 5.8 | Load Gap: 3.9 | Group CV: 0.0453
Epoch [335/2000] | Sampled: 472.00 | Baseline: 318.50 | Improvement: -153.50 | Win Rate: 0.00% | Actor Loss: -3.5918 | Entropy: 3.5660 | Invalid S/B: 0.12/0.00 | Max Load: 5.5 | Load Gap: 3.2 | Group CV: 0.0626
Epoch [336/2000] | Sampled: 470.00 | Baseline: 350.50 | Improvement: -119.50 | Win Rate: 0.00% | Actor Loss: -5.1830 | Entropy: 3.6352 | Invalid S/B: 0.38/0.00 | Max Load: 4.9 | Load Gap: 2.4 | Group CV: 0.0684
Epoch [337/2000] | Sampled: 454.50 | Baseline: 349.50 | Improvement: -105.00 | Win Rate: 0.00% | Actor Loss: -5.7548 | Entropy: 3.7362 | Invalid S/B: 0.00/0.00 | Max Load: 5.2 | Load Gap: 3.4 | Group CV: 0.0630
Epoch [338/2000] | Sampled: 458.00 | Baseline: 366.50 | Improvement: -91.50 | Win Rate: 0.00% | Actor Loss: -0.0097 | Entropy: 3.7352 | Invalid S/B: 0.12/0.00 | Max Load: 5.1 | Load Gap: 2.8 | Group CV: 0.0488
Epoch [339/2000] | Sampled: 461.00 | Baseline: 360.50 | Improvement: -100.50 | Win Rate: 0.00% | Actor Loss: 1.0733 | Entropy: 3.7991 | Invalid S/B: 0.38/0.00 | Max Load: 5.4 | Load Gap: 3.1 | Group CV: 0.0386
Epoch [340/2000] | Sampled: 449.75 | Baseline: 318.00 | Improvement: -131.75 | Win Rate: 0.00% | Actor Loss: 2.7383 | Entropy: 3.8047 | Invalid S/B: 0.38/0.00 | Max Load: 5.2 | Load Gap: 2.9 | Group CV: 0.0787
   -> Validation | Samples: 50 | Makespan: 418.38 | Invalid Jobs: 0.00 | Score: 418.38
Epoch [341/2000] | Sampled: 475.62 | Baseline: 351.00 | Improvement: -124.62 | Win Rate: 0.00% | Actor Loss: -1.9615 | Entropy: 3.7620 | Invalid S/B: 0.25/0.00 | Max Load: 5.5 | Load Gap: 3.2 | Group CV: 0.0473
Epoch [342/2000] | Sampled: 444.00 | Baseline: 332.00 | Improvement: -112.00 | Win Rate: 0.00% | Actor Loss: -2.2138 | Entropy: 3.8490 | Invalid S/B: 0.00/0.00 | Max Load: 5.5 | Load Gap: 3.5 | Group CV: 0.0397
Epoch [343/2000] | Sampled: 442.75 | Baseline: 355.00 | Improvement: -87.75 | Win Rate: 0.00% | Actor Loss: 3.9973 | Entropy: 3.8276 | Invalid S/B: 0.12/0.00 | Max Load: 5.5 | Load Gap: 3.4 | Group CV: 0.0559
Epoch [344/2000] | Sampled: 465.00 | Baseline: 323.00 | Improvement: -142.00 | Win Rate: 0.00% | Actor Loss: -1.4258 | Entropy: 3.8229 | Invalid S/B: 0.50/0.00 | Max Load: 5.1 | Load Gap: 2.8 | Group CV: 0.0602
Epoch [345/2000] | Sampled: 461.12 | Baseline: 334.00 | Improvement: -127.12 | Win Rate: 0.00% | Actor Loss: -0.8939 | Entropy: 3.8829 | Invalid S/B: 0.38/0.00 | Max Load: 5.2 | Load Gap: 3.0 | Group CV: 0.0687
Epoch [346/2000] | Sampled: 449.00 | Baseline: 353.50 | Improvement: -95.50 | Win Rate: 0.00% | Actor Loss: -6.6838 | Entropy: 3.7380 | Invalid S/B: 0.25/0.00 | Max Load: 5.1 | Load Gap: 3.0 | Group CV: 0.0550
Epoch [347/2000] | Sampled: 419.00 | Baseline: 339.00 | Improvement: -80.00 | Win Rate: 0.00% | Actor Loss: 0.0150 | Entropy: 3.8507 | Invalid S/B: 0.00/0.00 | Max Load: 5.2 | Load Gap: 3.0 | Group CV: 0.0463
Epoch [348/2000] | Sampled: 409.00 | Baseline: 324.00 | Improvement: -85.00 | Win Rate: 0.00% | Actor Loss: 2.6206 | Entropy: 3.7387 | Invalid S/B: 0.12/0.00 | Max Load: 5.2 | Load Gap: 3.1 | Group CV: 0.0388
Epoch [349/2000] | Sampled: 420.12 | Baseline: 329.00 | Improvement: -91.12 | Win Rate: 0.00% | Actor Loss: -0.4366 | Entropy: 3.7383 | Invalid S/B: 0.00/0.00 | Max Load: 5.2 | Load Gap: 2.6 | Group CV: 0.0492
Epoch [350/2000] | Sampled: 412.00 | Baseline: 383.00 | Improvement: -29.00 | Win Rate: 0.00% | Actor Loss: 2.9920 | Entropy: 3.6316 | Invalid S/B: 0.00/0.50 | Max Load: 5.1 | Load Gap: 2.4 | Group CV: 0.0383
   -> Validation | Samples: 50 | Makespan: 380.92 | Invalid Jobs: 0.02 | Score: 382.92
Epoch [351/2000] | Sampled: 429.12 | Baseline: 329.50 | Improvement: -99.62 | Win Rate: 0.00% | Actor Loss: 0.2258 | Entropy: 3.7652 | Invalid S/B: 0.38/0.00 | Max Load: 5.2 | Load Gap: 2.5 | Group CV: 0.0559
Epoch [352/2000] | Sampled: 436.75 | Baseline: 345.00 | Improvement: -91.75 | Win Rate: 0.00% | Actor Loss: -3.0790 | Entropy: 3.8547 | Invalid S/B: 0.12/0.00 | Max Load: 5.0 | Load Gap: 2.6 | Group CV: 0.0363
Epoch [353/2000] | Sampled: 452.00 | Baseline: 359.00 | Improvement: -93.00 | Win Rate: 0.00% | Actor Loss: -1.0623 | Entropy: 3.8578 | Invalid S/B: 0.12/0.00 | Max Load: 5.0 | Load Gap: 2.6 | Group CV: 0.0669
Epoch [354/2000] | Sampled: 432.50 | Baseline: 351.00 | Improvement: -81.50 | Win Rate: 0.00% | Actor Loss: -5.1449 | Entropy: 4.0010 | Invalid S/B: 0.12/0.00 | Max Load: 5.1 | Load Gap: 2.8 | Group CV: 0.0652
Epoch [355/2000] | Sampled: 462.88 | Baseline: 320.00 | Improvement: -142.88 | Win Rate: 0.00% | Actor Loss: -8.9392 | Entropy: 3.9862 | Invalid S/B: 0.25/0.00 | Max Load: 5.4 | Load Gap: 3.0 | Group CV: 0.0778
Epoch [356/2000] | Sampled: 440.38 | Baseline: 335.00 | Improvement: -105.38 | Win Rate: 0.00% | Actor Loss: 0.1538 | Entropy: 3.9150 | Invalid S/B: 0.50/0.00 | Max Load: 5.5 | Load Gap: 2.9 | Group CV: 0.0962
Epoch [357/2000] | Sampled: 417.25 | Baseline: 346.00 | Improvement: -71.25 | Win Rate: 0.00% | Actor Loss: 1.3515 | Entropy: 3.8896 | Invalid S/B: 0.12/0.00 | Max Load: 5.0 | Load Gap: 2.1 | Group CV: 0.0562
Epoch [358/2000] | Sampled: 434.62 | Baseline: 350.50 | Improvement: -84.12 | Win Rate: 0.00% | Actor Loss: 2.6774 | Entropy: 3.8262 | Invalid S/B: 0.38/0.00 | Max Load: 5.2 | Load Gap: 2.8 | Group CV: 0.0618
Epoch [359/2000] | Sampled: 414.50 | Baseline: 318.00 | Improvement: -96.50 | Win Rate: 0.00% | Actor Loss: -3.2713 | Entropy: 3.6850 | Invalid S/B: 0.50/0.00 | Max Load: 4.9 | Load Gap: 2.2 | Group CV: 0.0656
Epoch [360/2000] | Sampled: 420.88 | Baseline: 373.50 | Improvement: -47.38 | Win Rate: 12.50% | Actor Loss: -3.3231 | Entropy: 3.7374 | Invalid S/B: 0.38/0.00 | Max Load: 5.0 | Load Gap: 2.4 | Group CV: 0.0603
   -> Validation | Samples: 50 | Makespan: 370.60 | Invalid Jobs: 0.02 | Score: 372.60
Epoch [361/2000] | Sampled: 408.88 | Baseline: 344.50 | Improvement: -64.38 | Win Rate: 0.00% | Actor Loss: -6.3132 | Entropy: 3.7677 | Invalid S/B: 0.25/0.00 | Max Load: 4.8 | Load Gap: 1.9 | Group CV: 0.0373
Epoch [362/2000] | Sampled: 400.12 | Baseline: 338.00 | Improvement: -62.12 | Win Rate: 0.00% | Actor Loss: 2.0478 | Entropy: 3.8236 | Invalid S/B: 0.12/0.00 | Max Load: 5.0 | Load Gap: 2.2 | Group CV: 0.0663
Epoch [363/2000] | Sampled: 400.00 | Baseline: 329.00 | Improvement: -71.00 | Win Rate: 0.00% | Actor Loss: 0.9984 | Entropy: 3.7597 | Invalid S/B: 0.25/0.00 | Max Load: 5.1 | Load Gap: 2.4 | Group CV: 0.0419
Epoch [364/2000] | Sampled: 394.25 | Baseline: 353.00 | Improvement: -41.25 | Win Rate: 0.00% | Actor Loss: -3.2537 | Entropy: 3.7277 | Invalid S/B: 0.12/0.00 | Max Load: 5.0 | Load Gap: 2.5 | Group CV: 0.0333
Epoch [365/2000] | Sampled: 396.62 | Baseline: 292.50 | Improvement: -104.12 | Win Rate: 0.00% | Actor Loss: 1.5649 | Entropy: 3.6321 | Invalid S/B: 0.25/0.00 | Max Load: 5.2 | Load Gap: 2.5 | Group CV: 0.0677
Epoch [366/2000] | Sampled: 391.25 | Baseline: 329.50 | Improvement: -61.75 | Win Rate: 0.00% | Actor Loss: 8.4974 | Entropy: 3.7554 | Invalid S/B: 0.38/0.00 | Max Load: 5.2 | Load Gap: 2.4 | Group CV: 0.0653
Epoch [367/2000] | Sampled: 400.00 | Baseline: 325.50 | Improvement: -74.50 | Win Rate: 0.00% | Actor Loss: 1.7474 | Entropy: 3.7607 | Invalid S/B: 0.25/0.00 | Max Load: 5.0 | Load Gap: 2.1 | Group CV: 0.0494
Epoch [368/2000] | Sampled: 405.00 | Baseline: 339.50 | Improvement: -65.50 | Win Rate: 0.00% | Actor Loss: 1.5671 | Entropy: 3.6289 | Invalid S/B: 0.25/0.00 | Max Load: 5.1 | Load Gap: 2.4 | Group CV: 0.0565
Epoch [369/2000] | Sampled: 408.38 | Baseline: 341.00 | Improvement: -67.38 | Win Rate: 0.00% | Actor Loss: 5.0168 | Entropy: 3.7040 | Invalid S/B: 0.38/0.00 | Max Load: 5.1 | Load Gap: 2.5 | Group CV: 0.0427
Epoch [370/2000] | Sampled: 410.75 | Baseline: 354.50 | Improvement: -56.25 | Win Rate: 12.50% | Actor Loss: 0.9406 | Entropy: 3.7678 | Invalid S/B: 0.38/0.00 | Max Load: 5.0 | Load Gap: 2.4 | Group CV: 0.0648
   -> Validation | Samples: 50 | Makespan: 364.30 | Invalid Jobs: 0.00 | Score: 364.30
   -> Saved new best model (Val Score: 364.30)
Epoch [371/2000] | Sampled: 407.75 | Baseline: 370.00 | Improvement: -37.75 | Win Rate: 50.00% | Actor Loss: -1.2068 | Entropy: 3.8777 | Invalid S/B: 0.12/0.00 | Max Load: 5.1 | Load Gap: 2.2 | Group CV: 0.0508
Epoch [372/2000] | Sampled: 389.00 | Baseline: 319.00 | Improvement: -70.00 | Win Rate: 0.00% | Actor Loss: -1.6562 | Entropy: 3.9714 | Invalid S/B: 0.12/0.00 | Max Load: 5.1 | Load Gap: 2.4 | Group CV: 0.0350
Epoch [373/2000] | Sampled: 382.25 | Baseline: 323.00 | Improvement: -59.25 | Win Rate: 0.00% | Actor Loss: -1.5493 | Entropy: 4.0312 | Invalid S/B: 0.25/0.00 | Max Load: 5.1 | Load Gap: 2.4 | Group CV: 0.0315
Epoch [374/2000] | Sampled: 421.00 | Baseline: 348.00 | Improvement: -73.00 | Win Rate: 0.00% | Actor Loss: 2.2027 | Entropy: 3.8772 | Invalid S/B: 0.25/0.00 | Max Load: 4.9 | Load Gap: 2.2 | Group CV: 0.0471
Epoch [375/2000] | Sampled: 410.25 | Baseline: 349.00 | Improvement: -61.25 | Win Rate: 0.00% | Actor Loss: -0.1514 | Entropy: 3.8952 | Invalid S/B: 0.25/0.00 | Max Load: 5.1 | Load Gap: 2.5 | Group CV: 0.0606
Epoch [376/2000] | Sampled: 411.00 | Baseline: 312.00 | Improvement: -99.00 | Win Rate: 0.00% | Actor Loss: -0.1051 | Entropy: 3.9702 | Invalid S/B: 0.50/0.00 | Max Load: 4.9 | Load Gap: 2.2 | Group CV: 0.0839
Epoch [377/2000] | Sampled: 401.50 | Baseline: 343.50 | Improvement: -58.00 | Win Rate: 0.00% | Actor Loss: -2.7882 | Entropy: 3.9951 | Invalid S/B: 0.12/0.00 | Max Load: 4.9 | Load Gap: 2.2 | Group CV: 0.0502
Epoch [378/2000] | Sampled: 407.38 | Baseline: 359.00 | Improvement: -48.38 | Win Rate: 0.00% | Actor Loss: 3.0176 | Entropy: 3.9472 | Invalid S/B: 0.12/0.00 | Max Load: 5.0 | Load Gap: 2.2 | Group CV: 0.0333
Epoch [379/2000] | Sampled: 396.00 | Baseline: 333.50 | Improvement: -62.50 | Win Rate: 0.00% | Actor Loss: -2.8020 | Entropy: 3.8632 | Invalid S/B: 0.12/0.00 | Max Load: 5.2 | Load Gap: 2.5 | Group CV: 0.0736
Epoch [380/2000] | Sampled: 406.12 | Baseline: 307.50 | Improvement: -98.62 | Win Rate: 0.00% | Actor Loss: 0.4838 | Entropy: 3.8304 | Invalid S/B: 0.00/0.00 | Max Load: 5.1 | Load Gap: 2.1 | Group CV: 0.0322
   -> Validation | Samples: 50 | Makespan: 362.04 | Invalid Jobs: 0.00 | Score: 362.04
   -> Saved new best model (Val Score: 362.04)
Epoch [381/2000] | Sampled: 405.38 | Baseline: 329.50 | Improvement: -75.88 | Win Rate: 0.00% | Actor Loss: -3.6238 | Entropy: 3.7914 | Invalid S/B: 0.38/0.00 | Max Load: 4.9 | Load Gap: 2.1 | Group CV: 0.0730
Epoch [382/2000] | Sampled: 405.88 | Baseline: 348.50 | Improvement: -57.38 | Win Rate: 0.00% | Actor Loss: -11.8480 | Entropy: 3.6957 | Invalid S/B: 0.38/0.00 | Max Load: 4.9 | Load Gap: 2.1 | Group CV: 0.0322
Epoch [383/2000] | Sampled: 402.25 | Baseline: 356.00 | Improvement: -46.25 | Win Rate: 25.00% | Actor Loss: -5.3168 | Entropy: 3.5806 | Invalid S/B: 0.12/0.00 | Max Load: 5.2 | Load Gap: 2.2 | Group CV: 0.0456
Epoch [384/2000] | Sampled: 396.12 | Baseline: 348.50 | Improvement: -47.62 | Win Rate: 0.00% | Actor Loss: -5.4548 | Entropy: 3.5211 | Invalid S/B: 0.00/0.00 | Max Load: 4.8 | Load Gap: 2.0 | Group CV: 0.0219
Epoch [385/2000] | Sampled: 394.00 | Baseline: 350.50 | Improvement: -43.50 | Win Rate: 0.00% | Actor Loss: -3.7166 | Entropy: 3.4080 | Invalid S/B: 0.00/0.00 | Max Load: 5.0 | Load Gap: 2.0 | Group CV: 0.0294
Epoch [386/2000] | Sampled: 384.75 | Baseline: 334.50 | Improvement: -50.25 | Win Rate: 0.00% | Actor Loss: -7.3045 | Entropy: 3.3506 | Invalid S/B: 0.00/0.00 | Max Load: 4.5 | Load Gap: 1.5 | Group CV: 0.0390
Epoch [387/2000] | Sampled: 382.50 | Baseline: 322.50 | Improvement: -60.00 | Win Rate: 0.00% | Actor Loss: 0.7115 | Entropy: 3.1842 | Invalid S/B: 0.00/0.00 | Max Load: 5.0 | Load Gap: 2.1 | Group CV: 0.0479
Epoch [388/2000] | Sampled: 391.75 | Baseline: 337.50 | Improvement: -54.25 | Win Rate: 37.50% | Actor Loss: -5.6961 | Entropy: 3.1232 | Invalid S/B: 0.12/0.00 | Max Load: 4.9 | Load Gap: 1.9 | Group CV: 0.0468
Epoch [389/2000] | Sampled: 394.12 | Baseline: 352.50 | Improvement: -41.62 | Win Rate: 0.00% | Actor Loss: -2.9393 | Entropy: 2.9964 | Invalid S/B: 0.12/0.00 | Max Load: 4.6 | Load Gap: 1.8 | Group CV: 0.0381
Epoch [390/2000] | Sampled: 392.62 | Baseline: 344.50 | Improvement: -48.12 | Win Rate: 0.00% | Actor Loss: -5.3376 | Entropy: 2.9181 | Invalid S/B: 0.00/0.00 | Max Load: 5.0 | Load Gap: 2.1 | Group CV: 0.0332
   -> Validation | Samples: 50 | Makespan: 374.86 | Invalid Jobs: 0.08 | Score: 382.86
Epoch [391/2000] | Sampled: 388.50 | Baseline: 330.50 | Improvement: -58.00 | Win Rate: 0.00% | Actor Loss: 2.0278 | Entropy: 2.8656 | Invalid S/B: 0.12/0.00 | Max Load: 4.8 | Load Gap: 1.8 | Group CV: 0.0347
Epoch [392/2000] | Sampled: 397.38 | Baseline: 349.50 | Improvement: -47.88 | Win Rate: 0.00% | Actor Loss: 2.0967 | Entropy: 2.8648 | Invalid S/B: 0.00/0.00 | Max Load: 4.8 | Load Gap: 1.8 | Group CV: 0.0338
Epoch [393/2000] | Sampled: 393.50 | Baseline: 369.50 | Improvement: -24.00 | Win Rate: 12.50% | Actor Loss: -4.0205 | Entropy: 2.9276 | Invalid S/B: 0.00/0.00 | Max Load: 4.5 | Load Gap: 1.5 | Group CV: 0.0340
Epoch [394/2000] | Sampled: 393.50 | Baseline: 327.00 | Improvement: -66.50 | Win Rate: 0.00% | Actor Loss: -2.6143 | Entropy: 3.0779 | Invalid S/B: 0.00/0.00 | Max Load: 4.9 | Load Gap: 1.9 | Group CV: 0.0498
Epoch [395/2000] | Sampled: 382.38 | Baseline: 313.50 | Improvement: -68.88 | Win Rate: 0.00% | Actor Loss: -2.2842 | Entropy: 3.0035 | Invalid S/B: 0.00/0.00 | Max Load: 4.9 | Load Gap: 1.9 | Group CV: 0.0302
Epoch [396/2000] | Sampled: 392.25 | Baseline: 332.00 | Improvement: -60.25 | Win Rate: 0.00% | Actor Loss: 2.4686 | Entropy: 2.9964 | Invalid S/B: 0.12/0.00 | Max Load: 4.9 | Load Gap: 2.1 | Group CV: 0.0450
Epoch [397/2000] | Sampled: 392.25 | Baseline: 401.50 | Improvement: 9.25 | Win Rate: 50.00% | Actor Loss: 5.7224 | Entropy: 2.9424 | Invalid S/B: 0.00/0.00 | Max Load: 4.6 | Load Gap: 1.6 | Group CV: 0.0348
Epoch [398/2000] | Sampled: 387.50 | Baseline: 314.50 | Improvement: -73.00 | Win Rate: 0.00% | Actor Loss: 0.6393 | Entropy: 2.8814 | Invalid S/B: 0.00/0.00 | Max Load: 4.6 | Load Gap: 1.6 | Group CV: 0.0269
Epoch [399/2000] | Sampled: 396.00 | Baseline: 341.00 | Improvement: -55.00 | Win Rate: 0.00% | Actor Loss: 3.5192 | Entropy: 2.9001 | Invalid S/B: 0.00/0.00 | Max Load: 4.5 | Load Gap: 1.6 | Group CV: 0.0228
Epoch [400/2000] | Sampled: 368.50 | Baseline: 306.00 | Improvement: -62.50 | Win Rate: 0.00% | Actor Loss: 2.7641 | Entropy: 2.9716 | Invalid S/B: 0.25/0.00 | Max Load: 4.6 | Load Gap: 1.6 | Group CV: 0.0576
   -> Validation | Samples: 50 | Makespan: 366.68 | Invalid Jobs: 0.00 | Score: 366.68
   -> Saved updated training chart to /home/wei/Desktop/AMR-DFJSP/Static_alogorithm/Attention/attention_training_metrics.png
Epoch [401/2000] | Sampled: 384.38 | Baseline: 315.50 | Improvement: -68.88 | Win Rate: 0.00% | Actor Loss: 4.1158 | Entropy: 3.0791 | Invalid S/B: 0.25/0.00 | Max Load: 4.9 | Load Gap: 1.9 | Group CV: 0.0616
Epoch [402/2000] | Sampled: 368.12 | Baseline: 339.50 | Improvement: -28.62 | Win Rate: 25.00% | Actor Loss: -0.5960 | Entropy: 3.3335 | Invalid S/B: 0.12/0.00 | Max Load: 4.6 | Load Gap: 1.6 | Group CV: 0.0410
Epoch [403/2000] | Sampled: 387.62 | Baseline: 320.50 | Improvement: -67.12 | Win Rate: 0.00% | Actor Loss: -4.7034 | Entropy: 3.5052 | Invalid S/B: 0.38/0.00 | Max Load: 4.9 | Load Gap: 2.0 | Group CV: 0.0764
Epoch [404/2000] | Sampled: 383.62 | Baseline: 340.00 | Improvement: -43.62 | Win Rate: 0.00% | Actor Loss: 2.3590 | Entropy: 3.5980 | Invalid S/B: 0.62/0.00 | Max Load: 5.1 | Load Gap: 2.5 | Group CV: 0.0640
Epoch [405/2000] | Sampled: 375.50 | Baseline: 306.50 | Improvement: -69.00 | Win Rate: 0.00% | Actor Loss: 2.5307 | Entropy: 3.7423 | Invalid S/B: 0.25/0.00 | Max Load: 5.0 | Load Gap: 2.1 | Group CV: 0.0602
Epoch [406/2000] | Sampled: 406.50 | Baseline: 324.00 | Improvement: -82.50 | Win Rate: 0.00% | Actor Loss: -2.2799 | Entropy: 3.7987 | Invalid S/B: 0.50/0.00 | Max Load: 5.0 | Load Gap: 2.0 | Group CV: 0.0666
Epoch [407/2000] | Sampled: 413.50 | Baseline: 309.50 | Improvement: -104.00 | Win Rate: 0.00% | Actor Loss: 0.5097 | Entropy: 3.8216 | Invalid S/B: 0.50/0.00 | Max Load: 4.9 | Load Gap: 2.2 | Group CV: 0.0862
Epoch [408/2000] | Sampled: 399.62 | Baseline: 311.00 | Improvement: -88.62 | Win Rate: 0.00% | Actor Loss: 3.8371 | Entropy: 3.8994 | Invalid S/B: 0.12/0.00 | Max Load: 5.1 | Load Gap: 2.5 | Group CV: 0.0512
Epoch [409/2000] | Sampled: 402.88 | Baseline: 325.50 | Improvement: -77.38 | Win Rate: 0.00% | Actor Loss: 0.4208 | Entropy: 3.9783 | Invalid S/B: 0.25/0.00 | Max Load: 5.1 | Load Gap: 2.8 | Group CV: 0.0566
Epoch [410/2000] | Sampled: 409.00 | Baseline: 310.00 | Improvement: -99.00 | Win Rate: 0.00% | Actor Loss: 0.8257 | Entropy: 3.9302 | Invalid S/B: 0.12/0.00 | Max Load: 5.1 | Load Gap: 2.6 | Group CV: 0.0631
   -> Validation | Samples: 50 | Makespan: 378.10 | Invalid Jobs: 0.04 | Score: 382.10
Epoch [411/2000] | Sampled: 420.38 | Baseline: 351.00 | Improvement: -69.38 | Win Rate: 0.00% | Actor Loss: -3.6843 | Entropy: 4.0308 | Invalid S/B: 0.75/0.00 | Max Load: 4.9 | Load Gap: 2.5 | Group CV: 0.0540
Epoch [412/2000] | Sampled: 408.00 | Baseline: 332.50 | Improvement: -75.50 | Win Rate: 0.00% | Actor Loss: -0.2752 | Entropy: 3.9884 | Invalid S/B: 0.50/0.00 | Max Load: 5.0 | Load Gap: 2.2 | Group CV: 0.0882
Epoch [413/2000] | Sampled: 432.75 | Baseline: 354.00 | Improvement: -78.75 | Win Rate: 0.00% | Actor Loss: 1.5706 | Entropy: 3.9718 | Invalid S/B: 0.62/0.00 | Max Load: 5.1 | Load Gap: 2.8 | Group CV: 0.0696
Epoch [414/2000] | Sampled: 415.62 | Baseline: 320.50 | Improvement: -95.12 | Win Rate: 0.00% | Actor Loss: -1.2073 | Entropy: 4.0097 | Invalid S/B: 0.38/0.00 | Max Load: 5.0 | Load Gap: 2.5 | Group CV: 0.0817
Epoch [415/2000] | Sampled: 417.25 | Baseline: 372.50 | Improvement: -44.75 | Win Rate: 12.50% | Actor Loss: 3.9706 | Entropy: 3.9986 | Invalid S/B: 0.00/0.00 | Max Load: 4.9 | Load Gap: 2.2 | Group CV: 0.0676
Epoch [416/2000] | Sampled: 402.62 | Baseline: 331.50 | Improvement: -71.12 | Win Rate: 0.00% | Actor Loss: -0.1140 | Entropy: 4.0810 | Invalid S/B: 0.50/0.00 | Max Load: 5.2 | Load Gap: 3.1 | Group CV: 0.0734
Epoch [417/2000] | Sampled: 446.25 | Baseline: 358.00 | Improvement: -88.25 | Win Rate: 0.00% | Actor Loss: 1.7925 | Entropy: 3.9872 | Invalid S/B: 1.12/0.00 | Max Load: 5.1 | Load Gap: 2.9 | Group CV: 0.0908
Epoch [418/2000] | Sampled: 432.25 | Baseline: 307.50 | Improvement: -124.75 | Win Rate: 0.00% | Actor Loss: 4.3882 | Entropy: 3.9813 | Invalid S/B: 0.62/0.00 | Max Load: 5.0 | Load Gap: 2.6 | Group CV: 0.0560
Epoch [419/2000] | Sampled: 410.00 | Baseline: 308.00 | Improvement: -102.00 | Win Rate: 0.00% | Actor Loss: -1.9437 | Entropy: 3.9906 | Invalid S/B: 0.50/0.00 | Max Load: 5.0 | Load Gap: 2.2 | Group CV: 0.0473
Epoch [420/2000] | Sampled: 408.50 | Baseline: 364.00 | Improvement: -44.50 | Win Rate: 12.50% | Actor Loss: -1.6336 | Entropy: 4.0207 | Invalid S/B: 0.25/0.00 | Max Load: 5.5 | Load Gap: 3.0 | Group CV: 0.0567
   -> Validation | Samples: 50 | Makespan: 400.50 | Invalid Jobs: 0.02 | Score: 402.50
Epoch [421/2000] | Sampled: 427.88 | Baseline: 348.50 | Improvement: -79.38 | Win Rate: 0.00% | Actor Loss: -0.8505 | Entropy: 4.0127 | Invalid S/B: 0.50/0.00 | Max Load: 5.2 | Load Gap: 2.8 | Group CV: 0.0718
Epoch [422/2000] | Sampled: 421.25 | Baseline: 307.50 | Improvement: -113.75 | Win Rate: 0.00% | Actor Loss: -1.6360 | Entropy: 4.0436 | Invalid S/B: 0.38/0.00 | Max Load: 5.4 | Load Gap: 2.8 | Group CV: 0.0715
Epoch [423/2000] | Sampled: 444.00 | Baseline: 317.00 | Improvement: -127.00 | Win Rate: 0.00% | Actor Loss: -1.0508 | Entropy: 4.0719 | Invalid S/B: 0.88/0.00 | Max Load: 5.1 | Load Gap: 2.8 | Group CV: 0.0685
Epoch [424/2000] | Sampled: 415.88 | Baseline: 357.00 | Improvement: -58.88 | Win Rate: 0.00% | Actor Loss: 8.5931 | Entropy: 4.1079 | Invalid S/B: 0.50/0.00 | Max Load: 5.0 | Load Gap: 2.8 | Group CV: 0.0586
Epoch [425/2000] | Sampled: 440.75 | Baseline: 317.50 | Improvement: -123.25 | Win Rate: 0.00% | Actor Loss: -0.7435 | Entropy: 4.0359 | Invalid S/B: 0.75/0.00 | Max Load: 5.1 | Load Gap: 2.5 | Group CV: 0.0650
Epoch [426/2000] | Sampled: 450.25 | Baseline: 341.50 | Improvement: -108.75 | Win Rate: 0.00% | Actor Loss: -2.8473 | Entropy: 4.1296 | Invalid S/B: 0.88/0.00 | Max Load: 5.2 | Load Gap: 2.8 | Group CV: 0.0915
Epoch [427/2000] | Sampled: 407.62 | Baseline: 333.00 | Improvement: -74.62 | Win Rate: 0.00% | Actor Loss: 2.2827 | Entropy: 4.1034 | Invalid S/B: 0.00/0.00 | Max Load: 5.0 | Load Gap: 2.4 | Group CV: 0.0233
Epoch [428/2000] | Sampled: 429.38 | Baseline: 305.00 | Improvement: -124.38 | Win Rate: 0.00% | Actor Loss: 4.5060 | Entropy: 4.0289 | Invalid S/B: 0.88/0.00 | Max Load: 5.0 | Load Gap: 2.8 | Group CV: 0.1246
Epoch [429/2000] | Sampled: 426.75 | Baseline: 339.50 | Improvement: -87.25 | Win Rate: 0.00% | Actor Loss: -3.6434 | Entropy: 3.9713 | Invalid S/B: 0.62/0.00 | Max Load: 5.0 | Load Gap: 2.5 | Group CV: 0.0511
Epoch [430/2000] | Sampled: 392.75 | Baseline: 329.50 | Improvement: -63.25 | Win Rate: 0.00% | Actor Loss: -8.6690 | Entropy: 3.9202 | Invalid S/B: 0.50/0.00 | Max Load: 5.0 | Load Gap: 2.2 | Group CV: 0.0636
   -> Validation | Samples: 50 | Makespan: 381.60 | Invalid Jobs: 0.02 | Score: 383.60
Epoch [431/2000] | Sampled: 414.50 | Baseline: 324.50 | Improvement: -90.00 | Win Rate: 0.00% | Actor Loss: -2.7775 | Entropy: 3.8588 | Invalid S/B: 0.50/0.00 | Max Load: 5.0 | Load Gap: 2.4 | Group CV: 0.0886
Epoch [432/2000] | Sampled: 418.00 | Baseline: 338.00 | Improvement: -80.00 | Win Rate: 0.00% | Actor Loss: -0.7516 | Entropy: 3.6931 | Invalid S/B: 0.62/0.00 | Max Load: 5.1 | Load Gap: 2.1 | Group CV: 0.0507
Epoch [433/2000] | Sampled: 411.75 | Baseline: 347.00 | Improvement: -64.75 | Win Rate: 0.00% | Actor Loss: -4.3028 | Entropy: 3.7407 | Invalid S/B: 0.75/0.00 | Max Load: 5.1 | Load Gap: 2.2 | Group CV: 0.0743
Epoch [434/2000] | Sampled: 435.62 | Baseline: 344.00 | Improvement: -91.62 | Win Rate: 0.00% | Actor Loss: 4.7640 | Entropy: 3.6059 | Invalid S/B: 1.12/0.00 | Max Load: 5.0 | Load Gap: 2.2 | Group CV: 0.0972
Epoch [435/2000] | Sampled: 436.00 | Baseline: 335.00 | Improvement: -101.00 | Win Rate: 0.00% | Actor Loss: 5.8570 | Entropy: 3.5653 | Invalid S/B: 1.12/0.00 | Max Load: 4.9 | Load Gap: 2.0 | Group CV: 0.0611
Epoch [436/2000] | Sampled: 403.62 | Baseline: 326.00 | Improvement: -77.62 | Win Rate: 0.00% | Actor Loss: -2.6246 | Entropy: 3.5781 | Invalid S/B: 0.75/0.00 | Max Load: 5.0 | Load Gap: 2.1 | Group CV: 0.1037
Epoch [437/2000] | Sampled: 374.25 | Baseline: 314.00 | Improvement: -60.25 | Win Rate: 12.50% | Actor Loss: 5.7954 | Entropy: 3.6401 | Invalid S/B: 0.38/0.00 | Max Load: 4.9 | Load Gap: 1.9 | Group CV: 0.0757
Epoch [438/2000] | Sampled: 401.38 | Baseline: 360.50 | Improvement: -40.88 | Win Rate: 12.50% | Actor Loss: 3.4944 | Entropy: 3.5798 | Invalid S/B: 0.25/0.00 | Max Load: 4.9 | Load Gap: 2.0 | Group CV: 0.0618
Epoch [439/2000] | Sampled: 399.00 | Baseline: 316.00 | Improvement: -83.00 | Win Rate: 0.00% | Actor Loss: 7.0622 | Entropy: 3.7455 | Invalid S/B: 0.50/0.00 | Max Load: 5.1 | Load Gap: 2.4 | Group CV: 0.0689
Epoch [440/2000] | Sampled: 414.12 | Baseline: 346.50 | Improvement: -67.62 | Win Rate: 0.00% | Actor Loss: 5.3123 | Entropy: 3.7728 | Invalid S/B: 0.62/0.00 | Max Load: 5.1 | Load Gap: 2.5 | Group CV: 0.0811
   -> Validation | Samples: 50 | Makespan: 370.86 | Invalid Jobs: 0.06 | Score: 376.86
Epoch [441/2000] | Sampled: 421.38 | Baseline: 328.50 | Improvement: -92.88 | Win Rate: 0.00% | Actor Loss: 1.0234 | Entropy: 3.9014 | Invalid S/B: 0.38/0.00 | Max Load: 5.0 | Load Gap: 2.4 | Group CV: 0.0368
Epoch [442/2000] | Sampled: 483.75 | Baseline: 345.50 | Improvement: -138.25 | Win Rate: 0.00% | Actor Loss: 5.3878 | Entropy: 4.0290 | Invalid S/B: 1.25/0.00 | Max Load: 5.0 | Load Gap: 2.1 | Group CV: 0.0829
Epoch [443/2000] | Sampled: 461.50 | Baseline: 346.00 | Improvement: -115.50 | Win Rate: 0.00% | Actor Loss: -2.9778 | Entropy: 4.0588 | Invalid S/B: 1.25/0.00 | Max Load: 5.2 | Load Gap: 2.8 | Group CV: 0.0972
Epoch [444/2000] | Sampled: 469.00 | Baseline: 349.00 | Improvement: -120.00 | Win Rate: 0.00% | Actor Loss: 4.5493 | Entropy: 4.2116 | Invalid S/B: 0.62/0.00 | Max Load: 5.2 | Load Gap: 2.8 | Group CV: 0.0889
Epoch [445/2000] | Sampled: 475.75 | Baseline: 358.50 | Improvement: -117.25 | Win Rate: 0.00% | Actor Loss: -1.8146 | Entropy: 4.2188 | Invalid S/B: 0.38/0.00 | Max Load: 5.5 | Load Gap: 3.2 | Group CV: 0.0427
Epoch [446/2000] | Sampled: 484.25 | Baseline: 356.50 | Improvement: -127.75 | Win Rate: 0.00% | Actor Loss: 4.0712 | Entropy: 4.2365 | Invalid S/B: 0.62/0.00 | Max Load: 5.4 | Load Gap: 3.2 | Group CV: 0.0831
Epoch [447/2000] | Sampled: 454.88 | Baseline: 305.50 | Improvement: -149.38 | Win Rate: 0.00% | Actor Loss: -2.1931 | Entropy: 4.3387 | Invalid S/B: 0.12/0.00 | Max Load: 5.5 | Load Gap: 3.2 | Group CV: 0.0291
Epoch [448/2000] | Sampled: 497.75 | Baseline: 352.50 | Improvement: -145.25 | Win Rate: 0.00% | Actor Loss: -2.0557 | Entropy: 4.2086 | Invalid S/B: 0.25/0.00 | Max Load: 5.2 | Load Gap: 2.6 | Group CV: 0.0295
Epoch [449/2000] | Sampled: 464.12 | Baseline: 313.00 | Improvement: -151.12 | Win Rate: 0.00% | Actor Loss: -3.1440 | Entropy: 4.1707 | Invalid S/B: 0.12/0.00 | Max Load: 5.2 | Load Gap: 3.2 | Group CV: 0.0566
Epoch [450/2000] | Sampled: 494.25 | Baseline: 358.50 | Improvement: -135.75 | Win Rate: 0.00% | Actor Loss: 0.2403 | Entropy: 4.1949 | Invalid S/B: 0.25/0.00 | Max Load: 5.5 | Load Gap: 3.0 | Group CV: 0.0784
   -> Validation | Samples: 50 | Makespan: 369.16 | Invalid Jobs: 0.02 | Score: 371.16
Epoch [451/2000] | Sampled: 455.00 | Baseline: 356.50 | Improvement: -98.50 | Win Rate: 0.00% | Actor Loss: -0.0903 | Entropy: 4.2120 | Invalid S/B: 0.12/0.00 | Max Load: 5.2 | Load Gap: 2.9 | Group CV: 0.0422
Epoch [452/2000] | Sampled: 452.62 | Baseline: 323.00 | Improvement: -129.62 | Win Rate: 0.00% | Actor Loss: -5.3210 | Entropy: 4.1848 | Invalid S/B: 0.12/0.00 | Max Load: 5.5 | Load Gap: 3.1 | Group CV: 0.0599
Epoch [453/2000] | Sampled: 441.25 | Baseline: 306.00 | Improvement: -135.25 | Win Rate: 0.00% | Actor Loss: -0.6640 | Entropy: 4.1887 | Invalid S/B: 0.00/0.00 | Max Load: 5.4 | Load Gap: 3.0 | Group CV: 0.0489
Epoch [454/2000] | Sampled: 437.62 | Baseline: 320.00 | Improvement: -117.62 | Win Rate: 0.00% | Actor Loss: 4.5200 | Entropy: 4.0148 | Invalid S/B: 0.25/0.00 | Max Load: 5.5 | Load Gap: 3.0 | Group CV: 0.0342
Epoch [455/2000] | Sampled: 462.75 | Baseline: 345.50 | Improvement: -117.25 | Win Rate: 0.00% | Actor Loss: 0.9388 | Entropy: 3.8930 | Invalid S/B: 0.25/0.00 | Max Load: 5.4 | Load Gap: 3.1 | Group CV: 0.0347
Epoch [456/2000] | Sampled: 441.88 | Baseline: 364.00 | Improvement: -77.88 | Win Rate: 0.00% | Actor Loss: 2.3352 | Entropy: 3.7755 | Invalid S/B: 0.12/0.00 | Max Load: 5.2 | Load Gap: 2.6 | Group CV: 0.0240
Epoch [457/2000] | Sampled: 480.62 | Baseline: 383.50 | Improvement: -97.12 | Win Rate: 0.00% | Actor Loss: -4.6119 | Entropy: 3.8060 | Invalid S/B: 0.00/0.00 | Max Load: 5.4 | Load Gap: 3.0 | Group CV: 0.0324
Epoch [458/2000] | Sampled: 417.75 | Baseline: 312.00 | Improvement: -105.75 | Win Rate: 0.00% | Actor Loss: 1.4694 | Entropy: 3.7316 | Invalid S/B: 0.12/0.00 | Max Load: 5.5 | Load Gap: 3.2 | Group CV: 0.0416
Epoch [459/2000] | Sampled: 424.38 | Baseline: 310.00 | Improvement: -114.38 | Win Rate: 0.00% | Actor Loss: 1.0850 | Entropy: 3.6847 | Invalid S/B: 0.25/0.00 | Max Load: 5.1 | Load Gap: 2.9 | Group CV: 0.0524
Epoch [460/2000] | Sampled: 430.50 | Baseline: 312.50 | Improvement: -118.00 | Win Rate: 0.00% | Actor Loss: 3.0020 | Entropy: 3.6851 | Invalid S/B: 0.00/0.00 | Max Load: 5.1 | Load Gap: 2.6 | Group CV: 0.0307
   -> Validation | Samples: 50 | Makespan: 372.28 | Invalid Jobs: 0.00 | Score: 372.28
Epoch [461/2000] | Sampled: 420.88 | Baseline: 309.50 | Improvement: -111.38 | Win Rate: 0.00% | Actor Loss: 0.1824 | Entropy: 3.5505 | Invalid S/B: 0.00/0.00 | Max Load: 5.1 | Load Gap: 2.5 | Group CV: 0.0346
Epoch [462/2000] | Sampled: 424.75 | Baseline: 314.50 | Improvement: -110.25 | Win Rate: 0.00% | Actor Loss: 2.0916 | Entropy: 3.5302 | Invalid S/B: 0.00/0.00 | Max Load: 5.1 | Load Gap: 2.5 | Group CV: 0.0566
Epoch [463/2000] | Sampled: 419.88 | Baseline: 376.00 | Improvement: -43.88 | Win Rate: 12.50% | Actor Loss: 5.6761 | Entropy: 3.4945 | Invalid S/B: 0.25/0.00 | Max Load: 5.0 | Load Gap: 2.2 | Group CV: 0.0592
Epoch [464/2000] | Sampled: 410.25 | Baseline: 322.50 | Improvement: -87.75 | Win Rate: 0.00% | Actor Loss: -8.8256 | Entropy: 3.4271 | Invalid S/B: 0.00/0.00 | Max Load: 5.1 | Load Gap: 2.5 | Group CV: 0.0404
Epoch [465/2000] | Sampled: 395.75 | Baseline: 314.00 | Improvement: -81.75 | Win Rate: 0.00% | Actor Loss: -3.1920 | Entropy: 3.3518 | Invalid S/B: 0.00/0.00 | Max Load: 5.1 | Load Gap: 2.5 | Group CV: 0.0368
Epoch [466/2000] | Sampled: 403.50 | Baseline: 283.00 | Improvement: -120.50 | Win Rate: 0.00% | Actor Loss: -1.7126 | Entropy: 3.3333 | Invalid S/B: 0.12/0.00 | Max Load: 5.0 | Load Gap: 2.2 | Group CV: 0.0255
Epoch [467/2000] | Sampled: 416.12 | Baseline: 355.50 | Improvement: -60.62 | Win Rate: 0.00% | Actor Loss: -1.9607 | Entropy: 3.2154 | Invalid S/B: 0.12/0.00 | Max Load: 5.2 | Load Gap: 2.4 | Group CV: 0.0377
Epoch [468/2000] | Sampled: 397.62 | Baseline: 324.50 | Improvement: -73.12 | Win Rate: 0.00% | Actor Loss: 0.7304 | Entropy: 3.0732 | Invalid S/B: 0.12/0.00 | Max Load: 4.9 | Load Gap: 2.1 | Group CV: 0.0433
Epoch [469/2000] | Sampled: 409.12 | Baseline: 360.00 | Improvement: -49.12 | Win Rate: 0.00% | Actor Loss: -13.7237 | Entropy: 3.0563 | Invalid S/B: 0.00/0.00 | Max Load: 4.8 | Load Gap: 1.9 | Group CV: 0.0352
Epoch [470/2000] | Sampled: 393.12 | Baseline: 336.00 | Improvement: -57.12 | Win Rate: 0.00% | Actor Loss: 2.0966 | Entropy: 2.8811 | Invalid S/B: 0.00/0.00 | Max Load: 4.9 | Load Gap: 2.0 | Group CV: 0.0200
   -> Validation | Samples: 50 | Makespan: 372.96 | Invalid Jobs: 0.02 | Score: 374.96
Epoch [471/2000] | Sampled: 391.75 | Baseline: 333.00 | Improvement: -58.75 | Win Rate: 0.00% | Actor Loss: -4.1100 | Entropy: 2.7402 | Invalid S/B: 0.00/0.00 | Max Load: 5.0 | Load Gap: 2.1 | Group CV: 0.0311
Epoch [472/2000] | Sampled: 383.75 | Baseline: 313.50 | Improvement: -70.25 | Win Rate: 0.00% | Actor Loss: 1.0468 | Entropy: 2.8665 | Invalid S/B: 0.00/0.00 | Max Load: 5.1 | Load Gap: 2.2 | Group CV: 0.0188
Epoch [473/2000] | Sampled: 384.00 | Baseline: 316.50 | Improvement: -67.50 | Win Rate: 0.00% | Actor Loss: 5.8882 | Entropy: 2.8068 | Invalid S/B: 0.12/0.00 | Max Load: 4.8 | Load Gap: 1.9 | Group CV: 0.0387
Epoch [474/2000] | Sampled: 375.00 | Baseline: 329.50 | Improvement: -45.50 | Win Rate: 0.00% | Actor Loss: 10.2314 | Entropy: 2.9242 | Invalid S/B: 0.00/0.00 | Max Load: 5.1 | Load Gap: 2.1 | Group CV: 0.0355
Epoch [475/2000] | Sampled: 390.25 | Baseline: 338.50 | Improvement: -51.75 | Win Rate: 0.00% | Actor Loss: -5.0320 | Entropy: 3.0920 | Invalid S/B: 0.12/0.00 | Max Load: 4.9 | Load Gap: 2.0 | Group CV: 0.0259
Epoch [476/2000] | Sampled: 382.25 | Baseline: 322.00 | Improvement: -60.25 | Win Rate: 0.00% | Actor Loss: 5.6903 | Entropy: 3.0284 | Invalid S/B: 0.00/0.00 | Max Load: 4.9 | Load Gap: 1.9 | Group CV: 0.0327
Epoch [477/2000] | Sampled: 389.75 | Baseline: 306.50 | Improvement: -83.25 | Win Rate: 0.00% | Actor Loss: -6.4207 | Entropy: 3.1592 | Invalid S/B: 0.25/0.00 | Max Load: 4.5 | Load Gap: 1.5 | Group CV: 0.0601
Epoch [478/2000] | Sampled: 368.50 | Baseline: 332.50 | Improvement: -36.00 | Win Rate: 0.00% | Actor Loss: -2.2203 | Entropy: 3.1134 | Invalid S/B: 0.00/0.00 | Max Load: 4.9 | Load Gap: 2.0 | Group CV: 0.0221
Epoch [479/2000] | Sampled: 381.88 | Baseline: 336.00 | Improvement: -45.88 | Win Rate: 12.50% | Actor Loss: 0.6391 | Entropy: 3.2364 | Invalid S/B: 0.38/0.00 | Max Load: 5.0 | Load Gap: 2.1 | Group CV: 0.0374
Epoch [480/2000] | Sampled: 398.00 | Baseline: 308.50 | Improvement: -89.50 | Win Rate: 0.00% | Actor Loss: -1.9172 | Entropy: 3.2620 | Invalid S/B: 0.25/0.00 | Max Load: 4.8 | Load Gap: 2.1 | Group CV: 0.0769
   -> Validation | Samples: 50 | Makespan: 371.64 | Invalid Jobs: 0.02 | Score: 373.64
Epoch [481/2000] | Sampled: 365.88 | Baseline: 302.50 | Improvement: -63.38 | Win Rate: 0.00% | Actor Loss: -8.6201 | Entropy: 3.2290 | Invalid S/B: 0.12/0.00 | Max Load: 4.9 | Load Gap: 1.9 | Group CV: 0.0549
Epoch [482/2000] | Sampled: 377.00 | Baseline: 343.50 | Improvement: -33.50 | Win Rate: 0.00% | Actor Loss: 2.3147 | Entropy: 3.1360 | Invalid S/B: 0.12/0.00 | Max Load: 4.9 | Load Gap: 2.1 | Group CV: 0.0275
Epoch [483/2000] | Sampled: 373.88 | Baseline: 327.00 | Improvement: -46.88 | Win Rate: 0.00% | Actor Loss: -1.0271 | Entropy: 3.1919 | Invalid S/B: 0.00/0.00 | Max Load: 4.9 | Load Gap: 2.1 | Group CV: 0.0337
Epoch [484/2000] | Sampled: 376.12 | Baseline: 344.50 | Improvement: -31.62 | Win Rate: 50.00% | Actor Loss: -4.8958 | Entropy: 2.9798 | Invalid S/B: 0.12/0.00 | Max Load: 5.0 | Load Gap: 2.4 | Group CV: 0.0425
Epoch [485/2000] | Sampled: 377.12 | Baseline: 324.00 | Improvement: -53.12 | Win Rate: 0.00% | Actor Loss: -2.0954 | Entropy: 3.0225 | Invalid S/B: 0.38/0.00 | Max Load: 4.6 | Load Gap: 1.6 | Group CV: 0.0499
Epoch [486/2000] | Sampled: 405.38 | Baseline: 337.00 | Improvement: -68.38 | Win Rate: 0.00% | Actor Loss: -9.9231 | Entropy: 3.0106 | Invalid S/B: 0.50/0.00 | Max Load: 4.8 | Load Gap: 1.8 | Group CV: 0.0972
Epoch [487/2000] | Sampled: 375.75 | Baseline: 336.50 | Improvement: -39.25 | Win Rate: 0.00% | Actor Loss: 4.1189 | Entropy: 2.9780 | Invalid S/B: 0.00/0.00 | Max Load: 4.8 | Load Gap: 1.9 | Group CV: 0.0291
Epoch [488/2000] | Sampled: 380.88 | Baseline: 333.00 | Improvement: -47.88 | Win Rate: 0.00% | Actor Loss: 3.1390 | Entropy: 3.0074 | Invalid S/B: 0.12/0.00 | Max Load: 4.8 | Load Gap: 2.1 | Group CV: 0.0516
Epoch [489/2000] | Sampled: 382.00 | Baseline: 346.00 | Improvement: -36.00 | Win Rate: 25.00% | Actor Loss: -7.4593 | Entropy: 3.0129 | Invalid S/B: 0.38/0.00 | Max Load: 4.9 | Load Gap: 1.9 | Group CV: 0.0568
Epoch [490/2000] | Sampled: 362.38 | Baseline: 321.50 | Improvement: -40.88 | Win Rate: 0.00% | Actor Loss: -3.0681 | Entropy: 3.0481 | Invalid S/B: 0.00/0.00 | Max Load: 4.8 | Load Gap: 1.8 | Group CV: 0.0225
   -> Validation | Samples: 50 | Makespan: 364.06 | Invalid Jobs: 0.00 | Score: 364.06
Epoch [491/2000] | Sampled: 366.62 | Baseline: 377.00 | Improvement: 10.38 | Win Rate: 50.00% | Actor Loss: -2.8247 | Entropy: 3.0090 | Invalid S/B: 0.00/0.50 | Max Load: 4.8 | Load Gap: 1.8 | Group CV: 0.0207
Epoch [492/2000] | Sampled: 363.50 | Baseline: 327.00 | Improvement: -36.50 | Win Rate: 0.00% | Actor Loss: 1.5464 | Entropy: 3.1248 | Invalid S/B: 0.00/0.00 | Max Load: 4.5 | Load Gap: 1.5 | Group CV: 0.0124
Epoch [493/2000] | Sampled: 389.12 | Baseline: 329.50 | Improvement: -59.62 | Win Rate: 12.50% | Actor Loss: 2.8845 | Entropy: 3.1023 | Invalid S/B: 0.12/0.00 | Max Load: 4.8 | Load Gap: 1.8 | Group CV: 0.0751
Epoch [494/2000] | Sampled: 389.88 | Baseline: 316.00 | Improvement: -73.88 | Win Rate: 0.00% | Actor Loss: -1.3915 | Entropy: 3.2121 | Invalid S/B: 0.12/0.00 | Max Load: 4.8 | Load Gap: 1.9 | Group CV: 0.0386
Epoch [495/2000] | Sampled: 394.00 | Baseline: 358.50 | Improvement: -35.50 | Win Rate: 0.00% | Actor Loss: -1.6464 | Entropy: 3.3077 | Invalid S/B: 0.25/0.00 | Max Load: 4.8 | Load Gap: 2.0 | Group CV: 0.0513
Epoch [496/2000] | Sampled: 388.88 | Baseline: 343.50 | Improvement: -45.38 | Win Rate: 0.00% | Actor Loss: 3.2110 | Entropy: 3.2049 | Invalid S/B: 0.38/0.00 | Max Load: 5.0 | Load Gap: 2.1 | Group CV: 0.0756
Epoch [497/2000] | Sampled: 387.00 | Baseline: 342.00 | Improvement: -45.00 | Win Rate: 0.00% | Actor Loss: 0.5598 | Entropy: 3.2408 | Invalid S/B: 0.12/0.00 | Max Load: 4.9 | Load Gap: 1.9 | Group CV: 0.0312
Epoch [498/2000] | Sampled: 390.88 | Baseline: 307.50 | Improvement: -83.38 | Win Rate: 0.00% | Actor Loss: -0.4809 | Entropy: 3.1373 | Invalid S/B: 0.12/0.00 | Max Load: 5.0 | Load Gap: 2.0 | Group CV: 0.0470
Epoch [499/2000] | Sampled: 399.00 | Baseline: 348.00 | Improvement: -51.00 | Win Rate: 0.00% | Actor Loss: 1.8959 | Entropy: 3.1483 | Invalid S/B: 0.38/0.00 | Max Load: 4.9 | Load Gap: 1.9 | Group CV: 0.0533
Epoch [500/2000] | Sampled: 380.00 | Baseline: 305.50 | Improvement: -74.50 | Win Rate: 0.00% | Actor Loss: 2.9372 | Entropy: 3.1469 | Invalid S/B: 0.00/0.00 | Max Load: 5.1 | Load Gap: 2.1 | Group CV: 0.0231
   -> Validation | Samples: 50 | Makespan: 366.22 | Invalid Jobs: 0.02 | Score: 368.22
   -> Saved updated training chart to /home/wei/Desktop/AMR-DFJSP/Static_alogorithm/Attention/attention_training_metrics.png
Epoch [501/2000] | Sampled: 405.25 | Baseline: 362.50 | Improvement: -42.75 | Win Rate: 0.00% | Actor Loss: 4.5302 | Entropy: 3.0973 | Invalid S/B: 0.12/0.00 | Max Load: 5.0 | Load Gap: 2.2 | Group CV: 0.0378
Epoch [502/2000] | Sampled: 391.62 | Baseline: 323.00 | Improvement: -68.62 | Win Rate: 0.00% | Actor Loss: 1.9599 | Entropy: 3.1926 | Invalid S/B: 0.25/0.00 | Max Load: 5.1 | Load Gap: 2.5 | Group CV: 0.0424
Epoch [503/2000] | Sampled: 392.12 | Baseline: 326.50 | Improvement: -65.62 | Win Rate: 0.00% | Actor Loss: 4.4198 | Entropy: 3.2492 | Invalid S/B: 0.00/0.00 | Max Load: 5.0 | Load Gap: 2.4 | Group CV: 0.0317
Epoch [504/2000] | Sampled: 393.75 | Baseline: 316.00 | Improvement: -77.75 | Win Rate: 0.00% | Actor Loss: 5.5244 | Entropy: 3.3287 | Invalid S/B: 0.25/0.00 | Max Load: 4.8 | Load Gap: 2.0 | Group CV: 0.0390
Epoch [505/2000] | Sampled: 407.75 | Baseline: 307.50 | Improvement: -100.25 | Win Rate: 0.00% | Actor Loss: 1.7084 | Entropy: 3.3979 | Invalid S/B: 0.25/0.00 | Max Load: 5.1 | Load Gap: 2.5 | Group CV: 0.0612
Epoch [506/2000] | Sampled: 405.38 | Baseline: 360.00 | Improvement: -45.38 | Win Rate: 12.50% | Actor Loss: 3.9172 | Entropy: 3.5091 | Invalid S/B: 0.25/0.00 | Max Load: 5.1 | Load Gap: 2.6 | Group CV: 0.0532
Epoch [507/2000] | Sampled: 424.62 | Baseline: 376.00 | Improvement: -48.62 | Win Rate: 12.50% | Actor Loss: -0.3456 | Entropy: 3.5332 | Invalid S/B: 0.62/0.00 | Max Load: 5.1 | Load Gap: 2.6 | Group CV: 0.0862
Epoch [508/2000] | Sampled: 418.00 | Baseline: 343.50 | Improvement: -74.50 | Win Rate: 0.00% | Actor Loss: 0.1854 | Entropy: 3.6670 | Invalid S/B: 0.50/0.00 | Max Load: 5.1 | Load Gap: 2.5 | Group CV: 0.0642
Epoch [509/2000] | Sampled: 417.12 | Baseline: 322.50 | Improvement: -94.62 | Win Rate: 0.00% | Actor Loss: -0.2239 | Entropy: 3.6752 | Invalid S/B: 0.38/0.00 | Max Load: 5.0 | Load Gap: 2.4 | Group CV: 0.0588
Epoch [510/2000] | Sampled: 389.25 | Baseline: 332.50 | Improvement: -56.75 | Win Rate: 0.00% | Actor Loss: 0.0100 | Entropy: 3.7798 | Invalid S/B: 0.25/0.00 | Max Load: 5.0 | Load Gap: 2.9 | Group CV: 0.0714
   -> Validation | Samples: 50 | Makespan: 360.94 | Invalid Jobs: 0.00 | Score: 360.94
   -> Saved new best model (Val Score: 360.94)
Epoch [511/2000] | Sampled: 387.75 | Baseline: 315.00 | Improvement: -72.75 | Win Rate: 0.00% | Actor Loss: -0.7612 | Entropy: 3.8360 | Invalid S/B: 0.38/0.00 | Max Load: 5.0 | Load Gap: 2.4 | Group CV: 0.0919
Epoch [512/2000] | Sampled: 405.38 | Baseline: 328.50 | Improvement: -76.88 | Win Rate: 0.00% | Actor Loss: -0.5276 | Entropy: 3.7728 | Invalid S/B: 0.38/0.00 | Max Load: 5.0 | Load Gap: 2.1 | Group CV: 0.0753
Epoch [513/2000] | Sampled: 421.00 | Baseline: 366.50 | Improvement: -54.50 | Win Rate: 0.00% | Actor Loss: 0.4188 | Entropy: 3.6835 | Invalid S/B: 1.00/0.00 | Max Load: 5.0 | Load Gap: 2.8 | Group CV: 0.0604
Epoch [514/2000] | Sampled: 397.12 | Baseline: 347.50 | Improvement: -49.62 | Win Rate: 12.50% | Actor Loss: 7.1767 | Entropy: 3.5612 | Invalid S/B: 0.25/0.00 | Max Load: 4.8 | Load Gap: 2.0 | Group CV: 0.0374
Epoch [515/2000] | Sampled: 377.12 | Baseline: 324.50 | Improvement: -52.62 | Win Rate: 0.00% | Actor Loss: 4.4123 | Entropy: 3.6700 | Invalid S/B: 0.50/0.00 | Max Load: 5.2 | Load Gap: 2.8 | Group CV: 0.0503
Epoch [516/2000] | Sampled: 388.88 | Baseline: 345.00 | Improvement: -43.88 | Win Rate: 12.50% | Actor Loss: -5.1656 | Entropy: 3.7283 | Invalid S/B: 0.00/0.00 | Max Load: 5.1 | Load Gap: 2.5 | Group CV: 0.0401
Epoch [517/2000] | Sampled: 396.00 | Baseline: 320.00 | Improvement: -76.00 | Win Rate: 0.00% | Actor Loss: 1.2175 | Entropy: 3.6867 | Invalid S/B: 0.50/0.00 | Max Load: 4.9 | Load Gap: 2.4 | Group CV: 0.0767
Epoch [518/2000] | Sampled: 401.50 | Baseline: 307.50 | Improvement: -94.00 | Win Rate: 0.00% | Actor Loss: -7.9854 | Entropy: 3.6909 | Invalid S/B: 0.25/0.00 | Max Load: 5.2 | Load Gap: 2.8 | Group CV: 0.0568
Epoch [519/2000] | Sampled: 417.25 | Baseline: 326.50 | Improvement: -90.75 | Win Rate: 0.00% | Actor Loss: 0.9590 | Entropy: 3.5967 | Invalid S/B: 0.62/0.00 | Max Load: 5.4 | Load Gap: 3.0 | Group CV: 0.0548
Epoch [520/2000] | Sampled: 388.12 | Baseline: 316.50 | Improvement: -71.62 | Win Rate: 0.00% | Actor Loss: -1.4893 | Entropy: 3.7427 | Invalid S/B: 0.25/0.00 | Max Load: 5.0 | Load Gap: 2.4 | Group CV: 0.0728
   -> Validation | Samples: 50 | Makespan: 359.72 | Invalid Jobs: 0.00 | Score: 359.72
   -> Saved new best model (Val Score: 359.72)
Epoch [521/2000] | Sampled: 426.75 | Baseline: 386.50 | Improvement: -40.25 | Win Rate: 0.00% | Actor Loss: -2.5446 | Entropy: 3.6590 | Invalid S/B: 0.88/0.00 | Max Load: 5.0 | Load Gap: 2.2 | Group CV: 0.0326
Epoch [522/2000] | Sampled: 392.12 | Baseline: 341.00 | Improvement: -51.12 | Win Rate: 25.00% | Actor Loss: 0.0077 | Entropy: 3.6169 | Invalid S/B: 0.00/0.00 | Max Load: 5.0 | Load Gap: 2.1 | Group CV: 0.0172
Epoch [523/2000] | Sampled: 392.88 | Baseline: 317.50 | Improvement: -75.38 | Win Rate: 0.00% | Actor Loss: 0.1008 | Entropy: 3.6455 | Invalid S/B: 0.12/0.00 | Max Load: 5.2 | Load Gap: 2.5 | Group CV: 0.0454
Epoch [524/2000] | Sampled: 384.62 | Baseline: 325.50 | Improvement: -59.12 | Win Rate: 0.00% | Actor Loss: 4.2968 | Entropy: 3.6089 | Invalid S/B: 0.38/0.00 | Max Load: 5.0 | Load Gap: 2.4 | Group CV: 0.0630
Epoch [525/2000] | Sampled: 387.12 | Baseline: 342.50 | Improvement: -44.62 | Win Rate: 37.50% | Actor Loss: 3.4597 | Entropy: 3.6806 | Invalid S/B: 0.12/0.00 | Max Load: 5.0 | Load Gap: 2.2 | Group CV: 0.0559
Epoch [526/2000] | Sampled: 390.25 | Baseline: 330.50 | Improvement: -59.75 | Win Rate: 0.00% | Actor Loss: 1.2272 | Entropy: 3.7743 | Invalid S/B: 0.00/0.00 | Max Load: 5.0 | Load Gap: 2.2 | Group CV: 0.0374
Epoch [527/2000] | Sampled: 420.25 | Baseline: 377.50 | Improvement: -42.75 | Win Rate: 25.00% | Actor Loss: 1.2560 | Entropy: 3.7618 | Invalid S/B: 0.50/0.00 | Max Load: 4.9 | Load Gap: 2.1 | Group CV: 0.0704
Epoch [528/2000] | Sampled: 392.62 | Baseline: 336.50 | Improvement: -56.12 | Win Rate: 12.50% | Actor Loss: -0.8682 | Entropy: 3.8520 | Invalid S/B: 0.25/0.00 | Max Load: 4.9 | Load Gap: 2.4 | Group CV: 0.0496
Epoch [529/2000] | Sampled: 400.50 | Baseline: 322.50 | Improvement: -78.00 | Win Rate: 0.00% | Actor Loss: 1.3553 | Entropy: 4.0161 | Invalid S/B: 0.38/0.00 | Max Load: 5.2 | Load Gap: 2.8 | Group CV: 0.0830
Epoch [530/2000] | Sampled: 426.50 | Baseline: 316.50 | Improvement: -110.00 | Win Rate: 0.00% | Actor Loss: 0.6153 | Entropy: 4.0932 | Invalid S/B: 1.00/0.00 | Max Load: 5.2 | Load Gap: 2.6 | Group CV: 0.0586
   -> Validation | Samples: 50 | Makespan: 357.52 | Invalid Jobs: 0.00 | Score: 357.52
   -> Saved new best model (Val Score: 357.52)
Epoch [531/2000] | Sampled: 426.38 | Baseline: 355.00 | Improvement: -71.38 | Win Rate: 0.00% | Actor Loss: 2.9506 | Entropy: 4.0352 | Invalid S/B: 0.75/0.00 | Max Load: 5.0 | Load Gap: 2.2 | Group CV: 0.0829
Epoch [532/2000] | Sampled: 422.12 | Baseline: 340.50 | Improvement: -81.62 | Win Rate: 0.00% | Actor Loss: -2.2849 | Entropy: 4.0431 | Invalid S/B: 0.75/0.00 | Max Load: 5.0 | Load Gap: 2.5 | Group CV: 0.0537
Epoch [533/2000] | Sampled: 445.25 | Baseline: 376.00 | Improvement: -69.25 | Win Rate: 0.00% | Actor Loss: 3.2947 | Entropy: 3.9675 | Invalid S/B: 0.75/0.00 | Max Load: 5.1 | Load Gap: 2.2 | Group CV: 0.0781
Epoch [534/2000] | Sampled: 459.00 | Baseline: 351.00 | Improvement: -108.00 | Win Rate: 0.00% | Actor Loss: -2.2797 | Entropy: 4.0096 | Invalid S/B: 1.12/0.00 | Max Load: 5.0 | Load Gap: 2.8 | Group CV: 0.0858
Epoch [535/2000] | Sampled: 450.62 | Baseline: 322.50 | Improvement: -128.12 | Win Rate: 0.00% | Actor Loss: -1.2878 | Entropy: 3.9816 | Invalid S/B: 1.25/0.00 | Max Load: 5.0 | Load Gap: 2.4 | Group CV: 0.0695
Epoch [536/2000] | Sampled: 424.38 | Baseline: 319.50 | Improvement: -104.88 | Win Rate: 0.00% | Actor Loss: 1.1337 | Entropy: 4.0911 | Invalid S/B: 1.25/0.00 | Max Load: 5.1 | Load Gap: 2.6 | Group CV: 0.0463
Epoch [537/2000] | Sampled: 413.75 | Baseline: 329.50 | Improvement: -84.25 | Win Rate: 0.00% | Actor Loss: 2.9380 | Entropy: 4.0442 | Invalid S/B: 0.62/0.00 | Max Load: 5.0 | Load Gap: 2.2 | Group CV: 0.0625
Epoch [538/2000] | Sampled: 468.75 | Baseline: 343.00 | Improvement: -125.75 | Win Rate: 0.00% | Actor Loss: 2.8205 | Entropy: 4.0142 | Invalid S/B: 2.38/0.00 | Max Load: 4.9 | Load Gap: 1.9 | Group CV: 0.0783
Epoch [539/2000] | Sampled: 428.75 | Baseline: 331.50 | Improvement: -97.25 | Win Rate: 0.00% | Actor Loss: -1.8246 | Entropy: 4.0182 | Invalid S/B: 1.00/0.00 | Max Load: 4.9 | Load Gap: 2.1 | Group CV: 0.0678
Epoch [540/2000] | Sampled: 431.50 | Baseline: 330.50 | Improvement: -101.00 | Win Rate: 0.00% | Actor Loss: 3.4078 | Entropy: 4.0196 | Invalid S/B: 1.12/0.00 | Max Load: 5.0 | Load Gap: 2.4 | Group CV: 0.0966
   -> Validation | Samples: 50 | Makespan: 369.22 | Invalid Jobs: 0.00 | Score: 369.22
Epoch [541/2000] | Sampled: 439.75 | Baseline: 319.00 | Improvement: -120.75 | Win Rate: 0.00% | Actor Loss: 0.5587 | Entropy: 4.0590 | Invalid S/B: 1.38/0.00 | Max Load: 5.1 | Load Gap: 2.4 | Group CV: 0.0572
Epoch [542/2000] | Sampled: 423.38 | Baseline: 310.00 | Improvement: -113.38 | Win Rate: 0.00% | Actor Loss: 1.5236 | Entropy: 4.1384 | Invalid S/B: 1.12/0.00 | Max Load: 4.9 | Load Gap: 2.2 | Group CV: 0.0494
Epoch [543/2000] | Sampled: 428.12 | Baseline: 347.50 | Improvement: -80.62 | Win Rate: 0.00% | Actor Loss: 3.3422 | Entropy: 4.0538 | Invalid S/B: 0.75/0.00 | Max Load: 5.0 | Load Gap: 2.4 | Group CV: 0.0572
Epoch [544/2000] | Sampled: 456.38 | Baseline: 336.50 | Improvement: -119.88 | Win Rate: 0.00% | Actor Loss: 2.4257 | Entropy: 4.1201 | Invalid S/B: 1.12/0.00 | Max Load: 5.0 | Load Gap: 2.4 | Group CV: 0.0990
Epoch [545/2000] | Sampled: 441.50 | Baseline: 311.50 | Improvement: -130.00 | Win Rate: 0.00% | Actor Loss: -1.6054 | Entropy: 4.2818 | Invalid S/B: 1.25/0.00 | Max Load: 5.0 | Load Gap: 2.5 | Group CV: 0.0860
Epoch [546/2000] | Sampled: 447.38 | Baseline: 310.50 | Improvement: -136.88 | Win Rate: 0.00% | Actor Loss: -1.3957 | Entropy: 4.2075 | Invalid S/B: 0.88/0.00 | Max Load: 5.0 | Load Gap: 2.4 | Group CV: 0.0413
Epoch [547/2000] | Sampled: 485.00 | Baseline: 341.50 | Improvement: -143.50 | Win Rate: 0.00% | Actor Loss: 0.6227 | Entropy: 4.2984 | Invalid S/B: 1.88/0.00 | Max Load: 5.0 | Load Gap: 2.5 | Group CV: 0.0235
Epoch [548/2000] | Sampled: 453.88 | Baseline: 312.50 | Improvement: -141.38 | Win Rate: 0.00% | Actor Loss: -0.7901 | Entropy: 4.3552 | Invalid S/B: 0.75/0.00 | Max Load: 4.9 | Load Gap: 2.4 | Group CV: 0.0793
Epoch [549/2000] | Sampled: 501.25 | Baseline: 321.00 | Improvement: -180.25 | Win Rate: 0.00% | Actor Loss: -1.0699 | Entropy: 4.2813 | Invalid S/B: 1.75/0.00 | Max Load: 5.0 | Load Gap: 2.8 | Group CV: 0.0392
Epoch [550/2000] | Sampled: 452.50 | Baseline: 324.50 | Improvement: -128.00 | Win Rate: 0.00% | Actor Loss: -0.0528 | Entropy: 4.3738 | Invalid S/B: 0.38/0.00 | Max Load: 5.1 | Load Gap: 2.4 | Group CV: 0.0717
   -> Validation | Samples: 50 | Makespan: 356.66 | Invalid Jobs: 0.02 | Score: 358.66
Epoch [551/2000] | Sampled: 465.75 | Baseline: 340.00 | Improvement: -125.75 | Win Rate: 0.00% | Actor Loss: 0.7681 | Entropy: 4.3082 | Invalid S/B: 1.00/0.00 | Max Load: 5.1 | Load Gap: 2.9 | Group CV: 0.1142
Epoch [552/2000] | Sampled: 470.50 | Baseline: 334.50 | Improvement: -136.00 | Win Rate: 0.00% | Actor Loss: 2.8958 | Entropy: 4.2909 | Invalid S/B: 0.75/0.00 | Max Load: 5.1 | Load Gap: 2.6 | Group CV: 0.0641
Epoch [553/2000] | Sampled: 469.50 | Baseline: 351.50 | Improvement: -118.00 | Win Rate: 0.00% | Actor Loss: -0.0211 | Entropy: 4.3079 | Invalid S/B: 0.88/0.00 | Max Load: 5.2 | Load Gap: 2.9 | Group CV: 0.0965
Epoch [554/2000] | Sampled: 465.25 | Baseline: 344.00 | Improvement: -121.25 | Win Rate: 0.00% | Actor Loss: -0.4789 | Entropy: 4.2916 | Invalid S/B: 0.88/0.00 | Max Load: 4.9 | Load Gap: 2.4 | Group CV: 0.0578
Epoch [555/2000] | Sampled: 459.62 | Baseline: 308.50 | Improvement: -151.12 | Win Rate: 0.00% | Actor Loss: 2.2462 | Entropy: 4.3258 | Invalid S/B: 1.12/0.00 | Max Load: 5.1 | Load Gap: 2.8 | Group CV: 0.1013
Epoch [556/2000] | Sampled: 437.75 | Baseline: 309.50 | Improvement: -128.25 | Win Rate: 0.00% | Actor Loss: 5.5868 | Entropy: 4.2745 | Invalid S/B: 0.75/0.00 | Max Load: 4.9 | Load Gap: 2.1 | Group CV: 0.1136
Epoch [557/2000] | Sampled: 436.38 | Baseline: 329.50 | Improvement: -106.88 | Win Rate: 0.00% | Actor Loss: 0.0257 | Entropy: 4.2922 | Invalid S/B: 0.75/0.00 | Max Load: 4.9 | Load Gap: 2.6 | Group CV: 0.0821
Epoch [558/2000] | Sampled: 459.12 | Baseline: 312.50 | Improvement: -146.62 | Win Rate: 0.00% | Actor Loss: 1.1295 | Entropy: 4.3058 | Invalid S/B: 1.38/0.00 | Max Load: 4.9 | Load Gap: 2.0 | Group CV: 0.0556
Epoch [559/2000] | Sampled: 446.88 | Baseline: 324.50 | Improvement: -122.38 | Win Rate: 0.00% | Actor Loss: 2.3983 | Entropy: 4.2420 | Invalid S/B: 0.88/0.00 | Max Load: 5.1 | Load Gap: 2.4 | Group CV: 0.0773
Epoch [560/2000] | Sampled: 446.88 | Baseline: 308.00 | Improvement: -138.88 | Win Rate: 0.00% | Actor Loss: -0.8862 | Entropy: 4.2893 | Invalid S/B: 0.75/0.00 | Max Load: 5.1 | Load Gap: 2.6 | Group CV: 0.0441
   -> Validation | Samples: 50 | Makespan: 357.44 | Invalid Jobs: 0.00 | Score: 357.44
   -> Saved new best model (Val Score: 357.44)
Epoch [561/2000] | Sampled: 426.62 | Baseline: 288.00 | Improvement: -138.62 | Win Rate: 0.00% | Actor Loss: 1.6368 | Entropy: 4.3029 | Invalid S/B: 0.62/0.00 | Max Load: 5.2 | Load Gap: 3.1 | Group CV: 0.0708
Epoch [562/2000] | Sampled: 438.25 | Baseline: 315.00 | Improvement: -123.25 | Win Rate: 0.00% | Actor Loss: -1.1030 | Entropy: 4.2904 | Invalid S/B: 1.00/0.00 | Max Load: 5.0 | Load Gap: 2.9 | Group CV: 0.0722
Epoch [563/2000] | Sampled: 452.75 | Baseline: 356.00 | Improvement: -96.75 | Win Rate: 0.00% | Actor Loss: 1.7303 | Entropy: 4.2124 | Invalid S/B: 1.12/0.00 | Max Load: 5.1 | Load Gap: 2.6 | Group CV: 0.0789
Epoch [564/2000] | Sampled: 467.50 | Baseline: 336.00 | Improvement: -131.50 | Win Rate: 0.00% | Actor Loss: -0.0228 | Entropy: 4.1708 | Invalid S/B: 1.00/0.00 | Max Load: 5.2 | Load Gap: 2.5 | Group CV: 0.1120
Epoch [565/2000] | Sampled: 448.25 | Baseline: 370.50 | Improvement: -77.75 | Win Rate: 0.00% | Actor Loss: -1.5536 | Entropy: 4.2269 | Invalid S/B: 1.00/0.00 | Max Load: 5.2 | Load Gap: 2.6 | Group CV: 0.0655
Epoch [566/2000] | Sampled: 418.25 | Baseline: 324.00 | Improvement: -94.25 | Win Rate: 0.00% | Actor Loss: 3.3089 | Entropy: 4.2216 | Invalid S/B: 0.88/0.00 | Max Load: 5.1 | Load Gap: 2.5 | Group CV: 0.0791
Epoch [567/2000] | Sampled: 423.38 | Baseline: 329.50 | Improvement: -93.88 | Win Rate: 0.00% | Actor Loss: 1.8002 | Entropy: 4.1799 | Invalid S/B: 0.38/0.00 | Max Load: 5.0 | Load Gap: 2.4 | Group CV: 0.0856
Epoch [568/2000] | Sampled: 424.50 | Baseline: 324.00 | Improvement: -100.50 | Win Rate: 0.00% | Actor Loss: -2.3198 | Entropy: 4.0693 | Invalid S/B: 0.75/0.00 | Max Load: 5.1 | Load Gap: 2.4 | Group CV: 0.0686
Epoch [569/2000] | Sampled: 413.75 | Baseline: 339.50 | Improvement: -74.25 | Win Rate: 0.00% | Actor Loss: -1.1063 | Entropy: 4.1221 | Invalid S/B: 0.62/0.00 | Max Load: 5.0 | Load Gap: 2.2 | Group CV: 0.0476
Epoch [570/2000] | Sampled: 416.75 | Baseline: 321.00 | Improvement: -95.75 | Win Rate: 0.00% | Actor Loss: 1.7766 | Entropy: 4.0568 | Invalid S/B: 0.38/0.00 | Max Load: 5.0 | Load Gap: 2.1 | Group CV: 0.0572
   -> Validation | Samples: 50 | Makespan: 357.32 | Invalid Jobs: 0.00 | Score: 357.32
   -> Saved new best model (Val Score: 357.32)
Epoch [571/2000] | Sampled: 413.12 | Baseline: 363.00 | Improvement: -50.12 | Win Rate: 0.00% | Actor Loss: 3.9393 | Entropy: 4.0698 | Invalid S/B: 0.75/0.00 | Max Load: 5.2 | Load Gap: 2.5 | Group CV: 0.0828
Epoch [572/2000] | Sampled: 404.88 | Baseline: 341.50 | Improvement: -63.38 | Win Rate: 0.00% | Actor Loss: 1.9729 | Entropy: 4.0256 | Invalid S/B: 0.12/0.00 | Max Load: 5.0 | Load Gap: 2.4 | Group CV: 0.0784
Epoch [573/2000] | Sampled: 417.75 | Baseline: 337.50 | Improvement: -80.25 | Win Rate: 12.50% | Actor Loss: -4.9187 | Entropy: 4.1246 | Invalid S/B: 0.62/0.00 | Max Load: 5.0 | Load Gap: 2.0 | Group CV: 0.1109
Epoch [574/2000] | Sampled: 416.25 | Baseline: 332.00 | Improvement: -84.25 | Win Rate: 0.00% | Actor Loss: -1.3302 | Entropy: 4.0022 | Invalid S/B: 0.50/0.00 | Max Load: 5.0 | Load Gap: 2.1 | Group CV: 0.0515
Epoch [575/2000] | Sampled: 433.50 | Baseline: 328.50 | Improvement: -105.00 | Win Rate: 0.00% | Actor Loss: -2.6390 | Entropy: 3.9809 | Invalid S/B: 0.88/0.00 | Max Load: 5.0 | Load Gap: 2.5 | Group CV: 0.0845
Epoch [576/2000] | Sampled: 418.62 | Baseline: 369.00 | Improvement: -49.62 | Win Rate: 0.00% | Actor Loss: 3.3807 | Entropy: 3.9212 | Invalid S/B: 0.38/0.00 | Max Load: 5.0 | Load Gap: 2.4 | Group CV: 0.0809
Epoch [577/2000] | Sampled: 403.50 | Baseline: 346.00 | Improvement: -57.50 | Win Rate: 12.50% | Actor Loss: -1.4627 | Entropy: 3.8580 | Invalid S/B: 0.12/0.00 | Max Load: 5.0 | Load Gap: 2.2 | Group CV: 0.0609
Epoch [578/2000] | Sampled: 399.25 | Baseline: 326.00 | Improvement: -73.25 | Win Rate: 0.00% | Actor Loss: -0.0427 | Entropy: 3.8777 | Invalid S/B: 0.38/0.00 | Max Load: 5.0 | Load Gap: 2.2 | Group CV: 0.0316
Epoch [579/2000] | Sampled: 409.75 | Baseline: 331.50 | Improvement: -78.25 | Win Rate: 0.00% | Actor Loss: -5.1497 | Entropy: 3.7620 | Invalid S/B: 0.75/0.00 | Max Load: 4.9 | Load Gap: 2.0 | Group CV: 0.1159
Epoch [580/2000] | Sampled: 386.75 | Baseline: 315.00 | Improvement: -71.75 | Win Rate: 0.00% | Actor Loss: 3.0805 | Entropy: 3.7478 | Invalid S/B: 0.12/0.00 | Max Load: 4.5 | Load Gap: 1.5 | Group CV: 0.0239
   -> Validation | Samples: 50 | Makespan: 358.22 | Invalid Jobs: 0.00 | Score: 358.22
Epoch [581/2000] | Sampled: 376.88 | Baseline: 325.00 | Improvement: -51.88 | Win Rate: 0.00% | Actor Loss: 1.9868 | Entropy: 3.6390 | Invalid S/B: 0.25/0.00 | Max Load: 4.8 | Load Gap: 1.9 | Group CV: 0.0482
Epoch [582/2000] | Sampled: 403.88 | Baseline: 366.00 | Improvement: -37.88 | Win Rate: 12.50% | Actor Loss: 2.2117 | Entropy: 3.5986 | Invalid S/B: 0.25/0.00 | Max Load: 4.9 | Load Gap: 1.9 | Group CV: 0.0811
Epoch [583/2000] | Sampled: 428.62 | Baseline: 350.50 | Improvement: -78.12 | Win Rate: 0.00% | Actor Loss: -2.1227 | Entropy: 3.6230 | Invalid S/B: 1.12/0.00 | Max Load: 5.0 | Load Gap: 2.1 | Group CV: 0.0929
Epoch [584/2000] | Sampled: 409.75 | Baseline: 311.00 | Improvement: -98.75 | Win Rate: 0.00% | Actor Loss: 0.8692 | Entropy: 3.5436 | Invalid S/B: 0.62/0.00 | Max Load: 4.9 | Load Gap: 1.9 | Group CV: 0.0767
Epoch [585/2000] | Sampled: 403.00 | Baseline: 300.00 | Improvement: -103.00 | Win Rate: 0.00% | Actor Loss: 0.4207 | Entropy: 3.6218 | Invalid S/B: 0.25/0.00 | Max Load: 5.1 | Load Gap: 2.2 | Group CV: 0.0938
Epoch [586/2000] | Sampled: 414.50 | Baseline: 309.50 | Improvement: -105.00 | Win Rate: 0.00% | Actor Loss: 0.0531 | Entropy: 3.6208 | Invalid S/B: 0.50/0.00 | Max Load: 4.8 | Load Gap: 2.0 | Group CV: 0.0652
Epoch [587/2000] | Sampled: 392.12 | Baseline: 353.50 | Improvement: -38.62 | Win Rate: 12.50% | Actor Loss: -1.6678 | Entropy: 3.5693 | Invalid S/B: 0.38/0.00 | Max Load: 4.6 | Load Gap: 1.6 | Group CV: 0.0708
Epoch [588/2000] | Sampled: 411.50 | Baseline: 348.00 | Improvement: -63.50 | Win Rate: 0.00% | Actor Loss: -0.3487 | Entropy: 3.5826 | Invalid S/B: 0.50/0.00 | Max Load: 4.8 | Load Gap: 1.8 | Group CV: 0.0572
Epoch [589/2000] | Sampled: 386.75 | Baseline: 326.50 | Improvement: -60.25 | Win Rate: 0.00% | Actor Loss: -12.6732 | Entropy: 3.6843 | Invalid S/B: 0.25/0.00 | Max Load: 4.9 | Load Gap: 2.0 | Group CV: 0.0452
Epoch [590/2000] | Sampled: 415.88 | Baseline: 342.50 | Improvement: -73.38 | Win Rate: 0.00% | Actor Loss: 0.1787 | Entropy: 3.5327 | Invalid S/B: 0.12/0.00 | Max Load: 4.8 | Load Gap: 1.8 | Group CV: 0.0665
   -> Validation | Samples: 50 | Makespan: 351.68 | Invalid Jobs: 0.00 | Score: 351.68
   -> Saved new best model (Val Score: 351.68)
Epoch [591/2000] | Sampled: 423.25 | Baseline: 375.00 | Improvement: -48.25 | Win Rate: 0.00% | Actor Loss: -1.4787 | Entropy: 3.4006 | Invalid S/B: 0.50/0.00 | Max Load: 4.9 | Load Gap: 2.0 | Group CV: 0.0379
Epoch [592/2000] | Sampled: 379.12 | Baseline: 327.50 | Improvement: -51.62 | Win Rate: 0.00% | Actor Loss: 1.1405 | Entropy: 3.3688 | Invalid S/B: 0.00/0.00 | Max Load: 4.9 | Load Gap: 2.0 | Group CV: 0.0216
Epoch [593/2000] | Sampled: 380.12 | Baseline: 328.00 | Improvement: -52.12 | Win Rate: 0.00% | Actor Loss: 6.0267 | Entropy: 3.4434 | Invalid S/B: 0.00/0.00 | Max Load: 4.9 | Load Gap: 1.9 | Group CV: 0.0260
Epoch [594/2000] | Sampled: 391.25 | Baseline: 323.00 | Improvement: -68.25 | Win Rate: 0.00% | Actor Loss: 3.4846 | Entropy: 3.3748 | Invalid S/B: 0.00/0.00 | Max Load: 4.9 | Load Gap: 1.9 | Group CV: 0.0265
Epoch [595/2000] | Sampled: 383.75 | Baseline: 314.00 | Improvement: -69.75 | Win Rate: 0.00% | Actor Loss: -0.9011 | Entropy: 3.3849 | Invalid S/B: 0.00/0.00 | Max Load: 5.0 | Load Gap: 2.0 | Group CV: 0.0212
Epoch [596/2000] | Sampled: 388.25 | Baseline: 304.50 | Improvement: -83.75 | Win Rate: 0.00% | Actor Loss: -9.8134 | Entropy: 3.4222 | Invalid S/B: 0.00/0.00 | Max Load: 4.6 | Load Gap: 1.6 | Group CV: 0.0321
Epoch [597/2000] | Sampled: 395.62 | Baseline: 337.50 | Improvement: -58.12 | Win Rate: 0.00% | Actor Loss: -2.3004 | Entropy: 3.3665 | Invalid S/B: 0.12/0.00 | Max Load: 4.8 | Load Gap: 1.8 | Group CV: 0.0475
Epoch [598/2000] | Sampled: 407.88 | Baseline: 338.00 | Improvement: -69.88 | Win Rate: 0.00% | Actor Loss: -6.9413 | Entropy: 3.3657 | Invalid S/B: 0.12/0.00 | Max Load: 4.8 | Load Gap: 1.8 | Group CV: 0.0257
Epoch [599/2000] | Sampled: 393.88 | Baseline: 330.00 | Improvement: -63.88 | Win Rate: 0.00% | Actor Loss: 2.2096 | Entropy: 3.3167 | Invalid S/B: 0.12/0.00 | Max Load: 4.5 | Load Gap: 1.5 | Group CV: 0.0443
Epoch [600/2000] | Sampled: 404.25 | Baseline: 324.00 | Improvement: -80.25 | Win Rate: 0.00% | Actor Loss: -4.7380 | Entropy: 3.3712 | Invalid S/B: 0.25/0.00 | Max Load: 5.0 | Load Gap: 2.0 | Group CV: 0.0468
   -> Validation | Samples: 50 | Makespan: 357.96 | Invalid Jobs: 0.00 | Score: 357.96
   -> Saved updated training chart to /home/wei/Desktop/AMR-DFJSP/Static_alogorithm/Attention/attention_training_metrics.png
Epoch [601/2000] | Sampled: 410.38 | Baseline: 367.50 | Improvement: -42.88 | Win Rate: 25.00% | Actor Loss: 1.9292 | Entropy: 3.2854 | Invalid S/B: 0.25/0.00 | Max Load: 4.9 | Load Gap: 2.0 | Group CV: 0.0697
Epoch [602/2000] | Sampled: 399.62 | Baseline: 357.00 | Improvement: -42.62 | Win Rate: 0.00% | Actor Loss: -1.5076 | Entropy: 3.2201 | Invalid S/B: 0.25/0.00 | Max Load: 4.8 | Load Gap: 1.8 | Group CV: 0.0528
Epoch [603/2000] | Sampled: 396.88 | Baseline: 335.50 | Improvement: -61.38 | Win Rate: 0.00% | Actor Loss: -0.0306 | Entropy: 3.2688 | Invalid S/B: 0.38/0.00 | Max Load: 4.6 | Load Gap: 1.6 | Group CV: 0.0706
Epoch [604/2000] | Sampled: 394.38 | Baseline: 337.00 | Improvement: -57.38 | Win Rate: 0.00% | Actor Loss: -2.8799 | Entropy: 3.2393 | Invalid S/B: 0.12/0.00 | Max Load: 4.6 | Load Gap: 1.6 | Group CV: 0.0237
Epoch [605/2000] | Sampled: 399.50 | Baseline: 363.00 | Improvement: -36.50 | Win Rate: 12.50% | Actor Loss: -7.6042 | Entropy: 3.2565 | Invalid S/B: 0.12/0.00 | Max Load: 4.9 | Load Gap: 1.9 | Group CV: 0.0376
Epoch [606/2000] | Sampled: 386.75 | Baseline: 319.00 | Improvement: -67.75 | Win Rate: 0.00% | Actor Loss: 2.1221 | Entropy: 3.1891 | Invalid S/B: 0.12/0.00 | Max Load: 4.9 | Load Gap: 2.0 | Group CV: 0.0476
Epoch [607/2000] | Sampled: 386.75 | Baseline: 321.00 | Improvement: -65.75 | Win Rate: 0.00% | Actor Loss: 0.8558 | Entropy: 3.2108 | Invalid S/B: 0.00/0.00 | Max Load: 4.5 | Load Gap: 1.6 | Group CV: 0.0453
Epoch [608/2000] | Sampled: 378.00 | Baseline: 321.50 | Improvement: -56.50 | Win Rate: 0.00% | Actor Loss: -0.4051 | Entropy: 3.1365 | Invalid S/B: 0.00/0.00 | Max Load: 4.8 | Load Gap: 1.8 | Group CV: 0.0278
Epoch [609/2000] | Sampled: 386.25 | Baseline: 318.50 | Improvement: -67.75 | Win Rate: 0.00% | Actor Loss: -0.7188 | Entropy: 3.1229 | Invalid S/B: 0.00/0.00 | Max Load: 4.9 | Load Gap: 2.0 | Group CV: 0.0280
Epoch [610/2000] | Sampled: 382.50 | Baseline: 342.00 | Improvement: -40.50 | Win Rate: 0.00% | Actor Loss: 0.9974 | Entropy: 3.1271 | Invalid S/B: 0.12/0.00 | Max Load: 5.0 | Load Gap: 2.0 | Group CV: 0.0635
   -> Validation | Samples: 50 | Makespan: 358.82 | Invalid Jobs: 0.02 | Score: 360.82
Epoch [611/2000] | Sampled: 402.75 | Baseline: 316.00 | Improvement: -86.75 | Win Rate: 0.00% | Actor Loss: -8.2533 | Entropy: 3.0238 | Invalid S/B: 0.12/0.00 | Max Load: 4.6 | Load Gap: 1.8 | Group CV: 0.0682
Epoch [612/2000] | Sampled: 393.50 | Baseline: 358.00 | Improvement: -35.50 | Win Rate: 0.00% | Actor Loss: -2.2419 | Entropy: 3.0731 | Invalid S/B: 0.00/0.00 | Max Load: 4.6 | Load Gap: 1.6 | Group CV: 0.0249
Epoch [613/2000] | Sampled: 369.62 | Baseline: 296.00 | Improvement: -73.62 | Win Rate: 0.00% | Actor Loss: 1.4415 | Entropy: 3.0138 | Invalid S/B: 0.00/0.00 | Max Load: 4.6 | Load Gap: 1.6 | Group CV: 0.0168
Epoch [614/2000] | Sampled: 385.75 | Baseline: 334.50 | Improvement: -51.25 | Win Rate: 0.00% | Actor Loss: -0.2565 | Entropy: 2.9377 | Invalid S/B: 0.00/0.00 | Max Load: 4.8 | Load Gap: 1.8 | Group CV: 0.0324
Epoch [615/2000] | Sampled: 383.00 | Baseline: 361.50 | Improvement: -21.50 | Win Rate: 0.00% | Actor Loss: 4.6331 | Entropy: 2.9759 | Invalid S/B: 0.00/0.00 | Max Load: 4.4 | Load Gap: 1.4 | Group CV: 0.0240
Epoch [616/2000] | Sampled: 378.50 | Baseline: 350.50 | Improvement: -28.00 | Win Rate: 0.00% | Actor Loss: 5.1183 | Entropy: 2.9170 | Invalid S/B: 0.00/0.00 | Max Load: 4.5 | Load Gap: 1.5 | Group CV: 0.0337
Epoch [617/2000] | Sampled: 387.12 | Baseline: 306.00 | Improvement: -81.12 | Win Rate: 0.00% | Actor Loss: 0.2110 | Entropy: 2.8294 | Invalid S/B: 0.12/0.00 | Max Load: 5.0 | Load Gap: 2.1 | Group CV: 0.0503
Epoch [618/2000] | Sampled: 388.62 | Baseline: 361.00 | Improvement: -27.62 | Win Rate: 37.50% | Actor Loss: 0.5795 | Entropy: 2.7687 | Invalid S/B: 0.00/0.00 | Max Load: 4.8 | Load Gap: 1.8 | Group CV: 0.0287
Epoch [619/2000] | Sampled: 391.12 | Baseline: 358.50 | Improvement: -32.62 | Win Rate: 12.50% | Actor Loss: -1.3773 | Entropy: 2.7876 | Invalid S/B: 0.25/0.00 | Max Load: 4.5 | Load Gap: 1.6 | Group CV: 0.0875
Epoch [620/2000] | Sampled: 379.12 | Baseline: 319.00 | Improvement: -60.12 | Win Rate: 0.00% | Actor Loss: -1.6745 | Entropy: 2.6945 | Invalid S/B: 0.00/0.00 | Max Load: 4.2 | Load Gap: 1.2 | Group CV: 0.0328
   -> Validation | Samples: 50 | Makespan: 360.70 | Invalid Jobs: 0.00 | Score: 360.70
Epoch [621/2000] | Sampled: 396.12 | Baseline: 343.00 | Improvement: -53.12 | Win Rate: 0.00% | Actor Loss: 6.7424 | Entropy: 2.6623 | Invalid S/B: 0.00/0.00 | Max Load: 4.8 | Load Gap: 1.8 | Group CV: 0.0223
Epoch [622/2000] | Sampled: 383.00 | Baseline: 370.50 | Improvement: -12.50 | Win Rate: 25.00% | Actor Loss: 0.5672 | Entropy: 2.6960 | Invalid S/B: 0.00/0.00 | Max Load: 4.8 | Load Gap: 1.8 | Group CV: 0.0230
Epoch [623/2000] | Sampled: 387.12 | Baseline: 337.00 | Improvement: -50.12 | Win Rate: 0.00% | Actor Loss: 1.1221 | Entropy: 2.7680 | Invalid S/B: 0.00/0.00 | Max Load: 4.5 | Load Gap: 1.5 | Group CV: 0.0212
Epoch [624/2000] | Sampled: 391.50 | Baseline: 334.00 | Improvement: -57.50 | Win Rate: 0.00% | Actor Loss: 1.6080 | Entropy: 2.8235 | Invalid S/B: 0.00/0.00 | Max Load: 4.6 | Load Gap: 1.8 | Group CV: 0.0388
Epoch [625/2000] | Sampled: 382.38 | Baseline: 343.00 | Improvement: -39.38 | Win Rate: 12.50% | Actor Loss: -0.7198 | Entropy: 2.7802 | Invalid S/B: 0.12/0.00 | Max Load: 4.5 | Load Gap: 1.5 | Group CV: 0.0437
Epoch [626/2000] | Sampled: 385.38 | Baseline: 351.50 | Improvement: -33.88 | Win Rate: 25.00% | Actor Loss: 0.4075 | Entropy: 2.8177 | Invalid S/B: 0.00/0.00 | Max Load: 4.6 | Load Gap: 1.6 | Group CV: 0.0248
Epoch [627/2000] | Sampled: 387.62 | Baseline: 349.00 | Improvement: -38.62 | Win Rate: 0.00% | Actor Loss: -2.5365 | Entropy: 2.7586 | Invalid S/B: 0.00/0.00 | Max Load: 5.0 | Load Gap: 2.0 | Group CV: 0.0430
Epoch [628/2000] | Sampled: 392.25 | Baseline: 360.50 | Improvement: -31.75 | Win Rate: 0.00% | Actor Loss: 3.3639 | Entropy: 2.8259 | Invalid S/B: 0.00/0.00 | Max Load: 5.0 | Load Gap: 2.0 | Group CV: 0.0263
Epoch [629/2000] | Sampled: 370.00 | Baseline: 319.50 | Improvement: -50.50 | Win Rate: 0.00% | Actor Loss: -6.6265 | Entropy: 2.7706 | Invalid S/B: 0.00/0.00 | Max Load: 4.5 | Load Gap: 1.5 | Group CV: 0.0231
Epoch [630/2000] | Sampled: 376.25 | Baseline: 317.00 | Improvement: -59.25 | Win Rate: 0.00% | Actor Loss: -2.8418 | Entropy: 2.7544 | Invalid S/B: 0.00/0.00 | Max Load: 4.4 | Load Gap: 1.4 | Group CV: 0.0271
   -> Validation | Samples: 50 | Makespan: 361.06 | Invalid Jobs: 0.02 | Score: 363.06
Epoch [631/2000] | Sampled: 377.00 | Baseline: 351.50 | Improvement: -25.50 | Win Rate: 25.00% | Actor Loss: 1.0922 | Entropy: 2.8146 | Invalid S/B: 0.00/0.00 | Max Load: 4.6 | Load Gap: 1.6 | Group CV: 0.0220
Epoch [632/2000] | Sampled: 385.25 | Baseline: 306.00 | Improvement: -79.25 | Win Rate: 0.00% | Actor Loss: -0.6530 | Entropy: 2.6997 | Invalid S/B: 0.12/0.00 | Max Load: 4.4 | Load Gap: 1.4 | Group CV: 0.0448
Epoch [633/2000] | Sampled: 382.62 | Baseline: 323.50 | Improvement: -59.12 | Win Rate: 0.00% | Actor Loss: 3.7122 | Entropy: 2.6458 | Invalid S/B: 0.12/0.00 | Max Load: 4.5 | Load Gap: 1.5 | Group CV: 0.0315
Epoch [634/2000] | Sampled: 380.38 | Baseline: 331.00 | Improvement: -49.38 | Win Rate: 0.00% | Actor Loss: -0.9257 | Entropy: 2.6985 | Invalid S/B: 0.00/0.00 | Max Load: 4.6 | Load Gap: 1.6 | Group CV: 0.0176
Epoch [635/2000] | Sampled: 370.00 | Baseline: 308.00 | Improvement: -62.00 | Win Rate: 0.00% | Actor Loss: -2.5798 | Entropy: 2.7395 | Invalid S/B: 0.12/0.00 | Max Load: 4.8 | Load Gap: 1.8 | Group CV: 0.0484
Epoch [636/2000] | Sampled: 380.38 | Baseline: 323.00 | Improvement: -57.38 | Win Rate: 0.00% | Actor Loss: -5.3560 | Entropy: 2.7249 | Invalid S/B: 0.00/0.00 | Max Load: 4.2 | Load Gap: 1.2 | Group CV: 0.0347
Epoch [637/2000] | Sampled: 370.88 | Baseline: 317.00 | Improvement: -53.88 | Win Rate: 0.00% | Actor Loss: -4.0890 | Entropy: 2.6630 | Invalid S/B: 0.00/0.00 | Max Load: 4.8 | Load Gap: 1.8 | Group CV: 0.0223
Epoch [638/2000] | Sampled: 391.00 | Baseline: 331.50 | Improvement: -59.50 | Win Rate: 25.00% | Actor Loss: -6.4125 | Entropy: 2.7512 | Invalid S/B: 0.12/0.00 | Max Load: 4.5 | Load Gap: 1.5 | Group CV: 0.0636
Epoch [639/2000] | Sampled: 390.25 | Baseline: 332.50 | Improvement: -57.75 | Win Rate: 0.00% | Actor Loss: 0.6659 | Entropy: 2.5885 | Invalid S/B: 0.00/0.00 | Max Load: 4.6 | Load Gap: 1.6 | Group CV: 0.0327
Epoch [640/2000] | Sampled: 385.88 | Baseline: 352.00 | Improvement: -33.88 | Win Rate: 25.00% | Actor Loss: 5.2607 | Entropy: 2.6622 | Invalid S/B: 0.00/0.00 | Max Load: 4.4 | Load Gap: 1.4 | Group CV: 0.0156
   -> Validation | Samples: 50 | Makespan: 362.46 | Invalid Jobs: 0.00 | Score: 362.46
Epoch [641/2000] | Sampled: 381.75 | Baseline: 349.00 | Improvement: -32.75 | Win Rate: 0.00% | Actor Loss: -5.6849 | Entropy: 2.6477 | Invalid S/B: 0.00/0.00 | Max Load: 4.6 | Load Gap: 1.6 | Group CV: 0.0491
Epoch [642/2000] | Sampled: 386.25 | Baseline: 327.00 | Improvement: -59.25 | Win Rate: 0.00% | Actor Loss: -3.6468 | Entropy: 2.6396 | Invalid S/B: 0.00/0.00 | Max Load: 4.8 | Load Gap: 1.9 | Group CV: 0.0399
Epoch [643/2000] | Sampled: 379.50 | Baseline: 336.00 | Improvement: -43.50 | Win Rate: 0.00% | Actor Loss: -1.2380 | Entropy: 2.6328 | Invalid S/B: 0.00/0.00 | Max Load: 4.5 | Load Gap: 1.5 | Group CV: 0.0275
Epoch [644/2000] | Sampled: 392.00 | Baseline: 371.00 | Improvement: -21.00 | Win Rate: 25.00% | Actor Loss: 2.0429 | Entropy: 2.6574 | Invalid S/B: 0.00/0.00 | Max Load: 5.0 | Load Gap: 2.0 | Group CV: 0.0201
Epoch [645/2000] | Sampled: 384.50 | Baseline: 314.00 | Improvement: -70.50 | Win Rate: 0.00% | Actor Loss: 2.2107 | Entropy: 2.7689 | Invalid S/B: 0.12/0.00 | Max Load: 4.8 | Load Gap: 1.8 | Group CV: 0.0381
Epoch [646/2000] | Sampled: 381.12 | Baseline: 360.00 | Improvement: -21.12 | Win Rate: 0.00% | Actor Loss: 0.5720 | Entropy: 2.7959 | Invalid S/B: 0.00/0.00 | Max Load: 4.4 | Load Gap: 1.4 | Group CV: 0.0158
Epoch [647/2000] | Sampled: 373.50 | Baseline: 334.50 | Improvement: -39.00 | Win Rate: 0.00% | Actor Loss: -4.5556 | Entropy: 2.8226 | Invalid S/B: 0.00/0.00 | Max Load: 4.9 | Load Gap: 1.9 | Group CV: 0.0231
Epoch [648/2000] | Sampled: 380.00 | Baseline: 365.00 | Improvement: -15.00 | Win Rate: 37.50% | Actor Loss: 3.3701 | Entropy: 2.6501 | Invalid S/B: 0.00/0.00 | Max Load: 5.0 | Load Gap: 2.0 | Group CV: 0.0443
Epoch [649/2000] | Sampled: 391.50 | Baseline: 317.50 | Improvement: -74.00 | Win Rate: 0.00% | Actor Loss: 4.1906 | Entropy: 2.8672 | Invalid S/B: 0.00/0.00 | Max Load: 4.4 | Load Gap: 1.4 | Group CV: 0.0239
Epoch [650/2000] | Sampled: 403.25 | Baseline: 316.00 | Improvement: -87.25 | Win Rate: 0.00% | Actor Loss: -3.1959 | Entropy: 2.8270 | Invalid S/B: 0.12/0.00 | Max Load: 4.8 | Load Gap: 1.8 | Group CV: 0.0422
   -> Validation | Samples: 50 | Makespan: 359.12 | Invalid Jobs: 0.00 | Score: 359.12
Epoch [651/2000] | Sampled: 392.38 | Baseline: 327.00 | Improvement: -65.38 | Win Rate: 0.00% | Actor Loss: -7.6989 | Entropy: 2.8743 | Invalid S/B: 0.00/0.00 | Max Load: 4.5 | Load Gap: 1.5 | Group CV: 0.0258
Epoch [652/2000] | Sampled: 381.38 | Baseline: 325.50 | Improvement: -55.88 | Win Rate: 0.00% | Actor Loss: 2.7920 | Entropy: 2.8215 | Invalid S/B: 0.00/0.00 | Max Load: 4.6 | Load Gap: 1.8 | Group CV: 0.0257
Epoch [653/2000] | Sampled: 394.50 | Baseline: 320.00 | Improvement: -74.50 | Win Rate: 0.00% | Actor Loss: 1.6509 | Entropy: 2.7677 | Invalid S/B: 0.00/0.00 | Max Load: 4.6 | Load Gap: 1.6 | Group CV: 0.0258
Epoch [654/2000] | Sampled: 389.38 | Baseline: 318.50 | Improvement: -70.88 | Win Rate: 0.00% | Actor Loss: 3.8065 | Entropy: 2.8122 | Invalid S/B: 0.00/0.00 | Max Load: 4.5 | Load Gap: 1.5 | Group CV: 0.0347
Epoch [655/2000] | Sampled: 382.50 | Baseline: 317.00 | Improvement: -65.50 | Win Rate: 0.00% | Actor Loss: 2.7875 | Entropy: 2.8325 | Invalid S/B: 0.00/0.00 | Max Load: 4.4 | Load Gap: 1.4 | Group CV: 0.0348
Epoch [656/2000] | Sampled: 385.25 | Baseline: 314.50 | Improvement: -70.75 | Win Rate: 0.00% | Actor Loss: -2.9050 | Entropy: 2.8553 | Invalid S/B: 0.00/0.00 | Max Load: 5.0 | Load Gap: 2.0 | Group CV: 0.0462
Epoch [657/2000] | Sampled: 384.38 | Baseline: 307.50 | Improvement: -76.88 | Win Rate: 0.00% | Actor Loss: 4.6530 | Entropy: 2.8271 | Invalid S/B: 0.12/0.00 | Max Load: 4.2 | Load Gap: 1.2 | Group CV: 0.0461
Epoch [658/2000] | Sampled: 392.00 | Baseline: 345.50 | Improvement: -46.50 | Win Rate: 0.00% | Actor Loss: -3.9602 | Entropy: 2.8598 | Invalid S/B: 0.00/0.00 | Max Load: 4.4 | Load Gap: 1.4 | Group CV: 0.0265
Epoch [659/2000] | Sampled: 389.12 | Baseline: 323.50 | Improvement: -65.62 | Win Rate: 0.00% | Actor Loss: -2.9299 | Entropy: 2.8599 | Invalid S/B: 0.00/0.00 | Max Load: 4.8 | Load Gap: 1.8 | Group CV: 0.0395
Epoch [660/2000] | Sampled: 388.50 | Baseline: 325.00 | Improvement: -63.50 | Win Rate: 0.00% | Actor Loss: -0.9038 | Entropy: 2.8135 | Invalid S/B: 0.00/0.00 | Max Load: 4.4 | Load Gap: 1.4 | Group CV: 0.0448
   -> Validation | Samples: 50 | Makespan: 361.00 | Invalid Jobs: 0.00 | Score: 361.00
Epoch [661/2000] | Sampled: 385.25 | Baseline: 378.00 | Improvement: -7.25 | Win Rate: 37.50% | Actor Loss: -5.3031 | Entropy: 2.7406 | Invalid S/B: 0.00/0.00 | Max Load: 4.5 | Load Gap: 1.5 | Group CV: 0.0224
Epoch [662/2000] | Sampled: 389.62 | Baseline: 330.00 | Improvement: -59.62 | Win Rate: 0.00% | Actor Loss: -5.1650 | Entropy: 2.7928 | Invalid S/B: 0.12/0.00 | Max Load: 4.9 | Load Gap: 1.9 | Group CV: 0.0383
Epoch [663/2000] | Sampled: 381.88 | Baseline: 328.00 | Improvement: -53.88 | Win Rate: 0.00% | Actor Loss: -2.7673 | Entropy: 2.7975 | Invalid S/B: 0.00/0.00 | Max Load: 4.8 | Load Gap: 1.8 | Group CV: 0.0190
Epoch [664/2000] | Sampled: 376.00 | Baseline: 346.00 | Improvement: -30.00 | Win Rate: 12.50% | Actor Loss: -1.0345 | Entropy: 2.8036 | Invalid S/B: 0.00/0.00 | Max Load: 4.5 | Load Gap: 1.5 | Group CV: 0.0308
Epoch [665/2000] | Sampled: 410.88 | Baseline: 384.50 | Improvement: -26.38 | Win Rate: 25.00% | Actor Loss: 1.1225 | Entropy: 2.7358 | Invalid S/B: 0.00/0.50 | Max Load: 4.8 | Load Gap: 1.8 | Group CV: 0.0461
Epoch [666/2000] | Sampled: 399.88 | Baseline: 403.00 | Improvement: 3.12 | Win Rate: 50.00% | Actor Loss: -0.6847 | Entropy: 2.7962 | Invalid S/B: 0.00/0.00 | Max Load: 4.9 | Load Gap: 1.9 | Group CV: 0.0264
Epoch [667/2000] | Sampled: 391.25 | Baseline: 315.50 | Improvement: -75.75 | Win Rate: 0.00% | Actor Loss: -1.6584 | Entropy: 2.8713 | Invalid S/B: 0.00/0.00 | Max Load: 4.9 | Load Gap: 1.9 | Group CV: 0.0486
Epoch [668/2000] | Sampled: 388.75 | Baseline: 313.50 | Improvement: -75.25 | Win Rate: 0.00% | Actor Loss: -4.9230 | Entropy: 2.8877 | Invalid S/B: 0.00/0.00 | Max Load: 4.0 | Load Gap: 1.0 | Group CV: 0.0487
Epoch [669/2000] | Sampled: 384.75 | Baseline: 350.50 | Improvement: -34.25 | Win Rate: 0.00% | Actor Loss: 0.6407 | Entropy: 2.7287 | Invalid S/B: 0.00/0.00 | Max Load: 4.4 | Load Gap: 1.4 | Group CV: 0.0420
Epoch [670/2000] | Sampled: 376.88 | Baseline: 337.50 | Improvement: -39.38 | Win Rate: 0.00% | Actor Loss: -2.3486 | Entropy: 2.9191 | Invalid S/B: 0.00/0.00 | Max Load: 4.5 | Load Gap: 1.5 | Group CV: 0.0133
   -> Validation | Samples: 50 | Makespan: 357.98 | Invalid Jobs: 0.00 | Score: 357.98
Epoch [671/2000] | Sampled: 383.88 | Baseline: 330.50 | Improvement: -53.38 | Win Rate: 0.00% | Actor Loss: -0.8448 | Entropy: 2.8899 | Invalid S/B: 0.00/0.00 | Max Load: 4.6 | Load Gap: 1.6 | Group CV: 0.0245
Epoch [672/2000] | Sampled: 400.00 | Baseline: 362.00 | Improvement: -38.00 | Win Rate: 12.50% | Actor Loss: -1.1535 | Entropy: 2.7919 | Invalid S/B: 0.00/0.00 | Max Load: 4.6 | Load Gap: 1.6 | Group CV: 0.0403
Epoch [673/2000] | Sampled: 398.88 | Baseline: 348.50 | Improvement: -50.38 | Win Rate: 0.00% | Actor Loss: -1.5107 | Entropy: 2.7656 | Invalid S/B: 0.00/0.00 | Max Load: 4.6 | Load Gap: 1.6 | Group CV: 0.0312
Epoch [674/2000] | Sampled: 396.25 | Baseline: 309.50 | Improvement: -86.75 | Win Rate: 0.00% | Actor Loss: -3.4740 | Entropy: 2.7797 | Invalid S/B: 0.00/0.00 | Max Load: 4.6 | Load Gap: 1.6 | Group CV: 0.0275
Epoch [675/2000] | Sampled: 413.88 | Baseline: 323.00 | Improvement: -90.88 | Win Rate: 0.00% | Actor Loss: 1.6610 | Entropy: 2.8241 | Invalid S/B: 0.00/0.00 | Max Load: 4.8 | Load Gap: 1.8 | Group CV: 0.0437
Epoch [676/2000] | Sampled: 405.12 | Baseline: 308.00 | Improvement: -97.12 | Win Rate: 0.00% | Actor Loss: -10.5908 | Entropy: 2.8558 | Invalid S/B: 0.00/0.00 | Max Load: 4.5 | Load Gap: 1.5 | Group CV: 0.0605
Epoch [677/2000] | Sampled: 420.75 | Baseline: 339.50 | Improvement: -81.25 | Win Rate: 0.00% | Actor Loss: 1.9602 | Entropy: 2.8144 | Invalid S/B: 0.00/0.00 | Max Load: 4.9 | Load Gap: 1.9 | Group CV: 0.0505
Epoch [678/2000] | Sampled: 409.25 | Baseline: 342.00 | Improvement: -67.25 | Win Rate: 0.00% | Actor Loss: -3.2326 | Entropy: 2.7664 | Invalid S/B: 0.00/0.00 | Max Load: 4.6 | Load Gap: 1.6 | Group CV: 0.0633
Epoch [679/2000] | Sampled: 410.75 | Baseline: 395.50 | Improvement: -15.25 | Win Rate: 50.00% | Actor Loss: -8.7003 | Entropy: 2.7675 | Invalid S/B: 0.00/0.00 | Max Load: 4.8 | Load Gap: 1.8 | Group CV: 0.0305
Epoch [680/2000] | Sampled: 385.25 | Baseline: 330.50 | Improvement: -54.75 | Win Rate: 0.00% | Actor Loss: -5.3747 | Entropy: 2.8294 | Invalid S/B: 0.00/0.00 | Max Load: 4.6 | Load Gap: 1.6 | Group CV: 0.0382
   -> Validation | Samples: 50 | Makespan: 363.20 | Invalid Jobs: 0.00 | Score: 363.20
Epoch [681/2000] | Sampled: 408.50 | Baseline: 371.50 | Improvement: -37.00 | Win Rate: 12.50% | Actor Loss: -3.8534 | Entropy: 2.7621 | Invalid S/B: 0.00/0.00 | Max Load: 4.6 | Load Gap: 1.6 | Group CV: 0.0528
Epoch [682/2000] | Sampled: 381.38 | Baseline: 334.00 | Improvement: -47.38 | Win Rate: 12.50% | Actor Loss: 0.4255 | Entropy: 2.8021 | Invalid S/B: 0.00/0.00 | Max Load: 4.6 | Load Gap: 1.6 | Group CV: 0.0423
Epoch [683/2000] | Sampled: 390.75 | Baseline: 330.00 | Improvement: -60.75 | Win Rate: 0.00% | Actor Loss: -2.6281 | Entropy: 2.8295 | Invalid S/B: 0.00/0.00 | Max Load: 4.5 | Load Gap: 1.5 | Group CV: 0.0211
Epoch [684/2000] | Sampled: 398.50 | Baseline: 333.00 | Improvement: -65.50 | Win Rate: 0.00% | Actor Loss: -2.4389 | Entropy: 2.9001 | Invalid S/B: 0.00/0.00 | Max Load: 4.4 | Load Gap: 1.4 | Group CV: 0.0236
Epoch [685/2000] | Sampled: 380.38 | Baseline: 361.50 | Improvement: -18.88 | Win Rate: 12.50% | Actor Loss: -6.6109 | Entropy: 2.7964 | Invalid S/B: 0.00/0.00 | Max Load: 4.9 | Load Gap: 1.9 | Group CV: 0.0423
Epoch [686/2000] | Sampled: 366.38 | Baseline: 311.00 | Improvement: -55.38 | Win Rate: 0.00% | Actor Loss: -10.1189 | Entropy: 2.8768 | Invalid S/B: 0.00/0.00 | Max Load: 4.1 | Load Gap: 1.1 | Group CV: 0.0391
Epoch [687/2000] | Sampled: 381.25 | Baseline: 340.00 | Improvement: -41.25 | Win Rate: 0.00% | Actor Loss: -3.3793 | Entropy: 2.7986 | Invalid S/B: 0.00/0.00 | Max Load: 4.4 | Load Gap: 1.4 | Group CV: 0.0147
Epoch [688/2000] | Sampled: 382.25 | Baseline: 347.50 | Improvement: -34.75 | Win Rate: 0.00% | Actor Loss: 0.4189 | Entropy: 2.8656 | Invalid S/B: 0.00/0.00 | Max Load: 4.5 | Load Gap: 1.5 | Group CV: 0.0266
Epoch [689/2000] | Sampled: 376.62 | Baseline: 338.00 | Improvement: -38.62 | Win Rate: 0.00% | Actor Loss: -2.7302 | Entropy: 2.8080 | Invalid S/B: 0.12/0.00 | Max Load: 4.6 | Load Gap: 1.6 | Group CV: 0.0235
Epoch [690/2000] | Sampled: 374.75 | Baseline: 334.00 | Improvement: -40.75 | Win Rate: 0.00% | Actor Loss: -2.1926 | Entropy: 2.8773 | Invalid S/B: 0.00/0.00 | Max Load: 4.2 | Load Gap: 1.2 | Group CV: 0.0268
   -> Validation | Samples: 50 | Makespan: 355.56 | Invalid Jobs: 0.00 | Score: 355.56
Epoch [691/2000] | Sampled: 373.88 | Baseline: 339.00 | Improvement: -34.88 | Win Rate: 12.50% | Actor Loss: 2.2800 | Entropy: 2.8457 | Invalid S/B: 0.12/0.00 | Max Load: 4.5 | Load Gap: 1.5 | Group CV: 0.0238
Epoch [692/2000] | Sampled: 399.50 | Baseline: 338.00 | Improvement: -61.50 | Win Rate: 0.00% | Actor Loss: 0.0458 | Entropy: 2.7783 | Invalid S/B: 0.12/0.00 | Max Load: 4.8 | Load Gap: 1.8 | Group CV: 0.0416
Epoch [693/2000] | Sampled: 377.38 | Baseline: 323.50 | Improvement: -53.88 | Win Rate: 0.00% | Actor Loss: 4.8023 | Entropy: 2.8104 | Invalid S/B: 0.00/0.00 | Max Load: 4.4 | Load Gap: 1.4 | Group CV: 0.0326
Epoch [694/2000] | Sampled: 376.75 | Baseline: 306.50 | Improvement: -70.25 | Win Rate: 0.00% | Actor Loss: -7.2707 | Entropy: 2.8206 | Invalid S/B: 0.12/0.00 | Max Load: 4.5 | Load Gap: 1.5 | Group CV: 0.0449
Epoch [695/2000] | Sampled: 367.50 | Baseline: 329.00 | Improvement: -38.50 | Win Rate: 0.00% | Actor Loss: -2.1561 | Entropy: 2.8123 | Invalid S/B: 0.00/0.00 | Max Load: 4.5 | Load Gap: 1.5 | Group CV: 0.0250
Epoch [696/2000] | Sampled: 375.62 | Baseline: 290.50 | Improvement: -85.12 | Win Rate: 0.00% | Actor Loss: 4.3890 | Entropy: 2.7160 | Invalid S/B: 0.38/0.00 | Max Load: 4.5 | Load Gap: 1.5 | Group CV: 0.0566
Epoch [697/2000] | Sampled: 370.12 | Baseline: 332.50 | Improvement: -37.62 | Win Rate: 12.50% | Actor Loss: -3.1124 | Entropy: 2.7080 | Invalid S/B: 0.00/0.00 | Max Load: 4.4 | Load Gap: 1.4 | Group CV: 0.0259
Epoch [698/2000] | Sampled: 363.62 | Baseline: 337.00 | Improvement: -26.62 | Win Rate: 50.00% | Actor Loss: 3.4794 | Entropy: 2.5697 | Invalid S/B: 0.00/0.00 | Max Load: 4.4 | Load Gap: 1.4 | Group CV: 0.0213
Epoch [699/2000] | Sampled: 377.00 | Baseline: 344.50 | Improvement: -32.50 | Win Rate: 0.00% | Actor Loss: -2.9390 | Entropy: 2.6450 | Invalid S/B: 0.00/0.00 | Max Load: 4.2 | Load Gap: 1.2 | Group CV: 0.0186
Epoch [700/2000] | Sampled: 374.12 | Baseline: 327.50 | Improvement: -46.62 | Win Rate: 0.00% | Actor Loss: 8.4472 | Entropy: 2.6261 | Invalid S/B: 0.00/0.00 | Max Load: 4.2 | Load Gap: 1.2 | Group CV: 0.0285
   -> Validation | Samples: 50 | Makespan: 361.58 | Invalid Jobs: 0.00 | Score: 361.58
   -> Saved updated training chart to /home/wei/Desktop/AMR-DFJSP/Static_alogorithm/Attention/attention_training_metrics.png
Epoch [701/2000] | Sampled: 382.12 | Baseline: 377.00 | Improvement: -5.12 | Win Rate: 50.00% | Actor Loss: 9.6867 | Entropy: 2.5810 | Invalid S/B: 0.00/0.00 | Max Load: 4.8 | Load Gap: 1.8 | Group CV: 0.0191
Epoch [702/2000] | Sampled: 375.25 | Baseline: 319.50 | Improvement: -55.75 | Win Rate: 0.00% | Actor Loss: -5.2043 | Entropy: 2.6334 | Invalid S/B: 0.00/0.00 | Max Load: 4.5 | Load Gap: 1.5 | Group CV: 0.0295
Epoch [703/2000] | Sampled: 376.38 | Baseline: 318.00 | Improvement: -58.38 | Win Rate: 0.00% | Actor Loss: -3.2487 | Entropy: 2.5810 | Invalid S/B: 0.12/0.00 | Max Load: 4.5 | Load Gap: 1.5 | Group CV: 0.0291
Epoch [704/2000] | Sampled: 361.38 | Baseline: 344.50 | Improvement: -16.88 | Win Rate: 12.50% | Actor Loss: -0.4820 | Entropy: 2.5392 | Invalid S/B: 0.00/0.00 | Max Load: 4.5 | Load Gap: 1.5 | Group CV: 0.0231
Epoch [705/2000] | Sampled: 390.62 | Baseline: 326.50 | Improvement: -64.12 | Win Rate: 0.00% | Actor Loss: -4.1691 | Entropy: 2.5465 | Invalid S/B: 0.25/0.00 | Max Load: 4.4 | Load Gap: 1.4 | Group CV: 0.0297
Epoch [706/2000] | Sampled: 382.00 | Baseline: 330.00 | Improvement: -52.00 | Win Rate: 0.00% | Actor Loss: -2.7599 | Entropy: 2.5591 | Invalid S/B: 0.12/0.00 | Max Load: 4.4 | Load Gap: 1.4 | Group CV: 0.0439
Epoch [707/2000] | Sampled: 369.12 | Baseline: 336.50 | Improvement: -32.62 | Win Rate: 12.50% | Actor Loss: 5.5063 | Entropy: 2.5052 | Invalid S/B: 0.00/0.00 | Max Load: 4.2 | Load Gap: 1.2 | Group CV: 0.0288
Epoch [708/2000] | Sampled: 381.25 | Baseline: 340.00 | Improvement: -41.25 | Win Rate: 0.00% | Actor Loss: -4.8020 | Entropy: 2.5035 | Invalid S/B: 0.00/0.00 | Max Load: 4.4 | Load Gap: 1.4 | Group CV: 0.0162
Epoch [709/2000] | Sampled: 369.38 | Baseline: 352.50 | Improvement: -16.88 | Win Rate: 37.50% | Actor Loss: -3.8289 | Entropy: 2.4896 | Invalid S/B: 0.00/0.00 | Max Load: 4.5 | Load Gap: 1.5 | Group CV: 0.0179
Epoch [710/2000] | Sampled: 371.12 | Baseline: 347.50 | Improvement: -23.62 | Win Rate: 12.50% | Actor Loss: -2.9472 | Entropy: 2.4219 | Invalid S/B: 0.00/0.00 | Max Load: 4.4 | Load Gap: 1.4 | Group CV: 0.0314
   -> Validation | Samples: 50 | Makespan: 361.40 | Invalid Jobs: 0.02 | Score: 363.40
Epoch [711/2000] | Sampled: 366.88 | Baseline: 335.50 | Improvement: -31.38 | Win Rate: 0.00% | Actor Loss: 4.5136 | Entropy: 2.4366 | Invalid S/B: 0.00/0.00 | Max Load: 4.4 | Load Gap: 1.4 | Group CV: 0.0325
Epoch [712/2000] | Sampled: 359.25 | Baseline: 348.50 | Improvement: -10.75 | Win Rate: 37.50% | Actor Loss: -6.4111 | Entropy: 2.4254 | Invalid S/B: 0.00/0.00 | Max Load: 4.6 | Load Gap: 1.6 | Group CV: 0.0303
Epoch [713/2000] | Sampled: 375.38 | Baseline: 335.50 | Improvement: -39.88 | Win Rate: 0.00% | Actor Loss: -2.6797 | Entropy: 2.4534 | Invalid S/B: 0.00/0.00 | Max Load: 4.6 | Load Gap: 1.6 | Group CV: 0.0331
Epoch [714/2000] | Sampled: 360.38 | Baseline: 302.50 | Improvement: -57.88 | Win Rate: 0.00% | Actor Loss: -0.6841 | Entropy: 2.4465 | Invalid S/B: 0.25/0.00 | Max Load: 4.1 | Load Gap: 1.1 | Group CV: 0.0517
Epoch [715/2000] | Sampled: 368.88 | Baseline: 332.50 | Improvement: -36.38 | Win Rate: 12.50% | Actor Loss: 4.1312 | Entropy: 2.4102 | Invalid S/B: 0.00/0.00 | Max Load: 4.5 | Load Gap: 1.5 | Group CV: 0.0180
Epoch [716/2000] | Sampled: 366.38 | Baseline: 332.50 | Improvement: -33.88 | Win Rate: 0.00% | Actor Loss: 2.2086 | Entropy: 2.4038 | Invalid S/B: 0.00/0.00 | Max Load: 4.2 | Load Gap: 1.2 | Group CV: 0.0307
Epoch [717/2000] | Sampled: 366.75 | Baseline: 360.50 | Improvement: -6.25 | Win Rate: 25.00% | Actor Loss: 3.9267 | Entropy: 2.4921 | Invalid S/B: 0.00/0.00 | Max Load: 4.1 | Load Gap: 1.1 | Group CV: 0.0194
Epoch [718/2000] | Sampled: 365.38 | Baseline: 329.50 | Improvement: -35.88 | Win Rate: 0.00% | Actor Loss: 6.3953 | Entropy: 2.5081 | Invalid S/B: 0.00/0.00 | Max Load: 4.4 | Load Gap: 1.4 | Group CV: 0.0213
Epoch [719/2000] | Sampled: 374.38 | Baseline: 375.50 | Improvement: 1.12 | Win Rate: 62.50% | Actor Loss: 1.8161 | Entropy: 2.5537 | Invalid S/B: 0.00/0.00 | Max Load: 4.6 | Load Gap: 1.8 | Group CV: 0.0337
Epoch [720/2000] | Sampled: 370.00 | Baseline: 352.50 | Improvement: -17.50 | Win Rate: 25.00% | Actor Loss: -1.1785 | Entropy: 2.6229 | Invalid S/B: 0.12/0.00 | Max Load: 4.0 | Load Gap: 1.0 | Group CV: 0.0557
   -> Validation | Samples: 50 | Makespan: 359.70 | Invalid Jobs: 0.00 | Score: 359.70
Epoch [721/2000] | Sampled: 384.12 | Baseline: 360.50 | Improvement: -23.62 | Win Rate: 25.00% | Actor Loss: -1.4491 | Entropy: 2.6763 | Invalid S/B: 0.25/0.00 | Max Load: 4.6 | Load Gap: 1.6 | Group CV: 0.0269
Epoch [722/2000] | Sampled: 366.62 | Baseline: 324.50 | Improvement: -42.12 | Win Rate: 0.00% | Actor Loss: 0.0035 | Entropy: 2.7041 | Invalid S/B: 0.00/0.00 | Max Load: 4.5 | Load Gap: 1.5 | Group CV: 0.0253
Epoch [723/2000] | Sampled: 371.00 | Baseline: 340.00 | Improvement: -31.00 | Win Rate: 0.00% | Actor Loss: -4.9250 | Entropy: 2.7762 | Invalid S/B: 0.12/0.00 | Max Load: 4.8 | Load Gap: 1.8 | Group CV: 0.0353
Epoch [724/2000] | Sampled: 376.00 | Baseline: 392.00 | Improvement: 16.00 | Win Rate: 50.00% | Actor Loss: -0.7608 | Entropy: 2.7817 | Invalid S/B: 0.12/0.00 | Max Load: 4.6 | Load Gap: 1.6 | Group CV: 0.0434
Epoch [725/2000] | Sampled: 379.62 | Baseline: 304.00 | Improvement: -75.62 | Win Rate: 0.00% | Actor Loss: 3.9284 | Entropy: 2.7005 | Invalid S/B: 0.25/0.00 | Max Load: 4.5 | Load Gap: 1.6 | Group CV: 0.0612
Epoch [726/2000] | Sampled: 369.25 | Baseline: 297.00 | Improvement: -72.25 | Win Rate: 0.00% | Actor Loss: -0.5822 | Entropy: 2.8649 | Invalid S/B: 0.12/0.00 | Max Load: 4.5 | Load Gap: 1.5 | Group CV: 0.0456
Epoch [727/2000] | Sampled: 373.38 | Baseline: 350.50 | Improvement: -22.88 | Win Rate: 0.00% | Actor Loss: 0.3238 | Entropy: 2.9221 | Invalid S/B: 0.00/0.00 | Max Load: 5.0 | Load Gap: 2.0 | Group CV: 0.0429
Epoch [728/2000] | Sampled: 378.75 | Baseline: 331.50 | Improvement: -47.25 | Win Rate: 0.00% | Actor Loss: -5.2499 | Entropy: 2.9610 | Invalid S/B: 0.12/0.00 | Max Load: 4.8 | Load Gap: 1.9 | Group CV: 0.0544
Epoch [729/2000] | Sampled: 392.75 | Baseline: 323.50 | Improvement: -69.25 | Win Rate: 0.00% | Actor Loss: 0.6343 | Entropy: 2.9029 | Invalid S/B: 0.38/0.00 | Max Load: 4.6 | Load Gap: 1.8 | Group CV: 0.0647
Epoch [730/2000] | Sampled: 386.62 | Baseline: 343.00 | Improvement: -43.62 | Win Rate: 12.50% | Actor Loss: -4.8315 | Entropy: 2.9946 | Invalid S/B: 0.12/0.00 | Max Load: 4.9 | Load Gap: 1.9 | Group CV: 0.0398
   -> Validation | Samples: 50 | Makespan: 360.38 | Invalid Jobs: 0.02 | Score: 362.38
Epoch [731/2000] | Sampled: 391.75 | Baseline: 335.50 | Improvement: -56.25 | Win Rate: 0.00% | Actor Loss: -2.0326 | Entropy: 3.0737 | Invalid S/B: 0.12/0.00 | Max Load: 4.9 | Load Gap: 2.0 | Group CV: 0.0364
Epoch [732/2000] | Sampled: 374.38 | Baseline: 323.50 | Improvement: -50.88 | Win Rate: 0.00% | Actor Loss: 1.8944 | Entropy: 3.0786 | Invalid S/B: 0.12/0.00 | Max Load: 5.0 | Load Gap: 2.1 | Group CV: 0.0337
Epoch [733/2000] | Sampled: 363.38 | Baseline: 325.50 | Improvement: -37.88 | Win Rate: 0.00% | Actor Loss: -2.0310 | Entropy: 3.1587 | Invalid S/B: 0.00/0.00 | Max Load: 5.0 | Load Gap: 2.1 | Group CV: 0.0117
Epoch [734/2000] | Sampled: 398.75 | Baseline: 350.00 | Improvement: -48.75 | Win Rate: 0.00% | Actor Loss: -1.8347 | Entropy: 3.2338 | Invalid S/B: 0.12/0.00 | Max Load: 5.0 | Load Gap: 2.0 | Group CV: 0.0508
Epoch [735/2000] | Sampled: 377.00 | Baseline: 327.00 | Improvement: -50.00 | Win Rate: 0.00% | Actor Loss: 3.6064 | Entropy: 3.2681 | Invalid S/B: 0.12/0.00 | Max Load: 5.0 | Load Gap: 2.0 | Group CV: 0.0213
Epoch [736/2000] | Sampled: 368.88 | Baseline: 308.00 | Improvement: -60.88 | Win Rate: 0.00% | Actor Loss: -5.8817 | Entropy: 3.3334 | Invalid S/B: 0.00/0.00 | Max Load: 5.1 | Load Gap: 2.4 | Group CV: 0.0337
Epoch [737/2000] | Sampled: 376.75 | Baseline: 342.50 | Improvement: -34.25 | Win Rate: 0.00% | Actor Loss: -2.1760 | Entropy: 3.1986 | Invalid S/B: 0.12/0.00 | Max Load: 4.6 | Load Gap: 1.6 | Group CV: 0.0441
Epoch [738/2000] | Sampled: 381.88 | Baseline: 319.00 | Improvement: -62.88 | Win Rate: 0.00% | Actor Loss: -5.1803 | Entropy: 3.2849 | Invalid S/B: 0.12/0.00 | Max Load: 4.9 | Load Gap: 2.0 | Group CV: 0.0448
Epoch [739/2000] | Sampled: 374.25 | Baseline: 320.00 | Improvement: -54.25 | Win Rate: 0.00% | Actor Loss: 0.6206 | Entropy: 3.1760 | Invalid S/B: 0.38/0.00 | Max Load: 4.8 | Load Gap: 1.8 | Group CV: 0.0611
Epoch [740/2000] | Sampled: 390.12 | Baseline: 337.50 | Improvement: -52.62 | Win Rate: 0.00% | Actor Loss: -2.0408 | Entropy: 3.0933 | Invalid S/B: 0.38/0.00 | Max Load: 4.9 | Load Gap: 1.9 | Group CV: 0.0785
   -> Validation | Samples: 50 | Makespan: 363.28 | Invalid Jobs: 0.00 | Score: 363.28
Epoch [741/2000] | Sampled: 382.38 | Baseline: 369.50 | Improvement: -12.88 | Win Rate: 50.00% | Actor Loss: 4.9046 | Entropy: 2.9871 | Invalid S/B: 0.12/0.00 | Max Load: 4.6 | Load Gap: 1.6 | Group CV: 0.0449
Epoch [742/2000] | Sampled: 363.12 | Baseline: 323.50 | Improvement: -39.62 | Win Rate: 0.00% | Actor Loss: 3.9381 | Entropy: 2.8534 | Invalid S/B: 0.00/0.00 | Max Load: 4.4 | Load Gap: 1.4 | Group CV: 0.0326
Epoch [743/2000] | Sampled: 359.75 | Baseline: 330.50 | Improvement: -29.25 | Win Rate: 0.00% | Actor Loss: -0.7917 | Entropy: 2.8125 | Invalid S/B: 0.12/0.00 | Max Load: 4.4 | Load Gap: 1.4 | Group CV: 0.0543
Epoch [744/2000] | Sampled: 384.38 | Baseline: 357.00 | Improvement: -27.38 | Win Rate: 25.00% | Actor Loss: -3.9803 | Entropy: 2.8085 | Invalid S/B: 0.12/0.00 | Max Load: 4.6 | Load Gap: 1.6 | Group CV: 0.0644
Epoch [745/2000] | Sampled: 378.00 | Baseline: 317.50 | Improvement: -60.50 | Win Rate: 0.00% | Actor Loss: -6.0073 | Entropy: 2.6900 | Invalid S/B: 0.50/0.00 | Max Load: 4.2 | Load Gap: 1.2 | Group CV: 0.1172
Epoch [746/2000] | Sampled: 386.75 | Baseline: 367.50 | Improvement: -19.25 | Win Rate: 25.00% | Actor Loss: -9.2557 | Entropy: 2.7492 | Invalid S/B: 0.25/0.00 | Max Load: 4.6 | Load Gap: 1.6 | Group CV: 0.0314
Epoch [747/2000] | Sampled: 376.75 | Baseline: 320.50 | Improvement: -56.25 | Win Rate: 0.00% | Actor Loss: 0.3041 | Entropy: 2.6581 | Invalid S/B: 0.12/0.00 | Max Load: 4.5 | Load Gap: 1.5 | Group CV: 0.0594
Epoch [748/2000] | Sampled: 361.00 | Baseline: 344.50 | Improvement: -16.50 | Win Rate: 25.00% | Actor Loss: 2.2396 | Entropy: 2.5654 | Invalid S/B: 0.12/0.00 | Max Load: 4.5 | Load Gap: 1.5 | Group CV: 0.0293
Epoch [749/2000] | Sampled: 406.62 | Baseline: 405.50 | Improvement: -1.12 | Win Rate: 37.50% | Actor Loss: -1.6160 | Entropy: 2.5404 | Invalid S/B: 0.12/0.00 | Max Load: 4.5 | Load Gap: 1.5 | Group CV: 0.0431
Epoch [750/2000] | Sampled: 386.62 | Baseline: 337.50 | Improvement: -49.12 | Win Rate: 0.00% | Actor Loss: 2.3197 | Entropy: 2.4805 | Invalid S/B: 0.00/0.00 | Max Load: 4.6 | Load Gap: 1.6 | Group CV: 0.0227
   -> Validation | Samples: 50 | Makespan: 373.86 | Invalid Jobs: 0.04 | Score: 377.86
Epoch [751/2000] | Sampled: 365.88 | Baseline: 316.00 | Improvement: -49.88 | Win Rate: 0.00% | Actor Loss: -3.3130 | Entropy: 2.4426 | Invalid S/B: 0.00/0.00 | Max Load: 4.6 | Load Gap: 1.6 | Group CV: 0.0315
Epoch [752/2000] | Sampled: 393.62 | Baseline: 340.00 | Improvement: -53.62 | Win Rate: 0.00% | Actor Loss: -2.9330 | Entropy: 2.4220 | Invalid S/B: 0.00/0.00 | Max Load: 4.5 | Load Gap: 1.5 | Group CV: 0.0171
Epoch [753/2000] | Sampled: 374.00 | Baseline: 336.50 | Improvement: -37.50 | Win Rate: 0.00% | Actor Loss: -0.1722 | Entropy: 2.4183 | Invalid S/B: 0.00/0.00 | Max Load: 4.2 | Load Gap: 1.2 | Group CV: 0.0305
Epoch [754/2000] | Sampled: 375.12 | Baseline: 301.00 | Improvement: -74.12 | Win Rate: 0.00% | Actor Loss: 0.2321 | Entropy: 2.4081 | Invalid S/B: 0.00/0.00 | Max Load: 4.8 | Load Gap: 1.8 | Group CV: 0.0264
Epoch [755/2000] | Sampled: 396.38 | Baseline: 328.50 | Improvement: -67.88 | Win Rate: 0.00% | Actor Loss: 4.4345 | Entropy: 2.4131 | Invalid S/B: 0.12/0.00 | Max Load: 4.5 | Load Gap: 1.5 | Group CV: 0.0389
Epoch [756/2000] | Sampled: 374.12 | Baseline: 301.00 | Improvement: -73.12 | Win Rate: 0.00% | Actor Loss: -2.2143 | Entropy: 2.3190 | Invalid S/B: 0.00/0.00 | Max Load: 4.5 | Load Gap: 1.5 | Group CV: 0.0173
Epoch [757/2000] | Sampled: 395.00 | Baseline: 321.00 | Improvement: -74.00 | Win Rate: 0.00% | Actor Loss: -2.2904 | Entropy: 2.4179 | Invalid S/B: 0.00/0.00 | Max Load: 4.5 | Load Gap: 1.5 | Group CV: 0.0215
Epoch [758/2000] | Sampled: 387.88 | Baseline: 325.50 | Improvement: -62.38 | Win Rate: 0.00% | Actor Loss: -0.0978 | Entropy: 2.4134 | Invalid S/B: 0.00/0.00 | Max Load: 4.6 | Load Gap: 1.6 | Group CV: 0.0407
Epoch [759/2000] | Sampled: 401.50 | Baseline: 372.50 | Improvement: -29.00 | Win Rate: 25.00% | Actor Loss: -1.9124 | Entropy: 2.4132 | Invalid S/B: 0.12/0.00 | Max Load: 4.8 | Load Gap: 1.8 | Group CV: 0.0661
Epoch [760/2000] | Sampled: 392.25 | Baseline: 312.00 | Improvement: -80.25 | Win Rate: 0.00% | Actor Loss: 0.6395 | Entropy: 2.5286 | Invalid S/B: 0.12/0.00 | Max Load: 4.5 | Load Gap: 1.5 | Group CV: 0.0218
   -> Validation | Samples: 50 | Makespan: 365.76 | Invalid Jobs: 0.00 | Score: 365.76
Epoch [761/2000] | Sampled: 412.88 | Baseline: 334.00 | Improvement: -78.88 | Win Rate: 0.00% | Actor Loss: 2.6312 | Entropy: 2.4824 | Invalid S/B: 0.00/0.00 | Max Load: 4.8 | Load Gap: 1.8 | Group CV: 0.0250
Epoch [762/2000] | Sampled: 430.12 | Baseline: 328.00 | Improvement: -102.12 | Win Rate: 0.00% | Actor Loss: -1.0821 | Entropy: 2.5346 | Invalid S/B: 0.00/0.00 | Max Load: 5.2 | Load Gap: 2.2 | Group CV: 0.0453
Epoch [763/2000] | Sampled: 426.25 | Baseline: 327.50 | Improvement: -98.75 | Win Rate: 0.00% | Actor Loss: -3.8819 | Entropy: 2.5767 | Invalid S/B: 0.12/0.00 | Max Load: 5.0 | Load Gap: 2.0 | Group CV: 0.0674
Epoch [764/2000] | Sampled: 442.12 | Baseline: 327.00 | Improvement: -115.12 | Win Rate: 0.00% | Actor Loss: -3.7986 | Entropy: 2.5911 | Invalid S/B: 0.00/0.00 | Max Load: 5.2 | Load Gap: 2.4 | Group CV: 0.0502
Epoch [765/2000] | Sampled: 433.25 | Baseline: 359.50 | Improvement: -73.75 | Win Rate: 12.50% | Actor Loss: -8.4964 | Entropy: 2.5509 | Invalid S/B: 0.00/0.00 | Max Load: 5.0 | Load Gap: 2.5 | Group CV: 0.0439
Epoch [766/2000] | Sampled: 435.38 | Baseline: 375.00 | Improvement: -60.38 | Win Rate: 0.00% | Actor Loss: -6.6111 | Entropy: 2.5828 | Invalid S/B: 0.00/0.00 | Max Load: 4.9 | Load Gap: 2.0 | Group CV: 0.0215
Epoch [767/2000] | Sampled: 472.75 | Baseline: 336.00 | Improvement: -136.75 | Win Rate: 0.00% | Actor Loss: -5.6793 | Entropy: 2.6325 | Invalid S/B: 0.00/0.00 | Max Load: 4.9 | Load Gap: 1.9 | Group CV: 0.0699
Epoch [768/2000] | Sampled: 436.25 | Baseline: 336.50 | Improvement: -99.75 | Win Rate: 0.00% | Actor Loss: 3.5385 | Entropy: 2.5480 | Invalid S/B: 0.00/0.00 | Max Load: 5.0 | Load Gap: 2.0 | Group CV: 0.0390
Epoch [769/2000] | Sampled: 458.62 | Baseline: 337.50 | Improvement: -121.12 | Win Rate: 0.00% | Actor Loss: -8.9295 | Entropy: 2.5448 | Invalid S/B: 0.00/0.00 | Max Load: 5.1 | Load Gap: 2.1 | Group CV: 0.0536
Epoch [770/2000] | Sampled: 439.50 | Baseline: 356.00 | Improvement: -83.50 | Win Rate: 0.00% | Actor Loss: -4.4945 | Entropy: 2.5572 | Invalid S/B: 0.00/0.00 | Max Load: 5.0 | Load Gap: 2.0 | Group CV: 0.0324
   -> Validation | Samples: 50 | Makespan: 366.08 | Invalid Jobs: 0.02 | Score: 368.08
Epoch [771/2000] | Sampled: 446.38 | Baseline: 340.00 | Improvement: -106.38 | Win Rate: 0.00% | Actor Loss: -4.1175 | Entropy: 2.5370 | Invalid S/B: 0.00/0.00 | Max Load: 4.9 | Load Gap: 2.0 | Group CV: 0.0419
Epoch [772/2000] | Sampled: 460.38 | Baseline: 327.50 | Improvement: -132.88 | Win Rate: 0.00% | Actor Loss: -3.6094 | Entropy: 2.4729 | Invalid S/B: 0.00/0.00 | Max Load: 5.1 | Load Gap: 2.2 | Group CV: 0.0420
Epoch [773/2000] | Sampled: 444.50 | Baseline: 344.00 | Improvement: -100.50 | Win Rate: 0.00% | Actor Loss: -2.5829 | Entropy: 2.4997 | Invalid S/B: 0.00/0.00 | Max Load: 5.0 | Load Gap: 2.0 | Group CV: 0.0567
Epoch [774/2000] | Sampled: 436.12 | Baseline: 310.00 | Improvement: -126.12 | Win Rate: 0.00% | Actor Loss: -5.0180 | Entropy: 2.5003 | Invalid S/B: 0.00/0.00 | Max Load: 5.0 | Load Gap: 2.1 | Group CV: 0.0463
Epoch [775/2000] | Sampled: 431.62 | Baseline: 341.50 | Improvement: -90.12 | Win Rate: 0.00% | Actor Loss: -1.8771 | Entropy: 2.3898 | Invalid S/B: 0.00/0.00 | Max Load: 4.9 | Load Gap: 1.9 | Group CV: 0.0529
Epoch [776/2000] | Sampled: 444.12 | Baseline: 384.00 | Improvement: -60.12 | Win Rate: 25.00% | Actor Loss: -9.0187 | Entropy: 2.3714 | Invalid S/B: 0.12/0.50 | Max Load: 5.0 | Load Gap: 2.0 | Group CV: 0.0789
Epoch [777/2000] | Sampled: 402.62 | Baseline: 322.00 | Improvement: -80.62 | Win Rate: 0.00% | Actor Loss: 6.8505 | Entropy: 2.2801 | Invalid S/B: 0.00/0.00 | Max Load: 4.5 | Load Gap: 1.5 | Group CV: 0.0633
Epoch [778/2000] | Sampled: 409.62 | Baseline: 365.00 | Improvement: -44.62 | Win Rate: 25.00% | Actor Loss: -4.0145 | Entropy: 2.2590 | Invalid S/B: 0.00/0.50 | Max Load: 5.0 | Load Gap: 2.0 | Group CV: 0.0607
Epoch [779/2000] | Sampled: 417.00 | Baseline: 349.00 | Improvement: -68.00 | Win Rate: 0.00% | Actor Loss: -2.6387 | Entropy: 2.1566 | Invalid S/B: 0.00/0.00 | Max Load: 4.6 | Load Gap: 1.6 | Group CV: 0.0332
Epoch [780/2000] | Sampled: 403.88 | Baseline: 368.50 | Improvement: -35.38 | Win Rate: 50.00% | Actor Loss: 3.7111 | Entropy: 2.1842 | Invalid S/B: 0.00/0.00 | Max Load: 4.5 | Load Gap: 1.5 | Group CV: 0.0128
   -> Validation | Samples: 50 | Makespan: 360.52 | Invalid Jobs: 0.02 | Score: 362.52
Epoch [781/2000] | Sampled: 412.88 | Baseline: 338.00 | Improvement: -74.88 | Win Rate: 0.00% | Actor Loss: 5.2936 | Entropy: 2.1448 | Invalid S/B: 0.00/0.00 | Max Load: 4.8 | Load Gap: 1.8 | Group CV: 0.0504
Epoch [782/2000] | Sampled: 406.75 | Baseline: 321.50 | Improvement: -85.25 | Win Rate: 0.00% | Actor Loss: 0.4367 | Entropy: 2.1803 | Invalid S/B: 0.00/0.00 | Max Load: 4.8 | Load Gap: 1.9 | Group CV: 0.0571
Epoch [783/2000] | Sampled: 414.00 | Baseline: 330.00 | Improvement: -84.00 | Win Rate: 0.00% | Actor Loss: -5.1019 | Entropy: 2.1316 | Invalid S/B: 0.00/0.00 | Max Load: 5.0 | Load Gap: 2.1 | Group CV: 0.0406
Epoch [784/2000] | Sampled: 404.38 | Baseline: 321.50 | Improvement: -82.88 | Win Rate: 0.00% | Actor Loss: -1.9504 | Entropy: 2.1473 | Invalid S/B: 0.00/0.00 | Max Load: 4.9 | Load Gap: 1.9 | Group CV: 0.0246
Epoch [785/2000] | Sampled: 414.00 | Baseline: 332.00 | Improvement: -82.00 | Win Rate: 0.00% | Actor Loss: 1.6734 | Entropy: 2.1198 | Invalid S/B: 0.00/0.00 | Max Load: 4.9 | Load Gap: 1.9 | Group CV: 0.0287
Epoch [786/2000] | Sampled: 407.25 | Baseline: 320.50 | Improvement: -86.75 | Win Rate: 0.00% | Actor Loss: -0.7618 | Entropy: 2.1795 | Invalid S/B: 0.00/0.00 | Max Load: 4.9 | Load Gap: 1.9 | Group CV: 0.0504
Epoch [787/2000] | Sampled: 405.25 | Baseline: 332.00 | Improvement: -73.25 | Win Rate: 0.00% | Actor Loss: -9.6652 | Entropy: 2.1399 | Invalid S/B: 0.00/0.00 | Max Load: 5.0 | Load Gap: 2.0 | Group CV: 0.0472
Epoch [788/2000] | Sampled: 395.25 | Baseline: 364.50 | Improvement: -30.75 | Win Rate: 25.00% | Actor Loss: -0.2382 | Entropy: 2.1677 | Invalid S/B: 0.00/0.00 | Max Load: 4.9 | Load Gap: 1.9 | Group CV: 0.0345
Epoch [789/2000] | Sampled: 406.25 | Baseline: 351.00 | Improvement: -55.25 | Win Rate: 0.00% | Actor Loss: -1.5599 | Entropy: 2.1654 | Invalid S/B: 0.00/0.00 | Max Load: 4.8 | Load Gap: 1.8 | Group CV: 0.0453
Epoch [790/2000] | Sampled: 408.62 | Baseline: 315.50 | Improvement: -93.12 | Win Rate: 0.00% | Actor Loss: -6.9857 | Entropy: 2.1509 | Invalid S/B: 0.00/0.00 | Max Load: 4.9 | Load Gap: 1.9 | Group CV: 0.0528
   -> Validation | Samples: 50 | Makespan: 356.64 | Invalid Jobs: 0.00 | Score: 356.64
Epoch [791/2000] | Sampled: 401.12 | Baseline: 331.50 | Improvement: -69.62 | Win Rate: 0.00% | Actor Loss: -4.9674 | Entropy: 2.2444 | Invalid S/B: 0.00/0.00 | Max Load: 4.4 | Load Gap: 1.4 | Group CV: 0.0258
Epoch [792/2000] | Sampled: 404.12 | Baseline: 306.50 | Improvement: -97.62 | Win Rate: 0.00% | Actor Loss: -1.0148 | Entropy: 2.1823 | Invalid S/B: 0.12/0.00 | Max Load: 4.6 | Load Gap: 1.6 | Group CV: 0.0366
Epoch [793/2000] | Sampled: 389.62 | Baseline: 320.50 | Improvement: -69.12 | Win Rate: 0.00% | Actor Loss: -5.6234 | Entropy: 2.2406 | Invalid S/B: 0.00/0.00 | Max Load: 4.4 | Load Gap: 1.4 | Group CV: 0.0347
Epoch [794/2000] | Sampled: 394.50 | Baseline: 336.00 | Improvement: -58.50 | Win Rate: 0.00% | Actor Loss: 3.0152 | Entropy: 2.2093 | Invalid S/B: 0.00/0.00 | Max Load: 4.6 | Load Gap: 1.9 | Group CV: 0.0321
Epoch [795/2000] | Sampled: 399.00 | Baseline: 346.00 | Improvement: -53.00 | Win Rate: 0.00% | Actor Loss: -10.3228 | Entropy: 2.2538 | Invalid S/B: 0.00/0.00 | Max Load: 4.9 | Load Gap: 1.9 | Group CV: 0.0488
Epoch [796/2000] | Sampled: 392.50 | Baseline: 324.00 | Improvement: -68.50 | Win Rate: 0.00% | Actor Loss: 4.1517 | Entropy: 2.2680 | Invalid S/B: 0.12/0.00 | Max Load: 4.6 | Load Gap: 1.6 | Group CV: 0.0341
Epoch [797/2000] | Sampled: 401.88 | Baseline: 314.00 | Improvement: -87.88 | Win Rate: 0.00% | Actor Loss: -7.2006 | Entropy: 2.2772 | Invalid S/B: 0.00/0.00 | Max Load: 4.6 | Load Gap: 1.6 | Group CV: 0.0221
Epoch [798/2000] | Sampled: 387.25 | Baseline: 324.00 | Improvement: -63.25 | Win Rate: 0.00% | Actor Loss: -7.8715 | Entropy: 2.3472 | Invalid S/B: 0.12/0.00 | Max Load: 4.2 | Load Gap: 1.2 | Group CV: 0.0470
Epoch [799/2000] | Sampled: 388.38 | Baseline: 341.00 | Improvement: -47.38 | Win Rate: 0.00% | Actor Loss: -0.5105 | Entropy: 2.2554 | Invalid S/B: 0.00/0.00 | Max Load: 4.2 | Load Gap: 1.2 | Group CV: 0.0270
Epoch [800/2000] | Sampled: 382.12 | Baseline: 326.50 | Improvement: -55.62 | Win Rate: 0.00% | Actor Loss: 3.4430 | Entropy: 2.2623 | Invalid S/B: 0.00/0.00 | Max Load: 4.8 | Load Gap: 1.8 | Group CV: 0.0255
   -> Validation | Samples: 50 | Makespan: 354.54 | Invalid Jobs: 0.00 | Score: 354.54
   -> Saved updated training chart to /home/wei/Desktop/AMR-DFJSP/Static_alogorithm/Attention/attention_training_metrics.png
Epoch [801/2000] | Sampled: 380.38 | Baseline: 333.50 | Improvement: -46.88 | Win Rate: 0.00% | Actor Loss: 1.0894 | Entropy: 2.3143 | Invalid S/B: 0.00/0.00 | Max Load: 4.6 | Load Gap: 1.6 | Group CV: 0.0142
Epoch [802/2000] | Sampled: 370.12 | Baseline: 327.00 | Improvement: -43.12 | Win Rate: 0.00% | Actor Loss: 0.1973 | Entropy: 2.3341 | Invalid S/B: 0.00/0.00 | Max Load: 4.4 | Load Gap: 1.4 | Group CV: 0.0235
Epoch [803/2000] | Sampled: 368.12 | Baseline: 348.50 | Improvement: -19.62 | Win Rate: 50.00% | Actor Loss: -1.3102 | Entropy: 2.3857 | Invalid S/B: 0.00/0.00 | Max Load: 4.5 | Load Gap: 1.5 | Group CV: 0.0240
Epoch [804/2000] | Sampled: 377.38 | Baseline: 341.50 | Improvement: -35.88 | Win Rate: 0.00% | Actor Loss: 0.2199 | Entropy: 2.4792 | Invalid S/B: 0.00/0.00 | Max Load: 4.5 | Load Gap: 1.5 | Group CV: 0.0250
Epoch [805/2000] | Sampled: 381.25 | Baseline: 339.00 | Improvement: -42.25 | Win Rate: 0.00% | Actor Loss: -1.8923 | Entropy: 2.5099 | Invalid S/B: 0.00/0.00 | Max Load: 4.4 | Load Gap: 1.4 | Group CV: 0.0303
Epoch [806/2000] | Sampled: 380.75 | Baseline: 344.50 | Improvement: -36.25 | Win Rate: 0.00% | Actor Loss: -2.0813 | Entropy: 2.5830 | Invalid S/B: 0.12/0.00 | Max Load: 4.5 | Load Gap: 1.5 | Group CV: 0.0365
Epoch [807/2000] | Sampled: 374.38 | Baseline: 338.50 | Improvement: -35.88 | Win Rate: 0.00% | Actor Loss: 5.4172 | Entropy: 2.5289 | Invalid S/B: 0.00/0.00 | Max Load: 4.2 | Load Gap: 1.2 | Group CV: 0.0159
Epoch [808/2000] | Sampled: 371.75 | Baseline: 339.50 | Improvement: -32.25 | Win Rate: 37.50% | Actor Loss: 2.3707 | Entropy: 2.5271 | Invalid S/B: 0.00/0.00 | Max Load: 4.2 | Load Gap: 1.2 | Group CV: 0.0170
Epoch [809/2000] | Sampled: 366.75 | Baseline: 313.50 | Improvement: -53.25 | Win Rate: 0.00% | Actor Loss: -6.2911 | Entropy: 2.5489 | Invalid S/B: 0.00/0.00 | Max Load: 4.2 | Load Gap: 1.2 | Group CV: 0.0217
Epoch [810/2000] | Sampled: 381.75 | Baseline: 336.50 | Improvement: -45.25 | Win Rate: 0.00% | Actor Loss: 0.8809 | Entropy: 2.5700 | Invalid S/B: 0.00/0.00 | Max Load: 4.1 | Load Gap: 1.1 | Group CV: 0.0212
   -> Validation | Samples: 50 | Makespan: 362.54 | Invalid Jobs: 0.06 | Score: 368.54
Epoch [811/2000] | Sampled: 377.00 | Baseline: 331.50 | Improvement: -45.50 | Win Rate: 0.00% | Actor Loss: -6.0220 | Entropy: 2.5329 | Invalid S/B: 0.00/0.00 | Max Load: 4.5 | Load Gap: 1.5 | Group CV: 0.0194
Epoch [812/2000] | Sampled: 382.50 | Baseline: 313.50 | Improvement: -69.00 | Win Rate: 0.00% | Actor Loss: 0.9690 | Entropy: 2.5059 | Invalid S/B: 0.00/0.00 | Max Load: 4.2 | Load Gap: 1.2 | Group CV: 0.0324
Epoch [813/2000] | Sampled: 389.00 | Baseline: 354.00 | Improvement: -35.00 | Win Rate: 0.00% | Actor Loss: 2.9856 | Entropy: 2.5178 | Invalid S/B: 0.00/0.00 | Max Load: 4.6 | Load Gap: 1.6 | Group CV: 0.0146
Epoch [814/2000] | Sampled: 382.00 | Baseline: 343.00 | Improvement: -39.00 | Win Rate: 0.00% | Actor Loss: -1.7845 | Entropy: 2.5853 | Invalid S/B: 0.12/0.00 | Max Load: 4.2 | Load Gap: 1.2 | Group CV: 0.0471
Epoch [815/2000] | Sampled: 388.00 | Baseline: 342.50 | Improvement: -45.50 | Win Rate: 25.00% | Actor Loss: 1.5484 | Entropy: 2.5472 | Invalid S/B: 0.12/0.00 | Max Load: 4.2 | Load Gap: 1.4 | Group CV: 0.0550
Epoch [816/2000] | Sampled: 378.88 | Baseline: 304.00 | Improvement: -74.88 | Win Rate: 0.00% | Actor Loss: -2.4963 | Entropy: 2.5847 | Invalid S/B: 0.00/0.00 | Max Load: 4.2 | Load Gap: 1.2 | Group CV: 0.0237
Epoch [817/2000] | Sampled: 369.50 | Baseline: 318.00 | Improvement: -51.50 | Win Rate: 0.00% | Actor Loss: -0.4864 | Entropy: 2.6499 | Invalid S/B: 0.00/0.00 | Max Load: 4.5 | Load Gap: 1.5 | Group CV: 0.0269
Epoch [818/2000] | Sampled: 386.12 | Baseline: 308.00 | Improvement: -78.12 | Win Rate: 0.00% | Actor Loss: -8.4543 | Entropy: 2.6134 | Invalid S/B: 0.00/0.00 | Max Load: 4.2 | Load Gap: 1.2 | Group CV: 0.0368
Epoch [819/2000] | Sampled: 387.50 | Baseline: 335.00 | Improvement: -52.50 | Win Rate: 0.00% | Actor Loss: 2.5145 | Entropy: 2.5538 | Invalid S/B: 0.00/0.00 | Max Load: 4.4 | Load Gap: 1.4 | Group CV: 0.0225
Epoch [820/2000] | Sampled: 395.75 | Baseline: 319.50 | Improvement: -76.25 | Win Rate: 0.00% | Actor Loss: -4.2897 | Entropy: 2.5526 | Invalid S/B: 0.00/0.00 | Max Load: 4.6 | Load Gap: 1.6 | Group CV: 0.0427
   -> Validation | Samples: 50 | Makespan: 361.34 | Invalid Jobs: 0.00 | Score: 361.34
Epoch [821/2000] | Sampled: 384.12 | Baseline: 320.00 | Improvement: -64.12 | Win Rate: 0.00% | Actor Loss: 0.4474 | Entropy: 2.5615 | Invalid S/B: 0.00/0.00 | Max Load: 4.2 | Load Gap: 1.2 | Group CV: 0.0285
Epoch [822/2000] | Sampled: 383.00 | Baseline: 332.00 | Improvement: -51.00 | Win Rate: 0.00% | Actor Loss: -0.6697 | Entropy: 2.5965 | Invalid S/B: 0.00/0.00 | Max Load: 4.1 | Load Gap: 1.2 | Group CV: 0.0176
Epoch [823/2000] | Sampled: 376.62 | Baseline: 339.00 | Improvement: -37.62 | Win Rate: 0.00% | Actor Loss: -2.0676 | Entropy: 2.6033 | Invalid S/B: 0.00/0.00 | Max Load: 4.5 | Load Gap: 1.5 | Group CV: 0.0243
Epoch [824/2000] | Sampled: 384.62 | Baseline: 325.50 | Improvement: -59.12 | Win Rate: 0.00% | Actor Loss: 2.7724 | Entropy: 2.5246 | Invalid S/B: 0.00/0.00 | Max Load: 4.6 | Load Gap: 1.6 | Group CV: 0.0209
Epoch [825/2000] | Sampled: 374.50 | Baseline: 316.50 | Improvement: -58.00 | Win Rate: 0.00% | Actor Loss: -3.6475 | Entropy: 2.5821 | Invalid S/B: 0.00/0.00 | Max Load: 4.2 | Load Gap: 1.2 | Group CV: 0.0265
Epoch [826/2000] | Sampled: 377.38 | Baseline: 322.50 | Improvement: -54.88 | Win Rate: 0.00% | Actor Loss: -0.4835 | Entropy: 2.5297 | Invalid S/B: 0.00/0.00 | Max Load: 4.5 | Load Gap: 1.5 | Group CV: 0.0176
Epoch [827/2000] | Sampled: 386.50 | Baseline: 363.50 | Improvement: -23.00 | Win Rate: 12.50% | Actor Loss: -2.2740 | Entropy: 2.5546 | Invalid S/B: 0.00/0.00 | Max Load: 4.4 | Load Gap: 1.4 | Group CV: 0.0240
Epoch [828/2000] | Sampled: 381.75 | Baseline: 351.00 | Improvement: -30.75 | Win Rate: 0.00% | Actor Loss: 1.0701 | Entropy: 2.5197 | Invalid S/B: 0.00/0.00 | Max Load: 4.2 | Load Gap: 1.2 | Group CV: 0.0334
Epoch [829/2000] | Sampled: 375.88 | Baseline: 317.00 | Improvement: -58.88 | Win Rate: 0.00% | Actor Loss: -1.4835 | Entropy: 2.5148 | Invalid S/B: 0.00/0.00 | Max Load: 4.5 | Load Gap: 1.5 | Group CV: 0.0254
Epoch [830/2000] | Sampled: 389.50 | Baseline: 316.50 | Improvement: -73.00 | Win Rate: 0.00% | Actor Loss: -1.4839 | Entropy: 2.4965 | Invalid S/B: 0.12/0.00 | Max Load: 4.2 | Load Gap: 1.2 | Group CV: 0.0622
   -> Validation | Samples: 50 | Makespan: 358.10 | Invalid Jobs: 0.00 | Score: 358.10
Epoch [831/2000] | Sampled: 368.88 | Baseline: 304.00 | Improvement: -64.88 | Win Rate: 0.00% | Actor Loss: -1.4640 | Entropy: 2.5372 | Invalid S/B: 0.00/0.00 | Max Load: 4.5 | Load Gap: 1.5 | Group CV: 0.0146
Epoch [832/2000] | Sampled: 376.00 | Baseline: 325.00 | Improvement: -51.00 | Win Rate: 0.00% | Actor Loss: -3.9311 | Entropy: 2.5276 | Invalid S/B: 0.00/0.00 | Max Load: 4.5 | Load Gap: 1.5 | Group CV: 0.0271
Epoch [833/2000] | Sampled: 378.00 | Baseline: 297.00 | Improvement: -81.00 | Win Rate: 0.00% | Actor Loss: 2.6024 | Entropy: 2.5318 | Invalid S/B: 0.12/0.00 | Max Load: 4.4 | Load Gap: 1.4 | Group CV: 0.0543
Epoch [834/2000] | Sampled: 391.25 | Baseline: 349.50 | Improvement: -41.75 | Win Rate: 0.00% | Actor Loss: -2.3758 | Entropy: 2.4799 | Invalid S/B: 0.00/0.00 | Max Load: 4.4 | Load Gap: 1.4 | Group CV: 0.0288
Epoch [835/2000] | Sampled: 366.12 | Baseline: 346.00 | Improvement: -20.12 | Win Rate: 25.00% | Actor Loss: 0.7733 | Entropy: 2.4973 | Invalid S/B: 0.00/0.00 | Max Load: 4.5 | Load Gap: 1.5 | Group CV: 0.0351
Epoch [836/2000] | Sampled: 367.88 | Baseline: 318.00 | Improvement: -49.88 | Win Rate: 0.00% | Actor Loss: 0.6896 | Entropy: 2.5469 | Invalid S/B: 0.00/0.00 | Max Load: 4.5 | Load Gap: 1.5 | Group CV: 0.0124
Epoch [837/2000] | Sampled: 373.00 | Baseline: 312.00 | Improvement: -61.00 | Win Rate: 0.00% | Actor Loss: -4.9864 | Entropy: 2.4400 | Invalid S/B: 0.00/0.00 | Max Load: 4.2 | Load Gap: 1.2 | Group CV: 0.0310
Epoch [838/2000] | Sampled: 372.50 | Baseline: 327.50 | Improvement: -45.00 | Win Rate: 0.00% | Actor Loss: 4.4701 | Entropy: 2.4538 | Invalid S/B: 0.00/0.00 | Max Load: 4.4 | Load Gap: 1.4 | Group CV: 0.0277
Epoch [839/2000] | Sampled: 373.75 | Baseline: 344.50 | Improvement: -29.25 | Win Rate: 50.00% | Actor Loss: -0.2549 | Entropy: 2.4715 | Invalid S/B: 0.00/0.00 | Max Load: 4.2 | Load Gap: 1.2 | Group CV: 0.0150
Epoch [840/2000] | Sampled: 368.75 | Baseline: 336.50 | Improvement: -32.25 | Win Rate: 0.00% | Actor Loss: -5.2137 | Entropy: 2.4584 | Invalid S/B: 0.00/0.00 | Max Load: 4.2 | Load Gap: 1.2 | Group CV: 0.0284
   -> Validation | Samples: 50 | Makespan: 355.84 | Invalid Jobs: 0.00 | Score: 355.84
Epoch [841/2000] | Sampled: 371.88 | Baseline: 306.00 | Improvement: -65.88 | Win Rate: 0.00% | Actor Loss: -0.5112 | Entropy: 2.5402 | Invalid S/B: 0.00/0.00 | Max Load: 4.6 | Load Gap: 1.6 | Group CV: 0.0254
Epoch [842/2000] | Sampled: 365.25 | Baseline: 324.50 | Improvement: -40.75 | Win Rate: 0.00% | Actor Loss: -5.9395 | Entropy: 2.5157 | Invalid S/B: 0.00/0.00 | Max Load: 4.2 | Load Gap: 1.2 | Group CV: 0.0119
Epoch [843/2000] | Sampled: 381.62 | Baseline: 333.00 | Improvement: -48.62 | Win Rate: 0.00% | Actor Loss: -1.1746 | Entropy: 2.4780 | Invalid S/B: 0.12/0.00 | Max Load: 4.2 | Load Gap: 1.2 | Group CV: 0.0365
Epoch [844/2000] | Sampled: 370.25 | Baseline: 302.50 | Improvement: -67.75 | Win Rate: 0.00% | Actor Loss: 2.7658 | Entropy: 2.4329 | Invalid S/B: 0.00/0.00 | Max Load: 4.5 | Load Gap: 1.5 | Group CV: 0.0233
Epoch [845/2000] | Sampled: 371.00 | Baseline: 324.00 | Improvement: -47.00 | Win Rate: 0.00% | Actor Loss: 0.1637 | Entropy: 2.4699 | Invalid S/B: 0.00/0.00 | Max Load: 4.1 | Load Gap: 1.1 | Group CV: 0.0184
Epoch [846/2000] | Sampled: 380.00 | Baseline: 316.00 | Improvement: -64.00 | Win Rate: 0.00% | Actor Loss: -1.6880 | Entropy: 2.4411 | Invalid S/B: 0.00/0.00 | Max Load: 4.4 | Load Gap: 1.4 | Group CV: 0.0346
Epoch [847/2000] | Sampled: 369.00 | Baseline: 320.00 | Improvement: -49.00 | Win Rate: 0.00% | Actor Loss: 3.5322 | Entropy: 2.3935 | Invalid S/B: 0.00/0.00 | Max Load: 4.2 | Load Gap: 1.2 | Group CV: 0.0135
Epoch [848/2000] | Sampled: 378.62 | Baseline: 315.00 | Improvement: -63.62 | Win Rate: 0.00% | Actor Loss: 0.2664 | Entropy: 2.3363 | Invalid S/B: 0.12/0.00 | Max Load: 4.0 | Load Gap: 1.0 | Group CV: 0.0576
Epoch [849/2000] | Sampled: 366.88 | Baseline: 322.50 | Improvement: -44.38 | Win Rate: 0.00% | Actor Loss: 2.6904 | Entropy: 2.3665 | Invalid S/B: 0.00/0.00 | Max Load: 4.2 | Load Gap: 1.2 | Group CV: 0.0246
Epoch [850/2000] | Sampled: 379.12 | Baseline: 341.00 | Improvement: -38.12 | Win Rate: 0.00% | Actor Loss: -3.2109 | Entropy: 2.2909 | Invalid S/B: 0.00/0.00 | Max Load: 4.2 | Load Gap: 1.2 | Group CV: 0.0223
   -> Validation | Samples: 50 | Makespan: 359.44 | Invalid Jobs: 0.02 | Score: 361.44
Epoch [851/2000] | Sampled: 364.12 | Baseline: 347.00 | Improvement: -17.12 | Win Rate: 0.00% | Actor Loss: 4.8312 | Entropy: 2.3512 | Invalid S/B: 0.00/0.00 | Max Load: 4.4 | Load Gap: 1.4 | Group CV: 0.0208
Epoch [852/2000] | Sampled: 367.50 | Baseline: 316.00 | Improvement: -51.50 | Win Rate: 0.00% | Actor Loss: -1.2714 | Entropy: 2.2913 | Invalid S/B: 0.00/0.00 | Max Load: 4.5 | Load Gap: 1.5 | Group CV: 0.0209
Epoch [853/2000] | Sampled: 388.88 | Baseline: 377.50 | Improvement: -11.38 | Win Rate: 37.50% | Actor Loss: 2.0371 | Entropy: 2.2319 | Invalid S/B: 0.12/0.00 | Max Load: 4.2 | Load Gap: 1.2 | Group CV: 0.0493
Epoch [854/2000] | Sampled: 382.75 | Baseline: 357.50 | Improvement: -25.25 | Win Rate: 50.00% | Actor Loss: -2.8608 | Entropy: 2.1667 | Invalid S/B: 0.00/0.00 | Max Load: 4.6 | Load Gap: 1.6 | Group CV: 0.0266
Epoch [855/2000] | Sampled: 373.12 | Baseline: 348.00 | Improvement: -25.12 | Win Rate: 0.00% | Actor Loss: -1.7461 | Entropy: 2.1210 | Invalid S/B: 0.00/0.00 | Max Load: 4.1 | Load Gap: 1.1 | Group CV: 0.0128
Epoch [856/2000] | Sampled: 363.38 | Baseline: 334.00 | Improvement: -29.38 | Win Rate: 37.50% | Actor Loss: -6.2653 | Entropy: 2.0892 | Invalid S/B: 0.00/0.00 | Max Load: 4.2 | Load Gap: 1.2 | Group CV: 0.0214
Epoch [857/2000] | Sampled: 374.62 | Baseline: 332.50 | Improvement: -42.12 | Win Rate: 0.00% | Actor Loss: -7.0751 | Entropy: 1.9640 | Invalid S/B: 0.00/0.00 | Max Load: 4.5 | Load Gap: 1.5 | Group CV: 0.0155
Epoch [858/2000] | Sampled: 375.88 | Baseline: 324.50 | Improvement: -51.38 | Win Rate: 0.00% | Actor Loss: 2.1863 | Entropy: 1.9172 | Invalid S/B: 0.00/0.00 | Max Load: 4.4 | Load Gap: 1.4 | Group CV: 0.0120
Epoch [859/2000] | Sampled: 375.75 | Baseline: 312.50 | Improvement: -63.25 | Win Rate: 0.00% | Actor Loss: 3.8177 | Entropy: 1.9202 | Invalid S/B: 0.00/0.00 | Max Load: 4.4 | Load Gap: 1.4 | Group CV: 0.0189
Epoch [860/2000] | Sampled: 388.38 | Baseline: 337.00 | Improvement: -51.38 | Win Rate: 0.00% | Actor Loss: 0.0277 | Entropy: 1.9674 | Invalid S/B: 0.12/0.00 | Max Load: 4.1 | Load Gap: 1.1 | Group CV: 0.0373
   -> Validation | Samples: 50 | Makespan: 366.68 | Invalid Jobs: 0.02 | Score: 368.68
Epoch [861/2000] | Sampled: 366.88 | Baseline: 349.50 | Improvement: -17.38 | Win Rate: 25.00% | Actor Loss: 5.1268 | Entropy: 2.0288 | Invalid S/B: 0.00/0.00 | Max Load: 4.2 | Load Gap: 1.2 | Group CV: 0.0225
Epoch [862/2000] | Sampled: 382.75 | Baseline: 351.50 | Improvement: -31.25 | Win Rate: 25.00% | Actor Loss: 3.8718 | Entropy: 2.0466 | Invalid S/B: 0.12/0.00 | Max Load: 4.1 | Load Gap: 1.1 | Group CV: 0.0527
Epoch [863/2000] | Sampled: 372.50 | Baseline: 347.00 | Improvement: -25.50 | Win Rate: 12.50% | Actor Loss: -3.9911 | Entropy: 2.0622 | Invalid S/B: 0.00/0.00 | Max Load: 4.4 | Load Gap: 1.4 | Group CV: 0.0224
Epoch [864/2000] | Sampled: 376.00 | Baseline: 327.50 | Improvement: -48.50 | Win Rate: 12.50% | Actor Loss: -2.1832 | Entropy: 2.1243 | Invalid S/B: 0.12/0.00 | Max Load: 4.6 | Load Gap: 1.6 | Group CV: 0.0418
Epoch [865/2000] | Sampled: 370.88 | Baseline: 312.50 | Improvement: -58.38 | Win Rate: 0.00% | Actor Loss: -1.4229 | Entropy: 2.0332 | Invalid S/B: 0.00/0.00 | Max Load: 4.2 | Load Gap: 1.2 | Group CV: 0.0198
Epoch [866/2000] | Sampled: 383.12 | Baseline: 311.00 | Improvement: -72.12 | Win Rate: 0.00% | Actor Loss: -4.7871 | Entropy: 2.1598 | Invalid S/B: 0.12/0.00 | Max Load: 4.4 | Load Gap: 1.4 | Group CV: 0.0324
Epoch [867/2000] | Sampled: 377.12 | Baseline: 314.50 | Improvement: -62.62 | Win Rate: 0.00% | Actor Loss: 5.0141 | Entropy: 2.2137 | Invalid S/B: 0.00/0.00 | Max Load: 4.5 | Load Gap: 1.6 | Group CV: 0.0272
Epoch [868/2000] | Sampled: 381.75 | Baseline: 323.50 | Improvement: -58.25 | Win Rate: 0.00% | Actor Loss: -4.1806 | Entropy: 2.1232 | Invalid S/B: 0.00/0.00 | Max Load: 4.5 | Load Gap: 1.6 | Group CV: 0.0460
Epoch [869/2000] | Sampled: 385.25 | Baseline: 313.00 | Improvement: -72.25 | Win Rate: 0.00% | Actor Loss: -3.1927 | Entropy: 2.1883 | Invalid S/B: 0.00/0.00 | Max Load: 4.5 | Load Gap: 1.6 | Group CV: 0.0474
Epoch [870/2000] | Sampled: 393.00 | Baseline: 321.50 | Improvement: -71.50 | Win Rate: 0.00% | Actor Loss: -5.1926 | Entropy: 2.2535 | Invalid S/B: 0.00/0.00 | Max Load: 4.8 | Load Gap: 2.0 | Group CV: 0.0445
   -> Validation | Samples: 50 | Makespan: 360.86 | Invalid Jobs: 0.02 | Score: 362.86
Epoch [871/2000] | Sampled: 401.88 | Baseline: 301.50 | Improvement: -100.38 | Win Rate: 0.00% | Actor Loss: -1.2654 | Entropy: 2.3072 | Invalid S/B: 0.00/0.00 | Max Load: 4.9 | Load Gap: 2.0 | Group CV: 0.0490
Epoch [872/2000] | Sampled: 407.50 | Baseline: 321.00 | Improvement: -86.50 | Win Rate: 0.00% | Actor Loss: 1.2599 | Entropy: 2.2769 | Invalid S/B: 0.00/0.00 | Max Load: 4.9 | Load Gap: 1.9 | Group CV: 0.0475
Epoch [873/2000] | Sampled: 445.62 | Baseline: 299.50 | Improvement: -146.12 | Win Rate: 0.00% | Actor Loss: -9.1599 | Entropy: 2.3317 | Invalid S/B: 0.12/0.00 | Max Load: 5.0 | Load Gap: 2.2 | Group CV: 0.0857
Epoch [874/2000] | Sampled: 422.38 | Baseline: 320.50 | Improvement: -101.88 | Win Rate: 0.00% | Actor Loss: -2.2889 | Entropy: 2.3282 | Invalid S/B: 0.00/0.00 | Max Load: 4.9 | Load Gap: 2.2 | Group CV: 0.0565
Epoch [875/2000] | Sampled: 433.38 | Baseline: 311.50 | Improvement: -121.88 | Win Rate: 0.00% | Actor Loss: 0.4460 | Entropy: 2.3437 | Invalid S/B: 0.00/0.00 | Max Load: 4.9 | Load Gap: 2.2 | Group CV: 0.0494
Epoch [876/2000] | Sampled: 432.12 | Baseline: 370.00 | Improvement: -62.12 | Win Rate: 0.00% | Actor Loss: -9.8599 | Entropy: 2.3416 | Invalid S/B: 0.00/0.00 | Max Load: 5.1 | Load Gap: 2.5 | Group CV: 0.0601
Epoch [877/2000] | Sampled: 415.88 | Baseline: 312.00 | Improvement: -103.88 | Win Rate: 0.00% | Actor Loss: 0.4525 | Entropy: 2.3439 | Invalid S/B: 0.00/0.00 | Max Load: 5.0 | Load Gap: 2.1 | Group CV: 0.0752
Epoch [878/2000] | Sampled: 436.12 | Baseline: 378.50 | Improvement: -57.62 | Win Rate: 0.00% | Actor Loss: -13.0053 | Entropy: 2.2735 | Invalid S/B: 0.00/0.00 | Max Load: 5.1 | Load Gap: 2.6 | Group CV: 0.0779
Epoch [879/2000] | Sampled: 408.00 | Baseline: 348.50 | Improvement: -59.50 | Win Rate: 0.00% | Actor Loss: -4.2075 | Entropy: 2.3294 | Invalid S/B: 0.00/0.50 | Max Load: 5.0 | Load Gap: 2.1 | Group CV: 0.0368
Epoch [880/2000] | Sampled: 433.38 | Baseline: 338.50 | Improvement: -94.88 | Win Rate: 0.00% | Actor Loss: 0.1795 | Entropy: 2.2827 | Invalid S/B: 0.00/0.00 | Max Load: 5.1 | Load Gap: 2.6 | Group CV: 0.0596
   -> Validation | Samples: 50 | Makespan: 362.14 | Invalid Jobs: 0.00 | Score: 362.14
Epoch [881/2000] | Sampled: 411.25 | Baseline: 312.50 | Improvement: -98.75 | Win Rate: 0.00% | Actor Loss: 1.2510 | Entropy: 2.1664 | Invalid S/B: 0.00/0.00 | Max Load: 5.0 | Load Gap: 2.2 | Group CV: 0.0703
Epoch [882/2000] | Sampled: 383.50 | Baseline: 311.00 | Improvement: -72.50 | Win Rate: 0.00% | Actor Loss: -7.8856 | Entropy: 2.1628 | Invalid S/B: 0.00/0.00 | Max Load: 4.2 | Load Gap: 1.2 | Group CV: 0.0477
Epoch [883/2000] | Sampled: 366.50 | Baseline: 350.50 | Improvement: -16.00 | Win Rate: 0.00% | Actor Loss: 1.5727 | Entropy: 2.0891 | Invalid S/B: 0.00/0.00 | Max Load: 4.4 | Load Gap: 1.4 | Group CV: 0.0125
Epoch [884/2000] | Sampled: 372.62 | Baseline: 360.50 | Improvement: -12.12 | Win Rate: 37.50% | Actor Loss: 5.0421 | Entropy: 2.0552 | Invalid S/B: 0.00/0.00 | Max Load: 4.2 | Load Gap: 1.2 | Group CV: 0.0394
Epoch [885/2000] | Sampled: 379.25 | Baseline: 361.50 | Improvement: -17.75 | Win Rate: 25.00% | Actor Loss: 0.6085 | Entropy: 2.2163 | Invalid S/B: 0.00/0.00 | Max Load: 4.2 | Load Gap: 1.2 | Group CV: 0.0181
Epoch [886/2000] | Sampled: 373.00 | Baseline: 367.50 | Improvement: -5.50 | Win Rate: 50.00% | Actor Loss: 5.2394 | Entropy: 2.4140 | Invalid S/B: 0.12/0.00 | Max Load: 4.2 | Load Gap: 1.2 | Group CV: 0.0252
Epoch [887/2000] | Sampled: 367.50 | Baseline: 316.50 | Improvement: -51.00 | Win Rate: 0.00% | Actor Loss: 2.3866 | Entropy: 2.4133 | Invalid S/B: 0.00/0.00 | Max Load: 4.2 | Load Gap: 1.2 | Group CV: 0.0179
Epoch [888/2000] | Sampled: 383.12 | Baseline: 331.50 | Improvement: -51.62 | Win Rate: 0.00% | Actor Loss: -4.2848 | Entropy: 2.5472 | Invalid S/B: 0.12/0.00 | Max Load: 4.4 | Load Gap: 1.4 | Group CV: 0.0677
Epoch [889/2000] | Sampled: 369.50 | Baseline: 344.00 | Improvement: -25.50 | Win Rate: 0.00% | Actor Loss: -6.7054 | Entropy: 2.5567 | Invalid S/B: 0.00/0.00 | Max Load: 4.5 | Load Gap: 1.5 | Group CV: 0.0218
Epoch [890/2000] | Sampled: 364.75 | Baseline: 304.00 | Improvement: -60.75 | Win Rate: 0.00% | Actor Loss: -0.4849 | Entropy: 2.5437 | Invalid S/B: 0.00/0.00 | Max Load: 4.5 | Load Gap: 1.5 | Group CV: 0.0266
   -> Validation | Samples: 50 | Makespan: 360.80 | Invalid Jobs: 0.02 | Score: 362.80
Epoch [891/2000] | Sampled: 376.12 | Baseline: 343.00 | Improvement: -33.12 | Win Rate: 12.50% | Actor Loss: 0.1767 | Entropy: 2.4877 | Invalid S/B: 0.12/0.00 | Max Load: 4.4 | Load Gap: 1.4 | Group CV: 0.0285
Epoch [892/2000] | Sampled: 387.88 | Baseline: 315.00 | Improvement: -72.88 | Win Rate: 0.00% | Actor Loss: -5.1057 | Entropy: 2.4404 | Invalid S/B: 0.00/0.00 | Max Load: 4.2 | Load Gap: 1.2 | Group CV: 0.0293
Epoch [893/2000] | Sampled: 364.75 | Baseline: 330.50 | Improvement: -34.25 | Win Rate: 12.50% | Actor Loss: -2.7435 | Entropy: 2.4340 | Invalid S/B: 0.00/0.00 | Max Load: 4.2 | Load Gap: 1.2 | Group CV: 0.0208
Epoch [894/2000] | Sampled: 373.75 | Baseline: 355.50 | Improvement: -18.25 | Win Rate: 50.00% | Actor Loss: 1.3188 | Entropy: 2.3887 | Invalid S/B: 0.00/0.00 | Max Load: 4.5 | Load Gap: 1.5 | Group CV: 0.0220
Epoch [895/2000] | Sampled: 371.00 | Baseline: 331.00 | Improvement: -40.00 | Win Rate: 0.00% | Actor Loss: 1.0432 | Entropy: 2.3570 | Invalid S/B: 0.12/0.00 | Max Load: 4.6 | Load Gap: 1.6 | Group CV: 0.0404
Epoch [896/2000] | Sampled: 370.00 | Baseline: 357.50 | Improvement: -12.50 | Win Rate: 50.00% | Actor Loss: -2.6601 | Entropy: 2.2408 | Invalid S/B: 0.00/0.00 | Max Load: 4.4 | Load Gap: 1.4 | Group CV: 0.0257
Epoch [897/2000] | Sampled: 366.88 | Baseline: 339.50 | Improvement: -27.38 | Win Rate: 12.50% | Actor Loss: 2.7252 | Entropy: 2.2732 | Invalid S/B: 0.00/0.00 | Max Load: 4.2 | Load Gap: 1.2 | Group CV: 0.0204
Epoch [898/2000] | Sampled: 373.00 | Baseline: 356.00 | Improvement: -17.00 | Win Rate: 12.50% | Actor Loss: -3.8850 | Entropy: 2.2660 | Invalid S/B: 0.00/0.00 | Max Load: 4.2 | Load Gap: 1.2 | Group CV: 0.0196
Epoch [899/2000] | Sampled: 365.25 | Baseline: 307.00 | Improvement: -58.25 | Win Rate: 0.00% | Actor Loss: -1.1856 | Entropy: 2.2098 | Invalid S/B: 0.00/0.00 | Max Load: 4.6 | Load Gap: 1.6 | Group CV: 0.0212
Epoch [900/2000] | Sampled: 374.88 | Baseline: 335.50 | Improvement: -39.38 | Win Rate: 12.50% | Actor Loss: -1.8196 | Entropy: 2.2061 | Invalid S/B: 0.12/0.00 | Max Load: 4.5 | Load Gap: 1.5 | Group CV: 0.0581
   -> Validation | Samples: 50 | Makespan: 372.70 | Invalid Jobs: 0.06 | Score: 378.70
   -> Saved updated training chart to /home/wei/Desktop/AMR-DFJSP/Static_alogorithm/Attention/attention_training_metrics.png
Epoch [901/2000] | Sampled: 360.00 | Baseline: 328.50 | Improvement: -31.50 | Win Rate: 25.00% | Actor Loss: -0.5619 | Entropy: 2.1344 | Invalid S/B: 0.00/0.00 | Max Load: 4.4 | Load Gap: 1.5 | Group CV: 0.0396
Epoch [902/2000] | Sampled: 373.62 | Baseline: 311.00 | Improvement: -62.62 | Win Rate: 0.00% | Actor Loss: 4.3207 | Entropy: 2.0317 | Invalid S/B: 0.00/0.00 | Max Load: 4.4 | Load Gap: 1.4 | Group CV: 0.0163
Epoch [903/2000] | Sampled: 389.25 | Baseline: 323.50 | Improvement: -65.75 | Win Rate: 0.00% | Actor Loss: -0.8643 | Entropy: 2.0829 | Invalid S/B: 0.25/0.00 | Max Load: 4.4 | Load Gap: 1.4 | Group CV: 0.0696
Epoch [904/2000] | Sampled: 369.62 | Baseline: 344.00 | Improvement: -25.62 | Win Rate: 12.50% | Actor Loss: -1.8816 | Entropy: 2.0218 | Invalid S/B: 0.00/0.00 | Max Load: 4.6 | Load Gap: 1.6 | Group CV: 0.0286
Epoch [905/2000] | Sampled: 381.62 | Baseline: 361.50 | Improvement: -20.12 | Win Rate: 0.00% | Actor Loss: -2.4023 | Entropy: 2.0775 | Invalid S/B: 0.00/0.00 | Max Load: 4.6 | Load Gap: 1.6 | Group CV: 0.0166
Epoch [906/2000] | Sampled: 376.12 | Baseline: 310.50 | Improvement: -65.62 | Win Rate: 0.00% | Actor Loss: 0.7643 | Entropy: 2.0256 | Invalid S/B: 0.00/0.00 | Max Load: 4.2 | Load Gap: 1.2 | Group CV: 0.0297
Epoch [907/2000] | Sampled: 364.12 | Baseline: 347.50 | Improvement: -16.62 | Win Rate: 12.50% | Actor Loss: -1.5697 | Entropy: 2.0158 | Invalid S/B: 0.00/0.00 | Max Load: 4.8 | Load Gap: 1.8 | Group CV: 0.0267
Epoch [908/2000] | Sampled: 403.75 | Baseline: 336.00 | Improvement: -67.75 | Win Rate: 0.00% | Actor Loss: -1.3692 | Entropy: 2.1169 | Invalid S/B: 0.25/0.00 | Max Load: 4.8 | Load Gap: 1.8 | Group CV: 0.0241
Epoch [909/2000] | Sampled: 369.75 | Baseline: 354.50 | Improvement: -15.25 | Win Rate: 37.50% | Actor Loss: 2.6105 | Entropy: 2.1471 | Invalid S/B: 0.12/0.00 | Max Load: 4.4 | Load Gap: 1.4 | Group CV: 0.0516
Epoch [910/2000] | Sampled: 381.88 | Baseline: 380.50 | Improvement: -1.38 | Win Rate: 50.00% | Actor Loss: -2.9650 | Entropy: 2.2157 | Invalid S/B: 0.00/0.00 | Max Load: 4.6 | Load Gap: 1.6 | Group CV: 0.0304
   -> Validation | Samples: 50 | Makespan: 370.82 | Invalid Jobs: 0.02 | Score: 372.82
Epoch [911/2000] | Sampled: 364.00 | Baseline: 305.50 | Improvement: -58.50 | Win Rate: 0.00% | Actor Loss: 2.0132 | Entropy: 2.2145 | Invalid S/B: 0.00/0.00 | Max Load: 4.6 | Load Gap: 1.6 | Group CV: 0.0158
Epoch [912/2000] | Sampled: 370.75 | Baseline: 362.50 | Improvement: -8.25 | Win Rate: 50.00% | Actor Loss: 2.1387 | Entropy: 2.3184 | Invalid S/B: 0.12/0.00 | Max Load: 4.6 | Load Gap: 1.6 | Group CV: 0.0297
Epoch [913/2000] | Sampled: 357.88 | Baseline: 327.50 | Improvement: -30.38 | Win Rate: 0.00% | Actor Loss: -1.8486 | Entropy: 2.4820 | Invalid S/B: 0.12/0.00 | Max Load: 4.5 | Load Gap: 1.5 | Group CV: 0.0471
Epoch [914/2000] | Sampled: 383.38 | Baseline: 335.00 | Improvement: -48.38 | Win Rate: 0.00% | Actor Loss: -1.0851 | Entropy: 2.4679 | Invalid S/B: 0.25/0.00 | Max Load: 4.6 | Load Gap: 1.6 | Group CV: 0.0724
Epoch [915/2000] | Sampled: 396.12 | Baseline: 315.50 | Improvement: -80.62 | Win Rate: 0.00% | Actor Loss: -5.6154 | Entropy: 2.3532 | Invalid S/B: 0.38/0.00 | Max Load: 4.8 | Load Gap: 1.8 | Group CV: 0.0799
Epoch [916/2000] | Sampled: 360.25 | Baseline: 326.50 | Improvement: -33.75 | Win Rate: 0.00% | Actor Loss: -4.3012 | Entropy: 2.3104 | Invalid S/B: 0.00/0.00 | Max Load: 4.4 | Load Gap: 1.4 | Group CV: 0.0335
Epoch [917/2000] | Sampled: 362.50 | Baseline: 316.00 | Improvement: -46.50 | Win Rate: 0.00% | Actor Loss: 6.0023 | Entropy: 2.3482 | Invalid S/B: 0.25/0.00 | Max Load: 4.4 | Load Gap: 1.4 | Group CV: 0.0617
Epoch [918/2000] | Sampled: 378.12 | Baseline: 356.00 | Improvement: -22.12 | Win Rate: 37.50% | Actor Loss: 4.1006 | Entropy: 2.3142 | Invalid S/B: 0.12/0.00 | Max Load: 4.6 | Load Gap: 1.6 | Group CV: 0.0562
Epoch [919/2000] | Sampled: 364.38 | Baseline: 339.50 | Improvement: -24.88 | Win Rate: 37.50% | Actor Loss: -0.3974 | Entropy: 2.3933 | Invalid S/B: 0.00/0.00 | Max Load: 4.1 | Load Gap: 1.1 | Group CV: 0.0231
Epoch [920/2000] | Sampled: 378.12 | Baseline: 347.00 | Improvement: -31.12 | Win Rate: 12.50% | Actor Loss: -3.4837 | Entropy: 2.5427 | Invalid S/B: 0.25/0.00 | Max Load: 4.6 | Load Gap: 1.8 | Group CV: 0.0537
   -> Validation | Samples: 50 | Makespan: 370.24 | Invalid Jobs: 0.06 | Score: 376.24
Epoch [921/2000] | Sampled: 360.00 | Baseline: 351.00 | Improvement: -9.00 | Win Rate: 25.00% | Actor Loss: 6.3208 | Entropy: 2.3594 | Invalid S/B: 0.00/0.00 | Max Load: 4.8 | Load Gap: 1.8 | Group CV: 0.0260
Epoch [922/2000] | Sampled: 372.75 | Baseline: 348.00 | Improvement: -24.75 | Win Rate: 25.00% | Actor Loss: 1.1409 | Entropy: 2.3768 | Invalid S/B: 0.12/0.00 | Max Load: 4.8 | Load Gap: 1.8 | Group CV: 0.0353
Epoch [923/2000] | Sampled: 375.38 | Baseline: 308.50 | Improvement: -66.88 | Win Rate: 0.00% | Actor Loss: -3.9230 | Entropy: 2.3692 | Invalid S/B: 0.38/0.00 | Max Load: 4.4 | Load Gap: 1.4 | Group CV: 0.0933
Epoch [924/2000] | Sampled: 375.25 | Baseline: 363.50 | Improvement: -11.75 | Win Rate: 37.50% | Actor Loss: 6.8884 | Entropy: 2.4223 | Invalid S/B: 0.25/0.00 | Max Load: 4.6 | Load Gap: 1.6 | Group CV: 0.0568
Epoch [925/2000] | Sampled: 364.38 | Baseline: 307.00 | Improvement: -57.38 | Win Rate: 0.00% | Actor Loss: -4.6555 | Entropy: 2.6213 | Invalid S/B: 0.12/0.00 | Max Load: 4.5 | Load Gap: 1.5 | Group CV: 0.0432
Epoch [926/2000] | Sampled: 350.00 | Baseline: 312.50 | Improvement: -37.50 | Win Rate: 0.00% | Actor Loss: -0.5707 | Entropy: 2.8429 | Invalid S/B: 0.00/0.00 | Max Load: 4.6 | Load Gap: 1.6 | Group CV: 0.0134
Epoch [927/2000] | Sampled: 378.75 | Baseline: 371.50 | Improvement: -7.25 | Win Rate: 37.50% | Actor Loss: 1.6544 | Entropy: 2.8599 | Invalid S/B: 0.25/0.00 | Max Load: 4.9 | Load Gap: 1.9 | Group CV: 0.0859
Epoch [928/2000] | Sampled: 392.75 | Baseline: 361.00 | Improvement: -31.75 | Win Rate: 12.50% | Actor Loss: -0.6987 | Entropy: 2.9316 | Invalid S/B: 0.50/0.00 | Max Load: 5.0 | Load Gap: 2.0 | Group CV: 0.0903
Epoch [929/2000] | Sampled: 370.62 | Baseline: 354.50 | Improvement: -16.12 | Win Rate: 0.00% | Actor Loss: -0.0774 | Entropy: 3.1023 | Invalid S/B: 0.12/0.00 | Max Load: 4.9 | Load Gap: 1.9 | Group CV: 0.0130
Epoch [930/2000] | Sampled: 388.38 | Baseline: 365.00 | Improvement: -23.38 | Win Rate: 37.50% | Actor Loss: 0.7727 | Entropy: 3.0763 | Invalid S/B: 0.12/0.00 | Max Load: 4.8 | Load Gap: 2.0 | Group CV: 0.0570
   -> Validation | Samples: 50 | Makespan: 367.12 | Invalid Jobs: 0.04 | Score: 371.12
Epoch [931/2000] | Sampled: 380.75 | Baseline: 327.50 | Improvement: -53.25 | Win Rate: 0.00% | Actor Loss: -2.4769 | Entropy: 3.2057 | Invalid S/B: 0.12/0.00 | Max Load: 5.0 | Load Gap: 2.0 | Group CV: 0.0532
Epoch [932/2000] | Sampled: 394.00 | Baseline: 326.00 | Improvement: -68.00 | Win Rate: 0.00% | Actor Loss: 0.4452 | Entropy: 3.2527 | Invalid S/B: 0.12/0.00 | Max Load: 5.0 | Load Gap: 2.0 | Group CV: 0.0503
Epoch [933/2000] | Sampled: 373.88 | Baseline: 327.00 | Improvement: -46.88 | Win Rate: 0.00% | Actor Loss: -1.1301 | Entropy: 3.3145 | Invalid S/B: 0.00/0.00 | Max Load: 5.0 | Load Gap: 2.0 | Group CV: 0.0234
Epoch [934/2000] | Sampled: 410.00 | Baseline: 322.50 | Improvement: -87.50 | Win Rate: 0.00% | Actor Loss: 2.4916 | Entropy: 3.2947 | Invalid S/B: 0.62/0.00 | Max Load: 5.2 | Load Gap: 2.4 | Group CV: 0.1036
Epoch [935/2000] | Sampled: 390.88 | Baseline: 341.00 | Improvement: -49.88 | Win Rate: 25.00% | Actor Loss: 4.4563 | Entropy: 3.3373 | Invalid S/B: 0.38/0.50 | Max Load: 5.0 | Load Gap: 2.2 | Group CV: 0.0784
Epoch [936/2000] | Sampled: 394.62 | Baseline: 366.50 | Improvement: -28.12 | Win Rate: 37.50% | Actor Loss: 2.6961 | Entropy: 3.3779 | Invalid S/B: 0.00/0.00 | Max Load: 4.8 | Load Gap: 2.0 | Group CV: 0.0123
Epoch [937/2000] | Sampled: 385.12 | Baseline: 357.00 | Improvement: -28.12 | Win Rate: 0.00% | Actor Loss: 0.7413 | Entropy: 3.3476 | Invalid S/B: 0.00/0.00 | Max Load: 5.0 | Load Gap: 2.5 | Group CV: 0.0420
Epoch [938/2000] | Sampled: 387.12 | Baseline: 355.00 | Improvement: -32.12 | Win Rate: 12.50% | Actor Loss: 3.6883 | Entropy: 3.4833 | Invalid S/B: 0.12/0.00 | Max Load: 5.0 | Load Gap: 2.1 | Group CV: 0.0414
Epoch [939/2000] | Sampled: 399.12 | Baseline: 349.50 | Improvement: -49.62 | Win Rate: 0.00% | Actor Loss: -2.9853 | Entropy: 3.3294 | Invalid S/B: 0.25/0.00 | Max Load: 5.0 | Load Gap: 2.5 | Group CV: 0.0351
Epoch [940/2000] | Sampled: 392.50 | Baseline: 307.50 | Improvement: -85.00 | Win Rate: 0.00% | Actor Loss: 0.0229 | Entropy: 3.4173 | Invalid S/B: 0.00/0.00 | Max Load: 5.0 | Load Gap: 2.1 | Group CV: 0.0231
   -> Validation | Samples: 50 | Makespan: 361.10 | Invalid Jobs: 0.00 | Score: 361.10
Epoch [941/2000] | Sampled: 388.75 | Baseline: 319.50 | Improvement: -69.25 | Win Rate: 0.00% | Actor Loss: -3.2827 | Entropy: 3.4286 | Invalid S/B: 0.00/0.00 | Max Load: 5.2 | Load Gap: 2.4 | Group CV: 0.0216
Epoch [942/2000] | Sampled: 407.12 | Baseline: 326.50 | Improvement: -80.62 | Win Rate: 0.00% | Actor Loss: 1.9551 | Entropy: 3.4325 | Invalid S/B: 0.38/0.00 | Max Load: 5.2 | Load Gap: 2.8 | Group CV: 0.0877
Epoch [943/2000] | Sampled: 418.88 | Baseline: 327.00 | Improvement: -91.88 | Win Rate: 0.00% | Actor Loss: -2.0627 | Entropy: 3.4184 | Invalid S/B: 0.00/0.00 | Max Load: 5.1 | Load Gap: 2.6 | Group CV: 0.0538
Epoch [944/2000] | Sampled: 407.38 | Baseline: 325.00 | Improvement: -82.38 | Win Rate: 0.00% | Actor Loss: -2.5444 | Entropy: 3.4606 | Invalid S/B: 0.00/0.00 | Max Load: 5.4 | Load Gap: 2.6 | Group CV: 0.0403
Epoch [945/2000] | Sampled: 433.50 | Baseline: 325.00 | Improvement: -108.50 | Win Rate: 0.00% | Actor Loss: 4.3864 | Entropy: 3.3811 | Invalid S/B: 0.12/0.00 | Max Load: 5.0 | Load Gap: 2.5 | Group CV: 0.0347
Epoch [946/2000] | Sampled: 418.25 | Baseline: 347.50 | Improvement: -70.75 | Win Rate: 0.00% | Actor Loss: 6.8866 | Entropy: 3.3923 | Invalid S/B: 0.00/0.00 | Max Load: 5.0 | Load Gap: 2.5 | Group CV: 0.0444
Epoch [947/2000] | Sampled: 431.38 | Baseline: 371.00 | Improvement: -60.38 | Win Rate: 0.00% | Actor Loss: -0.6816 | Entropy: 3.3704 | Invalid S/B: 0.00/0.00 | Max Load: 5.0 | Load Gap: 2.5 | Group CV: 0.0253
Epoch [948/2000] | Sampled: 443.62 | Baseline: 333.50 | Improvement: -110.12 | Win Rate: 0.00% | Actor Loss: 4.8984 | Entropy: 3.3025 | Invalid S/B: 0.12/0.00 | Max Load: 5.0 | Load Gap: 2.4 | Group CV: 0.0549
Epoch [949/2000] | Sampled: 421.50 | Baseline: 335.50 | Improvement: -86.00 | Win Rate: 0.00% | Actor Loss: -5.9546 | Entropy: 3.3498 | Invalid S/B: 0.00/0.00 | Max Load: 5.4 | Load Gap: 2.8 | Group CV: 0.0323
Epoch [950/2000] | Sampled: 430.25 | Baseline: 340.50 | Improvement: -89.75 | Win Rate: 0.00% | Actor Loss: -6.1942 | Entropy: 3.4518 | Invalid S/B: 0.00/0.00 | Max Load: 5.4 | Load Gap: 3.1 | Group CV: 0.0420
   -> Validation | Samples: 50 | Makespan: 363.74 | Invalid Jobs: 0.04 | Score: 367.74
Epoch [951/2000] | Sampled: 438.38 | Baseline: 320.00 | Improvement: -118.38 | Win Rate: 0.00% | Actor Loss: 0.5851 | Entropy: 3.3023 | Invalid S/B: 0.00/0.00 | Max Load: 5.2 | Load Gap: 2.9 | Group CV: 0.0308
Epoch [952/2000] | Sampled: 442.88 | Baseline: 321.00 | Improvement: -121.88 | Win Rate: 0.00% | Actor Loss: 0.0918 | Entropy: 3.3724 | Invalid S/B: 0.00/0.00 | Max Load: 5.0 | Load Gap: 2.4 | Group CV: 0.0513
Epoch [953/2000] | Sampled: 438.88 | Baseline: 340.00 | Improvement: -98.88 | Win Rate: 0.00% | Actor Loss: -3.1673 | Entropy: 3.3851 | Invalid S/B: 0.00/0.00 | Max Load: 5.4 | Load Gap: 2.9 | Group CV: 0.0322
Epoch [954/2000] | Sampled: 425.50 | Baseline: 332.50 | Improvement: -93.00 | Win Rate: 0.00% | Actor Loss: -1.0447 | Entropy: 3.2933 | Invalid S/B: 0.00/0.00 | Max Load: 5.2 | Load Gap: 2.8 | Group CV: 0.0452
Epoch [955/2000] | Sampled: 437.12 | Baseline: 339.00 | Improvement: -98.12 | Win Rate: 0.00% | Actor Loss: 2.0596 | Entropy: 3.2039 | Invalid S/B: 0.12/0.00 | Max Load: 5.4 | Load Gap: 2.8 | Group CV: 0.0542
Epoch [956/2000] | Sampled: 411.62 | Baseline: 340.00 | Improvement: -71.62 | Win Rate: 0.00% | Actor Loss: 3.3883 | Entropy: 3.1217 | Invalid S/B: 0.00/0.00 | Max Load: 5.2 | Load Gap: 2.4 | Group CV: 0.0417
Epoch [957/2000] | Sampled: 412.50 | Baseline: 305.00 | Improvement: -107.50 | Win Rate: 0.00% | Actor Loss: 1.4519 | Entropy: 3.0100 | Invalid S/B: 0.00/0.00 | Max Load: 4.9 | Load Gap: 2.0 | Group CV: 0.0409
Epoch [958/2000] | Sampled: 408.62 | Baseline: 332.50 | Improvement: -76.12 | Win Rate: 0.00% | Actor Loss: -2.9251 | Entropy: 3.0106 | Invalid S/B: 0.00/0.00 | Max Load: 4.9 | Load Gap: 1.9 | Group CV: 0.0248
Epoch [959/2000] | Sampled: 386.75 | Baseline: 328.50 | Improvement: -58.25 | Win Rate: 0.00% | Actor Loss: 5.2827 | Entropy: 2.8981 | Invalid S/B: 0.12/0.00 | Max Load: 5.0 | Load Gap: 2.1 | Group CV: 0.0164
Epoch [960/2000] | Sampled: 411.62 | Baseline: 371.00 | Improvement: -40.62 | Win Rate: 0.00% | Actor Loss: -3.7349 | Entropy: 2.9373 | Invalid S/B: 0.38/0.00 | Max Load: 4.8 | Load Gap: 1.8 | Group CV: 0.0560
   -> Validation | Samples: 50 | Makespan: 357.34 | Invalid Jobs: 0.02 | Score: 359.34
Epoch [961/2000] | Sampled: 385.50 | Baseline: 330.50 | Improvement: -55.00 | Win Rate: 0.00% | Actor Loss: 1.1764 | Entropy: 2.9363 | Invalid S/B: 0.00/0.00 | Max Load: 5.0 | Load Gap: 2.0 | Group CV: 0.0281
Epoch [962/2000] | Sampled: 395.38 | Baseline: 368.50 | Improvement: -26.88 | Win Rate: 12.50% | Actor Loss: -5.8745 | Entropy: 2.9625 | Invalid S/B: 0.12/0.00 | Max Load: 4.6 | Load Gap: 1.6 | Group CV: 0.0424
Epoch [963/2000] | Sampled: 394.00 | Baseline: 344.50 | Improvement: -49.50 | Win Rate: 0.00% | Actor Loss: -1.0515 | Entropy: 2.8868 | Invalid S/B: 0.00/0.00 | Max Load: 4.6 | Load Gap: 1.6 | Group CV: 0.0296
Epoch [964/2000] | Sampled: 414.25 | Baseline: 361.00 | Improvement: -53.25 | Win Rate: 0.00% | Actor Loss: 0.8872 | Entropy: 2.9382 | Invalid S/B: 0.00/0.00 | Max Load: 4.6 | Load Gap: 1.6 | Group CV: 0.0474
Epoch [965/2000] | Sampled: 401.62 | Baseline: 333.00 | Improvement: -68.62 | Win Rate: 0.00% | Actor Loss: -2.9271 | Entropy: 2.8742 | Invalid S/B: 0.12/0.00 | Max Load: 4.5 | Load Gap: 1.5 | Group CV: 0.0548
Epoch [966/2000] | Sampled: 401.25 | Baseline: 323.50 | Improvement: -77.75 | Win Rate: 0.00% | Actor Loss: -3.9487 | Entropy: 2.9046 | Invalid S/B: 0.12/0.00 | Max Load: 4.9 | Load Gap: 1.9 | Group CV: 0.0357
Epoch [967/2000] | Sampled: 374.25 | Baseline: 318.50 | Improvement: -55.75 | Win Rate: 0.00% | Actor Loss: -1.3243 | Entropy: 2.8798 | Invalid S/B: 0.00/0.00 | Max Load: 4.8 | Load Gap: 1.8 | Group CV: 0.0310
Epoch [968/2000] | Sampled: 384.12 | Baseline: 341.00 | Improvement: -43.12 | Win Rate: 0.00% | Actor Loss: -4.2949 | Entropy: 2.8318 | Invalid S/B: 0.00/0.00 | Max Load: 4.9 | Load Gap: 1.9 | Group CV: 0.0292
Epoch [969/2000] | Sampled: 382.62 | Baseline: 323.50 | Improvement: -59.12 | Win Rate: 0.00% | Actor Loss: -2.5469 | Entropy: 2.8325 | Invalid S/B: 0.00/0.00 | Max Load: 4.6 | Load Gap: 1.6 | Group CV: 0.0271
Epoch [970/2000] | Sampled: 380.12 | Baseline: 333.50 | Improvement: -46.62 | Win Rate: 0.00% | Actor Loss: -1.4287 | Entropy: 2.7764 | Invalid S/B: 0.12/0.00 | Max Load: 4.6 | Load Gap: 1.8 | Group CV: 0.0097
   -> Validation | Samples: 50 | Makespan: 356.66 | Invalid Jobs: 0.00 | Score: 356.66
Epoch [971/2000] | Sampled: 392.50 | Baseline: 337.50 | Improvement: -55.00 | Win Rate: 0.00% | Actor Loss: 3.7671 | Entropy: 2.8679 | Invalid S/B: 0.25/0.00 | Max Load: 5.0 | Load Gap: 2.1 | Group CV: 0.0341
Epoch [972/2000] | Sampled: 394.50 | Baseline: 323.50 | Improvement: -71.00 | Win Rate: 0.00% | Actor Loss: -2.8923 | Entropy: 2.7669 | Invalid S/B: 0.12/0.00 | Max Load: 4.5 | Load Gap: 1.6 | Group CV: 0.0431
Epoch [973/2000] | Sampled: 386.00 | Baseline: 336.50 | Improvement: -49.50 | Win Rate: 0.00% | Actor Loss: 1.9188 | Entropy: 2.7462 | Invalid S/B: 0.00/0.00 | Max Load: 4.8 | Load Gap: 1.8 | Group CV: 0.0357
Epoch [974/2000] | Sampled: 363.12 | Baseline: 308.00 | Improvement: -55.12 | Win Rate: 0.00% | Actor Loss: -8.5509 | Entropy: 2.7220 | Invalid S/B: 0.00/0.00 | Max Load: 4.4 | Load Gap: 1.4 | Group CV: 0.0334
Epoch [975/2000] | Sampled: 388.38 | Baseline: 342.50 | Improvement: -45.88 | Win Rate: 50.00% | Actor Loss: -0.4415 | Entropy: 2.6717 | Invalid S/B: 0.12/0.50 | Max Load: 4.8 | Load Gap: 1.8 | Group CV: 0.0251
Epoch [976/2000] | Sampled: 384.12 | Baseline: 345.50 | Improvement: -38.62 | Win Rate: 0.00% | Actor Loss: -8.2059 | Entropy: 2.6726 | Invalid S/B: 0.00/0.00 | Max Load: 4.8 | Load Gap: 1.8 | Group CV: 0.0191
Epoch [977/2000] | Sampled: 368.88 | Baseline: 290.50 | Improvement: -78.38 | Win Rate: 0.00% | Actor Loss: -1.2611 | Entropy: 2.7101 | Invalid S/B: 0.00/0.00 | Max Load: 4.5 | Load Gap: 1.5 | Group CV: 0.0248
Epoch [978/2000] | Sampled: 376.50 | Baseline: 346.50 | Improvement: -30.00 | Win Rate: 12.50% | Actor Loss: -4.3438 | Entropy: 2.6269 | Invalid S/B: 0.00/0.00 | Max Load: 4.8 | Load Gap: 1.8 | Group CV: 0.0408
Epoch [979/2000] | Sampled: 381.25 | Baseline: 331.00 | Improvement: -50.25 | Win Rate: 0.00% | Actor Loss: 4.3408 | Entropy: 2.5802 | Invalid S/B: 0.00/0.00 | Max Load: 4.6 | Load Gap: 1.6 | Group CV: 0.0182
Epoch [980/2000] | Sampled: 387.50 | Baseline: 345.00 | Improvement: -42.50 | Win Rate: 0.00% | Actor Loss: 2.2437 | Entropy: 2.6973 | Invalid S/B: 0.00/0.00 | Max Load: 4.8 | Load Gap: 1.8 | Group CV: 0.0190
   -> Validation | Samples: 50 | Makespan: 360.20 | Invalid Jobs: 0.00 | Score: 360.20
Epoch [981/2000] | Sampled: 399.12 | Baseline: 328.50 | Improvement: -70.62 | Win Rate: 0.00% | Actor Loss: -1.9477 | Entropy: 2.6109 | Invalid S/B: 0.00/0.00 | Max Load: 4.9 | Load Gap: 2.0 | Group CV: 0.0279
Epoch [982/2000] | Sampled: 373.38 | Baseline: 312.50 | Improvement: -60.88 | Win Rate: 0.00% | Actor Loss: -0.6054 | Entropy: 2.7240 | Invalid S/B: 0.00/0.00 | Max Load: 4.5 | Load Gap: 1.6 | Group CV: 0.0147
Epoch [983/2000] | Sampled: 392.12 | Baseline: 360.00 | Improvement: -32.12 | Win Rate: 0.00% | Actor Loss: 2.6447 | Entropy: 2.7290 | Invalid S/B: 0.00/0.00 | Max Load: 4.5 | Load Gap: 1.5 | Group CV: 0.0432
Epoch [984/2000] | Sampled: 383.62 | Baseline: 314.50 | Improvement: -69.12 | Win Rate: 0.00% | Actor Loss: 3.8737 | Entropy: 2.7287 | Invalid S/B: 0.12/0.00 | Max Load: 4.8 | Load Gap: 1.8 | Group CV: 0.0201
Epoch [985/2000] | Sampled: 393.88 | Baseline: 328.00 | Improvement: -65.88 | Win Rate: 0.00% | Actor Loss: -0.0859 | Entropy: 2.8064 | Invalid S/B: 0.00/0.00 | Max Load: 4.9 | Load Gap: 1.9 | Group CV: 0.0233
Epoch [986/2000] | Sampled: 389.12 | Baseline: 332.00 | Improvement: -57.12 | Win Rate: 0.00% | Actor Loss: -1.9128 | Entropy: 2.7135 | Invalid S/B: 0.00/0.00 | Max Load: 4.8 | Load Gap: 1.8 | Group CV: 0.0224
Epoch [987/2000] | Sampled: 401.88 | Baseline: 379.00 | Improvement: -22.88 | Win Rate: 50.00% | Actor Loss: 1.9744 | Entropy: 2.7809 | Invalid S/B: 0.12/0.50 | Max Load: 4.8 | Load Gap: 1.8 | Group CV: 0.0399
Epoch [988/2000] | Sampled: 399.50 | Baseline: 349.50 | Improvement: -50.00 | Win Rate: 0.00% | Actor Loss: -5.8448 | Entropy: 2.8156 | Invalid S/B: 0.00/0.00 | Max Load: 4.9 | Load Gap: 1.9 | Group CV: 0.0219
Epoch [989/2000] | Sampled: 394.50 | Baseline: 316.00 | Improvement: -78.50 | Win Rate: 0.00% | Actor Loss: -4.5488 | Entropy: 2.8820 | Invalid S/B: 0.12/0.00 | Max Load: 5.1 | Load Gap: 2.1 | Group CV: 0.0131
Epoch [990/2000] | Sampled: 380.50 | Baseline: 322.00 | Improvement: -58.50 | Win Rate: 0.00% | Actor Loss: -3.4055 | Entropy: 2.8100 | Invalid S/B: 0.12/0.00 | Max Load: 4.8 | Load Gap: 2.0 | Group CV: 0.0305
   -> Validation | Samples: 50 | Makespan: 358.48 | Invalid Jobs: 0.00 | Score: 358.48
Epoch [991/2000] | Sampled: 386.50 | Baseline: 321.50 | Improvement: -65.00 | Win Rate: 0.00% | Actor Loss: -2.1894 | Entropy: 2.8391 | Invalid S/B: 0.00/0.00 | Max Load: 4.8 | Load Gap: 1.8 | Group CV: 0.0155
Epoch [992/2000] | Sampled: 403.88 | Baseline: 329.00 | Improvement: -74.88 | Win Rate: 0.00% | Actor Loss: -3.7772 | Entropy: 2.8136 | Invalid S/B: 0.00/0.00 | Max Load: 4.9 | Load Gap: 1.9 | Group CV: 0.0245
Epoch [993/2000] | Sampled: 384.38 | Baseline: 315.00 | Improvement: -69.38 | Win Rate: 0.00% | Actor Loss: -7.5184 | Entropy: 2.8045 | Invalid S/B: 0.00/0.00 | Max Load: 4.5 | Load Gap: 1.5 | Group CV: 0.0306
Epoch [994/2000] | Sampled: 390.38 | Baseline: 314.50 | Improvement: -75.88 | Win Rate: 0.00% | Actor Loss: -1.5693 | Entropy: 2.7449 | Invalid S/B: 0.00/0.00 | Max Load: 4.8 | Load Gap: 1.8 | Group CV: 0.0230
Epoch [995/2000] | Sampled: 388.25 | Baseline: 368.00 | Improvement: -20.25 | Win Rate: 50.00% | Actor Loss: -6.2875 | Entropy: 2.6976 | Invalid S/B: 0.00/0.00 | Max Load: 5.0 | Load Gap: 2.0 | Group CV: 0.0274
Epoch [996/2000] | Sampled: 379.25 | Baseline: 379.50 | Improvement: 0.25 | Win Rate: 50.00% | Actor Loss: 2.5420 | Entropy: 2.6448 | Invalid S/B: 0.00/0.00 | Max Load: 4.6 | Load Gap: 1.6 | Group CV: 0.0132
Epoch [997/2000] | Sampled: 381.00 | Baseline: 352.50 | Improvement: -28.50 | Win Rate: 12.50% | Actor Loss: 0.8126 | Entropy: 2.6034 | Invalid S/B: 0.00/0.00 | Max Load: 4.8 | Load Gap: 1.9 | Group CV: 0.0244
Epoch [998/2000] | Sampled: 388.88 | Baseline: 343.00 | Improvement: -45.88 | Win Rate: 0.00% | Actor Loss: -1.6243 | Entropy: 2.5586 | Invalid S/B: 0.00/0.00 | Max Load: 4.8 | Load Gap: 1.8 | Group CV: 0.0362
Epoch [999/2000] | Sampled: 391.12 | Baseline: 374.00 | Improvement: -17.12 | Win Rate: 25.00% | Actor Loss: -1.8189 | Entropy: 2.5308 | Invalid S/B: 0.00/0.00 | Max Load: 4.2 | Load Gap: 1.2 | Group CV: 0.0360
Epoch [1000/2000] | Sampled: 366.75 | Baseline: 322.50 | Improvement: -44.25 | Win Rate: 0.00% | Actor Loss: -0.6429 | Entropy: 2.4518 | Invalid S/B: 0.00/0.00 | Max Load: 4.5 | Load Gap: 1.5 | Group CV: 0.0256
   -> Validation | Samples: 50 | Makespan: 358.26 | Invalid Jobs: 0.04 | Score: 362.26
   -> Saved updated training chart to /home/wei/Desktop/AMR-DFJSP/Static_alogorithm/Attention/attention_training_metrics.png
Epoch [1001/2000] | Sampled: 385.25 | Baseline: 331.00 | Improvement: -54.25 | Win Rate: 0.00% | Actor Loss: 5.0880 | Entropy: 2.4412 | Invalid S/B: 0.00/0.00 | Max Load: 4.9 | Load Gap: 2.0 | Group CV: 0.0168
Epoch [1002/2000] | Sampled: 380.12 | Baseline: 321.50 | Improvement: -58.62 | Win Rate: 0.00% | Actor Loss: -2.6411 | Entropy: 2.4114 | Invalid S/B: 0.00/0.00 | Max Load: 4.6 | Load Gap: 1.6 | Group CV: 0.0303
Epoch [1003/2000] | Sampled: 374.50 | Baseline: 330.00 | Improvement: -44.50 | Win Rate: 0.00% | Actor Loss: -4.1451 | Entropy: 2.4040 | Invalid S/B: 0.00/0.00 | Max Load: 4.5 | Load Gap: 1.6 | Group CV: 0.0214
Epoch [1004/2000] | Sampled: 379.38 | Baseline: 352.50 | Improvement: -26.88 | Win Rate: 0.00% | Actor Loss: -5.9740 | Entropy: 2.4242 | Invalid S/B: 0.00/0.00 | Max Load: 4.5 | Load Gap: 1.5 | Group CV: 0.0215
Epoch [1005/2000] | Sampled: 388.25 | Baseline: 318.50 | Improvement: -69.75 | Win Rate: 0.00% | Actor Loss: 0.8679 | Entropy: 2.4359 | Invalid S/B: 0.00/0.00 | Max Load: 4.4 | Load Gap: 1.4 | Group CV: 0.0183
Epoch [1006/2000] | Sampled: 373.38 | Baseline: 325.00 | Improvement: -48.38 | Win Rate: 0.00% | Actor Loss: 1.0145 | Entropy: 2.4008 | Invalid S/B: 0.00/0.00 | Max Load: 4.4 | Load Gap: 1.4 | Group CV: 0.0262
Epoch [1007/2000] | Sampled: 371.50 | Baseline: 336.50 | Improvement: -35.00 | Win Rate: 0.00% | Actor Loss: 0.7625 | Entropy: 2.4043 | Invalid S/B: 0.00/0.00 | Max Load: 4.5 | Load Gap: 1.5 | Group CV: 0.0311
Epoch [1008/2000] | Sampled: 373.50 | Baseline: 359.50 | Improvement: -14.00 | Win Rate: 50.00% | Actor Loss: -1.8918 | Entropy: 2.3811 | Invalid S/B: 0.00/0.00 | Max Load: 4.6 | Load Gap: 1.6 | Group CV: 0.0176
Epoch [1009/2000] | Sampled: 369.38 | Baseline: 372.00 | Improvement: 2.62 | Win Rate: 50.00% | Actor Loss: -1.1202 | Entropy: 2.3712 | Invalid S/B: 0.00/0.50 | Max Load: 4.5 | Load Gap: 1.5 | Group CV: 0.0254
Epoch [1010/2000] | Sampled: 377.25 | Baseline: 361.50 | Improvement: -15.75 | Win Rate: 37.50% | Actor Loss: -6.1798 | Entropy: 2.3253 | Invalid S/B: 0.00/0.00 | Max Load: 4.6 | Load Gap: 1.6 | Group CV: 0.0456
   -> Validation | Samples: 50 | Makespan: 358.26 | Invalid Jobs: 0.02 | Score: 360.26
Epoch [1011/2000] | Sampled: 372.00 | Baseline: 316.00 | Improvement: -56.00 | Win Rate: 0.00% | Actor Loss: -8.3501 | Entropy: 2.3496 | Invalid S/B: 0.00/0.00 | Max Load: 4.1 | Load Gap: 1.1 | Group CV: 0.0291
Epoch [1012/2000] | Sampled: 368.25 | Baseline: 342.50 | Improvement: -25.75 | Win Rate: 0.00% | Actor Loss: 2.1818 | Entropy: 2.3235 | Invalid S/B: 0.00/0.00 | Max Load: 4.2 | Load Gap: 1.2 | Group CV: 0.0162
Epoch [1013/2000] | Sampled: 357.50 | Baseline: 358.00 | Improvement: 0.50 | Win Rate: 50.00% | Actor Loss: 3.5792 | Entropy: 2.2640 | Invalid S/B: 0.00/0.00 | Max Load: 4.2 | Load Gap: 1.2 | Group CV: 0.0270
Epoch [1014/2000] | Sampled: 360.25 | Baseline: 327.50 | Improvement: -32.75 | Win Rate: 12.50% | Actor Loss: 1.7035 | Entropy: 2.2437 | Invalid S/B: 0.00/0.00 | Max Load: 4.1 | Load Gap: 1.1 | Group CV: 0.0347
Epoch [1015/2000] | Sampled: 371.12 | Baseline: 331.50 | Improvement: -39.62 | Win Rate: 0.00% | Actor Loss: -2.2508 | Entropy: 2.2599 | Invalid S/B: 0.00/0.00 | Max Load: 4.2 | Load Gap: 1.2 | Group CV: 0.0173
Epoch [1016/2000] | Sampled: 376.25 | Baseline: 369.00 | Improvement: -7.25 | Win Rate: 50.00% | Actor Loss: 0.9791 | Entropy: 2.2024 | Invalid S/B: 0.12/0.00 | Max Load: 4.5 | Load Gap: 1.5 | Group CV: 0.0546
Epoch [1017/2000] | Sampled: 362.88 | Baseline: 369.00 | Improvement: 6.12 | Win Rate: 50.00% | Actor Loss: 3.1252 | Entropy: 2.1851 | Invalid S/B: 0.00/0.00 | Max Load: 4.5 | Load Gap: 1.5 | Group CV: 0.0191
Epoch [1018/2000] | Sampled: 363.50 | Baseline: 311.50 | Improvement: -52.00 | Win Rate: 0.00% | Actor Loss: -3.3764 | Entropy: 2.1624 | Invalid S/B: 0.00/0.00 | Max Load: 4.8 | Load Gap: 1.8 | Group CV: 0.0185
Epoch [1019/2000] | Sampled: 364.62 | Baseline: 362.50 | Improvement: -2.12 | Win Rate: 50.00% | Actor Loss: -5.9875 | Entropy: 2.1794 | Invalid S/B: 0.00/0.00 | Max Load: 4.8 | Load Gap: 1.8 | Group CV: 0.0291
Epoch [1020/2000] | Sampled: 374.50 | Baseline: 341.00 | Improvement: -33.50 | Win Rate: 37.50% | Actor Loss: -0.4176 | Entropy: 2.1703 | Invalid S/B: 0.00/0.00 | Max Load: 4.2 | Load Gap: 1.2 | Group CV: 0.0310
   -> Validation | Samples: 50 | Makespan: 360.74 | Invalid Jobs: 0.00 | Score: 360.74
Epoch [1021/2000] | Sampled: 375.00 | Baseline: 342.50 | Improvement: -32.50 | Win Rate: 0.00% | Actor Loss: 5.2639 | Entropy: 2.1444 | Invalid S/B: 0.12/0.00 | Max Load: 4.2 | Load Gap: 1.2 | Group CV: 0.0483
Epoch [1022/2000] | Sampled: 366.25 | Baseline: 359.00 | Improvement: -7.25 | Win Rate: 37.50% | Actor Loss: 0.4650 | Entropy: 2.1386 | Invalid S/B: 0.12/0.00 | Max Load: 4.1 | Load Gap: 1.1 | Group CV: 0.0373
Epoch [1023/2000] | Sampled: 368.50 | Baseline: 343.50 | Improvement: -25.00 | Win Rate: 0.00% | Actor Loss: 0.0659 | Entropy: 2.0905 | Invalid S/B: 0.00/0.00 | Max Load: 4.2 | Load Gap: 1.2 | Group CV: 0.0181
Epoch [1024/2000] | Sampled: 371.12 | Baseline: 301.50 | Improvement: -69.62 | Win Rate: 0.00% | Actor Loss: -0.7235 | Entropy: 2.0521 | Invalid S/B: 0.00/0.00 | Max Load: 4.0 | Load Gap: 1.0 | Group CV: 0.0188
Epoch [1025/2000] | Sampled: 359.00 | Baseline: 357.00 | Improvement: -2.00 | Win Rate: 50.00% | Actor Loss: -7.5775 | Entropy: 2.0591 | Invalid S/B: 0.12/0.00 | Max Load: 4.2 | Load Gap: 1.2 | Group CV: 0.0323
Epoch [1026/2000] | Sampled: 368.62 | Baseline: 317.50 | Improvement: -51.12 | Win Rate: 0.00% | Actor Loss: 2.5386 | Entropy: 2.0608 | Invalid S/B: 0.00/0.00 | Max Load: 4.0 | Load Gap: 1.0 | Group CV: 0.0291
Epoch [1027/2000] | Sampled: 360.25 | Baseline: 336.00 | Improvement: -24.25 | Win Rate: 0.00% | Actor Loss: -0.7729 | Entropy: 2.0241 | Invalid S/B: 0.00/0.00 | Max Load: 4.4 | Load Gap: 1.4 | Group CV: 0.0233
Epoch [1028/2000] | Sampled: 360.75 | Baseline: 336.50 | Improvement: -24.25 | Win Rate: 0.00% | Actor Loss: 2.5306 | Entropy: 2.0570 | Invalid S/B: 0.12/0.00 | Max Load: 4.2 | Load Gap: 1.2 | Group CV: 0.0282
Epoch [1029/2000] | Sampled: 373.12 | Baseline: 336.00 | Improvement: -37.12 | Win Rate: 25.00% | Actor Loss: -1.4979 | Entropy: 1.9753 | Invalid S/B: 0.12/0.00 | Max Load: 4.4 | Load Gap: 1.4 | Group CV: 0.0527
Epoch [1030/2000] | Sampled: 359.62 | Baseline: 346.00 | Improvement: -13.62 | Win Rate: 12.50% | Actor Loss: 1.6634 | Entropy: 1.9849 | Invalid S/B: 0.00/0.00 | Max Load: 4.0 | Load Gap: 1.0 | Group CV: 0.0284
   -> Validation | Samples: 50 | Makespan: 366.50 | Invalid Jobs: 0.04 | Score: 370.50
Epoch [1031/2000] | Sampled: 369.38 | Baseline: 338.00 | Improvement: -31.38 | Win Rate: 37.50% | Actor Loss: -3.3850 | Entropy: 1.9922 | Invalid S/B: 0.25/0.00 | Max Load: 4.6 | Load Gap: 1.6 | Group CV: 0.0566
Epoch [1032/2000] | Sampled: 370.25 | Baseline: 340.00 | Improvement: -30.25 | Win Rate: 12.50% | Actor Loss: 2.3211 | Entropy: 1.9681 | Invalid S/B: 0.12/0.00 | Max Load: 4.0 | Load Gap: 1.0 | Group CV: 0.0495
Epoch [1033/2000] | Sampled: 372.50 | Baseline: 299.00 | Improvement: -73.50 | Win Rate: 0.00% | Actor Loss: 0.6498 | Entropy: 1.9556 | Invalid S/B: 0.00/0.00 | Max Load: 4.1 | Load Gap: 1.1 | Group CV: 0.0311
Epoch [1034/2000] | Sampled: 354.25 | Baseline: 313.00 | Improvement: -41.25 | Win Rate: 0.00% | Actor Loss: 0.7553 | Entropy: 1.9566 | Invalid S/B: 0.00/0.00 | Max Load: 4.4 | Load Gap: 1.4 | Group CV: 0.0150
Epoch [1035/2000] | Sampled: 360.00 | Baseline: 329.50 | Improvement: -30.50 | Win Rate: 0.00% | Actor Loss: 5.3542 | Entropy: 1.9865 | Invalid S/B: 0.00/0.00 | Max Load: 4.6 | Load Gap: 1.6 | Group CV: 0.0167
Epoch [1036/2000] | Sampled: 362.88 | Baseline: 302.50 | Improvement: -60.38 | Win Rate: 0.00% | Actor Loss: -8.0831 | Entropy: 2.0002 | Invalid S/B: 0.00/0.00 | Max Load: 4.2 | Load Gap: 1.2 | Group CV: 0.0245
Epoch [1037/2000] | Sampled: 365.62 | Baseline: 338.00 | Improvement: -27.62 | Win Rate: 0.00% | Actor Loss: -4.9692 | Entropy: 2.0346 | Invalid S/B: 0.00/0.00 | Max Load: 4.4 | Load Gap: 1.4 | Group CV: 0.0232
Epoch [1038/2000] | Sampled: 384.38 | Baseline: 373.00 | Improvement: -11.38 | Win Rate: 50.00% | Actor Loss: -0.4445 | Entropy: 2.0052 | Invalid S/B: 0.00/0.00 | Max Load: 4.5 | Load Gap: 1.5 | Group CV: 0.0359
Epoch [1039/2000] | Sampled: 367.62 | Baseline: 338.50 | Improvement: -29.12 | Win Rate: 0.00% | Actor Loss: -0.5677 | Entropy: 2.0608 | Invalid S/B: 0.12/0.00 | Max Load: 4.2 | Load Gap: 1.2 | Group CV: 0.0355
Epoch [1040/2000] | Sampled: 354.62 | Baseline: 341.50 | Improvement: -13.12 | Win Rate: 12.50% | Actor Loss: 0.9971 | Entropy: 2.0116 | Invalid S/B: 0.00/0.00 | Max Load: 4.2 | Load Gap: 1.2 | Group CV: 0.0189
   -> Validation | Samples: 50 | Makespan: 361.76 | Invalid Jobs: 0.00 | Score: 361.76
Epoch [1041/2000] | Sampled: 363.00 | Baseline: 297.00 | Improvement: -66.00 | Win Rate: 0.00% | Actor Loss: 2.7315 | Entropy: 1.9853 | Invalid S/B: 0.00/0.00 | Max Load: 4.4 | Load Gap: 1.4 | Group CV: 0.0200
Epoch [1042/2000] | Sampled: 356.88 | Baseline: 311.50 | Improvement: -45.38 | Win Rate: 0.00% | Actor Loss: -2.9608 | Entropy: 1.9303 | Invalid S/B: 0.00/0.00 | Max Load: 4.4 | Load Gap: 1.4 | Group CV: 0.0179
Epoch [1043/2000] | Sampled: 375.12 | Baseline: 299.50 | Improvement: -75.62 | Win Rate: 0.00% | Actor Loss: 4.7598 | Entropy: 1.9838 | Invalid S/B: 0.12/0.00 | Max Load: 4.2 | Load Gap: 1.2 | Group CV: 0.0706
Epoch [1044/2000] | Sampled: 367.75 | Baseline: 350.00 | Improvement: -17.75 | Win Rate: 37.50% | Actor Loss: -2.7157 | Entropy: 2.1242 | Invalid S/B: 0.25/0.00 | Max Load: 4.2 | Load Gap: 1.2 | Group CV: 0.0582
Epoch [1045/2000] | Sampled: 369.62 | Baseline: 361.50 | Improvement: -8.12 | Win Rate: 50.00% | Actor Loss: 0.0788 | Entropy: 2.0198 | Invalid S/B: 0.12/0.00 | Max Load: 4.4 | Load Gap: 1.4 | Group CV: 0.0336
Epoch [1046/2000] | Sampled: 364.38 | Baseline: 320.50 | Improvement: -43.88 | Win Rate: 0.00% | Actor Loss: 6.8589 | Entropy: 2.0781 | Invalid S/B: 0.50/0.00 | Max Load: 4.2 | Load Gap: 1.2 | Group CV: 0.0539
Epoch [1047/2000] | Sampled: 379.12 | Baseline: 358.50 | Improvement: -20.62 | Win Rate: 12.50% | Actor Loss: 0.3771 | Entropy: 2.1490 | Invalid S/B: 0.25/0.00 | Max Load: 4.6 | Load Gap: 1.6 | Group CV: 0.0561
Epoch [1048/2000] | Sampled: 369.62 | Baseline: 306.50 | Improvement: -63.12 | Win Rate: 0.00% | Actor Loss: 2.8313 | Entropy: 2.0557 | Invalid S/B: 0.25/0.00 | Max Load: 4.5 | Load Gap: 1.5 | Group CV: 0.0595
Epoch [1049/2000] | Sampled: 354.12 | Baseline: 309.00 | Improvement: -45.12 | Win Rate: 0.00% | Actor Loss: -1.9626 | Entropy: 2.0055 | Invalid S/B: 0.00/0.00 | Max Load: 4.1 | Load Gap: 1.1 | Group CV: 0.0297
Epoch [1050/2000] | Sampled: 366.50 | Baseline: 297.50 | Improvement: -69.00 | Win Rate: 0.00% | Actor Loss: -0.2005 | Entropy: 2.0946 | Invalid S/B: 0.38/0.00 | Max Load: 4.4 | Load Gap: 1.4 | Group CV: 0.0514
   -> Validation | Samples: 50 | Makespan: 368.04 | Invalid Jobs: 0.06 | Score: 374.04
Epoch [1051/2000] | Sampled: 362.88 | Baseline: 315.00 | Improvement: -47.88 | Win Rate: 0.00% | Actor Loss: -2.7541 | Entropy: 2.0310 | Invalid S/B: 0.25/0.00 | Max Load: 4.1 | Load Gap: 1.1 | Group CV: 0.0341
Epoch [1052/2000] | Sampled: 370.88 | Baseline: 321.00 | Improvement: -49.88 | Win Rate: 0.00% | Actor Loss: -1.7152 | Entropy: 1.9854 | Invalid S/B: 0.25/0.00 | Max Load: 4.2 | Load Gap: 1.4 | Group CV: 0.0828
Epoch [1053/2000] | Sampled: 354.38 | Baseline: 308.00 | Improvement: -46.38 | Win Rate: 0.00% | Actor Loss: 2.3513 | Entropy: 2.0150 | Invalid S/B: 0.00/0.00 | Max Load: 4.2 | Load Gap: 1.2 | Group CV: 0.0197
Epoch [1054/2000] | Sampled: 370.62 | Baseline: 318.00 | Improvement: -52.62 | Win Rate: 0.00% | Actor Loss: -5.9244 | Entropy: 1.9320 | Invalid S/B: 0.25/0.00 | Max Load: 4.2 | Load Gap: 1.2 | Group CV: 0.0641
Epoch [1055/2000] | Sampled: 357.75 | Baseline: 316.00 | Improvement: -41.75 | Win Rate: 0.00% | Actor Loss: -1.2879 | Entropy: 1.9958 | Invalid S/B: 0.12/0.00 | Max Load: 4.2 | Load Gap: 1.2 | Group CV: 0.0402
Epoch [1056/2000] | Sampled: 358.25 | Baseline: 326.00 | Improvement: -32.25 | Win Rate: 25.00% | Actor Loss: 3.3781 | Entropy: 1.9517 | Invalid S/B: 0.00/0.00 | Max Load: 4.2 | Load Gap: 1.2 | Group CV: 0.0209
Epoch [1057/2000] | Sampled: 365.88 | Baseline: 336.50 | Improvement: -29.38 | Win Rate: 0.00% | Actor Loss: -4.4088 | Entropy: 1.9925 | Invalid S/B: 0.00/0.00 | Max Load: 4.6 | Load Gap: 1.6 | Group CV: 0.0317
Epoch [1058/2000] | Sampled: 355.50 | Baseline: 329.50 | Improvement: -26.00 | Win Rate: 12.50% | Actor Loss: 1.2210 | Entropy: 1.9717 | Invalid S/B: 0.00/0.00 | Max Load: 4.1 | Load Gap: 1.1 | Group CV: 0.0188
Epoch [1059/2000] | Sampled: 367.88 | Baseline: 329.50 | Improvement: -38.38 | Win Rate: 25.00% | Actor Loss: -2.0463 | Entropy: 1.9785 | Invalid S/B: 0.12/0.00 | Max Load: 4.2 | Load Gap: 1.2 | Group CV: 0.0499
Epoch [1060/2000] | Sampled: 367.25 | Baseline: 322.00 | Improvement: -45.25 | Win Rate: 0.00% | Actor Loss: -4.0618 | Entropy: 2.0618 | Invalid S/B: 0.00/0.00 | Max Load: 4.4 | Load Gap: 1.4 | Group CV: 0.0297
   -> Validation | Samples: 50 | Makespan: 359.60 | Invalid Jobs: 0.04 | Score: 363.60
Epoch [1061/2000] | Sampled: 375.12 | Baseline: 319.50 | Improvement: -55.62 | Win Rate: 0.00% | Actor Loss: -6.8552 | Entropy: 2.0217 | Invalid S/B: 0.12/0.00 | Max Load: 4.1 | Load Gap: 1.1 | Group CV: 0.0274
Epoch [1062/2000] | Sampled: 370.88 | Baseline: 313.00 | Improvement: -57.88 | Win Rate: 0.00% | Actor Loss: 1.4685 | Entropy: 2.0019 | Invalid S/B: 0.12/0.00 | Max Load: 4.4 | Load Gap: 1.4 | Group CV: 0.0408
Epoch [1063/2000] | Sampled: 372.38 | Baseline: 366.00 | Improvement: -6.38 | Win Rate: 50.00% | Actor Loss: 1.3666 | Entropy: 2.0715 | Invalid S/B: 0.12/0.00 | Max Load: 4.2 | Load Gap: 1.2 | Group CV: 0.0452
Epoch [1064/2000] | Sampled: 364.50 | Baseline: 308.00 | Improvement: -56.50 | Win Rate: 0.00% | Actor Loss: 0.3875 | Entropy: 2.0249 | Invalid S/B: 0.00/0.00 | Max Load: 4.5 | Load Gap: 1.5 | Group CV: 0.0283
Epoch [1065/2000] | Sampled: 376.25 | Baseline: 327.00 | Improvement: -49.25 | Win Rate: 0.00% | Actor Loss: 0.7003 | Entropy: 2.0291 | Invalid S/B: 0.12/0.00 | Max Load: 4.2 | Load Gap: 1.2 | Group CV: 0.0409
Epoch [1066/2000] | Sampled: 377.75 | Baseline: 352.50 | Improvement: -25.25 | Win Rate: 37.50% | Actor Loss: -1.0598 | Entropy: 2.0956 | Invalid S/B: 0.12/0.00 | Max Load: 4.4 | Load Gap: 1.4 | Group CV: 0.0506
Epoch [1067/2000] | Sampled: 359.38 | Baseline: 341.00 | Improvement: -18.38 | Win Rate: 25.00% | Actor Loss: -3.4754 | Entropy: 2.1177 | Invalid S/B: 0.00/0.00 | Max Load: 4.0 | Load Gap: 1.0 | Group CV: 0.0261
Epoch [1068/2000] | Sampled: 356.50 | Baseline: 362.00 | Improvement: 5.50 | Win Rate: 50.00% | Actor Loss: 3.2952 | Entropy: 2.1647 | Invalid S/B: 0.00/0.50 | Max Load: 4.2 | Load Gap: 1.2 | Group CV: 0.0240
Epoch [1069/2000] | Sampled: 369.25 | Baseline: 338.00 | Improvement: -31.25 | Win Rate: 37.50% | Actor Loss: -1.7622 | Entropy: 2.1716 | Invalid S/B: 0.12/0.00 | Max Load: 4.4 | Load Gap: 1.4 | Group CV: 0.0607
Epoch [1070/2000] | Sampled: 370.62 | Baseline: 331.00 | Improvement: -39.62 | Win Rate: 0.00% | Actor Loss: -1.4347 | Entropy: 2.1668 | Invalid S/B: 0.12/0.00 | Max Load: 4.2 | Load Gap: 1.2 | Group CV: 0.0427
   -> Validation | Samples: 50 | Makespan: 355.96 | Invalid Jobs: 0.00 | Score: 355.96
Epoch [1071/2000] | Sampled: 373.50 | Baseline: 333.00 | Improvement: -40.50 | Win Rate: 12.50% | Actor Loss: 0.7873 | Entropy: 2.1470 | Invalid S/B: 0.00/0.00 | Max Load: 4.6 | Load Gap: 1.6 | Group CV: 0.0245
Epoch [1072/2000] | Sampled: 362.75 | Baseline: 319.00 | Improvement: -43.75 | Win Rate: 0.00% | Actor Loss: -0.4444 | Entropy: 2.1488 | Invalid S/B: 0.00/0.00 | Max Load: 4.2 | Load Gap: 1.2 | Group CV: 0.0315
Epoch [1073/2000] | Sampled: 361.25 | Baseline: 357.00 | Improvement: -4.25 | Win Rate: 50.00% | Actor Loss: 1.8454 | Entropy: 2.1831 | Invalid S/B: 0.00/0.00 | Max Load: 4.2 | Load Gap: 1.2 | Group CV: 0.0338
Epoch [1074/2000] | Sampled: 378.62 | Baseline: 333.00 | Improvement: -45.62 | Win Rate: 0.00% | Actor Loss: -11.6852 | Entropy: 2.2270 | Invalid S/B: 0.00/0.00 | Max Load: 4.5 | Load Gap: 1.5 | Group CV: 0.0528
Epoch [1075/2000] | Sampled: 364.88 | Baseline: 335.50 | Improvement: -29.38 | Win Rate: 0.00% | Actor Loss: -8.7840 | Entropy: 2.2772 | Invalid S/B: 0.00/0.00 | Max Load: 4.1 | Load Gap: 1.1 | Group CV: 0.0255
Epoch [1076/2000] | Sampled: 382.38 | Baseline: 401.00 | Improvement: 18.62 | Win Rate: 75.00% | Actor Loss: -1.7973 | Entropy: 2.3058 | Invalid S/B: 0.00/0.00 | Max Load: 4.6 | Load Gap: 1.6 | Group CV: 0.0369
Epoch [1077/2000] | Sampled: 368.12 | Baseline: 323.00 | Improvement: -45.12 | Win Rate: 0.00% | Actor Loss: -7.1504 | Entropy: 2.3024 | Invalid S/B: 0.00/0.00 | Max Load: 4.2 | Load Gap: 1.2 | Group CV: 0.0119
Epoch [1078/2000] | Sampled: 369.38 | Baseline: 342.00 | Improvement: -27.38 | Win Rate: 0.00% | Actor Loss: -0.7947 | Entropy: 2.2376 | Invalid S/B: 0.00/0.00 | Max Load: 4.1 | Load Gap: 1.1 | Group CV: 0.0291
Epoch [1079/2000] | Sampled: 382.75 | Baseline: 383.00 | Improvement: 0.25 | Win Rate: 50.00% | Actor Loss: -6.3242 | Entropy: 2.2562 | Invalid S/B: 0.00/0.00 | Max Load: 4.9 | Load Gap: 1.9 | Group CV: 0.0317
Epoch [1080/2000] | Sampled: 366.00 | Baseline: 354.50 | Improvement: -11.50 | Win Rate: 50.00% | Actor Loss: -5.4920 | Entropy: 2.2355 | Invalid S/B: 0.00/0.00 | Max Load: 4.1 | Load Gap: 1.1 | Group CV: 0.0198
   -> Validation | Samples: 50 | Makespan: 361.44 | Invalid Jobs: 0.02 | Score: 363.44
Epoch [1081/2000] | Sampled: 368.75 | Baseline: 345.00 | Improvement: -23.75 | Win Rate: 12.50% | Actor Loss: 1.7176 | Entropy: 2.1560 | Invalid S/B: 0.00/0.00 | Max Load: 4.5 | Load Gap: 1.5 | Group CV: 0.0315
Epoch [1082/2000] | Sampled: 367.75 | Baseline: 354.50 | Improvement: -13.25 | Win Rate: 50.00% | Actor Loss: -2.4405 | Entropy: 2.1653 | Invalid S/B: 0.00/0.00 | Max Load: 4.5 | Load Gap: 1.5 | Group CV: 0.0118
Epoch [1083/2000] | Sampled: 361.25 | Baseline: 336.50 | Improvement: -24.75 | Win Rate: 0.00% | Actor Loss: -2.5769 | Entropy: 2.1276 | Invalid S/B: 0.00/0.00 | Max Load: 4.5 | Load Gap: 1.5 | Group CV: 0.0282
Epoch [1084/2000] | Sampled: 365.88 | Baseline: 296.50 | Improvement: -69.38 | Win Rate: 0.00% | Actor Loss: -5.9438 | Entropy: 2.1532 | Invalid S/B: 0.00/0.00 | Max Load: 4.2 | Load Gap: 1.2 | Group CV: 0.0381
Epoch [1085/2000] | Sampled: 369.00 | Baseline: 336.50 | Improvement: -32.50 | Win Rate: 0.00% | Actor Loss: -9.2848 | Entropy: 2.0871 | Invalid S/B: 0.00/0.00 | Max Load: 4.4 | Load Gap: 1.4 | Group CV: 0.0201
Epoch [1086/2000] | Sampled: 371.25 | Baseline: 355.00 | Improvement: -16.25 | Win Rate: 12.50% | Actor Loss: 1.3412 | Entropy: 2.0536 | Invalid S/B: 0.00/0.00 | Max Load: 4.2 | Load Gap: 1.2 | Group CV: 0.0186
Epoch [1087/2000] | Sampled: 384.25 | Baseline: 327.50 | Improvement: -56.75 | Win Rate: 0.00% | Actor Loss: 0.1804 | Entropy: 2.0611 | Invalid S/B: 0.00/0.00 | Max Load: 4.2 | Load Gap: 1.2 | Group CV: 0.0316
Epoch [1088/2000] | Sampled: 361.38 | Baseline: 346.50 | Improvement: -14.88 | Win Rate: 50.00% | Actor Loss: -3.7765 | Entropy: 2.0905 | Invalid S/B: 0.00/0.00 | Max Load: 4.6 | Load Gap: 1.6 | Group CV: 0.0276
Epoch [1089/2000] | Sampled: 365.25 | Baseline: 332.00 | Improvement: -33.25 | Win Rate: 0.00% | Actor Loss: -6.6939 | Entropy: 2.0710 | Invalid S/B: 0.00/0.00 | Max Load: 4.4 | Load Gap: 1.4 | Group CV: 0.0167
Epoch [1090/2000] | Sampled: 366.00 | Baseline: 326.00 | Improvement: -40.00 | Win Rate: 0.00% | Actor Loss: 2.3382 | Entropy: 2.0680 | Invalid S/B: 0.00/0.00 | Max Load: 4.4 | Load Gap: 1.4 | Group CV: 0.0161
   -> Validation | Samples: 50 | Makespan: 361.12 | Invalid Jobs: 0.02 | Score: 363.12
Epoch [1091/2000] | Sampled: 365.88 | Baseline: 330.00 | Improvement: -35.88 | Win Rate: 0.00% | Actor Loss: -3.8778 | Entropy: 1.9653 | Invalid S/B: 0.00/0.00 | Max Load: 4.2 | Load Gap: 1.2 | Group CV: 0.0272
Epoch [1092/2000] | Sampled: 360.88 | Baseline: 349.50 | Improvement: -11.38 | Win Rate: 50.00% | Actor Loss: -5.7922 | Entropy: 2.1260 | Invalid S/B: 0.12/0.00 | Max Load: 4.1 | Load Gap: 1.1 | Group CV: 0.0185
Epoch [1093/2000] | Sampled: 378.75 | Baseline: 368.00 | Improvement: -10.75 | Win Rate: 50.00% | Actor Loss: -0.2873 | Entropy: 2.0032 | Invalid S/B: 0.00/0.00 | Max Load: 4.8 | Load Gap: 1.8 | Group CV: 0.0347
Epoch [1094/2000] | Sampled: 363.38 | Baseline: 331.00 | Improvement: -32.38 | Win Rate: 12.50% | Actor Loss: 0.1497 | Entropy: 1.9815 | Invalid S/B: 0.00/0.00 | Max Load: 4.5 | Load Gap: 1.5 | Group CV: 0.0293
Epoch [1095/2000] | Sampled: 384.62 | Baseline: 371.00 | Improvement: -13.62 | Win Rate: 25.00% | Actor Loss: -0.0755 | Entropy: 2.0042 | Invalid S/B: 0.00/0.00 | Max Load: 4.0 | Load Gap: 1.0 | Group CV: 0.0478
Epoch [1096/2000] | Sampled: 369.75 | Baseline: 322.00 | Improvement: -47.75 | Win Rate: 0.00% | Actor Loss: -4.9174 | Entropy: 2.0346 | Invalid S/B: 0.00/0.00 | Max Load: 4.2 | Load Gap: 1.2 | Group CV: 0.0194
Epoch [1097/2000] | Sampled: 361.12 | Baseline: 347.00 | Improvement: -14.12 | Win Rate: 25.00% | Actor Loss: 1.4313 | Entropy: 2.0279 | Invalid S/B: 0.00/0.00 | Max Load: 4.1 | Load Gap: 1.1 | Group CV: 0.0312
Epoch [1098/2000] | Sampled: 368.62 | Baseline: 375.50 | Improvement: 6.88 | Win Rate: 75.00% | Actor Loss: -2.4211 | Entropy: 1.9249 | Invalid S/B: 0.00/0.00 | Max Load: 4.1 | Load Gap: 1.1 | Group CV: 0.0156
Epoch [1099/2000] | Sampled: 363.00 | Baseline: 303.00 | Improvement: -60.00 | Win Rate: 0.00% | Actor Loss: 5.8509 | Entropy: 2.0102 | Invalid S/B: 0.12/0.00 | Max Load: 4.0 | Load Gap: 1.0 | Group CV: 0.0357
Epoch [1100/2000] | Sampled: 356.88 | Baseline: 365.00 | Improvement: 8.12 | Win Rate: 50.00% | Actor Loss: -6.1044 | Entropy: 1.9588 | Invalid S/B: 0.00/0.00 | Max Load: 4.1 | Load Gap: 1.1 | Group CV: 0.0179
   -> Validation | Samples: 50 | Makespan: 361.58 | Invalid Jobs: 0.02 | Score: 363.58
   -> Saved updated training chart to /home/wei/Desktop/AMR-DFJSP/Static_alogorithm/Attention/attention_training_metrics.png
Epoch [1101/2000] | Sampled: 370.88 | Baseline: 343.50 | Improvement: -27.38 | Win Rate: 0.00% | Actor Loss: -6.0145 | Entropy: 1.9454 | Invalid S/B: 0.00/0.00 | Max Load: 4.2 | Load Gap: 1.2 | Group CV: 0.0196
Epoch [1102/2000] | Sampled: 374.75 | Baseline: 357.00 | Improvement: -17.75 | Win Rate: 0.00% | Actor Loss: -0.8396 | Entropy: 1.8945 | Invalid S/B: 0.00/0.50 | Max Load: 4.4 | Load Gap: 1.4 | Group CV: 0.0107
Epoch [1103/2000] | Sampled: 368.38 | Baseline: 332.50 | Improvement: -35.88 | Win Rate: 0.00% | Actor Loss: -2.0290 | Entropy: 1.9241 | Invalid S/B: 0.12/0.00 | Max Load: 4.4 | Load Gap: 1.4 | Group CV: 0.0412
Epoch [1104/2000] | Sampled: 373.25 | Baseline: 315.50 | Improvement: -57.75 | Win Rate: 0.00% | Actor Loss: -7.8219 | Entropy: 1.9542 | Invalid S/B: 0.00/0.00 | Max Load: 4.4 | Load Gap: 1.4 | Group CV: 0.0309
Epoch [1105/2000] | Sampled: 363.88 | Baseline: 303.00 | Improvement: -60.88 | Win Rate: 0.00% | Actor Loss: -3.5183 | Entropy: 1.9659 | Invalid S/B: 0.00/0.00 | Max Load: 4.1 | Load Gap: 1.1 | Group CV: 0.0161
Epoch [1106/2000] | Sampled: 360.25 | Baseline: 314.50 | Improvement: -45.75 | Win Rate: 12.50% | Actor Loss: 4.5034 | Entropy: 1.9182 | Invalid S/B: 0.00/0.00 | Max Load: 4.1 | Load Gap: 1.1 | Group CV: 0.0354
Epoch [1107/2000] | Sampled: 368.88 | Baseline: 339.00 | Improvement: -29.88 | Win Rate: 37.50% | Actor Loss: 1.0205 | Entropy: 1.9311 | Invalid S/B: 0.12/0.00 | Max Load: 4.6 | Load Gap: 1.6 | Group CV: 0.0430
Epoch [1108/2000] | Sampled: 358.25 | Baseline: 298.00 | Improvement: -60.25 | Win Rate: 0.00% | Actor Loss: -5.6711 | Entropy: 1.9746 | Invalid S/B: 0.00/0.00 | Max Load: 4.2 | Load Gap: 1.2 | Group CV: 0.0229
Epoch [1109/2000] | Sampled: 365.00 | Baseline: 350.00 | Improvement: -15.00 | Win Rate: 50.00% | Actor Loss: 1.3457 | Entropy: 1.8700 | Invalid S/B: 0.00/0.00 | Max Load: 4.2 | Load Gap: 1.2 | Group CV: 0.0205
Epoch [1110/2000] | Sampled: 376.50 | Baseline: 375.00 | Improvement: -1.50 | Win Rate: 50.00% | Actor Loss: -0.0110 | Entropy: 1.9188 | Invalid S/B: 0.00/0.00 | Max Load: 4.2 | Load Gap: 1.2 | Group CV: 0.0290
   -> Validation | Samples: 50 | Makespan: 362.62 | Invalid Jobs: 0.02 | Score: 364.62
Epoch [1111/2000] | Sampled: 364.12 | Baseline: 324.50 | Improvement: -39.62 | Win Rate: 0.00% | Actor Loss: -5.2587 | Entropy: 1.9039 | Invalid S/B: 0.00/0.00 | Max Load: 4.2 | Load Gap: 1.2 | Group CV: 0.0227
Epoch [1112/2000] | Sampled: 362.62 | Baseline: 312.00 | Improvement: -50.62 | Win Rate: 0.00% | Actor Loss: -5.8864 | Entropy: 1.9177 | Invalid S/B: 0.00/0.00 | Max Load: 4.2 | Load Gap: 1.2 | Group CV: 0.0232
Epoch [1113/2000] | Sampled: 365.00 | Baseline: 352.50 | Improvement: -12.50 | Win Rate: 50.00% | Actor Loss: 3.2769 | Entropy: 1.8202 | Invalid S/B: 0.00/0.00 | Max Load: 4.1 | Load Gap: 1.1 | Group CV: 0.0139
Epoch [1114/2000] | Sampled: 367.00 | Baseline: 335.00 | Improvement: -32.00 | Win Rate: 0.00% | Actor Loss: -3.0225 | Entropy: 1.8653 | Invalid S/B: 0.00/0.00 | Max Load: 4.2 | Load Gap: 1.2 | Group CV: 0.0369
Epoch [1115/2000] | Sampled: 357.62 | Baseline: 317.00 | Improvement: -40.62 | Win Rate: 0.00% | Actor Loss: -0.5574 | Entropy: 1.8280 | Invalid S/B: 0.00/0.00 | Max Load: 4.4 | Load Gap: 1.4 | Group CV: 0.0176
Epoch [1116/2000] | Sampled: 366.00 | Baseline: 310.50 | Improvement: -55.50 | Win Rate: 0.00% | Actor Loss: 0.1421 | Entropy: 1.8082 | Invalid S/B: 0.12/0.00 | Max Load: 4.0 | Load Gap: 1.0 | Group CV: 0.0377
Epoch [1117/2000] | Sampled: 365.88 | Baseline: 336.50 | Improvement: -29.38 | Win Rate: 0.00% | Actor Loss: 0.4337 | Entropy: 1.8413 | Invalid S/B: 0.00/0.00 | Max Load: 4.0 | Load Gap: 1.0 | Group CV: 0.0267
Epoch [1118/2000] | Sampled: 367.50 | Baseline: 376.50 | Improvement: 9.00 | Win Rate: 62.50% | Actor Loss: -0.9926 | Entropy: 1.8279 | Invalid S/B: 0.00/0.00 | Max Load: 4.2 | Load Gap: 1.2 | Group CV: 0.0220
Epoch [1119/2000] | Sampled: 366.00 | Baseline: 359.50 | Improvement: -6.50 | Win Rate: 25.00% | Actor Loss: -5.9601 | Entropy: 1.8606 | Invalid S/B: 0.00/0.00 | Max Load: 4.2 | Load Gap: 1.2 | Group CV: 0.0197
Epoch [1120/2000] | Sampled: 354.88 | Baseline: 306.00 | Improvement: -48.88 | Win Rate: 0.00% | Actor Loss: -0.4014 | Entropy: 1.8370 | Invalid S/B: 0.00/0.00 | Max Load: 4.0 | Load Gap: 1.0 | Group CV: 0.0143
   -> Validation | Samples: 50 | Makespan: 362.14 | Invalid Jobs: 0.04 | Score: 366.14
Epoch [1121/2000] | Sampled: 354.62 | Baseline: 318.50 | Improvement: -36.12 | Win Rate: 0.00% | Actor Loss: -3.0607 | Entropy: 1.8211 | Invalid S/B: 0.00/0.00 | Max Load: 4.2 | Load Gap: 1.2 | Group CV: 0.0185
Epoch [1122/2000] | Sampled: 375.38 | Baseline: 339.50 | Improvement: -35.88 | Win Rate: 0.00% | Actor Loss: -1.4109 | Entropy: 1.9013 | Invalid S/B: 0.00/0.00 | Max Load: 4.6 | Load Gap: 1.6 | Group CV: 0.0230
Epoch [1123/2000] | Sampled: 376.25 | Baseline: 346.50 | Improvement: -29.75 | Win Rate: 25.00% | Actor Loss: -4.8767 | Entropy: 1.8346 | Invalid S/B: 0.12/0.00 | Max Load: 4.4 | Load Gap: 1.4 | Group CV: 0.0487
Epoch [1124/2000] | Sampled: 357.38 | Baseline: 329.50 | Improvement: -27.88 | Win Rate: 12.50% | Actor Loss: -0.4951 | Entropy: 1.8073 | Invalid S/B: 0.12/0.00 | Max Load: 4.2 | Load Gap: 1.2 | Group CV: 0.0363
Epoch [1125/2000] | Sampled: 363.12 | Baseline: 359.50 | Improvement: -3.62 | Win Rate: 37.50% | Actor Loss: -2.7201 | Entropy: 1.7810 | Invalid S/B: 0.00/0.00 | Max Load: 4.2 | Load Gap: 1.2 | Group CV: 0.0289
Epoch [1126/2000] | Sampled: 371.50 | Baseline: 353.50 | Improvement: -18.00 | Win Rate: 25.00% | Actor Loss: -0.3336 | Entropy: 1.8228 | Invalid S/B: 0.00/0.00 | Max Load: 4.2 | Load Gap: 1.2 | Group CV: 0.0274
Epoch [1127/2000] | Sampled: 369.75 | Baseline: 334.00 | Improvement: -35.75 | Win Rate: 25.00% | Actor Loss: 0.0932 | Entropy: 1.8279 | Invalid S/B: 0.00/0.00 | Max Load: 4.4 | Load Gap: 1.4 | Group CV: 0.0351
Epoch [1128/2000] | Sampled: 366.25 | Baseline: 316.50 | Improvement: -49.75 | Win Rate: 0.00% | Actor Loss: -1.2051 | Entropy: 1.8004 | Invalid S/B: 0.12/0.00 | Max Load: 4.1 | Load Gap: 1.1 | Group CV: 0.0416
Epoch [1129/2000] | Sampled: 363.62 | Baseline: 338.00 | Improvement: -25.62 | Win Rate: 25.00% | Actor Loss: 5.0867 | Entropy: 1.7583 | Invalid S/B: 0.12/0.00 | Max Load: 4.4 | Load Gap: 1.4 | Group CV: 0.0455
Epoch [1130/2000] | Sampled: 368.12 | Baseline: 334.50 | Improvement: -33.62 | Win Rate: 0.00% | Actor Loss: -4.0445 | Entropy: 1.7506 | Invalid S/B: 0.00/0.00 | Max Load: 4.4 | Load Gap: 1.4 | Group CV: 0.0196
   -> Validation | Samples: 50 | Makespan: 358.04 | Invalid Jobs: 0.00 | Score: 358.04
Epoch [1131/2000] | Sampled: 359.75 | Baseline: 316.00 | Improvement: -43.75 | Win Rate: 0.00% | Actor Loss: -0.2769 | Entropy: 1.7944 | Invalid S/B: 0.00/0.00 | Max Load: 4.2 | Load Gap: 1.2 | Group CV: 0.0238
Epoch [1132/2000] | Sampled: 356.00 | Baseline: 330.00 | Improvement: -26.00 | Win Rate: 12.50% | Actor Loss: 4.1374 | Entropy: 1.7885 | Invalid S/B: 0.00/0.00 | Max Load: 4.1 | Load Gap: 1.1 | Group CV: 0.0253
Epoch [1133/2000] | Sampled: 358.75 | Baseline: 314.50 | Improvement: -44.25 | Win Rate: 0.00% | Actor Loss: 3.5042 | Entropy: 1.8098 | Invalid S/B: 0.12/0.00 | Max Load: 4.4 | Load Gap: 1.4 | Group CV: 0.0240
Epoch [1134/2000] | Sampled: 362.50 | Baseline: 326.00 | Improvement: -36.50 | Win Rate: 12.50% | Actor Loss: -2.3080 | Entropy: 1.8424 | Invalid S/B: 0.12/0.00 | Max Load: 4.2 | Load Gap: 1.2 | Group CV: 0.0614
Epoch [1135/2000] | Sampled: 354.50 | Baseline: 356.50 | Improvement: 2.00 | Win Rate: 62.50% | Actor Loss: -7.5891 | Entropy: 1.8099 | Invalid S/B: 0.00/0.00 | Max Load: 4.2 | Load Gap: 1.2 | Group CV: 0.0285
Epoch [1136/2000] | Sampled: 361.62 | Baseline: 340.00 | Improvement: -21.62 | Win Rate: 50.00% | Actor Loss: -0.4230 | Entropy: 1.8509 | Invalid S/B: 0.00/0.00 | Max Load: 4.1 | Load Gap: 1.1 | Group CV: 0.0190
Epoch [1137/2000] | Sampled: 364.88 | Baseline: 329.00 | Improvement: -35.88 | Win Rate: 0.00% | Actor Loss: 4.7983 | Entropy: 1.8040 | Invalid S/B: 0.00/0.00 | Max Load: 4.6 | Load Gap: 1.6 | Group CV: 0.0271
Epoch [1138/2000] | Sampled: 382.75 | Baseline: 389.50 | Improvement: 6.75 | Win Rate: 50.00% | Actor Loss: -1.0310 | Entropy: 1.7813 | Invalid S/B: 0.12/0.00 | Max Load: 4.2 | Load Gap: 1.2 | Group CV: 0.0547
Epoch [1139/2000] | Sampled: 354.12 | Baseline: 309.50 | Improvement: -44.62 | Win Rate: 0.00% | Actor Loss: -2.8004 | Entropy: 1.8399 | Invalid S/B: 0.00/0.00 | Max Load: 4.1 | Load Gap: 1.1 | Group CV: 0.0241
Epoch [1140/2000] | Sampled: 359.62 | Baseline: 330.00 | Improvement: -29.62 | Win Rate: 37.50% | Actor Loss: 3.9434 | Entropy: 1.7981 | Invalid S/B: 0.00/0.00 | Max Load: 4.1 | Load Gap: 1.1 | Group CV: 0.0194
   -> Validation | Samples: 50 | Makespan: 364.32 | Invalid Jobs: 0.00 | Score: 364.32
Epoch [1141/2000] | Sampled: 355.00 | Baseline: 331.50 | Improvement: -23.50 | Win Rate: 0.00% | Actor Loss: -0.6384 | Entropy: 1.8247 | Invalid S/B: 0.00/0.00 | Max Load: 4.1 | Load Gap: 1.1 | Group CV: 0.0135
Epoch [1142/2000] | Sampled: 356.75 | Baseline: 306.50 | Improvement: -50.25 | Win Rate: 0.00% | Actor Loss: 5.4711 | Entropy: 1.8279 | Invalid S/B: 0.12/0.00 | Max Load: 4.1 | Load Gap: 1.1 | Group CV: 0.0517
Epoch [1143/2000] | Sampled: 360.38 | Baseline: 366.00 | Improvement: 5.62 | Win Rate: 87.50% | Actor Loss: 6.5421 | Entropy: 1.8125 | Invalid S/B: 0.00/0.00 | Max Load: 4.4 | Load Gap: 1.4 | Group CV: 0.0103
Epoch [1144/2000] | Sampled: 353.00 | Baseline: 334.00 | Improvement: -19.00 | Win Rate: 12.50% | Actor Loss: -1.7577 | Entropy: 1.8346 | Invalid S/B: 0.00/0.00 | Max Load: 4.0 | Load Gap: 1.0 | Group CV: 0.0244
Epoch [1145/2000] | Sampled: 353.25 | Baseline: 317.00 | Improvement: -36.25 | Win Rate: 0.00% | Actor Loss: 6.6046 | Entropy: 1.7758 | Invalid S/B: 0.00/0.00 | Max Load: 4.0 | Load Gap: 1.0 | Group CV: 0.0223
Epoch [1146/2000] | Sampled: 372.62 | Baseline: 349.00 | Improvement: -23.62 | Win Rate: 0.00% | Actor Loss: 0.6062 | Entropy: 1.8073 | Invalid S/B: 0.12/0.00 | Max Load: 4.2 | Load Gap: 1.2 | Group CV: 0.0377
Epoch [1147/2000] | Sampled: 367.25 | Baseline: 380.50 | Improvement: 13.25 | Win Rate: 100.00% | Actor Loss: -3.7787 | Entropy: 1.7768 | Invalid S/B: 0.00/0.00 | Max Load: 4.6 | Load Gap: 1.6 | Group CV: 0.0108
Epoch [1148/2000] | Sampled: 362.00 | Baseline: 329.00 | Improvement: -33.00 | Win Rate: 0.00% | Actor Loss: 8.6762 | Entropy: 1.8417 | Invalid S/B: 0.00/0.00 | Max Load: 4.1 | Load Gap: 1.1 | Group CV: 0.0134
Epoch [1149/2000] | Sampled: 367.75 | Baseline: 323.00 | Improvement: -44.75 | Win Rate: 0.00% | Actor Loss: 4.8434 | Entropy: 1.8046 | Invalid S/B: 0.12/0.00 | Max Load: 4.4 | Load Gap: 1.4 | Group CV: 0.0289
Epoch [1150/2000] | Sampled: 372.62 | Baseline: 363.50 | Improvement: -9.12 | Win Rate: 50.00% | Actor Loss: 0.1049 | Entropy: 1.8140 | Invalid S/B: 0.00/0.00 | Max Load: 4.2 | Load Gap: 1.2 | Group CV: 0.0222
   -> Validation | Samples: 50 | Makespan: 362.84 | Invalid Jobs: 0.02 | Score: 364.84
Epoch [1151/2000] | Sampled: 373.25 | Baseline: 323.00 | Improvement: -50.25 | Win Rate: 0.00% | Actor Loss: -1.8316 | Entropy: 1.8314 | Invalid S/B: 0.12/0.00 | Max Load: 4.4 | Load Gap: 1.4 | Group CV: 0.0447
Epoch [1152/2000] | Sampled: 360.38 | Baseline: 356.50 | Improvement: -3.88 | Win Rate: 37.50% | Actor Loss: -0.6175 | Entropy: 1.8553 | Invalid S/B: 0.00/0.00 | Max Load: 4.1 | Load Gap: 1.1 | Group CV: 0.0251
Epoch [1153/2000] | Sampled: 362.50 | Baseline: 329.50 | Improvement: -33.00 | Win Rate: 0.00% | Actor Loss: -3.3248 | Entropy: 1.9331 | Invalid S/B: 0.00/0.00 | Max Load: 4.2 | Load Gap: 1.2 | Group CV: 0.0145
Epoch [1154/2000] | Sampled: 362.38 | Baseline: 345.00 | Improvement: -17.38 | Win Rate: 12.50% | Actor Loss: 1.1682 | Entropy: 1.9308 | Invalid S/B: 0.00/0.00 | Max Load: 4.2 | Load Gap: 1.2 | Group CV: 0.0281
Epoch [1155/2000] | Sampled: 360.75 | Baseline: 323.50 | Improvement: -37.25 | Win Rate: 0.00% | Actor Loss: -2.1863 | Entropy: 1.9120 | Invalid S/B: 0.12/0.00 | Max Load: 4.5 | Load Gap: 1.5 | Group CV: 0.0699
Epoch [1156/2000] | Sampled: 370.75 | Baseline: 352.50 | Improvement: -18.25 | Win Rate: 0.00% | Actor Loss: -1.4588 | Entropy: 1.9740 | Invalid S/B: 0.25/0.00 | Max Load: 4.4 | Load Gap: 1.4 | Group CV: 0.0388
Epoch [1157/2000] | Sampled: 357.00 | Baseline: 352.50 | Improvement: -4.50 | Win Rate: 50.00% | Actor Loss: 0.2513 | Entropy: 2.0350 | Invalid S/B: 0.00/0.00 | Max Load: 4.2 | Load Gap: 1.2 | Group CV: 0.0241
Epoch [1158/2000] | Sampled: 362.50 | Baseline: 313.00 | Improvement: -49.50 | Win Rate: 0.00% | Actor Loss: -3.9784 | Entropy: 1.9949 | Invalid S/B: 0.12/0.00 | Max Load: 4.1 | Load Gap: 1.1 | Group CV: 0.0402
Epoch [1159/2000] | Sampled: 366.88 | Baseline: 348.00 | Improvement: -18.88 | Win Rate: 37.50% | Actor Loss: -1.0108 | Entropy: 1.9920 | Invalid S/B: 0.12/0.00 | Max Load: 4.0 | Load Gap: 1.0 | Group CV: 0.0555
Epoch [1160/2000] | Sampled: 354.38 | Baseline: 332.00 | Improvement: -22.38 | Win Rate: 0.00% | Actor Loss: 4.2768 | Entropy: 2.0060 | Invalid S/B: 0.00/0.00 | Max Load: 4.2 | Load Gap: 1.2 | Group CV: 0.0271
   -> Validation | Samples: 50 | Makespan: 362.00 | Invalid Jobs: 0.02 | Score: 364.00
Epoch [1161/2000] | Sampled: 354.75 | Baseline: 328.50 | Improvement: -26.25 | Win Rate: 12.50% | Actor Loss: -0.6541 | Entropy: 1.9904 | Invalid S/B: 0.00/0.00 | Max Load: 4.1 | Load Gap: 1.1 | Group CV: 0.0239
Epoch [1162/2000] | Sampled: 364.88 | Baseline: 301.50 | Improvement: -63.38 | Win Rate: 0.00% | Actor Loss: 5.6151 | Entropy: 1.9855 | Invalid S/B: 0.12/0.00 | Max Load: 4.1 | Load Gap: 1.1 | Group CV: 0.0255
Epoch [1163/2000] | Sampled: 355.38 | Baseline: 328.00 | Improvement: -27.38 | Win Rate: 0.00% | Actor Loss: -0.5838 | Entropy: 2.0385 | Invalid S/B: 0.00/0.00 | Max Load: 4.6 | Load Gap: 1.6 | Group CV: 0.0164
Epoch [1164/2000] | Sampled: 361.88 | Baseline: 301.50 | Improvement: -60.38 | Win Rate: 0.00% | Actor Loss: -5.7484 | Entropy: 2.0207 | Invalid S/B: 0.12/0.00 | Max Load: 4.4 | Load Gap: 1.4 | Group CV: 0.0481
Epoch [1165/2000] | Sampled: 359.88 | Baseline: 317.50 | Improvement: -42.38 | Win Rate: 0.00% | Actor Loss: -4.2945 | Entropy: 2.0355 | Invalid S/B: 0.00/0.00 | Max Load: 4.0 | Load Gap: 1.0 | Group CV: 0.0203
Epoch [1166/2000] | Sampled: 370.75 | Baseline: 345.00 | Improvement: -25.75 | Win Rate: 0.00% | Actor Loss: 3.7963 | Entropy: 1.9729 | Invalid S/B: 0.00/0.00 | Max Load: 4.5 | Load Gap: 1.5 | Group CV: 0.0178
Epoch [1167/2000] | Sampled: 363.38 | Baseline: 363.50 | Improvement: 0.12 | Win Rate: 50.00% | Actor Loss: 2.1310 | Entropy: 2.0172 | Invalid S/B: 0.00/0.00 | Max Load: 4.4 | Load Gap: 1.4 | Group CV: 0.0242
Epoch [1168/2000] | Sampled: 355.12 | Baseline: 321.00 | Improvement: -34.12 | Win Rate: 0.00% | Actor Loss: -1.7889 | Entropy: 1.9552 | Invalid S/B: 0.00/0.00 | Max Load: 4.1 | Load Gap: 1.1 | Group CV: 0.0365
Epoch [1169/2000] | Sampled: 370.88 | Baseline: 370.50 | Improvement: -0.38 | Win Rate: 37.50% | Actor Loss: -1.5821 | Entropy: 1.9537 | Invalid S/B: 0.00/0.00 | Max Load: 4.4 | Load Gap: 1.4 | Group CV: 0.0200
Epoch [1170/2000] | Sampled: 369.50 | Baseline: 324.50 | Improvement: -45.00 | Win Rate: 0.00% | Actor Loss: -6.9572 | Entropy: 2.0055 | Invalid S/B: 0.00/0.00 | Max Load: 4.4 | Load Gap: 1.4 | Group CV: 0.0245
   -> Validation | Samples: 50 | Makespan: 362.56 | Invalid Jobs: 0.02 | Score: 364.56
Epoch [1171/2000] | Sampled: 370.50 | Baseline: 339.00 | Improvement: -31.50 | Win Rate: 0.00% | Actor Loss: -0.2843 | Entropy: 2.0005 | Invalid S/B: 0.00/0.00 | Max Load: 4.1 | Load Gap: 1.1 | Group CV: 0.0212
Epoch [1172/2000] | Sampled: 360.00 | Baseline: 336.00 | Improvement: -24.00 | Win Rate: 0.00% | Actor Loss: 5.7588 | Entropy: 1.9826 | Invalid S/B: 0.12/0.00 | Max Load: 4.1 | Load Gap: 1.1 | Group CV: 0.0468
Epoch [1173/2000] | Sampled: 349.25 | Baseline: 305.00 | Improvement: -44.25 | Win Rate: 0.00% | Actor Loss: -3.6181 | Entropy: 2.0315 | Invalid S/B: 0.00/0.00 | Max Load: 4.1 | Load Gap: 1.1 | Group CV: 0.0256
Epoch [1174/2000] | Sampled: 373.62 | Baseline: 332.50 | Improvement: -41.12 | Win Rate: 0.00% | Actor Loss: 3.8750 | Entropy: 1.9873 | Invalid S/B: 0.12/0.00 | Max Load: 4.4 | Load Gap: 1.4 | Group CV: 0.0407
Epoch [1175/2000] | Sampled: 368.50 | Baseline: 358.50 | Improvement: -10.00 | Win Rate: 25.00% | Actor Loss: 5.3035 | Entropy: 2.0223 | Invalid S/B: 0.00/0.00 | Max Load: 4.2 | Load Gap: 1.2 | Group CV: 0.0208
Epoch [1176/2000] | Sampled: 364.75 | Baseline: 314.50 | Improvement: -50.25 | Win Rate: 0.00% | Actor Loss: -0.5484 | Entropy: 1.9949 | Invalid S/B: 0.00/0.00 | Max Load: 4.2 | Load Gap: 1.2 | Group CV: 0.0212
Epoch [1177/2000] | Sampled: 362.12 | Baseline: 366.00 | Improvement: 3.88 | Win Rate: 50.00% | Actor Loss: 0.1714 | Entropy: 1.9474 | Invalid S/B: 0.12/0.00 | Max Load: 4.1 | Load Gap: 1.1 | Group CV: 0.0551
Epoch [1178/2000] | Sampled: 366.62 | Baseline: 321.50 | Improvement: -45.12 | Win Rate: 0.00% | Actor Loss: -2.1414 | Entropy: 1.9806 | Invalid S/B: 0.00/0.00 | Max Load: 4.4 | Load Gap: 1.4 | Group CV: 0.0212
Epoch [1179/2000] | Sampled: 368.88 | Baseline: 364.50 | Improvement: -4.38 | Win Rate: 37.50% | Actor Loss: 3.7442 | Entropy: 1.9760 | Invalid S/B: 0.00/0.00 | Max Load: 4.0 | Load Gap: 1.0 | Group CV: 0.0317
Epoch [1180/2000] | Sampled: 356.12 | Baseline: 349.50 | Improvement: -6.62 | Win Rate: 50.00% | Actor Loss: -1.8179 | Entropy: 1.9728 | Invalid S/B: 0.00/0.00 | Max Load: 4.1 | Load Gap: 1.1 | Group CV: 0.0245
   -> Validation | Samples: 50 | Makespan: 365.44 | Invalid Jobs: 0.04 | Score: 369.44
Epoch [1181/2000] | Sampled: 358.62 | Baseline: 318.50 | Improvement: -40.12 | Win Rate: 0.00% | Actor Loss: 4.0319 | Entropy: 1.9666 | Invalid S/B: 0.25/0.00 | Max Load: 4.4 | Load Gap: 1.4 | Group CV: 0.0504
Epoch [1182/2000] | Sampled: 360.38 | Baseline: 311.50 | Improvement: -48.88 | Win Rate: 0.00% | Actor Loss: -5.3574 | Entropy: 1.9084 | Invalid S/B: 0.25/0.00 | Max Load: 4.0 | Load Gap: 1.0 | Group CV: 0.0551
Epoch [1183/2000] | Sampled: 366.50 | Baseline: 370.50 | Improvement: 4.00 | Win Rate: 37.50% | Actor Loss: -8.0147 | Entropy: 1.9621 | Invalid S/B: 0.12/0.00 | Max Load: 4.4 | Load Gap: 1.4 | Group CV: 0.0478
Epoch [1184/2000] | Sampled: 364.38 | Baseline: 318.50 | Improvement: -45.88 | Win Rate: 0.00% | Actor Loss: -6.2952 | Entropy: 1.9466 | Invalid S/B: 0.00/0.00 | Max Load: 4.0 | Load Gap: 1.0 | Group CV: 0.0196
Epoch [1185/2000] | Sampled: 360.00 | Baseline: 312.50 | Improvement: -47.50 | Win Rate: 0.00% | Actor Loss: -3.5321 | Entropy: 1.9497 | Invalid S/B: 0.00/0.00 | Max Load: 4.2 | Load Gap: 1.2 | Group CV: 0.0402
Epoch [1186/2000] | Sampled: 372.12 | Baseline: 327.50 | Improvement: -44.62 | Win Rate: 0.00% | Actor Loss: 4.6867 | Entropy: 1.9245 | Invalid S/B: 0.12/0.00 | Max Load: 4.4 | Load Gap: 1.4 | Group CV: 0.0558
Epoch [1187/2000] | Sampled: 353.25 | Baseline: 313.00 | Improvement: -40.25 | Win Rate: 0.00% | Actor Loss: 1.7259 | Entropy: 1.9179 | Invalid S/B: 0.00/0.00 | Max Load: 4.5 | Load Gap: 1.5 | Group CV: 0.0252
Epoch [1188/2000] | Sampled: 367.38 | Baseline: 337.50 | Improvement: -29.88 | Win Rate: 0.00% | Actor Loss: -2.9782 | Entropy: 1.9426 | Invalid S/B: 0.00/0.00 | Max Load: 4.2 | Load Gap: 1.2 | Group CV: 0.0217
Epoch [1189/2000] | Sampled: 357.88 | Baseline: 307.00 | Improvement: -50.88 | Win Rate: 0.00% | Actor Loss: 1.1398 | Entropy: 1.9324 | Invalid S/B: 0.00/0.00 | Max Load: 4.1 | Load Gap: 1.1 | Group CV: 0.0250
Epoch [1190/2000] | Sampled: 358.62 | Baseline: 350.50 | Improvement: -8.12 | Win Rate: 25.00% | Actor Loss: -2.7029 | Entropy: 2.0310 | Invalid S/B: 0.00/0.00 | Max Load: 4.2 | Load Gap: 1.2 | Group CV: 0.0281
   -> Validation | Samples: 50 | Makespan: 365.60 | Invalid Jobs: 0.02 | Score: 367.60
Epoch [1191/2000] | Sampled: 357.38 | Baseline: 315.00 | Improvement: -42.38 | Win Rate: 0.00% | Actor Loss: -7.6073 | Entropy: 1.9929 | Invalid S/B: 0.00/0.00 | Max Load: 4.1 | Load Gap: 1.1 | Group CV: 0.0156
Epoch [1192/2000] | Sampled: 374.25 | Baseline: 335.50 | Improvement: -38.75 | Win Rate: 0.00% | Actor Loss: 4.9500 | Entropy: 2.0419 | Invalid S/B: 0.25/0.00 | Max Load: 4.2 | Load Gap: 1.2 | Group CV: 0.0442
Epoch [1193/2000] | Sampled: 361.50 | Baseline: 336.00 | Improvement: -25.50 | Win Rate: 0.00% | Actor Loss: -0.3161 | Entropy: 2.0191 | Invalid S/B: 0.00/0.00 | Max Load: 4.5 | Load Gap: 1.5 | Group CV: 0.0249
Epoch [1194/2000] | Sampled: 365.50 | Baseline: 353.00 | Improvement: -12.50 | Win Rate: 37.50% | Actor Loss: -2.7339 | Entropy: 2.0568 | Invalid S/B: 0.12/0.00 | Max Load: 4.2 | Load Gap: 1.4 | Group CV: 0.0578
Epoch [1195/2000] | Sampled: 371.62 | Baseline: 331.00 | Improvement: -40.62 | Win Rate: 12.50% | Actor Loss: 2.8290 | Entropy: 2.0475 | Invalid S/B: 0.12/0.00 | Max Load: 4.2 | Load Gap: 1.2 | Group CV: 0.0454
Epoch [1196/2000] | Sampled: 350.75 | Baseline: 304.00 | Improvement: -46.75 | Win Rate: 0.00% | Actor Loss: 4.5374 | Entropy: 2.0504 | Invalid S/B: 0.00/0.00 | Max Load: 4.4 | Load Gap: 1.4 | Group CV: 0.0258
Epoch [1197/2000] | Sampled: 364.38 | Baseline: 309.50 | Improvement: -54.88 | Win Rate: 0.00% | Actor Loss: 1.0766 | Entropy: 2.0482 | Invalid S/B: 0.00/0.00 | Max Load: 4.4 | Load Gap: 1.4 | Group CV: 0.0183
Epoch [1198/2000] | Sampled: 366.25 | Baseline: 318.50 | Improvement: -47.75 | Win Rate: 0.00% | Actor Loss: -5.7606 | Entropy: 2.0879 | Invalid S/B: 0.00/0.00 | Max Load: 4.5 | Load Gap: 1.5 | Group CV: 0.0274
Epoch [1199/2000] | Sampled: 380.38 | Baseline: 342.00 | Improvement: -38.38 | Win Rate: 0.00% | Actor Loss: -6.9340 | Entropy: 2.0892 | Invalid S/B: 0.25/0.00 | Max Load: 4.1 | Load Gap: 1.1 | Group CV: 0.0432
Epoch [1200/2000] | Sampled: 379.25 | Baseline: 350.50 | Improvement: -28.75 | Win Rate: 37.50% | Actor Loss: -5.3905 | Entropy: 2.0801 | Invalid S/B: 0.25/0.00 | Max Load: 4.1 | Load Gap: 1.1 | Group CV: 0.0600
   -> Validation | Samples: 50 | Makespan: 363.16 | Invalid Jobs: 0.00 | Score: 363.16
   -> Saved updated training chart to /home/wei/Desktop/AMR-DFJSP/Static_alogorithm/Attention/attention_training_metrics.png
Epoch [1201/2000] | Sampled: 348.38 | Baseline: 299.50 | Improvement: -48.88 | Win Rate: 0.00% | Actor Loss: 2.6264 | Entropy: 2.0863 | Invalid S/B: 0.00/0.00 | Max Load: 4.1 | Load Gap: 1.1 | Group CV: 0.0168
Epoch [1202/2000] | Sampled: 369.88 | Baseline: 343.50 | Improvement: -26.38 | Win Rate: 0.00% | Actor Loss: 3.1729 | Entropy: 2.1222 | Invalid S/B: 0.00/0.00 | Max Load: 4.0 | Load Gap: 1.0 | Group CV: 0.0240
Epoch [1203/2000] | Sampled: 362.88 | Baseline: 287.00 | Improvement: -75.88 | Win Rate: 0.00% | Actor Loss: 5.4741 | Entropy: 2.0575 | Invalid S/B: 0.00/0.00 | Max Load: 4.2 | Load Gap: 1.2 | Group CV: 0.0257
Epoch [1204/2000] | Sampled: 370.38 | Baseline: 331.50 | Improvement: -38.88 | Win Rate: 0.00% | Actor Loss: 0.8971 | Entropy: 2.1057 | Invalid S/B: 0.00/0.00 | Max Load: 4.2 | Load Gap: 1.2 | Group CV: 0.0210
Epoch [1205/2000] | Sampled: 362.50 | Baseline: 321.00 | Improvement: -41.50 | Win Rate: 0.00% | Actor Loss: -6.6559 | Entropy: 2.1154 | Invalid S/B: 0.00/0.00 | Max Load: 4.5 | Load Gap: 1.5 | Group CV: 0.0186
Epoch [1206/2000] | Sampled: 371.12 | Baseline: 324.00 | Improvement: -47.12 | Win Rate: 0.00% | Actor Loss: -3.4550 | Entropy: 2.0907 | Invalid S/B: 0.12/0.00 | Max Load: 4.1 | Load Gap: 1.1 | Group CV: 0.0497
Epoch [1207/2000] | Sampled: 362.50 | Baseline: 320.50 | Improvement: -42.00 | Win Rate: 0.00% | Actor Loss: 2.4310 | Entropy: 2.0848 | Invalid S/B: 0.00/0.00 | Max Load: 4.4 | Load Gap: 1.4 | Group CV: 0.0137
Epoch [1208/2000] | Sampled: 368.88 | Baseline: 327.00 | Improvement: -41.88 | Win Rate: 0.00% | Actor Loss: 3.5787 | Entropy: 2.0679 | Invalid S/B: 0.25/0.00 | Max Load: 4.1 | Load Gap: 1.1 | Group CV: 0.0751
Epoch [1209/2000] | Sampled: 373.00 | Baseline: 333.00 | Improvement: -40.00 | Win Rate: 0.00% | Actor Loss: 0.9142 | Entropy: 2.0273 | Invalid S/B: 0.12/0.00 | Max Load: 4.4 | Load Gap: 1.4 | Group CV: 0.0492
Epoch [1210/2000] | Sampled: 371.25 | Baseline: 377.00 | Improvement: 5.75 | Win Rate: 37.50% | Actor Loss: 4.5952 | Entropy: 1.9804 | Invalid S/B: 0.12/0.50 | Max Load: 4.2 | Load Gap: 1.2 | Group CV: 0.0327
   -> Validation | Samples: 50 | Makespan: 361.16 | Invalid Jobs: 0.02 | Score: 363.16
Epoch [1211/2000] | Sampled: 365.50 | Baseline: 312.50 | Improvement: -53.00 | Win Rate: 0.00% | Actor Loss: -0.3850 | Entropy: 1.9839 | Invalid S/B: 0.00/0.00 | Max Load: 4.4 | Load Gap: 1.4 | Group CV: 0.0069
Epoch [1212/2000] | Sampled: 360.00 | Baseline: 384.50 | Improvement: 24.50 | Win Rate: 87.50% | Actor Loss: 5.9389 | Entropy: 1.9964 | Invalid S/B: 0.00/0.00 | Max Load: 4.2 | Load Gap: 1.2 | Group CV: 0.0260
Epoch [1213/2000] | Sampled: 358.38 | Baseline: 330.00 | Improvement: -28.38 | Win Rate: 0.00% | Actor Loss: -1.4623 | Entropy: 2.0112 | Invalid S/B: 0.00/0.00 | Max Load: 4.2 | Load Gap: 1.2 | Group CV: 0.0190
Epoch [1214/2000] | Sampled: 360.62 | Baseline: 284.50 | Improvement: -76.12 | Win Rate: 0.00% | Actor Loss: 0.4375 | Entropy: 1.9478 | Invalid S/B: 0.25/0.00 | Max Load: 4.4 | Load Gap: 1.4 | Group CV: 0.0449
Epoch [1215/2000] | Sampled: 365.25 | Baseline: 309.50 | Improvement: -55.75 | Win Rate: 0.00% | Actor Loss: 3.3952 | Entropy: 1.9004 | Invalid S/B: 0.00/0.00 | Max Load: 4.2 | Load Gap: 1.2 | Group CV: 0.0255
Epoch [1216/2000] | Sampled: 367.25 | Baseline: 332.00 | Improvement: -35.25 | Win Rate: 0.00% | Actor Loss: -0.6586 | Entropy: 1.8899 | Invalid S/B: 0.00/0.00 | Max Load: 4.1 | Load Gap: 1.1 | Group CV: 0.0297
Epoch [1217/2000] | Sampled: 346.38 | Baseline: 286.50 | Improvement: -59.88 | Win Rate: 0.00% | Actor Loss: 5.2055 | Entropy: 1.9215 | Invalid S/B: 0.00/0.00 | Max Load: 4.1 | Load Gap: 1.1 | Group CV: 0.0271
Epoch [1218/2000] | Sampled: 363.12 | Baseline: 322.50 | Improvement: -40.62 | Win Rate: 0.00% | Actor Loss: -4.3497 | Entropy: 1.9295 | Invalid S/B: 0.00/0.00 | Max Load: 4.4 | Load Gap: 1.4 | Group CV: 0.0371
Epoch [1219/2000] | Sampled: 367.38 | Baseline: 322.00 | Improvement: -45.38 | Win Rate: 0.00% | Actor Loss: -1.1272 | Entropy: 1.9208 | Invalid S/B: 0.12/0.00 | Max Load: 4.2 | Load Gap: 1.2 | Group CV: 0.0539
Epoch [1220/2000] | Sampled: 363.38 | Baseline: 310.50 | Improvement: -52.88 | Win Rate: 12.50% | Actor Loss: -6.0424 | Entropy: 1.9762 | Invalid S/B: 0.12/0.00 | Max Load: 4.4 | Load Gap: 1.4 | Group CV: 0.0550
   -> Validation | Samples: 50 | Makespan: 366.32 | Invalid Jobs: 0.04 | Score: 370.32
Epoch [1221/2000] | Sampled: 372.00 | Baseline: 320.00 | Improvement: -52.00 | Win Rate: 0.00% | Actor Loss: -1.0061 | Entropy: 1.9461 | Invalid S/B: 0.25/0.00 | Max Load: 4.1 | Load Gap: 1.1 | Group CV: 0.0483
Epoch [1222/2000] | Sampled: 356.00 | Baseline: 307.50 | Improvement: -48.50 | Win Rate: 0.00% | Actor Loss: 1.1133 | Entropy: 1.9625 | Invalid S/B: 0.00/0.00 | Max Load: 4.2 | Load Gap: 1.2 | Group CV: 0.0272
Epoch [1223/2000] | Sampled: 387.88 | Baseline: 377.50 | Improvement: -10.38 | Win Rate: 37.50% | Actor Loss: 1.2143 | Entropy: 2.0178 | Invalid S/B: 0.12/0.00 | Max Load: 4.4 | Load Gap: 1.4 | Group CV: 0.0315
Epoch [1224/2000] | Sampled: 361.25 | Baseline: 298.00 | Improvement: -63.25 | Win Rate: 0.00% | Actor Loss: -4.3042 | Entropy: 1.9636 | Invalid S/B: 0.00/0.00 | Max Load: 4.2 | Load Gap: 1.2 | Group CV: 0.0248
Epoch [1225/2000] | Sampled: 367.75 | Baseline: 366.00 | Improvement: -1.75 | Win Rate: 50.00% | Actor Loss: -6.5700 | Entropy: 2.0101 | Invalid S/B: 0.12/0.00 | Max Load: 4.5 | Load Gap: 1.5 | Group CV: 0.0288
Epoch [1226/2000] | Sampled: 368.38 | Baseline: 320.50 | Improvement: -47.88 | Win Rate: 0.00% | Actor Loss: 1.5402 | Entropy: 1.9994 | Invalid S/B: 0.12/0.00 | Max Load: 4.4 | Load Gap: 1.4 | Group CV: 0.0482
Epoch [1227/2000] | Sampled: 359.50 | Baseline: 354.50 | Improvement: -5.00 | Win Rate: 37.50% | Actor Loss: -7.4980 | Entropy: 1.9741 | Invalid S/B: 0.00/0.00 | Max Load: 4.4 | Load Gap: 1.4 | Group CV: 0.0331
Epoch [1228/2000] | Sampled: 359.00 | Baseline: 361.00 | Improvement: 2.00 | Win Rate: 62.50% | Actor Loss: 0.1442 | Entropy: 1.9315 | Invalid S/B: 0.00/0.00 | Max Load: 4.5 | Load Gap: 1.5 | Group CV: 0.0124
Epoch [1229/2000] | Sampled: 355.88 | Baseline: 299.50 | Improvement: -56.38 | Win Rate: 0.00% | Actor Loss: 1.5642 | Entropy: 1.9989 | Invalid S/B: 0.00/0.00 | Max Load: 4.4 | Load Gap: 1.4 | Group CV: 0.0319
Epoch [1230/2000] | Sampled: 366.88 | Baseline: 322.00 | Improvement: -44.88 | Win Rate: 0.00% | Actor Loss: 0.5280 | Entropy: 1.9838 | Invalid S/B: 0.12/0.00 | Max Load: 4.2 | Load Gap: 1.2 | Group CV: 0.0312
   -> Validation | Samples: 50 | Makespan: 364.10 | Invalid Jobs: 0.02 | Score: 366.10
Epoch [1231/2000] | Sampled: 372.75 | Baseline: 332.00 | Improvement: -40.75 | Win Rate: 0.00% | Actor Loss: -4.4263 | Entropy: 2.0091 | Invalid S/B: 0.00/0.00 | Max Load: 4.4 | Load Gap: 1.4 | Group CV: 0.0240
Epoch [1232/2000] | Sampled: 367.75 | Baseline: 347.50 | Improvement: -20.25 | Win Rate: 50.00% | Actor Loss: -2.1448 | Entropy: 1.9906 | Invalid S/B: 0.00/0.00 | Max Load: 4.5 | Load Gap: 1.5 | Group CV: 0.0204
Epoch [1233/2000] | Sampled: 352.62 | Baseline: 337.50 | Improvement: -15.12 | Win Rate: 50.00% | Actor Loss: -1.5096 | Entropy: 1.9676 | Invalid S/B: 0.12/0.00 | Max Load: 4.1 | Load Gap: 1.1 | Group CV: 0.0489
Epoch [1234/2000] | Sampled: 352.88 | Baseline: 351.50 | Improvement: -1.38 | Win Rate: 50.00% | Actor Loss: -1.9901 | Entropy: 1.9191 | Invalid S/B: 0.12/0.00 | Max Load: 4.2 | Load Gap: 1.2 | Group CV: 0.0493
Epoch [1235/2000] | Sampled: 362.38 | Baseline: 365.00 | Improvement: 2.62 | Win Rate: 62.50% | Actor Loss: -1.6359 | Entropy: 1.9369 | Invalid S/B: 0.25/0.00 | Max Load: 4.2 | Load Gap: 1.2 | Group CV: 0.0632
Epoch [1236/2000] | Sampled: 365.00 | Baseline: 314.50 | Improvement: -50.50 | Win Rate: 0.00% | Actor Loss: -5.3271 | Entropy: 1.9294 | Invalid S/B: 0.12/0.00 | Max Load: 4.5 | Load Gap: 1.5 | Group CV: 0.0396
Epoch [1237/2000] | Sampled: 370.88 | Baseline: 342.00 | Improvement: -28.88 | Win Rate: 25.00% | Actor Loss: 1.6548 | Entropy: 1.9005 | Invalid S/B: 0.00/0.00 | Max Load: 4.2 | Load Gap: 1.2 | Group CV: 0.0229
Epoch [1238/2000] | Sampled: 363.88 | Baseline: 309.50 | Improvement: -54.38 | Win Rate: 0.00% | Actor Loss: 0.6130 | Entropy: 1.9489 | Invalid S/B: 0.00/0.00 | Max Load: 4.5 | Load Gap: 1.5 | Group CV: 0.0324
Epoch [1239/2000] | Sampled: 374.88 | Baseline: 362.00 | Improvement: -12.88 | Win Rate: 50.00% | Actor Loss: -3.1285 | Entropy: 1.8555 | Invalid S/B: 0.12/0.00 | Max Load: 4.5 | Load Gap: 1.5 | Group CV: 0.0540
Epoch [1240/2000] | Sampled: 354.50 | Baseline: 308.00 | Improvement: -46.50 | Win Rate: 0.00% | Actor Loss: -4.1231 | Entropy: 1.9253 | Invalid S/B: 0.00/0.00 | Max Load: 4.4 | Load Gap: 1.4 | Group CV: 0.0198
   -> Validation | Samples: 50 | Makespan: 360.18 | Invalid Jobs: 0.00 | Score: 360.18
Epoch [1241/2000] | Sampled: 378.00 | Baseline: 312.00 | Improvement: -66.00 | Win Rate: 0.00% | Actor Loss: -4.5695 | Entropy: 1.8636 | Invalid S/B: 0.25/0.00 | Max Load: 4.5 | Load Gap: 1.5 | Group CV: 0.0839
Epoch [1242/2000] | Sampled: 363.12 | Baseline: 334.50 | Improvement: -28.62 | Win Rate: 0.00% | Actor Loss: -2.7867 | Entropy: 1.9063 | Invalid S/B: 0.12/0.00 | Max Load: 4.4 | Load Gap: 1.4 | Group CV: 0.0267
Epoch [1243/2000] | Sampled: 362.38 | Baseline: 359.50 | Improvement: -2.88 | Win Rate: 25.00% | Actor Loss: -1.5563 | Entropy: 1.8918 | Invalid S/B: 0.00/0.00 | Max Load: 4.4 | Load Gap: 1.4 | Group CV: 0.0156
Epoch [1244/2000] | Sampled: 356.25 | Baseline: 336.50 | Improvement: -19.75 | Win Rate: 25.00% | Actor Loss: 0.6683 | Entropy: 1.9090 | Invalid S/B: 0.12/0.00 | Max Load: 4.1 | Load Gap: 1.1 | Group CV: 0.0555
Epoch [1245/2000] | Sampled: 370.50 | Baseline: 323.00 | Improvement: -47.50 | Win Rate: 12.50% | Actor Loss: 8.9185 | Entropy: 1.9009 | Invalid S/B: 0.25/0.00 | Max Load: 4.5 | Load Gap: 1.5 | Group CV: 0.0666
Epoch [1246/2000] | Sampled: 365.00 | Baseline: 320.00 | Improvement: -45.00 | Win Rate: 0.00% | Actor Loss: 0.9718 | Entropy: 1.8694 | Invalid S/B: 0.12/0.00 | Max Load: 4.1 | Load Gap: 1.1 | Group CV: 0.0467
Epoch [1247/2000] | Sampled: 377.38 | Baseline: 384.00 | Improvement: 6.62 | Win Rate: 62.50% | Actor Loss: -2.3189 | Entropy: 1.9636 | Invalid S/B: 0.25/0.00 | Max Load: 4.4 | Load Gap: 1.4 | Group CV: 0.0333
Epoch [1248/2000] | Sampled: 370.75 | Baseline: 366.50 | Improvement: -4.25 | Win Rate: 50.00% | Actor Loss: 0.5746 | Entropy: 1.9224 | Invalid S/B: 0.12/0.00 | Max Load: 4.1 | Load Gap: 1.1 | Group CV: 0.0416
Epoch [1249/2000] | Sampled: 367.25 | Baseline: 335.50 | Improvement: -31.75 | Win Rate: 0.00% | Actor Loss: 5.3852 | Entropy: 1.9257 | Invalid S/B: 0.12/0.00 | Max Load: 4.1 | Load Gap: 1.1 | Group CV: 0.0385
Epoch [1250/2000] | Sampled: 364.75 | Baseline: 343.50 | Improvement: -21.25 | Win Rate: 37.50% | Actor Loss: -0.3863 | Entropy: 1.9617 | Invalid S/B: 0.00/0.00 | Max Load: 4.2 | Load Gap: 1.2 | Group CV: 0.0179
   -> Validation | Samples: 50 | Makespan: 361.06 | Invalid Jobs: 0.00 | Score: 361.06
Epoch [1251/2000] | Sampled: 373.25 | Baseline: 344.00 | Improvement: -29.25 | Win Rate: 12.50% | Actor Loss: -6.0835 | Entropy: 1.9449 | Invalid S/B: 0.12/0.00 | Max Load: 4.0 | Load Gap: 1.0 | Group CV: 0.0482
Epoch [1252/2000] | Sampled: 345.25 | Baseline: 344.00 | Improvement: -1.25 | Win Rate: 50.00% | Actor Loss: -0.9539 | Entropy: 1.9040 | Invalid S/B: 0.00/0.00 | Max Load: 4.1 | Load Gap: 1.1 | Group CV: 0.0325
Epoch [1253/2000] | Sampled: 374.12 | Baseline: 343.50 | Improvement: -30.62 | Win Rate: 25.00% | Actor Loss: -0.8219 | Entropy: 1.9630 | Invalid S/B: 0.50/0.00 | Max Load: 4.0 | Load Gap: 1.0 | Group CV: 0.0477
Epoch [1254/2000] | Sampled: 356.62 | Baseline: 342.50 | Improvement: -14.12 | Win Rate: 37.50% | Actor Loss: 2.3677 | Entropy: 1.9392 | Invalid S/B: 0.12/0.00 | Max Load: 4.0 | Load Gap: 1.0 | Group CV: 0.0631
Epoch [1255/2000] | Sampled: 355.00 | Baseline: 323.50 | Improvement: -31.50 | Win Rate: 0.00% | Actor Loss: 3.4693 | Entropy: 1.9526 | Invalid S/B: 0.12/0.00 | Max Load: 4.2 | Load Gap: 1.2 | Group CV: 0.0479
Epoch [1256/2000] | Sampled: 369.50 | Baseline: 361.00 | Improvement: -8.50 | Win Rate: 50.00% | Actor Loss: -1.1575 | Entropy: 2.0245 | Invalid S/B: 0.25/0.00 | Max Load: 4.8 | Load Gap: 1.8 | Group CV: 0.0463
Epoch [1257/2000] | Sampled: 375.62 | Baseline: 336.50 | Improvement: -39.12 | Win Rate: 25.00% | Actor Loss: -2.7368 | Entropy: 2.0008 | Invalid S/B: 0.12/0.50 | Max Load: 4.8 | Load Gap: 1.8 | Group CV: 0.0473
Epoch [1258/2000] | Sampled: 366.75 | Baseline: 386.50 | Improvement: 19.75 | Win Rate: 62.50% | Actor Loss: 0.4518 | Entropy: 2.0944 | Invalid S/B: 0.25/0.00 | Max Load: 4.1 | Load Gap: 1.1 | Group CV: 0.0351
Epoch [1259/2000] | Sampled: 361.75 | Baseline: 318.50 | Improvement: -43.25 | Win Rate: 0.00% | Actor Loss: 5.0690 | Entropy: 2.1756 | Invalid S/B: 0.00/0.00 | Max Load: 4.2 | Load Gap: 1.2 | Group CV: 0.0058
Epoch [1260/2000] | Sampled: 367.25 | Baseline: 346.00 | Improvement: -21.25 | Win Rate: 25.00% | Actor Loss: -1.2661 | Entropy: 2.1604 | Invalid S/B: 0.00/0.00 | Max Load: 4.4 | Load Gap: 1.4 | Group CV: 0.0235
   -> Validation | Samples: 50 | Makespan: 355.66 | Invalid Jobs: 0.00 | Score: 355.66
Epoch [1261/2000] | Sampled: 383.00 | Baseline: 390.00 | Improvement: 7.00 | Win Rate: 75.00% | Actor Loss: 2.0796 | Entropy: 2.2071 | Invalid S/B: 0.12/0.00 | Max Load: 4.1 | Load Gap: 1.1 | Group CV: 0.0443
Epoch [1262/2000] | Sampled: 365.38 | Baseline: 332.50 | Improvement: -32.88 | Win Rate: 0.00% | Actor Loss: 3.8175 | Entropy: 2.2472 | Invalid S/B: 0.00/0.00 | Max Load: 4.5 | Load Gap: 1.5 | Group CV: 0.0275
Epoch [1263/2000] | Sampled: 385.25 | Baseline: 346.50 | Improvement: -38.75 | Win Rate: 12.50% | Actor Loss: 1.0091 | Entropy: 2.2617 | Invalid S/B: 0.50/0.00 | Max Load: 4.4 | Load Gap: 1.4 | Group CV: 0.0735
Epoch [1264/2000] | Sampled: 395.62 | Baseline: 315.00 | Improvement: -80.62 | Win Rate: 0.00% | Actor Loss: 0.9823 | Entropy: 2.2915 | Invalid S/B: 0.75/0.00 | Max Load: 4.1 | Load Gap: 1.1 | Group CV: 0.0951
Epoch [1265/2000] | Sampled: 357.62 | Baseline: 316.00 | Improvement: -41.62 | Win Rate: 0.00% | Actor Loss: 3.2296 | Entropy: 2.3525 | Invalid S/B: 0.00/0.00 | Max Load: 4.4 | Load Gap: 1.4 | Group CV: 0.0194
Epoch [1266/2000] | Sampled: 351.75 | Baseline: 331.00 | Improvement: -20.75 | Win Rate: 12.50% | Actor Loss: -1.0058 | Entropy: 2.4087 | Invalid S/B: 0.12/0.00 | Max Load: 4.1 | Load Gap: 1.1 | Group CV: 0.0382
Epoch [1267/2000] | Sampled: 350.75 | Baseline: 304.50 | Improvement: -46.25 | Win Rate: 0.00% | Actor Loss: -2.6353 | Entropy: 2.4503 | Invalid S/B: 0.12/0.00 | Max Load: 4.2 | Load Gap: 1.2 | Group CV: 0.0270
Epoch [1268/2000] | Sampled: 380.50 | Baseline: 328.50 | Improvement: -52.00 | Win Rate: 0.00% | Actor Loss: -6.0994 | Entropy: 2.4543 | Invalid S/B: 0.38/0.50 | Max Load: 4.2 | Load Gap: 1.2 | Group CV: 0.0510
Epoch [1269/2000] | Sampled: 386.75 | Baseline: 334.00 | Improvement: -52.75 | Win Rate: 0.00% | Actor Loss: 3.0894 | Entropy: 2.3562 | Invalid S/B: 0.75/0.00 | Max Load: 4.4 | Load Gap: 1.4 | Group CV: 0.0781
Epoch [1270/2000] | Sampled: 352.50 | Baseline: 353.00 | Improvement: 0.50 | Win Rate: 50.00% | Actor Loss: 0.9151 | Entropy: 2.4379 | Invalid S/B: 0.00/0.00 | Max Load: 4.2 | Load Gap: 1.2 | Group CV: 0.0344
   -> Validation | Samples: 50 | Makespan: 355.56 | Invalid Jobs: 0.04 | Score: 359.56
Epoch [1271/2000] | Sampled: 392.25 | Baseline: 307.00 | Improvement: -85.25 | Win Rate: 0.00% | Actor Loss: 1.4349 | Entropy: 2.4442 | Invalid S/B: 0.75/0.00 | Max Load: 4.6 | Load Gap: 1.6 | Group CV: 0.0805
Epoch [1272/2000] | Sampled: 388.75 | Baseline: 369.00 | Improvement: -19.75 | Win Rate: 37.50% | Actor Loss: -1.3462 | Entropy: 2.4336 | Invalid S/B: 0.38/0.00 | Max Load: 4.5 | Load Gap: 1.5 | Group CV: 0.0617
Epoch [1273/2000] | Sampled: 372.88 | Baseline: 377.00 | Improvement: 4.12 | Win Rate: 62.50% | Actor Loss: 9.1872 | Entropy: 2.4253 | Invalid S/B: 0.00/0.00 | Max Load: 4.2 | Load Gap: 1.2 | Group CV: 0.0346
Epoch [1274/2000] | Sampled: 372.38 | Baseline: 330.00 | Improvement: -42.38 | Win Rate: 0.00% | Actor Loss: 2.4374 | Entropy: 2.4590 | Invalid S/B: 0.25/0.00 | Max Load: 4.4 | Load Gap: 1.4 | Group CV: 0.0751
Epoch [1275/2000] | Sampled: 362.12 | Baseline: 306.00 | Improvement: -56.12 | Win Rate: 0.00% | Actor Loss: -2.3024 | Entropy: 2.4928 | Invalid S/B: 0.12/0.00 | Max Load: 4.8 | Load Gap: 1.9 | Group CV: 0.0578
Epoch [1276/2000] | Sampled: 362.00 | Baseline: 320.00 | Improvement: -42.00 | Win Rate: 0.00% | Actor Loss: -1.9480 | Entropy: 2.5173 | Invalid S/B: 0.12/0.00 | Max Load: 4.9 | Load Gap: 1.9 | Group CV: 0.0382
Epoch [1277/2000] | Sampled: 361.75 | Baseline: 332.00 | Improvement: -29.75 | Win Rate: 25.00% | Actor Loss: 1.5313 | Entropy: 2.4814 | Invalid S/B: 0.00/0.00 | Max Load: 4.5 | Load Gap: 1.5 | Group CV: 0.0329
Epoch [1278/2000] | Sampled: 357.25 | Baseline: 370.00 | Improvement: 12.75 | Win Rate: 75.00% | Actor Loss: 7.2563 | Entropy: 2.5306 | Invalid S/B: 0.12/0.50 | Max Load: 4.6 | Load Gap: 1.6 | Group CV: 0.0706
Epoch [1279/2000] | Sampled: 357.38 | Baseline: 303.00 | Improvement: -54.38 | Win Rate: 0.00% | Actor Loss: -9.9685 | Entropy: 2.5511 | Invalid S/B: 0.00/0.00 | Max Load: 4.6 | Load Gap: 1.6 | Group CV: 0.0257
Epoch [1280/2000] | Sampled: 369.00 | Baseline: 303.50 | Improvement: -65.50 | Win Rate: 0.00% | Actor Loss: -1.0989 | Entropy: 2.5371 | Invalid S/B: 0.12/0.00 | Max Load: 4.5 | Load Gap: 1.5 | Group CV: 0.0296
   -> Validation | Samples: 50 | Makespan: 350.66 | Invalid Jobs: 0.00 | Score: 350.66
   -> Saved new best model (Val Score: 350.66)
Epoch [1281/2000] | Sampled: 376.50 | Baseline: 350.50 | Improvement: -26.00 | Win Rate: 25.00% | Actor Loss: 1.6967 | Entropy: 2.5921 | Invalid S/B: 0.12/0.00 | Max Load: 4.4 | Load Gap: 1.4 | Group CV: 0.0510
Epoch [1282/2000] | Sampled: 378.25 | Baseline: 351.00 | Improvement: -27.25 | Win Rate: 12.50% | Actor Loss: -2.8517 | Entropy: 2.5255 | Invalid S/B: 0.12/0.00 | Max Load: 4.6 | Load Gap: 1.6 | Group CV: 0.0512
Epoch [1283/2000] | Sampled: 361.75 | Baseline: 331.00 | Improvement: -30.75 | Win Rate: 0.00% | Actor Loss: 6.0793 | Entropy: 2.5422 | Invalid S/B: 0.00/0.00 | Max Load: 4.8 | Load Gap: 1.8 | Group CV: 0.0196
Epoch [1284/2000] | Sampled: 385.38 | Baseline: 360.50 | Improvement: -24.88 | Win Rate: 0.00% | Actor Loss: 3.8469 | Entropy: 2.6290 | Invalid S/B: 0.12/0.00 | Max Load: 4.8 | Load Gap: 1.8 | Group CV: 0.0309
Epoch [1285/2000] | Sampled: 379.50 | Baseline: 309.50 | Improvement: -70.00 | Win Rate: 0.00% | Actor Loss: -0.7605 | Entropy: 2.6491 | Invalid S/B: 0.12/0.00 | Max Load: 4.6 | Load Gap: 1.6 | Group CV: 0.0533
Epoch [1286/2000] | Sampled: 387.75 | Baseline: 353.50 | Improvement: -34.25 | Win Rate: 25.00% | Actor Loss: -4.5831 | Entropy: 2.7941 | Invalid S/B: 0.50/0.00 | Max Load: 4.9 | Load Gap: 1.9 | Group CV: 0.0636
Epoch [1287/2000] | Sampled: 381.62 | Baseline: 338.50 | Improvement: -43.12 | Win Rate: 12.50% | Actor Loss: -0.9457 | Entropy: 2.8374 | Invalid S/B: 0.12/0.50 | Max Load: 4.6 | Load Gap: 1.6 | Group CV: 0.0554
Epoch [1288/2000] | Sampled: 371.75 | Baseline: 308.50 | Improvement: -63.25 | Win Rate: 0.00% | Actor Loss: -2.8130 | Entropy: 2.7318 | Invalid S/B: 0.12/0.00 | Max Load: 4.8 | Load Gap: 1.9 | Group CV: 0.0659
Epoch [1289/2000] | Sampled: 405.25 | Baseline: 409.50 | Improvement: 4.25 | Win Rate: 50.00% | Actor Loss: -0.9979 | Entropy: 2.8430 | Invalid S/B: 0.75/0.00 | Max Load: 4.8 | Load Gap: 1.8 | Group CV: 0.0869
Epoch [1290/2000] | Sampled: 360.25 | Baseline: 289.50 | Improvement: -70.75 | Win Rate: 0.00% | Actor Loss: 1.4355 | Entropy: 2.8439 | Invalid S/B: 0.00/0.00 | Max Load: 4.5 | Load Gap: 1.5 | Group CV: 0.0136
   -> Validation | Samples: 50 | Makespan: 353.40 | Invalid Jobs: 0.00 | Score: 353.40
Epoch [1291/2000] | Sampled: 388.25 | Baseline: 334.50 | Improvement: -53.75 | Win Rate: 0.00% | Actor Loss: -8.6531 | Entropy: 2.8127 | Invalid S/B: 0.38/0.00 | Max Load: 4.8 | Load Gap: 1.9 | Group CV: 0.0548
Epoch [1292/2000] | Sampled: 390.12 | Baseline: 375.00 | Improvement: -15.12 | Win Rate: 37.50% | Actor Loss: -6.7759 | Entropy: 2.8656 | Invalid S/B: 0.38/0.00 | Max Load: 4.6 | Load Gap: 1.6 | Group CV: 0.0722
Epoch [1293/2000] | Sampled: 378.88 | Baseline: 325.00 | Improvement: -53.88 | Win Rate: 0.00% | Actor Loss: 8.2111 | Entropy: 2.7786 | Invalid S/B: 0.12/0.00 | Max Load: 5.0 | Load Gap: 2.0 | Group CV: 0.0462
Epoch [1294/2000] | Sampled: 374.62 | Baseline: 325.00 | Improvement: -49.62 | Win Rate: 0.00% | Actor Loss: 1.9217 | Entropy: 2.7720 | Invalid S/B: 0.00/0.00 | Max Load: 4.5 | Load Gap: 1.5 | Group CV: 0.0220
Epoch [1295/2000] | Sampled: 401.50 | Baseline: 311.50 | Improvement: -90.00 | Win Rate: 0.00% | Actor Loss: -7.0949 | Entropy: 2.7457 | Invalid S/B: 0.50/0.00 | Max Load: 5.0 | Load Gap: 2.0 | Group CV: 0.0550
Epoch [1296/2000] | Sampled: 395.00 | Baseline: 341.50 | Improvement: -53.50 | Win Rate: 0.00% | Actor Loss: -0.3818 | Entropy: 2.7670 | Invalid S/B: 0.25/0.00 | Max Load: 4.8 | Load Gap: 1.9 | Group CV: 0.0498
Epoch [1297/2000] | Sampled: 374.25 | Baseline: 327.50 | Improvement: -46.75 | Win Rate: 0.00% | Actor Loss: -2.7700 | Entropy: 2.8121 | Invalid S/B: 0.00/0.00 | Max Load: 5.0 | Load Gap: 2.1 | Group CV: 0.0271
Epoch [1298/2000] | Sampled: 390.50 | Baseline: 352.00 | Improvement: -38.50 | Win Rate: 0.00% | Actor Loss: -3.4451 | Entropy: 2.7317 | Invalid S/B: 0.12/0.00 | Max Load: 4.8 | Load Gap: 1.9 | Group CV: 0.0317
Epoch [1299/2000] | Sampled: 378.62 | Baseline: 329.00 | Improvement: -49.62 | Win Rate: 0.00% | Actor Loss: -6.4170 | Entropy: 2.6862 | Invalid S/B: 0.00/0.00 | Max Load: 4.8 | Load Gap: 1.8 | Group CV: 0.0261
Epoch [1300/2000] | Sampled: 385.62 | Baseline: 339.50 | Improvement: -46.12 | Win Rate: 0.00% | Actor Loss: -4.3882 | Entropy: 2.6639 | Invalid S/B: 0.12/0.00 | Max Load: 4.6 | Load Gap: 1.6 | Group CV: 0.0336
   -> Validation | Samples: 50 | Makespan: 355.58 | Invalid Jobs: 0.02 | Score: 357.58
   -> Saved updated training chart to /home/wei/Desktop/AMR-DFJSP/Static_alogorithm/Attention/attention_training_metrics.png
Epoch [1301/2000] | Sampled: 372.00 | Baseline: 344.50 | Improvement: -27.50 | Win Rate: 0.00% | Actor Loss: 2.5969 | Entropy: 2.5930 | Invalid S/B: 0.00/0.00 | Max Load: 4.8 | Load Gap: 1.8 | Group CV: 0.0113
Epoch [1302/2000] | Sampled: 365.75 | Baseline: 358.50 | Improvement: -7.25 | Win Rate: 50.00% | Actor Loss: 0.0200 | Entropy: 2.6213 | Invalid S/B: 0.00/0.00 | Max Load: 4.8 | Load Gap: 1.8 | Group CV: 0.0196
Epoch [1303/2000] | Sampled: 367.25 | Baseline: 313.00 | Improvement: -54.25 | Win Rate: 0.00% | Actor Loss: 1.3830 | Entropy: 2.5698 | Invalid S/B: 0.00/0.00 | Max Load: 4.8 | Load Gap: 1.8 | Group CV: 0.0276
Epoch [1304/2000] | Sampled: 371.25 | Baseline: 330.50 | Improvement: -40.75 | Win Rate: 0.00% | Actor Loss: 10.4401 | Entropy: 2.5952 | Invalid S/B: 0.00/0.00 | Max Load: 4.6 | Load Gap: 1.6 | Group CV: 0.0296
Epoch [1305/2000] | Sampled: 367.50 | Baseline: 311.50 | Improvement: -56.00 | Win Rate: 0.00% | Actor Loss: -2.5479 | Entropy: 2.6274 | Invalid S/B: 0.12/0.00 | Max Load: 4.9 | Load Gap: 1.9 | Group CV: 0.0361
Epoch [1306/2000] | Sampled: 362.38 | Baseline: 368.50 | Improvement: 6.12 | Win Rate: 62.50% | Actor Loss: -1.9633 | Entropy: 2.5956 | Invalid S/B: 0.00/0.00 | Max Load: 4.9 | Load Gap: 1.9 | Group CV: 0.0273
Epoch [1307/2000] | Sampled: 371.25 | Baseline: 343.50 | Improvement: -27.75 | Win Rate: 12.50% | Actor Loss: 1.5644 | Entropy: 2.5478 | Invalid S/B: 0.12/0.00 | Max Load: 4.8 | Load Gap: 1.8 | Group CV: 0.0535
Epoch [1308/2000] | Sampled: 353.62 | Baseline: 330.00 | Improvement: -23.62 | Win Rate: 0.00% | Actor Loss: -2.7375 | Entropy: 2.5334 | Invalid S/B: 0.00/0.00 | Max Load: 4.8 | Load Gap: 1.8 | Group CV: 0.0309
Epoch [1309/2000] | Sampled: 359.50 | Baseline: 303.50 | Improvement: -56.00 | Win Rate: 0.00% | Actor Loss: -2.4021 | Entropy: 2.5369 | Invalid S/B: 0.25/0.00 | Max Load: 4.5 | Load Gap: 1.5 | Group CV: 0.0569
Epoch [1310/2000] | Sampled: 359.38 | Baseline: 299.50 | Improvement: -59.88 | Win Rate: 0.00% | Actor Loss: 2.8141 | Entropy: 2.5465 | Invalid S/B: 0.12/0.00 | Max Load: 4.2 | Load Gap: 1.2 | Group CV: 0.0457
   -> Validation | Samples: 50 | Makespan: 351.66 | Invalid Jobs: 0.02 | Score: 353.66
Epoch [1311/2000] | Sampled: 378.62 | Baseline: 341.50 | Improvement: -37.12 | Win Rate: 0.00% | Actor Loss: -0.1835 | Entropy: 2.5487 | Invalid S/B: 0.12/0.00 | Max Load: 4.6 | Load Gap: 1.8 | Group CV: 0.0339
Epoch [1312/2000] | Sampled: 351.50 | Baseline: 301.50 | Improvement: -50.00 | Win Rate: 0.00% | Actor Loss: -0.4457 | Entropy: 2.6320 | Invalid S/B: 0.00/0.00 | Max Load: 4.6 | Load Gap: 1.6 | Group CV: 0.0286
Epoch [1313/2000] | Sampled: 371.12 | Baseline: 343.00 | Improvement: -28.12 | Win Rate: 12.50% | Actor Loss: -2.7277 | Entropy: 2.5588 | Invalid S/B: 0.12/0.00 | Max Load: 4.6 | Load Gap: 1.6 | Group CV: 0.0710
Epoch [1314/2000] | Sampled: 368.62 | Baseline: 336.00 | Improvement: -32.62 | Win Rate: 0.00% | Actor Loss: 1.2406 | Entropy: 2.5604 | Invalid S/B: 0.50/0.00 | Max Load: 4.8 | Load Gap: 1.8 | Group CV: 0.0531
Epoch [1315/2000] | Sampled: 372.50 | Baseline: 350.00 | Improvement: -22.50 | Win Rate: 0.00% | Actor Loss: 1.0535 | Entropy: 2.5624 | Invalid S/B: 0.12/0.00 | Max Load: 4.4 | Load Gap: 1.5 | Group CV: 0.0414
Epoch [1316/2000] | Sampled: 353.25 | Baseline: 299.00 | Improvement: -54.25 | Win Rate: 0.00% | Actor Loss: 2.5488 | Entropy: 2.5483 | Invalid S/B: 0.00/0.00 | Max Load: 4.9 | Load Gap: 1.9 | Group CV: 0.0256
Epoch [1317/2000] | Sampled: 372.25 | Baseline: 324.00 | Improvement: -48.25 | Win Rate: 0.00% | Actor Loss: -3.9834 | Entropy: 2.5186 | Invalid S/B: 0.25/0.00 | Max Load: 4.2 | Load Gap: 1.2 | Group CV: 0.0549
Epoch [1318/2000] | Sampled: 375.00 | Baseline: 342.50 | Improvement: -32.50 | Win Rate: 0.00% | Actor Loss: -4.4632 | Entropy: 2.5074 | Invalid S/B: 0.00/0.00 | Max Load: 4.5 | Load Gap: 1.5 | Group CV: 0.0194
Epoch [1319/2000] | Sampled: 357.25 | Baseline: 360.00 | Improvement: 2.75 | Win Rate: 50.00% | Actor Loss: 1.6239 | Entropy: 2.4158 | Invalid S/B: 0.00/0.00 | Max Load: 4.8 | Load Gap: 1.8 | Group CV: 0.0276
Epoch [1320/2000] | Sampled: 379.38 | Baseline: 328.50 | Improvement: -50.88 | Win Rate: 0.00% | Actor Loss: 3.7070 | Entropy: 2.4348 | Invalid S/B: 0.50/0.00 | Max Load: 4.5 | Load Gap: 1.5 | Group CV: 0.0642
   -> Validation | Samples: 50 | Makespan: 350.46 | Invalid Jobs: 0.02 | Score: 352.46
Epoch [1321/2000] | Sampled: 370.25 | Baseline: 334.50 | Improvement: -35.75 | Win Rate: 12.50% | Actor Loss: -0.2104 | Entropy: 2.3980 | Invalid S/B: 0.12/0.00 | Max Load: 4.6 | Load Gap: 1.6 | Group CV: 0.0548
Epoch [1322/2000] | Sampled: 371.00 | Baseline: 352.50 | Improvement: -18.50 | Win Rate: 25.00% | Actor Loss: -6.1019 | Entropy: 2.3353 | Invalid S/B: 0.12/0.00 | Max Load: 4.5 | Load Gap: 1.5 | Group CV: 0.0458
Epoch [1323/2000] | Sampled: 373.12 | Baseline: 347.50 | Improvement: -25.62 | Win Rate: 25.00% | Actor Loss: -9.2612 | Entropy: 2.3409 | Invalid S/B: 0.75/0.00 | Max Load: 4.4 | Load Gap: 1.4 | Group CV: 0.0710
Epoch [1324/2000] | Sampled: 373.75 | Baseline: 351.50 | Improvement: -22.25 | Win Rate: 12.50% | Actor Loss: 2.9718 | Entropy: 2.4033 | Invalid S/B: 0.25/0.00 | Max Load: 4.2 | Load Gap: 1.2 | Group CV: 0.0509
Epoch [1325/2000] | Sampled: 363.88 | Baseline: 301.50 | Improvement: -62.38 | Win Rate: 0.00% | Actor Loss: -0.1968 | Entropy: 2.3132 | Invalid S/B: 0.12/0.00 | Max Load: 4.2 | Load Gap: 1.2 | Group CV: 0.0396
Epoch [1326/2000] | Sampled: 368.75 | Baseline: 351.50 | Improvement: -17.25 | Win Rate: 50.00% | Actor Loss: -4.8337 | Entropy: 2.2026 | Invalid S/B: 0.12/0.00 | Max Load: 4.4 | Load Gap: 1.4 | Group CV: 0.0456
Epoch [1327/2000] | Sampled: 374.00 | Baseline: 325.50 | Improvement: -48.50 | Win Rate: 0.00% | Actor Loss: -1.6388 | Entropy: 2.1593 | Invalid S/B: 0.25/0.00 | Max Load: 4.1 | Load Gap: 1.1 | Group CV: 0.0494
Epoch [1328/2000] | Sampled: 365.50 | Baseline: 343.50 | Improvement: -22.00 | Win Rate: 25.00% | Actor Loss: -2.5623 | Entropy: 2.1547 | Invalid S/B: 0.25/0.00 | Max Load: 4.2 | Load Gap: 1.2 | Group CV: 0.0456
Epoch [1329/2000] | Sampled: 356.12 | Baseline: 347.00 | Improvement: -9.12 | Win Rate: 37.50% | Actor Loss: 5.7926 | Entropy: 2.1406 | Invalid S/B: 0.00/0.00 | Max Load: 4.2 | Load Gap: 1.2 | Group CV: 0.0305
Epoch [1330/2000] | Sampled: 369.75 | Baseline: 363.00 | Improvement: -6.75 | Win Rate: 62.50% | Actor Loss: -7.3025 | Entropy: 2.0814 | Invalid S/B: 0.38/0.00 | Max Load: 4.4 | Load Gap: 1.4 | Group CV: 0.0626
   -> Validation | Samples: 50 | Makespan: 349.56 | Invalid Jobs: 0.00 | Score: 349.56
   -> Saved new best model (Val Score: 349.56)
Epoch [1331/2000] | Sampled: 356.88 | Baseline: 332.50 | Improvement: -24.38 | Win Rate: 0.00% | Actor Loss: -8.3451 | Entropy: 2.0634 | Invalid S/B: 0.12/0.00 | Max Load: 4.2 | Load Gap: 1.2 | Group CV: 0.0312
Epoch [1332/2000] | Sampled: 362.25 | Baseline: 337.00 | Improvement: -25.25 | Win Rate: 0.00% | Actor Loss: -0.6703 | Entropy: 2.0512 | Invalid S/B: 0.00/0.00 | Max Load: 4.5 | Load Gap: 1.5 | Group CV: 0.0123
Epoch [1333/2000] | Sampled: 361.38 | Baseline: 336.00 | Improvement: -25.38 | Win Rate: 0.00% | Actor Loss: -3.1586 | Entropy: 1.9983 | Invalid S/B: 0.00/0.00 | Max Load: 4.2 | Load Gap: 1.2 | Group CV: 0.0312
Epoch [1334/2000] | Sampled: 372.75 | Baseline: 369.50 | Improvement: -3.25 | Win Rate: 62.50% | Actor Loss: -5.7124 | Entropy: 1.9716 | Invalid S/B: 0.12/0.00 | Max Load: 4.2 | Load Gap: 1.2 | Group CV: 0.0312
Epoch [1335/2000] | Sampled: 354.88 | Baseline: 309.50 | Improvement: -45.38 | Win Rate: 0.00% | Actor Loss: -5.0844 | Entropy: 1.9612 | Invalid S/B: 0.25/0.00 | Max Load: 4.2 | Load Gap: 1.2 | Group CV: 0.0768
Epoch [1336/2000] | Sampled: 352.50 | Baseline: 307.50 | Improvement: -45.00 | Win Rate: 0.00% | Actor Loss: 5.7363 | Entropy: 1.9455 | Invalid S/B: 0.25/0.00 | Max Load: 4.1 | Load Gap: 1.1 | Group CV: 0.0456
Epoch [1337/2000] | Sampled: 366.25 | Baseline: 401.00 | Improvement: 34.75 | Win Rate: 100.00% | Actor Loss: -6.7895 | Entropy: 1.8959 | Invalid S/B: 0.00/0.00 | Max Load: 4.4 | Load Gap: 1.5 | Group CV: 0.0183
Epoch [1338/2000] | Sampled: 360.62 | Baseline: 350.50 | Improvement: -10.12 | Win Rate: 50.00% | Actor Loss: -1.8274 | Entropy: 1.8904 | Invalid S/B: 0.00/0.00 | Max Load: 4.1 | Load Gap: 1.1 | Group CV: 0.0355
Epoch [1339/2000] | Sampled: 350.12 | Baseline: 346.00 | Improvement: -4.12 | Win Rate: 37.50% | Actor Loss: -0.4310 | Entropy: 1.8983 | Invalid S/B: 0.00/0.00 | Max Load: 4.2 | Load Gap: 1.2 | Group CV: 0.0224
Epoch [1340/2000] | Sampled: 365.75 | Baseline: 309.50 | Improvement: -56.25 | Win Rate: 0.00% | Actor Loss: -2.6629 | Entropy: 1.8193 | Invalid S/B: 0.12/0.00 | Max Load: 4.5 | Load Gap: 1.5 | Group CV: 0.0272
   -> Validation | Samples: 50 | Makespan: 354.40 | Invalid Jobs: 0.00 | Score: 354.40
Epoch [1341/2000] | Sampled: 359.25 | Baseline: 340.50 | Improvement: -18.75 | Win Rate: 37.50% | Actor Loss: -2.5114 | Entropy: 1.8559 | Invalid S/B: 0.00/0.00 | Max Load: 4.2 | Load Gap: 1.2 | Group CV: 0.0228
Epoch [1342/2000] | Sampled: 377.75 | Baseline: 363.00 | Improvement: -14.75 | Win Rate: 25.00% | Actor Loss: 3.2393 | Entropy: 1.8647 | Invalid S/B: 0.12/0.00 | Max Load: 4.5 | Load Gap: 1.5 | Group CV: 0.0499
Epoch [1343/2000] | Sampled: 362.38 | Baseline: 313.50 | Improvement: -48.88 | Win Rate: 0.00% | Actor Loss: -1.7162 | Entropy: 1.7901 | Invalid S/B: 0.00/0.00 | Max Load: 4.5 | Load Gap: 1.5 | Group CV: 0.0138
Epoch [1344/2000] | Sampled: 355.75 | Baseline: 343.50 | Improvement: -12.25 | Win Rate: 37.50% | Actor Loss: 4.4625 | Entropy: 1.8620 | Invalid S/B: 0.12/0.00 | Max Load: 4.6 | Load Gap: 1.6 | Group CV: 0.0386
Epoch [1345/2000] | Sampled: 369.88 | Baseline: 346.50 | Improvement: -23.38 | Win Rate: 25.00% | Actor Loss: -4.2430 | Entropy: 1.8645 | Invalid S/B: 0.25/0.00 | Max Load: 4.0 | Load Gap: 1.0 | Group CV: 0.0539
Epoch [1346/2000] | Sampled: 349.12 | Baseline: 338.00 | Improvement: -11.12 | Win Rate: 25.00% | Actor Loss: 4.7669 | Entropy: 1.8535 | Invalid S/B: 0.00/0.00 | Max Load: 4.0 | Load Gap: 1.0 | Group CV: 0.0335
Epoch [1347/2000] | Sampled: 349.38 | Baseline: 333.50 | Improvement: -15.88 | Win Rate: 12.50% | Actor Loss: -2.7022 | Entropy: 1.8177 | Invalid S/B: 0.00/0.00 | Max Load: 4.1 | Load Gap: 1.1 | Group CV: 0.0127
Epoch [1348/2000] | Sampled: 364.38 | Baseline: 313.50 | Improvement: -50.88 | Win Rate: 0.00% | Actor Loss: -10.6599 | Entropy: 1.7910 | Invalid S/B: 0.25/0.00 | Max Load: 4.2 | Load Gap: 1.2 | Group CV: 0.0393
Epoch [1349/2000] | Sampled: 357.75 | Baseline: 340.50 | Improvement: -17.25 | Win Rate: 0.00% | Actor Loss: -3.5028 | Entropy: 1.8086 | Invalid S/B: 0.00/0.00 | Max Load: 4.4 | Load Gap: 1.4 | Group CV: 0.0175
Epoch [1350/2000] | Sampled: 362.38 | Baseline: 341.00 | Improvement: -21.38 | Win Rate: 50.00% | Actor Loss: 3.4211 | Entropy: 1.8482 | Invalid S/B: 0.00/0.00 | Max Load: 4.1 | Load Gap: 1.1 | Group CV: 0.0148
   -> Validation | Samples: 50 | Makespan: 355.54 | Invalid Jobs: 0.00 | Score: 355.54
Epoch [1351/2000] | Sampled: 368.12 | Baseline: 343.00 | Improvement: -25.12 | Win Rate: 37.50% | Actor Loss: 0.9999 | Entropy: 1.8072 | Invalid S/B: 0.12/0.00 | Max Load: 4.6 | Load Gap: 1.6 | Group CV: 0.0446
Epoch [1352/2000] | Sampled: 359.00 | Baseline: 318.00 | Improvement: -41.00 | Win Rate: 0.00% | Actor Loss: 0.8640 | Entropy: 1.8620 | Invalid S/B: 0.00/0.00 | Max Load: 4.1 | Load Gap: 1.1 | Group CV: 0.0204
Epoch [1353/2000] | Sampled: 351.00 | Baseline: 315.00 | Improvement: -36.00 | Win Rate: 0.00% | Actor Loss: -3.7934 | Entropy: 1.8607 | Invalid S/B: 0.00/0.00 | Max Load: 4.1 | Load Gap: 1.1 | Group CV: 0.0340
Epoch [1354/2000] | Sampled: 349.00 | Baseline: 317.50 | Improvement: -31.50 | Win Rate: 0.00% | Actor Loss: 1.7919 | Entropy: 1.8302 | Invalid S/B: 0.00/0.00 | Max Load: 4.2 | Load Gap: 1.2 | Group CV: 0.0187
Epoch [1355/2000] | Sampled: 355.00 | Baseline: 340.00 | Improvement: -15.00 | Win Rate: 37.50% | Actor Loss: 0.1476 | Entropy: 1.8246 | Invalid S/B: 0.12/0.00 | Max Load: 4.6 | Load Gap: 1.6 | Group CV: 0.0385
Epoch [1356/2000] | Sampled: 358.00 | Baseline: 321.50 | Improvement: -36.50 | Win Rate: 0.00% | Actor Loss: -5.3599 | Entropy: 1.8808 | Invalid S/B: 0.00/0.00 | Max Load: 4.4 | Load Gap: 1.4 | Group CV: 0.0270
Epoch [1357/2000] | Sampled: 356.88 | Baseline: 344.00 | Improvement: -12.88 | Win Rate: 25.00% | Actor Loss: 1.1314 | Entropy: 1.8315 | Invalid S/B: 0.00/0.00 | Max Load: 4.5 | Load Gap: 1.5 | Group CV: 0.0237
Epoch [1358/2000] | Sampled: 361.62 | Baseline: 308.00 | Improvement: -53.62 | Win Rate: 0.00% | Actor Loss: -3.1550 | Entropy: 1.9117 | Invalid S/B: 0.00/0.00 | Max Load: 4.2 | Load Gap: 1.2 | Group CV: 0.0301
Epoch [1359/2000] | Sampled: 364.75 | Baseline: 366.00 | Improvement: 1.25 | Win Rate: 50.00% | Actor Loss: -3.1931 | Entropy: 1.8381 | Invalid S/B: 0.00/0.00 | Max Load: 4.2 | Load Gap: 1.2 | Group CV: 0.0208
Epoch [1360/2000] | Sampled: 364.25 | Baseline: 366.50 | Improvement: 2.25 | Win Rate: 50.00% | Actor Loss: -3.6581 | Entropy: 1.8195 | Invalid S/B: 0.12/0.00 | Max Load: 4.5 | Load Gap: 1.5 | Group CV: 0.0194
   -> Validation | Samples: 50 | Makespan: 360.32 | Invalid Jobs: 0.02 | Score: 362.32
Epoch [1361/2000] | Sampled: 345.00 | Baseline: 324.00 | Improvement: -21.00 | Win Rate: 25.00% | Actor Loss: -5.7348 | Entropy: 1.8399 | Invalid S/B: 0.00/0.00 | Max Load: 4.0 | Load Gap: 1.0 | Group CV: 0.0252
Epoch [1362/2000] | Sampled: 369.12 | Baseline: 359.00 | Improvement: -10.12 | Win Rate: 37.50% | Actor Loss: 0.6275 | Entropy: 1.8801 | Invalid S/B: 0.00/0.00 | Max Load: 4.4 | Load Gap: 1.4 | Group CV: 0.0280
Epoch [1363/2000] | Sampled: 353.12 | Baseline: 330.50 | Improvement: -22.62 | Win Rate: 0.00% | Actor Loss: -4.2890 | Entropy: 1.8209 | Invalid S/B: 0.00/0.00 | Max Load: 4.1 | Load Gap: 1.1 | Group CV: 0.0182
Epoch [1364/2000] | Sampled: 353.50 | Baseline: 336.00 | Improvement: -17.50 | Win Rate: 37.50% | Actor Loss: -0.7752 | Entropy: 1.8668 | Invalid S/B: 0.00/0.00 | Max Load: 4.0 | Load Gap: 1.0 | Group CV: 0.0281
Epoch [1365/2000] | Sampled: 364.38 | Baseline: 331.00 | Improvement: -33.38 | Win Rate: 0.00% | Actor Loss: 0.6461 | Entropy: 1.8345 | Invalid S/B: 0.00/0.00 | Max Load: 4.1 | Load Gap: 1.1 | Group CV: 0.0260
Epoch [1366/2000] | Sampled: 351.12 | Baseline: 298.00 | Improvement: -53.12 | Win Rate: 0.00% | Actor Loss: -1.5320 | Entropy: 1.8309 | Invalid S/B: 0.00/0.00 | Max Load: 4.1 | Load Gap: 1.1 | Group CV: 0.0288
Epoch [1367/2000] | Sampled: 351.62 | Baseline: 329.00 | Improvement: -22.62 | Win Rate: 12.50% | Actor Loss: 2.4781 | Entropy: 1.7618 | Invalid S/B: 0.00/0.00 | Max Load: 4.4 | Load Gap: 1.4 | Group CV: 0.0200
Epoch [1368/2000] | Sampled: 353.38 | Baseline: 312.50 | Improvement: -40.88 | Win Rate: 0.00% | Actor Loss: -2.8856 | Entropy: 1.7702 | Invalid S/B: 0.12/0.00 | Max Load: 4.1 | Load Gap: 1.1 | Group CV: 0.0491
Epoch [1369/2000] | Sampled: 372.00 | Baseline: 370.00 | Improvement: -2.00 | Win Rate: 50.00% | Actor Loss: -2.8025 | Entropy: 1.7877 | Invalid S/B: 0.12/0.00 | Max Load: 4.2 | Load Gap: 1.2 | Group CV: 0.0241
Epoch [1370/2000] | Sampled: 345.62 | Baseline: 328.50 | Improvement: -17.12 | Win Rate: 12.50% | Actor Loss: 1.0110 | Entropy: 1.7727 | Invalid S/B: 0.00/0.00 | Max Load: 4.4 | Load Gap: 1.4 | Group CV: 0.0279
   -> Validation | Samples: 50 | Makespan: 355.92 | Invalid Jobs: 0.04 | Score: 359.92
Epoch [1371/2000] | Sampled: 357.62 | Baseline: 342.50 | Improvement: -15.12 | Win Rate: 0.00% | Actor Loss: -4.2107 | Entropy: 1.7002 | Invalid S/B: 0.00/0.00 | Max Load: 4.1 | Load Gap: 1.1 | Group CV: 0.0087
Epoch [1372/2000] | Sampled: 359.38 | Baseline: 323.00 | Improvement: -36.38 | Win Rate: 0.00% | Actor Loss: -0.9708 | Entropy: 1.7446 | Invalid S/B: 0.00/0.00 | Max Load: 4.1 | Load Gap: 1.1 | Group CV: 0.0311
Epoch [1373/2000] | Sampled: 343.75 | Baseline: 315.00 | Improvement: -28.75 | Win Rate: 12.50% | Actor Loss: -0.6303 | Entropy: 1.6746 | Invalid S/B: 0.00/0.00 | Max Load: 4.1 | Load Gap: 1.1 | Group CV: 0.0213
Epoch [1374/2000] | Sampled: 388.25 | Baseline: 327.00 | Improvement: -61.25 | Win Rate: 0.00% | Actor Loss: 0.4765 | Entropy: 1.7280 | Invalid S/B: 0.38/0.00 | Max Load: 4.4 | Load Gap: 1.4 | Group CV: 0.0780
Epoch [1375/2000] | Sampled: 365.88 | Baseline: 339.50 | Improvement: -26.38 | Win Rate: 12.50% | Actor Loss: -4.8267 | Entropy: 1.6698 | Invalid S/B: 0.00/0.00 | Max Load: 4.2 | Load Gap: 1.2 | Group CV: 0.0370
Epoch [1376/2000] | Sampled: 381.88 | Baseline: 365.00 | Improvement: -16.88 | Win Rate: 37.50% | Actor Loss: 2.2115 | Entropy: 1.6418 | Invalid S/B: 0.62/0.00 | Max Load: 4.2 | Load Gap: 1.2 | Group CV: 0.0756
Epoch [1377/2000] | Sampled: 354.00 | Baseline: 323.50 | Improvement: -30.50 | Win Rate: 0.00% | Actor Loss: -3.0886 | Entropy: 1.6740 | Invalid S/B: 0.00/0.00 | Max Load: 4.2 | Load Gap: 1.2 | Group CV: 0.0195
Epoch [1378/2000] | Sampled: 358.00 | Baseline: 318.50 | Improvement: -39.50 | Win Rate: 0.00% | Actor Loss: -5.2703 | Entropy: 1.7153 | Invalid S/B: 0.12/0.00 | Max Load: 4.2 | Load Gap: 1.2 | Group CV: 0.0632
Epoch [1379/2000] | Sampled: 364.12 | Baseline: 334.00 | Improvement: -30.12 | Win Rate: 0.00% | Actor Loss: -4.5896 | Entropy: 1.6707 | Invalid S/B: 0.00/0.00 | Max Load: 4.2 | Load Gap: 1.2 | Group CV: 0.0167
Epoch [1380/2000] | Sampled: 351.12 | Baseline: 327.50 | Improvement: -23.62 | Win Rate: 12.50% | Actor Loss: 2.4735 | Entropy: 1.7076 | Invalid S/B: 0.12/0.00 | Max Load: 4.0 | Load Gap: 1.0 | Group CV: 0.0368
   -> Validation | Samples: 50 | Makespan: 354.08 | Invalid Jobs: 0.02 | Score: 356.08
Epoch [1381/2000] | Sampled: 369.75 | Baseline: 371.00 | Improvement: 1.25 | Win Rate: 25.00% | Actor Loss: 3.8486 | Entropy: 1.6696 | Invalid S/B: 0.38/0.00 | Max Load: 4.1 | Load Gap: 1.1 | Group CV: 0.0505
Epoch [1382/2000] | Sampled: 357.50 | Baseline: 324.00 | Improvement: -33.50 | Win Rate: 0.00% | Actor Loss: -1.2122 | Entropy: 1.6692 | Invalid S/B: 0.00/0.00 | Max Load: 4.1 | Load Gap: 1.1 | Group CV: 0.0175
Epoch [1383/2000] | Sampled: 361.75 | Baseline: 332.00 | Improvement: -29.75 | Win Rate: 0.00% | Actor Loss: -1.6893 | Entropy: 1.6716 | Invalid S/B: 0.25/0.00 | Max Load: 4.1 | Load Gap: 1.1 | Group CV: 0.0492
Epoch [1384/2000] | Sampled: 378.25 | Baseline: 377.00 | Improvement: -1.25 | Win Rate: 50.00% | Actor Loss: -8.3805 | Entropy: 1.6492 | Invalid S/B: 0.00/0.00 | Max Load: 4.6 | Load Gap: 1.6 | Group CV: 0.0436
Epoch [1385/2000] | Sampled: 368.50 | Baseline: 342.50 | Improvement: -26.00 | Win Rate: 0.00% | Actor Loss: 1.9210 | Entropy: 1.6402 | Invalid S/B: 0.12/0.00 | Max Load: 4.1 | Load Gap: 1.1 | Group CV: 0.0274
Epoch [1386/2000] | Sampled: 348.00 | Baseline: 342.50 | Improvement: -5.50 | Win Rate: 37.50% | Actor Loss: 3.5445 | Entropy: 1.6555 | Invalid S/B: 0.00/0.00 | Max Load: 4.1 | Load Gap: 1.1 | Group CV: 0.0267
Epoch [1387/2000] | Sampled: 348.88 | Baseline: 310.50 | Improvement: -38.38 | Win Rate: 0.00% | Actor Loss: 1.3509 | Entropy: 1.6340 | Invalid S/B: 0.00/0.00 | Max Load: 4.1 | Load Gap: 1.1 | Group CV: 0.0216
Epoch [1388/2000] | Sampled: 352.62 | Baseline: 348.00 | Improvement: -4.62 | Win Rate: 37.50% | Actor Loss: -3.0831 | Entropy: 1.6434 | Invalid S/B: 0.00/0.00 | Max Load: 4.1 | Load Gap: 1.1 | Group CV: 0.0238
Epoch [1389/2000] | Sampled: 364.12 | Baseline: 312.00 | Improvement: -52.12 | Win Rate: 0.00% | Actor Loss: 4.4129 | Entropy: 1.6340 | Invalid S/B: 0.12/0.00 | Max Load: 4.2 | Load Gap: 1.2 | Group CV: 0.0527
Epoch [1390/2000] | Sampled: 360.12 | Baseline: 384.00 | Improvement: 23.88 | Win Rate: 62.50% | Actor Loss: 4.1844 | Entropy: 1.6459 | Invalid S/B: 0.00/0.00 | Max Load: 4.4 | Load Gap: 1.4 | Group CV: 0.0248
   -> Validation | Samples: 50 | Makespan: 356.08 | Invalid Jobs: 0.02 | Score: 358.08
Epoch [1391/2000] | Sampled: 367.00 | Baseline: 334.50 | Improvement: -32.50 | Win Rate: 0.00% | Actor Loss: -3.7605 | Entropy: 1.7094 | Invalid S/B: 0.25/0.00 | Max Load: 4.0 | Load Gap: 1.0 | Group CV: 0.0258
Epoch [1392/2000] | Sampled: 374.88 | Baseline: 323.50 | Improvement: -51.38 | Win Rate: 0.00% | Actor Loss: 3.4796 | Entropy: 1.7310 | Invalid S/B: 0.38/0.00 | Max Load: 4.0 | Load Gap: 1.0 | Group CV: 0.0402
Epoch [1393/2000] | Sampled: 363.38 | Baseline: 370.50 | Improvement: 7.12 | Win Rate: 62.50% | Actor Loss: -2.6755 | Entropy: 1.6502 | Invalid S/B: 0.00/0.00 | Max Load: 4.2 | Load Gap: 1.2 | Group CV: 0.0135
Epoch [1394/2000] | Sampled: 357.38 | Baseline: 305.50 | Improvement: -51.88 | Win Rate: 0.00% | Actor Loss: -0.7912 | Entropy: 1.7081 | Invalid S/B: 0.12/0.00 | Max Load: 4.4 | Load Gap: 1.4 | Group CV: 0.0494
Epoch [1395/2000] | Sampled: 354.38 | Baseline: 331.50 | Improvement: -22.88 | Win Rate: 12.50% | Actor Loss: -0.6838 | Entropy: 1.7917 | Invalid S/B: 0.12/0.00 | Max Load: 4.1 | Load Gap: 1.1 | Group CV: 0.0466
Epoch [1396/2000] | Sampled: 374.00 | Baseline: 374.00 | Improvement: 0.00 | Win Rate: 50.00% | Actor Loss: -6.9895 | Entropy: 1.7415 | Invalid S/B: 0.00/0.50 | Max Load: 4.1 | Load Gap: 1.1 | Group CV: 0.0298
Epoch [1397/2000] | Sampled: 345.25 | Baseline: 315.50 | Improvement: -29.75 | Win Rate: 0.00% | Actor Loss: -2.5998 | Entropy: 1.8018 | Invalid S/B: 0.00/0.00 | Max Load: 4.0 | Load Gap: 1.0 | Group CV: 0.0141
Epoch [1398/2000] | Sampled: 365.38 | Baseline: 354.00 | Improvement: -11.38 | Win Rate: 25.00% | Actor Loss: 2.5432 | Entropy: 1.8058 | Invalid S/B: 0.00/0.00 | Max Load: 4.2 | Load Gap: 1.2 | Group CV: 0.0236
Epoch [1399/2000] | Sampled: 370.12 | Baseline: 318.50 | Improvement: -51.62 | Win Rate: 0.00% | Actor Loss: 4.5276 | Entropy: 1.8439 | Invalid S/B: 0.25/0.00 | Max Load: 4.1 | Load Gap: 1.1 | Group CV: 0.0507
Epoch [1400/2000] | Sampled: 352.12 | Baseline: 363.00 | Improvement: 10.88 | Win Rate: 75.00% | Actor Loss: -1.4220 | Entropy: 1.7538 | Invalid S/B: 0.00/0.00 | Max Load: 4.1 | Load Gap: 1.1 | Group CV: 0.0201
   -> Validation | Samples: 50 | Makespan: 354.50 | Invalid Jobs: 0.04 | Score: 358.50
   -> Saved updated training chart to /home/wei/Desktop/AMR-DFJSP/Static_alogorithm/Attention/attention_training_metrics.png
Epoch [1401/2000] | Sampled: 398.62 | Baseline: 378.50 | Improvement: -20.12 | Win Rate: 50.00% | Actor Loss: -1.5772 | Entropy: 1.9100 | Invalid S/B: 1.12/0.00 | Max Load: 4.0 | Load Gap: 1.0 | Group CV: 0.0795
Epoch [1402/2000] | Sampled: 374.38 | Baseline: 344.50 | Improvement: -29.88 | Win Rate: 0.00% | Actor Loss: 1.7620 | Entropy: 1.9202 | Invalid S/B: 0.12/0.00 | Max Load: 4.4 | Load Gap: 1.4 | Group CV: 0.0358
Epoch [1403/2000] | Sampled: 348.38 | Baseline: 318.50 | Improvement: -29.88 | Win Rate: 25.00% | Actor Loss: -3.6705 | Entropy: 1.8907 | Invalid S/B: 0.00/0.00 | Max Load: 4.4 | Load Gap: 1.4 | Group CV: 0.0260
Epoch [1404/2000] | Sampled: 370.12 | Baseline: 344.50 | Improvement: -25.62 | Win Rate: 0.00% | Actor Loss: 0.2791 | Entropy: 1.8893 | Invalid S/B: 0.00/0.00 | Max Load: 4.2 | Load Gap: 1.2 | Group CV: 0.0357
Epoch [1405/2000] | Sampled: 369.88 | Baseline: 370.50 | Improvement: 0.62 | Win Rate: 50.00% | Actor Loss: -4.2433 | Entropy: 2.0075 | Invalid S/B: 0.00/0.00 | Max Load: 4.5 | Load Gap: 1.5 | Group CV: 0.0283
Epoch [1406/2000] | Sampled: 360.75 | Baseline: 333.00 | Improvement: -27.75 | Win Rate: 25.00% | Actor Loss: -6.3783 | Entropy: 1.9006 | Invalid S/B: 0.38/0.00 | Max Load: 4.2 | Load Gap: 1.2 | Group CV: 0.0679
Epoch [1407/2000] | Sampled: 366.50 | Baseline: 330.50 | Improvement: -36.00 | Win Rate: 0.00% | Actor Loss: -6.4018 | Entropy: 1.9278 | Invalid S/B: 0.00/0.00 | Max Load: 4.2 | Load Gap: 1.2 | Group CV: 0.0277
Epoch [1408/2000] | Sampled: 365.00 | Baseline: 307.50 | Improvement: -57.50 | Win Rate: 0.00% | Actor Loss: 4.5257 | Entropy: 1.8802 | Invalid S/B: 0.12/0.00 | Max Load: 4.4 | Load Gap: 1.4 | Group CV: 0.0529
Epoch [1409/2000] | Sampled: 393.75 | Baseline: 374.00 | Improvement: -19.75 | Win Rate: 25.00% | Actor Loss: -1.7870 | Entropy: 1.9407 | Invalid S/B: 0.25/0.00 | Max Load: 4.1 | Load Gap: 1.1 | Group CV: 0.0515
Epoch [1410/2000] | Sampled: 364.88 | Baseline: 304.00 | Improvement: -60.88 | Win Rate: 0.00% | Actor Loss: -1.6971 | Entropy: 1.9292 | Invalid S/B: 0.12/0.00 | Max Load: 4.2 | Load Gap: 1.2 | Group CV: 0.0673
   -> Validation | Samples: 50 | Makespan: 356.64 | Invalid Jobs: 0.04 | Score: 360.64
Epoch [1411/2000] | Sampled: 365.50 | Baseline: 357.50 | Improvement: -8.00 | Win Rate: 62.50% | Actor Loss: 1.8020 | Entropy: 1.8399 | Invalid S/B: 0.12/0.00 | Max Load: 4.2 | Load Gap: 1.2 | Group CV: 0.0421
Epoch [1412/2000] | Sampled: 358.75 | Baseline: 336.00 | Improvement: -22.75 | Win Rate: 25.00% | Actor Loss: 6.0281 | Entropy: 1.9041 | Invalid S/B: 0.12/0.00 | Max Load: 4.1 | Load Gap: 1.1 | Group CV: 0.0572
Epoch [1413/2000] | Sampled: 355.25 | Baseline: 314.50 | Improvement: -40.75 | Win Rate: 0.00% | Actor Loss: 0.0058 | Entropy: 1.8178 | Invalid S/B: 0.00/0.00 | Max Load: 4.1 | Load Gap: 1.1 | Group CV: 0.0164
Epoch [1414/2000] | Sampled: 371.25 | Baseline: 362.00 | Improvement: -9.25 | Win Rate: 50.00% | Actor Loss: 9.2475 | Entropy: 1.8043 | Invalid S/B: 0.00/0.00 | Max Load: 4.2 | Load Gap: 1.2 | Group CV: 0.0151
Epoch [1415/2000] | Sampled: 355.62 | Baseline: 349.50 | Improvement: -6.12 | Win Rate: 50.00% | Actor Loss: -7.0981 | Entropy: 1.8490 | Invalid S/B: 0.00/0.00 | Max Load: 4.4 | Load Gap: 1.4 | Group CV: 0.0222
Epoch [1416/2000] | Sampled: 368.75 | Baseline: 326.00 | Improvement: -42.75 | Win Rate: 0.00% | Actor Loss: 1.2659 | Entropy: 1.8309 | Invalid S/B: 0.12/0.00 | Max Load: 4.4 | Load Gap: 1.4 | Group CV: 0.0502
Epoch [1417/2000] | Sampled: 352.38 | Baseline: 337.00 | Improvement: -15.38 | Win Rate: 12.50% | Actor Loss: -3.9576 | Entropy: 1.8325 | Invalid S/B: 0.00/0.00 | Max Load: 4.1 | Load Gap: 1.1 | Group CV: 0.0285
Epoch [1418/2000] | Sampled: 348.00 | Baseline: 346.50 | Improvement: -1.50 | Win Rate: 25.00% | Actor Loss: 3.1920 | Entropy: 1.8362 | Invalid S/B: 0.00/0.00 | Max Load: 4.2 | Load Gap: 1.2 | Group CV: 0.0149
Epoch [1419/2000] | Sampled: 356.62 | Baseline: 333.50 | Improvement: -23.12 | Win Rate: 0.00% | Actor Loss: 11.2777 | Entropy: 1.8401 | Invalid S/B: 0.00/0.00 | Max Load: 4.5 | Load Gap: 1.5 | Group CV: 0.0319
Epoch [1420/2000] | Sampled: 353.75 | Baseline: 326.50 | Improvement: -27.25 | Win Rate: 0.00% | Actor Loss: -4.0691 | Entropy: 1.9119 | Invalid S/B: 0.12/0.00 | Max Load: 4.0 | Load Gap: 1.0 | Group CV: 0.0580
   -> Validation | Samples: 50 | Makespan: 354.08 | Invalid Jobs: 0.00 | Score: 354.08
Epoch [1421/2000] | Sampled: 376.25 | Baseline: 343.50 | Improvement: -32.75 | Win Rate: 12.50% | Actor Loss: 1.0182 | Entropy: 1.8426 | Invalid S/B: 0.25/0.00 | Max Load: 4.1 | Load Gap: 1.1 | Group CV: 0.0796
Epoch [1422/2000] | Sampled: 357.62 | Baseline: 343.00 | Improvement: -14.62 | Win Rate: 50.00% | Actor Loss: 1.6270 | Entropy: 1.8740 | Invalid S/B: 0.00/0.00 | Max Load: 4.4 | Load Gap: 1.4 | Group CV: 0.0101
Epoch [1423/2000] | Sampled: 362.25 | Baseline: 281.00 | Improvement: -81.25 | Win Rate: 0.00% | Actor Loss: -4.6434 | Entropy: 1.8706 | Invalid S/B: 0.12/0.00 | Max Load: 4.0 | Load Gap: 1.0 | Group CV: 0.0533
Epoch [1424/2000] | Sampled: 363.25 | Baseline: 365.00 | Improvement: 1.75 | Win Rate: 50.00% | Actor Loss: -6.4056 | Entropy: 1.9013 | Invalid S/B: 0.00/0.50 | Max Load: 4.2 | Load Gap: 1.2 | Group CV: 0.0287
Epoch [1425/2000] | Sampled: 354.88 | Baseline: 331.50 | Improvement: -23.38 | Win Rate: 0.00% | Actor Loss: 0.4393 | Entropy: 1.8239 | Invalid S/B: 0.00/0.00 | Max Load: 4.2 | Load Gap: 1.2 | Group CV: 0.0197
Epoch [1426/2000] | Sampled: 372.12 | Baseline: 375.00 | Improvement: 2.88 | Win Rate: 62.50% | Actor Loss: -2.7604 | Entropy: 1.7654 | Invalid S/B: 0.12/0.00 | Max Load: 4.1 | Load Gap: 1.1 | Group CV: 0.0469
Epoch [1427/2000] | Sampled: 362.38 | Baseline: 356.50 | Improvement: -5.88 | Win Rate: 62.50% | Actor Loss: 0.0882 | Entropy: 1.8118 | Invalid S/B: 0.12/0.00 | Max Load: 4.1 | Load Gap: 1.1 | Group CV: 0.0576
Epoch [1428/2000] | Sampled: 367.75 | Baseline: 343.00 | Improvement: -24.75 | Win Rate: 25.00% | Actor Loss: -2.0727 | Entropy: 1.7840 | Invalid S/B: 0.00/0.00 | Max Load: 4.5 | Load Gap: 1.5 | Group CV: 0.0296
Epoch [1429/2000] | Sampled: 369.38 | Baseline: 349.00 | Improvement: -20.38 | Win Rate: 25.00% | Actor Loss: 2.2430 | Entropy: 1.7537 | Invalid S/B: 0.00/0.00 | Max Load: 4.6 | Load Gap: 1.6 | Group CV: 0.0513
Epoch [1430/2000] | Sampled: 350.38 | Baseline: 313.50 | Improvement: -36.88 | Win Rate: 0.00% | Actor Loss: -1.5547 | Entropy: 1.8061 | Invalid S/B: 0.12/0.00 | Max Load: 4.4 | Load Gap: 1.4 | Group CV: 0.0525
   -> Validation | Samples: 50 | Makespan: 354.84 | Invalid Jobs: 0.04 | Score: 358.84
Epoch [1431/2000] | Sampled: 369.38 | Baseline: 329.00 | Improvement: -40.38 | Win Rate: 0.00% | Actor Loss: -1.3080 | Entropy: 1.7296 | Invalid S/B: 0.00/0.00 | Max Load: 4.4 | Load Gap: 1.4 | Group CV: 0.0280
Epoch [1432/2000] | Sampled: 377.25 | Baseline: 365.00 | Improvement: -12.25 | Win Rate: 50.00% | Actor Loss: -2.3525 | Entropy: 1.7965 | Invalid S/B: 0.75/0.00 | Max Load: 4.2 | Load Gap: 1.2 | Group CV: 0.0612
Epoch [1433/2000] | Sampled: 361.12 | Baseline: 296.00 | Improvement: -65.12 | Win Rate: 0.00% | Actor Loss: -0.0255 | Entropy: 1.7564 | Invalid S/B: 0.12/0.00 | Max Load: 4.1 | Load Gap: 1.1 | Group CV: 0.0456
Epoch [1434/2000] | Sampled: 355.25 | Baseline: 327.50 | Improvement: -27.75 | Win Rate: 0.00% | Actor Loss: 7.0641 | Entropy: 1.7927 | Invalid S/B: 0.12/0.00 | Max Load: 4.1 | Load Gap: 1.1 | Group CV: 0.0077
Epoch [1435/2000] | Sampled: 348.62 | Baseline: 310.50 | Improvement: -38.12 | Win Rate: 0.00% | Actor Loss: 1.5143 | Entropy: 1.7536 | Invalid S/B: 0.00/0.00 | Max Load: 4.0 | Load Gap: 1.0 | Group CV: 0.0187
Epoch [1436/2000] | Sampled: 350.12 | Baseline: 339.00 | Improvement: -11.12 | Win Rate: 25.00% | Actor Loss: -2.4715 | Entropy: 1.7488 | Invalid S/B: 0.00/0.00 | Max Load: 4.2 | Load Gap: 1.2 | Group CV: 0.0296
Epoch [1437/2000] | Sampled: 356.00 | Baseline: 309.00 | Improvement: -47.00 | Win Rate: 0.00% | Actor Loss: -8.1963 | Entropy: 1.8039 | Invalid S/B: 0.00/0.00 | Max Load: 4.1 | Load Gap: 1.1 | Group CV: 0.0204
Epoch [1438/2000] | Sampled: 363.88 | Baseline: 330.50 | Improvement: -33.38 | Win Rate: 0.00% | Actor Loss: -3.9047 | Entropy: 1.7652 | Invalid S/B: 0.12/0.00 | Max Load: 4.1 | Load Gap: 1.1 | Group CV: 0.0340
Epoch [1439/2000] | Sampled: 364.12 | Baseline: 366.50 | Improvement: 2.38 | Win Rate: 37.50% | Actor Loss: -0.9649 | Entropy: 1.7062 | Invalid S/B: 0.25/0.00 | Max Load: 4.4 | Load Gap: 1.4 | Group CV: 0.0574
Epoch [1440/2000] | Sampled: 369.62 | Baseline: 301.00 | Improvement: -68.62 | Win Rate: 0.00% | Actor Loss: -1.8581 | Entropy: 1.7742 | Invalid S/B: 0.25/0.00 | Max Load: 4.1 | Load Gap: 1.1 | Group CV: 0.0561
   -> Validation | Samples: 50 | Makespan: 357.94 | Invalid Jobs: 0.00 | Score: 357.94
Epoch [1441/2000] | Sampled: 339.00 | Baseline: 293.50 | Improvement: -45.50 | Win Rate: 0.00% | Actor Loss: -3.6709 | Entropy: 1.7674 | Invalid S/B: 0.00/0.00 | Max Load: 4.0 | Load Gap: 1.0 | Group CV: 0.0113
Epoch [1442/2000] | Sampled: 369.50 | Baseline: 327.50 | Improvement: -42.00 | Win Rate: 0.00% | Actor Loss: 6.5490 | Entropy: 1.6238 | Invalid S/B: 0.12/0.00 | Max Load: 4.4 | Load Gap: 1.4 | Group CV: 0.0583
Epoch [1443/2000] | Sampled: 360.75 | Baseline: 344.00 | Improvement: -16.75 | Win Rate: 25.00% | Actor Loss: -4.8728 | Entropy: 1.6583 | Invalid S/B: 0.12/0.00 | Max Load: 4.2 | Load Gap: 1.2 | Group CV: 0.0378
Epoch [1444/2000] | Sampled: 359.25 | Baseline: 335.00 | Improvement: -24.25 | Win Rate: 0.00% | Actor Loss: 5.2768 | Entropy: 1.6388 | Invalid S/B: 0.00/0.00 | Max Load: 4.1 | Load Gap: 1.1 | Group CV: 0.0216
Epoch [1445/2000] | Sampled: 364.62 | Baseline: 361.00 | Improvement: -3.62 | Win Rate: 37.50% | Actor Loss: -0.8112 | Entropy: 1.6130 | Invalid S/B: 0.00/0.00 | Max Load: 4.1 | Load Gap: 1.1 | Group CV: 0.0196
Epoch [1446/2000] | Sampled: 373.62 | Baseline: 351.00 | Improvement: -22.62 | Win Rate: 25.00% | Actor Loss: -2.4677 | Entropy: 1.6452 | Invalid S/B: 0.12/0.00 | Max Load: 4.4 | Load Gap: 1.4 | Group CV: 0.0576
Epoch [1447/2000] | Sampled: 341.00 | Baseline: 324.00 | Improvement: -17.00 | Win Rate: 12.50% | Actor Loss: -2.4788 | Entropy: 1.5997 | Invalid S/B: 0.00/0.00 | Max Load: 4.0 | Load Gap: 1.0 | Group CV: 0.0207
Epoch [1448/2000] | Sampled: 359.88 | Baseline: 334.50 | Improvement: -25.38 | Win Rate: 0.00% | Actor Loss: 3.1728 | Entropy: 1.6334 | Invalid S/B: 0.00/0.00 | Max Load: 4.4 | Load Gap: 1.4 | Group CV: 0.0381
Epoch [1449/2000] | Sampled: 366.12 | Baseline: 330.00 | Improvement: -36.12 | Win Rate: 50.00% | Actor Loss: -9.1118 | Entropy: 1.6368 | Invalid S/B: 0.12/0.00 | Max Load: 4.2 | Load Gap: 1.2 | Group CV: 0.0457
Epoch [1450/2000] | Sampled: 367.12 | Baseline: 344.50 | Improvement: -22.62 | Win Rate: 12.50% | Actor Loss: -0.2239 | Entropy: 1.6248 | Invalid S/B: 0.12/0.00 | Max Load: 4.1 | Load Gap: 1.1 | Group CV: 0.0430
   -> Validation | Samples: 50 | Makespan: 357.66 | Invalid Jobs: 0.06 | Score: 363.66
Epoch [1451/2000] | Sampled: 355.12 | Baseline: 311.50 | Improvement: -43.62 | Win Rate: 0.00% | Actor Loss: -2.5092 | Entropy: 1.6874 | Invalid S/B: 0.12/0.00 | Max Load: 4.1 | Load Gap: 1.1 | Group CV: 0.0668
Epoch [1452/2000] | Sampled: 357.75 | Baseline: 313.00 | Improvement: -44.75 | Win Rate: 0.00% | Actor Loss: -5.0345 | Entropy: 1.6110 | Invalid S/B: 0.00/0.00 | Max Load: 4.1 | Load Gap: 1.1 | Group CV: 0.0225
Epoch [1453/2000] | Sampled: 357.75 | Baseline: 371.50 | Improvement: 13.75 | Win Rate: 87.50% | Actor Loss: -0.4708 | Entropy: 1.6397 | Invalid S/B: 0.00/0.00 | Max Load: 4.0 | Load Gap: 1.0 | Group CV: 0.0194
Epoch [1454/2000] | Sampled: 353.75 | Baseline: 332.00 | Improvement: -21.75 | Win Rate: 0.00% | Actor Loss: -0.7404 | Entropy: 1.6635 | Invalid S/B: 0.00/0.00 | Max Load: 4.0 | Load Gap: 1.0 | Group CV: 0.0200
Epoch [1455/2000] | Sampled: 353.38 | Baseline: 334.00 | Improvement: -19.38 | Win Rate: 12.50% | Actor Loss: 1.6653 | Entropy: 1.6346 | Invalid S/B: 0.00/0.00 | Max Load: 4.2 | Load Gap: 1.2 | Group CV: 0.0250
Epoch [1456/2000] | Sampled: 347.50 | Baseline: 346.00 | Improvement: -1.50 | Win Rate: 50.00% | Actor Loss: 7.4250 | Entropy: 1.6201 | Invalid S/B: 0.00/0.00 | Max Load: 4.0 | Load Gap: 1.0 | Group CV: 0.0162
Epoch [1457/2000] | Sampled: 356.75 | Baseline: 374.00 | Improvement: 17.25 | Win Rate: 100.00% | Actor Loss: -2.2795 | Entropy: 1.6089 | Invalid S/B: 0.00/0.00 | Max Load: 4.2 | Load Gap: 1.2 | Group CV: 0.0175
Epoch [1458/2000] | Sampled: 352.38 | Baseline: 309.00 | Improvement: -43.38 | Win Rate: 0.00% | Actor Loss: 2.3206 | Entropy: 1.5858 | Invalid S/B: 0.00/0.00 | Max Load: 4.1 | Load Gap: 1.1 | Group CV: 0.0209
Epoch [1459/2000] | Sampled: 369.75 | Baseline: 340.00 | Improvement: -29.75 | Win Rate: 0.00% | Actor Loss: 2.2619 | Entropy: 1.6475 | Invalid S/B: 0.12/0.00 | Max Load: 4.2 | Load Gap: 1.2 | Group CV: 0.0675
Epoch [1460/2000] | Sampled: 356.50 | Baseline: 375.50 | Improvement: 19.00 | Win Rate: 87.50% | Actor Loss: -3.0830 | Entropy: 1.5371 | Invalid S/B: 0.00/0.00 | Max Load: 4.1 | Load Gap: 1.1 | Group CV: 0.0270
   -> Validation | Samples: 50 | Makespan: 359.14 | Invalid Jobs: 0.04 | Score: 363.14
Epoch [1461/2000] | Sampled: 368.50 | Baseline: 363.00 | Improvement: -5.50 | Win Rate: 62.50% | Actor Loss: 3.8173 | Entropy: 1.5636 | Invalid S/B: 0.12/0.00 | Max Load: 4.4 | Load Gap: 1.4 | Group CV: 0.0607
Epoch [1462/2000] | Sampled: 357.62 | Baseline: 358.00 | Improvement: 0.38 | Win Rate: 50.00% | Actor Loss: -0.5658 | Entropy: 1.6413 | Invalid S/B: 0.00/0.00 | Max Load: 4.6 | Load Gap: 1.6 | Group CV: 0.0151
Epoch [1463/2000] | Sampled: 360.75 | Baseline: 335.00 | Improvement: -25.75 | Win Rate: 0.00% | Actor Loss: 0.3206 | Entropy: 1.6362 | Invalid S/B: 0.12/0.00 | Max Load: 4.1 | Load Gap: 1.1 | Group CV: 0.0638
Epoch [1464/2000] | Sampled: 369.00 | Baseline: 360.00 | Improvement: -9.00 | Win Rate: 25.00% | Actor Loss: 5.2448 | Entropy: 1.5938 | Invalid S/B: 0.12/0.00 | Max Load: 4.1 | Load Gap: 1.1 | Group CV: 0.0359
Epoch [1465/2000] | Sampled: 361.00 | Baseline: 326.50 | Improvement: -34.50 | Win Rate: 0.00% | Actor Loss: -2.3053 | Entropy: 1.6208 | Invalid S/B: 0.00/0.00 | Max Load: 4.1 | Load Gap: 1.1 | Group CV: 0.0123
Epoch [1466/2000] | Sampled: 353.25 | Baseline: 331.00 | Improvement: -22.25 | Win Rate: 25.00% | Actor Loss: 0.1692 | Entropy: 1.6802 | Invalid S/B: 0.00/0.00 | Max Load: 4.1 | Load Gap: 1.1 | Group CV: 0.0258
Epoch [1467/2000] | Sampled: 364.75 | Baseline: 304.50 | Improvement: -60.25 | Win Rate: 0.00% | Actor Loss: 4.6297 | Entropy: 1.7439 | Invalid S/B: 0.25/0.00 | Max Load: 4.0 | Load Gap: 1.0 | Group CV: 0.0824
Epoch [1468/2000] | Sampled: 349.75 | Baseline: 312.00 | Improvement: -37.75 | Win Rate: 25.00% | Actor Loss: 2.7228 | Entropy: 1.7757 | Invalid S/B: 0.12/0.00 | Max Load: 4.1 | Load Gap: 1.1 | Group CV: 0.0446
Epoch [1469/2000] | Sampled: 350.88 | Baseline: 309.00 | Improvement: -41.88 | Win Rate: 0.00% | Actor Loss: 0.1802 | Entropy: 1.7677 | Invalid S/B: 0.00/0.00 | Max Load: 4.2 | Load Gap: 1.2 | Group CV: 0.0150
Epoch [1470/2000] | Sampled: 354.88 | Baseline: 301.00 | Improvement: -53.88 | Win Rate: 0.00% | Actor Loss: -1.2882 | Entropy: 1.7325 | Invalid S/B: 0.00/0.00 | Max Load: 4.5 | Load Gap: 1.5 | Group CV: 0.0204
   -> Validation | Samples: 50 | Makespan: 358.26 | Invalid Jobs: 0.04 | Score: 362.26
Epoch [1471/2000] | Sampled: 377.50 | Baseline: 355.50 | Improvement: -22.00 | Win Rate: 12.50% | Actor Loss: -0.9542 | Entropy: 1.8159 | Invalid S/B: 0.12/0.00 | Max Load: 4.2 | Load Gap: 1.2 | Group CV: 0.0531
Epoch [1472/2000] | Sampled: 371.25 | Baseline: 325.50 | Improvement: -45.75 | Win Rate: 0.00% | Actor Loss: -3.7773 | Entropy: 1.8162 | Invalid S/B: 0.12/0.00 | Max Load: 4.5 | Load Gap: 1.5 | Group CV: 0.0470
Epoch [1473/2000] | Sampled: 381.88 | Baseline: 388.00 | Improvement: 6.12 | Win Rate: 50.00% | Actor Loss: -2.6339 | Entropy: 1.7868 | Invalid S/B: 0.00/0.00 | Max Load: 4.4 | Load Gap: 1.4 | Group CV: 0.0291
Epoch [1474/2000] | Sampled: 366.12 | Baseline: 325.00 | Improvement: -41.12 | Win Rate: 0.00% | Actor Loss: 0.4086 | Entropy: 1.8373 | Invalid S/B: 0.25/0.00 | Max Load: 4.0 | Load Gap: 1.0 | Group CV: 0.0528
Epoch [1475/2000] | Sampled: 365.38 | Baseline: 337.50 | Improvement: -27.88 | Win Rate: 25.00% | Actor Loss: 4.8917 | Entropy: 1.9641 | Invalid S/B: 0.12/0.00 | Max Load: 4.0 | Load Gap: 1.0 | Group CV: 0.0855
Epoch [1476/2000] | Sampled: 364.12 | Baseline: 330.50 | Improvement: -33.62 | Win Rate: 0.00% | Actor Loss: -0.6696 | Entropy: 2.0474 | Invalid S/B: 0.25/0.00 | Max Load: 4.4 | Load Gap: 1.4 | Group CV: 0.0544
Epoch [1477/2000] | Sampled: 364.25 | Baseline: 346.50 | Improvement: -17.75 | Win Rate: 50.00% | Actor Loss: 4.8212 | Entropy: 2.0252 | Invalid S/B: 0.00/0.00 | Max Load: 4.1 | Load Gap: 1.1 | Group CV: 0.0131
Epoch [1478/2000] | Sampled: 361.38 | Baseline: 305.00 | Improvement: -56.38 | Win Rate: 0.00% | Actor Loss: -1.8999 | Entropy: 1.9902 | Invalid S/B: 0.00/0.00 | Max Load: 4.4 | Load Gap: 1.4 | Group CV: 0.0131
Epoch [1479/2000] | Sampled: 352.50 | Baseline: 331.00 | Improvement: -21.50 | Win Rate: 37.50% | Actor Loss: -0.9423 | Entropy: 2.0530 | Invalid S/B: 0.00/0.00 | Max Load: 4.2 | Load Gap: 1.2 | Group CV: 0.0227
Epoch [1480/2000] | Sampled: 353.38 | Baseline: 296.50 | Improvement: -56.88 | Win Rate: 0.00% | Actor Loss: 0.6066 | Entropy: 2.0896 | Invalid S/B: 0.00/0.00 | Max Load: 4.2 | Load Gap: 1.2 | Group CV: 0.0237
   -> Validation | Samples: 50 | Makespan: 354.80 | Invalid Jobs: 0.02 | Score: 356.80
Epoch [1481/2000] | Sampled: 353.25 | Baseline: 327.50 | Improvement: -25.75 | Win Rate: 25.00% | Actor Loss: 13.2039 | Entropy: 2.0642 | Invalid S/B: 0.00/0.00 | Max Load: 4.1 | Load Gap: 1.2 | Group CV: 0.0251
Epoch [1482/2000] | Sampled: 362.50 | Baseline: 302.50 | Improvement: -60.00 | Win Rate: 0.00% | Actor Loss: -5.5180 | Entropy: 2.1476 | Invalid S/B: 0.00/0.00 | Max Load: 4.2 | Load Gap: 1.4 | Group CV: 0.0209
Epoch [1483/2000] | Sampled: 361.50 | Baseline: 350.00 | Improvement: -11.50 | Win Rate: 50.00% | Actor Loss: 1.6565 | Entropy: 2.2106 | Invalid S/B: 0.12/0.00 | Max Load: 4.5 | Load Gap: 1.5 | Group CV: 0.0320
Epoch [1484/2000] | Sampled: 368.50 | Baseline: 321.50 | Improvement: -47.00 | Win Rate: 0.00% | Actor Loss: -4.7751 | Entropy: 2.1378 | Invalid S/B: 0.12/0.00 | Max Load: 4.2 | Load Gap: 1.2 | Group CV: 0.0263
Epoch [1485/2000] | Sampled: 354.50 | Baseline: 328.50 | Improvement: -26.00 | Win Rate: 12.50% | Actor Loss: -9.5685 | Entropy: 2.2978 | Invalid S/B: 0.00/0.00 | Max Load: 4.5 | Load Gap: 1.5 | Group CV: 0.0206
Epoch [1486/2000] | Sampled: 368.75 | Baseline: 318.50 | Improvement: -50.25 | Win Rate: 0.00% | Actor Loss: 1.1621 | Entropy: 2.1638 | Invalid S/B: 0.12/0.00 | Max Load: 4.5 | Load Gap: 1.5 | Group CV: 0.0433
Epoch [1487/2000] | Sampled: 390.38 | Baseline: 359.50 | Improvement: -30.88 | Win Rate: 0.00% | Actor Loss: 3.4025 | Entropy: 2.1440 | Invalid S/B: 0.38/0.00 | Max Load: 4.6 | Load Gap: 1.6 | Group CV: 0.0366
Epoch [1488/2000] | Sampled: 368.50 | Baseline: 350.50 | Improvement: -18.00 | Win Rate: 37.50% | Actor Loss: 4.6992 | Entropy: 2.2585 | Invalid S/B: 0.00/0.00 | Max Load: 4.5 | Load Gap: 1.5 | Group CV: 0.0217
Epoch [1489/2000] | Sampled: 374.62 | Baseline: 296.50 | Improvement: -78.12 | Win Rate: 0.00% | Actor Loss: 3.1382 | Entropy: 2.2471 | Invalid S/B: 0.62/0.00 | Max Load: 4.5 | Load Gap: 1.5 | Group CV: 0.0517
Epoch [1490/2000] | Sampled: 403.00 | Baseline: 372.50 | Improvement: -30.50 | Win Rate: 25.00% | Actor Loss: 2.8198 | Entropy: 2.2743 | Invalid S/B: 0.38/0.00 | Max Load: 4.6 | Load Gap: 1.6 | Group CV: 0.0504
   -> Validation | Samples: 50 | Makespan: 353.84 | Invalid Jobs: 0.02 | Score: 355.84
Epoch [1491/2000] | Sampled: 355.25 | Baseline: 324.50 | Improvement: -30.75 | Win Rate: 25.00% | Actor Loss: 2.9707 | Entropy: 2.3018 | Invalid S/B: 0.12/0.00 | Max Load: 4.5 | Load Gap: 1.5 | Group CV: 0.0482
Epoch [1492/2000] | Sampled: 368.38 | Baseline: 343.50 | Improvement: -24.88 | Win Rate: 37.50% | Actor Loss: 4.6753 | Entropy: 2.3286 | Invalid S/B: 0.25/0.00 | Max Load: 4.5 | Load Gap: 1.5 | Group CV: 0.0584
Epoch [1493/2000] | Sampled: 396.38 | Baseline: 353.00 | Improvement: -43.38 | Win Rate: 0.00% | Actor Loss: -0.6351 | Entropy: 2.3630 | Invalid S/B: 0.38/0.00 | Max Load: 4.6 | Load Gap: 1.6 | Group CV: 0.0549
Epoch [1494/2000] | Sampled: 364.88 | Baseline: 324.50 | Improvement: -40.38 | Win Rate: 37.50% | Actor Loss: 0.7660 | Entropy: 2.3981 | Invalid S/B: 0.12/0.00 | Max Load: 4.8 | Load Gap: 1.8 | Group CV: 0.0499
Epoch [1495/2000] | Sampled: 374.12 | Baseline: 342.50 | Improvement: -31.62 | Win Rate: 0.00% | Actor Loss: -0.0104 | Entropy: 2.5915 | Invalid S/B: 0.38/0.00 | Max Load: 4.8 | Load Gap: 1.8 | Group CV: 0.0512
Epoch [1496/2000] | Sampled: 367.25 | Baseline: 314.50 | Improvement: -52.75 | Win Rate: 0.00% | Actor Loss: -2.2358 | Entropy: 2.5797 | Invalid S/B: 0.25/0.00 | Max Load: 4.5 | Load Gap: 1.5 | Group CV: 0.0561
Epoch [1497/2000] | Sampled: 382.00 | Baseline: 340.00 | Improvement: -42.00 | Win Rate: 0.00% | Actor Loss: -6.6287 | Entropy: 2.5581 | Invalid S/B: 0.25/0.00 | Max Load: 5.2 | Load Gap: 2.4 | Group CV: 0.0475
Epoch [1498/2000] | Sampled: 392.88 | Baseline: 338.50 | Improvement: -54.38 | Win Rate: 12.50% | Actor Loss: 0.7671 | Entropy: 2.6091 | Invalid S/B: 0.62/0.00 | Max Load: 4.6 | Load Gap: 1.6 | Group CV: 0.0722
Epoch [1499/2000] | Sampled: 369.75 | Baseline: 329.50 | Improvement: -40.25 | Win Rate: 0.00% | Actor Loss: 1.0257 | Entropy: 2.6306 | Invalid S/B: 0.12/0.00 | Max Load: 4.6 | Load Gap: 1.6 | Group CV: 0.0257
Epoch [1500/2000] | Sampled: 377.38 | Baseline: 348.00 | Improvement: -29.38 | Win Rate: 50.00% | Actor Loss: 8.8246 | Entropy: 2.6204 | Invalid S/B: 0.12/0.00 | Max Load: 4.9 | Load Gap: 1.9 | Group CV: 0.0512
   -> Validation | Samples: 50 | Makespan: 352.38 | Invalid Jobs: 0.00 | Score: 352.38
   -> Saved updated training chart to /home/wei/Desktop/AMR-DFJSP/Static_alogorithm/Attention/attention_training_metrics.png
Epoch [1501/2000] | Sampled: 359.50 | Baseline: 352.00 | Improvement: -7.50 | Win Rate: 37.50% | Actor Loss: 0.1067 | Entropy: 2.6407 | Invalid S/B: 0.00/0.50 | Max Load: 4.8 | Load Gap: 1.8 | Group CV: 0.0258
Epoch [1502/2000] | Sampled: 369.62 | Baseline: 370.50 | Improvement: 0.88 | Win Rate: 50.00% | Actor Loss: -2.3281 | Entropy: 2.6701 | Invalid S/B: 0.50/0.00 | Max Load: 5.0 | Load Gap: 2.0 | Group CV: 0.0644
Epoch [1503/2000] | Sampled: 378.00 | Baseline: 351.50 | Improvement: -26.50 | Win Rate: 12.50% | Actor Loss: -0.6343 | Entropy: 2.6840 | Invalid S/B: 0.38/0.00 | Max Load: 4.9 | Load Gap: 1.9 | Group CV: 0.0872
Epoch [1504/2000] | Sampled: 375.62 | Baseline: 304.00 | Improvement: -71.62 | Win Rate: 0.00% | Actor Loss: -3.0764 | Entropy: 2.7307 | Invalid S/B: 0.38/0.00 | Max Load: 4.9 | Load Gap: 1.9 | Group CV: 0.0770
Epoch [1505/2000] | Sampled: 365.25 | Baseline: 340.50 | Improvement: -24.75 | Win Rate: 50.00% | Actor Loss: -4.4021 | Entropy: 2.7578 | Invalid S/B: 0.12/0.00 | Max Load: 5.0 | Load Gap: 2.0 | Group CV: 0.0473
Epoch [1506/2000] | Sampled: 377.38 | Baseline: 331.00 | Improvement: -46.38 | Win Rate: 0.00% | Actor Loss: 2.3545 | Entropy: 2.6737 | Invalid S/B: 0.12/0.00 | Max Load: 4.9 | Load Gap: 1.9 | Group CV: 0.0460
Epoch [1507/2000] | Sampled: 357.38 | Baseline: 328.00 | Improvement: -29.38 | Win Rate: 25.00% | Actor Loss: 6.5205 | Entropy: 2.6713 | Invalid S/B: 0.12/0.00 | Max Load: 4.8 | Load Gap: 1.8 | Group CV: 0.0275
Epoch [1508/2000] | Sampled: 397.62 | Baseline: 356.00 | Improvement: -41.62 | Win Rate: 12.50% | Actor Loss: -3.3012 | Entropy: 2.5221 | Invalid S/B: 0.75/0.00 | Max Load: 4.8 | Load Gap: 1.8 | Group CV: 0.0540
Epoch [1509/2000] | Sampled: 392.12 | Baseline: 334.50 | Improvement: -57.62 | Win Rate: 0.00% | Actor Loss: -1.8494 | Entropy: 2.5672 | Invalid S/B: 0.38/0.00 | Max Load: 4.9 | Load Gap: 1.9 | Group CV: 0.0674
Epoch [1510/2000] | Sampled: 377.12 | Baseline: 357.00 | Improvement: -20.12 | Win Rate: 25.00% | Actor Loss: 0.6553 | Entropy: 2.6408 | Invalid S/B: 0.25/0.00 | Max Load: 4.8 | Load Gap: 1.8 | Group CV: 0.0586
   -> Validation | Samples: 50 | Makespan: 350.50 | Invalid Jobs: 0.00 | Score: 350.50
Epoch [1511/2000] | Sampled: 366.25 | Baseline: 322.50 | Improvement: -43.75 | Win Rate: 0.00% | Actor Loss: -2.5445 | Entropy: 2.6245 | Invalid S/B: 0.00/0.00 | Max Load: 4.8 | Load Gap: 1.8 | Group CV: 0.0436
Epoch [1512/2000] | Sampled: 371.12 | Baseline: 367.50 | Improvement: -3.62 | Win Rate: 50.00% | Actor Loss: -2.0078 | Entropy: 2.6493 | Invalid S/B: 0.12/0.00 | Max Load: 4.9 | Load Gap: 1.9 | Group CV: 0.0459
Epoch [1513/2000] | Sampled: 365.50 | Baseline: 339.50 | Improvement: -26.00 | Win Rate: 0.00% | Actor Loss: -4.9873 | Entropy: 2.6512 | Invalid S/B: 0.00/0.00 | Max Load: 4.6 | Load Gap: 1.6 | Group CV: 0.0330
Epoch [1514/2000] | Sampled: 377.50 | Baseline: 317.00 | Improvement: -60.50 | Win Rate: 0.00% | Actor Loss: 1.4303 | Entropy: 2.6175 | Invalid S/B: 0.25/0.00 | Max Load: 4.8 | Load Gap: 1.8 | Group CV: 0.0356
Epoch [1515/2000] | Sampled: 375.62 | Baseline: 374.00 | Improvement: -1.62 | Win Rate: 50.00% | Actor Loss: -3.8572 | Entropy: 2.6077 | Invalid S/B: 0.38/0.00 | Max Load: 4.8 | Load Gap: 1.8 | Group CV: 0.0521
Epoch [1516/2000] | Sampled: 369.75 | Baseline: 315.50 | Improvement: -54.25 | Win Rate: 0.00% | Actor Loss: 4.2782 | Entropy: 2.5849 | Invalid S/B: 0.12/0.00 | Max Load: 4.8 | Load Gap: 1.8 | Group CV: 0.0430
Epoch [1517/2000] | Sampled: 360.38 | Baseline: 330.50 | Improvement: -29.88 | Win Rate: 0.00% | Actor Loss: -2.0306 | Entropy: 2.5514 | Invalid S/B: 0.00/0.00 | Max Load: 5.0 | Load Gap: 2.1 | Group CV: 0.0201
Epoch [1518/2000] | Sampled: 378.50 | Baseline: 334.50 | Improvement: -44.00 | Win Rate: 0.00% | Actor Loss: 5.2212 | Entropy: 2.6471 | Invalid S/B: 0.25/0.00 | Max Load: 4.6 | Load Gap: 1.6 | Group CV: 0.0757
Epoch [1519/2000] | Sampled: 384.12 | Baseline: 354.00 | Improvement: -30.12 | Win Rate: 12.50% | Actor Loss: -1.1198 | Entropy: 2.6103 | Invalid S/B: 0.38/0.00 | Max Load: 4.6 | Load Gap: 1.6 | Group CV: 0.0818
Epoch [1520/2000] | Sampled: 359.12 | Baseline: 345.00 | Improvement: -14.12 | Win Rate: 37.50% | Actor Loss: 3.6831 | Entropy: 2.5681 | Invalid S/B: 0.00/0.00 | Max Load: 4.9 | Load Gap: 1.9 | Group CV: 0.0213
   -> Validation | Samples: 50 | Makespan: 351.50 | Invalid Jobs: 0.00 | Score: 351.50
Epoch [1521/2000] | Sampled: 348.50 | Baseline: 321.00 | Improvement: -27.50 | Win Rate: 0.00% | Actor Loss: 2.3982 | Entropy: 2.4960 | Invalid S/B: 0.00/0.00 | Max Load: 4.8 | Load Gap: 1.8 | Group CV: 0.0239
Epoch [1522/2000] | Sampled: 374.00 | Baseline: 321.50 | Improvement: -52.50 | Win Rate: 0.00% | Actor Loss: -1.2174 | Entropy: 2.4459 | Invalid S/B: 0.12/0.00 | Max Load: 4.6 | Load Gap: 1.6 | Group CV: 0.0492
Epoch [1523/2000] | Sampled: 386.38 | Baseline: 350.00 | Improvement: -36.38 | Win Rate: 0.00% | Actor Loss: 5.3989 | Entropy: 2.4071 | Invalid S/B: 0.00/0.00 | Max Load: 4.8 | Load Gap: 1.9 | Group CV: 0.0262
Epoch [1524/2000] | Sampled: 356.38 | Baseline: 331.50 | Improvement: -24.88 | Win Rate: 0.00% | Actor Loss: 0.8294 | Entropy: 2.5493 | Invalid S/B: 0.12/0.00 | Max Load: 4.5 | Load Gap: 1.5 | Group CV: 0.0533
Epoch [1525/2000] | Sampled: 368.12 | Baseline: 345.50 | Improvement: -22.62 | Win Rate: 50.00% | Actor Loss: 2.6864 | Entropy: 2.4623 | Invalid S/B: 0.00/0.00 | Max Load: 4.6 | Load Gap: 1.6 | Group CV: 0.0236
Epoch [1526/2000] | Sampled: 386.12 | Baseline: 378.00 | Improvement: -8.12 | Win Rate: 37.50% | Actor Loss: -8.5890 | Entropy: 2.4097 | Invalid S/B: 0.38/0.50 | Max Load: 4.5 | Load Gap: 1.5 | Group CV: 0.0648
Epoch [1527/2000] | Sampled: 352.38 | Baseline: 309.50 | Improvement: -42.88 | Win Rate: 0.00% | Actor Loss: 3.3825 | Entropy: 2.3728 | Invalid S/B: 0.00/0.00 | Max Load: 4.5 | Load Gap: 1.5 | Group CV: 0.0126
Epoch [1528/2000] | Sampled: 376.38 | Baseline: 344.50 | Improvement: -31.88 | Win Rate: 25.00% | Actor Loss: -4.9460 | Entropy: 2.3899 | Invalid S/B: 0.25/0.00 | Max Load: 4.5 | Load Gap: 1.5 | Group CV: 0.0631
Epoch [1529/2000] | Sampled: 374.62 | Baseline: 346.00 | Improvement: -28.62 | Win Rate: 37.50% | Actor Loss: 3.1991 | Entropy: 2.3540 | Invalid S/B: 0.38/0.50 | Max Load: 4.8 | Load Gap: 1.8 | Group CV: 0.1135
Epoch [1530/2000] | Sampled: 373.38 | Baseline: 312.50 | Improvement: -60.88 | Win Rate: 0.00% | Actor Loss: -2.1730 | Entropy: 2.2728 | Invalid S/B: 0.25/0.00 | Max Load: 4.8 | Load Gap: 1.8 | Group CV: 0.0540
   -> Validation | Samples: 50 | Makespan: 354.42 | Invalid Jobs: 0.02 | Score: 356.42
Epoch [1531/2000] | Sampled: 395.25 | Baseline: 342.50 | Improvement: -52.75 | Win Rate: 0.00% | Actor Loss: 1.9537 | Entropy: 2.2972 | Invalid S/B: 0.50/0.00 | Max Load: 4.8 | Load Gap: 1.8 | Group CV: 0.0946
Epoch [1532/2000] | Sampled: 372.00 | Baseline: 331.50 | Improvement: -40.50 | Win Rate: 0.00% | Actor Loss: -3.1006 | Entropy: 2.1297 | Invalid S/B: 0.38/0.00 | Max Load: 4.5 | Load Gap: 1.5 | Group CV: 0.0440
Epoch [1533/2000] | Sampled: 363.00 | Baseline: 329.00 | Improvement: -34.00 | Win Rate: 0.00% | Actor Loss: 5.0376 | Entropy: 2.1887 | Invalid S/B: 0.12/0.00 | Max Load: 4.6 | Load Gap: 1.6 | Group CV: 0.0481
Epoch [1534/2000] | Sampled: 373.62 | Baseline: 355.50 | Improvement: -18.12 | Win Rate: 25.00% | Actor Loss: 3.3891 | Entropy: 2.0903 | Invalid S/B: 0.25/0.00 | Max Load: 4.6 | Load Gap: 1.6 | Group CV: 0.0436
Epoch [1535/2000] | Sampled: 380.62 | Baseline: 336.00 | Improvement: -44.62 | Win Rate: 0.00% | Actor Loss: -4.0547 | Entropy: 2.0928 | Invalid S/B: 0.25/0.00 | Max Load: 4.8 | Load Gap: 1.8 | Group CV: 0.0756
Epoch [1536/2000] | Sampled: 363.75 | Baseline: 353.50 | Improvement: -10.25 | Win Rate: 50.00% | Actor Loss: -0.7219 | Entropy: 2.1512 | Invalid S/B: 0.00/0.00 | Max Load: 4.8 | Load Gap: 1.8 | Group CV: 0.0325
Epoch [1537/2000] | Sampled: 363.38 | Baseline: 342.50 | Improvement: -20.88 | Win Rate: 12.50% | Actor Loss: 7.1487 | Entropy: 2.0989 | Invalid S/B: 0.00/0.00 | Max Load: 4.8 | Load Gap: 1.8 | Group CV: 0.0252
Epoch [1538/2000] | Sampled: 361.12 | Baseline: 346.50 | Improvement: -14.62 | Win Rate: 12.50% | Actor Loss: 3.5501 | Entropy: 2.0860 | Invalid S/B: 0.00/0.00 | Max Load: 4.2 | Load Gap: 1.2 | Group CV: 0.0191
Epoch [1539/2000] | Sampled: 354.00 | Baseline: 334.00 | Improvement: -20.00 | Win Rate: 37.50% | Actor Loss: 2.0708 | Entropy: 2.1823 | Invalid S/B: 0.12/0.00 | Max Load: 4.4 | Load Gap: 1.4 | Group CV: 0.0461
Epoch [1540/2000] | Sampled: 368.62 | Baseline: 367.50 | Improvement: -1.12 | Win Rate: 62.50% | Actor Loss: -0.1457 | Entropy: 2.1656 | Invalid S/B: 0.12/0.00 | Max Load: 4.4 | Load Gap: 1.4 | Group CV: 0.0483
   -> Validation | Samples: 50 | Makespan: 360.92 | Invalid Jobs: 0.06 | Score: 366.92
Epoch [1541/2000] | Sampled: 367.25 | Baseline: 336.50 | Improvement: -30.75 | Win Rate: 0.00% | Actor Loss: 8.2489 | Entropy: 2.0825 | Invalid S/B: 0.12/0.00 | Max Load: 4.6 | Load Gap: 1.6 | Group CV: 0.0283
Epoch [1542/2000] | Sampled: 363.75 | Baseline: 346.50 | Improvement: -17.25 | Win Rate: 0.00% | Actor Loss: 3.6725 | Entropy: 2.1715 | Invalid S/B: 0.00/0.00 | Max Load: 4.5 | Load Gap: 1.5 | Group CV: 0.0131
Epoch [1543/2000] | Sampled: 371.00 | Baseline: 341.50 | Improvement: -29.50 | Win Rate: 12.50% | Actor Loss: 2.2050 | Entropy: 2.1508 | Invalid S/B: 0.25/0.00 | Max Load: 4.4 | Load Gap: 1.4 | Group CV: 0.0564
Epoch [1544/2000] | Sampled: 356.88 | Baseline: 314.50 | Improvement: -42.38 | Win Rate: 0.00% | Actor Loss: 7.6354 | Entropy: 2.1779 | Invalid S/B: 0.00/0.00 | Max Load: 4.5 | Load Gap: 1.5 | Group CV: 0.0339
Epoch [1545/2000] | Sampled: 362.38 | Baseline: 372.50 | Improvement: 10.12 | Win Rate: 50.00% | Actor Loss: -4.0503 | Entropy: 2.1132 | Invalid S/B: 0.00/0.00 | Max Load: 4.6 | Load Gap: 1.6 | Group CV: 0.0240
Epoch [1546/2000] | Sampled: 346.75 | Baseline: 304.00 | Improvement: -42.75 | Win Rate: 0.00% | Actor Loss: 1.8118 | Entropy: 2.2492 | Invalid S/B: 0.00/0.00 | Max Load: 4.4 | Load Gap: 1.4 | Group CV: 0.0175
Epoch [1547/2000] | Sampled: 355.00 | Baseline: 312.00 | Improvement: -43.00 | Win Rate: 0.00% | Actor Loss: 0.0314 | Entropy: 2.1894 | Invalid S/B: 0.00/0.00 | Max Load: 4.9 | Load Gap: 1.9 | Group CV: 0.0181
Epoch [1548/2000] | Sampled: 374.75 | Baseline: 322.50 | Improvement: -52.25 | Win Rate: 0.00% | Actor Loss: 1.1732 | Entropy: 2.1287 | Invalid S/B: 0.12/0.00 | Max Load: 4.2 | Load Gap: 1.2 | Group CV: 0.0475
Epoch [1549/2000] | Sampled: 347.38 | Baseline: 332.50 | Improvement: -14.88 | Win Rate: 37.50% | Actor Loss: -1.0773 | Entropy: 2.2575 | Invalid S/B: 0.00/0.00 | Max Load: 4.5 | Load Gap: 1.5 | Group CV: 0.0267
Epoch [1550/2000] | Sampled: 356.12 | Baseline: 311.00 | Improvement: -45.12 | Win Rate: 12.50% | Actor Loss: -0.4428 | Entropy: 2.3696 | Invalid S/B: 0.12/0.00 | Max Load: 4.8 | Load Gap: 1.8 | Group CV: 0.0647
   -> Validation | Samples: 50 | Makespan: 354.38 | Invalid Jobs: 0.04 | Score: 358.38
Epoch [1551/2000] | Sampled: 361.62 | Baseline: 307.00 | Improvement: -54.62 | Win Rate: 0.00% | Actor Loss: 5.3939 | Entropy: 2.3027 | Invalid S/B: 0.12/0.00 | Max Load: 4.5 | Load Gap: 1.5 | Group CV: 0.0637
Epoch [1552/2000] | Sampled: 360.12 | Baseline: 356.50 | Improvement: -3.62 | Win Rate: 50.00% | Actor Loss: 2.4425 | Entropy: 2.2860 | Invalid S/B: 0.00/0.00 | Max Load: 4.9 | Load Gap: 1.9 | Group CV: 0.0140
Epoch [1553/2000] | Sampled: 375.00 | Baseline: 371.50 | Improvement: -3.50 | Win Rate: 50.00% | Actor Loss: -3.2391 | Entropy: 2.2920 | Invalid S/B: 0.00/0.00 | Max Load: 4.9 | Load Gap: 1.9 | Group CV: 0.0166
Epoch [1554/2000] | Sampled: 352.62 | Baseline: 297.50 | Improvement: -55.12 | Win Rate: 0.00% | Actor Loss: -2.8919 | Entropy: 2.3627 | Invalid S/B: 0.00/0.00 | Max Load: 4.5 | Load Gap: 1.5 | Group CV: 0.0228
Epoch [1555/2000] | Sampled: 379.25 | Baseline: 355.00 | Improvement: -24.25 | Win Rate: 12.50% | Actor Loss: 5.3128 | Entropy: 2.3167 | Invalid S/B: 0.12/0.00 | Max Load: 4.6 | Load Gap: 1.6 | Group CV: 0.0423
Epoch [1556/2000] | Sampled: 352.50 | Baseline: 327.00 | Improvement: -25.50 | Win Rate: 25.00% | Actor Loss: 2.4742 | Entropy: 2.4345 | Invalid S/B: 0.00/0.00 | Max Load: 4.6 | Load Gap: 1.6 | Group CV: 0.0150
Epoch [1557/2000] | Sampled: 356.38 | Baseline: 299.00 | Improvement: -57.38 | Win Rate: 0.00% | Actor Loss: 1.7543 | Entropy: 2.3503 | Invalid S/B: 0.00/0.00 | Max Load: 4.6 | Load Gap: 1.6 | Group CV: 0.0341
Epoch [1558/2000] | Sampled: 381.38 | Baseline: 363.00 | Improvement: -18.38 | Win Rate: 37.50% | Actor Loss: 0.1456 | Entropy: 2.4351 | Invalid S/B: 0.12/0.00 | Max Load: 4.9 | Load Gap: 1.9 | Group CV: 0.0571
Epoch [1559/2000] | Sampled: 365.38 | Baseline: 327.00 | Improvement: -38.38 | Win Rate: 25.00% | Actor Loss: -0.2799 | Entropy: 2.4139 | Invalid S/B: 0.12/0.00 | Max Load: 4.5 | Load Gap: 1.5 | Group CV: 0.0498
Epoch [1560/2000] | Sampled: 358.75 | Baseline: 321.50 | Improvement: -37.25 | Win Rate: 25.00% | Actor Loss: 0.0069 | Entropy: 2.4763 | Invalid S/B: 0.12/0.50 | Max Load: 4.6 | Load Gap: 1.6 | Group CV: 0.0579
   -> Validation | Samples: 50 | Makespan: 355.42 | Invalid Jobs: 0.04 | Score: 359.42
Epoch [1561/2000] | Sampled: 357.38 | Baseline: 363.00 | Improvement: 5.62 | Win Rate: 50.00% | Actor Loss: 4.4971 | Entropy: 2.5173 | Invalid S/B: 0.00/0.00 | Max Load: 4.4 | Load Gap: 1.4 | Group CV: 0.0268
Epoch [1562/2000] | Sampled: 377.38 | Baseline: 337.00 | Improvement: -40.38 | Win Rate: 0.00% | Actor Loss: 1.4729 | Entropy: 2.5164 | Invalid S/B: 0.12/0.00 | Max Load: 4.8 | Load Gap: 1.8 | Group CV: 0.0508
Epoch [1563/2000] | Sampled: 381.88 | Baseline: 337.50 | Improvement: -44.38 | Win Rate: 0.00% | Actor Loss: 0.3945 | Entropy: 2.5543 | Invalid S/B: 0.50/0.00 | Max Load: 4.6 | Load Gap: 1.6 | Group CV: 0.0540
Epoch [1564/2000] | Sampled: 367.00 | Baseline: 364.00 | Improvement: -3.00 | Win Rate: 50.00% | Actor Loss: -3.7340 | Entropy: 2.5681 | Invalid S/B: 0.00/0.00 | Max Load: 4.6 | Load Gap: 1.6 | Group CV: 0.0182
Epoch [1565/2000] | Sampled: 383.25 | Baseline: 337.50 | Improvement: -45.75 | Win Rate: 0.00% | Actor Loss: 2.8005 | Entropy: 2.5772 | Invalid S/B: 0.25/0.00 | Max Load: 4.5 | Load Gap: 1.5 | Group CV: 0.0669
Epoch [1566/2000] | Sampled: 360.12 | Baseline: 313.50 | Improvement: -46.62 | Win Rate: 0.00% | Actor Loss: -2.3023 | Entropy: 2.6458 | Invalid S/B: 0.12/0.00 | Max Load: 4.5 | Load Gap: 1.5 | Group CV: 0.0510
Epoch [1567/2000] | Sampled: 367.25 | Baseline: 343.00 | Improvement: -24.25 | Win Rate: 25.00% | Actor Loss: 3.9458 | Entropy: 2.6395 | Invalid S/B: 0.25/0.00 | Max Load: 4.5 | Load Gap: 1.5 | Group CV: 0.0522
Epoch [1568/2000] | Sampled: 353.25 | Baseline: 324.00 | Improvement: -29.25 | Win Rate: 0.00% | Actor Loss: 1.4262 | Entropy: 2.6702 | Invalid S/B: 0.00/0.00 | Max Load: 4.8 | Load Gap: 1.8 | Group CV: 0.0305
Epoch [1569/2000] | Sampled: 374.25 | Baseline: 317.00 | Improvement: -57.25 | Win Rate: 0.00% | Actor Loss: 3.4440 | Entropy: 2.6584 | Invalid S/B: 0.25/0.00 | Max Load: 5.0 | Load Gap: 2.0 | Group CV: 0.0500
Epoch [1570/2000] | Sampled: 363.25 | Baseline: 303.00 | Improvement: -60.25 | Win Rate: 0.00% | Actor Loss: 2.0657 | Entropy: 2.6703 | Invalid S/B: 0.25/0.00 | Max Load: 5.0 | Load Gap: 2.0 | Group CV: 0.0643
   -> Validation | Samples: 50 | Makespan: 358.76 | Invalid Jobs: 0.04 | Score: 362.76
Epoch [1571/2000] | Sampled: 375.88 | Baseline: 313.00 | Improvement: -62.88 | Win Rate: 0.00% | Actor Loss: -2.1673 | Entropy: 2.7070 | Invalid S/B: 0.50/0.00 | Max Load: 4.8 | Load Gap: 1.8 | Group CV: 0.0627
Epoch [1572/2000] | Sampled: 397.62 | Baseline: 373.50 | Improvement: -24.12 | Win Rate: 25.00% | Actor Loss: 2.1191 | Entropy: 2.7564 | Invalid S/B: 0.25/0.00 | Max Load: 5.0 | Load Gap: 2.0 | Group CV: 0.0495
Epoch [1573/2000] | Sampled: 348.62 | Baseline: 316.00 | Improvement: -32.62 | Win Rate: 0.00% | Actor Loss: 2.9792 | Entropy: 2.8404 | Invalid S/B: 0.00/0.00 | Max Load: 5.0 | Load Gap: 2.0 | Group CV: 0.0261
Epoch [1574/2000] | Sampled: 379.12 | Baseline: 356.50 | Improvement: -22.62 | Win Rate: 12.50% | Actor Loss: 5.5510 | Entropy: 2.8466 | Invalid S/B: 0.00/0.00 | Max Load: 4.9 | Load Gap: 1.9 | Group CV: 0.0288
Epoch [1575/2000] | Sampled: 355.62 | Baseline: 330.50 | Improvement: -25.12 | Win Rate: 12.50% | Actor Loss: -5.8363 | Entropy: 2.9300 | Invalid S/B: 0.12/0.00 | Max Load: 5.0 | Load Gap: 2.0 | Group CV: 0.0710
Epoch [1576/2000] | Sampled: 366.75 | Baseline: 347.50 | Improvement: -19.25 | Win Rate: 50.00% | Actor Loss: 5.2749 | Entropy: 2.9402 | Invalid S/B: 0.12/0.00 | Max Load: 5.0 | Load Gap: 2.0 | Group CV: 0.0538
Epoch [1577/2000] | Sampled: 384.75 | Baseline: 320.00 | Improvement: -64.75 | Win Rate: 0.00% | Actor Loss: -0.2603 | Entropy: 2.9438 | Invalid S/B: 0.62/0.00 | Max Load: 4.9 | Load Gap: 1.9 | Group CV: 0.0912
Epoch [1578/2000] | Sampled: 362.25 | Baseline: 314.50 | Improvement: -47.75 | Win Rate: 12.50% | Actor Loss: -0.3798 | Entropy: 3.0131 | Invalid S/B: 0.12/0.00 | Max Load: 4.9 | Load Gap: 1.9 | Group CV: 0.0543
Epoch [1579/2000] | Sampled: 368.00 | Baseline: 343.50 | Improvement: -24.50 | Win Rate: 25.00% | Actor Loss: -1.2412 | Entropy: 2.9665 | Invalid S/B: 0.38/0.00 | Max Load: 5.0 | Load Gap: 2.0 | Group CV: 0.0672
Epoch [1580/2000] | Sampled: 360.88 | Baseline: 301.00 | Improvement: -59.88 | Win Rate: 0.00% | Actor Loss: 1.6091 | Entropy: 2.9288 | Invalid S/B: 0.25/0.00 | Max Load: 4.9 | Load Gap: 2.0 | Group CV: 0.0484
   -> Validation | Samples: 50 | Makespan: 360.44 | Invalid Jobs: 0.06 | Score: 366.44
Epoch [1581/2000] | Sampled: 364.38 | Baseline: 340.50 | Improvement: -23.88 | Win Rate: 25.00% | Actor Loss: -7.0323 | Entropy: 2.9774 | Invalid S/B: 0.12/0.00 | Max Load: 5.0 | Load Gap: 2.0 | Group CV: 0.0566
Epoch [1582/2000] | Sampled: 411.25 | Baseline: 356.50 | Improvement: -54.75 | Win Rate: 12.50% | Actor Loss: -3.8862 | Entropy: 2.9912 | Invalid S/B: 1.25/0.00 | Max Load: 5.1 | Load Gap: 2.2 | Group CV: 0.1094
Epoch [1583/2000] | Sampled: 396.75 | Baseline: 387.50 | Improvement: -9.25 | Win Rate: 62.50% | Actor Loss: 3.2820 | Entropy: 2.9519 | Invalid S/B: 0.75/0.00 | Max Load: 5.0 | Load Gap: 2.0 | Group CV: 0.1046
Epoch [1584/2000] | Sampled: 390.62 | Baseline: 331.50 | Improvement: -59.12 | Win Rate: 12.50% | Actor Loss: -0.1670 | Entropy: 2.9598 | Invalid S/B: 0.75/0.00 | Max Load: 4.8 | Load Gap: 1.8 | Group CV: 0.0978
Epoch [1585/2000] | Sampled: 367.00 | Baseline: 307.50 | Improvement: -59.50 | Win Rate: 0.00% | Actor Loss: 5.0600 | Entropy: 2.9157 | Invalid S/B: 0.12/0.00 | Max Load: 5.0 | Load Gap: 2.0 | Group CV: 0.0668
Epoch [1586/2000] | Sampled: 441.12 | Baseline: 439.50 | Improvement: -1.62 | Win Rate: 50.00% | Actor Loss: 1.5941 | Entropy: 2.9295 | Invalid S/B: 1.12/0.00 | Max Load: 5.0 | Load Gap: 2.1 | Group CV: 0.0991
Epoch [1587/2000] | Sampled: 402.38 | Baseline: 314.00 | Improvement: -88.38 | Win Rate: 0.00% | Actor Loss: 2.9775 | Entropy: 2.9493 | Invalid S/B: 0.62/0.00 | Max Load: 5.0 | Load Gap: 2.0 | Group CV: 0.1123
Epoch [1588/2000] | Sampled: 365.50 | Baseline: 324.00 | Improvement: -41.50 | Win Rate: 0.00% | Actor Loss: 1.6568 | Entropy: 2.9627 | Invalid S/B: 0.38/0.00 | Max Load: 4.9 | Load Gap: 2.0 | Group CV: 0.0838
Epoch [1589/2000] | Sampled: 409.50 | Baseline: 325.00 | Improvement: -84.50 | Win Rate: 0.00% | Actor Loss: -2.6204 | Entropy: 2.8818 | Invalid S/B: 0.88/0.00 | Max Load: 4.6 | Load Gap: 1.6 | Group CV: 0.1125
Epoch [1590/2000] | Sampled: 367.25 | Baseline: 320.00 | Improvement: -47.25 | Win Rate: 0.00% | Actor Loss: 1.0622 | Entropy: 2.8789 | Invalid S/B: 0.12/0.00 | Max Load: 4.8 | Load Gap: 1.8 | Group CV: 0.0473
   -> Validation | Samples: 50 | Makespan: 358.56 | Invalid Jobs: 0.02 | Score: 360.56
Epoch [1591/2000] | Sampled: 381.25 | Baseline: 327.50 | Improvement: -53.75 | Win Rate: 0.00% | Actor Loss: -6.1098 | Entropy: 2.8718 | Invalid S/B: 0.50/0.00 | Max Load: 4.9 | Load Gap: 2.0 | Group CV: 0.0795
Epoch [1592/2000] | Sampled: 387.62 | Baseline: 308.00 | Improvement: -79.62 | Win Rate: 0.00% | Actor Loss: 2.2444 | Entropy: 2.8668 | Invalid S/B: 0.50/0.00 | Max Load: 4.9 | Load Gap: 1.9 | Group CV: 0.0899
Epoch [1593/2000] | Sampled: 365.38 | Baseline: 322.50 | Improvement: -42.88 | Win Rate: 0.00% | Actor Loss: -1.3281 | Entropy: 2.9203 | Invalid S/B: 0.25/0.00 | Max Load: 4.9 | Load Gap: 1.9 | Group CV: 0.0743
Epoch [1594/2000] | Sampled: 393.88 | Baseline: 332.50 | Improvement: -61.38 | Win Rate: 0.00% | Actor Loss: -0.1688 | Entropy: 2.8615 | Invalid S/B: 0.62/0.00 | Max Load: 5.0 | Load Gap: 2.1 | Group CV: 0.0780
Epoch [1595/2000] | Sampled: 389.25 | Baseline: 327.00 | Improvement: -62.25 | Win Rate: 0.00% | Actor Loss: -0.4106 | Entropy: 2.8546 | Invalid S/B: 0.50/0.00 | Max Load: 5.0 | Load Gap: 2.0 | Group CV: 0.0759
Epoch [1596/2000] | Sampled: 360.50 | Baseline: 346.00 | Improvement: -14.50 | Win Rate: 25.00% | Actor Loss: 6.6544 | Entropy: 2.7730 | Invalid S/B: 0.25/0.00 | Max Load: 4.8 | Load Gap: 1.8 | Group CV: 0.0377
Epoch [1597/2000] | Sampled: 382.62 | Baseline: 371.50 | Improvement: -11.12 | Win Rate: 62.50% | Actor Loss: 3.0018 | Entropy: 2.7516 | Invalid S/B: 0.38/0.00 | Max Load: 4.8 | Load Gap: 1.8 | Group CV: 0.0492
Epoch [1598/2000] | Sampled: 393.25 | Baseline: 333.50 | Improvement: -59.75 | Win Rate: 12.50% | Actor Loss: -4.1632 | Entropy: 2.8919 | Invalid S/B: 0.62/0.00 | Max Load: 4.8 | Load Gap: 1.8 | Group CV: 0.0880
Epoch [1599/2000] | Sampled: 395.50 | Baseline: 315.50 | Improvement: -80.00 | Win Rate: 0.00% | Actor Loss: -0.4654 | Entropy: 2.8575 | Invalid S/B: 0.75/0.00 | Max Load: 4.8 | Load Gap: 1.8 | Group CV: 0.0996
Epoch [1600/2000] | Sampled: 362.75 | Baseline: 340.50 | Improvement: -22.25 | Win Rate: 12.50% | Actor Loss: -4.4250 | Entropy: 2.8261 | Invalid S/B: 0.00/0.00 | Max Load: 4.8 | Load Gap: 1.8 | Group CV: 0.0301
   -> Validation | Samples: 50 | Makespan: 357.98 | Invalid Jobs: 0.04 | Score: 361.98
   -> Saved updated training chart to /home/wei/Desktop/AMR-DFJSP/Static_alogorithm/Attention/attention_training_metrics.png
Epoch [1601/2000] | Sampled: 362.00 | Baseline: 336.00 | Improvement: -26.00 | Win Rate: 25.00% | Actor Loss: -5.2802 | Entropy: 2.8465 | Invalid S/B: 0.25/0.00 | Max Load: 4.6 | Load Gap: 1.6 | Group CV: 0.0583
Epoch [1602/2000] | Sampled: 358.25 | Baseline: 322.00 | Improvement: -36.25 | Win Rate: 0.00% | Actor Loss: 0.5150 | Entropy: 2.8097 | Invalid S/B: 0.38/0.00 | Max Load: 4.8 | Load Gap: 1.8 | Group CV: 0.0525
Epoch [1603/2000] | Sampled: 355.75 | Baseline: 324.50 | Improvement: -31.25 | Win Rate: 0.00% | Actor Loss: -1.0297 | Entropy: 2.7399 | Invalid S/B: 0.00/0.00 | Max Load: 4.6 | Load Gap: 1.6 | Group CV: 0.0264
Epoch [1604/2000] | Sampled: 362.88 | Baseline: 353.00 | Improvement: -9.88 | Win Rate: 37.50% | Actor Loss: 0.5770 | Entropy: 2.7021 | Invalid S/B: 0.12/0.00 | Max Load: 4.9 | Load Gap: 1.9 | Group CV: 0.0561
Epoch [1605/2000] | Sampled: 384.25 | Baseline: 347.50 | Improvement: -36.75 | Win Rate: 12.50% | Actor Loss: 2.4083 | Entropy: 2.6680 | Invalid S/B: 0.38/0.00 | Max Load: 4.8 | Load Gap: 1.8 | Group CV: 0.0853
Epoch [1606/2000] | Sampled: 356.38 | Baseline: 364.50 | Improvement: 8.12 | Win Rate: 50.00% | Actor Loss: 1.9034 | Entropy: 2.6228 | Invalid S/B: 0.12/0.00 | Max Load: 4.9 | Load Gap: 1.9 | Group CV: 0.0437
Epoch [1607/2000] | Sampled: 373.38 | Baseline: 334.00 | Improvement: -39.38 | Win Rate: 37.50% | Actor Loss: 4.1574 | Entropy: 2.7311 | Invalid S/B: 0.38/0.00 | Max Load: 4.8 | Load Gap: 1.8 | Group CV: 0.0889
Epoch [1608/2000] | Sampled: 375.88 | Baseline: 376.00 | Improvement: 0.12 | Win Rate: 50.00% | Actor Loss: -1.7831 | Entropy: 2.7232 | Invalid S/B: 0.38/0.00 | Max Load: 4.8 | Load Gap: 1.8 | Group CV: 0.0627
Epoch [1609/2000] | Sampled: 360.12 | Baseline: 340.00 | Improvement: -20.12 | Win Rate: 37.50% | Actor Loss: 1.9349 | Entropy: 2.7066 | Invalid S/B: 0.38/0.00 | Max Load: 4.6 | Load Gap: 1.6 | Group CV: 0.0740
Epoch [1610/2000] | Sampled: 366.25 | Baseline: 324.50 | Improvement: -41.75 | Win Rate: 0.00% | Actor Loss: -4.8157 | Entropy: 2.6581 | Invalid S/B: 0.25/0.00 | Max Load: 4.6 | Load Gap: 1.6 | Group CV: 0.0674
   -> Validation | Samples: 50 | Makespan: 357.52 | Invalid Jobs: 0.02 | Score: 359.52
Epoch [1611/2000] | Sampled: 366.25 | Baseline: 339.50 | Improvement: -26.75 | Win Rate: 25.00% | Actor Loss: 2.2762 | Entropy: 2.6697 | Invalid S/B: 0.25/0.00 | Max Load: 5.0 | Load Gap: 2.0 | Group CV: 0.0568
Epoch [1612/2000] | Sampled: 380.38 | Baseline: 349.00 | Improvement: -31.38 | Win Rate: 0.00% | Actor Loss: -3.7369 | Entropy: 2.5841 | Invalid S/B: 0.25/0.00 | Max Load: 4.8 | Load Gap: 1.8 | Group CV: 0.0747
Epoch [1613/2000] | Sampled: 367.00 | Baseline: 380.50 | Improvement: 13.50 | Win Rate: 37.50% | Actor Loss: 4.2213 | Entropy: 2.6010 | Invalid S/B: 0.12/0.00 | Max Load: 4.5 | Load Gap: 1.5 | Group CV: 0.0615
Epoch [1614/2000] | Sampled: 355.25 | Baseline: 340.50 | Improvement: -14.75 | Win Rate: 0.00% | Actor Loss: 2.3175 | Entropy: 2.5623 | Invalid S/B: 0.00/0.00 | Max Load: 4.8 | Load Gap: 1.8 | Group CV: 0.0127
Epoch [1615/2000] | Sampled: 369.88 | Baseline: 307.00 | Improvement: -62.88 | Win Rate: 0.00% | Actor Loss: 3.3592 | Entropy: 2.5919 | Invalid S/B: 0.12/0.00 | Max Load: 4.6 | Load Gap: 1.6 | Group CV: 0.0461
Epoch [1616/2000] | Sampled: 399.50 | Baseline: 382.00 | Improvement: -17.50 | Win Rate: 37.50% | Actor Loss: 2.7671 | Entropy: 2.5766 | Invalid S/B: 0.50/0.00 | Max Load: 4.8 | Load Gap: 1.8 | Group CV: 0.0877
Epoch [1617/2000] | Sampled: 354.25 | Baseline: 328.50 | Improvement: -25.75 | Win Rate: 25.00% | Actor Loss: -0.5484 | Entropy: 2.5651 | Invalid S/B: 0.00/0.00 | Max Load: 4.6 | Load Gap: 1.6 | Group CV: 0.0361
Epoch [1618/2000] | Sampled: 377.62 | Baseline: 384.50 | Improvement: 6.88 | Win Rate: 62.50% | Actor Loss: 5.1037 | Entropy: 2.5980 | Invalid S/B: 0.62/0.00 | Max Load: 4.4 | Load Gap: 1.4 | Group CV: 0.0977
Epoch [1619/2000] | Sampled: 360.12 | Baseline: 320.50 | Improvement: -39.62 | Win Rate: 25.00% | Actor Loss: 1.1131 | Entropy: 2.6003 | Invalid S/B: 0.25/0.00 | Max Load: 4.8 | Load Gap: 1.9 | Group CV: 0.0433
Epoch [1620/2000] | Sampled: 381.00 | Baseline: 361.00 | Improvement: -20.00 | Win Rate: 25.00% | Actor Loss: 1.5976 | Entropy: 2.6440 | Invalid S/B: 0.50/0.00 | Max Load: 5.0 | Load Gap: 2.0 | Group CV: 0.0854
   -> Validation | Samples: 50 | Makespan: 359.44 | Invalid Jobs: 0.08 | Score: 367.44
Epoch [1621/2000] | Sampled: 351.50 | Baseline: 330.50 | Improvement: -21.00 | Win Rate: 0.00% | Actor Loss: -7.7863 | Entropy: 2.7295 | Invalid S/B: 0.00/0.00 | Max Load: 4.8 | Load Gap: 1.8 | Group CV: 0.0190
Epoch [1622/2000] | Sampled: 365.62 | Baseline: 344.00 | Improvement: -21.62 | Win Rate: 0.00% | Actor Loss: 1.0948 | Entropy: 2.6858 | Invalid S/B: 0.38/0.00 | Max Load: 4.6 | Load Gap: 1.6 | Group CV: 0.0349
Epoch [1623/2000] | Sampled: 351.25 | Baseline: 314.00 | Improvement: -37.25 | Win Rate: 0.00% | Actor Loss: 4.2605 | Entropy: 2.7468 | Invalid S/B: 0.12/0.00 | Max Load: 4.8 | Load Gap: 1.9 | Group CV: 0.0490
Epoch [1624/2000] | Sampled: 371.50 | Baseline: 308.00 | Improvement: -63.50 | Win Rate: 0.00% | Actor Loss: -0.4905 | Entropy: 2.7355 | Invalid S/B: 0.50/0.00 | Max Load: 5.0 | Load Gap: 2.0 | Group CV: 0.0924
Epoch [1625/2000] | Sampled: 365.38 | Baseline: 319.50 | Improvement: -45.88 | Win Rate: 0.00% | Actor Loss: 8.0417 | Entropy: 2.8170 | Invalid S/B: 0.12/0.00 | Max Load: 4.8 | Load Gap: 1.8 | Group CV: 0.0297
Epoch [1626/2000] | Sampled: 368.75 | Baseline: 357.50 | Improvement: -11.25 | Win Rate: 37.50% | Actor Loss: 0.1769 | Entropy: 2.8122 | Invalid S/B: 0.25/0.00 | Max Load: 4.8 | Load Gap: 1.8 | Group CV: 0.0845
Epoch [1627/2000] | Sampled: 366.12 | Baseline: 376.00 | Improvement: 9.88 | Win Rate: 87.50% | Actor Loss: -0.6410 | Entropy: 2.8846 | Invalid S/B: 0.25/0.00 | Max Load: 4.9 | Load Gap: 1.9 | Group CV: 0.0848
Epoch [1628/2000] | Sampled: 367.50 | Baseline: 293.00 | Improvement: -74.50 | Win Rate: 0.00% | Actor Loss: -1.9047 | Entropy: 2.9159 | Invalid S/B: 0.50/0.00 | Max Load: 5.0 | Load Gap: 2.0 | Group CV: 0.0753
Epoch [1629/2000] | Sampled: 403.62 | Baseline: 340.00 | Improvement: -63.62 | Win Rate: 0.00% | Actor Loss: -0.8725 | Entropy: 2.8973 | Invalid S/B: 0.75/0.00 | Max Load: 4.8 | Load Gap: 1.8 | Group CV: 0.0879
Epoch [1630/2000] | Sampled: 382.25 | Baseline: 368.50 | Improvement: -13.75 | Win Rate: 50.00% | Actor Loss: 2.6224 | Entropy: 2.9393 | Invalid S/B: 0.38/0.00 | Max Load: 5.0 | Load Gap: 2.0 | Group CV: 0.1146
   -> Validation | Samples: 50 | Makespan: 361.32 | Invalid Jobs: 0.06 | Score: 367.32
Epoch [1631/2000] | Sampled: 378.50 | Baseline: 324.50 | Improvement: -54.00 | Win Rate: 0.00% | Actor Loss: 0.9417 | Entropy: 2.8750 | Invalid S/B: 0.25/0.00 | Max Load: 5.0 | Load Gap: 2.2 | Group CV: 0.0501
Epoch [1632/2000] | Sampled: 421.88 | Baseline: 416.00 | Improvement: -5.88 | Win Rate: 37.50% | Actor Loss: -2.4884 | Entropy: 2.9489 | Invalid S/B: 0.50/0.00 | Max Load: 4.8 | Load Gap: 1.8 | Group CV: 0.0413
Epoch [1633/2000] | Sampled: 370.50 | Baseline: 349.00 | Improvement: -21.50 | Win Rate: 37.50% | Actor Loss: 2.6268 | Entropy: 3.0051 | Invalid S/B: 0.50/0.00 | Max Load: 5.0 | Load Gap: 2.0 | Group CV: 0.0869
Epoch [1634/2000] | Sampled: 356.38 | Baseline: 332.00 | Improvement: -24.38 | Win Rate: 37.50% | Actor Loss: 0.9743 | Entropy: 2.9541 | Invalid S/B: 0.12/0.00 | Max Load: 4.9 | Load Gap: 2.0 | Group CV: 0.0526
Epoch [1635/2000] | Sampled: 357.62 | Baseline: 339.50 | Improvement: -18.12 | Win Rate: 37.50% | Actor Loss: 1.8764 | Entropy: 2.9853 | Invalid S/B: 0.00/0.00 | Max Load: 4.6 | Load Gap: 1.6 | Group CV: 0.0199
Epoch [1636/2000] | Sampled: 375.12 | Baseline: 318.00 | Improvement: -57.12 | Win Rate: 0.00% | Actor Loss: -3.7867 | Entropy: 3.0053 | Invalid S/B: 0.38/0.00 | Max Load: 4.8 | Load Gap: 1.8 | Group CV: 0.0750
Epoch [1637/2000] | Sampled: 364.62 | Baseline: 304.50 | Improvement: -60.12 | Win Rate: 0.00% | Actor Loss: 1.5881 | Entropy: 2.9456 | Invalid S/B: 0.50/0.00 | Max Load: 5.0 | Load Gap: 2.0 | Group CV: 0.0544
Epoch [1638/2000] | Sampled: 389.25 | Baseline: 348.00 | Improvement: -41.25 | Win Rate: 37.50% | Actor Loss: 0.1405 | Entropy: 2.9293 | Invalid S/B: 0.75/0.00 | Max Load: 4.6 | Load Gap: 1.6 | Group CV: 0.0870
Epoch [1639/2000] | Sampled: 360.25 | Baseline: 333.00 | Improvement: -27.25 | Win Rate: 37.50% | Actor Loss: -1.2555 | Entropy: 2.9069 | Invalid S/B: 0.25/0.00 | Max Load: 4.9 | Load Gap: 1.9 | Group CV: 0.0519
Epoch [1640/2000] | Sampled: 367.38 | Baseline: 335.50 | Improvement: -31.88 | Win Rate: 37.50% | Actor Loss: 0.2874 | Entropy: 2.9341 | Invalid S/B: 0.25/0.00 | Max Load: 4.9 | Load Gap: 1.9 | Group CV: 0.0792
   -> Validation | Samples: 50 | Makespan: 362.04 | Invalid Jobs: 0.02 | Score: 364.04
Epoch [1641/2000] | Sampled: 395.50 | Baseline: 355.50 | Improvement: -40.00 | Win Rate: 25.00% | Actor Loss: 4.2822 | Entropy: 2.9482 | Invalid S/B: 0.62/0.00 | Max Load: 5.0 | Load Gap: 2.0 | Group CV: 0.0767
Epoch [1642/2000] | Sampled: 385.50 | Baseline: 333.50 | Improvement: -52.00 | Win Rate: 12.50% | Actor Loss: -4.0443 | Entropy: 2.9840 | Invalid S/B: 0.62/0.00 | Max Load: 5.0 | Load Gap: 2.1 | Group CV: 0.0883
Epoch [1643/2000] | Sampled: 368.75 | Baseline: 307.50 | Improvement: -61.25 | Win Rate: 0.00% | Actor Loss: -5.0710 | Entropy: 2.9376 | Invalid S/B: 0.50/0.00 | Max Load: 5.0 | Load Gap: 2.0 | Group CV: 0.1039
Epoch [1644/2000] | Sampled: 358.00 | Baseline: 346.00 | Improvement: -12.00 | Win Rate: 25.00% | Actor Loss: -0.2822 | Entropy: 2.9250 | Invalid S/B: 0.12/0.00 | Max Load: 5.0 | Load Gap: 2.0 | Group CV: 0.0587
Epoch [1645/2000] | Sampled: 339.75 | Baseline: 299.50 | Improvement: -40.25 | Win Rate: 0.00% | Actor Loss: 1.0670 | Entropy: 2.9079 | Invalid S/B: 0.12/0.00 | Max Load: 5.0 | Load Gap: 2.0 | Group CV: 0.0475
Epoch [1646/2000] | Sampled: 380.75 | Baseline: 353.00 | Improvement: -27.75 | Win Rate: 25.00% | Actor Loss: 6.5057 | Entropy: 2.9522 | Invalid S/B: 0.38/0.00 | Max Load: 4.9 | Load Gap: 1.9 | Group CV: 0.0678
Epoch [1647/2000] | Sampled: 376.38 | Baseline: 377.00 | Improvement: 0.62 | Win Rate: 62.50% | Actor Loss: -0.4514 | Entropy: 2.8920 | Invalid S/B: 0.50/0.00 | Max Load: 5.1 | Load Gap: 2.2 | Group CV: 0.0522
Epoch [1648/2000] | Sampled: 387.38 | Baseline: 309.50 | Improvement: -77.88 | Win Rate: 0.00% | Actor Loss: 2.0668 | Entropy: 2.8827 | Invalid S/B: 1.12/0.00 | Max Load: 4.6 | Load Gap: 1.6 | Group CV: 0.1014
Epoch [1649/2000] | Sampled: 379.62 | Baseline: 382.50 | Improvement: 2.88 | Win Rate: 37.50% | Actor Loss: 0.0037 | Entropy: 2.8878 | Invalid S/B: 0.50/0.00 | Max Load: 4.5 | Load Gap: 1.6 | Group CV: 0.0777
Epoch [1650/2000] | Sampled: 360.25 | Baseline: 330.50 | Improvement: -29.75 | Win Rate: 25.00% | Actor Loss: 5.9846 | Entropy: 2.8728 | Invalid S/B: 0.38/0.00 | Max Load: 5.0 | Load Gap: 2.0 | Group CV: 0.0782
   -> Validation | Samples: 50 | Makespan: 373.10 | Invalid Jobs: 0.08 | Score: 381.10
Epoch [1651/2000] | Sampled: 362.88 | Baseline: 320.00 | Improvement: -42.88 | Win Rate: 0.00% | Actor Loss: -5.6598 | Entropy: 2.8718 | Invalid S/B: 0.25/0.00 | Max Load: 4.9 | Load Gap: 1.9 | Group CV: 0.0517
Epoch [1652/2000] | Sampled: 369.25 | Baseline: 301.00 | Improvement: -68.25 | Win Rate: 0.00% | Actor Loss: -1.1975 | Entropy: 2.8657 | Invalid S/B: 0.25/0.00 | Max Load: 4.9 | Load Gap: 1.9 | Group CV: 0.0681
Epoch [1653/2000] | Sampled: 389.38 | Baseline: 338.00 | Improvement: -51.38 | Win Rate: 12.50% | Actor Loss: 3.0993 | Entropy: 2.7777 | Invalid S/B: 0.38/0.00 | Max Load: 4.9 | Load Gap: 1.9 | Group CV: 0.0768
Epoch [1654/2000] | Sampled: 376.00 | Baseline: 330.00 | Improvement: -46.00 | Win Rate: 25.00% | Actor Loss: -2.1392 | Entropy: 2.7984 | Invalid S/B: 0.50/0.00 | Max Load: 5.0 | Load Gap: 2.0 | Group CV: 0.0494
Epoch [1655/2000] | Sampled: 369.00 | Baseline: 344.00 | Improvement: -25.00 | Win Rate: 0.00% | Actor Loss: -7.1355 | Entropy: 2.7703 | Invalid S/B: 0.25/0.00 | Max Load: 4.4 | Load Gap: 1.4 | Group CV: 0.0370
Epoch [1656/2000] | Sampled: 362.88 | Baseline: 326.50 | Improvement: -36.38 | Win Rate: 0.00% | Actor Loss: 0.9395 | Entropy: 2.7179 | Invalid S/B: 0.25/0.00 | Max Load: 4.6 | Load Gap: 1.6 | Group CV: 0.0688
Epoch [1657/2000] | Sampled: 370.50 | Baseline: 337.00 | Improvement: -33.50 | Win Rate: 12.50% | Actor Loss: -3.2053 | Entropy: 2.6410 | Invalid S/B: 0.25/0.00 | Max Load: 4.6 | Load Gap: 1.6 | Group CV: 0.0544
Epoch [1658/2000] | Sampled: 378.62 | Baseline: 315.50 | Improvement: -63.12 | Win Rate: 0.00% | Actor Loss: 0.7255 | Entropy: 2.5970 | Invalid S/B: 0.25/0.00 | Max Load: 4.9 | Load Gap: 1.9 | Group CV: 0.0704
Epoch [1659/2000] | Sampled: 363.00 | Baseline: 331.50 | Improvement: -31.50 | Win Rate: 0.00% | Actor Loss: 2.2091 | Entropy: 2.4918 | Invalid S/B: 0.12/0.00 | Max Load: 4.9 | Load Gap: 1.9 | Group CV: 0.0491
Epoch [1660/2000] | Sampled: 364.12 | Baseline: 336.50 | Improvement: -27.62 | Win Rate: 0.00% | Actor Loss: 0.9165 | Entropy: 2.5169 | Invalid S/B: 0.25/0.00 | Max Load: 4.6 | Load Gap: 1.6 | Group CV: 0.0688
   -> Validation | Samples: 50 | Makespan: 364.90 | Invalid Jobs: 0.02 | Score: 366.90
Epoch [1661/2000] | Sampled: 346.75 | Baseline: 306.00 | Improvement: -40.75 | Win Rate: 12.50% | Actor Loss: -3.7383 | Entropy: 2.4973 | Invalid S/B: 0.00/0.00 | Max Load: 4.5 | Load Gap: 1.5 | Group CV: 0.0252
Epoch [1662/2000] | Sampled: 390.62 | Baseline: 342.50 | Improvement: -48.12 | Win Rate: 25.00% | Actor Loss: 0.4833 | Entropy: 2.4756 | Invalid S/B: 0.50/0.00 | Max Load: 4.6 | Load Gap: 1.6 | Group CV: 0.0790
Epoch [1663/2000] | Sampled: 360.62 | Baseline: 345.00 | Improvement: -15.62 | Win Rate: 37.50% | Actor Loss: -0.1036 | Entropy: 2.4487 | Invalid S/B: 0.00/0.00 | Max Load: 4.4 | Load Gap: 1.4 | Group CV: 0.0275
Epoch [1664/2000] | Sampled: 351.62 | Baseline: 364.00 | Improvement: 12.38 | Win Rate: 87.50% | Actor Loss: -1.4580 | Entropy: 2.4301 | Invalid S/B: 0.00/0.00 | Max Load: 4.2 | Load Gap: 1.2 | Group CV: 0.0169
Epoch [1665/2000] | Sampled: 376.50 | Baseline: 384.50 | Improvement: 8.00 | Win Rate: 75.00% | Actor Loss: -8.0505 | Entropy: 2.3744 | Invalid S/B: 0.50/0.00 | Max Load: 4.5 | Load Gap: 1.5 | Group CV: 0.0726
Epoch [1666/2000] | Sampled: 359.50 | Baseline: 325.50 | Improvement: -34.00 | Win Rate: 0.00% | Actor Loss: -0.6736 | Entropy: 2.3565 | Invalid S/B: 0.25/0.00 | Max Load: 4.5 | Load Gap: 1.5 | Group CV: 0.0523
Epoch [1667/2000] | Sampled: 389.38 | Baseline: 316.50 | Improvement: -72.88 | Win Rate: 0.00% | Actor Loss: -4.6866 | Entropy: 2.3065 | Invalid S/B: 0.62/0.00 | Max Load: 4.6 | Load Gap: 1.6 | Group CV: 0.0658
Epoch [1668/2000] | Sampled: 354.88 | Baseline: 318.50 | Improvement: -36.38 | Win Rate: 0.00% | Actor Loss: -0.6584 | Entropy: 2.3191 | Invalid S/B: 0.12/0.00 | Max Load: 4.6 | Load Gap: 1.6 | Group CV: 0.0119
Epoch [1669/2000] | Sampled: 393.12 | Baseline: 366.50 | Improvement: -26.62 | Win Rate: 37.50% | Actor Loss: -0.4236 | Entropy: 2.2340 | Invalid S/B: 1.00/0.00 | Max Load: 4.4 | Load Gap: 1.4 | Group CV: 0.0829
Epoch [1670/2000] | Sampled: 355.00 | Baseline: 299.00 | Improvement: -56.00 | Win Rate: 0.00% | Actor Loss: 1.5388 | Entropy: 2.2028 | Invalid S/B: 0.12/0.00 | Max Load: 4.6 | Load Gap: 1.6 | Group CV: 0.0630
   -> Validation | Samples: 50 | Makespan: 366.92 | Invalid Jobs: 0.04 | Score: 370.92
Epoch [1671/2000] | Sampled: 365.50 | Baseline: 331.00 | Improvement: -34.50 | Win Rate: 0.00% | Actor Loss: -6.2432 | Entropy: 2.1743 | Invalid S/B: 0.25/0.00 | Max Load: 4.4 | Load Gap: 1.4 | Group CV: 0.0742
Epoch [1672/2000] | Sampled: 371.75 | Baseline: 333.00 | Improvement: -38.75 | Win Rate: 0.00% | Actor Loss: -2.9892 | Entropy: 2.1624 | Invalid S/B: 0.00/0.00 | Max Load: 4.5 | Load Gap: 1.5 | Group CV: 0.0171
Epoch [1673/2000] | Sampled: 365.75 | Baseline: 348.50 | Improvement: -17.25 | Win Rate: 50.00% | Actor Loss: -5.0871 | Entropy: 2.0367 | Invalid S/B: 0.00/0.00 | Max Load: 4.5 | Load Gap: 1.5 | Group CV: 0.0336
Epoch [1674/2000] | Sampled: 358.25 | Baseline: 316.50 | Improvement: -41.75 | Win Rate: 0.00% | Actor Loss: 3.6609 | Entropy: 2.0869 | Invalid S/B: 0.12/0.00 | Max Load: 4.5 | Load Gap: 1.5 | Group CV: 0.0461
Epoch [1675/2000] | Sampled: 359.12 | Baseline: 319.50 | Improvement: -39.62 | Win Rate: 0.00% | Actor Loss: 2.4606 | Entropy: 1.9759 | Invalid S/B: 0.00/0.00 | Max Load: 4.4 | Load Gap: 1.4 | Group CV: 0.0212
Epoch [1676/2000] | Sampled: 353.38 | Baseline: 320.50 | Improvement: -32.88 | Win Rate: 0.00% | Actor Loss: -7.5636 | Entropy: 1.9953 | Invalid S/B: 0.12/0.00 | Max Load: 4.5 | Load Gap: 1.5 | Group CV: 0.0280
Epoch [1677/2000] | Sampled: 358.75 | Baseline: 333.00 | Improvement: -25.75 | Win Rate: 12.50% | Actor Loss: 1.5166 | Entropy: 1.9401 | Invalid S/B: 0.00/0.00 | Max Load: 4.4 | Load Gap: 1.4 | Group CV: 0.0251
Epoch [1678/2000] | Sampled: 355.62 | Baseline: 311.00 | Improvement: -44.62 | Win Rate: 0.00% | Actor Loss: -0.7345 | Entropy: 1.9811 | Invalid S/B: 0.00/0.00 | Max Load: 4.1 | Load Gap: 1.1 | Group CV: 0.0203
Epoch [1679/2000] | Sampled: 380.25 | Baseline: 327.00 | Improvement: -53.25 | Win Rate: 12.50% | Actor Loss: -3.3939 | Entropy: 1.9697 | Invalid S/B: 0.50/0.00 | Max Load: 4.5 | Load Gap: 1.5 | Group CV: 0.0812
Epoch [1680/2000] | Sampled: 340.62 | Baseline: 288.00 | Improvement: -52.62 | Win Rate: 0.00% | Actor Loss: -1.5474 | Entropy: 1.9879 | Invalid S/B: 0.00/0.00 | Max Load: 4.4 | Load Gap: 1.4 | Group CV: 0.0294
   -> Validation | Samples: 50 | Makespan: 364.16 | Invalid Jobs: 0.02 | Score: 366.16
Epoch [1681/2000] | Sampled: 356.50 | Baseline: 332.50 | Improvement: -24.00 | Win Rate: 0.00% | Actor Loss: -0.2185 | Entropy: 1.8662 | Invalid S/B: 0.00/0.00 | Max Load: 4.6 | Load Gap: 1.6 | Group CV: 0.0343
Epoch [1682/2000] | Sampled: 353.00 | Baseline: 336.00 | Improvement: -17.00 | Win Rate: 12.50% | Actor Loss: -0.6266 | Entropy: 1.9013 | Invalid S/B: 0.00/0.00 | Max Load: 4.2 | Load Gap: 1.2 | Group CV: 0.0363
Epoch [1683/2000] | Sampled: 375.50 | Baseline: 333.50 | Improvement: -42.00 | Win Rate: 0.00% | Actor Loss: 4.0048 | Entropy: 1.8397 | Invalid S/B: 0.12/0.00 | Max Load: 4.2 | Load Gap: 1.2 | Group CV: 0.0475
Epoch [1684/2000] | Sampled: 370.75 | Baseline: 359.00 | Improvement: -11.75 | Win Rate: 37.50% | Actor Loss: -6.6831 | Entropy: 1.8220 | Invalid S/B: 0.50/0.50 | Max Load: 4.5 | Load Gap: 1.5 | Group CV: 0.0620
Epoch [1685/2000] | Sampled: 359.12 | Baseline: 375.50 | Improvement: 16.38 | Win Rate: 50.00% | Actor Loss: -1.6536 | Entropy: 1.8347 | Invalid S/B: 0.00/0.00 | Max Load: 4.4 | Load Gap: 1.4 | Group CV: 0.0233
Epoch [1686/2000] | Sampled: 377.75 | Baseline: 347.00 | Improvement: -30.75 | Win Rate: 0.00% | Actor Loss: 5.6736 | Entropy: 1.8247 | Invalid S/B: 0.38/0.00 | Max Load: 4.2 | Load Gap: 1.2 | Group CV: 0.0771
Epoch [1687/2000] | Sampled: 356.88 | Baseline: 334.00 | Improvement: -22.88 | Win Rate: 12.50% | Actor Loss: -2.7455 | Entropy: 1.7608 | Invalid S/B: 0.00/0.00 | Max Load: 4.4 | Load Gap: 1.4 | Group CV: 0.0338
Epoch [1688/2000] | Sampled: 354.38 | Baseline: 328.50 | Improvement: -25.88 | Win Rate: 0.00% | Actor Loss: -1.2504 | Entropy: 1.8110 | Invalid S/B: 0.00/0.00 | Max Load: 4.1 | Load Gap: 1.1 | Group CV: 0.0218
Epoch [1689/2000] | Sampled: 352.12 | Baseline: 378.00 | Improvement: 25.88 | Win Rate: 100.00% | Actor Loss: -2.4145 | Entropy: 1.7829 | Invalid S/B: 0.12/0.00 | Max Load: 4.2 | Load Gap: 1.2 | Group CV: 0.0295
Epoch [1690/2000] | Sampled: 371.12 | Baseline: 373.50 | Improvement: 2.38 | Win Rate: 37.50% | Actor Loss: -0.2582 | Entropy: 1.7386 | Invalid S/B: 0.25/0.00 | Max Load: 4.4 | Load Gap: 1.5 | Group CV: 0.0569
   -> Validation | Samples: 50 | Makespan: 362.72 | Invalid Jobs: 0.04 | Score: 366.72
Epoch [1691/2000] | Sampled: 360.25 | Baseline: 339.00 | Improvement: -21.25 | Win Rate: 37.50% | Actor Loss: -5.3646 | Entropy: 1.7796 | Invalid S/B: 0.12/0.50 | Max Load: 4.2 | Load Gap: 1.2 | Group CV: 0.0427
Epoch [1692/2000] | Sampled: 381.62 | Baseline: 372.00 | Improvement: -9.62 | Win Rate: 62.50% | Actor Loss: 5.4009 | Entropy: 1.7141 | Invalid S/B: 0.38/0.00 | Max Load: 4.5 | Load Gap: 1.5 | Group CV: 0.0669
Epoch [1693/2000] | Sampled: 360.00 | Baseline: 311.00 | Improvement: -49.00 | Win Rate: 0.00% | Actor Loss: -2.1375 | Entropy: 1.7597 | Invalid S/B: 0.00/0.00 | Max Load: 4.2 | Load Gap: 1.2 | Group CV: 0.0383
Epoch [1694/2000] | Sampled: 371.00 | Baseline: 354.00 | Improvement: -17.00 | Win Rate: 50.00% | Actor Loss: -2.4313 | Entropy: 1.7370 | Invalid S/B: 0.12/0.00 | Max Load: 4.5 | Load Gap: 1.5 | Group CV: 0.0489
Epoch [1695/2000] | Sampled: 353.12 | Baseline: 311.50 | Improvement: -41.62 | Win Rate: 0.00% | Actor Loss: 4.6498 | Entropy: 1.7336 | Invalid S/B: 0.00/0.00 | Max Load: 4.2 | Load Gap: 1.2 | Group CV: 0.0225
Epoch [1696/2000] | Sampled: 358.88 | Baseline: 332.50 | Improvement: -26.38 | Win Rate: 0.00% | Actor Loss: -1.5223 | Entropy: 1.7506 | Invalid S/B: 0.25/0.00 | Max Load: 4.2 | Load Gap: 1.2 | Group CV: 0.0472
Epoch [1697/2000] | Sampled: 383.50 | Baseline: 333.00 | Improvement: -50.50 | Win Rate: 25.00% | Actor Loss: 1.1354 | Entropy: 1.6996 | Invalid S/B: 0.25/0.00 | Max Load: 4.6 | Load Gap: 1.6 | Group CV: 0.0591
Epoch [1698/2000] | Sampled: 357.88 | Baseline: 332.00 | Improvement: -25.88 | Win Rate: 0.00% | Actor Loss: -3.1684 | Entropy: 1.7103 | Invalid S/B: 0.00/0.00 | Max Load: 4.2 | Load Gap: 1.2 | Group CV: 0.0284
Epoch [1699/2000] | Sampled: 370.50 | Baseline: 332.00 | Improvement: -38.50 | Win Rate: 0.00% | Actor Loss: -5.4847 | Entropy: 1.6574 | Invalid S/B: 0.12/0.00 | Max Load: 4.2 | Load Gap: 1.2 | Group CV: 0.0359
Epoch [1700/2000] | Sampled: 363.25 | Baseline: 359.50 | Improvement: -3.75 | Win Rate: 50.00% | Actor Loss: 2.0022 | Entropy: 1.6439 | Invalid S/B: 0.12/0.00 | Max Load: 4.5 | Load Gap: 1.5 | Group CV: 0.0586
   -> Validation | Samples: 50 | Makespan: 362.52 | Invalid Jobs: 0.02 | Score: 364.52
   -> Saved updated training chart to /home/wei/Desktop/AMR-DFJSP/Static_alogorithm/Attention/attention_training_metrics.png
Epoch [1701/2000] | Sampled: 381.38 | Baseline: 336.00 | Improvement: -45.38 | Win Rate: 0.00% | Actor Loss: 7.1890 | Entropy: 1.6102 | Invalid S/B: 0.12/0.00 | Max Load: 4.4 | Load Gap: 1.4 | Group CV: 0.0565
Epoch [1702/2000] | Sampled: 356.88 | Baseline: 314.00 | Improvement: -42.88 | Win Rate: 0.00% | Actor Loss: 0.5810 | Entropy: 1.6335 | Invalid S/B: 0.12/0.00 | Max Load: 4.5 | Load Gap: 1.5 | Group CV: 0.0471
Epoch [1703/2000] | Sampled: 355.50 | Baseline: 329.50 | Improvement: -26.00 | Win Rate: 0.00% | Actor Loss: -6.7749 | Entropy: 1.6669 | Invalid S/B: 0.12/0.00 | Max Load: 4.4 | Load Gap: 1.4 | Group CV: 0.0339
Epoch [1704/2000] | Sampled: 369.25 | Baseline: 354.50 | Improvement: -14.75 | Win Rate: 12.50% | Actor Loss: -2.2068 | Entropy: 1.5785 | Invalid S/B: 0.12/0.00 | Max Load: 4.1 | Load Gap: 1.1 | Group CV: 0.0434
Epoch [1705/2000] | Sampled: 359.00 | Baseline: 319.50 | Improvement: -39.50 | Win Rate: 12.50% | Actor Loss: -8.1471 | Entropy: 1.6205 | Invalid S/B: 0.12/0.00 | Max Load: 4.8 | Load Gap: 1.8 | Group CV: 0.0363
Epoch [1706/2000] | Sampled: 367.75 | Baseline: 360.50 | Improvement: -7.25 | Win Rate: 25.00% | Actor Loss: -1.1797 | Entropy: 1.5831 | Invalid S/B: 0.25/0.00 | Max Load: 4.4 | Load Gap: 1.4 | Group CV: 0.0411
Epoch [1707/2000] | Sampled: 360.50 | Baseline: 320.00 | Improvement: -40.50 | Win Rate: 0.00% | Actor Loss: 7.0353 | Entropy: 1.5430 | Invalid S/B: 0.00/0.00 | Max Load: 4.2 | Load Gap: 1.2 | Group CV: 0.0318
Epoch [1708/2000] | Sampled: 360.62 | Baseline: 314.00 | Improvement: -46.62 | Win Rate: 0.00% | Actor Loss: 4.5609 | Entropy: 1.5704 | Invalid S/B: 0.00/0.00 | Max Load: 4.5 | Load Gap: 1.5 | Group CV: 0.0150
Epoch [1709/2000] | Sampled: 354.62 | Baseline: 310.50 | Improvement: -44.12 | Win Rate: 0.00% | Actor Loss: 3.6424 | Entropy: 1.5696 | Invalid S/B: 0.00/0.00 | Max Load: 4.0 | Load Gap: 1.0 | Group CV: 0.0155
Epoch [1710/2000] | Sampled: 356.88 | Baseline: 333.50 | Improvement: -23.38 | Win Rate: 12.50% | Actor Loss: -1.7551 | Entropy: 1.5247 | Invalid S/B: 0.00/0.00 | Max Load: 4.2 | Load Gap: 1.2 | Group CV: 0.0313
   -> Validation | Samples: 50 | Makespan: 363.58 | Invalid Jobs: 0.04 | Score: 367.58
Epoch [1711/2000] | Sampled: 372.88 | Baseline: 370.50 | Improvement: -2.38 | Win Rate: 50.00% | Actor Loss: -4.7297 | Entropy: 1.5205 | Invalid S/B: 0.12/0.00 | Max Load: 4.0 | Load Gap: 1.0 | Group CV: 0.0569
Epoch [1712/2000] | Sampled: 373.12 | Baseline: 348.00 | Improvement: -25.12 | Win Rate: 0.00% | Actor Loss: -7.1680 | Entropy: 1.5402 | Invalid S/B: 0.12/0.00 | Max Load: 4.1 | Load Gap: 1.1 | Group CV: 0.0440
Epoch [1713/2000] | Sampled: 354.62 | Baseline: 331.00 | Improvement: -23.62 | Win Rate: 12.50% | Actor Loss: 4.9614 | Entropy: 1.5103 | Invalid S/B: 0.12/0.00 | Max Load: 4.0 | Load Gap: 1.0 | Group CV: 0.0398
Epoch [1714/2000] | Sampled: 355.25 | Baseline: 326.50 | Improvement: -28.75 | Win Rate: 12.50% | Actor Loss: 3.4821 | Entropy: 1.5209 | Invalid S/B: 0.00/0.00 | Max Load: 4.2 | Load Gap: 1.2 | Group CV: 0.0251
Epoch [1715/2000] | Sampled: 352.25 | Baseline: 310.50 | Improvement: -41.75 | Win Rate: 0.00% | Actor Loss: -3.7881 | Entropy: 1.4894 | Invalid S/B: 0.00/0.00 | Max Load: 4.1 | Load Gap: 1.1 | Group CV: 0.0213
Epoch [1716/2000] | Sampled: 372.62 | Baseline: 361.00 | Improvement: -11.62 | Win Rate: 37.50% | Actor Loss: -0.2727 | Entropy: 1.4843 | Invalid S/B: 0.00/0.00 | Max Load: 4.1 | Load Gap: 1.1 | Group CV: 0.0223
Epoch [1717/2000] | Sampled: 358.25 | Baseline: 342.50 | Improvement: -15.75 | Win Rate: 37.50% | Actor Loss: -2.0677 | Entropy: 1.4766 | Invalid S/B: 0.00/0.00 | Max Load: 4.1 | Load Gap: 1.1 | Group CV: 0.0300
Epoch [1718/2000] | Sampled: 358.50 | Baseline: 322.00 | Improvement: -36.50 | Win Rate: 12.50% | Actor Loss: -0.1776 | Entropy: 1.5307 | Invalid S/B: 0.00/0.00 | Max Load: 4.4 | Load Gap: 1.4 | Group CV: 0.0353
Epoch [1719/2000] | Sampled: 379.88 | Baseline: 321.50 | Improvement: -58.38 | Win Rate: 0.00% | Actor Loss: -1.0789 | Entropy: 1.4545 | Invalid S/B: 0.12/0.00 | Max Load: 4.1 | Load Gap: 1.1 | Group CV: 0.0392
Epoch [1720/2000] | Sampled: 356.88 | Baseline: 304.50 | Improvement: -52.38 | Win Rate: 0.00% | Actor Loss: 1.3502 | Entropy: 1.4952 | Invalid S/B: 0.00/0.00 | Max Load: 4.0 | Load Gap: 1.0 | Group CV: 0.0292
   -> Validation | Samples: 50 | Makespan: 360.80 | Invalid Jobs: 0.00 | Score: 360.80
Epoch [1721/2000] | Sampled: 349.75 | Baseline: 341.00 | Improvement: -8.75 | Win Rate: 50.00% | Actor Loss: 1.9999 | Entropy: 1.5092 | Invalid S/B: 0.00/0.00 | Max Load: 4.1 | Load Gap: 1.1 | Group CV: 0.0229
Epoch [1722/2000] | Sampled: 369.25 | Baseline: 342.50 | Improvement: -26.75 | Win Rate: 0.00% | Actor Loss: -0.7387 | Entropy: 1.5048 | Invalid S/B: 0.38/0.00 | Max Load: 4.1 | Load Gap: 1.1 | Group CV: 0.0526
Epoch [1723/2000] | Sampled: 354.25 | Baseline: 339.50 | Improvement: -14.75 | Win Rate: 37.50% | Actor Loss: -0.8345 | Entropy: 1.4420 | Invalid S/B: 0.00/0.00 | Max Load: 4.2 | Load Gap: 1.2 | Group CV: 0.0183
Epoch [1724/2000] | Sampled: 354.75 | Baseline: 348.00 | Improvement: -6.75 | Win Rate: 50.00% | Actor Loss: -0.4666 | Entropy: 1.5206 | Invalid S/B: 0.00/0.00 | Max Load: 4.4 | Load Gap: 1.4 | Group CV: 0.0180
Epoch [1725/2000] | Sampled: 367.25 | Baseline: 349.00 | Improvement: -18.25 | Win Rate: 25.00% | Actor Loss: -1.9639 | Entropy: 1.4543 | Invalid S/B: 0.25/0.00 | Max Load: 4.5 | Load Gap: 1.5 | Group CV: 0.0592
Epoch [1726/2000] | Sampled: 359.75 | Baseline: 331.00 | Improvement: -28.75 | Win Rate: 25.00% | Actor Loss: 7.8993 | Entropy: 1.4786 | Invalid S/B: 0.12/0.00 | Max Load: 4.2 | Load Gap: 1.2 | Group CV: 0.0361
Epoch [1727/2000] | Sampled: 362.12 | Baseline: 344.00 | Improvement: -18.12 | Win Rate: 37.50% | Actor Loss: 0.8559 | Entropy: 1.4461 | Invalid S/B: 0.00/0.00 | Max Load: 4.4 | Load Gap: 1.4 | Group CV: 0.0316
Epoch [1728/2000] | Sampled: 345.00 | Baseline: 332.50 | Improvement: -12.50 | Win Rate: 37.50% | Actor Loss: -1.5515 | Entropy: 1.4581 | Invalid S/B: 0.00/0.00 | Max Load: 4.5 | Load Gap: 1.5 | Group CV: 0.0270
Epoch [1729/2000] | Sampled: 365.75 | Baseline: 343.50 | Improvement: -22.25 | Win Rate: 25.00% | Actor Loss: -1.5453 | Entropy: 1.3908 | Invalid S/B: 0.00/0.00 | Max Load: 4.4 | Load Gap: 1.4 | Group CV: 0.0218
Epoch [1730/2000] | Sampled: 374.88 | Baseline: 356.00 | Improvement: -18.88 | Win Rate: 25.00% | Actor Loss: 5.8361 | Entropy: 1.4519 | Invalid S/B: 0.12/0.00 | Max Load: 4.2 | Load Gap: 1.2 | Group CV: 0.0623
   -> Validation | Samples: 50 | Makespan: 359.64 | Invalid Jobs: 0.00 | Score: 359.64
Epoch [1731/2000] | Sampled: 358.62 | Baseline: 331.50 | Improvement: -27.12 | Win Rate: 0.00% | Actor Loss: -5.4455 | Entropy: 1.4243 | Invalid S/B: 0.12/0.00 | Max Load: 4.2 | Load Gap: 1.2 | Group CV: 0.0320
Epoch [1732/2000] | Sampled: 371.88 | Baseline: 354.50 | Improvement: -17.38 | Win Rate: 12.50% | Actor Loss: -2.4544 | Entropy: 1.4396 | Invalid S/B: 0.12/0.00 | Max Load: 4.2 | Load Gap: 1.2 | Group CV: 0.0461
Epoch [1733/2000] | Sampled: 353.25 | Baseline: 308.50 | Improvement: -44.75 | Win Rate: 0.00% | Actor Loss: 3.8504 | Entropy: 1.4420 | Invalid S/B: 0.00/0.00 | Max Load: 4.2 | Load Gap: 1.2 | Group CV: 0.0297
Epoch [1734/2000] | Sampled: 365.12 | Baseline: 333.50 | Improvement: -31.62 | Win Rate: 0.00% | Actor Loss: -0.8374 | Entropy: 1.4426 | Invalid S/B: 0.12/0.00 | Max Load: 4.2 | Load Gap: 1.2 | Group CV: 0.0186
Epoch [1735/2000] | Sampled: 342.00 | Baseline: 307.00 | Improvement: -35.00 | Win Rate: 0.00% | Actor Loss: -0.8373 | Entropy: 1.4921 | Invalid S/B: 0.00/0.00 | Max Load: 4.4 | Load Gap: 1.4 | Group CV: 0.0374
Epoch [1736/2000] | Sampled: 368.62 | Baseline: 341.00 | Improvement: -27.62 | Win Rate: 0.00% | Actor Loss: -4.7941 | Entropy: 1.4410 | Invalid S/B: 0.12/0.00 | Max Load: 4.4 | Load Gap: 1.4 | Group CV: 0.0514
Epoch [1737/2000] | Sampled: 380.50 | Baseline: 310.50 | Improvement: -70.00 | Win Rate: 0.00% | Actor Loss: -4.4189 | Entropy: 1.3960 | Invalid S/B: 0.25/0.00 | Max Load: 4.4 | Load Gap: 1.4 | Group CV: 0.0409
Epoch [1738/2000] | Sampled: 355.75 | Baseline: 351.50 | Improvement: -4.25 | Win Rate: 50.00% | Actor Loss: 1.7766 | Entropy: 1.4342 | Invalid S/B: 0.00/0.00 | Max Load: 4.2 | Load Gap: 1.2 | Group CV: 0.0085
Epoch [1739/2000] | Sampled: 348.88 | Baseline: 306.00 | Improvement: -42.88 | Win Rate: 0.00% | Actor Loss: 3.4979 | Entropy: 1.4998 | Invalid S/B: 0.00/0.00 | Max Load: 4.2 | Load Gap: 1.2 | Group CV: 0.0200
Epoch [1740/2000] | Sampled: 360.50 | Baseline: 335.00 | Improvement: -25.50 | Win Rate: 0.00% | Actor Loss: 0.3005 | Entropy: 1.3975 | Invalid S/B: 0.00/0.00 | Max Load: 4.1 | Load Gap: 1.1 | Group CV: 0.0149
   -> Validation | Samples: 50 | Makespan: 361.78 | Invalid Jobs: 0.02 | Score: 363.78
Epoch [1741/2000] | Sampled: 364.38 | Baseline: 323.50 | Improvement: -40.88 | Win Rate: 0.00% | Actor Loss: 0.1929 | Entropy: 1.4310 | Invalid S/B: 0.00/0.00 | Max Load: 4.5 | Load Gap: 1.5 | Group CV: 0.0226
Epoch [1742/2000] | Sampled: 361.00 | Baseline: 321.00 | Improvement: -40.00 | Win Rate: 0.00% | Actor Loss: 3.3658 | Entropy: 1.4544 | Invalid S/B: 0.00/0.00 | Max Load: 4.0 | Load Gap: 1.0 | Group CV: 0.0212
Epoch [1743/2000] | Sampled: 351.88 | Baseline: 372.50 | Improvement: 20.62 | Win Rate: 50.00% | Actor Loss: -2.2879 | Entropy: 1.4536 | Invalid S/B: 0.00/0.00 | Max Load: 4.1 | Load Gap: 1.1 | Group CV: 0.0321
Epoch [1744/2000] | Sampled: 349.75 | Baseline: 321.00 | Improvement: -28.75 | Win Rate: 0.00% | Actor Loss: -2.0926 | Entropy: 1.4602 | Invalid S/B: 0.00/0.00 | Max Load: 4.1 | Load Gap: 1.1 | Group CV: 0.0195
Epoch [1745/2000] | Sampled: 364.38 | Baseline: 345.50 | Improvement: -18.88 | Win Rate: 50.00% | Actor Loss: 1.5190 | Entropy: 1.4312 | Invalid S/B: 0.12/0.00 | Max Load: 4.2 | Load Gap: 1.2 | Group CV: 0.0612
Epoch [1746/2000] | Sampled: 346.62 | Baseline: 345.00 | Improvement: -1.62 | Win Rate: 37.50% | Actor Loss: -1.7234 | Entropy: 1.4997 | Invalid S/B: 0.00/0.00 | Max Load: 4.4 | Load Gap: 1.4 | Group CV: 0.0209
Epoch [1747/2000] | Sampled: 367.62 | Baseline: 334.00 | Improvement: -33.62 | Win Rate: 0.00% | Actor Loss: 3.7028 | Entropy: 1.5242 | Invalid S/B: 0.00/0.00 | Max Load: 4.4 | Load Gap: 1.4 | Group CV: 0.0217
Epoch [1748/2000] | Sampled: 378.88 | Baseline: 345.50 | Improvement: -33.38 | Win Rate: 37.50% | Actor Loss: 3.6091 | Entropy: 1.5182 | Invalid S/B: 0.12/0.00 | Max Load: 4.4 | Load Gap: 1.4 | Group CV: 0.0301
Epoch [1749/2000] | Sampled: 362.00 | Baseline: 341.00 | Improvement: -21.00 | Win Rate: 0.00% | Actor Loss: -1.6398 | Entropy: 1.5055 | Invalid S/B: 0.00/0.00 | Max Load: 4.2 | Load Gap: 1.2 | Group CV: 0.0280
Epoch [1750/2000] | Sampled: 360.25 | Baseline: 343.00 | Improvement: -17.25 | Win Rate: 12.50% | Actor Loss: -1.0147 | Entropy: 1.5734 | Invalid S/B: 0.00/0.00 | Max Load: 4.2 | Load Gap: 1.2 | Group CV: 0.0350
   -> Validation | Samples: 50 | Makespan: 363.98 | Invalid Jobs: 0.02 | Score: 365.98
Epoch [1751/2000] | Sampled: 361.62 | Baseline: 332.50 | Improvement: -29.12 | Win Rate: 37.50% | Actor Loss: 2.2719 | Entropy: 1.5490 | Invalid S/B: 0.00/0.00 | Max Load: 4.4 | Load Gap: 1.4 | Group CV: 0.0221
Epoch [1752/2000] | Sampled: 385.25 | Baseline: 323.50 | Improvement: -61.75 | Win Rate: 0.00% | Actor Loss: 3.7152 | Entropy: 1.5230 | Invalid S/B: 0.12/0.00 | Max Load: 4.6 | Load Gap: 1.6 | Group CV: 0.0306
Epoch [1753/2000] | Sampled: 365.12 | Baseline: 351.50 | Improvement: -13.62 | Win Rate: 50.00% | Actor Loss: 4.8531 | Entropy: 1.5670 | Invalid S/B: 0.00/0.00 | Max Load: 4.4 | Load Gap: 1.4 | Group CV: 0.0150
Epoch [1754/2000] | Sampled: 378.75 | Baseline: 385.50 | Improvement: 6.75 | Win Rate: 62.50% | Actor Loss: 4.8709 | Entropy: 1.5971 | Invalid S/B: 0.25/0.00 | Max Load: 4.4 | Load Gap: 1.4 | Group CV: 0.0400
Epoch [1755/2000] | Sampled: 370.38 | Baseline: 315.50 | Improvement: -54.88 | Win Rate: 0.00% | Actor Loss: 1.5615 | Entropy: 1.5447 | Invalid S/B: 0.12/0.00 | Max Load: 4.4 | Load Gap: 1.4 | Group CV: 0.0362
Epoch [1756/2000] | Sampled: 379.38 | Baseline: 329.00 | Improvement: -50.38 | Win Rate: 0.00% | Actor Loss: 5.3154 | Entropy: 1.5603 | Invalid S/B: 0.00/0.00 | Max Load: 4.2 | Load Gap: 1.2 | Group CV: 0.0374
Epoch [1757/2000] | Sampled: 371.00 | Baseline: 326.00 | Improvement: -45.00 | Win Rate: 0.00% | Actor Loss: -8.6934 | Entropy: 1.6820 | Invalid S/B: 0.38/0.00 | Max Load: 4.2 | Load Gap: 1.2 | Group CV: 0.0367
Epoch [1758/2000] | Sampled: 371.25 | Baseline: 294.00 | Improvement: -77.25 | Win Rate: 0.00% | Actor Loss: -0.9814 | Entropy: 1.6676 | Invalid S/B: 0.12/0.00 | Max Load: 4.1 | Load Gap: 1.1 | Group CV: 0.0492
Epoch [1759/2000] | Sampled: 356.12 | Baseline: 315.00 | Improvement: -41.12 | Win Rate: 0.00% | Actor Loss: 2.3006 | Entropy: 1.6517 | Invalid S/B: 0.00/0.00 | Max Load: 4.4 | Load Gap: 1.4 | Group CV: 0.0269
Epoch [1760/2000] | Sampled: 363.88 | Baseline: 317.50 | Improvement: -46.38 | Win Rate: 0.00% | Actor Loss: 0.4997 | Entropy: 1.6347 | Invalid S/B: 0.00/0.00 | Max Load: 4.5 | Load Gap: 1.5 | Group CV: 0.0223
   -> Validation | Samples: 50 | Makespan: 363.88 | Invalid Jobs: 0.02 | Score: 365.88
Epoch [1761/2000] | Sampled: 363.12 | Baseline: 336.00 | Improvement: -27.12 | Win Rate: 0.00% | Actor Loss: 0.4751 | Entropy: 1.5849 | Invalid S/B: 0.00/0.00 | Max Load: 4.4 | Load Gap: 1.4 | Group CV: 0.0213
Epoch [1762/2000] | Sampled: 359.75 | Baseline: 328.00 | Improvement: -31.75 | Win Rate: 0.00% | Actor Loss: 2.6622 | Entropy: 1.6155 | Invalid S/B: 0.00/0.00 | Max Load: 4.1 | Load Gap: 1.1 | Group CV: 0.0271
Epoch [1763/2000] | Sampled: 350.50 | Baseline: 331.50 | Improvement: -19.00 | Win Rate: 0.00% | Actor Loss: 3.8589 | Entropy: 1.6326 | Invalid S/B: 0.00/0.00 | Max Load: 4.5 | Load Gap: 1.5 | Group CV: 0.0285
Epoch [1764/2000] | Sampled: 364.00 | Baseline: 320.00 | Improvement: -44.00 | Win Rate: 0.00% | Actor Loss: 2.7114 | Entropy: 1.5835 | Invalid S/B: 0.12/0.00 | Max Load: 4.0 | Load Gap: 1.0 | Group CV: 0.0410
Epoch [1765/2000] | Sampled: 371.00 | Baseline: 311.50 | Improvement: -59.50 | Win Rate: 0.00% | Actor Loss: -6.4305 | Entropy: 1.5702 | Invalid S/B: 0.12/0.00 | Max Load: 4.2 | Load Gap: 1.2 | Group CV: 0.0505
Epoch [1766/2000] | Sampled: 356.12 | Baseline: 348.50 | Improvement: -7.62 | Win Rate: 25.00% | Actor Loss: -1.2905 | Entropy: 1.5835 | Invalid S/B: 0.00/0.00 | Max Load: 4.4 | Load Gap: 1.4 | Group CV: 0.0288
Epoch [1767/2000] | Sampled: 353.62 | Baseline: 319.00 | Improvement: -34.62 | Win Rate: 0.00% | Actor Loss: 0.3116 | Entropy: 1.6179 | Invalid S/B: 0.00/0.00 | Max Load: 4.5 | Load Gap: 1.5 | Group CV: 0.0259
Epoch [1768/2000] | Sampled: 364.12 | Baseline: 320.00 | Improvement: -44.12 | Win Rate: 0.00% | Actor Loss: -0.4666 | Entropy: 1.5546 | Invalid S/B: 0.00/0.00 | Max Load: 4.4 | Load Gap: 1.4 | Group CV: 0.0142
Epoch [1769/2000] | Sampled: 355.12 | Baseline: 390.50 | Improvement: 35.38 | Win Rate: 100.00% | Actor Loss: -2.6510 | Entropy: 1.6051 | Invalid S/B: 0.12/0.00 | Max Load: 4.2 | Load Gap: 1.2 | Group CV: 0.0218
Epoch [1770/2000] | Sampled: 356.12 | Baseline: 322.00 | Improvement: -34.12 | Win Rate: 0.00% | Actor Loss: 0.4863 | Entropy: 1.5643 | Invalid S/B: 0.00/0.00 | Max Load: 4.2 | Load Gap: 1.2 | Group CV: 0.0324
   -> Validation | Samples: 50 | Makespan: 363.54 | Invalid Jobs: 0.02 | Score: 365.54
Epoch [1771/2000] | Sampled: 359.00 | Baseline: 325.00 | Improvement: -34.00 | Win Rate: 0.00% | Actor Loss: -0.7603 | Entropy: 1.5344 | Invalid S/B: 0.00/0.00 | Max Load: 4.4 | Load Gap: 1.4 | Group CV: 0.0243
Epoch [1772/2000] | Sampled: 366.12 | Baseline: 344.00 | Improvement: -22.12 | Win Rate: 0.00% | Actor Loss: -2.1725 | Entropy: 1.5755 | Invalid S/B: 0.12/0.00 | Max Load: 4.1 | Load Gap: 1.1 | Group CV: 0.0466
Epoch [1773/2000] | Sampled: 360.12 | Baseline: 325.50 | Improvement: -34.62 | Win Rate: 0.00% | Actor Loss: 1.9085 | Entropy: 1.5173 | Invalid S/B: 0.00/0.00 | Max Load: 4.5 | Load Gap: 1.5 | Group CV: 0.0312
Epoch [1774/2000] | Sampled: 375.75 | Baseline: 357.00 | Improvement: -18.75 | Win Rate: 50.00% | Actor Loss: 7.4809 | Entropy: 1.5162 | Invalid S/B: 0.12/0.50 | Max Load: 4.2 | Load Gap: 1.2 | Group CV: 0.0507
Epoch [1775/2000] | Sampled: 359.25 | Baseline: 312.00 | Improvement: -47.25 | Win Rate: 0.00% | Actor Loss: 4.6852 | Entropy: 1.5130 | Invalid S/B: 0.00/0.00 | Max Load: 4.5 | Load Gap: 1.5 | Group CV: 0.0211
Epoch [1776/2000] | Sampled: 377.62 | Baseline: 335.50 | Improvement: -42.12 | Win Rate: 0.00% | Actor Loss: -6.9912 | Entropy: 1.5478 | Invalid S/B: 0.12/0.00 | Max Load: 4.4 | Load Gap: 1.4 | Group CV: 0.0604
Epoch [1777/2000] | Sampled: 367.88 | Baseline: 346.50 | Improvement: -21.38 | Win Rate: 37.50% | Actor Loss: 3.3087 | Entropy: 1.4638 | Invalid S/B: 0.00/0.00 | Max Load: 4.2 | Load Gap: 1.2 | Group CV: 0.0303
Epoch [1778/2000] | Sampled: 354.88 | Baseline: 332.00 | Improvement: -22.88 | Win Rate: 37.50% | Actor Loss: -0.1329 | Entropy: 1.5979 | Invalid S/B: 0.25/0.00 | Max Load: 4.1 | Load Gap: 1.1 | Group CV: 0.0839
Epoch [1779/2000] | Sampled: 366.62 | Baseline: 359.50 | Improvement: -7.12 | Win Rate: 50.00% | Actor Loss: -4.0608 | Entropy: 1.4693 | Invalid S/B: 0.00/0.00 | Max Load: 4.5 | Load Gap: 1.5 | Group CV: 0.0255
Epoch [1780/2000] | Sampled: 355.25 | Baseline: 325.50 | Improvement: -29.75 | Win Rate: 0.00% | Actor Loss: 8.7054 | Entropy: 1.5400 | Invalid S/B: 0.00/0.00 | Max Load: 4.1 | Load Gap: 1.1 | Group CV: 0.0216
   -> Validation | Samples: 50 | Makespan: 364.66 | Invalid Jobs: 0.06 | Score: 370.66
Epoch [1781/2000] | Sampled: 360.50 | Baseline: 315.00 | Improvement: -45.50 | Win Rate: 0.00% | Actor Loss: -1.8223 | Entropy: 1.5748 | Invalid S/B: 0.00/0.00 | Max Load: 4.2 | Load Gap: 1.2 | Group CV: 0.0476
Epoch [1782/2000] | Sampled: 356.12 | Baseline: 336.00 | Improvement: -20.12 | Win Rate: 12.50% | Actor Loss: 1.9868 | Entropy: 1.4989 | Invalid S/B: 0.12/0.00 | Max Load: 4.2 | Load Gap: 1.2 | Group CV: 0.0397
Epoch [1783/2000] | Sampled: 357.62 | Baseline: 322.00 | Improvement: -35.62 | Win Rate: 0.00% | Actor Loss: 6.8496 | Entropy: 1.5514 | Invalid S/B: 0.12/0.00 | Max Load: 4.2 | Load Gap: 1.2 | Group CV: 0.0254
Epoch [1784/2000] | Sampled: 359.25 | Baseline: 309.50 | Improvement: -49.75 | Win Rate: 0.00% | Actor Loss: -2.3922 | Entropy: 1.5110 | Invalid S/B: 0.00/0.00 | Max Load: 4.1 | Load Gap: 1.1 | Group CV: 0.0290
Epoch [1785/2000] | Sampled: 349.00 | Baseline: 291.00 | Improvement: -58.00 | Win Rate: 0.00% | Actor Loss: 5.0862 | Entropy: 1.5702 | Invalid S/B: 0.00/0.00 | Max Load: 4.2 | Load Gap: 1.2 | Group CV: 0.0314
Epoch [1786/2000] | Sampled: 365.75 | Baseline: 341.00 | Improvement: -24.75 | Win Rate: 50.00% | Actor Loss: -1.0933 | Entropy: 1.4824 | Invalid S/B: 0.12/0.00 | Max Load: 4.1 | Load Gap: 1.1 | Group CV: 0.0522
Epoch [1787/2000] | Sampled: 357.00 | Baseline: 350.00 | Improvement: -7.00 | Win Rate: 50.00% | Actor Loss: -2.9604 | Entropy: 1.4952 | Invalid S/B: 0.00/0.00 | Max Load: 4.5 | Load Gap: 1.5 | Group CV: 0.0106
Epoch [1788/2000] | Sampled: 356.75 | Baseline: 301.00 | Improvement: -55.75 | Win Rate: 0.00% | Actor Loss: -3.4901 | Entropy: 1.5185 | Invalid S/B: 0.00/0.00 | Max Load: 4.1 | Load Gap: 1.1 | Group CV: 0.0332
Epoch [1789/2000] | Sampled: 351.12 | Baseline: 319.50 | Improvement: -31.62 | Win Rate: 0.00% | Actor Loss: 2.5679 | Entropy: 1.5105 | Invalid S/B: 0.00/0.00 | Max Load: 4.2 | Load Gap: 1.2 | Group CV: 0.0253
Epoch [1790/2000] | Sampled: 365.75 | Baseline: 326.50 | Improvement: -39.25 | Win Rate: 12.50% | Actor Loss: -0.6709 | Entropy: 1.4913 | Invalid S/B: 0.12/0.00 | Max Load: 4.4 | Load Gap: 1.4 | Group CV: 0.0378
   -> Validation | Samples: 50 | Makespan: 360.68 | Invalid Jobs: 0.00 | Score: 360.68
Epoch [1791/2000] | Sampled: 360.12 | Baseline: 323.50 | Improvement: -36.62 | Win Rate: 12.50% | Actor Loss: 1.3245 | Entropy: 1.4850 | Invalid S/B: 0.25/0.00 | Max Load: 4.5 | Load Gap: 1.5 | Group CV: 0.0738
Epoch [1792/2000] | Sampled: 351.88 | Baseline: 338.50 | Improvement: -13.38 | Win Rate: 50.00% | Actor Loss: 7.3231 | Entropy: 1.4568 | Invalid S/B: 0.00/0.00 | Max Load: 4.2 | Load Gap: 1.2 | Group CV: 0.0223
Epoch [1793/2000] | Sampled: 363.88 | Baseline: 354.50 | Improvement: -9.38 | Win Rate: 50.00% | Actor Loss: 1.1989 | Entropy: 1.4487 | Invalid S/B: 0.12/0.00 | Max Load: 4.2 | Load Gap: 1.2 | Group CV: 0.0611
Epoch [1794/2000] | Sampled: 359.75 | Baseline: 360.50 | Improvement: 0.75 | Win Rate: 50.00% | Actor Loss: 2.1578 | Entropy: 1.4294 | Invalid S/B: 0.00/0.00 | Max Load: 4.4 | Load Gap: 1.4 | Group CV: 0.0167
Epoch [1795/2000] | Sampled: 353.12 | Baseline: 323.50 | Improvement: -29.62 | Win Rate: 0.00% | Actor Loss: -1.6418 | Entropy: 1.4440 | Invalid S/B: 0.12/0.00 | Max Load: 4.2 | Load Gap: 1.2 | Group CV: 0.0346
Epoch [1796/2000] | Sampled: 372.25 | Baseline: 334.00 | Improvement: -38.25 | Win Rate: 50.00% | Actor Loss: 1.4670 | Entropy: 1.4998 | Invalid S/B: 0.38/0.00 | Max Load: 4.8 | Load Gap: 1.8 | Group CV: 0.0581
Epoch [1797/2000] | Sampled: 365.25 | Baseline: 352.00 | Improvement: -13.25 | Win Rate: 50.00% | Actor Loss: 5.3661 | Entropy: 1.3646 | Invalid S/B: 0.00/0.00 | Max Load: 4.2 | Load Gap: 1.2 | Group CV: 0.0223
Epoch [1798/2000] | Sampled: 349.75 | Baseline: 342.00 | Improvement: -7.75 | Win Rate: 50.00% | Actor Loss: 1.1116 | Entropy: 1.4307 | Invalid S/B: 0.00/0.00 | Max Load: 4.0 | Load Gap: 1.0 | Group CV: 0.0183
Epoch [1799/2000] | Sampled: 376.50 | Baseline: 331.00 | Improvement: -45.50 | Win Rate: 0.00% | Actor Loss: -6.0005 | Entropy: 1.4207 | Invalid S/B: 0.12/0.00 | Max Load: 4.4 | Load Gap: 1.4 | Group CV: 0.0386
Epoch [1800/2000] | Sampled: 351.88 | Baseline: 329.00 | Improvement: -22.88 | Win Rate: 0.00% | Actor Loss: 2.1827 | Entropy: 1.4247 | Invalid S/B: 0.00/0.00 | Max Load: 4.4 | Load Gap: 1.4 | Group CV: 0.0101
   -> Validation | Samples: 50 | Makespan: 361.34 | Invalid Jobs: 0.02 | Score: 363.34
   -> Saved updated training chart to /home/wei/Desktop/AMR-DFJSP/Static_alogorithm/Attention/attention_training_metrics.png
Epoch [1801/2000] | Sampled: 351.75 | Baseline: 316.00 | Improvement: -35.75 | Win Rate: 0.00% | Actor Loss: 9.3350 | Entropy: 1.3943 | Invalid S/B: 0.00/0.00 | Max Load: 4.2 | Load Gap: 1.2 | Group CV: 0.0130
Epoch [1802/2000] | Sampled: 360.75 | Baseline: 334.50 | Improvement: -26.25 | Win Rate: 0.00% | Actor Loss: -3.6460 | Entropy: 1.4213 | Invalid S/B: 0.00/0.00 | Max Load: 4.2 | Load Gap: 1.2 | Group CV: 0.0264
Epoch [1803/2000] | Sampled: 367.12 | Baseline: 323.50 | Improvement: -43.62 | Win Rate: 0.00% | Actor Loss: -1.3037 | Entropy: 1.4351 | Invalid S/B: 0.12/0.00 | Max Load: 4.5 | Load Gap: 1.5 | Group CV: 0.0389
Epoch [1804/2000] | Sampled: 357.12 | Baseline: 315.00 | Improvement: -42.12 | Win Rate: 0.00% | Actor Loss: 7.1180 | Entropy: 1.4393 | Invalid S/B: 0.00/0.00 | Max Load: 4.5 | Load Gap: 1.5 | Group CV: 0.0353
Epoch [1805/2000] | Sampled: 357.25 | Baseline: 376.00 | Improvement: 18.75 | Win Rate: 87.50% | Actor Loss: -0.0802 | Entropy: 1.4127 | Invalid S/B: 0.00/0.00 | Max Load: 4.2 | Load Gap: 1.2 | Group CV: 0.0207
Epoch [1806/2000] | Sampled: 356.88 | Baseline: 315.50 | Improvement: -41.38 | Win Rate: 0.00% | Actor Loss: 2.1333 | Entropy: 1.4262 | Invalid S/B: 0.00/0.00 | Max Load: 4.1 | Load Gap: 1.1 | Group CV: 0.0144
Epoch [1807/2000] | Sampled: 361.50 | Baseline: 392.50 | Improvement: 31.00 | Win Rate: 87.50% | Actor Loss: -1.0012 | Entropy: 1.4467 | Invalid S/B: 0.12/0.00 | Max Load: 4.5 | Load Gap: 1.5 | Group CV: 0.0615
Epoch [1808/2000] | Sampled: 347.62 | Baseline: 310.00 | Improvement: -37.62 | Win Rate: 0.00% | Actor Loss: 3.3562 | Entropy: 1.4456 | Invalid S/B: 0.00/0.00 | Max Load: 4.5 | Load Gap: 1.5 | Group CV: 0.0131
Epoch [1809/2000] | Sampled: 367.75 | Baseline: 393.50 | Improvement: 25.75 | Win Rate: 75.00% | Actor Loss: 2.1307 | Entropy: 1.3929 | Invalid S/B: 0.12/0.00 | Max Load: 4.2 | Load Gap: 1.2 | Group CV: 0.0366
Epoch [1810/2000] | Sampled: 359.00 | Baseline: 329.50 | Improvement: -29.50 | Win Rate: 25.00% | Actor Loss: -0.9176 | Entropy: 1.4126 | Invalid S/B: 0.00/0.00 | Max Load: 4.6 | Load Gap: 1.6 | Group CV: 0.0261
   -> Validation | Samples: 50 | Makespan: 357.60 | Invalid Jobs: 0.00 | Score: 357.60
Epoch [1811/2000] | Sampled: 356.12 | Baseline: 311.50 | Improvement: -44.62 | Win Rate: 0.00% | Actor Loss: 3.7482 | Entropy: 1.4620 | Invalid S/B: 0.00/0.00 | Max Load: 4.4 | Load Gap: 1.4 | Group CV: 0.0357
Epoch [1812/2000] | Sampled: 359.00 | Baseline: 317.50 | Improvement: -41.50 | Win Rate: 0.00% | Actor Loss: -5.5322 | Entropy: 1.4405 | Invalid S/B: 0.12/0.00 | Max Load: 4.1 | Load Gap: 1.1 | Group CV: 0.0594
Epoch [1813/2000] | Sampled: 379.75 | Baseline: 393.50 | Improvement: 13.75 | Win Rate: 75.00% | Actor Loss: -6.6135 | Entropy: 1.4453 | Invalid S/B: 0.38/0.00 | Max Load: 4.1 | Load Gap: 1.1 | Group CV: 0.0683
Epoch [1814/2000] | Sampled: 364.50 | Baseline: 338.50 | Improvement: -26.00 | Win Rate: 0.00% | Actor Loss: 0.1696 | Entropy: 1.4336 | Invalid S/B: 0.00/0.00 | Max Load: 4.4 | Load Gap: 1.4 | Group CV: 0.0342
Epoch [1815/2000] | Sampled: 357.75 | Baseline: 323.50 | Improvement: -34.25 | Win Rate: 0.00% | Actor Loss: 0.8750 | Entropy: 1.4358 | Invalid S/B: 0.00/0.00 | Max Load: 4.5 | Load Gap: 1.5 | Group CV: 0.0183
Epoch [1816/2000] | Sampled: 352.88 | Baseline: 312.00 | Improvement: -40.88 | Win Rate: 0.00% | Actor Loss: -3.2883 | Entropy: 1.4989 | Invalid S/B: 0.12/0.00 | Max Load: 4.6 | Load Gap: 1.6 | Group CV: 0.0297
Epoch [1817/2000] | Sampled: 383.50 | Baseline: 374.00 | Improvement: -9.50 | Win Rate: 37.50% | Actor Loss: 5.2348 | Entropy: 1.4547 | Invalid S/B: 0.12/0.00 | Max Load: 4.5 | Load Gap: 1.5 | Group CV: 0.0566
Epoch [1818/2000] | Sampled: 358.50 | Baseline: 330.50 | Improvement: -28.00 | Win Rate: 12.50% | Actor Loss: -3.3388 | Entropy: 1.5053 | Invalid S/B: 0.00/0.00 | Max Load: 4.4 | Load Gap: 1.4 | Group CV: 0.0291
Epoch [1819/2000] | Sampled: 385.38 | Baseline: 355.00 | Improvement: -30.38 | Win Rate: 12.50% | Actor Loss: -3.3181 | Entropy: 1.4835 | Invalid S/B: 0.12/0.00 | Max Load: 4.4 | Load Gap: 1.4 | Group CV: 0.0550
Epoch [1820/2000] | Sampled: 360.12 | Baseline: 318.50 | Improvement: -41.62 | Win Rate: 0.00% | Actor Loss: -11.5630 | Entropy: 1.5029 | Invalid S/B: 0.00/0.00 | Max Load: 4.1 | Load Gap: 1.1 | Group CV: 0.0333
   -> Validation | Samples: 50 | Makespan: 362.92 | Invalid Jobs: 0.08 | Score: 370.92
Epoch [1821/2000] | Sampled: 364.00 | Baseline: 340.00 | Improvement: -24.00 | Win Rate: 25.00% | Actor Loss: 1.8164 | Entropy: 1.5075 | Invalid S/B: 0.12/0.00 | Max Load: 4.2 | Load Gap: 1.2 | Group CV: 0.0410
Epoch [1822/2000] | Sampled: 354.12 | Baseline: 337.50 | Improvement: -16.62 | Win Rate: 12.50% | Actor Loss: 4.4036 | Entropy: 1.4868 | Invalid S/B: 0.00/0.00 | Max Load: 4.2 | Load Gap: 1.2 | Group CV: 0.0347
Epoch [1823/2000] | Sampled: 364.12 | Baseline: 343.00 | Improvement: -21.12 | Win Rate: 37.50% | Actor Loss: -1.6400 | Entropy: 1.5326 | Invalid S/B: 0.12/0.00 | Max Load: 4.5 | Load Gap: 1.5 | Group CV: 0.0512
Epoch [1824/2000] | Sampled: 349.62 | Baseline: 320.50 | Improvement: -29.12 | Win Rate: 0.00% | Actor Loss: 0.0545 | Entropy: 1.5371 | Invalid S/B: 0.00/0.00 | Max Load: 4.1 | Load Gap: 1.1 | Group CV: 0.0248
Epoch [1825/2000] | Sampled: 364.75 | Baseline: 323.00 | Improvement: -41.75 | Win Rate: 0.00% | Actor Loss: -3.0376 | Entropy: 1.4376 | Invalid S/B: 0.00/0.00 | Max Load: 4.6 | Load Gap: 1.6 | Group CV: 0.0280
Epoch [1826/2000] | Sampled: 357.88 | Baseline: 332.00 | Improvement: -25.88 | Win Rate: 12.50% | Actor Loss: -10.2392 | Entropy: 1.5639 | Invalid S/B: 0.12/0.00 | Max Load: 4.5 | Load Gap: 1.5 | Group CV: 0.0555
Epoch [1827/2000] | Sampled: 343.88 | Baseline: 353.00 | Improvement: 9.12 | Win Rate: 62.50% | Actor Loss: -2.2537 | Entropy: 1.5289 | Invalid S/B: 0.00/0.00 | Max Load: 4.0 | Load Gap: 1.0 | Group CV: 0.0183
Epoch [1828/2000] | Sampled: 365.50 | Baseline: 349.50 | Improvement: -16.00 | Win Rate: 50.00% | Actor Loss: 3.1831 | Entropy: 1.5182 | Invalid S/B: 0.00/0.00 | Max Load: 4.2 | Load Gap: 1.2 | Group CV: 0.0274
Epoch [1829/2000] | Sampled: 382.25 | Baseline: 358.50 | Improvement: -23.75 | Win Rate: 50.00% | Actor Loss: 5.5204 | Entropy: 1.4437 | Invalid S/B: 0.12/0.00 | Max Load: 4.5 | Load Gap: 1.5 | Group CV: 0.0726
Epoch [1830/2000] | Sampled: 359.50 | Baseline: 346.00 | Improvement: -13.50 | Win Rate: 50.00% | Actor Loss: -0.0229 | Entropy: 1.5124 | Invalid S/B: 0.25/0.00 | Max Load: 4.1 | Load Gap: 1.1 | Group CV: 0.0415
   -> Validation | Samples: 50 | Makespan: 360.56 | Invalid Jobs: 0.02 | Score: 362.56
Epoch [1831/2000] | Sampled: 349.00 | Baseline: 329.50 | Improvement: -19.50 | Win Rate: 25.00% | Actor Loss: -4.1905 | Entropy: 1.4990 | Invalid S/B: 0.00/0.00 | Max Load: 4.2 | Load Gap: 1.2 | Group CV: 0.0189
Epoch [1832/2000] | Sampled: 352.75 | Baseline: 344.50 | Improvement: -8.25 | Win Rate: 12.50% | Actor Loss: 0.2784 | Entropy: 1.5016 | Invalid S/B: 0.00/0.00 | Max Load: 4.4 | Load Gap: 1.4 | Group CV: 0.0287
Epoch [1833/2000] | Sampled: 375.00 | Baseline: 359.00 | Improvement: -16.00 | Win Rate: 50.00% | Actor Loss: 0.7184 | Entropy: 1.4632 | Invalid S/B: 0.00/0.00 | Max Load: 4.9 | Load Gap: 1.9 | Group CV: 0.0320
Epoch [1834/2000] | Sampled: 357.00 | Baseline: 325.50 | Improvement: -31.50 | Win Rate: 0.00% | Actor Loss: 0.7270 | Entropy: 1.4928 | Invalid S/B: 0.00/0.00 | Max Load: 4.2 | Load Gap: 1.2 | Group CV: 0.0266
Epoch [1835/2000] | Sampled: 347.75 | Baseline: 321.00 | Improvement: -26.75 | Win Rate: 0.00% | Actor Loss: -0.6310 | Entropy: 1.4373 | Invalid S/B: 0.00/0.00 | Max Load: 4.1 | Load Gap: 1.1 | Group CV: 0.0216
Epoch [1836/2000] | Sampled: 354.00 | Baseline: 329.50 | Improvement: -24.50 | Win Rate: 12.50% | Actor Loss: 3.4070 | Entropy: 1.4677 | Invalid S/B: 0.00/0.00 | Max Load: 4.0 | Load Gap: 1.0 | Group CV: 0.0304
Epoch [1837/2000] | Sampled: 356.75 | Baseline: 345.00 | Improvement: -11.75 | Win Rate: 37.50% | Actor Loss: 0.0761 | Entropy: 1.4104 | Invalid S/B: 0.12/0.00 | Max Load: 4.2 | Load Gap: 1.2 | Group CV: 0.0345
Epoch [1838/2000] | Sampled: 358.50 | Baseline: 315.50 | Improvement: -43.00 | Win Rate: 12.50% | Actor Loss: -0.8325 | Entropy: 1.5728 | Invalid S/B: 0.38/0.00 | Max Load: 4.2 | Load Gap: 1.2 | Group CV: 0.0959
Epoch [1839/2000] | Sampled: 368.00 | Baseline: 337.00 | Improvement: -31.00 | Win Rate: 12.50% | Actor Loss: -0.2244 | Entropy: 1.4528 | Invalid S/B: 0.12/0.00 | Max Load: 4.2 | Load Gap: 1.2 | Group CV: 0.0516
Epoch [1840/2000] | Sampled: 358.62 | Baseline: 346.00 | Improvement: -12.62 | Win Rate: 0.00% | Actor Loss: 3.6456 | Entropy: 1.4768 | Invalid S/B: 0.00/0.00 | Max Load: 4.4 | Load Gap: 1.4 | Group CV: 0.0184
   -> Validation | Samples: 50 | Makespan: 364.92 | Invalid Jobs: 0.08 | Score: 372.92
Epoch [1841/2000] | Sampled: 360.12 | Baseline: 343.50 | Improvement: -16.62 | Win Rate: 50.00% | Actor Loss: -4.7342 | Entropy: 1.4144 | Invalid S/B: 0.00/0.00 | Max Load: 4.4 | Load Gap: 1.4 | Group CV: 0.0276
Epoch [1842/2000] | Sampled: 355.75 | Baseline: 339.00 | Improvement: -16.75 | Win Rate: 50.00% | Actor Loss: 3.7104 | Entropy: 1.4522 | Invalid S/B: 0.00/0.00 | Max Load: 4.0 | Load Gap: 1.0 | Group CV: 0.0240
Epoch [1843/2000] | Sampled: 373.38 | Baseline: 331.00 | Improvement: -42.38 | Win Rate: 0.00% | Actor Loss: -1.2676 | Entropy: 1.4243 | Invalid S/B: 0.38/0.00 | Max Load: 4.4 | Load Gap: 1.4 | Group CV: 0.0664
Epoch [1844/2000] | Sampled: 346.62 | Baseline: 306.00 | Improvement: -40.62 | Win Rate: 0.00% | Actor Loss: -1.2627 | Entropy: 1.4971 | Invalid S/B: 0.00/0.00 | Max Load: 4.4 | Load Gap: 1.4 | Group CV: 0.0284
Epoch [1845/2000] | Sampled: 361.38 | Baseline: 324.00 | Improvement: -37.38 | Win Rate: 0.00% | Actor Loss: -4.1763 | Entropy: 1.4708 | Invalid S/B: 0.12/0.00 | Max Load: 4.4 | Load Gap: 1.4 | Group CV: 0.0475
Epoch [1846/2000] | Sampled: 362.50 | Baseline: 330.50 | Improvement: -32.00 | Win Rate: 37.50% | Actor Loss: 0.0467 | Entropy: 1.4895 | Invalid S/B: 0.25/0.00 | Max Load: 4.0 | Load Gap: 1.0 | Group CV: 0.0413
Epoch [1847/2000] | Sampled: 352.00 | Baseline: 319.00 | Improvement: -33.00 | Win Rate: 0.00% | Actor Loss: -7.2660 | Entropy: 1.4406 | Invalid S/B: 0.12/0.00 | Max Load: 4.2 | Load Gap: 1.2 | Group CV: 0.0408
Epoch [1848/2000] | Sampled: 358.50 | Baseline: 342.50 | Improvement: -16.00 | Win Rate: 25.00% | Actor Loss: -2.2424 | Entropy: 1.4361 | Invalid S/B: 0.00/0.00 | Max Load: 4.1 | Load Gap: 1.1 | Group CV: 0.0160
Epoch [1849/2000] | Sampled: 353.50 | Baseline: 325.50 | Improvement: -28.00 | Win Rate: 0.00% | Actor Loss: 3.8579 | Entropy: 1.4367 | Invalid S/B: 0.00/0.00 | Max Load: 4.2 | Load Gap: 1.2 | Group CV: 0.0260
Epoch [1850/2000] | Sampled: 356.75 | Baseline: 329.50 | Improvement: -27.25 | Win Rate: 0.00% | Actor Loss: 3.6632 | Entropy: 1.4264 | Invalid S/B: 0.00/0.00 | Max Load: 4.2 | Load Gap: 1.2 | Group CV: 0.0181
   -> Validation | Samples: 50 | Makespan: 361.32 | Invalid Jobs: 0.02 | Score: 363.32
Epoch [1851/2000] | Sampled: 366.50 | Baseline: 327.00 | Improvement: -39.50 | Win Rate: 0.00% | Actor Loss: 8.1695 | Entropy: 1.4707 | Invalid S/B: 0.25/0.00 | Max Load: 4.2 | Load Gap: 1.2 | Group CV: 0.0908
Epoch [1852/2000] | Sampled: 352.75 | Baseline: 323.50 | Improvement: -29.25 | Win Rate: 0.00% | Actor Loss: 1.6952 | Entropy: 1.4250 | Invalid S/B: 0.25/0.00 | Max Load: 4.2 | Load Gap: 1.2 | Group CV: 0.0600
Epoch [1853/2000] | Sampled: 357.62 | Baseline: 374.00 | Improvement: 16.38 | Win Rate: 75.00% | Actor Loss: -4.1590 | Entropy: 1.4080 | Invalid S/B: 0.00/0.00 | Max Load: 4.1 | Load Gap: 1.1 | Group CV: 0.0218
Epoch [1854/2000] | Sampled: 378.75 | Baseline: 359.00 | Improvement: -19.75 | Win Rate: 37.50% | Actor Loss: -3.8985 | Entropy: 1.4433 | Invalid S/B: 0.38/0.00 | Max Load: 4.4 | Load Gap: 1.4 | Group CV: 0.0655
Epoch [1855/2000] | Sampled: 344.50 | Baseline: 338.00 | Improvement: -6.50 | Win Rate: 25.00% | Actor Loss: 3.5799 | Entropy: 1.5034 | Invalid S/B: 0.00/0.00 | Max Load: 4.5 | Load Gap: 1.5 | Group CV: 0.0283
Epoch [1856/2000] | Sampled: 352.38 | Baseline: 299.50 | Improvement: -52.88 | Win Rate: 0.00% | Actor Loss: 2.4603 | Entropy: 1.4597 | Invalid S/B: 0.00/0.00 | Max Load: 4.1 | Load Gap: 1.1 | Group CV: 0.0193
Epoch [1857/2000] | Sampled: 362.12 | Baseline: 312.00 | Improvement: -50.12 | Win Rate: 0.00% | Actor Loss: -3.4989 | Entropy: 1.4173 | Invalid S/B: 0.00/0.00 | Max Load: 4.1 | Load Gap: 1.1 | Group CV: 0.0240
Epoch [1858/2000] | Sampled: 365.75 | Baseline: 354.00 | Improvement: -11.75 | Win Rate: 37.50% | Actor Loss: 2.0120 | Entropy: 1.3591 | Invalid S/B: 0.00/0.00 | Max Load: 4.4 | Load Gap: 1.4 | Group CV: 0.0214
Epoch [1859/2000] | Sampled: 342.25 | Baseline: 338.50 | Improvement: -3.75 | Win Rate: 25.00% | Actor Loss: -4.6823 | Entropy: 1.4614 | Invalid S/B: 0.00/0.00 | Max Load: 4.2 | Load Gap: 1.2 | Group CV: 0.0164
Epoch [1860/2000] | Sampled: 360.38 | Baseline: 391.00 | Improvement: 30.62 | Win Rate: 62.50% | Actor Loss: 2.1297 | Entropy: 1.3877 | Invalid S/B: 0.00/0.00 | Max Load: 4.4 | Load Gap: 1.4 | Group CV: 0.0270
   -> Validation | Samples: 50 | Makespan: 358.62 | Invalid Jobs: 0.02 | Score: 360.62
Epoch [1861/2000] | Sampled: 358.38 | Baseline: 297.00 | Improvement: -61.38 | Win Rate: 0.00% | Actor Loss: 3.0601 | Entropy: 1.4616 | Invalid S/B: 0.25/0.00 | Max Load: 4.5 | Load Gap: 1.5 | Group CV: 0.0487
Epoch [1862/2000] | Sampled: 387.00 | Baseline: 358.50 | Improvement: -28.50 | Win Rate: 25.00% | Actor Loss: 3.2564 | Entropy: 1.4060 | Invalid S/B: 0.25/0.00 | Max Load: 4.0 | Load Gap: 1.0 | Group CV: 0.0429
Epoch [1863/2000] | Sampled: 365.75 | Baseline: 339.00 | Improvement: -26.75 | Win Rate: 0.00% | Actor Loss: -5.9219 | Entropy: 1.3982 | Invalid S/B: 0.00/0.00 | Max Load: 4.1 | Load Gap: 1.1 | Group CV: 0.0142
Epoch [1864/2000] | Sampled: 350.12 | Baseline: 316.50 | Improvement: -33.62 | Win Rate: 12.50% | Actor Loss: -2.1213 | Entropy: 1.4140 | Invalid S/B: 0.00/0.00 | Max Load: 4.4 | Load Gap: 1.4 | Group CV: 0.0220
Epoch [1865/2000] | Sampled: 363.12 | Baseline: 318.50 | Improvement: -44.62 | Win Rate: 0.00% | Actor Loss: 2.2250 | Entropy: 1.3660 | Invalid S/B: 0.12/0.00 | Max Load: 4.6 | Load Gap: 1.6 | Group CV: 0.0611
Epoch [1866/2000] | Sampled: 357.50 | Baseline: 342.00 | Improvement: -15.50 | Win Rate: 50.00% | Actor Loss: -2.6112 | Entropy: 1.4134 | Invalid S/B: 0.00/0.00 | Max Load: 4.0 | Load Gap: 1.0 | Group CV: 0.0203
Epoch [1867/2000] | Sampled: 352.50 | Baseline: 322.50 | Improvement: -30.00 | Win Rate: 0.00% | Actor Loss: 0.3403 | Entropy: 1.4423 | Invalid S/B: 0.00/0.00 | Max Load: 4.0 | Load Gap: 1.0 | Group CV: 0.0213
Epoch [1868/2000] | Sampled: 363.00 | Baseline: 329.50 | Improvement: -33.50 | Win Rate: 12.50% | Actor Loss: -5.4597 | Entropy: 1.3754 | Invalid S/B: 0.00/0.00 | Max Load: 4.4 | Load Gap: 1.4 | Group CV: 0.0159
Epoch [1869/2000] | Sampled: 354.75 | Baseline: 318.50 | Improvement: -36.25 | Win Rate: 0.00% | Actor Loss: -0.5180 | Entropy: 1.4660 | Invalid S/B: 0.00/0.00 | Max Load: 4.1 | Load Gap: 1.1 | Group CV: 0.0324
Epoch [1870/2000] | Sampled: 361.38 | Baseline: 323.00 | Improvement: -38.38 | Win Rate: 0.00% | Actor Loss: -0.6096 | Entropy: 1.4142 | Invalid S/B: 0.12/0.00 | Max Load: 4.1 | Load Gap: 1.1 | Group CV: 0.0370
   -> Validation | Samples: 50 | Makespan: 361.02 | Invalid Jobs: 0.02 | Score: 363.02
Epoch [1871/2000] | Sampled: 363.88 | Baseline: 343.00 | Improvement: -20.88 | Win Rate: 37.50% | Actor Loss: -1.0037 | Entropy: 1.4578 | Invalid S/B: 0.12/0.00 | Max Load: 4.1 | Load Gap: 1.1 | Group CV: 0.0560
Epoch [1872/2000] | Sampled: 364.88 | Baseline: 332.00 | Improvement: -32.88 | Win Rate: 0.00% | Actor Loss: -4.2586 | Entropy: 1.4329 | Invalid S/B: 0.12/0.00 | Max Load: 4.2 | Load Gap: 1.2 | Group CV: 0.0378
Epoch [1873/2000] | Sampled: 363.50 | Baseline: 291.50 | Improvement: -72.00 | Win Rate: 0.00% | Actor Loss: 0.9693 | Entropy: 1.4061 | Invalid S/B: 0.12/0.00 | Max Load: 4.4 | Load Gap: 1.4 | Group CV: 0.0120
Epoch [1874/2000] | Sampled: 355.12 | Baseline: 362.50 | Improvement: 7.38 | Win Rate: 75.00% | Actor Loss: -1.3923 | Entropy: 1.4085 | Invalid S/B: 0.12/0.00 | Max Load: 4.2 | Load Gap: 1.2 | Group CV: 0.0368
Epoch [1875/2000] | Sampled: 346.88 | Baseline: 320.00 | Improvement: -26.88 | Win Rate: 0.00% | Actor Loss: 2.5883 | Entropy: 1.4114 | Invalid S/B: 0.00/0.00 | Max Load: 4.1 | Load Gap: 1.1 | Group CV: 0.0261
Epoch [1876/2000] | Sampled: 348.25 | Baseline: 349.00 | Improvement: 0.75 | Win Rate: 50.00% | Actor Loss: -4.8560 | Entropy: 1.4028 | Invalid S/B: 0.00/0.00 | Max Load: 4.4 | Load Gap: 1.4 | Group CV: 0.0237
Epoch [1877/2000] | Sampled: 351.50 | Baseline: 325.00 | Improvement: -26.50 | Win Rate: 0.00% | Actor Loss: -6.6459 | Entropy: 1.4063 | Invalid S/B: 0.00/0.00 | Max Load: 4.4 | Load Gap: 1.4 | Group CV: 0.0132
Epoch [1878/2000] | Sampled: 364.88 | Baseline: 391.00 | Improvement: 26.12 | Win Rate: 87.50% | Actor Loss: 0.1430 | Entropy: 1.3780 | Invalid S/B: 0.00/0.00 | Max Load: 4.5 | Load Gap: 1.5 | Group CV: 0.0420
Epoch [1879/2000] | Sampled: 357.12 | Baseline: 353.50 | Improvement: -3.62 | Win Rate: 50.00% | Actor Loss: 1.7076 | Entropy: 1.4168 | Invalid S/B: 0.00/0.00 | Max Load: 4.0 | Load Gap: 1.0 | Group CV: 0.0165
Epoch [1880/2000] | Sampled: 369.75 | Baseline: 351.50 | Improvement: -18.25 | Win Rate: 37.50% | Actor Loss: 3.7442 | Entropy: 1.4628 | Invalid S/B: 0.12/0.00 | Max Load: 4.2 | Load Gap: 1.2 | Group CV: 0.0632
   -> Validation | Samples: 50 | Makespan: 361.84 | Invalid Jobs: 0.02 | Score: 363.84
Epoch [1881/2000] | Sampled: 351.88 | Baseline: 330.50 | Improvement: -21.38 | Win Rate: 25.00% | Actor Loss: 3.7386 | Entropy: 1.4461 | Invalid S/B: 0.12/0.00 | Max Load: 4.2 | Load Gap: 1.2 | Group CV: 0.0407
Epoch [1882/2000] | Sampled: 361.38 | Baseline: 306.50 | Improvement: -54.88 | Win Rate: 0.00% | Actor Loss: -7.7066 | Entropy: 1.4061 | Invalid S/B: 0.00/0.00 | Max Load: 4.4 | Load Gap: 1.4 | Group CV: 0.0249
Epoch [1883/2000] | Sampled: 349.38 | Baseline: 350.50 | Improvement: 1.12 | Win Rate: 50.00% | Actor Loss: -0.9011 | Entropy: 1.4189 | Invalid S/B: 0.00/0.00 | Max Load: 4.2 | Load Gap: 1.2 | Group CV: 0.0363
Epoch [1884/2000] | Sampled: 352.12 | Baseline: 278.50 | Improvement: -73.62 | Win Rate: 0.00% | Actor Loss: -0.4232 | Entropy: 1.4714 | Invalid S/B: 0.12/0.00 | Max Load: 4.5 | Load Gap: 1.5 | Group CV: 0.0609
Epoch [1885/2000] | Sampled: 366.12 | Baseline: 302.00 | Improvement: -64.12 | Win Rate: 0.00% | Actor Loss: -1.4660 | Entropy: 1.4135 | Invalid S/B: 0.12/0.00 | Max Load: 4.4 | Load Gap: 1.4 | Group CV: 0.0566
Epoch [1886/2000] | Sampled: 348.88 | Baseline: 323.00 | Improvement: -25.88 | Win Rate: 37.50% | Actor Loss: -1.3745 | Entropy: 1.4721 | Invalid S/B: 0.00/0.00 | Max Load: 4.4 | Load Gap: 1.4 | Group CV: 0.0201
Epoch [1887/2000] | Sampled: 359.38 | Baseline: 347.00 | Improvement: -12.38 | Win Rate: 0.00% | Actor Loss: -0.5576 | Entropy: 1.3739 | Invalid S/B: 0.00/0.00 | Max Load: 4.2 | Load Gap: 1.2 | Group CV: 0.0167
Epoch [1888/2000] | Sampled: 361.25 | Baseline: 405.50 | Improvement: 44.25 | Win Rate: 100.00% | Actor Loss: -2.0685 | Entropy: 1.4120 | Invalid S/B: 0.00/0.00 | Max Load: 4.2 | Load Gap: 1.2 | Group CV: 0.0215
Epoch [1889/2000] | Sampled: 351.50 | Baseline: 335.50 | Improvement: -16.00 | Win Rate: 25.00% | Actor Loss: 0.7577 | Entropy: 1.3789 | Invalid S/B: 0.00/0.00 | Max Load: 4.5 | Load Gap: 1.5 | Group CV: 0.0224
Epoch [1890/2000] | Sampled: 365.25 | Baseline: 364.00 | Improvement: -1.25 | Win Rate: 37.50% | Actor Loss: -2.0782 | Entropy: 1.3771 | Invalid S/B: 0.00/0.00 | Max Load: 4.5 | Load Gap: 1.5 | Group CV: 0.0218
   -> Validation | Samples: 50 | Makespan: 358.58 | Invalid Jobs: 0.02 | Score: 360.58
Epoch [1891/2000] | Sampled: 357.88 | Baseline: 363.50 | Improvement: 5.62 | Win Rate: 50.00% | Actor Loss: 0.9463 | Entropy: 1.4403 | Invalid S/B: 0.12/0.00 | Max Load: 4.1 | Load Gap: 1.1 | Group CV: 0.0525
Epoch [1892/2000] | Sampled: 344.88 | Baseline: 315.00 | Improvement: -29.88 | Win Rate: 0.00% | Actor Loss: -0.6980 | Entropy: 1.4477 | Invalid S/B: 0.00/0.00 | Max Load: 4.1 | Load Gap: 1.1 | Group CV: 0.0223
Epoch [1893/2000] | Sampled: 352.88 | Baseline: 311.50 | Improvement: -41.38 | Win Rate: 0.00% | Actor Loss: 0.5005 | Entropy: 1.4070 | Invalid S/B: 0.00/0.00 | Max Load: 4.6 | Load Gap: 1.6 | Group CV: 0.0368
Epoch [1894/2000] | Sampled: 352.75 | Baseline: 306.50 | Improvement: -46.25 | Win Rate: 0.00% | Actor Loss: -0.9962 | Entropy: 1.4395 | Invalid S/B: 0.12/0.00 | Max Load: 4.0 | Load Gap: 1.0 | Group CV: 0.0397
Epoch [1895/2000] | Sampled: 355.00 | Baseline: 334.50 | Improvement: -20.50 | Win Rate: 37.50% | Actor Loss: -3.7964 | Entropy: 1.4378 | Invalid S/B: 0.00/0.00 | Max Load: 4.1 | Load Gap: 1.1 | Group CV: 0.0270
Epoch [1896/2000] | Sampled: 346.00 | Baseline: 336.00 | Improvement: -10.00 | Win Rate: 37.50% | Actor Loss: 4.3387 | Entropy: 1.3802 | Invalid S/B: 0.00/0.00 | Max Load: 4.1 | Load Gap: 1.1 | Group CV: 0.0204
Epoch [1897/2000] | Sampled: 362.75 | Baseline: 340.00 | Improvement: -22.75 | Win Rate: 12.50% | Actor Loss: 4.5186 | Entropy: 1.4129 | Invalid S/B: 0.00/0.00 | Max Load: 4.2 | Load Gap: 1.2 | Group CV: 0.0375
Epoch [1898/2000] | Sampled: 352.12 | Baseline: 322.00 | Improvement: -30.12 | Win Rate: 0.00% | Actor Loss: -5.2217 | Entropy: 1.4833 | Invalid S/B: 0.12/0.00 | Max Load: 4.2 | Load Gap: 1.2 | Group CV: 0.0253
Epoch [1899/2000] | Sampled: 371.00 | Baseline: 342.00 | Improvement: -29.00 | Win Rate: 0.00% | Actor Loss: 2.0922 | Entropy: 1.4055 | Invalid S/B: 0.12/0.00 | Max Load: 4.0 | Load Gap: 1.0 | Group CV: 0.0562
Epoch [1900/2000] | Sampled: 356.25 | Baseline: 330.00 | Improvement: -26.25 | Win Rate: 37.50% | Actor Loss: 1.5427 | Entropy: 1.4219 | Invalid S/B: 0.12/0.00 | Max Load: 4.4 | Load Gap: 1.4 | Group CV: 0.0594
   -> Validation | Samples: 50 | Makespan: 357.52 | Invalid Jobs: 0.02 | Score: 359.52
   -> Saved updated training chart to /home/wei/Desktop/AMR-DFJSP/Static_alogorithm/Attention/attention_training_metrics.png
Epoch [1901/2000] | Sampled: 374.00 | Baseline: 337.50 | Improvement: -36.50 | Win Rate: 0.00% | Actor Loss: -5.2680 | Entropy: 1.3342 | Invalid S/B: 0.00/0.00 | Max Load: 4.1 | Load Gap: 1.1 | Group CV: 0.0295
Epoch [1902/2000] | Sampled: 350.00 | Baseline: 329.50 | Improvement: -20.50 | Win Rate: 0.00% | Actor Loss: -3.2628 | Entropy: 1.4097 | Invalid S/B: 0.12/0.00 | Max Load: 4.0 | Load Gap: 1.0 | Group CV: 0.0347
Epoch [1903/2000] | Sampled: 344.75 | Baseline: 308.50 | Improvement: -36.25 | Win Rate: 0.00% | Actor Loss: 2.9834 | Entropy: 1.4085 | Invalid S/B: 0.00/0.00 | Max Load: 4.1 | Load Gap: 1.1 | Group CV: 0.0196
Epoch [1904/2000] | Sampled: 357.62 | Baseline: 325.50 | Improvement: -32.12 | Win Rate: 0.00% | Actor Loss: -3.1577 | Entropy: 1.4440 | Invalid S/B: 0.00/0.00 | Max Load: 4.4 | Load Gap: 1.4 | Group CV: 0.0241
Epoch [1905/2000] | Sampled: 354.88 | Baseline: 323.50 | Improvement: -31.38 | Win Rate: 0.00% | Actor Loss: -2.7407 | Entropy: 1.4007 | Invalid S/B: 0.00/0.00 | Max Load: 4.0 | Load Gap: 1.0 | Group CV: 0.0146
Epoch [1906/2000] | Sampled: 357.50 | Baseline: 310.50 | Improvement: -47.00 | Win Rate: 0.00% | Actor Loss: -1.1329 | Entropy: 1.3931 | Invalid S/B: 0.25/0.00 | Max Load: 4.2 | Load Gap: 1.2 | Group CV: 0.0658
Epoch [1907/2000] | Sampled: 355.62 | Baseline: 356.50 | Improvement: 0.88 | Win Rate: 50.00% | Actor Loss: -0.3279 | Entropy: 1.4028 | Invalid S/B: 0.00/0.00 | Max Load: 4.2 | Load Gap: 1.2 | Group CV: 0.0214
Epoch [1908/2000] | Sampled: 373.00 | Baseline: 349.00 | Improvement: -24.00 | Win Rate: 50.00% | Actor Loss: 2.7935 | Entropy: 1.3879 | Invalid S/B: 0.50/0.00 | Max Load: 4.1 | Load Gap: 1.1 | Group CV: 0.0954
Epoch [1909/2000] | Sampled: 359.75 | Baseline: 319.50 | Improvement: -40.25 | Win Rate: 25.00% | Actor Loss: 2.2196 | Entropy: 1.4202 | Invalid S/B: 0.25/0.00 | Max Load: 4.1 | Load Gap: 1.1 | Group CV: 0.0566
Epoch [1910/2000] | Sampled: 355.00 | Baseline: 358.50 | Improvement: 3.50 | Win Rate: 50.00% | Actor Loss: 5.6772 | Entropy: 1.4176 | Invalid S/B: 0.25/0.00 | Max Load: 4.1 | Load Gap: 1.1 | Group CV: 0.0429
   -> Validation | Samples: 50 | Makespan: 357.70 | Invalid Jobs: 0.04 | Score: 361.70
Epoch [1911/2000] | Sampled: 358.12 | Baseline: 358.50 | Improvement: 0.38 | Win Rate: 50.00% | Actor Loss: 4.0140 | Entropy: 1.3827 | Invalid S/B: 0.00/0.00 | Max Load: 4.5 | Load Gap: 1.5 | Group CV: 0.0274
Epoch [1912/2000] | Sampled: 354.38 | Baseline: 368.00 | Improvement: 13.62 | Win Rate: 100.00% | Actor Loss: 6.1034 | Entropy: 1.3696 | Invalid S/B: 0.00/0.00 | Max Load: 4.1 | Load Gap: 1.1 | Group CV: 0.0150
Epoch [1913/2000] | Sampled: 360.12 | Baseline: 333.50 | Improvement: -26.62 | Win Rate: 37.50% | Actor Loss: 2.2703 | Entropy: 1.3515 | Invalid S/B: 0.12/0.00 | Max Load: 4.1 | Load Gap: 1.1 | Group CV: 0.0455
Epoch [1914/2000] | Sampled: 363.50 | Baseline: 339.50 | Improvement: -24.00 | Win Rate: 0.00% | Actor Loss: -6.5341 | Entropy: 1.3982 | Invalid S/B: 0.50/0.00 | Max Load: 4.1 | Load Gap: 1.1 | Group CV: 0.0471
Epoch [1915/2000] | Sampled: 362.25 | Baseline: 344.00 | Improvement: -18.25 | Win Rate: 12.50% | Actor Loss: 6.1487 | Entropy: 1.4126 | Invalid S/B: 0.12/0.00 | Max Load: 4.1 | Load Gap: 1.1 | Group CV: 0.0442
Epoch [1916/2000] | Sampled: 358.50 | Baseline: 321.50 | Improvement: -37.00 | Win Rate: 0.00% | Actor Loss: -2.3986 | Entropy: 1.4024 | Invalid S/B: 0.00/0.00 | Max Load: 4.0 | Load Gap: 1.0 | Group CV: 0.0348
Epoch [1917/2000] | Sampled: 357.00 | Baseline: 355.00 | Improvement: -2.00 | Win Rate: 37.50% | Actor Loss: 1.0736 | Entropy: 1.4059 | Invalid S/B: 0.00/0.00 | Max Load: 4.4 | Load Gap: 1.4 | Group CV: 0.0197
Epoch [1918/2000] | Sampled: 371.75 | Baseline: 336.00 | Improvement: -35.75 | Win Rate: 25.00% | Actor Loss: 1.8911 | Entropy: 1.4267 | Invalid S/B: 0.12/0.00 | Max Load: 4.5 | Load Gap: 1.5 | Group CV: 0.0441
Epoch [1919/2000] | Sampled: 359.25 | Baseline: 329.00 | Improvement: -30.25 | Win Rate: 0.00% | Actor Loss: -6.9037 | Entropy: 1.4314 | Invalid S/B: 0.00/0.00 | Max Load: 4.2 | Load Gap: 1.2 | Group CV: 0.0337
Epoch [1920/2000] | Sampled: 355.00 | Baseline: 343.00 | Improvement: -12.00 | Win Rate: 25.00% | Actor Loss: 4.0067 | Entropy: 1.4377 | Invalid S/B: 0.00/0.00 | Max Load: 4.6 | Load Gap: 1.6 | Group CV: 0.0193
   -> Validation | Samples: 50 | Makespan: 356.70 | Invalid Jobs: 0.00 | Score: 356.70
Epoch [1921/2000] | Sampled: 359.75 | Baseline: 367.00 | Improvement: 7.25 | Win Rate: 75.00% | Actor Loss: 8.4751 | Entropy: 1.4650 | Invalid S/B: 0.00/0.50 | Max Load: 4.1 | Load Gap: 1.1 | Group CV: 0.0332
Epoch [1922/2000] | Sampled: 348.88 | Baseline: 332.00 | Improvement: -16.88 | Win Rate: 0.00% | Actor Loss: -0.0221 | Entropy: 1.4836 | Invalid S/B: 0.00/0.00 | Max Load: 4.4 | Load Gap: 1.4 | Group CV: 0.0120
Epoch [1923/2000] | Sampled: 355.62 | Baseline: 351.50 | Improvement: -4.12 | Win Rate: 50.00% | Actor Loss: 4.2734 | Entropy: 1.4414 | Invalid S/B: 0.00/0.50 | Max Load: 4.0 | Load Gap: 1.0 | Group CV: 0.0201
Epoch [1924/2000] | Sampled: 360.38 | Baseline: 325.50 | Improvement: -34.88 | Win Rate: 0.00% | Actor Loss: -3.4791 | Entropy: 1.4063 | Invalid S/B: 0.00/0.00 | Max Load: 4.4 | Load Gap: 1.4 | Group CV: 0.0170
Epoch [1925/2000] | Sampled: 363.50 | Baseline: 346.50 | Improvement: -17.00 | Win Rate: 37.50% | Actor Loss: 1.3577 | Entropy: 1.4643 | Invalid S/B: 0.12/0.00 | Max Load: 4.4 | Load Gap: 1.4 | Group CV: 0.0492
Epoch [1926/2000] | Sampled: 342.75 | Baseline: 359.50 | Improvement: 16.75 | Win Rate: 100.00% | Actor Loss: 1.0813 | Entropy: 1.4293 | Invalid S/B: 0.00/0.00 | Max Load: 4.4 | Load Gap: 1.4 | Group CV: 0.0118
Epoch [1927/2000] | Sampled: 368.75 | Baseline: 324.50 | Improvement: -44.25 | Win Rate: 0.00% | Actor Loss: -5.0701 | Entropy: 1.4988 | Invalid S/B: 0.12/0.00 | Max Load: 4.1 | Load Gap: 1.1 | Group CV: 0.0377
Epoch [1928/2000] | Sampled: 358.75 | Baseline: 326.00 | Improvement: -32.75 | Win Rate: 0.00% | Actor Loss: -2.0142 | Entropy: 1.4864 | Invalid S/B: 0.25/0.00 | Max Load: 4.0 | Load Gap: 1.0 | Group CV: 0.0519
Epoch [1929/2000] | Sampled: 342.00 | Baseline: 306.50 | Improvement: -35.50 | Win Rate: 0.00% | Actor Loss: 0.4498 | Entropy: 1.4450 | Invalid S/B: 0.00/0.00 | Max Load: 4.0 | Load Gap: 1.0 | Group CV: 0.0132
Epoch [1930/2000] | Sampled: 377.38 | Baseline: 343.00 | Improvement: -34.38 | Win Rate: 0.00% | Actor Loss: -0.9254 | Entropy: 1.4637 | Invalid S/B: 0.12/0.00 | Max Load: 4.4 | Load Gap: 1.4 | Group CV: 0.0346
   -> Validation | Samples: 50 | Makespan: 357.84 | Invalid Jobs: 0.02 | Score: 359.84
Epoch [1931/2000] | Sampled: 354.25 | Baseline: 326.00 | Improvement: -28.25 | Win Rate: 0.00% | Actor Loss: 0.4043 | Entropy: 1.5142 | Invalid S/B: 0.00/0.00 | Max Load: 4.2 | Load Gap: 1.2 | Group CV: 0.0114
Epoch [1932/2000] | Sampled: 353.38 | Baseline: 329.00 | Improvement: -24.38 | Win Rate: 12.50% | Actor Loss: 8.2849 | Entropy: 1.4519 | Invalid S/B: 0.00/0.00 | Max Load: 4.2 | Load Gap: 1.2 | Group CV: 0.0220
Epoch [1933/2000] | Sampled: 360.88 | Baseline: 329.00 | Improvement: -31.88 | Win Rate: 0.00% | Actor Loss: -1.3010 | Entropy: 1.4778 | Invalid S/B: 0.00/0.00 | Max Load: 4.1 | Load Gap: 1.1 | Group CV: 0.0222
Epoch [1934/2000] | Sampled: 357.88 | Baseline: 346.00 | Improvement: -11.88 | Win Rate: 50.00% | Actor Loss: -3.5483 | Entropy: 1.5193 | Invalid S/B: 0.12/0.00 | Max Load: 4.1 | Load Gap: 1.1 | Group CV: 0.0589
Epoch [1935/2000] | Sampled: 344.12 | Baseline: 303.50 | Improvement: -40.62 | Win Rate: 0.00% | Actor Loss: -1.8916 | Entropy: 1.4934 | Invalid S/B: 0.00/0.00 | Max Load: 4.4 | Load Gap: 1.4 | Group CV: 0.0193
Epoch [1936/2000] | Sampled: 346.25 | Baseline: 337.00 | Improvement: -9.25 | Win Rate: 37.50% | Actor Loss: -1.9287 | Entropy: 1.5268 | Invalid S/B: 0.00/0.00 | Max Load: 4.1 | Load Gap: 1.1 | Group CV: 0.0166
Epoch [1937/2000] | Sampled: 354.12 | Baseline: 323.50 | Improvement: -30.62 | Win Rate: 0.00% | Actor Loss: -0.0416 | Entropy: 1.4852 | Invalid S/B: 0.00/0.00 | Max Load: 4.1 | Load Gap: 1.1 | Group CV: 0.0279
Epoch [1938/2000] | Sampled: 356.88 | Baseline: 321.50 | Improvement: -35.38 | Win Rate: 0.00% | Actor Loss: 6.9857 | Entropy: 1.4271 | Invalid S/B: 0.00/0.00 | Max Load: 4.2 | Load Gap: 1.2 | Group CV: 0.0167
Epoch [1939/2000] | Sampled: 378.12 | Baseline: 381.00 | Improvement: 2.88 | Win Rate: 50.00% | Actor Loss: 2.0265 | Entropy: 1.4773 | Invalid S/B: 0.12/0.00 | Max Load: 4.0 | Load Gap: 1.0 | Group CV: 0.0191
Epoch [1940/2000] | Sampled: 355.62 | Baseline: 343.50 | Improvement: -12.12 | Win Rate: 25.00% | Actor Loss: 2.7469 | Entropy: 1.4751 | Invalid S/B: 0.00/0.00 | Max Load: 4.0 | Load Gap: 1.0 | Group CV: 0.0299
   -> Validation | Samples: 50 | Makespan: 358.30 | Invalid Jobs: 0.00 | Score: 358.30
Epoch [1941/2000] | Sampled: 358.12 | Baseline: 333.00 | Improvement: -25.12 | Win Rate: 0.00% | Actor Loss: -2.0463 | Entropy: 1.4677 | Invalid S/B: 0.00/0.00 | Max Load: 4.0 | Load Gap: 1.0 | Group CV: 0.0230
Epoch [1942/2000] | Sampled: 355.75 | Baseline: 352.50 | Improvement: -3.25 | Win Rate: 50.00% | Actor Loss: -1.5471 | Entropy: 1.4600 | Invalid S/B: 0.00/0.00 | Max Load: 4.4 | Load Gap: 1.4 | Group CV: 0.0189
Epoch [1943/2000] | Sampled: 350.62 | Baseline: 345.00 | Improvement: -5.62 | Win Rate: 50.00% | Actor Loss: -2.0311 | Entropy: 1.5222 | Invalid S/B: 0.00/0.00 | Max Load: 4.1 | Load Gap: 1.1 | Group CV: 0.0183
Epoch [1944/2000] | Sampled: 365.25 | Baseline: 354.00 | Improvement: -11.25 | Win Rate: 25.00% | Actor Loss: -1.1540 | Entropy: 1.4969 | Invalid S/B: 0.12/0.00 | Max Load: 4.2 | Load Gap: 1.2 | Group CV: 0.0447
Epoch [1945/2000] | Sampled: 355.75 | Baseline: 340.00 | Improvement: -15.75 | Win Rate: 12.50% | Actor Loss: -5.3625 | Entropy: 1.5314 | Invalid S/B: 0.12/0.00 | Max Load: 4.4 | Load Gap: 1.4 | Group CV: 0.0407
Epoch [1946/2000] | Sampled: 351.50 | Baseline: 332.50 | Improvement: -19.00 | Win Rate: 25.00% | Actor Loss: -0.1800 | Entropy: 1.4937 | Invalid S/B: 0.12/0.00 | Max Load: 4.1 | Load Gap: 1.1 | Group CV: 0.0444
Epoch [1947/2000] | Sampled: 362.88 | Baseline: 318.00 | Improvement: -44.88 | Win Rate: 0.00% | Actor Loss: -3.6395 | Entropy: 1.4632 | Invalid S/B: 0.12/0.00 | Max Load: 4.2 | Load Gap: 1.2 | Group CV: 0.0510
Epoch [1948/2000] | Sampled: 351.12 | Baseline: 337.00 | Improvement: -14.12 | Win Rate: 0.00% | Actor Loss: 1.5705 | Entropy: 1.4659 | Invalid S/B: 0.00/0.00 | Max Load: 4.0 | Load Gap: 1.0 | Group CV: 0.0203
Epoch [1949/2000] | Sampled: 356.25 | Baseline: 326.00 | Improvement: -30.25 | Win Rate: 0.00% | Actor Loss: -2.8815 | Entropy: 1.4404 | Invalid S/B: 0.12/0.00 | Max Load: 4.1 | Load Gap: 1.1 | Group CV: 0.0391
Epoch [1950/2000] | Sampled: 353.12 | Baseline: 340.50 | Improvement: -12.62 | Win Rate: 12.50% | Actor Loss: 2.4172 | Entropy: 1.5318 | Invalid S/B: 0.00/0.00 | Max Load: 4.4 | Load Gap: 1.4 | Group CV: 0.0243
   -> Validation | Samples: 50 | Makespan: 362.04 | Invalid Jobs: 0.04 | Score: 366.04
Epoch [1951/2000] | Sampled: 360.25 | Baseline: 366.00 | Improvement: 5.75 | Win Rate: 50.00% | Actor Loss: 2.3260 | Entropy: 1.4891 | Invalid S/B: 0.00/0.00 | Max Load: 4.2 | Load Gap: 1.2 | Group CV: 0.0121
Epoch [1952/2000] | Sampled: 342.62 | Baseline: 337.50 | Improvement: -5.12 | Win Rate: 25.00% | Actor Loss: 1.2301 | Entropy: 1.5333 | Invalid S/B: 0.00/0.00 | Max Load: 4.1 | Load Gap: 1.1 | Group CV: 0.0252
Epoch [1953/2000] | Sampled: 356.62 | Baseline: 309.00 | Improvement: -47.62 | Win Rate: 0.00% | Actor Loss: 0.8282 | Entropy: 1.5057 | Invalid S/B: 0.00/0.00 | Max Load: 4.2 | Load Gap: 1.2 | Group CV: 0.0197
Epoch [1954/2000] | Sampled: 353.25 | Baseline: 334.00 | Improvement: -19.25 | Win Rate: 12.50% | Actor Loss: 6.1284 | Entropy: 1.5065 | Invalid S/B: 0.00/0.00 | Max Load: 4.2 | Load Gap: 1.2 | Group CV: 0.0211
Epoch [1955/2000] | Sampled: 357.12 | Baseline: 355.00 | Improvement: -2.12 | Win Rate: 62.50% | Actor Loss: 4.2951 | Entropy: 1.4828 | Invalid S/B: 0.12/0.00 | Max Load: 4.1 | Load Gap: 1.1 | Group CV: 0.0449
Epoch [1956/2000] | Sampled: 335.38 | Baseline: 295.50 | Improvement: -39.88 | Win Rate: 0.00% | Actor Loss: 1.4567 | Entropy: 1.5468 | Invalid S/B: 0.00/0.00 | Max Load: 4.1 | Load Gap: 1.1 | Group CV: 0.0183
Epoch [1957/2000] | Sampled: 363.25 | Baseline: 336.50 | Improvement: -26.75 | Win Rate: 0.00% | Actor Loss: 4.8719 | Entropy: 1.5095 | Invalid S/B: 0.00/0.00 | Max Load: 4.1 | Load Gap: 1.1 | Group CV: 0.0420
Epoch [1958/2000] | Sampled: 357.75 | Baseline: 326.00 | Improvement: -31.75 | Win Rate: 0.00% | Actor Loss: 0.4499 | Entropy: 1.5356 | Invalid S/B: 0.00/0.00 | Max Load: 4.4 | Load Gap: 1.4 | Group CV: 0.0220
Epoch [1959/2000] | Sampled: 353.12 | Baseline: 332.50 | Improvement: -20.62 | Win Rate: 50.00% | Actor Loss: 1.0291 | Entropy: 1.5580 | Invalid S/B: 0.00/0.00 | Max Load: 4.2 | Load Gap: 1.2 | Group CV: 0.0193
Epoch [1960/2000] | Sampled: 354.00 | Baseline: 351.50 | Improvement: -2.50 | Win Rate: 50.00% | Actor Loss: -0.6030 | Entropy: 1.5431 | Invalid S/B: 0.00/0.00 | Max Load: 4.2 | Load Gap: 1.2 | Group CV: 0.0205
   -> Validation | Samples: 50 | Makespan: 358.38 | Invalid Jobs: 0.04 | Score: 362.38
Epoch [1961/2000] | Sampled: 367.88 | Baseline: 361.00 | Improvement: -6.88 | Win Rate: 37.50% | Actor Loss: -4.5340 | Entropy: 1.4963 | Invalid S/B: 0.12/0.00 | Max Load: 4.2 | Load Gap: 1.2 | Group CV: 0.0289
Epoch [1962/2000] | Sampled: 368.88 | Baseline: 338.50 | Improvement: -30.38 | Win Rate: 50.00% | Actor Loss: 4.2039 | Entropy: 1.4974 | Invalid S/B: 0.12/0.00 | Max Load: 4.4 | Load Gap: 1.4 | Group CV: 0.0593
Epoch [1963/2000] | Sampled: 353.25 | Baseline: 342.00 | Improvement: -11.25 | Win Rate: 0.00% | Actor Loss: 2.0338 | Entropy: 1.5462 | Invalid S/B: 0.00/0.00 | Max Load: 4.0 | Load Gap: 1.0 | Group CV: 0.0132
Epoch [1964/2000] | Sampled: 349.12 | Baseline: 358.50 | Improvement: 9.38 | Win Rate: 50.00% | Actor Loss: -3.8785 | Entropy: 1.5327 | Invalid S/B: 0.00/0.00 | Max Load: 4.2 | Load Gap: 1.2 | Group CV: 0.0232
Epoch [1965/2000] | Sampled: 351.50 | Baseline: 313.50 | Improvement: -38.00 | Win Rate: 0.00% | Actor Loss: -0.6130 | Entropy: 1.5252 | Invalid S/B: 0.12/0.00 | Max Load: 4.0 | Load Gap: 1.0 | Group CV: 0.0391
Epoch [1966/2000] | Sampled: 361.38 | Baseline: 332.00 | Improvement: -29.38 | Win Rate: 0.00% | Actor Loss: 1.9277 | Entropy: 1.5049 | Invalid S/B: 0.12/0.00 | Max Load: 4.4 | Load Gap: 1.4 | Group CV: 0.0578
Epoch [1967/2000] | Sampled: 349.25 | Baseline: 332.00 | Improvement: -17.25 | Win Rate: 25.00% | Actor Loss: 3.2632 | Entropy: 1.5324 | Invalid S/B: 0.00/0.00 | Max Load: 4.0 | Load Gap: 1.0 | Group CV: 0.0279
Epoch [1968/2000] | Sampled: 354.00 | Baseline: 332.50 | Improvement: -21.50 | Win Rate: 37.50% | Actor Loss: 9.0744 | Entropy: 1.5112 | Invalid S/B: 0.00/0.00 | Max Load: 4.1 | Load Gap: 1.1 | Group CV: 0.0294
Epoch [1969/2000] | Sampled: 343.75 | Baseline: 320.00 | Improvement: -23.75 | Win Rate: 12.50% | Actor Loss: 1.7531 | Entropy: 1.5655 | Invalid S/B: 0.00/0.00 | Max Load: 4.0 | Load Gap: 1.0 | Group CV: 0.0102
Epoch [1970/2000] | Sampled: 348.25 | Baseline: 302.50 | Improvement: -45.75 | Win Rate: 0.00% | Actor Loss: 5.5146 | Entropy: 1.5294 | Invalid S/B: 0.00/0.00 | Max Load: 4.1 | Load Gap: 1.1 | Group CV: 0.0370
   -> Validation | Samples: 50 | Makespan: 356.20 | Invalid Jobs: 0.04 | Score: 360.20
Epoch [1971/2000] | Sampled: 355.75 | Baseline: 310.50 | Improvement: -45.25 | Win Rate: 0.00% | Actor Loss: 0.4504 | Entropy: 1.5778 | Invalid S/B: 0.00/0.00 | Max Load: 4.0 | Load Gap: 1.0 | Group CV: 0.0201
Epoch [1972/2000] | Sampled: 368.88 | Baseline: 299.50 | Improvement: -69.38 | Win Rate: 0.00% | Actor Loss: -0.6581 | Entropy: 1.5141 | Invalid S/B: 0.12/0.00 | Max Load: 4.2 | Load Gap: 1.2 | Group CV: 0.0443
Epoch [1973/2000] | Sampled: 352.00 | Baseline: 319.00 | Improvement: -33.00 | Win Rate: 0.00% | Actor Loss: 1.8568 | Entropy: 1.5250 | Invalid S/B: 0.00/0.00 | Max Load: 4.1 | Load Gap: 1.1 | Group CV: 0.0319
Epoch [1974/2000] | Sampled: 351.50 | Baseline: 342.00 | Improvement: -9.50 | Win Rate: 50.00% | Actor Loss: -7.2247 | Entropy: 1.5273 | Invalid S/B: 0.00/0.00 | Max Load: 4.2 | Load Gap: 1.2 | Group CV: 0.0221
Epoch [1975/2000] | Sampled: 354.12 | Baseline: 342.00 | Improvement: -12.12 | Win Rate: 12.50% | Actor Loss: 1.0518 | Entropy: 1.5491 | Invalid S/B: 0.00/0.00 | Max Load: 4.1 | Load Gap: 1.1 | Group CV: 0.0215
Epoch [1976/2000] | Sampled: 355.25 | Baseline: 344.50 | Improvement: -10.75 | Win Rate: 50.00% | Actor Loss: 7.4350 | Entropy: 1.5219 | Invalid S/B: 0.25/0.00 | Max Load: 4.0 | Load Gap: 1.0 | Group CV: 0.0355
Epoch [1977/2000] | Sampled: 357.88 | Baseline: 330.50 | Improvement: -27.38 | Win Rate: 0.00% | Actor Loss: 5.6489 | Entropy: 1.5712 | Invalid S/B: 0.00/0.00 | Max Load: 4.2 | Load Gap: 1.2 | Group CV: 0.0184
Epoch [1978/2000] | Sampled: 355.75 | Baseline: 315.50 | Improvement: -40.25 | Win Rate: 0.00% | Actor Loss: 3.3699 | Entropy: 1.5171 | Invalid S/B: 0.00/0.00 | Max Load: 4.0 | Load Gap: 1.0 | Group CV: 0.0170
Epoch [1979/2000] | Sampled: 359.50 | Baseline: 356.50 | Improvement: -3.00 | Win Rate: 50.00% | Actor Loss: 4.9134 | Entropy: 1.5172 | Invalid S/B: 0.00/0.00 | Max Load: 4.5 | Load Gap: 1.5 | Group CV: 0.0257
Epoch [1980/2000] | Sampled: 360.75 | Baseline: 349.00 | Improvement: -11.75 | Win Rate: 25.00% | Actor Loss: 3.8683 | Entropy: 1.5186 | Invalid S/B: 0.12/0.00 | Max Load: 4.2 | Load Gap: 1.2 | Group CV: 0.0404
   -> Validation | Samples: 50 | Makespan: 353.78 | Invalid Jobs: 0.00 | Score: 353.78
Epoch [1981/2000] | Sampled: 352.00 | Baseline: 338.50 | Improvement: -13.50 | Win Rate: 50.00% | Actor Loss: -0.5538 | Entropy: 1.4798 | Invalid S/B: 0.00/0.00 | Max Load: 4.2 | Load Gap: 1.2 | Group CV: 0.0227
Epoch [1982/2000] | Sampled: 344.62 | Baseline: 320.50 | Improvement: -24.12 | Win Rate: 0.00% | Actor Loss: 4.4362 | Entropy: 1.5478 | Invalid S/B: 0.00/0.00 | Max Load: 4.1 | Load Gap: 1.1 | Group CV: 0.0125
Epoch [1983/2000] | Sampled: 346.00 | Baseline: 318.00 | Improvement: -28.00 | Win Rate: 0.00% | Actor Loss: 1.6310 | Entropy: 1.5001 | Invalid S/B: 0.00/0.00 | Max Load: 4.1 | Load Gap: 1.1 | Group CV: 0.0123
Epoch [1984/2000] | Sampled: 351.75 | Baseline: 339.50 | Improvement: -12.25 | Win Rate: 12.50% | Actor Loss: 0.8493 | Entropy: 1.5148 | Invalid S/B: 0.12/0.00 | Max Load: 4.2 | Load Gap: 1.2 | Group CV: 0.0257
Epoch [1985/2000] | Sampled: 361.62 | Baseline: 321.00 | Improvement: -40.62 | Win Rate: 0.00% | Actor Loss: -3.6479 | Entropy: 1.4992 | Invalid S/B: 0.38/0.00 | Max Load: 4.2 | Load Gap: 1.2 | Group CV: 0.0571
Epoch [1986/2000] | Sampled: 389.12 | Baseline: 369.50 | Improvement: -19.62 | Win Rate: 25.00% | Actor Loss: -1.9776 | Entropy: 1.5043 | Invalid S/B: 0.25/0.00 | Max Load: 4.1 | Load Gap: 1.1 | Group CV: 0.0480
Epoch [1987/2000] | Sampled: 346.00 | Baseline: 308.00 | Improvement: -38.00 | Win Rate: 0.00% | Actor Loss: 5.0512 | Entropy: 1.5304 | Invalid S/B: 0.00/0.00 | Max Load: 4.1 | Load Gap: 1.1 | Group CV: 0.0307
Epoch [1988/2000] | Sampled: 351.12 | Baseline: 334.50 | Improvement: -16.62 | Win Rate: 50.00% | Actor Loss: -0.3382 | Entropy: 1.5354 | Invalid S/B: 0.00/0.00 | Max Load: 4.0 | Load Gap: 1.0 | Group CV: 0.0249
Epoch [1989/2000] | Sampled: 352.25 | Baseline: 338.00 | Improvement: -14.25 | Win Rate: 25.00% | Actor Loss: -0.3396 | Entropy: 1.5129 | Invalid S/B: 0.00/0.00 | Max Load: 4.1 | Load Gap: 1.1 | Group CV: 0.0165
Epoch [1990/2000] | Sampled: 357.75 | Baseline: 378.50 | Improvement: 20.75 | Win Rate: 100.00% | Actor Loss: 2.0628 | Entropy: 1.4944 | Invalid S/B: 0.00/0.00 | Max Load: 4.2 | Load Gap: 1.2 | Group CV: 0.0115
   -> Validation | Samples: 50 | Makespan: 356.36 | Invalid Jobs: 0.02 | Score: 358.36
Epoch [1991/2000] | Sampled: 353.50 | Baseline: 343.50 | Improvement: -10.00 | Win Rate: 37.50% | Actor Loss: -0.0893 | Entropy: 1.5311 | Invalid S/B: 0.12/0.00 | Max Load: 4.0 | Load Gap: 1.0 | Group CV: 0.0368
Epoch [1992/2000] | Sampled: 344.50 | Baseline: 352.50 | Improvement: 8.00 | Win Rate: 50.00% | Actor Loss: -1.8328 | Entropy: 1.5915 | Invalid S/B: 0.00/0.00 | Max Load: 4.4 | Load Gap: 1.4 | Group CV: 0.0185
Epoch [1993/2000] | Sampled: 370.12 | Baseline: 398.00 | Improvement: 27.88 | Win Rate: 100.00% | Actor Loss: -2.8328 | Entropy: 1.4832 | Invalid S/B: 0.00/0.00 | Max Load: 4.2 | Load Gap: 1.2 | Group CV: 0.0207
Epoch [1994/2000] | Sampled: 354.50 | Baseline: 346.00 | Improvement: -8.50 | Win Rate: 75.00% | Actor Loss: -10.8207 | Entropy: 1.5440 | Invalid S/B: 0.25/0.00 | Max Load: 4.4 | Load Gap: 1.4 | Group CV: 0.0586
Epoch [1995/2000] | Sampled: 364.75 | Baseline: 311.50 | Improvement: -53.25 | Win Rate: 0.00% | Actor Loss: -0.8104 | Entropy: 1.5201 | Invalid S/B: 0.38/0.00 | Max Load: 4.4 | Load Gap: 1.4 | Group CV: 0.0547
Epoch [1996/2000] | Sampled: 373.38 | Baseline: 353.00 | Improvement: -20.38 | Win Rate: 12.50% | Actor Loss: -6.4395 | Entropy: 1.5150 | Invalid S/B: 0.25/0.00 | Max Load: 4.2 | Load Gap: 1.2 | Group CV: 0.0412
Epoch [1997/2000] | Sampled: 338.50 | Baseline: 331.50 | Improvement: -7.00 | Win Rate: 50.00% | Actor Loss: 4.7990 | Entropy: 1.5500 | Invalid S/B: 0.00/0.00 | Max Load: 4.1 | Load Gap: 1.1 | Group CV: 0.0247
Epoch [1998/2000] | Sampled: 349.88 | Baseline: 326.00 | Improvement: -23.88 | Win Rate: 37.50% | Actor Loss: 5.3314 | Entropy: 1.5799 | Invalid S/B: 0.00/0.00 | Max Load: 4.1 | Load Gap: 1.1 | Group CV: 0.0243
Epoch [1999/2000] | Sampled: 373.62 | Baseline: 348.00 | Improvement: -25.62 | Win Rate: 50.00% | Actor Loss: -6.8919 | Entropy: 1.4849 | Invalid S/B: 0.12/0.00 | Max Load: 4.5 | Load Gap: 1.5 | Group CV: 0.0583
Epoch [2000/2000] | Sampled: 357.38 | Baseline: 340.00 | Improvement: -17.38 | Win Rate: 12.50% | Actor Loss: -4.7874 | Entropy: 1.4830 | Invalid S/B: 0.00/0.00 | Max Load: 4.4 | Load Gap: 1.4 | Group CV: 0.0246
   -> Validation | Samples: 50 | Makespan: 356.70 | Invalid Jobs: 0.00 | Score: 356.70
   -> Saved updated training chart to /home/wei/Desktop/AMR-DFJSP/Static_alogorithm/Attention/attention_training_metrics.png
