Training on: cuda
Loaded 100 dispatch events from /home/wei/AMR-DFJSP/test_case/static/dispatch_inbox_20.jsonl
Loaded 100 dispatch events from /home/wei/AMR-DFJSP/test_case/static/dispatch_inbox_40.jsonl
Loaded 100 dispatch events from /home/wei/AMR-DFJSP/test_case/static/dispatch_inbox_60.jsonl
Loaded 100 dispatch events from /home/wei/AMR-DFJSP/test_case/static/dispatch_inbox_80.jsonl
Loaded 100 dispatch events from /home/wei/AMR-DFJSP/test_case/static/dispatch_inbox_100.jsonl
Starting Attention REINFORCE training with dispatch baseline 'earliest_completion_job+earliest_completion' (stepwise).
Epoch [1/2000] | Sampled: 1178.62 | Baseline: 723.00 | Improvement: -455.62 | Win Rate: 0.00% | Actor Loss: 8.4318 | Entropy: 4.1282
   -> Saved new best model (Makespan: 1178.62)
   -> Saved updated training chart to /home/wei/AMR-DFJSP/Static_alogorithm/Attention/attention_training_metrics.png
Epoch [2/2000] | Sampled: 1553.19 | Baseline: 795.81 | Improvement: -757.38 | Win Rate: 0.00% | Actor Loss: 8.9809 | Entropy: 4.1147
Epoch [3/2000] | Sampled: 1858.56 | Baseline: 693.81 | Improvement: -1164.75 | Win Rate: 0.00% | Actor Loss: 19.2293 | Entropy: 3.5754
Epoch [4/2000] | Sampled: 2043.38 | Baseline: 724.19 | Improvement: -1319.19 | Win Rate: 0.00% | Actor Loss: 23.6254 | Entropy: 3.3756
Epoch [5/2000] | Sampled: 2010.94 | Baseline: 661.25 | Improvement: -1349.69 | Win Rate: 0.00% | Actor Loss: 16.1691 | Entropy: 3.1353
Epoch [6/2000] | Sampled: 1846.31 | Baseline: 615.81 | Improvement: -1230.50 | Win Rate: 0.00% | Actor Loss: 13.6385 | Entropy: 2.9934
Epoch [7/2000] | Sampled: 2023.88 | Baseline: 657.12 | Improvement: -1366.75 | Win Rate: 0.00% | Actor Loss: 14.6113 | Entropy: 3.0364
Epoch [8/2000] | Sampled: 1953.88 | Baseline: 634.00 | Improvement: -1319.88 | Win Rate: 0.00% | Actor Loss: 10.5341 | Entropy: 3.0053
Epoch [9/2000] | Sampled: 2080.06 | Baseline: 679.12 | Improvement: -1400.94 | Win Rate: 0.00% | Actor Loss: 10.5074 | Entropy: 2.9646
Epoch [10/2000] | Sampled: 2196.06 | Baseline: 695.38 | Improvement: -1500.69 | Win Rate: 0.00% | Actor Loss: 11.4644 | Entropy: 3.0144
Epoch [11/2000] | Sampled: 2216.31 | Baseline: 707.75 | Improvement: -1508.56 | Win Rate: 0.00% | Actor Loss: 10.3064 | Entropy: 2.9583
Epoch [12/2000] | Sampled: 2198.31 | Baseline: 697.19 | Improvement: -1501.12 | Win Rate: 0.00% | Actor Loss: 11.2632 | Entropy: 2.8595
Epoch [13/2000] | Sampled: 2174.25 | Baseline: 698.94 | Improvement: -1475.31 | Win Rate: 0.00% | Actor Loss: 11.1414 | Entropy: 2.8070
Epoch [14/2000] | Sampled: 2091.81 | Baseline: 670.81 | Improvement: -1421.00 | Win Rate: 0.00% | Actor Loss: 10.4322 | Entropy: 2.7689
Epoch [15/2000] | Sampled: 2318.12 | Baseline: 753.56 | Improvement: -1564.56 | Win Rate: 0.00% | Actor Loss: 5.7716 | Entropy: 2.7157
Epoch [16/2000] | Sampled: 2150.25 | Baseline: 688.81 | Improvement: -1461.44 | Win Rate: 0.00% | Actor Loss: 4.1238 | Entropy: 2.4477
Epoch [17/2000] | Sampled: 2089.56 | Baseline: 673.50 | Improvement: -1416.06 | Win Rate: 0.00% | Actor Loss: 2.3132 | Entropy: 2.2418
Epoch [18/2000] | Sampled: 2155.81 | Baseline: 697.38 | Improvement: -1458.44 | Win Rate: 0.00% | Actor Loss: 7.2922 | Entropy: 1.9933
Epoch [19/2000] | Sampled: 2206.12 | Baseline: 702.88 | Improvement: -1503.25 | Win Rate: 0.00% | Actor Loss: 5.9989 | Entropy: 1.9086
Epoch [20/2000] | Sampled: 2375.00 | Baseline: 758.75 | Improvement: -1616.25 | Win Rate: 0.00% | Actor Loss: 3.7785 | Entropy: 1.8351
Epoch [21/2000] | Sampled: 2072.56 | Baseline: 655.81 | Improvement: -1416.75 | Win Rate: 0.00% | Actor Loss: 14.1548 | Entropy: 1.5013
Epoch [22/2000] | Sampled: 2292.56 | Baseline: 728.38 | Improvement: -1564.19 | Win Rate: 0.00% | Actor Loss: 10.3620 | Entropy: 1.3501
Epoch [23/2000] | Sampled: 1793.06 | Baseline: 570.56 | Improvement: -1222.50 | Win Rate: 0.00% | Actor Loss: 9.9287 | Entropy: 1.4333
Epoch [24/2000] | Sampled: 2060.31 | Baseline: 651.69 | Improvement: -1408.62 | Win Rate: 0.00% | Actor Loss: -0.8811 | Entropy: 1.4305
Epoch [25/2000] | Sampled: 2299.69 | Baseline: 721.56 | Improvement: -1578.12 | Win Rate: 0.00% | Actor Loss: -4.7678 | Entropy: 1.3710
Epoch [26/2000] | Sampled: 2566.94 | Baseline: 816.06 | Improvement: -1750.88 | Win Rate: 0.00% | Actor Loss: 4.5609 | Entropy: 1.2056
Epoch [27/2000] | Sampled: 2047.75 | Baseline: 654.56 | Improvement: -1393.19 | Win Rate: 0.00% | Actor Loss: 5.9840 | Entropy: 1.0868
Epoch [28/2000] | Sampled: 2232.12 | Baseline: 710.25 | Improvement: -1521.88 | Win Rate: 0.00% | Actor Loss: -0.3967 | Entropy: 1.4124
Epoch [29/2000] | Sampled: 2345.31 | Baseline: 745.44 | Improvement: -1599.88 | Win Rate: 0.00% | Actor Loss: -2.7455 | Entropy: 1.4670
Epoch [30/2000] | Sampled: 1893.44 | Baseline: 601.12 | Improvement: -1292.31 | Win Rate: 0.00% | Actor Loss: 2.4645 | Entropy: 1.3476
Epoch [31/2000] | Sampled: 1823.44 | Baseline: 595.06 | Improvement: -1228.38 | Win Rate: 0.00% | Actor Loss: 6.1712 | Entropy: 1.1234
Epoch [32/2000] | Sampled: 1972.69 | Baseline: 631.31 | Improvement: -1341.38 | Win Rate: 0.00% | Actor Loss: 4.6407 | Entropy: 1.0298
Epoch [33/2000] | Sampled: 2334.38 | Baseline: 736.50 | Improvement: -1597.88 | Win Rate: 0.00% | Actor Loss: 6.5999 | Entropy: 0.9934
Epoch [34/2000] | Sampled: 2232.50 | Baseline: 720.12 | Improvement: -1512.38 | Win Rate: 0.00% | Actor Loss: 8.3872 | Entropy: 0.9551
Epoch [35/2000] | Sampled: 2363.75 | Baseline: 751.62 | Improvement: -1612.12 | Win Rate: 0.00% | Actor Loss: -1.2876 | Entropy: 1.0104
Epoch [36/2000] | Sampled: 1485.88 | Baseline: 480.81 | Improvement: -1005.06 | Win Rate: 0.00% | Actor Loss: 7.2778 | Entropy: 0.9292
Epoch [37/2000] | Sampled: 1868.69 | Baseline: 596.31 | Improvement: -1272.38 | Win Rate: 0.00% | Actor Loss: -2.7400 | Entropy: 0.8231
Epoch [38/2000] | Sampled: 2485.38 | Baseline: 785.75 | Improvement: -1699.62 | Win Rate: 0.00% | Actor Loss: 6.5113 | Entropy: 0.9097
Epoch [39/2000] | Sampled: 2291.25 | Baseline: 724.62 | Improvement: -1566.62 | Win Rate: 0.00% | Actor Loss: 1.6782 | Entropy: 0.8679
Epoch [40/2000] | Sampled: 2421.88 | Baseline: 777.81 | Improvement: -1644.06 | Win Rate: 0.00% | Actor Loss: 8.9059 | Entropy: 0.7611
Epoch [41/2000] | Sampled: 2307.06 | Baseline: 739.25 | Improvement: -1567.81 | Win Rate: 0.00% | Actor Loss: 3.6583 | Entropy: 0.7124
Epoch [42/2000] | Sampled: 2096.06 | Baseline: 657.88 | Improvement: -1438.19 | Win Rate: 0.00% | Actor Loss: 4.9174 | Entropy: 0.6867
Epoch [43/2000] | Sampled: 2368.75 | Baseline: 752.44 | Improvement: -1616.31 | Win Rate: 0.00% | Actor Loss: 4.2572 | Entropy: 0.7145
Epoch [44/2000] | Sampled: 2440.56 | Baseline: 776.62 | Improvement: -1663.94 | Win Rate: 0.00% | Actor Loss: 2.9802 | Entropy: 0.6793
Epoch [45/2000] | Sampled: 2076.25 | Baseline: 664.06 | Improvement: -1412.19 | Win Rate: 0.00% | Actor Loss: 4.3402 | Entropy: 0.7148
Epoch [46/2000] | Sampled: 2034.50 | Baseline: 659.50 | Improvement: -1375.00 | Win Rate: 0.00% | Actor Loss: -1.9514 | Entropy: 0.6254
Epoch [47/2000] | Sampled: 2258.88 | Baseline: 720.19 | Improvement: -1538.69 | Win Rate: 0.00% | Actor Loss: 4.2882 | Entropy: 0.7776
Epoch [48/2000] | Sampled: 2078.38 | Baseline: 659.94 | Improvement: -1418.44 | Win Rate: 0.00% | Actor Loss: 0.6485 | Entropy: 0.7597
Epoch [49/2000] | Sampled: 1843.00 | Baseline: 600.00 | Improvement: -1243.00 | Win Rate: 0.00% | Actor Loss: -3.4884 | Entropy: 0.7646
Epoch [50/2000] | Sampled: 2213.81 | Baseline: 710.12 | Improvement: -1503.69 | Win Rate: 0.00% | Actor Loss: -0.3031 | Entropy: 0.7778
Epoch [51/2000] | Sampled: 2233.44 | Baseline: 705.88 | Improvement: -1527.56 | Win Rate: 0.00% | Actor Loss: 4.2597 | Entropy: 0.6501
Epoch [52/2000] | Sampled: 1752.06 | Baseline: 563.38 | Improvement: -1188.69 | Win Rate: 0.00% | Actor Loss: 4.6569 | Entropy: 0.6256
Epoch [53/2000] | Sampled: 1860.75 | Baseline: 599.12 | Improvement: -1261.62 | Win Rate: 0.00% | Actor Loss: 1.6336 | Entropy: 0.6224
Epoch [54/2000] | Sampled: 2032.75 | Baseline: 655.94 | Improvement: -1376.81 | Win Rate: 0.00% | Actor Loss: 6.7337 | Entropy: 0.6196
Epoch [55/2000] | Sampled: 2426.44 | Baseline: 770.75 | Improvement: -1655.69 | Win Rate: 0.00% | Actor Loss: 4.6709 | Entropy: 0.6613
Epoch [56/2000] | Sampled: 1795.94 | Baseline: 580.50 | Improvement: -1215.44 | Win Rate: 0.00% | Actor Loss: 5.6579 | Entropy: 0.5899
Epoch [57/2000] | Sampled: 2329.56 | Baseline: 744.56 | Improvement: -1585.00 | Win Rate: 0.00% | Actor Loss: 3.0037 | Entropy: 0.6521
Epoch [58/2000] | Sampled: 2325.69 | Baseline: 729.12 | Improvement: -1596.56 | Win Rate: 0.00% | Actor Loss: 4.6714 | Entropy: 0.6731
Epoch [59/2000] | Sampled: 2065.38 | Baseline: 663.81 | Improvement: -1401.56 | Win Rate: 0.00% | Actor Loss: 7.1013 | Entropy: 0.7086
Epoch [60/2000] | Sampled: 2584.94 | Baseline: 830.44 | Improvement: -1754.50 | Win Rate: 0.00% | Actor Loss: 0.5363 | Entropy: 0.9879
Epoch [61/2000] | Sampled: 2300.44 | Baseline: 737.44 | Improvement: -1563.00 | Win Rate: 0.00% | Actor Loss: 5.5365 | Entropy: 0.7134
Epoch [62/2000] | Sampled: 1898.12 | Baseline: 612.44 | Improvement: -1285.69 | Win Rate: 0.00% | Actor Loss: 2.1549 | Entropy: 0.7507
Epoch [63/2000] | Sampled: 1855.00 | Baseline: 603.25 | Improvement: -1251.75 | Win Rate: 0.00% | Actor Loss: 0.1351 | Entropy: 0.7555
Epoch [64/2000] | Sampled: 2040.38 | Baseline: 650.69 | Improvement: -1389.69 | Win Rate: 0.00% | Actor Loss: -2.7354 | Entropy: 0.7417
Epoch [65/2000] | Sampled: 2074.50 | Baseline: 665.31 | Improvement: -1409.19 | Win Rate: 0.00% | Actor Loss: -8.4818 | Entropy: 0.8396
Epoch [66/2000] | Sampled: 1911.69 | Baseline: 605.75 | Improvement: -1305.94 | Win Rate: 0.00% | Actor Loss: 2.9077 | Entropy: 0.5986
Epoch [67/2000] | Sampled: 2322.19 | Baseline: 734.06 | Improvement: -1588.12 | Win Rate: 0.00% | Actor Loss: 5.3300 | Entropy: 0.6399
Epoch [68/2000] | Sampled: 2187.56 | Baseline: 692.25 | Improvement: -1495.31 | Win Rate: 0.00% | Actor Loss: 7.3418 | Entropy: 0.5801
Epoch [69/2000] | Sampled: 2075.62 | Baseline: 662.81 | Improvement: -1412.81 | Win Rate: 0.00% | Actor Loss: 3.8031 | Entropy: 0.5754
Epoch [70/2000] | Sampled: 2030.56 | Baseline: 646.00 | Improvement: -1384.56 | Win Rate: 0.00% | Actor Loss: 4.1253 | Entropy: 0.5964
Epoch [71/2000] | Sampled: 2711.38 | Baseline: 860.94 | Improvement: -1850.44 | Win Rate: 0.00% | Actor Loss: 2.1166 | Entropy: 0.6926
Epoch [72/2000] | Sampled: 2705.12 | Baseline: 854.19 | Improvement: -1850.94 | Win Rate: 0.00% | Actor Loss: 4.1315 | Entropy: 0.7197
Epoch [73/2000] | Sampled: 2212.81 | Baseline: 706.25 | Improvement: -1506.56 | Win Rate: 0.00% | Actor Loss: 5.1428 | Entropy: 0.6208
Epoch [74/2000] | Sampled: 2203.19 | Baseline: 711.94 | Improvement: -1491.25 | Win Rate: 0.00% | Actor Loss: 2.7304 | Entropy: 0.6471
Epoch [75/2000] | Sampled: 1984.19 | Baseline: 634.12 | Improvement: -1350.06 | Win Rate: 0.00% | Actor Loss: 6.4669 | Entropy: 0.6886
Epoch [76/2000] | Sampled: 2225.62 | Baseline: 709.50 | Improvement: -1516.12 | Win Rate: 0.00% | Actor Loss: 7.6440 | Entropy: 0.6828
Epoch [77/2000] | Sampled: 2232.31 | Baseline: 719.38 | Improvement: -1512.94 | Win Rate: 0.00% | Actor Loss: 6.1603 | Entropy: 0.6665
Epoch [78/2000] | Sampled: 2402.75 | Baseline: 776.69 | Improvement: -1626.06 | Win Rate: 0.00% | Actor Loss: 9.2902 | Entropy: 0.7205
Epoch [79/2000] | Sampled: 2304.62 | Baseline: 736.00 | Improvement: -1568.62 | Win Rate: 0.00% | Actor Loss: 3.6908 | Entropy: 0.6798
Epoch [80/2000] | Sampled: 2494.00 | Baseline: 786.88 | Improvement: -1707.12 | Win Rate: 0.00% | Actor Loss: 3.0793 | Entropy: 0.6877
Epoch [81/2000] | Sampled: 2513.06 | Baseline: 796.62 | Improvement: -1716.44 | Win Rate: 0.00% | Actor Loss: 6.4418 | Entropy: 0.6786
Epoch [82/2000] | Sampled: 2215.62 | Baseline: 704.25 | Improvement: -1511.38 | Win Rate: 0.00% | Actor Loss: 5.3027 | Entropy: 0.6215
Epoch [83/2000] | Sampled: 2037.88 | Baseline: 650.81 | Improvement: -1387.06 | Win Rate: 0.00% | Actor Loss: -2.6022 | Entropy: 0.5677
Epoch [84/2000] | Sampled: 2573.62 | Baseline: 818.75 | Improvement: -1754.88 | Win Rate: 0.00% | Actor Loss: -1.0547 | Entropy: 0.6488
Epoch [85/2000] | Sampled: 2338.75 | Baseline: 747.19 | Improvement: -1591.56 | Win Rate: 0.00% | Actor Loss: -3.9706 | Entropy: 0.6158
Epoch [86/2000] | Sampled: 2478.81 | Baseline: 793.44 | Improvement: -1685.38 | Win Rate: 0.00% | Actor Loss: 3.3943 | Entropy: 0.6249
Epoch [87/2000] | Sampled: 2038.00 | Baseline: 649.00 | Improvement: -1389.00 | Win Rate: 0.00% | Actor Loss: -0.2967 | Entropy: 0.5879
Epoch [88/2000] | Sampled: 2668.50 | Baseline: 856.50 | Improvement: -1812.00 | Win Rate: 0.00% | Actor Loss: 3.9433 | Entropy: 0.7037
Epoch [89/2000] | Sampled: 2049.75 | Baseline: 649.50 | Improvement: -1400.25 | Win Rate: 0.00% | Actor Loss: -1.3178 | Entropy: 0.5696
Epoch [90/2000] | Sampled: 1976.12 | Baseline: 619.06 | Improvement: -1357.06 | Win Rate: 0.00% | Actor Loss: 2.3586 | Entropy: 0.5637
Epoch [91/2000] | Sampled: 2404.12 | Baseline: 764.94 | Improvement: -1639.19 | Win Rate: 0.00% | Actor Loss: 5.8682 | Entropy: 0.6411
Epoch [92/2000] | Sampled: 2498.31 | Baseline: 797.38 | Improvement: -1700.94 | Win Rate: 0.00% | Actor Loss: 5.4560 | Entropy: 0.7391
Epoch [93/2000] | Sampled: 2408.75 | Baseline: 770.50 | Improvement: -1638.25 | Win Rate: 0.00% | Actor Loss: 1.0585 | Entropy: 0.7674
Epoch [94/2000] | Sampled: 2673.94 | Baseline: 855.94 | Improvement: -1818.00 | Win Rate: 0.00% | Actor Loss: 0.5121 | Entropy: 0.7556
Epoch [95/2000] | Sampled: 1920.06 | Baseline: 618.12 | Improvement: -1301.94 | Win Rate: 0.00% | Actor Loss: 1.3791 | Entropy: 0.5377
Epoch [96/2000] | Sampled: 1992.75 | Baseline: 635.94 | Improvement: -1356.81 | Win Rate: 0.00% | Actor Loss: 2.5700 | Entropy: 0.5344
Epoch [97/2000] | Sampled: 2395.19 | Baseline: 765.00 | Improvement: -1630.19 | Win Rate: 0.00% | Actor Loss: -1.5863 | Entropy: 0.5838
Epoch [98/2000] | Sampled: 2502.44 | Baseline: 798.19 | Improvement: -1704.25 | Win Rate: 0.00% | Actor Loss: 2.9658 | Entropy: 0.6009
Epoch [99/2000] | Sampled: 2274.62 | Baseline: 728.19 | Improvement: -1546.44 | Win Rate: 0.00% | Actor Loss: 2.0015 | Entropy: 0.6099
Epoch [100/2000] | Sampled: 2245.62 | Baseline: 716.12 | Improvement: -1529.50 | Win Rate: 0.00% | Actor Loss: 1.0220 | Entropy: 0.5806
   -> Saved updated training chart to /home/wei/AMR-DFJSP/Static_alogorithm/Attention/attention_training_metrics.png
Epoch [101/2000] | Sampled: 1803.12 | Baseline: 581.94 | Improvement: -1221.19 | Win Rate: 0.00% | Actor Loss: 5.0108 | Entropy: 0.5094
Epoch [102/2000] | Sampled: 2314.88 | Baseline: 737.19 | Improvement: -1577.69 | Win Rate: 0.00% | Actor Loss: 1.9368 | Entropy: 0.5416
Epoch [103/2000] | Sampled: 2342.31 | Baseline: 751.81 | Improvement: -1590.50 | Win Rate: 0.00% | Actor Loss: -0.2042 | Entropy: 0.5955
Epoch [104/2000] | Sampled: 2039.25 | Baseline: 648.56 | Improvement: -1390.69 | Win Rate: 0.00% | Actor Loss: -0.7664 | Entropy: 0.5321
Epoch [105/2000] | Sampled: 2195.69 | Baseline: 716.50 | Improvement: -1479.19 | Win Rate: 0.00% | Actor Loss: -2.3008 | Entropy: 0.5511
Epoch [106/2000] | Sampled: 2248.69 | Baseline: 723.44 | Improvement: -1525.25 | Win Rate: 0.00% | Actor Loss: 0.5606 | Entropy: 0.5721
Epoch [107/2000] | Sampled: 2127.31 | Baseline: 688.94 | Improvement: -1438.38 | Win Rate: 0.00% | Actor Loss: 3.1196 | Entropy: 0.5807
Epoch [108/2000] | Sampled: 2121.56 | Baseline: 678.56 | Improvement: -1443.00 | Win Rate: 0.00% | Actor Loss: 5.9370 | Entropy: 0.5592
Epoch [109/2000] | Sampled: 2639.00 | Baseline: 840.38 | Improvement: -1798.62 | Win Rate: 0.00% | Actor Loss: 1.8363 | Entropy: 0.5963
Epoch [110/2000] | Sampled: 2136.06 | Baseline: 686.31 | Improvement: -1449.75 | Win Rate: 0.00% | Actor Loss: 5.0504 | Entropy: 0.5861
Epoch [111/2000] | Sampled: 2153.12 | Baseline: 689.12 | Improvement: -1464.00 | Win Rate: 0.00% | Actor Loss: 2.7894 | Entropy: 0.5490
Epoch [112/2000] | Sampled: 2279.19 | Baseline: 720.88 | Improvement: -1558.31 | Win Rate: 0.00% | Actor Loss: 2.5818 | Entropy: 0.5760
Epoch [113/2000] | Sampled: 2265.25 | Baseline: 721.06 | Improvement: -1544.19 | Win Rate: 0.00% | Actor Loss: 4.2471 | Entropy: 0.5659
Epoch [114/2000] | Sampled: 2168.38 | Baseline: 704.56 | Improvement: -1463.81 | Win Rate: 0.00% | Actor Loss: 4.2073 | Entropy: 0.7340
Epoch [115/2000] | Sampled: 2538.00 | Baseline: 801.88 | Improvement: -1736.12 | Win Rate: 0.00% | Actor Loss: -1.5465 | Entropy: 0.7170
Epoch [116/2000] | Sampled: 2740.88 | Baseline: 868.94 | Improvement: -1871.94 | Win Rate: 0.00% | Actor Loss: 3.5425 | Entropy: 0.7211
Epoch [117/2000] | Sampled: 2253.50 | Baseline: 719.62 | Improvement: -1533.88 | Win Rate: 0.00% | Actor Loss: -2.6394 | Entropy: 0.5923
Epoch [118/2000] | Sampled: 2170.44 | Baseline: 686.75 | Improvement: -1483.69 | Win Rate: 0.00% | Actor Loss: -1.5967 | Entropy: 0.5817
Epoch [119/2000] | Sampled: 1730.00 | Baseline: 565.31 | Improvement: -1164.69 | Win Rate: 0.00% | Actor Loss: 2.5060 | Entropy: 0.5714
Epoch [120/2000] | Sampled: 2387.69 | Baseline: 766.75 | Improvement: -1620.94 | Win Rate: 0.00% | Actor Loss: -1.8090 | Entropy: 0.6323
Epoch [121/2000] | Sampled: 2594.62 | Baseline: 829.75 | Improvement: -1764.88 | Win Rate: 0.00% | Actor Loss: -6.6715 | Entropy: 0.7215
Epoch [122/2000] | Sampled: 1993.56 | Baseline: 629.31 | Improvement: -1364.25 | Win Rate: 0.00% | Actor Loss: -0.6889 | Entropy: 0.5875
Epoch [123/2000] | Sampled: 2229.00 | Baseline: 717.12 | Improvement: -1511.88 | Win Rate: 0.00% | Actor Loss: 3.1565 | Entropy: 0.6300
Epoch [124/2000] | Sampled: 2175.69 | Baseline: 692.00 | Improvement: -1483.69 | Win Rate: 0.00% | Actor Loss: 0.1369 | Entropy: 0.6360
Epoch [125/2000] | Sampled: 2429.50 | Baseline: 777.50 | Improvement: -1652.00 | Win Rate: 0.00% | Actor Loss: 3.2217 | Entropy: 0.5672
Epoch [126/2000] | Sampled: 2895.75 | Baseline: 912.75 | Improvement: -1983.00 | Win Rate: 0.00% | Actor Loss: 3.9478 | Entropy: 0.6407
Epoch [127/2000] | Sampled: 2150.31 | Baseline: 682.50 | Improvement: -1467.81 | Win Rate: 0.00% | Actor Loss: 3.4716 | Entropy: 0.5264
Epoch [128/2000] | Sampled: 2162.88 | Baseline: 688.06 | Improvement: -1474.81 | Win Rate: 0.00% | Actor Loss: 6.2966 | Entropy: 0.5448
Epoch [129/2000] | Sampled: 2562.69 | Baseline: 818.19 | Improvement: -1744.50 | Win Rate: 0.00% | Actor Loss: 3.0697 | Entropy: 0.5751
Epoch [130/2000] | Sampled: 1999.12 | Baseline: 639.38 | Improvement: -1359.75 | Win Rate: 0.00% | Actor Loss: 2.4600 | Entropy: 0.4967
Epoch [131/2000] | Sampled: 1654.00 | Baseline: 531.44 | Improvement: -1122.56 | Win Rate: 0.00% | Actor Loss: 2.6469 | Entropy: 0.4699
Epoch [132/2000] | Sampled: 2484.06 | Baseline: 794.44 | Improvement: -1689.62 | Win Rate: 0.00% | Actor Loss: -0.3473 | Entropy: 0.5628
Epoch [133/2000] | Sampled: 1807.75 | Baseline: 579.00 | Improvement: -1228.75 | Win Rate: 0.00% | Actor Loss: 1.3179 | Entropy: 0.4694
Epoch [134/2000] | Sampled: 2175.00 | Baseline: 694.44 | Improvement: -1480.56 | Win Rate: 0.00% | Actor Loss: 2.5580 | Entropy: 0.5155
Epoch [135/2000] | Sampled: 2517.81 | Baseline: 793.50 | Improvement: -1724.31 | Win Rate: 0.00% | Actor Loss: -1.0010 | Entropy: 0.5713
Epoch [136/2000] | Sampled: 2405.06 | Baseline: 776.25 | Improvement: -1628.81 | Win Rate: 0.00% | Actor Loss: 3.6503 | Entropy: 0.5644
Epoch [137/2000] | Sampled: 2129.00 | Baseline: 687.94 | Improvement: -1441.06 | Win Rate: 0.00% | Actor Loss: 1.6521 | Entropy: 0.5332
Epoch [138/2000] | Sampled: 1951.69 | Baseline: 625.56 | Improvement: -1326.12 | Win Rate: 0.00% | Actor Loss: 2.0186 | Entropy: 0.4833
Epoch [139/2000] | Sampled: 2494.88 | Baseline: 794.75 | Improvement: -1700.12 | Win Rate: 0.00% | Actor Loss: 4.2075 | Entropy: 0.5832
Epoch [140/2000] | Sampled: 2079.25 | Baseline: 668.19 | Improvement: -1411.06 | Win Rate: 0.00% | Actor Loss: 3.6405 | Entropy: 0.5280
Epoch [141/2000] | Sampled: 2087.62 | Baseline: 667.25 | Improvement: -1420.38 | Win Rate: 0.00% | Actor Loss: 1.4946 | Entropy: 0.5317
Epoch [142/2000] | Sampled: 2250.56 | Baseline: 721.56 | Improvement: -1529.00 | Win Rate: 0.00% | Actor Loss: 2.3425 | Entropy: 0.6157
Epoch [143/2000] | Sampled: 2375.75 | Baseline: 747.44 | Improvement: -1628.31 | Win Rate: 0.00% | Actor Loss: 3.9613 | Entropy: 0.6609
Epoch [144/2000] | Sampled: 2335.44 | Baseline: 737.50 | Improvement: -1597.94 | Win Rate: 0.00% | Actor Loss: 5.3585 | Entropy: 0.6594
Epoch [145/2000] | Sampled: 2314.19 | Baseline: 739.44 | Improvement: -1574.75 | Win Rate: 0.00% | Actor Loss: 4.8965 | Entropy: 0.6785
Epoch [146/2000] | Sampled: 1955.88 | Baseline: 630.19 | Improvement: -1325.69 | Win Rate: 0.00% | Actor Loss: 6.3010 | Entropy: 0.6229
Epoch [147/2000] | Sampled: 2476.75 | Baseline: 790.38 | Improvement: -1686.38 | Win Rate: 0.00% | Actor Loss: 6.6749 | Entropy: 0.7191
Epoch [148/2000] | Sampled: 2206.31 | Baseline: 702.94 | Improvement: -1503.38 | Win Rate: 0.00% | Actor Loss: 5.4740 | Entropy: 0.6562
Epoch [149/2000] | Sampled: 2560.50 | Baseline: 809.69 | Improvement: -1750.81 | Win Rate: 0.00% | Actor Loss: 5.8845 | Entropy: 0.7436
Epoch [150/2000] | Sampled: 1626.94 | Baseline: 529.94 | Improvement: -1097.00 | Win Rate: 0.00% | Actor Loss: 6.4917 | Entropy: 0.6006
Epoch [151/2000] | Sampled: 1846.06 | Baseline: 595.56 | Improvement: -1250.50 | Win Rate: 0.00% | Actor Loss: 7.0684 | Entropy: 0.6599
Epoch [152/2000] | Sampled: 2170.94 | Baseline: 693.75 | Improvement: -1477.19 | Win Rate: 0.00% | Actor Loss: 6.6327 | Entropy: 0.6577
Epoch [153/2000] | Sampled: 2827.75 | Baseline: 897.31 | Improvement: -1930.44 | Win Rate: 0.00% | Actor Loss: 1.1373 | Entropy: 0.6740
Epoch [154/2000] | Sampled: 1989.62 | Baseline: 640.75 | Improvement: -1348.88 | Win Rate: 0.00% | Actor Loss: 3.7710 | Entropy: 0.5812
Epoch [155/2000] | Sampled: 2353.94 | Baseline: 756.75 | Improvement: -1597.19 | Win Rate: 0.00% | Actor Loss: 3.3017 | Entropy: 0.6182
Epoch [156/2000] | Sampled: 1701.12 | Baseline: 551.44 | Improvement: -1149.69 | Win Rate: 0.00% | Actor Loss: 5.3934 | Entropy: 0.5736
Epoch [157/2000] | Sampled: 2309.06 | Baseline: 733.75 | Improvement: -1575.31 | Win Rate: 0.00% | Actor Loss: -1.7488 | Entropy: 0.5977
Epoch [158/2000] | Sampled: 1823.94 | Baseline: 585.81 | Improvement: -1238.12 | Win Rate: 0.00% | Actor Loss: 4.6596 | Entropy: 0.5585
Epoch [159/2000] | Sampled: 2200.81 | Baseline: 700.94 | Improvement: -1499.88 | Win Rate: 0.00% | Actor Loss: 1.4778 | Entropy: 0.5615
Epoch [160/2000] | Sampled: 1617.00 | Baseline: 526.25 | Improvement: -1090.75 | Win Rate: 0.00% | Actor Loss: 2.7987 | Entropy: 0.4923
Epoch [161/2000] | Sampled: 2265.50 | Baseline: 732.00 | Improvement: -1533.50 | Win Rate: 0.00% | Actor Loss: 0.8672 | Entropy: 0.6009
Epoch [162/2000] | Sampled: 2058.19 | Baseline: 660.25 | Improvement: -1397.94 | Win Rate: 0.00% | Actor Loss: 0.2493 | Entropy: 0.5903
Epoch [163/2000] | Sampled: 2673.38 | Baseline: 845.31 | Improvement: -1828.06 | Win Rate: 0.00% | Actor Loss: -1.6208 | Entropy: 0.5852
Epoch [164/2000] | Sampled: 2190.62 | Baseline: 695.38 | Improvement: -1495.25 | Win Rate: 0.00% | Actor Loss: -7.5658 | Entropy: 0.5639
Epoch [165/2000] | Sampled: 1854.44 | Baseline: 592.19 | Improvement: -1262.25 | Win Rate: 0.00% | Actor Loss: -1.0704 | Entropy: 0.5937
Epoch [166/2000] | Sampled: 2445.38 | Baseline: 781.06 | Improvement: -1664.31 | Win Rate: 0.00% | Actor Loss: -2.5377 | Entropy: 0.7211
Epoch [167/2000] | Sampled: 1897.75 | Baseline: 604.38 | Improvement: -1293.38 | Win Rate: 0.00% | Actor Loss: -2.7775 | Entropy: 0.6300
Epoch [168/2000] | Sampled: 2122.44 | Baseline: 675.44 | Improvement: -1447.00 | Win Rate: 0.00% | Actor Loss: -5.1216 | Entropy: 0.6702
Epoch [169/2000] | Sampled: 1804.00 | Baseline: 579.69 | Improvement: -1224.31 | Win Rate: 0.00% | Actor Loss: 1.9926 | Entropy: 0.6111
Epoch [170/2000] | Sampled: 2203.12 | Baseline: 706.62 | Improvement: -1496.50 | Win Rate: 0.00% | Actor Loss: 1.1264 | Entropy: 0.5845
Epoch [171/2000] | Sampled: 1463.94 | Baseline: 468.00 | Improvement: -995.94 | Win Rate: 0.00% | Actor Loss: 4.2156 | Entropy: 0.5881
Epoch [172/2000] | Sampled: 1991.50 | Baseline: 637.19 | Improvement: -1354.31 | Win Rate: 0.00% | Actor Loss: 4.0632 | Entropy: 0.5726
Epoch [173/2000] | Sampled: 2518.44 | Baseline: 789.94 | Improvement: -1728.50 | Win Rate: 0.00% | Actor Loss: -5.2431 | Entropy: 0.7540
Epoch [174/2000] | Sampled: 2699.88 | Baseline: 852.38 | Improvement: -1847.50 | Win Rate: 0.00% | Actor Loss: -3.1549 | Entropy: 1.0219
Epoch [175/2000] | Sampled: 2057.25 | Baseline: 660.75 | Improvement: -1396.50 | Win Rate: 0.00% | Actor Loss: 3.6862 | Entropy: 0.7604
Epoch [176/2000] | Sampled: 2234.56 | Baseline: 709.00 | Improvement: -1525.56 | Win Rate: 0.00% | Actor Loss: 2.1158 | Entropy: 0.7703
Epoch [177/2000] | Sampled: 2460.88 | Baseline: 780.31 | Improvement: -1680.56 | Win Rate: 0.00% | Actor Loss: 0.5825 | Entropy: 0.8090
Epoch [178/2000] | Sampled: 1819.44 | Baseline: 580.75 | Improvement: -1238.69 | Win Rate: 0.00% | Actor Loss: 5.2258 | Entropy: 0.5747
Epoch [179/2000] | Sampled: 2138.62 | Baseline: 679.19 | Improvement: -1459.44 | Win Rate: 0.00% | Actor Loss: 3.8180 | Entropy: 0.6061
Epoch [180/2000] | Sampled: 2595.19 | Baseline: 822.50 | Improvement: -1772.69 | Win Rate: 0.00% | Actor Loss: -4.3567 | Entropy: 0.7486
Epoch [181/2000] | Sampled: 2314.75 | Baseline: 736.94 | Improvement: -1577.81 | Win Rate: 0.00% | Actor Loss: -4.3807 | Entropy: 0.7062
Epoch [182/2000] | Sampled: 1808.31 | Baseline: 569.75 | Improvement: -1238.56 | Win Rate: 0.00% | Actor Loss: -5.5527 | Entropy: 0.6469
Epoch [183/2000] | Sampled: 1769.81 | Baseline: 580.69 | Improvement: -1189.12 | Win Rate: 0.00% | Actor Loss: -0.6164 | Entropy: 0.5942
Epoch [184/2000] | Sampled: 2349.50 | Baseline: 746.44 | Improvement: -1603.06 | Win Rate: 0.00% | Actor Loss: 3.5514 | Entropy: 0.6802
Epoch [185/2000] | Sampled: 2221.00 | Baseline: 712.38 | Improvement: -1508.62 | Win Rate: 0.00% | Actor Loss: 0.0967 | Entropy: 0.6079
Epoch [186/2000] | Sampled: 2230.75 | Baseline: 707.19 | Improvement: -1523.56 | Win Rate: 0.00% | Actor Loss: -14.9964 | Entropy: 0.8366
Epoch [187/2000] | Sampled: 2060.31 | Baseline: 668.25 | Improvement: -1392.06 | Win Rate: 0.00% | Actor Loss: 2.2170 | Entropy: 0.5996
Epoch [188/2000] | Sampled: 2433.38 | Baseline: 763.62 | Improvement: -1669.75 | Win Rate: 0.00% | Actor Loss: -0.0024 | Entropy: 0.5615
Epoch [189/2000] | Sampled: 2027.75 | Baseline: 654.31 | Improvement: -1373.44 | Win Rate: 0.00% | Actor Loss: -2.0077 | Entropy: 0.5205
Epoch [190/2000] | Sampled: 2124.62 | Baseline: 678.06 | Improvement: -1446.56 | Win Rate: 0.00% | Actor Loss: -1.5402 | Entropy: 0.5503
Epoch [191/2000] | Sampled: 2267.75 | Baseline: 721.00 | Improvement: -1546.75 | Win Rate: 0.00% | Actor Loss: -1.0304 | Entropy: 0.5459
Epoch [192/2000] | Sampled: 2157.44 | Baseline: 697.75 | Improvement: -1459.69 | Win Rate: 0.00% | Actor Loss: -0.8947 | Entropy: 0.5119
Epoch [193/2000] | Sampled: 2257.19 | Baseline: 724.44 | Improvement: -1532.75 | Win Rate: 0.00% | Actor Loss: 2.1224 | Entropy: 0.5425
Epoch [194/2000] | Sampled: 2831.25 | Baseline: 895.69 | Improvement: -1935.56 | Win Rate: 0.00% | Actor Loss: 3.5481 | Entropy: 0.7683
Epoch [195/2000] | Sampled: 2356.31 | Baseline: 754.50 | Improvement: -1601.81 | Win Rate: 0.00% | Actor Loss: 1.4161 | Entropy: 0.7960
Epoch [196/2000] | Sampled: 2650.75 | Baseline: 829.62 | Improvement: -1821.12 | Win Rate: 0.00% | Actor Loss: 0.4923 | Entropy: 0.7610
Epoch [197/2000] | Sampled: 2570.44 | Baseline: 809.31 | Improvement: -1761.12 | Win Rate: 0.00% | Actor Loss: 3.0907 | Entropy: 0.6850
Epoch [198/2000] | Sampled: 2128.62 | Baseline: 682.38 | Improvement: -1446.25 | Win Rate: 0.00% | Actor Loss: 3.0393 | Entropy: 0.5501
Epoch [199/2000] | Sampled: 2212.31 | Baseline: 705.44 | Improvement: -1506.88 | Win Rate: 0.00% | Actor Loss: 5.1510 | Entropy: 0.6342
Epoch [200/2000] | Sampled: 2047.81 | Baseline: 654.31 | Improvement: -1393.50 | Win Rate: 0.00% | Actor Loss: 4.6608 | Entropy: 0.5447
   -> Saved updated training chart to /home/wei/AMR-DFJSP/Static_alogorithm/Attention/attention_training_metrics.png
Epoch [201/2000] | Sampled: 2501.94 | Baseline: 797.56 | Improvement: -1704.38 | Win Rate: 0.00% | Actor Loss: -21.3664 | Entropy: 0.5927
Epoch [202/2000] | Sampled: 2501.62 | Baseline: 786.94 | Improvement: -1714.69 | Win Rate: 0.00% | Actor Loss: -22.2603 | Entropy: 0.7820
Epoch [203/2000] | Sampled: 2320.06 | Baseline: 733.75 | Improvement: -1586.31 | Win Rate: 0.00% | Actor Loss: -8.6124 | Entropy: 0.7380
Epoch [204/2000] | Sampled: 2132.12 | Baseline: 674.81 | Improvement: -1457.31 | Win Rate: 0.00% | Actor Loss: -22.3402 | Entropy: 0.5735
Epoch [205/2000] | Sampled: 2192.69 | Baseline: 692.00 | Improvement: -1500.69 | Win Rate: 0.00% | Actor Loss: -6.0317 | Entropy: 0.5198
Epoch [206/2000] | Sampled: 2527.56 | Baseline: 801.69 | Improvement: -1725.88 | Win Rate: 0.00% | Actor Loss: -2.6928 | Entropy: 0.6984
Epoch [207/2000] | Sampled: 2589.56 | Baseline: 821.00 | Improvement: -1768.56 | Win Rate: 0.00% | Actor Loss: -10.4014 | Entropy: 0.9045
Epoch [208/2000] | Sampled: 1826.69 | Baseline: 590.75 | Improvement: -1235.94 | Win Rate: 0.00% | Actor Loss: -7.0952 | Entropy: 0.6947
Epoch [209/2000] | Sampled: 2035.69 | Baseline: 656.75 | Improvement: -1378.94 | Win Rate: 0.00% | Actor Loss: -1.5948 | Entropy: 0.7465
Epoch [210/2000] | Sampled: 2303.38 | Baseline: 741.94 | Improvement: -1561.44 | Win Rate: 0.00% | Actor Loss: -4.2906 | Entropy: 0.7879
Epoch [211/2000] | Sampled: 1945.62 | Baseline: 622.69 | Improvement: -1322.94 | Win Rate: 0.00% | Actor Loss: 2.7333 | Entropy: 0.5560
Epoch [212/2000] | Sampled: 1772.56 | Baseline: 573.00 | Improvement: -1199.56 | Win Rate: 0.00% | Actor Loss: 2.8850 | Entropy: 0.5170
Epoch [213/2000] | Sampled: 2100.94 | Baseline: 662.19 | Improvement: -1438.75 | Win Rate: 0.00% | Actor Loss: 3.0687 | Entropy: 0.5326
Epoch [214/2000] | Sampled: 2431.88 | Baseline: 765.19 | Improvement: -1666.69 | Win Rate: 0.00% | Actor Loss: 3.1819 | Entropy: 0.6264
Epoch [215/2000] | Sampled: 2111.31 | Baseline: 680.31 | Improvement: -1431.00 | Win Rate: 0.00% | Actor Loss: -0.8183 | Entropy: 0.6506
Epoch [216/2000] | Sampled: 2141.94 | Baseline: 679.38 | Improvement: -1462.56 | Win Rate: 0.00% | Actor Loss: 0.1451 | Entropy: 0.6091
Epoch [217/2000] | Sampled: 2152.25 | Baseline: 679.25 | Improvement: -1473.00 | Win Rate: 0.00% | Actor Loss: 2.5130 | Entropy: 0.6253
Epoch [218/2000] | Sampled: 2654.12 | Baseline: 836.75 | Improvement: -1817.38 | Win Rate: 0.00% | Actor Loss: 1.7625 | Entropy: 0.6474
Epoch [219/2000] | Sampled: 2037.06 | Baseline: 647.69 | Improvement: -1389.38 | Win Rate: 0.00% | Actor Loss: 4.5967 | Entropy: 0.5838
Epoch [220/2000] | Sampled: 2050.81 | Baseline: 665.00 | Improvement: -1385.81 | Win Rate: 0.00% | Actor Loss: 5.6810 | Entropy: 0.6134
Epoch [221/2000] | Sampled: 2156.75 | Baseline: 691.81 | Improvement: -1464.94 | Win Rate: 0.00% | Actor Loss: 0.2157 | Entropy: 0.5948
Epoch [222/2000] | Sampled: 2185.38 | Baseline: 694.38 | Improvement: -1491.00 | Win Rate: 0.00% | Actor Loss: -3.2130 | Entropy: 0.6829
Epoch [223/2000] | Sampled: 2521.88 | Baseline: 810.44 | Improvement: -1711.44 | Win Rate: 0.00% | Actor Loss: -9.5110 | Entropy: 0.7542
Epoch [224/2000] | Sampled: 1918.12 | Baseline: 617.12 | Improvement: -1301.00 | Win Rate: 0.00% | Actor Loss: 4.1687 | Entropy: 0.5284
Epoch [225/2000] | Sampled: 2334.75 | Baseline: 736.19 | Improvement: -1598.56 | Win Rate: 0.00% | Actor Loss: 5.7176 | Entropy: 0.5601
Epoch [226/2000] | Sampled: 2102.88 | Baseline: 669.25 | Improvement: -1433.62 | Win Rate: 0.00% | Actor Loss: 2.5640 | Entropy: 0.5471
Epoch [227/2000] | Sampled: 2661.56 | Baseline: 844.56 | Improvement: -1817.00 | Win Rate: 0.00% | Actor Loss: 5.1196 | Entropy: 0.6395
Epoch [228/2000] | Sampled: 2133.38 | Baseline: 681.56 | Improvement: -1451.81 | Win Rate: 0.00% | Actor Loss: 3.0114 | Entropy: 0.7108
Epoch [229/2000] | Sampled: 2343.62 | Baseline: 746.19 | Improvement: -1597.44 | Win Rate: 0.00% | Actor Loss: -12.8297 | Entropy: 0.5737
Epoch [230/2000] | Sampled: 2167.06 | Baseline: 684.50 | Improvement: -1482.56 | Win Rate: 0.00% | Actor Loss: -56.7845 | Entropy: 0.5500
Epoch [231/2000] | Sampled: 2470.38 | Baseline: 783.75 | Improvement: -1686.62 | Win Rate: 0.00% | Actor Loss: -86.5507 | Entropy: 0.6511
Epoch [232/2000] | Sampled: 2224.62 | Baseline: 711.31 | Improvement: -1513.31 | Win Rate: 0.00% | Actor Loss: 0.6788 | Entropy: 0.5980
Epoch [233/2000] | Sampled: 2048.56 | Baseline: 645.31 | Improvement: -1403.25 | Win Rate: 0.00% | Actor Loss: -0.0155 | Entropy: 0.5592
Epoch [234/2000] | Sampled: 2106.00 | Baseline: 675.12 | Improvement: -1430.88 | Win Rate: 0.00% | Actor Loss: 0.4852 | Entropy: 0.6133
Epoch [235/2000] | Sampled: 2730.00 | Baseline: 865.69 | Improvement: -1864.31 | Win Rate: 0.00% | Actor Loss: 1.6698 | Entropy: 0.6687
Epoch [236/2000] | Sampled: 2339.94 | Baseline: 744.94 | Improvement: -1595.00 | Win Rate: 0.00% | Actor Loss: 1.8465 | Entropy: 0.5985
Epoch [237/2000] | Sampled: 2428.12 | Baseline: 769.00 | Improvement: -1659.12 | Win Rate: 0.00% | Actor Loss: -0.3510 | Entropy: 0.4945
Epoch [238/2000] | Sampled: 1816.00 | Baseline: 578.44 | Improvement: -1237.56 | Win Rate: 0.00% | Actor Loss: 2.1777 | Entropy: 0.4252
Epoch [239/2000] | Sampled: 2275.75 | Baseline: 718.31 | Improvement: -1557.44 | Win Rate: 0.00% | Actor Loss: 0.1288 | Entropy: 0.5059
Epoch [240/2000] | Sampled: 1987.81 | Baseline: 631.31 | Improvement: -1356.50 | Win Rate: 0.00% | Actor Loss: 0.0123 | Entropy: 0.4778
Epoch [241/2000] | Sampled: 2287.25 | Baseline: 724.81 | Improvement: -1562.44 | Win Rate: 0.00% | Actor Loss: 2.0429 | Entropy: 0.5015
Epoch [242/2000] | Sampled: 2719.62 | Baseline: 850.19 | Improvement: -1869.44 | Win Rate: 0.00% | Actor Loss: -4.4125 | Entropy: 0.7299
Epoch [243/2000] | Sampled: 2377.06 | Baseline: 744.44 | Improvement: -1632.62 | Win Rate: 0.00% | Actor Loss: -4.3370 | Entropy: 0.6032
Epoch [244/2000] | Sampled: 2242.38 | Baseline: 704.50 | Improvement: -1537.88 | Win Rate: 0.00% | Actor Loss: -4.2093 | Entropy: 0.6238
Epoch [245/2000] | Sampled: 2467.12 | Baseline: 770.69 | Improvement: -1696.44 | Win Rate: 0.00% | Actor Loss: -0.1862 | Entropy: 0.5521
Epoch [246/2000] | Sampled: 2184.88 | Baseline: 691.19 | Improvement: -1493.69 | Win Rate: 0.00% | Actor Loss: -0.8329 | Entropy: 0.4787
Epoch [247/2000] | Sampled: 2523.31 | Baseline: 799.81 | Improvement: -1723.50 | Win Rate: 0.00% | Actor Loss: -3.2401 | Entropy: 0.6055
Epoch [248/2000] | Sampled: 2291.25 | Baseline: 723.62 | Improvement: -1567.62 | Win Rate: 0.00% | Actor Loss: -2.3609 | Entropy: 0.5581
Epoch [249/2000] | Sampled: 2109.75 | Baseline: 675.25 | Improvement: -1434.50 | Win Rate: 0.00% | Actor Loss: 1.3641 | Entropy: 0.4890
Epoch [250/2000] | Sampled: 2299.81 | Baseline: 722.25 | Improvement: -1577.56 | Win Rate: 0.00% | Actor Loss: -0.7896 | Entropy: 0.4951
Epoch [251/2000] | Sampled: 2170.56 | Baseline: 684.69 | Improvement: -1485.88 | Win Rate: 0.00% | Actor Loss: -0.3440 | Entropy: 0.4571
Epoch [252/2000] | Sampled: 2029.00 | Baseline: 651.44 | Improvement: -1377.56 | Win Rate: 0.00% | Actor Loss: 2.0906 | Entropy: 0.4575
Epoch [253/2000] | Sampled: 2667.62 | Baseline: 847.88 | Improvement: -1819.75 | Win Rate: 0.00% | Actor Loss: -1.1714 | Entropy: 0.5039
Epoch [254/2000] | Sampled: 2426.88 | Baseline: 782.38 | Improvement: -1644.50 | Win Rate: 0.00% | Actor Loss: 1.4269 | Entropy: 0.5029
Epoch [255/2000] | Sampled: 2289.69 | Baseline: 738.38 | Improvement: -1551.31 | Win Rate: 0.00% | Actor Loss: 1.7635 | Entropy: 0.5010
Epoch [256/2000] | Sampled: 2317.44 | Baseline: 744.69 | Improvement: -1572.75 | Win Rate: 0.00% | Actor Loss: 4.5029 | Entropy: 0.5211
Epoch [257/2000] | Sampled: 2270.94 | Baseline: 729.12 | Improvement: -1541.81 | Win Rate: 0.00% | Actor Loss: 3.6775 | Entropy: 0.5085
Epoch [258/2000] | Sampled: 2433.00 | Baseline: 762.69 | Improvement: -1670.31 | Win Rate: 0.00% | Actor Loss: 3.1634 | Entropy: 0.5205
Epoch [259/2000] | Sampled: 2160.69 | Baseline: 687.12 | Improvement: -1473.56 | Win Rate: 0.00% | Actor Loss: 5.1188 | Entropy: 0.5379
Epoch [260/2000] | Sampled: 1874.62 | Baseline: 605.38 | Improvement: -1269.25 | Win Rate: 0.00% | Actor Loss: 5.3408 | Entropy: 0.5295
Epoch [261/2000] | Sampled: 2159.19 | Baseline: 703.12 | Improvement: -1456.06 | Win Rate: 0.00% | Actor Loss: 2.3186 | Entropy: 0.5658
Epoch [262/2000] | Sampled: 2119.31 | Baseline: 680.44 | Improvement: -1438.88 | Win Rate: 0.00% | Actor Loss: 2.4270 | Entropy: 0.6075
Epoch [263/2000] | Sampled: 2265.94 | Baseline: 722.06 | Improvement: -1543.88 | Win Rate: 0.00% | Actor Loss: -1.2581 | Entropy: 0.6011
Epoch [264/2000] | Sampled: 2146.12 | Baseline: 674.38 | Improvement: -1471.75 | Win Rate: 0.00% | Actor Loss: 2.3808 | Entropy: 0.5178
Epoch [265/2000] | Sampled: 2384.44 | Baseline: 751.88 | Improvement: -1632.56 | Win Rate: 0.00% | Actor Loss: 1.4771 | Entropy: 0.5621
Epoch [266/2000] | Sampled: 2406.50 | Baseline: 768.31 | Improvement: -1638.19 | Win Rate: 0.00% | Actor Loss: 0.6215 | Entropy: 0.5834
Epoch [267/2000] | Sampled: 2304.75 | Baseline: 737.25 | Improvement: -1567.50 | Win Rate: 0.00% | Actor Loss: -0.7158 | Entropy: 0.5176
Epoch [268/2000] | Sampled: 2645.69 | Baseline: 835.50 | Improvement: -1810.19 | Win Rate: 0.00% | Actor Loss: -1.4522 | Entropy: 0.5311
Epoch [269/2000] | Sampled: 2102.62 | Baseline: 676.88 | Improvement: -1425.75 | Win Rate: 0.00% | Actor Loss: 1.1293 | Entropy: 0.4474
Epoch [270/2000] | Sampled: 2045.50 | Baseline: 649.12 | Improvement: -1396.38 | Win Rate: 0.00% | Actor Loss: 1.1144 | Entropy: 0.4662
Epoch [271/2000] | Sampled: 2196.25 | Baseline: 705.88 | Improvement: -1490.38 | Win Rate: 0.00% | Actor Loss: -0.4990 | Entropy: 0.5449
Epoch [272/2000] | Sampled: 2296.56 | Baseline: 742.44 | Improvement: -1554.12 | Win Rate: 0.00% | Actor Loss: -0.0503 | Entropy: 0.4916
Epoch [273/2000] | Sampled: 1709.56 | Baseline: 551.06 | Improvement: -1158.50 | Win Rate: 0.00% | Actor Loss: -0.4101 | Entropy: 0.4401
Epoch [274/2000] | Sampled: 2312.00 | Baseline: 733.75 | Improvement: -1578.25 | Win Rate: 0.00% | Actor Loss: 0.3407 | Entropy: 0.5062
Epoch [275/2000] | Sampled: 1825.38 | Baseline: 593.56 | Improvement: -1231.81 | Win Rate: 0.00% | Actor Loss: -0.5483 | Entropy: 0.4186
Epoch [276/2000] | Sampled: 2580.38 | Baseline: 814.62 | Improvement: -1765.75 | Win Rate: 0.00% | Actor Loss: -1.5782 | Entropy: 0.5064
Epoch [277/2000] | Sampled: 2075.31 | Baseline: 670.19 | Improvement: -1405.12 | Win Rate: 0.00% | Actor Loss: -0.4397 | Entropy: 0.4735
Epoch [278/2000] | Sampled: 2515.38 | Baseline: 804.00 | Improvement: -1711.38 | Win Rate: 0.00% | Actor Loss: -4.4369 | Entropy: 0.5646
Epoch [279/2000] | Sampled: 2747.88 | Baseline: 864.50 | Improvement: -1883.38 | Win Rate: 0.00% | Actor Loss: -3.0275 | Entropy: 0.6670
Epoch [280/2000] | Sampled: 1847.12 | Baseline: 597.31 | Improvement: -1249.81 | Win Rate: 0.00% | Actor Loss: -1.3542 | Entropy: 0.5560
Epoch [281/2000] | Sampled: 2126.25 | Baseline: 674.56 | Improvement: -1451.69 | Win Rate: 0.00% | Actor Loss: -0.7387 | Entropy: 0.6388
Epoch [282/2000] | Sampled: 2089.44 | Baseline: 665.00 | Improvement: -1424.44 | Win Rate: 0.00% | Actor Loss: -6.5785 | Entropy: 0.6597
Epoch [283/2000] | Sampled: 1836.75 | Baseline: 588.69 | Improvement: -1248.06 | Win Rate: 0.00% | Actor Loss: -1.2758 | Entropy: 0.5894
Epoch [284/2000] | Sampled: 2060.62 | Baseline: 659.19 | Improvement: -1401.44 | Win Rate: 0.00% | Actor Loss: -2.3148 | Entropy: 0.6116
Epoch [285/2000] | Sampled: 1652.81 | Baseline: 532.12 | Improvement: -1120.69 | Win Rate: 0.00% | Actor Loss: -1.8132 | Entropy: 0.4970
Epoch [286/2000] | Sampled: 2076.75 | Baseline: 672.44 | Improvement: -1404.31 | Win Rate: 0.00% | Actor Loss: -3.7875 | Entropy: 0.6072
Epoch [287/2000] | Sampled: 2172.94 | Baseline: 690.94 | Improvement: -1482.00 | Win Rate: 0.00% | Actor Loss: -44.4151 | Entropy: 0.6003
Epoch [288/2000] | Sampled: 2465.44 | Baseline: 780.81 | Improvement: -1684.62 | Win Rate: 0.00% | Actor Loss: -13.6337 | Entropy: 0.6484
Epoch [289/2000] | Sampled: 1540.50 | Baseline: 506.38 | Improvement: -1034.12 | Win Rate: 0.00% | Actor Loss: -0.6250 | Entropy: 0.7377
Epoch [290/2000] | Sampled: 2382.75 | Baseline: 768.44 | Improvement: -1614.31 | Win Rate: 0.00% | Actor Loss: -47.4217 | Entropy: 1.2612
Epoch [291/2000] | Sampled: 1518.44 | Baseline: 490.69 | Improvement: -1027.75 | Win Rate: 0.00% | Actor Loss: -34.1858 | Entropy: 1.3169
Epoch [292/2000] | Sampled: 2153.12 | Baseline: 691.25 | Improvement: -1461.88 | Win Rate: 0.00% | Actor Loss: -937.2468 | Entropy: 1.8299
Epoch [293/2000] | Sampled: 1545.12 | Baseline: 491.00 | Improvement: -1054.12 | Win Rate: 0.00% | Actor Loss: 6.1389 | Entropy: 1.5418
Epoch [294/2000] | Sampled: 2046.62 | Baseline: 655.06 | Improvement: -1391.56 | Win Rate: 0.00% | Actor Loss: -1.8504 | Entropy: 1.3362
Epoch [295/2000] | Sampled: 1519.12 | Baseline: 487.50 | Improvement: -1031.62 | Win Rate: 0.00% | Actor Loss: 3.5769 | Entropy: 1.0332
Epoch [296/2000] | Sampled: 2404.56 | Baseline: 766.12 | Improvement: -1638.44 | Win Rate: 0.00% | Actor Loss: 1.5851 | Entropy: 0.9459
Epoch [297/2000] | Sampled: 1993.69 | Baseline: 642.44 | Improvement: -1351.25 | Win Rate: 0.00% | Actor Loss: 5.9524 | Entropy: 0.7565
Epoch [298/2000] | Sampled: 1997.44 | Baseline: 632.75 | Improvement: -1364.69 | Win Rate: 0.00% | Actor Loss: 3.4262 | Entropy: 0.7288
Epoch [299/2000] | Sampled: 2597.06 | Baseline: 827.31 | Improvement: -1769.75 | Win Rate: 0.00% | Actor Loss: 8.6285 | Entropy: 0.7682
Epoch [300/2000] | Sampled: 2151.69 | Baseline: 696.94 | Improvement: -1454.75 | Win Rate: 0.00% | Actor Loss: 6.4824 | Entropy: 0.7447
   -> Saved updated training chart to /home/wei/AMR-DFJSP/Static_alogorithm/Attention/attention_training_metrics.png
Epoch [301/2000] | Sampled: 2301.44 | Baseline: 734.56 | Improvement: -1566.88 | Win Rate: 0.00% | Actor Loss: 6.0725 | Entropy: 0.7765
Epoch [302/2000] | Sampled: 2305.56 | Baseline: 734.81 | Improvement: -1570.75 | Win Rate: 0.00% | Actor Loss: 10.7940 | Entropy: 0.7780
Epoch [303/2000] | Sampled: 2327.44 | Baseline: 739.56 | Improvement: -1587.88 | Win Rate: 0.00% | Actor Loss: 9.0690 | Entropy: 0.7602
Epoch [304/2000] | Sampled: 2366.56 | Baseline: 763.00 | Improvement: -1603.56 | Win Rate: 0.00% | Actor Loss: 4.7593 | Entropy: 0.7369
Epoch [305/2000] | Sampled: 2405.88 | Baseline: 764.88 | Improvement: -1641.00 | Win Rate: 0.00% | Actor Loss: 4.4030 | Entropy: 0.6985
Epoch [306/2000] | Sampled: 2090.75 | Baseline: 671.12 | Improvement: -1419.62 | Win Rate: 0.00% | Actor Loss: 2.7968 | Entropy: 0.5645
Epoch [307/2000] | Sampled: 2631.38 | Baseline: 828.62 | Improvement: -1802.75 | Win Rate: 0.00% | Actor Loss: 5.0063 | Entropy: 0.6068
Epoch [308/2000] | Sampled: 2147.38 | Baseline: 680.38 | Improvement: -1467.00 | Win Rate: 0.00% | Actor Loss: 3.3701 | Entropy: 0.5191
Epoch [309/2000] | Sampled: 2539.50 | Baseline: 808.94 | Improvement: -1730.56 | Win Rate: 0.00% | Actor Loss: 2.8348 | Entropy: 0.5927
Epoch [310/2000] | Sampled: 2216.75 | Baseline: 712.00 | Improvement: -1504.75 | Win Rate: 0.00% | Actor Loss: -1.5776 | Entropy: 0.5362
Epoch [311/2000] | Sampled: 1757.69 | Baseline: 569.50 | Improvement: -1188.19 | Win Rate: 0.00% | Actor Loss: -1.6127 | Entropy: 0.5027
Epoch [312/2000] | Sampled: 2512.56 | Baseline: 798.88 | Improvement: -1713.69 | Win Rate: 0.00% | Actor Loss: -12.1266 | Entropy: 0.6477
Epoch [313/2000] | Sampled: 1847.12 | Baseline: 594.62 | Improvement: -1252.50 | Win Rate: 0.00% | Actor Loss: -1.9292 | Entropy: 0.5544
Epoch [314/2000] | Sampled: 2278.44 | Baseline: 725.88 | Improvement: -1552.56 | Win Rate: 0.00% | Actor Loss: -2.1102 | Entropy: 0.6014
Epoch [315/2000] | Sampled: 2311.75 | Baseline: 736.81 | Improvement: -1574.94 | Win Rate: 0.00% | Actor Loss: -9.8555 | Entropy: 0.6228
Epoch [316/2000] | Sampled: 2543.50 | Baseline: 801.94 | Improvement: -1741.56 | Win Rate: 0.00% | Actor Loss: -6.0097 | Entropy: 0.6845
Epoch [317/2000] | Sampled: 2232.00 | Baseline: 707.12 | Improvement: -1524.88 | Win Rate: 0.00% | Actor Loss: -1.1794 | Entropy: 0.6154
Epoch [318/2000] | Sampled: 2125.62 | Baseline: 668.31 | Improvement: -1457.31 | Win Rate: 0.00% | Actor Loss: -0.6721 | Entropy: 0.6021
Epoch [319/2000] | Sampled: 1807.00 | Baseline: 579.69 | Improvement: -1227.31 | Win Rate: 0.00% | Actor Loss: -2.9609 | Entropy: 0.5749
Epoch [320/2000] | Sampled: 1972.44 | Baseline: 617.94 | Improvement: -1354.50 | Win Rate: 0.00% | Actor Loss: -30.6821 | Entropy: 0.7563
Epoch [321/2000] | Sampled: 2603.44 | Baseline: 824.00 | Improvement: -1779.44 | Win Rate: 0.00% | Actor Loss: -50.9560 | Entropy: 0.9219
Epoch [322/2000] | Sampled: 2243.44 | Baseline: 713.00 | Improvement: -1530.44 | Win Rate: 0.00% | Actor Loss: 7.0624 | Entropy: 0.8043
Epoch [323/2000] | Sampled: 1912.12 | Baseline: 622.00 | Improvement: -1290.12 | Win Rate: 0.00% | Actor Loss: 3.7059 | Entropy: 0.7426
Epoch [324/2000] | Sampled: 2447.19 | Baseline: 771.44 | Improvement: -1675.75 | Win Rate: 0.00% | Actor Loss: 6.6661 | Entropy: 0.7085
Epoch [325/2000] | Sampled: 2526.38 | Baseline: 805.06 | Improvement: -1721.31 | Win Rate: 0.00% | Actor Loss: -2.5649 | Entropy: 0.6637
Epoch [326/2000] | Sampled: 2186.69 | Baseline: 690.56 | Improvement: -1496.12 | Win Rate: 0.00% | Actor Loss: -7.5907 | Entropy: 0.6085
Epoch [327/2000] | Sampled: 1849.94 | Baseline: 588.12 | Improvement: -1261.81 | Win Rate: 0.00% | Actor Loss: 28.9370 | Entropy: 0.5328
Epoch [328/2000] | Sampled: 2205.25 | Baseline: 706.19 | Improvement: -1499.06 | Win Rate: 0.00% | Actor Loss: 7.8497 | Entropy: 0.5649
Epoch [329/2000] | Sampled: 2394.31 | Baseline: 758.88 | Improvement: -1635.44 | Win Rate: 0.00% | Actor Loss: -59.9460 | Entropy: 0.5726
Epoch [330/2000] | Sampled: 2204.12 | Baseline: 702.31 | Improvement: -1501.81 | Win Rate: 0.00% | Actor Loss: -208.0506 | Entropy: 0.5513
Epoch [331/2000] | Sampled: 2330.06 | Baseline: 748.62 | Improvement: -1581.44 | Win Rate: 0.00% | Actor Loss: -153.6560 | Entropy: 0.6032
Epoch [332/2000] | Sampled: 2449.50 | Baseline: 789.81 | Improvement: -1659.69 | Win Rate: 0.00% | Actor Loss: -531.0759 | Entropy: 0.6659
Epoch [333/2000] | Sampled: 1935.62 | Baseline: 635.94 | Improvement: -1299.69 | Win Rate: 0.00% | Actor Loss: -446.9515 | Entropy: 0.6454
Epoch [334/2000] | Sampled: 1988.94 | Baseline: 705.25 | Improvement: -1283.69 | Win Rate: 0.00% | Actor Loss: -1751.6658 | Entropy: 0.7110
Epoch [335/2000] | Sampled: 1298.06 | Baseline: 519.88 | Improvement: -778.19 | Win Rate: 0.00% | Actor Loss: -13.7607 | Entropy: 0.8619
Epoch [336/2000] | Sampled: 1449.00 | Baseline: 658.75 | Improvement: -790.25 | Win Rate: 0.00% | Actor Loss: 53.5242 | Entropy: 1.1069
Epoch [337/2000] | Sampled: 1402.00 | Baseline: 678.69 | Improvement: -723.31 | Win Rate: 0.00% | Actor Loss: 4.0823 | Entropy: 1.2248
Epoch [338/2000] | Sampled: 1444.56 | Baseline: 798.00 | Improvement: -646.56 | Win Rate: 0.00% | Actor Loss: 17.9661 | Entropy: 1.3612
Epoch [339/2000] | Sampled: 1055.19 | Baseline: 674.75 | Improvement: -380.44 | Win Rate: 0.00% | Actor Loss: 63.7763 | Entropy: 1.3697
   -> Saved new best model (Makespan: 1055.19)
Epoch [340/2000] | Sampled: 1078.56 | Baseline: 708.50 | Improvement: -370.06 | Win Rate: 0.00% | Actor Loss: 49.4650 | Entropy: 1.4571
Epoch [341/2000] | Sampled: 931.19 | Baseline: 632.06 | Improvement: -299.12 | Win Rate: 0.00% | Actor Loss: 34.1267 | Entropy: 1.3753
   -> Saved new best model (Makespan: 931.19)
Epoch [342/2000] | Sampled: 845.81 | Baseline: 589.94 | Improvement: -255.88 | Win Rate: 0.00% | Actor Loss: 45.4647 | Entropy: 1.2768
   -> Saved new best model (Makespan: 845.81)
Epoch [343/2000] | Sampled: 1100.56 | Baseline: 779.75 | Improvement: -320.81 | Win Rate: 0.00% | Actor Loss: 52.6490 | Entropy: 1.4159
Epoch [344/2000] | Sampled: 1074.06 | Baseline: 747.81 | Improvement: -326.25 | Win Rate: 0.00% | Actor Loss: 132.0228 | Entropy: 1.3690
Epoch [345/2000] | Sampled: 850.88 | Baseline: 612.56 | Improvement: -238.31 | Win Rate: 0.00% | Actor Loss: 30.3570 | Entropy: 1.2220
Epoch [346/2000] | Sampled: 738.94 | Baseline: 527.31 | Improvement: -211.62 | Win Rate: 0.00% | Actor Loss: 64.4680 | Entropy: 1.1842
   -> Saved new best model (Makespan: 738.94)
Epoch [347/2000] | Sampled: 822.88 | Baseline: 597.94 | Improvement: -224.94 | Win Rate: 0.00% | Actor Loss: 77.9631 | Entropy: 1.2012
Epoch [348/2000] | Sampled: 877.62 | Baseline: 604.62 | Improvement: -273.00 | Win Rate: 0.00% | Actor Loss: -165.1647 | Entropy: 1.2130
Epoch [349/2000] | Sampled: 1031.44 | Baseline: 718.12 | Improvement: -313.31 | Win Rate: 0.00% | Actor Loss: 233.8599 | Entropy: 1.2568
Epoch [350/2000] | Sampled: 1194.62 | Baseline: 816.06 | Improvement: -378.56 | Win Rate: 0.00% | Actor Loss: 54.5278 | Entropy: 1.2695
Epoch [351/2000] | Sampled: 1173.25 | Baseline: 778.31 | Improvement: -394.94 | Win Rate: 0.00% | Actor Loss: 207.9489 | Entropy: 1.2667
Epoch [352/2000] | Sampled: 888.88 | Baseline: 624.44 | Improvement: -264.44 | Win Rate: 0.00% | Actor Loss: 160.2274 | Entropy: 1.1591
Epoch [353/2000] | Sampled: 1160.69 | Baseline: 776.38 | Improvement: -384.31 | Win Rate: 0.00% | Actor Loss: 239.7977 | Entropy: 1.2555
Epoch [354/2000] | Sampled: 1156.38 | Baseline: 767.50 | Improvement: -388.88 | Win Rate: 0.00% | Actor Loss: 387.7829 | Entropy: 1.1861
Epoch [355/2000] | Sampled: 931.00 | Baseline: 618.00 | Improvement: -313.00 | Win Rate: 0.00% | Actor Loss: 8.2797 | Entropy: 1.1239
Epoch [356/2000] | Sampled: 1085.12 | Baseline: 731.25 | Improvement: -353.88 | Win Rate: 0.00% | Actor Loss: 655.2640 | Entropy: 1.1811
Epoch [357/2000] | Sampled: 1309.31 | Baseline: 878.25 | Improvement: -431.06 | Win Rate: 0.00% | Actor Loss: 403.5393 | Entropy: 1.2185
Epoch [358/2000] | Sampled: 1104.19 | Baseline: 758.81 | Improvement: -345.38 | Win Rate: 0.00% | Actor Loss: 243.2536 | Entropy: 1.1931
Epoch [359/2000] | Sampled: 994.50 | Baseline: 725.06 | Improvement: -269.44 | Win Rate: 0.00% | Actor Loss: 227.6538 | Entropy: 1.1611
Epoch [360/2000] | Sampled: 961.06 | Baseline: 726.50 | Improvement: -234.56 | Win Rate: 0.00% | Actor Loss: 148.1771 | Entropy: 1.2430
Epoch [361/2000] | Sampled: 786.19 | Baseline: 607.62 | Improvement: -178.56 | Win Rate: 0.00% | Actor Loss: -53.2164 | Entropy: 1.1918
Epoch [362/2000] | Sampled: 749.31 | Baseline: 578.69 | Improvement: -170.62 | Win Rate: 0.00% | Actor Loss: -46.9596 | Entropy: 1.1820
Epoch [363/2000] | Sampled: 850.12 | Baseline: 639.12 | Improvement: -211.00 | Win Rate: 0.00% | Actor Loss: -54.9785 | Entropy: 1.2593
Epoch [364/2000] | Sampled: 976.00 | Baseline: 748.81 | Improvement: -227.19 | Win Rate: 0.00% | Actor Loss: -62.1963 | Entropy: 1.2727
Epoch [365/2000] | Sampled: 868.38 | Baseline: 664.12 | Improvement: -204.25 | Win Rate: 0.00% | Actor Loss: -88.4971 | Entropy: 1.3000
Epoch [366/2000] | Sampled: 733.00 | Baseline: 562.12 | Improvement: -170.88 | Win Rate: 0.00% | Actor Loss: -93.2614 | Entropy: 1.2558
   -> Saved new best model (Makespan: 733.00)
Epoch [367/2000] | Sampled: 937.12 | Baseline: 709.25 | Improvement: -227.88 | Win Rate: 0.00% | Actor Loss: -48.7058 | Entropy: 1.3639
Epoch [368/2000] | Sampled: 740.44 | Baseline: 562.81 | Improvement: -177.62 | Win Rate: 0.00% | Actor Loss: 11.9801 | Entropy: 1.2784
Epoch [369/2000] | Sampled: 890.19 | Baseline: 672.62 | Improvement: -217.56 | Win Rate: 0.00% | Actor Loss: 10.8687 | Entropy: 1.3309
Epoch [370/2000] | Sampled: 917.44 | Baseline: 695.69 | Improvement: -221.75 | Win Rate: 0.00% | Actor Loss: 93.4127 | Entropy: 1.3607
Epoch [371/2000] | Sampled: 910.19 | Baseline: 694.56 | Improvement: -215.62 | Win Rate: 0.00% | Actor Loss: -64.3297 | Entropy: 1.3702
Epoch [372/2000] | Sampled: 813.50 | Baseline: 618.12 | Improvement: -195.38 | Win Rate: 0.00% | Actor Loss: 34.3308 | Entropy: 1.3366
Epoch [373/2000] | Sampled: 914.44 | Baseline: 706.31 | Improvement: -208.12 | Win Rate: 0.00% | Actor Loss: -5.4041 | Entropy: 1.3900
Epoch [374/2000] | Sampled: 855.56 | Baseline: 659.69 | Improvement: -195.88 | Win Rate: 0.00% | Actor Loss: -123.8705 | Entropy: 1.3402
Epoch [375/2000] | Sampled: 682.06 | Baseline: 522.69 | Improvement: -159.38 | Win Rate: 0.00% | Actor Loss: -64.3246 | Entropy: 1.2930
   -> Saved new best model (Makespan: 682.06)
Epoch [376/2000] | Sampled: 731.06 | Baseline: 565.31 | Improvement: -165.75 | Win Rate: 0.00% | Actor Loss: -6.9062 | Entropy: 1.3227
Epoch [377/2000] | Sampled: 852.44 | Baseline: 651.19 | Improvement: -201.25 | Win Rate: 0.00% | Actor Loss: -104.4988 | Entropy: 1.3803
Epoch [378/2000] | Sampled: 983.38 | Baseline: 748.00 | Improvement: -235.38 | Win Rate: 0.00% | Actor Loss: -38.9919 | Entropy: 1.4198
Epoch [379/2000] | Sampled: 844.25 | Baseline: 640.88 | Improvement: -203.38 | Win Rate: 0.00% | Actor Loss: -5.7735 | Entropy: 1.2872
Epoch [380/2000] | Sampled: 941.56 | Baseline: 721.38 | Improvement: -220.19 | Win Rate: 0.00% | Actor Loss: -92.4097 | Entropy: 1.3765
Epoch [381/2000] | Sampled: 1001.62 | Baseline: 765.25 | Improvement: -236.38 | Win Rate: 0.00% | Actor Loss: 13.6283 | Entropy: 1.4141
Epoch [382/2000] | Sampled: 963.50 | Baseline: 734.56 | Improvement: -228.94 | Win Rate: 0.00% | Actor Loss: -45.6031 | Entropy: 1.3120
Epoch [383/2000] | Sampled: 889.69 | Baseline: 668.12 | Improvement: -221.56 | Win Rate: 0.00% | Actor Loss: 25.5035 | Entropy: 1.2362
Epoch [384/2000] | Sampled: 834.25 | Baseline: 639.06 | Improvement: -195.19 | Win Rate: 0.00% | Actor Loss: 100.4004 | Entropy: 1.2536
Epoch [385/2000] | Sampled: 952.56 | Baseline: 737.56 | Improvement: -215.00 | Win Rate: 0.00% | Actor Loss: 71.2036 | Entropy: 1.2712
Epoch [386/2000] | Sampled: 704.38 | Baseline: 540.06 | Improvement: -164.31 | Win Rate: 0.00% | Actor Loss: 165.0763 | Entropy: 1.1437
Epoch [387/2000] | Sampled: 892.25 | Baseline: 675.81 | Improvement: -216.44 | Win Rate: 0.00% | Actor Loss: 112.2718 | Entropy: 1.1968
Epoch [388/2000] | Sampled: 842.19 | Baseline: 636.44 | Improvement: -205.75 | Win Rate: 0.00% | Actor Loss: -94.7740 | Entropy: 1.1835
Epoch [389/2000] | Sampled: 951.69 | Baseline: 727.00 | Improvement: -224.69 | Win Rate: 0.00% | Actor Loss: -63.5116 | Entropy: 1.1846
Epoch [390/2000] | Sampled: 992.94 | Baseline: 737.31 | Improvement: -255.62 | Win Rate: 0.00% | Actor Loss: 126.3172 | Entropy: 1.2300
Epoch [391/2000] | Sampled: 930.56 | Baseline: 708.62 | Improvement: -221.94 | Win Rate: 0.00% | Actor Loss: 104.0783 | Entropy: 1.2222
Epoch [392/2000] | Sampled: 919.94 | Baseline: 690.94 | Improvement: -229.00 | Win Rate: 0.00% | Actor Loss: -592.9084 | Entropy: 1.1351
Epoch [393/2000] | Sampled: 1000.31 | Baseline: 757.81 | Improvement: -242.50 | Win Rate: 0.00% | Actor Loss: 47.3739 | Entropy: 1.2258
Epoch [394/2000] | Sampled: 946.44 | Baseline: 708.44 | Improvement: -238.00 | Win Rate: 0.00% | Actor Loss: 105.3524 | Entropy: 1.2057
Epoch [395/2000] | Sampled: 1089.56 | Baseline: 776.19 | Improvement: -313.38 | Win Rate: 0.00% | Actor Loss: -165.0354 | Entropy: 1.1890
Epoch [396/2000] | Sampled: 951.00 | Baseline: 650.38 | Improvement: -300.62 | Win Rate: 0.00% | Actor Loss: -64.4904 | Entropy: 1.0632
Epoch [397/2000] | Sampled: 1782.44 | Baseline: 643.75 | Improvement: -1138.69 | Win Rate: 0.00% | Actor Loss: 450.9263 | Entropy: 0.4157
Epoch [398/2000] | Sampled: 2254.31 | Baseline: 763.44 | Improvement: -1490.88 | Win Rate: 0.00% | Actor Loss: 293.3863 | Entropy: 0.4423
Epoch [399/2000] | Sampled: 1662.50 | Baseline: 711.25 | Improvement: -951.25 | Win Rate: 0.00% | Actor Loss: -1826.1137 | Entropy: 0.7677
Epoch [400/2000] | Sampled: 977.38 | Baseline: 724.12 | Improvement: -253.25 | Win Rate: 0.00% | Actor Loss: -251.6652 | Entropy: 1.2597
   -> Saved updated training chart to /home/wei/AMR-DFJSP/Static_alogorithm/Attention/attention_training_metrics.png
Epoch [401/2000] | Sampled: 1066.69 | Baseline: 781.00 | Improvement: -285.69 | Win Rate: 0.00% | Actor Loss: -168.8876 | Entropy: 1.3510
Epoch [402/2000] | Sampled: 993.94 | Baseline: 750.19 | Improvement: -243.75 | Win Rate: 0.00% | Actor Loss: -235.9245 | Entropy: 1.3124
Epoch [403/2000] | Sampled: 822.31 | Baseline: 626.69 | Improvement: -195.62 | Win Rate: 0.00% | Actor Loss: -97.4887 | Entropy: 1.2512
Epoch [404/2000] | Sampled: 1044.44 | Baseline: 808.62 | Improvement: -235.81 | Win Rate: 0.00% | Actor Loss: -70.4091 | Entropy: 1.3667
Epoch [405/2000] | Sampled: 1004.75 | Baseline: 762.75 | Improvement: -242.00 | Win Rate: 0.00% | Actor Loss: -59.9348 | Entropy: 1.3689
Epoch [406/2000] | Sampled: 968.88 | Baseline: 750.19 | Improvement: -218.69 | Win Rate: 0.00% | Actor Loss: -96.9455 | Entropy: 1.3937
Epoch [407/2000] | Sampled: 994.12 | Baseline: 752.56 | Improvement: -241.56 | Win Rate: 0.00% | Actor Loss: -63.5583 | Entropy: 1.3444
Epoch [408/2000] | Sampled: 972.38 | Baseline: 731.50 | Improvement: -240.88 | Win Rate: 0.00% | Actor Loss: 60.5432 | Entropy: 1.3557
Epoch [409/2000] | Sampled: 1055.56 | Baseline: 782.75 | Improvement: -272.81 | Win Rate: 0.00% | Actor Loss: 177.3641 | Entropy: 1.4029
Epoch [410/2000] | Sampled: 967.19 | Baseline: 725.38 | Improvement: -241.81 | Win Rate: 0.00% | Actor Loss: 157.7946 | Entropy: 1.3958
Epoch [411/2000] | Sampled: 1070.62 | Baseline: 792.62 | Improvement: -278.00 | Win Rate: 0.00% | Actor Loss: 87.0918 | Entropy: 1.4625
Epoch [412/2000] | Sampled: 996.81 | Baseline: 720.44 | Improvement: -276.38 | Win Rate: 0.00% | Actor Loss: 182.7025 | Entropy: 1.3531
Epoch [413/2000] | Sampled: 921.81 | Baseline: 656.94 | Improvement: -264.88 | Win Rate: 0.00% | Actor Loss: 73.6548 | Entropy: 1.3312
Epoch [414/2000] | Sampled: 1105.38 | Baseline: 817.88 | Improvement: -287.50 | Win Rate: 0.00% | Actor Loss: 64.4642 | Entropy: 1.4437
Epoch [415/2000] | Sampled: 883.62 | Baseline: 645.38 | Improvement: -238.25 | Win Rate: 0.00% | Actor Loss: 16.1483 | Entropy: 1.2817
Epoch [416/2000] | Sampled: 802.06 | Baseline: 589.38 | Improvement: -212.69 | Win Rate: 0.00% | Actor Loss: 116.7196 | Entropy: 1.3023
Epoch [417/2000] | Sampled: 790.38 | Baseline: 583.75 | Improvement: -206.62 | Win Rate: 0.00% | Actor Loss: 79.2240 | Entropy: 1.3393
Epoch [418/2000] | Sampled: 967.69 | Baseline: 717.38 | Improvement: -250.31 | Win Rate: 0.00% | Actor Loss: 130.8116 | Entropy: 1.3959
Epoch [419/2000] | Sampled: 966.19 | Baseline: 718.44 | Improvement: -247.75 | Win Rate: 0.00% | Actor Loss: 117.3208 | Entropy: 1.3904
Epoch [420/2000] | Sampled: 931.94 | Baseline: 689.75 | Improvement: -242.19 | Win Rate: 0.00% | Actor Loss: 68.8544 | Entropy: 1.4230
Epoch [421/2000] | Sampled: 1012.56 | Baseline: 743.62 | Improvement: -268.94 | Win Rate: 0.00% | Actor Loss: -65.9642 | Entropy: 1.4244
Epoch [422/2000] | Sampled: 1998.19 | Baseline: 650.75 | Improvement: -1347.44 | Win Rate: 0.00% | Actor Loss: -786.5088 | Entropy: 0.4059
Epoch [423/2000] | Sampled: 910.94 | Baseline: 626.25 | Improvement: -284.69 | Win Rate: 0.00% | Actor Loss: -36.3197 | Entropy: 1.2704
Epoch [424/2000] | Sampled: 991.19 | Baseline: 692.56 | Improvement: -298.62 | Win Rate: 0.00% | Actor Loss: 34.8611 | Entropy: 1.4163
Epoch [425/2000] | Sampled: 943.75 | Baseline: 621.31 | Improvement: -322.44 | Win Rate: 0.00% | Actor Loss: -190.6987 | Entropy: 1.2475
Epoch [426/2000] | Sampled: 1057.69 | Baseline: 695.69 | Improvement: -362.00 | Win Rate: 0.00% | Actor Loss: -267.9382 | Entropy: 1.3721
Epoch [427/2000] | Sampled: 1074.69 | Baseline: 709.12 | Improvement: -365.56 | Win Rate: 0.00% | Actor Loss: 306.9277 | Entropy: 1.4240
Epoch [428/2000] | Sampled: 1200.69 | Baseline: 746.81 | Improvement: -453.88 | Win Rate: 0.00% | Actor Loss: -332.7393 | Entropy: 1.4236
Epoch [429/2000] | Sampled: 1111.56 | Baseline: 620.31 | Improvement: -491.25 | Win Rate: 0.00% | Actor Loss: -770.9856 | Entropy: 1.1535
Epoch [430/2000] | Sampled: 1565.88 | Baseline: 805.12 | Improvement: -760.75 | Win Rate: 0.00% | Actor Loss: -1313.8721 | Entropy: 1.2603
Epoch [431/2000] | Sampled: 1762.00 | Baseline: 844.94 | Improvement: -917.06 | Win Rate: 0.00% | Actor Loss: -2349.8170 | Entropy: 1.1155
Epoch [432/2000] | Sampled: 1490.19 | Baseline: 712.88 | Improvement: -777.31 | Win Rate: 0.00% | Actor Loss: -2905.9996 | Entropy: 1.0393
Epoch [433/2000] | Sampled: 1279.69 | Baseline: 575.19 | Improvement: -704.50 | Win Rate: 0.00% | Actor Loss: -3374.4753 | Entropy: 0.9387
Epoch [434/2000] | Sampled: 2003.12 | Baseline: 695.25 | Improvement: -1307.88 | Win Rate: 0.00% | Actor Loss: 82.2033 | Entropy: 0.8931
Epoch [435/2000] | Sampled: 2755.50 | Baseline: 894.38 | Improvement: -1861.12 | Win Rate: 0.00% | Actor Loss: 120.4642 | Entropy: 0.8389
Epoch [436/2000] | Sampled: 2267.00 | Baseline: 755.81 | Improvement: -1511.19 | Win Rate: 0.00% | Actor Loss: -2606.3095 | Entropy: 0.7205
Epoch [437/2000] | Sampled: 2341.88 | Baseline: 751.50 | Improvement: -1590.38 | Win Rate: 0.00% | Actor Loss: -1695.2996 | Entropy: 0.6914
Epoch [438/2000] | Sampled: 1936.00 | Baseline: 629.81 | Improvement: -1306.19 | Win Rate: 0.00% | Actor Loss: 204.3733 | Entropy: 0.7047
Epoch [439/2000] | Sampled: 2213.44 | Baseline: 704.50 | Improvement: -1508.94 | Win Rate: 0.00% | Actor Loss: -550.2611 | Entropy: 0.6853
Epoch [440/2000] | Sampled: 1924.06 | Baseline: 619.56 | Improvement: -1304.50 | Win Rate: 0.00% | Actor Loss: -1168.1182 | Entropy: 0.6346
Epoch [441/2000] | Sampled: 2155.88 | Baseline: 697.31 | Improvement: -1458.56 | Win Rate: 0.00% | Actor Loss: -1569.0061 | Entropy: 0.5409
Epoch [442/2000] | Sampled: 1804.75 | Baseline: 580.38 | Improvement: -1224.38 | Win Rate: 0.00% | Actor Loss: -812.8939 | Entropy: 0.5177
Epoch [443/2000] | Sampled: 2297.44 | Baseline: 749.25 | Improvement: -1548.19 | Win Rate: 0.00% | Actor Loss: -2779.5474 | Entropy: 0.7054
Epoch [444/2000] | Sampled: 2101.25 | Baseline: 702.56 | Improvement: -1398.69 | Win Rate: 0.00% | Actor Loss: -3992.1283 | Entropy: 0.7201
Epoch [445/2000] | Sampled: 1993.44 | Baseline: 664.31 | Improvement: -1329.12 | Win Rate: 0.00% | Actor Loss: -4590.4893 | Entropy: 0.6869
Epoch [446/2000] | Sampled: 2342.19 | Baseline: 763.56 | Improvement: -1578.62 | Win Rate: 0.00% | Actor Loss: -2385.0795 | Entropy: 0.6877
Epoch [447/2000] | Sampled: 2174.75 | Baseline: 698.12 | Improvement: -1476.62 | Win Rate: 0.00% | Actor Loss: -10.9459 | Entropy: 0.9139
Epoch [448/2000] | Sampled: 2108.50 | Baseline: 676.69 | Improvement: -1431.81 | Win Rate: 0.00% | Actor Loss: -7.4689 | Entropy: 0.8691
Epoch [449/2000] | Sampled: 2172.38 | Baseline: 690.19 | Improvement: -1482.19 | Win Rate: 0.00% | Actor Loss: -8.8523 | Entropy: 0.9326
Epoch [450/2000] | Sampled: 1936.31 | Baseline: 615.38 | Improvement: -1320.94 | Win Rate: 0.00% | Actor Loss: -6.4514 | Entropy: 0.8219
Epoch [451/2000] | Sampled: 2545.44 | Baseline: 804.88 | Improvement: -1740.56 | Win Rate: 0.00% | Actor Loss: -7.9648 | Entropy: 1.0373
Epoch [452/2000] | Sampled: 2379.31 | Baseline: 745.19 | Improvement: -1634.12 | Win Rate: 0.00% | Actor Loss: -13.8669 | Entropy: 0.9819
Epoch [453/2000] | Sampled: 2074.75 | Baseline: 647.75 | Improvement: -1427.00 | Win Rate: 0.00% | Actor Loss: -11.5018 | Entropy: 0.8818
Epoch [454/2000] | Sampled: 2668.00 | Baseline: 835.69 | Improvement: -1832.31 | Win Rate: 0.00% | Actor Loss: -16.2144 | Entropy: 1.0794
Epoch [455/2000] | Sampled: 2153.81 | Baseline: 687.25 | Improvement: -1466.56 | Win Rate: 0.00% | Actor Loss: -8.6490 | Entropy: 0.9217
Epoch [456/2000] | Sampled: 2217.75 | Baseline: 705.12 | Improvement: -1512.62 | Win Rate: 0.00% | Actor Loss: -12.0663 | Entropy: 0.9998
Epoch [457/2000] | Sampled: 2220.00 | Baseline: 707.75 | Improvement: -1512.25 | Win Rate: 0.00% | Actor Loss: -7.7322 | Entropy: 0.9201
Epoch [458/2000] | Sampled: 2597.69 | Baseline: 826.19 | Improvement: -1771.50 | Win Rate: 0.00% | Actor Loss: -9.4589 | Entropy: 1.0815
Epoch [459/2000] | Sampled: 2144.81 | Baseline: 684.06 | Improvement: -1460.75 | Win Rate: 0.00% | Actor Loss: -5.5090 | Entropy: 0.9282
Epoch [460/2000] | Sampled: 2204.75 | Baseline: 691.00 | Improvement: -1513.75 | Win Rate: 0.00% | Actor Loss: -5.3481 | Entropy: 0.9345
Epoch [461/2000] | Sampled: 2365.94 | Baseline: 745.50 | Improvement: -1620.44 | Win Rate: 0.00% | Actor Loss: -4.3439 | Entropy: 1.0057
Epoch [462/2000] | Sampled: 2369.00 | Baseline: 751.44 | Improvement: -1617.56 | Win Rate: 0.00% | Actor Loss: -7.6587 | Entropy: 1.0145
Epoch [463/2000] | Sampled: 2557.56 | Baseline: 814.00 | Improvement: -1743.56 | Win Rate: 0.00% | Actor Loss: -5.7272 | Entropy: 1.0571
Epoch [464/2000] | Sampled: 2277.06 | Baseline: 719.19 | Improvement: -1557.88 | Win Rate: 0.00% | Actor Loss: -1.1356 | Entropy: 0.9406
Epoch [465/2000] | Sampled: 2241.69 | Baseline: 709.00 | Improvement: -1532.69 | Win Rate: 0.00% | Actor Loss: -5.8149 | Entropy: 0.9517
Epoch [466/2000] | Sampled: 2428.25 | Baseline: 773.69 | Improvement: -1654.56 | Win Rate: 0.00% | Actor Loss: -5.3132 | Entropy: 0.9831
Epoch [467/2000] | Sampled: 1927.88 | Baseline: 615.75 | Improvement: -1312.12 | Win Rate: 0.00% | Actor Loss: -6.0748 | Entropy: 0.8918
Epoch [468/2000] | Sampled: 2279.31 | Baseline: 717.25 | Improvement: -1562.06 | Win Rate: 0.00% | Actor Loss: -4.0932 | Entropy: 0.9572
Epoch [469/2000] | Sampled: 2369.38 | Baseline: 760.88 | Improvement: -1608.50 | Win Rate: 0.00% | Actor Loss: -6.8365 | Entropy: 1.0082
Epoch [470/2000] | Sampled: 2009.62 | Baseline: 637.38 | Improvement: -1372.25 | Win Rate: 0.00% | Actor Loss: -4.2891 | Entropy: 0.8723
Epoch [471/2000] | Sampled: 2639.44 | Baseline: 837.75 | Improvement: -1801.69 | Win Rate: 0.00% | Actor Loss: -4.9925 | Entropy: 1.0821
Epoch [472/2000] | Sampled: 1953.12 | Baseline: 621.06 | Improvement: -1332.06 | Win Rate: 0.00% | Actor Loss: -2.6836 | Entropy: 0.8286
Epoch [473/2000] | Sampled: 2339.31 | Baseline: 744.25 | Improvement: -1595.06 | Win Rate: 0.00% | Actor Loss: -6.7995 | Entropy: 0.9910
Epoch [474/2000] | Sampled: 1968.69 | Baseline: 618.81 | Improvement: -1349.88 | Win Rate: 0.00% | Actor Loss: -2.6415 | Entropy: 0.8020
Epoch [475/2000] | Sampled: 1971.38 | Baseline: 624.69 | Improvement: -1346.69 | Win Rate: 0.00% | Actor Loss: -2.1134 | Entropy: 0.8397
Epoch [476/2000] | Sampled: 1996.44 | Baseline: 633.44 | Improvement: -1363.00 | Win Rate: 0.00% | Actor Loss: -2.9130 | Entropy: 0.8404
Epoch [477/2000] | Sampled: 2045.75 | Baseline: 649.31 | Improvement: -1396.44 | Win Rate: 0.00% | Actor Loss: -2.0945 | Entropy: 0.8550
Epoch [478/2000] | Sampled: 2419.94 | Baseline: 761.75 | Improvement: -1658.19 | Win Rate: 0.00% | Actor Loss: -6.0889 | Entropy: 0.9903
Epoch [479/2000] | Sampled: 2546.94 | Baseline: 812.06 | Improvement: -1734.88 | Win Rate: 0.00% | Actor Loss: -8.5361 | Entropy: 1.0671
Epoch [480/2000] | Sampled: 2666.94 | Baseline: 836.31 | Improvement: -1830.62 | Win Rate: 0.00% | Actor Loss: -9.2802 | Entropy: 1.0784
Epoch [481/2000] | Sampled: 2279.62 | Baseline: 722.25 | Improvement: -1557.38 | Win Rate: 0.00% | Actor Loss: -4.7151 | Entropy: 0.9885
Epoch [482/2000] | Sampled: 2291.88 | Baseline: 731.12 | Improvement: -1560.75 | Win Rate: 0.00% | Actor Loss: -4.5561 | Entropy: 0.9909
Epoch [483/2000] | Sampled: 2596.69 | Baseline: 812.25 | Improvement: -1784.44 | Win Rate: 0.00% | Actor Loss: -5.0632 | Entropy: 1.0860
Epoch [484/2000] | Sampled: 2754.06 | Baseline: 880.75 | Improvement: -1873.31 | Win Rate: 0.00% | Actor Loss: -11.0634 | Entropy: 1.1581
Epoch [485/2000] | Sampled: 2137.56 | Baseline: 691.31 | Improvement: -1446.25 | Win Rate: 0.00% | Actor Loss: -9.7791 | Entropy: 1.0244
Epoch [486/2000] | Sampled: 2373.75 | Baseline: 750.69 | Improvement: -1623.06 | Win Rate: 0.00% | Actor Loss: -11.1713 | Entropy: 1.0786
Epoch [487/2000] | Sampled: 2743.56 | Baseline: 864.38 | Improvement: -1879.19 | Win Rate: 0.00% | Actor Loss: -11.9244 | Entropy: 1.2164
Epoch [488/2000] | Sampled: 2054.94 | Baseline: 647.44 | Improvement: -1407.50 | Win Rate: 0.00% | Actor Loss: -5.3260 | Entropy: 0.9753
Epoch [489/2000] | Sampled: 1920.81 | Baseline: 611.75 | Improvement: -1309.06 | Win Rate: 0.00% | Actor Loss: -8.8419 | Entropy: 0.8938
Epoch [490/2000] | Sampled: 2461.81 | Baseline: 779.75 | Improvement: -1682.06 | Win Rate: 0.00% | Actor Loss: -17.6399 | Entropy: 1.1424
Epoch [491/2000] | Sampled: 2667.12 | Baseline: 844.50 | Improvement: -1822.62 | Win Rate: 0.00% | Actor Loss: -15.5648 | Entropy: 1.2015
Epoch [492/2000] | Sampled: 1617.25 | Baseline: 517.94 | Improvement: -1099.31 | Win Rate: 0.00% | Actor Loss: -5.2295 | Entropy: 0.8227
Epoch [493/2000] | Sampled: 1818.44 | Baseline: 578.00 | Improvement: -1240.44 | Win Rate: 0.00% | Actor Loss: -6.3172 | Entropy: 0.8776
Epoch [494/2000] | Sampled: 2742.75 | Baseline: 863.56 | Improvement: -1879.19 | Win Rate: 0.00% | Actor Loss: -15.3907 | Entropy: 1.2745
Epoch [495/2000] | Sampled: 1929.25 | Baseline: 612.00 | Improvement: -1317.25 | Win Rate: 0.00% | Actor Loss: -12.0208 | Entropy: 0.9396
Epoch [496/2000] | Sampled: 2158.69 | Baseline: 688.69 | Improvement: -1470.00 | Win Rate: 0.00% | Actor Loss: -7.6270 | Entropy: 1.0505
Epoch [497/2000] | Sampled: 2044.62 | Baseline: 648.25 | Improvement: -1396.38 | Win Rate: 0.00% | Actor Loss: -8.4371 | Entropy: 0.9786
Epoch [498/2000] | Sampled: 2359.31 | Baseline: 755.12 | Improvement: -1604.19 | Win Rate: 0.00% | Actor Loss: -10.1538 | Entropy: 1.1153
Epoch [499/2000] | Sampled: 2064.81 | Baseline: 653.19 | Improvement: -1411.62 | Win Rate: 0.00% | Actor Loss: -7.8609 | Entropy: 0.9763
Epoch [500/2000] | Sampled: 2260.00 | Baseline: 709.75 | Improvement: -1550.25 | Win Rate: 0.00% | Actor Loss: -7.3496 | Entropy: 1.0477
   -> Saved updated training chart to /home/wei/AMR-DFJSP/Static_alogorithm/Attention/attention_training_metrics.png
Epoch [501/2000] | Sampled: 2044.44 | Baseline: 639.31 | Improvement: -1405.12 | Win Rate: 0.00% | Actor Loss: -9.4575 | Entropy: 0.9518
Epoch [502/2000] | Sampled: 2428.50 | Baseline: 763.44 | Improvement: -1665.06 | Win Rate: 0.00% | Actor Loss: -14.4673 | Entropy: 1.0805
Epoch [503/2000] | Sampled: 2148.94 | Baseline: 683.38 | Improvement: -1465.56 | Win Rate: 0.00% | Actor Loss: -10.5135 | Entropy: 0.9697
Epoch [504/2000] | Sampled: 2327.00 | Baseline: 745.94 | Improvement: -1581.06 | Win Rate: 0.00% | Actor Loss: -11.6277 | Entropy: 1.0343
Epoch [505/2000] | Sampled: 2180.88 | Baseline: 688.94 | Improvement: -1491.94 | Win Rate: 0.00% | Actor Loss: -3.9415 | Entropy: 1.0039
Epoch [506/2000] | Sampled: 2693.69 | Baseline: 859.31 | Improvement: -1834.38 | Win Rate: 0.00% | Actor Loss: -9.5003 | Entropy: 1.1588
Epoch [507/2000] | Sampled: 2522.50 | Baseline: 797.19 | Improvement: -1725.31 | Win Rate: 0.00% | Actor Loss: -16.0079 | Entropy: 1.1320
Epoch [508/2000] | Sampled: 1998.94 | Baseline: 639.56 | Improvement: -1359.38 | Win Rate: 0.00% | Actor Loss: -4.4581 | Entropy: 0.9117
Epoch [509/2000] | Sampled: 1874.44 | Baseline: 592.81 | Improvement: -1281.62 | Win Rate: 0.00% | Actor Loss: -7.0585 | Entropy: 0.8749
Epoch [510/2000] | Sampled: 1799.31 | Baseline: 579.06 | Improvement: -1220.25 | Win Rate: 0.00% | Actor Loss: -8.2486 | Entropy: 0.8607
Epoch [511/2000] | Sampled: 2143.69 | Baseline: 688.19 | Improvement: -1455.50 | Win Rate: 0.00% | Actor Loss: -10.4071 | Entropy: 1.0122
Epoch [512/2000] | Sampled: 2529.06 | Baseline: 792.69 | Improvement: -1736.38 | Win Rate: 0.00% | Actor Loss: -11.7845 | Entropy: 1.0718
Epoch [513/2000] | Sampled: 2044.69 | Baseline: 656.06 | Improvement: -1388.62 | Win Rate: 0.00% | Actor Loss: -5.8906 | Entropy: 0.9351
Epoch [514/2000] | Sampled: 2435.75 | Baseline: 765.94 | Improvement: -1669.81 | Win Rate: 0.00% | Actor Loss: -13.3921 | Entropy: 1.0188
Epoch [515/2000] | Sampled: 2141.56 | Baseline: 685.50 | Improvement: -1456.06 | Win Rate: 0.00% | Actor Loss: -4.7045 | Entropy: 0.9506
Epoch [516/2000] | Sampled: 2112.06 | Baseline: 665.44 | Improvement: -1446.62 | Win Rate: 0.00% | Actor Loss: -3.2185 | Entropy: 0.9130
Epoch [517/2000] | Sampled: 1948.19 | Baseline: 619.62 | Improvement: -1328.56 | Win Rate: 0.00% | Actor Loss: -1.9768 | Entropy: 0.8915
Epoch [518/2000] | Sampled: 2136.31 | Baseline: 684.38 | Improvement: -1451.94 | Win Rate: 0.00% | Actor Loss: -9.2659 | Entropy: 0.9350
Epoch [519/2000] | Sampled: 2154.88 | Baseline: 677.00 | Improvement: -1477.88 | Win Rate: 0.00% | Actor Loss: -0.4083 | Entropy: 0.9396
Epoch [520/2000] | Sampled: 2145.75 | Baseline: 692.88 | Improvement: -1452.88 | Win Rate: 0.00% | Actor Loss: -7.0823 | Entropy: 0.9598
Epoch [521/2000] | Sampled: 2127.94 | Baseline: 674.56 | Improvement: -1453.38 | Win Rate: 0.00% | Actor Loss: -6.9814 | Entropy: 0.9825
Epoch [522/2000] | Sampled: 2259.56 | Baseline: 720.94 | Improvement: -1538.62 | Win Rate: 0.00% | Actor Loss: -3.4632 | Entropy: 1.0595
Epoch [523/2000] | Sampled: 1907.19 | Baseline: 604.06 | Improvement: -1303.12 | Win Rate: 0.00% | Actor Loss: -2.9252 | Entropy: 0.8534
Epoch [524/2000] | Sampled: 1273.94 | Baseline: 410.69 | Improvement: -863.25 | Win Rate: 0.00% | Actor Loss: 1.2279 | Entropy: 0.6856
Epoch [525/2000] | Sampled: 2156.25 | Baseline: 682.56 | Improvement: -1473.69 | Win Rate: 0.00% | Actor Loss: -4.8489 | Entropy: 0.9746
Epoch [526/2000] | Sampled: 2212.31 | Baseline: 700.88 | Improvement: -1511.44 | Win Rate: 0.00% | Actor Loss: -10.8107 | Entropy: 1.0448
Epoch [527/2000] | Sampled: 2412.75 | Baseline: 761.69 | Improvement: -1651.06 | Win Rate: 0.00% | Actor Loss: -7.4941 | Entropy: 1.1526
Epoch [528/2000] | Sampled: 1742.94 | Baseline: 550.81 | Improvement: -1192.12 | Win Rate: 0.00% | Actor Loss: -6.9835 | Entropy: 0.8517
Epoch [529/2000] | Sampled: 2112.44 | Baseline: 666.56 | Improvement: -1445.88 | Win Rate: 0.00% | Actor Loss: -8.2182 | Entropy: 0.9771
Epoch [530/2000] | Sampled: 2134.00 | Baseline: 680.75 | Improvement: -1453.25 | Win Rate: 0.00% | Actor Loss: -13.6484 | Entropy: 0.9858
Epoch [531/2000] | Sampled: 2268.81 | Baseline: 719.81 | Improvement: -1549.00 | Win Rate: 0.00% | Actor Loss: -8.7280 | Entropy: 1.0651
Epoch [532/2000] | Sampled: 1999.25 | Baseline: 636.31 | Improvement: -1362.94 | Win Rate: 0.00% | Actor Loss: -6.5066 | Entropy: 0.9716
Epoch [533/2000] | Sampled: 2354.69 | Baseline: 750.88 | Improvement: -1603.81 | Win Rate: 0.00% | Actor Loss: -11.7920 | Entropy: 1.0833
Epoch [534/2000] | Sampled: 2248.88 | Baseline: 706.31 | Improvement: -1542.56 | Win Rate: 0.00% | Actor Loss: -17.2972 | Entropy: 1.0354
Epoch [535/2000] | Sampled: 2072.00 | Baseline: 665.88 | Improvement: -1406.12 | Win Rate: 0.00% | Actor Loss: -7.7363 | Entropy: 0.9989
Epoch [536/2000] | Sampled: 2386.19 | Baseline: 754.94 | Improvement: -1631.25 | Win Rate: 0.00% | Actor Loss: -7.9859 | Entropy: 1.0447
Epoch [537/2000] | Sampled: 2120.31 | Baseline: 672.00 | Improvement: -1448.31 | Win Rate: 0.00% | Actor Loss: -10.1569 | Entropy: 1.0005
Epoch [538/2000] | Sampled: 2087.50 | Baseline: 668.81 | Improvement: -1418.69 | Win Rate: 0.00% | Actor Loss: -4.0789 | Entropy: 0.9526
Epoch [539/2000] | Sampled: 2022.44 | Baseline: 645.06 | Improvement: -1377.38 | Win Rate: 0.00% | Actor Loss: -0.3289 | Entropy: 0.9635
Epoch [540/2000] | Sampled: 2184.81 | Baseline: 691.94 | Improvement: -1492.88 | Win Rate: 0.00% | Actor Loss: -3.9697 | Entropy: 0.9962
Epoch [541/2000] | Sampled: 1944.38 | Baseline: 615.69 | Improvement: -1328.69 | Win Rate: 0.00% | Actor Loss: -5.7875 | Entropy: 0.8886
Epoch [542/2000] | Sampled: 2475.38 | Baseline: 790.75 | Improvement: -1684.62 | Win Rate: 0.00% | Actor Loss: -7.0428 | Entropy: 1.0565
Epoch [543/2000] | Sampled: 2320.25 | Baseline: 733.44 | Improvement: -1586.81 | Win Rate: 0.00% | Actor Loss: -8.1426 | Entropy: 0.9944
Epoch [544/2000] | Sampled: 1774.31 | Baseline: 564.12 | Improvement: -1210.19 | Win Rate: 0.00% | Actor Loss: -1.0631 | Entropy: 0.7995
Epoch [545/2000] | Sampled: 1456.94 | Baseline: 476.50 | Improvement: -980.44 | Win Rate: 0.00% | Actor Loss: -0.4306 | Entropy: 0.6623
Epoch [546/2000] | Sampled: 2663.44 | Baseline: 847.56 | Improvement: -1815.88 | Win Rate: 0.00% | Actor Loss: -3.8540 | Entropy: 1.1041
Epoch [547/2000] | Sampled: 2556.75 | Baseline: 800.88 | Improvement: -1755.88 | Win Rate: 0.00% | Actor Loss: -5.3079 | Entropy: 1.0704
Epoch [548/2000] | Sampled: 1983.31 | Baseline: 629.25 | Improvement: -1354.06 | Win Rate: 0.00% | Actor Loss: -2.5914 | Entropy: 0.8350
Epoch [549/2000] | Sampled: 2233.44 | Baseline: 708.56 | Improvement: -1524.88 | Win Rate: 0.00% | Actor Loss: -0.9152 | Entropy: 0.9574
Epoch [550/2000] | Sampled: 2675.00 | Baseline: 844.06 | Improvement: -1830.94 | Win Rate: 0.00% | Actor Loss: -6.5307 | Entropy: 1.0730
Epoch [551/2000] | Sampled: 2258.81 | Baseline: 716.19 | Improvement: -1542.62 | Win Rate: 0.00% | Actor Loss: -5.4737 | Entropy: 0.9606
Epoch [552/2000] | Sampled: 2297.19 | Baseline: 726.56 | Improvement: -1570.62 | Win Rate: 0.00% | Actor Loss: -6.0660 | Entropy: 1.0312
Epoch [553/2000] | Sampled: 2443.44 | Baseline: 780.56 | Improvement: -1662.88 | Win Rate: 0.00% | Actor Loss: -11.0670 | Entropy: 1.0655
Epoch [554/2000] | Sampled: 2038.69 | Baseline: 654.44 | Improvement: -1384.25 | Win Rate: 0.00% | Actor Loss: -9.6221 | Entropy: 0.9188
Epoch [555/2000] | Sampled: 2263.69 | Baseline: 724.69 | Improvement: -1539.00 | Win Rate: 0.00% | Actor Loss: -13.2709 | Entropy: 1.0543
Epoch [556/2000] | Sampled: 2130.25 | Baseline: 677.06 | Improvement: -1453.19 | Win Rate: 0.00% | Actor Loss: -11.0591 | Entropy: 0.9764
Epoch [557/2000] | Sampled: 2216.12 | Baseline: 706.88 | Improvement: -1509.25 | Win Rate: 0.00% | Actor Loss: -12.4680 | Entropy: 1.0593
Epoch [558/2000] | Sampled: 2640.19 | Baseline: 838.31 | Improvement: -1801.88 | Win Rate: 0.00% | Actor Loss: -19.5740 | Entropy: 1.1613
Epoch [559/2000] | Sampled: 2211.50 | Baseline: 692.38 | Improvement: -1519.12 | Win Rate: 0.00% | Actor Loss: -9.5644 | Entropy: 1.0451
Epoch [560/2000] | Sampled: 2873.25 | Baseline: 902.69 | Improvement: -1970.56 | Win Rate: 0.00% | Actor Loss: -11.3996 | Entropy: 1.3037
Epoch [561/2000] | Sampled: 2439.06 | Baseline: 776.50 | Improvement: -1662.56 | Win Rate: 0.00% | Actor Loss: -20.7395 | Entropy: 1.1465
Epoch [562/2000] | Sampled: 2034.38 | Baseline: 641.75 | Improvement: -1392.62 | Win Rate: 0.00% | Actor Loss: -7.8328 | Entropy: 1.0109
Epoch [563/2000] | Sampled: 1903.56 | Baseline: 608.31 | Improvement: -1295.25 | Win Rate: 0.00% | Actor Loss: -16.5771 | Entropy: 0.9592
Epoch [564/2000] | Sampled: 2678.56 | Baseline: 839.38 | Improvement: -1839.19 | Win Rate: 0.00% | Actor Loss: -17.4160 | Entropy: 1.2720
Epoch [565/2000] | Sampled: 2384.06 | Baseline: 757.81 | Improvement: -1626.25 | Win Rate: 0.00% | Actor Loss: -15.4341 | Entropy: 1.1323
Epoch [566/2000] | Sampled: 2509.00 | Baseline: 791.44 | Improvement: -1717.56 | Win Rate: 0.00% | Actor Loss: -13.5870 | Entropy: 1.2322
Epoch [567/2000] | Sampled: 2159.12 | Baseline: 698.56 | Improvement: -1460.56 | Win Rate: 0.00% | Actor Loss: -15.1094 | Entropy: 1.0470
Epoch [568/2000] | Sampled: 2035.62 | Baseline: 653.44 | Improvement: -1382.19 | Win Rate: 0.00% | Actor Loss: -13.4971 | Entropy: 1.0028
Epoch [569/2000] | Sampled: 2352.25 | Baseline: 746.81 | Improvement: -1605.44 | Win Rate: 0.00% | Actor Loss: -13.2752 | Entropy: 1.1002
Epoch [570/2000] | Sampled: 2323.56 | Baseline: 730.88 | Improvement: -1592.69 | Win Rate: 0.00% | Actor Loss: -9.0321 | Entropy: 1.1153
Epoch [571/2000] | Sampled: 2143.25 | Baseline: 676.19 | Improvement: -1467.06 | Win Rate: 0.00% | Actor Loss: -10.2081 | Entropy: 1.0316
Epoch [572/2000] | Sampled: 2238.38 | Baseline: 709.62 | Improvement: -1528.75 | Win Rate: 0.00% | Actor Loss: -5.4873 | Entropy: 1.0434
Epoch [573/2000] | Sampled: 2439.31 | Baseline: 768.44 | Improvement: -1670.88 | Win Rate: 0.00% | Actor Loss: -14.2787 | Entropy: 1.1202
Epoch [574/2000] | Sampled: 1787.38 | Baseline: 574.69 | Improvement: -1212.69 | Win Rate: 0.00% | Actor Loss: -8.6984 | Entropy: 0.8825
Epoch [575/2000] | Sampled: 2000.06 | Baseline: 626.62 | Improvement: -1373.44 | Win Rate: 0.00% | Actor Loss: -9.9811 | Entropy: 0.9205
Epoch [576/2000] | Sampled: 2494.56 | Baseline: 793.62 | Improvement: -1700.94 | Win Rate: 0.00% | Actor Loss: -16.7188 | Entropy: 1.1145
Epoch [577/2000] | Sampled: 1930.12 | Baseline: 622.75 | Improvement: -1307.38 | Win Rate: 0.00% | Actor Loss: -8.6237 | Entropy: 0.9428
Epoch [578/2000] | Sampled: 2075.12 | Baseline: 669.44 | Improvement: -1405.69 | Win Rate: 0.00% | Actor Loss: -5.9306 | Entropy: 0.9943
Epoch [579/2000] | Sampled: 2077.19 | Baseline: 665.19 | Improvement: -1412.00 | Win Rate: 0.00% | Actor Loss: -2.9451 | Entropy: 0.9474
Epoch [580/2000] | Sampled: 2502.50 | Baseline: 796.00 | Improvement: -1706.50 | Win Rate: 0.00% | Actor Loss: -9.7034 | Entropy: 1.0916
Epoch [581/2000] | Sampled: 1722.12 | Baseline: 553.25 | Improvement: -1168.88 | Win Rate: 0.00% | Actor Loss: -3.9189 | Entropy: 0.8336
Epoch [582/2000] | Sampled: 2343.31 | Baseline: 742.31 | Improvement: -1601.00 | Win Rate: 0.00% | Actor Loss: -0.9659 | Entropy: 1.0239
Epoch [583/2000] | Sampled: 2251.88 | Baseline: 706.12 | Improvement: -1545.75 | Win Rate: 0.00% | Actor Loss: -6.5819 | Entropy: 0.9882
Epoch [584/2000] | Sampled: 1954.25 | Baseline: 627.50 | Improvement: -1326.75 | Win Rate: 0.00% | Actor Loss: -2.1783 | Entropy: 0.8937
Epoch [585/2000] | Sampled: 2679.44 | Baseline: 849.38 | Improvement: -1830.06 | Win Rate: 0.00% | Actor Loss: -11.7224 | Entropy: 1.0611
Epoch [586/2000] | Sampled: 2702.50 | Baseline: 849.75 | Improvement: -1852.75 | Win Rate: 0.00% | Actor Loss: -8.2598 | Entropy: 1.1369
Epoch [587/2000] | Sampled: 2462.62 | Baseline: 779.56 | Improvement: -1683.06 | Win Rate: 0.00% | Actor Loss: -4.3891 | Entropy: 1.0867
Epoch [588/2000] | Sampled: 2027.94 | Baseline: 642.44 | Improvement: -1385.50 | Win Rate: 0.00% | Actor Loss: -7.7113 | Entropy: 0.8789
Epoch [589/2000] | Sampled: 2373.50 | Baseline: 751.50 | Improvement: -1622.00 | Win Rate: 0.00% | Actor Loss: -8.9734 | Entropy: 1.0245
Epoch [590/2000] | Sampled: 2262.56 | Baseline: 711.44 | Improvement: -1551.12 | Win Rate: 0.00% | Actor Loss: -3.2412 | Entropy: 1.0228
Epoch [591/2000] | Sampled: 2661.06 | Baseline: 851.00 | Improvement: -1810.06 | Win Rate: 0.00% | Actor Loss: -13.0120 | Entropy: 1.0883
Epoch [592/2000] | Sampled: 2603.75 | Baseline: 820.50 | Improvement: -1783.25 | Win Rate: 0.00% | Actor Loss: -10.2371 | Entropy: 1.0772
Epoch [593/2000] | Sampled: 2049.12 | Baseline: 652.25 | Improvement: -1396.88 | Win Rate: 0.00% | Actor Loss: -4.3946 | Entropy: 0.8967
Epoch [594/2000] | Sampled: 2297.00 | Baseline: 720.56 | Improvement: -1576.44 | Win Rate: 0.00% | Actor Loss: -6.1766 | Entropy: 1.0238
Epoch [595/2000] | Sampled: 2405.00 | Baseline: 752.88 | Improvement: -1652.12 | Win Rate: 0.00% | Actor Loss: -1.6129 | Entropy: 1.0552
Epoch [596/2000] | Sampled: 2590.31 | Baseline: 827.25 | Improvement: -1763.06 | Win Rate: 0.00% | Actor Loss: -6.1867 | Entropy: 1.0908
Epoch [597/2000] | Sampled: 2314.44 | Baseline: 730.81 | Improvement: -1583.62 | Win Rate: 0.00% | Actor Loss: -5.6483 | Entropy: 1.0194
Epoch [598/2000] | Sampled: 2314.94 | Baseline: 737.00 | Improvement: -1577.94 | Win Rate: 0.00% | Actor Loss: -5.8217 | Entropy: 1.0248
Epoch [599/2000] | Sampled: 2359.69 | Baseline: 749.38 | Improvement: -1610.31 | Win Rate: 0.00% | Actor Loss: -6.1263 | Entropy: 1.0288
Epoch [600/2000] | Sampled: 2386.81 | Baseline: 761.19 | Improvement: -1625.62 | Win Rate: 0.00% | Actor Loss: -4.6997 | Entropy: 1.0710
   -> Saved updated training chart to /home/wei/AMR-DFJSP/Static_alogorithm/Attention/attention_training_metrics.png
Epoch [601/2000] | Sampled: 2272.38 | Baseline: 730.06 | Improvement: -1542.31 | Win Rate: 0.00% | Actor Loss: -8.5237 | Entropy: 0.9796
Epoch [602/2000] | Sampled: 1924.69 | Baseline: 617.94 | Improvement: -1306.75 | Win Rate: 0.00% | Actor Loss: -3.8829 | Entropy: 0.8543
Epoch [603/2000] | Sampled: 2437.06 | Baseline: 781.88 | Improvement: -1655.19 | Win Rate: 0.00% | Actor Loss: -7.8012 | Entropy: 1.0212
Epoch [604/2000] | Sampled: 2317.81 | Baseline: 735.62 | Improvement: -1582.19 | Win Rate: 0.00% | Actor Loss: -6.6431 | Entropy: 0.9631
Epoch [605/2000] | Sampled: 1941.19 | Baseline: 622.00 | Improvement: -1319.19 | Win Rate: 0.00% | Actor Loss: -2.3149 | Entropy: 0.8425
Epoch [606/2000] | Sampled: 2246.56 | Baseline: 712.88 | Improvement: -1533.69 | Win Rate: 0.00% | Actor Loss: -2.8173 | Entropy: 0.9570
Epoch [607/2000] | Sampled: 2202.75 | Baseline: 707.81 | Improvement: -1494.94 | Win Rate: 0.00% | Actor Loss: -11.0494 | Entropy: 0.8979
Epoch [608/2000] | Sampled: 2278.12 | Baseline: 715.56 | Improvement: -1562.56 | Win Rate: 0.00% | Actor Loss: 2.8925 | Entropy: 0.9406
Epoch [609/2000] | Sampled: 2392.69 | Baseline: 751.75 | Improvement: -1640.94 | Win Rate: 0.00% | Actor Loss: -2.8602 | Entropy: 0.9180
Epoch [610/2000] | Sampled: 2824.44 | Baseline: 890.62 | Improvement: -1933.81 | Win Rate: 0.00% | Actor Loss: -10.5364 | Entropy: 1.0631
Epoch [611/2000] | Sampled: 2279.12 | Baseline: 723.94 | Improvement: -1555.19 | Win Rate: 0.00% | Actor Loss: -6.8583 | Entropy: 0.9416
Epoch [612/2000] | Sampled: 2586.75 | Baseline: 820.88 | Improvement: -1765.88 | Win Rate: 0.00% | Actor Loss: -9.9442 | Entropy: 1.0177
Epoch [613/2000] | Sampled: 2029.62 | Baseline: 638.00 | Improvement: -1391.62 | Win Rate: 0.00% | Actor Loss: -4.6827 | Entropy: 0.7934
Epoch [614/2000] | Sampled: 1900.62 | Baseline: 601.31 | Improvement: -1299.31 | Win Rate: 0.00% | Actor Loss: -8.7798 | Entropy: 0.7782
Epoch [615/2000] | Sampled: 2217.50 | Baseline: 711.31 | Improvement: -1506.19 | Win Rate: 0.00% | Actor Loss: -7.9900 | Entropy: 0.8676
Epoch [616/2000] | Sampled: 2182.31 | Baseline: 692.88 | Improvement: -1489.44 | Win Rate: 0.00% | Actor Loss: -15.1323 | Entropy: 0.8685
Epoch [617/2000] | Sampled: 2258.75 | Baseline: 714.31 | Improvement: -1544.44 | Win Rate: 0.00% | Actor Loss: -6.4960 | Entropy: 0.8739
Epoch [618/2000] | Sampled: 2597.62 | Baseline: 824.25 | Improvement: -1773.38 | Win Rate: 0.00% | Actor Loss: -16.0432 | Entropy: 0.9722
Epoch [619/2000] | Sampled: 1976.69 | Baseline: 637.38 | Improvement: -1339.31 | Win Rate: 0.00% | Actor Loss: -5.4201 | Entropy: 0.7753
Epoch [620/2000] | Sampled: 2392.50 | Baseline: 751.56 | Improvement: -1640.94 | Win Rate: 0.00% | Actor Loss: -13.4355 | Entropy: 0.9164
Epoch [621/2000] | Sampled: 2255.19 | Baseline: 719.75 | Improvement: -1535.44 | Win Rate: 0.00% | Actor Loss: -8.8052 | Entropy: 0.9259
Epoch [622/2000] | Sampled: 2294.12 | Baseline: 728.06 | Improvement: -1566.06 | Win Rate: 0.00% | Actor Loss: -14.2437 | Entropy: 0.9492
Epoch [623/2000] | Sampled: 2630.56 | Baseline: 822.94 | Improvement: -1807.62 | Win Rate: 0.00% | Actor Loss: -8.0671 | Entropy: 1.0030
Epoch [624/2000] | Sampled: 1981.44 | Baseline: 635.38 | Improvement: -1346.06 | Win Rate: 0.00% | Actor Loss: -8.8986 | Entropy: 0.8096
Epoch [625/2000] | Sampled: 2052.88 | Baseline: 653.88 | Improvement: -1399.00 | Win Rate: 0.00% | Actor Loss: -8.2856 | Entropy: 0.8309
Epoch [626/2000] | Sampled: 2040.38 | Baseline: 648.62 | Improvement: -1391.75 | Win Rate: 0.00% | Actor Loss: -7.0384 | Entropy: 0.8271
Epoch [627/2000] | Sampled: 1729.12 | Baseline: 549.06 | Improvement: -1180.06 | Win Rate: 0.00% | Actor Loss: -7.0720 | Entropy: 0.7109
Epoch [628/2000] | Sampled: 2121.44 | Baseline: 684.44 | Improvement: -1437.00 | Win Rate: 0.00% | Actor Loss: -9.8679 | Entropy: 0.8522
Epoch [629/2000] | Sampled: 2067.69 | Baseline: 659.06 | Improvement: -1408.62 | Win Rate: 0.00% | Actor Loss: -6.8095 | Entropy: 0.8273
Epoch [630/2000] | Sampled: 2454.06 | Baseline: 777.94 | Improvement: -1676.12 | Win Rate: 0.00% | Actor Loss: -4.3790 | Entropy: 0.9545
Epoch [631/2000] | Sampled: 2484.94 | Baseline: 785.06 | Improvement: -1699.88 | Win Rate: 0.00% | Actor Loss: -7.4578 | Entropy: 0.9668
Epoch [632/2000] | Sampled: 1903.62 | Baseline: 612.69 | Improvement: -1290.94 | Win Rate: 0.00% | Actor Loss: -2.7936 | Entropy: 0.7859
Epoch [633/2000] | Sampled: 2440.38 | Baseline: 778.56 | Improvement: -1661.81 | Win Rate: 0.00% | Actor Loss: -15.8058 | Entropy: 0.9581
Epoch [634/2000] | Sampled: 2372.31 | Baseline: 753.06 | Improvement: -1619.25 | Win Rate: 0.00% | Actor Loss: -2.1991 | Entropy: 0.9112
Epoch [635/2000] | Sampled: 2500.88 | Baseline: 787.88 | Improvement: -1713.00 | Win Rate: 0.00% | Actor Loss: -1.3876 | Entropy: 0.9488
Epoch [636/2000] | Sampled: 2392.44 | Baseline: 759.69 | Improvement: -1632.75 | Win Rate: 0.00% | Actor Loss: -2.2295 | Entropy: 0.9274
Epoch [637/2000] | Sampled: 2386.81 | Baseline: 749.00 | Improvement: -1637.81 | Win Rate: 0.00% | Actor Loss: -2.5482 | Entropy: 0.8860
Epoch [638/2000] | Sampled: 2051.44 | Baseline: 647.56 | Improvement: -1403.88 | Win Rate: 0.00% | Actor Loss: -2.8667 | Entropy: 0.7478
Epoch [639/2000] | Sampled: 2360.88 | Baseline: 749.25 | Improvement: -1611.62 | Win Rate: 0.00% | Actor Loss: -1.9414 | Entropy: 0.8369
Epoch [640/2000] | Sampled: 1848.94 | Baseline: 593.06 | Improvement: -1255.88 | Win Rate: 0.00% | Actor Loss: -2.3411 | Entropy: 0.6618
Epoch [641/2000] | Sampled: 1992.94 | Baseline: 633.00 | Improvement: -1359.94 | Win Rate: 0.00% | Actor Loss: -7.4996 | Entropy: 0.7213
Epoch [642/2000] | Sampled: 1645.00 | Baseline: 529.75 | Improvement: -1115.25 | Win Rate: 0.00% | Actor Loss: 0.3074 | Entropy: 0.6109
Epoch [643/2000] | Sampled: 2292.19 | Baseline: 721.50 | Improvement: -1570.69 | Win Rate: 0.00% | Actor Loss: 2.5910 | Entropy: 0.7720
Epoch [644/2000] | Sampled: 2521.38 | Baseline: 796.06 | Improvement: -1725.31 | Win Rate: 0.00% | Actor Loss: -1.9623 | Entropy: 0.8227
Epoch [645/2000] | Sampled: 2237.62 | Baseline: 715.06 | Improvement: -1522.56 | Win Rate: 0.00% | Actor Loss: -7.7038 | Entropy: 0.7398
Epoch [646/2000] | Sampled: 2487.88 | Baseline: 789.38 | Improvement: -1698.50 | Win Rate: 0.00% | Actor Loss: -3.1612 | Entropy: 0.7979
Epoch [647/2000] | Sampled: 2530.56 | Baseline: 807.38 | Improvement: -1723.19 | Win Rate: 0.00% | Actor Loss: -0.9345 | Entropy: 0.8577
Epoch [648/2000] | Sampled: 2028.88 | Baseline: 650.81 | Improvement: -1378.06 | Win Rate: 0.00% | Actor Loss: -4.1279 | Entropy: 0.7157
Epoch [649/2000] | Sampled: 2322.31 | Baseline: 736.44 | Improvement: -1585.88 | Win Rate: 0.00% | Actor Loss: -3.1921 | Entropy: 0.7730
Epoch [650/2000] | Sampled: 2384.06 | Baseline: 757.75 | Improvement: -1626.31 | Win Rate: 0.00% | Actor Loss: -4.4607 | Entropy: 0.8065
Epoch [651/2000] | Sampled: 2390.12 | Baseline: 751.81 | Improvement: -1638.31 | Win Rate: 0.00% | Actor Loss: 0.8449 | Entropy: 0.7702
Epoch [652/2000] | Sampled: 1688.00 | Baseline: 537.50 | Improvement: -1150.50 | Win Rate: 0.00% | Actor Loss: 0.1947 | Entropy: 0.6064
Epoch [653/2000] | Sampled: 2476.81 | Baseline: 784.44 | Improvement: -1692.38 | Win Rate: 0.00% | Actor Loss: -4.6160 | Entropy: 0.8169
Epoch [654/2000] | Sampled: 1957.75 | Baseline: 621.25 | Improvement: -1336.50 | Win Rate: 0.00% | Actor Loss: -4.4464 | Entropy: 0.6566
Epoch [655/2000] | Sampled: 2707.12 | Baseline: 850.62 | Improvement: -1856.50 | Win Rate: 0.00% | Actor Loss: -4.3698 | Entropy: 0.8758
Epoch [656/2000] | Sampled: 2051.69 | Baseline: 645.75 | Improvement: -1405.94 | Win Rate: 0.00% | Actor Loss: -1.5405 | Entropy: 0.6762
Epoch [657/2000] | Sampled: 2611.88 | Baseline: 828.44 | Improvement: -1783.44 | Win Rate: 0.00% | Actor Loss: -2.9911 | Entropy: 0.8650
Epoch [658/2000] | Sampled: 2302.62 | Baseline: 735.88 | Improvement: -1566.75 | Win Rate: 0.00% | Actor Loss: -8.4145 | Entropy: 0.7972
Epoch [659/2000] | Sampled: 2047.94 | Baseline: 653.75 | Improvement: -1394.19 | Win Rate: 0.00% | Actor Loss: -0.4996 | Entropy: 0.7363
Epoch [660/2000] | Sampled: 2647.56 | Baseline: 834.81 | Improvement: -1812.75 | Win Rate: 0.00% | Actor Loss: -7.8511 | Entropy: 0.9039
Epoch [661/2000] | Sampled: 2266.25 | Baseline: 721.25 | Improvement: -1545.00 | Win Rate: 0.00% | Actor Loss: -2.5291 | Entropy: 0.7588
Epoch [662/2000] | Sampled: 2234.44 | Baseline: 705.38 | Improvement: -1529.06 | Win Rate: 0.00% | Actor Loss: -6.6381 | Entropy: 0.7994
Epoch [663/2000] | Sampled: 2106.19 | Baseline: 667.06 | Improvement: -1439.12 | Win Rate: 0.00% | Actor Loss: -0.7960 | Entropy: 0.7486
Epoch [664/2000] | Sampled: 2497.50 | Baseline: 802.38 | Improvement: -1695.12 | Win Rate: 0.00% | Actor Loss: -5.0700 | Entropy: 0.8844
Epoch [665/2000] | Sampled: 2101.94 | Baseline: 657.94 | Improvement: -1444.00 | Win Rate: 0.00% | Actor Loss: -2.1798 | Entropy: 0.7449
Epoch [666/2000] | Sampled: 2082.06 | Baseline: 670.38 | Improvement: -1411.69 | Win Rate: 0.00% | Actor Loss: -6.6055 | Entropy: 0.7483
Epoch [667/2000] | Sampled: 2326.81 | Baseline: 743.12 | Improvement: -1583.69 | Win Rate: 0.00% | Actor Loss: -10.1027 | Entropy: 0.8182
Epoch [668/2000] | Sampled: 2603.38 | Baseline: 824.75 | Improvement: -1778.62 | Win Rate: 0.00% | Actor Loss: -10.1712 | Entropy: 0.8931
Epoch [669/2000] | Sampled: 2619.31 | Baseline: 826.31 | Improvement: -1793.00 | Win Rate: 0.00% | Actor Loss: -7.1666 | Entropy: 0.8817
Epoch [670/2000] | Sampled: 1814.44 | Baseline: 575.38 | Improvement: -1239.06 | Win Rate: 0.00% | Actor Loss: -2.5823 | Entropy: 0.6820
Epoch [671/2000] | Sampled: 2662.62 | Baseline: 834.75 | Improvement: -1827.88 | Win Rate: 0.00% | Actor Loss: -6.0416 | Entropy: 0.9077
Epoch [672/2000] | Sampled: 2267.19 | Baseline: 726.44 | Improvement: -1540.75 | Win Rate: 0.00% | Actor Loss: -2.1290 | Entropy: 0.7883
Epoch [673/2000] | Sampled: 1900.94 | Baseline: 604.25 | Improvement: -1296.69 | Win Rate: 0.00% | Actor Loss: -0.1664 | Entropy: 0.6674
Epoch [674/2000] | Sampled: 2591.00 | Baseline: 810.12 | Improvement: -1780.88 | Win Rate: 0.00% | Actor Loss: -11.7266 | Entropy: 0.8578
Epoch [675/2000] | Sampled: 2510.06 | Baseline: 793.81 | Improvement: -1716.25 | Win Rate: 0.00% | Actor Loss: -4.5769 | Entropy: 0.8325
Epoch [676/2000] | Sampled: 2408.44 | Baseline: 760.25 | Improvement: -1648.19 | Win Rate: 0.00% | Actor Loss: -9.8877 | Entropy: 0.8197
Epoch [677/2000] | Sampled: 2009.69 | Baseline: 645.00 | Improvement: -1364.69 | Win Rate: 0.00% | Actor Loss: -4.3621 | Entropy: 0.7348
Epoch [678/2000] | Sampled: 2389.50 | Baseline: 764.62 | Improvement: -1624.88 | Win Rate: 0.00% | Actor Loss: -3.5410 | Entropy: 0.8716
Epoch [679/2000] | Sampled: 2096.44 | Baseline: 659.12 | Improvement: -1437.31 | Win Rate: 0.00% | Actor Loss: -3.2539 | Entropy: 0.7533
Epoch [680/2000] | Sampled: 2023.56 | Baseline: 651.31 | Improvement: -1372.25 | Win Rate: 0.00% | Actor Loss: -1.9655 | Entropy: 0.7455
Epoch [681/2000] | Sampled: 2232.00 | Baseline: 705.19 | Improvement: -1526.81 | Win Rate: 0.00% | Actor Loss: 2.8199 | Entropy: 0.8555
Epoch [682/2000] | Sampled: 2413.00 | Baseline: 774.19 | Improvement: -1638.81 | Win Rate: 0.00% | Actor Loss: 10.9028 | Entropy: 0.8367
Epoch [683/2000] | Sampled: 2242.56 | Baseline: 701.19 | Improvement: -1541.38 | Win Rate: 0.00% | Actor Loss: 2.7599 | Entropy: 0.8295
Epoch [684/2000] | Sampled: 2211.38 | Baseline: 698.12 | Improvement: -1513.25 | Win Rate: 0.00% | Actor Loss: 0.5207 | Entropy: 0.8171
Epoch [685/2000] | Sampled: 2331.69 | Baseline: 740.44 | Improvement: -1591.25 | Win Rate: 0.00% | Actor Loss: 0.2854 | Entropy: 0.8761
Epoch [686/2000] | Sampled: 2298.88 | Baseline: 730.25 | Improvement: -1568.62 | Win Rate: 0.00% | Actor Loss: 21.8662 | Entropy: 0.8988
Epoch [687/2000] | Sampled: 2271.94 | Baseline: 728.12 | Improvement: -1543.81 | Win Rate: 0.00% | Actor Loss: 34.1998 | Entropy: 0.8503
Epoch [688/2000] | Sampled: 2368.88 | Baseline: 763.56 | Improvement: -1605.31 | Win Rate: 0.00% | Actor Loss: 23.4038 | Entropy: 0.8708
Epoch [689/2000] | Sampled: 2766.06 | Baseline: 864.88 | Improvement: -1901.19 | Win Rate: 0.00% | Actor Loss: 36.1778 | Entropy: 1.0227
Epoch [690/2000] | Sampled: 1973.94 | Baseline: 618.62 | Improvement: -1355.31 | Win Rate: 0.00% | Actor Loss: 20.5337 | Entropy: 0.7393
Epoch [691/2000] | Sampled: 2152.75 | Baseline: 689.00 | Improvement: -1463.75 | Win Rate: 0.00% | Actor Loss: 55.3123 | Entropy: 0.8014
Epoch [692/2000] | Sampled: 2481.31 | Baseline: 788.56 | Improvement: -1692.75 | Win Rate: 0.00% | Actor Loss: 7.5233 | Entropy: 0.9442
Epoch [693/2000] | Sampled: 1959.06 | Baseline: 629.38 | Improvement: -1329.69 | Win Rate: 0.00% | Actor Loss: 22.8658 | Entropy: 0.7598
Epoch [694/2000] | Sampled: 2083.50 | Baseline: 659.69 | Improvement: -1423.81 | Win Rate: 0.00% | Actor Loss: 27.5635 | Entropy: 0.8119
Epoch [695/2000] | Sampled: 2158.56 | Baseline: 690.00 | Improvement: -1468.56 | Win Rate: 0.00% | Actor Loss: 15.2381 | Entropy: 0.8643
Epoch [696/2000] | Sampled: 2275.62 | Baseline: 734.81 | Improvement: -1540.81 | Win Rate: 0.00% | Actor Loss: 7.7250 | Entropy: 0.8350
Epoch [697/2000] | Sampled: 2284.31 | Baseline: 719.25 | Improvement: -1565.06 | Win Rate: 0.00% | Actor Loss: 16.6218 | Entropy: 0.8734
Epoch [698/2000] | Sampled: 2566.31 | Baseline: 808.88 | Improvement: -1757.44 | Win Rate: 0.00% | Actor Loss: 0.2074 | Entropy: 0.9438
Epoch [699/2000] | Sampled: 1634.62 | Baseline: 527.56 | Improvement: -1107.06 | Win Rate: 0.00% | Actor Loss: 10.2978 | Entropy: 0.6719
Epoch [700/2000] | Sampled: 2287.31 | Baseline: 729.62 | Improvement: -1557.69 | Win Rate: 0.00% | Actor Loss: -2.2957 | Entropy: 0.8623
   -> Saved updated training chart to /home/wei/AMR-DFJSP/Static_alogorithm/Attention/attention_training_metrics.png
Epoch [701/2000] | Sampled: 2304.06 | Baseline: 733.69 | Improvement: -1570.38 | Win Rate: 0.00% | Actor Loss: -4.6427 | Entropy: 0.8353
Epoch [702/2000] | Sampled: 2002.12 | Baseline: 635.50 | Improvement: -1366.62 | Win Rate: 0.00% | Actor Loss: -7.3972 | Entropy: 0.7743
Epoch [703/2000] | Sampled: 2209.12 | Baseline: 696.56 | Improvement: -1512.56 | Win Rate: 0.00% | Actor Loss: 3.0390 | Entropy: 0.8305
Epoch [704/2000] | Sampled: 2595.31 | Baseline: 820.81 | Improvement: -1774.50 | Win Rate: 0.00% | Actor Loss: -10.8616 | Entropy: 0.9446
Epoch [705/2000] | Sampled: 2439.56 | Baseline: 776.75 | Improvement: -1662.81 | Win Rate: 0.00% | Actor Loss: 0.9432 | Entropy: 0.8604
Epoch [706/2000] | Sampled: 2341.56 | Baseline: 753.19 | Improvement: -1588.38 | Win Rate: 0.00% | Actor Loss: -1.5264 | Entropy: 0.8566
Epoch [707/2000] | Sampled: 2191.62 | Baseline: 695.62 | Improvement: -1496.00 | Win Rate: 0.00% | Actor Loss: -1.8650 | Entropy: 0.8187
Epoch [708/2000] | Sampled: 2486.00 | Baseline: 797.38 | Improvement: -1688.62 | Win Rate: 0.00% | Actor Loss: 2.7495 | Entropy: 0.9024
Epoch [709/2000] | Sampled: 2148.62 | Baseline: 677.44 | Improvement: -1471.19 | Win Rate: 0.00% | Actor Loss: 3.5622 | Entropy: 0.8291
Epoch [710/2000] | Sampled: 1687.44 | Baseline: 545.56 | Improvement: -1141.88 | Win Rate: 0.00% | Actor Loss: 27.0699 | Entropy: 0.6638
Epoch [711/2000] | Sampled: 2220.06 | Baseline: 706.12 | Improvement: -1513.94 | Win Rate: 0.00% | Actor Loss: 11.2362 | Entropy: 0.8291
Epoch [712/2000] | Sampled: 2191.00 | Baseline: 696.50 | Improvement: -1494.50 | Win Rate: 0.00% | Actor Loss: -239.9747 | Entropy: 0.8406
Epoch [713/2000] | Sampled: 2501.31 | Baseline: 801.81 | Improvement: -1699.50 | Win Rate: 0.00% | Actor Loss: 11.7793 | Entropy: 0.9212
Epoch [714/2000] | Sampled: 2303.06 | Baseline: 729.31 | Improvement: -1573.75 | Win Rate: 0.00% | Actor Loss: 12.3720 | Entropy: 0.8881
Epoch [715/2000] | Sampled: 1797.44 | Baseline: 579.12 | Improvement: -1218.31 | Win Rate: 0.00% | Actor Loss: 11.5552 | Entropy: 0.7260
Epoch [716/2000] | Sampled: 1887.62 | Baseline: 605.00 | Improvement: -1282.62 | Win Rate: 0.00% | Actor Loss: 12.1723 | Entropy: 0.7285
Epoch [717/2000] | Sampled: 2607.44 | Baseline: 830.69 | Improvement: -1776.75 | Win Rate: 0.00% | Actor Loss: 1.6255 | Entropy: 0.9345
Epoch [718/2000] | Sampled: 2480.38 | Baseline: 796.75 | Improvement: -1683.62 | Win Rate: 0.00% | Actor Loss: -0.1683 | Entropy: 0.8952
Epoch [719/2000] | Sampled: 2602.88 | Baseline: 821.00 | Improvement: -1781.88 | Win Rate: 0.00% | Actor Loss: 10.9527 | Entropy: 0.9191
Epoch [720/2000] | Sampled: 2356.50 | Baseline: 752.69 | Improvement: -1603.81 | Win Rate: 0.00% | Actor Loss: -9.9548 | Entropy: 0.8419
Epoch [721/2000] | Sampled: 2620.31 | Baseline: 823.81 | Improvement: -1796.50 | Win Rate: 0.00% | Actor Loss: -2.0828 | Entropy: 0.8948
Epoch [722/2000] | Sampled: 2336.06 | Baseline: 740.12 | Improvement: -1595.94 | Win Rate: 0.00% | Actor Loss: 0.6099 | Entropy: 0.8034
Epoch [723/2000] | Sampled: 2230.06 | Baseline: 713.81 | Improvement: -1516.25 | Win Rate: 0.00% | Actor Loss: 3.7677 | Entropy: 0.7789
Epoch [724/2000] | Sampled: 2253.69 | Baseline: 718.00 | Improvement: -1535.69 | Win Rate: 0.00% | Actor Loss: -1.6279 | Entropy: 0.7933
Epoch [725/2000] | Sampled: 2615.38 | Baseline: 827.00 | Improvement: -1788.38 | Win Rate: 0.00% | Actor Loss: -5.7108 | Entropy: 0.8691
Epoch [726/2000] | Sampled: 1935.25 | Baseline: 622.50 | Improvement: -1312.75 | Win Rate: 0.00% | Actor Loss: -9.9632 | Entropy: 0.6753
Epoch [727/2000] | Sampled: 2381.12 | Baseline: 759.62 | Improvement: -1621.50 | Win Rate: 0.00% | Actor Loss: -0.1126 | Entropy: 0.8686
Epoch [728/2000] | Sampled: 2155.38 | Baseline: 685.38 | Improvement: -1470.00 | Win Rate: 0.00% | Actor Loss: -2.3557 | Entropy: 0.7463
Epoch [729/2000] | Sampled: 2639.94 | Baseline: 830.81 | Improvement: -1809.12 | Win Rate: 0.00% | Actor Loss: -9.2836 | Entropy: 0.9099
Epoch [730/2000] | Sampled: 1646.25 | Baseline: 522.69 | Improvement: -1123.56 | Win Rate: 0.00% | Actor Loss: 6.9435 | Entropy: 0.6253
Epoch [731/2000] | Sampled: 1664.44 | Baseline: 540.88 | Improvement: -1123.56 | Win Rate: 0.00% | Actor Loss: 13.9957 | Entropy: 0.6079
Epoch [732/2000] | Sampled: 2381.25 | Baseline: 754.44 | Improvement: -1626.81 | Win Rate: 0.00% | Actor Loss: -1.2314 | Entropy: 0.8487
Epoch [733/2000] | Sampled: 2050.19 | Baseline: 660.38 | Improvement: -1389.81 | Win Rate: 0.00% | Actor Loss: 11.2522 | Entropy: 0.7528
Epoch [734/2000] | Sampled: 2048.88 | Baseline: 644.00 | Improvement: -1404.88 | Win Rate: 0.00% | Actor Loss: 2.4306 | Entropy: 0.7518
Epoch [735/2000] | Sampled: 1998.69 | Baseline: 632.38 | Improvement: -1366.31 | Win Rate: 0.00% | Actor Loss: 21.1375 | Entropy: 0.7314
Epoch [736/2000] | Sampled: 2439.44 | Baseline: 759.25 | Improvement: -1680.19 | Win Rate: 0.00% | Actor Loss: -1.3019 | Entropy: 0.8483
Epoch [737/2000] | Sampled: 2148.31 | Baseline: 676.44 | Improvement: -1471.88 | Win Rate: 0.00% | Actor Loss: 5.5269 | Entropy: 0.7705
Epoch [738/2000] | Sampled: 2610.00 | Baseline: 827.06 | Improvement: -1782.94 | Win Rate: 0.00% | Actor Loss: 2.8544 | Entropy: 0.9118
Epoch [739/2000] | Sampled: 2066.50 | Baseline: 659.69 | Improvement: -1406.81 | Win Rate: 0.00% | Actor Loss: 10.6072 | Entropy: 0.7633
Epoch [740/2000] | Sampled: 1967.06 | Baseline: 625.81 | Improvement: -1341.25 | Win Rate: 0.00% | Actor Loss: 11.7056 | Entropy: 0.7565
Epoch [741/2000] | Sampled: 2257.88 | Baseline: 718.88 | Improvement: -1539.00 | Win Rate: 0.00% | Actor Loss: 0.4513 | Entropy: 0.8002
Epoch [742/2000] | Sampled: 2011.69 | Baseline: 641.81 | Improvement: -1369.88 | Win Rate: 0.00% | Actor Loss: 20.0940 | Entropy: 0.7650
Epoch [743/2000] | Sampled: 2379.38 | Baseline: 750.50 | Improvement: -1628.88 | Win Rate: 0.00% | Actor Loss: 14.1521 | Entropy: 0.8864
Epoch [744/2000] | Sampled: 2145.06 | Baseline: 675.38 | Improvement: -1469.69 | Win Rate: 0.00% | Actor Loss: 12.5505 | Entropy: 0.8332
Epoch [745/2000] | Sampled: 2256.25 | Baseline: 711.75 | Improvement: -1544.50 | Win Rate: 0.00% | Actor Loss: -86.4465 | Entropy: 0.8727
Epoch [746/2000] | Sampled: 1960.44 | Baseline: 619.56 | Improvement: -1340.88 | Win Rate: 0.00% | Actor Loss: 26.6146 | Entropy: 0.7192
Epoch [747/2000] | Sampled: 2179.50 | Baseline: 692.25 | Improvement: -1487.25 | Win Rate: 0.00% | Actor Loss: 22.0656 | Entropy: 0.8910
Epoch [748/2000] | Sampled: 2402.62 | Baseline: 772.00 | Improvement: -1630.62 | Win Rate: 0.00% | Actor Loss: 55.9924 | Entropy: 0.8927
Epoch [749/2000] | Sampled: 1734.56 | Baseline: 564.62 | Improvement: -1169.94 | Win Rate: 0.00% | Actor Loss: 23.5814 | Entropy: 0.7471
Epoch [750/2000] | Sampled: 2434.62 | Baseline: 771.00 | Improvement: -1663.62 | Win Rate: 0.00% | Actor Loss: -157.6590 | Entropy: 0.9479
Epoch [751/2000] | Sampled: 2133.88 | Baseline: 676.06 | Improvement: -1457.81 | Win Rate: 0.00% | Actor Loss: 74.2873 | Entropy: 0.8500
Epoch [752/2000] | Sampled: 2296.00 | Baseline: 726.31 | Improvement: -1569.69 | Win Rate: 0.00% | Actor Loss: 39.1516 | Entropy: 0.8380
Epoch [753/2000] | Sampled: 2895.81 | Baseline: 921.56 | Improvement: -1974.25 | Win Rate: 0.00% | Actor Loss: 47.3995 | Entropy: 1.0530
Epoch [754/2000] | Sampled: 2219.19 | Baseline: 704.69 | Improvement: -1514.50 | Win Rate: 0.00% | Actor Loss: 2.8872 | Entropy: 0.8773
Epoch [755/2000] | Sampled: 2265.81 | Baseline: 713.12 | Improvement: -1552.69 | Win Rate: 0.00% | Actor Loss: 63.0649 | Entropy: 0.8557
Epoch [756/2000] | Sampled: 2242.25 | Baseline: 716.56 | Improvement: -1525.69 | Win Rate: 0.00% | Actor Loss: 42.5750 | Entropy: 0.7821
Epoch [757/2000] | Sampled: 2316.31 | Baseline: 744.25 | Improvement: -1572.06 | Win Rate: 0.00% | Actor Loss: 48.3670 | Entropy: 0.8491
Epoch [758/2000] | Sampled: 2335.69 | Baseline: 733.50 | Improvement: -1602.19 | Win Rate: 0.00% | Actor Loss: 133.7715 | Entropy: 0.8074
Epoch [759/2000] | Sampled: 2058.06 | Baseline: 665.50 | Improvement: -1392.56 | Win Rate: 0.00% | Actor Loss: 340.5507 | Entropy: 0.7596
Epoch [760/2000] | Sampled: 2010.69 | Baseline: 644.25 | Improvement: -1366.44 | Win Rate: 0.00% | Actor Loss: 124.2382 | Entropy: 0.7696
Epoch [761/2000] | Sampled: 2294.50 | Baseline: 725.19 | Improvement: -1569.31 | Win Rate: 0.00% | Actor Loss: 151.4191 | Entropy: 0.8095
Epoch [762/2000] | Sampled: 2617.25 | Baseline: 834.25 | Improvement: -1783.00 | Win Rate: 0.00% | Actor Loss: 27.9635 | Entropy: 0.8549
Epoch [763/2000] | Sampled: 2549.94 | Baseline: 818.12 | Improvement: -1731.81 | Win Rate: 0.00% | Actor Loss: 40.2032 | Entropy: 0.8293
Epoch [764/2000] | Sampled: 2182.19 | Baseline: 690.44 | Improvement: -1491.75 | Win Rate: 0.00% | Actor Loss: 113.0940 | Entropy: 0.8083
Epoch [765/2000] | Sampled: 2490.56 | Baseline: 794.25 | Improvement: -1696.31 | Win Rate: 0.00% | Actor Loss: 86.0785 | Entropy: 0.7850
Epoch [766/2000] | Sampled: 1896.75 | Baseline: 611.94 | Improvement: -1284.81 | Win Rate: 0.00% | Actor Loss: 131.6863 | Entropy: 0.6992
Epoch [767/2000] | Sampled: 2265.62 | Baseline: 721.56 | Improvement: -1544.06 | Win Rate: 0.00% | Actor Loss: 129.1007 | Entropy: 0.7683
Epoch [768/2000] | Sampled: 2222.31 | Baseline: 702.44 | Improvement: -1519.88 | Win Rate: 0.00% | Actor Loss: 100.8667 | Entropy: 0.7237
Epoch [769/2000] | Sampled: 2605.50 | Baseline: 832.25 | Improvement: -1773.25 | Win Rate: 0.00% | Actor Loss: 96.9395 | Entropy: 0.8679
Epoch [770/2000] | Sampled: 1846.88 | Baseline: 593.06 | Improvement: -1253.81 | Win Rate: 0.00% | Actor Loss: 122.6679 | Entropy: 0.6548
Epoch [771/2000] | Sampled: 2379.12 | Baseline: 762.94 | Improvement: -1616.19 | Win Rate: 0.00% | Actor Loss: 84.4300 | Entropy: 0.7678
Epoch [772/2000] | Sampled: 2197.44 | Baseline: 702.06 | Improvement: -1495.38 | Win Rate: 0.00% | Actor Loss: 118.6007 | Entropy: 0.7846
Epoch [773/2000] | Sampled: 2070.50 | Baseline: 670.75 | Improvement: -1399.75 | Win Rate: 0.00% | Actor Loss: 134.1666 | Entropy: 0.7194
Epoch [774/2000] | Sampled: 2350.19 | Baseline: 747.94 | Improvement: -1602.25 | Win Rate: 0.00% | Actor Loss: 132.7015 | Entropy: 0.8348
Epoch [775/2000] | Sampled: 2250.50 | Baseline: 719.25 | Improvement: -1531.25 | Win Rate: 0.00% | Actor Loss: 21.6595 | Entropy: 0.7715
Epoch [776/2000] | Sampled: 2280.06 | Baseline: 714.69 | Improvement: -1565.38 | Win Rate: 0.00% | Actor Loss: 84.2870 | Entropy: 0.7898
Epoch [777/2000] | Sampled: 2661.19 | Baseline: 840.25 | Improvement: -1820.94 | Win Rate: 0.00% | Actor Loss: 87.5518 | Entropy: 0.9043
Epoch [778/2000] | Sampled: 2388.00 | Baseline: 758.88 | Improvement: -1629.12 | Win Rate: 0.00% | Actor Loss: -66.4920 | Entropy: 0.8539
Epoch [779/2000] | Sampled: 2381.38 | Baseline: 755.50 | Improvement: -1625.88 | Win Rate: 0.00% | Actor Loss: 74.4754 | Entropy: 0.8482
Epoch [780/2000] | Sampled: 1597.19 | Baseline: 505.06 | Improvement: -1092.12 | Win Rate: 0.00% | Actor Loss: 37.5001 | Entropy: 0.6626
Epoch [781/2000] | Sampled: 1507.50 | Baseline: 494.56 | Improvement: -1012.94 | Win Rate: 0.00% | Actor Loss: -21.7972 | Entropy: 0.5507
Epoch [782/2000] | Sampled: 2206.19 | Baseline: 704.62 | Improvement: -1501.56 | Win Rate: 0.00% | Actor Loss: 79.6050 | Entropy: 0.8113
Epoch [783/2000] | Sampled: 2147.94 | Baseline: 692.38 | Improvement: -1455.56 | Win Rate: 0.00% | Actor Loss: 145.7529 | Entropy: 0.7665
Epoch [784/2000] | Sampled: 2070.94 | Baseline: 660.00 | Improvement: -1410.94 | Win Rate: 0.00% | Actor Loss: 72.3317 | Entropy: 0.8173
Epoch [785/2000] | Sampled: 2080.81 | Baseline: 670.81 | Improvement: -1410.00 | Win Rate: 0.00% | Actor Loss: 81.3095 | Entropy: 0.7570
Epoch [786/2000] | Sampled: 2296.06 | Baseline: 739.75 | Improvement: -1556.31 | Win Rate: 0.00% | Actor Loss: 81.4011 | Entropy: 0.8554
Epoch [787/2000] | Sampled: 2213.12 | Baseline: 708.69 | Improvement: -1504.44 | Win Rate: 0.00% | Actor Loss: 94.0538 | Entropy: 0.7797
Epoch [788/2000] | Sampled: 1923.19 | Baseline: 618.81 | Improvement: -1304.38 | Win Rate: 0.00% | Actor Loss: 77.2853 | Entropy: 0.7504
Epoch [789/2000] | Sampled: 2056.56 | Baseline: 662.25 | Improvement: -1394.31 | Win Rate: 0.00% | Actor Loss: 66.4193 | Entropy: 0.7538
Epoch [790/2000] | Sampled: 1602.69 | Baseline: 521.19 | Improvement: -1081.50 | Win Rate: 0.00% | Actor Loss: 36.3932 | Entropy: 0.5859
Epoch [791/2000] | Sampled: 2177.44 | Baseline: 689.62 | Improvement: -1487.81 | Win Rate: 0.00% | Actor Loss: 80.4634 | Entropy: 0.8254
Epoch [792/2000] | Sampled: 2423.44 | Baseline: 769.31 | Improvement: -1654.12 | Win Rate: 0.00% | Actor Loss: 174.0823 | Entropy: 0.8405
Epoch [793/2000] | Sampled: 2402.75 | Baseline: 769.44 | Improvement: -1633.31 | Win Rate: 0.00% | Actor Loss: 156.1283 | Entropy: 0.8284
Epoch [794/2000] | Sampled: 2439.31 | Baseline: 775.75 | Improvement: -1663.56 | Win Rate: 0.00% | Actor Loss: 68.4914 | Entropy: 0.8528
Epoch [795/2000] | Sampled: 2233.50 | Baseline: 705.25 | Improvement: -1528.25 | Win Rate: 0.00% | Actor Loss: 46.2084 | Entropy: 0.8202
Epoch [796/2000] | Sampled: 2312.12 | Baseline: 729.75 | Improvement: -1582.38 | Win Rate: 0.00% | Actor Loss: 44.7728 | Entropy: 0.8997
Epoch [797/2000] | Sampled: 2704.88 | Baseline: 854.94 | Improvement: -1849.94 | Win Rate: 0.00% | Actor Loss: 36.1880 | Entropy: 1.0144
Epoch [798/2000] | Sampled: 2304.56 | Baseline: 720.94 | Improvement: -1583.62 | Win Rate: 0.00% | Actor Loss: 33.5785 | Entropy: 0.8623
Epoch [799/2000] | Sampled: 2296.94 | Baseline: 735.38 | Improvement: -1561.56 | Win Rate: 0.00% | Actor Loss: 37.0101 | Entropy: 0.8742
Epoch [800/2000] | Sampled: 2506.31 | Baseline: 798.31 | Improvement: -1708.00 | Win Rate: 0.00% | Actor Loss: 70.7510 | Entropy: 0.8772
   -> Saved updated training chart to /home/wei/AMR-DFJSP/Static_alogorithm/Attention/attention_training_metrics.png
Epoch [801/2000] | Sampled: 2160.44 | Baseline: 692.00 | Improvement: -1468.44 | Win Rate: 0.00% | Actor Loss: 37.6926 | Entropy: 0.8265
Epoch [802/2000] | Sampled: 1802.94 | Baseline: 582.44 | Improvement: -1220.50 | Win Rate: 0.00% | Actor Loss: -57.7767 | Entropy: 0.7592
Epoch [803/2000] | Sampled: 2279.38 | Baseline: 721.50 | Improvement: -1557.88 | Win Rate: 0.00% | Actor Loss: 42.6837 | Entropy: 0.8755
Epoch [804/2000] | Sampled: 2385.50 | Baseline: 762.12 | Improvement: -1623.38 | Win Rate: 0.00% | Actor Loss: 101.1344 | Entropy: 0.9274
Epoch [805/2000] | Sampled: 1989.12 | Baseline: 632.38 | Improvement: -1356.75 | Win Rate: 0.00% | Actor Loss: 52.3480 | Entropy: 0.7946
Epoch [806/2000] | Sampled: 2353.62 | Baseline: 749.56 | Improvement: -1604.06 | Win Rate: 0.00% | Actor Loss: 34.9305 | Entropy: 0.8961
Epoch [807/2000] | Sampled: 2226.25 | Baseline: 711.56 | Improvement: -1514.69 | Win Rate: 0.00% | Actor Loss: 55.7583 | Entropy: 0.8591
Epoch [808/2000] | Sampled: 2481.12 | Baseline: 777.62 | Improvement: -1703.50 | Win Rate: 0.00% | Actor Loss: 59.0067 | Entropy: 0.8959
Epoch [809/2000] | Sampled: 2573.31 | Baseline: 828.06 | Improvement: -1745.25 | Win Rate: 0.00% | Actor Loss: 39.5217 | Entropy: 0.9341
Epoch [810/2000] | Sampled: 2170.69 | Baseline: 687.75 | Improvement: -1482.94 | Win Rate: 0.00% | Actor Loss: 34.9594 | Entropy: 0.7520
Epoch [811/2000] | Sampled: 1853.81 | Baseline: 594.00 | Improvement: -1259.81 | Win Rate: 0.00% | Actor Loss: 91.2725 | Entropy: 0.6937
Epoch [812/2000] | Sampled: 2256.56 | Baseline: 723.62 | Improvement: -1532.94 | Win Rate: 0.00% | Actor Loss: 69.2631 | Entropy: 0.8262
Epoch [813/2000] | Sampled: 2129.06 | Baseline: 675.12 | Improvement: -1453.94 | Win Rate: 0.00% | Actor Loss: 82.0454 | Entropy: 0.7540
Epoch [814/2000] | Sampled: 2475.38 | Baseline: 792.88 | Improvement: -1682.50 | Win Rate: 0.00% | Actor Loss: 109.2082 | Entropy: 0.8181
Epoch [815/2000] | Sampled: 2292.00 | Baseline: 724.31 | Improvement: -1567.69 | Win Rate: 0.00% | Actor Loss: 95.1738 | Entropy: 0.7701
Epoch [816/2000] | Sampled: 2370.06 | Baseline: 750.38 | Improvement: -1619.69 | Win Rate: 0.00% | Actor Loss: 108.4174 | Entropy: 0.7688
Epoch [817/2000] | Sampled: 2220.00 | Baseline: 702.06 | Improvement: -1517.94 | Win Rate: 0.00% | Actor Loss: 80.6758 | Entropy: 0.7683
Epoch [818/2000] | Sampled: 1964.62 | Baseline: 622.44 | Improvement: -1342.19 | Win Rate: 0.00% | Actor Loss: 126.8641 | Entropy: 0.6626
Epoch [819/2000] | Sampled: 2040.75 | Baseline: 660.19 | Improvement: -1380.56 | Win Rate: 0.00% | Actor Loss: 96.6760 | Entropy: 0.6753
Epoch [820/2000] | Sampled: 1510.81 | Baseline: 485.44 | Improvement: -1025.38 | Win Rate: 0.00% | Actor Loss: 88.4156 | Entropy: 0.5588
Epoch [821/2000] | Sampled: 2382.94 | Baseline: 753.81 | Improvement: -1629.12 | Win Rate: 0.00% | Actor Loss: 289.4734 | Entropy: 0.7280
Epoch [822/2000] | Sampled: 2384.81 | Baseline: 754.88 | Improvement: -1629.94 | Win Rate: 0.00% | Actor Loss: 149.1207 | Entropy: 0.7838
Epoch [823/2000] | Sampled: 1803.12 | Baseline: 578.06 | Improvement: -1225.06 | Win Rate: 0.00% | Actor Loss: 234.4655 | Entropy: 0.6567
Epoch [824/2000] | Sampled: 2713.44 | Baseline: 850.75 | Improvement: -1862.69 | Win Rate: 0.00% | Actor Loss: 139.2737 | Entropy: 0.8348
Epoch [825/2000] | Sampled: 2533.31 | Baseline: 805.31 | Improvement: -1728.00 | Win Rate: 0.00% | Actor Loss: 148.7451 | Entropy: 0.7925
Epoch [826/2000] | Sampled: 2274.38 | Baseline: 719.25 | Improvement: -1555.12 | Win Rate: 0.00% | Actor Loss: 117.9529 | Entropy: 0.7528
Epoch [827/2000] | Sampled: 2260.19 | Baseline: 722.94 | Improvement: -1537.25 | Win Rate: 0.00% | Actor Loss: 138.1203 | Entropy: 0.7529
Epoch [828/2000] | Sampled: 2530.56 | Baseline: 808.62 | Improvement: -1721.94 | Win Rate: 0.00% | Actor Loss: 102.7462 | Entropy: 0.8196
Epoch [829/2000] | Sampled: 2191.69 | Baseline: 699.31 | Improvement: -1492.38 | Win Rate: 0.00% | Actor Loss: 164.9341 | Entropy: 0.7373
Epoch [830/2000] | Sampled: 2063.00 | Baseline: 656.94 | Improvement: -1406.06 | Win Rate: 0.00% | Actor Loss: 130.1427 | Entropy: 0.7027
Epoch [831/2000] | Sampled: 2221.00 | Baseline: 708.44 | Improvement: -1512.56 | Win Rate: 0.00% | Actor Loss: 106.1207 | Entropy: 0.7445
Epoch [832/2000] | Sampled: 2075.00 | Baseline: 660.75 | Improvement: -1414.25 | Win Rate: 0.00% | Actor Loss: 108.4084 | Entropy: 0.6833
Epoch [833/2000] | Sampled: 2034.88 | Baseline: 648.06 | Improvement: -1386.81 | Win Rate: 0.00% | Actor Loss: 692.2280 | Entropy: 0.6676
Epoch [834/2000] | Sampled: 2457.31 | Baseline: 784.44 | Improvement: -1672.88 | Win Rate: 0.00% | Actor Loss: 158.6048 | Entropy: 0.7583
Epoch [835/2000] | Sampled: 2381.88 | Baseline: 763.50 | Improvement: -1618.38 | Win Rate: 0.00% | Actor Loss: 159.0462 | Entropy: 0.7517
Epoch [836/2000] | Sampled: 1900.69 | Baseline: 612.38 | Improvement: -1288.31 | Win Rate: 0.00% | Actor Loss: 155.8557 | Entropy: 0.6333
Epoch [837/2000] | Sampled: 2300.88 | Baseline: 726.75 | Improvement: -1574.12 | Win Rate: 0.00% | Actor Loss: -1064.4289 | Entropy: 0.7853
Epoch [838/2000] | Sampled: 1918.69 | Baseline: 612.62 | Improvement: -1306.06 | Win Rate: 0.00% | Actor Loss: 149.6152 | Entropy: 0.6431
Epoch [839/2000] | Sampled: 2497.50 | Baseline: 800.88 | Improvement: -1696.62 | Win Rate: 0.00% | Actor Loss: 209.3562 | Entropy: 0.7531
Epoch [840/2000] | Sampled: 2163.75 | Baseline: 693.31 | Improvement: -1470.44 | Win Rate: 0.00% | Actor Loss: 157.5504 | Entropy: 0.7200
Epoch [841/2000] | Sampled: 1951.75 | Baseline: 620.06 | Improvement: -1331.69 | Win Rate: 0.00% | Actor Loss: 205.4659 | Entropy: 0.6756
Epoch [842/2000] | Sampled: 1941.81 | Baseline: 621.81 | Improvement: -1320.00 | Win Rate: 0.00% | Actor Loss: 122.8289 | Entropy: 0.6602
Epoch [843/2000] | Sampled: 2404.62 | Baseline: 767.19 | Improvement: -1637.44 | Win Rate: 0.00% | Actor Loss: 219.9899 | Entropy: 0.7911
Epoch [844/2000] | Sampled: 2026.81 | Baseline: 646.19 | Improvement: -1380.62 | Win Rate: 0.00% | Actor Loss: 158.6870 | Entropy: 0.6899
Epoch [845/2000] | Sampled: 2165.38 | Baseline: 687.62 | Improvement: -1477.75 | Win Rate: 0.00% | Actor Loss: 187.6297 | Entropy: 0.7487
Epoch [846/2000] | Sampled: 2139.62 | Baseline: 685.50 | Improvement: -1454.12 | Win Rate: 0.00% | Actor Loss: 180.5704 | Entropy: 0.7266
Epoch [847/2000] | Sampled: 1828.44 | Baseline: 587.38 | Improvement: -1241.06 | Win Rate: 0.00% | Actor Loss: 177.5851 | Entropy: 0.5997
Epoch [848/2000] | Sampled: 2127.50 | Baseline: 681.50 | Improvement: -1446.00 | Win Rate: 0.00% | Actor Loss: 175.0350 | Entropy: 0.6900
Epoch [849/2000] | Sampled: 2065.38 | Baseline: 667.06 | Improvement: -1398.31 | Win Rate: 0.00% | Actor Loss: 149.7913 | Entropy: 0.6335
Epoch [850/2000] | Sampled: 1968.44 | Baseline: 628.06 | Improvement: -1340.38 | Win Rate: 0.00% | Actor Loss: 246.5195 | Entropy: 0.6550
Epoch [851/2000] | Sampled: 2111.06 | Baseline: 664.62 | Improvement: -1446.44 | Win Rate: 0.00% | Actor Loss: 303.4562 | Entropy: 0.6802
Epoch [852/2000] | Sampled: 2086.69 | Baseline: 659.69 | Improvement: -1427.00 | Win Rate: 0.00% | Actor Loss: 333.0763 | Entropy: 0.7235
Epoch [853/2000] | Sampled: 1806.50 | Baseline: 583.12 | Improvement: -1223.38 | Win Rate: 0.00% | Actor Loss: 462.8234 | Entropy: 0.6183
Epoch [854/2000] | Sampled: 1559.62 | Baseline: 510.56 | Improvement: -1049.06 | Win Rate: 0.00% | Actor Loss: 208.3683 | Entropy: 0.5442
Epoch [855/2000] | Sampled: 2351.31 | Baseline: 753.06 | Improvement: -1598.25 | Win Rate: 0.00% | Actor Loss: 290.7734 | Entropy: 0.7576
Epoch [856/2000] | Sampled: 2420.75 | Baseline: 771.62 | Improvement: -1649.12 | Win Rate: 0.00% | Actor Loss: 269.2789 | Entropy: 0.7306
Epoch [857/2000] | Sampled: 1954.88 | Baseline: 621.81 | Improvement: -1333.06 | Win Rate: 0.00% | Actor Loss: 292.3185 | Entropy: 0.6339
Epoch [858/2000] | Sampled: 1976.94 | Baseline: 640.06 | Improvement: -1336.88 | Win Rate: 0.00% | Actor Loss: 363.9746 | Entropy: 0.6579
Epoch [859/2000] | Sampled: 2267.19 | Baseline: 724.25 | Improvement: -1542.94 | Win Rate: 0.00% | Actor Loss: 708.0579 | Entropy: 0.6832
Epoch [860/2000] | Sampled: 1893.56 | Baseline: 609.44 | Improvement: -1284.12 | Win Rate: 0.00% | Actor Loss: 333.7366 | Entropy: 0.6303
Epoch [861/2000] | Sampled: 2222.88 | Baseline: 706.94 | Improvement: -1515.94 | Win Rate: 0.00% | Actor Loss: 352.9370 | Entropy: 0.6976
Epoch [862/2000] | Sampled: 2178.31 | Baseline: 699.94 | Improvement: -1478.38 | Win Rate: 0.00% | Actor Loss: 262.8765 | Entropy: 0.6712
Epoch [863/2000] | Sampled: 2168.38 | Baseline: 692.69 | Improvement: -1475.69 | Win Rate: 0.00% | Actor Loss: 342.1336 | Entropy: 0.6895
Epoch [864/2000] | Sampled: 2605.75 | Baseline: 824.12 | Improvement: -1781.62 | Win Rate: 0.00% | Actor Loss: 779.1190 | Entropy: 0.7199
Epoch [865/2000] | Sampled: 2600.88 | Baseline: 817.44 | Improvement: -1783.44 | Win Rate: 0.00% | Actor Loss: 630.4480 | Entropy: 0.7938
Epoch [866/2000] | Sampled: 1420.31 | Baseline: 466.38 | Improvement: -953.94 | Win Rate: 0.00% | Actor Loss: 257.1629 | Entropy: 0.4985
Epoch [867/2000] | Sampled: 2316.00 | Baseline: 736.81 | Improvement: -1579.19 | Win Rate: 0.00% | Actor Loss: 234.3915 | Entropy: 0.7034
Epoch [868/2000] | Sampled: 1897.69 | Baseline: 605.19 | Improvement: -1292.50 | Win Rate: 0.00% | Actor Loss: 356.7699 | Entropy: 0.6179
Epoch [869/2000] | Sampled: 2336.00 | Baseline: 749.44 | Improvement: -1586.56 | Win Rate: 0.00% | Actor Loss: 281.3513 | Entropy: 0.6997
Epoch [870/2000] | Sampled: 1839.44 | Baseline: 598.25 | Improvement: -1241.19 | Win Rate: 0.00% | Actor Loss: 337.4830 | Entropy: 0.5946
Epoch [871/2000] | Sampled: 2092.69 | Baseline: 676.44 | Improvement: -1416.25 | Win Rate: 0.00% | Actor Loss: 834.4761 | Entropy: 0.6770
Epoch [872/2000] | Sampled: 2509.94 | Baseline: 802.31 | Improvement: -1707.62 | Win Rate: 0.00% | Actor Loss: 431.2218 | Entropy: 0.7315
Epoch [873/2000] | Sampled: 2254.06 | Baseline: 718.06 | Improvement: -1536.00 | Win Rate: 0.00% | Actor Loss: 340.6263 | Entropy: 0.6889
Epoch [874/2000] | Sampled: 1917.19 | Baseline: 625.44 | Improvement: -1291.75 | Win Rate: 0.00% | Actor Loss: 536.0668 | Entropy: 0.5947
Epoch [875/2000] | Sampled: 2243.19 | Baseline: 719.62 | Improvement: -1523.56 | Win Rate: 0.00% | Actor Loss: 568.5836 | Entropy: 0.6804
Epoch [876/2000] | Sampled: 1712.62 | Baseline: 559.69 | Improvement: -1152.94 | Win Rate: 0.00% | Actor Loss: 549.4519 | Entropy: 0.5478
Epoch [877/2000] | Sampled: 2102.81 | Baseline: 678.62 | Improvement: -1424.19 | Win Rate: 0.00% | Actor Loss: 335.3166 | Entropy: 0.6414
Epoch [878/2000] | Sampled: 2280.50 | Baseline: 730.94 | Improvement: -1549.56 | Win Rate: 0.00% | Actor Loss: 306.6578 | Entropy: 0.6657
Epoch [879/2000] | Sampled: 2146.75 | Baseline: 690.25 | Improvement: -1456.50 | Win Rate: 0.00% | Actor Loss: 303.1460 | Entropy: 0.6868
Epoch [880/2000] | Sampled: 2548.50 | Baseline: 809.56 | Improvement: -1738.94 | Win Rate: 0.00% | Actor Loss: 533.2705 | Entropy: 0.8031
Epoch [881/2000] | Sampled: 2181.69 | Baseline: 708.19 | Improvement: -1473.50 | Win Rate: 0.00% | Actor Loss: 483.7505 | Entropy: 0.6706
Epoch [882/2000] | Sampled: 1987.19 | Baseline: 638.00 | Improvement: -1349.19 | Win Rate: 0.00% | Actor Loss: 1150.1934 | Entropy: 0.6151
Epoch [883/2000] | Sampled: 2178.25 | Baseline: 687.94 | Improvement: -1490.31 | Win Rate: 0.00% | Actor Loss: 517.6489 | Entropy: 0.6706
Epoch [884/2000] | Sampled: 2237.38 | Baseline: 726.19 | Improvement: -1511.19 | Win Rate: 0.00% | Actor Loss: 310.6348 | Entropy: 0.6561
Epoch [885/2000] | Sampled: 2334.06 | Baseline: 754.81 | Improvement: -1579.25 | Win Rate: 0.00% | Actor Loss: 479.7420 | Entropy: 0.6673
Epoch [886/2000] | Sampled: 2188.12 | Baseline: 709.56 | Improvement: -1478.56 | Win Rate: 0.00% | Actor Loss: 588.6862 | Entropy: 0.6141
Epoch [887/2000] | Sampled: 2288.69 | Baseline: 734.94 | Improvement: -1553.75 | Win Rate: 0.00% | Actor Loss: 487.7261 | Entropy: 0.6788
Epoch [888/2000] | Sampled: 2712.31 | Baseline: 857.00 | Improvement: -1855.31 | Win Rate: 0.00% | Actor Loss: 645.1248 | Entropy: 0.7613
Epoch [889/2000] | Sampled: 2522.94 | Baseline: 807.25 | Improvement: -1715.69 | Win Rate: 0.00% | Actor Loss: 596.2638 | Entropy: 0.7246
Epoch [890/2000] | Sampled: 2278.69 | Baseline: 713.69 | Improvement: -1565.00 | Win Rate: 0.00% | Actor Loss: 351.1269 | Entropy: 0.6771
Epoch [891/2000] | Sampled: 2114.19 | Baseline: 684.50 | Improvement: -1429.69 | Win Rate: 0.00% | Actor Loss: 329.8422 | Entropy: 0.6265
Epoch [892/2000] | Sampled: 1994.38 | Baseline: 647.19 | Improvement: -1347.19 | Win Rate: 0.00% | Actor Loss: 1496.5611 | Entropy: 0.6258
Epoch [893/2000] | Sampled: 2353.88 | Baseline: 768.62 | Improvement: -1585.25 | Win Rate: 0.00% | Actor Loss: 643.2272 | Entropy: 0.6752
Epoch [894/2000] | Sampled: 2260.62 | Baseline: 733.38 | Improvement: -1527.25 | Win Rate: 0.00% | Actor Loss: 388.6706 | Entropy: 0.6475
Epoch [895/2000] | Sampled: 2294.44 | Baseline: 737.56 | Improvement: -1556.88 | Win Rate: 0.00% | Actor Loss: 970.9693 | Entropy: 0.6682
Epoch [896/2000] | Sampled: 2216.00 | Baseline: 719.44 | Improvement: -1496.56 | Win Rate: 0.00% | Actor Loss: 595.9261 | Entropy: 0.6521
Epoch [897/2000] | Sampled: 2085.56 | Baseline: 668.50 | Improvement: -1417.06 | Win Rate: 0.00% | Actor Loss: 631.2757 | Entropy: 0.5710
Epoch [898/2000] | Sampled: 2040.12 | Baseline: 663.25 | Improvement: -1376.88 | Win Rate: 0.00% | Actor Loss: 1455.2815 | Entropy: 0.5927
Epoch [899/2000] | Sampled: 2148.06 | Baseline: 685.94 | Improvement: -1462.12 | Win Rate: 0.00% | Actor Loss: 1960.1267 | Entropy: 0.6384
Epoch [900/2000] | Sampled: 2287.62 | Baseline: 738.75 | Improvement: -1548.88 | Win Rate: 0.00% | Actor Loss: 510.4069 | Entropy: 0.6407
   -> Saved updated training chart to /home/wei/AMR-DFJSP/Static_alogorithm/Attention/attention_training_metrics.png
Epoch [901/2000] | Sampled: 2769.12 | Baseline: 876.31 | Improvement: -1892.81 | Win Rate: 0.00% | Actor Loss: 1224.7496 | Entropy: 0.7244
Epoch [902/2000] | Sampled: 2276.75 | Baseline: 723.25 | Improvement: -1553.50 | Win Rate: 0.00% | Actor Loss: 452.9910 | Entropy: 0.6587
Epoch [903/2000] | Sampled: 2203.00 | Baseline: 722.12 | Improvement: -1480.88 | Win Rate: 0.00% | Actor Loss: 1215.6606 | Entropy: 0.6346
Epoch [904/2000] | Sampled: 1941.94 | Baseline: 620.25 | Improvement: -1321.69 | Win Rate: 0.00% | Actor Loss: 628.0750 | Entropy: 0.5837
Epoch [905/2000] | Sampled: 2023.88 | Baseline: 652.00 | Improvement: -1371.88 | Win Rate: 0.00% | Actor Loss: 575.7147 | Entropy: 0.5917
Epoch [906/2000] | Sampled: 2405.62 | Baseline: 770.25 | Improvement: -1635.38 | Win Rate: 0.00% | Actor Loss: 1067.5280 | Entropy: 0.6956
Epoch [907/2000] | Sampled: 2056.44 | Baseline: 665.38 | Improvement: -1391.06 | Win Rate: 0.00% | Actor Loss: 341.4624 | Entropy: 0.5711
Epoch [908/2000] | Sampled: 2601.06 | Baseline: 835.06 | Improvement: -1766.00 | Win Rate: 0.00% | Actor Loss: 1788.2187 | Entropy: 0.6750
Epoch [909/2000] | Sampled: 2306.62 | Baseline: 743.94 | Improvement: -1562.69 | Win Rate: 0.00% | Actor Loss: 605.8353 | Entropy: 0.6138
Epoch [910/2000] | Sampled: 2041.69 | Baseline: 660.62 | Improvement: -1381.06 | Win Rate: 0.00% | Actor Loss: 426.9130 | Entropy: 0.5967
Epoch [911/2000] | Sampled: 2781.81 | Baseline: 879.12 | Improvement: -1902.69 | Win Rate: 0.00% | Actor Loss: 1556.9607 | Entropy: 0.7559
Epoch [912/2000] | Sampled: 1863.00 | Baseline: 618.69 | Improvement: -1244.31 | Win Rate: 0.00% | Actor Loss: 1009.3766 | Entropy: 0.5171
Epoch [913/2000] | Sampled: 2234.88 | Baseline: 721.06 | Improvement: -1513.81 | Win Rate: 0.00% | Actor Loss: 1889.6488 | Entropy: 0.6239
Epoch [914/2000] | Sampled: 2449.50 | Baseline: 789.75 | Improvement: -1659.75 | Win Rate: 0.00% | Actor Loss: 2506.4749 | Entropy: 0.6511
Epoch [915/2000] | Sampled: 1880.19 | Baseline: 615.94 | Improvement: -1264.25 | Win Rate: 0.00% | Actor Loss: 1342.8073 | Entropy: 0.5581
Epoch [916/2000] | Sampled: 1884.62 | Baseline: 607.94 | Improvement: -1276.69 | Win Rate: 0.00% | Actor Loss: 33.9380 | Entropy: 0.6204
Epoch [917/2000] | Sampled: 2313.44 | Baseline: 734.56 | Improvement: -1578.88 | Win Rate: 0.00% | Actor Loss: 797.1475 | Entropy: 0.6161
Epoch [918/2000] | Sampled: 2606.44 | Baseline: 833.44 | Improvement: -1773.00 | Win Rate: 0.00% | Actor Loss: 672.6525 | Entropy: 0.6815
Epoch [919/2000] | Sampled: 2022.62 | Baseline: 654.62 | Improvement: -1368.00 | Win Rate: 0.00% | Actor Loss: 1945.3036 | Entropy: 0.5877
Epoch [920/2000] | Sampled: 2339.88 | Baseline: 749.62 | Improvement: -1590.25 | Win Rate: 0.00% | Actor Loss: 2278.4212 | Entropy: 0.6009
Epoch [921/2000] | Sampled: 1863.19 | Baseline: 607.19 | Improvement: -1256.00 | Win Rate: 0.00% | Actor Loss: 804.7444 | Entropy: 0.5139
Epoch [922/2000] | Sampled: 2206.31 | Baseline: 713.12 | Improvement: -1493.19 | Win Rate: 0.00% | Actor Loss: 724.1440 | Entropy: 0.5839
Epoch [923/2000] | Sampled: 2291.62 | Baseline: 740.00 | Improvement: -1551.62 | Win Rate: 0.00% | Actor Loss: 460.2437 | Entropy: 0.5786
Epoch [924/2000] | Sampled: 1979.50 | Baseline: 665.88 | Improvement: -1313.62 | Win Rate: 0.00% | Actor Loss: 2041.4897 | Entropy: 0.5579
Epoch [925/2000] | Sampled: 1689.50 | Baseline: 554.94 | Improvement: -1134.56 | Win Rate: 0.00% | Actor Loss: 2538.6455 | Entropy: 0.5077
Epoch [926/2000] | Sampled: 2139.12 | Baseline: 691.44 | Improvement: -1447.69 | Win Rate: 0.00% | Actor Loss: 580.2380 | Entropy: 0.5620
Epoch [927/2000] | Sampled: 1989.50 | Baseline: 645.25 | Improvement: -1344.25 | Win Rate: 0.00% | Actor Loss: 2114.0534 | Entropy: 0.5942
Epoch [928/2000] | Sampled: 2047.31 | Baseline: 665.38 | Improvement: -1381.94 | Win Rate: 0.00% | Actor Loss: 1508.6102 | Entropy: 0.5107
Epoch [929/2000] | Sampled: 1573.81 | Baseline: 521.31 | Improvement: -1052.50 | Win Rate: 0.00% | Actor Loss: 661.7566 | Entropy: 0.4535
Epoch [930/2000] | Sampled: 1842.69 | Baseline: 599.56 | Improvement: -1243.12 | Win Rate: 0.00% | Actor Loss: 627.9106 | Entropy: 0.5324
Epoch [931/2000] | Sampled: 2066.00 | Baseline: 677.06 | Improvement: -1388.94 | Win Rate: 0.00% | Actor Loss: 882.0232 | Entropy: 0.5415
Epoch [932/2000] | Sampled: 2510.06 | Baseline: 803.19 | Improvement: -1706.88 | Win Rate: 0.00% | Actor Loss: 3332.5381 | Entropy: 0.6262
Epoch [933/2000] | Sampled: 2148.19 | Baseline: 707.56 | Improvement: -1440.62 | Win Rate: 0.00% | Actor Loss: 1543.9805 | Entropy: 0.5754
Epoch [934/2000] | Sampled: 1660.38 | Baseline: 549.38 | Improvement: -1111.00 | Win Rate: 0.00% | Actor Loss: 2475.1025 | Entropy: 0.4961
Epoch [935/2000] | Sampled: 2018.25 | Baseline: 656.12 | Improvement: -1362.12 | Win Rate: 0.00% | Actor Loss: 1361.9751 | Entropy: 0.4974
Epoch [936/2000] | Sampled: 1749.56 | Baseline: 577.44 | Improvement: -1172.12 | Win Rate: 0.00% | Actor Loss: 2973.6539 | Entropy: 0.4237
Epoch [937/2000] | Sampled: 2366.19 | Baseline: 776.06 | Improvement: -1590.12 | Win Rate: 0.00% | Actor Loss: -2844.1378 | Entropy: 0.5992
Epoch [938/2000] | Sampled: 1778.69 | Baseline: 582.81 | Improvement: -1195.88 | Win Rate: 0.00% | Actor Loss: 1597.2818 | Entropy: 0.4703
Epoch [939/2000] | Sampled: 2177.31 | Baseline: 710.00 | Improvement: -1467.31 | Win Rate: 0.00% | Actor Loss: 8742.6217 | Entropy: 0.5358
Epoch [940/2000] | Sampled: 2484.56 | Baseline: 809.00 | Improvement: -1675.56 | Win Rate: 0.00% | Actor Loss: 4417.5782 | Entropy: 0.6220
Epoch [941/2000] | Sampled: 1877.56 | Baseline: 604.25 | Improvement: -1273.31 | Win Rate: 0.00% | Actor Loss: 1160.8508 | Entropy: 0.5109
Epoch [942/2000] | Sampled: 1945.88 | Baseline: 635.31 | Improvement: -1310.56 | Win Rate: 0.00% | Actor Loss: 3946.9173 | Entropy: 0.5399
Epoch [943/2000] | Sampled: 2406.56 | Baseline: 785.62 | Improvement: -1620.94 | Win Rate: 0.00% | Actor Loss: 6102.7150 | Entropy: 0.5945
Epoch [944/2000] | Sampled: 2590.19 | Baseline: 834.62 | Improvement: -1755.56 | Win Rate: 0.00% | Actor Loss: 2621.4090 | Entropy: 0.6711
Epoch [945/2000] | Sampled: 2395.69 | Baseline: 780.00 | Improvement: -1615.69 | Win Rate: 0.00% | Actor Loss: 8130.6823 | Entropy: 0.5783
Epoch [946/2000] | Sampled: 2161.19 | Baseline: 709.44 | Improvement: -1451.75 | Win Rate: 0.00% | Actor Loss: 6021.0271 | Entropy: 0.5711
Epoch [947/2000] | Sampled: 2247.69 | Baseline: 731.44 | Improvement: -1516.25 | Win Rate: 0.00% | Actor Loss: 6400.3421 | Entropy: 0.6246
Epoch [948/2000] | Sampled: 2100.19 | Baseline: 687.25 | Improvement: -1412.94 | Win Rate: 0.00% | Actor Loss: 3852.1283 | Entropy: 0.5246
Epoch [949/2000] | Sampled: 2485.38 | Baseline: 808.38 | Improvement: -1677.00 | Win Rate: 0.00% | Actor Loss: 1220.4488 | Entropy: 0.7208
Epoch [950/2000] | Sampled: 2093.50 | Baseline: 676.00 | Improvement: -1417.50 | Win Rate: 0.00% | Actor Loss: 841.0946 | Entropy: 0.5713
Epoch [951/2000] | Sampled: 1972.25 | Baseline: 641.75 | Improvement: -1330.50 | Win Rate: 0.00% | Actor Loss: 1906.7606 | Entropy: 0.5531
Epoch [952/2000] | Sampled: 2306.31 | Baseline: 764.75 | Improvement: -1541.56 | Win Rate: 0.00% | Actor Loss: 1729.0051 | Entropy: 0.6054
Epoch [953/2000] | Sampled: 2715.50 | Baseline: 876.50 | Improvement: -1839.00 | Win Rate: 0.00% | Actor Loss: 1826.9476 | Entropy: 0.6373
Epoch [954/2000] | Sampled: 2520.62 | Baseline: 825.50 | Improvement: -1695.12 | Win Rate: 0.00% | Actor Loss: 878.1062 | Entropy: 0.5716
Epoch [955/2000] | Sampled: 2435.25 | Baseline: 786.12 | Improvement: -1649.12 | Win Rate: 0.00% | Actor Loss: 2811.8318 | Entropy: 0.6385
Epoch [956/2000] | Sampled: 2578.81 | Baseline: 839.44 | Improvement: -1739.38 | Win Rate: 0.00% | Actor Loss: 4285.3710 | Entropy: 0.5977
Epoch [957/2000] | Sampled: 2184.62 | Baseline: 717.75 | Improvement: -1466.88 | Win Rate: 0.00% | Actor Loss: 7959.2668 | Entropy: 0.5596
Epoch [958/2000] | Sampled: 2642.25 | Baseline: 866.19 | Improvement: -1776.06 | Win Rate: 0.00% | Actor Loss: 9446.7749 | Entropy: 0.6878
Epoch [959/2000] | Sampled: 2396.75 | Baseline: 784.81 | Improvement: -1611.94 | Win Rate: 0.00% | Actor Loss: 6921.6240 | Entropy: 0.5581
Epoch [960/2000] | Sampled: 2172.44 | Baseline: 733.94 | Improvement: -1438.50 | Win Rate: 0.00% | Actor Loss: 5167.1307 | Entropy: 0.5399
Epoch [961/2000] | Sampled: 2183.50 | Baseline: 710.12 | Improvement: -1473.38 | Win Rate: 0.00% | Actor Loss: 5505.2056 | Entropy: 0.5594
Epoch [962/2000] | Sampled: 2717.44 | Baseline: 884.50 | Improvement: -1832.94 | Win Rate: 0.00% | Actor Loss: 15659.7607 | Entropy: 0.6337
Epoch [963/2000] | Sampled: 2423.44 | Baseline: 808.75 | Improvement: -1614.69 | Win Rate: 0.00% | Actor Loss: 2638.0657 | Entropy: 0.5913
Epoch [964/2000] | Sampled: 2179.56 | Baseline: 721.56 | Improvement: -1458.00 | Win Rate: 0.00% | Actor Loss: 20106.9440 | Entropy: 0.6197
Epoch [965/2000] | Sampled: 2336.56 | Baseline: 778.19 | Improvement: -1558.38 | Win Rate: 0.00% | Actor Loss: 8743.3455 | Entropy: 0.5543
Epoch [966/2000] | Sampled: 2363.25 | Baseline: 782.56 | Improvement: -1580.69 | Win Rate: 0.00% | Actor Loss: 4517.6807 | Entropy: 0.5530
Epoch [967/2000] | Sampled: 1611.19 | Baseline: 544.88 | Improvement: -1066.31 | Win Rate: 0.00% | Actor Loss: 3196.2453 | Entropy: 0.4796
Epoch [968/2000] | Sampled: 1972.94 | Baseline: 662.38 | Improvement: -1310.56 | Win Rate: 0.00% | Actor Loss: 3890.8515 | Entropy: 0.5096
Epoch [969/2000] | Sampled: 2158.25 | Baseline: 706.25 | Improvement: -1452.00 | Win Rate: 0.00% | Actor Loss: 12401.2726 | Entropy: 0.5115
Epoch [970/2000] | Sampled: 1992.25 | Baseline: 662.81 | Improvement: -1329.44 | Win Rate: 0.00% | Actor Loss: 3881.3147 | Entropy: 0.4586
Epoch [971/2000] | Sampled: 1798.31 | Baseline: 600.31 | Improvement: -1198.00 | Win Rate: 0.00% | Actor Loss: 6999.7804 | Entropy: 0.4674
Epoch [972/2000] | Sampled: 1623.88 | Baseline: 549.12 | Improvement: -1074.75 | Win Rate: 0.00% | Actor Loss: 17892.0362 | Entropy: 0.4693
Epoch [973/2000] | Sampled: 2171.06 | Baseline: 724.06 | Improvement: -1447.00 | Win Rate: 0.00% | Actor Loss: 6192.7716 | Entropy: 0.5789
Epoch [974/2000] | Sampled: 2097.88 | Baseline: 691.88 | Improvement: -1406.00 | Win Rate: 0.00% | Actor Loss: 19378.3716 | Entropy: 0.5027
Epoch [975/2000] | Sampled: 2184.69 | Baseline: 723.75 | Improvement: -1460.94 | Win Rate: 0.00% | Actor Loss: 3976.6011 | Entropy: 0.5538
Epoch [976/2000] | Sampled: 1983.88 | Baseline: 662.38 | Improvement: -1321.50 | Win Rate: 0.00% | Actor Loss: 23140.5428 | Entropy: 0.5763
Epoch [977/2000] | Sampled: 2025.31 | Baseline: 677.69 | Improvement: -1347.62 | Win Rate: 0.00% | Actor Loss: 20786.2575 | Entropy: 0.5221
Epoch [978/2000] | Sampled: 2086.06 | Baseline: 695.38 | Improvement: -1390.69 | Win Rate: 0.00% | Actor Loss: 7155.7348 | Entropy: 0.5203
Epoch [979/2000] | Sampled: 2151.06 | Baseline: 718.62 | Improvement: -1432.44 | Win Rate: 0.00% | Actor Loss: -16157.2528 | Entropy: 0.5984
Epoch [980/2000] | Sampled: 2054.81 | Baseline: 697.06 | Improvement: -1357.75 | Win Rate: 0.00% | Actor Loss: 4288.1387 | Entropy: 0.5717
Epoch [981/2000] | Sampled: 2395.94 | Baseline: 791.69 | Improvement: -1604.25 | Win Rate: 0.00% | Actor Loss: 23921.7053 | Entropy: 0.6208
Epoch [982/2000] | Sampled: 1920.69 | Baseline: 651.69 | Improvement: -1269.00 | Win Rate: 0.00% | Actor Loss: 7198.9117 | Entropy: 0.4908
Epoch [983/2000] | Sampled: 1971.69 | Baseline: 649.88 | Improvement: -1321.81 | Win Rate: 0.00% | Actor Loss: -3176.6674 | Entropy: 0.4744
Epoch [984/2000] | Sampled: 1937.31 | Baseline: 652.44 | Improvement: -1284.88 | Win Rate: 0.00% | Actor Loss: 5066.0316 | Entropy: 0.4802
Epoch [985/2000] | Sampled: 2546.81 | Baseline: 823.50 | Improvement: -1723.31 | Win Rate: 0.00% | Actor Loss: 6402.0588 | Entropy: 0.6277
Epoch [986/2000] | Sampled: 1928.50 | Baseline: 668.69 | Improvement: -1259.81 | Win Rate: 0.00% | Actor Loss: 12712.3407 | Entropy: 0.6195
Epoch [987/2000] | Sampled: 1764.50 | Baseline: 592.06 | Improvement: -1172.44 | Win Rate: 0.00% | Actor Loss: -13937.7235 | Entropy: 0.4759
Epoch [988/2000] | Sampled: 1862.75 | Baseline: 633.88 | Improvement: -1228.88 | Win Rate: 0.00% | Actor Loss: 13956.6410 | Entropy: 0.4564
Epoch [989/2000] | Sampled: 1950.31 | Baseline: 668.44 | Improvement: -1281.88 | Win Rate: 0.00% | Actor Loss: 8874.3119 | Entropy: 0.4913
Epoch [990/2000] | Sampled: 2282.50 | Baseline: 752.88 | Improvement: -1529.62 | Win Rate: 0.00% | Actor Loss: 12709.7028 | Entropy: 0.6117
Epoch [991/2000] | Sampled: 2113.31 | Baseline: 697.38 | Improvement: -1415.94 | Win Rate: 0.00% | Actor Loss: 7628.7285 | Entropy: 0.5522
Epoch [992/2000] | Sampled: 2396.56 | Baseline: 808.06 | Improvement: -1588.50 | Win Rate: 0.00% | Actor Loss: 21039.1298 | Entropy: 0.5472
Epoch [993/2000] | Sampled: 2126.94 | Baseline: 710.12 | Improvement: -1416.81 | Win Rate: 0.00% | Actor Loss: 6677.9825 | Entropy: 0.5468
Epoch [994/2000] | Sampled: 2150.00 | Baseline: 705.94 | Improvement: -1444.06 | Win Rate: 0.00% | Actor Loss: 20079.8752 | Entropy: 0.5484
Epoch [995/2000] | Sampled: 2404.38 | Baseline: 781.56 | Improvement: -1622.81 | Win Rate: 0.00% | Actor Loss: 9421.0961 | Entropy: 0.6149
Epoch [996/2000] | Sampled: 1966.06 | Baseline: 665.25 | Improvement: -1300.81 | Win Rate: 0.00% | Actor Loss: 16767.8984 | Entropy: 0.5620
Epoch [997/2000] | Sampled: 1748.06 | Baseline: 594.81 | Improvement: -1153.25 | Win Rate: 0.00% | Actor Loss: 3778.3148 | Entropy: 0.4848
Epoch [998/2000] | Sampled: 2053.19 | Baseline: 683.75 | Improvement: -1369.44 | Win Rate: 0.00% | Actor Loss: -28641.2653 | Entropy: 0.5009
Epoch [999/2000] | Sampled: 2399.75 | Baseline: 791.00 | Improvement: -1608.75 | Win Rate: 0.00% | Actor Loss: 10114.5679 | Entropy: 0.6183
Epoch [1000/2000] | Sampled: 1943.19 | Baseline: 648.25 | Improvement: -1294.94 | Win Rate: 0.00% | Actor Loss: 2715.3084 | Entropy: 0.5546
   -> Saved updated training chart to /home/wei/AMR-DFJSP/Static_alogorithm/Attention/attention_training_metrics.png
Epoch [1001/2000] | Sampled: 2042.88 | Baseline: 690.12 | Improvement: -1352.75 | Win Rate: 0.00% | Actor Loss: 21919.1569 | Entropy: 0.5157
Epoch [1002/2000] | Sampled: 1965.69 | Baseline: 682.31 | Improvement: -1283.38 | Win Rate: 0.00% | Actor Loss: 14665.0836 | Entropy: 0.5221
Epoch [1003/2000] | Sampled: 1898.12 | Baseline: 667.88 | Improvement: -1230.25 | Win Rate: 0.00% | Actor Loss: 27088.9839 | Entropy: 0.6014
Epoch [1004/2000] | Sampled: 2033.94 | Baseline: 685.56 | Improvement: -1348.38 | Win Rate: 0.00% | Actor Loss: 6813.8774 | Entropy: 0.5025
Epoch [1005/2000] | Sampled: 1944.06 | Baseline: 669.12 | Improvement: -1274.94 | Win Rate: 0.00% | Actor Loss: 11127.8320 | Entropy: 0.5380
Epoch [1006/2000] | Sampled: 1793.75 | Baseline: 622.12 | Improvement: -1171.62 | Win Rate: 0.00% | Actor Loss: 18530.1932 | Entropy: 0.5606
Epoch [1007/2000] | Sampled: 1840.38 | Baseline: 633.06 | Improvement: -1207.31 | Win Rate: 0.00% | Actor Loss: 15029.3543 | Entropy: 0.5020
Epoch [1008/2000] | Sampled: 2192.25 | Baseline: 730.06 | Improvement: -1462.19 | Win Rate: 0.00% | Actor Loss: 16300.0549 | Entropy: 0.6099
Epoch [1009/2000] | Sampled: 2596.75 | Baseline: 870.06 | Improvement: -1726.69 | Win Rate: 0.00% | Actor Loss: 104262.3639 | Entropy: 0.6344
Epoch [1010/2000] | Sampled: 2098.38 | Baseline: 710.06 | Improvement: -1388.31 | Win Rate: 0.00% | Actor Loss: 7932.6847 | Entropy: 0.5071
Epoch [1011/2000] | Sampled: 1848.31 | Baseline: 636.62 | Improvement: -1211.69 | Win Rate: 0.00% | Actor Loss: 14061.1385 | Entropy: 0.4954
Epoch [1012/2000] | Sampled: 2415.25 | Baseline: 800.50 | Improvement: -1614.75 | Win Rate: 0.00% | Actor Loss: 115221.0295 | Entropy: 0.6019
Epoch [1013/2000] | Sampled: 2537.00 | Baseline: 862.44 | Improvement: -1674.56 | Win Rate: 0.00% | Actor Loss: 27290.5584 | Entropy: 0.7217
Epoch [1014/2000] | Sampled: 2443.06 | Baseline: 812.50 | Improvement: -1630.56 | Win Rate: 0.00% | Actor Loss: 33439.3455 | Entropy: 0.5767
Epoch [1015/2000] | Sampled: 2097.88 | Baseline: 719.94 | Improvement: -1377.94 | Win Rate: 0.00% | Actor Loss: 31011.6740 | Entropy: 0.5343
Epoch [1016/2000] | Sampled: 1864.62 | Baseline: 655.25 | Improvement: -1209.38 | Win Rate: 0.00% | Actor Loss: 3134.8133 | Entropy: 0.5767
Epoch [1017/2000] | Sampled: 1744.06 | Baseline: 626.38 | Improvement: -1117.69 | Win Rate: 0.00% | Actor Loss: -16470.0189 | Entropy: 0.4882
Epoch [1018/2000] | Sampled: 1857.06 | Baseline: 644.56 | Improvement: -1212.50 | Win Rate: 0.00% | Actor Loss: -41746.9288 | Entropy: 0.4670
Epoch [1019/2000] | Sampled: 2173.06 | Baseline: 763.44 | Improvement: -1409.62 | Win Rate: 0.00% | Actor Loss: 29736.6989 | Entropy: 0.6333
Epoch [1020/2000] | Sampled: 2256.50 | Baseline: 755.69 | Improvement: -1500.81 | Win Rate: 0.00% | Actor Loss: 18925.1966 | Entropy: 0.6456
Epoch [1021/2000] | Sampled: 1880.12 | Baseline: 664.81 | Improvement: -1215.31 | Win Rate: 0.00% | Actor Loss: 3966.1935 | Entropy: 0.6605
Epoch [1022/2000] | Sampled: 2109.44 | Baseline: 751.50 | Improvement: -1357.94 | Win Rate: 0.00% | Actor Loss: 14432.5690 | Entropy: 0.6269
Epoch [1023/2000] | Sampled: 2127.12 | Baseline: 762.19 | Improvement: -1364.94 | Win Rate: 0.00% | Actor Loss: 5633.9825 | Entropy: 0.6124
Epoch [1024/2000] | Sampled: 2341.31 | Baseline: 873.62 | Improvement: -1467.69 | Win Rate: 0.00% | Actor Loss: -22173.3462 | Entropy: 0.7209
Epoch [1025/2000] | Sampled: 1987.50 | Baseline: 795.88 | Improvement: -1191.62 | Win Rate: 0.00% | Actor Loss: 17177.6003 | Entropy: 0.6327
Epoch [1026/2000] | Sampled: 1578.06 | Baseline: 617.56 | Improvement: -960.50 | Win Rate: 0.00% | Actor Loss: 9281.2633 | Entropy: 0.5940
Epoch [1027/2000] | Sampled: 1603.62 | Baseline: 655.62 | Improvement: -948.00 | Win Rate: 0.00% | Actor Loss: 7180.3700 | Entropy: 0.5884
Epoch [1028/2000] | Sampled: 2118.12 | Baseline: 809.94 | Improvement: -1308.19 | Win Rate: 0.00% | Actor Loss: 8117.1795 | Entropy: 0.6286
Epoch [1029/2000] | Sampled: 1961.69 | Baseline: 788.94 | Improvement: -1172.75 | Win Rate: 0.00% | Actor Loss: 5330.6927 | Entropy: 0.6160
Epoch [1030/2000] | Sampled: 1505.94 | Baseline: 654.25 | Improvement: -851.69 | Win Rate: 0.00% | Actor Loss: 12500.2435 | Entropy: 0.6523
Epoch [1031/2000] | Sampled: 1892.25 | Baseline: 818.69 | Improvement: -1073.56 | Win Rate: 0.00% | Actor Loss: 9042.9852 | Entropy: 0.7360
Epoch [1032/2000] | Sampled: 1418.44 | Baseline: 638.62 | Improvement: -779.81 | Win Rate: 0.00% | Actor Loss: 7122.9098 | Entropy: 0.5912
Epoch [1033/2000] | Sampled: 1685.62 | Baseline: 757.94 | Improvement: -927.69 | Win Rate: 0.00% | Actor Loss: 7740.1752 | Entropy: 0.6740
Epoch [1034/2000] | Sampled: 1391.56 | Baseline: 706.75 | Improvement: -684.81 | Win Rate: 0.00% | Actor Loss: 64.8487 | Entropy: 0.6863
Epoch [1035/2000] | Sampled: 1502.19 | Baseline: 755.19 | Improvement: -747.00 | Win Rate: 0.00% | Actor Loss: 12180.4545 | Entropy: 0.6463
Epoch [1036/2000] | Sampled: 1326.44 | Baseline: 621.25 | Improvement: -705.19 | Win Rate: 0.00% | Actor Loss: 9798.5736 | Entropy: 0.6400
Epoch [1037/2000] | Sampled: 1457.38 | Baseline: 832.25 | Improvement: -625.12 | Win Rate: 0.00% | Actor Loss: 6152.1629 | Entropy: 0.7585
Epoch [1038/2000] | Sampled: 1423.12 | Baseline: 723.44 | Improvement: -699.69 | Win Rate: 0.00% | Actor Loss: 8059.7182 | Entropy: 0.6598
Epoch [1039/2000] | Sampled: 1300.56 | Baseline: 665.31 | Improvement: -635.25 | Win Rate: 0.00% | Actor Loss: 9065.3180 | Entropy: 0.6410
Epoch [1040/2000] | Sampled: 1416.62 | Baseline: 764.94 | Improvement: -651.69 | Win Rate: 0.00% | Actor Loss: 4081.1053 | Entropy: 0.7271
Epoch [1041/2000] | Sampled: 1235.81 | Baseline: 606.25 | Improvement: -629.56 | Win Rate: 0.00% | Actor Loss: 15099.4514 | Entropy: 0.5578
Epoch [1042/2000] | Sampled: 1368.88 | Baseline: 722.19 | Improvement: -646.69 | Win Rate: 0.00% | Actor Loss: 9941.6440 | Entropy: 0.6951
Epoch [1043/2000] | Sampled: 1624.56 | Baseline: 827.81 | Improvement: -796.75 | Win Rate: 0.00% | Actor Loss: 17456.2411 | Entropy: 0.7284
Epoch [1044/2000] | Sampled: 1023.31 | Baseline: 690.50 | Improvement: -332.81 | Win Rate: 0.00% | Actor Loss: 5168.9829 | Entropy: 0.6642
Epoch [1045/2000] | Sampled: 998.19 | Baseline: 728.25 | Improvement: -269.94 | Win Rate: 0.00% | Actor Loss: 658.6536 | Entropy: 0.6156
Epoch [1046/2000] | Sampled: 1121.38 | Baseline: 743.69 | Improvement: -377.69 | Win Rate: 0.00% | Actor Loss: 5478.5034 | Entropy: 0.6458
Epoch [1047/2000] | Sampled: 922.88 | Baseline: 751.75 | Improvement: -171.12 | Win Rate: 0.00% | Actor Loss: -18689.8637 | Entropy: 0.6408
Epoch [1048/2000] | Sampled: 721.62 | Baseline: 597.06 | Improvement: -124.56 | Win Rate: 0.00% | Actor Loss: -4043.8321 | Entropy: 0.4679
Epoch [1049/2000] | Sampled: 884.25 | Baseline: 721.06 | Improvement: -163.19 | Win Rate: 0.00% | Actor Loss: -7513.9560 | Entropy: 0.5582
Epoch [1050/2000] | Sampled: 1053.19 | Baseline: 865.38 | Improvement: -187.81 | Win Rate: 0.00% | Actor Loss: 1184.2123 | Entropy: 0.6330
Epoch [1051/2000] | Sampled: 934.38 | Baseline: 773.12 | Improvement: -161.25 | Win Rate: 0.00% | Actor Loss: -440.2634 | Entropy: 0.5434
Epoch [1052/2000] | Sampled: 724.12 | Baseline: 619.44 | Improvement: -104.69 | Win Rate: 0.00% | Actor Loss: -4969.5290 | Entropy: 0.4883
Epoch [1053/2000] | Sampled: 837.88 | Baseline: 737.44 | Improvement: -100.44 | Win Rate: 0.00% | Actor Loss: -23724.3053 | Entropy: 0.5280
Epoch [1054/2000] | Sampled: 834.31 | Baseline: 736.19 | Improvement: -98.12 | Win Rate: 0.00% | Actor Loss: -32743.3410 | Entropy: 0.4826
Epoch [1055/2000] | Sampled: 927.00 | Baseline: 820.44 | Improvement: -106.56 | Win Rate: 0.00% | Actor Loss: -36206.9106 | Entropy: 0.5137
Epoch [1056/2000] | Sampled: 803.44 | Baseline: 701.06 | Improvement: -102.38 | Win Rate: 0.00% | Actor Loss: -38545.7837 | Entropy: 0.5118
Epoch [1057/2000] | Sampled: 997.06 | Baseline: 885.69 | Improvement: -111.38 | Win Rate: 0.00% | Actor Loss: -44681.3258 | Entropy: 0.5275
Epoch [1058/2000] | Sampled: 919.62 | Baseline: 809.81 | Improvement: -109.81 | Win Rate: 0.00% | Actor Loss: -57063.1088 | Entropy: 0.5018
Epoch [1059/2000] | Sampled: 750.75 | Baseline: 663.12 | Improvement: -87.62 | Win Rate: 0.00% | Actor Loss: -24697.9039 | Entropy: 0.4146
Epoch [1060/2000] | Sampled: 812.25 | Baseline: 707.88 | Improvement: -104.38 | Win Rate: 0.00% | Actor Loss: -4755.4959 | Entropy: 0.4316
Epoch [1061/2000] | Sampled: 908.19 | Baseline: 768.12 | Improvement: -140.06 | Win Rate: 0.00% | Actor Loss: -18155.5846 | Entropy: 0.4592
Epoch [1062/2000] | Sampled: 737.50 | Baseline: 626.81 | Improvement: -110.69 | Win Rate: 0.00% | Actor Loss: -183.7853 | Entropy: 0.4193
Epoch [1063/2000] | Sampled: 824.44 | Baseline: 708.38 | Improvement: -116.06 | Win Rate: 0.00% | Actor Loss: -8156.5189 | Entropy: 0.4376
Epoch [1064/2000] | Sampled: 732.19 | Baseline: 616.56 | Improvement: -115.62 | Win Rate: 0.00% | Actor Loss: -7964.6673 | Entropy: 0.3639
Epoch [1065/2000] | Sampled: 831.88 | Baseline: 697.81 | Improvement: -134.06 | Win Rate: 0.00% | Actor Loss: -2596.6333 | Entropy: 0.4434
Epoch [1066/2000] | Sampled: 744.69 | Baseline: 618.06 | Improvement: -126.62 | Win Rate: 0.00% | Actor Loss: -592.1802 | Entropy: 0.4171
Epoch [1067/2000] | Sampled: 976.94 | Baseline: 800.69 | Improvement: -176.25 | Win Rate: 0.00% | Actor Loss: -786.9722 | Entropy: 0.4653
Epoch [1068/2000] | Sampled: 890.44 | Baseline: 741.69 | Improvement: -148.75 | Win Rate: 0.00% | Actor Loss: -2891.2377 | Entropy: 0.4439
Epoch [1069/2000] | Sampled: 852.88 | Baseline: 707.81 | Improvement: -145.06 | Win Rate: 0.00% | Actor Loss: -3795.3315 | Entropy: 0.4240
Epoch [1070/2000] | Sampled: 885.06 | Baseline: 733.94 | Improvement: -151.12 | Win Rate: 0.00% | Actor Loss: 1021.2489 | Entropy: 0.4332
Epoch [1071/2000] | Sampled: 996.50 | Baseline: 835.62 | Improvement: -160.88 | Win Rate: 0.00% | Actor Loss: 2107.6623 | Entropy: 0.4534
Epoch [1072/2000] | Sampled: 793.00 | Baseline: 659.94 | Improvement: -133.06 | Win Rate: 0.00% | Actor Loss: 846.3526 | Entropy: 0.3856
Epoch [1073/2000] | Sampled: 785.44 | Baseline: 659.62 | Improvement: -125.81 | Win Rate: 0.00% | Actor Loss: 2113.4062 | Entropy: 0.3862
Epoch [1074/2000] | Sampled: 799.56 | Baseline: 676.50 | Improvement: -123.06 | Win Rate: 0.00% | Actor Loss: 2535.9401 | Entropy: 0.4413
Epoch [1075/2000] | Sampled: 901.56 | Baseline: 754.12 | Improvement: -147.44 | Win Rate: 0.00% | Actor Loss: 1358.4137 | Entropy: 0.4423
Epoch [1076/2000] | Sampled: 843.00 | Baseline: 710.12 | Improvement: -132.88 | Win Rate: 0.00% | Actor Loss: -283.5558 | Entropy: 0.4118
Epoch [1077/2000] | Sampled: 824.81 | Baseline: 690.94 | Improvement: -133.88 | Win Rate: 0.00% | Actor Loss: 2311.0657 | Entropy: 0.4133
Epoch [1078/2000] | Sampled: 849.12 | Baseline: 707.94 | Improvement: -141.19 | Win Rate: 0.00% | Actor Loss: 2084.1810 | Entropy: 0.4193
Epoch [1079/2000] | Sampled: 794.19 | Baseline: 667.44 | Improvement: -126.75 | Win Rate: 0.00% | Actor Loss: -232.5134 | Entropy: 0.3752
Epoch [1080/2000] | Sampled: 972.88 | Baseline: 813.00 | Improvement: -159.88 | Win Rate: 0.00% | Actor Loss: -1900.6472 | Entropy: 0.4506
Epoch [1081/2000] | Sampled: 846.38 | Baseline: 711.81 | Improvement: -134.56 | Win Rate: 0.00% | Actor Loss: -295.3718 | Entropy: 0.4503
Epoch [1082/2000] | Sampled: 611.06 | Baseline: 520.12 | Improvement: -90.94 | Win Rate: 0.00% | Actor Loss: 171.4864 | Entropy: 0.3407
   -> Saved new best model (Makespan: 611.06)
Epoch [1083/2000] | Sampled: 719.75 | Baseline: 604.75 | Improvement: -115.00 | Win Rate: 0.00% | Actor Loss: 405.0045 | Entropy: 0.3852
Epoch [1084/2000] | Sampled: 834.62 | Baseline: 700.81 | Improvement: -133.81 | Win Rate: 0.00% | Actor Loss: 496.2465 | Entropy: 0.4123
Epoch [1085/2000] | Sampled: 729.56 | Baseline: 617.75 | Improvement: -111.81 | Win Rate: 0.00% | Actor Loss: 886.9370 | Entropy: 0.3629
Epoch [1086/2000] | Sampled: 807.00 | Baseline: 680.06 | Improvement: -126.94 | Win Rate: 0.00% | Actor Loss: 1311.2487 | Entropy: 0.4155
Epoch [1087/2000] | Sampled: 981.00 | Baseline: 820.69 | Improvement: -160.31 | Win Rate: 0.00% | Actor Loss: -335.2607 | Entropy: 0.4431
Epoch [1088/2000] | Sampled: 886.31 | Baseline: 745.50 | Improvement: -140.81 | Win Rate: 0.00% | Actor Loss: 888.7716 | Entropy: 0.4224
Epoch [1089/2000] | Sampled: 770.94 | Baseline: 650.00 | Improvement: -120.94 | Win Rate: 0.00% | Actor Loss: -1809.8807 | Entropy: 0.3985
Epoch [1090/2000] | Sampled: 889.88 | Baseline: 752.25 | Improvement: -137.62 | Win Rate: 0.00% | Actor Loss: -288.5455 | Entropy: 0.4289
Epoch [1091/2000] | Sampled: 832.25 | Baseline: 700.25 | Improvement: -132.00 | Win Rate: 0.00% | Actor Loss: -17.1839 | Entropy: 0.4069
Epoch [1092/2000] | Sampled: 789.81 | Baseline: 664.56 | Improvement: -125.25 | Win Rate: 0.00% | Actor Loss: 419.7529 | Entropy: 0.3904
Epoch [1093/2000] | Sampled: 954.38 | Baseline: 789.94 | Improvement: -164.44 | Win Rate: 0.00% | Actor Loss: 6523.4341 | Entropy: 0.4843
Epoch [1094/2000] | Sampled: 1080.75 | Baseline: 884.75 | Improvement: -196.00 | Win Rate: 0.00% | Actor Loss: 2916.9941 | Entropy: 0.5302
Epoch [1095/2000] | Sampled: 895.44 | Baseline: 707.31 | Improvement: -188.12 | Win Rate: 0.00% | Actor Loss: -30144.2678 | Entropy: 0.4323
Epoch [1096/2000] | Sampled: 1113.06 | Baseline: 834.12 | Improvement: -278.94 | Win Rate: 0.00% | Actor Loss: 1602.5400 | Entropy: 0.5327
Epoch [1097/2000] | Sampled: 1142.38 | Baseline: 661.38 | Improvement: -481.00 | Win Rate: 0.00% | Actor Loss: 10594.0843 | Entropy: 0.4192
Epoch [1098/2000] | Sampled: 1083.44 | Baseline: 609.19 | Improvement: -474.25 | Win Rate: 0.00% | Actor Loss: 17238.7944 | Entropy: 0.4239
Epoch [1099/2000] | Sampled: 1419.62 | Baseline: 746.94 | Improvement: -672.69 | Win Rate: 0.00% | Actor Loss: 10061.6452 | Entropy: 0.4859
Epoch [1100/2000] | Sampled: 1472.38 | Baseline: 675.94 | Improvement: -796.44 | Win Rate: 0.00% | Actor Loss: 20420.1945 | Entropy: 0.4668
   -> Saved updated training chart to /home/wei/AMR-DFJSP/Static_alogorithm/Attention/attention_training_metrics.png
Epoch [1101/2000] | Sampled: 1840.81 | Baseline: 792.69 | Improvement: -1048.12 | Win Rate: 0.00% | Actor Loss: -12296.1980 | Entropy: 0.5402
Epoch [1102/2000] | Sampled: 1829.88 | Baseline: 778.19 | Improvement: -1051.69 | Win Rate: 0.00% | Actor Loss: 22337.2662 | Entropy: 0.5904
Epoch [1103/2000] | Sampled: 1677.81 | Baseline: 732.94 | Improvement: -944.88 | Win Rate: 0.00% | Actor Loss: 9673.3587 | Entropy: 0.5064
Epoch [1104/2000] | Sampled: 1444.81 | Baseline: 650.31 | Improvement: -794.50 | Win Rate: 0.00% | Actor Loss: 10236.1443 | Entropy: 0.4797
Epoch [1105/2000] | Sampled: 1954.56 | Baseline: 755.00 | Improvement: -1199.56 | Win Rate: 0.00% | Actor Loss: 23122.5846 | Entropy: 0.6069
Epoch [1106/2000] | Sampled: 1198.12 | Baseline: 520.81 | Improvement: -677.31 | Win Rate: 0.00% | Actor Loss: 1444764.3837 | Entropy: 0.3818
Epoch [1107/2000] | Sampled: 1181.19 | Baseline: 512.50 | Improvement: -668.69 | Win Rate: 0.00% | Actor Loss: 21036.9917 | Entropy: 0.4074
Epoch [1108/2000] | Sampled: 1768.38 | Baseline: 647.56 | Improvement: -1120.81 | Win Rate: 0.00% | Actor Loss: 4873.3261 | Entropy: 0.5681
Epoch [1109/2000] | Sampled: 1596.44 | Baseline: 610.94 | Improvement: -985.50 | Win Rate: 0.00% | Actor Loss: 15246.5304 | Entropy: 0.4904
Epoch [1110/2000] | Sampled: 1807.06 | Baseline: 639.88 | Improvement: -1167.19 | Win Rate: 0.00% | Actor Loss: 5985.9429 | Entropy: 0.5087
Epoch [1111/2000] | Sampled: 2015.69 | Baseline: 692.88 | Improvement: -1322.81 | Win Rate: 0.00% | Actor Loss: 1184709.1363 | Entropy: 0.5335
Epoch [1112/2000] | Sampled: 2510.56 | Baseline: 803.69 | Improvement: -1706.88 | Win Rate: 0.00% | Actor Loss: 368466.9883 | Entropy: 0.6036
Epoch [1113/2000] | Sampled: 2371.94 | Baseline: 754.81 | Improvement: -1617.12 | Win Rate: 0.00% | Actor Loss: 218513.6545 | Entropy: 0.6231
Epoch [1114/2000] | Sampled: 1954.81 | Baseline: 616.25 | Improvement: -1338.56 | Win Rate: 0.00% | Actor Loss: 72698.0212 | Entropy: 0.5075
Epoch [1115/2000] | Sampled: 2540.25 | Baseline: 798.75 | Improvement: -1741.50 | Win Rate: 0.00% | Actor Loss: 56595.8892 | Entropy: 0.6533
Epoch [1116/2000] | Sampled: 2739.06 | Baseline: 865.25 | Improvement: -1873.81 | Win Rate: 0.00% | Actor Loss: 170151.0781 | Entropy: 0.7022
Epoch [1117/2000] | Sampled: 2228.00 | Baseline: 696.81 | Improvement: -1531.19 | Win Rate: 0.00% | Actor Loss: 125395.9976 | Entropy: 0.5096
Epoch [1118/2000] | Sampled: 2146.31 | Baseline: 678.88 | Improvement: -1467.44 | Win Rate: 0.00% | Actor Loss: 96255.5146 | Entropy: 0.4671
Epoch [1119/2000] | Sampled: 2508.56 | Baseline: 796.00 | Improvement: -1712.56 | Win Rate: 0.00% | Actor Loss: 113313.5609 | Entropy: 0.5968
Epoch [1120/2000] | Sampled: 2398.00 | Baseline: 765.06 | Improvement: -1632.94 | Win Rate: 0.00% | Actor Loss: 130869.8217 | Entropy: 0.7437
Epoch [1121/2000] | Sampled: 2207.31 | Baseline: 706.88 | Improvement: -1500.44 | Win Rate: 0.00% | Actor Loss: 34853.3855 | Entropy: 0.6215
Epoch [1122/2000] | Sampled: 2323.06 | Baseline: 751.12 | Improvement: -1571.94 | Win Rate: 0.00% | Actor Loss: -535.1398 | Entropy: 0.6151
Epoch [1123/2000] | Sampled: 2099.31 | Baseline: 663.88 | Improvement: -1435.44 | Win Rate: 0.00% | Actor Loss: 33444.8801 | Entropy: 0.5611
Epoch [1124/2000] | Sampled: 2633.44 | Baseline: 835.44 | Improvement: -1798.00 | Win Rate: 0.00% | Actor Loss: 43277.3951 | Entropy: 0.5502
Epoch [1125/2000] | Sampled: 2184.12 | Baseline: 694.44 | Improvement: -1489.69 | Win Rate: 0.00% | Actor Loss: 15879.0626 | Entropy: 0.5063
Epoch [1126/2000] | Sampled: 2532.88 | Baseline: 807.44 | Improvement: -1725.44 | Win Rate: 0.00% | Actor Loss: -626.5848 | Entropy: 0.7018
Epoch [1127/2000] | Sampled: 1979.00 | Baseline: 638.94 | Improvement: -1340.06 | Win Rate: 0.00% | Actor Loss: 9972.5240 | Entropy: 0.5694
Epoch [1128/2000] | Sampled: 2574.94 | Baseline: 811.38 | Improvement: -1763.56 | Win Rate: 0.00% | Actor Loss: 38597.3003 | Entropy: 0.8141
Epoch [1129/2000] | Sampled: 2566.38 | Baseline: 804.00 | Improvement: -1762.38 | Win Rate: 0.00% | Actor Loss: 16930.7545 | Entropy: 0.7821
Epoch [1130/2000] | Sampled: 2471.69 | Baseline: 796.00 | Improvement: -1675.69 | Win Rate: 0.00% | Actor Loss: 15661.2802 | Entropy: 0.7785
Epoch [1131/2000] | Sampled: 2301.69 | Baseline: 736.44 | Improvement: -1565.25 | Win Rate: 0.00% | Actor Loss: 4767.8920 | Entropy: 0.7318
Epoch [1132/2000] | Sampled: 2169.81 | Baseline: 686.75 | Improvement: -1483.06 | Win Rate: 0.00% | Actor Loss: 2356.8808 | Entropy: 0.6777
Epoch [1133/2000] | Sampled: 2488.94 | Baseline: 796.06 | Improvement: -1692.88 | Win Rate: 0.00% | Actor Loss: 8191.5766 | Entropy: 0.7749
Epoch [1134/2000] | Sampled: 2277.50 | Baseline: 730.88 | Improvement: -1546.62 | Win Rate: 0.00% | Actor Loss: 5024.0748 | Entropy: 0.7351
Epoch [1135/2000] | Sampled: 2042.12 | Baseline: 646.62 | Improvement: -1395.50 | Win Rate: 0.00% | Actor Loss: -174.8234 | Entropy: 0.6118
Epoch [1136/2000] | Sampled: 2224.44 | Baseline: 703.50 | Improvement: -1520.94 | Win Rate: 0.00% | Actor Loss: 3685.0586 | Entropy: 0.7010
Epoch [1137/2000] | Sampled: 2743.38 | Baseline: 871.81 | Improvement: -1871.56 | Win Rate: 0.00% | Actor Loss: 4759.4194 | Entropy: 0.8865
Epoch [1138/2000] | Sampled: 2461.25 | Baseline: 777.94 | Improvement: -1683.31 | Win Rate: 0.00% | Actor Loss: 1216.0381 | Entropy: 0.7948
Epoch [1139/2000] | Sampled: 1856.25 | Baseline: 591.12 | Improvement: -1265.12 | Win Rate: 0.00% | Actor Loss: 5671.5223 | Entropy: 0.6070
Epoch [1140/2000] | Sampled: 2261.56 | Baseline: 721.06 | Improvement: -1540.50 | Win Rate: 0.00% | Actor Loss: 1564.7159 | Entropy: 0.7180
Epoch [1141/2000] | Sampled: 2303.25 | Baseline: 734.38 | Improvement: -1568.88 | Win Rate: 0.00% | Actor Loss: 1648.8914 | Entropy: 0.7349
Epoch [1142/2000] | Sampled: 2294.06 | Baseline: 734.06 | Improvement: -1560.00 | Win Rate: 0.00% | Actor Loss: -265.7693 | Entropy: 0.7335
Epoch [1143/2000] | Sampled: 2358.50 | Baseline: 754.12 | Improvement: -1604.38 | Win Rate: 0.00% | Actor Loss: -315.7232 | Entropy: 0.7738
Epoch [1144/2000] | Sampled: 2250.06 | Baseline: 718.94 | Improvement: -1531.12 | Win Rate: 0.00% | Actor Loss: -377.1981 | Entropy: 0.7404
Epoch [1145/2000] | Sampled: 2683.31 | Baseline: 851.69 | Improvement: -1831.62 | Win Rate: 0.00% | Actor Loss: -356.8664 | Entropy: 0.8364
Epoch [1146/2000] | Sampled: 2421.62 | Baseline: 761.94 | Improvement: -1659.69 | Win Rate: 0.00% | Actor Loss: -348.0798 | Entropy: 0.7558
Epoch [1147/2000] | Sampled: 2330.50 | Baseline: 752.62 | Improvement: -1577.88 | Win Rate: 0.00% | Actor Loss: -333.3523 | Entropy: 0.7400
Epoch [1148/2000] | Sampled: 2194.88 | Baseline: 704.12 | Improvement: -1490.75 | Win Rate: 0.00% | Actor Loss: -250.6954 | Entropy: 0.7618
Epoch [1149/2000] | Sampled: 1971.31 | Baseline: 633.62 | Improvement: -1337.69 | Win Rate: 0.00% | Actor Loss: -191.2354 | Entropy: 0.6529
Epoch [1150/2000] | Sampled: 1935.75 | Baseline: 619.56 | Improvement: -1316.19 | Win Rate: 0.00% | Actor Loss: 825.4568 | Entropy: 0.5990
Epoch [1151/2000] | Sampled: 2061.69 | Baseline: 655.81 | Improvement: -1405.88 | Win Rate: 0.00% | Actor Loss: 318.4766 | Entropy: 0.6274
Epoch [1152/2000] | Sampled: 2479.06 | Baseline: 796.75 | Improvement: -1682.31 | Win Rate: 0.00% | Actor Loss: -26.7960 | Entropy: 0.7709
Epoch [1153/2000] | Sampled: 1887.00 | Baseline: 606.62 | Improvement: -1280.38 | Win Rate: 0.00% | Actor Loss: -325.4191 | Entropy: 0.6237
Epoch [1154/2000] | Sampled: 2041.31 | Baseline: 647.56 | Improvement: -1393.75 | Win Rate: 0.00% | Actor Loss: 490.3895 | Entropy: 0.6536
Epoch [1155/2000] | Sampled: 2628.06 | Baseline: 835.56 | Improvement: -1792.50 | Win Rate: 0.00% | Actor Loss: -297.8228 | Entropy: 0.7767
Epoch [1156/2000] | Sampled: 1871.00 | Baseline: 599.81 | Improvement: -1271.19 | Win Rate: 0.00% | Actor Loss: 182.2481 | Entropy: 0.6017
Epoch [1157/2000] | Sampled: 2644.12 | Baseline: 839.00 | Improvement: -1805.12 | Win Rate: 0.00% | Actor Loss: -247.5937 | Entropy: 0.7790
Epoch [1158/2000] | Sampled: 2024.50 | Baseline: 651.00 | Improvement: -1373.50 | Win Rate: 0.00% | Actor Loss: 562.3515 | Entropy: 0.6368
Epoch [1159/2000] | Sampled: 2176.75 | Baseline: 698.56 | Improvement: -1478.19 | Win Rate: 0.00% | Actor Loss: -307.1961 | Entropy: 0.6742
Epoch [1160/2000] | Sampled: 2015.81 | Baseline: 651.19 | Improvement: -1364.62 | Win Rate: 0.00% | Actor Loss: -228.3167 | Entropy: 0.6517
Epoch [1161/2000] | Sampled: 2284.25 | Baseline: 717.88 | Improvement: -1566.38 | Win Rate: 0.00% | Actor Loss: -979.7339 | Entropy: 0.7186
Epoch [1162/2000] | Sampled: 2454.44 | Baseline: 787.62 | Improvement: -1666.81 | Win Rate: 0.00% | Actor Loss: -325.8597 | Entropy: 0.7754
Epoch [1163/2000] | Sampled: 2439.56 | Baseline: 774.25 | Improvement: -1665.31 | Win Rate: 0.00% | Actor Loss: -361.8449 | Entropy: 0.7308
Epoch [1164/2000] | Sampled: 2045.44 | Baseline: 658.31 | Improvement: -1387.12 | Win Rate: 0.00% | Actor Loss: -245.0587 | Entropy: 0.6097
Epoch [1165/2000] | Sampled: 2051.19 | Baseline: 659.00 | Improvement: -1392.19 | Win Rate: 0.00% | Actor Loss: 897.0061 | Entropy: 0.6427
Epoch [1166/2000] | Sampled: 2547.25 | Baseline: 802.69 | Improvement: -1744.56 | Win Rate: 0.00% | Actor Loss: 1544.0420 | Entropy: 0.7450
Epoch [1167/2000] | Sampled: 2439.19 | Baseline: 764.81 | Improvement: -1674.38 | Win Rate: 0.00% | Actor Loss: -217.9266 | Entropy: 0.7222
Epoch [1168/2000] | Sampled: 2121.88 | Baseline: 680.50 | Improvement: -1441.38 | Win Rate: 0.00% | Actor Loss: -338.8326 | Entropy: 0.6502
Epoch [1169/2000] | Sampled: 2552.25 | Baseline: 808.62 | Improvement: -1743.62 | Win Rate: 0.00% | Actor Loss: 1520.4239 | Entropy: 0.7501
Epoch [1170/2000] | Sampled: 2305.06 | Baseline: 743.75 | Improvement: -1561.31 | Win Rate: 0.00% | Actor Loss: -393.6103 | Entropy: 0.7182
Epoch [1171/2000] | Sampled: 2180.06 | Baseline: 691.38 | Improvement: -1488.69 | Win Rate: 0.00% | Actor Loss: -864.2658 | Entropy: 0.6520
Epoch [1172/2000] | Sampled: 2083.25 | Baseline: 658.00 | Improvement: -1425.25 | Win Rate: 0.00% | Actor Loss: 1537.2537 | Entropy: 0.6544
Epoch [1173/2000] | Sampled: 1604.31 | Baseline: 521.69 | Improvement: -1082.62 | Win Rate: 0.00% | Actor Loss: 8245.3445 | Entropy: 0.4836
Epoch [1174/2000] | Sampled: 2437.62 | Baseline: 772.94 | Improvement: -1664.69 | Win Rate: 0.00% | Actor Loss: 3651.6976 | Entropy: 0.7531
Epoch [1175/2000] | Sampled: 2147.25 | Baseline: 676.38 | Improvement: -1470.88 | Win Rate: 0.00% | Actor Loss: 6542.3146 | Entropy: 0.6940
Epoch [1176/2000] | Sampled: 1640.75 | Baseline: 523.19 | Improvement: -1117.56 | Win Rate: 0.00% | Actor Loss: 575.4582 | Entropy: 0.5291
Epoch [1177/2000] | Sampled: 2349.75 | Baseline: 750.88 | Improvement: -1598.88 | Win Rate: 0.00% | Actor Loss: -178.9468 | Entropy: 0.7106
Epoch [1178/2000] | Sampled: 2452.88 | Baseline: 783.56 | Improvement: -1669.31 | Win Rate: 0.00% | Actor Loss: 937.2069 | Entropy: 0.7907
Epoch [1179/2000] | Sampled: 1859.25 | Baseline: 590.94 | Improvement: -1268.31 | Win Rate: 0.00% | Actor Loss: 103.0840 | Entropy: 0.5915
Epoch [1180/2000] | Sampled: 2415.88 | Baseline: 765.69 | Improvement: -1650.19 | Win Rate: 0.00% | Actor Loss: 3262.5816 | Entropy: 0.7239
Epoch [1181/2000] | Sampled: 2456.12 | Baseline: 774.50 | Improvement: -1681.62 | Win Rate: 0.00% | Actor Loss: 1038.1496 | Entropy: 0.7708
Epoch [1182/2000] | Sampled: 2385.25 | Baseline: 765.69 | Improvement: -1619.56 | Win Rate: 0.00% | Actor Loss: 1490.7900 | Entropy: 0.7479
Epoch [1183/2000] | Sampled: 2544.81 | Baseline: 801.75 | Improvement: -1743.06 | Win Rate: 0.00% | Actor Loss: 1160.2852 | Entropy: 0.7678
Epoch [1184/2000] | Sampled: 2123.56 | Baseline: 678.38 | Improvement: -1445.19 | Win Rate: 0.00% | Actor Loss: 3006.0313 | Entropy: 0.6600
Epoch [1185/2000] | Sampled: 2676.81 | Baseline: 846.31 | Improvement: -1830.50 | Win Rate: 0.00% | Actor Loss: 4498.4539 | Entropy: 0.8319
Epoch [1186/2000] | Sampled: 2593.19 | Baseline: 814.69 | Improvement: -1778.50 | Win Rate: 0.00% | Actor Loss: 2524.6632 | Entropy: 0.7847
Epoch [1187/2000] | Sampled: 2183.06 | Baseline: 691.12 | Improvement: -1491.94 | Win Rate: 0.00% | Actor Loss: 1811.0395 | Entropy: 0.6785
Epoch [1188/2000] | Sampled: 2168.56 | Baseline: 686.56 | Improvement: -1482.00 | Win Rate: 0.00% | Actor Loss: 4063.8748 | Entropy: 0.6780
Epoch [1189/2000] | Sampled: 1756.94 | Baseline: 563.69 | Improvement: -1193.25 | Win Rate: 0.00% | Actor Loss: 1643.2517 | Entropy: 0.5392
Epoch [1190/2000] | Sampled: 2599.31 | Baseline: 827.50 | Improvement: -1771.81 | Win Rate: 0.00% | Actor Loss: 4924.4917 | Entropy: 0.7953
Epoch [1191/2000] | Sampled: 2027.31 | Baseline: 650.50 | Improvement: -1376.81 | Win Rate: 0.00% | Actor Loss: 1760.7957 | Entropy: 0.6027
Epoch [1192/2000] | Sampled: 1669.31 | Baseline: 533.94 | Improvement: -1135.38 | Win Rate: 0.00% | Actor Loss: 1814.2236 | Entropy: 0.5237
Epoch [1193/2000] | Sampled: 2199.44 | Baseline: 698.69 | Improvement: -1500.75 | Win Rate: 0.00% | Actor Loss: 2596.6158 | Entropy: 0.6563
Epoch [1194/2000] | Sampled: 2094.94 | Baseline: 676.31 | Improvement: -1418.62 | Win Rate: 0.00% | Actor Loss: 2633.3414 | Entropy: 0.6293
Epoch [1195/2000] | Sampled: 2127.19 | Baseline: 681.62 | Improvement: -1445.56 | Win Rate: 0.00% | Actor Loss: 1321.1902 | Entropy: 0.6532
Epoch [1196/2000] | Sampled: 2607.31 | Baseline: 838.50 | Improvement: -1768.81 | Win Rate: 0.00% | Actor Loss: 4069.2819 | Entropy: 0.7768
Epoch [1197/2000] | Sampled: 2018.94 | Baseline: 641.88 | Improvement: -1377.06 | Win Rate: 0.00% | Actor Loss: 2402.5453 | Entropy: 0.6305
Epoch [1198/2000] | Sampled: 1896.44 | Baseline: 611.38 | Improvement: -1285.06 | Win Rate: 0.00% | Actor Loss: 1818.0937 | Entropy: 0.5714
Epoch [1199/2000] | Sampled: 2257.81 | Baseline: 718.38 | Improvement: -1539.44 | Win Rate: 0.00% | Actor Loss: 1268.3450 | Entropy: 0.6633
Epoch [1200/2000] | Sampled: 2356.56 | Baseline: 755.50 | Improvement: -1601.06 | Win Rate: 0.00% | Actor Loss: 782.6825 | Entropy: 0.7123
   -> Saved updated training chart to /home/wei/AMR-DFJSP/Static_alogorithm/Attention/attention_training_metrics.png
Epoch [1201/2000] | Sampled: 2177.00 | Baseline: 696.25 | Improvement: -1480.75 | Win Rate: 0.00% | Actor Loss: -344.9257 | Entropy: 0.6362
Epoch [1202/2000] | Sampled: 2496.31 | Baseline: 784.44 | Improvement: -1711.88 | Win Rate: 0.00% | Actor Loss: -353.3429 | Entropy: 0.7465
Epoch [1203/2000] | Sampled: 2032.69 | Baseline: 646.75 | Improvement: -1385.94 | Win Rate: 0.00% | Actor Loss: 3055.2814 | Entropy: 0.5980
Epoch [1204/2000] | Sampled: 2958.50 | Baseline: 921.12 | Improvement: -2037.38 | Win Rate: 0.00% | Actor Loss: 2389.8045 | Entropy: 0.8488
Epoch [1205/2000] | Sampled: 2489.12 | Baseline: 800.38 | Improvement: -1688.75 | Win Rate: 0.00% | Actor Loss: -372.4124 | Entropy: 0.7063
Epoch [1206/2000] | Sampled: 1802.12 | Baseline: 578.81 | Improvement: -1223.31 | Win Rate: 0.00% | Actor Loss: 2488.3764 | Entropy: 0.5551
Epoch [1207/2000] | Sampled: 2612.69 | Baseline: 839.38 | Improvement: -1773.31 | Win Rate: 0.00% | Actor Loss: 332.4448 | Entropy: 0.7967
Epoch [1208/2000] | Sampled: 1944.94 | Baseline: 620.62 | Improvement: -1324.31 | Win Rate: 0.00% | Actor Loss: 1253.4216 | Entropy: 0.5960
Epoch [1209/2000] | Sampled: 2483.62 | Baseline: 796.06 | Improvement: -1687.56 | Win Rate: 0.00% | Actor Loss: -324.9044 | Entropy: 0.7469
Epoch [1210/2000] | Sampled: 1950.31 | Baseline: 616.25 | Improvement: -1334.06 | Win Rate: 0.00% | Actor Loss: 1007.7867 | Entropy: 0.5686
Epoch [1211/2000] | Sampled: 2102.81 | Baseline: 677.31 | Improvement: -1425.50 | Win Rate: 0.00% | Actor Loss: 533.0727 | Entropy: 0.6395
Epoch [1212/2000] | Sampled: 2349.44 | Baseline: 739.25 | Improvement: -1610.19 | Win Rate: 0.00% | Actor Loss: 1751.8898 | Entropy: 0.6965
Epoch [1213/2000] | Sampled: 2217.00 | Baseline: 702.56 | Improvement: -1514.44 | Win Rate: 0.00% | Actor Loss: 1236.2107 | Entropy: 0.6610
Epoch [1214/2000] | Sampled: 2654.75 | Baseline: 847.31 | Improvement: -1807.44 | Win Rate: 0.00% | Actor Loss: -369.4067 | Entropy: 0.7907
Epoch [1215/2000] | Sampled: 2366.44 | Baseline: 751.62 | Improvement: -1614.81 | Win Rate: 0.00% | Actor Loss: -292.8724 | Entropy: 0.6962
Epoch [1216/2000] | Sampled: 1565.06 | Baseline: 505.81 | Improvement: -1059.25 | Win Rate: 0.00% | Actor Loss: 744.9991 | Entropy: 0.4756
Epoch [1217/2000] | Sampled: 2555.69 | Baseline: 803.88 | Improvement: -1751.81 | Win Rate: 0.00% | Actor Loss: -119.1854 | Entropy: 0.7485
Epoch [1218/2000] | Sampled: 2370.75 | Baseline: 753.69 | Improvement: -1617.06 | Win Rate: 0.00% | Actor Loss: -184.8043 | Entropy: 0.6742
Epoch [1219/2000] | Sampled: 2032.94 | Baseline: 652.38 | Improvement: -1380.56 | Win Rate: 0.00% | Actor Loss: -166.5978 | Entropy: 0.6070
Epoch [1220/2000] | Sampled: 2821.00 | Baseline: 902.56 | Improvement: -1918.44 | Win Rate: 0.00% | Actor Loss: 1325.4546 | Entropy: 0.8522
Epoch [1221/2000] | Sampled: 2420.62 | Baseline: 764.06 | Improvement: -1656.56 | Win Rate: 0.00% | Actor Loss: -218.0780 | Entropy: 0.7359
Epoch [1222/2000] | Sampled: 1858.75 | Baseline: 590.88 | Improvement: -1267.88 | Win Rate: 0.00% | Actor Loss: -121.6827 | Entropy: 0.5920
Epoch [1223/2000] | Sampled: 2516.19 | Baseline: 790.56 | Improvement: -1725.62 | Win Rate: 0.00% | Actor Loss: -209.8286 | Entropy: 0.7539
Epoch [1224/2000] | Sampled: 2109.81 | Baseline: 678.31 | Improvement: -1431.50 | Win Rate: 0.00% | Actor Loss: 217.4030 | Entropy: 0.6516
Epoch [1225/2000] | Sampled: 2297.88 | Baseline: 730.94 | Improvement: -1566.94 | Win Rate: 0.00% | Actor Loss: -214.1187 | Entropy: 0.6829
Epoch [1226/2000] | Sampled: 2423.50 | Baseline: 776.75 | Improvement: -1646.75 | Win Rate: 0.00% | Actor Loss: -170.4072 | Entropy: 0.7224
Epoch [1227/2000] | Sampled: 1860.88 | Baseline: 595.88 | Improvement: -1265.00 | Win Rate: 0.00% | Actor Loss: -223.9898 | Entropy: 0.5590
Epoch [1228/2000] | Sampled: 2708.56 | Baseline: 870.94 | Improvement: -1837.62 | Win Rate: 0.00% | Actor Loss: -279.8681 | Entropy: 0.8195
Epoch [1229/2000] | Sampled: 1791.31 | Baseline: 573.88 | Improvement: -1217.44 | Win Rate: 0.00% | Actor Loss: -81.0866 | Entropy: 0.5426
Epoch [1230/2000] | Sampled: 2068.94 | Baseline: 663.38 | Improvement: -1405.56 | Win Rate: 0.00% | Actor Loss: -46.3359 | Entropy: 0.6491
Epoch [1231/2000] | Sampled: 2166.06 | Baseline: 690.62 | Improvement: -1475.44 | Win Rate: 0.00% | Actor Loss: -143.9458 | Entropy: 0.6423
Epoch [1232/2000] | Sampled: 2172.62 | Baseline: 687.00 | Improvement: -1485.62 | Win Rate: 0.00% | Actor Loss: -300.5637 | Entropy: 0.6475
Epoch [1233/2000] | Sampled: 1908.25 | Baseline: 613.44 | Improvement: -1294.81 | Win Rate: 0.00% | Actor Loss: 44.7393 | Entropy: 0.5557
Epoch [1234/2000] | Sampled: 2097.19 | Baseline: 663.00 | Improvement: -1434.19 | Win Rate: 0.00% | Actor Loss: -30.9436 | Entropy: 0.6028
Epoch [1235/2000] | Sampled: 2183.88 | Baseline: 706.00 | Improvement: -1477.88 | Win Rate: 0.00% | Actor Loss: -195.9376 | Entropy: 0.6195
Epoch [1236/2000] | Sampled: 2549.12 | Baseline: 803.38 | Improvement: -1745.75 | Win Rate: 0.00% | Actor Loss: -293.9244 | Entropy: 0.7109
Epoch [1237/2000] | Sampled: 2933.50 | Baseline: 918.75 | Improvement: -2014.75 | Win Rate: 0.00% | Actor Loss: -485.8056 | Entropy: 0.8305
Epoch [1238/2000] | Sampled: 2308.44 | Baseline: 737.19 | Improvement: -1571.25 | Win Rate: 0.00% | Actor Loss: -71.3742 | Entropy: 0.6722
Epoch [1239/2000] | Sampled: 2398.06 | Baseline: 762.81 | Improvement: -1635.25 | Win Rate: 0.00% | Actor Loss: -261.5186 | Entropy: 0.6773
Epoch [1240/2000] | Sampled: 2086.81 | Baseline: 668.19 | Improvement: -1418.62 | Win Rate: 0.00% | Actor Loss: -36.5006 | Entropy: 0.5909
Epoch [1241/2000] | Sampled: 2358.69 | Baseline: 761.44 | Improvement: -1597.25 | Win Rate: 0.00% | Actor Loss: 81.4882 | Entropy: 0.6937
Epoch [1242/2000] | Sampled: 2419.50 | Baseline: 775.81 | Improvement: -1643.69 | Win Rate: 0.00% | Actor Loss: 69.5759 | Entropy: 0.7237
Epoch [1243/2000] | Sampled: 2233.62 | Baseline: 706.56 | Improvement: -1527.06 | Win Rate: 0.00% | Actor Loss: -131.0377 | Entropy: 0.6436
Epoch [1244/2000] | Sampled: 1941.25 | Baseline: 624.88 | Improvement: -1316.38 | Win Rate: 0.00% | Actor Loss: 485.5071 | Entropy: 0.5392
Epoch [1245/2000] | Sampled: 1788.81 | Baseline: 580.38 | Improvement: -1208.44 | Win Rate: 0.00% | Actor Loss: 638.9188 | Entropy: 0.5198
Epoch [1246/2000] | Sampled: 1862.75 | Baseline: 597.00 | Improvement: -1265.75 | Win Rate: 0.00% | Actor Loss: -91.0940 | Entropy: 0.5451
Epoch [1247/2000] | Sampled: 2247.25 | Baseline: 715.56 | Improvement: -1531.69 | Win Rate: 0.00% | Actor Loss: -5.2258 | Entropy: 0.6323
Epoch [1248/2000] | Sampled: 2090.94 | Baseline: 669.00 | Improvement: -1421.94 | Win Rate: 0.00% | Actor Loss: 443.3776 | Entropy: 0.5878
Epoch [1249/2000] | Sampled: 2340.44 | Baseline: 745.62 | Improvement: -1594.81 | Win Rate: 0.00% | Actor Loss: -165.7743 | Entropy: 0.6585
Epoch [1250/2000] | Sampled: 2055.31 | Baseline: 656.88 | Improvement: -1398.44 | Win Rate: 0.00% | Actor Loss: 602.6585 | Entropy: 0.6193
Epoch [1251/2000] | Sampled: 2312.19 | Baseline: 739.25 | Improvement: -1572.94 | Win Rate: 0.00% | Actor Loss: -98.8050 | Entropy: 0.6883
Epoch [1252/2000] | Sampled: 2230.12 | Baseline: 702.88 | Improvement: -1527.25 | Win Rate: 0.00% | Actor Loss: 915.4288 | Entropy: 0.6279
Epoch [1253/2000] | Sampled: 2417.25 | Baseline: 764.94 | Improvement: -1652.31 | Win Rate: 0.00% | Actor Loss: -291.0093 | Entropy: 0.6477
Epoch [1254/2000] | Sampled: 2106.94 | Baseline: 670.81 | Improvement: -1436.12 | Win Rate: 0.00% | Actor Loss: -446.2501 | Entropy: 0.6003
Epoch [1255/2000] | Sampled: 2410.31 | Baseline: 759.88 | Improvement: -1650.44 | Win Rate: 0.00% | Actor Loss: -520.4405 | Entropy: 0.6780
Epoch [1256/2000] | Sampled: 2382.25 | Baseline: 750.56 | Improvement: -1631.69 | Win Rate: 0.00% | Actor Loss: -145.0185 | Entropy: 0.6412
Epoch [1257/2000] | Sampled: 2144.88 | Baseline: 695.06 | Improvement: -1449.81 | Win Rate: 0.00% | Actor Loss: -102.1886 | Entropy: 0.5918
Epoch [1258/2000] | Sampled: 1953.12 | Baseline: 613.69 | Improvement: -1339.44 | Win Rate: 0.00% | Actor Loss: 110.0220 | Entropy: 0.5490
Epoch [1259/2000] | Sampled: 2485.31 | Baseline: 785.88 | Improvement: -1699.44 | Win Rate: 0.00% | Actor Loss: -260.2877 | Entropy: 0.6867
Epoch [1260/2000] | Sampled: 2064.75 | Baseline: 660.00 | Improvement: -1404.75 | Win Rate: 0.00% | Actor Loss: -177.3714 | Entropy: 0.6151
Epoch [1261/2000] | Sampled: 2232.00 | Baseline: 702.81 | Improvement: -1529.19 | Win Rate: 0.00% | Actor Loss: -285.6397 | Entropy: 0.6279
Epoch [1262/2000] | Sampled: 2229.38 | Baseline: 706.12 | Improvement: -1523.25 | Win Rate: 0.00% | Actor Loss: -220.7370 | Entropy: 0.5815
Epoch [1263/2000] | Sampled: 2725.56 | Baseline: 864.31 | Improvement: -1861.25 | Win Rate: 0.00% | Actor Loss: -272.3521 | Entropy: 0.7859
Epoch [1264/2000] | Sampled: 2260.94 | Baseline: 720.69 | Improvement: -1540.25 | Win Rate: 0.00% | Actor Loss: 133.0108 | Entropy: 0.6493
Epoch [1265/2000] | Sampled: 2473.00 | Baseline: 790.25 | Improvement: -1682.75 | Win Rate: 0.00% | Actor Loss: -221.9561 | Entropy: 0.7519
Epoch [1266/2000] | Sampled: 1799.56 | Baseline: 573.44 | Improvement: -1226.12 | Win Rate: 0.00% | Actor Loss: 401.4395 | Entropy: 0.5485
Epoch [1267/2000] | Sampled: 2428.50 | Baseline: 785.25 | Improvement: -1643.25 | Win Rate: 0.00% | Actor Loss: -198.5557 | Entropy: 0.7443
Epoch [1268/2000] | Sampled: 1797.25 | Baseline: 577.56 | Improvement: -1219.69 | Win Rate: 0.00% | Actor Loss: -81.0361 | Entropy: 0.5007
Epoch [1269/2000] | Sampled: 2375.62 | Baseline: 745.94 | Improvement: -1629.69 | Win Rate: 0.00% | Actor Loss: -160.5156 | Entropy: 0.6629
Epoch [1270/2000] | Sampled: 2471.44 | Baseline: 784.06 | Improvement: -1687.38 | Win Rate: 0.00% | Actor Loss: 121.8761 | Entropy: 0.7288
Epoch [1271/2000] | Sampled: 2204.62 | Baseline: 693.31 | Improvement: -1511.31 | Win Rate: 0.00% | Actor Loss: -111.4258 | Entropy: 0.6749
Epoch [1272/2000] | Sampled: 2147.38 | Baseline: 683.69 | Improvement: -1463.69 | Win Rate: 0.00% | Actor Loss: 321.8208 | Entropy: 0.6424
Epoch [1273/2000] | Sampled: 1970.06 | Baseline: 632.81 | Improvement: -1337.25 | Win Rate: 0.00% | Actor Loss: 86.4061 | Entropy: 0.6071
Epoch [1274/2000] | Sampled: 2211.25 | Baseline: 706.50 | Improvement: -1504.75 | Win Rate: 0.00% | Actor Loss: -99.5804 | Entropy: 0.6520
Epoch [1275/2000] | Sampled: 2308.75 | Baseline: 728.12 | Improvement: -1580.62 | Win Rate: 0.00% | Actor Loss: -89.1313 | Entropy: 0.6800
Epoch [1276/2000] | Sampled: 1587.81 | Baseline: 508.06 | Improvement: -1079.75 | Win Rate: 0.00% | Actor Loss: 171.8437 | Entropy: 0.4244
Epoch [1277/2000] | Sampled: 1955.12 | Baseline: 621.50 | Improvement: -1333.62 | Win Rate: 0.00% | Actor Loss: -72.2039 | Entropy: 0.5688
Epoch [1278/2000] | Sampled: 2581.19 | Baseline: 822.25 | Improvement: -1758.94 | Win Rate: 0.00% | Actor Loss: 127.4306 | Entropy: 0.7600
Epoch [1279/2000] | Sampled: 2648.88 | Baseline: 832.00 | Improvement: -1816.88 | Win Rate: 0.00% | Actor Loss: -195.1829 | Entropy: 0.7985
Epoch [1280/2000] | Sampled: 2213.44 | Baseline: 700.38 | Improvement: -1513.06 | Win Rate: 0.00% | Actor Loss: -154.8063 | Entropy: 0.7019
Epoch [1281/2000] | Sampled: 1727.25 | Baseline: 553.94 | Improvement: -1173.31 | Win Rate: 0.00% | Actor Loss: 236.1507 | Entropy: 0.5241
Epoch [1282/2000] | Sampled: 2041.69 | Baseline: 655.94 | Improvement: -1385.75 | Win Rate: 0.00% | Actor Loss: 4.6131 | Entropy: 0.6202
Epoch [1283/2000] | Sampled: 2403.00 | Baseline: 762.19 | Improvement: -1640.81 | Win Rate: 0.00% | Actor Loss: -176.3277 | Entropy: 0.7159
Epoch [1284/2000] | Sampled: 2235.94 | Baseline: 707.75 | Improvement: -1528.19 | Win Rate: 0.00% | Actor Loss: 168.5620 | Entropy: 0.6699
Epoch [1285/2000] | Sampled: 2584.62 | Baseline: 806.69 | Improvement: -1777.94 | Win Rate: 0.00% | Actor Loss: -210.1100 | Entropy: 0.7744
Epoch [1286/2000] | Sampled: 2428.44 | Baseline: 777.38 | Improvement: -1651.06 | Win Rate: 0.00% | Actor Loss: -215.7509 | Entropy: 0.7452
Epoch [1287/2000] | Sampled: 2768.31 | Baseline: 876.25 | Improvement: -1892.06 | Win Rate: 0.00% | Actor Loss: -311.9743 | Entropy: 0.8583
Epoch [1288/2000] | Sampled: 2323.81 | Baseline: 738.56 | Improvement: -1585.25 | Win Rate: 0.00% | Actor Loss: 511.7638 | Entropy: 0.7236
Epoch [1289/2000] | Sampled: 2480.00 | Baseline: 785.25 | Improvement: -1694.75 | Win Rate: 0.00% | Actor Loss: -212.0319 | Entropy: 0.7652
Epoch [1290/2000] | Sampled: 2556.00 | Baseline: 812.38 | Improvement: -1743.62 | Win Rate: 0.00% | Actor Loss: -221.7223 | Entropy: 0.7624
Epoch [1291/2000] | Sampled: 2455.25 | Baseline: 782.69 | Improvement: -1672.56 | Win Rate: 0.00% | Actor Loss: -178.1205 | Entropy: 0.7970
Epoch [1292/2000] | Sampled: 2077.88 | Baseline: 669.75 | Improvement: -1408.12 | Win Rate: 0.00% | Actor Loss: -143.0239 | Entropy: 0.6241
Epoch [1293/2000] | Sampled: 2352.75 | Baseline: 743.31 | Improvement: -1609.44 | Win Rate: 0.00% | Actor Loss: -96.8637 | Entropy: 0.7386
Epoch [1294/2000] | Sampled: 2369.88 | Baseline: 748.31 | Improvement: -1621.56 | Win Rate: 0.00% | Actor Loss: -252.2342 | Entropy: 0.7250
Epoch [1295/2000] | Sampled: 2125.00 | Baseline: 687.12 | Improvement: -1437.88 | Win Rate: 0.00% | Actor Loss: 296.6060 | Entropy: 0.6983
Epoch [1296/2000] | Sampled: 2155.31 | Baseline: 675.12 | Improvement: -1480.19 | Win Rate: 0.00% | Actor Loss: 838.4968 | Entropy: 0.6602
Epoch [1297/2000] | Sampled: 2028.81 | Baseline: 649.38 | Improvement: -1379.44 | Win Rate: 0.00% | Actor Loss: -195.4541 | Entropy: 0.6620
Epoch [1298/2000] | Sampled: 2277.06 | Baseline: 713.50 | Improvement: -1563.56 | Win Rate: 0.00% | Actor Loss: 224.4908 | Entropy: 0.7029
Epoch [1299/2000] | Sampled: 2200.44 | Baseline: 710.25 | Improvement: -1490.19 | Win Rate: 0.00% | Actor Loss: -169.6177 | Entropy: 0.7551
Epoch [1300/2000] | Sampled: 2500.75 | Baseline: 800.88 | Improvement: -1699.88 | Win Rate: 0.00% | Actor Loss: -205.9669 | Entropy: 0.8170
   -> Saved updated training chart to /home/wei/AMR-DFJSP/Static_alogorithm/Attention/attention_training_metrics.png
Epoch [1301/2000] | Sampled: 2500.44 | Baseline: 787.38 | Improvement: -1713.06 | Win Rate: 0.00% | Actor Loss: -246.7282 | Entropy: 0.7817
Epoch [1302/2000] | Sampled: 2229.31 | Baseline: 706.06 | Improvement: -1523.25 | Win Rate: 0.00% | Actor Loss: -289.3716 | Entropy: 0.6986
Epoch [1303/2000] | Sampled: 2073.06 | Baseline: 660.06 | Improvement: -1413.00 | Win Rate: 0.00% | Actor Loss: 120.1477 | Entropy: 0.6675
Epoch [1304/2000] | Sampled: 2309.75 | Baseline: 741.00 | Improvement: -1568.75 | Win Rate: 0.00% | Actor Loss: -147.5290 | Entropy: 0.7640
Epoch [1305/2000] | Sampled: 2220.44 | Baseline: 708.75 | Improvement: -1511.69 | Win Rate: 0.00% | Actor Loss: 178.0787 | Entropy: 0.6808
Epoch [1306/2000] | Sampled: 2571.06 | Baseline: 810.25 | Improvement: -1760.81 | Win Rate: 0.00% | Actor Loss: -279.8756 | Entropy: 0.7815
Epoch [1307/2000] | Sampled: 2057.00 | Baseline: 653.31 | Improvement: -1403.69 | Win Rate: 0.00% | Actor Loss: 368.7332 | Entropy: 0.6426
Epoch [1308/2000] | Sampled: 2456.44 | Baseline: 789.06 | Improvement: -1667.38 | Win Rate: 0.00% | Actor Loss: -158.5510 | Entropy: 0.7251
Epoch [1309/2000] | Sampled: 2049.38 | Baseline: 654.81 | Improvement: -1394.56 | Win Rate: 0.00% | Actor Loss: 117.7814 | Entropy: 0.6375
Epoch [1310/2000] | Sampled: 2650.12 | Baseline: 854.75 | Improvement: -1795.38 | Win Rate: 0.00% | Actor Loss: -225.3594 | Entropy: 0.8342
Epoch [1311/2000] | Sampled: 2166.06 | Baseline: 695.25 | Improvement: -1470.81 | Win Rate: 0.00% | Actor Loss: -271.2094 | Entropy: 0.6433
Epoch [1312/2000] | Sampled: 2204.81 | Baseline: 707.12 | Improvement: -1497.69 | Win Rate: 0.00% | Actor Loss: -221.5762 | Entropy: 0.6890
Epoch [1313/2000] | Sampled: 2289.56 | Baseline: 736.06 | Improvement: -1553.50 | Win Rate: 0.00% | Actor Loss: -272.8711 | Entropy: 0.6796
Epoch [1314/2000] | Sampled: 2388.44 | Baseline: 768.00 | Improvement: -1620.44 | Win Rate: 0.00% | Actor Loss: -245.6328 | Entropy: 0.7399
Epoch [1315/2000] | Sampled: 1844.62 | Baseline: 591.06 | Improvement: -1253.56 | Win Rate: 0.00% | Actor Loss: 440.8730 | Entropy: 0.5811
Epoch [1316/2000] | Sampled: 2581.12 | Baseline: 825.75 | Improvement: -1755.38 | Win Rate: 0.00% | Actor Loss: -331.4310 | Entropy: 0.8340
Epoch [1317/2000] | Sampled: 2378.94 | Baseline: 748.94 | Improvement: -1630.00 | Win Rate: 0.00% | Actor Loss: -150.0435 | Entropy: 0.7611
Epoch [1318/2000] | Sampled: 2222.69 | Baseline: 709.81 | Improvement: -1512.88 | Win Rate: 0.00% | Actor Loss: 364.1260 | Entropy: 0.7194
Epoch [1319/2000] | Sampled: 2222.06 | Baseline: 717.31 | Improvement: -1504.75 | Win Rate: 0.00% | Actor Loss: 297.6936 | Entropy: 0.6564
Epoch [1320/2000] | Sampled: 2378.06 | Baseline: 763.81 | Improvement: -1614.25 | Win Rate: 0.00% | Actor Loss: -282.5875 | Entropy: 0.7396
Epoch [1321/2000] | Sampled: 2406.81 | Baseline: 764.06 | Improvement: -1642.75 | Win Rate: 0.00% | Actor Loss: -173.6994 | Entropy: 0.7244
Epoch [1322/2000] | Sampled: 2341.50 | Baseline: 748.00 | Improvement: -1593.50 | Win Rate: 0.00% | Actor Loss: -116.3440 | Entropy: 0.6848
Epoch [1323/2000] | Sampled: 2137.19 | Baseline: 681.25 | Improvement: -1455.94 | Win Rate: 0.00% | Actor Loss: 197.1646 | Entropy: 0.6506
Epoch [1324/2000] | Sampled: 1900.06 | Baseline: 602.12 | Improvement: -1297.94 | Win Rate: 0.00% | Actor Loss: -151.9015 | Entropy: 0.5867
Epoch [1325/2000] | Sampled: 2424.06 | Baseline: 765.56 | Improvement: -1658.50 | Win Rate: 0.00% | Actor Loss: -189.1463 | Entropy: 0.7203
Epoch [1326/2000] | Sampled: 2281.50 | Baseline: 722.88 | Improvement: -1558.62 | Win Rate: 0.00% | Actor Loss: -152.8334 | Entropy: 0.6757
Epoch [1327/2000] | Sampled: 2758.81 | Baseline: 877.44 | Improvement: -1881.38 | Win Rate: 0.00% | Actor Loss: -255.4313 | Entropy: 0.8210
Epoch [1328/2000] | Sampled: 2162.25 | Baseline: 681.00 | Improvement: -1481.25 | Win Rate: 0.00% | Actor Loss: 10.1291 | Entropy: 0.6727
Epoch [1329/2000] | Sampled: 2208.62 | Baseline: 704.12 | Improvement: -1504.50 | Win Rate: 0.00% | Actor Loss: 558.7329 | Entropy: 0.6755
Epoch [1330/2000] | Sampled: 2270.56 | Baseline: 724.12 | Improvement: -1546.44 | Win Rate: 0.00% | Actor Loss: -199.1744 | Entropy: 0.6953
Epoch [1331/2000] | Sampled: 2116.69 | Baseline: 684.81 | Improvement: -1431.88 | Win Rate: 0.00% | Actor Loss: -224.7271 | Entropy: 0.6110
Epoch [1332/2000] | Sampled: 2457.38 | Baseline: 776.31 | Improvement: -1681.06 | Win Rate: 0.00% | Actor Loss: -176.1851 | Entropy: 0.7183
Epoch [1333/2000] | Sampled: 2449.69 | Baseline: 778.75 | Improvement: -1670.94 | Win Rate: 0.00% | Actor Loss: -215.0603 | Entropy: 0.7424
Epoch [1334/2000] | Sampled: 1926.06 | Baseline: 610.19 | Improvement: -1315.88 | Win Rate: 0.00% | Actor Loss: -128.3267 | Entropy: 0.5844
Epoch [1335/2000] | Sampled: 2732.25 | Baseline: 866.44 | Improvement: -1865.81 | Win Rate: 0.00% | Actor Loss: -227.8106 | Entropy: 0.8234
Epoch [1336/2000] | Sampled: 2034.94 | Baseline: 652.50 | Improvement: -1382.44 | Win Rate: 0.00% | Actor Loss: 135.5817 | Entropy: 0.6000
Epoch [1337/2000] | Sampled: 2447.81 | Baseline: 771.50 | Improvement: -1676.31 | Win Rate: 0.00% | Actor Loss: 589.9635 | Entropy: 0.7786
Epoch [1338/2000] | Sampled: 2103.81 | Baseline: 661.00 | Improvement: -1442.81 | Win Rate: 0.00% | Actor Loss: -127.6971 | Entropy: 0.6320
Epoch [1339/2000] | Sampled: 2172.06 | Baseline: 692.44 | Improvement: -1479.62 | Win Rate: 0.00% | Actor Loss: -169.0387 | Entropy: 0.6524
Epoch [1340/2000] | Sampled: 2696.94 | Baseline: 861.25 | Improvement: -1835.69 | Win Rate: 0.00% | Actor Loss: -157.8802 | Entropy: 0.8243
Epoch [1341/2000] | Sampled: 1994.25 | Baseline: 633.25 | Improvement: -1361.00 | Win Rate: 0.00% | Actor Loss: 354.3388 | Entropy: 0.5985
Epoch [1342/2000] | Sampled: 2314.94 | Baseline: 725.81 | Improvement: -1589.12 | Win Rate: 0.00% | Actor Loss: -157.7490 | Entropy: 0.6925
Epoch [1343/2000] | Sampled: 1845.25 | Baseline: 589.31 | Improvement: -1255.94 | Win Rate: 0.00% | Actor Loss: -76.3690 | Entropy: 0.5577
Epoch [1344/2000] | Sampled: 2423.00 | Baseline: 762.88 | Improvement: -1660.12 | Win Rate: 0.00% | Actor Loss: -186.3003 | Entropy: 0.7239
Epoch [1345/2000] | Sampled: 2052.06 | Baseline: 651.62 | Improvement: -1400.44 | Win Rate: 0.00% | Actor Loss: -165.3722 | Entropy: 0.6429
Epoch [1346/2000] | Sampled: 2751.56 | Baseline: 870.00 | Improvement: -1881.56 | Win Rate: 0.00% | Actor Loss: 154.3774 | Entropy: 0.7990
Epoch [1347/2000] | Sampled: 2582.00 | Baseline: 822.81 | Improvement: -1759.19 | Win Rate: 0.00% | Actor Loss: 160.5851 | Entropy: 0.7772
Epoch [1348/2000] | Sampled: 2303.00 | Baseline: 736.00 | Improvement: -1567.00 | Win Rate: 0.00% | Actor Loss: -155.1220 | Entropy: 0.7048
Epoch [1349/2000] | Sampled: 1833.75 | Baseline: 595.12 | Improvement: -1238.62 | Win Rate: 0.00% | Actor Loss: -79.6310 | Entropy: 0.5575
Epoch [1350/2000] | Sampled: 2252.00 | Baseline: 719.69 | Improvement: -1532.31 | Win Rate: 0.00% | Actor Loss: -140.8013 | Entropy: 0.6608
Epoch [1351/2000] | Sampled: 2573.19 | Baseline: 822.19 | Improvement: -1751.00 | Win Rate: 0.00% | Actor Loss: -214.0170 | Entropy: 0.7744
Epoch [1352/2000] | Sampled: 1842.56 | Baseline: 590.75 | Improvement: -1251.81 | Win Rate: 0.00% | Actor Loss: 305.9072 | Entropy: 0.5435
Epoch [1353/2000] | Sampled: 1738.12 | Baseline: 552.25 | Improvement: -1185.88 | Win Rate: 0.00% | Actor Loss: -87.0411 | Entropy: 0.5183
Epoch [1354/2000] | Sampled: 2229.75 | Baseline: 712.69 | Improvement: -1517.06 | Win Rate: 0.00% | Actor Loss: -151.1520 | Entropy: 0.6821
Epoch [1355/2000] | Sampled: 2330.12 | Baseline: 746.12 | Improvement: -1584.00 | Win Rate: 0.00% | Actor Loss: -223.6285 | Entropy: 0.6894
Epoch [1356/2000] | Sampled: 2322.56 | Baseline: 740.00 | Improvement: -1582.56 | Win Rate: 0.00% | Actor Loss: -149.9452 | Entropy: 0.7120
Epoch [1357/2000] | Sampled: 2202.75 | Baseline: 703.00 | Improvement: -1499.75 | Win Rate: 0.00% | Actor Loss: 453.6851 | Entropy: 0.6971
Epoch [1358/2000] | Sampled: 2117.56 | Baseline: 676.62 | Improvement: -1440.94 | Win Rate: 0.00% | Actor Loss: 276.9160 | Entropy: 0.6557
Epoch [1359/2000] | Sampled: 2257.56 | Baseline: 717.75 | Improvement: -1539.81 | Win Rate: 0.00% | Actor Loss: 135.8082 | Entropy: 0.6854
Epoch [1360/2000] | Sampled: 2441.81 | Baseline: 777.88 | Improvement: -1663.94 | Win Rate: 0.00% | Actor Loss: -132.9195 | Entropy: 0.7489
Epoch [1361/2000] | Sampled: 2088.19 | Baseline: 670.38 | Improvement: -1417.81 | Win Rate: 0.00% | Actor Loss: -119.3444 | Entropy: 0.6420
Epoch [1362/2000] | Sampled: 2279.44 | Baseline: 721.25 | Improvement: -1558.19 | Win Rate: 0.00% | Actor Loss: -154.3038 | Entropy: 0.6897
Epoch [1363/2000] | Sampled: 2259.69 | Baseline: 721.19 | Improvement: -1538.50 | Win Rate: 0.00% | Actor Loss: -121.5466 | Entropy: 0.6567
Epoch [1364/2000] | Sampled: 2417.62 | Baseline: 778.00 | Improvement: -1639.62 | Win Rate: 0.00% | Actor Loss: -143.2498 | Entropy: 0.7395
Epoch [1365/2000] | Sampled: 2450.94 | Baseline: 776.81 | Improvement: -1674.12 | Win Rate: 0.00% | Actor Loss: 81.3656 | Entropy: 0.7064
Epoch [1366/2000] | Sampled: 2069.06 | Baseline: 660.06 | Improvement: -1409.00 | Win Rate: 0.00% | Actor Loss: 313.2791 | Entropy: 0.6251
Epoch [1367/2000] | Sampled: 2093.19 | Baseline: 673.50 | Improvement: -1419.69 | Win Rate: 0.00% | Actor Loss: -66.1538 | Entropy: 0.6573
Epoch [1368/2000] | Sampled: 2280.75 | Baseline: 721.50 | Improvement: -1559.25 | Win Rate: 0.00% | Actor Loss: -231.9518 | Entropy: 0.7092
Epoch [1369/2000] | Sampled: 2939.69 | Baseline: 935.94 | Improvement: -2003.75 | Win Rate: 0.00% | Actor Loss: -271.9491 | Entropy: 0.8625
Epoch [1370/2000] | Sampled: 2207.50 | Baseline: 708.00 | Improvement: -1499.50 | Win Rate: 0.00% | Actor Loss: 276.9855 | Entropy: 0.6674
Epoch [1371/2000] | Sampled: 2442.69 | Baseline: 776.56 | Improvement: -1666.12 | Win Rate: 0.00% | Actor Loss: -71.2738 | Entropy: 0.7302
Epoch [1372/2000] | Sampled: 1894.12 | Baseline: 605.94 | Improvement: -1288.19 | Win Rate: 0.00% | Actor Loss: -88.4696 | Entropy: 0.5712
Epoch [1373/2000] | Sampled: 1717.88 | Baseline: 549.62 | Improvement: -1168.25 | Win Rate: 0.00% | Actor Loss: -97.8597 | Entropy: 0.4960
Epoch [1374/2000] | Sampled: 2051.00 | Baseline: 654.88 | Improvement: -1396.12 | Win Rate: 0.00% | Actor Loss: -76.6651 | Entropy: 0.6027
Epoch [1375/2000] | Sampled: 1997.38 | Baseline: 650.31 | Improvement: -1347.06 | Win Rate: 0.00% | Actor Loss: -118.6165 | Entropy: 0.5853
Epoch [1376/2000] | Sampled: 2338.25 | Baseline: 740.31 | Improvement: -1597.94 | Win Rate: 0.00% | Actor Loss: 853.6228 | Entropy: 0.6633
Epoch [1377/2000] | Sampled: 2195.19 | Baseline: 695.19 | Improvement: -1500.00 | Win Rate: 0.00% | Actor Loss: 232.9503 | Entropy: 0.6219
Epoch [1378/2000] | Sampled: 2315.69 | Baseline: 739.38 | Improvement: -1576.31 | Win Rate: 0.00% | Actor Loss: 178.7753 | Entropy: 0.6841
Epoch [1379/2000] | Sampled: 2049.19 | Baseline: 648.56 | Improvement: -1400.62 | Win Rate: 0.00% | Actor Loss: 12.4276 | Entropy: 0.6339
Epoch [1380/2000] | Sampled: 2269.25 | Baseline: 717.06 | Improvement: -1552.19 | Win Rate: 0.00% | Actor Loss: 187.2940 | Entropy: 0.6682
Epoch [1381/2000] | Sampled: 2108.56 | Baseline: 676.19 | Improvement: -1432.38 | Win Rate: 0.00% | Actor Loss: 274.6950 | Entropy: 0.6582
Epoch [1382/2000] | Sampled: 2151.38 | Baseline: 690.75 | Improvement: -1460.62 | Win Rate: 0.00% | Actor Loss: -151.7465 | Entropy: 0.6531
Epoch [1383/2000] | Sampled: 1955.81 | Baseline: 632.44 | Improvement: -1323.38 | Win Rate: 0.00% | Actor Loss: 86.9243 | Entropy: 0.5868
Epoch [1384/2000] | Sampled: 2095.19 | Baseline: 670.31 | Improvement: -1424.88 | Win Rate: 0.00% | Actor Loss: -202.0300 | Entropy: 0.6343
Epoch [1385/2000] | Sampled: 1884.94 | Baseline: 594.50 | Improvement: -1290.44 | Win Rate: 0.00% | Actor Loss: 300.7104 | Entropy: 0.5819
Epoch [1386/2000] | Sampled: 1934.94 | Baseline: 620.31 | Improvement: -1314.62 | Win Rate: 0.00% | Actor Loss: 86.7195 | Entropy: 0.5931
Epoch [1387/2000] | Sampled: 2134.19 | Baseline: 685.50 | Improvement: -1448.69 | Win Rate: 0.00% | Actor Loss: -167.9283 | Entropy: 0.6768
Epoch [1388/2000] | Sampled: 2253.31 | Baseline: 724.44 | Improvement: -1528.88 | Win Rate: 0.00% | Actor Loss: -21.3100 | Entropy: 0.6838
Epoch [1389/2000] | Sampled: 2185.62 | Baseline: 698.94 | Improvement: -1486.69 | Win Rate: 0.00% | Actor Loss: 356.1171 | Entropy: 0.6944
Epoch [1390/2000] | Sampled: 2369.69 | Baseline: 753.00 | Improvement: -1616.69 | Win Rate: 0.00% | Actor Loss: -340.2424 | Entropy: 0.7097
Epoch [1391/2000] | Sampled: 2392.94 | Baseline: 767.44 | Improvement: -1625.50 | Win Rate: 0.00% | Actor Loss: 168.3262 | Entropy: 0.7481
Epoch [1392/2000] | Sampled: 2338.00 | Baseline: 733.12 | Improvement: -1604.88 | Win Rate: 0.00% | Actor Loss: 88.4259 | Entropy: 0.7214
Epoch [1393/2000] | Sampled: 1734.94 | Baseline: 562.12 | Improvement: -1172.81 | Win Rate: 0.00% | Actor Loss: 491.5082 | Entropy: 0.5738
Epoch [1394/2000] | Sampled: 2207.06 | Baseline: 709.25 | Improvement: -1497.81 | Win Rate: 0.00% | Actor Loss: -146.2435 | Entropy: 0.7161
Epoch [1395/2000] | Sampled: 2085.06 | Baseline: 676.25 | Improvement: -1408.81 | Win Rate: 0.00% | Actor Loss: -205.0496 | Entropy: 0.6608
Epoch [1396/2000] | Sampled: 1825.44 | Baseline: 577.56 | Improvement: -1247.88 | Win Rate: 0.00% | Actor Loss: -152.2159 | Entropy: 0.5802
Epoch [1397/2000] | Sampled: 1935.06 | Baseline: 622.69 | Improvement: -1312.38 | Win Rate: 0.00% | Actor Loss: 493.0099 | Entropy: 0.6425
Epoch [1398/2000] | Sampled: 2199.00 | Baseline: 704.69 | Improvement: -1494.31 | Win Rate: 0.00% | Actor Loss: -133.1866 | Entropy: 0.6809
Epoch [1399/2000] | Sampled: 2182.44 | Baseline: 701.06 | Improvement: -1481.38 | Win Rate: 0.00% | Actor Loss: 210.0308 | Entropy: 0.6931
Epoch [1400/2000] | Sampled: 2927.38 | Baseline: 924.19 | Improvement: -2003.19 | Win Rate: 0.00% | Actor Loss: -320.5065 | Entropy: 0.8928
   -> Saved updated training chart to /home/wei/AMR-DFJSP/Static_alogorithm/Attention/attention_training_metrics.png
Epoch [1401/2000] | Sampled: 2212.88 | Baseline: 704.12 | Improvement: -1508.75 | Win Rate: 0.00% | Actor Loss: -177.4814 | Entropy: 0.6933
Epoch [1402/2000] | Sampled: 2160.12 | Baseline: 692.56 | Improvement: -1467.56 | Win Rate: 0.00% | Actor Loss: 1261.8178 | Entropy: 0.6998
Epoch [1403/2000] | Sampled: 2343.25 | Baseline: 739.31 | Improvement: -1603.94 | Win Rate: 0.00% | Actor Loss: -207.1547 | Entropy: 0.7162
Epoch [1404/2000] | Sampled: 2084.25 | Baseline: 661.94 | Improvement: -1422.31 | Win Rate: 0.00% | Actor Loss: 278.0104 | Entropy: 0.6965
Epoch [1405/2000] | Sampled: 2465.38 | Baseline: 774.75 | Improvement: -1690.62 | Win Rate: 0.00% | Actor Loss: 104.9638 | Entropy: 0.8034
Epoch [1406/2000] | Sampled: 2414.06 | Baseline: 765.00 | Improvement: -1649.06 | Win Rate: 0.00% | Actor Loss: -284.1668 | Entropy: 0.7554
Epoch [1407/2000] | Sampled: 2041.25 | Baseline: 646.81 | Improvement: -1394.44 | Win Rate: 0.00% | Actor Loss: -105.6115 | Entropy: 0.6291
Epoch [1408/2000] | Sampled: 2287.12 | Baseline: 727.12 | Improvement: -1560.00 | Win Rate: 0.00% | Actor Loss: -198.3142 | Entropy: 0.7170
Epoch [1409/2000] | Sampled: 2554.44 | Baseline: 816.81 | Improvement: -1737.62 | Win Rate: 0.00% | Actor Loss: -276.5250 | Entropy: 0.7756
Epoch [1410/2000] | Sampled: 2423.00 | Baseline: 761.12 | Improvement: -1661.88 | Win Rate: 0.00% | Actor Loss: -81.3245 | Entropy: 0.7513
Epoch [1411/2000] | Sampled: 2032.19 | Baseline: 650.94 | Improvement: -1381.25 | Win Rate: 0.00% | Actor Loss: -120.3599 | Entropy: 0.6376
Epoch [1412/2000] | Sampled: 2573.12 | Baseline: 824.19 | Improvement: -1748.94 | Win Rate: 0.00% | Actor Loss: -258.6084 | Entropy: 0.8142
Epoch [1413/2000] | Sampled: 2094.94 | Baseline: 671.50 | Improvement: -1423.44 | Win Rate: 0.00% | Actor Loss: 256.5296 | Entropy: 0.6574
Epoch [1414/2000] | Sampled: 2370.06 | Baseline: 759.25 | Improvement: -1610.81 | Win Rate: 0.00% | Actor Loss: 272.7798 | Entropy: 0.7726
Epoch [1415/2000] | Sampled: 2365.94 | Baseline: 751.50 | Improvement: -1614.44 | Win Rate: 0.00% | Actor Loss: 137.2685 | Entropy: 0.7591
Epoch [1416/2000] | Sampled: 2425.12 | Baseline: 781.56 | Improvement: -1643.56 | Win Rate: 0.00% | Actor Loss: -300.6739 | Entropy: 0.7352
Epoch [1417/2000] | Sampled: 2539.94 | Baseline: 802.38 | Improvement: -1737.56 | Win Rate: 0.00% | Actor Loss: -129.9237 | Entropy: 0.8128
Epoch [1418/2000] | Sampled: 2194.56 | Baseline: 688.69 | Improvement: -1505.88 | Win Rate: 0.00% | Actor Loss: 164.1188 | Entropy: 0.6888
Epoch [1419/2000] | Sampled: 1984.50 | Baseline: 636.44 | Improvement: -1348.06 | Win Rate: 0.00% | Actor Loss: -127.5224 | Entropy: 0.6451
Epoch [1420/2000] | Sampled: 2558.44 | Baseline: 812.19 | Improvement: -1746.25 | Win Rate: 0.00% | Actor Loss: -210.5616 | Entropy: 0.7901
Epoch [1421/2000] | Sampled: 1959.19 | Baseline: 630.81 | Improvement: -1328.38 | Win Rate: 0.00% | Actor Loss: 434.5099 | Entropy: 0.6744
Epoch [1422/2000] | Sampled: 2030.62 | Baseline: 637.81 | Improvement: -1392.81 | Win Rate: 0.00% | Actor Loss: 25.1243 | Entropy: 0.6338
Epoch [1423/2000] | Sampled: 1846.44 | Baseline: 589.25 | Improvement: -1257.19 | Win Rate: 0.00% | Actor Loss: 394.6417 | Entropy: 0.6065
Epoch [1424/2000] | Sampled: 2007.19 | Baseline: 646.75 | Improvement: -1360.44 | Win Rate: 0.00% | Actor Loss: 992.9760 | Entropy: 0.6727
Epoch [1425/2000] | Sampled: 1951.19 | Baseline: 627.12 | Improvement: -1324.06 | Win Rate: 0.00% | Actor Loss: -160.0252 | Entropy: 0.6010
Epoch [1426/2000] | Sampled: 1952.69 | Baseline: 639.94 | Improvement: -1312.75 | Win Rate: 0.00% | Actor Loss: 479.5843 | Entropy: 0.6391
Epoch [1427/2000] | Sampled: 2073.69 | Baseline: 659.06 | Improvement: -1414.62 | Win Rate: 0.00% | Actor Loss: -240.7097 | Entropy: 0.6503
Epoch [1428/2000] | Sampled: 2278.94 | Baseline: 721.56 | Improvement: -1557.38 | Win Rate: 0.00% | Actor Loss: -294.7082 | Entropy: 0.7596
Epoch [1429/2000] | Sampled: 2541.06 | Baseline: 802.94 | Improvement: -1738.12 | Win Rate: 0.00% | Actor Loss: -350.4693 | Entropy: 0.8273
Epoch [1430/2000] | Sampled: 2256.00 | Baseline: 719.69 | Improvement: -1536.31 | Win Rate: 0.00% | Actor Loss: 727.0904 | Entropy: 0.7384
Epoch [1431/2000] | Sampled: 1883.31 | Baseline: 599.44 | Improvement: -1283.88 | Win Rate: 0.00% | Actor Loss: 33.2117 | Entropy: 0.6572
Epoch [1432/2000] | Sampled: 2178.88 | Baseline: 692.12 | Improvement: -1486.75 | Win Rate: 0.00% | Actor Loss: -241.6447 | Entropy: 0.7964
Epoch [1433/2000] | Sampled: 2131.94 | Baseline: 678.81 | Improvement: -1453.12 | Win Rate: 0.00% | Actor Loss: 1300.4436 | Entropy: 0.7336
Epoch [1434/2000] | Sampled: 2323.31 | Baseline: 749.81 | Improvement: -1573.50 | Win Rate: 0.00% | Actor Loss: -282.1184 | Entropy: 0.8044
Epoch [1435/2000] | Sampled: 2169.12 | Baseline: 697.50 | Improvement: -1471.62 | Win Rate: 0.00% | Actor Loss: 27.6136 | Entropy: 0.7798
Epoch [1436/2000] | Sampled: 2122.69 | Baseline: 683.38 | Improvement: -1439.31 | Win Rate: 0.00% | Actor Loss: 820.3372 | Entropy: 0.7632
Epoch [1437/2000] | Sampled: 2259.44 | Baseline: 719.00 | Improvement: -1540.44 | Win Rate: 0.00% | Actor Loss: -420.1730 | Entropy: 0.7309
Epoch [1438/2000] | Sampled: 2783.44 | Baseline: 876.44 | Improvement: -1907.00 | Win Rate: 0.00% | Actor Loss: -510.1709 | Entropy: 0.8900
Epoch [1439/2000] | Sampled: 2283.69 | Baseline: 723.94 | Improvement: -1559.75 | Win Rate: 0.00% | Actor Loss: 284.0968 | Entropy: 0.7585
Epoch [1440/2000] | Sampled: 1976.44 | Baseline: 628.62 | Improvement: -1347.81 | Win Rate: 0.00% | Actor Loss: 448.2549 | Entropy: 0.6730
Epoch [1441/2000] | Sampled: 2346.62 | Baseline: 751.12 | Improvement: -1595.50 | Win Rate: 0.00% | Actor Loss: 254.1826 | Entropy: 0.7656
Epoch [1442/2000] | Sampled: 2184.69 | Baseline: 694.81 | Improvement: -1489.88 | Win Rate: 0.00% | Actor Loss: 739.0318 | Entropy: 0.6971
Epoch [1443/2000] | Sampled: 2073.88 | Baseline: 663.50 | Improvement: -1410.38 | Win Rate: 0.00% | Actor Loss: -289.8619 | Entropy: 0.7663
Epoch [1444/2000] | Sampled: 2511.19 | Baseline: 784.56 | Improvement: -1726.62 | Win Rate: 0.00% | Actor Loss: -355.5716 | Entropy: 0.7923
Epoch [1445/2000] | Sampled: 2336.69 | Baseline: 731.12 | Improvement: -1605.56 | Win Rate: 0.00% | Actor Loss: 312.9099 | Entropy: 0.8159
Epoch [1446/2000] | Sampled: 1720.00 | Baseline: 551.25 | Improvement: -1168.75 | Win Rate: 0.00% | Actor Loss: 171.2525 | Entropy: 0.6009
Epoch [1447/2000] | Sampled: 1645.06 | Baseline: 525.50 | Improvement: -1119.56 | Win Rate: 0.00% | Actor Loss: -147.5053 | Entropy: 0.5696
Epoch [1448/2000] | Sampled: 2275.81 | Baseline: 726.00 | Improvement: -1549.81 | Win Rate: 0.00% | Actor Loss: 22.2827 | Entropy: 0.7554
Epoch [1449/2000] | Sampled: 2393.75 | Baseline: 753.56 | Improvement: -1640.19 | Win Rate: 0.00% | Actor Loss: -80.1326 | Entropy: 0.8183
Epoch [1450/2000] | Sampled: 2235.19 | Baseline: 706.81 | Improvement: -1528.38 | Win Rate: 0.00% | Actor Loss: -263.5285 | Entropy: 0.7762
Epoch [1451/2000] | Sampled: 1859.38 | Baseline: 602.50 | Improvement: -1256.88 | Win Rate: 0.00% | Actor Loss: 556.2366 | Entropy: 0.6601
Epoch [1452/2000] | Sampled: 2308.38 | Baseline: 738.25 | Improvement: -1570.12 | Win Rate: 0.00% | Actor Loss: -428.5161 | Entropy: 0.7875
Epoch [1453/2000] | Sampled: 2091.94 | Baseline: 667.06 | Improvement: -1424.88 | Win Rate: 0.00% | Actor Loss: 69.0436 | Entropy: 0.7713
Epoch [1454/2000] | Sampled: 1750.31 | Baseline: 559.38 | Improvement: -1190.94 | Win Rate: 0.00% | Actor Loss: 640.8592 | Entropy: 0.6203
Epoch [1455/2000] | Sampled: 2139.12 | Baseline: 670.62 | Improvement: -1468.50 | Win Rate: 0.00% | Actor Loss: -132.6694 | Entropy: 0.7272
Epoch [1456/2000] | Sampled: 2192.50 | Baseline: 701.31 | Improvement: -1491.19 | Win Rate: 0.00% | Actor Loss: -293.3113 | Entropy: 0.8302
Epoch [1457/2000] | Sampled: 2378.38 | Baseline: 746.44 | Improvement: -1631.94 | Win Rate: 0.00% | Actor Loss: 1266.7447 | Entropy: 0.8155
Epoch [1458/2000] | Sampled: 2422.81 | Baseline: 779.75 | Improvement: -1643.06 | Win Rate: 0.00% | Actor Loss: -302.1847 | Entropy: 0.8312
Epoch [1459/2000] | Sampled: 1689.38 | Baseline: 545.44 | Improvement: -1143.94 | Win Rate: 0.00% | Actor Loss: -68.7640 | Entropy: 0.6003
Epoch [1460/2000] | Sampled: 2234.25 | Baseline: 715.38 | Improvement: -1518.88 | Win Rate: 0.00% | Actor Loss: -302.1875 | Entropy: 0.7982
Epoch [1461/2000] | Sampled: 2441.12 | Baseline: 775.81 | Improvement: -1665.31 | Win Rate: 0.00% | Actor Loss: 615.4302 | Entropy: 0.8365
Epoch [1462/2000] | Sampled: 2317.25 | Baseline: 736.12 | Improvement: -1581.12 | Win Rate: 0.00% | Actor Loss: 1169.4513 | Entropy: 0.8097
Epoch [1463/2000] | Sampled: 1896.50 | Baseline: 613.31 | Improvement: -1283.19 | Win Rate: 0.00% | Actor Loss: -306.8650 | Entropy: 0.7134
Epoch [1464/2000] | Sampled: 2885.69 | Baseline: 920.56 | Improvement: -1965.12 | Win Rate: 0.00% | Actor Loss: -534.3848 | Entropy: 0.9639
Epoch [1465/2000] | Sampled: 2708.56 | Baseline: 869.06 | Improvement: -1839.50 | Win Rate: 0.00% | Actor Loss: -547.8999 | Entropy: 0.9589
Epoch [1466/2000] | Sampled: 1987.12 | Baseline: 634.25 | Improvement: -1352.88 | Win Rate: 0.00% | Actor Loss: -475.1975 | Entropy: 0.7328
Epoch [1467/2000] | Sampled: 2555.38 | Baseline: 824.25 | Improvement: -1731.12 | Win Rate: 0.00% | Actor Loss: -489.2456 | Entropy: 0.9492
Epoch [1468/2000] | Sampled: 2319.81 | Baseline: 745.19 | Improvement: -1574.62 | Win Rate: 0.00% | Actor Loss: 662.3691 | Entropy: 0.8385
Epoch [1469/2000] | Sampled: 2435.38 | Baseline: 777.12 | Improvement: -1658.25 | Win Rate: 0.00% | Actor Loss: -690.7599 | Entropy: 0.8997
Epoch [1470/2000] | Sampled: 2317.38 | Baseline: 737.94 | Improvement: -1579.44 | Win Rate: 0.00% | Actor Loss: -418.9218 | Entropy: 0.8200
Epoch [1471/2000] | Sampled: 2439.75 | Baseline: 766.25 | Improvement: -1673.50 | Win Rate: 0.00% | Actor Loss: -141.0493 | Entropy: 0.8723
Epoch [1472/2000] | Sampled: 2307.19 | Baseline: 747.75 | Improvement: -1559.44 | Win Rate: 0.00% | Actor Loss: -339.3689 | Entropy: 0.8970
Epoch [1473/2000] | Sampled: 2372.44 | Baseline: 755.25 | Improvement: -1617.19 | Win Rate: 0.00% | Actor Loss: -470.0472 | Entropy: 0.8780
Epoch [1474/2000] | Sampled: 1958.06 | Baseline: 624.75 | Improvement: -1333.31 | Win Rate: 0.00% | Actor Loss: 4599.9323 | Entropy: 0.7483
Epoch [1475/2000] | Sampled: 2140.81 | Baseline: 680.31 | Improvement: -1460.50 | Win Rate: 0.00% | Actor Loss: 1296.6973 | Entropy: 0.7911
Epoch [1476/2000] | Sampled: 2658.94 | Baseline: 836.19 | Improvement: -1822.75 | Win Rate: 0.00% | Actor Loss: -661.5408 | Entropy: 0.9653
Epoch [1477/2000] | Sampled: 2158.50 | Baseline: 687.62 | Improvement: -1470.88 | Win Rate: 0.00% | Actor Loss: 82.6452 | Entropy: 0.7786
Epoch [1478/2000] | Sampled: 2311.38 | Baseline: 738.31 | Improvement: -1573.06 | Win Rate: 0.00% | Actor Loss: -432.9468 | Entropy: 0.8511
Epoch [1479/2000] | Sampled: 1985.38 | Baseline: 645.56 | Improvement: -1339.81 | Win Rate: 0.00% | Actor Loss: 2634.7072 | Entropy: 0.7506
Epoch [1480/2000] | Sampled: 2037.12 | Baseline: 650.31 | Improvement: -1386.81 | Win Rate: 0.00% | Actor Loss: 1165.4919 | Entropy: 0.7983
Epoch [1481/2000] | Sampled: 2332.56 | Baseline: 747.06 | Improvement: -1585.50 | Win Rate: 0.00% | Actor Loss: -550.6985 | Entropy: 0.8969
Epoch [1482/2000] | Sampled: 2082.75 | Baseline: 666.56 | Improvement: -1416.19 | Win Rate: 0.00% | Actor Loss: -213.7036 | Entropy: 0.8114
Epoch [1483/2000] | Sampled: 2430.69 | Baseline: 784.00 | Improvement: -1646.69 | Win Rate: 0.00% | Actor Loss: 1851.9196 | Entropy: 0.9354
Epoch [1484/2000] | Sampled: 2821.88 | Baseline: 891.69 | Improvement: -1930.19 | Win Rate: 0.00% | Actor Loss: -642.8955 | Entropy: 1.0097
Epoch [1485/2000] | Sampled: 2321.00 | Baseline: 748.81 | Improvement: -1572.19 | Win Rate: 0.00% | Actor Loss: 3230.0799 | Entropy: 0.9023
Epoch [1486/2000] | Sampled: 2686.75 | Baseline: 842.75 | Improvement: -1844.00 | Win Rate: 0.00% | Actor Loss: -454.8459 | Entropy: 0.9915
Epoch [1487/2000] | Sampled: 2437.12 | Baseline: 771.62 | Improvement: -1665.50 | Win Rate: 0.00% | Actor Loss: 130.8590 | Entropy: 0.9202
Epoch [1488/2000] | Sampled: 2073.62 | Baseline: 660.12 | Improvement: -1413.50 | Win Rate: 0.00% | Actor Loss: 483.9730 | Entropy: 0.8261
Epoch [1489/2000] | Sampled: 2539.81 | Baseline: 813.00 | Improvement: -1726.81 | Win Rate: 0.00% | Actor Loss: -510.2957 | Entropy: 0.9606
Epoch [1490/2000] | Sampled: 2151.81 | Baseline: 678.44 | Improvement: -1473.38 | Win Rate: 0.00% | Actor Loss: 595.6325 | Entropy: 0.7907
Epoch [1491/2000] | Sampled: 1580.38 | Baseline: 503.44 | Improvement: -1076.94 | Win Rate: 0.00% | Actor Loss: 1154.7137 | Entropy: 0.5441
Epoch [1492/2000] | Sampled: 1874.75 | Baseline: 616.31 | Improvement: -1258.44 | Win Rate: 0.00% | Actor Loss: 1350.3778 | Entropy: 0.7792
Epoch [1493/2000] | Sampled: 2350.88 | Baseline: 748.62 | Improvement: -1602.25 | Win Rate: 0.00% | Actor Loss: 990.1465 | Entropy: 0.8840
Epoch [1494/2000] | Sampled: 1870.31 | Baseline: 599.88 | Improvement: -1270.44 | Win Rate: 0.00% | Actor Loss: 1012.3803 | Entropy: 0.6995
Epoch [1495/2000] | Sampled: 1583.38 | Baseline: 517.94 | Improvement: -1065.44 | Win Rate: 0.00% | Actor Loss: -158.4561 | Entropy: 0.5874
Epoch [1496/2000] | Sampled: 1706.88 | Baseline: 543.75 | Improvement: -1163.12 | Win Rate: 0.00% | Actor Loss: -230.7976 | Entropy: 0.6879
Epoch [1497/2000] | Sampled: 2348.81 | Baseline: 752.19 | Improvement: -1596.62 | Win Rate: 0.00% | Actor Loss: 129.7322 | Entropy: 0.9092
Epoch [1498/2000] | Sampled: 2487.38 | Baseline: 780.06 | Improvement: -1707.31 | Win Rate: 0.00% | Actor Loss: 781.5589 | Entropy: 0.9112
Epoch [1499/2000] | Sampled: 2807.25 | Baseline: 881.94 | Improvement: -1925.31 | Win Rate: 0.00% | Actor Loss: 1468.2051 | Entropy: 1.0477
Epoch [1500/2000] | Sampled: 2201.38 | Baseline: 709.69 | Improvement: -1491.69 | Win Rate: 0.00% | Actor Loss: 3581.9401 | Entropy: 0.8891
   -> Saved updated training chart to /home/wei/AMR-DFJSP/Static_alogorithm/Attention/attention_training_metrics.png
Epoch [1501/2000] | Sampled: 2197.62 | Baseline: 695.38 | Improvement: -1502.25 | Win Rate: 0.00% | Actor Loss: 1141.2482 | Entropy: 0.8031
Epoch [1502/2000] | Sampled: 2125.38 | Baseline: 677.25 | Improvement: -1448.12 | Win Rate: 0.00% | Actor Loss: -276.3826 | Entropy: 0.8426
Epoch [1503/2000] | Sampled: 2293.56 | Baseline: 736.62 | Improvement: -1556.94 | Win Rate: 0.00% | Actor Loss: 1304.7611 | Entropy: 0.8866
Epoch [1504/2000] | Sampled: 2423.69 | Baseline: 775.50 | Improvement: -1648.19 | Win Rate: 0.00% | Actor Loss: -417.0611 | Entropy: 0.9573
Epoch [1505/2000] | Sampled: 2251.75 | Baseline: 718.44 | Improvement: -1533.31 | Win Rate: 0.00% | Actor Loss: -325.8489 | Entropy: 0.8518
Epoch [1506/2000] | Sampled: 2037.62 | Baseline: 645.19 | Improvement: -1392.44 | Win Rate: 0.00% | Actor Loss: -408.9058 | Entropy: 0.7703
Epoch [1507/2000] | Sampled: 2191.31 | Baseline: 692.81 | Improvement: -1498.50 | Win Rate: 0.00% | Actor Loss: 7187.0656 | Entropy: 0.8356
Epoch [1508/2000] | Sampled: 1911.12 | Baseline: 615.38 | Improvement: -1295.75 | Win Rate: 0.00% | Actor Loss: 4584.4058 | Entropy: 0.7495
Epoch [1509/2000] | Sampled: 2116.56 | Baseline: 676.31 | Improvement: -1440.25 | Win Rate: 0.00% | Actor Loss: -538.0050 | Entropy: 0.8518
Epoch [1510/2000] | Sampled: 2750.31 | Baseline: 881.81 | Improvement: -1868.50 | Win Rate: 0.00% | Actor Loss: -653.8354 | Entropy: 1.0841
Epoch [1511/2000] | Sampled: 2829.62 | Baseline: 908.50 | Improvement: -1921.12 | Win Rate: 0.00% | Actor Loss: -837.3980 | Entropy: 1.0872
Epoch [1512/2000] | Sampled: 2437.81 | Baseline: 773.31 | Improvement: -1664.50 | Win Rate: 0.00% | Actor Loss: -459.8388 | Entropy: 0.9109
Epoch [1513/2000] | Sampled: 1977.06 | Baseline: 630.50 | Improvement: -1346.56 | Win Rate: 0.00% | Actor Loss: -269.1717 | Entropy: 0.8033
Epoch [1514/2000] | Sampled: 2459.00 | Baseline: 786.50 | Improvement: -1672.50 | Win Rate: 0.00% | Actor Loss: -531.7079 | Entropy: 0.9824
Epoch [1515/2000] | Sampled: 2042.44 | Baseline: 646.81 | Improvement: -1395.62 | Win Rate: 0.00% | Actor Loss: 1228.3150 | Entropy: 0.8700
Epoch [1516/2000] | Sampled: 2125.56 | Baseline: 692.94 | Improvement: -1432.62 | Win Rate: 0.00% | Actor Loss: 3520.1766 | Entropy: 0.8898
Epoch [1517/2000] | Sampled: 1855.25 | Baseline: 599.06 | Improvement: -1256.19 | Win Rate: 0.00% | Actor Loss: 2723.4088 | Entropy: 0.7934
Epoch [1518/2000] | Sampled: 2142.62 | Baseline: 687.19 | Improvement: -1455.44 | Win Rate: 0.00% | Actor Loss: 883.3418 | Entropy: 0.8796
Epoch [1519/2000] | Sampled: 2650.06 | Baseline: 841.88 | Improvement: -1808.19 | Win Rate: 0.00% | Actor Loss: 6185.0594 | Entropy: 1.0636
Epoch [1520/2000] | Sampled: 2484.06 | Baseline: 789.50 | Improvement: -1694.56 | Win Rate: 0.00% | Actor Loss: 3981.3467 | Entropy: 1.0436
Epoch [1521/2000] | Sampled: 2042.06 | Baseline: 650.00 | Improvement: -1392.06 | Win Rate: 0.00% | Actor Loss: 1998.8162 | Entropy: 0.8435
Epoch [1522/2000] | Sampled: 1882.31 | Baseline: 606.00 | Improvement: -1276.31 | Win Rate: 0.00% | Actor Loss: 13076.0298 | Entropy: 0.8016
Epoch [1523/2000] | Sampled: 1995.38 | Baseline: 634.00 | Improvement: -1361.38 | Win Rate: 0.00% | Actor Loss: 11631.2968 | Entropy: 0.8471
Epoch [1524/2000] | Sampled: 2164.56 | Baseline: 697.94 | Improvement: -1466.62 | Win Rate: 0.00% | Actor Loss: 1328.2988 | Entropy: 0.9294
Epoch [1525/2000] | Sampled: 2635.44 | Baseline: 836.38 | Improvement: -1799.06 | Win Rate: 0.00% | Actor Loss: 1929.5144 | Entropy: 1.1043
Epoch [1526/2000] | Sampled: 1762.06 | Baseline: 568.19 | Improvement: -1193.88 | Win Rate: 0.00% | Actor Loss: 957.4364 | Entropy: 0.7760
Epoch [1527/2000] | Sampled: 1911.81 | Baseline: 604.94 | Improvement: -1306.88 | Win Rate: 0.00% | Actor Loss: 8952.1804 | Entropy: 0.7915
Epoch [1528/2000] | Sampled: 1757.94 | Baseline: 567.50 | Improvement: -1190.44 | Win Rate: 0.00% | Actor Loss: 4963.4969 | Entropy: 0.7622
Epoch [1529/2000] | Sampled: 2706.00 | Baseline: 850.88 | Improvement: -1855.12 | Win Rate: 0.00% | Actor Loss: 2783.1916 | Entropy: 1.1439
Epoch [1530/2000] | Sampled: 2216.25 | Baseline: 710.50 | Improvement: -1505.75 | Win Rate: 0.00% | Actor Loss: 7564.2741 | Entropy: 0.9767
Epoch [1531/2000] | Sampled: 2305.25 | Baseline: 734.44 | Improvement: -1570.81 | Win Rate: 0.00% | Actor Loss: 8750.0659 | Entropy: 1.0211
Epoch [1532/2000] | Sampled: 2271.25 | Baseline: 726.81 | Improvement: -1544.44 | Win Rate: 0.00% | Actor Loss: 8671.5059 | Entropy: 0.9907
Epoch [1533/2000] | Sampled: 2264.50 | Baseline: 716.88 | Improvement: -1547.62 | Win Rate: 0.00% | Actor Loss: 5936.5621 | Entropy: 0.9367
Epoch [1534/2000] | Sampled: 1923.94 | Baseline: 617.69 | Improvement: -1306.25 | Win Rate: 0.00% | Actor Loss: 6473.7574 | Entropy: 0.8490
Epoch [1535/2000] | Sampled: 2306.19 | Baseline: 736.38 | Improvement: -1569.81 | Win Rate: 0.00% | Actor Loss: 3195.7464 | Entropy: 1.0178
Epoch [1536/2000] | Sampled: 2602.25 | Baseline: 835.81 | Improvement: -1766.44 | Win Rate: 0.00% | Actor Loss: 4561.4720 | Entropy: 1.0718
Epoch [1537/2000] | Sampled: 2283.62 | Baseline: 726.75 | Improvement: -1556.88 | Win Rate: 0.00% | Actor Loss: 5336.1152 | Entropy: 1.0003
Epoch [1538/2000] | Sampled: 2038.75 | Baseline: 657.69 | Improvement: -1381.06 | Win Rate: 0.00% | Actor Loss: 4722.4664 | Entropy: 0.9382
Epoch [1539/2000] | Sampled: 1954.06 | Baseline: 631.69 | Improvement: -1322.38 | Win Rate: 0.00% | Actor Loss: 2753.8831 | Entropy: 0.9159
Epoch [1540/2000] | Sampled: 2551.31 | Baseline: 815.56 | Improvement: -1735.75 | Win Rate: 0.00% | Actor Loss: 11422.3769 | Entropy: 1.1116
Epoch [1541/2000] | Sampled: 2091.94 | Baseline: 665.56 | Improvement: -1426.38 | Win Rate: 0.00% | Actor Loss: 9300.7155 | Entropy: 0.9213
Epoch [1542/2000] | Sampled: 2170.81 | Baseline: 692.31 | Improvement: -1478.50 | Win Rate: 0.00% | Actor Loss: 2910.8821 | Entropy: 1.0214
Epoch [1543/2000] | Sampled: 2391.38 | Baseline: 761.69 | Improvement: -1629.69 | Win Rate: 0.00% | Actor Loss: 10603.3683 | Entropy: 1.0517
Epoch [1544/2000] | Sampled: 2219.56 | Baseline: 707.00 | Improvement: -1512.56 | Win Rate: 0.00% | Actor Loss: 4556.3594 | Entropy: 1.0177
Epoch [1545/2000] | Sampled: 2029.38 | Baseline: 656.12 | Improvement: -1373.25 | Win Rate: 0.00% | Actor Loss: 30358.2438 | Entropy: 0.9144
Epoch [1546/2000] | Sampled: 2385.94 | Baseline: 763.31 | Improvement: -1622.62 | Win Rate: 0.00% | Actor Loss: 5879.7174 | Entropy: 1.1029
Epoch [1547/2000] | Sampled: 2399.19 | Baseline: 760.62 | Improvement: -1638.56 | Win Rate: 0.00% | Actor Loss: 2145.6874 | Entropy: 1.1093
Epoch [1548/2000] | Sampled: 2619.31 | Baseline: 832.06 | Improvement: -1787.25 | Win Rate: 0.00% | Actor Loss: 5730.1706 | Entropy: 1.2133
Epoch [1549/2000] | Sampled: 2193.38 | Baseline: 705.25 | Improvement: -1488.12 | Win Rate: 0.00% | Actor Loss: 3216.9072 | Entropy: 0.9650
Epoch [1550/2000] | Sampled: 2304.25 | Baseline: 736.75 | Improvement: -1567.50 | Win Rate: 0.00% | Actor Loss: 3069.4812 | Entropy: 1.0395
Epoch [1551/2000] | Sampled: 2182.19 | Baseline: 690.94 | Improvement: -1491.25 | Win Rate: 0.00% | Actor Loss: 8923.2947 | Entropy: 0.9821
Epoch [1552/2000] | Sampled: 2348.06 | Baseline: 734.88 | Improvement: -1613.19 | Win Rate: 0.00% | Actor Loss: 13658.7715 | Entropy: 1.0824
Epoch [1553/2000] | Sampled: 1696.31 | Baseline: 541.94 | Improvement: -1154.38 | Win Rate: 0.00% | Actor Loss: 12013.1523 | Entropy: 0.8183
Epoch [1554/2000] | Sampled: 2304.19 | Baseline: 736.12 | Improvement: -1568.06 | Win Rate: 0.00% | Actor Loss: 15759.8670 | Entropy: 1.0649
Epoch [1555/2000] | Sampled: 2632.62 | Baseline: 830.19 | Improvement: -1802.44 | Win Rate: 0.00% | Actor Loss: 8784.3110 | Entropy: 1.1242
Epoch [1556/2000] | Sampled: 2227.62 | Baseline: 704.50 | Improvement: -1523.12 | Win Rate: 0.00% | Actor Loss: 2268.1104 | Entropy: 1.0403
Epoch [1557/2000] | Sampled: 2515.06 | Baseline: 808.69 | Improvement: -1706.38 | Win Rate: 0.00% | Actor Loss: 3150.1283 | Entropy: 1.1485
Epoch [1558/2000] | Sampled: 1637.12 | Baseline: 523.62 | Improvement: -1113.50 | Win Rate: 0.00% | Actor Loss: 16596.5598 | Entropy: 0.7669
Epoch [1559/2000] | Sampled: 2510.19 | Baseline: 808.50 | Improvement: -1701.69 | Win Rate: 0.00% | Actor Loss: 9852.5424 | Entropy: 1.1910
Epoch [1560/2000] | Sampled: 2308.12 | Baseline: 735.44 | Improvement: -1572.69 | Win Rate: 0.00% | Actor Loss: 6115.6472 | Entropy: 1.0713
Epoch [1561/2000] | Sampled: 1789.06 | Baseline: 576.00 | Improvement: -1213.06 | Win Rate: 0.00% | Actor Loss: 3785.2751 | Entropy: 0.8817
Epoch [1562/2000] | Sampled: 2171.88 | Baseline: 696.44 | Improvement: -1475.44 | Win Rate: 0.00% | Actor Loss: 1697.8332 | Entropy: 0.9933
Epoch [1563/2000] | Sampled: 2210.69 | Baseline: 709.12 | Improvement: -1501.56 | Win Rate: 0.00% | Actor Loss: 10499.3991 | Entropy: 1.0614
Epoch [1564/2000] | Sampled: 2545.56 | Baseline: 808.38 | Improvement: -1737.19 | Win Rate: 0.00% | Actor Loss: 3274.5762 | Entropy: 1.1701
Epoch [1565/2000] | Sampled: 1774.75 | Baseline: 566.19 | Improvement: -1208.56 | Win Rate: 0.00% | Actor Loss: 5992.4852 | Entropy: 0.7853
Epoch [1566/2000] | Sampled: 2375.88 | Baseline: 755.12 | Improvement: -1620.75 | Win Rate: 0.00% | Actor Loss: 3325.4822 | Entropy: 1.1016
Epoch [1567/2000] | Sampled: 2333.81 | Baseline: 740.44 | Improvement: -1593.38 | Win Rate: 0.00% | Actor Loss: 2433.1616 | Entropy: 1.0797
Epoch [1568/2000] | Sampled: 1922.50 | Baseline: 617.19 | Improvement: -1305.31 | Win Rate: 0.00% | Actor Loss: 3728.5509 | Entropy: 0.8968
Epoch [1569/2000] | Sampled: 2492.56 | Baseline: 800.38 | Improvement: -1692.19 | Win Rate: 0.00% | Actor Loss: 10736.2042 | Entropy: 1.0783
Epoch [1570/2000] | Sampled: 2079.62 | Baseline: 665.62 | Improvement: -1414.00 | Win Rate: 0.00% | Actor Loss: 6001.8993 | Entropy: 0.9834
Epoch [1571/2000] | Sampled: 2264.69 | Baseline: 718.00 | Improvement: -1546.69 | Win Rate: 0.00% | Actor Loss: 2745.7258 | Entropy: 1.0884
Epoch [1572/2000] | Sampled: 2137.69 | Baseline: 679.00 | Improvement: -1458.69 | Win Rate: 0.00% | Actor Loss: 4440.8076 | Entropy: 0.9788
Epoch [1573/2000] | Sampled: 2130.06 | Baseline: 683.44 | Improvement: -1446.62 | Win Rate: 0.00% | Actor Loss: 2482.4850 | Entropy: 0.9738
Epoch [1574/2000] | Sampled: 2228.88 | Baseline: 716.56 | Improvement: -1512.31 | Win Rate: 0.00% | Actor Loss: 1999.2833 | Entropy: 1.0327
Epoch [1575/2000] | Sampled: 2280.50 | Baseline: 722.56 | Improvement: -1557.94 | Win Rate: 0.00% | Actor Loss: 2044.4362 | Entropy: 1.0583
Epoch [1576/2000] | Sampled: 2687.31 | Baseline: 849.12 | Improvement: -1838.19 | Win Rate: 0.00% | Actor Loss: 4120.9597 | Entropy: 1.2181
Epoch [1577/2000] | Sampled: 2617.00 | Baseline: 827.06 | Improvement: -1789.94 | Win Rate: 0.00% | Actor Loss: 1758.3484 | Entropy: 1.1261
Epoch [1578/2000] | Sampled: 2730.19 | Baseline: 869.31 | Improvement: -1860.88 | Win Rate: 0.00% | Actor Loss: 4728.1972 | Entropy: 1.2889
Epoch [1579/2000] | Sampled: 2232.25 | Baseline: 714.25 | Improvement: -1518.00 | Win Rate: 0.00% | Actor Loss: -294.1890 | Entropy: 1.0396
Epoch [1580/2000] | Sampled: 2287.88 | Baseline: 727.62 | Improvement: -1560.25 | Win Rate: 0.00% | Actor Loss: 487.3344 | Entropy: 1.1019
Epoch [1581/2000] | Sampled: 2075.25 | Baseline: 666.38 | Improvement: -1408.88 | Win Rate: 0.00% | Actor Loss: 2857.1262 | Entropy: 0.9746
Epoch [1582/2000] | Sampled: 1942.81 | Baseline: 632.62 | Improvement: -1310.19 | Win Rate: 0.00% | Actor Loss: 6070.6074 | Entropy: 0.9700
Epoch [1583/2000] | Sampled: 2204.69 | Baseline: 707.69 | Improvement: -1497.00 | Win Rate: 0.00% | Actor Loss: 168.3228 | Entropy: 1.0101
Epoch [1584/2000] | Sampled: 2872.19 | Baseline: 898.12 | Improvement: -1974.06 | Win Rate: 0.00% | Actor Loss: -816.2404 | Entropy: 1.2739
Epoch [1585/2000] | Sampled: 2300.31 | Baseline: 742.12 | Improvement: -1558.19 | Win Rate: 0.00% | Actor Loss: -1106.4118 | Entropy: 1.0942
Epoch [1586/2000] | Sampled: 1971.50 | Baseline: 623.56 | Improvement: -1347.94 | Win Rate: 0.00% | Actor Loss: -773.2953 | Entropy: 0.9207
Epoch [1587/2000] | Sampled: 1652.31 | Baseline: 527.44 | Improvement: -1124.88 | Win Rate: 0.00% | Actor Loss: -268.1120 | Entropy: 0.8271
Epoch [1588/2000] | Sampled: 2691.38 | Baseline: 853.19 | Improvement: -1838.19 | Win Rate: 0.00% | Actor Loss: -1690.1033 | Entropy: 1.2035
Epoch [1589/2000] | Sampled: 2507.38 | Baseline: 807.88 | Improvement: -1699.50 | Win Rate: 0.00% | Actor Loss: -1333.0841 | Entropy: 1.0973
Epoch [1590/2000] | Sampled: 2322.94 | Baseline: 736.19 | Improvement: -1586.75 | Win Rate: 0.00% | Actor Loss: -1393.3219 | Entropy: 1.1009
Epoch [1591/2000] | Sampled: 2804.19 | Baseline: 890.81 | Improvement: -1913.38 | Win Rate: 0.00% | Actor Loss: -986.4175 | Entropy: 1.2422
Epoch [1592/2000] | Sampled: 1880.50 | Baseline: 607.50 | Improvement: -1273.00 | Win Rate: 0.00% | Actor Loss: 3022.2740 | Entropy: 0.9130
Epoch [1593/2000] | Sampled: 2470.56 | Baseline: 782.56 | Improvement: -1688.00 | Win Rate: 0.00% | Actor Loss: -1145.8518 | Entropy: 1.1151
Epoch [1594/2000] | Sampled: 2485.50 | Baseline: 801.25 | Improvement: -1684.25 | Win Rate: 0.00% | Actor Loss: 2760.6340 | Entropy: 1.1371
Epoch [1595/2000] | Sampled: 2513.69 | Baseline: 793.50 | Improvement: -1720.19 | Win Rate: 0.00% | Actor Loss: 1263.8094 | Entropy: 1.0706
Epoch [1596/2000] | Sampled: 1916.31 | Baseline: 618.88 | Improvement: -1297.44 | Win Rate: 0.00% | Actor Loss: 1229.7255 | Entropy: 0.9575
Epoch [1597/2000] | Sampled: 2082.62 | Baseline: 664.06 | Improvement: -1418.56 | Win Rate: 0.00% | Actor Loss: 3035.4532 | Entropy: 0.9567
Epoch [1598/2000] | Sampled: 1779.81 | Baseline: 568.94 | Improvement: -1210.88 | Win Rate: 0.00% | Actor Loss: 2443.8738 | Entropy: 0.8529
Epoch [1599/2000] | Sampled: 2549.12 | Baseline: 804.38 | Improvement: -1744.75 | Win Rate: 0.00% | Actor Loss: 4002.9438 | Entropy: 1.0974
Epoch [1600/2000] | Sampled: 2333.44 | Baseline: 747.69 | Improvement: -1585.75 | Win Rate: 0.00% | Actor Loss: -499.7411 | Entropy: 1.0442
   -> Saved updated training chart to /home/wei/AMR-DFJSP/Static_alogorithm/Attention/attention_training_metrics.png
Epoch [1601/2000] | Sampled: 2389.88 | Baseline: 767.19 | Improvement: -1622.69 | Win Rate: 0.00% | Actor Loss: 4147.4599 | Entropy: 1.0758
Epoch [1602/2000] | Sampled: 2259.75 | Baseline: 718.06 | Improvement: -1541.69 | Win Rate: 0.00% | Actor Loss: -176.0851 | Entropy: 1.0393
Epoch [1603/2000] | Sampled: 2575.19 | Baseline: 813.94 | Improvement: -1761.25 | Win Rate: 0.00% | Actor Loss: 10952.6495 | Entropy: 1.1088
Epoch [1604/2000] | Sampled: 2689.31 | Baseline: 857.38 | Improvement: -1831.94 | Win Rate: 0.00% | Actor Loss: 2547.9856 | Entropy: 1.1854
Epoch [1605/2000] | Sampled: 2160.38 | Baseline: 689.50 | Improvement: -1470.88 | Win Rate: 0.00% | Actor Loss: 2828.9753 | Entropy: 0.9995
Epoch [1606/2000] | Sampled: 1981.12 | Baseline: 628.69 | Improvement: -1352.44 | Win Rate: 0.00% | Actor Loss: 6281.6765 | Entropy: 0.9877
Epoch [1607/2000] | Sampled: 1779.69 | Baseline: 579.81 | Improvement: -1199.88 | Win Rate: 0.00% | Actor Loss: 8414.2670 | Entropy: 0.8963
Epoch [1608/2000] | Sampled: 2219.44 | Baseline: 704.06 | Improvement: -1515.38 | Win Rate: 0.00% | Actor Loss: 8929.7291 | Entropy: 1.0390
Epoch [1609/2000] | Sampled: 2206.12 | Baseline: 711.25 | Improvement: -1494.88 | Win Rate: 0.00% | Actor Loss: 3272.2531 | Entropy: 1.0089
Epoch [1610/2000] | Sampled: 1978.00 | Baseline: 635.88 | Improvement: -1342.12 | Win Rate: 0.00% | Actor Loss: 15528.6383 | Entropy: 0.9333
Epoch [1611/2000] | Sampled: 2080.94 | Baseline: 662.88 | Improvement: -1418.06 | Win Rate: 0.00% | Actor Loss: 13557.7452 | Entropy: 0.9602
Epoch [1612/2000] | Sampled: 1987.00 | Baseline: 652.44 | Improvement: -1334.56 | Win Rate: 0.00% | Actor Loss: 15968.7468 | Entropy: 0.9867
Epoch [1613/2000] | Sampled: 1570.12 | Baseline: 504.88 | Improvement: -1065.25 | Win Rate: 0.00% | Actor Loss: 5286.0236 | Entropy: 0.7810
Epoch [1614/2000] | Sampled: 2440.19 | Baseline: 785.38 | Improvement: -1654.81 | Win Rate: 0.00% | Actor Loss: 5399.3226 | Entropy: 1.1483
Epoch [1615/2000] | Sampled: 2358.75 | Baseline: 746.62 | Improvement: -1612.12 | Win Rate: 0.00% | Actor Loss: 681.0060 | Entropy: 1.1176
Epoch [1616/2000] | Sampled: 2844.50 | Baseline: 891.38 | Improvement: -1953.12 | Win Rate: 0.00% | Actor Loss: 618.7888 | Entropy: 1.2653
Epoch [1617/2000] | Sampled: 2345.50 | Baseline: 745.75 | Improvement: -1599.75 | Win Rate: 0.00% | Actor Loss: 4727.0468 | Entropy: 1.0928
Epoch [1618/2000] | Sampled: 2350.38 | Baseline: 758.38 | Improvement: -1592.00 | Win Rate: 0.00% | Actor Loss: 13662.1998 | Entropy: 1.0247
Epoch [1619/2000] | Sampled: 2677.69 | Baseline: 851.38 | Improvement: -1826.31 | Win Rate: 0.00% | Actor Loss: 2484.2368 | Entropy: 1.1927
Epoch [1620/2000] | Sampled: 2314.31 | Baseline: 745.44 | Improvement: -1568.88 | Win Rate: 0.00% | Actor Loss: 631.6048 | Entropy: 1.0338
Epoch [1621/2000] | Sampled: 2490.94 | Baseline: 799.50 | Improvement: -1691.44 | Win Rate: 0.00% | Actor Loss: 6310.8508 | Entropy: 1.0909
Epoch [1622/2000] | Sampled: 2736.25 | Baseline: 877.88 | Improvement: -1858.38 | Win Rate: 0.00% | Actor Loss: 17099.5313 | Entropy: 1.1830
Epoch [1623/2000] | Sampled: 2143.06 | Baseline: 680.44 | Improvement: -1462.62 | Win Rate: 0.00% | Actor Loss: 8918.6855 | Entropy: 0.9446
Epoch [1624/2000] | Sampled: 2211.12 | Baseline: 708.25 | Improvement: -1502.88 | Win Rate: 0.00% | Actor Loss: 2018.3542 | Entropy: 1.0538
Epoch [1625/2000] | Sampled: 1875.12 | Baseline: 605.44 | Improvement: -1269.69 | Win Rate: 0.00% | Actor Loss: 15148.2313 | Entropy: 0.9654
Epoch [1626/2000] | Sampled: 1665.81 | Baseline: 537.69 | Improvement: -1128.12 | Win Rate: 0.00% | Actor Loss: 14415.7508 | Entropy: 0.8306
Epoch [1627/2000] | Sampled: 2171.44 | Baseline: 700.50 | Improvement: -1470.94 | Win Rate: 0.00% | Actor Loss: 14556.5845 | Entropy: 1.0361
Epoch [1628/2000] | Sampled: 2039.12 | Baseline: 649.88 | Improvement: -1389.25 | Win Rate: 0.00% | Actor Loss: 3260.0117 | Entropy: 0.9298
Epoch [1629/2000] | Sampled: 2191.19 | Baseline: 694.62 | Improvement: -1496.56 | Win Rate: 0.00% | Actor Loss: 7486.3319 | Entropy: 1.0333
Epoch [1630/2000] | Sampled: 2204.44 | Baseline: 706.81 | Improvement: -1497.62 | Win Rate: 0.00% | Actor Loss: 6694.4218 | Entropy: 1.0288
Epoch [1631/2000] | Sampled: 1992.38 | Baseline: 627.94 | Improvement: -1364.44 | Win Rate: 0.00% | Actor Loss: 23368.4400 | Entropy: 0.9271
Epoch [1632/2000] | Sampled: 2526.94 | Baseline: 807.19 | Improvement: -1719.75 | Win Rate: 0.00% | Actor Loss: 14526.4360 | Entropy: 1.1690
Epoch [1633/2000] | Sampled: 1791.44 | Baseline: 579.00 | Improvement: -1212.44 | Win Rate: 0.00% | Actor Loss: 14771.8511 | Entropy: 0.9472
Epoch [1634/2000] | Sampled: 2019.19 | Baseline: 650.69 | Improvement: -1368.50 | Win Rate: 0.00% | Actor Loss: 13120.1554 | Entropy: 0.9676
Epoch [1635/2000] | Sampled: 2182.19 | Baseline: 704.19 | Improvement: -1478.00 | Win Rate: 0.00% | Actor Loss: 22586.3311 | Entropy: 1.0511
Epoch [1636/2000] | Sampled: 2315.31 | Baseline: 731.75 | Improvement: -1583.56 | Win Rate: 0.00% | Actor Loss: 12876.0823 | Entropy: 1.0652
Epoch [1637/2000] | Sampled: 2406.50 | Baseline: 767.50 | Improvement: -1639.00 | Win Rate: 0.00% | Actor Loss: 4995.3563 | Entropy: 1.1564
Epoch [1638/2000] | Sampled: 2300.06 | Baseline: 734.44 | Improvement: -1565.62 | Win Rate: 0.00% | Actor Loss: 11037.0744 | Entropy: 1.0577
Epoch [1639/2000] | Sampled: 2170.31 | Baseline: 693.00 | Improvement: -1477.31 | Win Rate: 0.00% | Actor Loss: 5002.0342 | Entropy: 0.9977
Epoch [1640/2000] | Sampled: 2378.56 | Baseline: 762.12 | Improvement: -1616.44 | Win Rate: 0.00% | Actor Loss: 11417.7034 | Entropy: 1.1745
Epoch [1641/2000] | Sampled: 2390.75 | Baseline: 754.81 | Improvement: -1635.94 | Win Rate: 0.00% | Actor Loss: 7180.7162 | Entropy: 1.1015
Epoch [1642/2000] | Sampled: 1856.62 | Baseline: 596.38 | Improvement: -1260.25 | Win Rate: 0.00% | Actor Loss: 18049.1828 | Entropy: 0.8433
Epoch [1643/2000] | Sampled: 2187.19 | Baseline: 700.06 | Improvement: -1487.12 | Win Rate: 0.00% | Actor Loss: 8187.2570 | Entropy: 1.0220
Epoch [1644/2000] | Sampled: 2422.44 | Baseline: 775.00 | Improvement: -1647.44 | Win Rate: 0.00% | Actor Loss: 5099.1557 | Entropy: 1.1478
Epoch [1645/2000] | Sampled: 2439.44 | Baseline: 781.06 | Improvement: -1658.38 | Win Rate: 0.00% | Actor Loss: 6129.8573 | Entropy: 1.1381
Epoch [1646/2000] | Sampled: 1715.06 | Baseline: 553.88 | Improvement: -1161.19 | Win Rate: 0.00% | Actor Loss: 17186.8328 | Entropy: 0.8971
Epoch [1647/2000] | Sampled: 2338.81 | Baseline: 752.69 | Improvement: -1586.12 | Win Rate: 0.00% | Actor Loss: 6460.0868 | Entropy: 1.0370
Epoch [1648/2000] | Sampled: 2188.06 | Baseline: 708.12 | Improvement: -1479.94 | Win Rate: 0.00% | Actor Loss: 9262.7121 | Entropy: 1.0594
Epoch [1649/2000] | Sampled: 2040.00 | Baseline: 657.56 | Improvement: -1382.44 | Win Rate: 0.00% | Actor Loss: 5102.1134 | Entropy: 1.0086
Epoch [1650/2000] | Sampled: 2955.81 | Baseline: 930.88 | Improvement: -2024.94 | Win Rate: 0.00% | Actor Loss: 285.1123 | Entropy: 1.2338
Epoch [1651/2000] | Sampled: 1952.94 | Baseline: 619.19 | Improvement: -1333.75 | Win Rate: 0.00% | Actor Loss: 8454.3058 | Entropy: 0.7630
Epoch [1652/2000] | Sampled: 2371.81 | Baseline: 761.44 | Improvement: -1610.38 | Win Rate: 0.00% | Actor Loss: 1899.6015 | Entropy: 0.8925
Epoch [1653/2000] | Sampled: 2610.12 | Baseline: 816.12 | Improvement: -1794.00 | Win Rate: 0.00% | Actor Loss: -2096.2616 | Entropy: 0.9833
Epoch [1654/2000] | Sampled: 2120.50 | Baseline: 674.38 | Improvement: -1446.12 | Win Rate: 0.00% | Actor Loss: 1574.4546 | Entropy: 0.8433
Epoch [1655/2000] | Sampled: 1674.31 | Baseline: 533.31 | Improvement: -1141.00 | Win Rate: 0.00% | Actor Loss: 5497.7848 | Entropy: 0.6869
Epoch [1656/2000] | Sampled: 2226.25 | Baseline: 719.44 | Improvement: -1506.81 | Win Rate: 0.00% | Actor Loss: 14623.1655 | Entropy: 0.9180
Epoch [1657/2000] | Sampled: 1724.56 | Baseline: 548.94 | Improvement: -1175.62 | Win Rate: 0.00% | Actor Loss: 26338.7687 | Entropy: 0.7341
Epoch [1658/2000] | Sampled: 1961.56 | Baseline: 624.56 | Improvement: -1337.00 | Win Rate: 0.00% | Actor Loss: 9945.7284 | Entropy: 0.7978
Epoch [1659/2000] | Sampled: 1987.12 | Baseline: 635.69 | Improvement: -1351.44 | Win Rate: 0.00% | Actor Loss: 12499.2790 | Entropy: 0.7925
Epoch [1660/2000] | Sampled: 2481.38 | Baseline: 781.06 | Improvement: -1700.31 | Win Rate: 0.00% | Actor Loss: 4633.0032 | Entropy: 1.1667
Epoch [1661/2000] | Sampled: 2490.88 | Baseline: 785.56 | Improvement: -1705.31 | Win Rate: 0.00% | Actor Loss: 11203.1848 | Entropy: 1.2333
Epoch [1662/2000] | Sampled: 2042.56 | Baseline: 644.44 | Improvement: -1398.12 | Win Rate: 0.00% | Actor Loss: 2245.7237 | Entropy: 1.0042
Epoch [1663/2000] | Sampled: 2397.69 | Baseline: 778.06 | Improvement: -1619.62 | Win Rate: 0.00% | Actor Loss: 12791.6763 | Entropy: 1.1864
Epoch [1664/2000] | Sampled: 2169.25 | Baseline: 691.19 | Improvement: -1478.06 | Win Rate: 0.00% | Actor Loss: 18960.7393 | Entropy: 1.0691
Epoch [1665/2000] | Sampled: 2092.56 | Baseline: 664.75 | Improvement: -1427.81 | Win Rate: 0.00% | Actor Loss: 6552.1249 | Entropy: 1.0275
Epoch [1666/2000] | Sampled: 2406.19 | Baseline: 767.81 | Improvement: -1638.38 | Win Rate: 0.00% | Actor Loss: 2071.5537 | Entropy: 1.1831
Epoch [1667/2000] | Sampled: 2692.06 | Baseline: 852.81 | Improvement: -1839.25 | Win Rate: 0.00% | Actor Loss: 12642.5221 | Entropy: 1.1954
Epoch [1668/2000] | Sampled: 2172.81 | Baseline: 692.62 | Improvement: -1480.19 | Win Rate: 0.00% | Actor Loss: 7567.7097 | Entropy: 1.0394
Epoch [1669/2000] | Sampled: 2062.62 | Baseline: 664.25 | Improvement: -1398.38 | Win Rate: 0.00% | Actor Loss: 9639.5723 | Entropy: 1.0299
Epoch [1670/2000] | Sampled: 2539.56 | Baseline: 818.62 | Improvement: -1720.94 | Win Rate: 0.00% | Actor Loss: 19074.8223 | Entropy: 1.2543
Epoch [1671/2000] | Sampled: 2611.69 | Baseline: 818.62 | Improvement: -1793.06 | Win Rate: 0.00% | Actor Loss: 9682.8317 | Entropy: 1.2035
Epoch [1672/2000] | Sampled: 2392.25 | Baseline: 770.00 | Improvement: -1622.25 | Win Rate: 0.00% | Actor Loss: 6897.0342 | Entropy: 1.1828
Epoch [1673/2000] | Sampled: 2210.75 | Baseline: 707.56 | Improvement: -1503.19 | Win Rate: 0.00% | Actor Loss: 22473.2220 | Entropy: 1.0615
Epoch [1674/2000] | Sampled: 1991.94 | Baseline: 637.19 | Improvement: -1354.75 | Win Rate: 0.00% | Actor Loss: 11368.9735 | Entropy: 0.9990
Epoch [1675/2000] | Sampled: 2787.31 | Baseline: 893.88 | Improvement: -1893.44 | Win Rate: 0.00% | Actor Loss: 12605.6189 | Entropy: 1.2886
Epoch [1676/2000] | Sampled: 1942.06 | Baseline: 621.50 | Improvement: -1320.56 | Win Rate: 0.00% | Actor Loss: 31281.3700 | Entropy: 0.9470
Epoch [1677/2000] | Sampled: 1530.25 | Baseline: 495.62 | Improvement: -1034.62 | Win Rate: 0.00% | Actor Loss: 75476.7833 | Entropy: 0.7884
Epoch [1678/2000] | Sampled: 2030.31 | Baseline: 651.06 | Improvement: -1379.25 | Win Rate: 0.00% | Actor Loss: 20195.0428 | Entropy: 1.0379
Epoch [1679/2000] | Sampled: 1784.00 | Baseline: 580.31 | Improvement: -1203.69 | Win Rate: 0.00% | Actor Loss: 31991.4355 | Entropy: 0.9039
Epoch [1680/2000] | Sampled: 2477.88 | Baseline: 782.00 | Improvement: -1695.88 | Win Rate: 0.00% | Actor Loss: 6306.1414 | Entropy: 1.1599
Epoch [1681/2000] | Sampled: 2234.12 | Baseline: 715.69 | Improvement: -1518.44 | Win Rate: 0.00% | Actor Loss: 38137.1791 | Entropy: 1.1022
Epoch [1682/2000] | Sampled: 2553.44 | Baseline: 822.00 | Improvement: -1731.44 | Win Rate: 0.00% | Actor Loss: 17193.4511 | Entropy: 1.2039
Epoch [1683/2000] | Sampled: 2247.06 | Baseline: 710.44 | Improvement: -1536.62 | Win Rate: 0.00% | Actor Loss: 10614.7063 | Entropy: 1.0893
Epoch [1684/2000] | Sampled: 2165.31 | Baseline: 699.19 | Improvement: -1466.12 | Win Rate: 0.00% | Actor Loss: 23859.3596 | Entropy: 1.1189
Epoch [1685/2000] | Sampled: 1985.31 | Baseline: 636.38 | Improvement: -1348.94 | Win Rate: 0.00% | Actor Loss: 10663.4339 | Entropy: 0.9788
Epoch [1686/2000] | Sampled: 2380.75 | Baseline: 747.75 | Improvement: -1633.00 | Win Rate: 0.00% | Actor Loss: 897.9827 | Entropy: 1.1329
Epoch [1687/2000] | Sampled: 2018.56 | Baseline: 642.88 | Improvement: -1375.69 | Win Rate: 0.00% | Actor Loss: 19908.4396 | Entropy: 1.0013
Epoch [1688/2000] | Sampled: 1851.44 | Baseline: 592.44 | Improvement: -1259.00 | Win Rate: 0.00% | Actor Loss: 21140.3367 | Entropy: 0.8980
Epoch [1689/2000] | Sampled: 1815.31 | Baseline: 577.44 | Improvement: -1237.88 | Win Rate: 0.00% | Actor Loss: 49490.3303 | Entropy: 0.9412
Epoch [1690/2000] | Sampled: 2149.88 | Baseline: 686.06 | Improvement: -1463.81 | Win Rate: 0.00% | Actor Loss: 3784.7828 | Entropy: 0.9745
Epoch [1691/2000] | Sampled: 2414.00 | Baseline: 771.81 | Improvement: -1642.19 | Win Rate: 0.00% | Actor Loss: 22970.0524 | Entropy: 1.1827
Epoch [1692/2000] | Sampled: 1874.50 | Baseline: 606.25 | Improvement: -1268.25 | Win Rate: 0.00% | Actor Loss: 23203.7518 | Entropy: 0.9536
Epoch [1693/2000] | Sampled: 2005.88 | Baseline: 646.38 | Improvement: -1359.50 | Win Rate: 0.00% | Actor Loss: 19450.9358 | Entropy: 0.9933
Epoch [1694/2000] | Sampled: 2144.75 | Baseline: 685.44 | Improvement: -1459.31 | Win Rate: 0.00% | Actor Loss: 13232.3102 | Entropy: 1.0561
Epoch [1695/2000] | Sampled: 1681.56 | Baseline: 533.56 | Improvement: -1148.00 | Win Rate: 0.00% | Actor Loss: 15031.6045 | Entropy: 0.8795
Epoch [1696/2000] | Sampled: 2115.62 | Baseline: 673.00 | Improvement: -1442.62 | Win Rate: 0.00% | Actor Loss: 6103.0206 | Entropy: 1.0833
Epoch [1697/2000] | Sampled: 2068.94 | Baseline: 662.81 | Improvement: -1406.12 | Win Rate: 0.00% | Actor Loss: 2418.9198 | Entropy: 1.0479
Epoch [1698/2000] | Sampled: 2066.31 | Baseline: 665.75 | Improvement: -1400.56 | Win Rate: 0.00% | Actor Loss: 13068.4193 | Entropy: 1.0503
Epoch [1699/2000] | Sampled: 2174.44 | Baseline: 693.81 | Improvement: -1480.62 | Win Rate: 0.00% | Actor Loss: 1862.3938 | Entropy: 0.9735
Epoch [1700/2000] | Sampled: 1687.12 | Baseline: 538.62 | Improvement: -1148.50 | Win Rate: 0.00% | Actor Loss: 9769.1946 | Entropy: 0.8274
   -> Saved updated training chart to /home/wei/AMR-DFJSP/Static_alogorithm/Attention/attention_training_metrics.png
Epoch [1701/2000] | Sampled: 1568.88 | Baseline: 506.50 | Improvement: -1062.38 | Win Rate: 0.00% | Actor Loss: 43208.4094 | Entropy: 0.7791
Epoch [1702/2000] | Sampled: 2380.62 | Baseline: 749.69 | Improvement: -1630.94 | Win Rate: 0.00% | Actor Loss: 10556.3733 | Entropy: 1.1287
Epoch [1703/2000] | Sampled: 2678.19 | Baseline: 835.94 | Improvement: -1842.25 | Win Rate: 0.00% | Actor Loss: -589.4664 | Entropy: 1.2171
Epoch [1704/2000] | Sampled: 2511.19 | Baseline: 796.06 | Improvement: -1715.12 | Win Rate: 0.00% | Actor Loss: 17636.7231 | Entropy: 1.1746
Epoch [1705/2000] | Sampled: 2027.50 | Baseline: 649.25 | Improvement: -1378.25 | Win Rate: 0.00% | Actor Loss: 3580.3207 | Entropy: 0.9614
Epoch [1706/2000] | Sampled: 2549.94 | Baseline: 813.12 | Improvement: -1736.81 | Win Rate: 0.00% | Actor Loss: 12103.2495 | Entropy: 1.1909
Epoch [1707/2000] | Sampled: 1901.25 | Baseline: 609.56 | Improvement: -1291.69 | Win Rate: 0.00% | Actor Loss: 11492.4772 | Entropy: 0.9694
Epoch [1708/2000] | Sampled: 2364.31 | Baseline: 743.94 | Improvement: -1620.38 | Win Rate: 0.00% | Actor Loss: 14035.5738 | Entropy: 1.0783
Epoch [1709/2000] | Sampled: 1960.75 | Baseline: 631.25 | Improvement: -1329.50 | Win Rate: 0.00% | Actor Loss: 22528.4674 | Entropy: 0.9497
Epoch [1710/2000] | Sampled: 2061.00 | Baseline: 669.19 | Improvement: -1391.81 | Win Rate: 0.00% | Actor Loss: 20472.7319 | Entropy: 1.0190
Epoch [1711/2000] | Sampled: 2316.88 | Baseline: 738.69 | Improvement: -1578.19 | Win Rate: 0.00% | Actor Loss: 40643.8013 | Entropy: 1.1391
Epoch [1712/2000] | Sampled: 2344.75 | Baseline: 751.25 | Improvement: -1593.50 | Win Rate: 0.00% | Actor Loss: 9019.4745 | Entropy: 1.0980
Epoch [1713/2000] | Sampled: 2444.88 | Baseline: 768.44 | Improvement: -1676.44 | Win Rate: 0.00% | Actor Loss: 25523.6199 | Entropy: 1.1441
Epoch [1714/2000] | Sampled: 2167.50 | Baseline: 697.19 | Improvement: -1470.31 | Win Rate: 0.00% | Actor Loss: 43910.9376 | Entropy: 1.0798
Epoch [1715/2000] | Sampled: 2229.00 | Baseline: 706.50 | Improvement: -1522.50 | Win Rate: 0.00% | Actor Loss: 36173.0437 | Entropy: 1.0739
Epoch [1716/2000] | Sampled: 2247.94 | Baseline: 709.88 | Improvement: -1538.06 | Win Rate: 0.00% | Actor Loss: 32534.2322 | Entropy: 1.0662
Epoch [1717/2000] | Sampled: 2267.38 | Baseline: 722.31 | Improvement: -1545.06 | Win Rate: 0.00% | Actor Loss: 3718.4800 | Entropy: 1.0129
Epoch [1718/2000] | Sampled: 1772.56 | Baseline: 565.06 | Improvement: -1207.50 | Win Rate: 0.00% | Actor Loss: 14968.4667 | Entropy: 0.8992
Epoch [1719/2000] | Sampled: 2400.50 | Baseline: 770.19 | Improvement: -1630.31 | Win Rate: 0.00% | Actor Loss: 1877.9730 | Entropy: 1.1225
Epoch [1720/2000] | Sampled: 1765.50 | Baseline: 580.75 | Improvement: -1184.75 | Win Rate: 0.00% | Actor Loss: 30456.3119 | Entropy: 0.9082
Epoch [1721/2000] | Sampled: 2129.94 | Baseline: 676.06 | Improvement: -1453.88 | Win Rate: 0.00% | Actor Loss: 22812.2612 | Entropy: 0.9955
Epoch [1722/2000] | Sampled: 2124.88 | Baseline: 673.44 | Improvement: -1451.44 | Win Rate: 0.00% | Actor Loss: 9706.4552 | Entropy: 1.0287
Epoch [1723/2000] | Sampled: 1920.38 | Baseline: 617.12 | Improvement: -1303.25 | Win Rate: 0.00% | Actor Loss: 21056.0473 | Entropy: 0.9182
Epoch [1724/2000] | Sampled: 2148.69 | Baseline: 686.44 | Improvement: -1462.25 | Win Rate: 0.00% | Actor Loss: 14696.2782 | Entropy: 1.0021
Epoch [1725/2000] | Sampled: 2282.31 | Baseline: 722.88 | Improvement: -1559.44 | Win Rate: 0.00% | Actor Loss: 45628.3313 | Entropy: 1.0848
Epoch [1726/2000] | Sampled: 2197.12 | Baseline: 700.88 | Improvement: -1496.25 | Win Rate: 0.00% | Actor Loss: 20178.7459 | Entropy: 1.0641
Epoch [1727/2000] | Sampled: 2319.56 | Baseline: 740.06 | Improvement: -1579.50 | Win Rate: 0.00% | Actor Loss: 3249.4637 | Entropy: 1.0762
Epoch [1728/2000] | Sampled: 2299.38 | Baseline: 737.75 | Improvement: -1561.62 | Win Rate: 0.00% | Actor Loss: 17010.6086 | Entropy: 1.0373
Epoch [1729/2000] | Sampled: 1960.94 | Baseline: 618.31 | Improvement: -1342.62 | Win Rate: 0.00% | Actor Loss: 57085.9783 | Entropy: 0.9456
Epoch [1730/2000] | Sampled: 2317.81 | Baseline: 749.94 | Improvement: -1567.88 | Win Rate: 0.00% | Actor Loss: 19939.4862 | Entropy: 1.0936
Epoch [1731/2000] | Sampled: 2304.50 | Baseline: 738.50 | Improvement: -1566.00 | Win Rate: 0.00% | Actor Loss: 34700.7709 | Entropy: 1.1086
Epoch [1732/2000] | Sampled: 2514.94 | Baseline: 791.06 | Improvement: -1723.88 | Win Rate: 0.00% | Actor Loss: 15780.3262 | Entropy: 1.1758
Epoch [1733/2000] | Sampled: 2282.31 | Baseline: 721.94 | Improvement: -1560.38 | Win Rate: 0.00% | Actor Loss: 57281.1904 | Entropy: 1.0591
Epoch [1734/2000] | Sampled: 1332.50 | Baseline: 433.38 | Improvement: -899.12 | Win Rate: 0.00% | Actor Loss: 24725.7725 | Entropy: 0.6956
Epoch [1735/2000] | Sampled: 2330.44 | Baseline: 742.62 | Improvement: -1587.81 | Win Rate: 0.00% | Actor Loss: 12363.8192 | Entropy: 1.1301
Epoch [1736/2000] | Sampled: 2168.31 | Baseline: 689.31 | Improvement: -1479.00 | Win Rate: 0.00% | Actor Loss: 44036.0717 | Entropy: 1.0377
Epoch [1737/2000] | Sampled: 2298.31 | Baseline: 734.19 | Improvement: -1564.12 | Win Rate: 0.00% | Actor Loss: 58723.1200 | Entropy: 1.1197
Epoch [1738/2000] | Sampled: 2174.69 | Baseline: 696.12 | Improvement: -1478.56 | Win Rate: 0.00% | Actor Loss: 44430.2798 | Entropy: 0.9928
Epoch [1739/2000] | Sampled: 2098.06 | Baseline: 655.62 | Improvement: -1442.44 | Win Rate: 0.00% | Actor Loss: 49650.6086 | Entropy: 1.0246
Epoch [1740/2000] | Sampled: 2329.81 | Baseline: 745.94 | Improvement: -1583.88 | Win Rate: 0.00% | Actor Loss: 19391.5208 | Entropy: 1.1328
Epoch [1741/2000] | Sampled: 2697.81 | Baseline: 851.44 | Improvement: -1846.38 | Win Rate: 0.00% | Actor Loss: 71993.7061 | Entropy: 1.2296
Epoch [1742/2000] | Sampled: 2239.50 | Baseline: 706.19 | Improvement: -1533.31 | Win Rate: 0.00% | Actor Loss: 91228.4124 | Entropy: 1.1023
Epoch [1743/2000] | Sampled: 2152.94 | Baseline: 689.25 | Improvement: -1463.69 | Win Rate: 0.00% | Actor Loss: 82607.2426 | Entropy: 1.0412
Epoch [1744/2000] | Sampled: 2179.38 | Baseline: 687.38 | Improvement: -1492.00 | Win Rate: 0.00% | Actor Loss: 59891.5397 | Entropy: 1.0371
Epoch [1745/2000] | Sampled: 2252.19 | Baseline: 716.94 | Improvement: -1535.25 | Win Rate: 0.00% | Actor Loss: 53588.3095 | Entropy: 1.1165
Epoch [1746/2000] | Sampled: 2444.31 | Baseline: 771.06 | Improvement: -1673.25 | Win Rate: 0.00% | Actor Loss: 64695.6992 | Entropy: 1.1389
Epoch [1747/2000] | Sampled: 2096.12 | Baseline: 663.50 | Improvement: -1432.62 | Win Rate: 0.00% | Actor Loss: 89727.4055 | Entropy: 0.9791
Epoch [1748/2000] | Sampled: 1902.25 | Baseline: 608.50 | Improvement: -1293.75 | Win Rate: 0.00% | Actor Loss: 62105.9692 | Entropy: 0.9350
Epoch [1749/2000] | Sampled: 2124.94 | Baseline: 680.44 | Improvement: -1444.50 | Win Rate: 0.00% | Actor Loss: 86929.8968 | Entropy: 1.0207
Epoch [1750/2000] | Sampled: 2303.94 | Baseline: 731.50 | Improvement: -1572.44 | Win Rate: 0.00% | Actor Loss: 121832.0840 | Entropy: 1.1519
Epoch [1751/2000] | Sampled: 2648.12 | Baseline: 837.25 | Improvement: -1810.88 | Win Rate: 0.00% | Actor Loss: 56820.3312 | Entropy: 1.2291
Epoch [1752/2000] | Sampled: 2571.88 | Baseline: 814.50 | Improvement: -1757.38 | Win Rate: 0.00% | Actor Loss: 75594.6192 | Entropy: 1.2087
Epoch [1753/2000] | Sampled: 2663.50 | Baseline: 844.19 | Improvement: -1819.31 | Win Rate: 0.00% | Actor Loss: 32583.9290 | Entropy: 1.2063
Epoch [1754/2000] | Sampled: 2384.94 | Baseline: 766.81 | Improvement: -1618.12 | Win Rate: 0.00% | Actor Loss: 25494.3100 | Entropy: 1.1435
Epoch [1755/2000] | Sampled: 2370.06 | Baseline: 747.19 | Improvement: -1622.88 | Win Rate: 0.00% | Actor Loss: 75067.9138 | Entropy: 1.1659
Epoch [1756/2000] | Sampled: 2291.56 | Baseline: 736.06 | Improvement: -1555.50 | Win Rate: 0.00% | Actor Loss: 22938.9411 | Entropy: 1.1340
