Training on: cuda
Loaded 5000 dispatch events from /home/wei/Desktop/AMR-DFJSP/test_case/v3/train_60.jsonl
Loaded 50 dispatch events from /home/wei/Desktop/AMR-DFJSP/test_case/v3/val_60.jsonl
Loaded 50 validation event(s).
Starting GNN REINFORCE training with dispatch baseline 'milk_run+earliest_completion' (multisample).
Epoch [1/2000] | Sampled: 608.38 | Baseline: 335.00 | Improvement: -273.38 | Win Rate: 0.00% | Actor Loss: -2.3662 | Entropy: 4.4218 | Invalid S/B: 0.50/0.00 | Max Load: 5.6 | Load Gap: 3.6 | Group CV: 0.0796
   -> Validation | Samples: 50 | Makespan: 609.28 | Invalid Jobs: 2.54 | Score: 863.28
   -> Saved new best model (Val Score: 863.28)
   -> Saved updated training chart to /home/wei/Desktop/AMR-DFJSP/Static_alogorithm/GNN/gnn_training_metrics.png
Epoch [2/2000] | Sampled: 649.50 | Baseline: 333.50 | Improvement: -316.00 | Win Rate: 0.00% | Actor Loss: 2.4937 | Entropy: 4.3792 | Invalid S/B: 0.50/0.00 | Max Load: 5.8 | Load Gap: 3.8 | Group CV: 0.0650
Epoch [3/2000] | Sampled: 609.12 | Baseline: 354.50 | Improvement: -254.62 | Win Rate: 0.00% | Actor Loss: -0.3294 | Entropy: 4.2964 | Invalid S/B: 0.62/0.00 | Max Load: 5.9 | Load Gap: 3.8 | Group CV: 0.1020
Epoch [4/2000] | Sampled: 614.00 | Baseline: 322.00 | Improvement: -292.00 | Win Rate: 0.00% | Actor Loss: 1.2736 | Entropy: 4.3342 | Invalid S/B: 1.00/0.00 | Max Load: 5.8 | Load Gap: 3.5 | Group CV: 0.0933
Epoch [5/2000] | Sampled: 641.88 | Baseline: 368.00 | Improvement: -273.88 | Win Rate: 0.00% | Actor Loss: 2.6693 | Entropy: 4.4073 | Invalid S/B: 0.62/0.00 | Max Load: 6.0 | Load Gap: 3.9 | Group CV: 0.0617
Epoch [6/2000] | Sampled: 576.62 | Baseline: 313.50 | Improvement: -263.12 | Win Rate: 0.00% | Actor Loss: -1.7110 | Entropy: 4.4619 | Invalid S/B: 0.25/0.00 | Max Load: 5.4 | Load Gap: 3.0 | Group CV: 0.0514
Epoch [7/2000] | Sampled: 618.88 | Baseline: 319.00 | Improvement: -299.88 | Win Rate: 0.00% | Actor Loss: -1.0253 | Entropy: 4.4776 | Invalid S/B: 0.75/0.00 | Max Load: 5.6 | Load Gap: 3.6 | Group CV: 0.0856
Epoch [8/2000] | Sampled: 598.12 | Baseline: 308.50 | Improvement: -289.62 | Win Rate: 0.00% | Actor Loss: 0.2972 | Entropy: 4.4936 | Invalid S/B: 1.12/0.00 | Max Load: 5.5 | Load Gap: 3.5 | Group CV: 0.0687
Epoch [9/2000] | Sampled: 593.25 | Baseline: 350.00 | Improvement: -243.25 | Win Rate: 0.00% | Actor Loss: 1.1857 | Entropy: 4.4802 | Invalid S/B: 1.00/0.00 | Max Load: 5.6 | Load Gap: 3.2 | Group CV: 0.0404
Epoch [10/2000] | Sampled: 609.12 | Baseline: 345.50 | Improvement: -263.62 | Win Rate: 0.00% | Actor Loss: 2.5270 | Entropy: 4.4049 | Invalid S/B: 0.38/0.00 | Max Load: 5.9 | Load Gap: 3.5 | Group CV: 0.0773
   -> Validation | Samples: 50 | Makespan: 407.26 | Invalid Jobs: 0.24 | Score: 431.26
   -> Saved new best model (Val Score: 431.26)
Epoch [11/2000] | Sampled: 569.88 | Baseline: 300.00 | Improvement: -269.88 | Win Rate: 0.00% | Actor Loss: 3.5190 | Entropy: 4.4854 | Invalid S/B: 0.75/0.00 | Max Load: 5.9 | Load Gap: 3.8 | Group CV: 0.0683
Epoch [12/2000] | Sampled: 603.25 | Baseline: 336.00 | Improvement: -267.25 | Win Rate: 0.00% | Actor Loss: -0.0531 | Entropy: 4.4977 | Invalid S/B: 0.75/0.00 | Max Load: 5.4 | Load Gap: 3.2 | Group CV: 0.0458
Epoch [13/2000] | Sampled: 571.50 | Baseline: 326.00 | Improvement: -245.50 | Win Rate: 0.00% | Actor Loss: -1.1787 | Entropy: 4.4954 | Invalid S/B: 0.50/0.00 | Max Load: 6.0 | Load Gap: 3.9 | Group CV: 0.0362
Epoch [14/2000] | Sampled: 586.75 | Baseline: 347.50 | Improvement: -239.25 | Win Rate: 0.00% | Actor Loss: -2.8834 | Entropy: 4.4633 | Invalid S/B: 1.25/0.00 | Max Load: 5.4 | Load Gap: 3.4 | Group CV: 0.0962
Epoch [15/2000] | Sampled: 567.38 | Baseline: 342.50 | Improvement: -224.88 | Win Rate: 0.00% | Actor Loss: 1.8228 | Entropy: 4.4879 | Invalid S/B: 0.62/0.00 | Max Load: 5.9 | Load Gap: 3.9 | Group CV: 0.0344
Epoch [16/2000] | Sampled: 523.75 | Baseline: 291.50 | Improvement: -232.25 | Win Rate: 0.00% | Actor Loss: 2.1522 | Entropy: 4.5073 | Invalid S/B: 1.38/0.00 | Max Load: 5.1 | Load Gap: 3.0 | Group CV: 0.0657
Epoch [17/2000] | Sampled: 581.75 | Baseline: 358.50 | Improvement: -223.25 | Win Rate: 0.00% | Actor Loss: -1.7300 | Entropy: 4.5192 | Invalid S/B: 0.62/0.00 | Max Load: 5.5 | Load Gap: 3.6 | Group CV: 0.0711
Epoch [18/2000] | Sampled: 546.75 | Baseline: 370.50 | Improvement: -176.25 | Win Rate: 0.00% | Actor Loss: 1.7856 | Entropy: 4.5581 | Invalid S/B: 0.38/0.00 | Max Load: 5.6 | Load Gap: 3.6 | Group CV: 0.0429
Epoch [19/2000] | Sampled: 549.50 | Baseline: 333.00 | Improvement: -216.50 | Win Rate: 0.00% | Actor Loss: -4.9509 | Entropy: 4.5278 | Invalid S/B: 0.50/0.00 | Max Load: 5.6 | Load Gap: 3.5 | Group CV: 0.0482
Epoch [20/2000] | Sampled: 580.12 | Baseline: 314.00 | Improvement: -266.12 | Win Rate: 0.00% | Actor Loss: 1.3551 | Entropy: 4.5290 | Invalid S/B: 1.00/0.00 | Max Load: 6.0 | Load Gap: 3.9 | Group CV: 0.0546
   -> Validation | Samples: 50 | Makespan: 394.14 | Invalid Jobs: 0.20 | Score: 414.14
   -> Saved new best model (Val Score: 414.14)
Epoch [21/2000] | Sampled: 577.62 | Baseline: 320.50 | Improvement: -257.12 | Win Rate: 0.00% | Actor Loss: 1.9462 | Entropy: 4.4828 | Invalid S/B: 0.75/0.00 | Max Load: 5.8 | Load Gap: 3.9 | Group CV: 0.0649
Epoch [22/2000] | Sampled: 593.38 | Baseline: 319.50 | Improvement: -273.88 | Win Rate: 0.00% | Actor Loss: -2.5062 | Entropy: 4.5040 | Invalid S/B: 0.62/0.00 | Max Load: 5.5 | Load Gap: 3.5 | Group CV: 0.0820
Epoch [23/2000] | Sampled: 554.25 | Baseline: 337.00 | Improvement: -217.25 | Win Rate: 0.00% | Actor Loss: 2.6116 | Entropy: 4.5383 | Invalid S/B: 0.75/0.00 | Max Load: 5.5 | Load Gap: 3.8 | Group CV: 0.1081
Epoch [24/2000] | Sampled: 541.38 | Baseline: 318.50 | Improvement: -222.88 | Win Rate: 0.00% | Actor Loss: -0.8827 | Entropy: 4.5690 | Invalid S/B: 0.75/0.00 | Max Load: 5.6 | Load Gap: 3.6 | Group CV: 0.0654
Epoch [25/2000] | Sampled: 572.75 | Baseline: 297.50 | Improvement: -275.25 | Win Rate: 0.00% | Actor Loss: 0.1834 | Entropy: 4.5115 | Invalid S/B: 0.62/0.00 | Max Load: 5.4 | Load Gap: 3.2 | Group CV: 0.0770
Epoch [26/2000] | Sampled: 581.75 | Baseline: 386.00 | Improvement: -195.75 | Win Rate: 0.00% | Actor Loss: 0.6524 | Entropy: 4.5608 | Invalid S/B: 0.62/0.50 | Max Load: 6.0 | Load Gap: 4.0 | Group CV: 0.1041
Epoch [27/2000] | Sampled: 584.62 | Baseline: 334.00 | Improvement: -250.62 | Win Rate: 0.00% | Actor Loss: 2.7355 | Entropy: 4.5485 | Invalid S/B: 0.62/0.00 | Max Load: 5.8 | Load Gap: 3.4 | Group CV: 0.1390
Epoch [28/2000] | Sampled: 544.75 | Baseline: 353.00 | Improvement: -191.75 | Win Rate: 0.00% | Actor Loss: 3.0631 | Entropy: 4.5376 | Invalid S/B: 0.38/0.00 | Max Load: 5.5 | Load Gap: 3.1 | Group CV: 0.0465
Epoch [29/2000] | Sampled: 542.75 | Baseline: 349.50 | Improvement: -193.25 | Win Rate: 0.00% | Actor Loss: 1.6497 | Entropy: 4.5290 | Invalid S/B: 0.38/0.00 | Max Load: 5.6 | Load Gap: 3.5 | Group CV: 0.1022
Epoch [30/2000] | Sampled: 561.12 | Baseline: 325.50 | Improvement: -235.62 | Win Rate: 0.00% | Actor Loss: 0.1726 | Entropy: 4.5621 | Invalid S/B: 0.62/0.00 | Max Load: 5.4 | Load Gap: 3.2 | Group CV: 0.1198
   -> Validation | Samples: 50 | Makespan: 423.08 | Invalid Jobs: 0.88 | Score: 511.08
Epoch [31/2000] | Sampled: 546.38 | Baseline: 352.00 | Improvement: -194.38 | Win Rate: 0.00% | Actor Loss: -0.3175 | Entropy: 4.5855 | Invalid S/B: 0.25/0.00 | Max Load: 5.6 | Load Gap: 3.5 | Group CV: 0.0688
Epoch [32/2000] | Sampled: 545.00 | Baseline: 335.50 | Improvement: -209.50 | Win Rate: 0.00% | Actor Loss: 0.2708 | Entropy: 4.5739 | Invalid S/B: 0.25/0.00 | Max Load: 5.8 | Load Gap: 3.5 | Group CV: 0.0435
Epoch [33/2000] | Sampled: 521.75 | Baseline: 326.00 | Improvement: -195.75 | Win Rate: 0.00% | Actor Loss: 3.0114 | Entropy: 4.6108 | Invalid S/B: 0.38/0.00 | Max Load: 5.4 | Load Gap: 3.4 | Group CV: 0.0488
Epoch [34/2000] | Sampled: 511.25 | Baseline: 314.50 | Improvement: -196.75 | Win Rate: 0.00% | Actor Loss: -1.2120 | Entropy: 4.5914 | Invalid S/B: 0.25/0.00 | Max Load: 5.5 | Load Gap: 3.5 | Group CV: 0.0534
Epoch [35/2000] | Sampled: 535.75 | Baseline: 321.50 | Improvement: -214.25 | Win Rate: 0.00% | Actor Loss: -0.2852 | Entropy: 4.6313 | Invalid S/B: 0.00/0.00 | Max Load: 5.5 | Load Gap: 3.4 | Group CV: 0.0493
Epoch [36/2000] | Sampled: 540.12 | Baseline: 333.50 | Improvement: -206.62 | Win Rate: 0.00% | Actor Loss: 1.5822 | Entropy: 4.5486 | Invalid S/B: 0.75/0.00 | Max Load: 5.1 | Load Gap: 3.1 | Group CV: 0.0822
Epoch [37/2000] | Sampled: 552.12 | Baseline: 291.50 | Improvement: -260.62 | Win Rate: 0.00% | Actor Loss: 0.1354 | Entropy: 4.6182 | Invalid S/B: 1.38/0.00 | Max Load: 5.6 | Load Gap: 3.6 | Group CV: 0.0691
Epoch [38/2000] | Sampled: 532.12 | Baseline: 344.50 | Improvement: -187.62 | Win Rate: 0.00% | Actor Loss: -1.0692 | Entropy: 4.5714 | Invalid S/B: 1.00/0.00 | Max Load: 5.4 | Load Gap: 3.6 | Group CV: 0.0575
Epoch [39/2000] | Sampled: 542.12 | Baseline: 379.00 | Improvement: -163.12 | Win Rate: 0.00% | Actor Loss: 0.2495 | Entropy: 4.5521 | Invalid S/B: 0.50/0.00 | Max Load: 5.2 | Load Gap: 3.2 | Group CV: 0.0364
Epoch [40/2000] | Sampled: 541.38 | Baseline: 351.00 | Improvement: -190.38 | Win Rate: 0.00% | Actor Loss: 0.4329 | Entropy: 4.5299 | Invalid S/B: 1.00/0.00 | Max Load: 5.5 | Load Gap: 3.2 | Group CV: 0.0774
   -> Validation | Samples: 50 | Makespan: 376.10 | Invalid Jobs: 0.00 | Score: 376.10
   -> Saved new best model (Val Score: 376.10)
Epoch [41/2000] | Sampled: 534.25 | Baseline: 345.50 | Improvement: -188.75 | Win Rate: 0.00% | Actor Loss: 1.4027 | Entropy: 4.5408 | Invalid S/B: 0.62/0.00 | Max Load: 5.6 | Load Gap: 3.5 | Group CV: 0.0672
Epoch [42/2000] | Sampled: 556.25 | Baseline: 363.00 | Improvement: -193.25 | Win Rate: 0.00% | Actor Loss: -0.2030 | Entropy: 4.5386 | Invalid S/B: 1.00/0.00 | Max Load: 5.6 | Load Gap: 3.4 | Group CV: 0.0668
Epoch [43/2000] | Sampled: 525.62 | Baseline: 330.50 | Improvement: -195.12 | Win Rate: 0.00% | Actor Loss: -1.5521 | Entropy: 4.5693 | Invalid S/B: 0.38/0.00 | Max Load: 5.2 | Load Gap: 3.1 | Group CV: 0.0718
Epoch [44/2000] | Sampled: 545.50 | Baseline: 339.50 | Improvement: -206.00 | Win Rate: 0.00% | Actor Loss: 1.3318 | Entropy: 4.4853 | Invalid S/B: 0.88/0.00 | Max Load: 5.1 | Load Gap: 2.9 | Group CV: 0.0944
Epoch [45/2000] | Sampled: 510.00 | Baseline: 327.00 | Improvement: -183.00 | Win Rate: 0.00% | Actor Loss: -2.5988 | Entropy: 4.4908 | Invalid S/B: 0.25/0.00 | Max Load: 5.4 | Load Gap: 3.2 | Group CV: 0.0522
Epoch [46/2000] | Sampled: 517.38 | Baseline: 369.50 | Improvement: -147.88 | Win Rate: 0.00% | Actor Loss: 0.6884 | Entropy: 4.4931 | Invalid S/B: 0.62/0.00 | Max Load: 5.2 | Load Gap: 3.1 | Group CV: 0.0840
Epoch [47/2000] | Sampled: 534.62 | Baseline: 349.00 | Improvement: -185.62 | Win Rate: 0.00% | Actor Loss: -4.6639 | Entropy: 4.5705 | Invalid S/B: 0.62/0.00 | Max Load: 5.4 | Load Gap: 3.5 | Group CV: 0.0631
Epoch [48/2000] | Sampled: 560.88 | Baseline: 335.50 | Improvement: -225.38 | Win Rate: 0.00% | Actor Loss: -1.0113 | Entropy: 4.4423 | Invalid S/B: 1.38/0.00 | Max Load: 5.2 | Load Gap: 3.0 | Group CV: 0.0669
Epoch [49/2000] | Sampled: 562.50 | Baseline: 328.00 | Improvement: -234.50 | Win Rate: 0.00% | Actor Loss: 1.4597 | Entropy: 4.5287 | Invalid S/B: 1.00/0.00 | Max Load: 5.8 | Load Gap: 3.8 | Group CV: 0.1070
Epoch [50/2000] | Sampled: 551.38 | Baseline: 334.50 | Improvement: -216.88 | Win Rate: 0.00% | Actor Loss: 1.5898 | Entropy: 4.4239 | Invalid S/B: 0.62/0.00 | Max Load: 5.6 | Load Gap: 3.6 | Group CV: 0.0713
   -> Validation | Samples: 50 | Makespan: 365.72 | Invalid Jobs: 0.00 | Score: 365.72
   -> Saved new best model (Val Score: 365.72)
Epoch [51/2000] | Sampled: 530.75 | Baseline: 358.00 | Improvement: -172.75 | Win Rate: 0.00% | Actor Loss: 1.1998 | Entropy: 4.4932 | Invalid S/B: 1.62/0.00 | Max Load: 5.2 | Load Gap: 3.0 | Group CV: 0.1099
Epoch [52/2000] | Sampled: 521.38 | Baseline: 346.50 | Improvement: -174.88 | Win Rate: 0.00% | Actor Loss: 0.8000 | Entropy: 4.5015 | Invalid S/B: 1.12/0.00 | Max Load: 5.2 | Load Gap: 3.0 | Group CV: 0.0781
Epoch [53/2000] | Sampled: 526.38 | Baseline: 393.50 | Improvement: -132.88 | Win Rate: 0.00% | Actor Loss: -0.0803 | Entropy: 4.4683 | Invalid S/B: 0.88/0.00 | Max Load: 5.4 | Load Gap: 3.0 | Group CV: 0.0409
Epoch [54/2000] | Sampled: 503.25 | Baseline: 318.00 | Improvement: -185.25 | Win Rate: 0.00% | Actor Loss: -0.6126 | Entropy: 4.4770 | Invalid S/B: 0.75/0.00 | Max Load: 5.4 | Load Gap: 3.1 | Group CV: 0.0429
Epoch [55/2000] | Sampled: 519.88 | Baseline: 328.50 | Improvement: -191.38 | Win Rate: 0.00% | Actor Loss: -2.5417 | Entropy: 4.5043 | Invalid S/B: 1.00/0.00 | Max Load: 5.0 | Load Gap: 2.9 | Group CV: 0.0879
Epoch [56/2000] | Sampled: 540.50 | Baseline: 343.50 | Improvement: -197.00 | Win Rate: 0.00% | Actor Loss: -0.6861 | Entropy: 4.4453 | Invalid S/B: 0.88/0.00 | Max Load: 5.2 | Load Gap: 3.1 | Group CV: 0.0733
Epoch [57/2000] | Sampled: 533.50 | Baseline: 336.00 | Improvement: -197.50 | Win Rate: 0.00% | Actor Loss: -2.5792 | Entropy: 4.4387 | Invalid S/B: 0.38/0.00 | Max Load: 5.5 | Load Gap: 3.2 | Group CV: 0.0522
Epoch [58/2000] | Sampled: 531.38 | Baseline: 370.00 | Improvement: -161.38 | Win Rate: 0.00% | Actor Loss: 4.4322 | Entropy: 4.4517 | Invalid S/B: 0.50/0.00 | Max Load: 5.4 | Load Gap: 3.0 | Group CV: 0.0575
Epoch [59/2000] | Sampled: 507.38 | Baseline: 306.00 | Improvement: -201.38 | Win Rate: 0.00% | Actor Loss: 1.3452 | Entropy: 4.4485 | Invalid S/B: 1.00/0.00 | Max Load: 5.4 | Load Gap: 3.1 | Group CV: 0.0711
Epoch [60/2000] | Sampled: 489.25 | Baseline: 342.00 | Improvement: -147.25 | Win Rate: 0.00% | Actor Loss: -0.3389 | Entropy: 4.4641 | Invalid S/B: 0.25/0.00 | Max Load: 4.9 | Load Gap: 2.4 | Group CV: 0.0438
   -> Validation | Samples: 50 | Makespan: 361.92 | Invalid Jobs: 0.00 | Score: 361.92
   -> Saved new best model (Val Score: 361.92)
Epoch [61/2000] | Sampled: 508.25 | Baseline: 345.50 | Improvement: -162.75 | Win Rate: 0.00% | Actor Loss: -0.6962 | Entropy: 4.4713 | Invalid S/B: 0.75/0.00 | Max Load: 5.2 | Load Gap: 3.2 | Group CV: 0.0436
Epoch [62/2000] | Sampled: 489.62 | Baseline: 336.50 | Improvement: -153.12 | Win Rate: 0.00% | Actor Loss: -3.4882 | Entropy: 4.4869 | Invalid S/B: 0.25/0.00 | Max Load: 5.4 | Load Gap: 2.8 | Group CV: 0.0705
Epoch [63/2000] | Sampled: 508.62 | Baseline: 324.00 | Improvement: -184.62 | Win Rate: 0.00% | Actor Loss: -3.1805 | Entropy: 4.4396 | Invalid S/B: 0.50/0.00 | Max Load: 5.1 | Load Gap: 2.9 | Group CV: 0.0431
Epoch [64/2000] | Sampled: 528.88 | Baseline: 300.00 | Improvement: -228.88 | Win Rate: 0.00% | Actor Loss: 0.9598 | Entropy: 4.4486 | Invalid S/B: 1.00/0.00 | Max Load: 5.2 | Load Gap: 2.9 | Group CV: 0.0795
Epoch [65/2000] | Sampled: 498.12 | Baseline: 303.50 | Improvement: -194.62 | Win Rate: 0.00% | Actor Loss: -0.3917 | Entropy: 4.4350 | Invalid S/B: 0.75/0.00 | Max Load: 5.1 | Load Gap: 2.6 | Group CV: 0.0484
Epoch [66/2000] | Sampled: 498.75 | Baseline: 333.50 | Improvement: -165.25 | Win Rate: 0.00% | Actor Loss: -2.4069 | Entropy: 4.4333 | Invalid S/B: 1.38/0.00 | Max Load: 5.1 | Load Gap: 2.9 | Group CV: 0.0737
Epoch [67/2000] | Sampled: 501.50 | Baseline: 324.50 | Improvement: -177.00 | Win Rate: 0.00% | Actor Loss: 1.2442 | Entropy: 4.3933 | Invalid S/B: 0.75/0.00 | Max Load: 5.0 | Load Gap: 2.6 | Group CV: 0.0523
Epoch [68/2000] | Sampled: 474.38 | Baseline: 333.00 | Improvement: -141.38 | Win Rate: 0.00% | Actor Loss: -1.0548 | Entropy: 4.4511 | Invalid S/B: 0.25/0.00 | Max Load: 5.0 | Load Gap: 2.5 | Group CV: 0.0616
Epoch [69/2000] | Sampled: 493.38 | Baseline: 300.00 | Improvement: -193.38 | Win Rate: 0.00% | Actor Loss: -2.6007 | Entropy: 4.3599 | Invalid S/B: 0.25/0.00 | Max Load: 5.5 | Load Gap: 2.9 | Group CV: 0.0693
Epoch [70/2000] | Sampled: 494.75 | Baseline: 332.00 | Improvement: -162.75 | Win Rate: 0.00% | Actor Loss: -3.9749 | Entropy: 4.3671 | Invalid S/B: 0.62/0.00 | Max Load: 5.5 | Load Gap: 3.2 | Group CV: 0.0668
   -> Validation | Samples: 50 | Makespan: 369.14 | Invalid Jobs: 0.00 | Score: 369.14
Epoch [71/2000] | Sampled: 461.25 | Baseline: 316.50 | Improvement: -144.75 | Win Rate: 0.00% | Actor Loss: 2.0833 | Entropy: 4.4285 | Invalid S/B: 0.12/0.00 | Max Load: 5.0 | Load Gap: 2.8 | Group CV: 0.0360
Epoch [72/2000] | Sampled: 502.88 | Baseline: 323.00 | Improvement: -179.88 | Win Rate: 0.00% | Actor Loss: 2.4886 | Entropy: 4.3094 | Invalid S/B: 0.38/0.00 | Max Load: 5.4 | Load Gap: 2.8 | Group CV: 0.0894
Epoch [73/2000] | Sampled: 457.75 | Baseline: 323.50 | Improvement: -134.25 | Win Rate: 0.00% | Actor Loss: 0.1287 | Entropy: 4.3565 | Invalid S/B: 0.25/0.00 | Max Load: 5.0 | Load Gap: 2.8 | Group CV: 0.0453
Epoch [74/2000] | Sampled: 491.62 | Baseline: 322.00 | Improvement: -169.62 | Win Rate: 0.00% | Actor Loss: 0.5690 | Entropy: 4.3496 | Invalid S/B: 0.50/0.00 | Max Load: 5.2 | Load Gap: 3.1 | Group CV: 0.0905
Epoch [75/2000] | Sampled: 522.75 | Baseline: 373.50 | Improvement: -149.25 | Win Rate: 0.00% | Actor Loss: 4.2560 | Entropy: 4.3525 | Invalid S/B: 1.50/0.00 | Max Load: 5.4 | Load Gap: 3.1 | Group CV: 0.0253
Epoch [76/2000] | Sampled: 475.00 | Baseline: 343.50 | Improvement: -131.50 | Win Rate: 0.00% | Actor Loss: 0.9765 | Entropy: 4.3398 | Invalid S/B: 0.50/0.00 | Max Load: 5.1 | Load Gap: 3.0 | Group CV: 0.0592
Epoch [77/2000] | Sampled: 498.50 | Baseline: 338.50 | Improvement: -160.00 | Win Rate: 0.00% | Actor Loss: 0.7524 | Entropy: 4.3052 | Invalid S/B: 0.88/0.00 | Max Load: 5.5 | Load Gap: 3.4 | Group CV: 0.0777
Epoch [78/2000] | Sampled: 487.75 | Baseline: 355.00 | Improvement: -132.75 | Win Rate: 0.00% | Actor Loss: 0.5999 | Entropy: 4.3330 | Invalid S/B: 0.75/0.00 | Max Load: 5.5 | Load Gap: 3.2 | Group CV: 0.0614
Epoch [79/2000] | Sampled: 466.62 | Baseline: 334.00 | Improvement: -132.62 | Win Rate: 0.00% | Actor Loss: 2.2024 | Entropy: 4.3949 | Invalid S/B: 1.38/0.00 | Max Load: 5.2 | Load Gap: 2.8 | Group CV: 0.0507
Epoch [80/2000] | Sampled: 504.25 | Baseline: 370.50 | Improvement: -133.75 | Win Rate: 0.00% | Actor Loss: -0.4948 | Entropy: 4.3179 | Invalid S/B: 0.88/0.00 | Max Load: 5.1 | Load Gap: 2.5 | Group CV: 0.0404
   -> Validation | Samples: 50 | Makespan: 371.62 | Invalid Jobs: 0.04 | Score: 375.62
Epoch [81/2000] | Sampled: 500.00 | Baseline: 323.50 | Improvement: -176.50 | Win Rate: 0.00% | Actor Loss: 0.1581 | Entropy: 4.3220 | Invalid S/B: 1.25/0.00 | Max Load: 5.1 | Load Gap: 2.8 | Group CV: 0.0392
Epoch [82/2000] | Sampled: 518.50 | Baseline: 335.50 | Improvement: -183.00 | Win Rate: 0.00% | Actor Loss: 1.9986 | Entropy: 4.3089 | Invalid S/B: 0.75/0.00 | Max Load: 5.5 | Load Gap: 2.9 | Group CV: 0.0754
Epoch [83/2000] | Sampled: 493.38 | Baseline: 313.00 | Improvement: -180.38 | Win Rate: 0.00% | Actor Loss: 3.4172 | Entropy: 4.3308 | Invalid S/B: 0.25/0.00 | Max Load: 5.1 | Load Gap: 2.5 | Group CV: 0.0371
Epoch [84/2000] | Sampled: 475.00 | Baseline: 336.50 | Improvement: -138.50 | Win Rate: 0.00% | Actor Loss: -1.2171 | Entropy: 4.3701 | Invalid S/B: 0.50/0.00 | Max Load: 5.5 | Load Gap: 3.0 | Group CV: 0.0364
Epoch [85/2000] | Sampled: 517.25 | Baseline: 310.50 | Improvement: -206.75 | Win Rate: 0.00% | Actor Loss: 2.9625 | Entropy: 4.3300 | Invalid S/B: 1.12/0.00 | Max Load: 5.0 | Load Gap: 2.5 | Group CV: 0.1001
Epoch [86/2000] | Sampled: 497.75 | Baseline: 360.00 | Improvement: -137.75 | Win Rate: 0.00% | Actor Loss: -0.6297 | Entropy: 4.3641 | Invalid S/B: 0.75/0.00 | Max Load: 5.2 | Load Gap: 2.8 | Group CV: 0.0735
Epoch [87/2000] | Sampled: 464.25 | Baseline: 311.00 | Improvement: -153.25 | Win Rate: 0.00% | Actor Loss: 0.2187 | Entropy: 4.4027 | Invalid S/B: 0.62/0.00 | Max Load: 5.4 | Load Gap: 3.0 | Group CV: 0.0840
Epoch [88/2000] | Sampled: 515.88 | Baseline: 369.00 | Improvement: -146.88 | Win Rate: 0.00% | Actor Loss: -5.5236 | Entropy: 4.3750 | Invalid S/B: 1.12/0.00 | Max Load: 5.1 | Load Gap: 2.4 | Group CV: 0.0687
Epoch [89/2000] | Sampled: 479.25 | Baseline: 300.00 | Improvement: -179.25 | Win Rate: 0.00% | Actor Loss: 5.7567 | Entropy: 4.3807 | Invalid S/B: 0.88/0.00 | Max Load: 5.2 | Load Gap: 2.8 | Group CV: 0.0549
Epoch [90/2000] | Sampled: 515.88 | Baseline: 314.50 | Improvement: -201.38 | Win Rate: 0.00% | Actor Loss: -1.9767 | Entropy: 4.3221 | Invalid S/B: 1.75/0.00 | Max Load: 5.1 | Load Gap: 2.8 | Group CV: 0.0663
   -> Validation | Samples: 50 | Makespan: 365.80 | Invalid Jobs: 0.04 | Score: 369.80
Epoch [91/2000] | Sampled: 487.12 | Baseline: 340.50 | Improvement: -146.62 | Win Rate: 0.00% | Actor Loss: 3.0519 | Entropy: 4.3827 | Invalid S/B: 0.88/0.00 | Max Load: 5.1 | Load Gap: 2.6 | Group CV: 0.0624
Epoch [92/2000] | Sampled: 459.38 | Baseline: 322.00 | Improvement: -137.38 | Win Rate: 0.00% | Actor Loss: 0.8551 | Entropy: 4.3976 | Invalid S/B: 0.50/0.00 | Max Load: 5.1 | Load Gap: 2.4 | Group CV: 0.0594
Epoch [93/2000] | Sampled: 545.62 | Baseline: 348.50 | Improvement: -197.12 | Win Rate: 0.00% | Actor Loss: -0.9266 | Entropy: 4.3463 | Invalid S/B: 1.38/0.00 | Max Load: 5.1 | Load Gap: 2.9 | Group CV: 0.0656
Epoch [94/2000] | Sampled: 469.38 | Baseline: 328.50 | Improvement: -140.88 | Win Rate: 0.00% | Actor Loss: -0.6522 | Entropy: 4.4474 | Invalid S/B: 0.12/0.00 | Max Load: 5.4 | Load Gap: 3.0 | Group CV: 0.0661
Epoch [95/2000] | Sampled: 492.12 | Baseline: 331.50 | Improvement: -160.62 | Win Rate: 0.00% | Actor Loss: 2.2902 | Entropy: 4.4111 | Invalid S/B: 1.00/0.00 | Max Load: 5.6 | Load Gap: 3.5 | Group CV: 0.0378
Epoch [96/2000] | Sampled: 516.12 | Baseline: 354.00 | Improvement: -162.12 | Win Rate: 0.00% | Actor Loss: 1.5992 | Entropy: 4.3922 | Invalid S/B: 1.38/0.00 | Max Load: 5.6 | Load Gap: 3.5 | Group CV: 0.0695
Epoch [97/2000] | Sampled: 492.50 | Baseline: 324.00 | Improvement: -168.50 | Win Rate: 0.00% | Actor Loss: -0.4439 | Entropy: 4.4224 | Invalid S/B: 0.62/0.00 | Max Load: 5.1 | Load Gap: 2.8 | Group CV: 0.0465
Epoch [98/2000] | Sampled: 516.12 | Baseline: 332.00 | Improvement: -184.12 | Win Rate: 0.00% | Actor Loss: -2.9256 | Entropy: 4.3775 | Invalid S/B: 0.88/0.00 | Max Load: 5.4 | Load Gap: 3.2 | Group CV: 0.0384
Epoch [99/2000] | Sampled: 516.62 | Baseline: 349.50 | Improvement: -167.12 | Win Rate: 0.00% | Actor Loss: 1.6469 | Entropy: 4.4249 | Invalid S/B: 0.50/0.00 | Max Load: 5.4 | Load Gap: 3.1 | Group CV: 0.0578
Epoch [100/2000] | Sampled: 490.75 | Baseline: 341.50 | Improvement: -149.25 | Win Rate: 0.00% | Actor Loss: 3.6390 | Entropy: 4.4128 | Invalid S/B: 0.25/0.00 | Max Load: 5.5 | Load Gap: 3.0 | Group CV: 0.0464
   -> Validation | Samples: 50 | Makespan: 368.88 | Invalid Jobs: 0.00 | Score: 368.88
   -> Saved updated training chart to /home/wei/Desktop/AMR-DFJSP/Static_alogorithm/GNN/gnn_training_metrics.png
Epoch [101/2000] | Sampled: 510.75 | Baseline: 307.50 | Improvement: -203.25 | Win Rate: 0.00% | Actor Loss: 0.9968 | Entropy: 4.3938 | Invalid S/B: 0.62/0.00 | Max Load: 5.4 | Load Gap: 2.8 | Group CV: 0.0695
Epoch [102/2000] | Sampled: 523.62 | Baseline: 407.00 | Improvement: -116.62 | Win Rate: 0.00% | Actor Loss: 1.0926 | Entropy: 4.3519 | Invalid S/B: 1.00/0.00 | Max Load: 5.5 | Load Gap: 3.2 | Group CV: 0.0302
Epoch [103/2000] | Sampled: 542.25 | Baseline: 346.50 | Improvement: -195.75 | Win Rate: 0.00% | Actor Loss: 0.7061 | Entropy: 4.4040 | Invalid S/B: 0.88/0.00 | Max Load: 5.1 | Load Gap: 2.5 | Group CV: 0.1051
Epoch [104/2000] | Sampled: 520.62 | Baseline: 326.00 | Improvement: -194.62 | Win Rate: 0.00% | Actor Loss: 1.2592 | Entropy: 4.5005 | Invalid S/B: 1.00/0.00 | Max Load: 5.0 | Load Gap: 2.8 | Group CV: 0.0664
Epoch [105/2000] | Sampled: 543.62 | Baseline: 315.00 | Improvement: -228.62 | Win Rate: 0.00% | Actor Loss: -0.9752 | Entropy: 4.4191 | Invalid S/B: 1.38/0.00 | Max Load: 5.4 | Load Gap: 3.1 | Group CV: 0.1089
Epoch [106/2000] | Sampled: 508.75 | Baseline: 310.50 | Improvement: -198.25 | Win Rate: 0.00% | Actor Loss: 0.8432 | Entropy: 4.3780 | Invalid S/B: 0.75/0.00 | Max Load: 5.1 | Load Gap: 2.8 | Group CV: 0.0554
Epoch [107/2000] | Sampled: 524.00 | Baseline: 309.00 | Improvement: -215.00 | Win Rate: 0.00% | Actor Loss: 2.2216 | Entropy: 4.4559 | Invalid S/B: 1.25/0.00 | Max Load: 5.1 | Load Gap: 2.6 | Group CV: 0.0675
Epoch [108/2000] | Sampled: 471.75 | Baseline: 360.00 | Improvement: -111.75 | Win Rate: 0.00% | Actor Loss: -0.2070 | Entropy: 4.3844 | Invalid S/B: 0.38/0.00 | Max Load: 5.2 | Load Gap: 3.1 | Group CV: 0.0455
Epoch [109/2000] | Sampled: 517.50 | Baseline: 344.50 | Improvement: -173.00 | Win Rate: 0.00% | Actor Loss: 1.7897 | Entropy: 4.4200 | Invalid S/B: 0.75/0.00 | Max Load: 5.4 | Load Gap: 2.8 | Group CV: 0.0682
Epoch [110/2000] | Sampled: 485.00 | Baseline: 332.50 | Improvement: -152.50 | Win Rate: 0.00% | Actor Loss: 1.4554 | Entropy: 4.4140 | Invalid S/B: 0.75/0.00 | Max Load: 5.1 | Load Gap: 2.8 | Group CV: 0.0512
   -> Validation | Samples: 50 | Makespan: 399.14 | Invalid Jobs: 0.00 | Score: 399.14
Epoch [111/2000] | Sampled: 475.25 | Baseline: 341.00 | Improvement: -134.25 | Win Rate: 0.00% | Actor Loss: -2.0065 | Entropy: 4.4550 | Invalid S/B: 0.88/0.00 | Max Load: 5.0 | Load Gap: 2.5 | Group CV: 0.0513
Epoch [112/2000] | Sampled: 503.75 | Baseline: 326.50 | Improvement: -177.25 | Win Rate: 0.00% | Actor Loss: -0.1917 | Entropy: 4.4465 | Invalid S/B: 1.12/0.00 | Max Load: 5.1 | Load Gap: 2.9 | Group CV: 0.0579
Epoch [113/2000] | Sampled: 463.50 | Baseline: 326.00 | Improvement: -137.50 | Win Rate: 0.00% | Actor Loss: 1.2351 | Entropy: 4.4091 | Invalid S/B: 0.25/0.00 | Max Load: 5.1 | Load Gap: 2.9 | Group CV: 0.0513
Epoch [114/2000] | Sampled: 511.00 | Baseline: 341.00 | Improvement: -170.00 | Win Rate: 0.00% | Actor Loss: -1.3867 | Entropy: 4.3996 | Invalid S/B: 0.88/0.00 | Max Load: 5.2 | Load Gap: 2.6 | Group CV: 0.0657
Epoch [115/2000] | Sampled: 505.62 | Baseline: 371.00 | Improvement: -134.62 | Win Rate: 0.00% | Actor Loss: 4.8167 | Entropy: 4.3665 | Invalid S/B: 0.75/0.00 | Max Load: 5.2 | Load Gap: 2.9 | Group CV: 0.0732
Epoch [116/2000] | Sampled: 478.12 | Baseline: 332.00 | Improvement: -146.12 | Win Rate: 0.00% | Actor Loss: 0.9129 | Entropy: 4.4210 | Invalid S/B: 1.00/0.00 | Max Load: 5.0 | Load Gap: 2.5 | Group CV: 0.0707
Epoch [117/2000] | Sampled: 476.50 | Baseline: 339.00 | Improvement: -137.50 | Win Rate: 0.00% | Actor Loss: 1.5367 | Entropy: 4.4306 | Invalid S/B: 0.50/0.00 | Max Load: 5.1 | Load Gap: 2.6 | Group CV: 0.0413
Epoch [118/2000] | Sampled: 496.75 | Baseline: 309.50 | Improvement: -187.25 | Win Rate: 0.00% | Actor Loss: 3.0885 | Entropy: 4.4100 | Invalid S/B: 1.00/0.00 | Max Load: 5.5 | Load Gap: 3.2 | Group CV: 0.0620
Epoch [119/2000] | Sampled: 489.25 | Baseline: 319.50 | Improvement: -169.75 | Win Rate: 0.00% | Actor Loss: 0.2547 | Entropy: 4.3817 | Invalid S/B: 0.50/0.00 | Max Load: 5.4 | Load Gap: 3.2 | Group CV: 0.0717
Epoch [120/2000] | Sampled: 484.62 | Baseline: 310.50 | Improvement: -174.12 | Win Rate: 0.00% | Actor Loss: -0.9912 | Entropy: 4.4051 | Invalid S/B: 0.50/0.00 | Max Load: 5.1 | Load Gap: 2.4 | Group CV: 0.0400
   -> Validation | Samples: 50 | Makespan: 375.12 | Invalid Jobs: 0.02 | Score: 377.12
Epoch [121/2000] | Sampled: 481.25 | Baseline: 317.00 | Improvement: -164.25 | Win Rate: 0.00% | Actor Loss: -2.0733 | Entropy: 4.4365 | Invalid S/B: 0.75/0.00 | Max Load: 5.4 | Load Gap: 3.2 | Group CV: 0.0958
Epoch [122/2000] | Sampled: 462.12 | Baseline: 312.50 | Improvement: -149.62 | Win Rate: 0.00% | Actor Loss: -0.2350 | Entropy: 4.4540 | Invalid S/B: 0.62/0.00 | Max Load: 5.2 | Load Gap: 2.9 | Group CV: 0.0764
Epoch [123/2000] | Sampled: 488.38 | Baseline: 334.00 | Improvement: -154.38 | Win Rate: 0.00% | Actor Loss: -2.2838 | Entropy: 4.4567 | Invalid S/B: 1.38/0.00 | Max Load: 5.2 | Load Gap: 2.9 | Group CV: 0.0726
Epoch [124/2000] | Sampled: 456.50 | Baseline: 330.50 | Improvement: -126.00 | Win Rate: 0.00% | Actor Loss: -0.6112 | Entropy: 4.4547 | Invalid S/B: 0.50/0.00 | Max Load: 5.4 | Load Gap: 3.0 | Group CV: 0.0846
Epoch [125/2000] | Sampled: 475.88 | Baseline: 339.00 | Improvement: -136.88 | Win Rate: 0.00% | Actor Loss: 1.2511 | Entropy: 4.4837 | Invalid S/B: 0.75/0.00 | Max Load: 5.0 | Load Gap: 2.9 | Group CV: 0.0514
Epoch [126/2000] | Sampled: 483.50 | Baseline: 317.00 | Improvement: -166.50 | Win Rate: 0.00% | Actor Loss: -2.4845 | Entropy: 4.4735 | Invalid S/B: 1.12/0.00 | Max Load: 5.5 | Load Gap: 2.9 | Group CV: 0.0629
Epoch [127/2000] | Sampled: 466.00 | Baseline: 333.50 | Improvement: -132.50 | Win Rate: 0.00% | Actor Loss: -1.5530 | Entropy: 4.4214 | Invalid S/B: 0.62/0.00 | Max Load: 5.2 | Load Gap: 3.0 | Group CV: 0.0622
Epoch [128/2000] | Sampled: 490.38 | Baseline: 344.50 | Improvement: -145.88 | Win Rate: 0.00% | Actor Loss: -1.7168 | Entropy: 4.4142 | Invalid S/B: 1.12/0.00 | Max Load: 5.1 | Load Gap: 2.5 | Group CV: 0.0521
Epoch [129/2000] | Sampled: 493.75 | Baseline: 330.50 | Improvement: -163.25 | Win Rate: 0.00% | Actor Loss: -4.3289 | Entropy: 4.3955 | Invalid S/B: 1.38/0.00 | Max Load: 5.2 | Load Gap: 3.0 | Group CV: 0.0886
Epoch [130/2000] | Sampled: 472.25 | Baseline: 336.00 | Improvement: -136.25 | Win Rate: 0.00% | Actor Loss: -1.4410 | Entropy: 4.4642 | Invalid S/B: 1.00/0.00 | Max Load: 5.5 | Load Gap: 3.5 | Group CV: 0.0814
   -> Validation | Samples: 50 | Makespan: 375.18 | Invalid Jobs: 0.06 | Score: 381.18
Epoch [131/2000] | Sampled: 472.12 | Baseline: 334.50 | Improvement: -137.62 | Win Rate: 0.00% | Actor Loss: -0.8830 | Entropy: 4.4649 | Invalid S/B: 1.38/0.00 | Max Load: 5.6 | Load Gap: 3.2 | Group CV: 0.0429
Epoch [132/2000] | Sampled: 488.62 | Baseline: 355.50 | Improvement: -133.12 | Win Rate: 0.00% | Actor Loss: 3.6900 | Entropy: 4.3766 | Invalid S/B: 1.12/0.00 | Max Load: 5.2 | Load Gap: 3.0 | Group CV: 0.0575
Epoch [133/2000] | Sampled: 465.00 | Baseline: 319.50 | Improvement: -145.50 | Win Rate: 0.00% | Actor Loss: 0.0103 | Entropy: 4.4170 | Invalid S/B: 0.50/0.00 | Max Load: 5.5 | Load Gap: 3.1 | Group CV: 0.0437
Epoch [134/2000] | Sampled: 483.75 | Baseline: 407.50 | Improvement: -76.25 | Win Rate: 0.00% | Actor Loss: -3.8339 | Entropy: 4.3786 | Invalid S/B: 0.38/0.00 | Max Load: 5.6 | Load Gap: 3.6 | Group CV: 0.0475
Epoch [135/2000] | Sampled: 448.62 | Baseline: 340.50 | Improvement: -108.12 | Win Rate: 0.00% | Actor Loss: 1.9113 | Entropy: 4.4241 | Invalid S/B: 0.12/0.00 | Max Load: 5.5 | Load Gap: 3.0 | Group CV: 0.0387
Epoch [136/2000] | Sampled: 478.88 | Baseline: 329.00 | Improvement: -149.88 | Win Rate: 0.00% | Actor Loss: 1.2623 | Entropy: 4.3970 | Invalid S/B: 0.88/0.00 | Max Load: 5.2 | Load Gap: 3.0 | Group CV: 0.0332
Epoch [137/2000] | Sampled: 476.38 | Baseline: 353.00 | Improvement: -123.38 | Win Rate: 0.00% | Actor Loss: -0.4986 | Entropy: 4.4318 | Invalid S/B: 0.75/0.50 | Max Load: 5.4 | Load Gap: 2.9 | Group CV: 0.0814
Epoch [138/2000] | Sampled: 451.25 | Baseline: 353.00 | Improvement: -98.25 | Win Rate: 0.00% | Actor Loss: -1.3246 | Entropy: 4.3740 | Invalid S/B: 0.62/0.00 | Max Load: 5.2 | Load Gap: 2.9 | Group CV: 0.0897
Epoch [139/2000] | Sampled: 478.12 | Baseline: 324.50 | Improvement: -153.62 | Win Rate: 0.00% | Actor Loss: -2.7967 | Entropy: 4.3314 | Invalid S/B: 0.12/0.00 | Max Load: 5.2 | Load Gap: 2.8 | Group CV: 0.0427
Epoch [140/2000] | Sampled: 481.88 | Baseline: 363.50 | Improvement: -118.38 | Win Rate: 0.00% | Actor Loss: 0.2397 | Entropy: 4.3771 | Invalid S/B: 1.50/0.00 | Max Load: 5.1 | Load Gap: 2.5 | Group CV: 0.0777
   -> Validation | Samples: 50 | Makespan: 371.14 | Invalid Jobs: 0.00 | Score: 371.14
Epoch [141/2000] | Sampled: 465.38 | Baseline: 311.50 | Improvement: -153.88 | Win Rate: 0.00% | Actor Loss: -2.3473 | Entropy: 4.3223 | Invalid S/B: 0.38/0.00 | Max Load: 5.2 | Load Gap: 2.9 | Group CV: 0.0506
Epoch [142/2000] | Sampled: 507.38 | Baseline: 343.50 | Improvement: -163.88 | Win Rate: 0.00% | Actor Loss: 5.5932 | Entropy: 4.2404 | Invalid S/B: 1.62/0.00 | Max Load: 5.0 | Load Gap: 2.8 | Group CV: 0.1161
Epoch [143/2000] | Sampled: 431.75 | Baseline: 336.00 | Improvement: -95.75 | Win Rate: 0.00% | Actor Loss: 1.0447 | Entropy: 4.3480 | Invalid S/B: 0.62/0.00 | Max Load: 5.1 | Load Gap: 2.6 | Group CV: 0.0440
Epoch [144/2000] | Sampled: 443.00 | Baseline: 313.50 | Improvement: -129.50 | Win Rate: 0.00% | Actor Loss: -2.6779 | Entropy: 4.3145 | Invalid S/B: 0.50/0.00 | Max Load: 5.0 | Load Gap: 2.5 | Group CV: 0.0822
Epoch [145/2000] | Sampled: 471.50 | Baseline: 355.50 | Improvement: -116.00 | Win Rate: 0.00% | Actor Loss: 2.3826 | Entropy: 4.2694 | Invalid S/B: 0.75/0.00 | Max Load: 5.5 | Load Gap: 3.0 | Group CV: 0.0579
Epoch [146/2000] | Sampled: 445.12 | Baseline: 340.50 | Improvement: -104.62 | Win Rate: 0.00% | Actor Loss: -4.3250 | Entropy: 4.2673 | Invalid S/B: 0.62/0.00 | Max Load: 5.0 | Load Gap: 2.4 | Group CV: 0.0666
Epoch [147/2000] | Sampled: 459.25 | Baseline: 358.00 | Improvement: -101.25 | Win Rate: 0.00% | Actor Loss: 2.4814 | Entropy: 4.2695 | Invalid S/B: 0.88/0.00 | Max Load: 5.0 | Load Gap: 2.5 | Group CV: 0.0529
Epoch [148/2000] | Sampled: 454.38 | Baseline: 339.50 | Improvement: -114.88 | Win Rate: 0.00% | Actor Loss: -1.7056 | Entropy: 4.2618 | Invalid S/B: 0.38/0.00 | Max Load: 5.4 | Load Gap: 2.9 | Group CV: 0.0442
Epoch [149/2000] | Sampled: 436.88 | Baseline: 311.00 | Improvement: -125.88 | Win Rate: 0.00% | Actor Loss: 4.7707 | Entropy: 4.3438 | Invalid S/B: 0.88/0.00 | Max Load: 5.5 | Load Gap: 3.1 | Group CV: 0.0731
Epoch [150/2000] | Sampled: 421.00 | Baseline: 347.00 | Improvement: -74.00 | Win Rate: 0.00% | Actor Loss: -1.1079 | Entropy: 4.3785 | Invalid S/B: 0.50/0.00 | Max Load: 5.0 | Load Gap: 2.6 | Group CV: 0.0494
   -> Validation | Samples: 50 | Makespan: 365.08 | Invalid Jobs: 0.02 | Score: 367.08
Epoch [151/2000] | Sampled: 431.12 | Baseline: 317.00 | Improvement: -114.12 | Win Rate: 0.00% | Actor Loss: -1.9770 | Entropy: 4.2953 | Invalid S/B: 0.38/0.00 | Max Load: 5.2 | Load Gap: 2.6 | Group CV: 0.0514
Epoch [152/2000] | Sampled: 469.75 | Baseline: 337.50 | Improvement: -132.25 | Win Rate: 0.00% | Actor Loss: 1.2578 | Entropy: 4.3388 | Invalid S/B: 1.00/0.00 | Max Load: 5.1 | Load Gap: 3.1 | Group CV: 0.0670
Epoch [153/2000] | Sampled: 483.75 | Baseline: 341.50 | Improvement: -142.25 | Win Rate: 0.00% | Actor Loss: -0.2236 | Entropy: 4.2688 | Invalid S/B: 1.38/0.00 | Max Load: 5.1 | Load Gap: 2.4 | Group CV: 0.0757
Epoch [154/2000] | Sampled: 458.88 | Baseline: 331.00 | Improvement: -127.88 | Win Rate: 0.00% | Actor Loss: 0.6845 | Entropy: 4.3416 | Invalid S/B: 1.00/0.00 | Max Load: 5.4 | Load Gap: 2.8 | Group CV: 0.0727
Epoch [155/2000] | Sampled: 484.38 | Baseline: 342.50 | Improvement: -141.88 | Win Rate: 0.00% | Actor Loss: 2.2389 | Entropy: 4.2469 | Invalid S/B: 0.75/0.00 | Max Load: 5.2 | Load Gap: 2.8 | Group CV: 0.0713
Epoch [156/2000] | Sampled: 431.62 | Baseline: 352.50 | Improvement: -79.12 | Win Rate: 0.00% | Actor Loss: -2.5806 | Entropy: 4.3232 | Invalid S/B: 0.50/0.00 | Max Load: 5.0 | Load Gap: 2.6 | Group CV: 0.0618
Epoch [157/2000] | Sampled: 439.88 | Baseline: 338.50 | Improvement: -101.38 | Win Rate: 0.00% | Actor Loss: 0.7339 | Entropy: 4.2608 | Invalid S/B: 0.62/0.00 | Max Load: 5.2 | Load Gap: 2.8 | Group CV: 0.0786
Epoch [158/2000] | Sampled: 439.12 | Baseline: 334.00 | Improvement: -105.12 | Win Rate: 0.00% | Actor Loss: 4.6048 | Entropy: 4.2981 | Invalid S/B: 0.25/0.00 | Max Load: 5.4 | Load Gap: 3.2 | Group CV: 0.0584
Epoch [159/2000] | Sampled: 441.62 | Baseline: 343.50 | Improvement: -98.12 | Win Rate: 0.00% | Actor Loss: 2.4098 | Entropy: 4.2395 | Invalid S/B: 0.38/0.00 | Max Load: 5.5 | Load Gap: 3.2 | Group CV: 0.0403
Epoch [160/2000] | Sampled: 420.50 | Baseline: 333.50 | Improvement: -87.00 | Win Rate: 0.00% | Actor Loss: -2.3935 | Entropy: 4.3077 | Invalid S/B: 0.25/0.00 | Max Load: 5.1 | Load Gap: 2.6 | Group CV: 0.0700
   -> Validation | Samples: 50 | Makespan: 361.40 | Invalid Jobs: 0.02 | Score: 363.40
Epoch [161/2000] | Sampled: 464.00 | Baseline: 325.50 | Improvement: -138.50 | Win Rate: 0.00% | Actor Loss: 1.7492 | Entropy: 4.1878 | Invalid S/B: 0.38/0.00 | Max Load: 5.1 | Load Gap: 2.5 | Group CV: 0.0631
Epoch [162/2000] | Sampled: 446.50 | Baseline: 341.50 | Improvement: -105.00 | Win Rate: 0.00% | Actor Loss: -2.4155 | Entropy: 4.1603 | Invalid S/B: 0.38/0.00 | Max Load: 5.4 | Load Gap: 3.0 | Group CV: 0.0680
Epoch [163/2000] | Sampled: 431.50 | Baseline: 305.50 | Improvement: -126.00 | Win Rate: 0.00% | Actor Loss: -1.3694 | Entropy: 4.2042 | Invalid S/B: 0.25/0.00 | Max Load: 5.5 | Load Gap: 2.8 | Group CV: 0.0658
Epoch [164/2000] | Sampled: 436.38 | Baseline: 326.00 | Improvement: -110.38 | Win Rate: 0.00% | Actor Loss: -3.8809 | Entropy: 4.1582 | Invalid S/B: 0.12/0.00 | Max Load: 5.1 | Load Gap: 2.8 | Group CV: 0.0454
Epoch [165/2000] | Sampled: 428.25 | Baseline: 339.50 | Improvement: -88.75 | Win Rate: 0.00% | Actor Loss: -1.3904 | Entropy: 4.1558 | Invalid S/B: 0.50/0.00 | Max Load: 5.6 | Load Gap: 3.4 | Group CV: 0.0548
Epoch [166/2000] | Sampled: 431.00 | Baseline: 341.00 | Improvement: -90.00 | Win Rate: 0.00% | Actor Loss: -7.0397 | Entropy: 4.2158 | Invalid S/B: 0.50/0.00 | Max Load: 5.6 | Load Gap: 3.4 | Group CV: 0.0511
Epoch [167/2000] | Sampled: 460.12 | Baseline: 332.50 | Improvement: -127.62 | Win Rate: 0.00% | Actor Loss: 1.9801 | Entropy: 4.0542 | Invalid S/B: 0.50/0.00 | Max Load: 5.1 | Load Gap: 2.6 | Group CV: 0.0727
Epoch [168/2000] | Sampled: 434.12 | Baseline: 331.50 | Improvement: -102.62 | Win Rate: 0.00% | Actor Loss: 1.9678 | Entropy: 4.0415 | Invalid S/B: 0.38/0.00 | Max Load: 5.0 | Load Gap: 2.8 | Group CV: 0.0408
Epoch [169/2000] | Sampled: 446.25 | Baseline: 324.00 | Improvement: -122.25 | Win Rate: 0.00% | Actor Loss: -3.9788 | Entropy: 4.0979 | Invalid S/B: 0.00/0.00 | Max Load: 5.5 | Load Gap: 2.9 | Group CV: 0.0572
Epoch [170/2000] | Sampled: 433.88 | Baseline: 331.00 | Improvement: -102.88 | Win Rate: 0.00% | Actor Loss: 4.3577 | Entropy: 4.0016 | Invalid S/B: 0.25/0.00 | Max Load: 5.2 | Load Gap: 2.4 | Group CV: 0.0630
   -> Validation | Samples: 50 | Makespan: 360.72 | Invalid Jobs: 0.00 | Score: 360.72
   -> Saved new best model (Val Score: 360.72)
Epoch [171/2000] | Sampled: 431.38 | Baseline: 324.00 | Improvement: -107.38 | Win Rate: 0.00% | Actor Loss: -0.7538 | Entropy: 4.0041 | Invalid S/B: 0.12/0.00 | Max Load: 5.4 | Load Gap: 3.0 | Group CV: 0.0968
Epoch [172/2000] | Sampled: 433.00 | Baseline: 316.00 | Improvement: -117.00 | Win Rate: 0.00% | Actor Loss: -0.5610 | Entropy: 3.9191 | Invalid S/B: 0.00/0.00 | Max Load: 5.1 | Load Gap: 2.5 | Group CV: 0.0416
Epoch [173/2000] | Sampled: 437.88 | Baseline: 354.00 | Improvement: -83.88 | Win Rate: 0.00% | Actor Loss: -1.6458 | Entropy: 3.9395 | Invalid S/B: 0.12/0.00 | Max Load: 5.1 | Load Gap: 2.6 | Group CV: 0.0986
Epoch [174/2000] | Sampled: 451.25 | Baseline: 338.50 | Improvement: -112.75 | Win Rate: 0.00% | Actor Loss: -5.5523 | Entropy: 3.9768 | Invalid S/B: 0.25/0.00 | Max Load: 5.5 | Load Gap: 3.1 | Group CV: 0.0609
Epoch [175/2000] | Sampled: 432.25 | Baseline: 355.50 | Improvement: -76.75 | Win Rate: 0.00% | Actor Loss: 5.5381 | Entropy: 3.9644 | Invalid S/B: 0.25/0.00 | Max Load: 5.0 | Load Gap: 2.5 | Group CV: 0.0764
Epoch [176/2000] | Sampled: 433.38 | Baseline: 324.00 | Improvement: -109.38 | Win Rate: 0.00% | Actor Loss: 1.9690 | Entropy: 4.0318 | Invalid S/B: 0.12/0.00 | Max Load: 5.0 | Load Gap: 2.5 | Group CV: 0.0311
Epoch [177/2000] | Sampled: 432.88 | Baseline: 352.00 | Improvement: -80.88 | Win Rate: 0.00% | Actor Loss: 3.9820 | Entropy: 4.0421 | Invalid S/B: 0.25/0.00 | Max Load: 5.2 | Load Gap: 2.6 | Group CV: 0.0371
Epoch [178/2000] | Sampled: 450.88 | Baseline: 355.50 | Improvement: -95.38 | Win Rate: 0.00% | Actor Loss: -3.0426 | Entropy: 4.0996 | Invalid S/B: 0.38/0.00 | Max Load: 5.2 | Load Gap: 3.0 | Group CV: 0.0536
Epoch [179/2000] | Sampled: 422.25 | Baseline: 337.00 | Improvement: -85.25 | Win Rate: 0.00% | Actor Loss: -1.8957 | Entropy: 4.1017 | Invalid S/B: 0.12/0.00 | Max Load: 5.4 | Load Gap: 3.0 | Group CV: 0.0491
Epoch [180/2000] | Sampled: 431.25 | Baseline: 326.00 | Improvement: -105.25 | Win Rate: 0.00% | Actor Loss: 3.2135 | Entropy: 4.1132 | Invalid S/B: 0.12/0.00 | Max Load: 5.6 | Load Gap: 3.1 | Group CV: 0.0473
   -> Validation | Samples: 50 | Makespan: 362.20 | Invalid Jobs: 0.02 | Score: 364.20
Epoch [181/2000] | Sampled: 428.75 | Baseline: 335.00 | Improvement: -93.75 | Win Rate: 0.00% | Actor Loss: 1.8113 | Entropy: 4.2270 | Invalid S/B: 0.50/0.00 | Max Load: 5.4 | Load Gap: 3.0 | Group CV: 0.0456
Epoch [182/2000] | Sampled: 426.25 | Baseline: 329.50 | Improvement: -96.75 | Win Rate: 0.00% | Actor Loss: 0.4833 | Entropy: 4.1933 | Invalid S/B: 0.25/0.00 | Max Load: 5.1 | Load Gap: 2.8 | Group CV: 0.0341
Epoch [183/2000] | Sampled: 463.62 | Baseline: 328.00 | Improvement: -135.62 | Win Rate: 0.00% | Actor Loss: 0.5051 | Entropy: 4.1407 | Invalid S/B: 0.50/0.00 | Max Load: 5.0 | Load Gap: 2.4 | Group CV: 0.0673
Epoch [184/2000] | Sampled: 439.62 | Baseline: 361.50 | Improvement: -78.12 | Win Rate: 0.00% | Actor Loss: -0.1840 | Entropy: 4.1460 | Invalid S/B: 0.12/0.00 | Max Load: 5.1 | Load Gap: 2.8 | Group CV: 0.0571
Epoch [185/2000] | Sampled: 449.00 | Baseline: 351.00 | Improvement: -98.00 | Win Rate: 0.00% | Actor Loss: -1.1664 | Entropy: 4.1875 | Invalid S/B: 0.38/0.00 | Max Load: 5.6 | Load Gap: 3.2 | Group CV: 0.0584
Epoch [186/2000] | Sampled: 427.38 | Baseline: 339.50 | Improvement: -87.88 | Win Rate: 0.00% | Actor Loss: 1.0589 | Entropy: 4.1674 | Invalid S/B: 0.00/0.00 | Max Load: 5.1 | Load Gap: 2.4 | Group CV: 0.0350
Epoch [187/2000] | Sampled: 433.12 | Baseline: 330.00 | Improvement: -103.12 | Win Rate: 0.00% | Actor Loss: -6.6913 | Entropy: 4.2462 | Invalid S/B: 0.50/0.00 | Max Load: 5.2 | Load Gap: 2.6 | Group CV: 0.0845
Epoch [188/2000] | Sampled: 431.88 | Baseline: 351.00 | Improvement: -80.88 | Win Rate: 0.00% | Actor Loss: 2.0643 | Entropy: 4.1588 | Invalid S/B: 0.50/0.00 | Max Load: 5.2 | Load Gap: 2.6 | Group CV: 0.0622
Epoch [189/2000] | Sampled: 446.00 | Baseline: 330.00 | Improvement: -116.00 | Win Rate: 0.00% | Actor Loss: -4.8365 | Entropy: 4.2067 | Invalid S/B: 0.12/0.00 | Max Load: 5.2 | Load Gap: 2.5 | Group CV: 0.0472
Epoch [190/2000] | Sampled: 430.12 | Baseline: 314.00 | Improvement: -116.12 | Win Rate: 0.00% | Actor Loss: -1.2939 | Entropy: 4.2171 | Invalid S/B: 0.38/0.00 | Max Load: 5.2 | Load Gap: 2.9 | Group CV: 0.0557
   -> Validation | Samples: 50 | Makespan: 371.12 | Invalid Jobs: 0.00 | Score: 371.12
Epoch [191/2000] | Sampled: 413.25 | Baseline: 301.00 | Improvement: -112.25 | Win Rate: 0.00% | Actor Loss: 0.1603 | Entropy: 4.2358 | Invalid S/B: 0.38/0.00 | Max Load: 5.5 | Load Gap: 3.1 | Group CV: 0.0507
Epoch [192/2000] | Sampled: 423.38 | Baseline: 360.00 | Improvement: -63.38 | Win Rate: 0.00% | Actor Loss: -5.7237 | Entropy: 4.1821 | Invalid S/B: 0.00/0.00 | Max Load: 5.0 | Load Gap: 2.4 | Group CV: 0.0334
Epoch [193/2000] | Sampled: 435.25 | Baseline: 312.50 | Improvement: -122.75 | Win Rate: 0.00% | Actor Loss: 1.4768 | Entropy: 4.0956 | Invalid S/B: 0.25/0.00 | Max Load: 5.0 | Load Gap: 2.4 | Group CV: 0.0592
Epoch [194/2000] | Sampled: 438.62 | Baseline: 345.00 | Improvement: -93.62 | Win Rate: 0.00% | Actor Loss: 3.0504 | Entropy: 4.1427 | Invalid S/B: 1.00/0.00 | Max Load: 5.1 | Load Gap: 2.6 | Group CV: 0.0735
Epoch [195/2000] | Sampled: 457.75 | Baseline: 364.50 | Improvement: -93.25 | Win Rate: 0.00% | Actor Loss: 3.3396 | Entropy: 4.0290 | Invalid S/B: 0.75/0.00 | Max Load: 5.0 | Load Gap: 2.2 | Group CV: 0.0745
Epoch [196/2000] | Sampled: 434.62 | Baseline: 317.00 | Improvement: -117.62 | Win Rate: 0.00% | Actor Loss: -3.1655 | Entropy: 4.2031 | Invalid S/B: 0.38/0.00 | Max Load: 5.2 | Load Gap: 2.8 | Group CV: 0.0770
Epoch [197/2000] | Sampled: 413.25 | Baseline: 328.00 | Improvement: -85.25 | Win Rate: 0.00% | Actor Loss: -2.5276 | Entropy: 4.1434 | Invalid S/B: 0.50/0.00 | Max Load: 5.2 | Load Gap: 2.5 | Group CV: 0.0384
Epoch [198/2000] | Sampled: 446.00 | Baseline: 311.00 | Improvement: -135.00 | Win Rate: 0.00% | Actor Loss: -3.2709 | Entropy: 4.1546 | Invalid S/B: 0.12/0.00 | Max Load: 5.1 | Load Gap: 2.4 | Group CV: 0.0232
Epoch [199/2000] | Sampled: 436.75 | Baseline: 360.00 | Improvement: -76.75 | Win Rate: 0.00% | Actor Loss: -1.6981 | Entropy: 4.0878 | Invalid S/B: 0.12/0.00 | Max Load: 5.2 | Load Gap: 2.8 | Group CV: 0.0586
Epoch [200/2000] | Sampled: 445.25 | Baseline: 322.00 | Improvement: -123.25 | Win Rate: 0.00% | Actor Loss: -4.3407 | Entropy: 4.0838 | Invalid S/B: 0.25/0.00 | Max Load: 5.1 | Load Gap: 2.4 | Group CV: 0.0643
   -> Validation | Samples: 50 | Makespan: 371.30 | Invalid Jobs: 0.00 | Score: 371.30
   -> Saved updated training chart to /home/wei/Desktop/AMR-DFJSP/Static_alogorithm/GNN/gnn_training_metrics.png
Epoch [201/2000] | Sampled: 429.38 | Baseline: 348.00 | Improvement: -81.38 | Win Rate: 0.00% | Actor Loss: -0.3254 | Entropy: 4.0333 | Invalid S/B: 0.00/0.00 | Max Load: 5.5 | Load Gap: 2.8 | Group CV: 0.0406
Epoch [202/2000] | Sampled: 435.12 | Baseline: 361.50 | Improvement: -73.62 | Win Rate: 0.00% | Actor Loss: -3.3230 | Entropy: 4.0407 | Invalid S/B: 0.12/0.00 | Max Load: 5.1 | Load Gap: 2.5 | Group CV: 0.0866
Epoch [203/2000] | Sampled: 427.62 | Baseline: 329.00 | Improvement: -98.62 | Win Rate: 0.00% | Actor Loss: 4.2898 | Entropy: 3.9855 | Invalid S/B: 0.50/0.00 | Max Load: 5.2 | Load Gap: 2.8 | Group CV: 0.0716
Epoch [204/2000] | Sampled: 423.50 | Baseline: 319.00 | Improvement: -104.50 | Win Rate: 0.00% | Actor Loss: 3.6296 | Entropy: 3.9998 | Invalid S/B: 0.12/0.00 | Max Load: 5.0 | Load Gap: 2.5 | Group CV: 0.0546
Epoch [205/2000] | Sampled: 427.62 | Baseline: 343.00 | Improvement: -84.62 | Win Rate: 0.00% | Actor Loss: 2.5622 | Entropy: 4.0329 | Invalid S/B: 0.25/0.00 | Max Load: 5.0 | Load Gap: 2.5 | Group CV: 0.0549
Epoch [206/2000] | Sampled: 438.88 | Baseline: 351.00 | Improvement: -87.88 | Win Rate: 0.00% | Actor Loss: 4.1147 | Entropy: 4.0460 | Invalid S/B: 0.12/0.00 | Max Load: 5.0 | Load Gap: 2.1 | Group CV: 0.0447
Epoch [207/2000] | Sampled: 409.75 | Baseline: 322.50 | Improvement: -87.25 | Win Rate: 0.00% | Actor Loss: 1.1190 | Entropy: 4.0243 | Invalid S/B: 0.12/0.00 | Max Load: 5.0 | Load Gap: 2.6 | Group CV: 0.0429
Epoch [208/2000] | Sampled: 449.75 | Baseline: 350.00 | Improvement: -99.75 | Win Rate: 0.00% | Actor Loss: -1.3009 | Entropy: 4.0804 | Invalid S/B: 0.38/0.00 | Max Load: 5.4 | Load Gap: 2.5 | Group CV: 0.0419
Epoch [209/2000] | Sampled: 426.25 | Baseline: 316.00 | Improvement: -110.25 | Win Rate: 0.00% | Actor Loss: -4.5535 | Entropy: 4.0926 | Invalid S/B: 0.50/0.00 | Max Load: 5.1 | Load Gap: 2.6 | Group CV: 0.0617
Epoch [210/2000] | Sampled: 426.00 | Baseline: 344.50 | Improvement: -81.50 | Win Rate: 0.00% | Actor Loss: -1.3891 | Entropy: 4.0762 | Invalid S/B: 0.38/0.00 | Max Load: 5.0 | Load Gap: 2.2 | Group CV: 0.0440
   -> Validation | Samples: 50 | Makespan: 373.48 | Invalid Jobs: 0.04 | Score: 377.48
Epoch [211/2000] | Sampled: 424.75 | Baseline: 311.50 | Improvement: -113.25 | Win Rate: 0.00% | Actor Loss: -2.3236 | Entropy: 4.1145 | Invalid S/B: 0.12/0.00 | Max Load: 5.1 | Load Gap: 2.2 | Group CV: 0.0521
Epoch [212/2000] | Sampled: 437.75 | Baseline: 332.50 | Improvement: -105.25 | Win Rate: 0.00% | Actor Loss: -2.5582 | Entropy: 4.1245 | Invalid S/B: 0.62/0.00 | Max Load: 5.2 | Load Gap: 2.5 | Group CV: 0.0754
Epoch [213/2000] | Sampled: 400.88 | Baseline: 347.50 | Improvement: -53.38 | Win Rate: 25.00% | Actor Loss: -5.5119 | Entropy: 4.1535 | Invalid S/B: 0.00/0.00 | Max Load: 5.0 | Load Gap: 2.2 | Group CV: 0.0489
Epoch [214/2000] | Sampled: 423.38 | Baseline: 322.00 | Improvement: -101.38 | Win Rate: 0.00% | Actor Loss: 1.3949 | Entropy: 4.2219 | Invalid S/B: 0.25/0.00 | Max Load: 5.0 | Load Gap: 2.5 | Group CV: 0.0427
Epoch [215/2000] | Sampled: 427.62 | Baseline: 323.50 | Improvement: -104.12 | Win Rate: 0.00% | Actor Loss: -2.2997 | Entropy: 4.1556 | Invalid S/B: 0.25/0.00 | Max Load: 5.0 | Load Gap: 2.5 | Group CV: 0.0461
Epoch [216/2000] | Sampled: 428.75 | Baseline: 373.00 | Improvement: -55.75 | Win Rate: 37.50% | Actor Loss: -4.1567 | Entropy: 4.0804 | Invalid S/B: 0.38/0.00 | Max Load: 5.0 | Load Gap: 2.5 | Group CV: 0.0594
Epoch [217/2000] | Sampled: 437.25 | Baseline: 367.50 | Improvement: -69.75 | Win Rate: 0.00% | Actor Loss: 1.7326 | Entropy: 4.1240 | Invalid S/B: 0.50/0.00 | Max Load: 5.2 | Load Gap: 2.6 | Group CV: 0.0526
Epoch [218/2000] | Sampled: 417.50 | Baseline: 339.50 | Improvement: -78.00 | Win Rate: 0.00% | Actor Loss: -4.2229 | Entropy: 4.2243 | Invalid S/B: 0.25/0.00 | Max Load: 5.1 | Load Gap: 2.4 | Group CV: 0.0733
Epoch [219/2000] | Sampled: 416.38 | Baseline: 334.50 | Improvement: -81.88 | Win Rate: 0.00% | Actor Loss: 5.6934 | Entropy: 4.1895 | Invalid S/B: 0.25/0.00 | Max Load: 5.0 | Load Gap: 2.1 | Group CV: 0.0606
Epoch [220/2000] | Sampled: 423.62 | Baseline: 339.50 | Improvement: -84.12 | Win Rate: 0.00% | Actor Loss: -3.3664 | Entropy: 4.1417 | Invalid S/B: 0.62/0.00 | Max Load: 5.4 | Load Gap: 2.6 | Group CV: 0.0605
   -> Validation | Samples: 50 | Makespan: 374.96 | Invalid Jobs: 0.02 | Score: 376.96
Epoch [221/2000] | Sampled: 436.62 | Baseline: 348.00 | Improvement: -88.62 | Win Rate: 0.00% | Actor Loss: 1.9545 | Entropy: 4.0968 | Invalid S/B: 0.62/0.00 | Max Load: 5.2 | Load Gap: 2.6 | Group CV: 0.0922
Epoch [222/2000] | Sampled: 402.62 | Baseline: 330.00 | Improvement: -72.62 | Win Rate: 0.00% | Actor Loss: 1.2231 | Entropy: 4.2043 | Invalid S/B: 0.25/0.00 | Max Load: 5.2 | Load Gap: 2.4 | Group CV: 0.0494
Epoch [223/2000] | Sampled: 442.75 | Baseline: 331.50 | Improvement: -111.25 | Win Rate: 0.00% | Actor Loss: 1.4388 | Entropy: 4.0889 | Invalid S/B: 0.62/0.00 | Max Load: 5.2 | Load Gap: 2.4 | Group CV: 0.0945
Epoch [224/2000] | Sampled: 397.38 | Baseline: 315.50 | Improvement: -81.88 | Win Rate: 0.00% | Actor Loss: 3.6389 | Entropy: 4.1909 | Invalid S/B: 0.38/0.00 | Max Load: 4.9 | Load Gap: 2.1 | Group CV: 0.0796
Epoch [225/2000] | Sampled: 411.25 | Baseline: 321.50 | Improvement: -89.75 | Win Rate: 0.00% | Actor Loss: -1.1231 | Entropy: 4.1104 | Invalid S/B: 0.25/0.00 | Max Load: 5.1 | Load Gap: 2.1 | Group CV: 0.0508
Epoch [226/2000] | Sampled: 409.00 | Baseline: 326.50 | Improvement: -82.50 | Win Rate: 0.00% | Actor Loss: -5.3285 | Entropy: 4.1056 | Invalid S/B: 0.12/0.00 | Max Load: 5.1 | Load Gap: 2.4 | Group CV: 0.0383
Epoch [227/2000] | Sampled: 412.75 | Baseline: 352.00 | Improvement: -60.75 | Win Rate: 12.50% | Actor Loss: -1.9598 | Entropy: 4.1124 | Invalid S/B: 0.62/0.00 | Max Load: 5.1 | Load Gap: 2.4 | Group CV: 0.0595
Epoch [228/2000] | Sampled: 399.00 | Baseline: 336.50 | Improvement: -62.50 | Win Rate: 0.00% | Actor Loss: 2.8068 | Entropy: 4.1285 | Invalid S/B: 0.38/0.00 | Max Load: 5.0 | Load Gap: 2.2 | Group CV: 0.0725
Epoch [229/2000] | Sampled: 404.38 | Baseline: 370.50 | Improvement: -33.88 | Win Rate: 0.00% | Actor Loss: -1.7951 | Entropy: 4.0576 | Invalid S/B: 0.00/0.00 | Max Load: 5.0 | Load Gap: 2.4 | Group CV: 0.0371
Epoch [230/2000] | Sampled: 413.50 | Baseline: 301.00 | Improvement: -112.50 | Win Rate: 0.00% | Actor Loss: 3.4888 | Entropy: 4.1002 | Invalid S/B: 0.62/0.00 | Max Load: 5.1 | Load Gap: 2.4 | Group CV: 0.0909
   -> Validation | Samples: 50 | Makespan: 366.84 | Invalid Jobs: 0.00 | Score: 366.84
Epoch [231/2000] | Sampled: 403.88 | Baseline: 344.00 | Improvement: -59.88 | Win Rate: 0.00% | Actor Loss: 3.6549 | Entropy: 4.0653 | Invalid S/B: 0.00/0.00 | Max Load: 5.0 | Load Gap: 2.1 | Group CV: 0.0313
Epoch [232/2000] | Sampled: 404.88 | Baseline: 318.50 | Improvement: -86.38 | Win Rate: 0.00% | Actor Loss: -0.1806 | Entropy: 4.1315 | Invalid S/B: 0.12/0.00 | Max Load: 5.0 | Load Gap: 2.4 | Group CV: 0.0353
Epoch [233/2000] | Sampled: 417.25 | Baseline: 349.50 | Improvement: -67.75 | Win Rate: 0.00% | Actor Loss: -7.2740 | Entropy: 4.0553 | Invalid S/B: 0.50/0.00 | Max Load: 5.0 | Load Gap: 2.1 | Group CV: 0.0504
Epoch [234/2000] | Sampled: 425.75 | Baseline: 365.50 | Improvement: -60.25 | Win Rate: 0.00% | Actor Loss: -6.3116 | Entropy: 3.9933 | Invalid S/B: 0.38/0.00 | Max Load: 5.4 | Load Gap: 2.5 | Group CV: 0.0276
Epoch [235/2000] | Sampled: 409.38 | Baseline: 305.50 | Improvement: -103.88 | Win Rate: 0.00% | Actor Loss: 1.7541 | Entropy: 4.0577 | Invalid S/B: 0.00/0.00 | Max Load: 5.1 | Load Gap: 2.4 | Group CV: 0.0696
Epoch [236/2000] | Sampled: 399.62 | Baseline: 359.50 | Improvement: -40.12 | Win Rate: 25.00% | Actor Loss: 0.3954 | Entropy: 4.0161 | Invalid S/B: 0.38/0.00 | Max Load: 5.0 | Load Gap: 2.0 | Group CV: 0.0368
Epoch [237/2000] | Sampled: 398.50 | Baseline: 329.00 | Improvement: -69.50 | Win Rate: 0.00% | Actor Loss: 0.4690 | Entropy: 3.8855 | Invalid S/B: 0.12/0.00 | Max Load: 5.1 | Load Gap: 2.8 | Group CV: 0.0404
Epoch [238/2000] | Sampled: 401.50 | Baseline: 340.00 | Improvement: -61.50 | Win Rate: 0.00% | Actor Loss: 1.7082 | Entropy: 3.8615 | Invalid S/B: 0.00/0.00 | Max Load: 4.9 | Load Gap: 2.0 | Group CV: 0.0194
Epoch [239/2000] | Sampled: 404.25 | Baseline: 321.00 | Improvement: -83.25 | Win Rate: 0.00% | Actor Loss: 1.1457 | Entropy: 3.8948 | Invalid S/B: 0.25/0.00 | Max Load: 5.1 | Load Gap: 2.2 | Group CV: 0.0346
Epoch [240/2000] | Sampled: 430.88 | Baseline: 331.50 | Improvement: -99.38 | Win Rate: 0.00% | Actor Loss: 0.6298 | Entropy: 3.9274 | Invalid S/B: 0.25/0.00 | Max Load: 4.8 | Load Gap: 1.8 | Group CV: 0.0798
   -> Validation | Samples: 50 | Makespan: 360.14 | Invalid Jobs: 0.00 | Score: 360.14
   -> Saved new best model (Val Score: 360.14)
Epoch [241/2000] | Sampled: 448.25 | Baseline: 374.00 | Improvement: -74.25 | Win Rate: 12.50% | Actor Loss: -11.4435 | Entropy: 3.7936 | Invalid S/B: 0.38/0.00 | Max Load: 5.0 | Load Gap: 2.1 | Group CV: 0.0591
Epoch [242/2000] | Sampled: 417.88 | Baseline: 341.00 | Improvement: -76.88 | Win Rate: 0.00% | Actor Loss: -2.8330 | Entropy: 3.8020 | Invalid S/B: 0.25/0.00 | Max Load: 5.2 | Load Gap: 2.4 | Group CV: 0.0818
Epoch [243/2000] | Sampled: 403.25 | Baseline: 323.50 | Improvement: -79.75 | Win Rate: 0.00% | Actor Loss: -1.9159 | Entropy: 3.8247 | Invalid S/B: 0.12/0.00 | Max Load: 5.0 | Load Gap: 2.0 | Group CV: 0.0405
Epoch [244/2000] | Sampled: 402.00 | Baseline: 314.50 | Improvement: -87.50 | Win Rate: 0.00% | Actor Loss: -0.9582 | Entropy: 3.8068 | Invalid S/B: 0.12/0.00 | Max Load: 5.1 | Load Gap: 2.1 | Group CV: 0.0295
Epoch [245/2000] | Sampled: 442.38 | Baseline: 361.00 | Improvement: -81.38 | Win Rate: 0.00% | Actor Loss: -1.3973 | Entropy: 3.7935 | Invalid S/B: 0.25/0.00 | Max Load: 5.0 | Load Gap: 2.2 | Group CV: 0.0584
Epoch [246/2000] | Sampled: 406.00 | Baseline: 319.50 | Improvement: -86.50 | Win Rate: 0.00% | Actor Loss: -4.4141 | Entropy: 3.7541 | Invalid S/B: 0.00/0.00 | Max Load: 5.1 | Load Gap: 2.4 | Group CV: 0.0246
Epoch [247/2000] | Sampled: 425.88 | Baseline: 344.00 | Improvement: -81.88 | Win Rate: 0.00% | Actor Loss: 1.4165 | Entropy: 3.7410 | Invalid S/B: 0.12/0.00 | Max Load: 5.2 | Load Gap: 2.4 | Group CV: 0.0276
Epoch [248/2000] | Sampled: 416.25 | Baseline: 333.50 | Improvement: -82.75 | Win Rate: 0.00% | Actor Loss: 1.9922 | Entropy: 3.7503 | Invalid S/B: 0.00/0.00 | Max Load: 4.9 | Load Gap: 1.9 | Group CV: 0.0336
Epoch [249/2000] | Sampled: 413.00 | Baseline: 379.50 | Improvement: -33.50 | Win Rate: 25.00% | Actor Loss: -0.3466 | Entropy: 3.7912 | Invalid S/B: 0.00/0.00 | Max Load: 5.1 | Load Gap: 2.2 | Group CV: 0.0295
Epoch [250/2000] | Sampled: 419.25 | Baseline: 355.00 | Improvement: -64.25 | Win Rate: 0.00% | Actor Loss: 1.4594 | Entropy: 3.7907 | Invalid S/B: 0.38/0.00 | Max Load: 5.0 | Load Gap: 2.2 | Group CV: 0.0819
   -> Validation | Samples: 50 | Makespan: 358.68 | Invalid Jobs: 0.00 | Score: 358.68
   -> Saved new best model (Val Score: 358.68)
Epoch [251/2000] | Sampled: 402.25 | Baseline: 311.00 | Improvement: -91.25 | Win Rate: 0.00% | Actor Loss: -4.2198 | Entropy: 3.7500 | Invalid S/B: 0.00/0.00 | Max Load: 5.2 | Load Gap: 2.2 | Group CV: 0.0669
Epoch [252/2000] | Sampled: 426.88 | Baseline: 343.50 | Improvement: -83.38 | Win Rate: 0.00% | Actor Loss: -5.2788 | Entropy: 3.8095 | Invalid S/B: 0.25/0.00 | Max Load: 5.0 | Load Gap: 2.1 | Group CV: 0.0603
Epoch [253/2000] | Sampled: 398.12 | Baseline: 336.50 | Improvement: -61.62 | Win Rate: 0.00% | Actor Loss: -2.4735 | Entropy: 3.7477 | Invalid S/B: 0.00/0.00 | Max Load: 5.0 | Load Gap: 2.2 | Group CV: 0.0377
Epoch [254/2000] | Sampled: 416.12 | Baseline: 354.50 | Improvement: -61.62 | Win Rate: 0.00% | Actor Loss: -5.4636 | Entropy: 3.7959 | Invalid S/B: 0.00/0.00 | Max Load: 4.9 | Load Gap: 2.0 | Group CV: 0.0545
Epoch [255/2000] | Sampled: 403.12 | Baseline: 338.00 | Improvement: -65.12 | Win Rate: 0.00% | Actor Loss: -2.3325 | Entropy: 3.7536 | Invalid S/B: 0.00/0.00 | Max Load: 5.1 | Load Gap: 2.2 | Group CV: 0.0315
Epoch [256/2000] | Sampled: 408.38 | Baseline: 306.50 | Improvement: -101.88 | Win Rate: 0.00% | Actor Loss: -0.4853 | Entropy: 3.7415 | Invalid S/B: 0.62/0.00 | Max Load: 4.8 | Load Gap: 1.9 | Group CV: 0.0481
Epoch [257/2000] | Sampled: 412.12 | Baseline: 336.50 | Improvement: -75.62 | Win Rate: 0.00% | Actor Loss: -4.2098 | Entropy: 3.6944 | Invalid S/B: 0.00/0.00 | Max Load: 4.9 | Load Gap: 2.1 | Group CV: 0.0608
Epoch [258/2000] | Sampled: 412.88 | Baseline: 376.00 | Improvement: -36.88 | Win Rate: 12.50% | Actor Loss: 2.3745 | Entropy: 3.6050 | Invalid S/B: 0.12/0.00 | Max Load: 4.9 | Load Gap: 1.9 | Group CV: 0.0394
Epoch [259/2000] | Sampled: 415.62 | Baseline: 342.00 | Improvement: -73.62 | Win Rate: 0.00% | Actor Loss: 4.1605 | Entropy: 3.5936 | Invalid S/B: 0.00/0.00 | Max Load: 4.8 | Load Gap: 1.9 | Group CV: 0.0598
Epoch [260/2000] | Sampled: 414.25 | Baseline: 341.50 | Improvement: -72.75 | Win Rate: 0.00% | Actor Loss: -8.0415 | Entropy: 3.5728 | Invalid S/B: 0.00/0.00 | Max Load: 4.8 | Load Gap: 1.9 | Group CV: 0.0450
   -> Validation | Samples: 50 | Makespan: 357.24 | Invalid Jobs: 0.02 | Score: 359.24
Epoch [261/2000] | Sampled: 407.25 | Baseline: 415.00 | Improvement: 7.75 | Win Rate: 62.50% | Actor Loss: -2.3597 | Entropy: 3.5739 | Invalid S/B: 0.00/0.00 | Max Load: 4.9 | Load Gap: 2.0 | Group CV: 0.0437
Epoch [262/2000] | Sampled: 404.12 | Baseline: 336.00 | Improvement: -68.12 | Win Rate: 0.00% | Actor Loss: -4.2924 | Entropy: 3.5951 | Invalid S/B: 0.00/0.00 | Max Load: 5.1 | Load Gap: 2.1 | Group CV: 0.0246
Epoch [263/2000] | Sampled: 399.00 | Baseline: 348.00 | Improvement: -51.00 | Win Rate: 12.50% | Actor Loss: -2.2585 | Entropy: 3.5909 | Invalid S/B: 0.00/0.00 | Max Load: 4.9 | Load Gap: 2.1 | Group CV: 0.0297
Epoch [264/2000] | Sampled: 402.00 | Baseline: 336.50 | Improvement: -65.50 | Win Rate: 0.00% | Actor Loss: -0.6613 | Entropy: 3.5488 | Invalid S/B: 0.00/0.00 | Max Load: 4.9 | Load Gap: 1.9 | Group CV: 0.0368
Epoch [265/2000] | Sampled: 403.25 | Baseline: 320.00 | Improvement: -83.25 | Win Rate: 0.00% | Actor Loss: 1.3010 | Entropy: 3.4745 | Invalid S/B: 0.00/0.00 | Max Load: 4.8 | Load Gap: 1.8 | Group CV: 0.0278
Epoch [266/2000] | Sampled: 396.75 | Baseline: 329.50 | Improvement: -67.25 | Win Rate: 0.00% | Actor Loss: -2.1481 | Entropy: 3.4701 | Invalid S/B: 0.12/0.00 | Max Load: 5.1 | Load Gap: 2.1 | Group CV: 0.0502
Epoch [267/2000] | Sampled: 425.50 | Baseline: 340.00 | Improvement: -85.50 | Win Rate: 0.00% | Actor Loss: 2.8987 | Entropy: 3.3579 | Invalid S/B: 0.25/0.00 | Max Load: 4.8 | Load Gap: 1.8 | Group CV: 0.0739
Epoch [268/2000] | Sampled: 403.75 | Baseline: 305.00 | Improvement: -98.75 | Win Rate: 0.00% | Actor Loss: -9.7597 | Entropy: 3.4246 | Invalid S/B: 0.00/0.00 | Max Load: 4.9 | Load Gap: 1.9 | Group CV: 0.0438
Epoch [269/2000] | Sampled: 406.00 | Baseline: 321.50 | Improvement: -84.50 | Win Rate: 0.00% | Actor Loss: -3.3071 | Entropy: 3.3560 | Invalid S/B: 0.00/0.00 | Max Load: 5.0 | Load Gap: 2.0 | Group CV: 0.0482
Epoch [270/2000] | Sampled: 412.88 | Baseline: 343.00 | Improvement: -69.88 | Win Rate: 0.00% | Actor Loss: -5.1807 | Entropy: 3.2696 | Invalid S/B: 0.00/0.00 | Max Load: 5.0 | Load Gap: 2.0 | Group CV: 0.0390
   -> Validation | Samples: 50 | Makespan: 356.32 | Invalid Jobs: 0.02 | Score: 358.32
   -> Saved new best model (Val Score: 358.32)
Epoch [271/2000] | Sampled: 397.38 | Baseline: 324.50 | Improvement: -72.88 | Win Rate: 0.00% | Actor Loss: -5.3138 | Entropy: 3.3071 | Invalid S/B: 0.00/0.00 | Max Load: 4.9 | Load Gap: 1.9 | Group CV: 0.0236
Epoch [272/2000] | Sampled: 393.12 | Baseline: 315.00 | Improvement: -78.12 | Win Rate: 0.00% | Actor Loss: -11.9429 | Entropy: 3.3102 | Invalid S/B: 0.00/0.00 | Max Load: 5.0 | Load Gap: 2.1 | Group CV: 0.0222
Epoch [273/2000] | Sampled: 387.00 | Baseline: 286.50 | Improvement: -100.50 | Win Rate: 0.00% | Actor Loss: -6.2266 | Entropy: 3.2946 | Invalid S/B: 0.00/0.00 | Max Load: 4.6 | Load Gap: 1.8 | Group CV: 0.0277
Epoch [274/2000] | Sampled: 401.38 | Baseline: 288.00 | Improvement: -113.38 | Win Rate: 0.00% | Actor Loss: 5.6305 | Entropy: 3.3746 | Invalid S/B: 0.00/0.00 | Max Load: 4.8 | Load Gap: 1.8 | Group CV: 0.0370
Epoch [275/2000] | Sampled: 403.50 | Baseline: 307.50 | Improvement: -96.00 | Win Rate: 0.00% | Actor Loss: -2.3673 | Entropy: 3.2226 | Invalid S/B: 0.00/0.00 | Max Load: 4.9 | Load Gap: 1.9 | Group CV: 0.0486
Epoch [276/2000] | Sampled: 401.50 | Baseline: 315.50 | Improvement: -86.00 | Win Rate: 0.00% | Actor Loss: -6.8832 | Entropy: 3.2063 | Invalid S/B: 0.00/0.00 | Max Load: 4.9 | Load Gap: 2.0 | Group CV: 0.0240
Epoch [277/2000] | Sampled: 396.12 | Baseline: 315.50 | Improvement: -80.62 | Win Rate: 0.00% | Actor Loss: -10.2007 | Entropy: 3.1457 | Invalid S/B: 0.00/0.00 | Max Load: 4.6 | Load Gap: 1.8 | Group CV: 0.0325
Epoch [278/2000] | Sampled: 404.75 | Baseline: 321.50 | Improvement: -83.25 | Win Rate: 0.00% | Actor Loss: 2.4723 | Entropy: 3.1924 | Invalid S/B: 0.00/0.00 | Max Load: 4.8 | Load Gap: 1.8 | Group CV: 0.0348
Epoch [279/2000] | Sampled: 392.50 | Baseline: 321.00 | Improvement: -71.50 | Win Rate: 0.00% | Actor Loss: -9.6767 | Entropy: 3.1465 | Invalid S/B: 0.00/0.00 | Max Load: 4.8 | Load Gap: 1.8 | Group CV: 0.0328
Epoch [280/2000] | Sampled: 406.12 | Baseline: 352.50 | Improvement: -53.62 | Win Rate: 0.00% | Actor Loss: -3.3431 | Entropy: 3.1537 | Invalid S/B: 0.00/0.00 | Max Load: 4.6 | Load Gap: 1.6 | Group CV: 0.0291
   -> Validation | Samples: 50 | Makespan: 353.24 | Invalid Jobs: 0.00 | Score: 353.24
   -> Saved new best model (Val Score: 353.24)
Epoch [281/2000] | Sampled: 403.62 | Baseline: 339.00 | Improvement: -64.62 | Win Rate: 0.00% | Actor Loss: -0.8892 | Entropy: 2.9717 | Invalid S/B: 0.00/0.00 | Max Load: 5.0 | Load Gap: 2.0 | Group CV: 0.0562
Epoch [282/2000] | Sampled: 399.12 | Baseline: 331.50 | Improvement: -67.62 | Win Rate: 0.00% | Actor Loss: -7.3234 | Entropy: 3.0434 | Invalid S/B: 0.00/0.00 | Max Load: 4.8 | Load Gap: 1.9 | Group CV: 0.0318
Epoch [283/2000] | Sampled: 404.12 | Baseline: 370.00 | Improvement: -34.12 | Win Rate: 37.50% | Actor Loss: 8.5298 | Entropy: 3.0024 | Invalid S/B: 0.12/0.00 | Max Load: 4.6 | Load Gap: 1.8 | Group CV: 0.0612
Epoch [284/2000] | Sampled: 397.88 | Baseline: 317.00 | Improvement: -80.88 | Win Rate: 0.00% | Actor Loss: -4.6572 | Entropy: 2.9131 | Invalid S/B: 0.12/0.00 | Max Load: 4.5 | Load Gap: 1.5 | Group CV: 0.0629
Epoch [285/2000] | Sampled: 386.50 | Baseline: 333.50 | Improvement: -53.00 | Win Rate: 0.00% | Actor Loss: -1.1986 | Entropy: 2.9930 | Invalid S/B: 0.00/0.00 | Max Load: 4.8 | Load Gap: 1.8 | Group CV: 0.0294
Epoch [286/2000] | Sampled: 381.88 | Baseline: 329.00 | Improvement: -52.88 | Win Rate: 0.00% | Actor Loss: -9.3785 | Entropy: 2.9168 | Invalid S/B: 0.00/0.00 | Max Load: 4.9 | Load Gap: 1.9 | Group CV: 0.0487
Epoch [287/2000] | Sampled: 397.00 | Baseline: 332.50 | Improvement: -64.50 | Win Rate: 0.00% | Actor Loss: 1.1768 | Entropy: 2.8422 | Invalid S/B: 0.00/0.00 | Max Load: 4.6 | Load Gap: 1.8 | Group CV: 0.0600
Epoch [288/2000] | Sampled: 404.25 | Baseline: 314.50 | Improvement: -89.75 | Win Rate: 0.00% | Actor Loss: -6.0040 | Entropy: 2.8230 | Invalid S/B: 0.00/0.00 | Max Load: 4.8 | Load Gap: 1.8 | Group CV: 0.0487
Epoch [289/2000] | Sampled: 391.00 | Baseline: 301.00 | Improvement: -90.00 | Win Rate: 0.00% | Actor Loss: 2.3620 | Entropy: 2.7808 | Invalid S/B: 0.12/0.00 | Max Load: 4.8 | Load Gap: 1.8 | Group CV: 0.0470
Epoch [290/2000] | Sampled: 402.00 | Baseline: 324.50 | Improvement: -77.50 | Win Rate: 0.00% | Actor Loss: -13.9106 | Entropy: 2.7969 | Invalid S/B: 0.12/0.00 | Max Load: 4.9 | Load Gap: 1.9 | Group CV: 0.0484
   -> Validation | Samples: 50 | Makespan: 352.08 | Invalid Jobs: 0.00 | Score: 352.08
   -> Saved new best model (Val Score: 352.08)
Epoch [291/2000] | Sampled: 398.62 | Baseline: 405.50 | Improvement: 6.88 | Win Rate: 50.00% | Actor Loss: 7.1941 | Entropy: 2.7482 | Invalid S/B: 0.12/0.00 | Max Load: 4.8 | Load Gap: 1.8 | Group CV: 0.0419
Epoch [292/2000] | Sampled: 393.88 | Baseline: 330.00 | Improvement: -63.88 | Win Rate: 0.00% | Actor Loss: -0.2707 | Entropy: 2.7327 | Invalid S/B: 0.12/0.00 | Max Load: 4.9 | Load Gap: 1.9 | Group CV: 0.0338
Epoch [293/2000] | Sampled: 386.00 | Baseline: 316.50 | Improvement: -69.50 | Win Rate: 0.00% | Actor Loss: -13.7813 | Entropy: 2.7544 | Invalid S/B: 0.00/0.00 | Max Load: 4.8 | Load Gap: 1.8 | Group CV: 0.0371
Epoch [294/2000] | Sampled: 401.50 | Baseline: 362.50 | Improvement: -39.00 | Win Rate: 12.50% | Actor Loss: -18.4984 | Entropy: 2.7824 | Invalid S/B: 0.00/0.00 | Max Load: 4.8 | Load Gap: 1.8 | Group CV: 0.0332
Epoch [295/2000] | Sampled: 400.88 | Baseline: 326.00 | Improvement: -74.88 | Win Rate: 0.00% | Actor Loss: -2.6362 | Entropy: 2.6325 | Invalid S/B: 0.12/0.00 | Max Load: 4.8 | Load Gap: 1.9 | Group CV: 0.0533
Epoch [296/2000] | Sampled: 398.38 | Baseline: 308.50 | Improvement: -89.88 | Win Rate: 0.00% | Actor Loss: 1.5738 | Entropy: 2.6634 | Invalid S/B: 0.00/0.00 | Max Load: 4.9 | Load Gap: 1.9 | Group CV: 0.0304
Epoch [297/2000] | Sampled: 381.38 | Baseline: 320.00 | Improvement: -61.38 | Win Rate: 0.00% | Actor Loss: -5.5413 | Entropy: 2.6299 | Invalid S/B: 0.00/0.00 | Max Load: 5.0 | Load Gap: 2.1 | Group CV: 0.0399
Epoch [298/2000] | Sampled: 396.12 | Baseline: 337.50 | Improvement: -58.62 | Win Rate: 0.00% | Actor Loss: -9.4217 | Entropy: 2.6048 | Invalid S/B: 0.00/0.00 | Max Load: 4.6 | Load Gap: 1.8 | Group CV: 0.0575
Epoch [299/2000] | Sampled: 407.50 | Baseline: 358.00 | Improvement: -49.50 | Win Rate: 0.00% | Actor Loss: -9.0800 | Entropy: 2.5985 | Invalid S/B: 0.00/0.00 | Max Load: 4.8 | Load Gap: 1.8 | Group CV: 0.0417
Epoch [300/2000] | Sampled: 388.38 | Baseline: 330.00 | Improvement: -58.38 | Win Rate: 0.00% | Actor Loss: -1.2117 | Entropy: 2.5417 | Invalid S/B: 0.00/0.00 | Max Load: 4.6 | Load Gap: 1.8 | Group CV: 0.0245
   -> Validation | Samples: 50 | Makespan: 356.24 | Invalid Jobs: 0.00 | Score: 356.24
   -> Saved updated training chart to /home/wei/Desktop/AMR-DFJSP/Static_alogorithm/GNN/gnn_training_metrics.png
Epoch [301/2000] | Sampled: 397.50 | Baseline: 324.50 | Improvement: -73.00 | Win Rate: 0.00% | Actor Loss: 0.1393 | Entropy: 2.4941 | Invalid S/B: 0.00/0.00 | Max Load: 4.6 | Load Gap: 1.8 | Group CV: 0.0213
Epoch [302/2000] | Sampled: 391.12 | Baseline: 323.00 | Improvement: -68.12 | Win Rate: 0.00% | Actor Loss: -3.1969 | Entropy: 2.4271 | Invalid S/B: 0.00/0.00 | Max Load: 5.0 | Load Gap: 2.4 | Group CV: 0.0454
Epoch [303/2000] | Sampled: 388.00 | Baseline: 349.00 | Improvement: -39.00 | Win Rate: 0.00% | Actor Loss: -9.1433 | Entropy: 2.4509 | Invalid S/B: 0.00/0.00 | Max Load: 4.8 | Load Gap: 1.8 | Group CV: 0.0538
Epoch [304/2000] | Sampled: 401.25 | Baseline: 335.00 | Improvement: -66.25 | Win Rate: 0.00% | Actor Loss: -5.0626 | Entropy: 2.4098 | Invalid S/B: 0.00/0.00 | Max Load: 4.5 | Load Gap: 1.5 | Group CV: 0.0211
Epoch [305/2000] | Sampled: 382.50 | Baseline: 326.00 | Improvement: -56.50 | Win Rate: 0.00% | Actor Loss: -3.0965 | Entropy: 2.3797 | Invalid S/B: 0.00/0.00 | Max Load: 4.8 | Load Gap: 1.8 | Group CV: 0.0283
Epoch [306/2000] | Sampled: 394.62 | Baseline: 325.00 | Improvement: -69.62 | Win Rate: 0.00% | Actor Loss: -0.9170 | Entropy: 2.3419 | Invalid S/B: 0.00/0.00 | Max Load: 4.8 | Load Gap: 1.8 | Group CV: 0.0188
Epoch [307/2000] | Sampled: 394.75 | Baseline: 354.00 | Improvement: -40.75 | Win Rate: 0.00% | Actor Loss: 6.6987 | Entropy: 2.2772 | Invalid S/B: 0.00/0.00 | Max Load: 4.2 | Load Gap: 1.2 | Group CV: 0.0272
Epoch [308/2000] | Sampled: 397.25 | Baseline: 342.50 | Improvement: -54.75 | Win Rate: 0.00% | Actor Loss: -2.8753 | Entropy: 2.3373 | Invalid S/B: 0.00/0.00 | Max Load: 4.9 | Load Gap: 2.0 | Group CV: 0.0382
Epoch [309/2000] | Sampled: 387.75 | Baseline: 311.00 | Improvement: -76.75 | Win Rate: 0.00% | Actor Loss: -11.7077 | Entropy: 2.3450 | Invalid S/B: 0.00/0.00 | Max Load: 4.6 | Load Gap: 1.6 | Group CV: 0.0335
Epoch [310/2000] | Sampled: 380.00 | Baseline: 332.00 | Improvement: -48.00 | Win Rate: 0.00% | Actor Loss: -2.9774 | Entropy: 2.3013 | Invalid S/B: 0.00/0.00 | Max Load: 4.6 | Load Gap: 1.6 | Group CV: 0.0421
   -> Validation | Samples: 50 | Makespan: 357.38 | Invalid Jobs: 0.04 | Score: 361.38
Epoch [311/2000] | Sampled: 400.25 | Baseline: 315.00 | Improvement: -85.25 | Win Rate: 0.00% | Actor Loss: -6.9599 | Entropy: 2.3263 | Invalid S/B: 0.00/0.00 | Max Load: 4.5 | Load Gap: 1.5 | Group CV: 0.0441
Epoch [312/2000] | Sampled: 398.12 | Baseline: 362.50 | Improvement: -35.62 | Win Rate: 0.00% | Actor Loss: -10.1512 | Entropy: 2.3313 | Invalid S/B: 0.00/0.00 | Max Load: 4.2 | Load Gap: 1.2 | Group CV: 0.0384
Epoch [313/2000] | Sampled: 386.25 | Baseline: 337.50 | Improvement: -48.75 | Win Rate: 0.00% | Actor Loss: -4.3404 | Entropy: 2.4054 | Invalid S/B: 0.00/0.00 | Max Load: 4.8 | Load Gap: 1.8 | Group CV: 0.0303
Epoch [314/2000] | Sampled: 403.50 | Baseline: 359.00 | Improvement: -44.50 | Win Rate: 0.00% | Actor Loss: -7.6197 | Entropy: 2.2914 | Invalid S/B: 0.12/0.00 | Max Load: 4.6 | Load Gap: 1.6 | Group CV: 0.0337
Epoch [315/2000] | Sampled: 389.62 | Baseline: 321.50 | Improvement: -68.12 | Win Rate: 0.00% | Actor Loss: 1.3690 | Entropy: 2.3189 | Invalid S/B: 0.00/0.00 | Max Load: 4.6 | Load Gap: 1.6 | Group CV: 0.0375
Epoch [316/2000] | Sampled: 400.62 | Baseline: 350.00 | Improvement: -50.62 | Win Rate: 0.00% | Actor Loss: -11.7358 | Entropy: 2.3551 | Invalid S/B: 0.00/0.00 | Max Load: 4.4 | Load Gap: 1.4 | Group CV: 0.0495
Epoch [317/2000] | Sampled: 387.50 | Baseline: 316.50 | Improvement: -71.00 | Win Rate: 0.00% | Actor Loss: -3.7109 | Entropy: 2.3353 | Invalid S/B: 0.00/0.00 | Max Load: 4.8 | Load Gap: 1.8 | Group CV: 0.0280
Epoch [318/2000] | Sampled: 402.12 | Baseline: 325.50 | Improvement: -76.62 | Win Rate: 0.00% | Actor Loss: 4.9088 | Entropy: 2.3806 | Invalid S/B: 0.00/0.00 | Max Load: 4.8 | Load Gap: 1.8 | Group CV: 0.0366
Epoch [319/2000] | Sampled: 391.25 | Baseline: 315.50 | Improvement: -75.75 | Win Rate: 0.00% | Actor Loss: 0.7987 | Entropy: 2.4068 | Invalid S/B: 0.00/0.00 | Max Load: 4.4 | Load Gap: 1.4 | Group CV: 0.0380
Epoch [320/2000] | Sampled: 383.00 | Baseline: 312.50 | Improvement: -70.50 | Win Rate: 0.00% | Actor Loss: -2.6562 | Entropy: 2.5243 | Invalid S/B: 0.00/0.00 | Max Load: 4.5 | Load Gap: 1.6 | Group CV: 0.0338
   -> Validation | Samples: 50 | Makespan: 357.32 | Invalid Jobs: 0.00 | Score: 357.32
Epoch [321/2000] | Sampled: 379.12 | Baseline: 327.50 | Improvement: -51.62 | Win Rate: 0.00% | Actor Loss: -3.1200 | Entropy: 2.6151 | Invalid S/B: 0.00/0.00 | Max Load: 4.6 | Load Gap: 1.6 | Group CV: 0.0265
Epoch [322/2000] | Sampled: 393.75 | Baseline: 340.00 | Improvement: -53.75 | Win Rate: 12.50% | Actor Loss: -6.6903 | Entropy: 2.6090 | Invalid S/B: 0.00/0.00 | Max Load: 4.6 | Load Gap: 1.6 | Group CV: 0.0280
Epoch [323/2000] | Sampled: 391.88 | Baseline: 335.50 | Improvement: -56.38 | Win Rate: 0.00% | Actor Loss: -4.0572 | Entropy: 2.5258 | Invalid S/B: 0.00/0.00 | Max Load: 4.5 | Load Gap: 1.5 | Group CV: 0.0431
Epoch [324/2000] | Sampled: 398.75 | Baseline: 298.00 | Improvement: -100.75 | Win Rate: 0.00% | Actor Loss: -7.1042 | Entropy: 2.6214 | Invalid S/B: 0.00/0.00 | Max Load: 4.8 | Load Gap: 1.8 | Group CV: 0.0363
Epoch [325/2000] | Sampled: 390.00 | Baseline: 382.00 | Improvement: -8.00 | Win Rate: 37.50% | Actor Loss: -10.3421 | Entropy: 2.6143 | Invalid S/B: 0.00/0.00 | Max Load: 4.8 | Load Gap: 1.8 | Group CV: 0.0241
Epoch [326/2000] | Sampled: 406.50 | Baseline: 339.00 | Improvement: -67.50 | Win Rate: 0.00% | Actor Loss: -10.2316 | Entropy: 2.5026 | Invalid S/B: 0.00/0.00 | Max Load: 4.4 | Load Gap: 1.4 | Group CV: 0.0388
Epoch [327/2000] | Sampled: 376.00 | Baseline: 329.50 | Improvement: -46.50 | Win Rate: 0.00% | Actor Loss: 4.1188 | Entropy: 2.6107 | Invalid S/B: 0.00/0.00 | Max Load: 4.8 | Load Gap: 1.8 | Group CV: 0.0171
Epoch [328/2000] | Sampled: 398.38 | Baseline: 330.00 | Improvement: -68.38 | Win Rate: 12.50% | Actor Loss: -7.4694 | Entropy: 2.5152 | Invalid S/B: 0.12/0.50 | Max Load: 4.6 | Load Gap: 1.6 | Group CV: 0.0595
Epoch [329/2000] | Sampled: 376.50 | Baseline: 331.50 | Improvement: -45.00 | Win Rate: 0.00% | Actor Loss: -1.5572 | Entropy: 2.4585 | Invalid S/B: 0.00/0.00 | Max Load: 4.5 | Load Gap: 1.5 | Group CV: 0.0390
Epoch [330/2000] | Sampled: 389.75 | Baseline: 354.00 | Improvement: -35.75 | Win Rate: 0.00% | Actor Loss: 2.2425 | Entropy: 2.4724 | Invalid S/B: 0.00/0.00 | Max Load: 4.5 | Load Gap: 1.5 | Group CV: 0.0515
   -> Validation | Samples: 50 | Makespan: 358.68 | Invalid Jobs: 0.02 | Score: 360.68
Epoch [331/2000] | Sampled: 383.88 | Baseline: 342.00 | Improvement: -41.88 | Win Rate: 0.00% | Actor Loss: -0.0459 | Entropy: 2.4140 | Invalid S/B: 0.00/0.00 | Max Load: 4.4 | Load Gap: 1.4 | Group CV: 0.0505
Epoch [332/2000] | Sampled: 387.38 | Baseline: 333.50 | Improvement: -53.88 | Win Rate: 0.00% | Actor Loss: 4.0839 | Entropy: 2.3548 | Invalid S/B: 0.00/0.00 | Max Load: 4.6 | Load Gap: 1.6 | Group CV: 0.0225
Epoch [333/2000] | Sampled: 391.00 | Baseline: 364.50 | Improvement: -26.50 | Win Rate: 12.50% | Actor Loss: -4.2417 | Entropy: 2.2766 | Invalid S/B: 0.00/0.00 | Max Load: 4.4 | Load Gap: 1.4 | Group CV: 0.0275
Epoch [334/2000] | Sampled: 403.00 | Baseline: 328.00 | Improvement: -75.00 | Win Rate: 0.00% | Actor Loss: 4.2134 | Entropy: 2.2502 | Invalid S/B: 0.12/0.00 | Max Load: 4.5 | Load Gap: 1.5 | Group CV: 0.0330
Epoch [335/2000] | Sampled: 394.50 | Baseline: 317.50 | Improvement: -77.00 | Win Rate: 0.00% | Actor Loss: -4.2897 | Entropy: 2.2854 | Invalid S/B: 0.00/0.00 | Max Load: 4.8 | Load Gap: 1.8 | Group CV: 0.0439
Epoch [336/2000] | Sampled: 409.75 | Baseline: 329.00 | Improvement: -80.75 | Win Rate: 0.00% | Actor Loss: -2.6375 | Entropy: 2.3550 | Invalid S/B: 0.00/0.00 | Max Load: 4.6 | Load Gap: 1.8 | Group CV: 0.0381
Epoch [337/2000] | Sampled: 391.00 | Baseline: 362.50 | Improvement: -28.50 | Win Rate: 0.00% | Actor Loss: -0.8812 | Entropy: 2.2194 | Invalid S/B: 0.00/0.00 | Max Load: 4.4 | Load Gap: 1.4 | Group CV: 0.0417
Epoch [338/2000] | Sampled: 386.88 | Baseline: 376.50 | Improvement: -10.38 | Win Rate: 50.00% | Actor Loss: -4.5488 | Entropy: 2.2316 | Invalid S/B: 0.00/0.00 | Max Load: 4.5 | Load Gap: 1.5 | Group CV: 0.0394
Epoch [339/2000] | Sampled: 387.62 | Baseline: 324.00 | Improvement: -63.62 | Win Rate: 0.00% | Actor Loss: 0.6016 | Entropy: 2.1788 | Invalid S/B: 0.00/0.00 | Max Load: 4.4 | Load Gap: 1.4 | Group CV: 0.0281
Epoch [340/2000] | Sampled: 390.75 | Baseline: 354.00 | Improvement: -36.75 | Win Rate: 25.00% | Actor Loss: -7.0738 | Entropy: 2.1905 | Invalid S/B: 0.00/0.00 | Max Load: 4.9 | Load Gap: 1.9 | Group CV: 0.0312
   -> Validation | Samples: 50 | Makespan: 358.62 | Invalid Jobs: 0.00 | Score: 358.62
Epoch [341/2000] | Sampled: 380.00 | Baseline: 336.00 | Improvement: -44.00 | Win Rate: 0.00% | Actor Loss: -5.1408 | Entropy: 2.1993 | Invalid S/B: 0.00/0.00 | Max Load: 4.5 | Load Gap: 1.5 | Group CV: 0.0226
Epoch [342/2000] | Sampled: 400.88 | Baseline: 378.50 | Improvement: -22.38 | Win Rate: 12.50% | Actor Loss: -11.4631 | Entropy: 2.1514 | Invalid S/B: 0.00/0.00 | Max Load: 4.4 | Load Gap: 1.5 | Group CV: 0.0294
Epoch [343/2000] | Sampled: 375.62 | Baseline: 304.50 | Improvement: -71.12 | Win Rate: 0.00% | Actor Loss: 1.9287 | Entropy: 2.1305 | Invalid S/B: 0.00/0.00 | Max Load: 4.1 | Load Gap: 1.1 | Group CV: 0.0231
Epoch [344/2000] | Sampled: 400.25 | Baseline: 367.50 | Improvement: -32.75 | Win Rate: 37.50% | Actor Loss: -9.1986 | Entropy: 2.0582 | Invalid S/B: 0.12/0.00 | Max Load: 4.6 | Load Gap: 1.6 | Group CV: 0.0691
Epoch [345/2000] | Sampled: 381.00 | Baseline: 308.50 | Improvement: -72.50 | Win Rate: 0.00% | Actor Loss: -16.2091 | Entropy: 2.1049 | Invalid S/B: 0.00/0.00 | Max Load: 4.4 | Load Gap: 1.4 | Group CV: 0.0312
Epoch [346/2000] | Sampled: 374.88 | Baseline: 316.00 | Improvement: -58.88 | Win Rate: 0.00% | Actor Loss: -9.9036 | Entropy: 2.0837 | Invalid S/B: 0.00/0.00 | Max Load: 4.9 | Load Gap: 1.9 | Group CV: 0.0182
Epoch [347/2000] | Sampled: 383.75 | Baseline: 314.50 | Improvement: -69.25 | Win Rate: 0.00% | Actor Loss: 4.1779 | Entropy: 2.0385 | Invalid S/B: 0.00/0.00 | Max Load: 4.4 | Load Gap: 1.4 | Group CV: 0.0275
Epoch [348/2000] | Sampled: 392.50 | Baseline: 317.00 | Improvement: -75.50 | Win Rate: 0.00% | Actor Loss: 3.0551 | Entropy: 2.0057 | Invalid S/B: 0.00/0.00 | Max Load: 4.8 | Load Gap: 1.8 | Group CV: 0.0334
Epoch [349/2000] | Sampled: 391.62 | Baseline: 331.00 | Improvement: -60.62 | Win Rate: 0.00% | Actor Loss: -6.2306 | Entropy: 1.9881 | Invalid S/B: 0.00/0.00 | Max Load: 4.6 | Load Gap: 1.6 | Group CV: 0.0302
Epoch [350/2000] | Sampled: 386.00 | Baseline: 339.00 | Improvement: -47.00 | Win Rate: 0.00% | Actor Loss: -3.0470 | Entropy: 2.0253 | Invalid S/B: 0.00/0.00 | Max Load: 4.6 | Load Gap: 1.6 | Group CV: 0.0369
   -> Validation | Samples: 50 | Makespan: 362.50 | Invalid Jobs: 0.00 | Score: 362.50
Epoch [351/2000] | Sampled: 389.88 | Baseline: 351.50 | Improvement: -38.38 | Win Rate: 12.50% | Actor Loss: -7.2966 | Entropy: 2.0062 | Invalid S/B: 0.00/0.00 | Max Load: 4.5 | Load Gap: 1.5 | Group CV: 0.0341
Epoch [352/2000] | Sampled: 380.12 | Baseline: 336.50 | Improvement: -43.62 | Win Rate: 0.00% | Actor Loss: -2.0532 | Entropy: 2.0627 | Invalid S/B: 0.00/0.00 | Max Load: 4.1 | Load Gap: 1.1 | Group CV: 0.0195
Epoch [353/2000] | Sampled: 390.88 | Baseline: 349.00 | Improvement: -41.88 | Win Rate: 0.00% | Actor Loss: 1.9185 | Entropy: 2.0360 | Invalid S/B: 0.00/0.00 | Max Load: 4.6 | Load Gap: 1.6 | Group CV: 0.0385
Epoch [354/2000] | Sampled: 378.00 | Baseline: 337.50 | Improvement: -40.50 | Win Rate: 0.00% | Actor Loss: -1.5013 | Entropy: 2.0086 | Invalid S/B: 0.00/0.00 | Max Load: 4.2 | Load Gap: 1.2 | Group CV: 0.0413
Epoch [355/2000] | Sampled: 379.50 | Baseline: 354.00 | Improvement: -25.50 | Win Rate: 25.00% | Actor Loss: 4.1544 | Entropy: 2.0352 | Invalid S/B: 0.00/0.00 | Max Load: 4.6 | Load Gap: 1.6 | Group CV: 0.0319
Epoch [356/2000] | Sampled: 402.75 | Baseline: 381.00 | Improvement: -21.75 | Win Rate: 37.50% | Actor Loss: -3.6159 | Entropy: 2.0536 | Invalid S/B: 0.00/0.00 | Max Load: 4.8 | Load Gap: 1.8 | Group CV: 0.0377
Epoch [357/2000] | Sampled: 384.88 | Baseline: 346.00 | Improvement: -38.88 | Win Rate: 12.50% | Actor Loss: 1.2386 | Entropy: 2.0385 | Invalid S/B: 0.00/0.00 | Max Load: 4.6 | Load Gap: 1.6 | Group CV: 0.0324
Epoch [358/2000] | Sampled: 377.62 | Baseline: 319.50 | Improvement: -58.12 | Win Rate: 0.00% | Actor Loss: 0.5199 | Entropy: 2.1115 | Invalid S/B: 0.00/0.00 | Max Load: 4.2 | Load Gap: 1.2 | Group CV: 0.0436
Epoch [359/2000] | Sampled: 377.38 | Baseline: 330.00 | Improvement: -47.38 | Win Rate: 0.00% | Actor Loss: -4.2172 | Entropy: 2.2083 | Invalid S/B: 0.00/0.00 | Max Load: 4.4 | Load Gap: 1.4 | Group CV: 0.0447
Epoch [360/2000] | Sampled: 405.50 | Baseline: 384.50 | Improvement: -21.00 | Win Rate: 37.50% | Actor Loss: -5.2437 | Entropy: 2.2256 | Invalid S/B: 0.00/0.50 | Max Load: 4.5 | Load Gap: 1.5 | Group CV: 0.0534
   -> Validation | Samples: 50 | Makespan: 360.42 | Invalid Jobs: 0.00 | Score: 360.42
Epoch [361/2000] | Sampled: 380.62 | Baseline: 358.50 | Improvement: -22.12 | Win Rate: 12.50% | Actor Loss: 6.6986 | Entropy: 2.1893 | Invalid S/B: 0.00/0.00 | Max Load: 4.6 | Load Gap: 1.6 | Group CV: 0.0258
Epoch [362/2000] | Sampled: 403.00 | Baseline: 349.50 | Improvement: -53.50 | Win Rate: 0.00% | Actor Loss: -0.5603 | Entropy: 2.3146 | Invalid S/B: 0.00/0.00 | Max Load: 4.8 | Load Gap: 1.8 | Group CV: 0.0303
Epoch [363/2000] | Sampled: 400.62 | Baseline: 338.50 | Improvement: -62.12 | Win Rate: 0.00% | Actor Loss: 4.7348 | Entropy: 2.3454 | Invalid S/B: 0.00/0.00 | Max Load: 5.0 | Load Gap: 2.0 | Group CV: 0.0496
Epoch [364/2000] | Sampled: 399.00 | Baseline: 340.00 | Improvement: -59.00 | Win Rate: 0.00% | Actor Loss: 2.5478 | Entropy: 2.4238 | Invalid S/B: 0.00/0.00 | Max Load: 4.5 | Load Gap: 1.5 | Group CV: 0.0311
Epoch [365/2000] | Sampled: 396.25 | Baseline: 319.50 | Improvement: -76.75 | Win Rate: 0.00% | Actor Loss: 9.8561 | Entropy: 2.5712 | Invalid S/B: 0.00/0.00 | Max Load: 4.5 | Load Gap: 1.5 | Group CV: 0.0245
Epoch [366/2000] | Sampled: 382.12 | Baseline: 290.00 | Improvement: -92.12 | Win Rate: 0.00% | Actor Loss: -8.8764 | Entropy: 2.6869 | Invalid S/B: 0.00/0.00 | Max Load: 4.6 | Load Gap: 1.6 | Group CV: 0.0272
Epoch [367/2000] | Sampled: 379.00 | Baseline: 335.50 | Improvement: -43.50 | Win Rate: 0.00% | Actor Loss: -6.4949 | Entropy: 2.7397 | Invalid S/B: 0.00/0.00 | Max Load: 4.5 | Load Gap: 1.6 | Group CV: 0.0390
Epoch [368/2000] | Sampled: 390.62 | Baseline: 357.50 | Improvement: -33.12 | Win Rate: 37.50% | Actor Loss: -9.8376 | Entropy: 2.7412 | Invalid S/B: 0.00/0.00 | Max Load: 4.9 | Load Gap: 1.9 | Group CV: 0.0415
Epoch [369/2000] | Sampled: 390.50 | Baseline: 327.00 | Improvement: -63.50 | Win Rate: 0.00% | Actor Loss: 4.6383 | Entropy: 2.7502 | Invalid S/B: 0.00/0.00 | Max Load: 4.8 | Load Gap: 1.8 | Group CV: 0.0339
Epoch [370/2000] | Sampled: 389.88 | Baseline: 324.00 | Improvement: -65.88 | Win Rate: 0.00% | Actor Loss: -2.7791 | Entropy: 2.8490 | Invalid S/B: 0.00/0.00 | Max Load: 4.6 | Load Gap: 1.6 | Group CV: 0.0292
   -> Validation | Samples: 50 | Makespan: 360.52 | Invalid Jobs: 0.02 | Score: 362.52
Epoch [371/2000] | Sampled: 382.50 | Baseline: 321.50 | Improvement: -61.00 | Win Rate: 0.00% | Actor Loss: -8.6273 | Entropy: 2.7198 | Invalid S/B: 0.00/0.00 | Max Load: 4.5 | Load Gap: 1.5 | Group CV: 0.0301
Epoch [372/2000] | Sampled: 401.12 | Baseline: 332.00 | Improvement: -69.12 | Win Rate: 0.00% | Actor Loss: 5.1945 | Entropy: 2.6625 | Invalid S/B: 0.00/0.00 | Max Load: 4.4 | Load Gap: 1.4 | Group CV: 0.0360
Epoch [373/2000] | Sampled: 383.88 | Baseline: 328.00 | Improvement: -55.88 | Win Rate: 0.00% | Actor Loss: -10.9359 | Entropy: 2.5700 | Invalid S/B: 0.00/0.00 | Max Load: 4.6 | Load Gap: 1.6 | Group CV: 0.0336
Epoch [374/2000] | Sampled: 370.38 | Baseline: 335.50 | Improvement: -34.88 | Win Rate: 0.00% | Actor Loss: 4.1038 | Entropy: 2.5541 | Invalid S/B: 0.00/0.00 | Max Load: 4.9 | Load Gap: 2.0 | Group CV: 0.0454
Epoch [375/2000] | Sampled: 381.50 | Baseline: 333.00 | Improvement: -48.50 | Win Rate: 0.00% | Actor Loss: -3.5217 | Entropy: 2.5511 | Invalid S/B: 0.00/0.00 | Max Load: 4.4 | Load Gap: 1.4 | Group CV: 0.0256
Epoch [376/2000] | Sampled: 375.38 | Baseline: 364.00 | Improvement: -11.38 | Win Rate: 50.00% | Actor Loss: 7.1964 | Entropy: 2.5363 | Invalid S/B: 0.00/0.00 | Max Load: 4.8 | Load Gap: 1.8 | Group CV: 0.0401
Epoch [377/2000] | Sampled: 390.62 | Baseline: 351.50 | Improvement: -39.12 | Win Rate: 0.00% | Actor Loss: -3.5040 | Entropy: 2.5780 | Invalid S/B: 0.00/0.00 | Max Load: 4.5 | Load Gap: 1.6 | Group CV: 0.0265
Epoch [378/2000] | Sampled: 388.25 | Baseline: 345.50 | Improvement: -42.75 | Win Rate: 0.00% | Actor Loss: 13.0935 | Entropy: 2.4951 | Invalid S/B: 0.00/0.00 | Max Load: 4.6 | Load Gap: 1.6 | Group CV: 0.0205
Epoch [379/2000] | Sampled: 398.38 | Baseline: 342.50 | Improvement: -55.88 | Win Rate: 0.00% | Actor Loss: -3.6761 | Entropy: 2.6366 | Invalid S/B: 0.12/0.00 | Max Load: 4.9 | Load Gap: 1.9 | Group CV: 0.0534
Epoch [380/2000] | Sampled: 388.88 | Baseline: 344.50 | Improvement: -44.38 | Win Rate: 0.00% | Actor Loss: -4.6214 | Entropy: 2.6358 | Invalid S/B: 0.00/0.00 | Max Load: 4.5 | Load Gap: 1.5 | Group CV: 0.0452
   -> Validation | Samples: 50 | Makespan: 357.60 | Invalid Jobs: 0.00 | Score: 357.60
Epoch [381/2000] | Sampled: 385.75 | Baseline: 303.00 | Improvement: -82.75 | Win Rate: 0.00% | Actor Loss: 6.3079 | Entropy: 2.6097 | Invalid S/B: 0.00/0.00 | Max Load: 4.5 | Load Gap: 1.5 | Group CV: 0.0196
Epoch [382/2000] | Sampled: 368.25 | Baseline: 355.00 | Improvement: -13.25 | Win Rate: 12.50% | Actor Loss: -7.5315 | Entropy: 2.6123 | Invalid S/B: 0.00/0.00 | Max Load: 4.4 | Load Gap: 1.4 | Group CV: 0.0263
Epoch [383/2000] | Sampled: 394.62 | Baseline: 352.00 | Improvement: -42.62 | Win Rate: 25.00% | Actor Loss: -6.9439 | Entropy: 2.5902 | Invalid S/B: 0.00/0.00 | Max Load: 4.6 | Load Gap: 1.6 | Group CV: 0.0417
Epoch [384/2000] | Sampled: 385.00 | Baseline: 315.50 | Improvement: -69.50 | Win Rate: 0.00% | Actor Loss: -0.7433 | Entropy: 2.5327 | Invalid S/B: 0.00/0.00 | Max Load: 4.8 | Load Gap: 1.8 | Group CV: 0.0444
Epoch [385/2000] | Sampled: 391.75 | Baseline: 351.50 | Improvement: -40.25 | Win Rate: 0.00% | Actor Loss: -1.6536 | Entropy: 2.5784 | Invalid S/B: 0.00/0.00 | Max Load: 5.0 | Load Gap: 2.0 | Group CV: 0.0243
Epoch [386/2000] | Sampled: 379.25 | Baseline: 312.50 | Improvement: -66.75 | Win Rate: 0.00% | Actor Loss: -0.7093 | Entropy: 2.5552 | Invalid S/B: 0.00/0.00 | Max Load: 4.8 | Load Gap: 1.8 | Group CV: 0.0249
Epoch [387/2000] | Sampled: 384.00 | Baseline: 341.50 | Improvement: -42.50 | Win Rate: 0.00% | Actor Loss: -1.8680 | Entropy: 2.4650 | Invalid S/B: 0.00/0.00 | Max Load: 4.6 | Load Gap: 1.6 | Group CV: 0.0317
Epoch [388/2000] | Sampled: 384.38 | Baseline: 342.50 | Improvement: -41.88 | Win Rate: 25.00% | Actor Loss: -10.7550 | Entropy: 2.4921 | Invalid S/B: 0.00/0.00 | Max Load: 4.4 | Load Gap: 1.4 | Group CV: 0.0455
Epoch [389/2000] | Sampled: 377.62 | Baseline: 317.00 | Improvement: -60.62 | Win Rate: 0.00% | Actor Loss: 5.4806 | Entropy: 2.5695 | Invalid S/B: 0.00/0.00 | Max Load: 4.6 | Load Gap: 1.6 | Group CV: 0.0465
Epoch [390/2000] | Sampled: 377.12 | Baseline: 306.00 | Improvement: -71.12 | Win Rate: 0.00% | Actor Loss: -5.9076 | Entropy: 2.5860 | Invalid S/B: 0.00/0.00 | Max Load: 4.6 | Load Gap: 1.6 | Group CV: 0.0277
   -> Validation | Samples: 50 | Makespan: 358.30 | Invalid Jobs: 0.00 | Score: 358.30
Epoch [391/2000] | Sampled: 401.12 | Baseline: 369.50 | Improvement: -31.62 | Win Rate: 25.00% | Actor Loss: 4.2973 | Entropy: 2.5450 | Invalid S/B: 0.25/0.00 | Max Load: 4.8 | Load Gap: 1.8 | Group CV: 0.0557
Epoch [392/2000] | Sampled: 394.38 | Baseline: 327.50 | Improvement: -66.88 | Win Rate: 0.00% | Actor Loss: 1.0526 | Entropy: 2.5903 | Invalid S/B: 0.00/0.00 | Max Load: 4.9 | Load Gap: 1.9 | Group CV: 0.0467
Epoch [393/2000] | Sampled: 384.38 | Baseline: 343.50 | Improvement: -40.88 | Win Rate: 0.00% | Actor Loss: 3.3272 | Entropy: 2.6664 | Invalid S/B: 0.00/0.00 | Max Load: 4.5 | Load Gap: 1.6 | Group CV: 0.0378
Epoch [394/2000] | Sampled: 392.38 | Baseline: 338.00 | Improvement: -54.38 | Win Rate: 0.00% | Actor Loss: 2.4225 | Entropy: 2.6792 | Invalid S/B: 0.00/0.00 | Max Load: 4.4 | Load Gap: 1.4 | Group CV: 0.0307
Epoch [395/2000] | Sampled: 373.00 | Baseline: 341.00 | Improvement: -32.00 | Win Rate: 0.00% | Actor Loss: -2.9500 | Entropy: 2.6909 | Invalid S/B: 0.00/0.00 | Max Load: 4.4 | Load Gap: 1.4 | Group CV: 0.0344
Epoch [396/2000] | Sampled: 380.12 | Baseline: 320.50 | Improvement: -59.62 | Win Rate: 0.00% | Actor Loss: -3.0113 | Entropy: 2.7694 | Invalid S/B: 0.00/0.00 | Max Load: 4.4 | Load Gap: 1.4 | Group CV: 0.0256
Epoch [397/2000] | Sampled: 402.25 | Baseline: 371.00 | Improvement: -31.25 | Win Rate: 25.00% | Actor Loss: 2.4182 | Entropy: 2.7143 | Invalid S/B: 0.12/0.00 | Max Load: 4.5 | Load Gap: 1.5 | Group CV: 0.0496
Epoch [398/2000] | Sampled: 385.50 | Baseline: 340.00 | Improvement: -45.50 | Win Rate: 0.00% | Actor Loss: -3.6650 | Entropy: 2.7549 | Invalid S/B: 0.00/0.00 | Max Load: 4.5 | Load Gap: 1.5 | Group CV: 0.0263
Epoch [399/2000] | Sampled: 381.25 | Baseline: 328.50 | Improvement: -52.75 | Win Rate: 0.00% | Actor Loss: 3.5481 | Entropy: 2.7797 | Invalid S/B: 0.00/0.00 | Max Load: 4.8 | Load Gap: 1.8 | Group CV: 0.0351
Epoch [400/2000] | Sampled: 368.38 | Baseline: 317.00 | Improvement: -51.38 | Win Rate: 0.00% | Actor Loss: 1.5603 | Entropy: 2.7639 | Invalid S/B: 0.00/0.00 | Max Load: 4.6 | Load Gap: 1.6 | Group CV: 0.0445
   -> Validation | Samples: 50 | Makespan: 356.58 | Invalid Jobs: 0.00 | Score: 356.58
   -> Saved updated training chart to /home/wei/Desktop/AMR-DFJSP/Static_alogorithm/GNN/gnn_training_metrics.png
Epoch [401/2000] | Sampled: 370.00 | Baseline: 316.00 | Improvement: -54.00 | Win Rate: 0.00% | Actor Loss: -1.0707 | Entropy: 2.7513 | Invalid S/B: 0.00/0.00 | Max Load: 4.5 | Load Gap: 1.5 | Group CV: 0.0275
Epoch [402/2000] | Sampled: 388.88 | Baseline: 316.00 | Improvement: -72.88 | Win Rate: 0.00% | Actor Loss: -13.7885 | Entropy: 2.9017 | Invalid S/B: 0.00/0.00 | Max Load: 4.6 | Load Gap: 1.6 | Group CV: 0.0257
Epoch [403/2000] | Sampled: 385.50 | Baseline: 315.00 | Improvement: -70.50 | Win Rate: 0.00% | Actor Loss: -2.5880 | Entropy: 2.8618 | Invalid S/B: 0.00/0.00 | Max Load: 4.5 | Load Gap: 1.5 | Group CV: 0.0295
Epoch [404/2000] | Sampled: 389.50 | Baseline: 361.50 | Improvement: -28.00 | Win Rate: 37.50% | Actor Loss: -5.9180 | Entropy: 2.9036 | Invalid S/B: 0.12/0.00 | Max Load: 4.6 | Load Gap: 1.8 | Group CV: 0.0319
Epoch [405/2000] | Sampled: 396.38 | Baseline: 376.50 | Improvement: -19.88 | Win Rate: 50.00% | Actor Loss: 4.1442 | Entropy: 2.9092 | Invalid S/B: 0.00/0.00 | Max Load: 4.8 | Load Gap: 1.8 | Group CV: 0.0257
Epoch [406/2000] | Sampled: 388.00 | Baseline: 332.00 | Improvement: -56.00 | Win Rate: 0.00% | Actor Loss: 1.5904 | Entropy: 2.9024 | Invalid S/B: 0.00/0.00 | Max Load: 4.9 | Load Gap: 1.9 | Group CV: 0.0326
Epoch [407/2000] | Sampled: 383.50 | Baseline: 327.00 | Improvement: -56.50 | Win Rate: 0.00% | Actor Loss: -4.0116 | Entropy: 2.8983 | Invalid S/B: 0.00/0.00 | Max Load: 4.6 | Load Gap: 1.6 | Group CV: 0.0239
Epoch [408/2000] | Sampled: 374.00 | Baseline: 332.50 | Improvement: -41.50 | Win Rate: 0.00% | Actor Loss: 1.6566 | Entropy: 2.9517 | Invalid S/B: 0.00/0.00 | Max Load: 4.8 | Load Gap: 1.8 | Group CV: 0.0241
Epoch [409/2000] | Sampled: 364.75 | Baseline: 303.00 | Improvement: -61.75 | Win Rate: 0.00% | Actor Loss: 9.0846 | Entropy: 2.8964 | Invalid S/B: 0.00/0.00 | Max Load: 4.9 | Load Gap: 1.9 | Group CV: 0.0338
Epoch [410/2000] | Sampled: 400.12 | Baseline: 401.00 | Improvement: 0.88 | Win Rate: 50.00% | Actor Loss: -3.2347 | Entropy: 2.9673 | Invalid S/B: 0.12/0.00 | Max Load: 4.6 | Load Gap: 1.6 | Group CV: 0.0408
   -> Validation | Samples: 50 | Makespan: 357.50 | Invalid Jobs: 0.00 | Score: 357.50
Epoch [411/2000] | Sampled: 389.38 | Baseline: 330.50 | Improvement: -58.88 | Win Rate: 0.00% | Actor Loss: -1.5176 | Entropy: 3.0437 | Invalid S/B: 0.00/0.00 | Max Load: 4.8 | Load Gap: 1.8 | Group CV: 0.0251
Epoch [412/2000] | Sampled: 371.50 | Baseline: 322.00 | Improvement: -49.50 | Win Rate: 0.00% | Actor Loss: -2.6758 | Entropy: 3.0290 | Invalid S/B: 0.00/0.00 | Max Load: 4.5 | Load Gap: 1.5 | Group CV: 0.0170
Epoch [413/2000] | Sampled: 381.00 | Baseline: 325.50 | Improvement: -55.50 | Win Rate: 0.00% | Actor Loss: -0.8987 | Entropy: 2.9825 | Invalid S/B: 0.00/0.00 | Max Load: 4.8 | Load Gap: 1.8 | Group CV: 0.0309
Epoch [414/2000] | Sampled: 372.75 | Baseline: 330.00 | Improvement: -42.75 | Win Rate: 12.50% | Actor Loss: -4.5590 | Entropy: 2.9766 | Invalid S/B: 0.12/0.00 | Max Load: 4.5 | Load Gap: 1.5 | Group CV: 0.0373
Epoch [415/2000] | Sampled: 388.75 | Baseline: 353.00 | Improvement: -35.75 | Win Rate: 0.00% | Actor Loss: -2.3500 | Entropy: 3.0263 | Invalid S/B: 0.00/0.00 | Max Load: 4.5 | Load Gap: 1.5 | Group CV: 0.0255
Epoch [416/2000] | Sampled: 385.75 | Baseline: 363.00 | Improvement: -22.75 | Win Rate: 37.50% | Actor Loss: 8.8078 | Entropy: 3.0041 | Invalid S/B: 0.12/0.00 | Max Load: 4.6 | Load Gap: 1.6 | Group CV: 0.0524
Epoch [417/2000] | Sampled: 374.12 | Baseline: 277.00 | Improvement: -97.12 | Win Rate: 0.00% | Actor Loss: -8.1707 | Entropy: 2.9800 | Invalid S/B: 0.12/0.00 | Max Load: 4.5 | Load Gap: 1.5 | Group CV: 0.0519
Epoch [418/2000] | Sampled: 393.12 | Baseline: 335.50 | Improvement: -57.62 | Win Rate: 0.00% | Actor Loss: -5.2525 | Entropy: 3.0328 | Invalid S/B: 0.25/0.00 | Max Load: 4.5 | Load Gap: 1.5 | Group CV: 0.0601
Epoch [419/2000] | Sampled: 381.25 | Baseline: 326.50 | Improvement: -54.75 | Win Rate: 0.00% | Actor Loss: -0.0913 | Entropy: 3.0508 | Invalid S/B: 0.12/0.00 | Max Load: 4.6 | Load Gap: 1.6 | Group CV: 0.0311
Epoch [420/2000] | Sampled: 388.38 | Baseline: 358.50 | Improvement: -29.88 | Win Rate: 12.50% | Actor Loss: 4.0154 | Entropy: 3.0241 | Invalid S/B: 0.12/0.00 | Max Load: 4.5 | Load Gap: 1.5 | Group CV: 0.0653
   -> Validation | Samples: 50 | Makespan: 360.18 | Invalid Jobs: 0.00 | Score: 360.18
Epoch [421/2000] | Sampled: 400.88 | Baseline: 351.00 | Improvement: -49.88 | Win Rate: 12.50% | Actor Loss: -8.3590 | Entropy: 3.0899 | Invalid S/B: 0.50/0.00 | Max Load: 4.6 | Load Gap: 1.6 | Group CV: 0.0738
Epoch [422/2000] | Sampled: 389.00 | Baseline: 338.50 | Improvement: -50.50 | Win Rate: 0.00% | Actor Loss: -0.4243 | Entropy: 3.0455 | Invalid S/B: 0.25/0.00 | Max Load: 4.8 | Load Gap: 1.8 | Group CV: 0.0728
Epoch [423/2000] | Sampled: 378.75 | Baseline: 334.00 | Improvement: -44.75 | Win Rate: 0.00% | Actor Loss: -4.1898 | Entropy: 3.1005 | Invalid S/B: 0.12/0.00 | Max Load: 4.9 | Load Gap: 1.9 | Group CV: 0.0582
Epoch [424/2000] | Sampled: 379.62 | Baseline: 329.00 | Improvement: -50.62 | Win Rate: 0.00% | Actor Loss: 2.0545 | Entropy: 3.0811 | Invalid S/B: 0.12/0.00 | Max Load: 4.4 | Load Gap: 1.5 | Group CV: 0.0471
Epoch [425/2000] | Sampled: 379.38 | Baseline: 343.00 | Improvement: -36.38 | Win Rate: 0.00% | Actor Loss: 0.6838 | Entropy: 2.9990 | Invalid S/B: 0.12/0.00 | Max Load: 4.6 | Load Gap: 1.6 | Group CV: 0.0327
Epoch [426/2000] | Sampled: 392.00 | Baseline: 343.00 | Improvement: -49.00 | Win Rate: 0.00% | Actor Loss: 6.8165 | Entropy: 3.0899 | Invalid S/B: 0.00/0.00 | Max Load: 4.8 | Load Gap: 1.8 | Group CV: 0.0308
Epoch [427/2000] | Sampled: 379.38 | Baseline: 353.50 | Improvement: -25.88 | Win Rate: 37.50% | Actor Loss: -0.6293 | Entropy: 3.0655 | Invalid S/B: 0.00/0.00 | Max Load: 4.9 | Load Gap: 1.9 | Group CV: 0.0466
Epoch [428/2000] | Sampled: 397.88 | Baseline: 396.00 | Improvement: -1.88 | Win Rate: 37.50% | Actor Loss: 5.0881 | Entropy: 3.0723 | Invalid S/B: 0.12/0.00 | Max Load: 4.8 | Load Gap: 1.8 | Group CV: 0.0465
Epoch [429/2000] | Sampled: 361.88 | Baseline: 313.00 | Improvement: -48.88 | Win Rate: 0.00% | Actor Loss: 1.6271 | Entropy: 3.1087 | Invalid S/B: 0.00/0.00 | Max Load: 4.6 | Load Gap: 1.6 | Group CV: 0.0245
Epoch [430/2000] | Sampled: 382.00 | Baseline: 333.50 | Improvement: -48.50 | Win Rate: 0.00% | Actor Loss: -1.6765 | Entropy: 3.1357 | Invalid S/B: 0.00/0.00 | Max Load: 4.5 | Load Gap: 1.8 | Group CV: 0.0223
   -> Validation | Samples: 50 | Makespan: 360.60 | Invalid Jobs: 0.00 | Score: 360.60
Epoch [431/2000] | Sampled: 387.25 | Baseline: 363.50 | Improvement: -23.75 | Win Rate: 37.50% | Actor Loss: 5.1653 | Entropy: 3.0970 | Invalid S/B: 0.12/0.00 | Max Load: 4.5 | Load Gap: 1.5 | Group CV: 0.0449
Epoch [432/2000] | Sampled: 380.88 | Baseline: 383.50 | Improvement: 2.62 | Win Rate: 50.00% | Actor Loss: -4.0771 | Entropy: 3.0193 | Invalid S/B: 0.00/0.50 | Max Load: 4.9 | Load Gap: 1.9 | Group CV: 0.0214
Epoch [433/2000] | Sampled: 394.88 | Baseline: 357.00 | Improvement: -37.88 | Win Rate: 12.50% | Actor Loss: 3.6452 | Entropy: 3.0881 | Invalid S/B: 0.00/0.00 | Max Load: 5.0 | Load Gap: 2.1 | Group CV: 0.0378
Epoch [434/2000] | Sampled: 376.50 | Baseline: 329.00 | Improvement: -47.50 | Win Rate: 0.00% | Actor Loss: 1.5802 | Entropy: 3.1200 | Invalid S/B: 0.00/0.00 | Max Load: 4.2 | Load Gap: 1.2 | Group CV: 0.0316
Epoch [435/2000] | Sampled: 369.00 | Baseline: 357.00 | Improvement: -12.00 | Win Rate: 50.00% | Actor Loss: 5.6944 | Entropy: 3.1410 | Invalid S/B: 0.00/0.00 | Max Load: 4.4 | Load Gap: 1.4 | Group CV: 0.0200
Epoch [436/2000] | Sampled: 385.62 | Baseline: 340.50 | Improvement: -45.12 | Win Rate: 0.00% | Actor Loss: 2.2659 | Entropy: 3.1844 | Invalid S/B: 0.25/0.00 | Max Load: 4.4 | Load Gap: 1.5 | Group CV: 0.0466
Epoch [437/2000] | Sampled: 377.62 | Baseline: 344.50 | Improvement: -33.12 | Win Rate: 0.00% | Actor Loss: -0.0996 | Entropy: 3.2299 | Invalid S/B: 0.00/0.00 | Max Load: 4.8 | Load Gap: 1.8 | Group CV: 0.0397
Epoch [438/2000] | Sampled: 378.12 | Baseline: 351.50 | Improvement: -26.62 | Win Rate: 0.00% | Actor Loss: 0.3187 | Entropy: 3.1593 | Invalid S/B: 0.00/0.00 | Max Load: 4.6 | Load Gap: 1.6 | Group CV: 0.0198
Epoch [439/2000] | Sampled: 385.88 | Baseline: 339.00 | Improvement: -46.88 | Win Rate: 0.00% | Actor Loss: -1.2811 | Entropy: 3.1662 | Invalid S/B: 0.25/0.00 | Max Load: 4.8 | Load Gap: 1.8 | Group CV: 0.0616
Epoch [440/2000] | Sampled: 377.00 | Baseline: 327.00 | Improvement: -50.00 | Win Rate: 0.00% | Actor Loss: 5.3411 | Entropy: 3.1985 | Invalid S/B: 0.12/0.00 | Max Load: 5.0 | Load Gap: 2.0 | Group CV: 0.0397
   -> Validation | Samples: 50 | Makespan: 362.08 | Invalid Jobs: 0.04 | Score: 366.08
Epoch [441/2000] | Sampled: 383.00 | Baseline: 373.50 | Improvement: -9.50 | Win Rate: 37.50% | Actor Loss: 2.7601 | Entropy: 3.1163 | Invalid S/B: 0.12/0.00 | Max Load: 4.6 | Load Gap: 1.6 | Group CV: 0.0448
Epoch [442/2000] | Sampled: 374.88 | Baseline: 322.00 | Improvement: -52.88 | Win Rate: 0.00% | Actor Loss: -1.5444 | Entropy: 3.1231 | Invalid S/B: 0.12/0.00 | Max Load: 4.9 | Load Gap: 1.9 | Group CV: 0.0487
Epoch [443/2000] | Sampled: 399.25 | Baseline: 327.00 | Improvement: -72.25 | Win Rate: 0.00% | Actor Loss: -3.7222 | Entropy: 3.1043 | Invalid S/B: 0.50/0.00 | Max Load: 4.8 | Load Gap: 1.9 | Group CV: 0.0392
Epoch [444/2000] | Sampled: 377.75 | Baseline: 294.50 | Improvement: -83.25 | Win Rate: 0.00% | Actor Loss: -2.1060 | Entropy: 3.1720 | Invalid S/B: 0.50/0.00 | Max Load: 4.8 | Load Gap: 1.8 | Group CV: 0.0677
Epoch [445/2000] | Sampled: 366.38 | Baseline: 300.00 | Improvement: -66.38 | Win Rate: 0.00% | Actor Loss: 0.7046 | Entropy: 3.1661 | Invalid S/B: 0.00/0.00 | Max Load: 4.6 | Load Gap: 1.6 | Group CV: 0.0440
Epoch [446/2000] | Sampled: 373.50 | Baseline: 312.50 | Improvement: -61.00 | Win Rate: 0.00% | Actor Loss: -3.1589 | Entropy: 3.1351 | Invalid S/B: 0.25/0.00 | Max Load: 4.5 | Load Gap: 1.5 | Group CV: 0.0491
Epoch [447/2000] | Sampled: 386.88 | Baseline: 373.00 | Improvement: -13.88 | Win Rate: 25.00% | Actor Loss: -4.4426 | Entropy: 3.1764 | Invalid S/B: 0.25/0.00 | Max Load: 4.6 | Load Gap: 1.6 | Group CV: 0.0604
Epoch [448/2000] | Sampled: 382.25 | Baseline: 338.00 | Improvement: -44.25 | Win Rate: 0.00% | Actor Loss: 0.6688 | Entropy: 3.1283 | Invalid S/B: 0.25/0.00 | Max Load: 4.6 | Load Gap: 1.9 | Group CV: 0.0581
Epoch [449/2000] | Sampled: 390.50 | Baseline: 372.50 | Improvement: -18.00 | Win Rate: 37.50% | Actor Loss: -4.1311 | Entropy: 3.1895 | Invalid S/B: 0.38/0.00 | Max Load: 4.6 | Load Gap: 1.6 | Group CV: 0.0593
Epoch [450/2000] | Sampled: 394.25 | Baseline: 367.00 | Improvement: -27.25 | Win Rate: 25.00% | Actor Loss: 1.3733 | Entropy: 3.1542 | Invalid S/B: 1.12/0.00 | Max Load: 4.9 | Load Gap: 2.0 | Group CV: 0.0847
   -> Validation | Samples: 50 | Makespan: 367.00 | Invalid Jobs: 0.04 | Score: 371.00
Epoch [451/2000] | Sampled: 356.62 | Baseline: 313.50 | Improvement: -43.12 | Win Rate: 0.00% | Actor Loss: 2.5265 | Entropy: 3.0981 | Invalid S/B: 0.00/0.00 | Max Load: 4.8 | Load Gap: 1.8 | Group CV: 0.0217
Epoch [452/2000] | Sampled: 377.62 | Baseline: 318.50 | Improvement: -59.12 | Win Rate: 0.00% | Actor Loss: -3.9381 | Entropy: 3.1134 | Invalid S/B: 0.38/0.00 | Max Load: 4.9 | Load Gap: 2.0 | Group CV: 0.0429
Epoch [453/2000] | Sampled: 373.75 | Baseline: 307.50 | Improvement: -66.25 | Win Rate: 0.00% | Actor Loss: -0.4502 | Entropy: 3.0025 | Invalid S/B: 0.12/0.00 | Max Load: 4.6 | Load Gap: 1.6 | Group CV: 0.0434
Epoch [454/2000] | Sampled: 366.12 | Baseline: 329.00 | Improvement: -37.12 | Win Rate: 0.00% | Actor Loss: -9.7335 | Entropy: 3.0146 | Invalid S/B: 0.25/0.00 | Max Load: 4.8 | Load Gap: 1.8 | Group CV: 0.0457
Epoch [455/2000] | Sampled: 389.50 | Baseline: 363.00 | Improvement: -26.50 | Win Rate: 25.00% | Actor Loss: 0.1535 | Entropy: 2.9521 | Invalid S/B: 0.50/0.00 | Max Load: 4.6 | Load Gap: 1.6 | Group CV: 0.0728
Epoch [456/2000] | Sampled: 374.12 | Baseline: 311.00 | Improvement: -63.12 | Win Rate: 0.00% | Actor Loss: -2.5990 | Entropy: 2.9801 | Invalid S/B: 0.25/0.00 | Max Load: 4.5 | Load Gap: 1.5 | Group CV: 0.0982
Epoch [457/2000] | Sampled: 363.12 | Baseline: 328.50 | Improvement: -34.62 | Win Rate: 25.00% | Actor Loss: 1.2204 | Entropy: 2.9153 | Invalid S/B: 0.00/0.00 | Max Load: 4.5 | Load Gap: 1.5 | Group CV: 0.0322
Epoch [458/2000] | Sampled: 365.75 | Baseline: 323.50 | Improvement: -42.25 | Win Rate: 0.00% | Actor Loss: -5.2647 | Entropy: 2.9425 | Invalid S/B: 0.25/0.00 | Max Load: 4.9 | Load Gap: 1.9 | Group CV: 0.0470
Epoch [459/2000] | Sampled: 376.12 | Baseline: 321.00 | Improvement: -55.12 | Win Rate: 0.00% | Actor Loss: -4.1599 | Entropy: 2.8253 | Invalid S/B: 0.12/0.00 | Max Load: 4.4 | Load Gap: 1.4 | Group CV: 0.0359
Epoch [460/2000] | Sampled: 367.75 | Baseline: 343.00 | Improvement: -24.75 | Win Rate: 0.00% | Actor Loss: -4.3811 | Entropy: 2.8623 | Invalid S/B: 0.00/0.00 | Max Load: 4.6 | Load Gap: 1.6 | Group CV: 0.0247
   -> Validation | Samples: 50 | Makespan: 364.30 | Invalid Jobs: 0.02 | Score: 366.30
Epoch [461/2000] | Sampled: 371.50 | Baseline: 327.50 | Improvement: -44.00 | Win Rate: 0.00% | Actor Loss: -2.3515 | Entropy: 2.8555 | Invalid S/B: 0.12/0.00 | Max Load: 4.2 | Load Gap: 1.2 | Group CV: 0.0406
Epoch [462/2000] | Sampled: 363.00 | Baseline: 369.50 | Improvement: 6.50 | Win Rate: 50.00% | Actor Loss: -4.0888 | Entropy: 2.8250 | Invalid S/B: 0.00/0.00 | Max Load: 4.6 | Load Gap: 1.6 | Group CV: 0.0273
Epoch [463/2000] | Sampled: 377.12 | Baseline: 322.50 | Improvement: -54.62 | Win Rate: 0.00% | Actor Loss: -6.0620 | Entropy: 2.8437 | Invalid S/B: 0.12/0.00 | Max Load: 4.5 | Load Gap: 1.5 | Group CV: 0.0513
Epoch [464/2000] | Sampled: 378.62 | Baseline: 342.00 | Improvement: -36.62 | Win Rate: 12.50% | Actor Loss: -2.9887 | Entropy: 2.7747 | Invalid S/B: 0.12/0.00 | Max Load: 4.5 | Load Gap: 1.5 | Group CV: 0.0460
Epoch [465/2000] | Sampled: 379.38 | Baseline: 332.50 | Improvement: -46.88 | Win Rate: 0.00% | Actor Loss: -1.0909 | Entropy: 2.7298 | Invalid S/B: 0.12/0.00 | Max Load: 4.4 | Load Gap: 1.4 | Group CV: 0.0395
Epoch [466/2000] | Sampled: 367.62 | Baseline: 316.50 | Improvement: -51.12 | Win Rate: 0.00% | Actor Loss: 4.0972 | Entropy: 2.7410 | Invalid S/B: 0.00/0.00 | Max Load: 4.5 | Load Gap: 1.5 | Group CV: 0.0153
Epoch [467/2000] | Sampled: 367.50 | Baseline: 341.50 | Improvement: -26.00 | Win Rate: 0.00% | Actor Loss: -1.2803 | Entropy: 2.6793 | Invalid S/B: 0.00/0.00 | Max Load: 4.5 | Load Gap: 1.5 | Group CV: 0.0251
Epoch [468/2000] | Sampled: 381.25 | Baseline: 354.50 | Improvement: -26.75 | Win Rate: 0.00% | Actor Loss: 0.7292 | Entropy: 2.7281 | Invalid S/B: 0.12/0.00 | Max Load: 4.8 | Load Gap: 1.8 | Group CV: 0.0381
Epoch [469/2000] | Sampled: 376.88 | Baseline: 340.00 | Improvement: -36.88 | Win Rate: 25.00% | Actor Loss: 0.9445 | Entropy: 2.6994 | Invalid S/B: 0.00/0.00 | Max Load: 4.6 | Load Gap: 1.6 | Group CV: 0.0571
Epoch [470/2000] | Sampled: 374.38 | Baseline: 346.00 | Improvement: -28.38 | Win Rate: 37.50% | Actor Loss: -6.3717 | Entropy: 2.7040 | Invalid S/B: 0.12/0.00 | Max Load: 4.5 | Load Gap: 1.5 | Group CV: 0.0403
   -> Validation | Samples: 50 | Makespan: 355.92 | Invalid Jobs: 0.00 | Score: 355.92
Epoch [471/2000] | Sampled: 362.38 | Baseline: 305.50 | Improvement: -56.88 | Win Rate: 0.00% | Actor Loss: 1.1170 | Entropy: 2.6814 | Invalid S/B: 0.00/0.00 | Max Load: 4.6 | Load Gap: 1.6 | Group CV: 0.0190
Epoch [472/2000] | Sampled: 375.88 | Baseline: 316.00 | Improvement: -59.88 | Win Rate: 0.00% | Actor Loss: -0.2062 | Entropy: 2.6588 | Invalid S/B: 0.00/0.00 | Max Load: 4.4 | Load Gap: 1.4 | Group CV: 0.0261
Epoch [473/2000] | Sampled: 357.88 | Baseline: 323.50 | Improvement: -34.38 | Win Rate: 0.00% | Actor Loss: -1.7078 | Entropy: 2.6483 | Invalid S/B: 0.00/0.00 | Max Load: 4.5 | Load Gap: 1.5 | Group CV: 0.0177
Epoch [474/2000] | Sampled: 368.25 | Baseline: 316.50 | Improvement: -51.75 | Win Rate: 0.00% | Actor Loss: -0.1172 | Entropy: 2.6476 | Invalid S/B: 0.00/0.00 | Max Load: 4.4 | Load Gap: 1.4 | Group CV: 0.0311
Epoch [475/2000] | Sampled: 380.50 | Baseline: 358.50 | Improvement: -22.00 | Win Rate: 12.50% | Actor Loss: -3.2562 | Entropy: 2.5986 | Invalid S/B: 0.00/0.50 | Max Load: 4.4 | Load Gap: 1.4 | Group CV: 0.0244
Epoch [476/2000] | Sampled: 367.75 | Baseline: 339.00 | Improvement: -28.75 | Win Rate: 12.50% | Actor Loss: -2.1201 | Entropy: 2.6841 | Invalid S/B: 0.12/0.00 | Max Load: 4.2 | Load Gap: 1.2 | Group CV: 0.0420
Epoch [477/2000] | Sampled: 379.00 | Baseline: 344.50 | Improvement: -34.50 | Win Rate: 0.00% | Actor Loss: -6.1955 | Entropy: 2.6382 | Invalid S/B: 0.00/0.00 | Max Load: 4.5 | Load Gap: 1.5 | Group CV: 0.0373
Epoch [478/2000] | Sampled: 372.38 | Baseline: 324.50 | Improvement: -47.88 | Win Rate: 0.00% | Actor Loss: 0.5428 | Entropy: 2.6208 | Invalid S/B: 0.00/0.00 | Max Load: 4.6 | Load Gap: 1.6 | Group CV: 0.0162
Epoch [479/2000] | Sampled: 376.62 | Baseline: 313.50 | Improvement: -63.12 | Win Rate: 0.00% | Actor Loss: -0.4441 | Entropy: 2.7007 | Invalid S/B: 0.00/0.00 | Max Load: 4.5 | Load Gap: 1.5 | Group CV: 0.0312
Epoch [480/2000] | Sampled: 383.38 | Baseline: 354.50 | Improvement: -28.88 | Win Rate: 37.50% | Actor Loss: 3.7553 | Entropy: 2.6564 | Invalid S/B: 0.00/0.00 | Max Load: 4.1 | Load Gap: 1.1 | Group CV: 0.0194
   -> Validation | Samples: 50 | Makespan: 353.78 | Invalid Jobs: 0.02 | Score: 355.78
Epoch [481/2000] | Sampled: 374.12 | Baseline: 337.00 | Improvement: -37.12 | Win Rate: 0.00% | Actor Loss: 0.4416 | Entropy: 2.6922 | Invalid S/B: 0.12/0.00 | Max Load: 4.1 | Load Gap: 1.1 | Group CV: 0.0234
Epoch [482/2000] | Sampled: 376.75 | Baseline: 332.50 | Improvement: -44.25 | Win Rate: 0.00% | Actor Loss: 1.2042 | Entropy: 2.6777 | Invalid S/B: 0.12/0.00 | Max Load: 4.4 | Load Gap: 1.4 | Group CV: 0.0501
Epoch [483/2000] | Sampled: 373.88 | Baseline: 309.00 | Improvement: -64.88 | Win Rate: 0.00% | Actor Loss: -0.7262 | Entropy: 2.7234 | Invalid S/B: 0.00/0.00 | Max Load: 4.8 | Load Gap: 1.8 | Group CV: 0.0340
Epoch [484/2000] | Sampled: 376.25 | Baseline: 332.00 | Improvement: -44.25 | Win Rate: 0.00% | Actor Loss: 0.0923 | Entropy: 2.7121 | Invalid S/B: 0.12/0.00 | Max Load: 4.6 | Load Gap: 1.6 | Group CV: 0.0455
Epoch [485/2000] | Sampled: 385.12 | Baseline: 344.50 | Improvement: -40.62 | Win Rate: 37.50% | Actor Loss: 0.1666 | Entropy: 2.6887 | Invalid S/B: 0.12/0.00 | Max Load: 4.5 | Load Gap: 1.5 | Group CV: 0.0677
Epoch [486/2000] | Sampled: 374.25 | Baseline: 334.50 | Improvement: -39.75 | Win Rate: 0.00% | Actor Loss: -5.5156 | Entropy: 2.6023 | Invalid S/B: 0.00/0.00 | Max Load: 4.4 | Load Gap: 1.4 | Group CV: 0.0227
Epoch [487/2000] | Sampled: 366.50 | Baseline: 334.50 | Improvement: -32.00 | Win Rate: 0.00% | Actor Loss: 5.3115 | Entropy: 2.5545 | Invalid S/B: 0.00/0.00 | Max Load: 4.6 | Load Gap: 1.6 | Group CV: 0.0232
Epoch [488/2000] | Sampled: 359.62 | Baseline: 344.50 | Improvement: -15.12 | Win Rate: 25.00% | Actor Loss: -1.4786 | Entropy: 2.6035 | Invalid S/B: 0.00/0.00 | Max Load: 4.5 | Load Gap: 1.5 | Group CV: 0.0253
Epoch [489/2000] | Sampled: 379.25 | Baseline: 376.00 | Improvement: -3.25 | Win Rate: 50.00% | Actor Loss: -6.5656 | Entropy: 2.5350 | Invalid S/B: 0.00/0.00 | Max Load: 4.5 | Load Gap: 1.5 | Group CV: 0.0346
Epoch [490/2000] | Sampled: 371.50 | Baseline: 389.50 | Improvement: 18.00 | Win Rate: 50.00% | Actor Loss: 2.4859 | Entropy: 2.5488 | Invalid S/B: 0.00/0.50 | Max Load: 4.4 | Load Gap: 1.4 | Group CV: 0.0282
   -> Validation | Samples: 50 | Makespan: 354.58 | Invalid Jobs: 0.00 | Score: 354.58
Epoch [491/2000] | Sampled: 358.00 | Baseline: 326.00 | Improvement: -32.00 | Win Rate: 0.00% | Actor Loss: -0.5878 | Entropy: 2.4845 | Invalid S/B: 0.00/0.00 | Max Load: 4.1 | Load Gap: 1.1 | Group CV: 0.0232
Epoch [492/2000] | Sampled: 385.00 | Baseline: 340.00 | Improvement: -45.00 | Win Rate: 0.00% | Actor Loss: -2.8900 | Entropy: 2.6148 | Invalid S/B: 0.25/0.00 | Max Load: 4.2 | Load Gap: 1.2 | Group CV: 0.0681
Epoch [493/2000] | Sampled: 361.38 | Baseline: 335.50 | Improvement: -25.88 | Win Rate: 0.00% | Actor Loss: -9.5868 | Entropy: 2.5916 | Invalid S/B: 0.00/0.00 | Max Load: 4.6 | Load Gap: 1.6 | Group CV: 0.0278
Epoch [494/2000] | Sampled: 366.50 | Baseline: 321.00 | Improvement: -45.50 | Win Rate: 0.00% | Actor Loss: -9.7052 | Entropy: 2.5329 | Invalid S/B: 0.00/0.00 | Max Load: 4.4 | Load Gap: 1.4 | Group CV: 0.0271
Epoch [495/2000] | Sampled: 384.00 | Baseline: 335.00 | Improvement: -49.00 | Win Rate: 0.00% | Actor Loss: -4.5337 | Entropy: 2.5558 | Invalid S/B: 0.00/0.00 | Max Load: 4.4 | Load Gap: 1.4 | Group CV: 0.0306
Epoch [496/2000] | Sampled: 378.62 | Baseline: 314.50 | Improvement: -64.12 | Win Rate: 0.00% | Actor Loss: 3.7131 | Entropy: 2.5597 | Invalid S/B: 0.00/0.00 | Max Load: 4.2 | Load Gap: 1.2 | Group CV: 0.0167
Epoch [497/2000] | Sampled: 391.00 | Baseline: 320.50 | Improvement: -70.50 | Win Rate: 0.00% | Actor Loss: 5.4742 | Entropy: 2.5296 | Invalid S/B: 0.12/0.00 | Max Load: 4.4 | Load Gap: 1.4 | Group CV: 0.0186
Epoch [498/2000] | Sampled: 367.88 | Baseline: 329.50 | Improvement: -38.38 | Win Rate: 0.00% | Actor Loss: -12.6190 | Entropy: 2.4737 | Invalid S/B: 0.00/0.00 | Max Load: 4.2 | Load Gap: 1.2 | Group CV: 0.0337
Epoch [499/2000] | Sampled: 379.50 | Baseline: 339.00 | Improvement: -40.50 | Win Rate: 37.50% | Actor Loss: -2.0028 | Entropy: 2.4526 | Invalid S/B: 0.12/0.00 | Max Load: 4.1 | Load Gap: 1.1 | Group CV: 0.0520
Epoch [500/2000] | Sampled: 381.75 | Baseline: 337.50 | Improvement: -44.25 | Win Rate: 0.00% | Actor Loss: -5.9195 | Entropy: 2.3727 | Invalid S/B: 0.00/0.00 | Max Load: 4.1 | Load Gap: 1.1 | Group CV: 0.0091
   -> Validation | Samples: 50 | Makespan: 357.02 | Invalid Jobs: 0.02 | Score: 359.02
   -> Saved updated training chart to /home/wei/Desktop/AMR-DFJSP/Static_alogorithm/GNN/gnn_training_metrics.png
Epoch [501/2000] | Sampled: 362.88 | Baseline: 314.00 | Improvement: -48.88 | Win Rate: 0.00% | Actor Loss: -1.0804 | Entropy: 2.3602 | Invalid S/B: 0.00/0.00 | Max Load: 4.2 | Load Gap: 1.2 | Group CV: 0.0284
Epoch [502/2000] | Sampled: 377.12 | Baseline: 345.00 | Improvement: -32.12 | Win Rate: 0.00% | Actor Loss: -2.9057 | Entropy: 2.4033 | Invalid S/B: 0.12/0.00 | Max Load: 4.4 | Load Gap: 1.4 | Group CV: 0.0335
Epoch [503/2000] | Sampled: 375.25 | Baseline: 343.00 | Improvement: -32.25 | Win Rate: 0.00% | Actor Loss: -2.5212 | Entropy: 2.3095 | Invalid S/B: 0.00/0.00 | Max Load: 4.1 | Load Gap: 1.1 | Group CV: 0.0222
Epoch [504/2000] | Sampled: 374.50 | Baseline: 354.50 | Improvement: -20.00 | Win Rate: 12.50% | Actor Loss: -5.3369 | Entropy: 2.2654 | Invalid S/B: 0.00/0.00 | Max Load: 4.4 | Load Gap: 1.4 | Group CV: 0.0339
Epoch [505/2000] | Sampled: 375.38 | Baseline: 356.00 | Improvement: -19.38 | Win Rate: 12.50% | Actor Loss: -6.3926 | Entropy: 2.2633 | Invalid S/B: 0.00/0.00 | Max Load: 4.2 | Load Gap: 1.2 | Group CV: 0.0332
Epoch [506/2000] | Sampled: 379.25 | Baseline: 343.50 | Improvement: -35.75 | Win Rate: 0.00% | Actor Loss: -0.7277 | Entropy: 2.2432 | Invalid S/B: 0.00/0.00 | Max Load: 4.5 | Load Gap: 1.5 | Group CV: 0.0341
Epoch [507/2000] | Sampled: 356.12 | Baseline: 308.00 | Improvement: -48.12 | Win Rate: 0.00% | Actor Loss: -3.4017 | Entropy: 2.2731 | Invalid S/B: 0.00/0.00 | Max Load: 4.2 | Load Gap: 1.2 | Group CV: 0.0145
Epoch [508/2000] | Sampled: 378.75 | Baseline: 336.50 | Improvement: -42.25 | Win Rate: 12.50% | Actor Loss: -2.4733 | Entropy: 2.2420 | Invalid S/B: 0.00/0.00 | Max Load: 4.4 | Load Gap: 1.4 | Group CV: 0.0253
Epoch [509/2000] | Sampled: 372.12 | Baseline: 308.00 | Improvement: -64.12 | Win Rate: 0.00% | Actor Loss: -6.0486 | Entropy: 2.1572 | Invalid S/B: 0.00/0.00 | Max Load: 4.2 | Load Gap: 1.2 | Group CV: 0.0459
Epoch [510/2000] | Sampled: 372.12 | Baseline: 318.50 | Improvement: -53.62 | Win Rate: 0.00% | Actor Loss: -2.9911 | Entropy: 2.1104 | Invalid S/B: 0.00/0.00 | Max Load: 4.4 | Load Gap: 1.4 | Group CV: 0.0234
   -> Validation | Samples: 50 | Makespan: 354.02 | Invalid Jobs: 0.04 | Score: 358.02
Epoch [511/2000] | Sampled: 357.12 | Baseline: 351.00 | Improvement: -6.12 | Win Rate: 12.50% | Actor Loss: -1.2644 | Entropy: 2.0926 | Invalid S/B: 0.00/0.00 | Max Load: 4.2 | Load Gap: 1.2 | Group CV: 0.0157
Epoch [512/2000] | Sampled: 366.12 | Baseline: 387.50 | Improvement: 21.38 | Win Rate: 87.50% | Actor Loss: -4.1550 | Entropy: 2.0395 | Invalid S/B: 0.00/0.00 | Max Load: 4.4 | Load Gap: 1.4 | Group CV: 0.0290
Epoch [513/2000] | Sampled: 380.88 | Baseline: 348.00 | Improvement: -32.88 | Win Rate: 0.00% | Actor Loss: -3.7884 | Entropy: 1.9737 | Invalid S/B: 0.00/0.00 | Max Load: 4.0 | Load Gap: 1.0 | Group CV: 0.0327
Epoch [514/2000] | Sampled: 372.50 | Baseline: 348.00 | Improvement: -24.50 | Win Rate: 25.00% | Actor Loss: -1.8018 | Entropy: 1.9336 | Invalid S/B: 0.00/0.00 | Max Load: 4.1 | Load Gap: 1.1 | Group CV: 0.0365
Epoch [515/2000] | Sampled: 360.62 | Baseline: 381.50 | Improvement: 20.88 | Win Rate: 75.00% | Actor Loss: -8.6997 | Entropy: 1.8950 | Invalid S/B: 0.00/0.00 | Max Load: 4.2 | Load Gap: 1.2 | Group CV: 0.0251
Epoch [516/2000] | Sampled: 372.25 | Baseline: 387.50 | Improvement: 15.25 | Win Rate: 75.00% | Actor Loss: 5.2394 | Entropy: 1.8421 | Invalid S/B: 0.00/0.00 | Max Load: 4.2 | Load Gap: 1.2 | Group CV: 0.0309
Epoch [517/2000] | Sampled: 367.88 | Baseline: 361.50 | Improvement: -6.38 | Win Rate: 37.50% | Actor Loss: -2.3089 | Entropy: 1.8219 | Invalid S/B: 0.00/0.00 | Max Load: 4.2 | Load Gap: 1.2 | Group CV: 0.0157
Epoch [518/2000] | Sampled: 350.00 | Baseline: 335.00 | Improvement: -15.00 | Win Rate: 50.00% | Actor Loss: 0.3112 | Entropy: 1.7881 | Invalid S/B: 0.00/0.00 | Max Load: 4.1 | Load Gap: 1.1 | Group CV: 0.0237
Epoch [519/2000] | Sampled: 368.75 | Baseline: 335.50 | Improvement: -33.25 | Win Rate: 37.50% | Actor Loss: -0.5209 | Entropy: 1.8407 | Invalid S/B: 0.00/0.00 | Max Load: 4.1 | Load Gap: 1.1 | Group CV: 0.0380
Epoch [520/2000] | Sampled: 357.25 | Baseline: 326.00 | Improvement: -31.25 | Win Rate: 25.00% | Actor Loss: -8.4165 | Entropy: 1.8065 | Invalid S/B: 0.00/0.00 | Max Load: 4.5 | Load Gap: 1.5 | Group CV: 0.0280
   -> Validation | Samples: 50 | Makespan: 354.54 | Invalid Jobs: 0.02 | Score: 356.54
Epoch [521/2000] | Sampled: 362.50 | Baseline: 308.50 | Improvement: -54.00 | Win Rate: 0.00% | Actor Loss: 0.0247 | Entropy: 1.7801 | Invalid S/B: 0.12/0.00 | Max Load: 4.4 | Load Gap: 1.4 | Group CV: 0.0272
Epoch [522/2000] | Sampled: 365.00 | Baseline: 357.50 | Improvement: -7.50 | Win Rate: 25.00% | Actor Loss: -4.8505 | Entropy: 1.7740 | Invalid S/B: 0.00/0.00 | Max Load: 4.1 | Load Gap: 1.1 | Group CV: 0.0309
Epoch [523/2000] | Sampled: 351.62 | Baseline: 323.50 | Improvement: -28.12 | Win Rate: 0.00% | Actor Loss: -2.2487 | Entropy: 1.8059 | Invalid S/B: 0.00/0.00 | Max Load: 4.4 | Load Gap: 1.4 | Group CV: 0.0202
Epoch [524/2000] | Sampled: 382.75 | Baseline: 378.50 | Improvement: -4.25 | Win Rate: 25.00% | Actor Loss: 1.4378 | Entropy: 1.8026 | Invalid S/B: 0.00/0.00 | Max Load: 4.2 | Load Gap: 1.2 | Group CV: 0.0268
Epoch [525/2000] | Sampled: 359.88 | Baseline: 319.50 | Improvement: -40.38 | Win Rate: 0.00% | Actor Loss: -3.3331 | Entropy: 1.7735 | Invalid S/B: 0.00/0.00 | Max Load: 4.5 | Load Gap: 1.5 | Group CV: 0.0382
Epoch [526/2000] | Sampled: 367.62 | Baseline: 343.50 | Improvement: -24.12 | Win Rate: 12.50% | Actor Loss: -7.0161 | Entropy: 1.7615 | Invalid S/B: 0.00/0.00 | Max Load: 4.4 | Load Gap: 1.4 | Group CV: 0.0261
Epoch [527/2000] | Sampled: 357.00 | Baseline: 317.00 | Improvement: -40.00 | Win Rate: 0.00% | Actor Loss: 5.3118 | Entropy: 1.7946 | Invalid S/B: 0.12/0.00 | Max Load: 4.4 | Load Gap: 1.4 | Group CV: 0.0396
Epoch [528/2000] | Sampled: 359.12 | Baseline: 326.00 | Improvement: -33.12 | Win Rate: 0.00% | Actor Loss: 2.2425 | Entropy: 1.7463 | Invalid S/B: 0.00/0.00 | Max Load: 4.2 | Load Gap: 1.2 | Group CV: 0.0295
Epoch [529/2000] | Sampled: 350.12 | Baseline: 318.50 | Improvement: -31.62 | Win Rate: 0.00% | Actor Loss: -2.8572 | Entropy: 1.7199 | Invalid S/B: 0.00/0.00 | Max Load: 4.4 | Load Gap: 1.4 | Group CV: 0.0237
Epoch [530/2000] | Sampled: 361.00 | Baseline: 381.50 | Improvement: 20.50 | Win Rate: 87.50% | Actor Loss: 4.4717 | Entropy: 1.7178 | Invalid S/B: 0.00/0.00 | Max Load: 4.2 | Load Gap: 1.2 | Group CV: 0.0148
   -> Validation | Samples: 50 | Makespan: 353.36 | Invalid Jobs: 0.02 | Score: 355.36
Epoch [531/2000] | Sampled: 365.50 | Baseline: 315.00 | Improvement: -50.50 | Win Rate: 0.00% | Actor Loss: -3.2799 | Entropy: 1.7151 | Invalid S/B: 0.00/0.00 | Max Load: 4.2 | Load Gap: 1.2 | Group CV: 0.0310
Epoch [532/2000] | Sampled: 367.88 | Baseline: 347.00 | Improvement: -20.88 | Win Rate: 50.00% | Actor Loss: -4.8049 | Entropy: 1.7496 | Invalid S/B: 0.00/0.00 | Max Load: 4.4 | Load Gap: 1.4 | Group CV: 0.0213
Epoch [533/2000] | Sampled: 358.38 | Baseline: 331.00 | Improvement: -27.38 | Win Rate: 0.00% | Actor Loss: -7.2118 | Entropy: 1.7486 | Invalid S/B: 0.00/0.00 | Max Load: 4.5 | Load Gap: 1.5 | Group CV: 0.0206
Epoch [534/2000] | Sampled: 362.62 | Baseline: 345.00 | Improvement: -17.62 | Win Rate: 0.00% | Actor Loss: -4.3770 | Entropy: 1.7191 | Invalid S/B: 0.00/0.00 | Max Load: 4.4 | Load Gap: 1.4 | Group CV: 0.0240
Epoch [535/2000] | Sampled: 385.75 | Baseline: 356.50 | Improvement: -29.25 | Win Rate: 12.50% | Actor Loss: 6.2481 | Entropy: 1.6965 | Invalid S/B: 0.00/0.00 | Max Load: 4.4 | Load Gap: 1.4 | Group CV: 0.0466
Epoch [536/2000] | Sampled: 357.62 | Baseline: 312.00 | Improvement: -45.62 | Win Rate: 0.00% | Actor Loss: 5.6034 | Entropy: 1.6673 | Invalid S/B: 0.00/0.00 | Max Load: 4.1 | Load Gap: 1.1 | Group CV: 0.0172
Epoch [537/2000] | Sampled: 357.75 | Baseline: 331.00 | Improvement: -26.75 | Win Rate: 0.00% | Actor Loss: 0.0592 | Entropy: 1.6994 | Invalid S/B: 0.00/0.00 | Max Load: 4.2 | Load Gap: 1.2 | Group CV: 0.0258
Epoch [538/2000] | Sampled: 365.00 | Baseline: 331.00 | Improvement: -34.00 | Win Rate: 0.00% | Actor Loss: -1.7703 | Entropy: 1.7049 | Invalid S/B: 0.00/0.00 | Max Load: 4.1 | Load Gap: 1.1 | Group CV: 0.0367
Epoch [539/2000] | Sampled: 363.00 | Baseline: 321.50 | Improvement: -41.50 | Win Rate: 0.00% | Actor Loss: -4.5304 | Entropy: 1.7081 | Invalid S/B: 0.00/0.00 | Max Load: 4.2 | Load Gap: 1.2 | Group CV: 0.0317
Epoch [540/2000] | Sampled: 349.38 | Baseline: 313.00 | Improvement: -36.38 | Win Rate: 0.00% | Actor Loss: -5.5386 | Entropy: 1.6837 | Invalid S/B: 0.00/0.00 | Max Load: 4.1 | Load Gap: 1.1 | Group CV: 0.0256
   -> Validation | Samples: 50 | Makespan: 360.82 | Invalid Jobs: 0.06 | Score: 366.82
Epoch [541/2000] | Sampled: 368.25 | Baseline: 347.00 | Improvement: -21.25 | Win Rate: 0.00% | Actor Loss: -3.6441 | Entropy: 1.7001 | Invalid S/B: 0.00/0.00 | Max Load: 4.1 | Load Gap: 1.1 | Group CV: 0.0163
Epoch [542/2000] | Sampled: 355.50 | Baseline: 304.50 | Improvement: -51.00 | Win Rate: 0.00% | Actor Loss: -3.3331 | Entropy: 1.6364 | Invalid S/B: 0.00/0.00 | Max Load: 4.2 | Load Gap: 1.2 | Group CV: 0.0221
Epoch [543/2000] | Sampled: 355.25 | Baseline: 321.00 | Improvement: -34.25 | Win Rate: 0.00% | Actor Loss: -6.6284 | Entropy: 1.6577 | Invalid S/B: 0.00/0.00 | Max Load: 4.2 | Load Gap: 1.2 | Group CV: 0.0264
Epoch [544/2000] | Sampled: 366.12 | Baseline: 324.50 | Improvement: -41.62 | Win Rate: 0.00% | Actor Loss: -8.7226 | Entropy: 1.6454 | Invalid S/B: 0.00/0.00 | Max Load: 4.1 | Load Gap: 1.1 | Group CV: 0.0363
Epoch [545/2000] | Sampled: 357.50 | Baseline: 306.50 | Improvement: -51.00 | Win Rate: 0.00% | Actor Loss: -4.4445 | Entropy: 1.6583 | Invalid S/B: 0.00/0.00 | Max Load: 4.1 | Load Gap: 1.1 | Group CV: 0.0112
Epoch [546/2000] | Sampled: 389.50 | Baseline: 354.50 | Improvement: -35.00 | Win Rate: 37.50% | Actor Loss: -7.4402 | Entropy: 1.6121 | Invalid S/B: 0.00/0.00 | Max Load: 4.6 | Load Gap: 1.6 | Group CV: 0.0373
Epoch [547/2000] | Sampled: 367.75 | Baseline: 331.00 | Improvement: -36.75 | Win Rate: 0.00% | Actor Loss: -4.7852 | Entropy: 1.6309 | Invalid S/B: 0.00/0.00 | Max Load: 4.1 | Load Gap: 1.1 | Group CV: 0.0456
Epoch [548/2000] | Sampled: 368.38 | Baseline: 386.50 | Improvement: 18.12 | Win Rate: 50.00% | Actor Loss: -3.0410 | Entropy: 1.6101 | Invalid S/B: 0.00/0.00 | Max Load: 4.1 | Load Gap: 1.1 | Group CV: 0.0304
Epoch [549/2000] | Sampled: 357.50 | Baseline: 341.50 | Improvement: -16.00 | Win Rate: 25.00% | Actor Loss: -1.9928 | Entropy: 1.5819 | Invalid S/B: 0.00/0.00 | Max Load: 4.2 | Load Gap: 1.2 | Group CV: 0.0376
Epoch [550/2000] | Sampled: 347.12 | Baseline: 297.50 | Improvement: -49.62 | Win Rate: 0.00% | Actor Loss: -1.4890 | Entropy: 1.5545 | Invalid S/B: 0.00/0.00 | Max Load: 4.1 | Load Gap: 1.1 | Group CV: 0.0333
   -> Validation | Samples: 50 | Makespan: 354.92 | Invalid Jobs: 0.00 | Score: 354.92
Epoch [551/2000] | Sampled: 368.25 | Baseline: 309.00 | Improvement: -59.25 | Win Rate: 0.00% | Actor Loss: 0.6360 | Entropy: 1.5417 | Invalid S/B: 0.00/0.00 | Max Load: 4.0 | Load Gap: 1.0 | Group CV: 0.0414
Epoch [552/2000] | Sampled: 353.62 | Baseline: 324.00 | Improvement: -29.62 | Win Rate: 0.00% | Actor Loss: -3.5060 | Entropy: 1.5336 | Invalid S/B: 0.00/0.00 | Max Load: 4.0 | Load Gap: 1.0 | Group CV: 0.0298
Epoch [553/2000] | Sampled: 355.38 | Baseline: 302.50 | Improvement: -52.88 | Win Rate: 0.00% | Actor Loss: -3.1852 | Entropy: 1.4927 | Invalid S/B: 0.00/0.00 | Max Load: 4.0 | Load Gap: 1.0 | Group CV: 0.0087
Epoch [554/2000] | Sampled: 363.25 | Baseline: 326.50 | Improvement: -36.75 | Win Rate: 0.00% | Actor Loss: -7.2603 | Entropy: 1.4955 | Invalid S/B: 0.00/0.00 | Max Load: 4.1 | Load Gap: 1.1 | Group CV: 0.0269
Epoch [555/2000] | Sampled: 361.00 | Baseline: 323.00 | Improvement: -38.00 | Win Rate: 0.00% | Actor Loss: -0.1113 | Entropy: 1.4914 | Invalid S/B: 0.00/0.00 | Max Load: 4.2 | Load Gap: 1.2 | Group CV: 0.0261
Epoch [556/2000] | Sampled: 349.50 | Baseline: 321.00 | Improvement: -28.50 | Win Rate: 0.00% | Actor Loss: -6.8348 | Entropy: 1.4631 | Invalid S/B: 0.00/0.00 | Max Load: 4.2 | Load Gap: 1.2 | Group CV: 0.0213
Epoch [557/2000] | Sampled: 363.88 | Baseline: 320.50 | Improvement: -43.38 | Win Rate: 0.00% | Actor Loss: -3.8196 | Entropy: 1.3945 | Invalid S/B: 0.00/0.00 | Max Load: 4.2 | Load Gap: 1.2 | Group CV: 0.0202
Epoch [558/2000] | Sampled: 363.50 | Baseline: 328.50 | Improvement: -35.00 | Win Rate: 0.00% | Actor Loss: -5.7989 | Entropy: 1.4170 | Invalid S/B: 0.00/0.00 | Max Load: 4.6 | Load Gap: 1.6 | Group CV: 0.0318
Epoch [559/2000] | Sampled: 363.62 | Baseline: 325.50 | Improvement: -38.12 | Win Rate: 0.00% | Actor Loss: -1.0959 | Entropy: 1.3812 | Invalid S/B: 0.00/0.00 | Max Load: 4.2 | Load Gap: 1.2 | Group CV: 0.0568
Epoch [560/2000] | Sampled: 368.50 | Baseline: 354.50 | Improvement: -14.00 | Win Rate: 25.00% | Actor Loss: -4.3557 | Entropy: 1.3764 | Invalid S/B: 0.00/0.00 | Max Load: 4.4 | Load Gap: 1.4 | Group CV: 0.0314
   -> Validation | Samples: 50 | Makespan: 356.40 | Invalid Jobs: 0.04 | Score: 360.40
Epoch [561/2000] | Sampled: 370.75 | Baseline: 349.00 | Improvement: -21.75 | Win Rate: 0.00% | Actor Loss: -3.8158 | Entropy: 1.3694 | Invalid S/B: 0.00/0.00 | Max Load: 4.5 | Load Gap: 1.5 | Group CV: 0.0220
Epoch [562/2000] | Sampled: 358.38 | Baseline: 336.50 | Improvement: -21.88 | Win Rate: 0.00% | Actor Loss: -6.8669 | Entropy: 1.3872 | Invalid S/B: 0.00/0.00 | Max Load: 4.2 | Load Gap: 1.2 | Group CV: 0.0133
Epoch [563/2000] | Sampled: 362.00 | Baseline: 360.50 | Improvement: -1.50 | Win Rate: 50.00% | Actor Loss: 1.6971 | Entropy: 1.3373 | Invalid S/B: 0.00/0.00 | Max Load: 4.4 | Load Gap: 1.4 | Group CV: 0.0214
Epoch [564/2000] | Sampled: 361.25 | Baseline: 358.00 | Improvement: -3.25 | Win Rate: 50.00% | Actor Loss: -1.7555 | Entropy: 1.3309 | Invalid S/B: 0.12/0.00 | Max Load: 4.4 | Load Gap: 1.4 | Group CV: 0.0682
Epoch [565/2000] | Sampled: 367.62 | Baseline: 343.50 | Improvement: -24.12 | Win Rate: 0.00% | Actor Loss: -2.0668 | Entropy: 1.3737 | Invalid S/B: 0.00/0.00 | Max Load: 4.1 | Load Gap: 1.1 | Group CV: 0.0210
Epoch [566/2000] | Sampled: 348.38 | Baseline: 312.50 | Improvement: -35.88 | Win Rate: 0.00% | Actor Loss: -3.3974 | Entropy: 1.3404 | Invalid S/B: 0.00/0.00 | Max Load: 4.2 | Load Gap: 1.2 | Group CV: 0.0169
Epoch [567/2000] | Sampled: 362.00 | Baseline: 341.00 | Improvement: -21.00 | Win Rate: 12.50% | Actor Loss: 4.0693 | Entropy: 1.3793 | Invalid S/B: 0.00/0.00 | Max Load: 4.1 | Load Gap: 1.1 | Group CV: 0.0250
Epoch [568/2000] | Sampled: 348.25 | Baseline: 312.00 | Improvement: -36.25 | Win Rate: 0.00% | Actor Loss: -2.3529 | Entropy: 1.3500 | Invalid S/B: 0.00/0.00 | Max Load: 4.2 | Load Gap: 1.2 | Group CV: 0.0123
Epoch [569/2000] | Sampled: 359.38 | Baseline: 312.50 | Improvement: -46.88 | Win Rate: 0.00% | Actor Loss: 1.3182 | Entropy: 1.3616 | Invalid S/B: 0.00/0.00 | Max Load: 4.4 | Load Gap: 1.4 | Group CV: 0.0344
Epoch [570/2000] | Sampled: 354.38 | Baseline: 307.00 | Improvement: -47.38 | Win Rate: 0.00% | Actor Loss: -1.8225 | Entropy: 1.3350 | Invalid S/B: 0.00/0.00 | Max Load: 4.2 | Load Gap: 1.2 | Group CV: 0.0154
   -> Validation | Samples: 50 | Makespan: 353.76 | Invalid Jobs: 0.00 | Score: 353.76
Epoch [571/2000] | Sampled: 346.88 | Baseline: 307.00 | Improvement: -39.88 | Win Rate: 0.00% | Actor Loss: 2.6507 | Entropy: 1.3376 | Invalid S/B: 0.00/0.00 | Max Load: 4.0 | Load Gap: 1.0 | Group CV: 0.0152
Epoch [572/2000] | Sampled: 365.88 | Baseline: 340.00 | Improvement: -25.88 | Win Rate: 0.00% | Actor Loss: -4.8162 | Entropy: 1.3657 | Invalid S/B: 0.00/0.00 | Max Load: 4.1 | Load Gap: 1.1 | Group CV: 0.0241
Epoch [573/2000] | Sampled: 358.00 | Baseline: 324.00 | Improvement: -34.00 | Win Rate: 37.50% | Actor Loss: 3.8169 | Entropy: 1.3268 | Invalid S/B: 0.00/0.00 | Max Load: 4.2 | Load Gap: 1.2 | Group CV: 0.0283
Epoch [574/2000] | Sampled: 359.50 | Baseline: 346.00 | Improvement: -13.50 | Win Rate: 12.50% | Actor Loss: -6.9311 | Entropy: 1.3549 | Invalid S/B: 0.00/0.00 | Max Load: 4.1 | Load Gap: 1.1 | Group CV: 0.0150
Epoch [575/2000] | Sampled: 348.12 | Baseline: 335.00 | Improvement: -13.12 | Win Rate: 25.00% | Actor Loss: -0.2703 | Entropy: 1.3170 | Invalid S/B: 0.00/0.00 | Max Load: 4.5 | Load Gap: 1.5 | Group CV: 0.0259
Epoch [576/2000] | Sampled: 355.50 | Baseline: 312.00 | Improvement: -43.50 | Win Rate: 0.00% | Actor Loss: 1.5759 | Entropy: 1.3198 | Invalid S/B: 0.00/0.00 | Max Load: 4.1 | Load Gap: 1.1 | Group CV: 0.0246
Epoch [577/2000] | Sampled: 363.00 | Baseline: 349.50 | Improvement: -13.50 | Win Rate: 12.50% | Actor Loss: -0.5541 | Entropy: 1.2776 | Invalid S/B: 0.00/0.00 | Max Load: 4.1 | Load Gap: 1.1 | Group CV: 0.0130
Epoch [578/2000] | Sampled: 366.50 | Baseline: 321.50 | Improvement: -45.00 | Win Rate: 12.50% | Actor Loss: 0.5119 | Entropy: 1.2884 | Invalid S/B: 0.12/0.00 | Max Load: 4.4 | Load Gap: 1.4 | Group CV: 0.0736
Epoch [579/2000] | Sampled: 355.38 | Baseline: 314.50 | Improvement: -40.88 | Win Rate: 0.00% | Actor Loss: -4.9505 | Entropy: 1.3116 | Invalid S/B: 0.00/0.00 | Max Load: 4.4 | Load Gap: 1.4 | Group CV: 0.0269
Epoch [580/2000] | Sampled: 367.38 | Baseline: 326.50 | Improvement: -40.88 | Win Rate: 25.00% | Actor Loss: -3.9970 | Entropy: 1.2882 | Invalid S/B: 0.00/0.00 | Max Load: 4.1 | Load Gap: 1.1 | Group CV: 0.0393
   -> Validation | Samples: 50 | Makespan: 350.56 | Invalid Jobs: 0.02 | Score: 352.56
Epoch [581/2000] | Sampled: 359.50 | Baseline: 328.00 | Improvement: -31.50 | Win Rate: 12.50% | Actor Loss: -6.3174 | Entropy: 1.2782 | Invalid S/B: 0.00/0.00 | Max Load: 4.2 | Load Gap: 1.2 | Group CV: 0.0432
Epoch [582/2000] | Sampled: 366.12 | Baseline: 325.50 | Improvement: -40.62 | Win Rate: 0.00% | Actor Loss: -0.6711 | Entropy: 1.2938 | Invalid S/B: 0.00/0.00 | Max Load: 4.4 | Load Gap: 1.4 | Group CV: 0.0323
Epoch [583/2000] | Sampled: 368.50 | Baseline: 341.50 | Improvement: -27.00 | Win Rate: 25.00% | Actor Loss: -1.7115 | Entropy: 1.2735 | Invalid S/B: 0.12/0.00 | Max Load: 4.4 | Load Gap: 1.4 | Group CV: 0.0495
Epoch [584/2000] | Sampled: 351.25 | Baseline: 367.50 | Improvement: 16.25 | Win Rate: 50.00% | Actor Loss: -1.8922 | Entropy: 1.2764 | Invalid S/B: 0.00/0.50 | Max Load: 4.1 | Load Gap: 1.1 | Group CV: 0.0322
Epoch [585/2000] | Sampled: 358.38 | Baseline: 331.00 | Improvement: -27.38 | Win Rate: 0.00% | Actor Loss: -2.2429 | Entropy: 1.2943 | Invalid S/B: 0.00/0.00 | Max Load: 4.4 | Load Gap: 1.4 | Group CV: 0.0263
Epoch [586/2000] | Sampled: 364.12 | Baseline: 315.00 | Improvement: -49.12 | Win Rate: 0.00% | Actor Loss: -4.8043 | Entropy: 1.2865 | Invalid S/B: 0.00/0.00 | Max Load: 4.8 | Load Gap: 1.8 | Group CV: 0.0303
Epoch [587/2000] | Sampled: 349.75 | Baseline: 327.50 | Improvement: -22.25 | Win Rate: 0.00% | Actor Loss: -7.2928 | Entropy: 1.2274 | Invalid S/B: 0.00/0.00 | Max Load: 4.1 | Load Gap: 1.1 | Group CV: 0.0216
Epoch [588/2000] | Sampled: 345.00 | Baseline: 299.50 | Improvement: -45.50 | Win Rate: 0.00% | Actor Loss: 0.6885 | Entropy: 1.2600 | Invalid S/B: 0.00/0.00 | Max Load: 4.1 | Load Gap: 1.1 | Group CV: 0.0176
Epoch [589/2000] | Sampled: 358.12 | Baseline: 381.50 | Improvement: 23.38 | Win Rate: 100.00% | Actor Loss: 0.3736 | Entropy: 1.2935 | Invalid S/B: 0.00/0.00 | Max Load: 4.2 | Load Gap: 1.2 | Group CV: 0.0206
Epoch [590/2000] | Sampled: 354.75 | Baseline: 347.50 | Improvement: -7.25 | Win Rate: 37.50% | Actor Loss: -8.5393 | Entropy: 1.2666 | Invalid S/B: 0.25/0.00 | Max Load: 4.1 | Load Gap: 1.1 | Group CV: 0.0515
   -> Validation | Samples: 50 | Makespan: 350.92 | Invalid Jobs: 0.02 | Score: 352.92
Epoch [591/2000] | Sampled: 366.62 | Baseline: 338.00 | Improvement: -28.62 | Win Rate: 25.00% | Actor Loss: 1.2624 | Entropy: 1.2102 | Invalid S/B: 0.12/0.00 | Max Load: 4.2 | Load Gap: 1.2 | Group CV: 0.0457
Epoch [592/2000] | Sampled: 359.12 | Baseline: 316.00 | Improvement: -43.12 | Win Rate: 0.00% | Actor Loss: -0.5283 | Entropy: 1.2356 | Invalid S/B: 0.00/0.00 | Max Load: 4.2 | Load Gap: 1.2 | Group CV: 0.0251
Epoch [593/2000] | Sampled: 357.12 | Baseline: 324.00 | Improvement: -33.12 | Win Rate: 12.50% | Actor Loss: -2.4654 | Entropy: 1.2467 | Invalid S/B: 0.00/0.00 | Max Load: 4.4 | Load Gap: 1.4 | Group CV: 0.0474
Epoch [594/2000] | Sampled: 355.25 | Baseline: 322.00 | Improvement: -33.25 | Win Rate: 12.50% | Actor Loss: -1.4267 | Entropy: 1.2360 | Invalid S/B: 0.00/0.00 | Max Load: 4.1 | Load Gap: 1.1 | Group CV: 0.0236
Epoch [595/2000] | Sampled: 351.75 | Baseline: 328.00 | Improvement: -23.75 | Win Rate: 25.00% | Actor Loss: 2.4177 | Entropy: 1.2443 | Invalid S/B: 0.00/0.00 | Max Load: 4.4 | Load Gap: 1.4 | Group CV: 0.0184
Epoch [596/2000] | Sampled: 349.50 | Baseline: 333.00 | Improvement: -16.50 | Win Rate: 12.50% | Actor Loss: 0.1469 | Entropy: 1.2222 | Invalid S/B: 0.00/0.00 | Max Load: 4.6 | Load Gap: 1.6 | Group CV: 0.0272
Epoch [597/2000] | Sampled: 347.12 | Baseline: 347.00 | Improvement: -0.12 | Win Rate: 50.00% | Actor Loss: -3.9631 | Entropy: 1.2326 | Invalid S/B: 0.00/0.00 | Max Load: 4.2 | Load Gap: 1.2 | Group CV: 0.0277
Epoch [598/2000] | Sampled: 366.25 | Baseline: 313.00 | Improvement: -53.25 | Win Rate: 0.00% | Actor Loss: -0.5738 | Entropy: 1.2418 | Invalid S/B: 0.12/0.00 | Max Load: 4.2 | Load Gap: 1.2 | Group CV: 0.0503
Epoch [599/2000] | Sampled: 353.50 | Baseline: 343.00 | Improvement: -10.50 | Win Rate: 50.00% | Actor Loss: 1.1448 | Entropy: 1.2224 | Invalid S/B: 0.00/0.00 | Max Load: 4.2 | Load Gap: 1.2 | Group CV: 0.0236
Epoch [600/2000] | Sampled: 352.25 | Baseline: 362.00 | Improvement: 9.75 | Win Rate: 50.00% | Actor Loss: 3.1552 | Entropy: 1.2524 | Invalid S/B: 0.00/0.00 | Max Load: 4.1 | Load Gap: 1.1 | Group CV: 0.0209
   -> Validation | Samples: 50 | Makespan: 350.54 | Invalid Jobs: 0.00 | Score: 350.54
   -> Saved new best model (Val Score: 350.54)
   -> Saved updated training chart to /home/wei/Desktop/AMR-DFJSP/Static_alogorithm/GNN/gnn_training_metrics.png
Epoch [601/2000] | Sampled: 354.62 | Baseline: 336.00 | Improvement: -18.62 | Win Rate: 12.50% | Actor Loss: -4.6089 | Entropy: 1.2275 | Invalid S/B: 0.00/0.00 | Max Load: 4.2 | Load Gap: 1.2 | Group CV: 0.0341
Epoch [602/2000] | Sampled: 349.50 | Baseline: 325.00 | Improvement: -24.50 | Win Rate: 0.00% | Actor Loss: -2.5530 | Entropy: 1.2480 | Invalid S/B: 0.00/0.00 | Max Load: 4.0 | Load Gap: 1.0 | Group CV: 0.0235
Epoch [603/2000] | Sampled: 379.25 | Baseline: 393.00 | Improvement: 13.75 | Win Rate: 62.50% | Actor Loss: -0.1434 | Entropy: 1.2166 | Invalid S/B: 0.00/0.00 | Max Load: 4.4 | Load Gap: 1.4 | Group CV: 0.0269
Epoch [604/2000] | Sampled: 354.88 | Baseline: 321.50 | Improvement: -33.38 | Win Rate: 0.00% | Actor Loss: 0.2380 | Entropy: 1.2405 | Invalid S/B: 0.00/0.00 | Max Load: 4.1 | Load Gap: 1.1 | Group CV: 0.0288
Epoch [605/2000] | Sampled: 367.12 | Baseline: 346.00 | Improvement: -21.12 | Win Rate: 0.00% | Actor Loss: -2.5165 | Entropy: 1.2461 | Invalid S/B: 0.00/0.00 | Max Load: 4.2 | Load Gap: 1.2 | Group CV: 0.0238
Epoch [606/2000] | Sampled: 350.62 | Baseline: 332.00 | Improvement: -18.62 | Win Rate: 50.00% | Actor Loss: -0.6937 | Entropy: 1.2335 | Invalid S/B: 0.00/0.00 | Max Load: 4.4 | Load Gap: 1.4 | Group CV: 0.0088
Epoch [607/2000] | Sampled: 351.38 | Baseline: 330.50 | Improvement: -20.88 | Win Rate: 0.00% | Actor Loss: -1.0487 | Entropy: 1.2501 | Invalid S/B: 0.12/0.00 | Max Load: 4.1 | Load Gap: 1.1 | Group CV: 0.0444
Epoch [608/2000] | Sampled: 364.50 | Baseline: 321.00 | Improvement: -43.50 | Win Rate: 0.00% | Actor Loss: 2.0059 | Entropy: 1.2160 | Invalid S/B: 0.00/0.00 | Max Load: 4.2 | Load Gap: 1.2 | Group CV: 0.0112
Epoch [609/2000] | Sampled: 349.50 | Baseline: 368.00 | Improvement: 18.50 | Win Rate: 75.00% | Actor Loss: -2.4514 | Entropy: 1.2873 | Invalid S/B: 0.00/0.00 | Max Load: 4.1 | Load Gap: 1.1 | Group CV: 0.0246
Epoch [610/2000] | Sampled: 349.00 | Baseline: 363.00 | Improvement: 14.00 | Win Rate: 100.00% | Actor Loss: 2.2196 | Entropy: 1.2476 | Invalid S/B: 0.00/0.00 | Max Load: 4.4 | Load Gap: 1.4 | Group CV: 0.0230
   -> Validation | Samples: 50 | Makespan: 349.78 | Invalid Jobs: 0.00 | Score: 349.78
   -> Saved new best model (Val Score: 349.78)
Epoch [611/2000] | Sampled: 354.62 | Baseline: 352.50 | Improvement: -2.12 | Win Rate: 50.00% | Actor Loss: -0.1925 | Entropy: 1.2150 | Invalid S/B: 0.00/0.00 | Max Load: 4.5 | Load Gap: 1.5 | Group CV: 0.0297
Epoch [612/2000] | Sampled: 347.00 | Baseline: 306.00 | Improvement: -41.00 | Win Rate: 0.00% | Actor Loss: -4.3974 | Entropy: 1.2453 | Invalid S/B: 0.00/0.00 | Max Load: 4.4 | Load Gap: 1.4 | Group CV: 0.0214
Epoch [613/2000] | Sampled: 366.62 | Baseline: 311.00 | Improvement: -55.62 | Win Rate: 25.00% | Actor Loss: -1.5423 | Entropy: 1.2471 | Invalid S/B: 0.25/0.00 | Max Load: 4.4 | Load Gap: 1.4 | Group CV: 0.0548
Epoch [614/2000] | Sampled: 359.62 | Baseline: 351.00 | Improvement: -8.62 | Win Rate: 50.00% | Actor Loss: -1.3931 | Entropy: 1.2377 | Invalid S/B: 0.00/0.00 | Max Load: 4.4 | Load Gap: 1.4 | Group CV: 0.0293
Epoch [615/2000] | Sampled: 359.75 | Baseline: 319.50 | Improvement: -40.25 | Win Rate: 0.00% | Actor Loss: -6.5697 | Entropy: 1.2187 | Invalid S/B: 0.00/0.00 | Max Load: 4.5 | Load Gap: 1.5 | Group CV: 0.0161
Epoch [616/2000] | Sampled: 349.25 | Baseline: 330.50 | Improvement: -18.75 | Win Rate: 0.00% | Actor Loss: -1.4251 | Entropy: 1.2377 | Invalid S/B: 0.00/0.00 | Max Load: 4.1 | Load Gap: 1.1 | Group CV: 0.0181
Epoch [617/2000] | Sampled: 360.62 | Baseline: 372.00 | Improvement: 11.38 | Win Rate: 75.00% | Actor Loss: 2.4981 | Entropy: 1.2187 | Invalid S/B: 0.00/0.00 | Max Load: 4.2 | Load Gap: 1.2 | Group CV: 0.0410
Epoch [618/2000] | Sampled: 368.25 | Baseline: 349.50 | Improvement: -18.75 | Win Rate: 50.00% | Actor Loss: -3.5259 | Entropy: 1.1948 | Invalid S/B: 0.00/0.00 | Max Load: 4.1 | Load Gap: 1.1 | Group CV: 0.0157
Epoch [619/2000] | Sampled: 355.38 | Baseline: 318.00 | Improvement: -37.38 | Win Rate: 0.00% | Actor Loss: 0.3851 | Entropy: 1.2658 | Invalid S/B: 0.00/0.00 | Max Load: 4.2 | Load Gap: 1.2 | Group CV: 0.0368
Epoch [620/2000] | Sampled: 351.38 | Baseline: 334.50 | Improvement: -16.88 | Win Rate: 37.50% | Actor Loss: -4.0160 | Entropy: 1.2044 | Invalid S/B: 0.00/0.00 | Max Load: 4.4 | Load Gap: 1.4 | Group CV: 0.0340
   -> Validation | Samples: 50 | Makespan: 350.66 | Invalid Jobs: 0.00 | Score: 350.66
Epoch [621/2000] | Sampled: 369.62 | Baseline: 359.50 | Improvement: -10.12 | Win Rate: 50.00% | Actor Loss: -2.9149 | Entropy: 1.1854 | Invalid S/B: 0.12/0.00 | Max Load: 4.1 | Load Gap: 1.1 | Group CV: 0.0341
Epoch [622/2000] | Sampled: 358.00 | Baseline: 357.50 | Improvement: -0.50 | Win Rate: 50.00% | Actor Loss: -3.4179 | Entropy: 1.2051 | Invalid S/B: 0.00/0.00 | Max Load: 4.0 | Load Gap: 1.0 | Group CV: 0.0161
Epoch [623/2000] | Sampled: 344.50 | Baseline: 318.50 | Improvement: -26.00 | Win Rate: 12.50% | Actor Loss: -0.8564 | Entropy: 1.2101 | Invalid S/B: 0.00/0.00 | Max Load: 4.1 | Load Gap: 1.1 | Group CV: 0.0289
Epoch [624/2000] | Sampled: 364.38 | Baseline: 335.50 | Improvement: -28.88 | Win Rate: 37.50% | Actor Loss: 2.2994 | Entropy: 1.2459 | Invalid S/B: 0.00/0.00 | Max Load: 4.2 | Load Gap: 1.2 | Group CV: 0.0317
Epoch [625/2000] | Sampled: 362.12 | Baseline: 320.00 | Improvement: -42.12 | Win Rate: 12.50% | Actor Loss: -1.7606 | Entropy: 1.2448 | Invalid S/B: 0.00/0.00 | Max Load: 4.0 | Load Gap: 1.0 | Group CV: 0.0203
Epoch [626/2000] | Sampled: 368.88 | Baseline: 347.50 | Improvement: -21.38 | Win Rate: 12.50% | Actor Loss: -14.4907 | Entropy: 1.2627 | Invalid S/B: 0.12/0.00 | Max Load: 4.0 | Load Gap: 1.0 | Group CV: 0.0612
Epoch [627/2000] | Sampled: 354.88 | Baseline: 337.50 | Improvement: -17.38 | Win Rate: 12.50% | Actor Loss: -1.8829 | Entropy: 1.2643 | Invalid S/B: 0.00/0.00 | Max Load: 4.1 | Load Gap: 1.1 | Group CV: 0.0335
Epoch [628/2000] | Sampled: 368.62 | Baseline: 363.50 | Improvement: -5.12 | Win Rate: 50.00% | Actor Loss: 2.8067 | Entropy: 1.2712 | Invalid S/B: 0.00/0.00 | Max Load: 4.2 | Load Gap: 1.2 | Group CV: 0.0267
Epoch [629/2000] | Sampled: 348.88 | Baseline: 331.50 | Improvement: -17.38 | Win Rate: 0.00% | Actor Loss: 1.2320 | Entropy: 1.2903 | Invalid S/B: 0.00/0.00 | Max Load: 4.1 | Load Gap: 1.1 | Group CV: 0.0179
Epoch [630/2000] | Sampled: 352.38 | Baseline: 326.50 | Improvement: -25.88 | Win Rate: 25.00% | Actor Loss: -2.3435 | Entropy: 1.2860 | Invalid S/B: 0.00/0.00 | Max Load: 4.5 | Load Gap: 1.5 | Group CV: 0.0240
   -> Validation | Samples: 50 | Makespan: 361.50 | Invalid Jobs: 0.02 | Score: 363.50
Epoch [631/2000] | Sampled: 366.62 | Baseline: 326.00 | Improvement: -40.62 | Win Rate: 0.00% | Actor Loss: -3.0211 | Entropy: 1.2826 | Invalid S/B: 0.00/0.00 | Max Load: 4.2 | Load Gap: 1.2 | Group CV: 0.0226
Epoch [632/2000] | Sampled: 363.75 | Baseline: 311.50 | Improvement: -52.25 | Win Rate: 0.00% | Actor Loss: 0.4727 | Entropy: 1.2571 | Invalid S/B: 0.00/0.00 | Max Load: 4.4 | Load Gap: 1.4 | Group CV: 0.0283
Epoch [633/2000] | Sampled: 371.12 | Baseline: 338.50 | Improvement: -32.62 | Win Rate: 0.00% | Actor Loss: -6.9996 | Entropy: 1.2476 | Invalid S/B: 0.00/0.00 | Max Load: 4.1 | Load Gap: 1.1 | Group CV: 0.0368
Epoch [634/2000] | Sampled: 358.25 | Baseline: 348.50 | Improvement: -9.75 | Win Rate: 12.50% | Actor Loss: -2.4398 | Entropy: 1.2557 | Invalid S/B: 0.00/0.00 | Max Load: 4.0 | Load Gap: 1.0 | Group CV: 0.0195
Epoch [635/2000] | Sampled: 369.62 | Baseline: 341.00 | Improvement: -28.62 | Win Rate: 0.00% | Actor Loss: -2.3343 | Entropy: 1.2420 | Invalid S/B: 0.00/0.00 | Max Load: 4.2 | Load Gap: 1.2 | Group CV: 0.0316
Epoch [636/2000] | Sampled: 368.50 | Baseline: 338.50 | Improvement: -30.00 | Win Rate: 12.50% | Actor Loss: -2.9734 | Entropy: 1.2519 | Invalid S/B: 0.00/0.00 | Max Load: 4.2 | Load Gap: 1.2 | Group CV: 0.0243
Epoch [637/2000] | Sampled: 365.75 | Baseline: 310.00 | Improvement: -55.75 | Win Rate: 0.00% | Actor Loss: 2.6858 | Entropy: 1.2551 | Invalid S/B: 0.00/0.00 | Max Load: 4.1 | Load Gap: 1.1 | Group CV: 0.0379
Epoch [638/2000] | Sampled: 370.88 | Baseline: 327.50 | Improvement: -43.38 | Win Rate: 0.00% | Actor Loss: -3.3065 | Entropy: 1.2216 | Invalid S/B: 0.00/0.00 | Max Load: 4.1 | Load Gap: 1.1 | Group CV: 0.0334
Epoch [639/2000] | Sampled: 369.00 | Baseline: 313.50 | Improvement: -55.50 | Win Rate: 0.00% | Actor Loss: -0.2920 | Entropy: 1.2555 | Invalid S/B: 0.00/0.00 | Max Load: 4.4 | Load Gap: 1.4 | Group CV: 0.0244
Epoch [640/2000] | Sampled: 358.00 | Baseline: 305.00 | Improvement: -53.00 | Win Rate: 0.00% | Actor Loss: -0.5308 | Entropy: 1.2526 | Invalid S/B: 0.00/0.00 | Max Load: 4.2 | Load Gap: 1.2 | Group CV: 0.0173
   -> Validation | Samples: 50 | Makespan: 362.00 | Invalid Jobs: 0.00 | Score: 362.00
Epoch [641/2000] | Sampled: 379.38 | Baseline: 387.00 | Improvement: 7.62 | Win Rate: 75.00% | Actor Loss: 1.9858 | Entropy: 1.2295 | Invalid S/B: 0.00/0.00 | Max Load: 4.1 | Load Gap: 1.1 | Group CV: 0.0204
Epoch [642/2000] | Sampled: 350.00 | Baseline: 292.50 | Improvement: -57.50 | Win Rate: 0.00% | Actor Loss: -4.0838 | Entropy: 1.2348 | Invalid S/B: 0.00/0.00 | Max Load: 4.4 | Load Gap: 1.4 | Group CV: 0.0375
Epoch [643/2000] | Sampled: 360.88 | Baseline: 333.50 | Improvement: -27.38 | Win Rate: 25.00% | Actor Loss: 2.0474 | Entropy: 1.2018 | Invalid S/B: 0.00/0.00 | Max Load: 4.4 | Load Gap: 1.4 | Group CV: 0.0274
Epoch [644/2000] | Sampled: 359.00 | Baseline: 338.00 | Improvement: -21.00 | Win Rate: 0.00% | Actor Loss: 4.8977 | Entropy: 1.2170 | Invalid S/B: 0.00/0.00 | Max Load: 4.4 | Load Gap: 1.4 | Group CV: 0.0244
Epoch [645/2000] | Sampled: 358.50 | Baseline: 315.50 | Improvement: -43.00 | Win Rate: 0.00% | Actor Loss: 6.4547 | Entropy: 1.2360 | Invalid S/B: 0.00/0.00 | Max Load: 4.0 | Load Gap: 1.0 | Group CV: 0.0226
Epoch [646/2000] | Sampled: 377.75 | Baseline: 344.00 | Improvement: -33.75 | Win Rate: 25.00% | Actor Loss: -4.4861 | Entropy: 1.2445 | Invalid S/B: 0.00/0.00 | Max Load: 4.2 | Load Gap: 1.2 | Group CV: 0.0272
Epoch [647/2000] | Sampled: 377.50 | Baseline: 363.00 | Improvement: -14.50 | Win Rate: 37.50% | Actor Loss: -6.8702 | Entropy: 1.2633 | Invalid S/B: 0.00/0.00 | Max Load: 4.2 | Load Gap: 1.2 | Group CV: 0.0154
Epoch [648/2000] | Sampled: 367.25 | Baseline: 369.00 | Improvement: 1.75 | Win Rate: 50.00% | Actor Loss: 0.4426 | Entropy: 1.2471 | Invalid S/B: 0.00/0.00 | Max Load: 4.5 | Load Gap: 1.5 | Group CV: 0.0314
Epoch [649/2000] | Sampled: 375.50 | Baseline: 338.50 | Improvement: -37.00 | Win Rate: 0.00% | Actor Loss: -0.5891 | Entropy: 1.2539 | Invalid S/B: 0.00/0.00 | Max Load: 4.1 | Load Gap: 1.1 | Group CV: 0.0188
Epoch [650/2000] | Sampled: 360.75 | Baseline: 348.50 | Improvement: -12.25 | Win Rate: 25.00% | Actor Loss: -3.0665 | Entropy: 1.2442 | Invalid S/B: 0.00/0.00 | Max Load: 4.4 | Load Gap: 1.4 | Group CV: 0.0306
   -> Validation | Samples: 50 | Makespan: 359.52 | Invalid Jobs: 0.04 | Score: 363.52
Epoch [651/2000] | Sampled: 350.38 | Baseline: 318.00 | Improvement: -32.38 | Win Rate: 0.00% | Actor Loss: 3.0974 | Entropy: 1.2881 | Invalid S/B: 0.00/0.00 | Max Load: 4.5 | Load Gap: 1.5 | Group CV: 0.0143
Epoch [652/2000] | Sampled: 345.50 | Baseline: 281.00 | Improvement: -64.50 | Win Rate: 0.00% | Actor Loss: 0.2358 | Entropy: 1.3109 | Invalid S/B: 0.00/0.00 | Max Load: 4.1 | Load Gap: 1.1 | Group CV: 0.0157
Epoch [653/2000] | Sampled: 359.25 | Baseline: 326.00 | Improvement: -33.25 | Win Rate: 25.00% | Actor Loss: 3.7488 | Entropy: 1.2734 | Invalid S/B: 0.00/0.00 | Max Load: 4.1 | Load Gap: 1.1 | Group CV: 0.0149
Epoch [654/2000] | Sampled: 341.12 | Baseline: 340.50 | Improvement: -0.62 | Win Rate: 37.50% | Actor Loss: 1.9145 | Entropy: 1.2622 | Invalid S/B: 0.00/0.00 | Max Load: 4.2 | Load Gap: 1.2 | Group CV: 0.0181
Epoch [655/2000] | Sampled: 350.00 | Baseline: 307.00 | Improvement: -43.00 | Win Rate: 0.00% | Actor Loss: -8.4023 | Entropy: 1.2958 | Invalid S/B: 0.00/0.00 | Max Load: 4.5 | Load Gap: 1.5 | Group CV: 0.0176
Epoch [656/2000] | Sampled: 343.50 | Baseline: 347.00 | Improvement: 3.50 | Win Rate: 50.00% | Actor Loss: -4.9254 | Entropy: 1.2646 | Invalid S/B: 0.00/0.00 | Max Load: 4.1 | Load Gap: 1.1 | Group CV: 0.0296
Epoch [657/2000] | Sampled: 363.62 | Baseline: 352.50 | Improvement: -11.12 | Win Rate: 12.50% | Actor Loss: -2.5454 | Entropy: 1.2285 | Invalid S/B: 0.00/0.00 | Max Load: 4.4 | Load Gap: 1.4 | Group CV: 0.0186
Epoch [658/2000] | Sampled: 366.75 | Baseline: 340.00 | Improvement: -26.75 | Win Rate: 0.00% | Actor Loss: -1.6170 | Entropy: 1.2396 | Invalid S/B: 0.00/0.00 | Max Load: 4.5 | Load Gap: 1.5 | Group CV: 0.0343
Epoch [659/2000] | Sampled: 365.88 | Baseline: 333.00 | Improvement: -32.88 | Win Rate: 0.00% | Actor Loss: -1.6903 | Entropy: 1.2245 | Invalid S/B: 0.00/0.00 | Max Load: 4.2 | Load Gap: 1.2 | Group CV: 0.0152
Epoch [660/2000] | Sampled: 361.38 | Baseline: 384.00 | Improvement: 22.62 | Win Rate: 87.50% | Actor Loss: -4.4379 | Entropy: 1.2066 | Invalid S/B: 0.00/0.50 | Max Load: 4.1 | Load Gap: 1.1 | Group CV: 0.0213
   -> Validation | Samples: 50 | Makespan: 358.26 | Invalid Jobs: 0.00 | Score: 358.26
Epoch [661/2000] | Sampled: 358.25 | Baseline: 315.50 | Improvement: -42.75 | Win Rate: 0.00% | Actor Loss: 3.5362 | Entropy: 1.1958 | Invalid S/B: 0.00/0.00 | Max Load: 4.5 | Load Gap: 1.5 | Group CV: 0.0265
Epoch [662/2000] | Sampled: 377.25 | Baseline: 329.00 | Improvement: -48.25 | Win Rate: 0.00% | Actor Loss: -0.8513 | Entropy: 1.1958 | Invalid S/B: 0.00/0.00 | Max Load: 4.1 | Load Gap: 1.1 | Group CV: 0.0256
Epoch [663/2000] | Sampled: 373.25 | Baseline: 380.00 | Improvement: 6.75 | Win Rate: 75.00% | Actor Loss: -2.1965 | Entropy: 1.2023 | Invalid S/B: 0.12/0.00 | Max Load: 4.2 | Load Gap: 1.2 | Group CV: 0.0430
Epoch [664/2000] | Sampled: 367.12 | Baseline: 343.00 | Improvement: -24.12 | Win Rate: 0.00% | Actor Loss: -3.1902 | Entropy: 1.1913 | Invalid S/B: 0.00/0.00 | Max Load: 4.1 | Load Gap: 1.1 | Group CV: 0.0259
Epoch [665/2000] | Sampled: 353.88 | Baseline: 287.50 | Improvement: -66.38 | Win Rate: 0.00% | Actor Loss: -4.1389 | Entropy: 1.1919 | Invalid S/B: 0.00/0.00 | Max Load: 4.2 | Load Gap: 1.2 | Group CV: 0.0247
Epoch [666/2000] | Sampled: 355.88 | Baseline: 331.50 | Improvement: -24.38 | Win Rate: 0.00% | Actor Loss: -2.7063 | Entropy: 1.1682 | Invalid S/B: 0.00/0.00 | Max Load: 4.0 | Load Gap: 1.0 | Group CV: 0.0166
Epoch [667/2000] | Sampled: 360.38 | Baseline: 330.50 | Improvement: -29.88 | Win Rate: 0.00% | Actor Loss: -1.1238 | Entropy: 1.1642 | Invalid S/B: 0.00/0.00 | Max Load: 4.2 | Load Gap: 1.2 | Group CV: 0.0273
Epoch [668/2000] | Sampled: 369.12 | Baseline: 353.00 | Improvement: -16.12 | Win Rate: 0.00% | Actor Loss: -0.8593 | Entropy: 1.1233 | Invalid S/B: 0.00/0.00 | Max Load: 4.2 | Load Gap: 1.2 | Group CV: 0.0349
Epoch [669/2000] | Sampled: 362.00 | Baseline: 318.00 | Improvement: -44.00 | Win Rate: 0.00% | Actor Loss: -3.7796 | Entropy: 1.1815 | Invalid S/B: 0.00/0.00 | Max Load: 4.4 | Load Gap: 1.4 | Group CV: 0.0112
Epoch [670/2000] | Sampled: 369.38 | Baseline: 331.00 | Improvement: -38.38 | Win Rate: 0.00% | Actor Loss: 0.3315 | Entropy: 1.1805 | Invalid S/B: 0.00/0.00 | Max Load: 4.2 | Load Gap: 1.2 | Group CV: 0.0149
   -> Validation | Samples: 50 | Makespan: 361.74 | Invalid Jobs: 0.04 | Score: 365.74
Epoch [671/2000] | Sampled: 369.12 | Baseline: 339.50 | Improvement: -29.62 | Win Rate: 0.00% | Actor Loss: 2.3417 | Entropy: 1.1235 | Invalid S/B: 0.00/0.00 | Max Load: 4.2 | Load Gap: 1.2 | Group CV: 0.0235
Epoch [672/2000] | Sampled: 367.88 | Baseline: 333.00 | Improvement: -34.88 | Win Rate: 0.00% | Actor Loss: -8.2484 | Entropy: 1.1229 | Invalid S/B: 0.00/0.00 | Max Load: 4.2 | Load Gap: 1.2 | Group CV: 0.0234
Epoch [673/2000] | Sampled: 360.62 | Baseline: 328.00 | Improvement: -32.62 | Win Rate: 0.00% | Actor Loss: -2.3910 | Entropy: 1.1001 | Invalid S/B: 0.00/0.00 | Max Load: 4.4 | Load Gap: 1.4 | Group CV: 0.0209
Epoch [674/2000] | Sampled: 341.75 | Baseline: 316.50 | Improvement: -25.25 | Win Rate: 0.00% | Actor Loss: 4.2475 | Entropy: 1.1047 | Invalid S/B: 0.00/0.00 | Max Load: 4.4 | Load Gap: 1.4 | Group CV: 0.0188
Epoch [675/2000] | Sampled: 379.00 | Baseline: 344.50 | Improvement: -34.50 | Win Rate: 0.00% | Actor Loss: -2.7724 | Entropy: 1.1397 | Invalid S/B: 0.00/0.00 | Max Load: 4.2 | Load Gap: 1.2 | Group CV: 0.0341
Epoch [676/2000] | Sampled: 361.12 | Baseline: 336.00 | Improvement: -25.12 | Win Rate: 0.00% | Actor Loss: -6.2951 | Entropy: 1.1124 | Invalid S/B: 0.12/0.00 | Max Load: 4.2 | Load Gap: 1.2 | Group CV: 0.0320
Epoch [677/2000] | Sampled: 354.62 | Baseline: 319.00 | Improvement: -35.62 | Win Rate: 25.00% | Actor Loss: -0.1176 | Entropy: 1.0767 | Invalid S/B: 0.00/0.00 | Max Load: 4.6 | Load Gap: 1.6 | Group CV: 0.0248
Epoch [678/2000] | Sampled: 369.25 | Baseline: 320.00 | Improvement: -49.25 | Win Rate: 0.00% | Actor Loss: 2.1213 | Entropy: 1.1407 | Invalid S/B: 0.00/0.00 | Max Load: 4.2 | Load Gap: 1.2 | Group CV: 0.0229
Epoch [679/2000] | Sampled: 362.25 | Baseline: 306.50 | Improvement: -55.75 | Win Rate: 0.00% | Actor Loss: -2.5419 | Entropy: 1.1148 | Invalid S/B: 0.00/0.00 | Max Load: 4.2 | Load Gap: 1.2 | Group CV: 0.0311
Epoch [680/2000] | Sampled: 362.88 | Baseline: 343.50 | Improvement: -19.38 | Win Rate: 50.00% | Actor Loss: -0.5703 | Entropy: 1.1104 | Invalid S/B: 0.00/0.00 | Max Load: 4.4 | Load Gap: 1.4 | Group CV: 0.0212
   -> Validation | Samples: 50 | Makespan: 361.74 | Invalid Jobs: 0.02 | Score: 363.74
Epoch [681/2000] | Sampled: 369.88 | Baseline: 339.50 | Improvement: -30.38 | Win Rate: 50.00% | Actor Loss: 2.2664 | Entropy: 1.1583 | Invalid S/B: 0.00/0.00 | Max Load: 4.4 | Load Gap: 1.4 | Group CV: 0.0162
Epoch [682/2000] | Sampled: 355.50 | Baseline: 333.00 | Improvement: -22.50 | Win Rate: 0.00% | Actor Loss: -1.8555 | Entropy: 1.1250 | Invalid S/B: 0.00/0.00 | Max Load: 4.1 | Load Gap: 1.1 | Group CV: 0.0188
Epoch [683/2000] | Sampled: 375.62 | Baseline: 337.50 | Improvement: -38.12 | Win Rate: 0.00% | Actor Loss: -0.0797 | Entropy: 1.1388 | Invalid S/B: 0.00/0.00 | Max Load: 4.4 | Load Gap: 1.4 | Group CV: 0.0219
Epoch [684/2000] | Sampled: 360.88 | Baseline: 376.00 | Improvement: 15.12 | Win Rate: 87.50% | Actor Loss: -5.2159 | Entropy: 1.1232 | Invalid S/B: 0.00/0.00 | Max Load: 4.1 | Load Gap: 1.1 | Group CV: 0.0129
Epoch [685/2000] | Sampled: 380.50 | Baseline: 383.50 | Improvement: 3.00 | Win Rate: 62.50% | Actor Loss: -2.3562 | Entropy: 1.1275 | Invalid S/B: 0.00/0.00 | Max Load: 4.9 | Load Gap: 1.9 | Group CV: 0.0150
Epoch [686/2000] | Sampled: 357.25 | Baseline: 300.50 | Improvement: -56.75 | Win Rate: 0.00% | Actor Loss: -9.4661 | Entropy: 1.1564 | Invalid S/B: 0.00/0.00 | Max Load: 4.2 | Load Gap: 1.2 | Group CV: 0.0405
Epoch [687/2000] | Sampled: 367.50 | Baseline: 327.50 | Improvement: -40.00 | Win Rate: 0.00% | Actor Loss: -6.5986 | Entropy: 1.1570 | Invalid S/B: 0.00/0.00 | Max Load: 4.1 | Load Gap: 1.1 | Group CV: 0.0283
Epoch [688/2000] | Sampled: 362.25 | Baseline: 322.50 | Improvement: -39.75 | Win Rate: 12.50% | Actor Loss: -1.7172 | Entropy: 1.1831 | Invalid S/B: 0.00/0.00 | Max Load: 4.0 | Load Gap: 1.0 | Group CV: 0.0245
Epoch [689/2000] | Sampled: 368.62 | Baseline: 328.00 | Improvement: -40.62 | Win Rate: 0.00% | Actor Loss: 2.7344 | Entropy: 1.2224 | Invalid S/B: 0.00/0.00 | Max Load: 4.2 | Load Gap: 1.2 | Group CV: 0.0167
Epoch [690/2000] | Sampled: 359.75 | Baseline: 341.00 | Improvement: -18.75 | Win Rate: 37.50% | Actor Loss: -5.1311 | Entropy: 1.2631 | Invalid S/B: 0.00/0.00 | Max Load: 4.2 | Load Gap: 1.2 | Group CV: 0.0149
   -> Validation | Samples: 50 | Makespan: 366.08 | Invalid Jobs: 0.02 | Score: 368.08
Epoch [691/2000] | Sampled: 381.50 | Baseline: 329.00 | Improvement: -52.50 | Win Rate: 0.00% | Actor Loss: -0.8784 | Entropy: 1.2397 | Invalid S/B: 0.00/0.00 | Max Load: 4.0 | Load Gap: 1.0 | Group CV: 0.0261
Epoch [692/2000] | Sampled: 372.12 | Baseline: 309.00 | Improvement: -63.12 | Win Rate: 0.00% | Actor Loss: -2.1806 | Entropy: 1.3240 | Invalid S/B: 0.00/0.00 | Max Load: 4.1 | Load Gap: 1.1 | Group CV: 0.0340
Epoch [693/2000] | Sampled: 351.88 | Baseline: 317.50 | Improvement: -34.38 | Win Rate: 0.00% | Actor Loss: 1.7895 | Entropy: 1.3180 | Invalid S/B: 0.00/0.00 | Max Load: 4.4 | Load Gap: 1.4 | Group CV: 0.0191
Epoch [694/2000] | Sampled: 359.12 | Baseline: 342.50 | Improvement: -16.62 | Win Rate: 12.50% | Actor Loss: 2.6006 | Entropy: 1.3228 | Invalid S/B: 0.00/0.00 | Max Load: 4.2 | Load Gap: 1.2 | Group CV: 0.0178
Epoch [695/2000] | Sampled: 365.38 | Baseline: 349.50 | Improvement: -15.88 | Win Rate: 25.00% | Actor Loss: -5.6285 | Entropy: 1.3229 | Invalid S/B: 0.00/0.00 | Max Load: 4.5 | Load Gap: 1.5 | Group CV: 0.0232
Epoch [696/2000] | Sampled: 368.25 | Baseline: 325.50 | Improvement: -42.75 | Win Rate: 0.00% | Actor Loss: -3.2806 | Entropy: 1.3360 | Invalid S/B: 0.12/0.00 | Max Load: 4.5 | Load Gap: 1.5 | Group CV: 0.0443
Epoch [697/2000] | Sampled: 348.25 | Baseline: 316.00 | Improvement: -32.25 | Win Rate: 0.00% | Actor Loss: 1.2209 | Entropy: 1.3535 | Invalid S/B: 0.00/0.00 | Max Load: 4.1 | Load Gap: 1.1 | Group CV: 0.0180
Epoch [698/2000] | Sampled: 348.00 | Baseline: 303.00 | Improvement: -45.00 | Win Rate: 0.00% | Actor Loss: -3.3094 | Entropy: 1.3413 | Invalid S/B: 0.00/0.00 | Max Load: 4.5 | Load Gap: 1.5 | Group CV: 0.0540
Epoch [699/2000] | Sampled: 364.00 | Baseline: 328.00 | Improvement: -36.00 | Win Rate: 0.00% | Actor Loss: -1.6755 | Entropy: 1.3482 | Invalid S/B: 0.00/0.00 | Max Load: 4.2 | Load Gap: 1.2 | Group CV: 0.0299
Epoch [700/2000] | Sampled: 358.12 | Baseline: 326.00 | Improvement: -32.12 | Win Rate: 12.50% | Actor Loss: -3.9631 | Entropy: 1.3397 | Invalid S/B: 0.12/0.00 | Max Load: 4.2 | Load Gap: 1.2 | Group CV: 0.0406
   -> Validation | Samples: 50 | Makespan: 359.76 | Invalid Jobs: 0.02 | Score: 361.76
   -> Saved updated training chart to /home/wei/Desktop/AMR-DFJSP/Static_alogorithm/GNN/gnn_training_metrics.png
Epoch [701/2000] | Sampled: 366.12 | Baseline: 359.00 | Improvement: -7.12 | Win Rate: 37.50% | Actor Loss: -2.1332 | Entropy: 1.3242 | Invalid S/B: 0.00/0.00 | Max Load: 4.2 | Load Gap: 1.2 | Group CV: 0.0461
Epoch [702/2000] | Sampled: 361.62 | Baseline: 348.50 | Improvement: -13.12 | Win Rate: 37.50% | Actor Loss: 4.8422 | Entropy: 1.3357 | Invalid S/B: 0.12/0.00 | Max Load: 4.1 | Load Gap: 1.1 | Group CV: 0.0419
Epoch [703/2000] | Sampled: 358.75 | Baseline: 301.00 | Improvement: -57.75 | Win Rate: 0.00% | Actor Loss: 3.0313 | Entropy: 1.3203 | Invalid S/B: 0.00/0.00 | Max Load: 4.4 | Load Gap: 1.4 | Group CV: 0.0343
Epoch [704/2000] | Sampled: 355.38 | Baseline: 311.00 | Improvement: -44.38 | Win Rate: 0.00% | Actor Loss: 3.6493 | Entropy: 1.3426 | Invalid S/B: 0.00/0.00 | Max Load: 4.2 | Load Gap: 1.2 | Group CV: 0.0390
Epoch [705/2000] | Sampled: 345.88 | Baseline: 346.50 | Improvement: 0.62 | Win Rate: 50.00% | Actor Loss: 0.7833 | Entropy: 1.3755 | Invalid S/B: 0.00/0.00 | Max Load: 4.2 | Load Gap: 1.2 | Group CV: 0.0363
Epoch [706/2000] | Sampled: 351.25 | Baseline: 331.50 | Improvement: -19.75 | Win Rate: 12.50% | Actor Loss: 4.9686 | Entropy: 1.3638 | Invalid S/B: 0.00/0.00 | Max Load: 4.1 | Load Gap: 1.1 | Group CV: 0.0297
Epoch [707/2000] | Sampled: 356.12 | Baseline: 331.50 | Improvement: -24.62 | Win Rate: 0.00% | Actor Loss: 4.2905 | Entropy: 1.3773 | Invalid S/B: 0.00/0.00 | Max Load: 4.5 | Load Gap: 1.5 | Group CV: 0.0250
Epoch [708/2000] | Sampled: 359.50 | Baseline: 324.50 | Improvement: -35.00 | Win Rate: 0.00% | Actor Loss: -4.1629 | Entropy: 1.4345 | Invalid S/B: 0.00/0.00 | Max Load: 4.2 | Load Gap: 1.2 | Group CV: 0.0235
Epoch [709/2000] | Sampled: 367.38 | Baseline: 349.00 | Improvement: -18.38 | Win Rate: 37.50% | Actor Loss: -0.9894 | Entropy: 1.4163 | Invalid S/B: 0.00/0.00 | Max Load: 4.4 | Load Gap: 1.4 | Group CV: 0.0167
Epoch [710/2000] | Sampled: 357.38 | Baseline: 326.00 | Improvement: -31.38 | Win Rate: 50.00% | Actor Loss: 1.0677 | Entropy: 1.3889 | Invalid S/B: 0.00/0.00 | Max Load: 4.1 | Load Gap: 1.1 | Group CV: 0.0272
   -> Validation | Samples: 50 | Makespan: 355.56 | Invalid Jobs: 0.00 | Score: 355.56
Epoch [711/2000] | Sampled: 365.88 | Baseline: 343.50 | Improvement: -22.38 | Win Rate: 37.50% | Actor Loss: -1.2793 | Entropy: 1.3789 | Invalid S/B: 0.00/0.00 | Max Load: 4.2 | Load Gap: 1.2 | Group CV: 0.0232
Epoch [712/2000] | Sampled: 368.25 | Baseline: 347.50 | Improvement: -20.75 | Win Rate: 0.00% | Actor Loss: 3.6948 | Entropy: 1.4060 | Invalid S/B: 0.00/0.00 | Max Load: 4.2 | Load Gap: 1.2 | Group CV: 0.0307
Epoch [713/2000] | Sampled: 357.38 | Baseline: 336.00 | Improvement: -21.38 | Win Rate: 25.00% | Actor Loss: -10.4792 | Entropy: 1.4475 | Invalid S/B: 0.00/0.00 | Max Load: 4.1 | Load Gap: 1.1 | Group CV: 0.0248
Epoch [714/2000] | Sampled: 344.62 | Baseline: 322.50 | Improvement: -22.12 | Win Rate: 25.00% | Actor Loss: -3.6347 | Entropy: 1.4531 | Invalid S/B: 0.00/0.00 | Max Load: 4.4 | Load Gap: 1.4 | Group CV: 0.0274
Epoch [715/2000] | Sampled: 350.50 | Baseline: 307.00 | Improvement: -43.50 | Win Rate: 0.00% | Actor Loss: -2.6480 | Entropy: 1.4970 | Invalid S/B: 0.00/0.00 | Max Load: 4.1 | Load Gap: 1.1 | Group CV: 0.0059
Epoch [716/2000] | Sampled: 369.50 | Baseline: 326.00 | Improvement: -43.50 | Win Rate: 0.00% | Actor Loss: -2.0834 | Entropy: 1.4778 | Invalid S/B: 0.12/0.00 | Max Load: 4.2 | Load Gap: 1.2 | Group CV: 0.0491
Epoch [717/2000] | Sampled: 346.88 | Baseline: 325.00 | Improvement: -21.88 | Win Rate: 0.00% | Actor Loss: 0.7780 | Entropy: 1.4665 | Invalid S/B: 0.00/0.00 | Max Load: 4.2 | Load Gap: 1.2 | Group CV: 0.0349
Epoch [718/2000] | Sampled: 363.62 | Baseline: 336.50 | Improvement: -27.12 | Win Rate: 0.00% | Actor Loss: -3.5583 | Entropy: 1.4763 | Invalid S/B: 0.00/0.00 | Max Load: 4.1 | Load Gap: 1.1 | Group CV: 0.0262
Epoch [719/2000] | Sampled: 354.38 | Baseline: 313.00 | Improvement: -41.38 | Win Rate: 0.00% | Actor Loss: 5.8835 | Entropy: 1.4695 | Invalid S/B: 0.00/0.00 | Max Load: 4.1 | Load Gap: 1.1 | Group CV: 0.0286
Epoch [720/2000] | Sampled: 356.38 | Baseline: 325.50 | Improvement: -30.88 | Win Rate: 0.00% | Actor Loss: -2.7614 | Entropy: 1.4266 | Invalid S/B: 0.00/0.00 | Max Load: 4.1 | Load Gap: 1.1 | Group CV: 0.0192
   -> Validation | Samples: 50 | Makespan: 349.84 | Invalid Jobs: 0.00 | Score: 349.84
Epoch [721/2000] | Sampled: 366.50 | Baseline: 376.00 | Improvement: 9.50 | Win Rate: 50.00% | Actor Loss: -5.6355 | Entropy: 1.4567 | Invalid S/B: 0.00/0.00 | Max Load: 4.2 | Load Gap: 1.2 | Group CV: 0.0319
Epoch [722/2000] | Sampled: 350.25 | Baseline: 338.50 | Improvement: -11.75 | Win Rate: 50.00% | Actor Loss: 2.8327 | Entropy: 1.4500 | Invalid S/B: 0.00/0.00 | Max Load: 4.2 | Load Gap: 1.2 | Group CV: 0.0123
Epoch [723/2000] | Sampled: 363.25 | Baseline: 335.00 | Improvement: -28.25 | Win Rate: 0.00% | Actor Loss: -2.5217 | Entropy: 1.3652 | Invalid S/B: 0.00/0.00 | Max Load: 4.5 | Load Gap: 1.5 | Group CV: 0.0245
Epoch [724/2000] | Sampled: 343.12 | Baseline: 315.00 | Improvement: -28.12 | Win Rate: 0.00% | Actor Loss: -4.0817 | Entropy: 1.4263 | Invalid S/B: 0.00/0.00 | Max Load: 4.2 | Load Gap: 1.2 | Group CV: 0.0149
Epoch [725/2000] | Sampled: 343.88 | Baseline: 336.00 | Improvement: -7.88 | Win Rate: 25.00% | Actor Loss: -3.1424 | Entropy: 1.3690 | Invalid S/B: 0.00/0.00 | Max Load: 4.4 | Load Gap: 1.4 | Group CV: 0.0256
Epoch [726/2000] | Sampled: 356.12 | Baseline: 326.00 | Improvement: -30.12 | Win Rate: 50.00% | Actor Loss: 1.9102 | Entropy: 1.3171 | Invalid S/B: 0.00/0.00 | Max Load: 4.1 | Load Gap: 1.1 | Group CV: 0.0292
Epoch [727/2000] | Sampled: 358.12 | Baseline: 355.50 | Improvement: -2.62 | Win Rate: 50.00% | Actor Loss: -3.9532 | Entropy: 1.3365 | Invalid S/B: 0.00/0.00 | Max Load: 4.1 | Load Gap: 1.1 | Group CV: 0.0188
Epoch [728/2000] | Sampled: 350.12 | Baseline: 284.50 | Improvement: -65.62 | Win Rate: 0.00% | Actor Loss: -2.0831 | Entropy: 1.2525 | Invalid S/B: 0.00/0.00 | Max Load: 4.5 | Load Gap: 1.5 | Group CV: 0.0360
Epoch [729/2000] | Sampled: 358.12 | Baseline: 306.50 | Improvement: -51.62 | Win Rate: 0.00% | Actor Loss: -1.7951 | Entropy: 1.2798 | Invalid S/B: 0.00/0.00 | Max Load: 4.4 | Load Gap: 1.4 | Group CV: 0.0124
Epoch [730/2000] | Sampled: 351.12 | Baseline: 319.50 | Improvement: -31.62 | Win Rate: 0.00% | Actor Loss: -2.7118 | Entropy: 1.2471 | Invalid S/B: 0.00/0.00 | Max Load: 4.4 | Load Gap: 1.4 | Group CV: 0.0155
   -> Validation | Samples: 50 | Makespan: 349.08 | Invalid Jobs: 0.00 | Score: 349.08
   -> Saved new best model (Val Score: 349.08)
Epoch [731/2000] | Sampled: 346.88 | Baseline: 319.50 | Improvement: -27.38 | Win Rate: 0.00% | Actor Loss: 0.3764 | Entropy: 1.2337 | Invalid S/B: 0.00/0.00 | Max Load: 4.2 | Load Gap: 1.2 | Group CV: 0.0229
Epoch [732/2000] | Sampled: 353.75 | Baseline: 355.00 | Improvement: 1.25 | Win Rate: 50.00% | Actor Loss: 1.0583 | Entropy: 1.2600 | Invalid S/B: 0.00/0.00 | Max Load: 4.2 | Load Gap: 1.2 | Group CV: 0.0202
Epoch [733/2000] | Sampled: 356.75 | Baseline: 326.50 | Improvement: -30.25 | Win Rate: 0.00% | Actor Loss: -1.6231 | Entropy: 1.2585 | Invalid S/B: 0.00/0.00 | Max Load: 4.1 | Load Gap: 1.1 | Group CV: 0.0136
Epoch [734/2000] | Sampled: 348.38 | Baseline: 335.50 | Improvement: -12.88 | Win Rate: 0.00% | Actor Loss: 2.2135 | Entropy: 1.2006 | Invalid S/B: 0.00/0.00 | Max Load: 4.4 | Load Gap: 1.4 | Group CV: 0.0262
Epoch [735/2000] | Sampled: 362.12 | Baseline: 359.50 | Improvement: -2.62 | Win Rate: 50.00% | Actor Loss: -2.7416 | Entropy: 1.2538 | Invalid S/B: 0.00/0.00 | Max Load: 4.0 | Load Gap: 1.0 | Group CV: 0.0230
Epoch [736/2000] | Sampled: 357.00 | Baseline: 346.00 | Improvement: -11.00 | Win Rate: 37.50% | Actor Loss: 3.6053 | Entropy: 1.2669 | Invalid S/B: 0.00/0.00 | Max Load: 4.4 | Load Gap: 1.4 | Group CV: 0.0284
Epoch [737/2000] | Sampled: 347.88 | Baseline: 371.00 | Improvement: 23.12 | Win Rate: 100.00% | Actor Loss: 6.3631 | Entropy: 1.2501 | Invalid S/B: 0.00/0.00 | Max Load: 4.0 | Load Gap: 1.0 | Group CV: 0.0119
Epoch [738/2000] | Sampled: 350.88 | Baseline: 360.50 | Improvement: 9.62 | Win Rate: 50.00% | Actor Loss: -0.2117 | Entropy: 1.2517 | Invalid S/B: 0.00/0.00 | Max Load: 4.1 | Load Gap: 1.1 | Group CV: 0.0129
Epoch [739/2000] | Sampled: 342.12 | Baseline: 309.50 | Improvement: -32.62 | Win Rate: 0.00% | Actor Loss: 2.6729 | Entropy: 1.2538 | Invalid S/B: 0.00/0.00 | Max Load: 4.0 | Load Gap: 1.0 | Group CV: 0.0156
Epoch [740/2000] | Sampled: 345.00 | Baseline: 343.50 | Improvement: -1.50 | Win Rate: 37.50% | Actor Loss: 2.5759 | Entropy: 1.2461 | Invalid S/B: 0.00/0.00 | Max Load: 4.0 | Load Gap: 1.0 | Group CV: 0.0300
   -> Validation | Samples: 50 | Makespan: 351.36 | Invalid Jobs: 0.04 | Score: 355.36
Epoch [741/2000] | Sampled: 349.00 | Baseline: 336.00 | Improvement: -13.00 | Win Rate: 50.00% | Actor Loss: -9.4708 | Entropy: 1.2483 | Invalid S/B: 0.00/0.00 | Max Load: 4.4 | Load Gap: 1.4 | Group CV: 0.0189
Epoch [742/2000] | Sampled: 360.12 | Baseline: 347.00 | Improvement: -13.12 | Win Rate: 25.00% | Actor Loss: 3.8086 | Entropy: 1.2756 | Invalid S/B: 0.00/0.00 | Max Load: 4.1 | Load Gap: 1.1 | Group CV: 0.0276
Epoch [743/2000] | Sampled: 368.12 | Baseline: 327.00 | Improvement: -41.12 | Win Rate: 0.00% | Actor Loss: -1.7453 | Entropy: 1.2672 | Invalid S/B: 0.00/0.00 | Max Load: 4.4 | Load Gap: 1.4 | Group CV: 0.0201
Epoch [744/2000] | Sampled: 355.25 | Baseline: 316.50 | Improvement: -38.75 | Win Rate: 0.00% | Actor Loss: 1.2820 | Entropy: 1.2863 | Invalid S/B: 0.00/0.00 | Max Load: 4.1 | Load Gap: 1.1 | Group CV: 0.0245
Epoch [745/2000] | Sampled: 346.62 | Baseline: 303.00 | Improvement: -43.62 | Win Rate: 0.00% | Actor Loss: -2.0384 | Entropy: 1.2766 | Invalid S/B: 0.00/0.00 | Max Load: 4.5 | Load Gap: 1.5 | Group CV: 0.0329
Epoch [746/2000] | Sampled: 346.62 | Baseline: 314.50 | Improvement: -32.12 | Win Rate: 0.00% | Actor Loss: -7.3144 | Entropy: 1.3081 | Invalid S/B: 0.00/0.00 | Max Load: 4.2 | Load Gap: 1.2 | Group CV: 0.0217
Epoch [747/2000] | Sampled: 359.38 | Baseline: 335.50 | Improvement: -23.88 | Win Rate: 0.00% | Actor Loss: 1.7479 | Entropy: 1.3047 | Invalid S/B: 0.00/0.00 | Max Load: 4.4 | Load Gap: 1.4 | Group CV: 0.0235
Epoch [748/2000] | Sampled: 355.62 | Baseline: 336.00 | Improvement: -19.62 | Win Rate: 50.00% | Actor Loss: -0.0527 | Entropy: 1.2758 | Invalid S/B: 0.12/0.00 | Max Load: 4.1 | Load Gap: 1.1 | Group CV: 0.0351
Epoch [749/2000] | Sampled: 363.75 | Baseline: 345.50 | Improvement: -18.25 | Win Rate: 25.00% | Actor Loss: -5.8927 | Entropy: 1.2826 | Invalid S/B: 0.00/0.00 | Max Load: 4.1 | Load Gap: 1.1 | Group CV: 0.0226
Epoch [750/2000] | Sampled: 346.25 | Baseline: 338.50 | Improvement: -7.75 | Win Rate: 0.00% | Actor Loss: -4.3126 | Entropy: 1.2632 | Invalid S/B: 0.00/0.00 | Max Load: 4.0 | Load Gap: 1.0 | Group CV: 0.0158
   -> Validation | Samples: 50 | Makespan: 348.42 | Invalid Jobs: 0.02 | Score: 350.42
Epoch [751/2000] | Sampled: 349.88 | Baseline: 316.00 | Improvement: -33.88 | Win Rate: 37.50% | Actor Loss: -5.9426 | Entropy: 1.2171 | Invalid S/B: 0.00/0.00 | Max Load: 4.2 | Load Gap: 1.2 | Group CV: 0.0171
Epoch [752/2000] | Sampled: 349.62 | Baseline: 315.00 | Improvement: -34.62 | Win Rate: 0.00% | Actor Loss: -4.7804 | Entropy: 1.2302 | Invalid S/B: 0.00/0.00 | Max Load: 4.1 | Load Gap: 1.1 | Group CV: 0.0308
Epoch [753/2000] | Sampled: 358.12 | Baseline: 331.00 | Improvement: -27.12 | Win Rate: 37.50% | Actor Loss: -7.5232 | Entropy: 1.1738 | Invalid S/B: 0.00/0.00 | Max Load: 4.0 | Load Gap: 1.0 | Group CV: 0.0251
Epoch [754/2000] | Sampled: 360.62 | Baseline: 331.50 | Improvement: -29.12 | Win Rate: 37.50% | Actor Loss: 0.9366 | Entropy: 1.1492 | Invalid S/B: 0.00/0.00 | Max Load: 4.2 | Load Gap: 1.2 | Group CV: 0.0152
Epoch [755/2000] | Sampled: 358.38 | Baseline: 352.00 | Improvement: -6.38 | Win Rate: 37.50% | Actor Loss: 1.9021 | Entropy: 1.1335 | Invalid S/B: 0.00/0.00 | Max Load: 4.2 | Load Gap: 1.2 | Group CV: 0.0231
Epoch [756/2000] | Sampled: 356.25 | Baseline: 309.50 | Improvement: -46.75 | Win Rate: 0.00% | Actor Loss: -3.5623 | Entropy: 1.1316 | Invalid S/B: 0.00/0.00 | Max Load: 4.1 | Load Gap: 1.1 | Group CV: 0.0270
Epoch [757/2000] | Sampled: 349.00 | Baseline: 335.00 | Improvement: -14.00 | Win Rate: 0.00% | Actor Loss: -4.1719 | Entropy: 1.1429 | Invalid S/B: 0.00/0.00 | Max Load: 4.0 | Load Gap: 1.0 | Group CV: 0.0191
Epoch [758/2000] | Sampled: 343.38 | Baseline: 299.50 | Improvement: -43.88 | Win Rate: 0.00% | Actor Loss: 1.1700 | Entropy: 1.1375 | Invalid S/B: 0.00/0.00 | Max Load: 4.2 | Load Gap: 1.2 | Group CV: 0.0217
Epoch [759/2000] | Sampled: 362.00 | Baseline: 348.00 | Improvement: -14.00 | Win Rate: 25.00% | Actor Loss: 3.4643 | Entropy: 1.1055 | Invalid S/B: 0.00/0.00 | Max Load: 4.1 | Load Gap: 1.1 | Group CV: 0.0175
Epoch [760/2000] | Sampled: 345.25 | Baseline: 363.00 | Improvement: 17.75 | Win Rate: 75.00% | Actor Loss: 3.6148 | Entropy: 1.0984 | Invalid S/B: 0.00/0.00 | Max Load: 4.0 | Load Gap: 1.0 | Group CV: 0.0214
   -> Validation | Samples: 50 | Makespan: 352.58 | Invalid Jobs: 0.00 | Score: 352.58
Epoch [761/2000] | Sampled: 353.62 | Baseline: 340.50 | Improvement: -13.12 | Win Rate: 25.00% | Actor Loss: 1.4938 | Entropy: 1.0792 | Invalid S/B: 0.00/0.00 | Max Load: 4.1 | Load Gap: 1.1 | Group CV: 0.0162
Epoch [762/2000] | Sampled: 364.50 | Baseline: 358.50 | Improvement: -6.00 | Win Rate: 37.50% | Actor Loss: 0.6179 | Entropy: 1.1104 | Invalid S/B: 0.00/0.00 | Max Load: 4.1 | Load Gap: 1.1 | Group CV: 0.0271
Epoch [763/2000] | Sampled: 369.38 | Baseline: 317.00 | Improvement: -52.38 | Win Rate: 0.00% | Actor Loss: 4.8575 | Entropy: 1.0984 | Invalid S/B: 0.00/0.00 | Max Load: 4.0 | Load Gap: 1.0 | Group CV: 0.0453
Epoch [764/2000] | Sampled: 345.50 | Baseline: 332.00 | Improvement: -13.50 | Win Rate: 25.00% | Actor Loss: -4.2449 | Entropy: 1.0941 | Invalid S/B: 0.00/0.00 | Max Load: 4.2 | Load Gap: 1.2 | Group CV: 0.0214
Epoch [765/2000] | Sampled: 356.38 | Baseline: 329.50 | Improvement: -26.88 | Win Rate: 0.00% | Actor Loss: 1.6101 | Entropy: 1.1075 | Invalid S/B: 0.00/0.00 | Max Load: 4.1 | Load Gap: 1.1 | Group CV: 0.0197
Epoch [766/2000] | Sampled: 360.12 | Baseline: 325.00 | Improvement: -35.12 | Win Rate: 0.00% | Actor Loss: -4.3068 | Entropy: 1.0916 | Invalid S/B: 0.00/0.00 | Max Load: 4.5 | Load Gap: 1.5 | Group CV: 0.0193
Epoch [767/2000] | Sampled: 344.25 | Baseline: 304.00 | Improvement: -40.25 | Win Rate: 0.00% | Actor Loss: -1.2708 | Entropy: 1.1103 | Invalid S/B: 0.00/0.00 | Max Load: 4.1 | Load Gap: 1.1 | Group CV: 0.0089
Epoch [768/2000] | Sampled: 357.12 | Baseline: 346.00 | Improvement: -11.12 | Win Rate: 37.50% | Actor Loss: -2.7632 | Entropy: 1.0883 | Invalid S/B: 0.00/0.00 | Max Load: 4.1 | Load Gap: 1.1 | Group CV: 0.0167
Epoch [769/2000] | Sampled: 353.38 | Baseline: 309.00 | Improvement: -44.38 | Win Rate: 0.00% | Actor Loss: -4.7479 | Entropy: 1.0634 | Invalid S/B: 0.00/0.00 | Max Load: 4.1 | Load Gap: 1.1 | Group CV: 0.0305
Epoch [770/2000] | Sampled: 375.50 | Baseline: 349.50 | Improvement: -26.00 | Win Rate: 0.00% | Actor Loss: -8.0514 | Entropy: 1.1053 | Invalid S/B: 0.00/0.00 | Max Load: 4.1 | Load Gap: 1.1 | Group CV: 0.0465
   -> Validation | Samples: 50 | Makespan: 354.02 | Invalid Jobs: 0.02 | Score: 356.02
Epoch [771/2000] | Sampled: 371.25 | Baseline: 338.50 | Improvement: -32.75 | Win Rate: 0.00% | Actor Loss: -2.5854 | Entropy: 1.0729 | Invalid S/B: 0.00/0.00 | Max Load: 4.4 | Load Gap: 1.4 | Group CV: 0.0171
Epoch [772/2000] | Sampled: 352.75 | Baseline: 320.50 | Improvement: -32.25 | Win Rate: 12.50% | Actor Loss: -4.8167 | Entropy: 1.0146 | Invalid S/B: 0.00/0.00 | Max Load: 4.2 | Load Gap: 1.2 | Group CV: 0.0172
Epoch [773/2000] | Sampled: 347.25 | Baseline: 320.00 | Improvement: -27.25 | Win Rate: 12.50% | Actor Loss: -4.2450 | Entropy: 1.0025 | Invalid S/B: 0.00/0.00 | Max Load: 4.4 | Load Gap: 1.4 | Group CV: 0.0205
Epoch [774/2000] | Sampled: 352.00 | Baseline: 362.00 | Improvement: 10.00 | Win Rate: 75.00% | Actor Loss: 0.9028 | Entropy: 1.0103 | Invalid S/B: 0.00/0.00 | Max Load: 4.1 | Load Gap: 1.1 | Group CV: 0.0223
Epoch [775/2000] | Sampled: 354.75 | Baseline: 293.50 | Improvement: -61.25 | Win Rate: 0.00% | Actor Loss: -1.5838 | Entropy: 1.0223 | Invalid S/B: 0.00/0.00 | Max Load: 4.0 | Load Gap: 1.0 | Group CV: 0.0236
Epoch [776/2000] | Sampled: 349.38 | Baseline: 302.00 | Improvement: -47.38 | Win Rate: 0.00% | Actor Loss: -8.8371 | Entropy: 1.0052 | Invalid S/B: 0.00/0.00 | Max Load: 4.1 | Load Gap: 1.1 | Group CV: 0.0184
Epoch [777/2000] | Sampled: 361.12 | Baseline: 342.00 | Improvement: -19.12 | Win Rate: 12.50% | Actor Loss: -2.6292 | Entropy: 1.0258 | Invalid S/B: 0.00/0.00 | Max Load: 4.2 | Load Gap: 1.2 | Group CV: 0.0239
Epoch [778/2000] | Sampled: 365.00 | Baseline: 325.00 | Improvement: -40.00 | Win Rate: 0.00% | Actor Loss: -7.9475 | Entropy: 0.9746 | Invalid S/B: 0.00/0.00 | Max Load: 4.1 | Load Gap: 1.1 | Group CV: 0.0341
Epoch [779/2000] | Sampled: 346.38 | Baseline: 327.50 | Improvement: -18.88 | Win Rate: 37.50% | Actor Loss: -4.1635 | Entropy: 0.9946 | Invalid S/B: 0.00/0.00 | Max Load: 4.2 | Load Gap: 1.2 | Group CV: 0.0441
Epoch [780/2000] | Sampled: 350.75 | Baseline: 316.50 | Improvement: -34.25 | Win Rate: 0.00% | Actor Loss: -3.3094 | Entropy: 0.9739 | Invalid S/B: 0.00/0.00 | Max Load: 4.1 | Load Gap: 1.1 | Group CV: 0.0185
   -> Validation | Samples: 50 | Makespan: 353.86 | Invalid Jobs: 0.00 | Score: 353.86
Epoch [781/2000] | Sampled: 353.88 | Baseline: 318.00 | Improvement: -35.88 | Win Rate: 0.00% | Actor Loss: -0.4061 | Entropy: 0.9706 | Invalid S/B: 0.00/0.00 | Max Load: 4.2 | Load Gap: 1.2 | Group CV: 0.0224
Epoch [782/2000] | Sampled: 341.88 | Baseline: 319.00 | Improvement: -22.88 | Win Rate: 0.00% | Actor Loss: 0.3469 | Entropy: 0.9243 | Invalid S/B: 0.00/0.00 | Max Load: 4.1 | Load Gap: 1.1 | Group CV: 0.0220
Epoch [783/2000] | Sampled: 347.25 | Baseline: 333.00 | Improvement: -14.25 | Win Rate: 25.00% | Actor Loss: -0.8088 | Entropy: 0.9907 | Invalid S/B: 0.00/0.00 | Max Load: 4.0 | Load Gap: 1.0 | Group CV: 0.0163
Epoch [784/2000] | Sampled: 362.00 | Baseline: 311.50 | Improvement: -50.50 | Win Rate: 0.00% | Actor Loss: -1.0432 | Entropy: 1.0169 | Invalid S/B: 0.00/0.00 | Max Load: 4.1 | Load Gap: 1.1 | Group CV: 0.0339
Epoch [785/2000] | Sampled: 367.50 | Baseline: 327.00 | Improvement: -40.50 | Win Rate: 0.00% | Actor Loss: -3.4492 | Entropy: 0.9855 | Invalid S/B: 0.00/0.00 | Max Load: 4.4 | Load Gap: 1.4 | Group CV: 0.0149
Epoch [786/2000] | Sampled: 353.38 | Baseline: 303.50 | Improvement: -49.88 | Win Rate: 0.00% | Actor Loss: -5.9580 | Entropy: 0.9547 | Invalid S/B: 0.00/0.00 | Max Load: 4.1 | Load Gap: 1.1 | Group CV: 0.0185
Epoch [787/2000] | Sampled: 360.25 | Baseline: 355.00 | Improvement: -5.25 | Win Rate: 12.50% | Actor Loss: -3.3405 | Entropy: 1.0030 | Invalid S/B: 0.00/0.00 | Max Load: 4.2 | Load Gap: 1.2 | Group CV: 0.0111
Epoch [788/2000] | Sampled: 356.50 | Baseline: 311.50 | Improvement: -45.00 | Win Rate: 0.00% | Actor Loss: -0.5908 | Entropy: 1.0028 | Invalid S/B: 0.00/0.00 | Max Load: 4.0 | Load Gap: 1.0 | Group CV: 0.0236
Epoch [789/2000] | Sampled: 356.62 | Baseline: 320.00 | Improvement: -36.62 | Win Rate: 0.00% | Actor Loss: -0.9444 | Entropy: 1.0215 | Invalid S/B: 0.00/0.00 | Max Load: 4.2 | Load Gap: 1.2 | Group CV: 0.0267
Epoch [790/2000] | Sampled: 374.88 | Baseline: 374.50 | Improvement: -0.38 | Win Rate: 37.50% | Actor Loss: -7.5166 | Entropy: 1.0051 | Invalid S/B: 0.00/0.00 | Max Load: 4.5 | Load Gap: 1.5 | Group CV: 0.0254
   -> Validation | Samples: 50 | Makespan: 361.04 | Invalid Jobs: 0.04 | Score: 365.04
Epoch [791/2000] | Sampled: 353.88 | Baseline: 319.50 | Improvement: -34.38 | Win Rate: 0.00% | Actor Loss: 2.0710 | Entropy: 1.0422 | Invalid S/B: 0.00/0.00 | Max Load: 4.0 | Load Gap: 1.0 | Group CV: 0.0265
Epoch [792/2000] | Sampled: 360.00 | Baseline: 332.00 | Improvement: -28.00 | Win Rate: 0.00% | Actor Loss: -4.0454 | Entropy: 1.0040 | Invalid S/B: 0.00/0.00 | Max Load: 4.4 | Load Gap: 1.4 | Group CV: 0.0113
Epoch [793/2000] | Sampled: 361.00 | Baseline: 360.50 | Improvement: -0.50 | Win Rate: 50.00% | Actor Loss: -0.5030 | Entropy: 0.9882 | Invalid S/B: 0.00/0.00 | Max Load: 4.2 | Load Gap: 1.2 | Group CV: 0.0209
Epoch [794/2000] | Sampled: 347.75 | Baseline: 314.00 | Improvement: -33.75 | Win Rate: 0.00% | Actor Loss: -3.4612 | Entropy: 1.0305 | Invalid S/B: 0.00/0.00 | Max Load: 4.2 | Load Gap: 1.2 | Group CV: 0.0211
Epoch [795/2000] | Sampled: 369.00 | Baseline: 342.00 | Improvement: -27.00 | Win Rate: 0.00% | Actor Loss: -4.4551 | Entropy: 1.0217 | Invalid S/B: 0.00/0.00 | Max Load: 4.2 | Load Gap: 1.2 | Group CV: 0.0407
Epoch [796/2000] | Sampled: 374.62 | Baseline: 354.50 | Improvement: -20.12 | Win Rate: 12.50% | Actor Loss: -9.8615 | Entropy: 0.9754 | Invalid S/B: 0.00/0.00 | Max Load: 4.6 | Load Gap: 1.6 | Group CV: 0.0307
Epoch [797/2000] | Sampled: 362.12 | Baseline: 325.00 | Improvement: -37.12 | Win Rate: 0.00% | Actor Loss: -2.9556 | Entropy: 0.9763 | Invalid S/B: 0.00/0.00 | Max Load: 4.2 | Load Gap: 1.2 | Group CV: 0.0235
Epoch [798/2000] | Sampled: 362.25 | Baseline: 332.00 | Improvement: -30.25 | Win Rate: 0.00% | Actor Loss: -6.5747 | Entropy: 1.0010 | Invalid S/B: 0.00/0.00 | Max Load: 4.0 | Load Gap: 1.0 | Group CV: 0.0241
Epoch [799/2000] | Sampled: 356.50 | Baseline: 348.00 | Improvement: -8.50 | Win Rate: 25.00% | Actor Loss: 0.6652 | Entropy: 1.0025 | Invalid S/B: 0.00/0.00 | Max Load: 4.2 | Load Gap: 1.2 | Group CV: 0.0258
Epoch [800/2000] | Sampled: 370.25 | Baseline: 379.50 | Improvement: 9.25 | Win Rate: 75.00% | Actor Loss: 1.4563 | Entropy: 0.9755 | Invalid S/B: 0.12/0.00 | Max Load: 4.2 | Load Gap: 1.2 | Group CV: 0.0415
   -> Validation | Samples: 50 | Makespan: 354.20 | Invalid Jobs: 0.02 | Score: 356.20
   -> Saved updated training chart to /home/wei/Desktop/AMR-DFJSP/Static_alogorithm/GNN/gnn_training_metrics.png
Epoch [801/2000] | Sampled: 349.00 | Baseline: 354.50 | Improvement: 5.50 | Win Rate: 87.50% | Actor Loss: 2.3167 | Entropy: 1.0123 | Invalid S/B: 0.00/0.00 | Max Load: 4.1 | Load Gap: 1.1 | Group CV: 0.0216
Epoch [802/2000] | Sampled: 352.12 | Baseline: 320.00 | Improvement: -32.12 | Win Rate: 0.00% | Actor Loss: -4.6092 | Entropy: 0.9802 | Invalid S/B: 0.00/0.00 | Max Load: 4.0 | Load Gap: 1.0 | Group CV: 0.0187
Epoch [803/2000] | Sampled: 354.38 | Baseline: 339.50 | Improvement: -14.88 | Win Rate: 37.50% | Actor Loss: -1.4777 | Entropy: 0.9540 | Invalid S/B: 0.12/0.00 | Max Load: 4.1 | Load Gap: 1.1 | Group CV: 0.0477
Epoch [804/2000] | Sampled: 369.25 | Baseline: 355.50 | Improvement: -13.75 | Win Rate: 12.50% | Actor Loss: -8.8666 | Entropy: 1.0199 | Invalid S/B: 0.00/0.00 | Max Load: 4.6 | Load Gap: 1.6 | Group CV: 0.0177
Epoch [805/2000] | Sampled: 360.75 | Baseline: 338.50 | Improvement: -22.25 | Win Rate: 37.50% | Actor Loss: -5.3316 | Entropy: 0.9540 | Invalid S/B: 0.12/0.00 | Max Load: 4.1 | Load Gap: 1.1 | Group CV: 0.0293
Epoch [806/2000] | Sampled: 356.12 | Baseline: 349.00 | Improvement: -7.12 | Win Rate: 25.00% | Actor Loss: -1.5105 | Entropy: 0.9807 | Invalid S/B: 0.00/0.00 | Max Load: 4.0 | Load Gap: 1.0 | Group CV: 0.0143
Epoch [807/2000] | Sampled: 356.50 | Baseline: 296.50 | Improvement: -60.00 | Win Rate: 0.00% | Actor Loss: -7.9370 | Entropy: 0.9390 | Invalid S/B: 0.00/0.00 | Max Load: 4.1 | Load Gap: 1.1 | Group CV: 0.0222
Epoch [808/2000] | Sampled: 361.25 | Baseline: 352.00 | Improvement: -9.25 | Win Rate: 50.00% | Actor Loss: -2.6358 | Entropy: 0.9701 | Invalid S/B: 0.00/0.00 | Max Load: 4.2 | Load Gap: 1.2 | Group CV: 0.0224
Epoch [809/2000] | Sampled: 376.12 | Baseline: 382.50 | Improvement: 6.38 | Win Rate: 50.00% | Actor Loss: -1.6187 | Entropy: 0.9794 | Invalid S/B: 0.00/0.00 | Max Load: 4.4 | Load Gap: 1.4 | Group CV: 0.0249
Epoch [810/2000] | Sampled: 357.12 | Baseline: 310.00 | Improvement: -47.12 | Win Rate: 0.00% | Actor Loss: -0.1906 | Entropy: 0.9705 | Invalid S/B: 0.00/0.00 | Max Load: 4.0 | Load Gap: 1.0 | Group CV: 0.0400
   -> Validation | Samples: 50 | Makespan: 348.24 | Invalid Jobs: 0.00 | Score: 348.24
   -> Saved new best model (Val Score: 348.24)
Epoch [811/2000] | Sampled: 356.62 | Baseline: 367.00 | Improvement: 10.38 | Win Rate: 87.50% | Actor Loss: -2.1820 | Entropy: 1.0080 | Invalid S/B: 0.00/0.00 | Max Load: 4.4 | Load Gap: 1.4 | Group CV: 0.0158
Epoch [812/2000] | Sampled: 342.75 | Baseline: 304.50 | Improvement: -38.25 | Win Rate: 0.00% | Actor Loss: 6.3132 | Entropy: 0.9553 | Invalid S/B: 0.00/0.00 | Max Load: 4.2 | Load Gap: 1.2 | Group CV: 0.0270
Epoch [813/2000] | Sampled: 362.88 | Baseline: 335.50 | Improvement: -27.38 | Win Rate: 12.50% | Actor Loss: 3.5780 | Entropy: 0.9563 | Invalid S/B: 0.00/0.00 | Max Load: 4.2 | Load Gap: 1.2 | Group CV: 0.0345
Epoch [814/2000] | Sampled: 352.88 | Baseline: 300.50 | Improvement: -52.38 | Win Rate: 0.00% | Actor Loss: -3.0067 | Entropy: 0.9463 | Invalid S/B: 0.00/0.00 | Max Load: 4.2 | Load Gap: 1.2 | Group CV: 0.0276
Epoch [815/2000] | Sampled: 350.50 | Baseline: 285.50 | Improvement: -65.00 | Win Rate: 0.00% | Actor Loss: 0.7621 | Entropy: 0.9273 | Invalid S/B: 0.00/0.00 | Max Load: 4.2 | Load Gap: 1.2 | Group CV: 0.0304
Epoch [816/2000] | Sampled: 357.25 | Baseline: 334.50 | Improvement: -22.75 | Win Rate: 0.00% | Actor Loss: -0.9662 | Entropy: 0.9368 | Invalid S/B: 0.00/0.00 | Max Load: 4.1 | Load Gap: 1.1 | Group CV: 0.0318
Epoch [817/2000] | Sampled: 354.25 | Baseline: 337.50 | Improvement: -16.75 | Win Rate: 25.00% | Actor Loss: -6.8826 | Entropy: 0.9540 | Invalid S/B: 0.00/0.00 | Max Load: 4.2 | Load Gap: 1.2 | Group CV: 0.0247
Epoch [818/2000] | Sampled: 357.00 | Baseline: 342.00 | Improvement: -15.00 | Win Rate: 50.00% | Actor Loss: 0.8090 | Entropy: 0.9186 | Invalid S/B: 0.00/0.00 | Max Load: 4.2 | Load Gap: 1.2 | Group CV: 0.0089
Epoch [819/2000] | Sampled: 357.50 | Baseline: 357.00 | Improvement: -0.50 | Win Rate: 50.00% | Actor Loss: -1.0822 | Entropy: 0.9412 | Invalid S/B: 0.00/0.00 | Max Load: 4.2 | Load Gap: 1.2 | Group CV: 0.0286
Epoch [820/2000] | Sampled: 373.62 | Baseline: 338.50 | Improvement: -35.12 | Win Rate: 12.50% | Actor Loss: -2.1021 | Entropy: 0.9474 | Invalid S/B: 0.00/0.00 | Max Load: 4.6 | Load Gap: 1.6 | Group CV: 0.0458
   -> Validation | Samples: 50 | Makespan: 347.08 | Invalid Jobs: 0.00 | Score: 347.08
   -> Saved new best model (Val Score: 347.08)
Epoch [821/2000] | Sampled: 345.25 | Baseline: 322.50 | Improvement: -22.75 | Win Rate: 12.50% | Actor Loss: -4.8320 | Entropy: 0.9230 | Invalid S/B: 0.00/0.00 | Max Load: 4.1 | Load Gap: 1.1 | Group CV: 0.0227
Epoch [822/2000] | Sampled: 352.00 | Baseline: 327.00 | Improvement: -25.00 | Win Rate: 0.00% | Actor Loss: 0.0722 | Entropy: 0.9532 | Invalid S/B: 0.00/0.00 | Max Load: 4.1 | Load Gap: 1.1 | Group CV: 0.0135
Epoch [823/2000] | Sampled: 344.25 | Baseline: 316.00 | Improvement: -28.25 | Win Rate: 0.00% | Actor Loss: -0.8832 | Entropy: 0.9557 | Invalid S/B: 0.00/0.00 | Max Load: 4.2 | Load Gap: 1.2 | Group CV: 0.0265
Epoch [824/2000] | Sampled: 365.50 | Baseline: 383.00 | Improvement: 17.50 | Win Rate: 87.50% | Actor Loss: 0.2453 | Entropy: 0.9712 | Invalid S/B: 0.00/0.00 | Max Load: 4.4 | Load Gap: 1.4 | Group CV: 0.0261
Epoch [825/2000] | Sampled: 347.25 | Baseline: 330.50 | Improvement: -16.75 | Win Rate: 0.00% | Actor Loss: -6.6675 | Entropy: 0.9311 | Invalid S/B: 0.00/0.00 | Max Load: 4.1 | Load Gap: 1.1 | Group CV: 0.0204
Epoch [826/2000] | Sampled: 356.75 | Baseline: 336.50 | Improvement: -20.25 | Win Rate: 0.00% | Actor Loss: 1.6378 | Entropy: 0.9509 | Invalid S/B: 0.00/0.00 | Max Load: 4.1 | Load Gap: 1.1 | Group CV: 0.0445
Epoch [827/2000] | Sampled: 358.62 | Baseline: 320.50 | Improvement: -38.12 | Win Rate: 12.50% | Actor Loss: -5.1536 | Entropy: 0.9028 | Invalid S/B: 0.12/0.00 | Max Load: 4.4 | Load Gap: 1.4 | Group CV: 0.0684
Epoch [828/2000] | Sampled: 352.00 | Baseline: 351.50 | Improvement: -0.50 | Win Rate: 50.00% | Actor Loss: -3.2304 | Entropy: 0.9571 | Invalid S/B: 0.00/0.00 | Max Load: 4.1 | Load Gap: 1.1 | Group CV: 0.0263
Epoch [829/2000] | Sampled: 345.12 | Baseline: 307.50 | Improvement: -37.62 | Win Rate: 0.00% | Actor Loss: -3.2333 | Entropy: 0.9403 | Invalid S/B: 0.00/0.00 | Max Load: 4.0 | Load Gap: 1.0 | Group CV: 0.0189
Epoch [830/2000] | Sampled: 351.00 | Baseline: 334.00 | Improvement: -17.00 | Win Rate: 0.00% | Actor Loss: -5.1832 | Entropy: 0.9378 | Invalid S/B: 0.00/0.00 | Max Load: 4.0 | Load Gap: 1.0 | Group CV: 0.0248
   -> Validation | Samples: 50 | Makespan: 349.24 | Invalid Jobs: 0.04 | Score: 353.24
Epoch [831/2000] | Sampled: 353.88 | Baseline: 351.00 | Improvement: -2.88 | Win Rate: 37.50% | Actor Loss: 1.2266 | Entropy: 0.9510 | Invalid S/B: 0.00/0.00 | Max Load: 4.0 | Load Gap: 1.0 | Group CV: 0.0259
Epoch [832/2000] | Sampled: 352.25 | Baseline: 354.50 | Improvement: 2.25 | Win Rate: 50.00% | Actor Loss: -8.6296 | Entropy: 0.9413 | Invalid S/B: 0.00/0.00 | Max Load: 4.5 | Load Gap: 1.5 | Group CV: 0.0249
Epoch [833/2000] | Sampled: 363.00 | Baseline: 339.50 | Improvement: -23.50 | Win Rate: 37.50% | Actor Loss: 3.6668 | Entropy: 0.8916 | Invalid S/B: 0.00/0.00 | Max Load: 4.4 | Load Gap: 1.4 | Group CV: 0.0551
Epoch [834/2000] | Sampled: 348.38 | Baseline: 308.00 | Improvement: -40.38 | Win Rate: 0.00% | Actor Loss: 2.6450 | Entropy: 0.9477 | Invalid S/B: 0.00/0.00 | Max Load: 4.1 | Load Gap: 1.1 | Group CV: 0.0381
Epoch [835/2000] | Sampled: 373.25 | Baseline: 308.00 | Improvement: -65.25 | Win Rate: 0.00% | Actor Loss: -0.6897 | Entropy: 0.9765 | Invalid S/B: 0.00/0.00 | Max Load: 4.1 | Load Gap: 1.1 | Group CV: 0.0185
Epoch [836/2000] | Sampled: 354.12 | Baseline: 356.50 | Improvement: 2.38 | Win Rate: 50.00% | Actor Loss: -3.5094 | Entropy: 0.9560 | Invalid S/B: 0.00/0.00 | Max Load: 4.4 | Load Gap: 1.4 | Group CV: 0.0196
Epoch [837/2000] | Sampled: 344.50 | Baseline: 371.00 | Improvement: 26.50 | Win Rate: 50.00% | Actor Loss: 3.2946 | Entropy: 0.9617 | Invalid S/B: 0.00/0.00 | Max Load: 4.2 | Load Gap: 1.2 | Group CV: 0.0194
Epoch [838/2000] | Sampled: 357.75 | Baseline: 339.00 | Improvement: -18.75 | Win Rate: 12.50% | Actor Loss: -0.5495 | Entropy: 0.9795 | Invalid S/B: 0.00/0.00 | Max Load: 4.2 | Load Gap: 1.2 | Group CV: 0.0261
Epoch [839/2000] | Sampled: 365.12 | Baseline: 323.50 | Improvement: -41.62 | Win Rate: 12.50% | Actor Loss: -1.6216 | Entropy: 0.9871 | Invalid S/B: 0.12/0.00 | Max Load: 4.4 | Load Gap: 1.4 | Group CV: 0.0489
Epoch [840/2000] | Sampled: 343.88 | Baseline: 357.00 | Improvement: 13.12 | Win Rate: 62.50% | Actor Loss: -2.2707 | Entropy: 0.9625 | Invalid S/B: 0.00/0.00 | Max Load: 4.2 | Load Gap: 1.2 | Group CV: 0.0218
   -> Validation | Samples: 50 | Makespan: 349.06 | Invalid Jobs: 0.02 | Score: 351.06
Epoch [841/2000] | Sampled: 361.62 | Baseline: 323.50 | Improvement: -38.12 | Win Rate: 0.00% | Actor Loss: -3.5336 | Entropy: 0.9558 | Invalid S/B: 0.00/0.00 | Max Load: 4.4 | Load Gap: 1.4 | Group CV: 0.0272
Epoch [842/2000] | Sampled: 352.38 | Baseline: 343.50 | Improvement: -8.88 | Win Rate: 37.50% | Actor Loss: -1.8608 | Entropy: 0.9282 | Invalid S/B: 0.00/0.00 | Max Load: 4.0 | Load Gap: 1.0 | Group CV: 0.0307
Epoch [843/2000] | Sampled: 341.38 | Baseline: 302.50 | Improvement: -38.88 | Win Rate: 0.00% | Actor Loss: 5.1710 | Entropy: 1.0111 | Invalid S/B: 0.00/0.00 | Max Load: 4.2 | Load Gap: 1.2 | Group CV: 0.0157
Epoch [844/2000] | Sampled: 356.12 | Baseline: 341.50 | Improvement: -14.62 | Win Rate: 0.00% | Actor Loss: 7.0645 | Entropy: 0.9817 | Invalid S/B: 0.00/0.00 | Max Load: 4.2 | Load Gap: 1.2 | Group CV: 0.0113
Epoch [845/2000] | Sampled: 353.50 | Baseline: 333.50 | Improvement: -20.00 | Win Rate: 25.00% | Actor Loss: 0.5089 | Entropy: 0.9903 | Invalid S/B: 0.00/0.00 | Max Load: 4.1 | Load Gap: 1.1 | Group CV: 0.0176
Epoch [846/2000] | Sampled: 350.75 | Baseline: 347.00 | Improvement: -3.75 | Win Rate: 50.00% | Actor Loss: -3.6215 | Entropy: 0.9913 | Invalid S/B: 0.00/0.00 | Max Load: 4.0 | Load Gap: 1.0 | Group CV: 0.0244
Epoch [847/2000] | Sampled: 346.62 | Baseline: 327.00 | Improvement: -19.62 | Win Rate: 12.50% | Actor Loss: -0.5984 | Entropy: 0.9941 | Invalid S/B: 0.00/0.00 | Max Load: 4.6 | Load Gap: 1.6 | Group CV: 0.0133
Epoch [848/2000] | Sampled: 348.50 | Baseline: 300.50 | Improvement: -48.00 | Win Rate: 0.00% | Actor Loss: 3.9054 | Entropy: 1.0125 | Invalid S/B: 0.00/0.00 | Max Load: 4.0 | Load Gap: 1.0 | Group CV: 0.0214
Epoch [849/2000] | Sampled: 347.88 | Baseline: 325.50 | Improvement: -22.38 | Win Rate: 12.50% | Actor Loss: -3.0804 | Entropy: 1.0202 | Invalid S/B: 0.00/0.00 | Max Load: 4.2 | Load Gap: 1.2 | Group CV: 0.0278
Epoch [850/2000] | Sampled: 356.62 | Baseline: 353.00 | Improvement: -3.62 | Win Rate: 25.00% | Actor Loss: -1.3731 | Entropy: 1.0607 | Invalid S/B: 0.00/0.00 | Max Load: 4.2 | Load Gap: 1.2 | Group CV: 0.0178
   -> Validation | Samples: 50 | Makespan: 350.24 | Invalid Jobs: 0.00 | Score: 350.24
Epoch [851/2000] | Sampled: 362.38 | Baseline: 334.00 | Improvement: -28.38 | Win Rate: 25.00% | Actor Loss: 1.7800 | Entropy: 1.0533 | Invalid S/B: 0.00/0.00 | Max Load: 4.2 | Load Gap: 1.2 | Group CV: 0.0327
Epoch [852/2000] | Sampled: 341.50 | Baseline: 321.00 | Improvement: -20.50 | Win Rate: 0.00% | Actor Loss: -2.7881 | Entropy: 1.0405 | Invalid S/B: 0.00/0.00 | Max Load: 4.4 | Load Gap: 1.4 | Group CV: 0.0234
Epoch [853/2000] | Sampled: 345.00 | Baseline: 346.50 | Improvement: 1.50 | Win Rate: 50.00% | Actor Loss: -8.7007 | Entropy: 1.0257 | Invalid S/B: 0.00/0.00 | Max Load: 4.1 | Load Gap: 1.1 | Group CV: 0.0246
Epoch [854/2000] | Sampled: 342.75 | Baseline: 307.50 | Improvement: -35.25 | Win Rate: 0.00% | Actor Loss: -2.0898 | Entropy: 1.0441 | Invalid S/B: 0.00/0.00 | Max Load: 4.1 | Load Gap: 1.1 | Group CV: 0.0251
Epoch [855/2000] | Sampled: 353.00 | Baseline: 330.00 | Improvement: -23.00 | Win Rate: 0.00% | Actor Loss: -0.5046 | Entropy: 1.0701 | Invalid S/B: 0.00/0.00 | Max Load: 4.2 | Load Gap: 1.2 | Group CV: 0.0193
Epoch [856/2000] | Sampled: 360.25 | Baseline: 325.00 | Improvement: -35.25 | Win Rate: 12.50% | Actor Loss: -5.1657 | Entropy: 1.0620 | Invalid S/B: 0.25/0.00 | Max Load: 4.1 | Load Gap: 1.1 | Group CV: 0.0459
Epoch [857/2000] | Sampled: 357.50 | Baseline: 342.00 | Improvement: -15.50 | Win Rate: 25.00% | Actor Loss: 3.6275 | Entropy: 1.0962 | Invalid S/B: 0.00/0.00 | Max Load: 4.0 | Load Gap: 1.0 | Group CV: 0.0318
Epoch [858/2000] | Sampled: 341.62 | Baseline: 343.50 | Improvement: 1.88 | Win Rate: 50.00% | Actor Loss: 1.9838 | Entropy: 1.1221 | Invalid S/B: 0.00/0.00 | Max Load: 4.0 | Load Gap: 1.0 | Group CV: 0.0172
Epoch [859/2000] | Sampled: 346.00 | Baseline: 300.50 | Improvement: -45.50 | Win Rate: 0.00% | Actor Loss: -1.3450 | Entropy: 1.1192 | Invalid S/B: 0.00/0.00 | Max Load: 4.1 | Load Gap: 1.1 | Group CV: 0.0315
Epoch [860/2000] | Sampled: 350.88 | Baseline: 343.50 | Improvement: -7.38 | Win Rate: 25.00% | Actor Loss: -1.9739 | Entropy: 1.1226 | Invalid S/B: 0.00/0.00 | Max Load: 4.1 | Load Gap: 1.1 | Group CV: 0.0233
   -> Validation | Samples: 50 | Makespan: 362.24 | Invalid Jobs: 0.02 | Score: 364.24
Epoch [861/2000] | Sampled: 364.75 | Baseline: 362.50 | Improvement: -2.25 | Win Rate: 37.50% | Actor Loss: 0.4725 | Entropy: 1.1094 | Invalid S/B: 0.00/0.00 | Max Load: 4.1 | Load Gap: 1.1 | Group CV: 0.0298
Epoch [862/2000] | Sampled: 357.75 | Baseline: 341.00 | Improvement: -16.75 | Win Rate: 0.00% | Actor Loss: 4.1239 | Entropy: 1.0746 | Invalid S/B: 0.00/0.00 | Max Load: 4.1 | Load Gap: 1.1 | Group CV: 0.0169
Epoch [863/2000] | Sampled: 363.12 | Baseline: 344.50 | Improvement: -18.62 | Win Rate: 12.50% | Actor Loss: -0.5187 | Entropy: 1.1027 | Invalid S/B: 0.00/0.00 | Max Load: 4.4 | Load Gap: 1.4 | Group CV: 0.0356
Epoch [864/2000] | Sampled: 353.38 | Baseline: 316.00 | Improvement: -37.38 | Win Rate: 0.00% | Actor Loss: -4.9463 | Entropy: 1.1300 | Invalid S/B: 0.00/0.00 | Max Load: 4.1 | Load Gap: 1.1 | Group CV: 0.0385
Epoch [865/2000] | Sampled: 372.25 | Baseline: 364.50 | Improvement: -7.75 | Win Rate: 37.50% | Actor Loss: -0.4940 | Entropy: 1.0782 | Invalid S/B: 0.00/0.00 | Max Load: 4.4 | Load Gap: 1.4 | Group CV: 0.0267
Epoch [866/2000] | Sampled: 346.75 | Baseline: 316.00 | Improvement: -30.75 | Win Rate: 0.00% | Actor Loss: 3.9647 | Entropy: 1.0869 | Invalid S/B: 0.00/0.00 | Max Load: 4.1 | Load Gap: 1.1 | Group CV: 0.0377
Epoch [867/2000] | Sampled: 340.50 | Baseline: 306.00 | Improvement: -34.50 | Win Rate: 0.00% | Actor Loss: -2.2613 | Entropy: 1.0774 | Invalid S/B: 0.00/0.00 | Max Load: 4.4 | Load Gap: 1.4 | Group CV: 0.0202
Epoch [868/2000] | Sampled: 343.25 | Baseline: 341.00 | Improvement: -2.25 | Win Rate: 62.50% | Actor Loss: 5.8341 | Entropy: 1.0517 | Invalid S/B: 0.00/0.00 | Max Load: 4.4 | Load Gap: 1.4 | Group CV: 0.0208
Epoch [869/2000] | Sampled: 352.88 | Baseline: 334.00 | Improvement: -18.88 | Win Rate: 0.00% | Actor Loss: 2.5968 | Entropy: 1.1023 | Invalid S/B: 0.00/0.00 | Max Load: 4.0 | Load Gap: 1.0 | Group CV: 0.0233
Epoch [870/2000] | Sampled: 378.50 | Baseline: 389.50 | Improvement: 11.00 | Win Rate: 87.50% | Actor Loss: -6.5097 | Entropy: 1.0270 | Invalid S/B: 0.12/0.00 | Max Load: 4.0 | Load Gap: 1.0 | Group CV: 0.0346
   -> Validation | Samples: 50 | Makespan: 352.88 | Invalid Jobs: 0.00 | Score: 352.88
Epoch [871/2000] | Sampled: 337.00 | Baseline: 303.50 | Improvement: -33.50 | Win Rate: 0.00% | Actor Loss: -2.0169 | Entropy: 1.0235 | Invalid S/B: 0.00/0.00 | Max Load: 4.1 | Load Gap: 1.1 | Group CV: 0.0232
Epoch [872/2000] | Sampled: 347.12 | Baseline: 351.00 | Improvement: 3.88 | Win Rate: 50.00% | Actor Loss: -3.1814 | Entropy: 1.0262 | Invalid S/B: 0.00/0.00 | Max Load: 4.1 | Load Gap: 1.1 | Group CV: 0.0210
Epoch [873/2000] | Sampled: 351.25 | Baseline: 353.00 | Improvement: 1.75 | Win Rate: 50.00% | Actor Loss: 1.9850 | Entropy: 1.0480 | Invalid S/B: 0.00/0.00 | Max Load: 4.4 | Load Gap: 1.4 | Group CV: 0.0283
Epoch [874/2000] | Sampled: 339.50 | Baseline: 318.00 | Improvement: -21.50 | Win Rate: 0.00% | Actor Loss: 0.9774 | Entropy: 1.0832 | Invalid S/B: 0.00/0.00 | Max Load: 4.1 | Load Gap: 1.1 | Group CV: 0.0265
Epoch [875/2000] | Sampled: 337.50 | Baseline: 315.00 | Improvement: -22.50 | Win Rate: 12.50% | Actor Loss: -6.2763 | Entropy: 1.0408 | Invalid S/B: 0.00/0.00 | Max Load: 4.1 | Load Gap: 1.1 | Group CV: 0.0329
Epoch [876/2000] | Sampled: 355.00 | Baseline: 304.50 | Improvement: -50.50 | Win Rate: 0.00% | Actor Loss: 1.6555 | Entropy: 1.0624 | Invalid S/B: 0.00/0.00 | Max Load: 4.1 | Load Gap: 1.1 | Group CV: 0.0392
Epoch [877/2000] | Sampled: 353.12 | Baseline: 311.50 | Improvement: -41.62 | Win Rate: 0.00% | Actor Loss: -3.8378 | Entropy: 1.0305 | Invalid S/B: 0.00/0.00 | Max Load: 4.4 | Load Gap: 1.4 | Group CV: 0.0245
Epoch [878/2000] | Sampled: 350.50 | Baseline: 369.50 | Improvement: 19.00 | Win Rate: 50.00% | Actor Loss: -1.9626 | Entropy: 1.0634 | Invalid S/B: 0.00/0.00 | Max Load: 4.1 | Load Gap: 1.1 | Group CV: 0.0317
Epoch [879/2000] | Sampled: 343.75 | Baseline: 348.50 | Improvement: 4.75 | Win Rate: 75.00% | Actor Loss: 0.0526 | Entropy: 1.0965 | Invalid S/B: 0.00/0.00 | Max Load: 4.4 | Load Gap: 1.4 | Group CV: 0.0307
Epoch [880/2000] | Sampled: 343.75 | Baseline: 340.50 | Improvement: -3.25 | Win Rate: 37.50% | Actor Loss: 0.1360 | Entropy: 1.0457 | Invalid S/B: 0.00/0.00 | Max Load: 4.5 | Load Gap: 1.5 | Group CV: 0.0229
   -> Validation | Samples: 50 | Makespan: 352.06 | Invalid Jobs: 0.02 | Score: 354.06
Epoch [881/2000] | Sampled: 353.12 | Baseline: 321.50 | Improvement: -31.62 | Win Rate: 0.00% | Actor Loss: -6.1044 | Entropy: 1.0723 | Invalid S/B: 0.00/0.00 | Max Load: 4.0 | Load Gap: 1.0 | Group CV: 0.0322
Epoch [882/2000] | Sampled: 347.88 | Baseline: 319.50 | Improvement: -28.38 | Win Rate: 12.50% | Actor Loss: -4.4750 | Entropy: 1.0625 | Invalid S/B: 0.00/0.00 | Max Load: 4.0 | Load Gap: 1.0 | Group CV: 0.0249
Epoch [883/2000] | Sampled: 348.62 | Baseline: 322.50 | Improvement: -26.12 | Win Rate: 0.00% | Actor Loss: -3.5006 | Entropy: 1.0545 | Invalid S/B: 0.00/0.00 | Max Load: 4.1 | Load Gap: 1.1 | Group CV: 0.0264
Epoch [884/2000] | Sampled: 346.62 | Baseline: 318.50 | Improvement: -28.12 | Win Rate: 0.00% | Actor Loss: 1.5882 | Entropy: 1.0304 | Invalid S/B: 0.00/0.00 | Max Load: 4.5 | Load Gap: 1.5 | Group CV: 0.0245
Epoch [885/2000] | Sampled: 351.00 | Baseline: 363.00 | Improvement: 12.00 | Win Rate: 62.50% | Actor Loss: -4.8431 | Entropy: 1.0646 | Invalid S/B: 0.12/0.00 | Max Load: 4.1 | Load Gap: 1.1 | Group CV: 0.0223
Epoch [886/2000] | Sampled: 346.62 | Baseline: 375.50 | Improvement: 28.88 | Win Rate: 50.00% | Actor Loss: -3.2878 | Entropy: 1.0024 | Invalid S/B: 0.00/0.00 | Max Load: 4.2 | Load Gap: 1.2 | Group CV: 0.0209
Epoch [887/2000] | Sampled: 346.50 | Baseline: 321.50 | Improvement: -25.00 | Win Rate: 0.00% | Actor Loss: 1.6765 | Entropy: 1.0242 | Invalid S/B: 0.00/0.00 | Max Load: 4.1 | Load Gap: 1.1 | Group CV: 0.0203
Epoch [888/2000] | Sampled: 357.75 | Baseline: 371.50 | Improvement: 13.75 | Win Rate: 50.00% | Actor Loss: -1.8915 | Entropy: 1.0451 | Invalid S/B: 0.00/0.00 | Max Load: 4.5 | Load Gap: 1.5 | Group CV: 0.0197
Epoch [889/2000] | Sampled: 345.12 | Baseline: 310.50 | Improvement: -34.62 | Win Rate: 0.00% | Actor Loss: 2.4642 | Entropy: 1.0346 | Invalid S/B: 0.00/0.00 | Max Load: 4.4 | Load Gap: 1.4 | Group CV: 0.0160
Epoch [890/2000] | Sampled: 359.12 | Baseline: 323.00 | Improvement: -36.12 | Win Rate: 12.50% | Actor Loss: 1.1186 | Entropy: 1.0274 | Invalid S/B: 0.00/0.00 | Max Load: 4.2 | Load Gap: 1.2 | Group CV: 0.0371
   -> Validation | Samples: 50 | Makespan: 350.02 | Invalid Jobs: 0.02 | Score: 352.02
Epoch [891/2000] | Sampled: 343.88 | Baseline: 323.50 | Improvement: -20.38 | Win Rate: 37.50% | Actor Loss: -3.3979 | Entropy: 1.0423 | Invalid S/B: 0.00/0.00 | Max Load: 4.0 | Load Gap: 1.0 | Group CV: 0.0233
Epoch [892/2000] | Sampled: 352.75 | Baseline: 362.00 | Improvement: 9.25 | Win Rate: 87.50% | Actor Loss: 1.8951 | Entropy: 1.0136 | Invalid S/B: 0.00/0.00 | Max Load: 4.2 | Load Gap: 1.2 | Group CV: 0.0216
Epoch [893/2000] | Sampled: 351.62 | Baseline: 340.00 | Improvement: -11.62 | Win Rate: 25.00% | Actor Loss: 4.5617 | Entropy: 1.0521 | Invalid S/B: 0.00/0.00 | Max Load: 4.2 | Load Gap: 1.2 | Group CV: 0.0199
Epoch [894/2000] | Sampled: 355.75 | Baseline: 357.00 | Improvement: 1.25 | Win Rate: 37.50% | Actor Loss: -5.7520 | Entropy: 1.0058 | Invalid S/B: 0.00/0.00 | Max Load: 4.2 | Load Gap: 1.2 | Group CV: 0.0324
Epoch [895/2000] | Sampled: 367.25 | Baseline: 343.50 | Improvement: -23.75 | Win Rate: 0.00% | Actor Loss: -0.4477 | Entropy: 1.0115 | Invalid S/B: 0.00/0.00 | Max Load: 4.4 | Load Gap: 1.4 | Group CV: 0.0205
Epoch [896/2000] | Sampled: 358.12 | Baseline: 325.00 | Improvement: -33.12 | Win Rate: 0.00% | Actor Loss: -1.5535 | Entropy: 1.0476 | Invalid S/B: 0.00/0.00 | Max Load: 4.4 | Load Gap: 1.4 | Group CV: 0.0242
Epoch [897/2000] | Sampled: 356.38 | Baseline: 320.00 | Improvement: -36.38 | Win Rate: 0.00% | Actor Loss: 2.9423 | Entropy: 1.0199 | Invalid S/B: 0.00/0.00 | Max Load: 4.1 | Load Gap: 1.1 | Group CV: 0.0255
Epoch [898/2000] | Sampled: 353.12 | Baseline: 343.00 | Improvement: -10.12 | Win Rate: 37.50% | Actor Loss: -7.1973 | Entropy: 1.0100 | Invalid S/B: 0.00/0.00 | Max Load: 4.6 | Load Gap: 1.6 | Group CV: 0.0175
Epoch [899/2000] | Sampled: 361.88 | Baseline: 338.50 | Improvement: -23.38 | Win Rate: 25.00% | Actor Loss: -1.0953 | Entropy: 1.0336 | Invalid S/B: 0.12/0.00 | Max Load: 4.2 | Load Gap: 1.2 | Group CV: 0.0570
Epoch [900/2000] | Sampled: 362.50 | Baseline: 332.50 | Improvement: -30.00 | Win Rate: 0.00% | Actor Loss: 2.5339 | Entropy: 1.0553 | Invalid S/B: 0.00/0.00 | Max Load: 4.2 | Load Gap: 1.2 | Group CV: 0.0128
   -> Validation | Samples: 50 | Makespan: 351.70 | Invalid Jobs: 0.04 | Score: 355.70
   -> Saved updated training chart to /home/wei/Desktop/AMR-DFJSP/Static_alogorithm/GNN/gnn_training_metrics.png
Epoch [901/2000] | Sampled: 368.62 | Baseline: 324.00 | Improvement: -44.62 | Win Rate: 0.00% | Actor Loss: -2.5295 | Entropy: 1.0459 | Invalid S/B: 0.00/0.00 | Max Load: 4.5 | Load Gap: 1.5 | Group CV: 0.0490
Epoch [902/2000] | Sampled: 352.12 | Baseline: 341.50 | Improvement: -10.62 | Win Rate: 50.00% | Actor Loss: -2.9260 | Entropy: 1.0250 | Invalid S/B: 0.12/0.00 | Max Load: 4.1 | Load Gap: 1.1 | Group CV: 0.0423
Epoch [903/2000] | Sampled: 348.50 | Baseline: 323.00 | Improvement: -25.50 | Win Rate: 12.50% | Actor Loss: -1.1027 | Entropy: 1.0012 | Invalid S/B: 0.00/0.00 | Max Load: 4.0 | Load Gap: 1.0 | Group CV: 0.0295
Epoch [904/2000] | Sampled: 357.38 | Baseline: 317.50 | Improvement: -39.88 | Win Rate: 0.00% | Actor Loss: -3.0375 | Entropy: 1.0220 | Invalid S/B: 0.00/0.00 | Max Load: 4.1 | Load Gap: 1.1 | Group CV: 0.0319
Epoch [905/2000] | Sampled: 359.50 | Baseline: 344.50 | Improvement: -15.00 | Win Rate: 25.00% | Actor Loss: -3.4265 | Entropy: 1.0287 | Invalid S/B: 0.00/0.00 | Max Load: 4.5 | Load Gap: 1.5 | Group CV: 0.0230
Epoch [906/2000] | Sampled: 353.25 | Baseline: 323.00 | Improvement: -30.25 | Win Rate: 0.00% | Actor Loss: 4.3048 | Entropy: 1.0303 | Invalid S/B: 0.00/0.00 | Max Load: 4.1 | Load Gap: 1.1 | Group CV: 0.0170
Epoch [907/2000] | Sampled: 351.25 | Baseline: 329.50 | Improvement: -21.75 | Win Rate: 0.00% | Actor Loss: -0.2016 | Entropy: 1.0532 | Invalid S/B: 0.00/0.00 | Max Load: 4.2 | Load Gap: 1.2 | Group CV: 0.0305
Epoch [908/2000] | Sampled: 357.25 | Baseline: 357.50 | Improvement: 0.25 | Win Rate: 50.00% | Actor Loss: 1.5054 | Entropy: 1.0824 | Invalid S/B: 0.00/0.00 | Max Load: 4.2 | Load Gap: 1.2 | Group CV: 0.0448
Epoch [909/2000] | Sampled: 348.38 | Baseline: 364.00 | Improvement: 15.62 | Win Rate: 75.00% | Actor Loss: -2.2225 | Entropy: 1.0738 | Invalid S/B: 0.00/0.00 | Max Load: 4.2 | Load Gap: 1.2 | Group CV: 0.0300
Epoch [910/2000] | Sampled: 355.62 | Baseline: 303.50 | Improvement: -52.12 | Win Rate: 0.00% | Actor Loss: 3.7571 | Entropy: 1.0603 | Invalid S/B: 0.00/0.00 | Max Load: 4.2 | Load Gap: 1.2 | Group CV: 0.0297
   -> Validation | Samples: 50 | Makespan: 348.54 | Invalid Jobs: 0.00 | Score: 348.54
Epoch [911/2000] | Sampled: 345.25 | Baseline: 325.50 | Improvement: -19.75 | Win Rate: 0.00% | Actor Loss: 0.8492 | Entropy: 1.1064 | Invalid S/B: 0.00/0.00 | Max Load: 4.1 | Load Gap: 1.1 | Group CV: 0.0097
Epoch [912/2000] | Sampled: 345.12 | Baseline: 384.00 | Improvement: 38.88 | Win Rate: 100.00% | Actor Loss: -4.7719 | Entropy: 1.0576 | Invalid S/B: 0.00/0.50 | Max Load: 4.4 | Load Gap: 1.4 | Group CV: 0.0165
Epoch [913/2000] | Sampled: 350.12 | Baseline: 289.50 | Improvement: -60.62 | Win Rate: 0.00% | Actor Loss: -2.0697 | Entropy: 1.0971 | Invalid S/B: 0.00/0.00 | Max Load: 4.2 | Load Gap: 1.2 | Group CV: 0.0179
Epoch [914/2000] | Sampled: 352.75 | Baseline: 351.50 | Improvement: -1.25 | Win Rate: 50.00% | Actor Loss: -1.0012 | Entropy: 1.0957 | Invalid S/B: 0.00/0.00 | Max Load: 4.1 | Load Gap: 1.1 | Group CV: 0.0060
Epoch [915/2000] | Sampled: 351.38 | Baseline: 364.00 | Improvement: 12.62 | Win Rate: 50.00% | Actor Loss: -8.0490 | Entropy: 1.1191 | Invalid S/B: 0.00/0.50 | Max Load: 4.0 | Load Gap: 1.0 | Group CV: 0.0222
Epoch [916/2000] | Sampled: 357.88 | Baseline: 343.00 | Improvement: -14.88 | Win Rate: 25.00% | Actor Loss: 0.9008 | Entropy: 1.0855 | Invalid S/B: 0.00/0.00 | Max Load: 4.1 | Load Gap: 1.1 | Group CV: 0.0204
Epoch [917/2000] | Sampled: 350.88 | Baseline: 359.00 | Improvement: 8.12 | Win Rate: 75.00% | Actor Loss: -3.3623 | Entropy: 1.0622 | Invalid S/B: 0.00/0.00 | Max Load: 4.0 | Load Gap: 1.0 | Group CV: 0.0239
Epoch [918/2000] | Sampled: 353.50 | Baseline: 382.00 | Improvement: 28.50 | Win Rate: 100.00% | Actor Loss: 0.2854 | Entropy: 1.0258 | Invalid S/B: 0.00/0.00 | Max Load: 4.0 | Load Gap: 1.0 | Group CV: 0.0237
Epoch [919/2000] | Sampled: 361.12 | Baseline: 389.50 | Improvement: 28.38 | Win Rate: 100.00% | Actor Loss: -3.8504 | Entropy: 1.0514 | Invalid S/B: 0.00/0.00 | Max Load: 4.1 | Load Gap: 1.1 | Group CV: 0.0257
Epoch [920/2000] | Sampled: 348.50 | Baseline: 340.00 | Improvement: -8.50 | Win Rate: 37.50% | Actor Loss: -3.8039 | Entropy: 0.9932 | Invalid S/B: 0.00/0.00 | Max Load: 4.2 | Load Gap: 1.2 | Group CV: 0.0222
   -> Validation | Samples: 50 | Makespan: 351.02 | Invalid Jobs: 0.00 | Score: 351.02
Epoch [921/2000] | Sampled: 349.50 | Baseline: 350.00 | Improvement: 0.50 | Win Rate: 37.50% | Actor Loss: 4.1814 | Entropy: 1.0000 | Invalid S/B: 0.00/0.00 | Max Load: 4.2 | Load Gap: 1.2 | Group CV: 0.0199
Epoch [922/2000] | Sampled: 365.88 | Baseline: 321.00 | Improvement: -44.88 | Win Rate: 0.00% | Actor Loss: 0.7551 | Entropy: 1.0201 | Invalid S/B: 0.00/0.00 | Max Load: 4.2 | Load Gap: 1.2 | Group CV: 0.0297
Epoch [923/2000] | Sampled: 347.75 | Baseline: 322.00 | Improvement: -25.75 | Win Rate: 0.00% | Actor Loss: 0.1849 | Entropy: 0.9547 | Invalid S/B: 0.00/0.00 | Max Load: 4.2 | Load Gap: 1.2 | Group CV: 0.0213
Epoch [924/2000] | Sampled: 358.62 | Baseline: 318.00 | Improvement: -40.62 | Win Rate: 0.00% | Actor Loss: -6.2767 | Entropy: 0.9916 | Invalid S/B: 0.00/0.00 | Max Load: 4.1 | Load Gap: 1.1 | Group CV: 0.0345
Epoch [925/2000] | Sampled: 349.75 | Baseline: 347.00 | Improvement: -2.75 | Win Rate: 50.00% | Actor Loss: -2.7418 | Entropy: 1.0008 | Invalid S/B: 0.00/0.50 | Max Load: 4.2 | Load Gap: 1.2 | Group CV: 0.0144
Epoch [926/2000] | Sampled: 336.62 | Baseline: 317.50 | Improvement: -19.12 | Win Rate: 12.50% | Actor Loss: -1.1806 | Entropy: 0.9795 | Invalid S/B: 0.00/0.50 | Max Load: 4.1 | Load Gap: 1.1 | Group CV: 0.0255
Epoch [927/2000] | Sampled: 350.00 | Baseline: 323.00 | Improvement: -27.00 | Win Rate: 0.00% | Actor Loss: -3.2696 | Entropy: 0.9815 | Invalid S/B: 0.00/0.00 | Max Load: 4.1 | Load Gap: 1.1 | Group CV: 0.0240
Epoch [928/2000] | Sampled: 352.62 | Baseline: 350.00 | Improvement: -2.62 | Win Rate: 50.00% | Actor Loss: 2.6102 | Entropy: 0.9685 | Invalid S/B: 0.00/0.00 | Max Load: 4.0 | Load Gap: 1.0 | Group CV: 0.0277
Epoch [929/2000] | Sampled: 349.88 | Baseline: 341.50 | Improvement: -8.38 | Win Rate: 37.50% | Actor Loss: -0.4136 | Entropy: 0.9650 | Invalid S/B: 0.00/0.00 | Max Load: 4.2 | Load Gap: 1.2 | Group CV: 0.0149
Epoch [930/2000] | Sampled: 341.00 | Baseline: 319.00 | Improvement: -22.00 | Win Rate: 0.00% | Actor Loss: 0.8268 | Entropy: 0.9746 | Invalid S/B: 0.00/0.00 | Max Load: 4.0 | Load Gap: 1.0 | Group CV: 0.0233
   -> Validation | Samples: 50 | Makespan: 349.88 | Invalid Jobs: 0.00 | Score: 349.88
Epoch [931/2000] | Sampled: 352.88 | Baseline: 365.50 | Improvement: 12.62 | Win Rate: 87.50% | Actor Loss: -1.7082 | Entropy: 0.9665 | Invalid S/B: 0.00/0.00 | Max Load: 4.0 | Load Gap: 1.0 | Group CV: 0.0318
Epoch [932/2000] | Sampled: 352.00 | Baseline: 317.50 | Improvement: -34.50 | Win Rate: 0.00% | Actor Loss: -7.6658 | Entropy: 0.9596 | Invalid S/B: 0.00/0.00 | Max Load: 4.2 | Load Gap: 1.2 | Group CV: 0.0296
Epoch [933/2000] | Sampled: 358.00 | Baseline: 335.50 | Improvement: -22.50 | Win Rate: 37.50% | Actor Loss: 5.2147 | Entropy: 0.9987 | Invalid S/B: 0.00/0.00 | Max Load: 4.2 | Load Gap: 1.2 | Group CV: 0.0230
Epoch [934/2000] | Sampled: 346.12 | Baseline: 335.00 | Improvement: -11.12 | Win Rate: 37.50% | Actor Loss: -0.3199 | Entropy: 0.9417 | Invalid S/B: 0.00/0.00 | Max Load: 4.2 | Load Gap: 1.2 | Group CV: 0.0175
Epoch [935/2000] | Sampled: 345.50 | Baseline: 336.00 | Improvement: -9.50 | Win Rate: 25.00% | Actor Loss: -7.8333 | Entropy: 0.9504 | Invalid S/B: 0.00/0.00 | Max Load: 4.2 | Load Gap: 1.2 | Group CV: 0.0318
Epoch [936/2000] | Sampled: 342.25 | Baseline: 321.00 | Improvement: -21.25 | Win Rate: 25.00% | Actor Loss: 4.0535 | Entropy: 0.9436 | Invalid S/B: 0.00/0.00 | Max Load: 4.0 | Load Gap: 1.0 | Group CV: 0.0163
Epoch [937/2000] | Sampled: 351.88 | Baseline: 348.50 | Improvement: -3.38 | Win Rate: 50.00% | Actor Loss: -5.4100 | Entropy: 0.9584 | Invalid S/B: 0.00/0.00 | Max Load: 4.2 | Load Gap: 1.2 | Group CV: 0.0107
Epoch [938/2000] | Sampled: 357.62 | Baseline: 383.00 | Improvement: 25.38 | Win Rate: 50.00% | Actor Loss: 3.7874 | Entropy: 0.9169 | Invalid S/B: 0.00/0.00 | Max Load: 4.0 | Load Gap: 1.0 | Group CV: 0.0196
Epoch [939/2000] | Sampled: 343.38 | Baseline: 324.00 | Improvement: -19.38 | Win Rate: 50.00% | Actor Loss: 3.1924 | Entropy: 0.9347 | Invalid S/B: 0.00/0.00 | Max Load: 4.1 | Load Gap: 1.1 | Group CV: 0.0094
Epoch [940/2000] | Sampled: 354.38 | Baseline: 340.00 | Improvement: -14.38 | Win Rate: 37.50% | Actor Loss: 0.8405 | Entropy: 0.9308 | Invalid S/B: 0.00/0.00 | Max Load: 4.1 | Load Gap: 1.1 | Group CV: 0.0124
   -> Validation | Samples: 50 | Makespan: 350.40 | Invalid Jobs: 0.00 | Score: 350.40
Epoch [941/2000] | Sampled: 342.25 | Baseline: 319.50 | Improvement: -22.75 | Win Rate: 0.00% | Actor Loss: -1.0692 | Entropy: 0.9293 | Invalid S/B: 0.00/0.00 | Max Load: 4.0 | Load Gap: 1.0 | Group CV: 0.0258
Epoch [942/2000] | Sampled: 349.00 | Baseline: 357.00 | Improvement: 8.00 | Win Rate: 62.50% | Actor Loss: -3.6294 | Entropy: 0.9428 | Invalid S/B: 0.00/0.00 | Max Load: 4.5 | Load Gap: 1.5 | Group CV: 0.0180
Epoch [943/2000] | Sampled: 368.50 | Baseline: 328.50 | Improvement: -40.00 | Win Rate: 0.00% | Actor Loss: -11.0281 | Entropy: 0.9273 | Invalid S/B: 0.00/0.00 | Max Load: 4.4 | Load Gap: 1.4 | Group CV: 0.0349
Epoch [944/2000] | Sampled: 352.88 | Baseline: 343.00 | Improvement: -9.88 | Win Rate: 25.00% | Actor Loss: -1.0665 | Entropy: 0.9369 | Invalid S/B: 0.00/0.00 | Max Load: 4.1 | Load Gap: 1.1 | Group CV: 0.0215
Epoch [945/2000] | Sampled: 343.38 | Baseline: 315.50 | Improvement: -27.88 | Win Rate: 0.00% | Actor Loss: -3.3889 | Entropy: 0.9167 | Invalid S/B: 0.00/0.00 | Max Load: 4.0 | Load Gap: 1.0 | Group CV: 0.0235
Epoch [946/2000] | Sampled: 357.38 | Baseline: 361.50 | Improvement: 4.12 | Win Rate: 50.00% | Actor Loss: 0.2911 | Entropy: 0.9223 | Invalid S/B: 0.00/0.00 | Max Load: 4.1 | Load Gap: 1.1 | Group CV: 0.0184
Epoch [947/2000] | Sampled: 368.25 | Baseline: 370.00 | Improvement: 1.75 | Win Rate: 62.50% | Actor Loss: 2.7225 | Entropy: 0.9556 | Invalid S/B: 0.00/0.00 | Max Load: 4.4 | Load Gap: 1.4 | Group CV: 0.0127
Epoch [948/2000] | Sampled: 355.88 | Baseline: 317.50 | Improvement: -38.38 | Win Rate: 0.00% | Actor Loss: -1.0518 | Entropy: 0.9290 | Invalid S/B: 0.00/0.00 | Max Load: 4.1 | Load Gap: 1.1 | Group CV: 0.0239
Epoch [949/2000] | Sampled: 363.00 | Baseline: 328.50 | Improvement: -34.50 | Win Rate: 12.50% | Actor Loss: 2.3183 | Entropy: 0.9166 | Invalid S/B: 0.00/0.00 | Max Load: 4.1 | Load Gap: 1.1 | Group CV: 0.0249
Epoch [950/2000] | Sampled: 351.00 | Baseline: 335.50 | Improvement: -15.50 | Win Rate: 37.50% | Actor Loss: -4.0719 | Entropy: 0.9158 | Invalid S/B: 0.00/0.00 | Max Load: 4.2 | Load Gap: 1.2 | Group CV: 0.0228
   -> Validation | Samples: 50 | Makespan: 354.04 | Invalid Jobs: 0.00 | Score: 354.04
Epoch [951/2000] | Sampled: 352.88 | Baseline: 380.00 | Improvement: 27.12 | Win Rate: 100.00% | Actor Loss: -5.4336 | Entropy: 0.9080 | Invalid S/B: 0.00/0.00 | Max Load: 4.4 | Load Gap: 1.4 | Group CV: 0.0223
Epoch [952/2000] | Sampled: 367.12 | Baseline: 347.50 | Improvement: -19.62 | Win Rate: 0.00% | Actor Loss: 2.1981 | Entropy: 0.9172 | Invalid S/B: 0.12/0.00 | Max Load: 4.0 | Load Gap: 1.0 | Group CV: 0.0463
Epoch [953/2000] | Sampled: 342.12 | Baseline: 321.50 | Improvement: -20.62 | Win Rate: 0.00% | Actor Loss: 7.8703 | Entropy: 0.9051 | Invalid S/B: 0.00/0.00 | Max Load: 4.2 | Load Gap: 1.2 | Group CV: 0.0159
Epoch [954/2000] | Sampled: 352.50 | Baseline: 342.50 | Improvement: -10.00 | Win Rate: 37.50% | Actor Loss: 2.4738 | Entropy: 0.9376 | Invalid S/B: 0.00/0.00 | Max Load: 4.4 | Load Gap: 1.4 | Group CV: 0.0320
Epoch [955/2000] | Sampled: 342.62 | Baseline: 318.00 | Improvement: -24.62 | Win Rate: 12.50% | Actor Loss: 2.6812 | Entropy: 0.9003 | Invalid S/B: 0.00/0.00 | Max Load: 4.2 | Load Gap: 1.2 | Group CV: 0.0302
Epoch [956/2000] | Sampled: 352.25 | Baseline: 368.50 | Improvement: 16.25 | Win Rate: 87.50% | Actor Loss: 2.6131 | Entropy: 0.9007 | Invalid S/B: 0.12/0.00 | Max Load: 4.0 | Load Gap: 1.0 | Group CV: 0.0481
Epoch [957/2000] | Sampled: 354.75 | Baseline: 330.00 | Improvement: -24.75 | Win Rate: 0.00% | Actor Loss: 1.7476 | Entropy: 0.9132 | Invalid S/B: 0.00/0.00 | Max Load: 4.1 | Load Gap: 1.1 | Group CV: 0.0153
Epoch [958/2000] | Sampled: 336.50 | Baseline: 308.50 | Improvement: -28.00 | Win Rate: 0.00% | Actor Loss: -5.8778 | Entropy: 0.9139 | Invalid S/B: 0.00/0.00 | Max Load: 4.1 | Load Gap: 1.1 | Group CV: 0.0118
Epoch [959/2000] | Sampled: 347.38 | Baseline: 322.50 | Improvement: -24.88 | Win Rate: 0.00% | Actor Loss: 1.0035 | Entropy: 0.9434 | Invalid S/B: 0.00/0.00 | Max Load: 4.0 | Load Gap: 1.0 | Group CV: 0.0287
Epoch [960/2000] | Sampled: 343.25 | Baseline: 323.50 | Improvement: -19.75 | Win Rate: 50.00% | Actor Loss: 0.7675 | Entropy: 0.9232 | Invalid S/B: 0.00/0.00 | Max Load: 4.1 | Load Gap: 1.1 | Group CV: 0.0350
   -> Validation | Samples: 50 | Makespan: 350.84 | Invalid Jobs: 0.00 | Score: 350.84
Epoch [961/2000] | Sampled: 358.62 | Baseline: 351.00 | Improvement: -7.62 | Win Rate: 50.00% | Actor Loss: -3.7571 | Entropy: 0.9436 | Invalid S/B: 0.00/0.00 | Max Load: 4.1 | Load Gap: 1.1 | Group CV: 0.0123
Epoch [962/2000] | Sampled: 350.50 | Baseline: 315.00 | Improvement: -35.50 | Win Rate: 0.00% | Actor Loss: -2.8146 | Entropy: 0.9587 | Invalid S/B: 0.00/0.00 | Max Load: 4.1 | Load Gap: 1.1 | Group CV: 0.0117
Epoch [963/2000] | Sampled: 358.38 | Baseline: 322.00 | Improvement: -36.38 | Win Rate: 0.00% | Actor Loss: -3.9503 | Entropy: 0.9034 | Invalid S/B: 0.00/0.00 | Max Load: 4.0 | Load Gap: 1.0 | Group CV: 0.0193
Epoch [964/2000] | Sampled: 347.88 | Baseline: 322.50 | Improvement: -25.38 | Win Rate: 25.00% | Actor Loss: -2.4563 | Entropy: 0.9531 | Invalid S/B: 0.00/0.00 | Max Load: 4.2 | Load Gap: 1.2 | Group CV: 0.0218
Epoch [965/2000] | Sampled: 351.50 | Baseline: 324.00 | Improvement: -27.50 | Win Rate: 0.00% | Actor Loss: 2.9432 | Entropy: 0.9534 | Invalid S/B: 0.00/0.00 | Max Load: 4.1 | Load Gap: 1.1 | Group CV: 0.0254
Epoch [966/2000] | Sampled: 355.75 | Baseline: 333.50 | Improvement: -22.25 | Win Rate: 25.00% | Actor Loss: -2.5372 | Entropy: 0.9504 | Invalid S/B: 0.00/0.00 | Max Load: 4.0 | Load Gap: 1.0 | Group CV: 0.0173
Epoch [967/2000] | Sampled: 356.38 | Baseline: 324.00 | Improvement: -32.38 | Win Rate: 0.00% | Actor Loss: -0.7001 | Entropy: 0.9716 | Invalid S/B: 0.00/0.00 | Max Load: 4.1 | Load Gap: 1.1 | Group CV: 0.0141
Epoch [968/2000] | Sampled: 347.25 | Baseline: 325.50 | Improvement: -21.75 | Win Rate: 0.00% | Actor Loss: 2.0258 | Entropy: 0.9579 | Invalid S/B: 0.00/0.00 | Max Load: 4.1 | Load Gap: 1.1 | Group CV: 0.0108
Epoch [969/2000] | Sampled: 351.75 | Baseline: 334.00 | Improvement: -17.75 | Win Rate: 37.50% | Actor Loss: 4.2299 | Entropy: 0.9663 | Invalid S/B: 0.00/0.00 | Max Load: 4.0 | Load Gap: 1.0 | Group CV: 0.0211
Epoch [970/2000] | Sampled: 353.25 | Baseline: 322.50 | Improvement: -30.75 | Win Rate: 0.00% | Actor Loss: -2.1879 | Entropy: 0.9536 | Invalid S/B: 0.00/0.00 | Max Load: 4.2 | Load Gap: 1.2 | Group CV: 0.0357
   -> Validation | Samples: 50 | Makespan: 348.18 | Invalid Jobs: 0.02 | Score: 350.18
Epoch [971/2000] | Sampled: 360.88 | Baseline: 330.50 | Improvement: -30.38 | Win Rate: 0.00% | Actor Loss: -2.1013 | Entropy: 0.9544 | Invalid S/B: 0.12/0.00 | Max Load: 4.1 | Load Gap: 1.1 | Group CV: 0.0408
Epoch [972/2000] | Sampled: 351.12 | Baseline: 354.50 | Improvement: 3.38 | Win Rate: 62.50% | Actor Loss: 0.7923 | Entropy: 0.9496 | Invalid S/B: 0.00/0.00 | Max Load: 4.1 | Load Gap: 1.1 | Group CV: 0.0288
Epoch [973/2000] | Sampled: 342.75 | Baseline: 335.50 | Improvement: -7.25 | Win Rate: 12.50% | Actor Loss: 1.1042 | Entropy: 0.9698 | Invalid S/B: 0.00/0.00 | Max Load: 4.1 | Load Gap: 1.1 | Group CV: 0.0172
Epoch [974/2000] | Sampled: 346.62 | Baseline: 301.00 | Improvement: -45.62 | Win Rate: 0.00% | Actor Loss: 2.3513 | Entropy: 0.9640 | Invalid S/B: 0.00/0.00 | Max Load: 4.0 | Load Gap: 1.0 | Group CV: 0.0088
Epoch [975/2000] | Sampled: 349.25 | Baseline: 326.00 | Improvement: -23.25 | Win Rate: 12.50% | Actor Loss: -1.1973 | Entropy: 0.9510 | Invalid S/B: 0.00/0.00 | Max Load: 4.2 | Load Gap: 1.2 | Group CV: 0.0354
Epoch [976/2000] | Sampled: 357.62 | Baseline: 336.50 | Improvement: -21.12 | Win Rate: 50.00% | Actor Loss: -3.5500 | Entropy: 0.9503 | Invalid S/B: 0.00/0.00 | Max Load: 4.0 | Load Gap: 1.0 | Group CV: 0.0190
Epoch [977/2000] | Sampled: 342.38 | Baseline: 317.00 | Improvement: -25.38 | Win Rate: 0.00% | Actor Loss: 1.6056 | Entropy: 0.9719 | Invalid S/B: 0.00/0.00 | Max Load: 4.1 | Load Gap: 1.1 | Group CV: 0.0227
Epoch [978/2000] | Sampled: 346.50 | Baseline: 342.00 | Improvement: -4.50 | Win Rate: 25.00% | Actor Loss: 0.6193 | Entropy: 0.9373 | Invalid S/B: 0.00/0.00 | Max Load: 4.1 | Load Gap: 1.1 | Group CV: 0.0263
Epoch [979/2000] | Sampled: 340.50 | Baseline: 294.00 | Improvement: -46.50 | Win Rate: 0.00% | Actor Loss: 6.0520 | Entropy: 0.9496 | Invalid S/B: 0.00/0.00 | Max Load: 4.4 | Load Gap: 1.4 | Group CV: 0.0149
Epoch [980/2000] | Sampled: 363.62 | Baseline: 343.00 | Improvement: -20.62 | Win Rate: 50.00% | Actor Loss: -0.6427 | Entropy: 0.9723 | Invalid S/B: 0.00/0.00 | Max Load: 4.0 | Load Gap: 1.0 | Group CV: 0.0398
   -> Validation | Samples: 50 | Makespan: 351.14 | Invalid Jobs: 0.00 | Score: 351.14
Epoch [981/2000] | Sampled: 361.12 | Baseline: 347.50 | Improvement: -13.62 | Win Rate: 25.00% | Actor Loss: 2.4010 | Entropy: 0.9899 | Invalid S/B: 0.00/0.00 | Max Load: 4.2 | Load Gap: 1.2 | Group CV: 0.0196
Epoch [982/2000] | Sampled: 350.75 | Baseline: 333.00 | Improvement: -17.75 | Win Rate: 0.00% | Actor Loss: 1.4470 | Entropy: 0.9707 | Invalid S/B: 0.00/0.00 | Max Load: 4.1 | Load Gap: 1.1 | Group CV: 0.0166
Epoch [983/2000] | Sampled: 366.38 | Baseline: 396.50 | Improvement: 30.12 | Win Rate: 50.00% | Actor Loss: -4.6810 | Entropy: 0.9975 | Invalid S/B: 0.00/0.50 | Max Load: 4.1 | Load Gap: 1.1 | Group CV: 0.0176
Epoch [984/2000] | Sampled: 367.00 | Baseline: 336.00 | Improvement: -31.00 | Win Rate: 25.00% | Actor Loss: -7.7344 | Entropy: 1.0100 | Invalid S/B: 0.12/0.00 | Max Load: 4.1 | Load Gap: 1.1 | Group CV: 0.0332
Epoch [985/2000] | Sampled: 338.50 | Baseline: 318.50 | Improvement: -20.00 | Win Rate: 0.00% | Actor Loss: -1.2100 | Entropy: 0.9776 | Invalid S/B: 0.00/0.00 | Max Load: 4.0 | Load Gap: 1.0 | Group CV: 0.0345
Epoch [986/2000] | Sampled: 346.88 | Baseline: 333.50 | Improvement: -13.38 | Win Rate: 25.00% | Actor Loss: -1.5840 | Entropy: 1.0075 | Invalid S/B: 0.00/0.00 | Max Load: 4.0 | Load Gap: 1.0 | Group CV: 0.0262
Epoch [987/2000] | Sampled: 349.62 | Baseline: 292.00 | Improvement: -57.62 | Win Rate: 0.00% | Actor Loss: -1.6825 | Entropy: 0.9945 | Invalid S/B: 0.00/0.00 | Max Load: 4.0 | Load Gap: 1.0 | Group CV: 0.0238
Epoch [988/2000] | Sampled: 353.12 | Baseline: 370.50 | Improvement: 17.38 | Win Rate: 75.00% | Actor Loss: -1.5866 | Entropy: 1.0048 | Invalid S/B: 0.00/0.00 | Max Load: 4.2 | Load Gap: 1.2 | Group CV: 0.0237
Epoch [989/2000] | Sampled: 348.38 | Baseline: 316.50 | Improvement: -31.88 | Win Rate: 0.00% | Actor Loss: 0.9796 | Entropy: 0.9941 | Invalid S/B: 0.00/0.00 | Max Load: 4.4 | Load Gap: 1.4 | Group CV: 0.0282
Epoch [990/2000] | Sampled: 341.38 | Baseline: 337.00 | Improvement: -4.38 | Win Rate: 50.00% | Actor Loss: -3.1980 | Entropy: 0.9987 | Invalid S/B: 0.00/0.00 | Max Load: 4.1 | Load Gap: 1.1 | Group CV: 0.0238
   -> Validation | Samples: 50 | Makespan: 349.04 | Invalid Jobs: 0.00 | Score: 349.04
Epoch [991/2000] | Sampled: 341.62 | Baseline: 323.50 | Improvement: -18.12 | Win Rate: 50.00% | Actor Loss: 1.1643 | Entropy: 0.9836 | Invalid S/B: 0.00/0.00 | Max Load: 4.2 | Load Gap: 1.2 | Group CV: 0.0152
Epoch [992/2000] | Sampled: 336.50 | Baseline: 320.00 | Improvement: -16.50 | Win Rate: 0.00% | Actor Loss: 0.9468 | Entropy: 0.9695 | Invalid S/B: 0.00/0.00 | Max Load: 4.0 | Load Gap: 1.0 | Group CV: 0.0291
Epoch [993/2000] | Sampled: 351.88 | Baseline: 330.50 | Improvement: -21.38 | Win Rate: 0.00% | Actor Loss: 5.9449 | Entropy: 1.0285 | Invalid S/B: 0.00/0.00 | Max Load: 4.1 | Load Gap: 1.1 | Group CV: 0.0246
Epoch [994/2000] | Sampled: 350.12 | Baseline: 332.50 | Improvement: -17.62 | Win Rate: 25.00% | Actor Loss: 0.9162 | Entropy: 0.9815 | Invalid S/B: 0.00/0.00 | Max Load: 4.4 | Load Gap: 1.4 | Group CV: 0.0249
Epoch [995/2000] | Sampled: 354.38 | Baseline: 359.50 | Improvement: 5.12 | Win Rate: 50.00% | Actor Loss: 4.0257 | Entropy: 0.9785 | Invalid S/B: 0.00/0.00 | Max Load: 4.2 | Load Gap: 1.2 | Group CV: 0.0179
Epoch [996/2000] | Sampled: 347.62 | Baseline: 347.00 | Improvement: -0.62 | Win Rate: 62.50% | Actor Loss: -3.0008 | Entropy: 0.9895 | Invalid S/B: 0.12/0.00 | Max Load: 4.2 | Load Gap: 1.2 | Group CV: 0.0529
Epoch [997/2000] | Sampled: 348.12 | Baseline: 348.50 | Improvement: 0.38 | Win Rate: 62.50% | Actor Loss: -1.3020 | Entropy: 0.9932 | Invalid S/B: 0.00/0.00 | Max Load: 4.4 | Load Gap: 1.4 | Group CV: 0.0230
Epoch [998/2000] | Sampled: 348.25 | Baseline: 333.00 | Improvement: -15.25 | Win Rate: 12.50% | Actor Loss: -5.7467 | Entropy: 1.0042 | Invalid S/B: 0.00/0.00 | Max Load: 4.0 | Load Gap: 1.0 | Group CV: 0.0194
Epoch [999/2000] | Sampled: 352.50 | Baseline: 344.00 | Improvement: -8.50 | Win Rate: 37.50% | Actor Loss: 1.3032 | Entropy: 0.9943 | Invalid S/B: 0.00/0.00 | Max Load: 4.0 | Load Gap: 1.0 | Group CV: 0.0228
Epoch [1000/2000] | Sampled: 350.88 | Baseline: 324.50 | Improvement: -26.38 | Win Rate: 37.50% | Actor Loss: 0.3162 | Entropy: 0.9870 | Invalid S/B: 0.00/0.00 | Max Load: 4.2 | Load Gap: 1.2 | Group CV: 0.0225
   -> Validation | Samples: 50 | Makespan: 348.40 | Invalid Jobs: 0.02 | Score: 350.40
   -> Saved updated training chart to /home/wei/Desktop/AMR-DFJSP/Static_alogorithm/GNN/gnn_training_metrics.png
Epoch [1001/2000] | Sampled: 353.75 | Baseline: 344.00 | Improvement: -9.75 | Win Rate: 37.50% | Actor Loss: -2.0052 | Entropy: 0.9866 | Invalid S/B: 0.00/0.00 | Max Load: 4.1 | Load Gap: 1.1 | Group CV: 0.0290
Epoch [1002/2000] | Sampled: 346.88 | Baseline: 331.00 | Improvement: -15.88 | Win Rate: 25.00% | Actor Loss: -4.8541 | Entropy: 0.9561 | Invalid S/B: 0.00/0.00 | Max Load: 4.4 | Load Gap: 1.4 | Group CV: 0.0285
Epoch [1003/2000] | Sampled: 339.88 | Baseline: 306.00 | Improvement: -33.88 | Win Rate: 0.00% | Actor Loss: -3.1833 | Entropy: 1.0018 | Invalid S/B: 0.00/0.00 | Max Load: 4.1 | Load Gap: 1.1 | Group CV: 0.0212
Epoch [1004/2000] | Sampled: 344.38 | Baseline: 301.00 | Improvement: -43.38 | Win Rate: 0.00% | Actor Loss: -0.3948 | Entropy: 0.9749 | Invalid S/B: 0.00/0.00 | Max Load: 4.1 | Load Gap: 1.1 | Group CV: 0.0207
Epoch [1005/2000] | Sampled: 347.62 | Baseline: 333.00 | Improvement: -14.62 | Win Rate: 25.00% | Actor Loss: -4.7493 | Entropy: 0.9925 | Invalid S/B: 0.00/0.00 | Max Load: 4.2 | Load Gap: 1.2 | Group CV: 0.0321
Epoch [1006/2000] | Sampled: 354.62 | Baseline: 334.50 | Improvement: -20.12 | Win Rate: 12.50% | Actor Loss: -1.6890 | Entropy: 0.9921 | Invalid S/B: 0.00/0.00 | Max Load: 4.0 | Load Gap: 1.0 | Group CV: 0.0280
Epoch [1007/2000] | Sampled: 345.62 | Baseline: 328.00 | Improvement: -17.62 | Win Rate: 12.50% | Actor Loss: 5.9860 | Entropy: 0.9846 | Invalid S/B: 0.00/0.00 | Max Load: 4.1 | Load Gap: 1.1 | Group CV: 0.0129
Epoch [1008/2000] | Sampled: 344.50 | Baseline: 329.00 | Improvement: -15.50 | Win Rate: 25.00% | Actor Loss: -0.6429 | Entropy: 0.9816 | Invalid S/B: 0.00/0.00 | Max Load: 4.1 | Load Gap: 1.1 | Group CV: 0.0212
Epoch [1009/2000] | Sampled: 351.62 | Baseline: 309.00 | Improvement: -42.62 | Win Rate: 0.00% | Actor Loss: 1.0057 | Entropy: 0.9688 | Invalid S/B: 0.00/0.00 | Max Load: 4.5 | Load Gap: 1.5 | Group CV: 0.0165
Epoch [1010/2000] | Sampled: 350.75 | Baseline: 355.00 | Improvement: 4.25 | Win Rate: 50.00% | Actor Loss: -5.3406 | Entropy: 0.9718 | Invalid S/B: 0.00/0.00 | Max Load: 4.1 | Load Gap: 1.1 | Group CV: 0.0159
   -> Validation | Samples: 50 | Makespan: 348.86 | Invalid Jobs: 0.02 | Score: 350.86
Epoch [1011/2000] | Sampled: 362.62 | Baseline: 352.50 | Improvement: -10.12 | Win Rate: 12.50% | Actor Loss: 1.3788 | Entropy: 0.9836 | Invalid S/B: 0.00/0.00 | Max Load: 4.4 | Load Gap: 1.4 | Group CV: 0.0257
Epoch [1012/2000] | Sampled: 356.88 | Baseline: 354.00 | Improvement: -2.88 | Win Rate: 37.50% | Actor Loss: 0.5931 | Entropy: 0.9821 | Invalid S/B: 0.12/0.00 | Max Load: 4.2 | Load Gap: 1.2 | Group CV: 0.0480
Epoch [1013/2000] | Sampled: 351.38 | Baseline: 327.00 | Improvement: -24.38 | Win Rate: 0.00% | Actor Loss: 0.1465 | Entropy: 1.0119 | Invalid S/B: 0.00/0.00 | Max Load: 4.1 | Load Gap: 1.1 | Group CV: 0.0247
Epoch [1014/2000] | Sampled: 356.88 | Baseline: 309.50 | Improvement: -47.38 | Win Rate: 0.00% | Actor Loss: 6.5773 | Entropy: 0.9579 | Invalid S/B: 0.00/0.00 | Max Load: 4.0 | Load Gap: 1.0 | Group CV: 0.0151
Epoch [1015/2000] | Sampled: 350.50 | Baseline: 328.50 | Improvement: -22.00 | Win Rate: 0.00% | Actor Loss: -3.3768 | Entropy: 1.0320 | Invalid S/B: 0.00/0.00 | Max Load: 4.0 | Load Gap: 1.0 | Group CV: 0.0192
Epoch [1016/2000] | Sampled: 354.88 | Baseline: 348.00 | Improvement: -6.88 | Win Rate: 37.50% | Actor Loss: 1.7290 | Entropy: 0.9787 | Invalid S/B: 0.00/0.00 | Max Load: 4.1 | Load Gap: 1.1 | Group CV: 0.0335
Epoch [1017/2000] | Sampled: 341.38 | Baseline: 295.00 | Improvement: -46.38 | Win Rate: 0.00% | Actor Loss: 4.4282 | Entropy: 0.9869 | Invalid S/B: 0.00/0.00 | Max Load: 4.0 | Load Gap: 1.0 | Group CV: 0.0186
Epoch [1018/2000] | Sampled: 361.38 | Baseline: 335.00 | Improvement: -26.38 | Win Rate: 0.00% | Actor Loss: -7.2253 | Entropy: 0.9828 | Invalid S/B: 0.00/0.00 | Max Load: 4.2 | Load Gap: 1.2 | Group CV: 0.0299
Epoch [1019/2000] | Sampled: 361.75 | Baseline: 344.50 | Improvement: -17.25 | Win Rate: 25.00% | Actor Loss: 0.2071 | Entropy: 0.9617 | Invalid S/B: 0.00/0.00 | Max Load: 4.4 | Load Gap: 1.4 | Group CV: 0.0211
Epoch [1020/2000] | Sampled: 354.25 | Baseline: 359.00 | Improvement: 4.75 | Win Rate: 50.00% | Actor Loss: -0.3318 | Entropy: 0.9917 | Invalid S/B: 0.00/0.00 | Max Load: 4.1 | Load Gap: 1.1 | Group CV: 0.0142
   -> Validation | Samples: 50 | Makespan: 353.56 | Invalid Jobs: 0.04 | Score: 357.56
Epoch [1021/2000] | Sampled: 352.88 | Baseline: 327.50 | Improvement: -25.38 | Win Rate: 12.50% | Actor Loss: -5.9720 | Entropy: 1.0169 | Invalid S/B: 0.12/0.00 | Max Load: 4.2 | Load Gap: 1.2 | Group CV: 0.0267
Epoch [1022/2000] | Sampled: 367.75 | Baseline: 349.50 | Improvement: -18.25 | Win Rate: 12.50% | Actor Loss: -1.2227 | Entropy: 0.9564 | Invalid S/B: 0.00/0.00 | Max Load: 4.0 | Load Gap: 1.0 | Group CV: 0.0305
Epoch [1023/2000] | Sampled: 344.62 | Baseline: 316.00 | Improvement: -28.62 | Win Rate: 37.50% | Actor Loss: 0.0654 | Entropy: 0.9808 | Invalid S/B: 0.00/0.00 | Max Load: 4.5 | Load Gap: 1.5 | Group CV: 0.0178
Epoch [1024/2000] | Sampled: 351.00 | Baseline: 368.50 | Improvement: 17.50 | Win Rate: 50.00% | Actor Loss: -0.7084 | Entropy: 0.9821 | Invalid S/B: 0.00/0.00 | Max Load: 4.2 | Load Gap: 1.2 | Group CV: 0.0314
Epoch [1025/2000] | Sampled: 351.12 | Baseline: 342.00 | Improvement: -9.12 | Win Rate: 37.50% | Actor Loss: 2.7292 | Entropy: 0.9919 | Invalid S/B: 0.00/0.00 | Max Load: 4.1 | Load Gap: 1.1 | Group CV: 0.0278
Epoch [1026/2000] | Sampled: 358.62 | Baseline: 357.50 | Improvement: -1.12 | Win Rate: 50.00% | Actor Loss: 5.0204 | Entropy: 0.9896 | Invalid S/B: 0.12/0.00 | Max Load: 4.4 | Load Gap: 1.4 | Group CV: 0.0407
Epoch [1027/2000] | Sampled: 348.75 | Baseline: 344.50 | Improvement: -4.25 | Win Rate: 50.00% | Actor Loss: 0.7165 | Entropy: 0.9499 | Invalid S/B: 0.00/0.00 | Max Load: 4.1 | Load Gap: 1.1 | Group CV: 0.0208
Epoch [1028/2000] | Sampled: 355.50 | Baseline: 344.00 | Improvement: -11.50 | Win Rate: 25.00% | Actor Loss: -2.8808 | Entropy: 0.9808 | Invalid S/B: 0.00/0.00 | Max Load: 4.4 | Load Gap: 1.4 | Group CV: 0.0339
Epoch [1029/2000] | Sampled: 352.25 | Baseline: 312.50 | Improvement: -39.75 | Win Rate: 12.50% | Actor Loss: -0.3315 | Entropy: 0.9853 | Invalid S/B: 0.00/0.00 | Max Load: 4.0 | Load Gap: 1.0 | Group CV: 0.0349
Epoch [1030/2000] | Sampled: 361.88 | Baseline: 352.50 | Improvement: -9.38 | Win Rate: 50.00% | Actor Loss: 2.8077 | Entropy: 0.9786 | Invalid S/B: 0.12/0.00 | Max Load: 4.1 | Load Gap: 1.1 | Group CV: 0.0505
   -> Validation | Samples: 50 | Makespan: 350.66 | Invalid Jobs: 0.02 | Score: 352.66
Epoch [1031/2000] | Sampled: 343.50 | Baseline: 332.00 | Improvement: -11.50 | Win Rate: 50.00% | Actor Loss: 4.7329 | Entropy: 0.9862 | Invalid S/B: 0.00/0.00 | Max Load: 4.1 | Load Gap: 1.1 | Group CV: 0.0256
Epoch [1032/2000] | Sampled: 346.62 | Baseline: 330.50 | Improvement: -16.12 | Win Rate: 37.50% | Actor Loss: 0.7238 | Entropy: 1.0111 | Invalid S/B: 0.12/0.00 | Max Load: 4.2 | Load Gap: 1.2 | Group CV: 0.0452
Epoch [1033/2000] | Sampled: 368.12 | Baseline: 338.00 | Improvement: -30.12 | Win Rate: 0.00% | Actor Loss: 3.3327 | Entropy: 0.9606 | Invalid S/B: 0.00/0.00 | Max Load: 4.2 | Load Gap: 1.2 | Group CV: 0.0262
Epoch [1034/2000] | Sampled: 355.62 | Baseline: 332.50 | Improvement: -23.12 | Win Rate: 0.00% | Actor Loss: 0.0895 | Entropy: 0.9851 | Invalid S/B: 0.00/0.00 | Max Load: 4.1 | Load Gap: 1.1 | Group CV: 0.0144
Epoch [1035/2000] | Sampled: 350.38 | Baseline: 343.00 | Improvement: -7.38 | Win Rate: 12.50% | Actor Loss: 2.0727 | Entropy: 0.9837 | Invalid S/B: 0.00/0.00 | Max Load: 4.2 | Load Gap: 1.2 | Group CV: 0.0258
Epoch [1036/2000] | Sampled: 348.00 | Baseline: 329.00 | Improvement: -19.00 | Win Rate: 0.00% | Actor Loss: 0.6511 | Entropy: 0.9930 | Invalid S/B: 0.00/0.00 | Max Load: 4.0 | Load Gap: 1.0 | Group CV: 0.0157
Epoch [1037/2000] | Sampled: 351.88 | Baseline: 357.00 | Improvement: 5.12 | Win Rate: 62.50% | Actor Loss: 1.3858 | Entropy: 1.0118 | Invalid S/B: 0.00/0.00 | Max Load: 4.2 | Load Gap: 1.2 | Group CV: 0.0236
Epoch [1038/2000] | Sampled: 356.88 | Baseline: 358.50 | Improvement: 1.62 | Win Rate: 50.00% | Actor Loss: 2.8857 | Entropy: 0.9943 | Invalid S/B: 0.00/0.00 | Max Load: 4.5 | Load Gap: 1.5 | Group CV: 0.0260
Epoch [1039/2000] | Sampled: 358.00 | Baseline: 347.50 | Improvement: -10.50 | Win Rate: 50.00% | Actor Loss: -1.8728 | Entropy: 1.0211 | Invalid S/B: 0.00/0.00 | Max Load: 4.1 | Load Gap: 1.1 | Group CV: 0.0216
Epoch [1040/2000] | Sampled: 351.50 | Baseline: 350.00 | Improvement: -1.50 | Win Rate: 50.00% | Actor Loss: 2.8510 | Entropy: 1.0045 | Invalid S/B: 0.00/0.00 | Max Load: 4.2 | Load Gap: 1.2 | Group CV: 0.0307
   -> Validation | Samples: 50 | Makespan: 350.38 | Invalid Jobs: 0.02 | Score: 352.38
Epoch [1041/2000] | Sampled: 359.50 | Baseline: 375.50 | Improvement: 16.00 | Win Rate: 62.50% | Actor Loss: -3.9603 | Entropy: 1.0390 | Invalid S/B: 0.00/0.00 | Max Load: 4.4 | Load Gap: 1.4 | Group CV: 0.0255
Epoch [1042/2000] | Sampled: 348.00 | Baseline: 337.00 | Improvement: -11.00 | Win Rate: 12.50% | Actor Loss: 4.0390 | Entropy: 1.0211 | Invalid S/B: 0.00/0.00 | Max Load: 4.1 | Load Gap: 1.1 | Group CV: 0.0163
Epoch [1043/2000] | Sampled: 351.00 | Baseline: 317.00 | Improvement: -34.00 | Win Rate: 0.00% | Actor Loss: -2.1114 | Entropy: 1.0160 | Invalid S/B: 0.00/0.00 | Max Load: 4.5 | Load Gap: 1.5 | Group CV: 0.0305
Epoch [1044/2000] | Sampled: 358.50 | Baseline: 341.00 | Improvement: -17.50 | Win Rate: 25.00% | Actor Loss: -5.9375 | Entropy: 1.0410 | Invalid S/B: 0.00/0.00 | Max Load: 4.1 | Load Gap: 1.1 | Group CV: 0.0261
Epoch [1045/2000] | Sampled: 364.38 | Baseline: 345.50 | Improvement: -18.88 | Win Rate: 12.50% | Actor Loss: -0.1730 | Entropy: 1.0310 | Invalid S/B: 0.00/0.00 | Max Load: 4.0 | Load Gap: 1.0 | Group CV: 0.0194
Epoch [1046/2000] | Sampled: 348.75 | Baseline: 327.00 | Improvement: -21.75 | Win Rate: 25.00% | Actor Loss: 2.0153 | Entropy: 0.9683 | Invalid S/B: 0.00/0.00 | Max Load: 4.0 | Load Gap: 1.0 | Group CV: 0.0149
Epoch [1047/2000] | Sampled: 354.12 | Baseline: 323.00 | Improvement: -31.12 | Win Rate: 0.00% | Actor Loss: 4.3990 | Entropy: 0.9853 | Invalid S/B: 0.00/0.00 | Max Load: 4.0 | Load Gap: 1.0 | Group CV: 0.0187
Epoch [1048/2000] | Sampled: 349.50 | Baseline: 325.50 | Improvement: -24.00 | Win Rate: 0.00% | Actor Loss: -3.8058 | Entropy: 1.0258 | Invalid S/B: 0.00/0.00 | Max Load: 4.0 | Load Gap: 1.0 | Group CV: 0.0162
Epoch [1049/2000] | Sampled: 355.50 | Baseline: 353.00 | Improvement: -2.50 | Win Rate: 50.00% | Actor Loss: 0.6875 | Entropy: 0.9969 | Invalid S/B: 0.00/0.00 | Max Load: 4.5 | Load Gap: 1.5 | Group CV: 0.0338
Epoch [1050/2000] | Sampled: 352.25 | Baseline: 327.00 | Improvement: -25.25 | Win Rate: 12.50% | Actor Loss: -4.0140 | Entropy: 1.0218 | Invalid S/B: 0.00/0.00 | Max Load: 4.1 | Load Gap: 1.1 | Group CV: 0.0172
   -> Validation | Samples: 50 | Makespan: 349.70 | Invalid Jobs: 0.04 | Score: 353.70
Epoch [1051/2000] | Sampled: 340.62 | Baseline: 316.50 | Improvement: -24.12 | Win Rate: 25.00% | Actor Loss: 0.8217 | Entropy: 0.9829 | Invalid S/B: 0.00/0.00 | Max Load: 4.0 | Load Gap: 1.0 | Group CV: 0.0316
Epoch [1052/2000] | Sampled: 356.88 | Baseline: 330.50 | Improvement: -26.38 | Win Rate: 0.00% | Actor Loss: -0.9045 | Entropy: 0.9887 | Invalid S/B: 0.00/0.00 | Max Load: 4.1 | Load Gap: 1.1 | Group CV: 0.0286
Epoch [1053/2000] | Sampled: 362.00 | Baseline: 351.50 | Improvement: -10.50 | Win Rate: 25.00% | Actor Loss: 3.2406 | Entropy: 1.0214 | Invalid S/B: 0.00/0.00 | Max Load: 4.2 | Load Gap: 1.2 | Group CV: 0.0130
Epoch [1054/2000] | Sampled: 342.12 | Baseline: 319.50 | Improvement: -22.62 | Win Rate: 12.50% | Actor Loss: -2.8631 | Entropy: 0.9532 | Invalid S/B: 0.00/0.00 | Max Load: 4.0 | Load Gap: 1.0 | Group CV: 0.0183
Epoch [1055/2000] | Sampled: 350.88 | Baseline: 351.00 | Improvement: 0.12 | Win Rate: 50.00% | Actor Loss: 1.7077 | Entropy: 0.9565 | Invalid S/B: 0.00/0.00 | Max Load: 4.1 | Load Gap: 1.1 | Group CV: 0.0220
Epoch [1056/2000] | Sampled: 354.88 | Baseline: 360.00 | Improvement: 5.12 | Win Rate: 62.50% | Actor Loss: -4.1431 | Entropy: 0.9854 | Invalid S/B: 0.00/0.00 | Max Load: 4.0 | Load Gap: 1.0 | Group CV: 0.0254
Epoch [1057/2000] | Sampled: 360.25 | Baseline: 343.50 | Improvement: -16.75 | Win Rate: 12.50% | Actor Loss: -0.0597 | Entropy: 0.9967 | Invalid S/B: 0.12/0.00 | Max Load: 4.5 | Load Gap: 1.5 | Group CV: 0.0394
Epoch [1058/2000] | Sampled: 345.12 | Baseline: 351.00 | Improvement: 5.88 | Win Rate: 50.00% | Actor Loss: -3.6892 | Entropy: 1.0233 | Invalid S/B: 0.00/0.00 | Max Load: 4.4 | Load Gap: 1.4 | Group CV: 0.0179
Epoch [1059/2000] | Sampled: 345.75 | Baseline: 311.50 | Improvement: -34.25 | Win Rate: 0.00% | Actor Loss: 3.5895 | Entropy: 1.0265 | Invalid S/B: 0.00/0.00 | Max Load: 4.2 | Load Gap: 1.2 | Group CV: 0.0318
Epoch [1060/2000] | Sampled: 351.50 | Baseline: 340.00 | Improvement: -11.50 | Win Rate: 12.50% | Actor Loss: -4.6478 | Entropy: 0.9852 | Invalid S/B: 0.00/0.00 | Max Load: 4.1 | Load Gap: 1.1 | Group CV: 0.0315
   -> Validation | Samples: 50 | Makespan: 348.74 | Invalid Jobs: 0.00 | Score: 348.74
Epoch [1061/2000] | Sampled: 349.25 | Baseline: 313.00 | Improvement: -36.25 | Win Rate: 0.00% | Actor Loss: 2.5808 | Entropy: 0.9897 | Invalid S/B: 0.00/0.00 | Max Load: 4.1 | Load Gap: 1.1 | Group CV: 0.0200
Epoch [1062/2000] | Sampled: 349.75 | Baseline: 347.00 | Improvement: -2.75 | Win Rate: 50.00% | Actor Loss: 3.8021 | Entropy: 0.9999 | Invalid S/B: 0.00/0.00 | Max Load: 4.0 | Load Gap: 1.0 | Group CV: 0.0281
Epoch [1063/2000] | Sampled: 360.38 | Baseline: 353.00 | Improvement: -7.38 | Win Rate: 37.50% | Actor Loss: -1.7142 | Entropy: 1.0083 | Invalid S/B: 0.00/0.00 | Max Load: 4.1 | Load Gap: 1.1 | Group CV: 0.0289
Epoch [1064/2000] | Sampled: 341.00 | Baseline: 327.50 | Improvement: -13.50 | Win Rate: 25.00% | Actor Loss: -1.7839 | Entropy: 0.9509 | Invalid S/B: 0.00/0.00 | Max Load: 4.1 | Load Gap: 1.1 | Group CV: 0.0367
Epoch [1065/2000] | Sampled: 355.75 | Baseline: 343.00 | Improvement: -12.75 | Win Rate: 50.00% | Actor Loss: 2.4484 | Entropy: 1.0067 | Invalid S/B: 0.00/0.00 | Max Load: 4.0 | Load Gap: 1.0 | Group CV: 0.0179
Epoch [1066/2000] | Sampled: 363.62 | Baseline: 364.50 | Improvement: 0.88 | Win Rate: 50.00% | Actor Loss: 8.9437 | Entropy: 0.9710 | Invalid S/B: 0.00/0.00 | Max Load: 4.6 | Load Gap: 1.6 | Group CV: 0.0120
Epoch [1067/2000] | Sampled: 348.62 | Baseline: 333.50 | Improvement: -15.12 | Win Rate: 25.00% | Actor Loss: 3.2622 | Entropy: 1.0049 | Invalid S/B: 0.00/0.00 | Max Load: 4.2 | Load Gap: 1.2 | Group CV: 0.0184
Epoch [1068/2000] | Sampled: 347.50 | Baseline: 350.50 | Improvement: 3.00 | Win Rate: 50.00% | Actor Loss: 1.7415 | Entropy: 1.0183 | Invalid S/B: 0.00/0.00 | Max Load: 4.1 | Load Gap: 1.1 | Group CV: 0.0276
Epoch [1069/2000] | Sampled: 345.38 | Baseline: 336.50 | Improvement: -8.88 | Win Rate: 37.50% | Actor Loss: 3.3884 | Entropy: 1.0008 | Invalid S/B: 0.00/0.00 | Max Load: 4.0 | Load Gap: 1.0 | Group CV: 0.0256
Epoch [1070/2000] | Sampled: 353.62 | Baseline: 324.50 | Improvement: -29.12 | Win Rate: 0.00% | Actor Loss: 2.4191 | Entropy: 1.0505 | Invalid S/B: 0.00/0.00 | Max Load: 4.1 | Load Gap: 1.1 | Group CV: 0.0256
   -> Validation | Samples: 50 | Makespan: 349.22 | Invalid Jobs: 0.02 | Score: 351.22
Epoch [1071/2000] | Sampled: 362.38 | Baseline: 392.00 | Improvement: 29.62 | Win Rate: 87.50% | Actor Loss: -3.3713 | Entropy: 1.0597 | Invalid S/B: 0.00/0.00 | Max Load: 4.1 | Load Gap: 1.1 | Group CV: 0.0241
Epoch [1072/2000] | Sampled: 353.25 | Baseline: 345.00 | Improvement: -8.25 | Win Rate: 50.00% | Actor Loss: 4.5729 | Entropy: 1.0193 | Invalid S/B: 0.00/0.00 | Max Load: 4.1 | Load Gap: 1.1 | Group CV: 0.0184
Epoch [1073/2000] | Sampled: 342.12 | Baseline: 374.50 | Improvement: 32.38 | Win Rate: 100.00% | Actor Loss: -0.8699 | Entropy: 1.0537 | Invalid S/B: 0.00/0.00 | Max Load: 4.2 | Load Gap: 1.2 | Group CV: 0.0191
Epoch [1074/2000] | Sampled: 334.50 | Baseline: 330.50 | Improvement: -4.00 | Win Rate: 37.50% | Actor Loss: -4.6819 | Entropy: 1.0387 | Invalid S/B: 0.00/0.00 | Max Load: 4.5 | Load Gap: 1.5 | Group CV: 0.0185
Epoch [1075/2000] | Sampled: 349.38 | Baseline: 317.50 | Improvement: -31.88 | Win Rate: 0.00% | Actor Loss: -2.5469 | Entropy: 1.0582 | Invalid S/B: 0.00/0.00 | Max Load: 4.4 | Load Gap: 1.4 | Group CV: 0.0318
Epoch [1076/2000] | Sampled: 355.75 | Baseline: 341.50 | Improvement: -14.25 | Win Rate: 25.00% | Actor Loss: -2.8767 | Entropy: 1.0572 | Invalid S/B: 0.00/0.00 | Max Load: 4.2 | Load Gap: 1.2 | Group CV: 0.0391
Epoch [1077/2000] | Sampled: 360.75 | Baseline: 351.50 | Improvement: -9.25 | Win Rate: 25.00% | Actor Loss: 4.7032 | Entropy: 1.0460 | Invalid S/B: 0.00/0.00 | Max Load: 4.1 | Load Gap: 1.1 | Group CV: 0.0147
Epoch [1078/2000] | Sampled: 352.88 | Baseline: 356.50 | Improvement: 3.62 | Win Rate: 37.50% | Actor Loss: -3.8114 | Entropy: 1.0822 | Invalid S/B: 0.00/0.00 | Max Load: 4.1 | Load Gap: 1.1 | Group CV: 0.0207
Epoch [1079/2000] | Sampled: 362.25 | Baseline: 333.00 | Improvement: -29.25 | Win Rate: 0.00% | Actor Loss: 1.1469 | Entropy: 1.0785 | Invalid S/B: 0.00/0.00 | Max Load: 4.0 | Load Gap: 1.0 | Group CV: 0.0150
Epoch [1080/2000] | Sampled: 344.75 | Baseline: 318.00 | Improvement: -26.75 | Win Rate: 12.50% | Actor Loss: 2.8609 | Entropy: 1.0252 | Invalid S/B: 0.00/0.00 | Max Load: 4.0 | Load Gap: 1.0 | Group CV: 0.0344
   -> Validation | Samples: 50 | Makespan: 352.40 | Invalid Jobs: 0.02 | Score: 354.40
Epoch [1081/2000] | Sampled: 359.50 | Baseline: 337.00 | Improvement: -22.50 | Win Rate: 25.00% | Actor Loss: -1.2232 | Entropy: 1.0591 | Invalid S/B: 0.00/0.00 | Max Load: 4.0 | Load Gap: 1.0 | Group CV: 0.0243
Epoch [1082/2000] | Sampled: 353.12 | Baseline: 306.50 | Improvement: -46.62 | Win Rate: 0.00% | Actor Loss: -0.4357 | Entropy: 1.0416 | Invalid S/B: 0.12/0.00 | Max Load: 4.2 | Load Gap: 1.2 | Group CV: 0.0325
Epoch [1083/2000] | Sampled: 360.88 | Baseline: 332.50 | Improvement: -28.38 | Win Rate: 0.00% | Actor Loss: -5.5821 | Entropy: 1.0431 | Invalid S/B: 0.00/0.00 | Max Load: 4.4 | Load Gap: 1.4 | Group CV: 0.0113
Epoch [1084/2000] | Sampled: 353.38 | Baseline: 332.50 | Improvement: -20.88 | Win Rate: 12.50% | Actor Loss: -0.8263 | Entropy: 1.0994 | Invalid S/B: 0.00/0.00 | Max Load: 4.2 | Load Gap: 1.2 | Group CV: 0.0320
Epoch [1085/2000] | Sampled: 357.12 | Baseline: 359.00 | Improvement: 1.88 | Win Rate: 50.00% | Actor Loss: 3.0857 | Entropy: 1.0690 | Invalid S/B: 0.00/0.00 | Max Load: 4.4 | Load Gap: 1.4 | Group CV: 0.0256
Epoch [1086/2000] | Sampled: 344.00 | Baseline: 324.00 | Improvement: -20.00 | Win Rate: 12.50% | Actor Loss: -1.6886 | Entropy: 1.0330 | Invalid S/B: 0.12/0.00 | Max Load: 4.0 | Load Gap: 1.0 | Group CV: 0.0486
Epoch [1087/2000] | Sampled: 352.50 | Baseline: 282.50 | Improvement: -70.00 | Win Rate: 0.00% | Actor Loss: -2.3548 | Entropy: 1.0652 | Invalid S/B: 0.00/0.00 | Max Load: 4.0 | Load Gap: 1.0 | Group CV: 0.0182
Epoch [1088/2000] | Sampled: 348.50 | Baseline: 323.50 | Improvement: -25.00 | Win Rate: 12.50% | Actor Loss: -6.0823 | Entropy: 1.0457 | Invalid S/B: 0.00/0.00 | Max Load: 4.2 | Load Gap: 1.2 | Group CV: 0.0252
Epoch [1089/2000] | Sampled: 339.75 | Baseline: 317.00 | Improvement: -22.75 | Win Rate: 0.00% | Actor Loss: 4.9416 | Entropy: 1.0625 | Invalid S/B: 0.00/0.00 | Max Load: 4.2 | Load Gap: 1.2 | Group CV: 0.0158
Epoch [1090/2000] | Sampled: 345.25 | Baseline: 322.50 | Improvement: -22.75 | Win Rate: 12.50% | Actor Loss: -0.8580 | Entropy: 1.0554 | Invalid S/B: 0.00/0.00 | Max Load: 4.1 | Load Gap: 1.1 | Group CV: 0.0219
   -> Validation | Samples: 50 | Makespan: 348.70 | Invalid Jobs: 0.04 | Score: 352.70
Epoch [1091/2000] | Sampled: 346.62 | Baseline: 345.00 | Improvement: -1.62 | Win Rate: 50.00% | Actor Loss: 2.8056 | Entropy: 1.0631 | Invalid S/B: 0.00/0.00 | Max Load: 4.5 | Load Gap: 1.5 | Group CV: 0.0154
Epoch [1092/2000] | Sampled: 364.88 | Baseline: 369.50 | Improvement: 4.62 | Win Rate: 50.00% | Actor Loss: 2.5885 | Entropy: 1.0353 | Invalid S/B: 0.00/0.00 | Max Load: 4.1 | Load Gap: 1.1 | Group CV: 0.0143
Epoch [1093/2000] | Sampled: 347.62 | Baseline: 328.00 | Improvement: -19.62 | Win Rate: 0.00% | Actor Loss: -0.9341 | Entropy: 1.0704 | Invalid S/B: 0.00/0.00 | Max Load: 4.1 | Load Gap: 1.1 | Group CV: 0.0207
Epoch [1094/2000] | Sampled: 360.75 | Baseline: 365.00 | Improvement: 4.25 | Win Rate: 62.50% | Actor Loss: -0.0537 | Entropy: 1.0359 | Invalid S/B: 0.00/0.00 | Max Load: 4.0 | Load Gap: 1.0 | Group CV: 0.0262
Epoch [1095/2000] | Sampled: 350.88 | Baseline: 306.00 | Improvement: -44.88 | Win Rate: 0.00% | Actor Loss: 0.7638 | Entropy: 1.0322 | Invalid S/B: 0.00/0.00 | Max Load: 4.2 | Load Gap: 1.2 | Group CV: 0.0377
Epoch [1096/2000] | Sampled: 339.50 | Baseline: 341.00 | Improvement: 1.50 | Win Rate: 50.00% | Actor Loss: -1.0766 | Entropy: 1.0165 | Invalid S/B: 0.00/0.00 | Max Load: 4.2 | Load Gap: 1.2 | Group CV: 0.0132
Epoch [1097/2000] | Sampled: 349.25 | Baseline: 344.50 | Improvement: -4.75 | Win Rate: 50.00% | Actor Loss: 1.4294 | Entropy: 1.0309 | Invalid S/B: 0.00/0.00 | Max Load: 4.5 | Load Gap: 1.5 | Group CV: 0.0325
Epoch [1098/2000] | Sampled: 368.25 | Baseline: 352.50 | Improvement: -15.75 | Win Rate: 37.50% | Actor Loss: 0.9971 | Entropy: 1.0272 | Invalid S/B: 0.00/0.50 | Max Load: 4.2 | Load Gap: 1.2 | Group CV: 0.0205
Epoch [1099/2000] | Sampled: 355.50 | Baseline: 392.50 | Improvement: 37.00 | Win Rate: 87.50% | Actor Loss: 1.4057 | Entropy: 0.9940 | Invalid S/B: 0.00/0.00 | Max Load: 4.2 | Load Gap: 1.2 | Group CV: 0.0312
Epoch [1100/2000] | Sampled: 338.38 | Baseline: 328.50 | Improvement: -9.88 | Win Rate: 37.50% | Actor Loss: -0.7721 | Entropy: 1.0055 | Invalid S/B: 0.00/0.00 | Max Load: 4.1 | Load Gap: 1.1 | Group CV: 0.0241
   -> Validation | Samples: 50 | Makespan: 349.26 | Invalid Jobs: 0.02 | Score: 351.26
   -> Saved updated training chart to /home/wei/Desktop/AMR-DFJSP/Static_alogorithm/GNN/gnn_training_metrics.png
Epoch [1101/2000] | Sampled: 339.00 | Baseline: 328.50 | Improvement: -10.50 | Win Rate: 25.00% | Actor Loss: 6.9333 | Entropy: 1.0030 | Invalid S/B: 0.00/0.00 | Max Load: 4.1 | Load Gap: 1.1 | Group CV: 0.0204
Epoch [1102/2000] | Sampled: 345.00 | Baseline: 299.50 | Improvement: -45.50 | Win Rate: 0.00% | Actor Loss: 1.2024 | Entropy: 1.0010 | Invalid S/B: 0.00/0.00 | Max Load: 4.1 | Load Gap: 1.1 | Group CV: 0.0201
Epoch [1103/2000] | Sampled: 353.25 | Baseline: 336.00 | Improvement: -17.25 | Win Rate: 37.50% | Actor Loss: 2.5057 | Entropy: 1.0110 | Invalid S/B: 0.00/0.00 | Max Load: 4.2 | Load Gap: 1.2 | Group CV: 0.0257
Epoch [1104/2000] | Sampled: 356.75 | Baseline: 350.00 | Improvement: -6.75 | Win Rate: 50.00% | Actor Loss: -3.9899 | Entropy: 0.9945 | Invalid S/B: 0.00/0.00 | Max Load: 4.2 | Load Gap: 1.2 | Group CV: 0.0262
Epoch [1105/2000] | Sampled: 349.38 | Baseline: 346.00 | Improvement: -3.38 | Win Rate: 37.50% | Actor Loss: -3.0944 | Entropy: 1.0220 | Invalid S/B: 0.00/0.00 | Max Load: 4.2 | Load Gap: 1.2 | Group CV: 0.0358
Epoch [1106/2000] | Sampled: 369.00 | Baseline: 376.50 | Improvement: 7.50 | Win Rate: 50.00% | Actor Loss: -0.7147 | Entropy: 1.0481 | Invalid S/B: 0.00/0.00 | Max Load: 4.1 | Load Gap: 1.1 | Group CV: 0.0182
Epoch [1107/2000] | Sampled: 348.00 | Baseline: 321.50 | Improvement: -26.50 | Win Rate: 12.50% | Actor Loss: 0.2635 | Entropy: 1.0048 | Invalid S/B: 0.00/0.00 | Max Load: 4.1 | Load Gap: 1.1 | Group CV: 0.0383
Epoch [1108/2000] | Sampled: 352.12 | Baseline: 337.00 | Improvement: -15.12 | Win Rate: 25.00% | Actor Loss: -0.6803 | Entropy: 0.9780 | Invalid S/B: 0.12/0.00 | Max Load: 4.2 | Load Gap: 1.2 | Group CV: 0.0536
Epoch [1109/2000] | Sampled: 344.62 | Baseline: 301.50 | Improvement: -43.12 | Win Rate: 0.00% | Actor Loss: -0.0544 | Entropy: 1.0022 | Invalid S/B: 0.00/0.00 | Max Load: 4.1 | Load Gap: 1.1 | Group CV: 0.0216
Epoch [1110/2000] | Sampled: 338.38 | Baseline: 306.00 | Improvement: -32.38 | Win Rate: 0.00% | Actor Loss: -0.9091 | Entropy: 1.0070 | Invalid S/B: 0.00/0.00 | Max Load: 4.4 | Load Gap: 1.4 | Group CV: 0.0259
   -> Validation | Samples: 50 | Makespan: 347.98 | Invalid Jobs: 0.00 | Score: 347.98
Epoch [1111/2000] | Sampled: 334.62 | Baseline: 304.00 | Improvement: -30.62 | Win Rate: 0.00% | Actor Loss: 3.9920 | Entropy: 1.0023 | Invalid S/B: 0.00/0.00 | Max Load: 4.0 | Load Gap: 1.0 | Group CV: 0.0261
Epoch [1112/2000] | Sampled: 346.62 | Baseline: 312.00 | Improvement: -34.62 | Win Rate: 0.00% | Actor Loss: 0.9621 | Entropy: 1.0137 | Invalid S/B: 0.00/0.00 | Max Load: 4.2 | Load Gap: 1.2 | Group CV: 0.0350
Epoch [1113/2000] | Sampled: 355.25 | Baseline: 351.50 | Improvement: -3.75 | Win Rate: 37.50% | Actor Loss: -3.5636 | Entropy: 1.0258 | Invalid S/B: 0.00/0.00 | Max Load: 4.2 | Load Gap: 1.2 | Group CV: 0.0318
Epoch [1114/2000] | Sampled: 353.50 | Baseline: 340.00 | Improvement: -13.50 | Win Rate: 0.00% | Actor Loss: 0.0198 | Entropy: 1.0406 | Invalid S/B: 0.00/0.00 | Max Load: 4.2 | Load Gap: 1.2 | Group CV: 0.0244
Epoch [1115/2000] | Sampled: 350.88 | Baseline: 321.00 | Improvement: -29.88 | Win Rate: 0.00% | Actor Loss: 5.0572 | Entropy: 1.0065 | Invalid S/B: 0.00/0.00 | Max Load: 4.4 | Load Gap: 1.4 | Group CV: 0.0107
Epoch [1116/2000] | Sampled: 342.75 | Baseline: 323.50 | Improvement: -19.25 | Win Rate: 0.00% | Actor Loss: -4.8622 | Entropy: 1.0110 | Invalid S/B: 0.00/0.00 | Max Load: 4.2 | Load Gap: 1.2 | Group CV: 0.0133
Epoch [1117/2000] | Sampled: 352.88 | Baseline: 327.00 | Improvement: -25.88 | Win Rate: 0.00% | Actor Loss: -2.5881 | Entropy: 1.0168 | Invalid S/B: 0.12/0.00 | Max Load: 4.1 | Load Gap: 1.1 | Group CV: 0.0566
Epoch [1118/2000] | Sampled: 342.00 | Baseline: 324.00 | Improvement: -18.00 | Win Rate: 0.00% | Actor Loss: -2.5991 | Entropy: 1.0202 | Invalid S/B: 0.00/0.00 | Max Load: 4.2 | Load Gap: 1.2 | Group CV: 0.0122
Epoch [1119/2000] | Sampled: 345.25 | Baseline: 303.50 | Improvement: -41.75 | Win Rate: 0.00% | Actor Loss: 1.6882 | Entropy: 1.0218 | Invalid S/B: 0.00/0.00 | Max Load: 4.0 | Load Gap: 1.0 | Group CV: 0.0121
Epoch [1120/2000] | Sampled: 346.62 | Baseline: 340.50 | Improvement: -6.12 | Win Rate: 25.00% | Actor Loss: 5.6579 | Entropy: 0.9893 | Invalid S/B: 0.00/0.00 | Max Load: 4.4 | Load Gap: 1.4 | Group CV: 0.0200
   -> Validation | Samples: 50 | Makespan: 346.78 | Invalid Jobs: 0.00 | Score: 346.78
   -> Saved new best model (Val Score: 346.78)
Epoch [1121/2000] | Sampled: 350.62 | Baseline: 328.00 | Improvement: -22.62 | Win Rate: 0.00% | Actor Loss: -0.4928 | Entropy: 1.0265 | Invalid S/B: 0.00/0.00 | Max Load: 4.2 | Load Gap: 1.2 | Group CV: 0.0166
Epoch [1122/2000] | Sampled: 357.00 | Baseline: 326.00 | Improvement: -31.00 | Win Rate: 37.50% | Actor Loss: 5.7334 | Entropy: 1.0040 | Invalid S/B: 0.00/0.00 | Max Load: 4.1 | Load Gap: 1.1 | Group CV: 0.0266
Epoch [1123/2000] | Sampled: 350.75 | Baseline: 372.50 | Improvement: 21.75 | Win Rate: 62.50% | Actor Loss: 2.0317 | Entropy: 1.0192 | Invalid S/B: 0.00/0.00 | Max Load: 4.1 | Load Gap: 1.1 | Group CV: 0.0181
Epoch [1124/2000] | Sampled: 339.75 | Baseline: 321.50 | Improvement: -18.25 | Win Rate: 0.00% | Actor Loss: -4.7754 | Entropy: 1.0119 | Invalid S/B: 0.00/0.00 | Max Load: 4.1 | Load Gap: 1.1 | Group CV: 0.0222
Epoch [1125/2000] | Sampled: 351.88 | Baseline: 304.00 | Improvement: -47.88 | Win Rate: 0.00% | Actor Loss: 1.8631 | Entropy: 1.0287 | Invalid S/B: 0.00/0.00 | Max Load: 4.1 | Load Gap: 1.1 | Group CV: 0.0399
Epoch [1126/2000] | Sampled: 357.38 | Baseline: 318.50 | Improvement: -38.88 | Win Rate: 0.00% | Actor Loss: -1.6899 | Entropy: 1.0673 | Invalid S/B: 0.00/0.00 | Max Load: 4.2 | Load Gap: 1.2 | Group CV: 0.0212
Epoch [1127/2000] | Sampled: 350.38 | Baseline: 315.00 | Improvement: -35.38 | Win Rate: 12.50% | Actor Loss: 2.6026 | Entropy: 1.0185 | Invalid S/B: 0.00/0.00 | Max Load: 4.1 | Load Gap: 1.1 | Group CV: 0.0133
Epoch [1128/2000] | Sampled: 351.88 | Baseline: 313.00 | Improvement: -38.88 | Win Rate: 0.00% | Actor Loss: 0.6662 | Entropy: 1.0283 | Invalid S/B: 0.00/0.00 | Max Load: 4.1 | Load Gap: 1.1 | Group CV: 0.0299
Epoch [1129/2000] | Sampled: 347.88 | Baseline: 306.50 | Improvement: -41.38 | Win Rate: 0.00% | Actor Loss: 0.1135 | Entropy: 1.0664 | Invalid S/B: 0.12/0.00 | Max Load: 4.1 | Load Gap: 1.1 | Group CV: 0.0554
Epoch [1130/2000] | Sampled: 346.88 | Baseline: 336.50 | Improvement: -10.38 | Win Rate: 12.50% | Actor Loss: -4.1204 | Entropy: 1.0728 | Invalid S/B: 0.00/0.00 | Max Load: 4.2 | Load Gap: 1.2 | Group CV: 0.0225
   -> Validation | Samples: 50 | Makespan: 354.16 | Invalid Jobs: 0.02 | Score: 356.16
Epoch [1131/2000] | Sampled: 358.25 | Baseline: 336.00 | Improvement: -22.25 | Win Rate: 50.00% | Actor Loss: 2.9172 | Entropy: 1.0682 | Invalid S/B: 0.00/0.00 | Max Load: 4.4 | Load Gap: 1.4 | Group CV: 0.0265
Epoch [1132/2000] | Sampled: 342.00 | Baseline: 322.00 | Improvement: -20.00 | Win Rate: 0.00% | Actor Loss: -0.9639 | Entropy: 1.0514 | Invalid S/B: 0.00/0.00 | Max Load: 4.2 | Load Gap: 1.2 | Group CV: 0.0214
Epoch [1133/2000] | Sampled: 347.50 | Baseline: 341.00 | Improvement: -6.50 | Win Rate: 37.50% | Actor Loss: 0.0483 | Entropy: 1.0571 | Invalid S/B: 0.00/0.00 | Max Load: 4.0 | Load Gap: 1.0 | Group CV: 0.0172
Epoch [1134/2000] | Sampled: 357.00 | Baseline: 313.50 | Improvement: -43.50 | Win Rate: 0.00% | Actor Loss: -1.3616 | Entropy: 1.0613 | Invalid S/B: 0.00/0.00 | Max Load: 4.2 | Load Gap: 1.2 | Group CV: 0.0200
Epoch [1135/2000] | Sampled: 363.75 | Baseline: 369.50 | Improvement: 5.75 | Win Rate: 50.00% | Actor Loss: -2.0032 | Entropy: 1.0643 | Invalid S/B: 0.00/0.00 | Max Load: 4.2 | Load Gap: 1.2 | Group CV: 0.0259
Epoch [1136/2000] | Sampled: 338.00 | Baseline: 319.50 | Improvement: -18.50 | Win Rate: 0.00% | Actor Loss: -1.7086 | Entropy: 1.0473 | Invalid S/B: 0.00/0.00 | Max Load: 4.4 | Load Gap: 1.4 | Group CV: 0.0159
Epoch [1137/2000] | Sampled: 359.25 | Baseline: 340.50 | Improvement: -18.75 | Win Rate: 37.50% | Actor Loss: 0.0362 | Entropy: 1.1026 | Invalid S/B: 0.00/0.00 | Max Load: 4.2 | Load Gap: 1.2 | Group CV: 0.0240
Epoch [1138/2000] | Sampled: 337.75 | Baseline: 316.50 | Improvement: -21.25 | Win Rate: 0.00% | Actor Loss: 0.0910 | Entropy: 1.0547 | Invalid S/B: 0.00/0.00 | Max Load: 4.0 | Load Gap: 1.0 | Group CV: 0.0167
Epoch [1139/2000] | Sampled: 352.50 | Baseline: 346.00 | Improvement: -6.50 | Win Rate: 37.50% | Actor Loss: 6.7471 | Entropy: 1.0644 | Invalid S/B: 0.00/0.00 | Max Load: 4.1 | Load Gap: 1.1 | Group CV: 0.0381
Epoch [1140/2000] | Sampled: 343.38 | Baseline: 316.50 | Improvement: -26.88 | Win Rate: 0.00% | Actor Loss: -4.7295 | Entropy: 1.0755 | Invalid S/B: 0.12/0.00 | Max Load: 4.0 | Load Gap: 1.0 | Group CV: 0.0275
   -> Validation | Samples: 50 | Makespan: 350.74 | Invalid Jobs: 0.00 | Score: 350.74
Epoch [1141/2000] | Sampled: 346.50 | Baseline: 337.50 | Improvement: -9.00 | Win Rate: 50.00% | Actor Loss: -4.3281 | Entropy: 1.0564 | Invalid S/B: 0.00/0.00 | Max Load: 4.1 | Load Gap: 1.1 | Group CV: 0.0262
Epoch [1142/2000] | Sampled: 357.12 | Baseline: 359.00 | Improvement: 1.88 | Win Rate: 62.50% | Actor Loss: 2.9981 | Entropy: 1.0691 | Invalid S/B: 0.00/0.00 | Max Load: 4.1 | Load Gap: 1.1 | Group CV: 0.0163
Epoch [1143/2000] | Sampled: 347.38 | Baseline: 320.50 | Improvement: -26.88 | Win Rate: 0.00% | Actor Loss: -9.5208 | Entropy: 1.0531 | Invalid S/B: 0.00/0.00 | Max Load: 4.1 | Load Gap: 1.1 | Group CV: 0.0213
Epoch [1144/2000] | Sampled: 346.25 | Baseline: 336.00 | Improvement: -10.25 | Win Rate: 50.00% | Actor Loss: -2.1443 | Entropy: 1.0430 | Invalid S/B: 0.00/0.00 | Max Load: 4.2 | Load Gap: 1.2 | Group CV: 0.0228
Epoch [1145/2000] | Sampled: 353.88 | Baseline: 353.00 | Improvement: -0.88 | Win Rate: 50.00% | Actor Loss: 6.9845 | Entropy: 1.0728 | Invalid S/B: 0.00/0.00 | Max Load: 4.2 | Load Gap: 1.2 | Group CV: 0.0193
Epoch [1146/2000] | Sampled: 349.38 | Baseline: 337.50 | Improvement: -11.88 | Win Rate: 37.50% | Actor Loss: 5.7341 | Entropy: 1.0256 | Invalid S/B: 0.12/0.00 | Max Load: 4.2 | Load Gap: 1.2 | Group CV: 0.0208
Epoch [1147/2000] | Sampled: 349.50 | Baseline: 323.50 | Improvement: -26.00 | Win Rate: 37.50% | Actor Loss: 1.4172 | Entropy: 1.0217 | Invalid S/B: 0.00/0.00 | Max Load: 4.1 | Load Gap: 1.1 | Group CV: 0.0269
Epoch [1148/2000] | Sampled: 353.00 | Baseline: 342.00 | Improvement: -11.00 | Win Rate: 12.50% | Actor Loss: 2.7632 | Entropy: 1.0379 | Invalid S/B: 0.00/0.00 | Max Load: 4.1 | Load Gap: 1.1 | Group CV: 0.0254
Epoch [1149/2000] | Sampled: 342.12 | Baseline: 316.50 | Improvement: -25.62 | Win Rate: 0.00% | Actor Loss: -1.0094 | Entropy: 1.0098 | Invalid S/B: 0.00/0.00 | Max Load: 4.0 | Load Gap: 1.0 | Group CV: 0.0311
Epoch [1150/2000] | Sampled: 351.62 | Baseline: 361.50 | Improvement: 9.88 | Win Rate: 62.50% | Actor Loss: 0.0788 | Entropy: 0.9680 | Invalid S/B: 0.00/0.00 | Max Load: 4.2 | Load Gap: 1.2 | Group CV: 0.0338
   -> Validation | Samples: 50 | Makespan: 349.52 | Invalid Jobs: 0.02 | Score: 351.52
Epoch [1151/2000] | Sampled: 352.50 | Baseline: 325.50 | Improvement: -27.00 | Win Rate: 0.00% | Actor Loss: -0.7479 | Entropy: 1.0031 | Invalid S/B: 0.00/0.00 | Max Load: 4.0 | Load Gap: 1.0 | Group CV: 0.0107
Epoch [1152/2000] | Sampled: 369.00 | Baseline: 338.00 | Improvement: -31.00 | Win Rate: 12.50% | Actor Loss: -7.1439 | Entropy: 1.0566 | Invalid S/B: 0.00/0.00 | Max Load: 4.5 | Load Gap: 1.5 | Group CV: 0.0216
Epoch [1153/2000] | Sampled: 353.62 | Baseline: 311.00 | Improvement: -42.62 | Win Rate: 0.00% | Actor Loss: 2.6103 | Entropy: 0.9675 | Invalid S/B: 0.00/0.00 | Max Load: 4.2 | Load Gap: 1.2 | Group CV: 0.0223
Epoch [1154/2000] | Sampled: 348.12 | Baseline: 329.50 | Improvement: -18.62 | Win Rate: 0.00% | Actor Loss: 1.9967 | Entropy: 1.0228 | Invalid S/B: 0.00/0.00 | Max Load: 4.2 | Load Gap: 1.2 | Group CV: 0.0205
Epoch [1155/2000] | Sampled: 340.88 | Baseline: 299.00 | Improvement: -41.88 | Win Rate: 0.00% | Actor Loss: -1.4298 | Entropy: 1.0359 | Invalid S/B: 0.00/0.00 | Max Load: 4.2 | Load Gap: 1.2 | Group CV: 0.0211
Epoch [1156/2000] | Sampled: 342.62 | Baseline: 369.50 | Improvement: 26.88 | Win Rate: 100.00% | Actor Loss: -0.6803 | Entropy: 1.0009 | Invalid S/B: 0.00/0.00 | Max Load: 4.1 | Load Gap: 1.1 | Group CV: 0.0210
Epoch [1157/2000] | Sampled: 359.62 | Baseline: 358.50 | Improvement: -1.12 | Win Rate: 25.00% | Actor Loss: -5.5074 | Entropy: 1.0027 | Invalid S/B: 0.00/0.00 | Max Load: 4.0 | Load Gap: 1.0 | Group CV: 0.0277
Epoch [1158/2000] | Sampled: 364.88 | Baseline: 371.00 | Improvement: 6.12 | Win Rate: 62.50% | Actor Loss: -2.0389 | Entropy: 1.0330 | Invalid S/B: 0.00/0.00 | Max Load: 4.1 | Load Gap: 1.1 | Group CV: 0.0260
Epoch [1159/2000] | Sampled: 358.38 | Baseline: 341.00 | Improvement: -17.38 | Win Rate: 50.00% | Actor Loss: -9.9548 | Entropy: 1.0190 | Invalid S/B: 0.12/0.00 | Max Load: 4.0 | Load Gap: 1.0 | Group CV: 0.0526
Epoch [1160/2000] | Sampled: 336.88 | Baseline: 330.00 | Improvement: -6.88 | Win Rate: 50.00% | Actor Loss: 2.3451 | Entropy: 1.0362 | Invalid S/B: 0.00/0.00 | Max Load: 4.1 | Load Gap: 1.1 | Group CV: 0.0224
   -> Validation | Samples: 50 | Makespan: 349.20 | Invalid Jobs: 0.02 | Score: 351.20
Epoch [1161/2000] | Sampled: 357.00 | Baseline: 335.50 | Improvement: -21.50 | Win Rate: 12.50% | Actor Loss: -3.1045 | Entropy: 1.0277 | Invalid S/B: 0.00/0.00 | Max Load: 4.1 | Load Gap: 1.1 | Group CV: 0.0313
Epoch [1162/2000] | Sampled: 355.62 | Baseline: 351.00 | Improvement: -4.62 | Win Rate: 50.00% | Actor Loss: 0.1454 | Entropy: 1.0390 | Invalid S/B: 0.00/0.00 | Max Load: 4.0 | Load Gap: 1.0 | Group CV: 0.0327
Epoch [1163/2000] | Sampled: 364.50 | Baseline: 332.00 | Improvement: -32.50 | Win Rate: 25.00% | Actor Loss: -4.1108 | Entropy: 1.0274 | Invalid S/B: 0.00/0.00 | Max Load: 4.2 | Load Gap: 1.2 | Group CV: 0.0253
Epoch [1164/2000] | Sampled: 360.25 | Baseline: 353.00 | Improvement: -7.25 | Win Rate: 37.50% | Actor Loss: -0.6818 | Entropy: 0.9995 | Invalid S/B: 0.00/0.00 | Max Load: 4.1 | Load Gap: 1.1 | Group CV: 0.0195
Epoch [1165/2000] | Sampled: 337.50 | Baseline: 283.50 | Improvement: -54.00 | Win Rate: 0.00% | Actor Loss: 2.9884 | Entropy: 1.0142 | Invalid S/B: 0.00/0.00 | Max Load: 4.0 | Load Gap: 1.0 | Group CV: 0.0067
Epoch [1166/2000] | Sampled: 347.12 | Baseline: 333.00 | Improvement: -14.12 | Win Rate: 37.50% | Actor Loss: -3.5248 | Entropy: 1.0296 | Invalid S/B: 0.00/0.00 | Max Load: 4.0 | Load Gap: 1.0 | Group CV: 0.0168
Epoch [1167/2000] | Sampled: 343.00 | Baseline: 305.00 | Improvement: -38.00 | Win Rate: 0.00% | Actor Loss: 1.9521 | Entropy: 1.0368 | Invalid S/B: 0.00/0.00 | Max Load: 4.4 | Load Gap: 1.4 | Group CV: 0.0218
Epoch [1168/2000] | Sampled: 338.12 | Baseline: 327.00 | Improvement: -11.12 | Win Rate: 12.50% | Actor Loss: 0.4713 | Entropy: 0.9950 | Invalid S/B: 0.00/0.00 | Max Load: 4.4 | Load Gap: 1.4 | Group CV: 0.0113
Epoch [1169/2000] | Sampled: 353.38 | Baseline: 319.50 | Improvement: -33.88 | Win Rate: 0.00% | Actor Loss: -1.6351 | Entropy: 1.0421 | Invalid S/B: 0.00/0.00 | Max Load: 4.2 | Load Gap: 1.2 | Group CV: 0.0374
Epoch [1170/2000] | Sampled: 343.62 | Baseline: 298.50 | Improvement: -45.12 | Win Rate: 0.00% | Actor Loss: -0.8816 | Entropy: 1.0167 | Invalid S/B: 0.12/0.00 | Max Load: 4.1 | Load Gap: 1.1 | Group CV: 0.0422
   -> Validation | Samples: 50 | Makespan: 351.64 | Invalid Jobs: 0.00 | Score: 351.64
Epoch [1171/2000] | Sampled: 348.38 | Baseline: 343.50 | Improvement: -4.88 | Win Rate: 50.00% | Actor Loss: 10.7301 | Entropy: 1.0675 | Invalid S/B: 0.00/0.00 | Max Load: 4.2 | Load Gap: 1.2 | Group CV: 0.0144
Epoch [1172/2000] | Sampled: 345.62 | Baseline: 314.50 | Improvement: -31.12 | Win Rate: 0.00% | Actor Loss: 7.3843 | Entropy: 1.0334 | Invalid S/B: 0.00/0.00 | Max Load: 4.0 | Load Gap: 1.0 | Group CV: 0.0196
Epoch [1173/2000] | Sampled: 348.38 | Baseline: 312.00 | Improvement: -36.38 | Win Rate: 0.00% | Actor Loss: -0.4449 | Entropy: 1.0535 | Invalid S/B: 0.00/0.00 | Max Load: 4.1 | Load Gap: 1.1 | Group CV: 0.0221
Epoch [1174/2000] | Sampled: 344.62 | Baseline: 327.50 | Improvement: -17.12 | Win Rate: 12.50% | Actor Loss: 1.9876 | Entropy: 1.0247 | Invalid S/B: 0.00/0.00 | Max Load: 4.2 | Load Gap: 1.2 | Group CV: 0.0259
Epoch [1175/2000] | Sampled: 353.12 | Baseline: 317.50 | Improvement: -35.62 | Win Rate: 0.00% | Actor Loss: 2.6862 | Entropy: 1.0936 | Invalid S/B: 0.00/0.00 | Max Load: 4.0 | Load Gap: 1.0 | Group CV: 0.0269
Epoch [1176/2000] | Sampled: 344.12 | Baseline: 368.00 | Improvement: 23.88 | Win Rate: 50.00% | Actor Loss: 2.2993 | Entropy: 1.0386 | Invalid S/B: 0.00/0.00 | Max Load: 4.2 | Load Gap: 1.2 | Group CV: 0.0190
Epoch [1177/2000] | Sampled: 363.25 | Baseline: 329.50 | Improvement: -33.75 | Win Rate: 0.00% | Actor Loss: 0.0840 | Entropy: 1.0411 | Invalid S/B: 0.00/0.00 | Max Load: 4.1 | Load Gap: 1.1 | Group CV: 0.0353
Epoch [1178/2000] | Sampled: 365.25 | Baseline: 385.50 | Improvement: 20.25 | Win Rate: 87.50% | Actor Loss: -10.1143 | Entropy: 1.0339 | Invalid S/B: 0.12/0.00 | Max Load: 4.5 | Load Gap: 1.5 | Group CV: 0.0459
Epoch [1179/2000] | Sampled: 351.12 | Baseline: 364.00 | Improvement: 12.88 | Win Rate: 75.00% | Actor Loss: -3.4558 | Entropy: 1.0845 | Invalid S/B: 0.00/0.00 | Max Load: 4.4 | Load Gap: 1.4 | Group CV: 0.0269
Epoch [1180/2000] | Sampled: 346.75 | Baseline: 332.50 | Improvement: -14.25 | Win Rate: 12.50% | Actor Loss: -3.9521 | Entropy: 1.0153 | Invalid S/B: 0.12/0.00 | Max Load: 4.0 | Load Gap: 1.0 | Group CV: 0.0292
   -> Validation | Samples: 50 | Makespan: 352.72 | Invalid Jobs: 0.02 | Score: 354.72
Epoch [1181/2000] | Sampled: 357.88 | Baseline: 342.00 | Improvement: -15.88 | Win Rate: 0.00% | Actor Loss: 0.2263 | Entropy: 1.0837 | Invalid S/B: 0.00/0.00 | Max Load: 4.0 | Load Gap: 1.0 | Group CV: 0.0162
Epoch [1182/2000] | Sampled: 339.38 | Baseline: 294.00 | Improvement: -45.38 | Win Rate: 0.00% | Actor Loss: -1.9076 | Entropy: 1.0632 | Invalid S/B: 0.00/0.00 | Max Load: 4.1 | Load Gap: 1.1 | Group CV: 0.0187
Epoch [1183/2000] | Sampled: 337.62 | Baseline: 322.00 | Improvement: -15.62 | Win Rate: 12.50% | Actor Loss: -1.5248 | Entropy: 1.0551 | Invalid S/B: 0.00/0.00 | Max Load: 4.2 | Load Gap: 1.2 | Group CV: 0.0287
Epoch [1184/2000] | Sampled: 353.12 | Baseline: 351.50 | Improvement: -1.62 | Win Rate: 50.00% | Actor Loss: -4.0748 | Entropy: 1.0739 | Invalid S/B: 0.00/0.00 | Max Load: 4.0 | Load Gap: 1.0 | Group CV: 0.0209
Epoch [1185/2000] | Sampled: 355.75 | Baseline: 375.00 | Improvement: 19.25 | Win Rate: 100.00% | Actor Loss: 0.7240 | Entropy: 1.0181 | Invalid S/B: 0.00/0.00 | Max Load: 4.2 | Load Gap: 1.2 | Group CV: 0.0250
Epoch [1186/2000] | Sampled: 387.12 | Baseline: 372.00 | Improvement: -15.12 | Win Rate: 37.50% | Actor Loss: 4.5300 | Entropy: 1.0002 | Invalid S/B: 0.00/0.00 | Max Load: 4.1 | Load Gap: 1.1 | Group CV: 0.0299
Epoch [1187/2000] | Sampled: 352.88 | Baseline: 355.50 | Improvement: 2.62 | Win Rate: 50.00% | Actor Loss: 1.2612 | Entropy: 0.9905 | Invalid S/B: 0.00/0.00 | Max Load: 4.0 | Load Gap: 1.0 | Group CV: 0.0193
Epoch [1188/2000] | Sampled: 345.50 | Baseline: 326.50 | Improvement: -19.00 | Win Rate: 12.50% | Actor Loss: -2.9989 | Entropy: 1.0363 | Invalid S/B: 0.00/0.00 | Max Load: 4.2 | Load Gap: 1.2 | Group CV: 0.0300
Epoch [1189/2000] | Sampled: 371.12 | Baseline: 335.00 | Improvement: -36.12 | Win Rate: 0.00% | Actor Loss: -1.7938 | Entropy: 1.0397 | Invalid S/B: 0.00/0.00 | Max Load: 4.4 | Load Gap: 1.4 | Group CV: 0.0157
Epoch [1190/2000] | Sampled: 348.00 | Baseline: 314.00 | Improvement: -34.00 | Win Rate: 0.00% | Actor Loss: -1.6142 | Entropy: 1.0164 | Invalid S/B: 0.00/0.00 | Max Load: 4.2 | Load Gap: 1.2 | Group CV: 0.0211
   -> Validation | Samples: 50 | Makespan: 352.00 | Invalid Jobs: 0.00 | Score: 352.00
Epoch [1191/2000] | Sampled: 366.38 | Baseline: 370.50 | Improvement: 4.12 | Win Rate: 50.00% | Actor Loss: -5.0639 | Entropy: 1.0315 | Invalid S/B: 0.00/0.00 | Max Load: 4.4 | Load Gap: 1.4 | Group CV: 0.0253
Epoch [1192/2000] | Sampled: 369.75 | Baseline: 377.00 | Improvement: 7.25 | Win Rate: 50.00% | Actor Loss: 1.1630 | Entropy: 1.0372 | Invalid S/B: 0.00/0.00 | Max Load: 4.2 | Load Gap: 1.2 | Group CV: 0.0346
Epoch [1193/2000] | Sampled: 365.25 | Baseline: 375.00 | Improvement: 9.75 | Win Rate: 75.00% | Actor Loss: 1.7349 | Entropy: 1.0291 | Invalid S/B: 0.00/0.00 | Max Load: 4.0 | Load Gap: 1.0 | Group CV: 0.0213
Epoch [1194/2000] | Sampled: 353.62 | Baseline: 340.50 | Improvement: -13.12 | Win Rate: 37.50% | Actor Loss: -2.7117 | Entropy: 1.0311 | Invalid S/B: 0.00/0.00 | Max Load: 4.2 | Load Gap: 1.2 | Group CV: 0.0398
Epoch [1195/2000] | Sampled: 347.00 | Baseline: 336.00 | Improvement: -11.00 | Win Rate: 12.50% | Actor Loss: 3.3001 | Entropy: 1.0270 | Invalid S/B: 0.00/0.00 | Max Load: 4.4 | Load Gap: 1.4 | Group CV: 0.0223
Epoch [1196/2000] | Sampled: 355.50 | Baseline: 354.50 | Improvement: -1.00 | Win Rate: 50.00% | Actor Loss: -1.6333 | Entropy: 1.0629 | Invalid S/B: 0.00/0.00 | Max Load: 4.1 | Load Gap: 1.1 | Group CV: 0.0293
Epoch [1197/2000] | Sampled: 352.62 | Baseline: 293.00 | Improvement: -59.62 | Win Rate: 0.00% | Actor Loss: -2.8715 | Entropy: 1.0039 | Invalid S/B: 0.00/0.00 | Max Load: 4.4 | Load Gap: 1.4 | Group CV: 0.0132
Epoch [1198/2000] | Sampled: 349.50 | Baseline: 324.00 | Improvement: -25.50 | Win Rate: 0.00% | Actor Loss: -3.8672 | Entropy: 1.0070 | Invalid S/B: 0.00/0.00 | Max Load: 4.0 | Load Gap: 1.0 | Group CV: 0.0092
Epoch [1199/2000] | Sampled: 344.88 | Baseline: 337.00 | Improvement: -7.88 | Win Rate: 37.50% | Actor Loss: -1.8457 | Entropy: 0.9954 | Invalid S/B: 0.00/0.00 | Max Load: 4.0 | Load Gap: 1.0 | Group CV: 0.0306
Epoch [1200/2000] | Sampled: 355.00 | Baseline: 342.50 | Improvement: -12.50 | Win Rate: 25.00% | Actor Loss: -0.0818 | Entropy: 1.0085 | Invalid S/B: 0.00/0.00 | Max Load: 4.1 | Load Gap: 1.1 | Group CV: 0.0181
   -> Validation | Samples: 50 | Makespan: 352.60 | Invalid Jobs: 0.00 | Score: 352.60
   -> Saved updated training chart to /home/wei/Desktop/AMR-DFJSP/Static_alogorithm/GNN/gnn_training_metrics.png
Epoch [1201/2000] | Sampled: 346.88 | Baseline: 323.00 | Improvement: -23.88 | Win Rate: 0.00% | Actor Loss: -4.9524 | Entropy: 1.0212 | Invalid S/B: 0.00/0.00 | Max Load: 4.0 | Load Gap: 1.0 | Group CV: 0.0308
Epoch [1202/2000] | Sampled: 348.75 | Baseline: 350.00 | Improvement: 1.25 | Win Rate: 50.00% | Actor Loss: 3.2885 | Entropy: 1.0216 | Invalid S/B: 0.00/0.00 | Max Load: 4.0 | Load Gap: 1.0 | Group CV: 0.0153
Epoch [1203/2000] | Sampled: 363.38 | Baseline: 359.50 | Improvement: -3.88 | Win Rate: 50.00% | Actor Loss: 3.6397 | Entropy: 1.0094 | Invalid S/B: 0.00/0.00 | Max Load: 4.0 | Load Gap: 1.0 | Group CV: 0.0202
Epoch [1204/2000] | Sampled: 345.75 | Baseline: 324.00 | Improvement: -21.75 | Win Rate: 12.50% | Actor Loss: -1.0208 | Entropy: 1.0250 | Invalid S/B: 0.00/0.00 | Max Load: 4.0 | Load Gap: 1.0 | Group CV: 0.0244
Epoch [1205/2000] | Sampled: 344.88 | Baseline: 328.50 | Improvement: -16.38 | Win Rate: 50.00% | Actor Loss: 2.8675 | Entropy: 1.0144 | Invalid S/B: 0.00/0.00 | Max Load: 4.2 | Load Gap: 1.2 | Group CV: 0.0158
Epoch [1206/2000] | Sampled: 344.38 | Baseline: 368.50 | Improvement: 24.12 | Win Rate: 87.50% | Actor Loss: 3.3235 | Entropy: 0.9882 | Invalid S/B: 0.00/0.00 | Max Load: 4.1 | Load Gap: 1.1 | Group CV: 0.0170
Epoch [1207/2000] | Sampled: 359.62 | Baseline: 348.00 | Improvement: -11.62 | Win Rate: 37.50% | Actor Loss: -2.7562 | Entropy: 1.0185 | Invalid S/B: 0.00/0.00 | Max Load: 4.0 | Load Gap: 1.0 | Group CV: 0.0354
Epoch [1208/2000] | Sampled: 348.62 | Baseline: 314.00 | Improvement: -34.62 | Win Rate: 0.00% | Actor Loss: 4.9832 | Entropy: 1.0476 | Invalid S/B: 0.00/0.00 | Max Load: 4.2 | Load Gap: 1.2 | Group CV: 0.0114
Epoch [1209/2000] | Sampled: 347.12 | Baseline: 335.00 | Improvement: -12.12 | Win Rate: 50.00% | Actor Loss: -4.9691 | Entropy: 1.0225 | Invalid S/B: 0.00/0.00 | Max Load: 4.2 | Load Gap: 1.2 | Group CV: 0.0208
Epoch [1210/2000] | Sampled: 348.12 | Baseline: 343.50 | Improvement: -4.62 | Win Rate: 50.00% | Actor Loss: 6.7657 | Entropy: 0.9786 | Invalid S/B: 0.00/0.00 | Max Load: 4.8 | Load Gap: 1.8 | Group CV: 0.0162
   -> Validation | Samples: 50 | Makespan: 352.22 | Invalid Jobs: 0.00 | Score: 352.22
Epoch [1211/2000] | Sampled: 355.88 | Baseline: 331.00 | Improvement: -24.88 | Win Rate: 0.00% | Actor Loss: -3.9255 | Entropy: 1.0007 | Invalid S/B: 0.00/0.00 | Max Load: 4.1 | Load Gap: 1.1 | Group CV: 0.0086
Epoch [1212/2000] | Sampled: 370.75 | Baseline: 372.50 | Improvement: 1.75 | Win Rate: 50.00% | Actor Loss: 0.0805 | Entropy: 1.0268 | Invalid S/B: 0.00/0.00 | Max Load: 4.2 | Load Gap: 1.2 | Group CV: 0.0179
Epoch [1213/2000] | Sampled: 358.62 | Baseline: 330.50 | Improvement: -28.12 | Win Rate: 12.50% | Actor Loss: -5.5649 | Entropy: 0.9760 | Invalid S/B: 0.12/0.00 | Max Load: 4.1 | Load Gap: 1.1 | Group CV: 0.0479
Epoch [1214/2000] | Sampled: 354.25 | Baseline: 321.50 | Improvement: -32.75 | Win Rate: 0.00% | Actor Loss: -1.5281 | Entropy: 1.0067 | Invalid S/B: 0.12/0.00 | Max Load: 4.4 | Load Gap: 1.4 | Group CV: 0.0435
Epoch [1215/2000] | Sampled: 341.88 | Baseline: 318.00 | Improvement: -23.88 | Win Rate: 12.50% | Actor Loss: 0.7014 | Entropy: 0.9944 | Invalid S/B: 0.00/0.00 | Max Load: 4.2 | Load Gap: 1.2 | Group CV: 0.0170
Epoch [1216/2000] | Sampled: 339.88 | Baseline: 337.00 | Improvement: -2.88 | Win Rate: 50.00% | Actor Loss: -0.1764 | Entropy: 1.0207 | Invalid S/B: 0.00/0.00 | Max Load: 4.2 | Load Gap: 1.2 | Group CV: 0.0248
Epoch [1217/2000] | Sampled: 351.75 | Baseline: 331.50 | Improvement: -20.25 | Win Rate: 0.00% | Actor Loss: -0.8966 | Entropy: 1.0023 | Invalid S/B: 0.12/0.00 | Max Load: 4.5 | Load Gap: 1.5 | Group CV: 0.0312
Epoch [1218/2000] | Sampled: 356.50 | Baseline: 304.00 | Improvement: -52.50 | Win Rate: 0.00% | Actor Loss: -1.4408 | Entropy: 0.9835 | Invalid S/B: 0.00/0.00 | Max Load: 4.1 | Load Gap: 1.1 | Group CV: 0.0268
Epoch [1219/2000] | Sampled: 351.88 | Baseline: 311.00 | Improvement: -40.88 | Win Rate: 0.00% | Actor Loss: 1.1716 | Entropy: 0.9783 | Invalid S/B: 0.00/0.00 | Max Load: 4.0 | Load Gap: 1.0 | Group CV: 0.0449
Epoch [1220/2000] | Sampled: 346.88 | Baseline: 319.50 | Improvement: -27.38 | Win Rate: 0.00% | Actor Loss: 0.4794 | Entropy: 0.9815 | Invalid S/B: 0.00/0.00 | Max Load: 4.2 | Load Gap: 1.2 | Group CV: 0.0153
   -> Validation | Samples: 50 | Makespan: 347.96 | Invalid Jobs: 0.00 | Score: 347.96
Epoch [1221/2000] | Sampled: 359.50 | Baseline: 321.50 | Improvement: -38.00 | Win Rate: 0.00% | Actor Loss: -4.9210 | Entropy: 0.9846 | Invalid S/B: 0.00/0.00 | Max Load: 4.1 | Load Gap: 1.1 | Group CV: 0.0330
Epoch [1222/2000] | Sampled: 349.25 | Baseline: 322.50 | Improvement: -26.75 | Win Rate: 0.00% | Actor Loss: 2.1988 | Entropy: 0.9646 | Invalid S/B: 0.00/0.00 | Max Load: 4.5 | Load Gap: 1.5 | Group CV: 0.0333
Epoch [1223/2000] | Sampled: 347.00 | Baseline: 351.50 | Improvement: 4.50 | Win Rate: 50.00% | Actor Loss: -0.3147 | Entropy: 0.9646 | Invalid S/B: 0.00/0.00 | Max Load: 4.1 | Load Gap: 1.1 | Group CV: 0.0157
Epoch [1224/2000] | Sampled: 352.12 | Baseline: 334.50 | Improvement: -17.62 | Win Rate: 37.50% | Actor Loss: 2.1117 | Entropy: 0.9786 | Invalid S/B: 0.00/0.00 | Max Load: 4.0 | Load Gap: 1.0 | Group CV: 0.0210
Epoch [1225/2000] | Sampled: 346.75 | Baseline: 352.50 | Improvement: 5.75 | Win Rate: 75.00% | Actor Loss: -0.4168 | Entropy: 0.9760 | Invalid S/B: 0.00/0.00 | Max Load: 4.4 | Load Gap: 1.4 | Group CV: 0.0273
Epoch [1226/2000] | Sampled: 347.62 | Baseline: 328.50 | Improvement: -19.12 | Win Rate: 50.00% | Actor Loss: -2.2164 | Entropy: 0.9911 | Invalid S/B: 0.00/0.00 | Max Load: 4.1 | Load Gap: 1.1 | Group CV: 0.0180
Epoch [1227/2000] | Sampled: 347.50 | Baseline: 365.50 | Improvement: 18.00 | Win Rate: 87.50% | Actor Loss: 1.5997 | Entropy: 0.9835 | Invalid S/B: 0.00/0.00 | Max Load: 4.0 | Load Gap: 1.0 | Group CV: 0.0423
Epoch [1228/2000] | Sampled: 365.38 | Baseline: 393.00 | Improvement: 27.62 | Win Rate: 100.00% | Actor Loss: 2.1877 | Entropy: 0.9814 | Invalid S/B: 0.00/0.00 | Max Load: 4.2 | Load Gap: 1.2 | Group CV: 0.0174
Epoch [1229/2000] | Sampled: 370.25 | Baseline: 396.50 | Improvement: 26.25 | Win Rate: 50.00% | Actor Loss: 2.1504 | Entropy: 0.9848 | Invalid S/B: 0.00/0.00 | Max Load: 4.4 | Load Gap: 1.4 | Group CV: 0.0206
Epoch [1230/2000] | Sampled: 366.25 | Baseline: 370.00 | Improvement: 3.75 | Win Rate: 50.00% | Actor Loss: -2.2364 | Entropy: 1.0228 | Invalid S/B: 0.00/0.00 | Max Load: 4.1 | Load Gap: 1.1 | Group CV: 0.0248
   -> Validation | Samples: 50 | Makespan: 348.94 | Invalid Jobs: 0.00 | Score: 348.94
Epoch [1231/2000] | Sampled: 336.12 | Baseline: 338.00 | Improvement: 1.88 | Win Rate: 62.50% | Actor Loss: 0.7712 | Entropy: 0.9668 | Invalid S/B: 0.00/0.00 | Max Load: 4.1 | Load Gap: 1.1 | Group CV: 0.0212
Epoch [1232/2000] | Sampled: 369.75 | Baseline: 343.50 | Improvement: -26.25 | Win Rate: 0.00% | Actor Loss: -0.7604 | Entropy: 1.0290 | Invalid S/B: 0.00/0.00 | Max Load: 4.1 | Load Gap: 1.1 | Group CV: 0.0240
Epoch [1233/2000] | Sampled: 362.12 | Baseline: 332.50 | Improvement: -29.62 | Win Rate: 0.00% | Actor Loss: -0.2423 | Entropy: 1.0052 | Invalid S/B: 0.00/0.00 | Max Load: 4.0 | Load Gap: 1.0 | Group CV: 0.0183
Epoch [1234/2000] | Sampled: 356.50 | Baseline: 332.00 | Improvement: -24.50 | Win Rate: 50.00% | Actor Loss: 2.7340 | Entropy: 0.9938 | Invalid S/B: 0.00/0.00 | Max Load: 4.2 | Load Gap: 1.2 | Group CV: 0.0257
Epoch [1235/2000] | Sampled: 350.75 | Baseline: 331.00 | Improvement: -19.75 | Win Rate: 0.00% | Actor Loss: 3.0915 | Entropy: 0.9801 | Invalid S/B: 0.00/0.00 | Max Load: 4.1 | Load Gap: 1.1 | Group CV: 0.0147
Epoch [1236/2000] | Sampled: 343.62 | Baseline: 309.50 | Improvement: -34.12 | Win Rate: 0.00% | Actor Loss: 6.9239 | Entropy: 1.0048 | Invalid S/B: 0.00/0.00 | Max Load: 4.4 | Load Gap: 1.4 | Group CV: 0.0290
Epoch [1237/2000] | Sampled: 362.62 | Baseline: 335.50 | Improvement: -27.12 | Win Rate: 0.00% | Actor Loss: 5.4636 | Entropy: 1.0184 | Invalid S/B: 0.00/0.00 | Max Load: 4.2 | Load Gap: 1.2 | Group CV: 0.0478
Epoch [1238/2000] | Sampled: 351.50 | Baseline: 357.00 | Improvement: 5.50 | Win Rate: 87.50% | Actor Loss: 2.7704 | Entropy: 1.0186 | Invalid S/B: 0.00/0.00 | Max Load: 4.2 | Load Gap: 1.2 | Group CV: 0.0150
Epoch [1239/2000] | Sampled: 334.38 | Baseline: 329.00 | Improvement: -5.38 | Win Rate: 50.00% | Actor Loss: 0.1185 | Entropy: 1.0174 | Invalid S/B: 0.00/0.00 | Max Load: 4.4 | Load Gap: 1.4 | Group CV: 0.0194
Epoch [1240/2000] | Sampled: 343.50 | Baseline: 329.00 | Improvement: -14.50 | Win Rate: 25.00% | Actor Loss: -2.0268 | Entropy: 0.9923 | Invalid S/B: 0.00/0.00 | Max Load: 4.2 | Load Gap: 1.2 | Group CV: 0.0235
   -> Validation | Samples: 50 | Makespan: 351.76 | Invalid Jobs: 0.02 | Score: 353.76
Epoch [1241/2000] | Sampled: 353.25 | Baseline: 379.50 | Improvement: 26.25 | Win Rate: 87.50% | Actor Loss: -1.5874 | Entropy: 1.0355 | Invalid S/B: 0.00/0.00 | Max Load: 4.4 | Load Gap: 1.4 | Group CV: 0.0324
Epoch [1242/2000] | Sampled: 331.38 | Baseline: 328.50 | Improvement: -2.88 | Win Rate: 50.00% | Actor Loss: -0.5120 | Entropy: 1.0364 | Invalid S/B: 0.00/0.00 | Max Load: 4.6 | Load Gap: 1.6 | Group CV: 0.0162
Epoch [1243/2000] | Sampled: 348.38 | Baseline: 335.00 | Improvement: -13.38 | Win Rate: 25.00% | Actor Loss: -2.4263 | Entropy: 1.0524 | Invalid S/B: 0.00/0.00 | Max Load: 4.1 | Load Gap: 1.1 | Group CV: 0.0169
Epoch [1244/2000] | Sampled: 343.38 | Baseline: 310.00 | Improvement: -33.38 | Win Rate: 0.00% | Actor Loss: 0.0319 | Entropy: 1.0388 | Invalid S/B: 0.00/0.00 | Max Load: 4.1 | Load Gap: 1.1 | Group CV: 0.0210
Epoch [1245/2000] | Sampled: 343.50 | Baseline: 313.00 | Improvement: -30.50 | Win Rate: 50.00% | Actor Loss: 4.1025 | Entropy: 1.0571 | Invalid S/B: 0.00/0.00 | Max Load: 4.0 | Load Gap: 1.0 | Group CV: 0.0222
Epoch [1246/2000] | Sampled: 348.50 | Baseline: 332.50 | Improvement: -16.00 | Win Rate: 12.50% | Actor Loss: 0.2315 | Entropy: 1.0487 | Invalid S/B: 0.00/0.00 | Max Load: 4.2 | Load Gap: 1.2 | Group CV: 0.0154
Epoch [1247/2000] | Sampled: 350.50 | Baseline: 367.50 | Improvement: 17.00 | Win Rate: 87.50% | Actor Loss: -1.5815 | Entropy: 1.0753 | Invalid S/B: 0.00/0.00 | Max Load: 4.2 | Load Gap: 1.2 | Group CV: 0.0169
Epoch [1248/2000] | Sampled: 348.75 | Baseline: 309.00 | Improvement: -39.75 | Win Rate: 0.00% | Actor Loss: -4.3849 | Entropy: 1.0671 | Invalid S/B: 0.00/0.00 | Max Load: 4.0 | Load Gap: 1.0 | Group CV: 0.0262
Epoch [1249/2000] | Sampled: 348.75 | Baseline: 314.00 | Improvement: -34.75 | Win Rate: 0.00% | Actor Loss: -2.6726 | Entropy: 1.0764 | Invalid S/B: 0.00/0.00 | Max Load: 4.1 | Load Gap: 1.1 | Group CV: 0.0161
Epoch [1250/2000] | Sampled: 353.50 | Baseline: 338.50 | Improvement: -15.00 | Win Rate: 25.00% | Actor Loss: -6.3988 | Entropy: 1.0888 | Invalid S/B: 0.00/0.00 | Max Load: 4.4 | Load Gap: 1.4 | Group CV: 0.0146
   -> Validation | Samples: 50 | Makespan: 350.58 | Invalid Jobs: 0.00 | Score: 350.58
Epoch [1251/2000] | Sampled: 348.12 | Baseline: 326.00 | Improvement: -22.12 | Win Rate: 12.50% | Actor Loss: -0.0228 | Entropy: 1.0934 | Invalid S/B: 0.00/0.00 | Max Load: 4.2 | Load Gap: 1.2 | Group CV: 0.0384
Epoch [1252/2000] | Sampled: 354.88 | Baseline: 350.50 | Improvement: -4.38 | Win Rate: 50.00% | Actor Loss: -5.2235 | Entropy: 1.1118 | Invalid S/B: 0.00/0.00 | Max Load: 4.6 | Load Gap: 1.6 | Group CV: 0.0140
Epoch [1253/2000] | Sampled: 350.00 | Baseline: 347.00 | Improvement: -3.00 | Win Rate: 50.00% | Actor Loss: -4.7623 | Entropy: 1.0801 | Invalid S/B: 0.00/0.00 | Max Load: 4.2 | Load Gap: 1.2 | Group CV: 0.0217
Epoch [1254/2000] | Sampled: 366.62 | Baseline: 367.50 | Improvement: 0.88 | Win Rate: 62.50% | Actor Loss: -1.9755 | Entropy: 1.0662 | Invalid S/B: 0.00/0.50 | Max Load: 4.0 | Load Gap: 1.0 | Group CV: 0.0276
Epoch [1255/2000] | Sampled: 368.12 | Baseline: 320.50 | Improvement: -47.62 | Win Rate: 0.00% | Actor Loss: 6.7653 | Entropy: 1.0880 | Invalid S/B: 0.00/0.00 | Max Load: 4.0 | Load Gap: 1.0 | Group CV: 0.0351
Epoch [1256/2000] | Sampled: 356.12 | Baseline: 325.50 | Improvement: -30.62 | Win Rate: 0.00% | Actor Loss: 1.4352 | Entropy: 1.0769 | Invalid S/B: 0.00/0.00 | Max Load: 4.0 | Load Gap: 1.0 | Group CV: 0.0106
Epoch [1257/2000] | Sampled: 347.25 | Baseline: 298.50 | Improvement: -48.75 | Win Rate: 0.00% | Actor Loss: -3.5834 | Entropy: 1.0608 | Invalid S/B: 0.00/0.00 | Max Load: 4.2 | Load Gap: 1.2 | Group CV: 0.0224
Epoch [1258/2000] | Sampled: 348.50 | Baseline: 324.50 | Improvement: -24.00 | Win Rate: 0.00% | Actor Loss: -0.6546 | Entropy: 1.0721 | Invalid S/B: 0.00/0.00 | Max Load: 4.2 | Load Gap: 1.2 | Group CV: 0.0205
Epoch [1259/2000] | Sampled: 352.88 | Baseline: 362.50 | Improvement: 9.62 | Win Rate: 50.00% | Actor Loss: 0.7048 | Entropy: 1.0768 | Invalid S/B: 0.00/0.00 | Max Load: 4.1 | Load Gap: 1.1 | Group CV: 0.0211
Epoch [1260/2000] | Sampled: 356.50 | Baseline: 323.00 | Improvement: -33.50 | Win Rate: 0.00% | Actor Loss: -2.9960 | Entropy: 1.0931 | Invalid S/B: 0.00/0.00 | Max Load: 4.1 | Load Gap: 1.1 | Group CV: 0.0304
   -> Validation | Samples: 50 | Makespan: 350.64 | Invalid Jobs: 0.02 | Score: 352.64
Epoch [1261/2000] | Sampled: 355.00 | Baseline: 358.00 | Improvement: 3.00 | Win Rate: 50.00% | Actor Loss: -2.8528 | Entropy: 1.0528 | Invalid S/B: 0.00/0.00 | Max Load: 4.1 | Load Gap: 1.1 | Group CV: 0.0424
Epoch [1262/2000] | Sampled: 343.62 | Baseline: 346.00 | Improvement: 2.38 | Win Rate: 50.00% | Actor Loss: 0.1763 | Entropy: 1.0244 | Invalid S/B: 0.00/0.00 | Max Load: 4.5 | Load Gap: 1.5 | Group CV: 0.0433
Epoch [1263/2000] | Sampled: 347.62 | Baseline: 319.00 | Improvement: -28.62 | Win Rate: 0.00% | Actor Loss: -5.2106 | Entropy: 1.0721 | Invalid S/B: 0.00/0.00 | Max Load: 4.1 | Load Gap: 1.1 | Group CV: 0.0349
Epoch [1264/2000] | Sampled: 363.50 | Baseline: 354.00 | Improvement: -9.50 | Win Rate: 50.00% | Actor Loss: 2.1988 | Entropy: 1.0254 | Invalid S/B: 0.00/0.00 | Max Load: 4.1 | Load Gap: 1.1 | Group CV: 0.0190
Epoch [1265/2000] | Sampled: 368.00 | Baseline: 342.00 | Improvement: -26.00 | Win Rate: 25.00% | Actor Loss: -2.4465 | Entropy: 1.0440 | Invalid S/B: 0.00/0.00 | Max Load: 4.2 | Load Gap: 1.2 | Group CV: 0.0285
Epoch [1266/2000] | Sampled: 356.38 | Baseline: 339.50 | Improvement: -16.88 | Win Rate: 12.50% | Actor Loss: -2.1082 | Entropy: 1.0631 | Invalid S/B: 0.00/0.00 | Max Load: 4.1 | Load Gap: 1.1 | Group CV: 0.0321
Epoch [1267/2000] | Sampled: 345.12 | Baseline: 315.50 | Improvement: -29.62 | Win Rate: 0.00% | Actor Loss: -0.8040 | Entropy: 1.0471 | Invalid S/B: 0.00/0.00 | Max Load: 4.0 | Load Gap: 1.0 | Group CV: 0.0256
Epoch [1268/2000] | Sampled: 342.38 | Baseline: 298.50 | Improvement: -43.88 | Win Rate: 0.00% | Actor Loss: 2.8680 | Entropy: 1.0278 | Invalid S/B: 0.00/0.00 | Max Load: 4.0 | Load Gap: 1.0 | Group CV: 0.0193
Epoch [1269/2000] | Sampled: 356.62 | Baseline: 347.50 | Improvement: -9.12 | Win Rate: 37.50% | Actor Loss: -2.6698 | Entropy: 1.0486 | Invalid S/B: 0.00/0.00 | Max Load: 4.2 | Load Gap: 1.2 | Group CV: 0.0182
Epoch [1270/2000] | Sampled: 350.12 | Baseline: 320.00 | Improvement: -30.12 | Win Rate: 0.00% | Actor Loss: 2.3859 | Entropy: 1.0293 | Invalid S/B: 0.00/0.00 | Max Load: 4.1 | Load Gap: 1.1 | Group CV: 0.0142
   -> Validation | Samples: 50 | Makespan: 349.88 | Invalid Jobs: 0.04 | Score: 353.88
Epoch [1271/2000] | Sampled: 365.00 | Baseline: 344.50 | Improvement: -20.50 | Win Rate: 12.50% | Actor Loss: 0.4936 | Entropy: 0.9896 | Invalid S/B: 0.00/0.00 | Max Load: 4.2 | Load Gap: 1.2 | Group CV: 0.0328
Epoch [1272/2000] | Sampled: 358.25 | Baseline: 338.00 | Improvement: -20.25 | Win Rate: 37.50% | Actor Loss: 5.3941 | Entropy: 1.0042 | Invalid S/B: 0.00/0.00 | Max Load: 4.2 | Load Gap: 1.2 | Group CV: 0.0238
Epoch [1273/2000] | Sampled: 344.75 | Baseline: 336.00 | Improvement: -8.75 | Win Rate: 12.50% | Actor Loss: -1.5980 | Entropy: 0.9866 | Invalid S/B: 0.00/0.00 | Max Load: 4.2 | Load Gap: 1.2 | Group CV: 0.0285
Epoch [1274/2000] | Sampled: 343.38 | Baseline: 292.50 | Improvement: -50.88 | Win Rate: 0.00% | Actor Loss: -4.3631 | Entropy: 0.9468 | Invalid S/B: 0.00/0.00 | Max Load: 4.2 | Load Gap: 1.2 | Group CV: 0.0182
Epoch [1275/2000] | Sampled: 351.12 | Baseline: 334.00 | Improvement: -17.12 | Win Rate: 50.00% | Actor Loss: -0.0858 | Entropy: 0.9675 | Invalid S/B: 0.00/0.00 | Max Load: 4.1 | Load Gap: 1.1 | Group CV: 0.0159
Epoch [1276/2000] | Sampled: 360.50 | Baseline: 339.50 | Improvement: -21.00 | Win Rate: 12.50% | Actor Loss: 2.3621 | Entropy: 0.9967 | Invalid S/B: 0.00/0.00 | Max Load: 4.0 | Load Gap: 1.0 | Group CV: 0.0156
Epoch [1277/2000] | Sampled: 349.50 | Baseline: 337.00 | Improvement: -12.50 | Win Rate: 37.50% | Actor Loss: -1.1852 | Entropy: 0.9966 | Invalid S/B: 0.00/0.00 | Max Load: 4.2 | Load Gap: 1.2 | Group CV: 0.0311
Epoch [1278/2000] | Sampled: 351.12 | Baseline: 345.00 | Improvement: -6.12 | Win Rate: 25.00% | Actor Loss: -1.4012 | Entropy: 0.9914 | Invalid S/B: 0.00/0.00 | Max Load: 4.1 | Load Gap: 1.1 | Group CV: 0.0177
Epoch [1279/2000] | Sampled: 348.00 | Baseline: 331.50 | Improvement: -16.50 | Win Rate: 25.00% | Actor Loss: -2.5956 | Entropy: 0.9781 | Invalid S/B: 0.00/0.00 | Max Load: 4.0 | Load Gap: 1.0 | Group CV: 0.0247
Epoch [1280/2000] | Sampled: 344.62 | Baseline: 327.00 | Improvement: -17.62 | Win Rate: 12.50% | Actor Loss: -3.6581 | Entropy: 0.9838 | Invalid S/B: 0.00/0.00 | Max Load: 4.1 | Load Gap: 1.1 | Group CV: 0.0197
   -> Validation | Samples: 50 | Makespan: 348.64 | Invalid Jobs: 0.00 | Score: 348.64
Epoch [1281/2000] | Sampled: 347.38 | Baseline: 317.00 | Improvement: -30.38 | Win Rate: 0.00% | Actor Loss: -4.9997 | Entropy: 0.9311 | Invalid S/B: 0.00/0.00 | Max Load: 4.0 | Load Gap: 1.0 | Group CV: 0.0175
Epoch [1282/2000] | Sampled: 359.25 | Baseline: 367.00 | Improvement: 7.75 | Win Rate: 50.00% | Actor Loss: -0.8222 | Entropy: 0.9471 | Invalid S/B: 0.00/0.00 | Max Load: 4.2 | Load Gap: 1.2 | Group CV: 0.0188
Epoch [1283/2000] | Sampled: 370.50 | Baseline: 359.50 | Improvement: -11.00 | Win Rate: 37.50% | Actor Loss: 7.8761 | Entropy: 0.9660 | Invalid S/B: 0.12/0.00 | Max Load: 4.4 | Load Gap: 1.4 | Group CV: 0.0604
Epoch [1284/2000] | Sampled: 356.00 | Baseline: 344.00 | Improvement: -12.00 | Win Rate: 12.50% | Actor Loss: 1.3227 | Entropy: 0.9537 | Invalid S/B: 0.00/0.00 | Max Load: 4.4 | Load Gap: 1.4 | Group CV: 0.0287
Epoch [1285/2000] | Sampled: 342.25 | Baseline: 359.50 | Improvement: 17.25 | Win Rate: 50.00% | Actor Loss: 0.5416 | Entropy: 0.9473 | Invalid S/B: 0.00/0.00 | Max Load: 4.1 | Load Gap: 1.1 | Group CV: 0.0229
Epoch [1286/2000] | Sampled: 344.88 | Baseline: 325.00 | Improvement: -19.88 | Win Rate: 25.00% | Actor Loss: 0.0048 | Entropy: 0.9875 | Invalid S/B: 0.00/0.00 | Max Load: 4.1 | Load Gap: 1.1 | Group CV: 0.0220
Epoch [1287/2000] | Sampled: 334.38 | Baseline: 287.00 | Improvement: -47.38 | Win Rate: 0.00% | Actor Loss: -3.2994 | Entropy: 0.9282 | Invalid S/B: 0.00/0.00 | Max Load: 4.1 | Load Gap: 1.1 | Group CV: 0.0315
Epoch [1288/2000] | Sampled: 336.88 | Baseline: 327.00 | Improvement: -9.88 | Win Rate: 25.00% | Actor Loss: -0.5048 | Entropy: 0.9409 | Invalid S/B: 0.00/0.00 | Max Load: 4.2 | Load Gap: 1.2 | Group CV: 0.0163
Epoch [1289/2000] | Sampled: 360.88 | Baseline: 343.00 | Improvement: -17.88 | Win Rate: 37.50% | Actor Loss: 2.2862 | Entropy: 0.9257 | Invalid S/B: 0.25/0.00 | Max Load: 4.5 | Load Gap: 1.5 | Group CV: 0.0509
Epoch [1290/2000] | Sampled: 337.50 | Baseline: 319.50 | Improvement: -18.00 | Win Rate: 50.00% | Actor Loss: 1.4253 | Entropy: 0.9438 | Invalid S/B: 0.00/0.00 | Max Load: 4.0 | Load Gap: 1.0 | Group CV: 0.0083
   -> Validation | Samples: 50 | Makespan: 352.40 | Invalid Jobs: 0.00 | Score: 352.40
Epoch [1291/2000] | Sampled: 367.62 | Baseline: 381.50 | Improvement: 13.88 | Win Rate: 62.50% | Actor Loss: 3.5085 | Entropy: 0.9420 | Invalid S/B: 0.00/0.00 | Max Load: 4.0 | Load Gap: 1.0 | Group CV: 0.0197
Epoch [1292/2000] | Sampled: 343.25 | Baseline: 331.00 | Improvement: -12.25 | Win Rate: 50.00% | Actor Loss: 0.4248 | Entropy: 0.9251 | Invalid S/B: 0.00/0.00 | Max Load: 4.1 | Load Gap: 1.1 | Group CV: 0.0154
Epoch [1293/2000] | Sampled: 344.38 | Baseline: 330.00 | Improvement: -14.38 | Win Rate: 50.00% | Actor Loss: 4.2749 | Entropy: 0.9510 | Invalid S/B: 0.00/0.00 | Max Load: 4.1 | Load Gap: 1.1 | Group CV: 0.0183
Epoch [1294/2000] | Sampled: 352.75 | Baseline: 332.00 | Improvement: -20.75 | Win Rate: 0.00% | Actor Loss: 2.8598 | Entropy: 0.9098 | Invalid S/B: 0.00/0.00 | Max Load: 4.1 | Load Gap: 1.1 | Group CV: 0.0235
Epoch [1295/2000] | Sampled: 346.12 | Baseline: 315.00 | Improvement: -31.12 | Win Rate: 0.00% | Actor Loss: -1.2271 | Entropy: 0.9308 | Invalid S/B: 0.00/0.00 | Max Load: 4.1 | Load Gap: 1.1 | Group CV: 0.0200
Epoch [1296/2000] | Sampled: 343.25 | Baseline: 350.00 | Improvement: 6.75 | Win Rate: 62.50% | Actor Loss: -1.5848 | Entropy: 0.9421 | Invalid S/B: 0.00/0.00 | Max Load: 4.1 | Load Gap: 1.1 | Group CV: 0.0188
Epoch [1297/2000] | Sampled: 348.50 | Baseline: 316.50 | Improvement: -32.00 | Win Rate: 0.00% | Actor Loss: -4.5663 | Entropy: 0.9513 | Invalid S/B: 0.00/0.00 | Max Load: 4.1 | Load Gap: 1.1 | Group CV: 0.0186
Epoch [1298/2000] | Sampled: 351.62 | Baseline: 320.50 | Improvement: -31.12 | Win Rate: 0.00% | Actor Loss: -3.0516 | Entropy: 0.9392 | Invalid S/B: 0.00/0.00 | Max Load: 4.0 | Load Gap: 1.0 | Group CV: 0.0216
Epoch [1299/2000] | Sampled: 351.50 | Baseline: 355.00 | Improvement: 3.50 | Win Rate: 50.00% | Actor Loss: 0.5513 | Entropy: 0.9217 | Invalid S/B: 0.00/0.00 | Max Load: 4.4 | Load Gap: 1.4 | Group CV: 0.0189
Epoch [1300/2000] | Sampled: 358.00 | Baseline: 354.00 | Improvement: -4.00 | Win Rate: 25.00% | Actor Loss: 1.4117 | Entropy: 0.9518 | Invalid S/B: 0.00/0.00 | Max Load: 4.1 | Load Gap: 1.1 | Group CV: 0.0233
   -> Validation | Samples: 50 | Makespan: 348.54 | Invalid Jobs: 0.00 | Score: 348.54
   -> Saved updated training chart to /home/wei/Desktop/AMR-DFJSP/Static_alogorithm/GNN/gnn_training_metrics.png
Epoch [1301/2000] | Sampled: 362.62 | Baseline: 349.50 | Improvement: -13.12 | Win Rate: 37.50% | Actor Loss: -2.6879 | Entropy: 0.9604 | Invalid S/B: 0.00/0.00 | Max Load: 4.1 | Load Gap: 1.1 | Group CV: 0.0271
Epoch [1302/2000] | Sampled: 344.75 | Baseline: 341.00 | Improvement: -3.75 | Win Rate: 50.00% | Actor Loss: -0.0544 | Entropy: 0.9418 | Invalid S/B: 0.00/0.00 | Max Load: 4.1 | Load Gap: 1.1 | Group CV: 0.0087
Epoch [1303/2000] | Sampled: 344.62 | Baseline: 293.50 | Improvement: -51.12 | Win Rate: 0.00% | Actor Loss: 2.3395 | Entropy: 0.9450 | Invalid S/B: 0.00/0.00 | Max Load: 4.1 | Load Gap: 1.1 | Group CV: 0.0192
Epoch [1304/2000] | Sampled: 347.25 | Baseline: 330.50 | Improvement: -16.75 | Win Rate: 50.00% | Actor Loss: -0.1753 | Entropy: 0.9407 | Invalid S/B: 0.00/0.00 | Max Load: 4.2 | Load Gap: 1.2 | Group CV: 0.0324
Epoch [1305/2000] | Sampled: 360.12 | Baseline: 311.00 | Improvement: -49.12 | Win Rate: 0.00% | Actor Loss: -5.7731 | Entropy: 0.9041 | Invalid S/B: 0.12/0.00 | Max Load: 4.1 | Load Gap: 1.1 | Group CV: 0.0483
Epoch [1306/2000] | Sampled: 355.25 | Baseline: 340.00 | Improvement: -15.25 | Win Rate: 25.00% | Actor Loss: 4.7185 | Entropy: 0.9630 | Invalid S/B: 0.12/0.00 | Max Load: 4.1 | Load Gap: 1.1 | Group CV: 0.0179
Epoch [1307/2000] | Sampled: 346.25 | Baseline: 323.50 | Improvement: -22.75 | Win Rate: 25.00% | Actor Loss: 2.8161 | Entropy: 0.9006 | Invalid S/B: 0.00/0.00 | Max Load: 4.0 | Load Gap: 1.0 | Group CV: 0.0177
Epoch [1308/2000] | Sampled: 342.38 | Baseline: 340.50 | Improvement: -1.88 | Win Rate: 62.50% | Actor Loss: -3.1025 | Entropy: 0.9636 | Invalid S/B: 0.00/0.00 | Max Load: 4.0 | Load Gap: 1.0 | Group CV: 0.0220
Epoch [1309/2000] | Sampled: 343.38 | Baseline: 341.50 | Improvement: -1.88 | Win Rate: 50.00% | Actor Loss: -2.3510 | Entropy: 0.9196 | Invalid S/B: 0.00/0.00 | Max Load: 4.0 | Load Gap: 1.0 | Group CV: 0.0136
Epoch [1310/2000] | Sampled: 340.88 | Baseline: 325.00 | Improvement: -15.88 | Win Rate: 50.00% | Actor Loss: -3.1455 | Entropy: 0.9437 | Invalid S/B: 0.00/0.00 | Max Load: 4.0 | Load Gap: 1.0 | Group CV: 0.0132
   -> Validation | Samples: 50 | Makespan: 346.68 | Invalid Jobs: 0.00 | Score: 346.68
   -> Saved new best model (Val Score: 346.68)
Epoch [1311/2000] | Sampled: 347.62 | Baseline: 344.00 | Improvement: -3.62 | Win Rate: 37.50% | Actor Loss: -4.0708 | Entropy: 0.9259 | Invalid S/B: 0.00/0.00 | Max Load: 4.0 | Load Gap: 1.0 | Group CV: 0.0305
Epoch [1312/2000] | Sampled: 342.62 | Baseline: 324.00 | Improvement: -18.62 | Win Rate: 25.00% | Actor Loss: 3.6848 | Entropy: 0.9590 | Invalid S/B: 0.00/0.00 | Max Load: 4.1 | Load Gap: 1.1 | Group CV: 0.0295
Epoch [1313/2000] | Sampled: 343.38 | Baseline: 341.50 | Improvement: -1.88 | Win Rate: 50.00% | Actor Loss: 0.5279 | Entropy: 0.9211 | Invalid S/B: 0.00/0.00 | Max Load: 4.0 | Load Gap: 1.0 | Group CV: 0.0268
Epoch [1314/2000] | Sampled: 350.62 | Baseline: 347.00 | Improvement: -3.62 | Win Rate: 50.00% | Actor Loss: -9.2813 | Entropy: 0.9283 | Invalid S/B: 0.00/0.00 | Max Load: 4.4 | Load Gap: 1.4 | Group CV: 0.0151
Epoch [1315/2000] | Sampled: 352.88 | Baseline: 346.00 | Improvement: -6.88 | Win Rate: 37.50% | Actor Loss: 0.7794 | Entropy: 0.9391 | Invalid S/B: 0.00/0.00 | Max Load: 4.1 | Load Gap: 1.1 | Group CV: 0.0387
Epoch [1316/2000] | Sampled: 364.12 | Baseline: 321.50 | Improvement: -42.62 | Win Rate: 0.00% | Actor Loss: 1.4124 | Entropy: 0.9217 | Invalid S/B: 0.12/0.00 | Max Load: 4.1 | Load Gap: 1.1 | Group CV: 0.0328
Epoch [1317/2000] | Sampled: 348.62 | Baseline: 330.00 | Improvement: -18.62 | Win Rate: 0.00% | Actor Loss: -1.8491 | Entropy: 0.9041 | Invalid S/B: 0.00/0.00 | Max Load: 4.0 | Load Gap: 1.0 | Group CV: 0.0203
Epoch [1318/2000] | Sampled: 346.62 | Baseline: 306.50 | Improvement: -40.12 | Win Rate: 0.00% | Actor Loss: -0.8663 | Entropy: 0.8890 | Invalid S/B: 0.00/0.00 | Max Load: 4.2 | Load Gap: 1.2 | Group CV: 0.0170
Epoch [1319/2000] | Sampled: 350.88 | Baseline: 346.00 | Improvement: -4.88 | Win Rate: 50.00% | Actor Loss: 1.0109 | Entropy: 0.9290 | Invalid S/B: 0.00/0.00 | Max Load: 4.0 | Load Gap: 1.0 | Group CV: 0.0124
Epoch [1320/2000] | Sampled: 353.50 | Baseline: 323.50 | Improvement: -30.00 | Win Rate: 0.00% | Actor Loss: -7.3392 | Entropy: 0.9139 | Invalid S/B: 0.00/0.00 | Max Load: 4.2 | Load Gap: 1.2 | Group CV: 0.0272
   -> Validation | Samples: 50 | Makespan: 351.20 | Invalid Jobs: 0.00 | Score: 351.20
Epoch [1321/2000] | Sampled: 351.50 | Baseline: 318.50 | Improvement: -33.00 | Win Rate: 0.00% | Actor Loss: 1.1652 | Entropy: 0.9344 | Invalid S/B: 0.00/0.00 | Max Load: 4.1 | Load Gap: 1.1 | Group CV: 0.0163
Epoch [1322/2000] | Sampled: 358.00 | Baseline: 346.00 | Improvement: -12.00 | Win Rate: 37.50% | Actor Loss: 1.4075 | Entropy: 0.9215 | Invalid S/B: 0.00/0.00 | Max Load: 4.5 | Load Gap: 1.5 | Group CV: 0.0220
Epoch [1323/2000] | Sampled: 343.50 | Baseline: 338.00 | Improvement: -5.50 | Win Rate: 50.00% | Actor Loss: -0.1961 | Entropy: 0.9402 | Invalid S/B: 0.00/0.00 | Max Load: 4.2 | Load Gap: 1.2 | Group CV: 0.0110
Epoch [1324/2000] | Sampled: 368.75 | Baseline: 372.00 | Improvement: 3.25 | Win Rate: 50.00% | Actor Loss: 0.2003 | Entropy: 0.9000 | Invalid S/B: 0.00/0.00 | Max Load: 4.4 | Load Gap: 1.4 | Group CV: 0.0317
Epoch [1325/2000] | Sampled: 344.62 | Baseline: 322.00 | Improvement: -22.62 | Win Rate: 25.00% | Actor Loss: -4.5447 | Entropy: 0.9282 | Invalid S/B: 0.00/0.00 | Max Load: 4.1 | Load Gap: 1.1 | Group CV: 0.0134
Epoch [1326/2000] | Sampled: 353.00 | Baseline: 333.00 | Improvement: -20.00 | Win Rate: 0.00% | Actor Loss: -0.5589 | Entropy: 0.8966 | Invalid S/B: 0.00/0.00 | Max Load: 4.1 | Load Gap: 1.1 | Group CV: 0.0235
Epoch [1327/2000] | Sampled: 351.88 | Baseline: 323.00 | Improvement: -28.88 | Win Rate: 0.00% | Actor Loss: 0.1581 | Entropy: 0.9189 | Invalid S/B: 0.00/0.00 | Max Load: 4.0 | Load Gap: 1.0 | Group CV: 0.0263
Epoch [1328/2000] | Sampled: 346.25 | Baseline: 331.00 | Improvement: -15.25 | Win Rate: 0.00% | Actor Loss: -0.7610 | Entropy: 0.9028 | Invalid S/B: 0.00/0.00 | Max Load: 4.1 | Load Gap: 1.1 | Group CV: 0.0188
Epoch [1329/2000] | Sampled: 363.25 | Baseline: 337.50 | Improvement: -25.75 | Win Rate: 0.00% | Actor Loss: 2.0263 | Entropy: 0.8998 | Invalid S/B: 0.00/0.00 | Max Load: 4.2 | Load Gap: 1.2 | Group CV: 0.0251
Epoch [1330/2000] | Sampled: 339.00 | Baseline: 321.00 | Improvement: -18.00 | Win Rate: 12.50% | Actor Loss: -3.1285 | Entropy: 0.9198 | Invalid S/B: 0.00/0.00 | Max Load: 4.0 | Load Gap: 1.0 | Group CV: 0.0137
   -> Validation | Samples: 50 | Makespan: 351.26 | Invalid Jobs: 0.00 | Score: 351.26
Epoch [1331/2000] | Sampled: 343.25 | Baseline: 349.00 | Improvement: 5.75 | Win Rate: 75.00% | Actor Loss: -0.0836 | Entropy: 0.9265 | Invalid S/B: 0.00/0.00 | Max Load: 4.1 | Load Gap: 1.1 | Group CV: 0.0202
Epoch [1332/2000] | Sampled: 357.88 | Baseline: 333.00 | Improvement: -24.88 | Win Rate: 0.00% | Actor Loss: -0.6352 | Entropy: 0.9156 | Invalid S/B: 0.00/0.00 | Max Load: 4.2 | Load Gap: 1.2 | Group CV: 0.0306
Epoch [1333/2000] | Sampled: 352.50 | Baseline: 330.50 | Improvement: -22.00 | Win Rate: 0.00% | Actor Loss: -4.1325 | Entropy: 0.9208 | Invalid S/B: 0.00/0.00 | Max Load: 4.2 | Load Gap: 1.2 | Group CV: 0.0115
Epoch [1334/2000] | Sampled: 344.25 | Baseline: 305.50 | Improvement: -38.75 | Win Rate: 0.00% | Actor Loss: -2.4721 | Entropy: 0.9446 | Invalid S/B: 0.00/0.00 | Max Load: 4.1 | Load Gap: 1.1 | Group CV: 0.0217
Epoch [1335/2000] | Sampled: 347.75 | Baseline: 329.50 | Improvement: -18.25 | Win Rate: 0.00% | Actor Loss: -4.1027 | Entropy: 0.8901 | Invalid S/B: 0.00/0.00 | Max Load: 4.2 | Load Gap: 1.2 | Group CV: 0.0139
Epoch [1336/2000] | Sampled: 339.88 | Baseline: 315.50 | Improvement: -24.38 | Win Rate: 0.00% | Actor Loss: -0.8803 | Entropy: 0.9137 | Invalid S/B: 0.00/0.00 | Max Load: 4.1 | Load Gap: 1.1 | Group CV: 0.0157
Epoch [1337/2000] | Sampled: 350.12 | Baseline: 376.00 | Improvement: 25.88 | Win Rate: 62.50% | Actor Loss: -2.8616 | Entropy: 0.9087 | Invalid S/B: 0.00/0.00 | Max Load: 4.0 | Load Gap: 1.0 | Group CV: 0.0281
Epoch [1338/2000] | Sampled: 354.50 | Baseline: 341.50 | Improvement: -13.00 | Win Rate: 12.50% | Actor Loss: -1.9542 | Entropy: 0.9344 | Invalid S/B: 0.12/0.00 | Max Load: 4.1 | Load Gap: 1.1 | Group CV: 0.0396
Epoch [1339/2000] | Sampled: 357.88 | Baseline: 321.00 | Improvement: -36.88 | Win Rate: 0.00% | Actor Loss: -4.0915 | Entropy: 0.9338 | Invalid S/B: 0.00/0.00 | Max Load: 4.0 | Load Gap: 1.0 | Group CV: 0.0258
Epoch [1340/2000] | Sampled: 348.25 | Baseline: 318.50 | Improvement: -29.75 | Win Rate: 0.00% | Actor Loss: -1.7728 | Entropy: 0.9223 | Invalid S/B: 0.00/0.00 | Max Load: 4.0 | Load Gap: 1.0 | Group CV: 0.0251
   -> Validation | Samples: 50 | Makespan: 347.88 | Invalid Jobs: 0.00 | Score: 347.88
Epoch [1341/2000] | Sampled: 351.88 | Baseline: 376.50 | Improvement: 24.62 | Win Rate: 87.50% | Actor Loss: 0.3123 | Entropy: 0.8877 | Invalid S/B: 0.00/0.00 | Max Load: 4.1 | Load Gap: 1.1 | Group CV: 0.0361
Epoch [1342/2000] | Sampled: 354.38 | Baseline: 363.00 | Improvement: 8.62 | Win Rate: 50.00% | Actor Loss: -0.4883 | Entropy: 0.9108 | Invalid S/B: 0.12/0.00 | Max Load: 4.2 | Load Gap: 1.2 | Group CV: 0.0344
Epoch [1343/2000] | Sampled: 355.12 | Baseline: 337.00 | Improvement: -18.12 | Win Rate: 0.00% | Actor Loss: -1.6107 | Entropy: 0.9210 | Invalid S/B: 0.00/0.00 | Max Load: 4.2 | Load Gap: 1.2 | Group CV: 0.0231
Epoch [1344/2000] | Sampled: 356.50 | Baseline: 363.50 | Improvement: 7.00 | Win Rate: 50.00% | Actor Loss: -6.0069 | Entropy: 0.8944 | Invalid S/B: 0.00/0.00 | Max Load: 4.1 | Load Gap: 1.1 | Group CV: 0.0390
Epoch [1345/2000] | Sampled: 347.00 | Baseline: 302.50 | Improvement: -44.50 | Win Rate: 0.00% | Actor Loss: -0.0640 | Entropy: 0.9141 | Invalid S/B: 0.00/0.00 | Max Load: 4.1 | Load Gap: 1.1 | Group CV: 0.0152
Epoch [1346/2000] | Sampled: 347.25 | Baseline: 337.50 | Improvement: -9.75 | Win Rate: 50.00% | Actor Loss: -1.8991 | Entropy: 0.8874 | Invalid S/B: 0.00/0.00 | Max Load: 4.1 | Load Gap: 1.1 | Group CV: 0.0095
Epoch [1347/2000] | Sampled: 357.75 | Baseline: 308.50 | Improvement: -49.25 | Win Rate: 0.00% | Actor Loss: -2.7090 | Entropy: 0.9094 | Invalid S/B: 0.00/0.00 | Max Load: 4.2 | Load Gap: 1.2 | Group CV: 0.0266
Epoch [1348/2000] | Sampled: 365.38 | Baseline: 327.50 | Improvement: -37.88 | Win Rate: 0.00% | Actor Loss: -1.1772 | Entropy: 0.9210 | Invalid S/B: 0.00/0.00 | Max Load: 4.0 | Load Gap: 1.0 | Group CV: 0.0152
Epoch [1349/2000] | Sampled: 355.50 | Baseline: 347.50 | Improvement: -8.00 | Win Rate: 50.00% | Actor Loss: -0.3429 | Entropy: 0.9079 | Invalid S/B: 0.12/0.00 | Max Load: 4.2 | Load Gap: 1.2 | Group CV: 0.0421
Epoch [1350/2000] | Sampled: 358.88 | Baseline: 366.00 | Improvement: 7.12 | Win Rate: 50.00% | Actor Loss: -0.2283 | Entropy: 0.9058 | Invalid S/B: 0.00/0.00 | Max Load: 4.8 | Load Gap: 1.8 | Group CV: 0.0314
   -> Validation | Samples: 50 | Makespan: 350.08 | Invalid Jobs: 0.00 | Score: 350.08
Epoch [1351/2000] | Sampled: 354.75 | Baseline: 349.00 | Improvement: -5.75 | Win Rate: 25.00% | Actor Loss: 0.2736 | Entropy: 0.9054 | Invalid S/B: 0.00/0.00 | Max Load: 4.6 | Load Gap: 1.6 | Group CV: 0.0172
Epoch [1352/2000] | Sampled: 346.75 | Baseline: 322.00 | Improvement: -24.75 | Win Rate: 12.50% | Actor Loss: -1.2098 | Entropy: 0.9041 | Invalid S/B: 0.00/0.00 | Max Load: 4.6 | Load Gap: 1.6 | Group CV: 0.0222
Epoch [1353/2000] | Sampled: 354.75 | Baseline: 351.00 | Improvement: -3.75 | Win Rate: 37.50% | Actor Loss: -3.4846 | Entropy: 0.8925 | Invalid S/B: 0.00/0.00 | Max Load: 4.0 | Load Gap: 1.0 | Group CV: 0.0234
Epoch [1354/2000] | Sampled: 384.75 | Baseline: 362.00 | Improvement: -22.75 | Win Rate: 12.50% | Actor Loss: 2.7923 | Entropy: 0.9338 | Invalid S/B: 0.00/0.00 | Max Load: 4.4 | Load Gap: 1.4 | Group CV: 0.0283
Epoch [1355/2000] | Sampled: 345.38 | Baseline: 302.00 | Improvement: -43.38 | Win Rate: 0.00% | Actor Loss: -3.3554 | Entropy: 0.8893 | Invalid S/B: 0.00/0.00 | Max Load: 4.1 | Load Gap: 1.1 | Group CV: 0.0263
Epoch [1356/2000] | Sampled: 351.88 | Baseline: 369.00 | Improvement: 17.12 | Win Rate: 75.00% | Actor Loss: 0.1570 | Entropy: 0.9045 | Invalid S/B: 0.00/0.00 | Max Load: 4.1 | Load Gap: 1.1 | Group CV: 0.0131
Epoch [1357/2000] | Sampled: 356.38 | Baseline: 367.00 | Improvement: 10.62 | Win Rate: 62.50% | Actor Loss: -1.5818 | Entropy: 0.8859 | Invalid S/B: 0.00/0.00 | Max Load: 4.1 | Load Gap: 1.1 | Group CV: 0.0279
Epoch [1358/2000] | Sampled: 344.12 | Baseline: 324.00 | Improvement: -20.12 | Win Rate: 37.50% | Actor Loss: 1.4158 | Entropy: 0.9092 | Invalid S/B: 0.00/0.00 | Max Load: 4.1 | Load Gap: 1.1 | Group CV: 0.0151
Epoch [1359/2000] | Sampled: 356.50 | Baseline: 360.00 | Improvement: 3.50 | Win Rate: 37.50% | Actor Loss: 7.4365 | Entropy: 0.9174 | Invalid S/B: 0.00/0.00 | Max Load: 4.4 | Load Gap: 1.4 | Group CV: 0.0309
Epoch [1360/2000] | Sampled: 353.38 | Baseline: 314.00 | Improvement: -39.38 | Win Rate: 0.00% | Actor Loss: -3.4940 | Entropy: 0.9037 | Invalid S/B: 0.00/0.00 | Max Load: 4.2 | Load Gap: 1.2 | Group CV: 0.0304
   -> Validation | Samples: 50 | Makespan: 351.10 | Invalid Jobs: 0.00 | Score: 351.10
Epoch [1361/2000] | Sampled: 342.62 | Baseline: 313.50 | Improvement: -29.12 | Win Rate: 0.00% | Actor Loss: 2.5807 | Entropy: 0.9072 | Invalid S/B: 0.00/0.00 | Max Load: 4.2 | Load Gap: 1.2 | Group CV: 0.0167
Epoch [1362/2000] | Sampled: 361.88 | Baseline: 334.00 | Improvement: -27.88 | Win Rate: 0.00% | Actor Loss: 7.3230 | Entropy: 0.9333 | Invalid S/B: 0.12/0.00 | Max Load: 4.2 | Load Gap: 1.2 | Group CV: 0.0587
Epoch [1363/2000] | Sampled: 336.62 | Baseline: 314.50 | Improvement: -22.12 | Win Rate: 0.00% | Actor Loss: 3.8384 | Entropy: 0.8956 | Invalid S/B: 0.00/0.00 | Max Load: 4.0 | Load Gap: 1.0 | Group CV: 0.0280
Epoch [1364/2000] | Sampled: 341.12 | Baseline: 337.50 | Improvement: -3.62 | Win Rate: 37.50% | Actor Loss: -1.2550 | Entropy: 0.9258 | Invalid S/B: 0.00/0.00 | Max Load: 4.0 | Load Gap: 1.0 | Group CV: 0.0101
Epoch [1365/2000] | Sampled: 346.62 | Baseline: 317.00 | Improvement: -29.62 | Win Rate: 0.00% | Actor Loss: -1.9219 | Entropy: 0.8814 | Invalid S/B: 0.00/0.00 | Max Load: 4.0 | Load Gap: 1.0 | Group CV: 0.0155
Epoch [1366/2000] | Sampled: 353.88 | Baseline: 339.50 | Improvement: -14.38 | Win Rate: 37.50% | Actor Loss: -2.6904 | Entropy: 0.9027 | Invalid S/B: 0.00/0.00 | Max Load: 4.1 | Load Gap: 1.1 | Group CV: 0.0292
Epoch [1367/2000] | Sampled: 338.50 | Baseline: 301.50 | Improvement: -37.00 | Win Rate: 0.00% | Actor Loss: -2.0434 | Entropy: 0.8878 | Invalid S/B: 0.00/0.00 | Max Load: 4.1 | Load Gap: 1.1 | Group CV: 0.0253
Epoch [1368/2000] | Sampled: 354.75 | Baseline: 357.00 | Improvement: 2.25 | Win Rate: 50.00% | Actor Loss: -5.7032 | Entropy: 0.9061 | Invalid S/B: 0.00/0.00 | Max Load: 4.1 | Load Gap: 1.1 | Group CV: 0.0147
Epoch [1369/2000] | Sampled: 348.00 | Baseline: 343.00 | Improvement: -5.00 | Win Rate: 50.00% | Actor Loss: 0.1533 | Entropy: 0.8611 | Invalid S/B: 0.00/0.00 | Max Load: 4.0 | Load Gap: 1.0 | Group CV: 0.0208
Epoch [1370/2000] | Sampled: 353.25 | Baseline: 332.50 | Improvement: -20.75 | Win Rate: 12.50% | Actor Loss: -1.8548 | Entropy: 0.9025 | Invalid S/B: 0.00/0.00 | Max Load: 4.2 | Load Gap: 1.2 | Group CV: 0.0249
   -> Validation | Samples: 50 | Makespan: 350.20 | Invalid Jobs: 0.00 | Score: 350.20
Epoch [1371/2000] | Sampled: 354.25 | Baseline: 319.00 | Improvement: -35.25 | Win Rate: 0.00% | Actor Loss: -1.4574 | Entropy: 0.9186 | Invalid S/B: 0.00/0.00 | Max Load: 4.0 | Load Gap: 1.0 | Group CV: 0.0293
Epoch [1372/2000] | Sampled: 352.50 | Baseline: 331.50 | Improvement: -21.00 | Win Rate: 0.00% | Actor Loss: -4.0726 | Entropy: 0.9066 | Invalid S/B: 0.00/0.00 | Max Load: 4.0 | Load Gap: 1.0 | Group CV: 0.0213
Epoch [1373/2000] | Sampled: 344.75 | Baseline: 301.00 | Improvement: -43.75 | Win Rate: 0.00% | Actor Loss: 0.0283 | Entropy: 0.8985 | Invalid S/B: 0.00/0.00 | Max Load: 4.0 | Load Gap: 1.0 | Group CV: 0.0222
Epoch [1374/2000] | Sampled: 355.00 | Baseline: 345.00 | Improvement: -10.00 | Win Rate: 37.50% | Actor Loss: -0.6319 | Entropy: 0.9170 | Invalid S/B: 0.00/0.00 | Max Load: 4.4 | Load Gap: 1.4 | Group CV: 0.0421
Epoch [1375/2000] | Sampled: 355.75 | Baseline: 365.50 | Improvement: 9.75 | Win Rate: 100.00% | Actor Loss: 3.5043 | Entropy: 0.8798 | Invalid S/B: 0.00/0.00 | Max Load: 4.0 | Load Gap: 1.0 | Group CV: 0.0163
Epoch [1376/2000] | Sampled: 359.75 | Baseline: 349.50 | Improvement: -10.25 | Win Rate: 50.00% | Actor Loss: -0.5464 | Entropy: 0.8680 | Invalid S/B: 0.12/0.00 | Max Load: 4.0 | Load Gap: 1.0 | Group CV: 0.0317
Epoch [1377/2000] | Sampled: 360.00 | Baseline: 337.50 | Improvement: -22.50 | Win Rate: 12.50% | Actor Loss: -3.1575 | Entropy: 0.8846 | Invalid S/B: 0.12/0.00 | Max Load: 4.1 | Load Gap: 1.1 | Group CV: 0.0569
Epoch [1378/2000] | Sampled: 351.75 | Baseline: 319.00 | Improvement: -32.75 | Win Rate: 0.00% | Actor Loss: -2.8735 | Entropy: 0.8618 | Invalid S/B: 0.00/0.00 | Max Load: 4.2 | Load Gap: 1.2 | Group CV: 0.0280
Epoch [1379/2000] | Sampled: 351.12 | Baseline: 338.00 | Improvement: -13.12 | Win Rate: 12.50% | Actor Loss: 4.5335 | Entropy: 0.9081 | Invalid S/B: 0.00/0.00 | Max Load: 4.0 | Load Gap: 1.0 | Group CV: 0.0198
Epoch [1380/2000] | Sampled: 355.38 | Baseline: 314.00 | Improvement: -41.38 | Win Rate: 0.00% | Actor Loss: 1.2293 | Entropy: 0.8517 | Invalid S/B: 0.00/0.00 | Max Load: 4.1 | Load Gap: 1.1 | Group CV: 0.0333
   -> Validation | Samples: 50 | Makespan: 349.72 | Invalid Jobs: 0.00 | Score: 349.72
Epoch [1381/2000] | Sampled: 367.62 | Baseline: 370.00 | Improvement: 2.38 | Win Rate: 50.00% | Actor Loss: 1.6619 | Entropy: 0.8723 | Invalid S/B: 0.12/0.00 | Max Load: 4.0 | Load Gap: 1.0 | Group CV: 0.0262
Epoch [1382/2000] | Sampled: 371.62 | Baseline: 363.50 | Improvement: -8.12 | Win Rate: 37.50% | Actor Loss: 2.5391 | Entropy: 0.9009 | Invalid S/B: 0.00/0.00 | Max Load: 4.1 | Load Gap: 1.1 | Group CV: 0.0272
Epoch [1383/2000] | Sampled: 354.25 | Baseline: 348.00 | Improvement: -6.25 | Win Rate: 37.50% | Actor Loss: -3.4753 | Entropy: 0.8553 | Invalid S/B: 0.00/0.00 | Max Load: 4.0 | Load Gap: 1.0 | Group CV: 0.0277
Epoch [1384/2000] | Sampled: 356.62 | Baseline: 351.00 | Improvement: -5.62 | Win Rate: 37.50% | Actor Loss: -0.1366 | Entropy: 0.8680 | Invalid S/B: 0.00/0.00 | Max Load: 4.1 | Load Gap: 1.1 | Group CV: 0.0197
Epoch [1385/2000] | Sampled: 343.12 | Baseline: 301.50 | Improvement: -41.62 | Win Rate: 0.00% | Actor Loss: -0.0023 | Entropy: 0.8789 | Invalid S/B: 0.00/0.00 | Max Load: 4.1 | Load Gap: 1.1 | Group CV: 0.0181
Epoch [1386/2000] | Sampled: 347.00 | Baseline: 331.00 | Improvement: -16.00 | Win Rate: 25.00% | Actor Loss: 1.4605 | Entropy: 0.8466 | Invalid S/B: 0.00/0.00 | Max Load: 4.1 | Load Gap: 1.1 | Group CV: 0.0286
Epoch [1387/2000] | Sampled: 343.75 | Baseline: 343.00 | Improvement: -0.75 | Win Rate: 50.00% | Actor Loss: 0.2258 | Entropy: 0.8777 | Invalid S/B: 0.00/0.00 | Max Load: 4.4 | Load Gap: 1.4 | Group CV: 0.0189
Epoch [1388/2000] | Sampled: 342.25 | Baseline: 318.50 | Improvement: -23.75 | Win Rate: 0.00% | Actor Loss: -2.2448 | Entropy: 0.8656 | Invalid S/B: 0.00/0.00 | Max Load: 4.1 | Load Gap: 1.1 | Group CV: 0.0301
Epoch [1389/2000] | Sampled: 357.62 | Baseline: 343.00 | Improvement: -14.62 | Win Rate: 0.00% | Actor Loss: 5.5847 | Entropy: 0.8834 | Invalid S/B: 0.00/0.00 | Max Load: 4.2 | Load Gap: 1.2 | Group CV: 0.0266
Epoch [1390/2000] | Sampled: 348.50 | Baseline: 323.00 | Improvement: -25.50 | Win Rate: 0.00% | Actor Loss: -1.3208 | Entropy: 0.8378 | Invalid S/B: 0.00/0.00 | Max Load: 4.0 | Load Gap: 1.0 | Group CV: 0.0251
   -> Validation | Samples: 50 | Makespan: 351.76 | Invalid Jobs: 0.02 | Score: 353.76
Epoch [1391/2000] | Sampled: 353.12 | Baseline: 361.00 | Improvement: 7.88 | Win Rate: 75.00% | Actor Loss: -0.7273 | Entropy: 0.8400 | Invalid S/B: 0.12/0.00 | Max Load: 4.4 | Load Gap: 1.4 | Group CV: 0.0458
Epoch [1392/2000] | Sampled: 341.88 | Baseline: 318.50 | Improvement: -23.38 | Win Rate: 12.50% | Actor Loss: 2.8113 | Entropy: 0.8587 | Invalid S/B: 0.00/0.00 | Max Load: 4.0 | Load Gap: 1.0 | Group CV: 0.0147
Epoch [1393/2000] | Sampled: 335.88 | Baseline: 307.50 | Improvement: -28.38 | Win Rate: 0.00% | Actor Loss: -0.1557 | Entropy: 0.8487 | Invalid S/B: 0.00/0.00 | Max Load: 4.4 | Load Gap: 1.4 | Group CV: 0.0156
Epoch [1394/2000] | Sampled: 347.25 | Baseline: 297.50 | Improvement: -49.75 | Win Rate: 0.00% | Actor Loss: 0.2730 | Entropy: 0.8901 | Invalid S/B: 0.00/0.00 | Max Load: 4.1 | Load Gap: 1.1 | Group CV: 0.0275
Epoch [1395/2000] | Sampled: 347.62 | Baseline: 309.00 | Improvement: -38.62 | Win Rate: 0.00% | Actor Loss: 0.1849 | Entropy: 0.8649 | Invalid S/B: 0.00/0.00 | Max Load: 4.0 | Load Gap: 1.0 | Group CV: 0.0198
Epoch [1396/2000] | Sampled: 343.75 | Baseline: 323.50 | Improvement: -20.25 | Win Rate: 0.00% | Actor Loss: -3.7228 | Entropy: 0.8592 | Invalid S/B: 0.00/0.00 | Max Load: 4.4 | Load Gap: 1.4 | Group CV: 0.0384
Epoch [1397/2000] | Sampled: 359.75 | Baseline: 380.50 | Improvement: 20.75 | Win Rate: 75.00% | Actor Loss: 0.5146 | Entropy: 0.8543 | Invalid S/B: 0.00/0.00 | Max Load: 4.0 | Load Gap: 1.0 | Group CV: 0.0263
Epoch [1398/2000] | Sampled: 342.75 | Baseline: 328.50 | Improvement: -14.25 | Win Rate: 12.50% | Actor Loss: -5.7445 | Entropy: 0.8636 | Invalid S/B: 0.00/0.00 | Max Load: 4.2 | Load Gap: 1.2 | Group CV: 0.0190
Epoch [1399/2000] | Sampled: 346.25 | Baseline: 338.50 | Improvement: -7.75 | Win Rate: 37.50% | Actor Loss: -0.9536 | Entropy: 0.8926 | Invalid S/B: 0.00/0.00 | Max Load: 4.1 | Load Gap: 1.1 | Group CV: 0.0316
Epoch [1400/2000] | Sampled: 357.88 | Baseline: 354.50 | Improvement: -3.38 | Win Rate: 50.00% | Actor Loss: 4.5267 | Entropy: 0.8607 | Invalid S/B: 0.00/0.00 | Max Load: 4.1 | Load Gap: 1.1 | Group CV: 0.0235
   -> Validation | Samples: 50 | Makespan: 352.48 | Invalid Jobs: 0.02 | Score: 354.48
   -> Saved updated training chart to /home/wei/Desktop/AMR-DFJSP/Static_alogorithm/GNN/gnn_training_metrics.png
Epoch [1401/2000] | Sampled: 352.12 | Baseline: 307.00 | Improvement: -45.12 | Win Rate: 0.00% | Actor Loss: -1.2381 | Entropy: 0.8489 | Invalid S/B: 0.00/0.00 | Max Load: 4.1 | Load Gap: 1.1 | Group CV: 0.0294
Epoch [1402/2000] | Sampled: 341.12 | Baseline: 343.00 | Improvement: 1.88 | Win Rate: 75.00% | Actor Loss: 1.3632 | Entropy: 0.8554 | Invalid S/B: 0.00/0.00 | Max Load: 4.2 | Load Gap: 1.2 | Group CV: 0.0294
Epoch [1403/2000] | Sampled: 354.50 | Baseline: 309.50 | Improvement: -45.00 | Win Rate: 0.00% | Actor Loss: 2.6032 | Entropy: 0.8531 | Invalid S/B: 0.00/0.00 | Max Load: 4.5 | Load Gap: 1.5 | Group CV: 0.0096
Epoch [1404/2000] | Sampled: 350.25 | Baseline: 336.00 | Improvement: -14.25 | Win Rate: 12.50% | Actor Loss: -0.1894 | Entropy: 0.8453 | Invalid S/B: 0.12/0.00 | Max Load: 4.4 | Load Gap: 1.4 | Group CV: 0.0382
Epoch [1405/2000] | Sampled: 378.12 | Baseline: 325.00 | Improvement: -53.12 | Win Rate: 0.00% | Actor Loss: 2.5753 | Entropy: 0.8807 | Invalid S/B: 0.12/0.00 | Max Load: 4.2 | Load Gap: 1.2 | Group CV: 0.0198
Epoch [1406/2000] | Sampled: 342.38 | Baseline: 303.00 | Improvement: -39.38 | Win Rate: 0.00% | Actor Loss: 2.8167 | Entropy: 0.9239 | Invalid S/B: 0.00/0.00 | Max Load: 4.4 | Load Gap: 1.4 | Group CV: 0.0233
Epoch [1407/2000] | Sampled: 353.12 | Baseline: 327.00 | Improvement: -26.12 | Win Rate: 0.00% | Actor Loss: 0.9068 | Entropy: 0.8951 | Invalid S/B: 0.12/0.00 | Max Load: 4.0 | Load Gap: 1.0 | Group CV: 0.0511
Epoch [1408/2000] | Sampled: 342.38 | Baseline: 325.00 | Improvement: -17.38 | Win Rate: 37.50% | Actor Loss: -0.9217 | Entropy: 0.8734 | Invalid S/B: 0.00/0.00 | Max Load: 4.2 | Load Gap: 1.2 | Group CV: 0.0362
Epoch [1409/2000] | Sampled: 361.50 | Baseline: 306.00 | Improvement: -55.50 | Win Rate: 0.00% | Actor Loss: 3.7861 | Entropy: 0.8924 | Invalid S/B: 0.00/0.00 | Max Load: 4.2 | Load Gap: 1.2 | Group CV: 0.0139
Epoch [1410/2000] | Sampled: 344.25 | Baseline: 306.50 | Improvement: -37.75 | Win Rate: 0.00% | Actor Loss: -0.4461 | Entropy: 0.9154 | Invalid S/B: 0.00/0.00 | Max Load: 4.2 | Load Gap: 1.2 | Group CV: 0.0229
   -> Validation | Samples: 50 | Makespan: 351.62 | Invalid Jobs: 0.04 | Score: 355.62
Epoch [1411/2000] | Sampled: 348.50 | Baseline: 341.00 | Improvement: -7.50 | Win Rate: 37.50% | Actor Loss: 0.5878 | Entropy: 0.8736 | Invalid S/B: 0.00/0.00 | Max Load: 4.0 | Load Gap: 1.0 | Group CV: 0.0210
Epoch [1412/2000] | Sampled: 355.75 | Baseline: 338.00 | Improvement: -17.75 | Win Rate: 0.00% | Actor Loss: -1.7526 | Entropy: 0.8859 | Invalid S/B: 0.00/0.00 | Max Load: 4.0 | Load Gap: 1.0 | Group CV: 0.0150
Epoch [1413/2000] | Sampled: 353.25 | Baseline: 321.50 | Improvement: -31.75 | Win Rate: 0.00% | Actor Loss: -2.2784 | Entropy: 0.8745 | Invalid S/B: 0.00/0.00 | Max Load: 4.2 | Load Gap: 1.2 | Group CV: 0.0225
Epoch [1414/2000] | Sampled: 360.75 | Baseline: 358.50 | Improvement: -2.25 | Win Rate: 37.50% | Actor Loss: -2.5158 | Entropy: 0.8824 | Invalid S/B: 0.00/0.00 | Max Load: 4.2 | Load Gap: 1.2 | Group CV: 0.0196
Epoch [1415/2000] | Sampled: 362.50 | Baseline: 343.00 | Improvement: -19.50 | Win Rate: 25.00% | Actor Loss: -2.1229 | Entropy: 0.9175 | Invalid S/B: 0.00/0.00 | Max Load: 4.4 | Load Gap: 1.4 | Group CV: 0.0223
Epoch [1416/2000] | Sampled: 350.25 | Baseline: 312.50 | Improvement: -37.75 | Win Rate: 0.00% | Actor Loss: 3.6446 | Entropy: 0.8465 | Invalid S/B: 0.00/0.00 | Max Load: 4.2 | Load Gap: 1.2 | Group CV: 0.0156
Epoch [1417/2000] | Sampled: 354.88 | Baseline: 343.50 | Improvement: -11.38 | Win Rate: 50.00% | Actor Loss: -0.5617 | Entropy: 0.8956 | Invalid S/B: 0.00/0.00 | Max Load: 4.2 | Load Gap: 1.2 | Group CV: 0.0261
Epoch [1418/2000] | Sampled: 348.12 | Baseline: 313.00 | Improvement: -35.12 | Win Rate: 12.50% | Actor Loss: -4.2240 | Entropy: 0.8958 | Invalid S/B: 0.00/0.00 | Max Load: 4.0 | Load Gap: 1.0 | Group CV: 0.0210
Epoch [1419/2000] | Sampled: 347.88 | Baseline: 326.50 | Improvement: -21.38 | Win Rate: 12.50% | Actor Loss: 0.3959 | Entropy: 0.8836 | Invalid S/B: 0.00/0.00 | Max Load: 4.1 | Load Gap: 1.1 | Group CV: 0.0125
Epoch [1420/2000] | Sampled: 353.00 | Baseline: 347.00 | Improvement: -6.00 | Win Rate: 50.00% | Actor Loss: -1.5185 | Entropy: 0.8872 | Invalid S/B: 0.25/0.00 | Max Load: 4.4 | Load Gap: 1.4 | Group CV: 0.0698
   -> Validation | Samples: 50 | Makespan: 353.58 | Invalid Jobs: 0.00 | Score: 353.58
Epoch [1421/2000] | Sampled: 370.88 | Baseline: 379.00 | Improvement: 8.12 | Win Rate: 62.50% | Actor Loss: 2.2471 | Entropy: 0.8994 | Invalid S/B: 0.00/0.00 | Max Load: 4.0 | Load Gap: 1.0 | Group CV: 0.0397
Epoch [1422/2000] | Sampled: 354.75 | Baseline: 327.50 | Improvement: -27.25 | Win Rate: 12.50% | Actor Loss: -1.3005 | Entropy: 0.9300 | Invalid S/B: 0.00/0.00 | Max Load: 4.0 | Load Gap: 1.0 | Group CV: 0.0376
Epoch [1423/2000] | Sampled: 350.50 | Baseline: 359.50 | Improvement: 9.00 | Win Rate: 50.00% | Actor Loss: -0.3406 | Entropy: 0.8823 | Invalid S/B: 0.00/0.00 | Max Load: 4.1 | Load Gap: 1.1 | Group CV: 0.0314
Epoch [1424/2000] | Sampled: 343.50 | Baseline: 343.50 | Improvement: 0.00 | Win Rate: 50.00% | Actor Loss: 3.2174 | Entropy: 0.9101 | Invalid S/B: 0.00/0.00 | Max Load: 4.1 | Load Gap: 1.1 | Group CV: 0.0107
Epoch [1425/2000] | Sampled: 346.75 | Baseline: 338.50 | Improvement: -8.25 | Win Rate: 12.50% | Actor Loss: 2.6382 | Entropy: 0.9153 | Invalid S/B: 0.00/0.00 | Max Load: 4.1 | Load Gap: 1.1 | Group CV: 0.0217
Epoch [1426/2000] | Sampled: 355.38 | Baseline: 352.50 | Improvement: -2.88 | Win Rate: 50.00% | Actor Loss: 0.9352 | Entropy: 0.9085 | Invalid S/B: 0.00/0.00 | Max Load: 4.2 | Load Gap: 1.2 | Group CV: 0.0168
Epoch [1427/2000] | Sampled: 342.00 | Baseline: 317.50 | Improvement: -24.50 | Win Rate: 0.00% | Actor Loss: -3.7266 | Entropy: 0.8804 | Invalid S/B: 0.00/0.00 | Max Load: 4.4 | Load Gap: 1.4 | Group CV: 0.0269
Epoch [1428/2000] | Sampled: 357.25 | Baseline: 333.50 | Improvement: -23.75 | Win Rate: 0.00% | Actor Loss: -0.1977 | Entropy: 0.9069 | Invalid S/B: 0.00/0.00 | Max Load: 4.1 | Load Gap: 1.1 | Group CV: 0.0259
Epoch [1429/2000] | Sampled: 340.62 | Baseline: 320.50 | Improvement: -20.12 | Win Rate: 0.00% | Actor Loss: -1.4076 | Entropy: 0.9085 | Invalid S/B: 0.00/0.00 | Max Load: 4.2 | Load Gap: 1.2 | Group CV: 0.0166
Epoch [1430/2000] | Sampled: 347.88 | Baseline: 315.00 | Improvement: -32.88 | Win Rate: 12.50% | Actor Loss: -2.9081 | Entropy: 0.8855 | Invalid S/B: 0.12/0.00 | Max Load: 4.2 | Load Gap: 1.2 | Group CV: 0.0491
   -> Validation | Samples: 50 | Makespan: 352.02 | Invalid Jobs: 0.00 | Score: 352.02
Epoch [1431/2000] | Sampled: 365.00 | Baseline: 374.00 | Improvement: 9.00 | Win Rate: 62.50% | Actor Loss: 2.1597 | Entropy: 0.8961 | Invalid S/B: 0.00/0.50 | Max Load: 4.2 | Load Gap: 1.2 | Group CV: 0.0260
Epoch [1432/2000] | Sampled: 348.88 | Baseline: 333.00 | Improvement: -15.88 | Win Rate: 50.00% | Actor Loss: -0.1320 | Entropy: 0.8829 | Invalid S/B: 0.00/0.00 | Max Load: 4.1 | Load Gap: 1.1 | Group CV: 0.0126
Epoch [1433/2000] | Sampled: 352.38 | Baseline: 369.50 | Improvement: 17.12 | Win Rate: 87.50% | Actor Loss: -4.4392 | Entropy: 0.8940 | Invalid S/B: 0.00/0.00 | Max Load: 4.5 | Load Gap: 1.5 | Group CV: 0.0269
Epoch [1434/2000] | Sampled: 353.38 | Baseline: 317.00 | Improvement: -36.38 | Win Rate: 0.00% | Actor Loss: -3.1673 | Entropy: 0.9108 | Invalid S/B: 0.00/0.00 | Max Load: 4.2 | Load Gap: 1.2 | Group CV: 0.0254
Epoch [1435/2000] | Sampled: 348.25 | Baseline: 350.50 | Improvement: 2.25 | Win Rate: 50.00% | Actor Loss: 4.7691 | Entropy: 0.8637 | Invalid S/B: 0.00/0.00 | Max Load: 4.0 | Load Gap: 1.0 | Group CV: 0.0190
Epoch [1436/2000] | Sampled: 338.75 | Baseline: 298.50 | Improvement: -40.25 | Win Rate: 0.00% | Actor Loss: -3.4335 | Entropy: 0.9116 | Invalid S/B: 0.00/0.00 | Max Load: 4.0 | Load Gap: 1.0 | Group CV: 0.0185
Epoch [1437/2000] | Sampled: 345.88 | Baseline: 305.50 | Improvement: -40.38 | Win Rate: 0.00% | Actor Loss: 2.6646 | Entropy: 0.8854 | Invalid S/B: 0.00/0.00 | Max Load: 4.0 | Load Gap: 1.0 | Group CV: 0.0212
Epoch [1438/2000] | Sampled: 340.88 | Baseline: 301.00 | Improvement: -39.88 | Win Rate: 0.00% | Actor Loss: -0.6896 | Entropy: 0.9137 | Invalid S/B: 0.00/0.00 | Max Load: 4.0 | Load Gap: 1.0 | Group CV: 0.0144
Epoch [1439/2000] | Sampled: 347.38 | Baseline: 381.00 | Improvement: 33.62 | Win Rate: 100.00% | Actor Loss: 0.3091 | Entropy: 0.8887 | Invalid S/B: 0.00/0.00 | Max Load: 4.1 | Load Gap: 1.1 | Group CV: 0.0190
Epoch [1440/2000] | Sampled: 351.25 | Baseline: 344.00 | Improvement: -7.25 | Win Rate: 37.50% | Actor Loss: 0.1976 | Entropy: 0.8938 | Invalid S/B: 0.00/0.00 | Max Load: 4.1 | Load Gap: 1.1 | Group CV: 0.0177
   -> Validation | Samples: 50 | Makespan: 352.46 | Invalid Jobs: 0.00 | Score: 352.46
Epoch [1441/2000] | Sampled: 354.62 | Baseline: 349.00 | Improvement: -5.62 | Win Rate: 50.00% | Actor Loss: -0.3003 | Entropy: 0.8923 | Invalid S/B: 0.00/0.00 | Max Load: 4.1 | Load Gap: 1.1 | Group CV: 0.0223
Epoch [1442/2000] | Sampled: 340.88 | Baseline: 317.00 | Improvement: -23.88 | Win Rate: 0.00% | Actor Loss: -6.4727 | Entropy: 0.8732 | Invalid S/B: 0.00/0.00 | Max Load: 4.1 | Load Gap: 1.1 | Group CV: 0.0129
Epoch [1443/2000] | Sampled: 351.38 | Baseline: 335.50 | Improvement: -15.88 | Win Rate: 50.00% | Actor Loss: 5.1098 | Entropy: 0.9014 | Invalid S/B: 0.00/0.00 | Max Load: 4.1 | Load Gap: 1.1 | Group CV: 0.0183
Epoch [1444/2000] | Sampled: 359.62 | Baseline: 345.00 | Improvement: -14.62 | Win Rate: 12.50% | Actor Loss: 0.7761 | Entropy: 0.8800 | Invalid S/B: 0.00/0.00 | Max Load: 4.4 | Load Gap: 1.4 | Group CV: 0.0275
Epoch [1445/2000] | Sampled: 354.00 | Baseline: 348.50 | Improvement: -5.50 | Win Rate: 50.00% | Actor Loss: -4.7606 | Entropy: 0.8549 | Invalid S/B: 0.00/0.00 | Max Load: 4.2 | Load Gap: 1.2 | Group CV: 0.0212
Epoch [1446/2000] | Sampled: 349.50 | Baseline: 312.50 | Improvement: -37.00 | Win Rate: 0.00% | Actor Loss: -0.1762 | Entropy: 0.8804 | Invalid S/B: 0.00/0.00 | Max Load: 4.1 | Load Gap: 1.1 | Group CV: 0.0241
Epoch [1447/2000] | Sampled: 358.75 | Baseline: 380.00 | Improvement: 21.25 | Win Rate: 87.50% | Actor Loss: -5.3407 | Entropy: 0.8731 | Invalid S/B: 0.00/0.00 | Max Load: 4.2 | Load Gap: 1.2 | Group CV: 0.0297
Epoch [1448/2000] | Sampled: 353.50 | Baseline: 287.00 | Improvement: -66.50 | Win Rate: 0.00% | Actor Loss: 2.0190 | Entropy: 0.8739 | Invalid S/B: 0.00/0.00 | Max Load: 4.2 | Load Gap: 1.2 | Group CV: 0.0181
Epoch [1449/2000] | Sampled: 354.38 | Baseline: 338.00 | Improvement: -16.38 | Win Rate: 0.00% | Actor Loss: -1.1563 | Entropy: 0.8418 | Invalid S/B: 0.00/0.00 | Max Load: 4.0 | Load Gap: 1.0 | Group CV: 0.0225
Epoch [1450/2000] | Sampled: 343.00 | Baseline: 306.00 | Improvement: -37.00 | Win Rate: 0.00% | Actor Loss: 1.3512 | Entropy: 0.9034 | Invalid S/B: 0.00/0.00 | Max Load: 4.0 | Load Gap: 1.0 | Group CV: 0.0201
   -> Validation | Samples: 50 | Makespan: 351.18 | Invalid Jobs: 0.00 | Score: 351.18
Epoch [1451/2000] | Sampled: 349.50 | Baseline: 331.50 | Improvement: -18.00 | Win Rate: 12.50% | Actor Loss: -3.6088 | Entropy: 0.8794 | Invalid S/B: 0.00/0.00 | Max Load: 4.1 | Load Gap: 1.1 | Group CV: 0.0307
Epoch [1452/2000] | Sampled: 360.25 | Baseline: 364.00 | Improvement: 3.75 | Win Rate: 50.00% | Actor Loss: -2.7247 | Entropy: 0.8808 | Invalid S/B: 0.00/0.00 | Max Load: 4.1 | Load Gap: 1.1 | Group CV: 0.0206
Epoch [1453/2000] | Sampled: 351.12 | Baseline: 320.00 | Improvement: -31.12 | Win Rate: 25.00% | Actor Loss: -3.4465 | Entropy: 0.9003 | Invalid S/B: 0.00/0.00 | Max Load: 4.1 | Load Gap: 1.1 | Group CV: 0.0286
Epoch [1454/2000] | Sampled: 359.88 | Baseline: 348.50 | Improvement: -11.38 | Win Rate: 50.00% | Actor Loss: -1.4706 | Entropy: 0.8853 | Invalid S/B: 0.00/0.00 | Max Load: 4.8 | Load Gap: 1.8 | Group CV: 0.0220
Epoch [1455/2000] | Sampled: 353.50 | Baseline: 334.50 | Improvement: -19.00 | Win Rate: 12.50% | Actor Loss: 0.3510 | Entropy: 0.8842 | Invalid S/B: 0.00/0.00 | Max Load: 4.0 | Load Gap: 1.0 | Group CV: 0.0185
Epoch [1456/2000] | Sampled: 364.38 | Baseline: 330.00 | Improvement: -34.38 | Win Rate: 12.50% | Actor Loss: -3.6517 | Entropy: 0.9148 | Invalid S/B: 0.12/0.00 | Max Load: 4.2 | Load Gap: 1.2 | Group CV: 0.0442
Epoch [1457/2000] | Sampled: 346.62 | Baseline: 321.50 | Improvement: -25.12 | Win Rate: 0.00% | Actor Loss: -4.7685 | Entropy: 0.8969 | Invalid S/B: 0.00/0.00 | Max Load: 4.0 | Load Gap: 1.0 | Group CV: 0.0191
Epoch [1458/2000] | Sampled: 363.00 | Baseline: 338.00 | Improvement: -25.00 | Win Rate: 12.50% | Actor Loss: -4.6108 | Entropy: 0.9003 | Invalid S/B: 0.00/0.00 | Max Load: 4.4 | Load Gap: 1.4 | Group CV: 0.0176
Epoch [1459/2000] | Sampled: 343.62 | Baseline: 345.50 | Improvement: 1.88 | Win Rate: 62.50% | Actor Loss: -1.2590 | Entropy: 0.8916 | Invalid S/B: 0.00/0.00 | Max Load: 4.2 | Load Gap: 1.2 | Group CV: 0.0168
Epoch [1460/2000] | Sampled: 343.12 | Baseline: 339.00 | Improvement: -4.12 | Win Rate: 50.00% | Actor Loss: -0.0218 | Entropy: 0.9088 | Invalid S/B: 0.00/0.00 | Max Load: 4.0 | Load Gap: 1.0 | Group CV: 0.0237
   -> Validation | Samples: 50 | Makespan: 350.38 | Invalid Jobs: 0.00 | Score: 350.38
Epoch [1461/2000] | Sampled: 347.88 | Baseline: 329.50 | Improvement: -18.38 | Win Rate: 12.50% | Actor Loss: -4.6255 | Entropy: 0.9017 | Invalid S/B: 0.00/0.00 | Max Load: 4.2 | Load Gap: 1.2 | Group CV: 0.0224
Epoch [1462/2000] | Sampled: 343.25 | Baseline: 311.00 | Improvement: -32.25 | Win Rate: 0.00% | Actor Loss: 2.1238 | Entropy: 0.9093 | Invalid S/B: 0.00/0.00 | Max Load: 4.0 | Load Gap: 1.0 | Group CV: 0.0237
Epoch [1463/2000] | Sampled: 346.88 | Baseline: 347.50 | Improvement: 0.62 | Win Rate: 62.50% | Actor Loss: 1.0508 | Entropy: 0.9063 | Invalid S/B: 0.00/0.00 | Max Load: 4.1 | Load Gap: 1.1 | Group CV: 0.0336
Epoch [1464/2000] | Sampled: 355.00 | Baseline: 354.00 | Improvement: -1.00 | Win Rate: 50.00% | Actor Loss: 0.7857 | Entropy: 0.8822 | Invalid S/B: 0.00/0.00 | Max Load: 4.4 | Load Gap: 1.4 | Group CV: 0.0221
Epoch [1465/2000] | Sampled: 337.00 | Baseline: 326.00 | Improvement: -11.00 | Win Rate: 25.00% | Actor Loss: 4.7230 | Entropy: 0.8576 | Invalid S/B: 0.00/0.00 | Max Load: 4.4 | Load Gap: 1.4 | Group CV: 0.0197
Epoch [1466/2000] | Sampled: 337.38 | Baseline: 333.00 | Improvement: -4.38 | Win Rate: 50.00% | Actor Loss: -2.7978 | Entropy: 0.8723 | Invalid S/B: 0.00/0.00 | Max Load: 4.5 | Load Gap: 1.5 | Group CV: 0.0216
Epoch [1467/2000] | Sampled: 349.88 | Baseline: 311.50 | Improvement: -38.38 | Win Rate: 0.00% | Actor Loss: 1.4897 | Entropy: 0.8723 | Invalid S/B: 0.00/0.00 | Max Load: 4.5 | Load Gap: 1.5 | Group CV: 0.0152
Epoch [1468/2000] | Sampled: 350.00 | Baseline: 341.00 | Improvement: -9.00 | Win Rate: 25.00% | Actor Loss: -2.2229 | Entropy: 0.9103 | Invalid S/B: 0.00/0.00 | Max Load: 4.0 | Load Gap: 1.0 | Group CV: 0.0301
Epoch [1469/2000] | Sampled: 348.00 | Baseline: 326.50 | Improvement: -21.50 | Win Rate: 12.50% | Actor Loss: -2.1385 | Entropy: 0.8620 | Invalid S/B: 0.00/0.00 | Max Load: 4.2 | Load Gap: 1.2 | Group CV: 0.0247
Epoch [1470/2000] | Sampled: 350.12 | Baseline: 318.00 | Improvement: -32.12 | Win Rate: 0.00% | Actor Loss: -0.0893 | Entropy: 0.8722 | Invalid S/B: 0.12/0.00 | Max Load: 4.1 | Load Gap: 1.1 | Group CV: 0.0335
   -> Validation | Samples: 50 | Makespan: 351.68 | Invalid Jobs: 0.00 | Score: 351.68
Epoch [1471/2000] | Sampled: 359.00 | Baseline: 336.00 | Improvement: -23.00 | Win Rate: 0.00% | Actor Loss: -0.7014 | Entropy: 0.8891 | Invalid S/B: 0.00/0.00 | Max Load: 4.5 | Load Gap: 1.5 | Group CV: 0.0103
Epoch [1472/2000] | Sampled: 337.88 | Baseline: 309.50 | Improvement: -28.38 | Win Rate: 0.00% | Actor Loss: -0.3856 | Entropy: 0.8927 | Invalid S/B: 0.00/0.00 | Max Load: 4.1 | Load Gap: 1.1 | Group CV: 0.0185
Epoch [1473/2000] | Sampled: 346.12 | Baseline: 345.50 | Improvement: -0.62 | Win Rate: 50.00% | Actor Loss: -5.1227 | Entropy: 0.8829 | Invalid S/B: 0.00/0.00 | Max Load: 4.1 | Load Gap: 1.1 | Group CV: 0.0159
Epoch [1474/2000] | Sampled: 342.00 | Baseline: 345.00 | Improvement: 3.00 | Win Rate: 50.00% | Actor Loss: 1.6762 | Entropy: 0.8691 | Invalid S/B: 0.00/0.00 | Max Load: 4.0 | Load Gap: 1.0 | Group CV: 0.0139
Epoch [1475/2000] | Sampled: 345.75 | Baseline: 319.00 | Improvement: -26.75 | Win Rate: 0.00% | Actor Loss: -0.7225 | Entropy: 0.8972 | Invalid S/B: 0.00/0.00 | Max Load: 4.0 | Load Gap: 1.0 | Group CV: 0.0276
Epoch [1476/2000] | Sampled: 356.62 | Baseline: 365.50 | Improvement: 8.88 | Win Rate: 50.00% | Actor Loss: 0.5055 | Entropy: 0.9084 | Invalid S/B: 0.00/0.00 | Max Load: 4.6 | Load Gap: 1.6 | Group CV: 0.0225
Epoch [1477/2000] | Sampled: 353.62 | Baseline: 328.00 | Improvement: -25.62 | Win Rate: 0.00% | Actor Loss: 3.0442 | Entropy: 0.8802 | Invalid S/B: 0.00/0.00 | Max Load: 4.1 | Load Gap: 1.1 | Group CV: 0.0405
Epoch [1478/2000] | Sampled: 355.75 | Baseline: 335.00 | Improvement: -20.75 | Win Rate: 12.50% | Actor Loss: 2.2261 | Entropy: 0.8845 | Invalid S/B: 0.00/0.00 | Max Load: 4.4 | Load Gap: 1.4 | Group CV: 0.0282
Epoch [1479/2000] | Sampled: 333.88 | Baseline: 294.50 | Improvement: -39.38 | Win Rate: 0.00% | Actor Loss: -2.2777 | Entropy: 0.9274 | Invalid S/B: 0.00/0.00 | Max Load: 4.1 | Load Gap: 1.1 | Group CV: 0.0212
Epoch [1480/2000] | Sampled: 357.25 | Baseline: 327.00 | Improvement: -30.25 | Win Rate: 12.50% | Actor Loss: -1.3036 | Entropy: 0.8929 | Invalid S/B: 0.00/0.00 | Max Load: 4.2 | Load Gap: 1.2 | Group CV: 0.0321
   -> Validation | Samples: 50 | Makespan: 349.76 | Invalid Jobs: 0.00 | Score: 349.76
Epoch [1481/2000] | Sampled: 349.25 | Baseline: 330.00 | Improvement: -19.25 | Win Rate: 25.00% | Actor Loss: 0.1904 | Entropy: 0.9120 | Invalid S/B: 0.00/0.00 | Max Load: 4.1 | Load Gap: 1.1 | Group CV: 0.0236
Epoch [1482/2000] | Sampled: 347.75 | Baseline: 338.50 | Improvement: -9.25 | Win Rate: 0.00% | Actor Loss: -3.7024 | Entropy: 0.8853 | Invalid S/B: 0.00/0.00 | Max Load: 4.1 | Load Gap: 1.1 | Group CV: 0.0244
Epoch [1483/2000] | Sampled: 353.38 | Baseline: 349.50 | Improvement: -3.88 | Win Rate: 37.50% | Actor Loss: 0.9115 | Entropy: 0.9389 | Invalid S/B: 0.00/0.00 | Max Load: 4.1 | Load Gap: 1.1 | Group CV: 0.0252
Epoch [1484/2000] | Sampled: 354.62 | Baseline: 345.50 | Improvement: -9.12 | Win Rate: 50.00% | Actor Loss: -0.6914 | Entropy: 0.8921 | Invalid S/B: 0.00/0.00 | Max Load: 4.1 | Load Gap: 1.1 | Group CV: 0.0112
Epoch [1485/2000] | Sampled: 352.12 | Baseline: 332.50 | Improvement: -19.62 | Win Rate: 25.00% | Actor Loss: 4.2263 | Entropy: 0.8593 | Invalid S/B: 0.00/0.00 | Max Load: 4.1 | Load Gap: 1.1 | Group CV: 0.0214
Epoch [1486/2000] | Sampled: 343.12 | Baseline: 327.00 | Improvement: -16.12 | Win Rate: 0.00% | Actor Loss: 0.8398 | Entropy: 0.8526 | Invalid S/B: 0.00/0.00 | Max Load: 4.2 | Load Gap: 1.2 | Group CV: 0.0349
Epoch [1487/2000] | Sampled: 350.75 | Baseline: 335.00 | Improvement: -15.75 | Win Rate: 50.00% | Actor Loss: -1.3998 | Entropy: 0.9208 | Invalid S/B: 0.12/0.00 | Max Load: 4.1 | Load Gap: 1.1 | Group CV: 0.0484
Epoch [1488/2000] | Sampled: 348.25 | Baseline: 338.50 | Improvement: -9.75 | Win Rate: 12.50% | Actor Loss: 3.6207 | Entropy: 0.8773 | Invalid S/B: 0.00/0.00 | Max Load: 4.0 | Load Gap: 1.0 | Group CV: 0.0228
Epoch [1489/2000] | Sampled: 343.00 | Baseline: 322.00 | Improvement: -21.00 | Win Rate: 0.00% | Actor Loss: -1.8520 | Entropy: 0.9116 | Invalid S/B: 0.00/0.00 | Max Load: 4.0 | Load Gap: 1.0 | Group CV: 0.0306
Epoch [1490/2000] | Sampled: 345.62 | Baseline: 340.50 | Improvement: -5.12 | Win Rate: 37.50% | Actor Loss: -3.7624 | Entropy: 0.9298 | Invalid S/B: 0.00/0.00 | Max Load: 4.1 | Load Gap: 1.1 | Group CV: 0.0192
   -> Validation | Samples: 50 | Makespan: 350.62 | Invalid Jobs: 0.00 | Score: 350.62
Epoch [1491/2000] | Sampled: 353.88 | Baseline: 356.50 | Improvement: 2.62 | Win Rate: 62.50% | Actor Loss: 4.2069 | Entropy: 0.8981 | Invalid S/B: 0.00/0.00 | Max Load: 4.0 | Load Gap: 1.0 | Group CV: 0.0439
Epoch [1492/2000] | Sampled: 343.75 | Baseline: 330.50 | Improvement: -13.25 | Win Rate: 37.50% | Actor Loss: 3.8872 | Entropy: 0.9078 | Invalid S/B: 0.00/0.00 | Max Load: 4.1 | Load Gap: 1.1 | Group CV: 0.0115
Epoch [1493/2000] | Sampled: 356.00 | Baseline: 363.50 | Improvement: 7.50 | Win Rate: 62.50% | Actor Loss: -1.1304 | Entropy: 0.9062 | Invalid S/B: 0.00/0.00 | Max Load: 4.2 | Load Gap: 1.2 | Group CV: 0.0212
Epoch [1494/2000] | Sampled: 349.12 | Baseline: 332.00 | Improvement: -17.12 | Win Rate: 12.50% | Actor Loss: 3.7026 | Entropy: 0.8785 | Invalid S/B: 0.12/0.00 | Max Load: 4.0 | Load Gap: 1.0 | Group CV: 0.0370
Epoch [1495/2000] | Sampled: 351.75 | Baseline: 373.50 | Improvement: 21.75 | Win Rate: 87.50% | Actor Loss: 2.5548 | Entropy: 0.9391 | Invalid S/B: 0.00/0.00 | Max Load: 4.2 | Load Gap: 1.2 | Group CV: 0.0207
Epoch [1496/2000] | Sampled: 344.12 | Baseline: 327.50 | Improvement: -16.62 | Win Rate: 37.50% | Actor Loss: -3.5317 | Entropy: 0.9174 | Invalid S/B: 0.00/0.00 | Max Load: 4.0 | Load Gap: 1.0 | Group CV: 0.0354
Epoch [1497/2000] | Sampled: 339.50 | Baseline: 313.00 | Improvement: -26.50 | Win Rate: 0.00% | Actor Loss: -0.3576 | Entropy: 0.9363 | Invalid S/B: 0.00/0.00 | Max Load: 4.1 | Load Gap: 1.1 | Group CV: 0.0130
Epoch [1498/2000] | Sampled: 348.62 | Baseline: 318.00 | Improvement: -30.62 | Win Rate: 0.00% | Actor Loss: 6.2249 | Entropy: 0.9053 | Invalid S/B: 0.00/0.00 | Max Load: 4.1 | Load Gap: 1.1 | Group CV: 0.0264
Epoch [1499/2000] | Sampled: 350.62 | Baseline: 318.00 | Improvement: -32.62 | Win Rate: 50.00% | Actor Loss: -2.7496 | Entropy: 0.9140 | Invalid S/B: 0.00/0.00 | Max Load: 4.2 | Load Gap: 1.2 | Group CV: 0.0146
Epoch [1500/2000] | Sampled: 359.75 | Baseline: 378.50 | Improvement: 18.75 | Win Rate: 75.00% | Actor Loss: -3.0770 | Entropy: 0.8707 | Invalid S/B: 0.00/0.00 | Max Load: 4.5 | Load Gap: 1.5 | Group CV: 0.0281
   -> Validation | Samples: 50 | Makespan: 350.18 | Invalid Jobs: 0.00 | Score: 350.18
   -> Saved updated training chart to /home/wei/Desktop/AMR-DFJSP/Static_alogorithm/GNN/gnn_training_metrics.png
Epoch [1501/2000] | Sampled: 352.25 | Baseline: 322.50 | Improvement: -29.75 | Win Rate: 50.00% | Actor Loss: -2.1276 | Entropy: 0.8984 | Invalid S/B: 0.00/0.00 | Max Load: 4.1 | Load Gap: 1.1 | Group CV: 0.0301
Epoch [1502/2000] | Sampled: 349.00 | Baseline: 317.50 | Improvement: -31.50 | Win Rate: 12.50% | Actor Loss: 2.3922 | Entropy: 0.9495 | Invalid S/B: 0.00/0.00 | Max Load: 4.1 | Load Gap: 1.1 | Group CV: 0.0231
Epoch [1503/2000] | Sampled: 349.62 | Baseline: 341.50 | Improvement: -8.12 | Win Rate: 25.00% | Actor Loss: -3.0407 | Entropy: 0.9247 | Invalid S/B: 0.00/0.00 | Max Load: 4.1 | Load Gap: 1.1 | Group CV: 0.0234
Epoch [1504/2000] | Sampled: 359.88 | Baseline: 383.00 | Improvement: 23.12 | Win Rate: 87.50% | Actor Loss: -0.5809 | Entropy: 0.9067 | Invalid S/B: 0.00/0.00 | Max Load: 4.4 | Load Gap: 1.4 | Group CV: 0.0276
Epoch [1505/2000] | Sampled: 347.12 | Baseline: 361.50 | Improvement: 14.38 | Win Rate: 100.00% | Actor Loss: 5.1230 | Entropy: 0.8889 | Invalid S/B: 0.00/0.00 | Max Load: 4.0 | Load Gap: 1.0 | Group CV: 0.0172
Epoch [1506/2000] | Sampled: 356.25 | Baseline: 354.00 | Improvement: -2.25 | Win Rate: 50.00% | Actor Loss: -0.1604 | Entropy: 0.9041 | Invalid S/B: 0.00/0.00 | Max Load: 4.4 | Load Gap: 1.4 | Group CV: 0.0265
Epoch [1507/2000] | Sampled: 348.00 | Baseline: 335.00 | Improvement: -13.00 | Win Rate: 12.50% | Actor Loss: -2.8027 | Entropy: 0.9053 | Invalid S/B: 0.00/0.00 | Max Load: 4.6 | Load Gap: 1.6 | Group CV: 0.0221
Epoch [1508/2000] | Sampled: 355.38 | Baseline: 333.50 | Improvement: -21.88 | Win Rate: 0.00% | Actor Loss: 2.4866 | Entropy: 0.9194 | Invalid S/B: 0.00/0.00 | Max Load: 4.2 | Load Gap: 1.2 | Group CV: 0.0223
Epoch [1509/2000] | Sampled: 359.25 | Baseline: 347.00 | Improvement: -12.25 | Win Rate: 12.50% | Actor Loss: 3.4001 | Entropy: 0.9402 | Invalid S/B: 0.00/0.00 | Max Load: 4.2 | Load Gap: 1.2 | Group CV: 0.0271
Epoch [1510/2000] | Sampled: 349.12 | Baseline: 337.00 | Improvement: -12.12 | Win Rate: 37.50% | Actor Loss: 1.5511 | Entropy: 0.9030 | Invalid S/B: 0.00/0.00 | Max Load: 4.0 | Load Gap: 1.0 | Group CV: 0.0168
   -> Validation | Samples: 50 | Makespan: 352.06 | Invalid Jobs: 0.00 | Score: 352.06
Epoch [1511/2000] | Sampled: 347.25 | Baseline: 366.00 | Improvement: 18.75 | Win Rate: 50.00% | Actor Loss: 1.3723 | Entropy: 0.9365 | Invalid S/B: 0.00/0.00 | Max Load: 4.2 | Load Gap: 1.2 | Group CV: 0.0089
Epoch [1512/2000] | Sampled: 363.00 | Baseline: 359.50 | Improvement: -3.50 | Win Rate: 50.00% | Actor Loss: -0.0343 | Entropy: 0.9181 | Invalid S/B: 0.00/0.00 | Max Load: 4.1 | Load Gap: 1.1 | Group CV: 0.0264
Epoch [1513/2000] | Sampled: 351.88 | Baseline: 325.00 | Improvement: -26.88 | Win Rate: 0.00% | Actor Loss: 2.0100 | Entropy: 0.9374 | Invalid S/B: 0.00/0.00 | Max Load: 4.4 | Load Gap: 1.4 | Group CV: 0.0208
Epoch [1514/2000] | Sampled: 353.00 | Baseline: 360.00 | Improvement: 7.00 | Win Rate: 62.50% | Actor Loss: 2.4788 | Entropy: 0.9231 | Invalid S/B: 0.12/0.00 | Max Load: 4.1 | Load Gap: 1.1 | Group CV: 0.0270
Epoch [1515/2000] | Sampled: 352.38 | Baseline: 333.00 | Improvement: -19.38 | Win Rate: 12.50% | Actor Loss: -3.2504 | Entropy: 0.9490 | Invalid S/B: 0.00/0.00 | Max Load: 4.2 | Load Gap: 1.2 | Group CV: 0.0178
Epoch [1516/2000] | Sampled: 345.75 | Baseline: 357.50 | Improvement: 11.75 | Win Rate: 50.00% | Actor Loss: 0.3175 | Entropy: 0.9378 | Invalid S/B: 0.00/0.00 | Max Load: 4.0 | Load Gap: 1.0 | Group CV: 0.0122
Epoch [1517/2000] | Sampled: 358.38 | Baseline: 357.50 | Improvement: -0.88 | Win Rate: 37.50% | Actor Loss: 3.5489 | Entropy: 0.9628 | Invalid S/B: 0.00/0.00 | Max Load: 4.0 | Load Gap: 1.0 | Group CV: 0.0563
Epoch [1518/2000] | Sampled: 347.75 | Baseline: 294.00 | Improvement: -53.75 | Win Rate: 0.00% | Actor Loss: -1.8783 | Entropy: 0.9887 | Invalid S/B: 0.00/0.00 | Max Load: 4.1 | Load Gap: 1.1 | Group CV: 0.0170
Epoch [1519/2000] | Sampled: 353.00 | Baseline: 370.00 | Improvement: 17.00 | Win Rate: 87.50% | Actor Loss: -1.7243 | Entropy: 0.9639 | Invalid S/B: 0.00/0.00 | Max Load: 4.2 | Load Gap: 1.2 | Group CV: 0.0183
Epoch [1520/2000] | Sampled: 340.25 | Baseline: 282.50 | Improvement: -57.75 | Win Rate: 0.00% | Actor Loss: 6.7134 | Entropy: 0.9718 | Invalid S/B: 0.00/0.00 | Max Load: 4.0 | Load Gap: 1.0 | Group CV: 0.0169
   -> Validation | Samples: 50 | Makespan: 352.14 | Invalid Jobs: 0.02 | Score: 354.14
Epoch [1521/2000] | Sampled: 356.88 | Baseline: 347.50 | Improvement: -9.38 | Win Rate: 0.00% | Actor Loss: -3.5560 | Entropy: 0.9667 | Invalid S/B: 0.00/0.00 | Max Load: 4.1 | Load Gap: 1.1 | Group CV: 0.0185
Epoch [1522/2000] | Sampled: 369.38 | Baseline: 321.50 | Improvement: -47.88 | Win Rate: 0.00% | Actor Loss: 4.9709 | Entropy: 0.9451 | Invalid S/B: 0.12/0.00 | Max Load: 4.0 | Load Gap: 1.0 | Group CV: 0.0342
Epoch [1523/2000] | Sampled: 360.62 | Baseline: 322.00 | Improvement: -38.62 | Win Rate: 0.00% | Actor Loss: -0.0904 | Entropy: 0.9707 | Invalid S/B: 0.00/0.00 | Max Load: 4.1 | Load Gap: 1.1 | Group CV: 0.0235
Epoch [1524/2000] | Sampled: 350.88 | Baseline: 328.50 | Improvement: -22.38 | Win Rate: 25.00% | Actor Loss: 0.6911 | Entropy: 0.9844 | Invalid S/B: 0.00/0.00 | Max Load: 4.5 | Load Gap: 1.5 | Group CV: 0.0328
Epoch [1525/2000] | Sampled: 353.12 | Baseline: 322.50 | Improvement: -30.62 | Win Rate: 37.50% | Actor Loss: 3.8755 | Entropy: 0.9438 | Invalid S/B: 0.00/0.00 | Max Load: 4.5 | Load Gap: 1.5 | Group CV: 0.0272
Epoch [1526/2000] | Sampled: 347.00 | Baseline: 282.00 | Improvement: -65.00 | Win Rate: 0.00% | Actor Loss: -5.2244 | Entropy: 0.9726 | Invalid S/B: 0.00/0.00 | Max Load: 4.0 | Load Gap: 1.0 | Group CV: 0.0261
Epoch [1527/2000] | Sampled: 349.88 | Baseline: 362.50 | Improvement: 12.62 | Win Rate: 87.50% | Actor Loss: 3.3713 | Entropy: 0.9417 | Invalid S/B: 0.00/0.00 | Max Load: 4.0 | Load Gap: 1.0 | Group CV: 0.0192
Epoch [1528/2000] | Sampled: 343.62 | Baseline: 315.00 | Improvement: -28.62 | Win Rate: 0.00% | Actor Loss: 0.2206 | Entropy: 1.0056 | Invalid S/B: 0.00/0.00 | Max Load: 4.2 | Load Gap: 1.2 | Group CV: 0.0191
Epoch [1529/2000] | Sampled: 349.50 | Baseline: 324.50 | Improvement: -25.00 | Win Rate: 0.00% | Actor Loss: 4.7154 | Entropy: 0.9765 | Invalid S/B: 0.00/0.00 | Max Load: 4.0 | Load Gap: 1.0 | Group CV: 0.0259
Epoch [1530/2000] | Sampled: 349.38 | Baseline: 330.50 | Improvement: -18.88 | Win Rate: 50.00% | Actor Loss: -2.5485 | Entropy: 1.0302 | Invalid S/B: 0.12/0.00 | Max Load: 4.1 | Load Gap: 1.1 | Group CV: 0.0491
   -> Validation | Samples: 50 | Makespan: 350.72 | Invalid Jobs: 0.00 | Score: 350.72
Epoch [1531/2000] | Sampled: 353.12 | Baseline: 344.00 | Improvement: -9.12 | Win Rate: 25.00% | Actor Loss: -2.1905 | Entropy: 0.9899 | Invalid S/B: 0.00/0.00 | Max Load: 4.0 | Load Gap: 1.0 | Group CV: 0.0213
Epoch [1532/2000] | Sampled: 344.25 | Baseline: 327.00 | Improvement: -17.25 | Win Rate: 12.50% | Actor Loss: 4.5350 | Entropy: 1.0039 | Invalid S/B: 0.00/0.00 | Max Load: 4.1 | Load Gap: 1.1 | Group CV: 0.0233
Epoch [1533/2000] | Sampled: 363.25 | Baseline: 353.50 | Improvement: -9.75 | Win Rate: 50.00% | Actor Loss: -1.9314 | Entropy: 1.0072 | Invalid S/B: 0.00/0.00 | Max Load: 4.1 | Load Gap: 1.1 | Group CV: 0.0260
Epoch [1534/2000] | Sampled: 348.50 | Baseline: 326.00 | Improvement: -22.50 | Win Rate: 0.00% | Actor Loss: -0.1025 | Entropy: 0.9901 | Invalid S/B: 0.12/0.00 | Max Load: 4.1 | Load Gap: 1.1 | Group CV: 0.0382
Epoch [1535/2000] | Sampled: 347.00 | Baseline: 307.50 | Improvement: -39.50 | Win Rate: 0.00% | Actor Loss: -2.4152 | Entropy: 0.9865 | Invalid S/B: 0.00/0.00 | Max Load: 4.1 | Load Gap: 1.1 | Group CV: 0.0200
Epoch [1536/2000] | Sampled: 343.50 | Baseline: 318.00 | Improvement: -25.50 | Win Rate: 0.00% | Actor Loss: -3.3107 | Entropy: 1.0030 | Invalid S/B: 0.00/0.00 | Max Load: 4.1 | Load Gap: 1.1 | Group CV: 0.0237
Epoch [1537/2000] | Sampled: 349.12 | Baseline: 328.50 | Improvement: -20.62 | Win Rate: 50.00% | Actor Loss: -0.0457 | Entropy: 1.0132 | Invalid S/B: 0.00/0.00 | Max Load: 4.1 | Load Gap: 1.1 | Group CV: 0.0154
Epoch [1538/2000] | Sampled: 351.12 | Baseline: 305.50 | Improvement: -45.62 | Win Rate: 0.00% | Actor Loss: -0.6221 | Entropy: 1.0256 | Invalid S/B: 0.00/0.00 | Max Load: 4.1 | Load Gap: 1.1 | Group CV: 0.0206
Epoch [1539/2000] | Sampled: 343.12 | Baseline: 299.00 | Improvement: -44.12 | Win Rate: 0.00% | Actor Loss: 4.9566 | Entropy: 1.0552 | Invalid S/B: 0.00/0.00 | Max Load: 4.0 | Load Gap: 1.0 | Group CV: 0.0343
Epoch [1540/2000] | Sampled: 343.38 | Baseline: 320.00 | Improvement: -23.38 | Win Rate: 0.00% | Actor Loss: -1.5356 | Entropy: 1.0219 | Invalid S/B: 0.00/0.00 | Max Load: 4.0 | Load Gap: 1.0 | Group CV: 0.0154
   -> Validation | Samples: 50 | Makespan: 349.66 | Invalid Jobs: 0.00 | Score: 349.66
Epoch [1541/2000] | Sampled: 351.50 | Baseline: 337.50 | Improvement: -14.00 | Win Rate: 25.00% | Actor Loss: 0.5852 | Entropy: 1.0521 | Invalid S/B: 0.00/0.00 | Max Load: 4.1 | Load Gap: 1.1 | Group CV: 0.0178
Epoch [1542/2000] | Sampled: 355.38 | Baseline: 339.00 | Improvement: -16.38 | Win Rate: 37.50% | Actor Loss: 0.1462 | Entropy: 1.0105 | Invalid S/B: 0.00/0.00 | Max Load: 4.5 | Load Gap: 1.5 | Group CV: 0.0309
Epoch [1543/2000] | Sampled: 353.50 | Baseline: 308.50 | Improvement: -45.00 | Win Rate: 0.00% | Actor Loss: -7.9056 | Entropy: 0.9968 | Invalid S/B: 0.00/0.00 | Max Load: 4.2 | Load Gap: 1.2 | Group CV: 0.0317
Epoch [1544/2000] | Sampled: 349.88 | Baseline: 330.50 | Improvement: -19.38 | Win Rate: 50.00% | Actor Loss: 2.1715 | Entropy: 1.0744 | Invalid S/B: 0.00/0.00 | Max Load: 4.2 | Load Gap: 1.2 | Group CV: 0.0183
Epoch [1545/2000] | Sampled: 348.88 | Baseline: 327.00 | Improvement: -21.88 | Win Rate: 0.00% | Actor Loss: -3.9853 | Entropy: 1.0439 | Invalid S/B: 0.00/0.00 | Max Load: 4.0 | Load Gap: 1.0 | Group CV: 0.0215
Epoch [1546/2000] | Sampled: 362.88 | Baseline: 357.50 | Improvement: -5.38 | Win Rate: 50.00% | Actor Loss: -4.4102 | Entropy: 1.0051 | Invalid S/B: 0.00/0.00 | Max Load: 4.4 | Load Gap: 1.4 | Group CV: 0.0258
Epoch [1547/2000] | Sampled: 350.12 | Baseline: 312.00 | Improvement: -38.12 | Win Rate: 0.00% | Actor Loss: -2.2722 | Entropy: 1.0528 | Invalid S/B: 0.00/0.00 | Max Load: 4.2 | Load Gap: 1.2 | Group CV: 0.0121
Epoch [1548/2000] | Sampled: 354.12 | Baseline: 311.50 | Improvement: -42.62 | Win Rate: 0.00% | Actor Loss: -1.3316 | Entropy: 1.0093 | Invalid S/B: 0.00/0.00 | Max Load: 4.0 | Load Gap: 1.0 | Group CV: 0.0227
Epoch [1549/2000] | Sampled: 351.25 | Baseline: 348.00 | Improvement: -3.25 | Win Rate: 37.50% | Actor Loss: -7.5237 | Entropy: 1.0120 | Invalid S/B: 0.00/0.00 | Max Load: 4.1 | Load Gap: 1.1 | Group CV: 0.0139
Epoch [1550/2000] | Sampled: 358.75 | Baseline: 326.00 | Improvement: -32.75 | Win Rate: 0.00% | Actor Loss: 0.7640 | Entropy: 1.0296 | Invalid S/B: 0.00/0.00 | Max Load: 4.0 | Load Gap: 1.0 | Group CV: 0.0239
   -> Validation | Samples: 50 | Makespan: 352.34 | Invalid Jobs: 0.00 | Score: 352.34
Epoch [1551/2000] | Sampled: 348.75 | Baseline: 335.50 | Improvement: -13.25 | Win Rate: 0.00% | Actor Loss: -1.7738 | Entropy: 1.0381 | Invalid S/B: 0.00/0.00 | Max Load: 4.1 | Load Gap: 1.1 | Group CV: 0.0142
Epoch [1552/2000] | Sampled: 347.12 | Baseline: 325.50 | Improvement: -21.62 | Win Rate: 12.50% | Actor Loss: 1.5596 | Entropy: 1.0390 | Invalid S/B: 0.00/0.00 | Max Load: 4.4 | Load Gap: 1.4 | Group CV: 0.0359
Epoch [1553/2000] | Sampled: 343.25 | Baseline: 324.50 | Improvement: -18.75 | Win Rate: 0.00% | Actor Loss: 8.0903 | Entropy: 1.0289 | Invalid S/B: 0.00/0.00 | Max Load: 4.1 | Load Gap: 1.1 | Group CV: 0.0135
Epoch [1554/2000] | Sampled: 348.88 | Baseline: 385.00 | Improvement: 36.12 | Win Rate: 100.00% | Actor Loss: 1.6884 | Entropy: 1.0007 | Invalid S/B: 0.00/0.00 | Max Load: 4.6 | Load Gap: 1.6 | Group CV: 0.0306
Epoch [1555/2000] | Sampled: 345.62 | Baseline: 349.00 | Improvement: 3.38 | Win Rate: 50.00% | Actor Loss: 0.6742 | Entropy: 0.9358 | Invalid S/B: 0.00/0.00 | Max Load: 4.5 | Load Gap: 1.5 | Group CV: 0.0300
Epoch [1556/2000] | Sampled: 345.75 | Baseline: 318.50 | Improvement: -27.25 | Win Rate: 0.00% | Actor Loss: 3.3024 | Entropy: 1.0570 | Invalid S/B: 0.00/0.00 | Max Load: 4.0 | Load Gap: 1.0 | Group CV: 0.0320
Epoch [1557/2000] | Sampled: 345.00 | Baseline: 376.00 | Improvement: 31.00 | Win Rate: 50.00% | Actor Loss: -2.6595 | Entropy: 1.1165 | Invalid S/B: 0.00/0.00 | Max Load: 4.0 | Load Gap: 1.0 | Group CV: 0.0247
Epoch [1558/2000] | Sampled: 354.00 | Baseline: 326.00 | Improvement: -28.00 | Win Rate: 0.00% | Actor Loss: -3.3522 | Entropy: 1.0529 | Invalid S/B: 0.00/0.00 | Max Load: 4.0 | Load Gap: 1.0 | Group CV: 0.0228
Epoch [1559/2000] | Sampled: 351.88 | Baseline: 322.50 | Improvement: -29.38 | Win Rate: 0.00% | Actor Loss: 3.1989 | Entropy: 0.9888 | Invalid S/B: 0.00/0.00 | Max Load: 4.1 | Load Gap: 1.1 | Group CV: 0.0276
Epoch [1560/2000] | Sampled: 365.00 | Baseline: 340.00 | Improvement: -25.00 | Win Rate: 50.00% | Actor Loss: 3.7164 | Entropy: 1.0595 | Invalid S/B: 0.12/0.00 | Max Load: 4.1 | Load Gap: 1.1 | Group CV: 0.0317
   -> Validation | Samples: 50 | Makespan: 351.74 | Invalid Jobs: 0.04 | Score: 355.74
Epoch [1561/2000] | Sampled: 350.50 | Baseline: 330.50 | Improvement: -20.00 | Win Rate: 0.00% | Actor Loss: 3.1235 | Entropy: 1.0616 | Invalid S/B: 0.00/0.00 | Max Load: 4.1 | Load Gap: 1.1 | Group CV: 0.0203
Epoch [1562/2000] | Sampled: 357.38 | Baseline: 301.50 | Improvement: -55.88 | Win Rate: 0.00% | Actor Loss: -6.7948 | Entropy: 1.0406 | Invalid S/B: 0.00/0.00 | Max Load: 4.2 | Load Gap: 1.2 | Group CV: 0.0188
Epoch [1563/2000] | Sampled: 357.25 | Baseline: 350.00 | Improvement: -7.25 | Win Rate: 37.50% | Actor Loss: -0.5639 | Entropy: 1.0314 | Invalid S/B: 0.12/0.00 | Max Load: 4.1 | Load Gap: 1.1 | Group CV: 0.0427
Epoch [1564/2000] | Sampled: 348.62 | Baseline: 330.00 | Improvement: -18.62 | Win Rate: 12.50% | Actor Loss: 0.6996 | Entropy: 1.0616 | Invalid S/B: 0.00/0.00 | Max Load: 4.1 | Load Gap: 1.1 | Group CV: 0.0249
Epoch [1565/2000] | Sampled: 349.25 | Baseline: 358.50 | Improvement: 9.25 | Win Rate: 50.00% | Actor Loss: -1.0451 | Entropy: 1.0574 | Invalid S/B: 0.00/0.00 | Max Load: 4.1 | Load Gap: 1.1 | Group CV: 0.0206
Epoch [1566/2000] | Sampled: 354.12 | Baseline: 316.00 | Improvement: -38.12 | Win Rate: 0.00% | Actor Loss: 2.2928 | Entropy: 1.0724 | Invalid S/B: 0.00/0.00 | Max Load: 4.0 | Load Gap: 1.0 | Group CV: 0.0166
Epoch [1567/2000] | Sampled: 351.12 | Baseline: 336.50 | Improvement: -14.62 | Win Rate: 50.00% | Actor Loss: -1.1775 | Entropy: 1.0549 | Invalid S/B: 0.00/0.00 | Max Load: 4.1 | Load Gap: 1.1 | Group CV: 0.0340
Epoch [1568/2000] | Sampled: 363.62 | Baseline: 347.50 | Improvement: -16.12 | Win Rate: 50.00% | Actor Loss: 0.5304 | Entropy: 1.0646 | Invalid S/B: 0.00/0.00 | Max Load: 4.2 | Load Gap: 1.2 | Group CV: 0.0201
Epoch [1569/2000] | Sampled: 353.88 | Baseline: 328.00 | Improvement: -25.88 | Win Rate: 0.00% | Actor Loss: -0.4484 | Entropy: 1.0668 | Invalid S/B: 0.00/0.00 | Max Load: 4.1 | Load Gap: 1.1 | Group CV: 0.0237
Epoch [1570/2000] | Sampled: 362.50 | Baseline: 335.00 | Improvement: -27.50 | Win Rate: 12.50% | Actor Loss: -4.2135 | Entropy: 1.0831 | Invalid S/B: 0.25/0.00 | Max Load: 4.1 | Load Gap: 1.1 | Group CV: 0.0630
   -> Validation | Samples: 50 | Makespan: 354.12 | Invalid Jobs: 0.04 | Score: 358.12
Epoch [1571/2000] | Sampled: 371.38 | Baseline: 339.00 | Improvement: -32.38 | Win Rate: 0.00% | Actor Loss: 2.5685 | Entropy: 1.1189 | Invalid S/B: 0.00/0.00 | Max Load: 4.2 | Load Gap: 1.2 | Group CV: 0.0215
Epoch [1572/2000] | Sampled: 352.75 | Baseline: 334.00 | Improvement: -18.75 | Win Rate: 12.50% | Actor Loss: -3.3309 | Entropy: 1.0445 | Invalid S/B: 0.00/0.00 | Max Load: 4.0 | Load Gap: 1.0 | Group CV: 0.0218
Epoch [1573/2000] | Sampled: 348.00 | Baseline: 328.50 | Improvement: -19.50 | Win Rate: 25.00% | Actor Loss: 1.9226 | Entropy: 1.0416 | Invalid S/B: 0.00/0.00 | Max Load: 4.1 | Load Gap: 1.1 | Group CV: 0.0130
Epoch [1574/2000] | Sampled: 351.00 | Baseline: 303.00 | Improvement: -48.00 | Win Rate: 0.00% | Actor Loss: -4.6353 | Entropy: 1.0998 | Invalid S/B: 0.00/0.00 | Max Load: 4.1 | Load Gap: 1.1 | Group CV: 0.0151
Epoch [1575/2000] | Sampled: 372.38 | Baseline: 340.00 | Improvement: -32.38 | Win Rate: 0.00% | Actor Loss: -5.4769 | Entropy: 1.0348 | Invalid S/B: 0.00/0.00 | Max Load: 4.2 | Load Gap: 1.2 | Group CV: 0.0159
Epoch [1576/2000] | Sampled: 339.38 | Baseline: 308.00 | Improvement: -31.38 | Win Rate: 0.00% | Actor Loss: -7.5005 | Entropy: 0.9935 | Invalid S/B: 0.00/0.00 | Max Load: 4.2 | Load Gap: 1.2 | Group CV: 0.0238
Epoch [1577/2000] | Sampled: 372.62 | Baseline: 364.00 | Improvement: -8.62 | Win Rate: 50.00% | Actor Loss: 1.4957 | Entropy: 1.0214 | Invalid S/B: 0.00/0.00 | Max Load: 4.1 | Load Gap: 1.1 | Group CV: 0.0162
Epoch [1578/2000] | Sampled: 363.50 | Baseline: 356.00 | Improvement: -7.50 | Win Rate: 62.50% | Actor Loss: -1.7472 | Entropy: 0.9984 | Invalid S/B: 0.12/0.00 | Max Load: 4.1 | Load Gap: 1.1 | Group CV: 0.0405
Epoch [1579/2000] | Sampled: 345.25 | Baseline: 309.50 | Improvement: -35.75 | Win Rate: 0.00% | Actor Loss: 2.1624 | Entropy: 1.0449 | Invalid S/B: 0.00/0.00 | Max Load: 4.2 | Load Gap: 1.2 | Group CV: 0.0222
Epoch [1580/2000] | Sampled: 357.25 | Baseline: 348.00 | Improvement: -9.25 | Win Rate: 37.50% | Actor Loss: -1.7214 | Entropy: 1.0362 | Invalid S/B: 0.00/0.00 | Max Load: 4.5 | Load Gap: 1.5 | Group CV: 0.0222
   -> Validation | Samples: 50 | Makespan: 351.14 | Invalid Jobs: 0.00 | Score: 351.14
Epoch [1581/2000] | Sampled: 367.62 | Baseline: 390.50 | Improvement: 22.88 | Win Rate: 50.00% | Actor Loss: -2.4785 | Entropy: 1.0267 | Invalid S/B: 0.00/0.00 | Max Load: 4.5 | Load Gap: 1.5 | Group CV: 0.0185
Epoch [1582/2000] | Sampled: 361.00 | Baseline: 350.00 | Improvement: -11.00 | Win Rate: 25.00% | Actor Loss: -4.8820 | Entropy: 0.9898 | Invalid S/B: 0.00/0.00 | Max Load: 4.0 | Load Gap: 1.0 | Group CV: 0.0207
Epoch [1583/2000] | Sampled: 356.25 | Baseline: 375.00 | Improvement: 18.75 | Win Rate: 87.50% | Actor Loss: 0.6883 | Entropy: 1.0434 | Invalid S/B: 0.00/0.00 | Max Load: 4.4 | Load Gap: 1.4 | Group CV: 0.0139
Epoch [1584/2000] | Sampled: 346.75 | Baseline: 368.00 | Improvement: 21.25 | Win Rate: 75.00% | Actor Loss: 2.8952 | Entropy: 1.0436 | Invalid S/B: 0.00/0.00 | Max Load: 4.4 | Load Gap: 1.4 | Group CV: 0.0192
Epoch [1585/2000] | Sampled: 350.25 | Baseline: 329.50 | Improvement: -20.75 | Win Rate: 0.00% | Actor Loss: 5.6058 | Entropy: 1.0149 | Invalid S/B: 0.00/0.00 | Max Load: 4.4 | Load Gap: 1.4 | Group CV: 0.0261
Epoch [1586/2000] | Sampled: 348.00 | Baseline: 301.00 | Improvement: -47.00 | Win Rate: 0.00% | Actor Loss: -0.8383 | Entropy: 1.0055 | Invalid S/B: 0.00/0.00 | Max Load: 4.0 | Load Gap: 1.0 | Group CV: 0.0088
Epoch [1587/2000] | Sampled: 341.00 | Baseline: 305.00 | Improvement: -36.00 | Win Rate: 0.00% | Actor Loss: 2.8376 | Entropy: 1.0133 | Invalid S/B: 0.00/0.00 | Max Load: 4.1 | Load Gap: 1.1 | Group CV: 0.0312
Epoch [1588/2000] | Sampled: 346.50 | Baseline: 319.50 | Improvement: -27.00 | Win Rate: 12.50% | Actor Loss: -0.6261 | Entropy: 0.9751 | Invalid S/B: 0.00/0.00 | Max Load: 4.4 | Load Gap: 1.4 | Group CV: 0.0224
Epoch [1589/2000] | Sampled: 362.00 | Baseline: 326.00 | Improvement: -36.00 | Win Rate: 0.00% | Actor Loss: 5.3105 | Entropy: 0.9917 | Invalid S/B: 0.00/0.00 | Max Load: 4.1 | Load Gap: 1.1 | Group CV: 0.0143
Epoch [1590/2000] | Sampled: 360.75 | Baseline: 419.00 | Improvement: 58.25 | Win Rate: 100.00% | Actor Loss: 1.9654 | Entropy: 0.9685 | Invalid S/B: 0.00/0.00 | Max Load: 4.1 | Load Gap: 1.1 | Group CV: 0.0169
   -> Validation | Samples: 50 | Makespan: 350.02 | Invalid Jobs: 0.00 | Score: 350.02
Epoch [1591/2000] | Sampled: 359.38 | Baseline: 373.00 | Improvement: 13.62 | Win Rate: 50.00% | Actor Loss: -4.3816 | Entropy: 1.0538 | Invalid S/B: 0.00/0.50 | Max Load: 4.1 | Load Gap: 1.1 | Group CV: 0.0215
Epoch [1592/2000] | Sampled: 349.12 | Baseline: 345.50 | Improvement: -3.62 | Win Rate: 37.50% | Actor Loss: -0.1544 | Entropy: 1.0200 | Invalid S/B: 0.00/0.00 | Max Load: 4.2 | Load Gap: 1.2 | Group CV: 0.0270
Epoch [1593/2000] | Sampled: 346.12 | Baseline: 334.50 | Improvement: -11.62 | Win Rate: 12.50% | Actor Loss: 1.2290 | Entropy: 0.9843 | Invalid S/B: 0.00/0.00 | Max Load: 4.2 | Load Gap: 1.2 | Group CV: 0.0219
Epoch [1594/2000] | Sampled: 364.25 | Baseline: 368.00 | Improvement: 3.75 | Win Rate: 50.00% | Actor Loss: -2.4950 | Entropy: 1.0400 | Invalid S/B: 0.12/0.00 | Max Load: 4.0 | Load Gap: 1.0 | Group CV: 0.0299
Epoch [1595/2000] | Sampled: 351.62 | Baseline: 317.50 | Improvement: -34.12 | Win Rate: 0.00% | Actor Loss: -3.1155 | Entropy: 0.9909 | Invalid S/B: 0.00/0.00 | Max Load: 4.2 | Load Gap: 1.2 | Group CV: 0.0219
Epoch [1596/2000] | Sampled: 345.88 | Baseline: 320.00 | Improvement: -25.88 | Win Rate: 0.00% | Actor Loss: -5.0217 | Entropy: 1.0058 | Invalid S/B: 0.00/0.00 | Max Load: 4.2 | Load Gap: 1.2 | Group CV: 0.0221
Epoch [1597/2000] | Sampled: 361.00 | Baseline: 341.00 | Improvement: -20.00 | Win Rate: 50.00% | Actor Loss: 0.3932 | Entropy: 1.0218 | Invalid S/B: 0.00/0.50 | Max Load: 4.2 | Load Gap: 1.2 | Group CV: 0.0157
Epoch [1598/2000] | Sampled: 341.25 | Baseline: 305.50 | Improvement: -35.75 | Win Rate: 0.00% | Actor Loss: -3.1415 | Entropy: 0.9597 | Invalid S/B: 0.00/0.00 | Max Load: 4.1 | Load Gap: 1.1 | Group CV: 0.0192
Epoch [1599/2000] | Sampled: 346.12 | Baseline: 306.00 | Improvement: -40.12 | Win Rate: 12.50% | Actor Loss: -1.4826 | Entropy: 0.9775 | Invalid S/B: 0.00/0.00 | Max Load: 4.1 | Load Gap: 1.1 | Group CV: 0.0327
Epoch [1600/2000] | Sampled: 351.62 | Baseline: 333.00 | Improvement: -18.62 | Win Rate: 12.50% | Actor Loss: -0.8287 | Entropy: 0.9530 | Invalid S/B: 0.00/0.00 | Max Load: 4.2 | Load Gap: 1.2 | Group CV: 0.0136
   -> Validation | Samples: 50 | Makespan: 350.84 | Invalid Jobs: 0.00 | Score: 350.84
   -> Saved updated training chart to /home/wei/Desktop/AMR-DFJSP/Static_alogorithm/GNN/gnn_training_metrics.png
Epoch [1601/2000] | Sampled: 348.38 | Baseline: 342.00 | Improvement: -6.38 | Win Rate: 50.00% | Actor Loss: 0.3354 | Entropy: 0.9899 | Invalid S/B: 0.00/0.00 | Max Load: 4.1 | Load Gap: 1.1 | Group CV: 0.0197
Epoch [1602/2000] | Sampled: 349.00 | Baseline: 343.00 | Improvement: -6.00 | Win Rate: 37.50% | Actor Loss: -1.3416 | Entropy: 0.9948 | Invalid S/B: 0.00/0.00 | Max Load: 4.1 | Load Gap: 1.1 | Group CV: 0.0313
Epoch [1603/2000] | Sampled: 345.25 | Baseline: 323.50 | Improvement: -21.75 | Win Rate: 12.50% | Actor Loss: -1.2524 | Entropy: 1.0013 | Invalid S/B: 0.00/0.00 | Max Load: 4.0 | Load Gap: 1.0 | Group CV: 0.0242
Epoch [1604/2000] | Sampled: 363.12 | Baseline: 357.50 | Improvement: -5.62 | Win Rate: 50.00% | Actor Loss: -1.1059 | Entropy: 1.0197 | Invalid S/B: 0.00/0.00 | Max Load: 4.2 | Load Gap: 1.2 | Group CV: 0.0274
Epoch [1605/2000] | Sampled: 344.88 | Baseline: 342.50 | Improvement: -2.38 | Win Rate: 50.00% | Actor Loss: -6.0554 | Entropy: 0.9802 | Invalid S/B: 0.00/0.00 | Max Load: 4.1 | Load Gap: 1.1 | Group CV: 0.0255
Epoch [1606/2000] | Sampled: 346.25 | Baseline: 309.50 | Improvement: -36.75 | Win Rate: 0.00% | Actor Loss: 2.3352 | Entropy: 0.9821 | Invalid S/B: 0.00/0.00 | Max Load: 4.1 | Load Gap: 1.1 | Group CV: 0.0198
Epoch [1607/2000] | Sampled: 350.88 | Baseline: 347.50 | Improvement: -3.38 | Win Rate: 62.50% | Actor Loss: -1.2661 | Entropy: 0.9858 | Invalid S/B: 0.00/0.00 | Max Load: 4.1 | Load Gap: 1.1 | Group CV: 0.0289
Epoch [1608/2000] | Sampled: 338.88 | Baseline: 338.00 | Improvement: -0.88 | Win Rate: 50.00% | Actor Loss: -4.2621 | Entropy: 0.9378 | Invalid S/B: 0.00/0.00 | Max Load: 4.0 | Load Gap: 1.0 | Group CV: 0.0174
Epoch [1609/2000] | Sampled: 355.38 | Baseline: 356.50 | Improvement: 1.12 | Win Rate: 50.00% | Actor Loss: -5.8760 | Entropy: 0.9262 | Invalid S/B: 0.00/0.00 | Max Load: 4.1 | Load Gap: 1.1 | Group CV: 0.0165
Epoch [1610/2000] | Sampled: 359.00 | Baseline: 360.50 | Improvement: 1.50 | Win Rate: 50.00% | Actor Loss: -2.9445 | Entropy: 0.9319 | Invalid S/B: 0.00/0.00 | Max Load: 4.5 | Load Gap: 1.5 | Group CV: 0.0163
   -> Validation | Samples: 50 | Makespan: 350.02 | Invalid Jobs: 0.02 | Score: 352.02
Epoch [1611/2000] | Sampled: 346.00 | Baseline: 330.00 | Improvement: -16.00 | Win Rate: 12.50% | Actor Loss: -1.7612 | Entropy: 0.9148 | Invalid S/B: 0.00/0.00 | Max Load: 4.4 | Load Gap: 1.4 | Group CV: 0.0213
Epoch [1612/2000] | Sampled: 350.75 | Baseline: 322.50 | Improvement: -28.25 | Win Rate: 0.00% | Actor Loss: -0.0072 | Entropy: 0.9211 | Invalid S/B: 0.00/0.00 | Max Load: 4.2 | Load Gap: 1.2 | Group CV: 0.0192
Epoch [1613/2000] | Sampled: 365.00 | Baseline: 329.50 | Improvement: -35.50 | Win Rate: 0.00% | Actor Loss: 1.7567 | Entropy: 0.9538 | Invalid S/B: 0.00/0.00 | Max Load: 4.4 | Load Gap: 1.4 | Group CV: 0.0215
Epoch [1614/2000] | Sampled: 346.38 | Baseline: 338.50 | Improvement: -7.88 | Win Rate: 50.00% | Actor Loss: -3.3614 | Entropy: 0.9424 | Invalid S/B: 0.00/0.00 | Max Load: 4.1 | Load Gap: 1.1 | Group CV: 0.0271
Epoch [1615/2000] | Sampled: 342.62 | Baseline: 316.00 | Improvement: -26.62 | Win Rate: 0.00% | Actor Loss: 3.3475 | Entropy: 0.9173 | Invalid S/B: 0.00/0.00 | Max Load: 4.0 | Load Gap: 1.0 | Group CV: 0.0133
Epoch [1616/2000] | Sampled: 358.88 | Baseline: 375.50 | Improvement: 16.62 | Win Rate: 75.00% | Actor Loss: 0.0481 | Entropy: 0.9472 | Invalid S/B: 0.12/0.50 | Max Load: 4.2 | Load Gap: 1.2 | Group CV: 0.0576
Epoch [1617/2000] | Sampled: 349.88 | Baseline: 354.50 | Improvement: 4.62 | Win Rate: 62.50% | Actor Loss: 4.7314 | Entropy: 0.9066 | Invalid S/B: 0.00/0.00 | Max Load: 4.4 | Load Gap: 1.4 | Group CV: 0.0306
Epoch [1618/2000] | Sampled: 347.38 | Baseline: 331.50 | Improvement: -15.88 | Win Rate: 37.50% | Actor Loss: -0.2955 | Entropy: 0.8956 | Invalid S/B: 0.12/0.00 | Max Load: 4.0 | Load Gap: 1.0 | Group CV: 0.0432
Epoch [1619/2000] | Sampled: 356.88 | Baseline: 350.00 | Improvement: -6.88 | Win Rate: 37.50% | Actor Loss: -1.8208 | Entropy: 0.9019 | Invalid S/B: 0.00/0.00 | Max Load: 4.0 | Load Gap: 1.0 | Group CV: 0.0155
Epoch [1620/2000] | Sampled: 351.62 | Baseline: 331.00 | Improvement: -20.62 | Win Rate: 0.00% | Actor Loss: -0.7405 | Entropy: 0.9432 | Invalid S/B: 0.12/0.00 | Max Load: 4.0 | Load Gap: 1.0 | Group CV: 0.0587
   -> Validation | Samples: 50 | Makespan: 349.50 | Invalid Jobs: 0.02 | Score: 351.50
Epoch [1621/2000] | Sampled: 355.25 | Baseline: 309.50 | Improvement: -45.75 | Win Rate: 0.00% | Actor Loss: -3.5595 | Entropy: 0.9296 | Invalid S/B: 0.00/0.00 | Max Load: 4.2 | Load Gap: 1.2 | Group CV: 0.0330
Epoch [1622/2000] | Sampled: 355.50 | Baseline: 309.00 | Improvement: -46.50 | Win Rate: 0.00% | Actor Loss: -7.9645 | Entropy: 0.9296 | Invalid S/B: 0.00/0.00 | Max Load: 4.1 | Load Gap: 1.1 | Group CV: 0.0185
Epoch [1623/2000] | Sampled: 349.75 | Baseline: 355.00 | Improvement: 5.25 | Win Rate: 75.00% | Actor Loss: -3.2761 | Entropy: 0.9555 | Invalid S/B: 0.00/0.00 | Max Load: 4.1 | Load Gap: 1.1 | Group CV: 0.0248
Epoch [1624/2000] | Sampled: 341.25 | Baseline: 310.50 | Improvement: -30.75 | Win Rate: 0.00% | Actor Loss: 1.2901 | Entropy: 0.9272 | Invalid S/B: 0.00/0.00 | Max Load: 4.2 | Load Gap: 1.2 | Group CV: 0.0276
Epoch [1625/2000] | Sampled: 361.25 | Baseline: 383.50 | Improvement: 22.25 | Win Rate: 100.00% | Actor Loss: -3.4176 | Entropy: 0.9128 | Invalid S/B: 0.00/0.00 | Max Load: 4.6 | Load Gap: 1.6 | Group CV: 0.0263
Epoch [1626/2000] | Sampled: 351.50 | Baseline: 355.00 | Improvement: 3.50 | Win Rate: 50.00% | Actor Loss: 0.9384 | Entropy: 0.9380 | Invalid S/B: 0.00/0.50 | Max Load: 4.2 | Load Gap: 1.2 | Group CV: 0.0304
Epoch [1627/2000] | Sampled: 340.75 | Baseline: 339.00 | Improvement: -1.75 | Win Rate: 50.00% | Actor Loss: 1.2739 | Entropy: 0.9296 | Invalid S/B: 0.00/0.00 | Max Load: 4.2 | Load Gap: 1.2 | Group CV: 0.0182
Epoch [1628/2000] | Sampled: 354.88 | Baseline: 321.00 | Improvement: -33.88 | Win Rate: 0.00% | Actor Loss: -3.3333 | Entropy: 0.9335 | Invalid S/B: 0.00/0.00 | Max Load: 4.1 | Load Gap: 1.1 | Group CV: 0.0301
Epoch [1629/2000] | Sampled: 366.62 | Baseline: 378.00 | Improvement: 11.38 | Win Rate: 50.00% | Actor Loss: 1.9752 | Entropy: 0.9537 | Invalid S/B: 0.00/0.00 | Max Load: 4.1 | Load Gap: 1.1 | Group CV: 0.0173
Epoch [1630/2000] | Sampled: 348.25 | Baseline: 371.50 | Improvement: 23.25 | Win Rate: 100.00% | Actor Loss: -7.6506 | Entropy: 0.9079 | Invalid S/B: 0.00/0.00 | Max Load: 4.4 | Load Gap: 1.4 | Group CV: 0.0314
   -> Validation | Samples: 50 | Makespan: 348.34 | Invalid Jobs: 0.00 | Score: 348.34
Epoch [1631/2000] | Sampled: 349.62 | Baseline: 308.00 | Improvement: -41.62 | Win Rate: 0.00% | Actor Loss: 1.8516 | Entropy: 0.8981 | Invalid S/B: 0.00/0.00 | Max Load: 4.1 | Load Gap: 1.1 | Group CV: 0.0225
Epoch [1632/2000] | Sampled: 345.50 | Baseline: 310.00 | Improvement: -35.50 | Win Rate: 0.00% | Actor Loss: -3.5194 | Entropy: 0.9375 | Invalid S/B: 0.12/0.00 | Max Load: 4.0 | Load Gap: 1.0 | Group CV: 0.0269
Epoch [1633/2000] | Sampled: 351.38 | Baseline: 354.50 | Improvement: 3.12 | Win Rate: 37.50% | Actor Loss: -1.9007 | Entropy: 0.9066 | Invalid S/B: 0.12/0.00 | Max Load: 4.0 | Load Gap: 1.0 | Group CV: 0.0467
Epoch [1634/2000] | Sampled: 349.62 | Baseline: 328.00 | Improvement: -21.62 | Win Rate: 50.00% | Actor Loss: -0.0926 | Entropy: 0.8903 | Invalid S/B: 0.00/0.00 | Max Load: 4.4 | Load Gap: 1.4 | Group CV: 0.0367
Epoch [1635/2000] | Sampled: 346.62 | Baseline: 391.00 | Improvement: 44.38 | Win Rate: 100.00% | Actor Loss: 4.9808 | Entropy: 0.9170 | Invalid S/B: 0.00/0.00 | Max Load: 4.8 | Load Gap: 1.8 | Group CV: 0.0250
Epoch [1636/2000] | Sampled: 354.38 | Baseline: 317.50 | Improvement: -36.88 | Win Rate: 0.00% | Actor Loss: -2.0464 | Entropy: 0.9060 | Invalid S/B: 0.12/0.00 | Max Load: 4.1 | Load Gap: 1.1 | Group CV: 0.0343
Epoch [1637/2000] | Sampled: 349.75 | Baseline: 351.00 | Improvement: 1.25 | Win Rate: 75.00% | Actor Loss: -2.3177 | Entropy: 0.9040 | Invalid S/B: 0.00/0.00 | Max Load: 4.4 | Load Gap: 1.4 | Group CV: 0.0325
Epoch [1638/2000] | Sampled: 345.62 | Baseline: 307.50 | Improvement: -38.12 | Win Rate: 0.00% | Actor Loss: 1.1399 | Entropy: 0.8938 | Invalid S/B: 0.00/0.00 | Max Load: 4.2 | Load Gap: 1.2 | Group CV: 0.0133
Epoch [1639/2000] | Sampled: 338.00 | Baseline: 304.50 | Improvement: -33.50 | Win Rate: 0.00% | Actor Loss: -1.6859 | Entropy: 0.9107 | Invalid S/B: 0.00/0.00 | Max Load: 4.1 | Load Gap: 1.1 | Group CV: 0.0190
Epoch [1640/2000] | Sampled: 342.62 | Baseline: 329.00 | Improvement: -13.62 | Win Rate: 25.00% | Actor Loss: 5.3835 | Entropy: 0.9064 | Invalid S/B: 0.00/0.00 | Max Load: 4.1 | Load Gap: 1.1 | Group CV: 0.0322
   -> Validation | Samples: 50 | Makespan: 349.90 | Invalid Jobs: 0.00 | Score: 349.90
Epoch [1641/2000] | Sampled: 352.50 | Baseline: 334.50 | Improvement: -18.00 | Win Rate: 0.00% | Actor Loss: -6.0547 | Entropy: 0.8780 | Invalid S/B: 0.00/0.00 | Max Load: 4.5 | Load Gap: 1.5 | Group CV: 0.0177
Epoch [1642/2000] | Sampled: 368.12 | Baseline: 347.00 | Improvement: -21.12 | Win Rate: 12.50% | Actor Loss: 1.0737 | Entropy: 0.9197 | Invalid S/B: 0.12/0.00 | Max Load: 4.1 | Load Gap: 1.1 | Group CV: 0.0367
Epoch [1643/2000] | Sampled: 339.25 | Baseline: 312.50 | Improvement: -26.75 | Win Rate: 0.00% | Actor Loss: -1.7154 | Entropy: 0.8828 | Invalid S/B: 0.00/0.00 | Max Load: 4.2 | Load Gap: 1.2 | Group CV: 0.0183
Epoch [1644/2000] | Sampled: 344.00 | Baseline: 281.00 | Improvement: -63.00 | Win Rate: 0.00% | Actor Loss: 5.2548 | Entropy: 0.8785 | Invalid S/B: 0.00/0.00 | Max Load: 4.4 | Load Gap: 1.4 | Group CV: 0.0243
Epoch [1645/2000] | Sampled: 356.75 | Baseline: 365.50 | Improvement: 8.75 | Win Rate: 62.50% | Actor Loss: -4.0509 | Entropy: 0.9268 | Invalid S/B: 0.00/0.00 | Max Load: 4.1 | Load Gap: 1.1 | Group CV: 0.0217
Epoch [1646/2000] | Sampled: 332.62 | Baseline: 302.50 | Improvement: -30.12 | Win Rate: 0.00% | Actor Loss: -0.6321 | Entropy: 0.9086 | Invalid S/B: 0.00/0.00 | Max Load: 4.2 | Load Gap: 1.2 | Group CV: 0.0338
Epoch [1647/2000] | Sampled: 357.00 | Baseline: 311.00 | Improvement: -46.00 | Win Rate: 0.00% | Actor Loss: -2.0732 | Entropy: 0.9026 | Invalid S/B: 0.12/0.00 | Max Load: 4.4 | Load Gap: 1.4 | Group CV: 0.0286
Epoch [1648/2000] | Sampled: 358.75 | Baseline: 329.00 | Improvement: -29.75 | Win Rate: 12.50% | Actor Loss: -1.6795 | Entropy: 0.8952 | Invalid S/B: 0.00/0.00 | Max Load: 4.1 | Load Gap: 1.1 | Group CV: 0.0218
Epoch [1649/2000] | Sampled: 357.12 | Baseline: 349.00 | Improvement: -8.12 | Win Rate: 37.50% | Actor Loss: 0.1586 | Entropy: 0.9618 | Invalid S/B: 0.00/0.00 | Max Load: 4.0 | Load Gap: 1.0 | Group CV: 0.0413
Epoch [1650/2000] | Sampled: 354.00 | Baseline: 339.50 | Improvement: -14.50 | Win Rate: 12.50% | Actor Loss: -1.5353 | Entropy: 0.8982 | Invalid S/B: 0.00/0.00 | Max Load: 4.4 | Load Gap: 1.4 | Group CV: 0.0188
   -> Validation | Samples: 50 | Makespan: 352.12 | Invalid Jobs: 0.02 | Score: 354.12
Epoch [1651/2000] | Sampled: 354.25 | Baseline: 313.00 | Improvement: -41.25 | Win Rate: 0.00% | Actor Loss: -1.3398 | Entropy: 0.9240 | Invalid S/B: 0.00/0.00 | Max Load: 4.2 | Load Gap: 1.2 | Group CV: 0.0216
Epoch [1652/2000] | Sampled: 349.88 | Baseline: 325.50 | Improvement: -24.38 | Win Rate: 0.00% | Actor Loss: -3.5612 | Entropy: 0.8876 | Invalid S/B: 0.00/0.00 | Max Load: 4.2 | Load Gap: 1.2 | Group CV: 0.0212
Epoch [1653/2000] | Sampled: 340.62 | Baseline: 322.00 | Improvement: -18.62 | Win Rate: 0.00% | Actor Loss: 8.8405 | Entropy: 0.9011 | Invalid S/B: 0.00/0.00 | Max Load: 4.1 | Load Gap: 1.1 | Group CV: 0.0184
Epoch [1654/2000] | Sampled: 350.62 | Baseline: 313.00 | Improvement: -37.62 | Win Rate: 12.50% | Actor Loss: -0.5569 | Entropy: 0.9047 | Invalid S/B: 0.12/0.00 | Max Load: 4.1 | Load Gap: 1.1 | Group CV: 0.0463
Epoch [1655/2000] | Sampled: 344.62 | Baseline: 364.50 | Improvement: 19.88 | Win Rate: 87.50% | Actor Loss: -3.4689 | Entropy: 0.9078 | Invalid S/B: 0.00/0.00 | Max Load: 4.1 | Load Gap: 1.1 | Group CV: 0.0191
Epoch [1656/2000] | Sampled: 358.00 | Baseline: 353.00 | Improvement: -5.00 | Win Rate: 50.00% | Actor Loss: 2.5099 | Entropy: 0.8879 | Invalid S/B: 0.00/0.00 | Max Load: 4.0 | Load Gap: 1.0 | Group CV: 0.0324
Epoch [1657/2000] | Sampled: 344.38 | Baseline: 324.50 | Improvement: -19.88 | Win Rate: 12.50% | Actor Loss: 2.4016 | Entropy: 0.9307 | Invalid S/B: 0.00/0.00 | Max Load: 4.2 | Load Gap: 1.2 | Group CV: 0.0164
Epoch [1658/2000] | Sampled: 350.75 | Baseline: 308.50 | Improvement: -42.25 | Win Rate: 0.00% | Actor Loss: 0.9936 | Entropy: 0.8686 | Invalid S/B: 0.00/0.00 | Max Load: 4.2 | Load Gap: 1.2 | Group CV: 0.0127
Epoch [1659/2000] | Sampled: 342.50 | Baseline: 340.00 | Improvement: -2.50 | Win Rate: 50.00% | Actor Loss: -3.3751 | Entropy: 0.9073 | Invalid S/B: 0.00/0.00 | Max Load: 4.2 | Load Gap: 1.2 | Group CV: 0.0325
Epoch [1660/2000] | Sampled: 353.75 | Baseline: 346.50 | Improvement: -7.25 | Win Rate: 50.00% | Actor Loss: -1.5641 | Entropy: 0.8996 | Invalid S/B: 0.00/0.00 | Max Load: 4.4 | Load Gap: 1.4 | Group CV: 0.0278
   -> Validation | Samples: 50 | Makespan: 351.80 | Invalid Jobs: 0.04 | Score: 355.80
Epoch [1661/2000] | Sampled: 360.75 | Baseline: 369.50 | Improvement: 8.75 | Win Rate: 50.00% | Actor Loss: -2.3452 | Entropy: 0.9031 | Invalid S/B: 0.00/0.00 | Max Load: 4.1 | Load Gap: 1.1 | Group CV: 0.0272
Epoch [1662/2000] | Sampled: 358.88 | Baseline: 358.00 | Improvement: -0.88 | Win Rate: 50.00% | Actor Loss: 5.0768 | Entropy: 0.9304 | Invalid S/B: 0.00/0.00 | Max Load: 4.1 | Load Gap: 1.1 | Group CV: 0.0285
Epoch [1663/2000] | Sampled: 351.12 | Baseline: 327.00 | Improvement: -24.12 | Win Rate: 0.00% | Actor Loss: -0.3837 | Entropy: 0.9457 | Invalid S/B: 0.00/0.00 | Max Load: 4.6 | Load Gap: 1.6 | Group CV: 0.0138
Epoch [1664/2000] | Sampled: 344.00 | Baseline: 331.50 | Improvement: -12.50 | Win Rate: 12.50% | Actor Loss: 1.9083 | Entropy: 0.9179 | Invalid S/B: 0.12/0.00 | Max Load: 4.0 | Load Gap: 1.0 | Group CV: 0.0418
Epoch [1665/2000] | Sampled: 347.25 | Baseline: 343.00 | Improvement: -4.25 | Win Rate: 50.00% | Actor Loss: 0.6814 | Entropy: 0.9032 | Invalid S/B: 0.00/0.00 | Max Load: 4.0 | Load Gap: 1.0 | Group CV: 0.0162
Epoch [1666/2000] | Sampled: 342.50 | Baseline: 322.50 | Improvement: -20.00 | Win Rate: 37.50% | Actor Loss: 0.2076 | Entropy: 0.8754 | Invalid S/B: 0.00/0.00 | Max Load: 4.0 | Load Gap: 1.0 | Group CV: 0.0243
Epoch [1667/2000] | Sampled: 336.62 | Baseline: 318.00 | Improvement: -18.62 | Win Rate: 50.00% | Actor Loss: -2.1270 | Entropy: 0.9066 | Invalid S/B: 0.00/0.00 | Max Load: 4.2 | Load Gap: 1.2 | Group CV: 0.0189
Epoch [1668/2000] | Sampled: 351.00 | Baseline: 337.00 | Improvement: -14.00 | Win Rate: 37.50% | Actor Loss: -4.2422 | Entropy: 0.9045 | Invalid S/B: 0.00/0.00 | Max Load: 4.6 | Load Gap: 1.6 | Group CV: 0.0282
Epoch [1669/2000] | Sampled: 348.62 | Baseline: 321.50 | Improvement: -27.12 | Win Rate: 0.00% | Actor Loss: -0.4747 | Entropy: 0.9018 | Invalid S/B: 0.00/0.00 | Max Load: 4.4 | Load Gap: 1.4 | Group CV: 0.0070
Epoch [1670/2000] | Sampled: 349.75 | Baseline: 360.50 | Improvement: 10.75 | Win Rate: 50.00% | Actor Loss: 2.8741 | Entropy: 0.9250 | Invalid S/B: 0.00/0.00 | Max Load: 4.1 | Load Gap: 1.1 | Group CV: 0.0142
   -> Validation | Samples: 50 | Makespan: 348.36 | Invalid Jobs: 0.00 | Score: 348.36
Epoch [1671/2000] | Sampled: 383.25 | Baseline: 389.50 | Improvement: 6.25 | Win Rate: 50.00% | Actor Loss: -0.5794 | Entropy: 0.9580 | Invalid S/B: 0.00/0.00 | Max Load: 4.4 | Load Gap: 1.4 | Group CV: 0.0151
Epoch [1672/2000] | Sampled: 350.12 | Baseline: 319.00 | Improvement: -31.12 | Win Rate: 0.00% | Actor Loss: -2.3528 | Entropy: 0.8814 | Invalid S/B: 0.00/0.00 | Max Load: 4.5 | Load Gap: 1.5 | Group CV: 0.0208
Epoch [1673/2000] | Sampled: 355.12 | Baseline: 316.50 | Improvement: -38.62 | Win Rate: 0.00% | Actor Loss: 3.8579 | Entropy: 0.8918 | Invalid S/B: 0.12/0.00 | Max Load: 4.5 | Load Gap: 1.5 | Group CV: 0.0555
Epoch [1674/2000] | Sampled: 342.38 | Baseline: 325.50 | Improvement: -16.88 | Win Rate: 37.50% | Actor Loss: -3.7449 | Entropy: 0.8898 | Invalid S/B: 0.00/0.00 | Max Load: 4.4 | Load Gap: 1.4 | Group CV: 0.0352
Epoch [1675/2000] | Sampled: 354.75 | Baseline: 323.00 | Improvement: -31.75 | Win Rate: 12.50% | Actor Loss: 5.3721 | Entropy: 0.9378 | Invalid S/B: 0.00/0.00 | Max Load: 4.1 | Load Gap: 1.1 | Group CV: 0.0354
Epoch [1676/2000] | Sampled: 352.25 | Baseline: 340.00 | Improvement: -12.25 | Win Rate: 12.50% | Actor Loss: 0.0138 | Entropy: 0.9257 | Invalid S/B: 0.00/0.00 | Max Load: 4.1 | Load Gap: 1.1 | Group CV: 0.0202
Epoch [1677/2000] | Sampled: 359.00 | Baseline: 371.00 | Improvement: 12.00 | Win Rate: 75.00% | Actor Loss: -2.1287 | Entropy: 0.9092 | Invalid S/B: 0.00/0.00 | Max Load: 4.4 | Load Gap: 1.4 | Group CV: 0.0308
Epoch [1678/2000] | Sampled: 371.25 | Baseline: 357.50 | Improvement: -13.75 | Win Rate: 50.00% | Actor Loss: -0.5356 | Entropy: 0.9109 | Invalid S/B: 0.12/0.00 | Max Load: 4.1 | Load Gap: 1.1 | Group CV: 0.0314
Epoch [1679/2000] | Sampled: 342.75 | Baseline: 338.50 | Improvement: -4.25 | Win Rate: 50.00% | Actor Loss: 2.0153 | Entropy: 0.8710 | Invalid S/B: 0.00/0.00 | Max Load: 4.2 | Load Gap: 1.2 | Group CV: 0.0160
Epoch [1680/2000] | Sampled: 347.62 | Baseline: 330.00 | Improvement: -17.62 | Win Rate: 0.00% | Actor Loss: -1.0647 | Entropy: 0.8984 | Invalid S/B: 0.00/0.00 | Max Load: 4.4 | Load Gap: 1.4 | Group CV: 0.0162
   -> Validation | Samples: 50 | Makespan: 351.48 | Invalid Jobs: 0.00 | Score: 351.48
Epoch [1681/2000] | Sampled: 362.62 | Baseline: 387.00 | Improvement: 24.38 | Win Rate: 100.00% | Actor Loss: -1.9472 | Entropy: 0.8633 | Invalid S/B: 0.00/0.00 | Max Load: 4.5 | Load Gap: 1.5 | Group CV: 0.0199
Epoch [1682/2000] | Sampled: 357.62 | Baseline: 320.00 | Improvement: -37.62 | Win Rate: 0.00% | Actor Loss: 2.2991 | Entropy: 0.9093 | Invalid S/B: 0.12/0.00 | Max Load: 4.1 | Load Gap: 1.1 | Group CV: 0.0410
Epoch [1683/2000] | Sampled: 346.88 | Baseline: 356.50 | Improvement: 9.62 | Win Rate: 50.00% | Actor Loss: 1.1714 | Entropy: 0.8709 | Invalid S/B: 0.00/0.00 | Max Load: 4.0 | Load Gap: 1.0 | Group CV: 0.0185
Epoch [1684/2000] | Sampled: 351.88 | Baseline: 358.50 | Improvement: 6.62 | Win Rate: 50.00% | Actor Loss: 1.7362 | Entropy: 0.9524 | Invalid S/B: 0.00/0.00 | Max Load: 4.1 | Load Gap: 1.1 | Group CV: 0.0203
Epoch [1685/2000] | Sampled: 348.75 | Baseline: 328.50 | Improvement: -20.25 | Win Rate: 0.00% | Actor Loss: 5.5024 | Entropy: 0.9046 | Invalid S/B: 0.00/0.00 | Max Load: 4.0 | Load Gap: 1.0 | Group CV: 0.0112
Epoch [1686/2000] | Sampled: 353.12 | Baseline: 313.50 | Improvement: -39.62 | Win Rate: 0.00% | Actor Loss: -2.0736 | Entropy: 0.8924 | Invalid S/B: 0.00/0.00 | Max Load: 4.1 | Load Gap: 1.1 | Group CV: 0.0176
Epoch [1687/2000] | Sampled: 349.50 | Baseline: 324.50 | Improvement: -25.00 | Win Rate: 0.00% | Actor Loss: -4.5051 | Entropy: 0.9203 | Invalid S/B: 0.00/0.00 | Max Load: 4.4 | Load Gap: 1.4 | Group CV: 0.0211
Epoch [1688/2000] | Sampled: 339.38 | Baseline: 331.00 | Improvement: -8.38 | Win Rate: 12.50% | Actor Loss: -2.5258 | Entropy: 0.9310 | Invalid S/B: 0.00/0.00 | Max Load: 4.0 | Load Gap: 1.0 | Group CV: 0.0195
Epoch [1689/2000] | Sampled: 347.25 | Baseline: 346.00 | Improvement: -1.25 | Win Rate: 50.00% | Actor Loss: 5.6150 | Entropy: 0.8907 | Invalid S/B: 0.00/0.00 | Max Load: 4.4 | Load Gap: 1.4 | Group CV: 0.0143
Epoch [1690/2000] | Sampled: 344.50 | Baseline: 344.50 | Improvement: 0.00 | Win Rate: 50.00% | Actor Loss: -0.4440 | Entropy: 0.8846 | Invalid S/B: 0.00/0.00 | Max Load: 4.1 | Load Gap: 1.1 | Group CV: 0.0242
   -> Validation | Samples: 50 | Makespan: 352.44 | Invalid Jobs: 0.02 | Score: 354.44
Epoch [1691/2000] | Sampled: 347.12 | Baseline: 348.50 | Improvement: 1.38 | Win Rate: 50.00% | Actor Loss: -2.0033 | Entropy: 0.8926 | Invalid S/B: 0.00/0.00 | Max Load: 4.4 | Load Gap: 1.4 | Group CV: 0.0178
Epoch [1692/2000] | Sampled: 352.00 | Baseline: 329.00 | Improvement: -23.00 | Win Rate: 12.50% | Actor Loss: -5.7898 | Entropy: 0.9067 | Invalid S/B: 0.00/0.00 | Max Load: 4.0 | Load Gap: 1.0 | Group CV: 0.0212
Epoch [1693/2000] | Sampled: 347.62 | Baseline: 342.00 | Improvement: -5.62 | Win Rate: 37.50% | Actor Loss: -1.2348 | Entropy: 0.9602 | Invalid S/B: 0.00/0.00 | Max Load: 4.0 | Load Gap: 1.0 | Group CV: 0.0228
Epoch [1694/2000] | Sampled: 353.12 | Baseline: 317.50 | Improvement: -35.62 | Win Rate: 0.00% | Actor Loss: -3.0476 | Entropy: 0.9504 | Invalid S/B: 0.00/0.00 | Max Load: 4.2 | Load Gap: 1.2 | Group CV: 0.0287
Epoch [1695/2000] | Sampled: 353.75 | Baseline: 346.00 | Improvement: -7.75 | Win Rate: 50.00% | Actor Loss: -4.3576 | Entropy: 0.8929 | Invalid S/B: 0.00/0.00 | Max Load: 4.0 | Load Gap: 1.0 | Group CV: 0.0239
Epoch [1696/2000] | Sampled: 348.38 | Baseline: 321.50 | Improvement: -26.88 | Win Rate: 0.00% | Actor Loss: -3.1951 | Entropy: 0.9097 | Invalid S/B: 0.00/0.00 | Max Load: 4.2 | Load Gap: 1.2 | Group CV: 0.0188
Epoch [1697/2000] | Sampled: 366.25 | Baseline: 328.00 | Improvement: -38.25 | Win Rate: 0.00% | Actor Loss: -0.9670 | Entropy: 0.9032 | Invalid S/B: 0.00/0.00 | Max Load: 4.6 | Load Gap: 1.6 | Group CV: 0.0222
Epoch [1698/2000] | Sampled: 352.88 | Baseline: 367.50 | Improvement: 14.62 | Win Rate: 75.00% | Actor Loss: -3.0345 | Entropy: 0.8998 | Invalid S/B: 0.00/0.00 | Max Load: 4.0 | Load Gap: 1.0 | Group CV: 0.0332
Epoch [1699/2000] | Sampled: 355.88 | Baseline: 345.00 | Improvement: -10.88 | Win Rate: 12.50% | Actor Loss: -1.1830 | Entropy: 0.9025 | Invalid S/B: 0.00/0.00 | Max Load: 4.2 | Load Gap: 1.2 | Group CV: 0.0257
Epoch [1700/2000] | Sampled: 360.12 | Baseline: 316.00 | Improvement: -44.12 | Win Rate: 0.00% | Actor Loss: 2.2019 | Entropy: 0.9014 | Invalid S/B: 0.00/0.00 | Max Load: 4.1 | Load Gap: 1.1 | Group CV: 0.0145
   -> Validation | Samples: 50 | Makespan: 352.00 | Invalid Jobs: 0.04 | Score: 356.00
   -> Saved updated training chart to /home/wei/Desktop/AMR-DFJSP/Static_alogorithm/GNN/gnn_training_metrics.png
Epoch [1701/2000] | Sampled: 341.88 | Baseline: 338.50 | Improvement: -3.38 | Win Rate: 50.00% | Actor Loss: -2.0114 | Entropy: 0.8828 | Invalid S/B: 0.00/0.00 | Max Load: 4.1 | Load Gap: 1.1 | Group CV: 0.0193
Epoch [1702/2000] | Sampled: 354.50 | Baseline: 304.00 | Improvement: -50.50 | Win Rate: 0.00% | Actor Loss: -4.8539 | Entropy: 0.9056 | Invalid S/B: 0.00/0.00 | Max Load: 4.1 | Load Gap: 1.1 | Group CV: 0.0259
Epoch [1703/2000] | Sampled: 356.75 | Baseline: 400.00 | Improvement: 43.25 | Win Rate: 100.00% | Actor Loss: 2.4407 | Entropy: 0.8696 | Invalid S/B: 0.00/0.00 | Max Load: 4.4 | Load Gap: 1.4 | Group CV: 0.0152
Epoch [1704/2000] | Sampled: 343.62 | Baseline: 317.50 | Improvement: -26.12 | Win Rate: 25.00% | Actor Loss: 0.8260 | Entropy: 0.8738 | Invalid S/B: 0.00/0.00 | Max Load: 4.1 | Load Gap: 1.1 | Group CV: 0.0265
Epoch [1705/2000] | Sampled: 347.62 | Baseline: 346.50 | Improvement: -1.12 | Win Rate: 37.50% | Actor Loss: -1.4190 | Entropy: 0.8747 | Invalid S/B: 0.00/0.00 | Max Load: 4.1 | Load Gap: 1.1 | Group CV: 0.0239
Epoch [1706/2000] | Sampled: 349.38 | Baseline: 299.00 | Improvement: -50.38 | Win Rate: 0.00% | Actor Loss: 0.2032 | Entropy: 0.8885 | Invalid S/B: 0.00/0.00 | Max Load: 4.2 | Load Gap: 1.2 | Group CV: 0.0201
Epoch [1707/2000] | Sampled: 356.12 | Baseline: 355.50 | Improvement: -0.62 | Win Rate: 62.50% | Actor Loss: -7.8508 | Entropy: 0.9152 | Invalid S/B: 0.00/0.00 | Max Load: 4.1 | Load Gap: 1.1 | Group CV: 0.0365
Epoch [1708/2000] | Sampled: 346.88 | Baseline: 325.50 | Improvement: -21.38 | Win Rate: 0.00% | Actor Loss: -1.6577 | Entropy: 0.8655 | Invalid S/B: 0.00/0.00 | Max Load: 4.1 | Load Gap: 1.1 | Group CV: 0.0198
Epoch [1709/2000] | Sampled: 354.88 | Baseline: 310.50 | Improvement: -44.38 | Win Rate: 0.00% | Actor Loss: -7.3743 | Entropy: 0.9288 | Invalid S/B: 0.00/0.00 | Max Load: 4.2 | Load Gap: 1.2 | Group CV: 0.0118
Epoch [1710/2000] | Sampled: 347.38 | Baseline: 345.50 | Improvement: -1.88 | Win Rate: 50.00% | Actor Loss: -2.1298 | Entropy: 0.9090 | Invalid S/B: 0.00/0.00 | Max Load: 4.1 | Load Gap: 1.1 | Group CV: 0.0182
   -> Validation | Samples: 50 | Makespan: 351.90 | Invalid Jobs: 0.00 | Score: 351.90
Epoch [1711/2000] | Sampled: 334.00 | Baseline: 311.00 | Improvement: -23.00 | Win Rate: 0.00% | Actor Loss: 1.2312 | Entropy: 0.8510 | Invalid S/B: 0.00/0.00 | Max Load: 4.2 | Load Gap: 1.2 | Group CV: 0.0148
Epoch [1712/2000] | Sampled: 345.12 | Baseline: 352.00 | Improvement: 6.88 | Win Rate: 50.00% | Actor Loss: -3.1688 | Entropy: 0.8886 | Invalid S/B: 0.00/0.00 | Max Load: 4.1 | Load Gap: 1.1 | Group CV: 0.0209
Epoch [1713/2000] | Sampled: 339.50 | Baseline: 314.00 | Improvement: -25.50 | Win Rate: 25.00% | Actor Loss: -0.6984 | Entropy: 0.8582 | Invalid S/B: 0.00/0.00 | Max Load: 4.1 | Load Gap: 1.1 | Group CV: 0.0337
Epoch [1714/2000] | Sampled: 349.00 | Baseline: 339.00 | Improvement: -10.00 | Win Rate: 37.50% | Actor Loss: -2.7568 | Entropy: 0.8974 | Invalid S/B: 0.00/0.00 | Max Load: 4.1 | Load Gap: 1.1 | Group CV: 0.0187
Epoch [1715/2000] | Sampled: 351.50 | Baseline: 307.00 | Improvement: -44.50 | Win Rate: 0.00% | Actor Loss: -1.0164 | Entropy: 0.8758 | Invalid S/B: 0.00/0.00 | Max Load: 4.0 | Load Gap: 1.0 | Group CV: 0.0242
Epoch [1716/2000] | Sampled: 356.38 | Baseline: 362.00 | Improvement: 5.62 | Win Rate: 50.00% | Actor Loss: -3.8733 | Entropy: 0.8699 | Invalid S/B: 0.00/0.00 | Max Load: 4.2 | Load Gap: 1.2 | Group CV: 0.0249
Epoch [1717/2000] | Sampled: 356.25 | Baseline: 319.50 | Improvement: -36.75 | Win Rate: 0.00% | Actor Loss: 0.7283 | Entropy: 0.8516 | Invalid S/B: 0.00/0.00 | Max Load: 4.1 | Load Gap: 1.1 | Group CV: 0.0341
Epoch [1718/2000] | Sampled: 355.25 | Baseline: 337.00 | Improvement: -18.25 | Win Rate: 50.00% | Actor Loss: -3.9785 | Entropy: 0.8694 | Invalid S/B: 0.00/0.00 | Max Load: 4.4 | Load Gap: 1.4 | Group CV: 0.0421
Epoch [1719/2000] | Sampled: 355.38 | Baseline: 319.00 | Improvement: -36.38 | Win Rate: 0.00% | Actor Loss: 1.8262 | Entropy: 0.8570 | Invalid S/B: 0.00/0.00 | Max Load: 4.2 | Load Gap: 1.2 | Group CV: 0.0180
Epoch [1720/2000] | Sampled: 354.50 | Baseline: 336.00 | Improvement: -18.50 | Win Rate: 12.50% | Actor Loss: -4.9871 | Entropy: 0.8444 | Invalid S/B: 0.00/0.00 | Max Load: 4.1 | Load Gap: 1.1 | Group CV: 0.0251
   -> Validation | Samples: 50 | Makespan: 349.20 | Invalid Jobs: 0.00 | Score: 349.20
Epoch [1721/2000] | Sampled: 349.25 | Baseline: 321.50 | Improvement: -27.75 | Win Rate: 0.00% | Actor Loss: -3.3616 | Entropy: 0.9012 | Invalid S/B: 0.00/0.00 | Max Load: 4.0 | Load Gap: 1.0 | Group CV: 0.0132
Epoch [1722/2000] | Sampled: 341.38 | Baseline: 299.00 | Improvement: -42.38 | Win Rate: 0.00% | Actor Loss: -3.5874 | Entropy: 0.8672 | Invalid S/B: 0.00/0.00 | Max Load: 4.1 | Load Gap: 1.1 | Group CV: 0.0219
Epoch [1723/2000] | Sampled: 357.88 | Baseline: 334.50 | Improvement: -23.38 | Win Rate: 50.00% | Actor Loss: -2.7095 | Entropy: 0.9004 | Invalid S/B: 0.00/0.00 | Max Load: 4.1 | Load Gap: 1.1 | Group CV: 0.0184
Epoch [1724/2000] | Sampled: 347.25 | Baseline: 320.00 | Improvement: -27.25 | Win Rate: 0.00% | Actor Loss: 1.8458 | Entropy: 0.8832 | Invalid S/B: 0.00/0.00 | Max Load: 4.0 | Load Gap: 1.0 | Group CV: 0.0303
Epoch [1725/2000] | Sampled: 361.00 | Baseline: 319.50 | Improvement: -41.50 | Win Rate: 0.00% | Actor Loss: 3.6793 | Entropy: 0.8854 | Invalid S/B: 0.00/0.00 | Max Load: 4.4 | Load Gap: 1.4 | Group CV: 0.0216
Epoch [1726/2000] | Sampled: 357.38 | Baseline: 313.50 | Improvement: -43.88 | Win Rate: 0.00% | Actor Loss: -0.0320 | Entropy: 0.8812 | Invalid S/B: 0.00/0.00 | Max Load: 4.2 | Load Gap: 1.2 | Group CV: 0.0186
Epoch [1727/2000] | Sampled: 361.25 | Baseline: 402.00 | Improvement: 40.75 | Win Rate: 87.50% | Actor Loss: 1.1352 | Entropy: 0.8662 | Invalid S/B: 0.00/0.00 | Max Load: 4.2 | Load Gap: 1.2 | Group CV: 0.0213
Epoch [1728/2000] | Sampled: 353.62 | Baseline: 353.50 | Improvement: -0.12 | Win Rate: 50.00% | Actor Loss: -1.7124 | Entropy: 0.8665 | Invalid S/B: 0.00/0.00 | Max Load: 4.1 | Load Gap: 1.1 | Group CV: 0.0188
Epoch [1729/2000] | Sampled: 346.88 | Baseline: 300.50 | Improvement: -46.38 | Win Rate: 0.00% | Actor Loss: 3.3340 | Entropy: 0.9040 | Invalid S/B: 0.00/0.00 | Max Load: 4.0 | Load Gap: 1.0 | Group CV: 0.0226
Epoch [1730/2000] | Sampled: 346.25 | Baseline: 297.50 | Improvement: -48.75 | Win Rate: 0.00% | Actor Loss: 0.7655 | Entropy: 0.8453 | Invalid S/B: 0.00/0.00 | Max Load: 4.1 | Load Gap: 1.1 | Group CV: 0.0296
   -> Validation | Samples: 50 | Makespan: 348.54 | Invalid Jobs: 0.02 | Score: 350.54
Epoch [1731/2000] | Sampled: 356.62 | Baseline: 368.00 | Improvement: 11.38 | Win Rate: 50.00% | Actor Loss: 0.6050 | Entropy: 0.8796 | Invalid S/B: 0.00/0.00 | Max Load: 4.2 | Load Gap: 1.2 | Group CV: 0.0168
Epoch [1732/2000] | Sampled: 335.38 | Baseline: 320.00 | Improvement: -15.38 | Win Rate: 37.50% | Actor Loss: 1.6740 | Entropy: 0.8798 | Invalid S/B: 0.00/0.00 | Max Load: 4.0 | Load Gap: 1.0 | Group CV: 0.0185
Epoch [1733/2000] | Sampled: 364.88 | Baseline: 365.00 | Improvement: 0.12 | Win Rate: 37.50% | Actor Loss: 4.0079 | Entropy: 0.8924 | Invalid S/B: 0.12/0.00 | Max Load: 4.5 | Load Gap: 1.5 | Group CV: 0.0450
Epoch [1734/2000] | Sampled: 353.88 | Baseline: 309.00 | Improvement: -44.88 | Win Rate: 0.00% | Actor Loss: 2.9627 | Entropy: 0.8640 | Invalid S/B: 0.00/0.00 | Max Load: 4.1 | Load Gap: 1.1 | Group CV: 0.0119
Epoch [1735/2000] | Sampled: 351.88 | Baseline: 377.50 | Improvement: 25.62 | Win Rate: 100.00% | Actor Loss: -0.0157 | Entropy: 0.9111 | Invalid S/B: 0.00/0.00 | Max Load: 4.1 | Load Gap: 1.1 | Group CV: 0.0115
Epoch [1736/2000] | Sampled: 355.25 | Baseline: 337.50 | Improvement: -17.75 | Win Rate: 0.00% | Actor Loss: 3.6319 | Entropy: 0.8374 | Invalid S/B: 0.00/0.00 | Max Load: 4.1 | Load Gap: 1.1 | Group CV: 0.0219
Epoch [1737/2000] | Sampled: 346.88 | Baseline: 308.50 | Improvement: -38.38 | Win Rate: 0.00% | Actor Loss: 0.3840 | Entropy: 0.8745 | Invalid S/B: 0.00/0.00 | Max Load: 4.1 | Load Gap: 1.1 | Group CV: 0.0167
Epoch [1738/2000] | Sampled: 351.12 | Baseline: 325.00 | Improvement: -26.12 | Win Rate: 12.50% | Actor Loss: 2.6127 | Entropy: 0.8627 | Invalid S/B: 0.00/0.00 | Max Load: 4.1 | Load Gap: 1.1 | Group CV: 0.0298
Epoch [1739/2000] | Sampled: 338.38 | Baseline: 322.50 | Improvement: -15.88 | Win Rate: 37.50% | Actor Loss: -2.9888 | Entropy: 0.8875 | Invalid S/B: 0.00/0.00 | Max Load: 4.4 | Load Gap: 1.4 | Group CV: 0.0108
Epoch [1740/2000] | Sampled: 345.38 | Baseline: 346.50 | Improvement: 1.12 | Win Rate: 50.00% | Actor Loss: -1.3104 | Entropy: 0.9004 | Invalid S/B: 0.00/0.00 | Max Load: 4.0 | Load Gap: 1.0 | Group CV: 0.0185
   -> Validation | Samples: 50 | Makespan: 348.90 | Invalid Jobs: 0.00 | Score: 348.90
Epoch [1741/2000] | Sampled: 347.75 | Baseline: 334.00 | Improvement: -13.75 | Win Rate: 12.50% | Actor Loss: -6.5650 | Entropy: 0.9116 | Invalid S/B: 0.00/0.00 | Max Load: 4.0 | Load Gap: 1.0 | Group CV: 0.0275
Epoch [1742/2000] | Sampled: 346.62 | Baseline: 362.50 | Improvement: 15.88 | Win Rate: 50.00% | Actor Loss: -3.2869 | Entropy: 0.8919 | Invalid S/B: 0.00/0.00 | Max Load: 4.0 | Load Gap: 1.0 | Group CV: 0.0196
Epoch [1743/2000] | Sampled: 348.12 | Baseline: 346.00 | Improvement: -2.12 | Win Rate: 50.00% | Actor Loss: -1.7756 | Entropy: 0.9221 | Invalid S/B: 0.00/0.00 | Max Load: 4.2 | Load Gap: 1.2 | Group CV: 0.0083
Epoch [1744/2000] | Sampled: 356.62 | Baseline: 336.50 | Improvement: -20.12 | Win Rate: 25.00% | Actor Loss: -6.9239 | Entropy: 0.9014 | Invalid S/B: 0.00/0.00 | Max Load: 4.1 | Load Gap: 1.1 | Group CV: 0.0196
Epoch [1745/2000] | Sampled: 347.62 | Baseline: 339.50 | Improvement: -8.12 | Win Rate: 12.50% | Actor Loss: 4.3616 | Entropy: 0.8635 | Invalid S/B: 0.00/0.00 | Max Load: 4.1 | Load Gap: 1.1 | Group CV: 0.0294
Epoch [1746/2000] | Sampled: 353.62 | Baseline: 346.50 | Improvement: -7.12 | Win Rate: 50.00% | Actor Loss: 2.0429 | Entropy: 0.8730 | Invalid S/B: 0.00/0.00 | Max Load: 4.1 | Load Gap: 1.1 | Group CV: 0.0235
Epoch [1747/2000] | Sampled: 350.50 | Baseline: 312.00 | Improvement: -38.50 | Win Rate: 0.00% | Actor Loss: -0.6131 | Entropy: 0.8854 | Invalid S/B: 0.00/0.00 | Max Load: 4.0 | Load Gap: 1.0 | Group CV: 0.0221
Epoch [1748/2000] | Sampled: 361.12 | Baseline: 347.50 | Improvement: -13.62 | Win Rate: 25.00% | Actor Loss: -0.8654 | Entropy: 0.8960 | Invalid S/B: 0.00/0.00 | Max Load: 4.1 | Load Gap: 1.1 | Group CV: 0.0268
Epoch [1749/2000] | Sampled: 349.75 | Baseline: 323.00 | Improvement: -26.75 | Win Rate: 0.00% | Actor Loss: -4.7412 | Entropy: 0.8642 | Invalid S/B: 0.00/0.00 | Max Load: 4.0 | Load Gap: 1.0 | Group CV: 0.0311
Epoch [1750/2000] | Sampled: 344.62 | Baseline: 333.00 | Improvement: -11.62 | Win Rate: 37.50% | Actor Loss: 0.9200 | Entropy: 0.8432 | Invalid S/B: 0.00/0.00 | Max Load: 4.2 | Load Gap: 1.2 | Group CV: 0.0289
   -> Validation | Samples: 50 | Makespan: 351.64 | Invalid Jobs: 0.02 | Score: 353.64
Epoch [1751/2000] | Sampled: 361.75 | Baseline: 334.50 | Improvement: -27.25 | Win Rate: 0.00% | Actor Loss: -0.5105 | Entropy: 0.8790 | Invalid S/B: 0.00/0.00 | Max Load: 4.6 | Load Gap: 1.6 | Group CV: 0.0308
Epoch [1752/2000] | Sampled: 345.88 | Baseline: 331.00 | Improvement: -14.88 | Win Rate: 0.00% | Actor Loss: -1.6965 | Entropy: 0.8907 | Invalid S/B: 0.00/0.00 | Max Load: 4.1 | Load Gap: 1.1 | Group CV: 0.0140
Epoch [1753/2000] | Sampled: 335.75 | Baseline: 335.50 | Improvement: -0.25 | Win Rate: 50.00% | Actor Loss: 1.7828 | Entropy: 0.8497 | Invalid S/B: 0.00/0.00 | Max Load: 4.4 | Load Gap: 1.4 | Group CV: 0.0147
Epoch [1754/2000] | Sampled: 362.88 | Baseline: 357.00 | Improvement: -5.88 | Win Rate: 25.00% | Actor Loss: 0.5066 | Entropy: 0.9118 | Invalid S/B: 0.00/0.00 | Max Load: 4.2 | Load Gap: 1.2 | Group CV: 0.0230
Epoch [1755/2000] | Sampled: 351.50 | Baseline: 344.50 | Improvement: -7.00 | Win Rate: 25.00% | Actor Loss: -1.4892 | Entropy: 0.9050 | Invalid S/B: 0.00/0.00 | Max Load: 4.1 | Load Gap: 1.1 | Group CV: 0.0228
Epoch [1756/2000] | Sampled: 360.00 | Baseline: 354.00 | Improvement: -6.00 | Win Rate: 25.00% | Actor Loss: 1.9852 | Entropy: 0.8935 | Invalid S/B: 0.00/0.00 | Max Load: 4.2 | Load Gap: 1.2 | Group CV: 0.0231
Epoch [1757/2000] | Sampled: 344.25 | Baseline: 346.00 | Improvement: 1.75 | Win Rate: 50.00% | Actor Loss: -1.6183 | Entropy: 0.8748 | Invalid S/B: 0.00/0.00 | Max Load: 4.2 | Load Gap: 1.2 | Group CV: 0.0130
Epoch [1758/2000] | Sampled: 344.88 | Baseline: 334.50 | Improvement: -10.38 | Win Rate: 37.50% | Actor Loss: -1.3001 | Entropy: 0.8854 | Invalid S/B: 0.00/0.00 | Max Load: 4.4 | Load Gap: 1.4 | Group CV: 0.0284
Epoch [1759/2000] | Sampled: 352.38 | Baseline: 320.00 | Improvement: -32.38 | Win Rate: 0.00% | Actor Loss: -0.7813 | Entropy: 0.8867 | Invalid S/B: 0.00/0.00 | Max Load: 4.2 | Load Gap: 1.2 | Group CV: 0.0312
Epoch [1760/2000] | Sampled: 342.88 | Baseline: 329.00 | Improvement: -13.88 | Win Rate: 50.00% | Actor Loss: -2.1876 | Entropy: 0.8681 | Invalid S/B: 0.00/0.00 | Max Load: 4.2 | Load Gap: 1.2 | Group CV: 0.0172
   -> Validation | Samples: 50 | Makespan: 349.90 | Invalid Jobs: 0.00 | Score: 349.90
Epoch [1761/2000] | Sampled: 344.12 | Baseline: 346.50 | Improvement: 2.38 | Win Rate: 62.50% | Actor Loss: -1.2004 | Entropy: 0.8645 | Invalid S/B: 0.00/0.00 | Max Load: 4.1 | Load Gap: 1.1 | Group CV: 0.0151
Epoch [1762/2000] | Sampled: 355.75 | Baseline: 340.00 | Improvement: -15.75 | Win Rate: 0.00% | Actor Loss: -0.0776 | Entropy: 0.8711 | Invalid S/B: 0.00/0.00 | Max Load: 4.1 | Load Gap: 1.1 | Group CV: 0.0131
Epoch [1763/2000] | Sampled: 352.38 | Baseline: 324.50 | Improvement: -27.88 | Win Rate: 0.00% | Actor Loss: 0.4785 | Entropy: 0.8907 | Invalid S/B: 0.00/0.00 | Max Load: 4.1 | Load Gap: 1.1 | Group CV: 0.0102
Epoch [1764/2000] | Sampled: 353.12 | Baseline: 339.50 | Improvement: -13.62 | Win Rate: 50.00% | Actor Loss: -3.1809 | Entropy: 0.8834 | Invalid S/B: 0.00/0.00 | Max Load: 4.1 | Load Gap: 1.1 | Group CV: 0.0283
Epoch [1765/2000] | Sampled: 361.12 | Baseline: 313.00 | Improvement: -48.12 | Win Rate: 0.00% | Actor Loss: 0.5361 | Entropy: 0.8866 | Invalid S/B: 0.00/0.00 | Max Load: 4.2 | Load Gap: 1.2 | Group CV: 0.0237
Epoch [1766/2000] | Sampled: 352.00 | Baseline: 318.50 | Improvement: -33.50 | Win Rate: 0.00% | Actor Loss: 1.0902 | Entropy: 0.8733 | Invalid S/B: 0.00/0.00 | Max Load: 4.2 | Load Gap: 1.2 | Group CV: 0.0221
Epoch [1767/2000] | Sampled: 350.12 | Baseline: 315.00 | Improvement: -35.12 | Win Rate: 0.00% | Actor Loss: 2.5661 | Entropy: 0.8749 | Invalid S/B: 0.00/0.00 | Max Load: 4.0 | Load Gap: 1.0 | Group CV: 0.0216
Epoch [1768/2000] | Sampled: 353.88 | Baseline: 360.50 | Improvement: 6.62 | Win Rate: 50.00% | Actor Loss: 1.1601 | Entropy: 0.8785 | Invalid S/B: 0.12/0.00 | Max Load: 4.1 | Load Gap: 1.1 | Group CV: 0.0499
Epoch [1769/2000] | Sampled: 342.12 | Baseline: 336.50 | Improvement: -5.62 | Win Rate: 12.50% | Actor Loss: -1.0895 | Entropy: 0.8769 | Invalid S/B: 0.00/0.00 | Max Load: 4.2 | Load Gap: 1.2 | Group CV: 0.0124
Epoch [1770/2000] | Sampled: 349.25 | Baseline: 321.50 | Improvement: -27.75 | Win Rate: 0.00% | Actor Loss: 3.2849 | Entropy: 0.8611 | Invalid S/B: 0.00/0.00 | Max Load: 4.2 | Load Gap: 1.2 | Group CV: 0.0236
   -> Validation | Samples: 50 | Makespan: 352.68 | Invalid Jobs: 0.00 | Score: 352.68
Epoch [1771/2000] | Sampled: 353.50 | Baseline: 325.00 | Improvement: -28.50 | Win Rate: 0.00% | Actor Loss: -0.1361 | Entropy: 0.8578 | Invalid S/B: 0.00/0.00 | Max Load: 4.2 | Load Gap: 1.2 | Group CV: 0.0180
Epoch [1772/2000] | Sampled: 352.38 | Baseline: 311.00 | Improvement: -41.38 | Win Rate: 0.00% | Actor Loss: -0.1479 | Entropy: 0.8803 | Invalid S/B: 0.00/0.00 | Max Load: 4.5 | Load Gap: 1.5 | Group CV: 0.0198
Epoch [1773/2000] | Sampled: 355.00 | Baseline: 366.00 | Improvement: 11.00 | Win Rate: 50.00% | Actor Loss: 2.4928 | Entropy: 0.8621 | Invalid S/B: 0.00/0.00 | Max Load: 4.0 | Load Gap: 1.0 | Group CV: 0.0258
Epoch [1774/2000] | Sampled: 343.00 | Baseline: 325.00 | Improvement: -18.00 | Win Rate: 12.50% | Actor Loss: -1.9997 | Entropy: 0.8763 | Invalid S/B: 0.00/0.00 | Max Load: 4.2 | Load Gap: 1.2 | Group CV: 0.0196
Epoch [1775/2000] | Sampled: 361.38 | Baseline: 329.00 | Improvement: -32.38 | Win Rate: 0.00% | Actor Loss: -2.1904 | Entropy: 0.8707 | Invalid S/B: 0.12/0.00 | Max Load: 4.2 | Load Gap: 1.2 | Group CV: 0.0255
Epoch [1776/2000] | Sampled: 348.50 | Baseline: 331.00 | Improvement: -17.50 | Win Rate: 25.00% | Actor Loss: -0.6154 | Entropy: 0.8467 | Invalid S/B: 0.00/0.00 | Max Load: 4.1 | Load Gap: 1.1 | Group CV: 0.0317
Epoch [1777/2000] | Sampled: 358.38 | Baseline: 340.50 | Improvement: -17.88 | Win Rate: 37.50% | Actor Loss: 0.7488 | Entropy: 0.9021 | Invalid S/B: 0.00/0.00 | Max Load: 4.0 | Load Gap: 1.0 | Group CV: 0.0155
Epoch [1778/2000] | Sampled: 354.25 | Baseline: 329.00 | Improvement: -25.25 | Win Rate: 12.50% | Actor Loss: 0.4106 | Entropy: 0.8431 | Invalid S/B: 0.00/0.00 | Max Load: 4.0 | Load Gap: 1.0 | Group CV: 0.0292
Epoch [1779/2000] | Sampled: 362.88 | Baseline: 388.50 | Improvement: 25.62 | Win Rate: 75.00% | Actor Loss: 0.3303 | Entropy: 0.8424 | Invalid S/B: 0.00/0.00 | Max Load: 4.2 | Load Gap: 1.2 | Group CV: 0.0347
Epoch [1780/2000] | Sampled: 352.38 | Baseline: 323.50 | Improvement: -28.88 | Win Rate: 0.00% | Actor Loss: -2.1128 | Entropy: 0.9053 | Invalid S/B: 0.00/0.00 | Max Load: 4.0 | Load Gap: 1.0 | Group CV: 0.0223
   -> Validation | Samples: 50 | Makespan: 352.56 | Invalid Jobs: 0.00 | Score: 352.56
Epoch [1781/2000] | Sampled: 350.38 | Baseline: 327.50 | Improvement: -22.88 | Win Rate: 0.00% | Actor Loss: -2.6724 | Entropy: 0.8634 | Invalid S/B: 0.00/0.00 | Max Load: 4.0 | Load Gap: 1.0 | Group CV: 0.0207
Epoch [1782/2000] | Sampled: 358.38 | Baseline: 324.00 | Improvement: -34.38 | Win Rate: 0.00% | Actor Loss: -1.5895 | Entropy: 0.8997 | Invalid S/B: 0.00/0.00 | Max Load: 4.4 | Load Gap: 1.4 | Group CV: 0.0188
Epoch [1783/2000] | Sampled: 347.62 | Baseline: 360.50 | Improvement: 12.88 | Win Rate: 50.00% | Actor Loss: -1.1946 | Entropy: 0.8675 | Invalid S/B: 0.00/0.00 | Max Load: 4.1 | Load Gap: 1.1 | Group CV: 0.0094
Epoch [1784/2000] | Sampled: 364.38 | Baseline: 335.50 | Improvement: -28.88 | Win Rate: 0.00% | Actor Loss: 1.0390 | Entropy: 0.8623 | Invalid S/B: 0.00/0.00 | Max Load: 4.4 | Load Gap: 1.4 | Group CV: 0.0280
Epoch [1785/2000] | Sampled: 351.50 | Baseline: 330.00 | Improvement: -21.50 | Win Rate: 0.00% | Actor Loss: -0.1303 | Entropy: 0.9006 | Invalid S/B: 0.00/0.00 | Max Load: 4.1 | Load Gap: 1.1 | Group CV: 0.0126
Epoch [1786/2000] | Sampled: 338.25 | Baseline: 360.50 | Improvement: 22.25 | Win Rate: 87.50% | Actor Loss: -0.6878 | Entropy: 0.8694 | Invalid S/B: 0.00/0.00 | Max Load: 4.4 | Load Gap: 1.4 | Group CV: 0.0212
Epoch [1787/2000] | Sampled: 356.50 | Baseline: 351.50 | Improvement: -5.00 | Win Rate: 37.50% | Actor Loss: 1.9304 | Entropy: 0.8951 | Invalid S/B: 0.00/0.00 | Max Load: 4.5 | Load Gap: 1.5 | Group CV: 0.0203
Epoch [1788/2000] | Sampled: 347.00 | Baseline: 305.00 | Improvement: -42.00 | Win Rate: 0.00% | Actor Loss: -2.7479 | Entropy: 0.8709 | Invalid S/B: 0.12/0.00 | Max Load: 4.1 | Load Gap: 1.1 | Group CV: 0.0413
Epoch [1789/2000] | Sampled: 351.00 | Baseline: 300.50 | Improvement: -50.50 | Win Rate: 0.00% | Actor Loss: -1.3972 | Entropy: 0.9143 | Invalid S/B: 0.00/0.00 | Max Load: 4.1 | Load Gap: 1.1 | Group CV: 0.0326
Epoch [1790/2000] | Sampled: 362.88 | Baseline: 343.00 | Improvement: -19.88 | Win Rate: 37.50% | Actor Loss: -0.1689 | Entropy: 0.8531 | Invalid S/B: 0.00/0.00 | Max Load: 4.2 | Load Gap: 1.2 | Group CV: 0.0228
   -> Validation | Samples: 50 | Makespan: 351.40 | Invalid Jobs: 0.02 | Score: 353.40
Epoch [1791/2000] | Sampled: 354.00 | Baseline: 335.00 | Improvement: -19.00 | Win Rate: 12.50% | Actor Loss: -1.2442 | Entropy: 0.8694 | Invalid S/B: 0.12/0.00 | Max Load: 4.1 | Load Gap: 1.1 | Group CV: 0.0430
Epoch [1792/2000] | Sampled: 355.50 | Baseline: 363.50 | Improvement: 8.00 | Win Rate: 62.50% | Actor Loss: -3.4751 | Entropy: 0.8694 | Invalid S/B: 0.00/0.00 | Max Load: 4.0 | Load Gap: 1.0 | Group CV: 0.0167
Epoch [1793/2000] | Sampled: 354.00 | Baseline: 314.50 | Improvement: -39.50 | Win Rate: 0.00% | Actor Loss: -5.6248 | Entropy: 0.8776 | Invalid S/B: 0.00/0.00 | Max Load: 4.1 | Load Gap: 1.1 | Group CV: 0.0208
Epoch [1794/2000] | Sampled: 344.88 | Baseline: 327.00 | Improvement: -17.88 | Win Rate: 0.00% | Actor Loss: -2.0600 | Entropy: 0.8854 | Invalid S/B: 0.00/0.00 | Max Load: 4.4 | Load Gap: 1.4 | Group CV: 0.0209
Epoch [1795/2000] | Sampled: 349.88 | Baseline: 342.50 | Improvement: -7.38 | Win Rate: 37.50% | Actor Loss: 3.7126 | Entropy: 0.8975 | Invalid S/B: 0.00/0.00 | Max Load: 4.4 | Load Gap: 1.4 | Group CV: 0.0252
Epoch [1796/2000] | Sampled: 351.25 | Baseline: 353.50 | Improvement: 2.25 | Win Rate: 50.00% | Actor Loss: 0.1880 | Entropy: 0.8595 | Invalid S/B: 0.00/0.00 | Max Load: 4.0 | Load Gap: 1.0 | Group CV: 0.0289
Epoch [1797/2000] | Sampled: 353.75 | Baseline: 358.00 | Improvement: 4.25 | Win Rate: 62.50% | Actor Loss: 2.8136 | Entropy: 0.8720 | Invalid S/B: 0.12/0.00 | Max Load: 4.1 | Load Gap: 1.1 | Group CV: 0.0323
Epoch [1798/2000] | Sampled: 355.12 | Baseline: 315.50 | Improvement: -39.62 | Win Rate: 0.00% | Actor Loss: 0.6109 | Entropy: 0.8818 | Invalid S/B: 0.00/0.00 | Max Load: 4.2 | Load Gap: 1.2 | Group CV: 0.0316
Epoch [1799/2000] | Sampled: 345.12 | Baseline: 341.50 | Improvement: -3.62 | Win Rate: 37.50% | Actor Loss: 0.8865 | Entropy: 0.8739 | Invalid S/B: 0.00/0.00 | Max Load: 4.2 | Load Gap: 1.2 | Group CV: 0.0181
Epoch [1800/2000] | Sampled: 350.50 | Baseline: 322.50 | Improvement: -28.00 | Win Rate: 0.00% | Actor Loss: 0.5835 | Entropy: 0.9064 | Invalid S/B: 0.00/0.00 | Max Load: 4.1 | Load Gap: 1.1 | Group CV: 0.0154
   -> Validation | Samples: 50 | Makespan: 351.26 | Invalid Jobs: 0.02 | Score: 353.26
   -> Saved updated training chart to /home/wei/Desktop/AMR-DFJSP/Static_alogorithm/GNN/gnn_training_metrics.png
Epoch [1801/2000] | Sampled: 354.00 | Baseline: 318.00 | Improvement: -36.00 | Win Rate: 0.00% | Actor Loss: -2.9012 | Entropy: 0.8965 | Invalid S/B: 0.00/0.00 | Max Load: 4.0 | Load Gap: 1.0 | Group CV: 0.0204
Epoch [1802/2000] | Sampled: 350.88 | Baseline: 357.50 | Improvement: 6.62 | Win Rate: 75.00% | Actor Loss: -1.4216 | Entropy: 0.9012 | Invalid S/B: 0.00/0.00 | Max Load: 4.0 | Load Gap: 1.0 | Group CV: 0.0228
Epoch [1803/2000] | Sampled: 342.12 | Baseline: 345.50 | Improvement: 3.38 | Win Rate: 62.50% | Actor Loss: 0.7441 | Entropy: 0.9018 | Invalid S/B: 0.00/0.00 | Max Load: 4.1 | Load Gap: 1.1 | Group CV: 0.0143
Epoch [1804/2000] | Sampled: 347.38 | Baseline: 312.00 | Improvement: -35.38 | Win Rate: 0.00% | Actor Loss: 1.2566 | Entropy: 0.8614 | Invalid S/B: 0.00/0.00 | Max Load: 4.0 | Load Gap: 1.0 | Group CV: 0.0286
Epoch [1805/2000] | Sampled: 349.38 | Baseline: 313.00 | Improvement: -36.38 | Win Rate: 0.00% | Actor Loss: 2.3902 | Entropy: 0.8865 | Invalid S/B: 0.00/0.00 | Max Load: 4.0 | Load Gap: 1.0 | Group CV: 0.0223
Epoch [1806/2000] | Sampled: 346.88 | Baseline: 368.50 | Improvement: 21.62 | Win Rate: 100.00% | Actor Loss: -9.7246 | Entropy: 0.8809 | Invalid S/B: 0.00/0.00 | Max Load: 4.1 | Load Gap: 1.1 | Group CV: 0.0193
Epoch [1807/2000] | Sampled: 347.50 | Baseline: 318.00 | Improvement: -29.50 | Win Rate: 0.00% | Actor Loss: -0.8020 | Entropy: 0.8745 | Invalid S/B: 0.00/0.00 | Max Load: 4.4 | Load Gap: 1.4 | Group CV: 0.0224
Epoch [1808/2000] | Sampled: 354.62 | Baseline: 343.00 | Improvement: -11.62 | Win Rate: 0.00% | Actor Loss: 1.8053 | Entropy: 0.8682 | Invalid S/B: 0.00/0.00 | Max Load: 4.2 | Load Gap: 1.2 | Group CV: 0.0173
Epoch [1809/2000] | Sampled: 352.25 | Baseline: 334.50 | Improvement: -17.75 | Win Rate: 0.00% | Actor Loss: -0.8099 | Entropy: 0.8915 | Invalid S/B: 0.00/0.00 | Max Load: 4.0 | Load Gap: 1.0 | Group CV: 0.0105
Epoch [1810/2000] | Sampled: 374.88 | Baseline: 342.50 | Improvement: -32.38 | Win Rate: 0.00% | Actor Loss: -5.9848 | Entropy: 0.8726 | Invalid S/B: 0.12/0.00 | Max Load: 4.2 | Load Gap: 1.2 | Group CV: 0.0315
   -> Validation | Samples: 50 | Makespan: 348.94 | Invalid Jobs: 0.00 | Score: 348.94
Epoch [1811/2000] | Sampled: 345.12 | Baseline: 319.50 | Improvement: -25.62 | Win Rate: 0.00% | Actor Loss: 0.8216 | Entropy: 0.8608 | Invalid S/B: 0.00/0.00 | Max Load: 4.2 | Load Gap: 1.2 | Group CV: 0.0206
Epoch [1812/2000] | Sampled: 348.00 | Baseline: 281.00 | Improvement: -67.00 | Win Rate: 0.00% | Actor Loss: -2.8994 | Entropy: 0.8529 | Invalid S/B: 0.00/0.00 | Max Load: 4.4 | Load Gap: 1.4 | Group CV: 0.0205
Epoch [1813/2000] | Sampled: 348.62 | Baseline: 361.00 | Improvement: 12.38 | Win Rate: 50.00% | Actor Loss: -1.6482 | Entropy: 0.8755 | Invalid S/B: 0.00/0.00 | Max Load: 4.0 | Load Gap: 1.0 | Group CV: 0.0263
Epoch [1814/2000] | Sampled: 351.38 | Baseline: 311.00 | Improvement: -40.38 | Win Rate: 0.00% | Actor Loss: -1.8812 | Entropy: 0.8705 | Invalid S/B: 0.00/0.00 | Max Load: 4.1 | Load Gap: 1.1 | Group CV: 0.0193
Epoch [1815/2000] | Sampled: 362.25 | Baseline: 358.00 | Improvement: -4.25 | Win Rate: 37.50% | Actor Loss: 9.2659 | Entropy: 0.8843 | Invalid S/B: 0.00/0.00 | Max Load: 4.2 | Load Gap: 1.2 | Group CV: 0.0108
Epoch [1816/2000] | Sampled: 350.00 | Baseline: 347.00 | Improvement: -3.00 | Win Rate: 50.00% | Actor Loss: -1.9324 | Entropy: 0.8856 | Invalid S/B: 0.00/0.00 | Max Load: 4.1 | Load Gap: 1.1 | Group CV: 0.0139
Epoch [1817/2000] | Sampled: 357.88 | Baseline: 318.50 | Improvement: -39.38 | Win Rate: 0.00% | Actor Loss: -0.3933 | Entropy: 0.9032 | Invalid S/B: 0.00/0.00 | Max Load: 4.2 | Load Gap: 1.2 | Group CV: 0.0157
Epoch [1818/2000] | Sampled: 349.88 | Baseline: 349.00 | Improvement: -0.88 | Win Rate: 50.00% | Actor Loss: 0.3733 | Entropy: 0.8951 | Invalid S/B: 0.00/0.00 | Max Load: 4.2 | Load Gap: 1.2 | Group CV: 0.0182
Epoch [1819/2000] | Sampled: 355.38 | Baseline: 328.50 | Improvement: -26.88 | Win Rate: 37.50% | Actor Loss: -4.7932 | Entropy: 0.8832 | Invalid S/B: 0.00/0.00 | Max Load: 4.2 | Load Gap: 1.2 | Group CV: 0.0245
Epoch [1820/2000] | Sampled: 343.75 | Baseline: 323.50 | Improvement: -20.25 | Win Rate: 12.50% | Actor Loss: 1.5265 | Entropy: 0.8585 | Invalid S/B: 0.00/0.00 | Max Load: 4.2 | Load Gap: 1.2 | Group CV: 0.0152
   -> Validation | Samples: 50 | Makespan: 348.96 | Invalid Jobs: 0.00 | Score: 348.96
Epoch [1821/2000] | Sampled: 356.00 | Baseline: 327.00 | Improvement: -29.00 | Win Rate: 0.00% | Actor Loss: -4.4090 | Entropy: 0.8980 | Invalid S/B: 0.00/0.00 | Max Load: 4.1 | Load Gap: 1.1 | Group CV: 0.0240
Epoch [1822/2000] | Sampled: 337.62 | Baseline: 308.00 | Improvement: -29.62 | Win Rate: 0.00% | Actor Loss: -0.1651 | Entropy: 0.8672 | Invalid S/B: 0.00/0.00 | Max Load: 4.0 | Load Gap: 1.0 | Group CV: 0.0199
Epoch [1823/2000] | Sampled: 350.25 | Baseline: 328.00 | Improvement: -22.25 | Win Rate: 0.00% | Actor Loss: -0.4226 | Entropy: 0.9007 | Invalid S/B: 0.00/0.00 | Max Load: 4.4 | Load Gap: 1.4 | Group CV: 0.0275
Epoch [1824/2000] | Sampled: 342.50 | Baseline: 304.50 | Improvement: -38.00 | Win Rate: 12.50% | Actor Loss: 0.9694 | Entropy: 0.8794 | Invalid S/B: 0.00/0.00 | Max Load: 4.2 | Load Gap: 1.2 | Group CV: 0.0210
Epoch [1825/2000] | Sampled: 341.75 | Baseline: 322.00 | Improvement: -19.75 | Win Rate: 12.50% | Actor Loss: -0.2237 | Entropy: 0.8902 | Invalid S/B: 0.00/0.00 | Max Load: 4.4 | Load Gap: 1.4 | Group CV: 0.0246
Epoch [1826/2000] | Sampled: 351.62 | Baseline: 327.50 | Improvement: -24.12 | Win Rate: 0.00% | Actor Loss: -3.0258 | Entropy: 0.8726 | Invalid S/B: 0.00/0.00 | Max Load: 4.0 | Load Gap: 1.0 | Group CV: 0.0168
Epoch [1827/2000] | Sampled: 350.50 | Baseline: 323.50 | Improvement: -27.00 | Win Rate: 0.00% | Actor Loss: -4.1046 | Entropy: 0.8471 | Invalid S/B: 0.00/0.00 | Max Load: 4.4 | Load Gap: 1.4 | Group CV: 0.0207
Epoch [1828/2000] | Sampled: 344.00 | Baseline: 326.50 | Improvement: -17.50 | Win Rate: 12.50% | Actor Loss: 5.0220 | Entropy: 0.8889 | Invalid S/B: 0.00/0.00 | Max Load: 4.4 | Load Gap: 1.4 | Group CV: 0.0271
Epoch [1829/2000] | Sampled: 360.50 | Baseline: 371.50 | Improvement: 11.00 | Win Rate: 75.00% | Actor Loss: 0.7049 | Entropy: 0.8751 | Invalid S/B: 0.00/0.00 | Max Load: 4.1 | Load Gap: 1.1 | Group CV: 0.0148
Epoch [1830/2000] | Sampled: 349.00 | Baseline: 349.00 | Improvement: 0.00 | Win Rate: 50.00% | Actor Loss: -1.9704 | Entropy: 0.8855 | Invalid S/B: 0.00/0.00 | Max Load: 4.2 | Load Gap: 1.2 | Group CV: 0.0103
   -> Validation | Samples: 50 | Makespan: 350.84 | Invalid Jobs: 0.02 | Score: 352.84
Epoch [1831/2000] | Sampled: 366.00 | Baseline: 363.00 | Improvement: -3.00 | Win Rate: 50.00% | Actor Loss: 0.6956 | Entropy: 0.9050 | Invalid S/B: 0.00/0.00 | Max Load: 4.2 | Load Gap: 1.2 | Group CV: 0.0318
Epoch [1832/2000] | Sampled: 342.88 | Baseline: 340.50 | Improvement: -2.38 | Win Rate: 50.00% | Actor Loss: -0.8911 | Entropy: 0.8698 | Invalid S/B: 0.00/0.00 | Max Load: 4.0 | Load Gap: 1.0 | Group CV: 0.0230
Epoch [1833/2000] | Sampled: 358.75 | Baseline: 396.50 | Improvement: 37.75 | Win Rate: 87.50% | Actor Loss: 1.8497 | Entropy: 0.8698 | Invalid S/B: 0.00/0.00 | Max Load: 4.1 | Load Gap: 1.1 | Group CV: 0.0167
Epoch [1834/2000] | Sampled: 338.62 | Baseline: 314.50 | Improvement: -24.12 | Win Rate: 0.00% | Actor Loss: -1.3546 | Entropy: 0.8778 | Invalid S/B: 0.00/0.00 | Max Load: 4.0 | Load Gap: 1.0 | Group CV: 0.0291
Epoch [1835/2000] | Sampled: 347.38 | Baseline: 331.00 | Improvement: -16.38 | Win Rate: 25.00% | Actor Loss: -2.2751 | Entropy: 0.8743 | Invalid S/B: 0.00/0.00 | Max Load: 4.1 | Load Gap: 1.1 | Group CV: 0.0121
Epoch [1836/2000] | Sampled: 363.38 | Baseline: 304.00 | Improvement: -59.38 | Win Rate: 0.00% | Actor Loss: 4.2410 | Entropy: 0.8990 | Invalid S/B: 0.00/0.00 | Max Load: 4.5 | Load Gap: 1.5 | Group CV: 0.0272
Epoch [1837/2000] | Sampled: 363.00 | Baseline: 339.50 | Improvement: -23.50 | Win Rate: 0.00% | Actor Loss: -1.9787 | Entropy: 0.9391 | Invalid S/B: 0.00/0.00 | Max Load: 4.1 | Load Gap: 1.1 | Group CV: 0.0153
Epoch [1838/2000] | Sampled: 359.00 | Baseline: 354.00 | Improvement: -5.00 | Win Rate: 50.00% | Actor Loss: -2.1408 | Entropy: 0.8574 | Invalid S/B: 0.00/0.00 | Max Load: 4.5 | Load Gap: 1.5 | Group CV: 0.0204
Epoch [1839/2000] | Sampled: 347.38 | Baseline: 351.50 | Improvement: 4.12 | Win Rate: 50.00% | Actor Loss: 0.0224 | Entropy: 0.8831 | Invalid S/B: 0.00/0.00 | Max Load: 4.2 | Load Gap: 1.2 | Group CV: 0.0164
Epoch [1840/2000] | Sampled: 346.00 | Baseline: 304.00 | Improvement: -42.00 | Win Rate: 0.00% | Actor Loss: 0.2023 | Entropy: 0.8960 | Invalid S/B: 0.00/0.00 | Max Load: 4.0 | Load Gap: 1.0 | Group CV: 0.0246
   -> Validation | Samples: 50 | Makespan: 351.58 | Invalid Jobs: 0.00 | Score: 351.58
Epoch [1841/2000] | Sampled: 348.25 | Baseline: 346.00 | Improvement: -2.25 | Win Rate: 50.00% | Actor Loss: 1.0389 | Entropy: 0.9052 | Invalid S/B: 0.00/0.00 | Max Load: 4.1 | Load Gap: 1.1 | Group CV: 0.0197
Epoch [1842/2000] | Sampled: 340.75 | Baseline: 323.00 | Improvement: -17.75 | Win Rate: 12.50% | Actor Loss: 2.2838 | Entropy: 0.8660 | Invalid S/B: 0.00/0.00 | Max Load: 4.1 | Load Gap: 1.1 | Group CV: 0.0219
Epoch [1843/2000] | Sampled: 358.88 | Baseline: 329.00 | Improvement: -29.88 | Win Rate: 25.00% | Actor Loss: 0.7862 | Entropy: 0.8487 | Invalid S/B: 0.12/0.00 | Max Load: 4.1 | Load Gap: 1.1 | Group CV: 0.0455
Epoch [1844/2000] | Sampled: 357.50 | Baseline: 347.00 | Improvement: -10.50 | Win Rate: 12.50% | Actor Loss: 1.4944 | Entropy: 0.8834 | Invalid S/B: 0.00/0.00 | Max Load: 4.1 | Load Gap: 1.1 | Group CV: 0.0196
Epoch [1845/2000] | Sampled: 369.75 | Baseline: 348.00 | Improvement: -21.75 | Win Rate: 50.00% | Actor Loss: 4.3990 | Entropy: 0.9331 | Invalid S/B: 0.00/0.00 | Max Load: 4.5 | Load Gap: 1.5 | Group CV: 0.0287
Epoch [1846/2000] | Sampled: 350.00 | Baseline: 322.00 | Improvement: -28.00 | Win Rate: 0.00% | Actor Loss: -3.0344 | Entropy: 0.8850 | Invalid S/B: 0.00/0.00 | Max Load: 4.0 | Load Gap: 1.0 | Group CV: 0.0386
Epoch [1847/2000] | Sampled: 340.50 | Baseline: 317.00 | Improvement: -23.50 | Win Rate: 12.50% | Actor Loss: -7.8242 | Entropy: 0.8702 | Invalid S/B: 0.00/0.00 | Max Load: 4.1 | Load Gap: 1.1 | Group CV: 0.0201
Epoch [1848/2000] | Sampled: 361.75 | Baseline: 343.50 | Improvement: -18.25 | Win Rate: 50.00% | Actor Loss: -2.5260 | Entropy: 0.9121 | Invalid S/B: 0.00/0.00 | Max Load: 4.1 | Load Gap: 1.1 | Group CV: 0.0176
Epoch [1849/2000] | Sampled: 360.25 | Baseline: 337.50 | Improvement: -22.75 | Win Rate: 0.00% | Actor Loss: 0.0061 | Entropy: 0.8958 | Invalid S/B: 0.00/0.00 | Max Load: 4.1 | Load Gap: 1.1 | Group CV: 0.0227
Epoch [1850/2000] | Sampled: 352.75 | Baseline: 354.00 | Improvement: 1.25 | Win Rate: 37.50% | Actor Loss: 0.1056 | Entropy: 0.8347 | Invalid S/B: 0.00/0.00 | Max Load: 4.6 | Load Gap: 1.6 | Group CV: 0.0179
   -> Validation | Samples: 50 | Makespan: 352.08 | Invalid Jobs: 0.00 | Score: 352.08
Epoch [1851/2000] | Sampled: 345.88 | Baseline: 329.00 | Improvement: -16.88 | Win Rate: 25.00% | Actor Loss: 1.6872 | Entropy: 0.8998 | Invalid S/B: 0.00/0.00 | Max Load: 4.1 | Load Gap: 1.1 | Group CV: 0.0319
Epoch [1852/2000] | Sampled: 357.62 | Baseline: 340.00 | Improvement: -17.62 | Win Rate: 0.00% | Actor Loss: 0.2844 | Entropy: 0.8976 | Invalid S/B: 0.00/0.00 | Max Load: 4.0 | Load Gap: 1.0 | Group CV: 0.0129
Epoch [1853/2000] | Sampled: 352.62 | Baseline: 345.00 | Improvement: -7.62 | Win Rate: 25.00% | Actor Loss: -5.8956 | Entropy: 0.8913 | Invalid S/B: 0.00/0.00 | Max Load: 4.0 | Load Gap: 1.0 | Group CV: 0.0152
Epoch [1854/2000] | Sampled: 352.62 | Baseline: 339.50 | Improvement: -13.12 | Win Rate: 25.00% | Actor Loss: -0.3475 | Entropy: 0.8893 | Invalid S/B: 0.00/0.00 | Max Load: 4.1 | Load Gap: 1.1 | Group CV: 0.0308
Epoch [1855/2000] | Sampled: 352.75 | Baseline: 356.50 | Improvement: 3.75 | Win Rate: 50.00% | Actor Loss: -1.9987 | Entropy: 0.8352 | Invalid S/B: 0.00/0.00 | Max Load: 4.2 | Load Gap: 1.2 | Group CV: 0.0196
Epoch [1856/2000] | Sampled: 346.25 | Baseline: 336.50 | Improvement: -9.75 | Win Rate: 12.50% | Actor Loss: 8.1858 | Entropy: 0.8768 | Invalid S/B: 0.00/0.00 | Max Load: 4.2 | Load Gap: 1.2 | Group CV: 0.0244
Epoch [1857/2000] | Sampled: 361.62 | Baseline: 350.50 | Improvement: -11.12 | Win Rate: 50.00% | Actor Loss: 0.3103 | Entropy: 0.9023 | Invalid S/B: 0.00/0.00 | Max Load: 4.2 | Load Gap: 1.2 | Group CV: 0.0168
Epoch [1858/2000] | Sampled: 357.50 | Baseline: 334.50 | Improvement: -23.00 | Win Rate: 0.00% | Actor Loss: -4.8695 | Entropy: 0.8638 | Invalid S/B: 0.00/0.00 | Max Load: 4.2 | Load Gap: 1.2 | Group CV: 0.0291
Epoch [1859/2000] | Sampled: 342.88 | Baseline: 338.00 | Improvement: -4.88 | Win Rate: 50.00% | Actor Loss: 1.5253 | Entropy: 0.8821 | Invalid S/B: 0.00/0.00 | Max Load: 4.1 | Load Gap: 1.1 | Group CV: 0.0412
Epoch [1860/2000] | Sampled: 337.62 | Baseline: 346.00 | Improvement: 8.38 | Win Rate: 100.00% | Actor Loss: -3.2478 | Entropy: 0.8780 | Invalid S/B: 0.00/0.00 | Max Load: 4.1 | Load Gap: 1.1 | Group CV: 0.0063
   -> Validation | Samples: 50 | Makespan: 351.30 | Invalid Jobs: 0.00 | Score: 351.30
Epoch [1861/2000] | Sampled: 345.00 | Baseline: 328.50 | Improvement: -16.50 | Win Rate: 0.00% | Actor Loss: 0.9221 | Entropy: 0.8616 | Invalid S/B: 0.00/0.00 | Max Load: 4.0 | Load Gap: 1.0 | Group CV: 0.0189
Epoch [1862/2000] | Sampled: 356.88 | Baseline: 373.50 | Improvement: 16.62 | Win Rate: 87.50% | Actor Loss: -0.6082 | Entropy: 0.9624 | Invalid S/B: 0.00/0.00 | Max Load: 4.1 | Load Gap: 1.1 | Group CV: 0.0209
Epoch [1863/2000] | Sampled: 347.50 | Baseline: 307.00 | Improvement: -40.50 | Win Rate: 0.00% | Actor Loss: -2.8636 | Entropy: 0.8430 | Invalid S/B: 0.00/0.00 | Max Load: 4.0 | Load Gap: 1.0 | Group CV: 0.0158
Epoch [1864/2000] | Sampled: 363.12 | Baseline: 336.50 | Improvement: -26.62 | Win Rate: 50.00% | Actor Loss: 0.0626 | Entropy: 0.8586 | Invalid S/B: 0.00/0.00 | Max Load: 4.1 | Load Gap: 1.1 | Group CV: 0.0266
Epoch [1865/2000] | Sampled: 355.00 | Baseline: 372.50 | Improvement: 17.50 | Win Rate: 87.50% | Actor Loss: 2.1208 | Entropy: 0.9075 | Invalid S/B: 0.00/0.00 | Max Load: 4.5 | Load Gap: 1.5 | Group CV: 0.0328
Epoch [1866/2000] | Sampled: 359.25 | Baseline: 357.50 | Improvement: -1.75 | Win Rate: 62.50% | Actor Loss: -1.8702 | Entropy: 0.8769 | Invalid S/B: 0.00/0.00 | Max Load: 4.1 | Load Gap: 1.1 | Group CV: 0.0363
Epoch [1867/2000] | Sampled: 347.38 | Baseline: 331.00 | Improvement: -16.38 | Win Rate: 25.00% | Actor Loss: -0.8516 | Entropy: 0.8880 | Invalid S/B: 0.00/0.00 | Max Load: 4.1 | Load Gap: 1.1 | Group CV: 0.0261
Epoch [1868/2000] | Sampled: 356.88 | Baseline: 346.50 | Improvement: -10.38 | Win Rate: 25.00% | Actor Loss: 0.9148 | Entropy: 0.8796 | Invalid S/B: 0.00/0.00 | Max Load: 4.2 | Load Gap: 1.2 | Group CV: 0.0301
Epoch [1869/2000] | Sampled: 342.00 | Baseline: 340.50 | Improvement: -1.50 | Win Rate: 37.50% | Actor Loss: -4.1712 | Entropy: 0.8575 | Invalid S/B: 0.12/0.00 | Max Load: 4.1 | Load Gap: 1.1 | Group CV: 0.0435
Epoch [1870/2000] | Sampled: 349.38 | Baseline: 353.00 | Improvement: 3.62 | Win Rate: 50.00% | Actor Loss: -0.1367 | Entropy: 0.8710 | Invalid S/B: 0.00/0.00 | Max Load: 4.5 | Load Gap: 1.5 | Group CV: 0.0228
   -> Validation | Samples: 50 | Makespan: 351.82 | Invalid Jobs: 0.02 | Score: 353.82
Epoch [1871/2000] | Sampled: 351.00 | Baseline: 335.50 | Improvement: -15.50 | Win Rate: 12.50% | Actor Loss: 1.0796 | Entropy: 0.8646 | Invalid S/B: 0.00/0.00 | Max Load: 4.2 | Load Gap: 1.2 | Group CV: 0.0188
Epoch [1872/2000] | Sampled: 334.00 | Baseline: 306.50 | Improvement: -27.50 | Win Rate: 0.00% | Actor Loss: -3.0601 | Entropy: 0.8840 | Invalid S/B: 0.00/0.00 | Max Load: 4.2 | Load Gap: 1.2 | Group CV: 0.0157
Epoch [1873/2000] | Sampled: 358.75 | Baseline: 357.00 | Improvement: -1.75 | Win Rate: 50.00% | Actor Loss: -2.8759 | Entropy: 0.8898 | Invalid S/B: 0.00/0.00 | Max Load: 4.4 | Load Gap: 1.4 | Group CV: 0.0330
Epoch [1874/2000] | Sampled: 350.50 | Baseline: 324.50 | Improvement: -26.00 | Win Rate: 0.00% | Actor Loss: 3.8394 | Entropy: 0.8845 | Invalid S/B: 0.00/0.00 | Max Load: 4.1 | Load Gap: 1.1 | Group CV: 0.0202
Epoch [1875/2000] | Sampled: 349.62 | Baseline: 316.50 | Improvement: -33.12 | Win Rate: 0.00% | Actor Loss: -6.5405 | Entropy: 0.8486 | Invalid S/B: 0.00/0.00 | Max Load: 4.4 | Load Gap: 1.4 | Group CV: 0.0225
Epoch [1876/2000] | Sampled: 344.88 | Baseline: 341.50 | Improvement: -3.38 | Win Rate: 50.00% | Actor Loss: -1.8449 | Entropy: 0.8632 | Invalid S/B: 0.00/0.00 | Max Load: 4.1 | Load Gap: 1.1 | Group CV: 0.0302
Epoch [1877/2000] | Sampled: 357.62 | Baseline: 309.00 | Improvement: -48.62 | Win Rate: 12.50% | Actor Loss: -2.3791 | Entropy: 0.8753 | Invalid S/B: 0.00/0.00 | Max Load: 4.0 | Load Gap: 1.0 | Group CV: 0.0236
Epoch [1878/2000] | Sampled: 342.00 | Baseline: 315.50 | Improvement: -26.50 | Win Rate: 0.00% | Actor Loss: -0.0860 | Entropy: 0.8567 | Invalid S/B: 0.00/0.00 | Max Load: 4.2 | Load Gap: 1.2 | Group CV: 0.0177
Epoch [1879/2000] | Sampled: 355.12 | Baseline: 329.00 | Improvement: -26.12 | Win Rate: 25.00% | Actor Loss: -0.2056 | Entropy: 0.8950 | Invalid S/B: 0.00/0.00 | Max Load: 4.4 | Load Gap: 1.4 | Group CV: 0.0215
Epoch [1880/2000] | Sampled: 349.12 | Baseline: 341.00 | Improvement: -8.12 | Win Rate: 25.00% | Actor Loss: 3.5125 | Entropy: 0.8900 | Invalid S/B: 0.00/0.00 | Max Load: 4.1 | Load Gap: 1.1 | Group CV: 0.0328
   -> Validation | Samples: 50 | Makespan: 351.14 | Invalid Jobs: 0.02 | Score: 353.14
Epoch [1881/2000] | Sampled: 340.88 | Baseline: 329.00 | Improvement: -11.88 | Win Rate: 37.50% | Actor Loss: -3.2643 | Entropy: 0.8783 | Invalid S/B: 0.00/0.00 | Max Load: 4.2 | Load Gap: 1.2 | Group CV: 0.0155
Epoch [1882/2000] | Sampled: 351.88 | Baseline: 355.50 | Improvement: 3.62 | Win Rate: 50.00% | Actor Loss: -1.1715 | Entropy: 0.8736 | Invalid S/B: 0.00/0.00 | Max Load: 4.0 | Load Gap: 1.0 | Group CV: 0.0246
Epoch [1883/2000] | Sampled: 364.50 | Baseline: 327.50 | Improvement: -37.00 | Win Rate: 0.00% | Actor Loss: 1.8544 | Entropy: 0.8870 | Invalid S/B: 0.00/0.00 | Max Load: 4.1 | Load Gap: 1.1 | Group CV: 0.0237
Epoch [1884/2000] | Sampled: 351.12 | Baseline: 338.50 | Improvement: -12.62 | Win Rate: 0.00% | Actor Loss: -5.4266 | Entropy: 0.8970 | Invalid S/B: 0.00/0.00 | Max Load: 4.2 | Load Gap: 1.2 | Group CV: 0.0255
Epoch [1885/2000] | Sampled: 358.00 | Baseline: 307.50 | Improvement: -50.50 | Win Rate: 0.00% | Actor Loss: -1.7334 | Entropy: 0.9032 | Invalid S/B: 0.00/0.00 | Max Load: 4.1 | Load Gap: 1.1 | Group CV: 0.0187
Epoch [1886/2000] | Sampled: 350.50 | Baseline: 337.50 | Improvement: -13.00 | Win Rate: 12.50% | Actor Loss: -4.6897 | Entropy: 0.9007 | Invalid S/B: 0.00/0.00 | Max Load: 4.1 | Load Gap: 1.1 | Group CV: 0.0250
Epoch [1887/2000] | Sampled: 356.38 | Baseline: 390.50 | Improvement: 34.12 | Win Rate: 100.00% | Actor Loss: -0.5118 | Entropy: 0.8486 | Invalid S/B: 0.00/0.00 | Max Load: 4.2 | Load Gap: 1.2 | Group CV: 0.0224
Epoch [1888/2000] | Sampled: 347.12 | Baseline: 348.50 | Improvement: 1.38 | Win Rate: 37.50% | Actor Loss: -1.8263 | Entropy: 0.8911 | Invalid S/B: 0.00/0.00 | Max Load: 4.4 | Load Gap: 1.4 | Group CV: 0.0346
Epoch [1889/2000] | Sampled: 345.62 | Baseline: 334.50 | Improvement: -11.12 | Win Rate: 50.00% | Actor Loss: -1.8803 | Entropy: 0.8811 | Invalid S/B: 0.00/0.00 | Max Load: 4.1 | Load Gap: 1.1 | Group CV: 0.0155
Epoch [1890/2000] | Sampled: 346.75 | Baseline: 338.00 | Improvement: -8.75 | Win Rate: 12.50% | Actor Loss: 0.9527 | Entropy: 0.9093 | Invalid S/B: 0.00/0.00 | Max Load: 4.1 | Load Gap: 1.1 | Group CV: 0.0188
   -> Validation | Samples: 50 | Makespan: 351.32 | Invalid Jobs: 0.02 | Score: 353.32
Epoch [1891/2000] | Sampled: 351.12 | Baseline: 311.00 | Improvement: -40.12 | Win Rate: 0.00% | Actor Loss: -0.8378 | Entropy: 0.9015 | Invalid S/B: 0.00/0.00 | Max Load: 4.0 | Load Gap: 1.0 | Group CV: 0.0260
Epoch [1892/2000] | Sampled: 360.75 | Baseline: 316.50 | Improvement: -44.25 | Win Rate: 0.00% | Actor Loss: -0.8310 | Entropy: 0.8661 | Invalid S/B: 0.00/0.00 | Max Load: 4.1 | Load Gap: 1.1 | Group CV: 0.0239
Epoch [1893/2000] | Sampled: 348.88 | Baseline: 294.00 | Improvement: -54.88 | Win Rate: 0.00% | Actor Loss: -4.9712 | Entropy: 0.8818 | Invalid S/B: 0.12/0.00 | Max Load: 4.1 | Load Gap: 1.1 | Group CV: 0.0276
Epoch [1894/2000] | Sampled: 347.88 | Baseline: 299.00 | Improvement: -48.88 | Win Rate: 0.00% | Actor Loss: -1.6265 | Entropy: 0.8715 | Invalid S/B: 0.00/0.00 | Max Load: 4.0 | Load Gap: 1.0 | Group CV: 0.0194
Epoch [1895/2000] | Sampled: 339.12 | Baseline: 299.50 | Improvement: -39.62 | Win Rate: 0.00% | Actor Loss: -2.4356 | Entropy: 0.8734 | Invalid S/B: 0.00/0.00 | Max Load: 4.1 | Load Gap: 1.1 | Group CV: 0.0247
Epoch [1896/2000] | Sampled: 344.38 | Baseline: 355.50 | Improvement: 11.12 | Win Rate: 87.50% | Actor Loss: -1.2765 | Entropy: 0.8606 | Invalid S/B: 0.00/0.00 | Max Load: 4.4 | Load Gap: 1.4 | Group CV: 0.0196
Epoch [1897/2000] | Sampled: 352.50 | Baseline: 311.50 | Improvement: -41.00 | Win Rate: 0.00% | Actor Loss: 1.1838 | Entropy: 0.8855 | Invalid S/B: 0.00/0.00 | Max Load: 4.4 | Load Gap: 1.4 | Group CV: 0.0269
Epoch [1898/2000] | Sampled: 354.62 | Baseline: 330.50 | Improvement: -24.12 | Win Rate: 0.00% | Actor Loss: -0.9037 | Entropy: 0.8610 | Invalid S/B: 0.00/0.00 | Max Load: 4.2 | Load Gap: 1.2 | Group CV: 0.0244
Epoch [1899/2000] | Sampled: 345.12 | Baseline: 301.00 | Improvement: -44.12 | Win Rate: 0.00% | Actor Loss: 1.1983 | Entropy: 0.8709 | Invalid S/B: 0.00/0.00 | Max Load: 4.2 | Load Gap: 1.2 | Group CV: 0.0335
Epoch [1900/2000] | Sampled: 348.75 | Baseline: 313.00 | Improvement: -35.75 | Win Rate: 0.00% | Actor Loss: -0.5085 | Entropy: 0.8664 | Invalid S/B: 0.00/0.00 | Max Load: 4.0 | Load Gap: 1.0 | Group CV: 0.0155
   -> Validation | Samples: 50 | Makespan: 351.86 | Invalid Jobs: 0.04 | Score: 355.86
   -> Saved updated training chart to /home/wei/Desktop/AMR-DFJSP/Static_alogorithm/GNN/gnn_training_metrics.png
Epoch [1901/2000] | Sampled: 345.62 | Baseline: 313.50 | Improvement: -32.12 | Win Rate: 0.00% | Actor Loss: 0.6495 | Entropy: 0.9031 | Invalid S/B: 0.00/0.00 | Max Load: 4.1 | Load Gap: 1.1 | Group CV: 0.0298
Epoch [1902/2000] | Sampled: 353.00 | Baseline: 351.50 | Improvement: -1.50 | Win Rate: 50.00% | Actor Loss: -3.4356 | Entropy: 0.8712 | Invalid S/B: 0.00/0.00 | Max Load: 4.0 | Load Gap: 1.0 | Group CV: 0.0387
Epoch [1903/2000] | Sampled: 337.00 | Baseline: 330.00 | Improvement: -7.00 | Win Rate: 25.00% | Actor Loss: 3.8716 | Entropy: 0.8768 | Invalid S/B: 0.00/0.00 | Max Load: 4.4 | Load Gap: 1.4 | Group CV: 0.0215
Epoch [1904/2000] | Sampled: 346.25 | Baseline: 334.50 | Improvement: -11.75 | Win Rate: 50.00% | Actor Loss: 2.7243 | Entropy: 0.8898 | Invalid S/B: 0.00/0.00 | Max Load: 4.4 | Load Gap: 1.4 | Group CV: 0.0241
Epoch [1905/2000] | Sampled: 338.75 | Baseline: 343.00 | Improvement: 4.25 | Win Rate: 50.00% | Actor Loss: 4.4325 | Entropy: 0.8602 | Invalid S/B: 0.00/0.00 | Max Load: 4.1 | Load Gap: 1.1 | Group CV: 0.0152
Epoch [1906/2000] | Sampled: 350.88 | Baseline: 348.00 | Improvement: -2.88 | Win Rate: 50.00% | Actor Loss: 0.7372 | Entropy: 0.8967 | Invalid S/B: 0.00/0.00 | Max Load: 4.0 | Load Gap: 1.0 | Group CV: 0.0170
Epoch [1907/2000] | Sampled: 351.25 | Baseline: 330.00 | Improvement: -21.25 | Win Rate: 0.00% | Actor Loss: 2.0478 | Entropy: 0.9098 | Invalid S/B: 0.00/0.00 | Max Load: 4.0 | Load Gap: 1.0 | Group CV: 0.0162
Epoch [1908/2000] | Sampled: 350.12 | Baseline: 323.00 | Improvement: -27.12 | Win Rate: 0.00% | Actor Loss: 2.4140 | Entropy: 0.8739 | Invalid S/B: 0.00/0.00 | Max Load: 4.2 | Load Gap: 1.2 | Group CV: 0.0142
Epoch [1909/2000] | Sampled: 356.38 | Baseline: 342.00 | Improvement: -14.38 | Win Rate: 0.00% | Actor Loss: 2.4938 | Entropy: 0.8883 | Invalid S/B: 0.00/0.00 | Max Load: 4.1 | Load Gap: 1.1 | Group CV: 0.0194
Epoch [1910/2000] | Sampled: 336.75 | Baseline: 315.00 | Improvement: -21.75 | Win Rate: 0.00% | Actor Loss: 2.8085 | Entropy: 0.8744 | Invalid S/B: 0.00/0.00 | Max Load: 4.2 | Load Gap: 1.2 | Group CV: 0.0138
   -> Validation | Samples: 50 | Makespan: 352.06 | Invalid Jobs: 0.02 | Score: 354.06
Epoch [1911/2000] | Sampled: 339.50 | Baseline: 330.50 | Improvement: -9.00 | Win Rate: 12.50% | Actor Loss: -0.4933 | Entropy: 0.8630 | Invalid S/B: 0.00/0.00 | Max Load: 4.1 | Load Gap: 1.1 | Group CV: 0.0145
Epoch [1912/2000] | Sampled: 355.12 | Baseline: 325.00 | Improvement: -30.12 | Win Rate: 0.00% | Actor Loss: 2.8211 | Entropy: 0.9087 | Invalid S/B: 0.00/0.00 | Max Load: 4.2 | Load Gap: 1.2 | Group CV: 0.0167
Epoch [1913/2000] | Sampled: 341.88 | Baseline: 324.00 | Improvement: -17.88 | Win Rate: 0.00% | Actor Loss: 1.0185 | Entropy: 0.8919 | Invalid S/B: 0.00/0.00 | Max Load: 4.1 | Load Gap: 1.1 | Group CV: 0.0305
Epoch [1914/2000] | Sampled: 363.12 | Baseline: 347.00 | Improvement: -16.12 | Win Rate: 25.00% | Actor Loss: -0.2750 | Entropy: 0.9096 | Invalid S/B: 0.00/0.00 | Max Load: 4.5 | Load Gap: 1.5 | Group CV: 0.0341
Epoch [1915/2000] | Sampled: 348.00 | Baseline: 329.00 | Improvement: -19.00 | Win Rate: 12.50% | Actor Loss: -0.1903 | Entropy: 0.8979 | Invalid S/B: 0.00/0.00 | Max Load: 4.1 | Load Gap: 1.1 | Group CV: 0.0279
Epoch [1916/2000] | Sampled: 355.75 | Baseline: 353.00 | Improvement: -2.75 | Win Rate: 50.00% | Actor Loss: 3.3365 | Entropy: 0.9258 | Invalid S/B: 0.12/0.00 | Max Load: 4.0 | Load Gap: 1.0 | Group CV: 0.0180
Epoch [1917/2000] | Sampled: 348.75 | Baseline: 331.00 | Improvement: -17.75 | Win Rate: 50.00% | Actor Loss: -0.6447 | Entropy: 0.8999 | Invalid S/B: 0.12/0.00 | Max Load: 4.2 | Load Gap: 1.2 | Group CV: 0.0335
Epoch [1918/2000] | Sampled: 368.12 | Baseline: 313.50 | Improvement: -54.62 | Win Rate: 0.00% | Actor Loss: 1.7586 | Entropy: 0.8704 | Invalid S/B: 0.12/0.00 | Max Load: 4.2 | Load Gap: 1.2 | Group CV: 0.0479
Epoch [1919/2000] | Sampled: 342.62 | Baseline: 344.50 | Improvement: 1.88 | Win Rate: 50.00% | Actor Loss: 4.4827 | Entropy: 0.8939 | Invalid S/B: 0.00/0.00 | Max Load: 4.4 | Load Gap: 1.4 | Group CV: 0.0184
Epoch [1920/2000] | Sampled: 358.62 | Baseline: 324.00 | Improvement: -34.62 | Win Rate: 0.00% | Actor Loss: 0.2700 | Entropy: 0.8671 | Invalid S/B: 0.00/0.00 | Max Load: 4.1 | Load Gap: 1.1 | Group CV: 0.0182
   -> Validation | Samples: 50 | Makespan: 351.04 | Invalid Jobs: 0.02 | Score: 353.04
Epoch [1921/2000] | Sampled: 340.50 | Baseline: 338.00 | Improvement: -2.50 | Win Rate: 50.00% | Actor Loss: 0.4931 | Entropy: 0.9023 | Invalid S/B: 0.00/0.00 | Max Load: 4.5 | Load Gap: 1.5 | Group CV: 0.0209
Epoch [1922/2000] | Sampled: 363.88 | Baseline: 343.50 | Improvement: -20.38 | Win Rate: 37.50% | Actor Loss: -2.2821 | Entropy: 0.9161 | Invalid S/B: 0.00/0.00 | Max Load: 4.1 | Load Gap: 1.1 | Group CV: 0.0370
Epoch [1923/2000] | Sampled: 359.50 | Baseline: 312.50 | Improvement: -47.00 | Win Rate: 0.00% | Actor Loss: 6.3616 | Entropy: 0.8976 | Invalid S/B: 0.00/0.00 | Max Load: 4.1 | Load Gap: 1.1 | Group CV: 0.0240
Epoch [1924/2000] | Sampled: 356.88 | Baseline: 347.00 | Improvement: -9.88 | Win Rate: 50.00% | Actor Loss: -1.0683 | Entropy: 0.9381 | Invalid S/B: 0.00/0.00 | Max Load: 4.1 | Load Gap: 1.1 | Group CV: 0.0223
Epoch [1925/2000] | Sampled: 339.38 | Baseline: 327.50 | Improvement: -11.88 | Win Rate: 12.50% | Actor Loss: 2.7142 | Entropy: 0.9021 | Invalid S/B: 0.00/0.00 | Max Load: 4.1 | Load Gap: 1.1 | Group CV: 0.0218
Epoch [1926/2000] | Sampled: 339.88 | Baseline: 335.50 | Improvement: -4.38 | Win Rate: 25.00% | Actor Loss: 1.5904 | Entropy: 0.8790 | Invalid S/B: 0.00/0.00 | Max Load: 4.1 | Load Gap: 1.1 | Group CV: 0.0281
Epoch [1927/2000] | Sampled: 346.00 | Baseline: 352.50 | Improvement: 6.50 | Win Rate: 62.50% | Actor Loss: 0.7328 | Entropy: 0.9032 | Invalid S/B: 0.00/0.00 | Max Load: 4.2 | Load Gap: 1.2 | Group CV: 0.0223
Epoch [1928/2000] | Sampled: 350.62 | Baseline: 323.50 | Improvement: -27.12 | Win Rate: 0.00% | Actor Loss: -0.9030 | Entropy: 0.9167 | Invalid S/B: 0.12/0.00 | Max Load: 4.0 | Load Gap: 1.0 | Group CV: 0.0507
Epoch [1929/2000] | Sampled: 359.25 | Baseline: 346.00 | Improvement: -13.25 | Win Rate: 50.00% | Actor Loss: -0.8547 | Entropy: 0.9270 | Invalid S/B: 0.00/0.00 | Max Load: 4.4 | Load Gap: 1.4 | Group CV: 0.0204
Epoch [1930/2000] | Sampled: 339.75 | Baseline: 345.00 | Improvement: 5.25 | Win Rate: 50.00% | Actor Loss: -1.6228 | Entropy: 0.8876 | Invalid S/B: 0.00/0.50 | Max Load: 4.1 | Load Gap: 1.1 | Group CV: 0.0241
   -> Validation | Samples: 50 | Makespan: 350.78 | Invalid Jobs: 0.02 | Score: 352.78
Epoch [1931/2000] | Sampled: 353.00 | Baseline: 360.00 | Improvement: 7.00 | Win Rate: 62.50% | Actor Loss: -0.1116 | Entropy: 0.9154 | Invalid S/B: 0.12/0.00 | Max Load: 4.1 | Load Gap: 1.1 | Group CV: 0.0373
Epoch [1932/2000] | Sampled: 340.00 | Baseline: 318.00 | Improvement: -22.00 | Win Rate: 0.00% | Actor Loss: 5.6191 | Entropy: 0.8738 | Invalid S/B: 0.00/0.00 | Max Load: 4.1 | Load Gap: 1.1 | Group CV: 0.0235
Epoch [1933/2000] | Sampled: 355.88 | Baseline: 343.00 | Improvement: -12.88 | Win Rate: 25.00% | Actor Loss: 0.2915 | Entropy: 0.9134 | Invalid S/B: 0.00/0.00 | Max Load: 4.5 | Load Gap: 1.5 | Group CV: 0.0206
Epoch [1934/2000] | Sampled: 346.25 | Baseline: 304.50 | Improvement: -41.75 | Win Rate: 0.00% | Actor Loss: -0.8839 | Entropy: 0.9124 | Invalid S/B: 0.00/0.00 | Max Load: 4.1 | Load Gap: 1.1 | Group CV: 0.0205
Epoch [1935/2000] | Sampled: 348.38 | Baseline: 337.00 | Improvement: -11.38 | Win Rate: 37.50% | Actor Loss: 3.1724 | Entropy: 0.9227 | Invalid S/B: 0.00/0.00 | Max Load: 4.0 | Load Gap: 1.0 | Group CV: 0.0206
Epoch [1936/2000] | Sampled: 338.62 | Baseline: 322.00 | Improvement: -16.62 | Win Rate: 0.00% | Actor Loss: -1.3127 | Entropy: 0.9178 | Invalid S/B: 0.00/0.00 | Max Load: 4.1 | Load Gap: 1.1 | Group CV: 0.0240
Epoch [1937/2000] | Sampled: 348.75 | Baseline: 364.00 | Improvement: 15.25 | Win Rate: 50.00% | Actor Loss: -3.8219 | Entropy: 0.8684 | Invalid S/B: 0.00/0.00 | Max Load: 4.2 | Load Gap: 1.2 | Group CV: 0.0237
Epoch [1938/2000] | Sampled: 359.12 | Baseline: 363.50 | Improvement: 4.38 | Win Rate: 62.50% | Actor Loss: -3.1029 | Entropy: 0.9186 | Invalid S/B: 0.00/0.00 | Max Load: 4.1 | Load Gap: 1.1 | Group CV: 0.0223
Epoch [1939/2000] | Sampled: 349.38 | Baseline: 327.00 | Improvement: -22.38 | Win Rate: 12.50% | Actor Loss: -0.7145 | Entropy: 0.8913 | Invalid S/B: 0.12/0.00 | Max Load: 4.1 | Load Gap: 1.1 | Group CV: 0.0415
Epoch [1940/2000] | Sampled: 346.00 | Baseline: 308.00 | Improvement: -38.00 | Win Rate: 0.00% | Actor Loss: -2.1892 | Entropy: 0.9139 | Invalid S/B: 0.00/0.00 | Max Load: 4.1 | Load Gap: 1.1 | Group CV: 0.0176
   -> Validation | Samples: 50 | Makespan: 352.06 | Invalid Jobs: 0.02 | Score: 354.06
Epoch [1941/2000] | Sampled: 344.50 | Baseline: 328.00 | Improvement: -16.50 | Win Rate: 25.00% | Actor Loss: 8.2008 | Entropy: 0.9638 | Invalid S/B: 0.00/0.00 | Max Load: 4.0 | Load Gap: 1.0 | Group CV: 0.0188
Epoch [1942/2000] | Sampled: 348.25 | Baseline: 311.00 | Improvement: -37.25 | Win Rate: 12.50% | Actor Loss: -3.7563 | Entropy: 0.9197 | Invalid S/B: 0.00/0.00 | Max Load: 4.1 | Load Gap: 1.1 | Group CV: 0.0577
Epoch [1943/2000] | Sampled: 351.38 | Baseline: 320.50 | Improvement: -30.88 | Win Rate: 25.00% | Actor Loss: -3.8238 | Entropy: 0.9014 | Invalid S/B: 0.00/0.00 | Max Load: 4.4 | Load Gap: 1.4 | Group CV: 0.0139
Epoch [1944/2000] | Sampled: 348.12 | Baseline: 371.00 | Improvement: 22.88 | Win Rate: 87.50% | Actor Loss: -4.3784 | Entropy: 0.9573 | Invalid S/B: 0.00/0.00 | Max Load: 4.5 | Load Gap: 1.5 | Group CV: 0.0208
Epoch [1945/2000] | Sampled: 349.00 | Baseline: 312.50 | Improvement: -36.50 | Win Rate: 0.00% | Actor Loss: -2.2740 | Entropy: 0.8947 | Invalid S/B: 0.00/0.00 | Max Load: 4.0 | Load Gap: 1.0 | Group CV: 0.0438
Epoch [1946/2000] | Sampled: 343.12 | Baseline: 303.00 | Improvement: -40.12 | Win Rate: 0.00% | Actor Loss: -2.0256 | Entropy: 0.9104 | Invalid S/B: 0.00/0.00 | Max Load: 4.0 | Load Gap: 1.0 | Group CV: 0.0201
Epoch [1947/2000] | Sampled: 347.12 | Baseline: 319.50 | Improvement: -27.62 | Win Rate: 0.00% | Actor Loss: 1.7512 | Entropy: 0.9207 | Invalid S/B: 0.00/0.00 | Max Load: 4.2 | Load Gap: 1.2 | Group CV: 0.0124
Epoch [1948/2000] | Sampled: 343.00 | Baseline: 328.50 | Improvement: -14.50 | Win Rate: 0.00% | Actor Loss: 3.2540 | Entropy: 0.9280 | Invalid S/B: 0.00/0.00 | Max Load: 4.0 | Load Gap: 1.0 | Group CV: 0.0228
Epoch [1949/2000] | Sampled: 341.25 | Baseline: 355.00 | Improvement: 13.75 | Win Rate: 62.50% | Actor Loss: -0.0627 | Entropy: 0.9611 | Invalid S/B: 0.00/0.00 | Max Load: 4.0 | Load Gap: 1.0 | Group CV: 0.0204
Epoch [1950/2000] | Sampled: 343.38 | Baseline: 335.50 | Improvement: -7.88 | Win Rate: 25.00% | Actor Loss: -2.6071 | Entropy: 0.8681 | Invalid S/B: 0.00/0.00 | Max Load: 4.4 | Load Gap: 1.4 | Group CV: 0.0173
   -> Validation | Samples: 50 | Makespan: 350.70 | Invalid Jobs: 0.00 | Score: 350.70
Epoch [1951/2000] | Sampled: 352.25 | Baseline: 328.00 | Improvement: -24.25 | Win Rate: 0.00% | Actor Loss: 0.4474 | Entropy: 0.8992 | Invalid S/B: 0.00/0.00 | Max Load: 4.1 | Load Gap: 1.1 | Group CV: 0.0118
Epoch [1952/2000] | Sampled: 358.62 | Baseline: 328.50 | Improvement: -30.12 | Win Rate: 12.50% | Actor Loss: 2.8506 | Entropy: 0.9250 | Invalid S/B: 0.00/0.00 | Max Load: 4.2 | Load Gap: 1.2 | Group CV: 0.0358
Epoch [1953/2000] | Sampled: 355.00 | Baseline: 335.50 | Improvement: -19.50 | Win Rate: 25.00% | Actor Loss: -1.7227 | Entropy: 0.9507 | Invalid S/B: 0.00/0.00 | Max Load: 4.2 | Load Gap: 1.2 | Group CV: 0.0148
Epoch [1954/2000] | Sampled: 338.62 | Baseline: 320.50 | Improvement: -18.12 | Win Rate: 25.00% | Actor Loss: -0.5015 | Entropy: 0.9309 | Invalid S/B: 0.00/0.00 | Max Load: 4.4 | Load Gap: 1.4 | Group CV: 0.0204
Epoch [1955/2000] | Sampled: 345.38 | Baseline: 339.00 | Improvement: -6.38 | Win Rate: 50.00% | Actor Loss: 0.6420 | Entropy: 0.9183 | Invalid S/B: 0.00/0.00 | Max Load: 4.1 | Load Gap: 1.1 | Group CV: 0.0230
Epoch [1956/2000] | Sampled: 356.25 | Baseline: 366.50 | Improvement: 10.25 | Win Rate: 50.00% | Actor Loss: 0.3152 | Entropy: 0.9547 | Invalid S/B: 0.00/0.50 | Max Load: 4.4 | Load Gap: 1.4 | Group CV: 0.0251
Epoch [1957/2000] | Sampled: 361.62 | Baseline: 316.00 | Improvement: -45.62 | Win Rate: 0.00% | Actor Loss: -5.6394 | Entropy: 0.9538 | Invalid S/B: 0.00/0.00 | Max Load: 4.1 | Load Gap: 1.1 | Group CV: 0.0313
Epoch [1958/2000] | Sampled: 356.25 | Baseline: 331.50 | Improvement: -24.75 | Win Rate: 0.00% | Actor Loss: 0.8756 | Entropy: 0.8989 | Invalid S/B: 0.00/0.00 | Max Load: 4.1 | Load Gap: 1.1 | Group CV: 0.0198
Epoch [1959/2000] | Sampled: 342.62 | Baseline: 344.00 | Improvement: 1.38 | Win Rate: 50.00% | Actor Loss: 1.4856 | Entropy: 0.9732 | Invalid S/B: 0.00/0.00 | Max Load: 4.0 | Load Gap: 1.0 | Group CV: 0.0206
Epoch [1960/2000] | Sampled: 346.75 | Baseline: 316.00 | Improvement: -30.75 | Win Rate: 0.00% | Actor Loss: 2.7935 | Entropy: 0.9250 | Invalid S/B: 0.00/0.00 | Max Load: 4.1 | Load Gap: 1.1 | Group CV: 0.0259
   -> Validation | Samples: 50 | Makespan: 352.46 | Invalid Jobs: 0.02 | Score: 354.46
Epoch [1961/2000] | Sampled: 348.88 | Baseline: 307.50 | Improvement: -41.38 | Win Rate: 0.00% | Actor Loss: -0.1165 | Entropy: 0.9131 | Invalid S/B: 0.12/0.00 | Max Load: 4.1 | Load Gap: 1.1 | Group CV: 0.0518
Epoch [1962/2000] | Sampled: 365.75 | Baseline: 315.00 | Improvement: -50.75 | Win Rate: 0.00% | Actor Loss: 0.8311 | Entropy: 0.9308 | Invalid S/B: 0.00/0.00 | Max Load: 4.1 | Load Gap: 1.1 | Group CV: 0.0211
Epoch [1963/2000] | Sampled: 361.00 | Baseline: 305.50 | Improvement: -55.50 | Win Rate: 0.00% | Actor Loss: 0.5692 | Entropy: 0.9490 | Invalid S/B: 0.00/0.00 | Max Load: 4.4 | Load Gap: 1.4 | Group CV: 0.0139
Epoch [1964/2000] | Sampled: 357.38 | Baseline: 346.00 | Improvement: -11.38 | Win Rate: 50.00% | Actor Loss: -2.3625 | Entropy: 0.9594 | Invalid S/B: 0.00/0.00 | Max Load: 4.2 | Load Gap: 1.2 | Group CV: 0.0322
Epoch [1965/2000] | Sampled: 354.25 | Baseline: 314.00 | Improvement: -40.25 | Win Rate: 0.00% | Actor Loss: -0.2156 | Entropy: 0.9747 | Invalid S/B: 0.00/0.00 | Max Load: 4.1 | Load Gap: 1.1 | Group CV: 0.0298
Epoch [1966/2000] | Sampled: 360.38 | Baseline: 330.00 | Improvement: -30.38 | Win Rate: 0.00% | Actor Loss: 2.2288 | Entropy: 0.9893 | Invalid S/B: 0.00/0.00 | Max Load: 4.5 | Load Gap: 1.5 | Group CV: 0.0174
Epoch [1967/2000] | Sampled: 347.12 | Baseline: 350.00 | Improvement: 2.88 | Win Rate: 50.00% | Actor Loss: 3.2594 | Entropy: 0.9332 | Invalid S/B: 0.00/0.00 | Max Load: 4.1 | Load Gap: 1.1 | Group CV: 0.0197
Epoch [1968/2000] | Sampled: 358.88 | Baseline: 381.50 | Improvement: 22.62 | Win Rate: 50.00% | Actor Loss: -1.3957 | Entropy: 0.9599 | Invalid S/B: 0.12/0.00 | Max Load: 4.2 | Load Gap: 1.2 | Group CV: 0.0402
Epoch [1969/2000] | Sampled: 349.62 | Baseline: 338.00 | Improvement: -11.62 | Win Rate: 0.00% | Actor Loss: 4.6348 | Entropy: 0.9539 | Invalid S/B: 0.00/0.00 | Max Load: 4.1 | Load Gap: 1.1 | Group CV: 0.0138
Epoch [1970/2000] | Sampled: 357.25 | Baseline: 375.00 | Improvement: 17.75 | Win Rate: 87.50% | Actor Loss: -3.4524 | Entropy: 0.9543 | Invalid S/B: 0.00/0.00 | Max Load: 4.1 | Load Gap: 1.1 | Group CV: 0.0246
   -> Validation | Samples: 50 | Makespan: 352.64 | Invalid Jobs: 0.02 | Score: 354.64
Epoch [1971/2000] | Sampled: 351.38 | Baseline: 304.50 | Improvement: -46.88 | Win Rate: 0.00% | Actor Loss: -1.3314 | Entropy: 0.9429 | Invalid S/B: 0.00/0.00 | Max Load: 4.0 | Load Gap: 1.0 | Group CV: 0.0285
Epoch [1972/2000] | Sampled: 346.00 | Baseline: 334.00 | Improvement: -12.00 | Win Rate: 0.00% | Actor Loss: -1.7345 | Entropy: 0.9561 | Invalid S/B: 0.00/0.00 | Max Load: 4.1 | Load Gap: 1.1 | Group CV: 0.0148
Epoch [1973/2000] | Sampled: 359.38 | Baseline: 300.00 | Improvement: -59.38 | Win Rate: 0.00% | Actor Loss: 1.8035 | Entropy: 0.9532 | Invalid S/B: 0.12/0.00 | Max Load: 4.0 | Load Gap: 1.0 | Group CV: 0.0349
Epoch [1974/2000] | Sampled: 347.75 | Baseline: 305.00 | Improvement: -42.75 | Win Rate: 0.00% | Actor Loss: 0.4620 | Entropy: 0.9343 | Invalid S/B: 0.00/0.00 | Max Load: 4.0 | Load Gap: 1.0 | Group CV: 0.0143
Epoch [1975/2000] | Sampled: 361.38 | Baseline: 392.00 | Improvement: 30.62 | Win Rate: 87.50% | Actor Loss: -0.3662 | Entropy: 0.9646 | Invalid S/B: 0.00/0.00 | Max Load: 4.0 | Load Gap: 1.0 | Group CV: 0.0177
Epoch [1976/2000] | Sampled: 352.75 | Baseline: 326.00 | Improvement: -26.75 | Win Rate: 12.50% | Actor Loss: -1.9643 | Entropy: 0.9648 | Invalid S/B: 0.00/0.00 | Max Load: 4.4 | Load Gap: 1.4 | Group CV: 0.0282
Epoch [1977/2000] | Sampled: 348.75 | Baseline: 334.50 | Improvement: -14.25 | Win Rate: 0.00% | Actor Loss: 2.2258 | Entropy: 0.9610 | Invalid S/B: 0.00/0.00 | Max Load: 4.2 | Load Gap: 1.2 | Group CV: 0.0212
Epoch [1978/2000] | Sampled: 360.25 | Baseline: 384.00 | Improvement: 23.75 | Win Rate: 50.00% | Actor Loss: -1.0209 | Entropy: 0.9271 | Invalid S/B: 0.00/0.00 | Max Load: 4.2 | Load Gap: 1.2 | Group CV: 0.0298
Epoch [1979/2000] | Sampled: 345.50 | Baseline: 359.50 | Improvement: 14.00 | Win Rate: 75.00% | Actor Loss: 2.4574 | Entropy: 0.9363 | Invalid S/B: 0.00/0.00 | Max Load: 4.1 | Load Gap: 1.1 | Group CV: 0.0350
Epoch [1980/2000] | Sampled: 345.50 | Baseline: 345.50 | Improvement: 0.00 | Win Rate: 50.00% | Actor Loss: -3.2965 | Entropy: 0.9584 | Invalid S/B: 0.00/0.00 | Max Load: 4.0 | Load Gap: 1.0 | Group CV: 0.0199
   -> Validation | Samples: 50 | Makespan: 350.62 | Invalid Jobs: 0.02 | Score: 352.62
Epoch [1981/2000] | Sampled: 350.62 | Baseline: 317.50 | Improvement: -33.12 | Win Rate: 0.00% | Actor Loss: -4.7752 | Entropy: 0.9732 | Invalid S/B: 0.00/0.00 | Max Load: 4.0 | Load Gap: 1.0 | Group CV: 0.0235
Epoch [1982/2000] | Sampled: 351.12 | Baseline: 326.50 | Improvement: -24.62 | Win Rate: 12.50% | Actor Loss: -2.2740 | Entropy: 0.9211 | Invalid S/B: 0.00/0.00 | Max Load: 4.0 | Load Gap: 1.0 | Group CV: 0.0265
Epoch [1983/2000] | Sampled: 352.38 | Baseline: 293.00 | Improvement: -59.38 | Win Rate: 0.00% | Actor Loss: 5.4808 | Entropy: 0.9219 | Invalid S/B: 0.00/0.00 | Max Load: 4.2 | Load Gap: 1.2 | Group CV: 0.0328
Epoch [1984/2000] | Sampled: 331.62 | Baseline: 317.50 | Improvement: -14.12 | Win Rate: 37.50% | Actor Loss: 1.3435 | Entropy: 0.9240 | Invalid S/B: 0.00/0.00 | Max Load: 4.1 | Load Gap: 1.1 | Group CV: 0.0142
Epoch [1985/2000] | Sampled: 348.25 | Baseline: 327.00 | Improvement: -21.25 | Win Rate: 0.00% | Actor Loss: -5.2337 | Entropy: 0.9568 | Invalid S/B: 0.00/0.00 | Max Load: 4.0 | Load Gap: 1.0 | Group CV: 0.0127
Epoch [1986/2000] | Sampled: 360.75 | Baseline: 303.00 | Improvement: -57.75 | Win Rate: 0.00% | Actor Loss: 0.7017 | Entropy: 0.9546 | Invalid S/B: 0.12/0.00 | Max Load: 4.0 | Load Gap: 1.0 | Group CV: 0.0505
Epoch [1987/2000] | Sampled: 348.62 | Baseline: 357.50 | Improvement: 8.88 | Win Rate: 50.00% | Actor Loss: -3.0609 | Entropy: 0.9352 | Invalid S/B: 0.00/0.00 | Max Load: 4.1 | Load Gap: 1.1 | Group CV: 0.0146
Epoch [1988/2000] | Sampled: 343.62 | Baseline: 314.50 | Improvement: -29.12 | Win Rate: 0.00% | Actor Loss: -1.6425 | Entropy: 0.9171 | Invalid S/B: 0.00/0.00 | Max Load: 4.0 | Load Gap: 1.0 | Group CV: 0.0227
Epoch [1989/2000] | Sampled: 351.62 | Baseline: 357.50 | Improvement: 5.88 | Win Rate: 50.00% | Actor Loss: -5.4718 | Entropy: 0.9853 | Invalid S/B: 0.00/0.00 | Max Load: 4.1 | Load Gap: 1.1 | Group CV: 0.0275
Epoch [1990/2000] | Sampled: 344.25 | Baseline: 333.50 | Improvement: -10.75 | Win Rate: 37.50% | Actor Loss: -1.5593 | Entropy: 0.9269 | Invalid S/B: 0.00/0.00 | Max Load: 4.2 | Load Gap: 1.2 | Group CV: 0.0212
   -> Validation | Samples: 50 | Makespan: 351.70 | Invalid Jobs: 0.02 | Score: 353.70
Epoch [1991/2000] | Sampled: 362.38 | Baseline: 341.00 | Improvement: -21.38 | Win Rate: 25.00% | Actor Loss: -0.1870 | Entropy: 0.9344 | Invalid S/B: 0.00/0.00 | Max Load: 4.1 | Load Gap: 1.1 | Group CV: 0.0271
Epoch [1992/2000] | Sampled: 348.50 | Baseline: 325.50 | Improvement: -23.00 | Win Rate: 0.00% | Actor Loss: 1.0005 | Entropy: 0.9367 | Invalid S/B: 0.00/0.00 | Max Load: 4.0 | Load Gap: 1.0 | Group CV: 0.0227
Epoch [1993/2000] | Sampled: 350.00 | Baseline: 324.50 | Improvement: -25.50 | Win Rate: 0.00% | Actor Loss: 1.9030 | Entropy: 0.9660 | Invalid S/B: 0.00/0.00 | Max Load: 4.0 | Load Gap: 1.0 | Group CV: 0.0154
Epoch [1994/2000] | Sampled: 341.00 | Baseline: 319.00 | Improvement: -22.00 | Win Rate: 0.00% | Actor Loss: 0.7908 | Entropy: 0.9745 | Invalid S/B: 0.00/0.00 | Max Load: 4.4 | Load Gap: 1.4 | Group CV: 0.0154
Epoch [1995/2000] | Sampled: 356.12 | Baseline: 328.00 | Improvement: -28.12 | Win Rate: 0.00% | Actor Loss: -1.5921 | Entropy: 0.9558 | Invalid S/B: 0.00/0.00 | Max Load: 4.1 | Load Gap: 1.1 | Group CV: 0.0255
Epoch [1996/2000] | Sampled: 350.62 | Baseline: 335.00 | Improvement: -15.62 | Win Rate: 0.00% | Actor Loss: -7.0303 | Entropy: 0.9449 | Invalid S/B: 0.00/0.00 | Max Load: 4.1 | Load Gap: 1.1 | Group CV: 0.0260
Epoch [1997/2000] | Sampled: 351.38 | Baseline: 330.50 | Improvement: -20.88 | Win Rate: 0.00% | Actor Loss: 1.9072 | Entropy: 0.8993 | Invalid S/B: 0.00/0.00 | Max Load: 4.0 | Load Gap: 1.0 | Group CV: 0.0159
Epoch [1998/2000] | Sampled: 352.38 | Baseline: 332.00 | Improvement: -20.38 | Win Rate: 50.00% | Actor Loss: 4.9164 | Entropy: 0.9271 | Invalid S/B: 0.00/0.00 | Max Load: 4.2 | Load Gap: 1.2 | Group CV: 0.0255
Epoch [1999/2000] | Sampled: 343.62 | Baseline: 344.50 | Improvement: 0.88 | Win Rate: 37.50% | Actor Loss: 2.5408 | Entropy: 0.9043 | Invalid S/B: 0.00/0.00 | Max Load: 4.2 | Load Gap: 1.2 | Group CV: 0.0310
Epoch [2000/2000] | Sampled: 355.62 | Baseline: 332.50 | Improvement: -23.12 | Win Rate: 12.50% | Actor Loss: 3.9784 | Entropy: 0.9094 | Invalid S/B: 0.00/0.00 | Max Load: 4.4 | Load Gap: 1.4 | Group CV: 0.0139
   -> Validation | Samples: 50 | Makespan: 352.36 | Invalid Jobs: 0.02 | Score: 354.36
   -> Saved updated training chart to /home/wei/Desktop/AMR-DFJSP/Static_alogorithm/GNN/gnn_training_metrics.png
